Date,Time,Shape,Spacing_cm,Connection,Irradiation_Wm2,AmbientTemp_C,CellTemp_C,Voc_V,Isc_A,Vm_V,Im_A,Pm_W,FF
2024-11-01,05:15,Inverted-V,62,TCT,24.1,25.1,27.7,82.48,0.04,65.98,0.03,2.1,0.67
2024-11-01,05:30,Inverted-V,62,TCT,48.3,25.2,28.4,82.25,0.08,65.8,0.06,4.2,0.67
2024-11-01,05:45,Inverted-V,62,TCT,72.4,25.3,29.2,82.01,0.11,65.61,0.1,6.3,0.67
2024-11-01,06:00,Inverted-V,62,TCT,96.6,25.5,29.9,81.78,0.15,65.42,0.13,8.4,0.67
2024-11-01,06:15,Inverted-V,62,TCT,145.8,25.7,31.4,81.31,0.23,65.05,0.19,12.6,0.67
2024-11-01,06:30,Inverted-V,62,TCT,195.0,26.0,32.8,80.85,0.31,64.68,0.26,16.8,0.67
2024-11-01,06:45,Inverted-V,62,TCT,244.3,26.2,34.3,80.38,0.39,64.31,0.33,21.0,0.67
2024-11-01,07:00,Inverted-V,62,TCT,293.5,26.4,35.8,79.92,0.47,63.93,0.39,25.1,0.67
2024-11-01,07:15,Inverted-V,62,TCT,350.6,26.8,37.5,79.36,0.56,63.49,0.47,29.8,0.67
2024-11-01,07:30,Inverted-V,62,TCT,407.8,27.1,39.3,78.81,0.65,63.05,0.55,34.5,0.67
2024-11-01,07:45,Inverted-V,62,TCT,465.0,27.4,41.0,78.26,0.75,62.61,0.62,39.1,0.67
2024-11-01,08:00,Inverted-V,62,TCT,522.1,27.7,42.8,77.7,0.84,62.16,0.7,43.7,0.67
2024-11-01,08:15,Inverted-V,62,TCT,568.7,28.1,44.3,77.22,0.92,61.78,0.77,47.4,0.67
2024-11-01,08:30,Inverted-V,62,TCT,615.2,28.4,45.8,76.75,0.99,61.4,0.83,51.0,0.67
2024-11-01,08:45,Inverted-V,62,TCT,661.8,28.8,47.3,76.27,1.07,61.01,0.89,54.6,0.67
2024-11-01,09:00,Inverted-V,62,TCT,708.4,29.1,48.8,75.79,1.15,60.63,0.96,58.2,0.67
2024-11-01,09:15,Inverted-V,62,TCT,736.3,29.4,49.8,75.47,1.19,60.38,1.0,60.3,0.67
2024-11-01,09:30,Inverted-V,62,TCT,764.3,29.7,50.8,75.15,1.24,60.12,1.04,62.4,0.67
2024-11-01,09:45,Inverted-V,62,TCT,792.3,30.0,51.8,74.83,1.28,59.87,1.08,64.4,0.67
2024-11-01,10:00,Inverted-V,62,TCT,820.3,30.3,52.8,74.52,1.33,59.61,1.12,66.5,0.67
2024-11-01,10:15,Inverted-V,62,TCT,818.8,30.5,53.0,74.46,1.33,59.57,1.11,66.3,0.67
2024-11-01,10:30,Inverted-V,62,TCT,817.2,30.8,53.2,74.4,1.33,59.52,1.11,66.1,0.67
2024-11-01,10:45,Inverted-V,62,TCT,815.7,31.0,53.4,74.34,1.32,59.47,1.11,66.0,0.67
2024-11-01,11:00,Inverted-V,62,TCT,814.1,31.2,53.6,74.28,1.32,59.42,1.11,65.8,0.67
2024-11-01,11:15,Inverted-V,62,TCT,787.3,31.3,53.0,74.46,1.28,59.56,1.07,63.8,0.67
2024-11-01,11:30,Inverted-V,62,TCT,760.4,31.5,52.5,74.63,1.23,59.7,1.03,61.7,0.67
2024-11-01,11:45,Inverted-V,62,TCT,733.6,31.6,51.9,74.8,1.19,59.84,1.0,59.6,0.67
2024-11-01,12:00,Inverted-V,62,TCT,706.8,31.7,51.4,74.98,1.15,59.98,0.96,57.6,0.67
2024-11-01,12:15,Inverted-V,62,TCT,645.6,31.7,49.9,75.45,1.05,60.36,0.88,52.8,0.67
2024-11-01,12:30,Inverted-V,62,TCT,584.5,31.8,48.4,75.93,0.94,60.74,0.79,48.1,0.67
2024-11-01,12:45,Inverted-V,62,TCT,523.4,31.8,46.9,76.4,0.84,61.12,0.71,43.2,0.67
2024-11-01,13:00,Inverted-V,62,TCT,462.3,31.8,45.4,76.87,0.75,61.5,0.62,38.4,0.67
2024-11-01,13:15,Inverted-V,62,TCT,421.0,31.7,44.3,77.23,0.68,61.78,0.57,35.1,0.67
2024-11-01,13:30,Inverted-V,62,TCT,379.6,31.6,43.1,77.58,0.61,62.07,0.51,31.7,0.67
2024-11-01,13:45,Inverted-V,62,TCT,338.3,31.6,42.0,77.94,0.54,62.35,0.46,28.4,0.67
2024-11-01,14:00,Inverted-V,62,TCT,296.9,31.5,40.9,78.3,0.48,62.64,0.4,25.0,0.67
2024-11-01,14:15,Inverted-V,62,TCT,268.0,31.4,40.1,78.56,0.43,62.85,0.36,22.6,0.67
2024-11-01,14:30,Inverted-V,62,TCT,239.2,31.2,39.2,78.83,0.38,63.06,0.32,20.2,0.67
2024-11-01,14:45,Inverted-V,62,TCT,210.3,31.1,38.4,79.09,0.34,63.27,0.28,17.8,0.67
2024-11-01,15:00,Inverted-V,62,TCT,181.5,31.0,37.5,79.36,0.29,63.48,0.24,15.4,0.67
2024-11-01,15:15,Inverted-V,62,TCT,154.4,30.8,36.7,79.63,0.25,63.71,0.21,13.2,0.67
2024-11-01,15:30,Inverted-V,62,TCT,127.4,30.6,35.8,79.91,0.2,63.93,0.17,10.9,0.67
2024-11-01,15:45,Inverted-V,62,TCT,100.4,30.4,34.9,80.19,0.16,64.15,0.13,8.6,0.67
2024-11-01,16:00,Inverted-V,62,TCT,73.4,30.2,34.0,80.47,0.12,64.37,0.1,6.3,0.67
2024-11-01,16:15,Inverted-V,62,TCT,55.9,29.8,33.2,80.72,0.09,64.57,0.07,4.8,0.67
2024-11-01,16:30,Inverted-V,62,TCT,38.5,29.5,32.5,80.97,0.06,64.77,0.05,3.3,0.67
2024-11-01,16:45,Inverted-V,62,TCT,21.0,29.1,31.7,81.22,0.03,64.97,0.03,1.8,0.67
2024-11-02,05:15,Inverted-V,62,TCT,21.7,25.0,27.5,82.54,0.03,66.03,0.03,1.9,0.67
2024-11-02,05:30,Inverted-V,62,TCT,43.5,25.0,28.1,82.34,0.07,65.87,0.06,3.8,0.67
2024-11-02,05:45,Inverted-V,62,TCT,65.2,25.1,28.8,82.14,0.1,65.71,0.09,5.7,0.67
2024-11-02,06:00,Inverted-V,62,TCT,86.9,25.2,29.4,81.94,0.14,65.55,0.12,7.6,0.67
2024-11-02,06:15,Inverted-V,62,TCT,130.9,25.4,30.7,81.53,0.21,65.23,0.17,11.4,0.67
2024-11-02,06:30,Inverted-V,62,TCT,174.8,25.6,31.9,81.13,0.28,64.91,0.23,15.1,0.67
2024-11-02,06:45,Inverted-V,62,TCT,218.7,25.7,33.2,80.73,0.35,64.58,0.29,18.8,0.67
2024-11-02,07:00,Inverted-V,62,TCT,262.6,25.9,34.5,80.33,0.42,64.26,0.35,22.5,0.67
2024-11-02,07:15,Inverted-V,62,TCT,319.3,26.1,36.1,79.82,0.51,63.85,0.43,27.3,0.67
2024-11-02,07:30,Inverted-V,62,TCT,376.0,26.3,37.7,79.3,0.6,63.44,0.5,32.0,0.67
2024-11-02,07:45,Inverted-V,62,TCT,432.8,26.5,39.3,78.79,0.69,63.03,0.58,36.6,0.67
2024-11-02,08:00,Inverted-V,62,TCT,489.5,26.7,40.9,78.28,0.79,62.63,0.66,41.2,0.67
2024-11-02,08:15,Inverted-V,62,TCT,521.4,26.9,41.9,77.98,0.84,62.38,0.7,43.7,0.67
2024-11-02,08:30,Inverted-V,62,TCT,553.3,27.0,42.9,77.67,0.89,62.14,0.74,46.3,0.67
2024-11-02,08:45,Inverted-V,62,TCT,585.1,27.2,43.8,77.37,0.94,61.9,0.79,48.8,0.67
2024-11-02,09:00,Inverted-V,62,TCT,617.0,27.4,44.8,77.07,0.99,61.65,0.83,51.3,0.67
2024-11-02,09:15,Inverted-V,62,TCT,638.5,27.5,45.5,76.85,1.03,61.48,0.86,53.0,0.67
2024-11-02,09:30,Inverted-V,62,TCT,659.9,27.6,46.1,76.63,1.06,61.31,0.89,54.6,0.67
2024-11-02,09:45,Inverted-V,62,TCT,681.4,27.8,46.8,76.42,1.1,61.14,0.92,56.3,0.67
2024-11-02,10:00,Inverted-V,62,TCT,702.8,27.9,47.5,76.2,1.13,60.96,0.95,57.9,0.67
2024-11-02,10:15,Inverted-V,62,TCT,703.5,28.0,47.6,76.16,1.14,60.93,0.95,58.0,0.67
2024-11-02,10:30,Inverted-V,62,TCT,704.1,28.1,47.7,76.12,1.14,60.9,0.95,58.0,0.67
2024-11-02,10:45,Inverted-V,62,TCT,704.8,28.3,47.9,76.09,1.14,60.87,0.95,58.0,0.67
2024-11-02,11:00,Inverted-V,62,TCT,705.5,28.4,48.0,76.05,1.14,60.84,0.95,58.1,0.67
2024-11-02,11:15,Inverted-V,62,TCT,677.7,28.4,47.4,76.25,1.09,61.0,0.92,55.9,0.67
2024-11-02,11:30,Inverted-V,62,TCT,650.0,28.5,46.7,76.45,1.05,61.16,0.88,53.7,0.67
2024-11-02,11:45,Inverted-V,62,TCT,622.2,28.5,46.1,76.65,1.0,61.32,0.84,51.5,0.67
2024-11-02,12:00,Inverted-V,62,TCT,594.5,28.6,45.4,76.86,0.96,61.48,0.8,49.3,0.67
2024-11-02,12:15,Inverted-V,62,TCT,572.6,28.6,44.9,77.03,0.92,61.62,0.77,47.6,0.67
2024-11-02,12:30,Inverted-V,62,TCT,550.8,28.6,44.4,77.2,0.89,61.76,0.74,45.9,0.67
2024-11-02,12:45,Inverted-V,62,TCT,529.0,28.6,43.8,77.37,0.85,61.9,0.71,44.1,0.67
2024-11-02,13:00,Inverted-V,62,TCT,507.1,28.6,43.3,77.54,0.82,62.03,0.68,42.4,0.67
2024-11-02,13:15,Inverted-V,62,TCT,459.4,28.6,42.1,77.93,0.74,62.34,0.62,38.5,0.67
2024-11-02,13:30,Inverted-V,62,TCT,411.7,28.5,40.8,78.31,0.66,62.65,0.55,34.7,0.67
2024-11-02,13:45,Inverted-V,62,TCT,364.0,28.5,39.6,78.7,0.58,62.96,0.49,30.8,0.67
2024-11-02,14:00,Inverted-V,62,TCT,316.3,28.5,38.4,79.08,0.51,63.27,0.42,26.8,0.67
2024-11-02,14:15,Inverted-V,62,TCT,281.7,28.4,37.5,79.38,0.45,63.5,0.38,24.0,0.67
2024-11-02,14:30,Inverted-V,62,TCT,247.0,28.3,36.5,79.68,0.39,63.74,0.33,21.1,0.67
2024-11-02,14:45,Inverted-V,62,TCT,212.4,28.3,35.6,79.98,0.34,63.98,0.28,18.2,0.67
2024-11-02,15:00,Inverted-V,62,TCT,177.7,28.2,34.6,80.28,0.28,64.22,0.24,15.2,0.67
2024-11-02,15:15,Inverted-V,62,TCT,152.4,28.0,33.8,80.53,0.24,64.42,0.2,13.1,0.67
2024-11-02,15:30,Inverted-V,62,TCT,127.1,27.9,33.1,80.78,0.2,64.62,0.17,10.9,0.67
2024-11-02,15:45,Inverted-V,62,TCT,101.7,27.7,32.3,81.03,0.16,64.82,0.14,8.8,0.67
2024-11-02,16:00,Inverted-V,62,TCT,76.4,27.6,31.5,81.28,0.12,65.02,0.1,6.6,0.67
2024-11-02,16:15,Inverted-V,62,TCT,58.4,27.3,30.7,81.51,0.09,65.21,0.08,5.1,0.67
2024-11-02,16:30,Inverted-V,62,TCT,40.4,27.0,30.0,81.74,0.06,65.39,0.05,3.5,0.67
2024-11-02,16:45,Inverted-V,62,TCT,22.4,26.7,29.3,81.97,0.04,65.58,0.03,1.9,0.67
2024-11-03,05:15,Inverted-V,62,TCT,26.2,24.2,26.8,82.74,0.04,66.2,0.03,2.3,0.67
2024-11-03,05:30,Inverted-V,62,TCT,52.4,24.3,27.6,82.5,0.08,66.0,0.07,4.6,0.67
2024-11-03,05:45,Inverted-V,62,TCT,78.6,24.4,28.4,82.25,0.12,65.8,0.1,6.9,0.67
2024-11-03,06:00,Inverted-V,62,TCT,104.8,24.6,29.2,82.0,0.17,65.6,0.14,9.1,0.67
2024-11-03,06:15,Inverted-V,62,TCT,153.8,24.9,30.7,81.51,0.24,65.21,0.2,13.3,0.67
2024-11-03,06:30,Inverted-V,62,TCT,202.8,25.2,32.3,81.02,0.32,64.81,0.27,17.5,0.67
2024-11-03,06:45,Inverted-V,62,TCT,251.7,25.6,33.9,80.52,0.4,64.42,0.34,21.6,0.67
2024-11-03,07:00,Inverted-V,62,TCT,300.7,25.9,35.4,80.03,0.48,64.03,0.4,25.7,0.67
2024-11-03,07:15,Inverted-V,62,TCT,355.4,26.1,37.0,79.52,0.57,63.62,0.48,30.3,0.67
2024-11-03,07:30,Inverted-V,62,TCT,410.1,26.4,38.6,79.01,0.66,63.21,0.55,34.7,0.67
2024-11-03,07:45,Inverted-V,62,TCT,464.7,26.6,40.3,78.5,0.75,62.8,0.62,39.2,0.67
2024-11-03,08:00,Inverted-V,62,TCT,519.4,26.9,41.9,77.98,0.83,62.39,0.7,43.6,0.67
2024-11-03,08:15,Inverted-V,62,TCT,551.7,27.1,42.9,77.66,0.89,62.13,0.74,46.2,0.67
2024-11-03,08:30,Inverted-V,62,TCT,584.0,27.3,43.9,77.34,0.94,61.87,0.79,48.7,0.67
2024-11-03,08:45,Inverted-V,62,TCT,616.4,27.5,44.9,77.02,0.99,61.61,0.83,51.2,0.67
2024-11-03,09:00,Inverted-V,62,TCT,648.7,27.7,45.9,76.7,1.05,61.36,0.88,53.7,0.67
2024-11-03,09:15,Inverted-V,62,TCT,669.8,27.9,46.6,76.48,1.08,61.18,0.91,55.4,0.67
2024-11-03,09:30,Inverted-V,62,TCT,691.0,28.1,47.3,76.26,1.12,61.01,0.93,57.0,0.67
2024-11-03,09:45,Inverted-V,62,TCT,712.1,28.2,48.0,76.04,1.15,60.83,0.96,58.6,0.67
2024-11-03,10:00,Inverted-V,62,TCT,733.2,28.4,48.7,75.82,1.19,60.66,0.99,60.2,0.67
2024-11-03,10:15,Inverted-V,62,TCT,722.6,28.4,48.5,75.88,1.17,60.71,0.98,59.4,0.67
2024-11-03,10:30,Inverted-V,62,TCT,712.0,28.5,48.3,75.95,1.15,60.76,0.96,58.6,0.67
2024-11-03,10:45,Inverted-V,62,TCT,701.4,28.6,48.1,76.01,1.13,60.8,0.95,57.7,0.67
2024-11-03,11:00,Inverted-V,62,TCT,690.8,28.7,47.9,76.07,1.12,60.85,0.93,56.9,0.67
2024-11-03,11:15,Inverted-V,62,TCT,682.4,28.7,47.7,76.13,1.1,60.91,0.92,56.2,0.67
2024-11-03,11:30,Inverted-V,62,TCT,674.0,28.7,47.5,76.2,1.09,60.96,0.91,55.6,0.67
2024-11-03,11:45,Inverted-V,62,TCT,665.6,28.7,47.3,76.26,1.07,61.01,0.9,54.9,0.67
2024-11-03,12:00,Inverted-V,62,TCT,657.2,28.7,47.1,76.33,1.06,61.06,0.89,54.3,0.67
2024-11-03,12:15,Inverted-V,62,TCT,625.1,28.6,46.3,76.59,1.01,61.27,0.84,51.7,0.67
2024-11-03,12:30,Inverted-V,62,TCT,593.0,28.6,45.4,76.86,0.96,61.49,0.8,49.2,0.67
2024-11-03,12:45,Inverted-V,62,TCT,560.8,28.6,44.6,77.12,0.9,61.7,0.76,46.7,0.67
2024-11-03,13:00,Inverted-V,62,TCT,528.7,28.5,43.8,77.39,0.85,61.91,0.71,44.1,0.67
2024-11-03,13:15,Inverted-V,62,TCT,503.6,28.5,43.1,77.6,0.81,62.08,0.68,42.1,0.67
2024-11-03,13:30,Inverted-V,62,TCT,478.6,28.4,42.4,77.82,0.77,62.25,0.64,40.1,0.67
2024-11-03,13:45,Inverted-V,62,TCT,453.5,28.4,41.7,78.03,0.73,62.43,0.61,38.1,0.67
2024-11-03,14:00,Inverted-V,62,TCT,428.4,28.3,41.1,78.25,0.69,62.6,0.58,36.0,0.67
2024-11-03,14:15,Inverted-V,62,TCT,385.9,28.3,39.9,78.61,0.62,62.89,0.52,32.6,0.67
2024-11-03,14:30,Inverted-V,62,TCT,343.4,28.2,38.8,78.97,0.55,63.18,0.46,29.1,0.67
2024-11-03,14:45,Inverted-V,62,TCT,301.0,28.1,37.6,79.33,0.48,63.46,0.4,25.6,0.67
2024-11-03,15:00,Inverted-V,62,TCT,258.5,28.0,36.5,79.69,0.41,63.75,0.35,22.0,0.67
2024-11-03,15:15,Inverted-V,62,TCT,217.5,27.9,35.3,80.05,0.35,64.04,0.29,18.6,0.67
2024-11-03,15:30,Inverted-V,62,TCT,176.6,27.8,34.2,80.41,0.28,64.33,0.24,15.2,0.67
2024-11-03,15:45,Inverted-V,62,TCT,135.7,27.7,33.1,80.78,0.22,64.62,0.18,11.7,0.67
2024-11-03,16:00,Inverted-V,62,TCT,94.7,27.6,31.9,81.14,0.15,64.91,0.13,8.2,0.67
2024-11-03,16:15,Inverted-V,62,TCT,72.4,27.3,31.1,81.39,0.12,65.11,0.1,6.3,0.67
2024-11-03,16:30,Inverted-V,62,TCT,50.0,27.1,30.3,81.64,0.08,65.31,0.07,4.3,0.67
2024-11-03,16:45,Inverted-V,62,TCT,27.7,26.8,29.5,81.89,0.04,65.51,0.04,2.4,0.67
2024-11-04,05:15,Inverted-V,62,TCT,29.0,23.5,26.2,82.94,0.05,66.36,0.04,2.5,0.67
2024-11-04,05:30,Inverted-V,62,TCT,58.0,23.7,27.2,82.64,0.09,66.11,0.08,5.1,0.67
2024-11-04,05:45,Inverted-V,62,TCT,87.0,24.0,28.1,82.34,0.14,65.87,0.12,7.6,0.67
2024-11-04,06:00,Inverted-V,62,TCT,116.0,24.2,29.1,82.03,0.18,65.63,0.15,10.1,0.67
2024-11-04,06:15,Inverted-V,62,TCT,169.5,24.6,30.8,81.49,0.27,65.19,0.23,14.7,0.67
2024-11-04,06:30,Inverted-V,62,TCT,222.9,24.9,32.5,80.95,0.35,64.76,0.3,19.2,0.67
2024-11-04,06:45,Inverted-V,62,TCT,276.3,25.3,34.2,80.41,0.44,64.33,0.37,23.7,0.67
2024-11-04,07:00,Inverted-V,62,TCT,329.7,25.7,35.9,79.87,0.53,63.89,0.44,28.2,0.67
2024-11-04,07:15,Inverted-V,62,TCT,385.6,26.1,37.7,79.3,0.62,63.44,0.52,32.8,0.67
2024-11-04,07:30,Inverted-V,62,TCT,441.6,26.5,39.5,78.73,0.71,62.99,0.59,37.3,0.67
2024-11-04,07:45,Inverted-V,62,TCT,497.5,26.9,41.3,78.17,0.8,62.53,0.67,41.8,0.67
2024-11-04,08:00,Inverted-V,62,TCT,553.5,27.2,43.1,77.6,0.89,62.08,0.75,46.3,0.67
2024-11-04,08:15,Inverted-V,62,TCT,598.5,27.6,44.6,77.14,0.96,61.71,0.81,49.8,0.67
2024-11-04,08:30,Inverted-V,62,TCT,643.5,27.9,46.0,76.67,1.04,61.34,0.87,53.3,0.67
2024-11-04,08:45,Inverted-V,62,TCT,688.5,28.3,47.5,76.21,1.11,60.97,0.93,56.8,0.67
2024-11-04,09:00,Inverted-V,62,TCT,733.6,28.6,48.9,75.74,1.19,60.6,0.99,60.2,0.67
2024-11-04,09:15,Inverted-V,62,TCT,731.2,28.9,49.1,75.69,1.18,60.55,0.99,60.0,0.67
2024-11-04,09:30,Inverted-V,62,TCT,728.8,29.1,49.3,75.63,1.18,60.5,0.99,59.7,0.67
2024-11-04,09:45,Inverted-V,62,TCT,726.5,29.3,49.5,75.57,1.18,60.46,0.98,59.5,0.67
2024-11-04,10:00,Inverted-V,62,TCT,724.1,29.6,49.7,75.51,1.17,60.41,0.98,59.3,0.67
2024-11-04,10:15,Inverted-V,62,TCT,754.0,29.7,50.6,75.23,1.22,60.19,1.02,61.6,0.67
2024-11-04,10:30,Inverted-V,62,TCT,783.9,29.8,51.4,74.96,1.27,59.97,1.06,63.8,0.67
2024-11-04,10:45,Inverted-V,62,TCT,813.7,30.0,52.3,74.68,1.32,59.74,1.11,66.1,0.67
2024-11-04,11:00,Inverted-V,62,TCT,843.6,30.1,53.2,74.4,1.37,59.52,1.15,68.3,0.67
2024-11-04,11:15,Inverted-V,62,TCT,782.6,30.2,51.7,74.86,1.27,59.89,1.06,63.6,0.67
2024-11-04,11:30,Inverted-V,62,TCT,721.6,30.2,50.3,75.32,1.17,60.26,0.98,59.0,0.67
2024-11-04,11:45,Inverted-V,62,TCT,660.6,30.3,48.8,75.78,1.07,60.63,0.89,54.2,0.67
2024-11-04,12:00,Inverted-V,62,TCT,599.6,30.4,47.4,76.24,0.97,61.0,0.81,49.5,0.67
2024-11-04,12:15,Inverted-V,62,TCT,555.0,30.4,46.3,76.59,0.9,61.27,0.75,45.9,0.67
2024-11-04,12:30,Inverted-V,62,TCT,510.4,30.4,45.2,76.94,0.82,61.55,0.69,42.4,0.67
2024-11-04,12:45,Inverted-V,62,TCT,465.8,30.4,44.1,77.29,0.75,61.83,0.63,38.8,0.67
2024-11-04,13:00,Inverted-V,62,TCT,421.2,30.4,43.0,77.63,0.68,62.11,0.57,35.2,0.67
2024-11-04,13:15,Inverted-V,62,TCT,380.1,30.4,41.9,77.98,0.61,62.38,0.51,31.9,0.67
2024-11-04,13:30,Inverted-V,62,TCT,339.1,30.3,40.8,78.32,0.54,62.66,0.46,28.5,0.67
2024-11-04,13:45,Inverted-V,62,TCT,298.1,30.3,39.7,78.66,0.48,62.93,0.4,25.2,0.67
2024-11-04,14:00,Inverted-V,62,TCT,257.0,30.2,38.7,79.0,0.41,63.2,0.34,21.8,0.67
2024-11-04,14:15,Inverted-V,62,TCT,231.5,30.1,37.9,79.24,0.37,63.39,0.31,19.7,0.67
2024-11-04,14:30,Inverted-V,62,TCT,205.9,30.0,37.1,79.48,0.33,63.59,0.28,17.5,0.67
2024-11-04,14:45,Inverted-V,62,TCT,180.3,29.9,36.4,79.72,0.29,63.78,0.24,15.4,0.67
2024-11-04,15:00,Inverted-V,62,TCT,154.7,29.8,35.6,79.96,0.25,63.97,0.21,13.2,0.67
2024-11-04,15:15,Inverted-V,62,TCT,132.8,29.5,34.8,80.21,0.21,64.17,0.18,11.4,0.67
2024-11-04,15:30,Inverted-V,62,TCT,110.8,29.3,34.1,80.46,0.18,64.37,0.15,9.5,0.67
2024-11-04,15:45,Inverted-V,62,TCT,88.8,29.1,33.3,80.71,0.14,64.57,0.12,7.6,0.67
2024-11-04,16:00,Inverted-V,62,TCT,66.8,28.8,32.5,80.96,0.11,64.76,0.09,5.8,0.67
2024-11-04,16:15,Inverted-V,62,TCT,51.1,28.4,31.7,81.21,0.08,64.97,0.07,4.4,0.67
2024-11-04,16:30,Inverted-V,62,TCT,35.4,28.0,30.9,81.46,0.06,65.17,0.05,3.1,0.67
2024-11-04,16:45,Inverted-V,62,TCT,19.7,27.6,30.1,81.72,0.03,65.37,0.03,1.7,0.67
2024-11-05,05:15,Inverted-V,62,TCT,28.3,23.4,26.1,82.99,0.04,66.39,0.04,2.5,0.67
2024-11-05,05:30,Inverted-V,62,TCT,56.5,23.5,26.9,82.72,0.09,66.18,0.07,5.0,0.67
2024-11-05,05:45,Inverted-V,62,TCT,84.8,23.6,27.8,82.45,0.13,65.96,0.11,7.4,0.67
2024-11-05,06:00,Inverted-V,62,TCT,113.1,23.8,28.6,82.19,0.18,65.75,0.15,9.9,0.67
2024-11-05,06:15,Inverted-V,62,TCT,169.1,24.1,30.3,81.65,0.27,65.32,0.22,14.7,0.67
2024-11-05,06:30,Inverted-V,62,TCT,225.1,24.4,32.0,81.12,0.36,64.89,0.3,19.5,0.67
2024-11-05,06:45,Inverted-V,62,TCT,281.2,24.7,33.7,80.58,0.45,64.46,0.38,24.2,0.67
2024-11-05,07:00,Inverted-V,62,TCT,337.2,24.9,35.4,80.04,0.54,64.04,0.45,28.9,0.67
2024-11-05,07:15,Inverted-V,62,TCT,395.8,25.4,37.3,79.44,0.63,63.55,0.53,33.7,0.67
2024-11-05,07:30,Inverted-V,62,TCT,454.3,25.8,39.2,78.84,0.73,63.07,0.61,38.4,0.67
2024-11-05,07:45,Inverted-V,62,TCT,512.9,26.3,41.1,78.24,0.82,62.59,0.69,43.1,0.67
2024-11-05,08:00,Inverted-V,62,TCT,571.5,26.7,43.0,77.63,0.92,62.11,0.77,47.8,0.67
2024-11-05,08:15,Inverted-V,62,TCT,619.3,27.1,44.6,77.13,1.0,61.7,0.84,51.5,0.67
2024-11-05,08:30,Inverted-V,62,TCT,667.0,27.5,46.2,76.63,1.08,61.3,0.9,55.2,0.67
2024-11-05,08:45,Inverted-V,62,TCT,714.8,27.9,47.7,76.13,1.15,60.9,0.97,58.9,0.67
2024-11-05,09:00,Inverted-V,62,TCT,762.6,28.3,49.3,75.63,1.23,60.5,1.03,62.5,0.67
2024-11-05,09:15,Inverted-V,62,TCT,794.8,28.6,50.4,75.28,1.29,60.22,1.08,64.9,0.67
2024-11-05,09:30,Inverted-V,62,TCT,827.0,28.8,51.5,74.93,1.34,59.95,1.12,67.3,0.67
2024-11-05,09:45,Inverted-V,62,TCT,859.2,29.1,52.6,74.59,1.39,59.67,1.17,69.7,0.67
2024-11-05,10:00,Inverted-V,62,TCT,891.5,29.4,53.7,74.24,1.45,59.39,1.21,72.0,0.67
2024-11-05,10:15,Inverted-V,62,TCT,898.4,29.6,54.1,74.12,1.46,59.29,1.22,72.5,0.67
2024-11-05,10:30,Inverted-V,62,TCT,905.3,29.8,54.5,74.0,1.47,59.2,1.23,73.0,0.67
2024-11-05,10:45,Inverted-V,62,TCT,912.2,30.0,54.8,73.88,1.48,59.1,1.24,73.4,0.67
2024-11-05,11:00,Inverted-V,62,TCT,919.2,30.2,55.2,73.76,1.5,59.01,1.25,73.9,0.67
2024-11-05,11:15,Inverted-V,62,TCT,915.7,30.4,55.3,73.75,1.49,59.0,1.25,73.6,0.67
2024-11-05,11:30,Inverted-V,62,TCT,912.1,30.5,55.3,73.73,1.48,58.98,1.24,73.3,0.67
2024-11-05,11:45,Inverted-V,62,TCT,908.6,30.6,55.4,73.72,1.48,58.97,1.24,73.0,0.67
2024-11-05,12:00,Inverted-V,62,TCT,905.1,30.8,55.4,73.7,1.47,58.96,1.23,72.7,0.67
2024-11-05,12:15,Inverted-V,62,TCT,849.4,30.8,54.0,74.13,1.38,59.3,1.16,68.6,0.67
2024-11-05,12:30,Inverted-V,62,TCT,793.7,30.9,52.7,74.56,1.29,59.65,1.08,64.3,0.67
2024-11-05,12:45,Inverted-V,62,TCT,737.9,30.9,51.4,74.98,1.2,59.99,1.0,60.1,0.67
2024-11-05,13:00,Inverted-V,62,TCT,682.2,30.9,50.0,75.41,1.1,60.33,0.92,55.8,0.67
2024-11-05,13:15,Inverted-V,62,TCT,658.2,30.9,49.4,75.62,1.06,60.49,0.89,53.9,0.67
2024-11-05,13:30,Inverted-V,62,TCT,634.3,30.9,48.7,75.82,1.03,60.66,0.86,52.1,0.67
2024-11-05,13:45,Inverted-V,62,TCT,610.3,30.8,48.1,76.03,0.99,60.82,0.83,50.2,0.67
2024-11-05,14:00,Inverted-V,62,TCT,586.3,30.8,47.4,76.23,0.95,60.99,0.79,48.4,0.67
2024-11-05,14:15,Inverted-V,62,TCT,532.5,30.6,45.9,76.69,0.86,61.36,0.72,44.1,0.67
2024-11-05,14:30,Inverted-V,62,TCT,478.6,30.5,44.5,77.16,0.77,61.73,0.65,39.8,0.67
2024-11-05,14:45,Inverted-V,62,TCT,424.8,30.4,43.0,77.62,0.68,62.09,0.57,35.5,0.67
2024-11-05,15:00,Inverted-V,62,TCT,370.9,30.3,41.6,78.08,0.6,62.46,0.5,31.2,0.67
2024-11-05,15:15,Inverted-V,62,TCT,312.1,30.1,39.9,78.62,0.5,62.9,0.42,26.4,0.67
2024-11-05,15:30,Inverted-V,62,TCT,253.3,29.8,38.1,79.16,0.41,63.33,0.34,21.5,0.67
2024-11-05,15:45,Inverted-V,62,TCT,194.5,29.6,36.4,79.71,0.31,63.77,0.26,16.6,0.67
2024-11-05,16:00,Inverted-V,62,TCT,135.7,29.3,34.7,80.25,0.22,64.2,0.18,11.6,0.67
2024-11-05,16:15,Inverted-V,62,TCT,103.2,28.9,33.4,80.66,0.16,64.53,0.14,8.9,0.67
2024-11-05,16:30,Inverted-V,62,TCT,70.8,28.4,32.1,81.06,0.11,64.85,0.09,6.1,0.67
2024-11-05,16:45,Inverted-V,62,TCT,38.3,27.9,30.9,81.47,0.06,65.18,0.05,3.3,0.67
2024-11-05,17:00,Inverted-V,62,TCT,5.8,27.4,29.6,81.88,0.01,65.5,0.01,0.5,0.67
2024-11-06,05:15,Inverted-V,62,TCT,27.9,23.1,25.7,83.09,0.04,66.47,0.04,2.5,0.67
2024-11-06,05:30,Inverted-V,62,TCT,55.7,23.3,26.7,82.8,0.09,66.24,0.07,4.9,0.67
2024-11-06,05:45,Inverted-V,62,TCT,83.6,23.5,27.6,82.52,0.13,66.01,0.11,7.3,0.67
2024-11-06,06:00,Inverted-V,62,TCT,111.4,23.7,28.5,82.23,0.18,65.78,0.15,9.7,0.67
2024-11-06,06:15,Inverted-V,62,TCT,165.6,24.2,30.3,81.64,0.26,65.31,0.22,14.4,0.67
2024-11-06,06:30,Inverted-V,62,TCT,219.8,24.7,32.2,81.05,0.35,64.84,0.29,19.0,0.67
2024-11-06,06:45,Inverted-V,62,TCT,274.0,25.2,34.0,80.47,0.44,64.37,0.37,23.5,0.67
2024-11-06,07:00,Inverted-V,62,TCT,328.2,25.7,35.9,79.88,0.52,63.9,0.44,28.0,0.67
2024-11-06,07:15,Inverted-V,62,TCT,384.9,26.3,37.9,79.24,0.62,63.39,0.52,32.7,0.67
2024-11-06,07:30,Inverted-V,62,TCT,441.7,26.9,39.9,78.6,0.71,62.88,0.59,37.3,0.67
2024-11-06,07:45,Inverted-V,62,TCT,498.4,27.5,42.0,77.96,0.8,62.37,0.67,41.8,0.67
2024-11-06,08:00,Inverted-V,62,TCT,555.2,28.1,44.0,77.32,0.89,61.85,0.75,46.3,0.67
2024-11-06,08:15,Inverted-V,62,TCT,602.7,28.5,45.6,76.82,0.97,61.46,0.81,50.0,0.67
2024-11-06,08:30,Inverted-V,62,TCT,650.3,28.9,47.1,76.32,1.05,61.06,0.88,53.7,0.67
2024-11-06,08:45,Inverted-V,62,TCT,697.9,29.2,48.7,75.83,1.13,60.66,0.94,57.3,0.67
2024-11-06,09:00,Inverted-V,62,TCT,745.4,29.6,50.3,75.33,1.21,60.26,1.01,60.9,0.67
2024-11-06,09:15,Inverted-V,62,TCT,760.5,29.9,50.9,75.13,1.23,60.1,1.03,62.0,0.67
2024-11-06,09:30,Inverted-V,62,TCT,775.5,30.1,51.5,74.92,1.26,59.94,1.05,63.1,0.67
2024-11-06,09:45,Inverted-V,62,TCT,790.5,30.4,52.2,74.72,1.28,59.78,1.07,64.2,0.67
2024-11-06,10:00,Inverted-V,62,TCT,805.6,30.7,52.8,74.52,1.31,59.62,1.1,65.3,0.67
2024-11-06,10:15,Inverted-V,62,TCT,799.5,30.9,52.8,74.51,1.3,59.61,1.09,64.8,0.67
2024-11-06,10:30,Inverted-V,62,TCT,793.4,31.0,52.9,74.5,1.29,59.6,1.08,64.3,0.67
2024-11-06,10:45,Inverted-V,62,TCT,787.2,31.2,52.9,74.49,1.28,59.6,1.07,63.8,0.67
2024-11-06,11:00,Inverted-V,62,TCT,781.1,31.4,52.9,74.48,1.27,59.59,1.06,63.3,0.67
2024-11-06,11:15,Inverted-V,62,TCT,767.4,31.5,52.7,74.56,1.25,59.65,1.04,62.2,0.67
2024-11-06,11:30,Inverted-V,62,TCT,753.7,31.6,52.4,74.64,1.22,59.72,1.02,61.2,0.67
2024-11-06,11:45,Inverted-V,62,TCT,740.0,31.7,52.2,74.72,1.2,59.78,1.01,60.1,0.67
2024-11-06,12:00,Inverted-V,62,TCT,726.3,31.8,51.9,74.8,1.18,59.84,0.99,59.0,0.67
2024-11-06,12:15,Inverted-V,62,TCT,692.6,31.8,51.1,75.07,1.12,60.05,0.94,56.4,0.67
2024-11-06,12:30,Inverted-V,62,TCT,658.8,31.8,50.3,75.33,1.07,60.26,0.89,53.8,0.67
2024-11-06,12:45,Inverted-V,62,TCT,625.1,31.8,49.4,75.59,1.01,60.47,0.85,51.2,0.67
2024-11-06,13:00,Inverted-V,62,TCT,591.3,31.8,48.6,75.85,0.96,60.68,0.8,48.6,0.67
2024-11-06,13:15,Inverted-V,62,TCT,551.6,31.8,47.6,76.18,0.89,60.95,0.75,45.5,0.67
2024-11-06,13:30,Inverted-V,62,TCT,511.8,31.7,46.5,76.52,0.83,61.21,0.69,42.3,0.67
2024-11-06,13:45,Inverted-V,62,TCT,472.1,31.6,45.4,76.85,0.76,61.48,0.64,39.2,0.67
2024-11-06,14:00,Inverted-V,62,TCT,432.3,31.6,44.4,77.19,0.7,61.75,0.58,36.0,0.67
2024-11-06,14:15,Inverted-V,62,TCT,387.1,31.5,43.1,77.58,0.62,62.07,0.52,32.4,0.67
2024-11-06,14:30,Inverted-V,62,TCT,342.0,31.4,41.9,77.97,0.55,62.38,0.46,28.7,0.67
2024-11-06,14:45,Inverted-V,62,TCT,296.8,31.2,40.7,78.37,0.48,62.69,0.4,25.0,0.67
2024-11-06,15:00,Inverted-V,62,TCT,251.6,31.1,39.4,78.76,0.4,63.01,0.34,21.3,0.67
2024-11-06,15:15,Inverted-V,62,TCT,209.7,30.9,38.1,79.17,0.34,63.33,0.28,17.8,0.67
2024-11-06,15:30,Inverted-V,62,TCT,167.9,30.7,36.9,79.58,0.27,63.66,0.22,14.3,0.67
2024-11-06,15:45,Inverted-V,62,TCT,126.0,30.4,35.6,79.98,0.2,63.99,0.17,10.8,0.67
2024-11-06,16:00,Inverted-V,62,TCT,84.1,30.2,34.3,80.39,0.13,64.31,0.11,7.2,0.67
2024-11-06,16:15,Inverted-V,62,TCT,64.1,29.7,33.3,80.7,0.1,64.56,0.09,5.5,0.67
2024-11-06,16:30,Inverted-V,62,TCT,44.1,29.2,32.3,81.0,0.07,64.8,0.06,3.8,0.67
2024-11-06,16:45,Inverted-V,62,TCT,24.0,28.8,31.4,81.31,0.04,65.05,0.03,2.1,0.67
2024-11-07,05:15,Inverted-V,62,TCT,20.6,23.2,25.7,83.09,0.03,66.47,0.03,1.8,0.67
2024-11-07,05:30,Inverted-V,62,TCT,41.2,23.5,26.5,82.86,0.07,66.29,0.05,3.6,0.67
2024-11-07,05:45,Inverted-V,62,TCT,61.9,23.7,27.2,82.63,0.1,66.1,0.08,5.4,0.67
2024-11-07,06:00,Inverted-V,62,TCT,82.5,23.9,28.0,82.39,0.13,65.91,0.11,7.2,0.67
2024-11-07,06:15,Inverted-V,62,TCT,124.3,24.3,29.4,81.93,0.2,65.54,0.17,10.8,0.67
2024-11-07,06:30,Inverted-V,62,TCT,166.1,24.7,30.9,81.46,0.26,65.17,0.22,14.4,0.67
2024-11-07,06:45,Inverted-V,62,TCT,208.0,25.2,32.4,80.99,0.33,64.79,0.28,18.0,0.67
2024-11-07,07:00,Inverted-V,62,TCT,249.8,25.6,33.8,80.53,0.4,64.42,0.33,21.5,0.67
2024-11-07,07:15,Inverted-V,62,TCT,297.5,26.1,35.6,79.98,0.47,63.99,0.4,25.4,0.67
2024-11-07,07:30,Inverted-V,62,TCT,345.1,26.7,37.3,79.44,0.55,63.55,0.46,29.4,0.67
2024-11-07,07:45,Inverted-V,62,TCT,392.8,27.2,39.0,78.89,0.63,63.12,0.53,33.3,0.67
2024-11-07,08:00,Inverted-V,62,TCT,440.5,27.7,40.7,78.35,0.71,62.68,0.59,37.1,0.67
2024-11-07,08:15,Inverted-V,62,TCT,482.0,28.0,42.1,77.93,0.77,62.34,0.65,40.4,0.67
2024-11-07,08:30,Inverted-V,62,TCT,523.6,28.3,43.4,77.51,0.84,62.01,0.71,43.7,0.67
2024-11-07,08:45,Inverted-V,62,TCT,565.2,28.6,44.7,77.09,0.91,61.67,0.76,47.0,0.67
2024-11-07,09:00,Inverted-V,62,TCT,606.8,28.9,46.0,76.67,0.98,61.33,0.82,50.3,0.67
2024-11-07,09:15,Inverted-V,62,TCT,631.4,29.0,46.8,76.43,1.02,61.14,0.85,52.2,0.67
2024-11-07,09:30,Inverted-V,62,TCT,655.9,29.1,47.5,76.19,1.06,60.95,0.89,54.1,0.67
2024-11-07,09:45,Inverted-V,62,TCT,680.5,29.3,48.3,75.95,1.1,60.76,0.92,56.0,0.67
2024-11-07,10:00,Inverted-V,62,TCT,705.1,29.4,49.0,75.71,1.14,60.57,0.96,57.8,0.67
2024-11-07,10:15,Inverted-V,62,TCT,716.5,29.5,49.4,75.59,1.16,60.47,0.97,58.7,0.67
2024-11-07,10:30,Inverted-V,62,TCT,728.0,29.6,49.8,75.47,1.18,60.38,0.99,59.6,0.67
2024-11-07,10:45,Inverted-V,62,TCT,739.5,29.7,50.2,75.35,1.2,60.28,1.0,60.4,0.67
2024-11-07,11:00,Inverted-V,62,TCT,751.0,29.8,50.6,75.23,1.22,60.18,1.02,61.3,0.67
2024-11-07,11:15,Inverted-V,62,TCT,744.6,29.8,50.4,75.27,1.21,60.22,1.01,60.8,0.67
2024-11-07,11:30,Inverted-V,62,TCT,738.2,29.9,50.3,75.31,1.2,60.25,1.0,60.3,0.67
2024-11-07,11:45,Inverted-V,62,TCT,731.8,29.9,50.2,75.35,1.18,60.28,0.99,59.8,0.67
2024-11-07,12:00,Inverted-V,62,TCT,725.4,29.9,50.1,75.39,1.17,60.31,0.98,59.3,0.67
2024-11-07,12:15,Inverted-V,62,TCT,687.3,29.9,49.1,75.69,1.11,60.55,0.93,56.4,0.67
2024-11-07,12:30,Inverted-V,62,TCT,649.2,29.9,48.2,75.99,1.05,60.8,0.88,53.4,0.67
2024-11-07,12:45,Inverted-V,62,TCT,611.1,29.9,47.2,76.3,0.99,61.04,0.83,50.4,0.67
2024-11-07,13:00,Inverted-V,62,TCT,573.0,29.9,46.2,76.6,0.92,61.28,0.77,47.4,0.67
2024-11-07,13:15,Inverted-V,62,TCT,540.9,29.9,45.4,76.87,0.87,61.5,0.73,44.9,0.67
2024-11-07,13:30,Inverted-V,62,TCT,508.9,29.8,44.5,77.14,0.82,61.71,0.69,42.4,0.67
2024-11-07,13:45,Inverted-V,62,TCT,476.9,29.8,43.7,77.41,0.77,61.93,0.64,39.8,0.67
2024-11-07,14:00,Inverted-V,62,TCT,444.9,29.7,42.8,77.68,0.72,62.14,0.6,37.2,0.67
2024-11-07,14:15,Inverted-V,62,TCT,398.8,29.6,41.6,78.08,0.64,62.46,0.54,33.5,0.67
2024-11-07,14:30,Inverted-V,62,TCT,352.6,29.5,40.3,78.48,0.57,62.78,0.47,29.7,0.67
2024-11-07,14:45,Inverted-V,62,TCT,306.5,29.4,39.1,78.88,0.49,63.1,0.41,25.9,0.67
2024-11-07,15:00,Inverted-V,62,TCT,260.4,29.3,37.8,79.28,0.42,63.42,0.35,22.1,0.67
2024-11-07,15:15,Inverted-V,62,TCT,217.3,29.1,36.5,79.68,0.35,63.74,0.29,18.5,0.67
2024-11-07,15:30,Inverted-V,62,TCT,174.2,28.9,35.3,80.08,0.28,64.06,0.23,14.9,0.67
2024-11-07,15:45,Inverted-V,62,TCT,131.0,28.7,34.0,80.48,0.21,64.39,0.17,11.3,0.67
2024-11-07,16:00,Inverted-V,62,TCT,87.9,28.5,32.7,80.88,0.14,64.71,0.12,7.6,0.67
2024-11-07,16:15,Inverted-V,62,TCT,67.0,28.2,31.8,81.16,0.11,64.93,0.09,5.8,0.67
2024-11-07,16:30,Inverted-V,62,TCT,46.2,27.8,31.0,81.44,0.07,65.15,0.06,4.0,0.67
2024-11-07,16:45,Inverted-V,62,TCT,25.3,27.5,30.1,81.71,0.04,65.37,0.03,2.2,0.67
2024-11-08,05:15,Inverted-V,62,TCT,21.3,24.2,26.7,82.78,0.03,66.23,0.03,1.9,0.67
2024-11-08,05:30,Inverted-V,62,TCT,42.6,24.3,27.4,82.57,0.07,66.05,0.06,3.7,0.67
2024-11-08,05:45,Inverted-V,62,TCT,63.9,24.5,28.1,82.35,0.1,65.88,0.08,5.6,0.67
2024-11-08,06:00,Inverted-V,62,TCT,85.3,24.6,28.8,82.13,0.14,65.71,0.11,7.4,0.67
2024-11-08,06:15,Inverted-V,62,TCT,134.3,25.0,30.3,81.65,0.21,65.32,0.18,11.7,0.67
2024-11-08,06:30,Inverted-V,62,TCT,183.4,25.3,31.8,81.16,0.29,64.93,0.24,15.9,0.67
2024-11-08,06:45,Inverted-V,62,TCT,232.4,25.6,33.4,80.67,0.37,64.54,0.31,20.0,0.67
2024-11-08,07:00,Inverted-V,62,TCT,281.5,25.9,34.9,80.18,0.45,64.15,0.38,24.1,0.67
2024-11-08,07:15,Inverted-V,62,TCT,336.3,26.2,36.6,79.65,0.54,63.72,0.45,28.7,0.67
2024-11-08,07:30,Inverted-V,62,TCT,391.0,26.5,38.3,79.12,0.63,63.29,0.52,33.2,0.67
2024-11-08,07:45,Inverted-V,62,TCT,445.8,26.8,40.0,78.58,0.71,62.87,0.6,37.6,0.67
2024-11-08,08:00,Inverted-V,62,TCT,500.6,27.2,41.7,78.05,0.8,62.44,0.67,42.0,0.67
2024-11-08,08:15,Inverted-V,62,TCT,534.6,27.4,42.8,77.7,0.86,62.16,0.72,44.7,0.67
2024-11-08,08:30,Inverted-V,62,TCT,568.6,27.7,43.9,77.34,0.91,61.87,0.77,47.4,0.67
2024-11-08,08:45,Inverted-V,62,TCT,602.6,27.9,45.0,76.99,0.97,61.59,0.81,50.1,0.67
2024-11-08,09:00,Inverted-V,62,TCT,636.6,28.2,46.1,76.64,1.03,61.31,0.86,52.7,0.67
2024-11-08,09:15,Inverted-V,62,TCT,613.6,28.4,45.7,76.76,0.99,61.41,0.83,50.9,0.67
2024-11-08,09:30,Inverted-V,62,TCT,590.5,28.6,45.4,76.88,0.95,61.51,0.8,49.0,0.67
2024-11-08,09:45,Inverted-V,62,TCT,567.5,28.8,45.0,77.0,0.91,61.6,0.77,47.2,0.67
2024-11-08,10:00,Inverted-V,62,TCT,544.4,29.0,44.6,77.12,0.88,61.7,0.73,45.3,0.67
2024-11-08,10:15,Inverted-V,62,TCT,558.2,29.1,45.0,76.98,0.9,61.59,0.75,46.4,0.67
2024-11-08,10:30,Inverted-V,62,TCT,572.0,29.2,45.5,76.84,0.92,61.47,0.77,47.5,0.67
2024-11-08,10:45,Inverted-V,62,TCT,585.7,29.3,45.9,76.7,0.94,61.36,0.79,48.5,0.67
2024-11-08,11:00,Inverted-V,62,TCT,599.5,29.4,46.4,76.56,0.97,61.24,0.81,49.6,0.67
2024-11-08,11:15,Inverted-V,62,TCT,575.5,29.5,45.9,76.73,0.93,61.38,0.78,47.7,0.67
2024-11-08,11:30,Inverted-V,62,TCT,551.4,29.5,45.3,76.9,0.89,61.52,0.74,45.8,0.67
2024-11-08,11:45,Inverted-V,62,TCT,527.4,29.6,44.8,77.06,0.85,61.65,0.71,43.9,0.67
2024-11-08,12:00,Inverted-V,62,TCT,503.3,29.7,44.2,77.23,0.81,61.79,0.68,41.9,0.67
2024-11-08,12:15,Inverted-V,62,TCT,462.6,29.7,43.2,77.56,0.74,62.05,0.62,38.7,0.67
2024-11-08,12:30,Inverted-V,62,TCT,421.9,29.7,42.2,77.88,0.68,62.3,0.57,35.4,0.67
2024-11-08,12:45,Inverted-V,62,TCT,381.1,29.7,41.2,78.2,0.61,62.56,0.51,32.0,0.67
2024-11-08,13:00,Inverted-V,62,TCT,340.4,29.6,40.2,78.53,0.55,62.82,0.46,28.7,0.67
2024-11-08,13:15,Inverted-V,62,TCT,319.8,29.6,39.6,78.71,0.51,62.97,0.43,27.0,0.67
2024-11-08,13:30,Inverted-V,62,TCT,299.3,29.5,39.0,78.88,0.48,63.11,0.4,25.3,0.67
2024-11-08,13:45,Inverted-V,62,TCT,278.7,29.5,38.5,79.06,0.45,63.25,0.37,23.6,0.67
2024-11-08,14:00,Inverted-V,62,TCT,258.2,29.4,37.9,79.24,0.41,63.39,0.35,21.9,0.67
2024-11-08,14:15,Inverted-V,62,TCT,231.5,29.3,37.1,79.49,0.37,63.59,0.31,19.7,0.67
2024-11-08,14:30,Inverted-V,62,TCT,204.8,29.2,36.3,79.74,0.33,63.79,0.27,17.5,0.67
2024-11-08,14:45,Inverted-V,62,TCT,178.2,29.1,35.5,79.99,0.28,64.0,0.24,15.2,0.67
2024-11-08,15:00,Inverted-V,62,TCT,151.5,28.9,34.7,80.24,0.24,64.2,0.2,13.0,0.67
2024-11-08,15:15,Inverted-V,62,TCT,129.2,28.8,34.0,80.48,0.21,64.38,0.17,11.1,0.67
2024-11-08,15:30,Inverted-V,62,TCT,107.0,28.6,33.3,80.71,0.17,64.57,0.14,9.2,0.67
2024-11-08,15:45,Inverted-V,62,TCT,84.7,28.4,32.6,80.94,0.13,64.75,0.11,7.3,0.67
2024-11-08,16:00,Inverted-V,62,TCT,62.5,28.3,31.8,81.17,0.1,64.93,0.08,5.4,0.67
2024-11-08,16:15,Inverted-V,62,TCT,47.7,27.9,31.1,81.39,0.08,65.11,0.06,4.1,0.67
2024-11-08,16:30,Inverted-V,62,TCT,32.9,27.6,30.4,81.62,0.05,65.29,0.04,2.9,0.67
2024-11-08,16:45,Inverted-V,62,TCT,18.1,27.2,29.7,81.84,0.03,65.47,0.02,1.6,0.67
2024-11-09,05:15,Inverted-V,62,TCT,26.2,23.9,26.6,82.83,0.04,66.26,0.03,2.3,0.67
2024-11-09,05:30,Inverted-V,62,TCT,52.4,24.0,27.3,82.6,0.08,66.08,0.07,4.6,0.67
2024-11-09,05:45,Inverted-V,62,TCT,78.5,24.1,28.0,82.37,0.12,65.89,0.1,6.9,0.67
2024-11-09,06:00,Inverted-V,62,TCT,104.7,24.1,28.8,82.13,0.17,65.71,0.14,9.1,0.67
2024-11-09,06:15,Inverted-V,62,TCT,161.1,24.4,30.4,81.61,0.26,65.29,0.21,14.0,0.67
2024-11-09,06:30,Inverted-V,62,TCT,217.5,24.6,32.1,81.08,0.35,64.87,0.29,18.8,0.67
2024-11-09,06:45,Inverted-V,62,TCT,273.8,24.9,33.7,80.56,0.44,64.45,0.37,23.5,0.67
2024-11-09,07:00,Inverted-V,62,TCT,330.2,25.1,35.4,80.03,0.53,64.03,0.44,28.3,0.67
2024-11-09,07:15,Inverted-V,62,TCT,389.2,25.5,37.2,79.46,0.62,63.57,0.52,33.1,0.67
2024-11-09,07:30,Inverted-V,62,TCT,448.2,25.8,39.0,78.89,0.72,63.11,0.6,37.9,0.67
2024-11-09,07:45,Inverted-V,62,TCT,507.2,26.1,40.8,78.32,0.81,62.65,0.68,42.7,0.67
2024-11-09,08:00,Inverted-V,62,TCT,566.2,26.5,42.6,77.74,0.91,62.2,0.76,47.4,0.67
2024-11-09,08:15,Inverted-V,62,TCT,615.1,26.9,44.3,77.23,0.99,61.78,0.83,51.2,0.67
2024-11-09,08:30,Inverted-V,62,TCT,664.0,27.3,45.9,76.71,1.07,61.37,0.9,55.0,0.67
2024-11-09,08:45,Inverted-V,62,TCT,712.9,27.7,47.5,76.2,1.15,60.96,0.96,58.8,0.67
2024-11-09,09:00,Inverted-V,62,TCT,761.9,28.1,49.1,75.68,1.23,60.55,1.03,62.5,0.67
2024-11-09,09:15,Inverted-V,62,TCT,789.8,28.5,50.2,75.35,1.28,60.28,1.07,64.6,0.67
2024-11-09,09:30,Inverted-V,62,TCT,817.8,28.8,51.3,75.01,1.33,60.01,1.11,66.6,0.67
2024-11-09,09:45,Inverted-V,62,TCT,845.7,29.2,52.3,74.68,1.37,59.74,1.15,68.7,0.67
2024-11-09,10:00,Inverted-V,62,TCT,873.7,29.5,53.4,74.35,1.42,59.48,1.19,70.7,0.67
2024-11-09,10:15,Inverted-V,62,TCT,851.3,29.8,53.1,74.44,1.38,59.55,1.16,68.9,0.67
2024-11-09,10:30,Inverted-V,62,TCT,829.0,30.0,52.8,74.54,1.35,59.63,1.13,67.2,0.67
2024-11-09,10:45,Inverted-V,62,TCT,806.7,30.3,52.5,74.63,1.31,59.71,1.1,65.5,0.67
2024-11-09,11:00,Inverted-V,62,TCT,784.4,30.6,52.2,74.73,1.27,59.78,1.07,63.7,0.67
2024-11-09,11:15,Inverted-V,62,TCT,750.5,30.7,51.5,74.95,1.22,59.96,1.02,61.1,0.67
2024-11-09,11:30,Inverted-V,62,TCT,716.7,30.8,50.7,75.18,1.16,60.14,0.97,58.5,0.67
2024-11-09,11:45,Inverted-V,62,TCT,682.9,31.0,50.0,75.4,1.11,60.32,0.93,55.8,0.67
2024-11-09,12:00,Inverted-V,62,TCT,649.1,31.1,49.3,75.62,1.05,60.5,0.88,53.2,0.67
2024-11-09,12:15,Inverted-V,62,TCT,639.2,31.1,49.1,75.69,1.03,60.55,0.87,52.4,0.67
2024-11-09,12:30,Inverted-V,62,TCT,629.4,31.2,48.9,75.76,1.02,60.61,0.85,51.7,0.67
2024-11-09,12:45,Inverted-V,62,TCT,619.6,31.2,48.7,75.83,1.0,60.66,0.84,50.9,0.67
2024-11-09,13:00,Inverted-V,62,TCT,609.7,31.2,48.5,75.89,0.99,60.71,0.83,50.1,0.67
2024-11-09,13:15,Inverted-V,62,TCT,561.1,31.2,47.2,76.3,0.91,61.04,0.76,46.3,0.67
2024-11-09,13:30,Inverted-V,62,TCT,512.4,31.1,45.9,76.7,0.83,61.36,0.69,42.5,0.67
2024-11-09,13:45,Inverted-V,62,TCT,463.7,31.1,44.7,77.11,0.75,61.68,0.63,38.6,0.67
2024-11-09,14:00,Inverted-V,62,TCT,415.0,31.0,43.4,77.51,0.67,62.01,0.56,34.7,0.67
2024-11-09,14:15,Inverted-V,62,TCT,373.2,30.9,42.2,77.88,0.6,62.3,0.5,31.3,0.67
2024-11-09,14:30,Inverted-V,62,TCT,331.4,30.8,41.1,78.24,0.53,62.59,0.45,27.9,0.67
2024-11-09,14:45,Inverted-V,62,TCT,289.6,30.7,39.9,78.61,0.46,62.89,0.39,24.5,0.67
2024-11-09,15:00,Inverted-V,62,TCT,247.9,30.6,38.7,78.98,0.4,63.18,0.33,21.0,0.67
2024-11-09,15:15,Inverted-V,62,TCT,212.8,30.3,37.6,79.35,0.34,63.48,0.28,18.1,0.67
2024-11-09,15:30,Inverted-V,62,TCT,177.7,30.0,36.4,79.72,0.28,63.78,0.24,15.2,0.67
2024-11-09,15:45,Inverted-V,62,TCT,142.6,29.7,35.2,80.09,0.23,64.07,0.19,12.2,0.67
2024-11-09,16:00,Inverted-V,62,TCT,107.5,29.4,34.0,80.46,0.17,64.37,0.14,9.2,0.67
2024-11-09,16:15,Inverted-V,62,TCT,82.0,28.9,32.9,80.83,0.13,64.66,0.11,7.1,0.67
2024-11-09,16:30,Inverted-V,62,TCT,56.5,28.3,31.8,81.19,0.09,64.95,0.08,4.9,0.67
2024-11-09,16:45,Inverted-V,62,TCT,31.0,27.8,30.6,81.55,0.05,65.24,0.04,2.7,0.67
2024-11-09,17:00,Inverted-V,62,TCT,5.5,27.3,29.5,81.92,0.01,65.53,0.01,0.5,0.67
2024-11-10,05:15,Inverted-V,62,TCT,28.7,22.2,25.0,83.34,0.05,66.67,0.04,2.5,0.67
2024-11-10,05:30,Inverted-V,62,TCT,57.4,22.5,26.0,83.02,0.09,66.42,0.08,5.0,0.67
2024-11-10,05:45,Inverted-V,62,TCT,86.0,22.8,27.0,82.71,0.14,66.17,0.11,7.5,0.67
2024-11-10,06:00,Inverted-V,62,TCT,114.7,23.1,27.9,82.39,0.18,65.92,0.15,10.0,0.67
2024-11-10,06:15,Inverted-V,62,TCT,174.8,23.6,30.0,81.74,0.28,65.39,0.23,15.2,0.67
2024-11-10,06:30,Inverted-V,62,TCT,234.9,24.2,32.1,81.09,0.37,64.87,0.31,20.3,0.67
2024-11-10,06:45,Inverted-V,62,TCT,295.0,24.8,34.1,80.43,0.47,64.35,0.39,25.3,0.67
2024-11-10,07:00,Inverted-V,62,TCT,355.2,25.3,36.2,79.78,0.57,63.82,0.48,30.3,0.67
2024-11-10,07:15,Inverted-V,62,TCT,416.6,25.9,38.3,79.12,0.67,63.3,0.56,35.3,0.67
2024-11-10,07:30,Inverted-V,62,TCT,478.1,26.4,40.4,78.46,0.77,62.77,0.64,40.3,0.67
2024-11-10,07:45,Inverted-V,62,TCT,539.6,27.0,42.5,77.8,0.87,62.24,0.73,45.2,0.67
2024-11-10,08:00,Inverted-V,62,TCT,601.0,27.5,44.5,77.14,0.97,61.71,0.81,50.0,0.67
2024-11-10,08:15,Inverted-V,62,TCT,651.5,27.9,46.1,76.63,1.05,61.31,0.88,53.9,0.67
2024-11-10,08:30,Inverted-V,62,TCT,701.9,28.2,47.8,76.12,1.13,60.9,0.95,57.8,0.67
2024-11-10,08:45,Inverted-V,62,TCT,752.4,28.6,49.4,75.61,1.22,60.49,1.02,61.7,0.67
2024-11-10,09:00,Inverted-V,62,TCT,802.8,28.9,51.0,75.1,1.3,60.08,1.09,65.5,0.67
2024-11-10,09:15,Inverted-V,62,TCT,813.0,29.2,51.5,74.94,1.32,59.95,1.1,66.2,0.67
2024-11-10,09:30,Inverted-V,62,TCT,823.1,29.4,52.0,74.77,1.34,59.82,1.12,66.9,0.67
2024-11-10,09:45,Inverted-V,62,TCT,833.3,29.7,52.5,74.61,1.35,59.68,1.13,67.6,0.67
2024-11-10,10:00,Inverted-V,62,TCT,843.4,30.0,53.1,74.44,1.37,59.55,1.15,68.3,0.67
2024-11-10,10:15,Inverted-V,62,TCT,860.7,30.2,53.7,74.24,1.4,59.39,1.17,69.6,0.67
2024-11-10,10:30,Inverted-V,62,TCT,878.0,30.4,54.3,74.04,1.43,59.23,1.2,70.8,0.67
2024-11-10,10:45,Inverted-V,62,TCT,895.3,30.6,54.9,73.84,1.46,59.08,1.22,72.1,0.67
2024-11-10,11:00,Inverted-V,62,TCT,912.6,30.8,55.6,73.65,1.49,58.92,1.24,73.3,0.67
2024-11-10,11:15,Inverted-V,62,TCT,910.4,30.9,55.6,73.63,1.48,58.9,1.24,73.1,0.67
2024-11-10,11:30,Inverted-V,62,TCT,908.2,31.0,55.7,73.61,1.48,58.89,1.24,72.9,0.67
2024-11-10,11:45,Inverted-V,62,TCT,906.0,31.1,55.7,73.59,1.47,58.87,1.24,72.7,0.67
2024-11-10,12:00,Inverted-V,62,TCT,903.7,31.2,55.8,73.57,1.47,58.86,1.23,72.5,0.67
2024-11-10,12:15,Inverted-V,62,TCT,881.2,31.2,55.3,73.75,1.43,59.0,1.2,70.8,0.67
2024-11-10,12:30,Inverted-V,62,TCT,858.7,31.3,54.7,73.92,1.4,59.13,1.17,69.2,0.67
2024-11-10,12:45,Inverted-V,62,TCT,836.2,31.3,54.2,74.09,1.36,59.27,1.14,67.5,0.67
2024-11-10,13:00,Inverted-V,62,TCT,813.7,31.3,53.6,74.26,1.32,59.41,1.11,65.8,0.67
2024-11-10,13:15,Inverted-V,62,TCT,765.5,31.2,52.4,74.66,1.24,59.73,1.04,62.1,0.67
2024-11-10,13:30,Inverted-V,62,TCT,717.2,31.2,51.1,75.06,1.16,60.05,0.97,58.4,0.67
2024-11-10,13:45,Inverted-V,62,TCT,668.9,31.1,49.9,75.46,1.08,60.37,0.91,54.7,0.67
2024-11-10,14:00,Inverted-V,62,TCT,620.6,31.1,48.6,75.86,1.0,60.69,0.84,51.0,0.67
2024-11-10,14:15,Inverted-V,62,TCT,559.9,30.9,46.9,76.38,0.9,61.11,0.76,46.2,0.67
2024-11-10,14:30,Inverted-V,62,TCT,499.2,30.8,45.3,76.91,0.8,61.53,0.67,41.4,0.67
2024-11-10,14:45,Inverted-V,62,TCT,438.5,30.7,43.6,77.43,0.71,61.95,0.59,36.6,0.67
2024-11-10,15:00,Inverted-V,62,TCT,377.8,30.5,42.0,77.96,0.61,62.37,0.51,31.7,0.67
2024-11-10,15:15,Inverted-V,62,TCT,318.2,30.2,40.1,78.53,0.51,62.83,0.43,26.8,0.67
2024-11-10,15:30,Inverted-V,62,TCT,258.6,29.9,38.3,79.1,0.41,63.28,0.35,21.9,0.67
2024-11-10,15:45,Inverted-V,62,TCT,198.9,29.6,36.5,79.68,0.32,63.74,0.27,17.0,0.67
2024-11-10,16:00,Inverted-V,62,TCT,139.3,29.2,34.7,80.25,0.22,64.2,0.19,11.9,0.67
2024-11-10,16:15,Inverted-V,62,TCT,105.8,28.7,33.3,80.7,0.17,64.56,0.14,9.1,0.67
2024-11-10,16:30,Inverted-V,62,TCT,72.3,28.1,31.9,81.14,0.11,64.92,0.1,6.2,0.67
2024-11-10,16:45,Inverted-V,62,TCT,38.7,27.5,30.5,81.59,0.06,65.27,0.05,3.4,0.67
2024-11-11,05:15,Inverted-V,62,TCT,28.3,22.0,24.7,83.43,0.04,66.75,0.04,2.5,0.67
2024-11-11,05:30,Inverted-V,62,TCT,56.6,22.2,25.6,83.13,0.09,66.5,0.07,5.0,0.67
2024-11-11,05:45,Inverted-V,62,TCT,84.9,22.5,26.6,82.82,0.13,66.25,0.11,7.4,0.67
2024-11-11,06:00,Inverted-V,62,TCT,113.2,22.8,27.6,82.51,0.18,66.01,0.15,9.9,0.67
2024-11-11,06:15,Inverted-V,62,TCT,169.6,23.4,29.6,81.87,0.27,65.5,0.23,14.8,0.67
2024-11-11,06:30,Inverted-V,62,TCT,226.1,24.0,31.6,81.24,0.36,64.99,0.3,19.6,0.67
2024-11-11,06:45,Inverted-V,62,TCT,282.6,24.5,33.6,80.6,0.45,64.48,0.38,24.3,0.67
2024-11-11,07:00,Inverted-V,62,TCT,339.1,25.1,35.6,79.97,0.54,63.97,0.45,29.0,0.67
2024-11-11,07:15,Inverted-V,62,TCT,397.0,25.8,37.7,79.31,0.63,63.45,0.53,33.7,0.67
2024-11-11,07:30,Inverted-V,62,TCT,454.9,26.4,39.7,78.66,0.73,62.93,0.61,38.4,0.67
2024-11-11,07:45,Inverted-V,62,TCT,512.9,27.0,41.8,78.01,0.82,62.41,0.69,43.0,0.67
2024-11-11,08:00,Inverted-V,62,TCT,570.8,27.6,43.8,77.36,0.92,61.89,0.77,47.6,0.67
2024-11-11,08:15,Inverted-V,62,TCT,621.6,28.0,45.5,76.84,1.0,61.47,0.84,51.6,0.67
2024-11-11,08:30,Inverted-V,62,TCT,672.4,28.3,47.1,76.32,1.09,61.06,0.91,55.5,0.67
2024-11-11,08:45,Inverted-V,62,TCT,723.1,28.7,48.8,75.8,1.17,60.64,0.98,59.4,0.67
2024-11-11,09:00,Inverted-V,62,TCT,773.9,29.1,50.4,75.28,1.25,60.22,1.05,63.2,0.67
2024-11-11,09:15,Inverted-V,62,TCT,800.7,29.3,51.4,74.98,1.3,59.99,1.09,65.2,0.67
2024-11-11,09:30,Inverted-V,62,TCT,827.5,29.6,52.3,74.68,1.34,59.75,1.12,67.2,0.67
2024-11-11,09:45,Inverted-V,62,TCT,854.2,29.9,53.2,74.39,1.39,59.51,1.16,69.1,0.67
2024-11-11,10:00,Inverted-V,62,TCT,881.0,30.1,54.2,74.09,1.43,59.27,1.2,71.1,0.67
2024-11-11,10:15,Inverted-V,62,TCT,883.1,30.3,54.4,74.01,1.44,59.21,1.2,71.2,0.67
2024-11-11,10:30,Inverted-V,62,TCT,885.3,30.5,54.7,73.93,1.44,59.14,1.21,71.3,0.67
2024-11-11,10:45,Inverted-V,62,TCT,887.4,30.8,54.9,73.85,1.44,59.08,1.21,71.4,0.67
2024-11-11,11:00,Inverted-V,62,TCT,889.5,30.9,55.2,73.77,1.45,59.02,1.21,71.5,0.67
2024-11-11,11:15,Inverted-V,62,TCT,884.3,31.1,55.2,73.77,1.44,59.01,1.2,71.1,0.67
2024-11-11,11:30,Inverted-V,62,TCT,879.1,31.2,55.2,73.77,1.43,59.01,1.2,70.7,0.67
2024-11-11,11:45,Inverted-V,62,TCT,873.8,31.4,55.2,73.76,1.42,59.01,1.19,70.3,0.67
2024-11-11,12:00,Inverted-V,62,TCT,868.6,31.5,55.2,73.76,1.41,59.01,1.18,69.8,0.67
2024-11-11,12:15,Inverted-V,62,TCT,816.2,31.5,53.9,74.16,1.33,59.33,1.11,65.9,0.67
2024-11-11,12:30,Inverted-V,62,TCT,763.8,31.6,52.7,74.56,1.24,59.65,1.04,61.9,0.67
2024-11-11,12:45,Inverted-V,62,TCT,711.3,31.7,51.4,74.96,1.15,59.97,0.97,57.9,0.67
2024-11-11,13:00,Inverted-V,62,TCT,658.9,31.7,50.2,75.35,1.07,60.28,0.89,53.9,0.67
2024-11-11,13:15,Inverted-V,62,TCT,623.5,31.7,49.3,75.65,1.01,60.52,0.84,51.1,0.67
2024-11-11,13:30,Inverted-V,62,TCT,588.0,31.6,48.3,75.94,0.95,60.75,0.8,48.4,0.67
2024-11-11,13:45,Inverted-V,62,TCT,552.6,31.6,47.4,76.23,0.89,60.98,0.75,45.6,0.67
2024-11-11,14:00,Inverted-V,62,TCT,517.2,31.6,46.5,76.52,0.83,61.22,0.7,42.8,0.67
2024-11-11,14:15,Inverted-V,62,TCT,467.7,31.4,45.1,76.96,0.75,61.57,0.63,38.9,0.67
2024-11-11,14:30,Inverted-V,62,TCT,418.2,31.3,43.7,77.39,0.67,61.92,0.56,34.9,0.67
2024-11-11,14:45,Inverted-V,62,TCT,368.7,31.1,42.4,77.83,0.59,62.26,0.5,30.9,0.67
2024-11-11,15:00,Inverted-V,62,TCT,319.2,31.0,41.0,78.27,0.51,62.61,0.43,26.9,0.67
2024-11-11,15:15,Inverted-V,62,TCT,266.9,30.7,39.3,78.79,0.43,63.03,0.36,22.6,0.67
2024-11-11,15:30,Inverted-V,62,TCT,214.5,30.4,37.7,79.3,0.34,63.44,0.29,18.2,0.67
2024-11-11,15:45,Inverted-V,62,TCT,162.1,30.0,36.1,79.82,0.26,63.86,0.22,13.8,0.67
2024-11-11,16:00,Inverted-V,62,TCT,109.7,29.7,34.4,80.34,0.17,64.27,0.15,9.4,0.67
2024-11-11,16:15,Inverted-V,62,TCT,83.4,29.1,33.2,80.74,0.13,64.6,0.11,7.2,0.67
2024-11-11,16:30,Inverted-V,62,TCT,57.2,28.4,31.9,81.15,0.09,64.92,0.08,4.9,0.67
2024-11-11,16:45,Inverted-V,62,TCT,30.9,27.8,30.6,81.56,0.05,65.24,0.04,2.7,0.67
2024-11-12,05:15,Inverted-V,62,TCT,24.3,23.1,25.7,83.12,0.04,66.49,0.03,2.1,0.67
2024-11-12,05:30,Inverted-V,62,TCT,48.6,23.2,26.5,82.87,0.08,66.29,0.06,4.3,0.67
2024-11-12,05:45,Inverted-V,62,TCT,72.9,23.4,27.2,82.62,0.12,66.09,0.1,6.4,0.67
2024-11-12,06:00,Inverted-V,62,TCT,97.1,23.6,28.0,82.37,0.15,65.9,0.13,8.5,0.67
2024-11-12,06:15,Inverted-V,62,TCT,150.5,24.1,29.8,81.8,0.24,65.44,0.2,13.1,0.67
2024-11-12,06:30,Inverted-V,62,TCT,203.9,24.5,31.6,81.23,0.32,64.98,0.27,17.6,0.67
2024-11-12,06:45,Inverted-V,62,TCT,257.3,25.0,33.4,80.66,0.41,64.53,0.34,22.1,0.67
2024-11-12,07:00,Inverted-V,62,TCT,310.6,25.4,35.2,80.09,0.5,64.07,0.42,26.6,0.67
2024-11-12,07:15,Inverted-V,62,TCT,367.8,26.0,37.2,79.47,0.59,63.57,0.49,31.3,0.67
2024-11-12,07:30,Inverted-V,62,TCT,424.9,26.6,39.2,78.84,0.68,63.07,0.57,35.9,0.67
2024-11-12,07:45,Inverted-V,62,TCT,482.0,27.1,41.2,78.21,0.77,62.57,0.65,40.5,0.67
2024-11-12,08:00,Inverted-V,62,TCT,539.2,27.7,43.1,77.58,0.87,62.07,0.73,45.1,0.67
2024-11-12,08:15,Inverted-V,62,TCT,587.3,28.1,44.7,77.08,0.95,61.66,0.79,48.8,0.67
2024-11-12,08:30,Inverted-V,62,TCT,635.4,28.5,46.3,76.57,1.02,61.26,0.86,52.6,0.67
2024-11-12,08:45,Inverted-V,62,TCT,683.4,28.9,47.9,76.06,1.1,60.85,0.92,56.3,0.67
2024-11-12,09:00,Inverted-V,62,TCT,731.5,29.3,49.5,75.55,1.18,60.44,0.99,59.9,0.67
2024-11-12,09:15,Inverted-V,62,TCT,758.1,29.6,50.5,75.25,1.23,60.2,1.03,61.9,0.67
2024-11-12,09:30,Inverted-V,62,TCT,784.6,29.9,51.5,74.95,1.27,59.96,1.07,63.9,0.67
2024-11-12,09:45,Inverted-V,62,TCT,811.2,30.2,52.4,74.64,1.32,59.71,1.1,65.8,0.67
2024-11-12,10:00,Inverted-V,62,TCT,837.7,30.4,53.4,74.34,1.36,59.47,1.14,67.8,0.67
2024-11-12,10:15,Inverted-V,62,TCT,843.6,30.7,53.8,74.22,1.37,59.38,1.15,68.2,0.67
2024-11-12,10:30,Inverted-V,62,TCT,849.4,30.9,54.1,74.11,1.38,59.28,1.16,68.5,0.67
2024-11-12,10:45,Inverted-V,62,TCT,855.3,31.1,54.5,73.99,1.39,59.19,1.16,68.9,0.67
2024-11-12,11:00,Inverted-V,62,TCT,861.2,31.3,54.9,73.87,1.4,59.1,1.17,69.3,0.67
2024-11-12,11:15,Inverted-V,62,TCT,840.7,31.5,54.5,73.98,1.37,59.19,1.14,67.8,0.67
2024-11-12,11:30,Inverted-V,62,TCT,820.2,31.7,54.2,74.09,1.33,59.28,1.12,66.2,0.67
2024-11-12,11:45,Inverted-V,62,TCT,799.7,31.8,53.8,74.21,1.3,59.36,1.09,64.6,0.67
2024-11-12,12:00,Inverted-V,62,TCT,779.2,32.0,53.5,74.32,1.27,59.45,1.06,63.0,0.67
2024-11-12,12:15,Inverted-V,62,TCT,733.8,32.0,52.4,74.65,1.19,59.72,1.0,59.6,0.67
2024-11-12,12:30,Inverted-V,62,TCT,688.5,32.1,51.3,74.99,1.12,59.99,0.93,56.1,0.67
2024-11-12,12:45,Inverted-V,62,TCT,643.1,32.2,50.3,75.33,1.04,60.26,0.87,52.6,0.67
2024-11-12,13:00,Inverted-V,62,TCT,597.7,32.3,49.2,75.66,0.97,60.53,0.81,49.0,0.67
2024-11-12,13:15,Inverted-V,62,TCT,562.7,32.3,48.3,75.94,0.91,60.75,0.76,46.3,0.67
2024-11-12,13:30,Inverted-V,62,TCT,527.7,32.3,47.5,76.22,0.85,60.97,0.71,43.5,0.67
2024-11-12,13:45,Inverted-V,62,TCT,492.7,32.3,46.6,76.5,0.79,61.2,0.67,40.7,0.67
2024-11-12,14:00,Inverted-V,62,TCT,457.7,32.3,45.7,76.77,0.74,61.42,0.62,37.9,0.67
2024-11-12,14:15,Inverted-V,62,TCT,405.4,32.2,44.3,77.22,0.65,61.77,0.55,33.8,0.67
2024-11-12,14:30,Inverted-V,62,TCT,353.1,32.1,42.9,77.66,0.57,62.13,0.48,29.5,0.67
2024-11-12,14:45,Inverted-V,62,TCT,300.8,32.0,41.5,78.1,0.48,62.48,0.4,25.3,0.67
2024-11-12,15:00,Inverted-V,62,TCT,248.6,31.9,40.1,78.55,0.4,62.84,0.33,21.0,0.67
2024-11-12,15:15,Inverted-V,62,TCT,208.0,31.6,38.8,78.95,0.33,63.16,0.28,17.6,0.67
2024-11-12,15:30,Inverted-V,62,TCT,167.4,31.4,37.6,79.35,0.27,63.48,0.22,14.2,0.67
2024-11-12,15:45,Inverted-V,62,TCT,126.8,31.1,36.3,79.75,0.2,63.8,0.17,10.8,0.67
2024-11-12,16:00,Inverted-V,62,TCT,86.2,30.9,35.0,80.15,0.14,64.12,0.12,7.4,0.67
2024-11-12,16:15,Inverted-V,62,TCT,65.6,30.3,33.9,80.5,0.1,64.4,0.09,5.6,0.67
2024-11-12,16:30,Inverted-V,62,TCT,45.0,29.7,32.9,80.84,0.07,64.67,0.06,3.9,0.67
2024-11-12,16:45,Inverted-V,62,TCT,24.4,29.2,31.8,81.18,0.04,64.95,0.03,2.1,0.67
2024-11-13,05:15,Inverted-V,62,TCT,20.4,24.1,26.6,82.82,0.03,66.26,0.03,1.8,0.67
2024-11-13,05:30,Inverted-V,62,TCT,40.8,24.2,27.3,82.61,0.06,66.09,0.05,3.6,0.67
2024-11-13,05:45,Inverted-V,62,TCT,61.2,24.4,27.9,82.4,0.1,65.92,0.08,5.4,0.67
2024-11-13,06:00,Inverted-V,62,TCT,81.6,24.5,28.6,82.2,0.13,65.76,0.11,7.1,0.67
2024-11-13,06:15,Inverted-V,62,TCT,124.5,24.9,30.0,81.76,0.2,65.41,0.17,10.8,0.67
2024-11-13,06:30,Inverted-V,62,TCT,167.3,25.2,31.4,81.32,0.27,65.05,0.22,14.5,0.67
2024-11-13,06:45,Inverted-V,62,TCT,210.1,25.5,32.7,80.88,0.33,64.7,0.28,18.1,0.67
2024-11-13,07:00,Inverted-V,62,TCT,253.0,25.8,34.1,80.44,0.4,64.35,0.34,21.7,0.67
2024-11-13,07:15,Inverted-V,62,TCT,294.5,26.1,35.5,80.01,0.47,64.01,0.39,25.2,0.67
2024-11-13,07:30,Inverted-V,62,TCT,335.9,26.4,36.8,79.58,0.54,63.67,0.45,28.6,0.67
2024-11-13,07:45,Inverted-V,62,TCT,377.4,26.7,38.2,79.16,0.6,63.33,0.51,32.0,0.67
2024-11-13,08:00,Inverted-V,62,TCT,418.9,27.0,39.5,78.73,0.67,62.99,0.56,35.4,0.67
2024-11-13,08:15,Inverted-V,62,TCT,447.1,27.3,40.5,78.43,0.72,62.74,0.6,37.7,0.67
2024-11-13,08:30,Inverted-V,62,TCT,475.3,27.6,41.5,78.12,0.76,62.49,0.64,39.9,0.67
2024-11-13,08:45,Inverted-V,62,TCT,503.4,27.8,42.4,77.81,0.81,62.25,0.68,42.2,0.67
2024-11-13,09:00,Inverted-V,62,TCT,531.6,28.1,43.4,77.5,0.86,62.0,0.72,44.4,0.67
2024-11-13,09:15,Inverted-V,62,TCT,544.3,28.3,43.9,77.34,0.88,61.87,0.73,45.4,0.67
2024-11-13,09:30,Inverted-V,62,TCT,557.0,28.5,44.4,77.17,0.9,61.74,0.75,46.4,0.67
2024-11-13,09:45,Inverted-V,62,TCT,569.7,28.7,45.0,77.01,0.92,61.61,0.77,47.3,0.67
2024-11-13,10:00,Inverted-V,62,TCT,582.3,28.9,45.5,76.84,0.94,61.47,0.79,48.3,0.67
2024-11-13,10:15,Inverted-V,62,TCT,589.9,29.0,45.8,76.74,0.95,61.39,0.8,48.9,0.67
2024-11-13,10:30,Inverted-V,62,TCT,597.5,29.2,46.1,76.64,0.96,61.31,0.81,49.5,0.67
2024-11-13,10:45,Inverted-V,62,TCT,605.0,29.3,46.4,76.54,0.98,61.23,0.82,50.1,0.67
2024-11-13,11:00,Inverted-V,62,TCT,612.6,29.4,46.7,76.44,0.99,61.15,0.83,50.6,0.67
2024-11-13,11:15,Inverted-V,62,TCT,603.7,29.5,46.6,76.49,0.97,61.2,0.82,49.9,0.67
2024-11-13,11:30,Inverted-V,62,TCT,594.8,29.5,46.4,76.55,0.96,61.24,0.8,49.2,0.67
2024-11-13,11:45,Inverted-V,62,TCT,585.9,29.6,46.2,76.6,0.94,61.28,0.79,48.5,0.67
2024-11-13,12:00,Inverted-V,62,TCT,577.0,29.7,46.1,76.65,0.93,61.32,0.78,47.8,0.67
2024-11-13,12:15,Inverted-V,62,TCT,561.7,29.7,45.7,76.77,0.91,61.42,0.76,46.6,0.67
2024-11-13,12:30,Inverted-V,62,TCT,546.5,29.7,45.3,76.89,0.88,61.51,0.74,45.4,0.67
2024-11-13,12:45,Inverted-V,62,TCT,531.3,29.7,44.9,77.01,0.86,61.61,0.72,44.2,0.67
2024-11-13,13:00,Inverted-V,62,TCT,516.0,29.7,44.6,77.13,0.83,61.7,0.7,42.9,0.67
2024-11-13,13:15,Inverted-V,62,TCT,489.9,29.6,43.9,77.35,0.79,61.88,0.66,40.9,0.67
2024-11-13,13:30,Inverted-V,62,TCT,463.8,29.6,43.2,77.57,0.75,62.05,0.62,38.8,0.67
2024-11-13,13:45,Inverted-V,62,TCT,437.6,29.6,42.5,77.78,0.7,62.23,0.59,36.6,0.67
2024-11-13,14:00,Inverted-V,62,TCT,411.5,29.5,41.8,78.0,0.66,62.4,0.55,34.5,0.67
2024-11-13,14:15,Inverted-V,62,TCT,368.9,29.4,40.6,78.37,0.59,62.7,0.5,31.1,0.67
2024-11-13,14:30,Inverted-V,62,TCT,326.3,29.3,39.5,78.74,0.52,62.99,0.44,27.6,0.67
2024-11-13,14:45,Inverted-V,62,TCT,283.8,29.2,38.3,79.11,0.45,63.29,0.38,24.1,0.67
2024-11-13,15:00,Inverted-V,62,TCT,241.2,29.1,37.1,79.48,0.39,63.59,0.32,20.5,0.67
2024-11-13,15:15,Inverted-V,62,TCT,203.5,28.9,36.0,79.84,0.32,63.87,0.27,17.4,0.67
2024-11-13,15:30,Inverted-V,62,TCT,165.9,28.7,34.9,80.2,0.26,64.16,0.22,14.2,0.67
2024-11-13,15:45,Inverted-V,62,TCT,128.2,28.5,33.7,80.56,0.2,64.45,0.17,11.0,0.67
2024-11-13,16:00,Inverted-V,62,TCT,90.5,28.4,32.6,80.92,0.14,64.73,0.12,7.8,0.67
2024-11-13,16:15,Inverted-V,62,TCT,69.0,28.0,31.7,81.2,0.11,64.96,0.09,6.0,0.67
2024-11-13,16:30,Inverted-V,62,TCT,47.5,27.7,30.8,81.48,0.08,65.18,0.06,4.1,0.67
2024-11-13,16:45,Inverted-V,62,TCT,26.0,27.3,30.0,81.76,0.04,65.4,0.03,2.3,0.67
2024-11-14,05:15,Inverted-V,62,TCT,19.1,25.4,27.9,82.41,0.03,65.93,0.03,1.7,0.67
2024-11-14,05:30,Inverted-V,62,TCT,38.1,25.5,28.5,82.23,0.06,65.79,0.05,3.3,0.67
2024-11-14,05:45,Inverted-V,62,TCT,57.2,25.6,29.0,82.06,0.09,65.65,0.08,5.0,0.67
2024-11-14,06:00,Inverted-V,62,TCT,76.3,25.7,29.6,81.88,0.12,65.51,0.1,6.6,0.67
2024-11-14,06:15,Inverted-V,62,TCT,110.6,25.8,30.6,81.55,0.18,65.24,0.15,9.6,0.67
2024-11-14,06:30,Inverted-V,62,TCT,144.9,26.0,31.7,81.22,0.23,64.98,0.19,12.5,0.67
2024-11-14,06:45,Inverted-V,62,TCT,179.2,26.2,32.7,80.89,0.29,64.71,0.24,15.5,0.67
2024-11-14,07:00,Inverted-V,62,TCT,213.5,26.4,33.7,80.56,0.34,64.45,0.28,18.4,0.67
2024-11-14,07:15,Inverted-V,62,TCT,247.3,26.7,34.8,80.21,0.39,64.17,0.33,21.2,0.67
2024-11-14,07:30,Inverted-V,62,TCT,281.1,26.9,35.9,79.86,0.45,63.89,0.38,24.0,0.67
2024-11-14,07:45,Inverted-V,62,TCT,314.8,27.2,37.0,79.52,0.5,63.61,0.42,26.8,0.67
2024-11-14,08:00,Inverted-V,62,TCT,348.6,27.4,38.1,79.17,0.56,63.34,0.47,29.6,0.67
2024-11-14,08:15,Inverted-V,62,TCT,378.8,27.7,39.1,78.85,0.61,63.08,0.51,32.1,0.67
2024-11-14,08:30,Inverted-V,62,TCT,409.0,27.9,40.1,78.54,0.66,62.83,0.55,34.5,0.67
2024-11-14,08:45,Inverted-V,62,TCT,439.2,28.1,41.1,78.22,0.7,62.58,0.59,36.9,0.67
2024-11-14,09:00,Inverted-V,62,TCT,469.4,28.4,42.1,77.91,0.75,62.32,0.63,39.4,0.67
2024-11-14,09:15,Inverted-V,62,TCT,496.3,28.6,43.0,77.62,0.8,62.09,0.67,41.5,0.67
2024-11-14,09:30,Inverted-V,62,TCT,523.1,28.9,43.9,77.33,0.84,61.86,0.71,43.6,0.67
2024-11-14,09:45,Inverted-V,62,TCT,550.0,29.1,44.9,77.04,0.89,61.63,0.74,45.7,0.67
2024-11-14,10:00,Inverted-V,62,TCT,576.8,29.4,45.8,76.75,0.93,61.4,0.78,47.8,0.67
2024-11-14,10:15,Inverted-V,62,TCT,594.6,29.5,46.4,76.57,0.96,61.25,0.8,49.2,0.67
2024-11-14,10:30,Inverted-V,62,TCT,612.4,29.6,46.9,76.38,0.99,61.1,0.83,50.6,0.67
2024-11-14,10:45,Inverted-V,62,TCT,630.2,29.8,47.5,76.2,1.02,60.96,0.85,52.0,0.67
2024-11-14,11:00,Inverted-V,62,TCT,648.0,29.9,48.1,76.01,1.05,60.81,0.88,53.3,0.67
2024-11-14,11:15,Inverted-V,62,TCT,638.9,30.0,47.9,76.07,1.03,60.85,0.86,52.6,0.67
2024-11-14,11:30,Inverted-V,62,TCT,629.9,30.0,47.8,76.12,1.02,60.9,0.85,51.9,0.67
2024-11-14,11:45,Inverted-V,62,TCT,620.9,30.1,47.6,76.18,1.0,60.94,0.84,51.2,0.67
2024-11-14,12:00,Inverted-V,62,TCT,611.9,30.1,47.4,76.24,0.99,60.99,0.83,50.5,0.67
2024-11-14,12:15,Inverted-V,62,TCT,596.2,30.1,47.0,76.35,0.96,61.08,0.81,49.2,0.67
2024-11-14,12:30,Inverted-V,62,TCT,580.5,30.1,46.7,76.47,0.94,61.18,0.78,48.0,0.67
2024-11-14,12:45,Inverted-V,62,TCT,564.8,30.2,46.3,76.59,0.91,61.27,0.76,46.7,0.67
2024-11-14,13:00,Inverted-V,62,TCT,549.1,30.2,45.9,76.7,0.89,61.36,0.74,45.5,0.67
2024-11-14,13:15,Inverted-V,62,TCT,518.2,30.1,45.1,76.96,0.83,61.57,0.7,43.1,0.67
2024-11-14,13:30,Inverted-V,62,TCT,487.4,30.1,44.3,77.23,0.78,61.78,0.66,40.6,0.67
2024-11-14,13:45,Inverted-V,62,TCT,456.6,30.0,43.4,77.49,0.73,61.99,0.62,38.1,0.67
2024-11-14,14:00,Inverted-V,62,TCT,425.8,30.0,42.6,77.75,0.68,62.2,0.57,35.6,0.67
2024-11-14,14:15,Inverted-V,62,TCT,383.0,29.8,41.4,78.14,0.61,62.51,0.51,32.2,0.67
2024-11-14,14:30,Inverted-V,62,TCT,340.2,29.7,40.2,78.52,0.55,62.82,0.46,28.7,0.67
2024-11-14,14:45,Inverted-V,62,TCT,297.4,29.5,39.0,78.91,0.48,63.13,0.4,25.2,0.67
2024-11-14,15:00,Inverted-V,62,TCT,254.6,29.4,37.7,79.29,0.41,63.43,0.34,21.6,0.67
2024-11-14,15:15,Inverted-V,62,TCT,214.8,29.1,36.5,79.69,0.34,63.75,0.29,18.3,0.67
2024-11-14,15:30,Inverted-V,62,TCT,174.9,28.9,35.2,80.08,0.28,64.07,0.23,15.0,0.67
2024-11-14,15:45,Inverted-V,62,TCT,135.1,28.6,34.0,80.48,0.22,64.38,0.18,11.6,0.67
2024-11-14,16:00,Inverted-V,62,TCT,95.3,28.4,32.7,80.88,0.15,64.7,0.13,8.2,0.67
2024-11-14,16:15,Inverted-V,62,TCT,72.4,28.0,31.8,81.17,0.12,64.94,0.1,6.3,0.67
2024-11-14,16:30,Inverted-V,62,TCT,49.4,27.6,30.9,81.47,0.08,65.18,0.07,4.3,0.67
2024-11-14,16:45,Inverted-V,62,TCT,26.5,27.3,29.9,81.77,0.04,65.41,0.04,2.3,0.67
2024-11-15,05:15,Inverted-V,62,TCT,19.0,24.2,26.7,82.79,0.03,66.23,0.03,1.7,0.67
2024-11-15,05:30,Inverted-V,62,TCT,38.0,24.3,27.3,82.61,0.06,66.09,0.05,3.3,0.67
2024-11-15,05:45,Inverted-V,62,TCT,56.9,24.4,27.8,82.44,0.09,65.95,0.08,5.0,0.67
2024-11-15,06:00,Inverted-V,62,TCT,75.9,24.5,28.4,82.26,0.12,65.81,0.1,6.6,0.67
2024-11-15,06:15,Inverted-V,62,TCT,108.6,24.7,29.4,81.94,0.17,65.56,0.14,9.5,0.67
2024-11-15,06:30,Inverted-V,62,TCT,141.2,24.9,30.4,81.62,0.22,65.3,0.19,12.3,0.67
2024-11-15,06:45,Inverted-V,62,TCT,173.8,25.1,31.4,81.3,0.28,65.04,0.23,15.0,0.67
2024-11-15,07:00,Inverted-V,62,TCT,206.4,25.2,32.4,80.98,0.33,64.79,0.28,17.8,0.67
2024-11-15,07:15,Inverted-V,62,TCT,218.5,25.5,33.0,80.81,0.35,64.65,0.29,18.8,0.67
2024-11-15,07:30,Inverted-V,62,TCT,230.6,25.7,33.5,80.64,0.37,64.51,0.31,19.8,0.67
2024-11-15,07:45,Inverted-V,62,TCT,242.6,26.0,34.1,80.46,0.39,64.37,0.32,20.8,0.67
2024-11-15,08:00,Inverted-V,62,TCT,254.7,26.2,34.6,80.29,0.41,64.23,0.34,21.8,0.67
2024-11-15,08:15,Inverted-V,62,TCT,282.1,26.5,35.5,79.99,0.45,63.99,0.38,24.1,0.67
2024-11-15,08:30,Inverted-V,62,TCT,309.4,26.7,36.5,79.69,0.49,63.76,0.41,26.4,0.67
2024-11-15,08:45,Inverted-V,62,TCT,336.7,27.0,37.4,79.4,0.54,63.52,0.45,28.6,0.67
2024-11-15,09:00,Inverted-V,62,TCT,364.0,27.2,38.4,79.1,0.58,63.28,0.49,30.9,0.67
2024-11-15,09:15,Inverted-V,62,TCT,384.7,27.5,39.1,78.87,0.62,63.1,0.52,32.6,0.67
2024-11-15,09:30,Inverted-V,62,TCT,405.4,27.7,39.8,78.64,0.65,62.91,0.54,34.2,0.67
2024-11-15,09:45,Inverted-V,62,TCT,426.0,27.9,40.5,78.41,0.68,62.73,0.57,35.9,0.67
2024-11-15,10:00,Inverted-V,62,TCT,446.7,28.1,41.2,78.18,0.72,62.55,0.6,37.6,0.67
2024-11-15,10:15,Inverted-V,62,TCT,472.5,28.2,42.0,77.94,0.76,62.35,0.64,39.6,0.67
2024-11-15,10:30,Inverted-V,62,TCT,498.4,28.3,42.8,77.69,0.8,62.15,0.67,41.7,0.67
2024-11-15,10:45,Inverted-V,62,TCT,524.3,28.5,43.6,77.45,0.84,61.96,0.71,43.8,0.67
2024-11-15,11:00,Inverted-V,62,TCT,550.1,28.6,44.3,77.2,0.89,61.76,0.74,45.8,0.67
2024-11-15,11:15,Inverted-V,62,TCT,563.0,28.6,44.7,77.09,0.91,61.67,0.76,46.8,0.67
2024-11-15,11:30,Inverted-V,62,TCT,575.9,28.7,45.1,76.97,0.93,61.58,0.78,47.8,0.67
2024-11-15,11:45,Inverted-V,62,TCT,588.7,28.7,45.4,76.86,0.95,61.49,0.79,48.9,0.67
2024-11-15,12:00,Inverted-V,62,TCT,601.6,28.8,45.8,76.74,0.97,61.39,0.81,49.9,0.67
2024-11-15,12:15,Inverted-V,62,TCT,582.8,28.7,45.3,76.9,0.94,61.52,0.79,48.4,0.67
2024-11-15,12:30,Inverted-V,62,TCT,564.1,28.7,44.8,77.07,0.91,61.65,0.76,46.9,0.67
2024-11-15,12:45,Inverted-V,62,TCT,545.3,28.6,44.3,77.23,0.88,61.78,0.74,45.4,0.67
2024-11-15,13:00,Inverted-V,62,TCT,526.5,28.6,43.8,77.39,0.85,61.91,0.71,43.9,0.67
2024-11-15,13:15,Inverted-V,62,TCT,479.2,28.5,42.5,77.79,0.77,62.23,0.64,40.1,0.67
2024-11-15,13:30,Inverted-V,62,TCT,431.8,28.4,41.2,78.2,0.69,62.56,0.58,36.3,0.67
2024-11-15,13:45,Inverted-V,62,TCT,384.4,28.3,39.9,78.6,0.62,62.88,0.52,32.5,0.67
2024-11-15,14:00,Inverted-V,62,TCT,337.1,28.2,38.7,79.0,0.54,63.2,0.45,28.6,0.67
2024-11-15,14:15,Inverted-V,62,TCT,299.7,28.1,37.6,79.33,0.48,63.47,0.4,25.5,0.67
2024-11-15,14:30,Inverted-V,62,TCT,262.2,28.0,36.6,79.67,0.42,63.73,0.35,22.4,0.67
2024-11-15,14:45,Inverted-V,62,TCT,224.8,27.9,35.5,80.0,0.36,64.0,0.3,19.2,0.67
2024-11-15,15:00,Inverted-V,62,TCT,187.4,27.8,34.5,80.33,0.3,64.27,0.25,16.1,0.67
2024-11-15,15:15,Inverted-V,62,TCT,160.2,27.6,33.6,80.6,0.26,64.48,0.21,13.8,0.67
2024-11-15,15:30,Inverted-V,62,TCT,133.1,27.4,32.7,80.88,0.21,64.7,0.18,11.5,0.67
2024-11-15,15:45,Inverted-V,62,TCT,105.9,27.2,31.9,81.15,0.17,64.92,0.14,9.2,0.67
2024-11-15,16:00,Inverted-V,62,TCT,78.8,27.1,31.0,81.42,0.13,65.13,0.1,6.8,0.67
2024-11-15,16:15,Inverted-V,62,TCT,59.7,26.8,30.3,81.65,0.09,65.32,0.08,5.2,0.67
2024-11-15,16:30,Inverted-V,62,TCT,40.7,26.5,29.5,81.89,0.06,65.51,0.05,3.5,0.67
2024-11-15,16:45,Inverted-V,62,TCT,21.6,26.2,28.8,82.13,0.03,65.71,0.03,1.9,0.67
2024-11-16,05:15,Inverted-V,62,TCT,23.4,23.1,25.7,83.1,0.04,66.48,0.03,2.1,0.67
2024-11-16,05:30,Inverted-V,62,TCT,46.7,23.3,26.5,82.86,0.07,66.29,0.06,4.1,0.67
2024-11-16,05:45,Inverted-V,62,TCT,70.1,23.5,27.2,82.62,0.11,66.09,0.09,6.1,0.67
2024-11-16,06:00,Inverted-V,62,TCT,93.5,23.7,28.0,82.38,0.15,65.9,0.12,8.2,0.67
2024-11-16,06:15,Inverted-V,62,TCT,138.3,24.0,29.5,81.9,0.22,65.52,0.18,12.0,0.67
2024-11-16,06:30,Inverted-V,62,TCT,183.1,24.4,31.0,81.43,0.29,65.15,0.24,15.9,0.67
2024-11-16,06:45,Inverted-V,62,TCT,228.0,24.8,32.5,80.96,0.36,64.77,0.3,19.7,0.67
2024-11-16,07:00,Inverted-V,62,TCT,272.8,25.1,34.0,80.49,0.43,64.39,0.36,23.4,0.67
2024-11-16,07:15,Inverted-V,62,TCT,320.2,25.6,35.6,79.96,0.51,63.97,0.43,27.4,0.67
2024-11-16,07:30,Inverted-V,62,TCT,367.6,26.1,37.3,79.44,0.59,63.55,0.49,31.3,0.67
2024-11-16,07:45,Inverted-V,62,TCT,415.0,26.6,38.9,78.91,0.66,63.13,0.56,35.1,0.67
2024-11-16,08:00,Inverted-V,62,TCT,462.3,27.1,40.6,78.39,0.74,62.71,0.62,38.9,0.67
2024-11-16,08:15,Inverted-V,62,TCT,479.6,27.5,41.5,78.11,0.77,62.49,0.64,40.3,0.67
2024-11-16,08:30,Inverted-V,62,TCT,496.8,27.9,42.3,77.84,0.8,62.27,0.67,41.6,0.67
2024-11-16,08:45,Inverted-V,62,TCT,514.1,28.3,43.2,77.57,0.83,62.05,0.69,43.0,0.67
2024-11-16,09:00,Inverted-V,62,TCT,531.3,28.8,44.1,77.29,0.86,61.84,0.72,44.3,0.67
2024-11-16,09:15,Inverted-V,62,TCT,543.7,29.0,44.6,77.12,0.88,61.7,0.73,45.2,0.67
2024-11-16,09:30,Inverted-V,62,TCT,556.1,29.2,45.2,76.95,0.9,61.56,0.75,46.2,0.67
2024-11-16,09:45,Inverted-V,62,TCT,568.5,29.5,45.7,76.77,0.92,61.42,0.77,47.1,0.67
2024-11-16,10:00,Inverted-V,62,TCT,581.0,29.7,46.3,76.6,0.94,61.28,0.78,48.1,0.67
2024-11-16,10:15,Inverted-V,62,TCT,586.8,29.9,46.5,76.51,0.95,61.21,0.79,48.5,0.67
2024-11-16,10:30,Inverted-V,62,TCT,592.7,30.0,46.8,76.43,0.96,61.14,0.8,49.0,0.67
2024-11-16,10:45,Inverted-V,62,TCT,598.5,30.1,47.1,76.35,0.97,61.08,0.81,49.4,0.67
2024-11-16,11:00,Inverted-V,62,TCT,604.4,30.2,47.3,76.26,0.98,61.01,0.82,49.9,0.67
2024-11-16,11:15,Inverted-V,62,TCT,616.1,30.2,47.6,76.17,0.99,60.94,0.83,50.8,0.67
2024-11-16,11:30,Inverted-V,62,TCT,627.8,30.2,47.9,76.08,1.01,60.87,0.85,51.7,0.67
2024-11-16,11:45,Inverted-V,62,TCT,639.5,30.2,48.2,75.99,1.03,60.8,0.87,52.6,0.67
2024-11-16,12:00,Inverted-V,62,TCT,651.2,30.2,48.4,75.91,1.05,60.72,0.88,53.5,0.67
2024-11-16,12:15,Inverted-V,62,TCT,612.6,30.1,47.4,76.23,0.99,60.99,0.83,50.5,0.67
2024-11-16,12:30,Inverted-V,62,TCT,574.1,30.0,46.4,76.56,0.93,61.25,0.78,47.5,0.67
2024-11-16,12:45,Inverted-V,62,TCT,535.5,29.9,45.3,76.89,0.86,61.51,0.72,44.5,0.67
2024-11-16,13:00,Inverted-V,62,TCT,497.0,29.9,44.3,77.22,0.8,61.77,0.67,41.4,0.67
2024-11-16,13:15,Inverted-V,62,TCT,449.0,29.8,43.0,77.63,0.72,62.11,0.6,37.5,0.67
2024-11-16,13:30,Inverted-V,62,TCT,401.0,29.6,41.7,78.05,0.64,62.44,0.54,33.7,0.67
2024-11-16,13:45,Inverted-V,62,TCT,353.0,29.5,40.3,78.47,0.57,62.77,0.47,29.8,0.67
2024-11-16,14:00,Inverted-V,62,TCT,305.0,29.4,39.0,78.88,0.49,63.11,0.41,25.8,0.67
2024-11-16,14:15,Inverted-V,62,TCT,277.2,29.3,38.2,79.15,0.44,63.32,0.37,23.5,0.67
2024-11-16,14:30,Inverted-V,62,TCT,249.4,29.1,37.4,79.41,0.4,63.53,0.33,21.2,0.67
2024-11-16,14:45,Inverted-V,62,TCT,221.5,29.0,36.6,79.67,0.35,63.74,0.3,18.9,0.67
2024-11-16,15:00,Inverted-V,62,TCT,193.7,28.9,35.7,79.93,0.31,63.95,0.26,16.6,0.67
2024-11-16,15:15,Inverted-V,62,TCT,164.8,28.7,34.8,80.22,0.26,64.18,0.22,14.1,0.67
2024-11-16,15:30,Inverted-V,62,TCT,135.9,28.5,33.9,80.52,0.22,64.41,0.18,11.7,0.67
2024-11-16,15:45,Inverted-V,62,TCT,107.0,28.3,33.0,80.81,0.17,64.65,0.14,9.2,0.67
2024-11-16,16:00,Inverted-V,62,TCT,78.1,28.1,32.0,81.1,0.12,64.88,0.1,6.7,0.67
2024-11-16,16:15,Inverted-V,62,TCT,59.6,27.7,31.2,81.35,0.09,65.08,0.08,5.2,0.67
2024-11-16,16:30,Inverted-V,62,TCT,41.1,27.4,30.4,81.61,0.07,65.29,0.05,3.6,0.67
2024-11-16,16:45,Inverted-V,62,TCT,22.6,27.1,29.6,81.86,0.04,65.49,0.03,2.0,0.67
2024-11-17,05:15,Inverted-V,62,TCT,26.8,24.0,26.6,82.81,0.04,66.25,0.04,2.4,0.67
2024-11-17,05:30,Inverted-V,62,TCT,53.6,24.1,27.4,82.56,0.08,66.04,0.07,4.7,0.67
2024-11-17,05:45,Inverted-V,62,TCT,80.4,24.2,28.3,82.3,0.13,65.84,0.11,7.0,0.67
2024-11-17,06:00,Inverted-V,62,TCT,107.2,24.4,29.1,82.04,0.17,65.63,0.14,9.3,0.67
2024-11-17,06:15,Inverted-V,62,TCT,162.9,24.7,30.8,81.5,0.26,65.2,0.22,14.1,0.67
2024-11-17,06:30,Inverted-V,62,TCT,218.6,25.0,32.5,80.96,0.35,64.77,0.29,18.9,0.67
2024-11-17,06:45,Inverted-V,62,TCT,274.3,25.3,34.2,80.42,0.44,64.33,0.37,23.6,0.67
2024-11-17,07:00,Inverted-V,62,TCT,330.0,25.6,35.9,79.88,0.53,63.9,0.44,28.2,0.67
2024-11-17,07:15,Inverted-V,62,TCT,386.6,26.1,37.7,79.3,0.62,63.44,0.52,32.9,0.67
2024-11-17,07:30,Inverted-V,62,TCT,443.2,26.5,39.6,78.72,0.71,62.98,0.59,37.5,0.67
2024-11-17,07:45,Inverted-V,62,TCT,499.7,26.9,41.4,78.14,0.8,62.51,0.67,42.0,0.67
2024-11-17,08:00,Inverted-V,62,TCT,556.3,27.3,43.2,77.56,0.89,62.05,0.75,46.5,0.67
2024-11-17,08:15,Inverted-V,62,TCT,558.6,27.7,43.7,77.42,0.9,61.94,0.75,46.6,0.67
2024-11-17,08:30,Inverted-V,62,TCT,561.0,28.1,44.1,77.28,0.9,61.82,0.76,46.8,0.67
2024-11-17,08:45,Inverted-V,62,TCT,563.4,28.5,44.6,77.13,0.91,61.7,0.76,46.9,0.67
2024-11-17,09:00,Inverted-V,62,TCT,565.8,28.9,45.0,76.99,0.91,61.59,0.76,47.0,0.67
2024-11-17,09:15,Inverted-V,62,TCT,582.4,29.1,45.7,76.78,0.94,61.42,0.79,48.3,0.67
2024-11-17,09:30,Inverted-V,62,TCT,599.1,29.4,46.4,76.57,0.97,61.25,0.81,49.6,0.67
2024-11-17,09:45,Inverted-V,62,TCT,615.7,29.6,47.0,76.36,0.99,61.09,0.83,50.8,0.67
2024-11-17,10:00,Inverted-V,62,TCT,632.4,29.9,47.7,76.15,1.02,60.92,0.86,52.1,0.67
2024-11-17,10:15,Inverted-V,62,TCT,646.7,30.0,48.2,75.99,1.05,60.79,0.88,53.2,0.67
2024-11-17,10:30,Inverted-V,62,TCT,661.1,30.1,48.7,75.83,1.07,60.67,0.9,54.3,0.67
2024-11-17,10:45,Inverted-V,62,TCT,675.5,30.3,49.2,75.67,1.09,60.54,0.92,55.4,0.67
2024-11-17,11:00,Inverted-V,62,TCT,689.8,30.4,49.7,75.52,1.12,60.41,0.93,56.5,0.67
2024-11-17,11:15,Inverted-V,62,TCT,698.8,30.5,50.0,75.42,1.13,60.34,0.95,57.2,0.67
2024-11-17,11:30,Inverted-V,62,TCT,707.7,30.6,50.3,75.33,1.15,60.26,0.96,57.8,0.67
2024-11-17,11:45,Inverted-V,62,TCT,716.7,30.7,50.6,75.23,1.16,60.18,0.97,58.5,0.67
2024-11-17,12:00,Inverted-V,62,TCT,725.6,30.7,50.9,75.13,1.18,60.11,0.98,59.2,0.67
2024-11-17,12:15,Inverted-V,62,TCT,706.5,30.7,50.4,75.28,1.14,60.23,0.96,57.7,0.67
2024-11-17,12:30,Inverted-V,62,TCT,687.5,30.7,49.9,75.44,1.11,60.35,0.93,56.2,0.67
2024-11-17,12:45,Inverted-V,62,TCT,668.4,30.7,49.4,75.59,1.08,60.47,0.91,54.8,0.67
2024-11-17,13:00,Inverted-V,62,TCT,649.3,30.7,49.0,75.74,1.05,60.59,0.88,53.3,0.67
2024-11-17,13:15,Inverted-V,62,TCT,612.6,30.7,48.0,76.04,0.99,60.83,0.83,50.4,0.67
2024-11-17,13:30,Inverted-V,62,TCT,576.0,30.7,47.1,76.34,0.93,61.08,0.78,47.6,0.67
2024-11-17,13:45,Inverted-V,62,TCT,539.3,30.6,46.1,76.65,0.87,61.32,0.73,44.7,0.67
2024-11-17,14:00,Inverted-V,62,TCT,502.6,30.6,45.1,76.95,0.81,61.56,0.68,41.8,0.67
2024-11-17,14:15,Inverted-V,62,TCT,451.3,30.4,43.7,77.4,0.73,61.92,0.61,37.7,0.67
2024-11-17,14:30,Inverted-V,62,TCT,400.0,30.3,42.3,77.86,0.64,62.29,0.54,33.5,0.67
2024-11-17,14:45,Inverted-V,62,TCT,348.7,30.1,40.8,78.31,0.56,62.65,0.47,29.4,0.67
2024-11-17,15:00,Inverted-V,62,TCT,297.4,30.0,39.4,78.76,0.48,63.01,0.4,25.1,0.67
2024-11-17,15:15,Inverted-V,62,TCT,249.6,29.7,37.9,79.24,0.4,63.39,0.33,21.2,0.67
2024-11-17,15:30,Inverted-V,62,TCT,201.9,29.4,36.4,79.72,0.32,63.77,0.27,17.2,0.67
2024-11-17,15:45,Inverted-V,62,TCT,154.2,29.0,34.9,80.19,0.25,64.16,0.21,13.2,0.67
2024-11-17,16:00,Inverted-V,62,TCT,106.4,28.7,33.4,80.67,0.17,64.54,0.14,9.2,0.67
2024-11-17,16:15,Inverted-V,62,TCT,80.8,28.4,32.4,80.99,0.13,64.8,0.11,7.0,0.67
2024-11-17,16:30,Inverted-V,62,TCT,55.3,28.0,31.4,81.32,0.09,65.05,0.07,4.8,0.67
2024-11-17,16:45,Inverted-V,62,TCT,29.7,27.6,30.3,81.64,0.05,65.31,0.04,2.6,0.67
2024-11-18,05:15,Inverted-V,62,TCT,18.8,23.3,25.8,83.07,0.03,66.46,0.02,1.7,0.67
2024-11-18,05:30,Inverted-V,62,TCT,37.6,23.4,26.3,82.91,0.06,66.33,0.05,3.3,0.67
2024-11-18,05:45,Inverted-V,62,TCT,56.3,23.4,26.8,82.75,0.09,66.2,0.07,4.9,0.67
2024-11-18,06:00,Inverted-V,62,TCT,75.1,23.5,27.3,82.59,0.12,66.07,0.1,6.6,0.67
2024-11-18,06:15,Inverted-V,62,TCT,112.9,23.7,28.5,82.21,0.18,65.76,0.15,9.9,0.67
2024-11-18,06:30,Inverted-V,62,TCT,150.6,24.0,29.8,81.82,0.24,65.46,0.2,13.1,0.67
2024-11-18,06:45,Inverted-V,62,TCT,188.4,24.3,31.0,81.44,0.3,65.15,0.25,16.3,0.67
2024-11-18,07:00,Inverted-V,62,TCT,226.1,24.5,32.2,81.06,0.36,64.85,0.3,19.5,0.67
2024-11-18,07:15,Inverted-V,62,TCT,268.5,24.9,33.6,80.61,0.43,64.49,0.36,23.1,0.67
2024-11-18,07:30,Inverted-V,62,TCT,310.9,25.2,35.0,80.16,0.5,64.13,0.42,26.6,0.67
2024-11-18,07:45,Inverted-V,62,TCT,353.4,25.6,36.4,79.71,0.56,63.77,0.47,30.1,0.67
2024-11-18,08:00,Inverted-V,62,TCT,395.8,25.9,37.8,79.26,0.63,63.41,0.53,33.6,0.67
2024-11-18,08:15,Inverted-V,62,TCT,432.8,26.4,39.2,78.84,0.69,63.07,0.58,36.6,0.67
2024-11-18,08:30,Inverted-V,62,TCT,469.9,26.8,40.5,78.42,0.75,62.73,0.63,39.6,0.67
2024-11-18,08:45,Inverted-V,62,TCT,506.9,27.2,41.8,78.0,0.81,62.4,0.68,42.5,0.67
2024-11-18,09:00,Inverted-V,62,TCT,543.9,27.6,43.2,77.57,0.87,62.06,0.73,45.5,0.67
2024-11-18,09:15,Inverted-V,62,TCT,540.2,27.9,43.4,77.5,0.87,62.0,0.73,45.1,0.67
2024-11-18,09:30,Inverted-V,62,TCT,536.4,28.3,43.7,77.42,0.86,61.93,0.72,44.8,0.67
2024-11-18,09:45,Inverted-V,62,TCT,532.6,28.6,43.9,77.34,0.86,61.87,0.72,44.4,0.67
2024-11-18,10:00,Inverted-V,62,TCT,528.9,28.9,44.2,77.26,0.85,61.81,0.71,44.1,0.67
2024-11-18,10:15,Inverted-V,62,TCT,536.7,29.2,44.6,77.13,0.86,61.7,0.72,44.7,0.67
2024-11-18,10:30,Inverted-V,62,TCT,544.5,29.4,45.0,77.0,0.88,61.6,0.73,45.3,0.67
2024-11-18,10:45,Inverted-V,62,TCT,552.4,29.6,45.4,76.87,0.89,61.49,0.75,45.8,0.67
2024-11-18,11:00,Inverted-V,62,TCT,560.2,29.8,45.8,76.74,0.9,61.39,0.76,46.4,0.67
2024-11-18,11:15,Inverted-V,62,TCT,554.7,29.9,45.8,76.75,0.89,61.4,0.75,46.0,0.67
2024-11-18,11:30,Inverted-V,62,TCT,549.1,30.0,45.8,76.76,0.89,61.4,0.74,45.5,0.67
2024-11-18,11:45,Inverted-V,62,TCT,543.6,30.1,45.7,76.76,0.88,61.41,0.73,45.1,0.67
2024-11-18,12:00,Inverted-V,62,TCT,538.0,30.2,45.7,76.77,0.87,61.42,0.73,44.6,0.67
2024-11-18,12:15,Inverted-V,62,TCT,506.7,30.3,45.0,77.01,0.82,61.61,0.68,42.1,0.67
2024-11-18,12:30,Inverted-V,62,TCT,475.5,30.3,44.2,77.24,0.77,61.79,0.64,39.6,0.67
2024-11-18,12:45,Inverted-V,62,TCT,444.2,30.4,43.5,77.47,0.71,61.98,0.6,37.1,0.67
2024-11-18,13:00,Inverted-V,62,TCT,412.9,30.4,42.8,77.71,0.66,62.17,0.56,34.6,0.67
2024-11-18,13:15,Inverted-V,62,TCT,417.4,30.4,42.8,77.69,0.67,62.15,0.56,34.9,0.67
2024-11-18,13:30,Inverted-V,62,TCT,421.8,30.3,42.9,77.67,0.68,62.14,0.57,35.3,0.67
2024-11-18,13:45,Inverted-V,62,TCT,426.3,30.3,42.9,77.65,0.69,62.12,0.57,35.7,0.67
2024-11-18,14:00,Inverted-V,62,TCT,430.8,30.2,43.0,77.64,0.69,62.11,0.58,36.0,0.67
2024-11-18,14:15,Inverted-V,62,TCT,383.8,30.0,41.6,78.07,0.62,62.45,0.52,32.2,0.67
2024-11-18,14:30,Inverted-V,62,TCT,336.9,29.8,40.3,78.5,0.54,62.8,0.45,28.4,0.67
2024-11-18,14:45,Inverted-V,62,TCT,289.9,29.7,38.9,78.93,0.46,63.14,0.39,24.5,0.67
2024-11-18,15:00,Inverted-V,62,TCT,243.0,29.5,37.5,79.36,0.39,63.48,0.33,20.7,0.67
2024-11-18,15:15,Inverted-V,62,TCT,204.1,29.2,36.3,79.75,0.33,63.8,0.27,17.4,0.67
2024-11-18,15:30,Inverted-V,62,TCT,165.2,28.9,35.1,80.14,0.26,64.11,0.22,14.1,0.67
2024-11-18,15:45,Inverted-V,62,TCT,126.3,28.7,33.8,80.53,0.2,64.43,0.17,10.9,0.67
2024-11-18,16:00,Inverted-V,62,TCT,87.4,28.4,32.6,80.92,0.14,64.74,0.12,7.5,0.67
2024-11-18,16:15,Inverted-V,62,TCT,66.6,28.0,31.7,81.21,0.11,64.97,0.09,5.8,0.67
2024-11-18,16:30,Inverted-V,62,TCT,45.8,27.6,30.8,81.5,0.07,65.2,0.06,4.0,0.67
2024-11-18,16:45,Inverted-V,62,TCT,25.0,27.2,29.9,81.79,0.04,65.43,0.03,2.2,0.67
2024-11-19,05:15,Inverted-V,62,TCT,17.0,23.6,26.1,82.99,0.03,66.39,0.02,1.5,0.67
2024-11-19,05:30,Inverted-V,62,TCT,34.1,23.7,26.6,82.83,0.05,66.27,0.05,3.0,0.67
2024-11-19,05:45,Inverted-V,62,TCT,51.1,23.8,27.1,82.68,0.08,66.14,0.07,4.5,0.67
2024-11-19,06:00,Inverted-V,62,TCT,68.1,23.9,27.6,82.52,0.11,66.02,0.09,6.0,0.67
2024-11-19,06:15,Inverted-V,62,TCT,99.5,24.1,28.6,82.18,0.16,65.75,0.13,8.7,0.67
2024-11-19,06:30,Inverted-V,62,TCT,130.9,24.4,29.7,81.85,0.21,65.48,0.17,11.4,0.67
2024-11-19,06:45,Inverted-V,62,TCT,162.3,24.7,30.7,81.51,0.26,65.21,0.22,14.1,0.67
2024-11-19,07:00,Inverted-V,62,TCT,193.7,25.0,31.8,81.17,0.31,64.94,0.26,16.7,0.67
2024-11-19,07:15,Inverted-V,62,TCT,228.2,25.3,33.0,80.78,0.36,64.63,0.3,19.7,0.67
2024-11-19,07:30,Inverted-V,62,TCT,262.8,25.7,34.3,80.39,0.42,64.31,0.35,22.6,0.67
2024-11-19,07:45,Inverted-V,62,TCT,297.3,26.1,35.5,80.0,0.47,64.0,0.4,25.4,0.67
2024-11-19,08:00,Inverted-V,62,TCT,331.9,26.4,36.7,79.61,0.53,63.69,0.44,28.3,0.67
2024-11-19,08:15,Inverted-V,62,TCT,339.9,26.8,37.3,79.44,0.54,63.55,0.46,28.9,0.67
2024-11-19,08:30,Inverted-V,62,TCT,347.8,27.2,37.9,79.26,0.56,63.41,0.47,29.5,0.67
2024-11-19,08:45,Inverted-V,62,TCT,355.8,27.5,38.4,79.08,0.57,63.27,0.48,30.2,0.67
2024-11-19,09:00,Inverted-V,62,TCT,363.8,27.9,39.0,78.91,0.58,63.12,0.49,30.8,0.67
2024-11-19,09:15,Inverted-V,62,TCT,375.5,28.1,39.5,78.72,0.6,62.98,0.5,31.7,0.67
2024-11-19,09:30,Inverted-V,62,TCT,387.3,28.4,40.1,78.54,0.62,62.83,0.52,32.7,0.67
2024-11-19,09:45,Inverted-V,62,TCT,399.0,28.7,40.7,78.36,0.64,62.69,0.54,33.6,0.67
2024-11-19,10:00,Inverted-V,62,TCT,410.8,29.0,41.3,78.18,0.66,62.54,0.55,34.5,0.67
2024-11-19,10:15,Inverted-V,62,TCT,410.6,29.2,41.5,78.12,0.66,62.49,0.55,34.5,0.67
2024-11-19,10:30,Inverted-V,62,TCT,410.3,29.4,41.7,78.05,0.66,62.44,0.55,34.5,0.67
2024-11-19,10:45,Inverted-V,62,TCT,410.1,29.6,41.9,77.99,0.66,62.39,0.55,34.4,0.67
2024-11-19,11:00,Inverted-V,62,TCT,409.9,29.8,42.1,77.93,0.66,62.34,0.55,34.4,0.67
2024-11-19,11:15,Inverted-V,62,TCT,418.1,29.9,42.4,77.83,0.67,62.26,0.56,35.0,0.67
2024-11-19,11:30,Inverted-V,62,TCT,426.3,30.0,42.7,77.73,0.69,62.18,0.57,35.7,0.67
2024-11-19,11:45,Inverted-V,62,TCT,434.5,30.1,43.0,77.63,0.7,62.11,0.59,36.3,0.67
2024-11-19,12:00,Inverted-V,62,TCT,442.7,30.2,43.3,77.53,0.71,62.03,0.6,37.0,0.67
2024-11-19,12:15,Inverted-V,62,TCT,428.7,30.2,43.0,77.64,0.69,62.11,0.58,35.9,0.67
2024-11-19,12:30,Inverted-V,62,TCT,414.7,30.3,42.6,77.75,0.67,62.2,0.56,34.7,0.67
2024-11-19,12:45,Inverted-V,62,TCT,400.7,30.3,42.3,77.85,0.64,62.28,0.54,33.6,0.67
2024-11-19,13:00,Inverted-V,62,TCT,386.7,30.3,42.0,77.96,0.62,62.37,0.52,32.4,0.67
2024-11-19,13:15,Inverted-V,62,TCT,382.5,30.2,41.8,78.02,0.61,62.41,0.51,32.1,0.67
2024-11-19,13:30,Inverted-V,62,TCT,378.3,30.1,41.6,78.08,0.61,62.46,0.51,31.8,0.67
2024-11-19,13:45,Inverted-V,62,TCT,374.2,30.0,41.4,78.14,0.6,62.51,0.5,31.4,0.67
2024-11-19,14:00,Inverted-V,62,TCT,370.0,29.9,41.2,78.2,0.59,62.56,0.5,31.1,0.67
2024-11-19,14:15,Inverted-V,62,TCT,334.2,29.7,40.1,78.55,0.54,62.84,0.45,28.2,0.67
2024-11-19,14:30,Inverted-V,62,TCT,298.5,29.5,39.0,78.9,0.48,63.12,0.4,25.3,0.67
2024-11-19,14:45,Inverted-V,62,TCT,262.8,29.3,37.9,79.26,0.42,63.41,0.35,22.3,0.67
2024-11-19,15:00,Inverted-V,62,TCT,227.0,29.1,36.7,79.61,0.36,63.69,0.3,19.3,0.67
2024-11-19,15:15,Inverted-V,62,TCT,193.4,28.8,35.6,79.96,0.31,63.97,0.26,16.5,0.67
2024-11-19,15:30,Inverted-V,62,TCT,159.8,28.5,34.5,80.32,0.25,64.25,0.21,13.7,0.67
2024-11-19,15:45,Inverted-V,62,TCT,126.3,28.2,33.4,80.67,0.2,64.54,0.17,10.9,0.67
2024-11-19,16:00,Inverted-V,62,TCT,92.7,27.9,32.3,81.03,0.15,64.82,0.12,8.0,0.67
2024-11-19,16:15,Inverted-V,62,TCT,70.5,27.6,31.3,81.32,0.11,65.06,0.09,6.1,0.67
2024-11-19,16:30,Inverted-V,62,TCT,48.4,27.2,30.4,81.62,0.08,65.29,0.06,4.2,0.67
2024-11-19,16:45,Inverted-V,62,TCT,26.2,26.8,29.5,81.91,0.04,65.53,0.03,2.3,0.67
2024-11-20,05:15,Inverted-V,62,TCT,8.4,22.8,25.0,83.31,0.01,66.65,0.01,0.7,0.67
2024-11-20,05:30,Inverted-V,62,TCT,16.8,22.8,25.2,83.25,0.03,66.6,0.02,1.5,0.67
2024-11-20,05:45,Inverted-V,62,TCT,25.2,22.8,25.4,83.19,0.04,66.55,0.03,2.2,0.67
2024-11-20,06:00,Inverted-V,62,TCT,33.6,22.8,25.6,83.12,0.05,66.5,0.04,3.0,0.67
2024-11-20,06:15,Inverted-V,62,TCT,48.7,22.9,26.1,82.97,0.08,66.37,0.06,4.3,0.67
2024-11-20,06:30,Inverted-V,62,TCT,63.9,23.0,26.6,82.81,0.1,66.25,0.08,5.6,0.67
2024-11-20,06:45,Inverted-V,62,TCT,79.0,23.2,27.1,82.65,0.13,66.12,0.1,6.9,0.67
2024-11-20,07:00,Inverted-V,62,TCT,94.2,23.3,27.6,82.49,0.15,66.0,0.12,8.2,0.67
2024-11-20,07:15,Inverted-V,62,TCT,107.6,23.5,28.2,82.31,0.17,65.85,0.14,9.4,0.67
2024-11-20,07:30,Inverted-V,62,TCT,120.9,23.8,28.8,82.13,0.19,65.7,0.16,10.6,0.67
2024-11-20,07:45,Inverted-V,62,TCT,134.3,24.0,29.4,81.95,0.21,65.56,0.18,11.7,0.67
2024-11-20,08:00,Inverted-V,62,TCT,147.7,24.2,29.9,81.76,0.23,65.41,0.2,12.8,0.67
2024-11-20,08:15,Inverted-V,62,TCT,163.2,24.6,30.7,81.54,0.26,65.23,0.22,14.2,0.67
2024-11-20,08:30,Inverted-V,62,TCT,178.6,24.9,31.4,81.31,0.28,65.05,0.24,15.5,0.67
2024-11-20,08:45,Inverted-V,62,TCT,194.1,25.2,32.1,81.09,0.31,64.87,0.26,16.8,0.67
2024-11-20,09:00,Inverted-V,62,TCT,209.5,25.5,32.8,80.87,0.33,64.69,0.28,18.1,0.67
2024-11-20,09:15,Inverted-V,62,TCT,220.0,25.9,33.4,80.68,0.35,64.55,0.29,18.9,0.67
2024-11-20,09:30,Inverted-V,62,TCT,230.5,26.2,33.9,80.5,0.37,64.4,0.31,19.8,0.67
2024-11-20,09:45,Inverted-V,62,TCT,241.0,26.5,34.5,80.32,0.38,64.26,0.32,20.7,0.67
2024-11-20,10:00,Inverted-V,62,TCT,251.5,26.8,35.1,80.14,0.4,64.11,0.34,21.5,0.67
2024-11-20,10:15,Inverted-V,62,TCT,250.2,27.0,35.3,80.08,0.4,64.06,0.33,21.4,0.67
2024-11-20,10:30,Inverted-V,62,TCT,248.9,27.2,35.4,80.02,0.4,64.02,0.33,21.3,0.67
2024-11-20,10:45,Inverted-V,62,TCT,247.6,27.4,35.6,79.96,0.4,63.97,0.33,21.2,0.67
2024-11-20,11:00,Inverted-V,62,TCT,246.3,27.7,35.8,79.9,0.39,63.92,0.33,21.1,0.67
2024-11-20,11:15,Inverted-V,62,TCT,226.3,27.8,35.4,80.02,0.36,64.02,0.3,19.4,0.67
2024-11-20,11:30,Inverted-V,62,TCT,206.3,27.9,35.0,80.15,0.33,64.12,0.28,17.7,0.67
2024-11-20,11:45,Inverted-V,62,TCT,186.3,28.0,34.7,80.27,0.3,64.22,0.25,16.0,0.67
2024-11-20,12:00,Inverted-V,62,TCT,166.3,28.1,34.3,80.39,0.27,64.31,0.22,14.3,0.67
2024-11-20,12:15,Inverted-V,62,TCT,191.9,28.1,34.9,80.2,0.31,64.16,0.26,16.4,0.67
2024-11-20,12:30,Inverted-V,62,TCT,217.4,28.1,35.5,80.0,0.35,64.0,0.29,18.6,0.67
2024-11-20,12:45,Inverted-V,62,TCT,243.0,28.1,36.1,79.81,0.39,63.84,0.33,20.7,0.67
2024-11-20,13:00,Inverted-V,62,TCT,268.6,28.0,36.7,79.61,0.43,63.69,0.36,22.9,0.67
2024-11-20,13:15,Inverted-V,62,TCT,232.1,28.0,35.8,79.92,0.37,63.94,0.31,19.8,0.67
2024-11-20,13:30,Inverted-V,62,TCT,195.6,27.9,34.8,80.23,0.31,64.19,0.26,16.8,0.67
2024-11-20,13:45,Inverted-V,62,TCT,159.1,27.8,33.8,80.55,0.25,64.44,0.21,13.7,0.67
2024-11-20,14:00,Inverted-V,62,TCT,122.5,27.7,32.8,80.86,0.2,64.69,0.16,10.6,0.67
2024-11-20,14:15,Inverted-V,62,TCT,119.9,27.6,32.6,80.91,0.19,64.73,0.16,10.3,0.67
2024-11-20,14:30,Inverted-V,62,TCT,117.3,27.5,32.5,80.96,0.19,64.77,0.16,10.1,0.67
2024-11-20,14:45,Inverted-V,62,TCT,114.7,27.4,32.3,81.02,0.18,64.82,0.15,9.9,0.67
2024-11-20,15:00,Inverted-V,62,TCT,112.1,27.3,32.1,81.07,0.18,64.86,0.15,9.7,0.67
2024-11-20,15:15,Inverted-V,62,TCT,97.0,27.1,31.6,81.25,0.15,65.0,0.13,8.4,0.67
2024-11-20,15:30,Inverted-V,62,TCT,81.9,27.0,31.0,81.42,0.13,65.14,0.11,7.1,0.67
2024-11-20,15:45,Inverted-V,62,TCT,66.7,26.8,30.5,81.59,0.11,65.27,0.09,5.8,0.67
2024-11-20,16:00,Inverted-V,62,TCT,51.6,26.6,29.9,81.77,0.08,65.41,0.07,4.5,0.67
2024-11-20,16:15,Inverted-V,62,TCT,39.5,26.4,29.4,81.95,0.06,65.56,0.05,3.4,0.67
2024-11-20,16:30,Inverted-V,62,TCT,27.5,26.1,28.8,82.13,0.04,65.7,0.04,2.4,0.67
2024-11-20,16:45,Inverted-V,62,TCT,15.4,25.8,28.2,82.31,0.02,65.84,0.02,1.3,0.67
2024-11-21,05:15,Inverted-V,62,TCT,11.1,22.3,24.6,83.45,0.02,66.76,0.01,1.0,0.67
2024-11-21,05:30,Inverted-V,62,TCT,22.2,22.4,25.0,83.34,0.04,66.67,0.03,2.0,0.67
2024-11-21,05:45,Inverted-V,62,TCT,33.3,22.5,25.3,83.23,0.05,66.59,0.04,2.9,0.67
2024-11-21,06:00,Inverted-V,62,TCT,44.4,22.5,25.7,83.12,0.07,66.5,0.06,3.9,0.67
2024-11-21,06:15,Inverted-V,62,TCT,66.7,22.8,26.5,82.85,0.11,66.28,0.09,5.9,0.67
2024-11-21,06:30,Inverted-V,62,TCT,88.9,23.1,27.3,82.59,0.14,66.07,0.12,7.8,0.67
2024-11-21,06:45,Inverted-V,62,TCT,111.2,23.4,28.2,82.32,0.18,65.86,0.15,9.7,0.67
2024-11-21,07:00,Inverted-V,62,TCT,133.5,23.7,29.0,82.05,0.21,65.64,0.18,11.6,0.67
2024-11-21,07:15,Inverted-V,62,TCT,160.5,24.1,30.1,81.71,0.25,65.36,0.21,13.9,0.67
2024-11-21,07:30,Inverted-V,62,TCT,187.5,24.5,31.2,81.36,0.3,65.09,0.25,16.2,0.67
2024-11-21,07:45,Inverted-V,62,TCT,214.5,25.0,32.3,81.01,0.34,64.81,0.29,18.5,0.67
2024-11-21,08:00,Inverted-V,62,TCT,241.5,25.4,33.4,80.66,0.38,64.53,0.32,20.8,0.67
2024-11-21,08:15,Inverted-V,62,TCT,265.0,25.8,34.4,80.34,0.42,64.28,0.35,22.7,0.67
2024-11-21,08:30,Inverted-V,62,TCT,288.4,26.2,35.4,80.03,0.46,64.02,0.39,24.7,0.67
2024-11-21,08:45,Inverted-V,62,TCT,311.9,26.6,36.4,79.71,0.5,63.77,0.42,26.6,0.67
2024-11-21,09:00,Inverted-V,62,TCT,335.4,27.1,37.4,79.39,0.54,63.51,0.45,28.5,0.67
2024-11-21,09:15,Inverted-V,62,TCT,333.1,27.3,37.7,79.31,0.53,63.45,0.45,28.3,0.67
2024-11-21,09:30,Inverted-V,62,TCT,330.8,27.6,37.9,79.24,0.53,63.39,0.44,28.1,0.67
2024-11-21,09:45,Inverted-V,62,TCT,328.5,27.9,38.2,79.16,0.53,63.33,0.44,27.9,0.67
2024-11-21,10:00,Inverted-V,62,TCT,326.2,28.2,38.4,79.09,0.52,63.27,0.44,27.7,0.67
2024-11-21,10:15,Inverted-V,62,TCT,332.2,28.5,38.8,78.97,0.53,63.18,0.45,28.1,0.67
2024-11-21,10:30,Inverted-V,62,TCT,338.1,28.7,39.1,78.86,0.54,63.08,0.45,28.6,0.67
2024-11-21,10:45,Inverted-V,62,TCT,344.0,28.9,39.5,78.74,0.55,62.99,0.46,29.1,0.67
2024-11-21,11:00,Inverted-V,62,TCT,350.0,29.1,39.8,78.63,0.56,62.9,0.47,29.5,0.67
2024-11-21,11:15,Inverted-V,62,TCT,361.6,29.2,40.3,78.49,0.58,62.79,0.49,30.5,0.67
2024-11-21,11:30,Inverted-V,62,TCT,373.3,29.4,40.7,78.35,0.6,62.68,0.5,31.4,0.67
2024-11-21,11:45,Inverted-V,62,TCT,385.0,29.5,41.1,78.22,0.62,62.57,0.52,32.4,0.67
2024-11-21,12:00,Inverted-V,62,TCT,396.6,29.6,41.6,78.08,0.64,62.47,0.53,33.3,0.67
2024-11-21,12:15,Inverted-V,62,TCT,387.0,29.7,41.4,78.14,0.62,62.51,0.52,32.5,0.67
2024-11-21,12:30,Inverted-V,62,TCT,377.3,29.8,41.2,78.2,0.61,62.56,0.51,31.7,0.67
2024-11-21,12:45,Inverted-V,62,TCT,367.6,29.8,41.0,78.26,0.59,62.61,0.49,30.9,0.67
2024-11-21,13:00,Inverted-V,62,TCT,358.0,29.9,40.8,78.32,0.57,62.66,0.48,30.1,0.67
2024-11-21,13:15,Inverted-V,62,TCT,329.8,29.8,40.1,78.55,0.53,62.84,0.44,27.8,0.67
2024-11-21,13:30,Inverted-V,62,TCT,301.7,29.8,39.3,78.79,0.48,63.03,0.4,25.5,0.67
2024-11-21,13:45,Inverted-V,62,TCT,273.6,29.7,38.6,79.03,0.44,63.22,0.37,23.2,0.67
2024-11-21,14:00,Inverted-V,62,TCT,245.5,29.7,37.8,79.26,0.39,63.41,0.33,20.9,0.67
2024-11-21,14:15,Inverted-V,62,TCT,226.0,29.6,37.2,79.46,0.36,63.57,0.3,19.2,0.67
2024-11-21,14:30,Inverted-V,62,TCT,206.6,29.4,36.6,79.66,0.33,63.72,0.28,17.6,0.67
2024-11-21,14:45,Inverted-V,62,TCT,187.1,29.3,36.0,79.85,0.3,63.88,0.25,16.0,0.67
2024-11-21,15:00,Inverted-V,62,TCT,167.6,29.2,35.4,80.05,0.27,64.04,0.22,14.3,0.67
2024-11-21,15:15,Inverted-V,62,TCT,141.7,28.9,34.4,80.34,0.23,64.27,0.19,12.2,0.67
2024-11-21,15:30,Inverted-V,62,TCT,115.8,28.6,33.5,80.64,0.18,64.51,0.15,10.0,0.67
2024-11-21,15:45,Inverted-V,62,TCT,89.8,28.3,32.6,80.93,0.14,64.75,0.12,7.8,0.67
2024-11-21,16:00,Inverted-V,62,TCT,63.9,28.0,31.6,81.23,0.1,64.98,0.09,5.5,0.67
2024-11-21,16:15,Inverted-V,62,TCT,48.9,27.6,30.8,81.5,0.08,65.2,0.07,4.2,0.67
2024-11-21,16:30,Inverted-V,62,TCT,34.0,27.1,29.9,81.77,0.05,65.41,0.05,3.0,0.67
2024-11-21,16:45,Inverted-V,62,TCT,19.0,26.6,29.1,82.04,0.03,65.63,0.03,1.7,0.67
2024-11-22,05:15,Inverted-V,62,TCT,19.0,22.4,24.9,83.37,0.03,66.69,0.03,1.7,0.67
2024-11-22,05:30,Inverted-V,62,TCT,38.0,22.5,25.4,83.19,0.06,66.55,0.05,3.3,0.67
2024-11-22,05:45,Inverted-V,62,TCT,57.0,22.6,26.0,83.01,0.09,66.4,0.08,5.0,0.67
2024-11-22,06:00,Inverted-V,62,TCT,76.0,22.7,26.6,82.82,0.12,66.26,0.1,6.7,0.67
2024-11-22,06:15,Inverted-V,62,TCT,121.5,22.9,27.9,82.41,0.19,65.93,0.16,10.6,0.67
2024-11-22,06:30,Inverted-V,62,TCT,167.0,23.1,29.2,81.99,0.26,65.59,0.22,14.5,0.67
2024-11-22,06:45,Inverted-V,62,TCT,212.5,23.2,30.5,81.57,0.34,65.26,0.28,18.4,0.67
2024-11-22,07:00,Inverted-V,62,TCT,258.0,23.4,31.9,81.15,0.41,64.92,0.34,22.3,0.67
2024-11-22,07:15,Inverted-V,62,TCT,308.4,23.6,33.3,80.68,0.49,64.55,0.41,26.6,0.67
2024-11-22,07:30,Inverted-V,62,TCT,358.9,23.9,34.8,80.22,0.57,64.17,0.48,30.8,0.67
2024-11-22,07:45,Inverted-V,62,TCT,409.4,24.1,36.3,79.75,0.65,63.8,0.55,34.9,0.67
2024-11-22,08:00,Inverted-V,62,TCT,459.9,24.3,37.8,79.28,0.74,63.42,0.62,39.1,0.67
2024-11-22,08:15,Inverted-V,62,TCT,497.9,24.5,39.0,78.9,0.8,63.12,0.67,42.1,0.67
2024-11-22,08:30,Inverted-V,62,TCT,535.8,24.8,40.2,78.52,0.86,62.82,0.72,45.2,0.67
2024-11-22,08:45,Inverted-V,62,TCT,573.8,25.0,41.4,78.14,0.92,62.51,0.77,48.2,0.67
2024-11-22,09:00,Inverted-V,62,TCT,611.7,25.3,42.6,77.76,0.98,62.21,0.82,51.2,0.67
2024-11-22,09:15,Inverted-V,62,TCT,629.8,25.5,43.2,77.56,1.01,62.04,0.85,52.6,0.67
2024-11-22,09:30,Inverted-V,62,TCT,647.9,25.7,43.9,77.35,1.04,61.88,0.87,54.0,0.67
2024-11-22,09:45,Inverted-V,62,TCT,666.0,25.9,44.5,77.14,1.07,61.71,0.9,55.4,0.67
2024-11-22,10:00,Inverted-V,62,TCT,684.1,26.1,45.2,76.93,1.1,61.54,0.92,56.8,0.67
2024-11-22,10:15,Inverted-V,62,TCT,716.6,26.3,46.2,76.62,1.16,61.3,0.97,59.3,0.67
2024-11-22,10:30,Inverted-V,62,TCT,749.2,26.4,47.2,76.31,1.21,61.05,1.01,61.8,0.67
2024-11-22,10:45,Inverted-V,62,TCT,781.7,26.6,48.1,76.0,1.26,60.8,1.06,64.3,0.67
2024-11-22,11:00,Inverted-V,62,TCT,814.2,26.8,49.1,75.69,1.32,60.55,1.1,66.8,0.67
2024-11-22,11:15,Inverted-V,62,TCT,803.4,26.8,48.9,75.76,1.3,60.61,1.09,65.9,0.67
2024-11-22,11:30,Inverted-V,62,TCT,792.7,26.9,48.7,75.83,1.28,60.67,1.07,65.1,0.67
2024-11-22,11:45,Inverted-V,62,TCT,781.9,26.9,48.4,75.9,1.26,60.72,1.06,64.3,0.67
2024-11-22,12:00,Inverted-V,62,TCT,771.2,26.9,48.2,75.98,1.25,60.78,1.04,63.4,0.67
2024-11-22,12:15,Inverted-V,62,TCT,747.3,27.0,47.7,76.15,1.21,60.92,1.01,61.6,0.67
2024-11-22,12:30,Inverted-V,62,TCT,723.5,27.0,47.1,76.32,1.17,61.06,0.98,59.7,0.67
2024-11-22,12:45,Inverted-V,62,TCT,699.7,27.1,46.6,76.49,1.13,61.2,0.95,57.9,0.67
2024-11-22,13:00,Inverted-V,62,TCT,675.8,27.1,46.0,76.67,1.09,61.33,0.91,56.0,0.67
2024-11-22,13:15,Inverted-V,62,TCT,627.6,27.1,44.8,77.05,1.01,61.64,0.85,52.2,0.67
2024-11-22,13:30,Inverted-V,62,TCT,579.3,27.1,43.6,77.43,0.93,61.95,0.78,48.3,0.67
2024-11-22,13:45,Inverted-V,62,TCT,531.0,27.1,42.4,77.82,0.85,62.25,0.71,44.5,0.67
2024-11-22,14:00,Inverted-V,62,TCT,482.7,27.1,41.2,78.2,0.77,62.56,0.65,40.6,0.67
2024-11-22,14:15,Inverted-V,62,TCT,434.3,27.1,39.9,78.6,0.7,62.88,0.58,36.7,0.67
2024-11-22,14:30,Inverted-V,62,TCT,385.8,27.0,38.7,78.99,0.62,63.19,0.52,32.7,0.67
2024-11-22,14:45,Inverted-V,62,TCT,337.4,27.0,37.4,79.39,0.54,63.51,0.45,28.7,0.67
2024-11-22,15:00,Inverted-V,62,TCT,288.9,27.0,36.2,79.78,0.46,63.83,0.39,24.7,0.67
2024-11-22,15:15,Inverted-V,62,TCT,242.4,26.9,35.0,80.17,0.39,64.13,0.32,20.8,0.67
2024-11-22,15:30,Inverted-V,62,TCT,196.0,26.9,33.8,80.55,0.31,64.44,0.26,16.8,0.67
2024-11-22,15:45,Inverted-V,62,TCT,149.5,26.8,32.6,80.94,0.24,64.75,0.2,12.9,0.67
2024-11-22,16:00,Inverted-V,62,TCT,103.0,26.8,31.3,81.32,0.16,65.06,0.14,8.9,0.67
2024-11-22,16:15,Inverted-V,62,TCT,78.3,26.5,30.5,81.6,0.12,65.28,0.1,6.8,0.67
2024-11-22,16:30,Inverted-V,62,TCT,53.7,26.3,29.6,81.87,0.09,65.5,0.07,4.7,0.67
2024-11-22,16:45,Inverted-V,62,TCT,29.0,26.0,28.7,82.15,0.05,65.72,0.04,2.5,0.67
2024-11-23,05:15,Inverted-V,62,TCT,16.3,22.5,24.9,83.35,0.03,66.68,0.02,1.4,0.67
2024-11-23,05:30,Inverted-V,62,TCT,32.6,22.6,25.4,83.2,0.05,66.56,0.04,2.9,0.67
2024-11-23,05:45,Inverted-V,62,TCT,48.9,22.6,25.9,83.05,0.08,66.44,0.06,4.3,0.67
2024-11-23,06:00,Inverted-V,62,TCT,65.3,22.7,26.3,82.91,0.1,66.33,0.09,5.7,0.67
2024-11-23,06:15,Inverted-V,62,TCT,102.4,23.0,27.5,82.52,0.16,66.02,0.14,9.0,0.67
2024-11-23,06:30,Inverted-V,62,TCT,139.5,23.3,28.7,82.14,0.22,65.71,0.19,12.2,0.67
2024-11-23,06:45,Inverted-V,62,TCT,176.7,23.5,30.0,81.76,0.28,65.41,0.23,15.4,0.67
2024-11-23,07:00,Inverted-V,62,TCT,213.8,23.8,31.2,81.38,0.34,65.1,0.28,18.5,0.67
2024-11-23,07:15,Inverted-V,62,TCT,255.2,24.3,32.7,80.9,0.41,64.72,0.34,22.0,0.67
2024-11-23,07:30,Inverted-V,62,TCT,296.5,24.7,34.1,80.43,0.47,64.35,0.4,25.5,0.67
2024-11-23,07:45,Inverted-V,62,TCT,337.8,25.2,35.6,79.96,0.54,63.97,0.45,28.9,0.67
2024-11-23,08:00,Inverted-V,62,TCT,379.1,25.6,37.1,79.49,0.61,63.59,0.51,32.3,0.67
2024-11-23,08:15,Inverted-V,62,TCT,416.9,26.1,38.5,79.05,0.67,63.24,0.56,35.3,0.67
2024-11-23,08:30,Inverted-V,62,TCT,454.7,26.5,39.9,78.61,0.73,62.89,0.61,38.4,0.67
2024-11-23,08:45,Inverted-V,62,TCT,492.5,27.0,41.3,78.17,0.79,62.54,0.66,41.4,0.67
2024-11-23,09:00,Inverted-V,62,TCT,530.3,27.4,42.7,77.73,0.85,62.19,0.71,44.4,0.67
2024-11-23,09:15,Inverted-V,62,TCT,578.0,27.7,44.2,77.26,0.93,61.8,0.78,48.2,0.67
2024-11-23,09:30,Inverted-V,62,TCT,625.7,28.0,45.7,76.78,1.01,61.42,0.84,51.9,0.67
2024-11-23,09:45,Inverted-V,62,TCT,673.4,28.4,47.2,76.3,1.09,61.04,0.91,55.6,0.67
2024-11-23,10:00,Inverted-V,62,TCT,721.1,28.7,48.7,75.82,1.17,60.66,0.98,59.2,0.67
2024-11-23,10:15,Inverted-V,62,TCT,733.4,28.9,49.2,75.66,1.19,60.53,0.99,60.1,0.67
2024-11-23,10:30,Inverted-V,62,TCT,745.8,29.1,49.7,75.5,1.21,60.4,1.01,61.1,0.67
2024-11-23,10:45,Inverted-V,62,TCT,758.1,29.3,50.2,75.34,1.23,60.27,1.03,62.0,0.67
2024-11-23,11:00,Inverted-V,62,TCT,770.4,29.5,50.7,75.18,1.25,60.15,1.05,62.9,0.67
2024-11-23,11:15,Inverted-V,62,TCT,742.4,29.6,50.1,75.37,1.2,60.3,1.01,60.7,0.67
2024-11-23,11:30,Inverted-V,62,TCT,714.4,29.7,49.5,75.56,1.16,60.45,0.97,58.5,0.67
2024-11-23,11:45,Inverted-V,62,TCT,686.4,29.8,48.9,75.75,1.11,60.6,0.93,56.3,0.67
2024-11-23,12:00,Inverted-V,62,TCT,658.3,29.9,48.3,75.93,1.06,60.75,0.89,54.1,0.67
2024-11-23,12:15,Inverted-V,62,TCT,617.4,29.9,47.3,76.26,1.0,61.0,0.83,50.9,0.67
2024-11-23,12:30,Inverted-V,62,TCT,576.5,29.9,46.3,76.58,0.93,61.26,0.78,47.7,0.67
2024-11-23,12:45,Inverted-V,62,TCT,535.6,29.9,45.3,76.9,0.86,61.52,0.72,44.5,0.67
2024-11-23,13:00,Inverted-V,62,TCT,494.7,29.9,44.3,77.22,0.8,61.77,0.67,41.2,0.67
2024-11-23,13:15,Inverted-V,62,TCT,468.5,29.9,43.6,77.43,0.75,61.95,0.63,39.1,0.67
2024-11-23,13:30,Inverted-V,62,TCT,442.2,29.9,42.9,77.65,0.71,62.12,0.6,37.0,0.67
2024-11-23,13:45,Inverted-V,62,TCT,416.0,29.9,42.3,77.86,0.67,62.29,0.56,34.9,0.67
2024-11-23,14:00,Inverted-V,62,TCT,389.8,29.8,41.6,78.08,0.63,62.46,0.52,32.7,0.67
2024-11-23,14:15,Inverted-V,62,TCT,349.5,29.7,40.5,78.43,0.56,62.75,0.47,29.5,0.67
2024-11-23,14:30,Inverted-V,62,TCT,309.2,29.6,39.3,78.79,0.5,63.03,0.41,26.1,0.67
2024-11-23,14:45,Inverted-V,62,TCT,269.0,29.5,38.2,79.14,0.43,63.31,0.36,22.8,0.67
2024-11-23,15:00,Inverted-V,62,TCT,228.7,29.4,37.1,79.49,0.37,63.59,0.31,19.5,0.67
2024-11-23,15:15,Inverted-V,62,TCT,192.8,29.1,36.0,79.85,0.31,63.88,0.26,16.5,0.67
2024-11-23,15:30,Inverted-V,62,TCT,156.8,28.9,34.8,80.22,0.25,64.17,0.21,13.4,0.67
2024-11-23,15:45,Inverted-V,62,TCT,120.9,28.6,33.7,80.58,0.19,64.47,0.16,10.4,0.67
2024-11-23,16:00,Inverted-V,62,TCT,85.0,28.4,32.5,80.95,0.14,64.76,0.11,7.3,0.67
2024-11-23,16:15,Inverted-V,62,TCT,65.0,27.9,31.5,81.26,0.1,65.01,0.09,5.6,0.67
2024-11-23,16:30,Inverted-V,62,TCT,44.9,27.4,30.6,81.57,0.07,65.26,0.06,3.9,0.67
2024-11-23,16:45,Inverted-V,62,TCT,24.9,26.9,29.6,81.88,0.04,65.51,0.03,2.2,0.67
2024-11-24,05:15,Inverted-V,62,TCT,20.5,22.7,25.2,83.26,0.03,66.61,0.03,1.8,0.67
2024-11-24,05:30,Inverted-V,62,TCT,41.1,22.9,25.9,83.04,0.06,66.43,0.05,3.6,0.67
2024-11-24,05:45,Inverted-V,62,TCT,61.6,23.1,26.6,82.82,0.1,66.26,0.08,5.4,0.67
2024-11-24,06:00,Inverted-V,62,TCT,82.1,23.2,27.3,82.6,0.13,66.08,0.11,7.2,0.67
2024-11-24,06:15,Inverted-V,62,TCT,130.5,23.7,29.0,82.07,0.21,65.65,0.17,11.4,0.67
2024-11-24,06:30,Inverted-V,62,TCT,178.9,24.2,30.7,81.54,0.28,65.23,0.24,15.5,0.67
2024-11-24,06:45,Inverted-V,62,TCT,227.3,24.6,32.3,81.01,0.36,64.81,0.3,19.6,0.67
2024-11-24,07:00,Inverted-V,62,TCT,275.7,25.1,34.0,80.48,0.44,64.38,0.37,23.7,0.67
2024-11-24,07:15,Inverted-V,62,TCT,325.7,25.6,35.7,79.94,0.52,63.95,0.44,27.8,0.67
2024-11-24,07:30,Inverted-V,62,TCT,375.7,26.0,37.4,79.4,0.6,63.52,0.5,32.0,0.67
2024-11-24,07:45,Inverted-V,62,TCT,425.6,26.4,39.1,78.87,0.68,63.09,0.57,36.0,0.67
2024-11-24,08:00,Inverted-V,62,TCT,475.6,26.9,40.8,78.33,0.76,62.66,0.64,40.0,0.67
2024-11-24,08:15,Inverted-V,62,TCT,527.3,27.2,42.4,77.82,0.85,62.26,0.71,44.2,0.67
2024-11-24,08:30,Inverted-V,62,TCT,579.0,27.5,44.0,77.31,0.93,61.85,0.78,48.3,0.67
2024-11-24,08:45,Inverted-V,62,TCT,630.7,27.9,45.6,76.79,1.02,61.44,0.85,52.3,0.67
2024-11-24,09:00,Inverted-V,62,TCT,682.5,28.2,47.3,76.28,1.1,61.03,0.92,56.3,0.67
2024-11-24,09:15,Inverted-V,62,TCT,691.2,28.4,47.7,76.14,1.12,60.91,0.94,56.9,0.67
2024-11-24,09:30,Inverted-V,62,TCT,699.9,28.7,48.2,75.99,1.13,60.79,0.95,57.6,0.67
2024-11-24,09:45,Inverted-V,62,TCT,708.7,28.9,48.6,75.84,1.15,60.67,0.96,58.2,0.67
2024-11-24,10:00,Inverted-V,62,TCT,717.4,29.2,49.1,75.69,1.16,60.56,0.97,58.8,0.67
2024-11-24,10:15,Inverted-V,62,TCT,711.9,29.3,49.1,75.69,1.15,60.55,0.96,58.4,0.67
2024-11-24,10:30,Inverted-V,62,TCT,706.4,29.5,49.2,75.68,1.14,60.54,0.96,57.9,0.67
2024-11-24,10:45,Inverted-V,62,TCT,700.9,29.7,49.2,75.67,1.13,60.53,0.95,57.5,0.67
2024-11-24,11:00,Inverted-V,62,TCT,695.4,29.8,49.2,75.66,1.12,60.53,0.94,57.0,0.67
2024-11-24,11:15,Inverted-V,62,TCT,690.3,29.9,49.1,75.68,1.12,60.55,0.94,56.6,0.67
2024-11-24,11:30,Inverted-V,62,TCT,685.2,29.9,49.1,75.71,1.11,60.57,0.93,56.2,0.67
2024-11-24,11:45,Inverted-V,62,TCT,680.1,30.0,49.0,75.73,1.1,60.59,0.92,55.8,0.67
2024-11-24,12:00,Inverted-V,62,TCT,675.1,30.0,48.9,75.76,1.09,60.61,0.91,55.4,0.67
2024-11-24,12:15,Inverted-V,62,TCT,638.2,30.0,47.9,76.07,1.03,60.86,0.86,52.5,0.67
2024-11-24,12:30,Inverted-V,62,TCT,601.3,29.9,46.9,76.39,0.97,61.11,0.81,49.7,0.67
2024-11-24,12:45,Inverted-V,62,TCT,564.4,29.8,45.9,76.7,0.91,61.36,0.76,46.8,0.67
2024-11-24,13:00,Inverted-V,62,TCT,527.6,29.8,44.9,77.01,0.85,61.61,0.71,43.9,0.67
2024-11-24,13:15,Inverted-V,62,TCT,489.3,29.6,43.9,77.35,0.79,61.88,0.66,40.8,0.67
2024-11-24,13:30,Inverted-V,62,TCT,450.9,29.5,42.8,77.69,0.72,62.15,0.61,37.7,0.67
2024-11-24,13:45,Inverted-V,62,TCT,412.6,29.4,41.8,78.02,0.66,62.42,0.55,34.6,0.67
2024-11-24,14:00,Inverted-V,62,TCT,374.3,29.3,40.7,78.36,0.6,62.69,0.5,31.5,0.67
2024-11-24,14:15,Inverted-V,62,TCT,335.6,29.2,39.5,78.72,0.54,62.98,0.45,28.4,0.67
2024-11-24,14:30,Inverted-V,62,TCT,297.0,29.0,38.4,79.08,0.48,63.27,0.4,25.2,0.67
2024-11-24,14:45,Inverted-V,62,TCT,258.3,28.8,37.3,79.44,0.41,63.55,0.35,22.0,0.67
2024-11-24,15:00,Inverted-V,62,TCT,219.7,28.6,36.1,79.8,0.35,63.84,0.29,18.8,0.67
2024-11-24,15:15,Inverted-V,62,TCT,186.6,28.4,35.0,80.15,0.3,64.12,0.25,16.0,0.67
2024-11-24,15:30,Inverted-V,62,TCT,153.4,28.1,33.9,80.5,0.24,64.4,0.2,13.2,0.67
2024-11-24,15:45,Inverted-V,62,TCT,120.3,27.8,32.8,80.84,0.19,64.68,0.16,10.4,0.67
2024-11-24,16:00,Inverted-V,62,TCT,87.1,27.6,31.7,81.19,0.14,64.95,0.12,7.5,0.67
2024-11-24,16:15,Inverted-V,62,TCT,66.4,27.2,30.8,81.49,0.11,65.19,0.09,5.8,0.67
2024-11-24,16:30,Inverted-V,62,TCT,45.7,26.7,29.9,81.78,0.07,65.42,0.06,4.0,0.67
2024-11-24,16:45,Inverted-V,62,TCT,25.0,26.3,29.0,82.08,0.04,65.66,0.03,2.2,0.67
2024-11-25,05:15,Inverted-V,62,TCT,17.2,22.6,25.0,83.31,0.03,66.65,0.02,1.5,0.67
2024-11-25,05:30,Inverted-V,62,TCT,34.3,22.7,25.6,83.14,0.05,66.51,0.05,3.0,0.67
2024-11-25,05:45,Inverted-V,62,TCT,51.5,22.9,26.2,82.96,0.08,66.37,0.07,4.5,0.67
2024-11-25,06:00,Inverted-V,62,TCT,68.7,23.0,26.7,82.78,0.11,66.22,0.09,6.0,0.67
2024-11-25,06:15,Inverted-V,62,TCT,111.6,23.3,28.1,82.35,0.18,65.88,0.15,9.8,0.67
2024-11-25,06:30,Inverted-V,62,TCT,154.6,23.6,29.5,81.91,0.25,65.53,0.21,13.5,0.67
2024-11-25,06:45,Inverted-V,62,TCT,197.5,23.9,30.8,81.48,0.31,65.18,0.26,17.1,0.67
2024-11-25,07:00,Inverted-V,62,TCT,240.4,24.2,32.2,81.05,0.38,64.84,0.32,20.8,0.67
2024-11-25,07:15,Inverted-V,62,TCT,286.7,24.4,33.6,80.6,0.46,64.48,0.38,24.7,0.67
2024-11-25,07:30,Inverted-V,62,TCT,332.9,24.7,35.0,80.16,0.53,64.13,0.44,28.5,0.67
2024-11-25,07:45,Inverted-V,62,TCT,379.2,24.9,36.4,79.72,0.61,63.77,0.51,32.4,0.67
2024-11-25,08:00,Inverted-V,62,TCT,425.5,25.2,37.8,79.27,0.68,63.42,0.57,36.1,0.67
2024-11-25,08:15,Inverted-V,62,TCT,471.3,25.4,39.2,78.85,0.75,63.08,0.63,39.9,0.67
2024-11-25,08:30,Inverted-V,62,TCT,517.1,25.6,40.5,78.42,0.83,62.74,0.69,43.6,0.67
2024-11-25,08:45,Inverted-V,62,TCT,562.9,25.8,41.8,77.99,0.9,62.4,0.76,47.2,0.67
2024-11-25,09:00,Inverted-V,62,TCT,608.7,26.0,43.2,77.57,0.98,62.05,0.82,50.9,0.67
2024-11-25,09:15,Inverted-V,62,TCT,641.7,26.1,44.2,77.25,1.03,61.8,0.87,53.5,0.67
2024-11-25,09:30,Inverted-V,62,TCT,674.6,26.3,45.2,76.93,1.09,61.55,0.91,56.0,0.67
2024-11-25,09:45,Inverted-V,62,TCT,707.5,26.5,46.2,76.62,1.14,61.29,0.96,58.6,0.67
2024-11-25,10:00,Inverted-V,62,TCT,740.5,26.7,47.2,76.3,1.2,61.04,1.0,61.1,0.67
2024-11-25,10:15,Inverted-V,62,TCT,728.6,26.8,47.0,76.35,1.18,61.08,0.98,60.2,0.67
2024-11-25,10:30,Inverted-V,62,TCT,716.8,27.0,46.9,76.4,1.16,61.12,0.97,59.2,0.67
2024-11-25,10:45,Inverted-V,62,TCT,704.9,27.1,46.7,76.44,1.14,61.15,0.95,58.3,0.67
2024-11-25,11:00,Inverted-V,62,TCT,693.1,27.3,46.6,76.49,1.12,61.19,0.94,57.3,0.67
2024-11-25,11:15,Inverted-V,62,TCT,623.6,27.4,45.0,77.01,1.0,61.61,0.84,51.8,0.67
2024-11-25,11:30,Inverted-V,62,TCT,554.2,27.4,43.3,77.53,0.89,62.03,0.75,46.3,0.67
2024-11-25,11:45,Inverted-V,62,TCT,484.7,27.5,41.7,78.05,0.78,62.44,0.65,40.7,0.67
2024-11-25,12:00,Inverted-V,62,TCT,415.3,27.6,40.0,78.57,0.67,62.86,0.56,35.0,0.67
2024-11-25,12:15,Inverted-V,62,TCT,420.5,27.7,40.2,78.53,0.67,62.82,0.56,35.5,0.67
2024-11-25,12:30,Inverted-V,62,TCT,425.8,27.7,40.3,78.48,0.68,62.78,0.57,35.9,0.67
2024-11-25,12:45,Inverted-V,62,TCT,431.1,27.7,40.5,78.43,0.69,62.74,0.58,36.3,0.67
2024-11-25,13:00,Inverted-V,62,TCT,436.4,27.7,40.6,78.38,0.7,62.7,0.59,36.8,0.67
2024-11-25,13:15,Inverted-V,62,TCT,401.3,27.7,39.7,78.67,0.64,62.94,0.54,33.9,0.67
2024-11-25,13:30,Inverted-V,62,TCT,366.2,27.6,38.8,78.96,0.59,63.17,0.49,31.0,0.67
2024-11-25,13:45,Inverted-V,62,TCT,331.1,27.6,37.9,79.25,0.53,63.4,0.44,28.1,0.67
2024-11-25,14:00,Inverted-V,62,TCT,296.0,27.6,36.9,79.54,0.47,63.64,0.4,25.2,0.67
2024-11-25,14:15,Inverted-V,62,TCT,267.8,27.4,36.1,79.8,0.43,63.84,0.36,22.9,0.67
2024-11-25,14:30,Inverted-V,62,TCT,239.6,27.3,35.3,80.06,0.38,64.05,0.32,20.5,0.67
2024-11-25,14:45,Inverted-V,62,TCT,211.5,27.2,34.5,80.33,0.34,64.26,0.28,18.1,0.67
2024-11-25,15:00,Inverted-V,62,TCT,183.3,27.1,33.7,80.59,0.29,64.47,0.24,15.8,0.67
2024-11-25,15:15,Inverted-V,62,TCT,155.7,26.9,32.7,80.88,0.25,64.7,0.21,13.4,0.67
2024-11-25,15:30,Inverted-V,62,TCT,128.2,26.6,31.8,81.17,0.2,64.93,0.17,11.1,0.67
2024-11-25,15:45,Inverted-V,62,TCT,100.6,26.4,30.9,81.46,0.16,65.16,0.13,8.7,0.67
2024-11-25,16:00,Inverted-V,62,TCT,73.0,26.2,30.0,81.75,0.12,65.4,0.1,6.3,0.67
2024-11-25,16:15,Inverted-V,62,TCT,55.8,25.8,29.2,81.99,0.09,65.59,0.07,4.9,0.67
2024-11-25,16:30,Inverted-V,62,TCT,38.5,25.5,28.5,82.23,0.06,65.78,0.05,3.4,0.67
2024-11-25,16:45,Inverted-V,62,TCT,21.2,25.2,27.7,82.47,0.03,65.98,0.03,1.9,0.67
2024-11-26,05:15,Inverted-V,62,TCT,11.3,22.3,24.5,83.47,0.02,66.78,0.01,1.0,0.67
2024-11-26,05:30,Inverted-V,62,TCT,22.5,22.3,24.9,83.36,0.04,66.69,0.03,2.0,0.67
2024-11-26,05:45,Inverted-V,62,TCT,33.8,22.4,25.3,83.25,0.05,66.6,0.04,3.0,0.67
2024-11-26,06:00,Inverted-V,62,TCT,45.1,22.5,25.6,83.14,0.07,66.51,0.06,4.0,0.67
2024-11-26,06:15,Inverted-V,62,TCT,67.8,22.7,26.4,82.88,0.11,66.31,0.09,6.0,0.67
2024-11-26,06:30,Inverted-V,62,TCT,90.5,22.9,27.2,82.63,0.14,66.1,0.12,7.9,0.67
2024-11-26,06:45,Inverted-V,62,TCT,113.3,23.2,28.0,82.38,0.18,65.9,0.15,9.9,0.67
2024-11-26,07:00,Inverted-V,62,TCT,136.0,23.4,28.8,82.12,0.22,65.7,0.18,11.9,0.67
2024-11-26,07:15,Inverted-V,62,TCT,162.0,23.6,29.7,81.85,0.26,65.48,0.22,14.1,0.67
2024-11-26,07:30,Inverted-V,62,TCT,188.0,23.8,30.5,81.58,0.3,65.26,0.25,16.3,0.67
2024-11-26,07:45,Inverted-V,62,TCT,214.0,24.0,31.4,81.31,0.34,65.05,0.28,18.5,0.67
2024-11-26,08:00,Inverted-V,62,TCT,240.0,24.2,32.2,81.04,0.38,64.83,0.32,20.7,0.67
2024-11-26,08:15,Inverted-V,62,TCT,247.7,24.5,32.7,80.9,0.39,64.72,0.33,21.4,0.67
2024-11-26,08:30,Inverted-V,62,TCT,255.4,24.7,33.1,80.76,0.41,64.61,0.34,22.0,0.67
2024-11-26,08:45,Inverted-V,62,TCT,263.0,25.0,33.5,80.63,0.42,64.5,0.35,22.6,0.67
2024-11-26,09:00,Inverted-V,62,TCT,270.7,25.2,34.0,80.49,0.43,64.39,0.36,23.3,0.67
2024-11-26,09:15,Inverted-V,62,TCT,268.4,25.4,34.2,80.43,0.43,64.34,0.36,23.1,0.67
2024-11-26,09:30,Inverted-V,62,TCT,266.2,25.7,34.3,80.37,0.42,64.3,0.36,22.8,0.67
2024-11-26,09:45,Inverted-V,62,TCT,263.9,25.9,34.5,80.31,0.42,64.25,0.35,22.6,0.67
2024-11-26,10:00,Inverted-V,62,TCT,261.7,26.2,34.7,80.26,0.42,64.2,0.35,22.4,0.67
2024-11-26,10:15,Inverted-V,62,TCT,254.2,26.4,34.7,80.24,0.41,64.19,0.34,21.8,0.67
2024-11-26,10:30,Inverted-V,62,TCT,246.8,26.6,34.8,80.23,0.39,64.19,0.33,21.2,0.67
2024-11-26,10:45,Inverted-V,62,TCT,239.3,26.8,34.8,80.22,0.38,64.18,0.32,20.5,0.67
2024-11-26,11:00,Inverted-V,62,TCT,231.9,27.1,34.9,80.21,0.37,64.17,0.31,19.9,0.67
2024-11-26,11:15,Inverted-V,62,TCT,219.4,27.2,34.7,80.27,0.35,64.22,0.29,18.8,0.67
2024-11-26,11:30,Inverted-V,62,TCT,206.9,27.3,34.4,80.34,0.33,64.27,0.28,17.8,0.67
2024-11-26,11:45,Inverted-V,62,TCT,194.4,27.4,34.2,80.4,0.31,64.32,0.26,16.7,0.67
2024-11-26,12:00,Inverted-V,62,TCT,182.0,27.5,34.0,80.47,0.29,64.37,0.24,15.6,0.67
2024-11-26,12:15,Inverted-V,62,TCT,183.2,27.4,34.0,80.49,0.29,64.39,0.24,15.7,0.67
2024-11-26,12:30,Inverted-V,62,TCT,184.5,27.3,33.9,80.51,0.29,64.41,0.25,15.9,0.67
2024-11-26,12:45,Inverted-V,62,TCT,185.7,27.2,33.8,80.53,0.3,64.43,0.25,16.0,0.67
2024-11-26,13:00,Inverted-V,62,TCT,186.9,27.1,33.8,80.56,0.3,64.44,0.25,16.1,0.67
2024-11-26,13:15,Inverted-V,62,TCT,172.0,27.0,33.3,80.71,0.27,64.57,0.23,14.8,0.67
2024-11-26,13:30,Inverted-V,62,TCT,157.1,26.8,32.8,80.87,0.25,64.7,0.21,13.5,0.67
2024-11-26,13:45,Inverted-V,62,TCT,142.2,26.7,32.3,81.03,0.23,64.82,0.19,12.3,0.67
2024-11-26,14:00,Inverted-V,62,TCT,127.3,26.6,31.8,81.19,0.2,64.95,0.17,11.0,0.67
2024-11-26,14:15,Inverted-V,62,TCT,115.5,26.5,31.4,81.31,0.18,65.05,0.15,10.0,0.67
2024-11-26,14:30,Inverted-V,62,TCT,103.7,26.4,31.0,81.44,0.16,65.15,0.14,9.0,0.67
2024-11-26,14:45,Inverted-V,62,TCT,91.9,26.3,30.6,81.56,0.15,65.25,0.12,8.0,0.67
2024-11-26,15:00,Inverted-V,62,TCT,80.0,26.2,30.2,81.68,0.13,65.35,0.11,7.0,0.67
2024-11-26,15:15,Inverted-V,62,TCT,68.3,26.1,29.8,81.81,0.11,65.45,0.09,5.9,0.67
2024-11-26,15:30,Inverted-V,62,TCT,56.6,26.0,29.4,81.94,0.09,65.55,0.08,4.9,0.67
2024-11-26,15:45,Inverted-V,62,TCT,44.9,25.8,29.0,82.07,0.07,65.66,0.06,3.9,0.67
2024-11-26,16:00,Inverted-V,62,TCT,33.2,25.7,28.6,82.2,0.05,65.76,0.04,2.9,0.67
2024-11-26,16:15,Inverted-V,62,TCT,25.3,25.5,28.2,82.32,0.04,65.86,0.03,2.2,0.67
2024-11-26,16:30,Inverted-V,62,TCT,17.5,25.3,27.8,82.45,0.03,65.96,0.02,1.5,0.67
2024-11-26,16:45,Inverted-V,62,TCT,9.7,25.1,27.4,82.57,0.02,66.06,0.01,0.9,0.67
2024-11-27,05:15,Inverted-V,62,TCT,6.9,22.6,24.7,83.42,0.01,66.73,0.01,0.6,0.67
2024-11-27,05:30,Inverted-V,62,TCT,13.8,22.6,24.9,83.35,0.02,66.68,0.02,1.2,0.67
2024-11-27,05:45,Inverted-V,62,TCT,20.7,22.6,25.2,83.28,0.03,66.62,0.03,1.8,0.67
2024-11-27,06:00,Inverted-V,62,TCT,27.6,22.7,25.4,83.2,0.04,66.56,0.04,2.4,0.67
2024-11-27,06:15,Inverted-V,62,TCT,41.4,22.9,25.9,83.04,0.07,66.43,0.05,3.6,0.67
2024-11-27,06:30,Inverted-V,62,TCT,55.3,23.1,26.4,82.87,0.09,66.3,0.07,4.9,0.67
2024-11-27,06:45,Inverted-V,62,TCT,69.2,23.2,27.0,82.7,0.11,66.16,0.09,6.1,0.67
2024-11-27,07:00,Inverted-V,62,TCT,83.1,23.4,27.5,82.53,0.13,66.03,0.11,7.3,0.67
2024-11-27,07:15,Inverted-V,62,TCT,98.5,23.7,28.1,82.34,0.16,65.87,0.13,8.6,0.67
2024-11-27,07:30,Inverted-V,62,TCT,113.9,23.9,28.7,82.14,0.18,65.72,0.15,9.9,0.67
2024-11-27,07:45,Inverted-V,62,TCT,129.3,24.1,29.4,81.95,0.21,65.56,0.17,11.3,0.67
2024-11-27,08:00,Inverted-V,62,TCT,144.8,24.4,30.0,81.75,0.23,65.4,0.19,12.6,0.67
2024-11-27,08:15,Inverted-V,62,TCT,181.1,24.6,31.1,81.39,0.29,65.11,0.24,15.7,0.67
2024-11-27,08:30,Inverted-V,62,TCT,217.4,24.9,32.3,81.02,0.35,64.82,0.29,18.8,0.67
2024-11-27,08:45,Inverted-V,62,TCT,253.8,25.1,33.5,80.65,0.4,64.52,0.34,21.8,0.67
2024-11-27,09:00,Inverted-V,62,TCT,290.1,25.4,34.6,80.28,0.46,64.23,0.39,24.9,0.67
2024-11-27,09:15,Inverted-V,62,TCT,291.7,25.6,34.8,80.21,0.47,64.17,0.39,25.0,0.67
2024-11-27,09:30,Inverted-V,62,TCT,293.4,25.8,35.1,80.13,0.47,64.11,0.39,25.1,0.67
2024-11-27,09:45,Inverted-V,62,TCT,295.0,25.9,35.3,80.06,0.47,64.05,0.39,25.2,0.67
2024-11-27,10:00,Inverted-V,62,TCT,296.6,26.1,35.6,79.99,0.47,63.99,0.4,25.4,0.67
2024-11-27,10:15,Inverted-V,62,TCT,278.4,26.3,35.2,80.09,0.44,64.07,0.37,23.8,0.67
2024-11-27,10:30,Inverted-V,62,TCT,260.1,26.4,34.9,80.2,0.41,64.16,0.35,22.3,0.67
2024-11-27,10:45,Inverted-V,62,TCT,241.9,26.5,34.5,80.31,0.39,64.25,0.32,20.8,0.67
2024-11-27,11:00,Inverted-V,62,TCT,223.6,26.6,34.2,80.42,0.36,64.33,0.3,19.2,0.67
2024-11-27,11:15,Inverted-V,62,TCT,210.0,26.7,33.9,80.5,0.33,64.4,0.28,18.0,0.67
2024-11-27,11:30,Inverted-V,62,TCT,196.4,26.8,33.7,80.58,0.31,64.47,0.26,16.9,0.67
2024-11-27,11:45,Inverted-V,62,TCT,182.7,26.8,33.4,80.67,0.29,64.53,0.24,15.7,0.67
2024-11-27,12:00,Inverted-V,62,TCT,169.1,26.9,33.1,80.75,0.27,64.6,0.23,14.6,0.67
2024-11-27,12:15,Inverted-V,62,TCT,172.5,27.0,33.3,80.71,0.27,64.56,0.23,14.9,0.67
2024-11-27,12:30,Inverted-V,62,TCT,176.0,27.0,33.4,80.66,0.28,64.53,0.23,15.1,0.67
2024-11-27,12:45,Inverted-V,62,TCT,179.5,27.1,33.6,80.61,0.29,64.49,0.24,15.4,0.67
2024-11-27,13:00,Inverted-V,62,TCT,182.9,27.1,33.7,80.57,0.29,64.45,0.24,15.7,0.67
2024-11-27,13:15,Inverted-V,62,TCT,170.7,27.1,33.4,80.67,0.27,64.53,0.23,14.7,0.67
2024-11-27,13:30,Inverted-V,62,TCT,158.4,27.1,33.1,80.77,0.25,64.61,0.21,13.6,0.67
2024-11-27,13:45,Inverted-V,62,TCT,146.2,27.1,32.8,80.87,0.23,64.69,0.19,12.6,0.67
2024-11-27,14:00,Inverted-V,62,TCT,133.9,27.1,32.5,80.97,0.21,64.77,0.18,11.6,0.67
2024-11-27,14:15,Inverted-V,62,TCT,121.8,27.0,32.1,81.09,0.19,64.87,0.16,10.5,0.67
2024-11-27,14:30,Inverted-V,62,TCT,109.7,26.9,31.7,81.21,0.17,64.97,0.15,9.5,0.67
2024-11-27,14:45,Inverted-V,62,TCT,97.6,26.8,31.3,81.34,0.16,65.07,0.13,8.5,0.67
2024-11-27,15:00,Inverted-V,62,TCT,85.5,26.8,30.9,81.46,0.14,65.17,0.11,7.4,0.67
2024-11-27,15:15,Inverted-V,62,TCT,73.6,26.6,30.4,81.62,0.12,65.29,0.1,6.4,0.67
2024-11-27,15:30,Inverted-V,62,TCT,61.7,26.4,29.9,81.77,0.1,65.42,0.08,5.4,0.67
2024-11-27,15:45,Inverted-V,62,TCT,49.8,26.2,29.4,81.92,0.08,65.54,0.07,4.3,0.67
2024-11-27,16:00,Inverted-V,62,TCT,37.9,26.0,28.9,82.08,0.06,65.66,0.05,3.3,0.67
2024-11-27,16:15,Inverted-V,62,TCT,29.1,25.7,28.5,82.23,0.05,65.79,0.04,2.5,0.67
2024-11-27,16:30,Inverted-V,62,TCT,20.2,25.5,28.0,82.39,0.03,65.91,0.03,1.8,0.67
2024-11-27,16:45,Inverted-V,62,TCT,11.3,25.2,27.5,82.54,0.02,66.03,0.02,1.0,0.67
2024-11-28,05:15,Inverted-V,62,TCT,10.9,22.5,24.7,83.41,0.02,66.73,0.01,1.0,0.67
2024-11-28,05:30,Inverted-V,62,TCT,21.7,22.6,25.1,83.29,0.03,66.63,0.03,1.9,0.67
2024-11-28,05:45,Inverted-V,62,TCT,32.6,22.7,25.5,83.17,0.05,66.54,0.04,2.9,0.67
2024-11-28,06:00,Inverted-V,62,TCT,43.4,22.8,25.9,83.06,0.07,66.45,0.06,3.8,0.67
2024-11-28,06:15,Inverted-V,62,TCT,68.2,23.0,26.7,82.78,0.11,66.22,0.09,6.0,0.67
2024-11-28,06:30,Inverted-V,62,TCT,93.0,23.3,27.6,82.5,0.15,66.0,0.12,8.1,0.67
2024-11-28,06:45,Inverted-V,62,TCT,117.8,23.5,28.5,82.22,0.19,65.78,0.16,10.3,0.67
2024-11-28,07:00,Inverted-V,62,TCT,142.6,23.8,29.4,81.95,0.23,65.56,0.19,12.4,0.67
2024-11-28,07:15,Inverted-V,62,TCT,159.3,24.0,30.0,81.74,0.25,65.39,0.21,13.8,0.67
2024-11-28,07:30,Inverted-V,62,TCT,175.9,24.3,30.7,81.53,0.28,65.22,0.23,15.3,0.67
2024-11-28,07:45,Inverted-V,62,TCT,192.6,24.5,31.3,81.32,0.31,65.05,0.26,16.7,0.67
2024-11-28,08:00,Inverted-V,62,TCT,209.2,24.8,32.0,81.11,0.33,64.89,0.28,18.1,0.67
2024-11-28,08:15,Inverted-V,62,TCT,254.3,25.1,33.5,80.64,0.4,64.51,0.34,21.9,0.67
2024-11-28,08:30,Inverted-V,62,TCT,299.3,25.5,35.0,80.17,0.48,64.14,0.4,25.6,0.67
2024-11-28,08:45,Inverted-V,62,TCT,344.4,25.8,36.4,79.7,0.55,63.76,0.46,29.4,0.67
2024-11-28,09:00,Inverted-V,62,TCT,389.4,26.2,37.9,79.24,0.62,63.39,0.52,33.1,0.67
2024-11-28,09:15,Inverted-V,62,TCT,412.8,26.5,38.8,78.94,0.66,63.15,0.55,35.0,0.67
2024-11-28,09:30,Inverted-V,62,TCT,436.3,26.9,39.8,78.65,0.7,62.92,0.59,36.8,0.67
2024-11-28,09:45,Inverted-V,62,TCT,459.7,27.2,40.7,78.36,0.74,62.69,0.62,38.7,0.67
2024-11-28,10:00,Inverted-V,62,TCT,483.1,27.5,41.6,78.07,0.78,62.45,0.65,40.6,0.67
2024-11-28,10:15,Inverted-V,62,TCT,500.4,27.8,42.3,77.86,0.8,62.29,0.67,41.9,0.67
2024-11-28,10:30,Inverted-V,62,TCT,517.7,28.0,42.9,77.66,0.83,62.12,0.7,43.3,0.67
2024-11-28,10:45,Inverted-V,62,TCT,535.0,28.2,43.6,77.45,0.86,61.96,0.72,44.7,0.67
2024-11-28,11:00,Inverted-V,62,TCT,552.3,28.4,44.2,77.25,0.89,61.8,0.74,46.0,0.67
2024-11-28,11:15,Inverted-V,62,TCT,540.9,28.6,44.1,77.28,0.87,61.83,0.73,45.1,0.67
2024-11-28,11:30,Inverted-V,62,TCT,529.5,28.7,44.0,77.32,0.85,61.86,0.71,44.1,0.67
2024-11-28,11:45,Inverted-V,62,TCT,518.1,28.9,43.8,77.36,0.83,61.89,0.7,43.2,0.67
2024-11-28,12:00,Inverted-V,62,TCT,506.7,29.1,43.7,77.4,0.82,61.92,0.68,42.3,0.67
2024-11-28,12:15,Inverted-V,62,TCT,459.9,29.2,42.7,77.74,0.74,62.19,0.62,38.5,0.67
2024-11-28,12:30,Inverted-V,62,TCT,413.1,29.3,41.6,78.08,0.66,62.46,0.56,34.7,0.67
2024-11-28,12:45,Inverted-V,62,TCT,366.2,29.4,40.5,78.41,0.59,62.73,0.49,30.9,0.67
2024-11-28,13:00,Inverted-V,62,TCT,319.4,29.5,39.4,78.75,0.51,63.0,0.43,27.0,0.67
2024-11-28,13:15,Inverted-V,62,TCT,300.4,29.4,39.0,78.91,0.48,63.13,0.4,25.4,0.67
2024-11-28,13:30,Inverted-V,62,TCT,281.5,29.4,38.5,79.06,0.45,63.25,0.38,23.9,0.67
2024-11-28,13:45,Inverted-V,62,TCT,262.5,29.4,38.0,79.22,0.42,63.37,0.35,22.3,0.67
2024-11-28,14:00,Inverted-V,62,TCT,243.6,29.4,37.5,79.37,0.39,63.5,0.33,20.7,0.67
2024-11-28,14:15,Inverted-V,62,TCT,219.6,29.3,36.7,79.61,0.35,63.69,0.29,18.7,0.67
2024-11-28,14:30,Inverted-V,62,TCT,195.7,29.1,36.0,79.84,0.31,63.87,0.26,16.7,0.67
2024-11-28,14:45,Inverted-V,62,TCT,171.7,29.0,35.3,80.08,0.27,64.06,0.23,14.7,0.67
2024-11-28,15:00,Inverted-V,62,TCT,147.8,28.8,34.5,80.31,0.24,64.25,0.2,12.7,0.67
2024-11-28,15:15,Inverted-V,62,TCT,123.1,28.5,33.6,80.61,0.2,64.48,0.16,10.6,0.67
2024-11-28,15:30,Inverted-V,62,TCT,98.3,28.2,32.7,80.9,0.16,64.72,0.13,8.5,0.67
2024-11-28,15:45,Inverted-V,62,TCT,73.6,27.9,31.7,81.19,0.12,64.95,0.1,6.4,0.67
2024-11-28,16:00,Inverted-V,62,TCT,48.9,27.6,30.8,81.49,0.08,65.19,0.07,4.2,0.67
2024-11-28,16:15,Inverted-V,62,TCT,37.5,27.2,30.1,81.71,0.06,65.37,0.05,3.3,0.67
2024-11-28,16:30,Inverted-V,62,TCT,26.1,26.8,29.4,81.93,0.04,65.54,0.03,2.3,0.67
2024-11-28,16:45,Inverted-V,62,TCT,14.6,26.4,28.7,82.15,0.02,65.72,0.02,1.3,0.67
2024-11-29,05:15,Inverted-V,62,TCT,8.7,23.0,25.2,83.27,0.01,66.62,0.01,0.8,0.67
2024-11-29,05:30,Inverted-V,62,TCT,17.5,23.0,25.5,83.18,0.03,66.54,0.02,1.5,0.67
2024-11-29,05:45,Inverted-V,62,TCT,26.2,23.1,25.8,83.09,0.04,66.47,0.03,2.3,0.67
2024-11-29,06:00,Inverted-V,62,TCT,35.0,23.2,26.1,82.99,0.06,66.39,0.05,3.1,0.67
2024-11-29,06:15,Inverted-V,62,TCT,55.8,23.4,26.8,82.76,0.09,66.2,0.07,4.9,0.67
2024-11-29,06:30,Inverted-V,62,TCT,76.6,23.6,27.5,82.52,0.12,66.02,0.1,6.7,0.67
2024-11-29,06:45,Inverted-V,62,TCT,97.4,23.9,28.3,82.29,0.15,65.83,0.13,8.5,0.67
2024-11-29,07:00,Inverted-V,62,TCT,118.2,24.1,29.0,82.05,0.19,65.64,0.16,10.3,0.67
2024-11-29,07:15,Inverted-V,62,TCT,154.2,24.3,30.1,81.7,0.24,65.36,0.2,13.4,0.67
2024-11-29,07:30,Inverted-V,62,TCT,190.2,24.5,31.2,81.35,0.3,65.08,0.25,16.5,0.67
2024-11-29,07:45,Inverted-V,62,TCT,226.2,24.7,32.3,81.0,0.36,64.8,0.3,19.5,0.67
2024-11-29,08:00,Inverted-V,62,TCT,262.1,24.9,33.5,80.65,0.42,64.52,0.35,22.6,0.67
2024-11-29,08:15,Inverted-V,62,TCT,293.5,25.2,34.5,80.32,0.47,64.26,0.39,25.2,0.67
2024-11-29,08:30,Inverted-V,62,TCT,324.8,25.4,35.5,79.99,0.52,63.99,0.43,27.8,0.67
2024-11-29,08:45,Inverted-V,62,TCT,356.1,25.7,36.6,79.66,0.57,63.73,0.48,30.4,0.67
2024-11-29,09:00,Inverted-V,62,TCT,387.5,25.9,37.6,79.33,0.62,63.46,0.52,32.9,0.67
2024-11-29,09:15,Inverted-V,62,TCT,421.7,26.2,38.7,78.99,0.68,63.19,0.57,35.7,0.67
2024-11-29,09:30,Inverted-V,62,TCT,455.8,26.4,39.8,78.65,0.73,62.92,0.61,38.5,0.67
2024-11-29,09:45,Inverted-V,62,TCT,490.0,26.6,40.9,78.31,0.79,62.65,0.66,41.2,0.67
2024-11-29,10:00,Inverted-V,62,TCT,524.2,26.8,41.9,77.97,0.84,62.37,0.71,44.0,0.67
2024-11-29,10:15,Inverted-V,62,TCT,536.9,27.0,42.4,77.82,0.86,62.26,0.72,45.0,0.67
2024-11-29,10:30,Inverted-V,62,TCT,549.6,27.1,42.9,77.67,0.88,62.14,0.74,46.0,0.67
2024-11-29,10:45,Inverted-V,62,TCT,562.3,27.3,43.3,77.52,0.9,62.02,0.76,47.0,0.67
2024-11-29,11:00,Inverted-V,62,TCT,575.0,27.4,43.8,77.37,0.93,61.9,0.77,48.0,0.67
2024-11-29,11:15,Inverted-V,62,TCT,559.0,27.6,43.6,77.45,0.9,61.96,0.75,46.7,0.67
2024-11-29,11:30,Inverted-V,62,TCT,543.0,27.8,43.3,77.52,0.87,62.02,0.73,45.4,0.67
2024-11-29,11:45,Inverted-V,62,TCT,527.0,27.9,43.1,77.6,0.85,62.08,0.71,44.1,0.67
2024-11-29,12:00,Inverted-V,62,TCT,510.9,28.1,42.8,77.68,0.82,62.14,0.69,42.7,0.67
2024-11-29,12:15,Inverted-V,62,TCT,489.2,28.2,42.4,77.82,0.79,62.25,0.66,41.0,0.67
2024-11-29,12:30,Inverted-V,62,TCT,467.5,28.3,42.0,77.96,0.75,62.36,0.63,39.2,0.67
2024-11-29,12:45,Inverted-V,62,TCT,445.8,28.4,41.5,78.09,0.72,62.47,0.6,37.4,0.67
2024-11-29,13:00,Inverted-V,62,TCT,424.1,28.5,41.1,78.23,0.68,62.59,0.57,35.7,0.67
2024-11-29,13:15,Inverted-V,62,TCT,391.1,28.5,40.3,78.48,0.63,62.79,0.53,33.0,0.67
2024-11-29,13:30,Inverted-V,62,TCT,358.1,28.6,39.5,78.73,0.57,62.98,0.48,30.3,0.67
2024-11-29,13:45,Inverted-V,62,TCT,325.1,28.6,38.7,78.98,0.52,63.18,0.44,27.5,0.67
2024-11-29,14:00,Inverted-V,62,TCT,292.1,28.6,37.9,79.23,0.47,63.38,0.39,24.8,0.67
2024-11-29,14:15,Inverted-V,62,TCT,264.7,28.6,37.2,79.47,0.42,63.58,0.35,22.5,0.67
2024-11-29,14:30,Inverted-V,62,TCT,237.2,28.5,36.4,79.71,0.38,63.77,0.32,20.2,0.67
2024-11-29,14:45,Inverted-V,62,TCT,209.8,28.4,35.7,79.95,0.33,63.96,0.28,17.9,0.67
2024-11-29,15:00,Inverted-V,62,TCT,182.3,28.4,34.9,80.19,0.29,64.15,0.24,15.6,0.67
2024-11-29,15:15,Inverted-V,62,TCT,152.5,28.2,34.0,80.48,0.24,64.39,0.2,13.1,0.67
2024-11-29,15:30,Inverted-V,62,TCT,122.7,28.0,33.1,80.77,0.2,64.62,0.16,10.6,0.67
2024-11-29,15:45,Inverted-V,62,TCT,92.8,27.8,32.1,81.07,0.15,64.85,0.12,8.0,0.67
2024-11-29,16:00,Inverted-V,62,TCT,63.0,27.6,31.2,81.36,0.1,65.09,0.08,5.5,0.67
2024-11-29,16:15,Inverted-V,62,TCT,48.2,27.3,30.5,81.58,0.08,65.27,0.06,4.2,0.67
2024-11-29,16:30,Inverted-V,62,TCT,33.5,26.9,29.8,81.81,0.05,65.45,0.04,2.9,0.67
2024-11-29,16:45,Inverted-V,62,TCT,18.7,26.6,29.1,82.04,0.03,65.63,0.02,1.6,0.67
2024-11-30,05:15,Inverted-V,62,TCT,12.8,23.5,25.8,83.06,0.02,66.45,0.02,1.1,0.67
2024-11-30,05:30,Inverted-V,62,TCT,25.6,23.6,26.2,82.93,0.04,66.35,0.03,2.2,0.67
2024-11-30,05:45,Inverted-V,62,TCT,38.4,23.7,26.6,82.81,0.06,66.24,0.05,3.4,0.67
2024-11-30,06:00,Inverted-V,62,TCT,51.2,23.8,27.1,82.68,0.08,66.14,0.07,4.5,0.67
2024-11-30,06:15,Inverted-V,62,TCT,84.1,24.0,28.1,82.35,0.13,65.88,0.11,7.4,0.67
2024-11-30,06:30,Inverted-V,62,TCT,117.0,24.2,29.1,82.03,0.19,65.62,0.16,10.2,0.67
2024-11-30,06:45,Inverted-V,62,TCT,149.9,24.4,30.1,81.7,0.24,65.36,0.2,13.0,0.67
2024-11-30,07:00,Inverted-V,62,TCT,182.8,24.6,31.2,81.37,0.29,65.1,0.24,15.8,0.67
2024-11-30,07:15,Inverted-V,62,TCT,222.8,24.8,32.3,81.01,0.35,64.81,0.3,19.2,0.67
2024-11-30,07:30,Inverted-V,62,TCT,262.7,24.9,33.5,80.64,0.42,64.51,0.35,22.6,0.67
2024-11-30,07:45,Inverted-V,62,TCT,302.6,25.1,34.6,80.27,0.48,64.22,0.4,26.0,0.67
2024-11-30,08:00,Inverted-V,62,TCT,342.5,25.2,35.8,79.91,0.55,63.93,0.46,29.3,0.67
2024-11-30,08:15,Inverted-V,62,TCT,373.4,25.4,36.8,79.6,0.6,63.68,0.5,31.8,0.67
2024-11-30,08:30,Inverted-V,62,TCT,404.3,25.6,37.7,79.29,0.65,63.44,0.54,34.4,0.67
2024-11-30,08:45,Inverted-V,62,TCT,435.1,25.8,38.7,78.99,0.7,63.19,0.58,36.9,0.67
2024-11-30,09:00,Inverted-V,62,TCT,466.0,26.0,39.7,78.68,0.75,62.95,0.63,39.4,0.67
2024-11-30,09:15,Inverted-V,62,TCT,475.3,26.2,40.1,78.55,0.76,62.84,0.64,40.1,0.67
2024-11-30,09:30,Inverted-V,62,TCT,484.6,26.4,40.5,78.42,0.78,62.73,0.65,40.8,0.67
2024-11-30,09:45,Inverted-V,62,TCT,493.9,26.6,40.9,78.29,0.79,62.63,0.66,41.6,0.67
2024-11-30,10:00,Inverted-V,62,TCT,503.2,26.8,41.3,78.15,0.81,62.52,0.68,42.3,0.67
2024-11-30,10:15,Inverted-V,62,TCT,505.3,26.9,41.6,78.08,0.81,62.46,0.68,42.4,0.67
2024-11-30,10:30,Inverted-V,62,TCT,507.5,27.1,41.8,78.01,0.82,62.41,0.68,42.6,0.67
2024-11-30,10:45,Inverted-V,62,TCT,509.7,27.3,42.0,77.93,0.82,62.35,0.69,42.8,0.67
2024-11-30,11:00,Inverted-V,62,TCT,511.9,27.5,42.3,77.86,0.82,62.29,0.69,42.9,0.67
2024-11-30,11:15,Inverted-V,62,TCT,504.8,27.6,42.3,77.86,0.81,62.29,0.68,42.3,0.67
2024-11-30,11:30,Inverted-V,62,TCT,497.7,27.8,42.2,77.87,0.8,62.29,0.67,41.7,0.67
2024-11-30,11:45,Inverted-V,62,TCT,490.5,28.0,42.2,77.87,0.79,62.3,0.66,41.1,0.67
2024-11-30,12:00,Inverted-V,62,TCT,483.4,28.1,42.2,77.88,0.78,62.3,0.65,40.5,0.67
2024-11-30,12:15,Inverted-V,62,TCT,480.1,28.3,42.3,77.84,0.77,62.27,0.65,40.2,0.67
2024-11-30,12:30,Inverted-V,62,TCT,476.7,28.5,42.4,77.81,0.77,62.25,0.64,39.9,0.67
2024-11-30,12:45,Inverted-V,62,TCT,473.4,28.7,42.5,77.77,0.76,62.22,0.64,39.6,0.67
2024-11-30,13:00,Inverted-V,62,TCT,470.1,28.9,42.7,77.74,0.76,62.19,0.63,39.4,0.67
2024-11-30,13:15,Inverted-V,62,TCT,420.3,29.0,41.5,78.11,0.67,62.49,0.57,35.3,0.67
2024-11-30,13:30,Inverted-V,62,TCT,370.5,29.0,40.3,78.49,0.59,62.79,0.5,31.2,0.67
2024-11-30,13:45,Inverted-V,62,TCT,320.7,29.1,39.1,78.86,0.51,63.09,0.43,27.1,0.67
2024-11-30,14:00,Inverted-V,62,TCT,270.9,29.1,37.9,79.24,0.43,63.39,0.36,23.0,0.67
2024-11-30,14:15,Inverted-V,62,TCT,246.0,29.1,37.3,79.45,0.39,63.56,0.33,20.9,0.67
2024-11-30,14:30,Inverted-V,62,TCT,221.2,29.1,36.6,79.65,0.35,63.72,0.3,18.9,0.67
2024-11-30,14:45,Inverted-V,62,TCT,196.4,29.0,36.0,79.86,0.31,63.89,0.26,16.8,0.67
2024-11-30,15:00,Inverted-V,62,TCT,171.6,29.0,35.3,80.07,0.27,64.05,0.23,14.7,0.67
2024-11-30,15:15,Inverted-V,62,TCT,144.9,28.8,34.4,80.35,0.23,64.28,0.19,12.4,0.67
2024-11-30,15:30,Inverted-V,62,TCT,118.2,28.6,33.5,80.63,0.19,64.5,0.16,10.2,0.67
2024-11-30,15:45,Inverted-V,62,TCT,91.6,28.4,32.7,80.9,0.15,64.72,0.12,7.9,0.67
2024-11-30,16:00,Inverted-V,62,TCT,64.9,28.1,31.8,81.18,0.1,64.95,0.09,5.6,0.67
2024-11-30,16:15,Inverted-V,62,TCT,49.7,27.8,31.0,81.42,0.08,65.14,0.07,4.3,0.67
2024-11-30,16:30,Inverted-V,62,TCT,34.5,27.4,30.3,81.66,0.05,65.33,0.05,3.0,0.67
2024-11-30,16:45,Inverted-V,62,TCT,19.4,27.0,29.5,81.9,0.03,65.52,0.03,1.7,0.67
2024-12-01,05:15,Inverted-V,62,TCT,8.9,24.3,26.5,82.85,0.01,66.28,0.01,0.8,0.67
2024-12-01,05:30,Inverted-V,62,TCT,17.7,24.4,26.8,82.75,0.03,66.2,0.02,1.6,0.67
2024-12-01,05:45,Inverted-V,62,TCT,26.6,24.5,27.1,82.65,0.04,66.12,0.04,2.3,0.67
2024-12-01,06:00,Inverted-V,62,TCT,35.4,24.6,27.4,82.56,0.06,66.05,0.05,3.1,0.67
2024-12-01,06:15,Inverted-V,62,TCT,55.4,24.8,28.2,82.3,0.09,65.84,0.07,4.8,0.67
2024-12-01,06:30,Inverted-V,62,TCT,75.3,25.1,29.0,82.05,0.12,65.64,0.1,6.6,0.67
2024-12-01,06:45,Inverted-V,62,TCT,95.3,25.4,29.8,81.8,0.15,65.44,0.13,8.3,0.67
2024-12-01,07:00,Inverted-V,62,TCT,115.3,25.7,30.6,81.55,0.18,65.24,0.15,10.0,0.67
2024-12-01,07:15,Inverted-V,62,TCT,140.3,26.2,31.7,81.2,0.22,64.96,0.19,12.1,0.67
2024-12-01,07:30,Inverted-V,62,TCT,165.4,26.7,32.8,80.85,0.26,64.68,0.22,14.3,0.67
2024-12-01,07:45,Inverted-V,62,TCT,190.5,27.2,33.9,80.5,0.3,64.4,0.25,16.4,0.67
2024-12-01,08:00,Inverted-V,62,TCT,215.6,27.7,35.0,80.15,0.34,64.12,0.29,18.5,0.67
2024-12-01,08:15,Inverted-V,62,TCT,225.7,28.2,35.8,79.9,0.36,63.92,0.3,19.3,0.67
2024-12-01,08:30,Inverted-V,62,TCT,235.9,28.7,36.6,79.66,0.38,63.73,0.32,20.1,0.67
2024-12-01,08:45,Inverted-V,62,TCT,246.0,29.2,37.3,79.42,0.39,63.54,0.33,20.9,0.67
2024-12-01,09:00,Inverted-V,62,TCT,256.2,29.7,38.1,79.18,0.41,63.34,0.34,21.7,0.67
2024-12-01,09:15,Inverted-V,62,TCT,268.5,30.1,38.8,78.97,0.43,63.18,0.36,22.7,0.67
2024-12-01,09:30,Inverted-V,62,TCT,280.7,30.4,39.4,78.76,0.45,63.01,0.38,23.7,0.67
2024-12-01,09:45,Inverted-V,62,TCT,293.0,30.8,40.1,78.55,0.47,62.84,0.39,24.7,0.67
2024-12-01,10:00,Inverted-V,62,TCT,305.3,31.1,40.7,78.34,0.49,62.67,0.41,25.7,0.67
2024-12-01,10:15,Inverted-V,62,TCT,348.3,31.3,42.0,77.95,0.56,62.36,0.47,29.2,0.67
2024-12-01,10:30,Inverted-V,62,TCT,391.4,31.4,43.2,77.56,0.63,62.04,0.53,32.7,0.67
2024-12-01,10:45,Inverted-V,62,TCT,434.4,31.6,44.5,77.16,0.7,61.73,0.59,36.2,0.67
2024-12-01,11:00,Inverted-V,62,TCT,477.4,31.8,45.7,76.77,0.77,61.41,0.64,39.6,0.67
2024-12-01,11:15,Inverted-V,62,TCT,434.5,31.8,44.7,77.1,0.7,61.68,0.59,36.1,0.67
2024-12-01,11:30,Inverted-V,62,TCT,391.5,31.9,43.6,77.43,0.63,61.94,0.53,32.7,0.67
2024-12-01,11:45,Inverted-V,62,TCT,348.6,31.9,42.6,77.76,0.56,62.2,0.47,29.2,0.67
2024-12-01,12:00,Inverted-V,62,TCT,305.6,31.9,41.6,78.08,0.49,62.47,0.41,25.7,0.67
2024-12-01,12:15,Inverted-V,62,TCT,303.9,31.8,41.4,78.12,0.49,62.5,0.41,25.5,0.67
2024-12-01,12:30,Inverted-V,62,TCT,302.3,31.8,41.3,78.16,0.49,62.53,0.41,25.4,0.67
2024-12-01,12:45,Inverted-V,62,TCT,300.6,31.7,41.2,78.2,0.48,62.56,0.4,25.3,0.67
2024-12-01,13:00,Inverted-V,62,TCT,298.9,31.6,41.1,78.24,0.48,62.59,0.4,25.1,0.67
2024-12-01,13:15,Inverted-V,62,TCT,260.8,31.4,40.0,78.59,0.42,62.87,0.35,22.0,0.67
2024-12-01,13:30,Inverted-V,62,TCT,222.8,31.3,38.9,78.94,0.36,63.15,0.3,18.9,0.67
2024-12-01,13:45,Inverted-V,62,TCT,184.7,31.1,37.8,79.29,0.3,63.43,0.25,15.7,0.67
2024-12-01,14:00,Inverted-V,62,TCT,146.7,31.0,36.6,79.64,0.23,63.71,0.2,12.5,0.67
2024-12-01,14:15,Inverted-V,62,TCT,134.1,30.8,36.1,79.81,0.21,63.85,0.18,11.5,0.67
2024-12-01,14:30,Inverted-V,62,TCT,121.6,30.5,35.6,79.98,0.19,63.98,0.16,10.4,0.67
2024-12-01,14:45,Inverted-V,62,TCT,109.0,30.3,35.1,80.14,0.17,64.12,0.15,9.3,0.67
2024-12-01,15:00,Inverted-V,62,TCT,96.5,30.1,34.5,80.31,0.15,64.25,0.13,8.3,0.67
2024-12-01,15:15,Inverted-V,62,TCT,83.0,29.8,33.9,80.52,0.13,64.42,0.11,7.1,0.67
2024-12-01,15:30,Inverted-V,62,TCT,69.4,29.5,33.2,80.73,0.11,64.59,0.09,6.0,0.67
2024-12-01,15:45,Inverted-V,62,TCT,55.9,29.1,32.5,80.95,0.09,64.76,0.07,4.8,0.67
2024-12-01,16:00,Inverted-V,62,TCT,42.4,28.8,31.9,81.16,0.07,64.92,0.06,3.7,0.67
2024-12-01,16:15,Inverted-V,62,TCT,32.4,28.4,31.2,81.36,0.05,65.08,0.04,2.8,0.67
2024-12-01,16:30,Inverted-V,62,TCT,22.4,28.0,30.6,81.56,0.04,65.25,0.03,1.9,0.67
2024-12-01,16:45,Inverted-V,62,TCT,12.4,27.7,30.0,81.76,0.02,65.41,0.02,1.1,0.67
2024-12-02,05:15,Inverted-V,62,TCT,9.9,23.9,26.2,82.95,0.02,66.36,0.01,0.9,0.67
2024-12-02,05:30,Inverted-V,62,TCT,19.9,24.0,26.5,82.85,0.03,66.28,0.03,1.7,0.67
2024-12-02,05:45,Inverted-V,62,TCT,29.8,24.1,26.9,82.74,0.05,66.19,0.04,2.6,0.67
2024-12-02,06:00,Inverted-V,62,TCT,39.8,24.2,27.2,82.63,0.06,66.11,0.05,3.5,0.67
2024-12-02,06:15,Inverted-V,62,TCT,66.1,24.5,28.2,82.32,0.1,65.86,0.09,5.8,0.67
2024-12-02,06:30,Inverted-V,62,TCT,92.4,24.9,29.2,82.01,0.15,65.61,0.12,8.1,0.67
2024-12-02,06:45,Inverted-V,62,TCT,118.7,25.2,30.2,81.69,0.19,65.36,0.16,10.3,0.67
2024-12-02,07:00,Inverted-V,62,TCT,145.0,25.5,31.1,81.38,0.23,65.11,0.19,12.6,0.67
2024-12-02,07:15,Inverted-V,62,TCT,176.1,26.0,32.4,80.99,0.28,64.8,0.23,15.2,0.67
2024-12-02,07:30,Inverted-V,62,TCT,207.2,26.4,33.6,80.61,0.33,64.49,0.28,17.8,0.67
2024-12-02,07:45,Inverted-V,62,TCT,238.3,26.9,34.8,80.22,0.38,64.18,0.32,20.4,0.67
2024-12-02,08:00,Inverted-V,62,TCT,269.4,27.3,36.0,79.83,0.43,63.86,0.36,23.0,0.67
2024-12-02,08:15,Inverted-V,62,TCT,313.7,27.6,37.5,79.38,0.5,63.51,0.42,26.7,0.67
2024-12-02,08:30,Inverted-V,62,TCT,358.0,27.9,38.9,78.93,0.57,63.15,0.48,30.3,0.67
2024-12-02,08:45,Inverted-V,62,TCT,402.3,28.2,40.3,78.48,0.65,62.79,0.54,33.9,0.67
2024-12-02,09:00,Inverted-V,62,TCT,446.6,28.6,41.7,78.03,0.72,62.43,0.6,37.5,0.67
2024-12-02,09:15,Inverted-V,62,TCT,465.3,28.8,42.4,77.8,0.75,62.24,0.63,39.0,0.67
2024-12-02,09:30,Inverted-V,62,TCT,484.0,29.1,43.2,77.58,0.78,62.06,0.65,40.4,0.67
2024-12-02,09:45,Inverted-V,62,TCT,502.7,29.3,43.9,77.35,0.81,61.88,0.68,41.9,0.67
2024-12-02,10:00,Inverted-V,62,TCT,521.3,29.6,44.6,77.12,0.84,61.7,0.7,43.4,0.67
2024-12-02,10:15,Inverted-V,62,TCT,529.9,29.8,45.0,76.98,0.85,61.59,0.71,44.0,0.67
2024-12-02,10:30,Inverted-V,62,TCT,538.4,30.0,45.5,76.84,0.87,61.47,0.73,44.7,0.67
2024-12-02,10:45,Inverted-V,62,TCT,546.9,30.2,45.9,76.7,0.88,61.36,0.74,45.3,0.67
2024-12-02,11:00,Inverted-V,62,TCT,555.4,30.5,46.4,76.57,0.9,61.25,0.75,46.0,0.67
2024-12-02,11:15,Inverted-V,62,TCT,531.0,30.6,45.9,76.72,0.86,61.38,0.72,44.0,0.67
2024-12-02,11:30,Inverted-V,62,TCT,506.7,30.7,45.4,76.88,0.82,61.5,0.68,42.1,0.67
2024-12-02,11:45,Inverted-V,62,TCT,482.3,30.8,44.9,77.03,0.78,61.62,0.65,40.1,0.67
2024-12-02,12:00,Inverted-V,62,TCT,458.0,30.9,44.4,77.19,0.74,61.75,0.62,38.1,0.67
2024-12-02,12:15,Inverted-V,62,TCT,445.4,30.9,44.1,77.28,0.72,61.83,0.6,37.1,0.67
2024-12-02,12:30,Inverted-V,62,TCT,432.8,30.9,43.8,77.38,0.7,61.91,0.58,36.1,0.67
2024-12-02,12:45,Inverted-V,62,TCT,420.2,30.9,43.5,77.48,0.68,61.99,0.57,35.1,0.67
2024-12-02,13:00,Inverted-V,62,TCT,407.6,30.9,43.1,77.58,0.66,62.07,0.55,34.1,0.67
2024-12-02,13:15,Inverted-V,62,TCT,397.6,30.8,42.8,77.7,0.64,62.16,0.54,33.3,0.67
2024-12-02,13:30,Inverted-V,62,TCT,387.5,30.7,42.4,77.81,0.62,62.25,0.52,32.5,0.67
2024-12-02,13:45,Inverted-V,62,TCT,377.4,30.6,42.1,77.93,0.61,62.34,0.51,31.6,0.67
2024-12-02,14:00,Inverted-V,62,TCT,367.3,30.5,41.7,78.04,0.59,62.43,0.49,30.8,0.67
2024-12-02,14:15,Inverted-V,62,TCT,325.9,30.4,40.5,78.42,0.52,62.73,0.44,27.5,0.67
2024-12-02,14:30,Inverted-V,62,TCT,284.5,30.2,39.3,78.8,0.46,63.04,0.38,24.1,0.67
2024-12-02,14:45,Inverted-V,62,TCT,243.1,30.0,38.1,79.18,0.39,63.34,0.33,20.6,0.67
2024-12-02,15:00,Inverted-V,62,TCT,201.8,29.9,36.9,79.56,0.32,63.64,0.27,17.2,0.67
2024-12-02,15:15,Inverted-V,62,TCT,170.4,29.6,35.8,79.9,0.27,63.92,0.23,14.6,0.67
2024-12-02,15:30,Inverted-V,62,TCT,139.0,29.3,34.7,80.24,0.22,64.19,0.19,11.9,0.67
2024-12-02,15:45,Inverted-V,62,TCT,107.5,29.0,33.7,80.58,0.17,64.47,0.14,9.2,0.67
2024-12-02,16:00,Inverted-V,62,TCT,76.1,28.7,32.6,80.93,0.12,64.74,0.1,6.6,0.67
2024-12-02,16:15,Inverted-V,62,TCT,58.1,28.3,31.7,81.19,0.09,64.96,0.08,5.0,0.67
2024-12-02,16:30,Inverted-V,62,TCT,40.1,27.9,30.9,81.46,0.06,65.17,0.05,3.5,0.67
2024-12-02,16:45,Inverted-V,62,TCT,22.1,27.5,30.0,81.73,0.04,65.38,0.03,1.9,0.67
2024-12-03,05:15,Inverted-V,62,TCT,17.3,23.4,25.8,83.07,0.03,66.46,0.02,1.5,0.67
2024-12-03,05:30,Inverted-V,62,TCT,34.5,23.5,26.3,82.9,0.05,66.32,0.05,3.0,0.67
2024-12-03,05:45,Inverted-V,62,TCT,51.8,23.6,26.9,82.73,0.08,66.18,0.07,4.5,0.67
2024-12-03,06:00,Inverted-V,62,TCT,69.0,23.7,27.4,82.56,0.11,66.05,0.09,6.0,0.67
2024-12-03,06:15,Inverted-V,62,TCT,117.4,24.0,29.0,82.07,0.19,65.66,0.16,10.2,0.67
2024-12-03,06:30,Inverted-V,62,TCT,165.8,24.4,30.5,81.59,0.26,65.27,0.22,14.4,0.67
2024-12-03,06:45,Inverted-V,62,TCT,214.3,24.7,32.0,81.1,0.34,64.88,0.29,18.5,0.67
2024-12-03,07:00,Inverted-V,62,TCT,262.7,25.0,33.6,80.62,0.42,64.49,0.35,22.6,0.67
2024-12-03,07:15,Inverted-V,62,TCT,310.8,25.5,35.3,80.06,0.5,64.05,0.42,26.6,0.67
2024-12-03,07:30,Inverted-V,62,TCT,359.0,26.1,37.0,79.51,0.57,63.61,0.48,30.6,0.67
2024-12-03,07:45,Inverted-V,62,TCT,407.2,26.6,38.8,78.96,0.65,63.17,0.55,34.5,0.67
2024-12-03,08:00,Inverted-V,62,TCT,455.3,27.1,40.5,78.41,0.73,62.73,0.61,38.4,0.67
2024-12-03,08:15,Inverted-V,62,TCT,497.9,27.6,42.1,77.92,0.8,62.34,0.67,41.8,0.67
2024-12-03,08:30,Inverted-V,62,TCT,540.5,28.1,43.6,77.44,0.87,61.95,0.73,45.1,0.67
2024-12-03,08:45,Inverted-V,62,TCT,583.0,28.6,45.1,76.95,0.94,61.56,0.79,48.4,0.67
2024-12-03,09:00,Inverted-V,62,TCT,625.6,29.1,46.7,76.46,1.01,61.17,0.85,51.7,0.67
2024-12-03,09:15,Inverted-V,62,TCT,656.7,29.4,47.8,76.11,1.06,60.89,0.89,54.1,0.67
2024-12-03,09:30,Inverted-V,62,TCT,687.8,29.7,48.9,75.76,1.11,60.61,0.93,56.5,0.67
2024-12-03,09:45,Inverted-V,62,TCT,718.9,30.0,50.0,75.41,1.16,60.33,0.97,58.8,0.67
2024-12-03,10:00,Inverted-V,62,TCT,750.0,30.3,51.1,75.07,1.22,60.05,1.02,61.1,0.67
2024-12-03,10:15,Inverted-V,62,TCT,747.4,30.5,51.2,75.03,1.21,60.02,1.01,60.9,0.67
2024-12-03,10:30,Inverted-V,62,TCT,744.8,30.7,51.3,74.99,1.21,59.99,1.01,60.7,0.67
2024-12-03,10:45,Inverted-V,62,TCT,742.2,30.9,51.5,74.95,1.2,59.96,1.01,60.4,0.67
2024-12-03,11:00,Inverted-V,62,TCT,739.6,31.1,51.6,74.9,1.2,59.92,1.0,60.2,0.67
2024-12-03,11:15,Inverted-V,62,TCT,733.5,31.2,51.5,74.93,1.19,59.95,1.0,59.7,0.67
2024-12-03,11:30,Inverted-V,62,TCT,727.4,31.2,51.4,74.96,1.18,59.97,0.99,59.2,0.67
2024-12-03,11:45,Inverted-V,62,TCT,721.3,31.3,51.3,74.99,1.17,59.99,0.98,58.7,0.67
2024-12-03,12:00,Inverted-V,62,TCT,715.2,31.4,51.2,75.02,1.16,60.01,0.97,58.3,0.67
2024-12-03,12:15,Inverted-V,62,TCT,701.7,31.4,50.9,75.12,1.14,60.1,0.95,57.2,0.67
2024-12-03,12:30,Inverted-V,62,TCT,688.2,31.4,50.6,75.22,1.11,60.18,0.93,56.2,0.67
2024-12-03,12:45,Inverted-V,62,TCT,674.7,31.4,50.3,75.33,1.09,60.26,0.91,55.1,0.67
2024-12-03,13:00,Inverted-V,62,TCT,661.2,31.4,49.9,75.43,1.07,60.34,0.9,54.1,0.67
2024-12-03,13:15,Inverted-V,62,TCT,630.0,31.3,49.1,75.7,1.02,60.56,0.85,51.7,0.67
2024-12-03,13:30,Inverted-V,62,TCT,598.8,31.3,48.2,75.97,0.97,60.78,0.81,49.3,0.67
2024-12-03,13:45,Inverted-V,62,TCT,567.5,31.2,47.4,76.24,0.92,60.99,0.77,46.8,0.67
2024-12-03,14:00,Inverted-V,62,TCT,536.3,31.1,46.5,76.51,0.87,61.21,0.72,44.4,0.67
2024-12-03,14:15,Inverted-V,62,TCT,484.0,31.0,45.1,76.98,0.78,61.58,0.65,40.2,0.67
2024-12-03,14:30,Inverted-V,62,TCT,431.6,30.8,43.6,77.44,0.69,61.95,0.58,36.0,0.67
2024-12-03,14:45,Inverted-V,62,TCT,379.3,30.6,42.1,77.91,0.61,62.33,0.51,31.8,0.67
2024-12-03,15:00,Inverted-V,62,TCT,327.0,30.5,40.7,78.37,0.52,62.7,0.44,27.5,0.67
2024-12-03,15:15,Inverted-V,62,TCT,274.4,30.2,39.1,78.86,0.44,63.09,0.37,23.2,0.67
2024-12-03,15:30,Inverted-V,62,TCT,221.8,30.0,37.5,79.36,0.35,63.49,0.3,18.9,0.67
2024-12-03,15:45,Inverted-V,62,TCT,169.3,29.8,36.0,79.85,0.27,63.88,0.23,14.5,0.67
2024-12-03,16:00,Inverted-V,62,TCT,116.7,29.5,34.4,80.34,0.19,64.27,0.16,10.0,0.67
2024-12-03,16:15,Inverted-V,62,TCT,88.9,29.1,33.3,80.7,0.14,64.56,0.12,7.7,0.67
2024-12-03,16:30,Inverted-V,62,TCT,61.1,28.6,32.2,81.06,0.1,64.85,0.08,5.3,0.67
2024-12-03,16:45,Inverted-V,62,TCT,33.3,28.2,31.0,81.42,0.05,65.14,0.04,2.9,0.67
2024-12-03,17:00,Inverted-V,62,TCT,5.5,27.7,29.9,81.78,0.01,65.43,0.01,0.5,0.67
2024-12-04,05:15,Inverted-V,62,TCT,11.0,23.3,25.6,83.14,0.02,66.51,0.01,1.0,0.67
2024-12-04,05:30,Inverted-V,62,TCT,22.0,23.6,26.1,82.97,0.03,66.37,0.03,1.9,0.67
2024-12-04,05:45,Inverted-V,62,TCT,32.9,23.9,26.7,82.8,0.05,66.24,0.04,2.9,0.67
2024-12-04,06:00,Inverted-V,62,TCT,43.9,24.1,27.2,82.63,0.07,66.1,0.06,3.8,0.67
2024-12-04,06:15,Inverted-V,62,TCT,73.2,24.6,28.4,82.25,0.12,65.8,0.1,6.4,0.67
2024-12-04,06:30,Inverted-V,62,TCT,102.4,25.1,29.6,81.87,0.16,65.49,0.14,8.9,0.67
2024-12-04,06:45,Inverted-V,62,TCT,131.7,25.5,30.8,81.49,0.21,65.19,0.18,11.4,0.67
2024-12-04,07:00,Inverted-V,62,TCT,160.9,26.0,32.0,81.1,0.26,64.88,0.21,13.9,0.67
2024-12-04,07:15,Inverted-V,62,TCT,191.5,26.4,33.2,80.74,0.3,64.59,0.26,16.5,0.67
2024-12-04,07:30,Inverted-V,62,TCT,222.1,26.8,34.3,80.37,0.35,64.3,0.3,19.1,0.67
2024-12-04,07:45,Inverted-V,62,TCT,252.7,27.2,35.5,80.0,0.4,64.0,0.34,21.6,0.67
2024-12-04,08:00,Inverted-V,62,TCT,283.3,27.6,36.7,79.64,0.45,63.71,0.38,24.1,0.67
2024-12-04,08:15,Inverted-V,62,TCT,299.3,27.8,37.3,79.42,0.48,63.54,0.4,25.5,0.67
2024-12-04,08:30,Inverted-V,62,TCT,315.4,28.1,38.0,79.21,0.5,63.37,0.42,26.8,0.67
2024-12-04,08:45,Inverted-V,62,TCT,331.5,28.4,38.7,79.0,0.53,63.2,0.44,28.1,0.67
2024-12-04,09:00,Inverted-V,62,TCT,347.5,28.6,39.3,78.79,0.56,63.03,0.47,29.4,0.67
2024-12-04,09:15,Inverted-V,62,TCT,353.6,28.9,39.7,78.67,0.57,62.93,0.47,29.9,0.67
2024-12-04,09:30,Inverted-V,62,TCT,359.8,29.1,40.1,78.54,0.58,62.83,0.48,30.4,0.67
2024-12-04,09:45,Inverted-V,62,TCT,365.9,29.4,40.5,78.42,0.59,62.73,0.49,30.8,0.67
2024-12-04,10:00,Inverted-V,62,TCT,372.0,29.6,40.9,78.29,0.6,62.63,0.5,31.3,0.67
2024-12-04,10:15,Inverted-V,62,TCT,408.1,29.8,42.0,77.95,0.66,62.36,0.55,34.2,0.67
2024-12-04,10:30,Inverted-V,62,TCT,444.2,30.0,43.1,77.6,0.71,62.08,0.6,37.1,0.67
2024-12-04,10:45,Inverted-V,62,TCT,480.4,30.2,44.2,77.26,0.77,61.81,0.65,40.0,0.67
2024-12-04,11:00,Inverted-V,62,TCT,516.5,30.4,45.3,76.91,0.83,61.53,0.7,42.9,0.67
2024-12-04,11:15,Inverted-V,62,TCT,524.9,30.5,45.6,76.81,0.85,61.45,0.71,43.5,0.67
2024-12-04,11:30,Inverted-V,62,TCT,533.3,30.6,45.9,76.71,0.86,61.37,0.72,44.2,0.67
2024-12-04,11:45,Inverted-V,62,TCT,541.7,30.7,46.2,76.62,0.87,61.29,0.73,44.8,0.67
2024-12-04,12:00,Inverted-V,62,TCT,550.1,30.8,46.5,76.52,0.89,61.21,0.74,45.5,0.67
2024-12-04,12:15,Inverted-V,62,TCT,531.9,30.8,46.1,76.65,0.86,61.32,0.72,44.1,0.67
2024-12-04,12:30,Inverted-V,62,TCT,513.7,30.8,45.6,76.79,0.83,61.43,0.69,42.6,0.67
2024-12-04,12:45,Inverted-V,62,TCT,495.5,30.8,45.2,76.93,0.8,61.54,0.67,41.2,0.67
2024-12-04,13:00,Inverted-V,62,TCT,477.4,30.9,44.8,77.06,0.77,61.65,0.64,39.7,0.67
2024-12-04,13:15,Inverted-V,62,TCT,473.3,30.8,44.6,77.12,0.76,61.7,0.64,39.4,0.67
2024-12-04,13:30,Inverted-V,62,TCT,469.3,30.7,44.4,77.17,0.76,61.74,0.63,39.1,0.67
2024-12-04,13:45,Inverted-V,62,TCT,465.2,30.6,44.3,77.23,0.75,61.78,0.63,38.8,0.67
2024-12-04,14:00,Inverted-V,62,TCT,461.2,30.6,44.1,77.29,0.74,61.83,0.62,38.4,0.67
2024-12-04,14:15,Inverted-V,62,TCT,410.8,30.4,42.6,77.75,0.66,62.2,0.55,34.4,0.67
2024-12-04,14:30,Inverted-V,62,TCT,360.4,30.1,41.2,78.21,0.58,62.57,0.48,30.3,0.67
2024-12-04,14:45,Inverted-V,62,TCT,310.0,29.9,39.7,78.67,0.5,62.94,0.42,26.2,0.67
2024-12-04,15:00,Inverted-V,62,TCT,259.7,29.8,38.2,79.14,0.42,63.31,0.35,22.0,0.67
2024-12-04,15:15,Inverted-V,62,TCT,218.9,29.5,36.9,79.55,0.35,63.64,0.29,18.6,0.67
2024-12-04,15:30,Inverted-V,62,TCT,178.1,29.2,35.6,79.96,0.28,63.97,0.24,15.2,0.67
2024-12-04,15:45,Inverted-V,62,TCT,137.4,28.9,34.3,80.38,0.22,64.3,0.18,11.8,0.67
2024-12-04,16:00,Inverted-V,62,TCT,96.6,28.6,33.0,80.79,0.15,64.63,0.13,8.3,0.67
2024-12-04,16:15,Inverted-V,62,TCT,73.8,28.1,32.0,81.12,0.12,64.9,0.1,6.4,0.67
2024-12-04,16:30,Inverted-V,62,TCT,50.9,27.7,30.9,81.45,0.08,65.16,0.07,4.4,0.67
2024-12-04,16:45,Inverted-V,62,TCT,28.1,27.2,29.9,81.78,0.04,65.42,0.04,2.4,0.67
2024-12-05,05:15,Inverted-V,62,TCT,8.5,23.0,25.2,83.27,0.01,66.62,0.01,0.7,0.67
2024-12-05,05:30,Inverted-V,62,TCT,17.0,23.2,25.6,83.14,0.03,66.52,0.02,1.5,0.67
2024-12-05,05:45,Inverted-V,62,TCT,25.5,23.3,26.0,83.02,0.04,66.41,0.03,2.2,0.67
2024-12-05,06:00,Inverted-V,62,TCT,33.9,23.5,26.4,82.89,0.05,66.31,0.04,3.0,0.67
2024-12-05,06:15,Inverted-V,62,TCT,55.4,23.9,27.3,82.6,0.09,66.08,0.07,4.9,0.67
2024-12-05,06:30,Inverted-V,62,TCT,76.9,24.3,28.2,82.3,0.12,65.84,0.1,6.7,0.67
2024-12-05,06:45,Inverted-V,62,TCT,98.5,24.7,29.2,82.01,0.16,65.61,0.13,8.6,0.67
2024-12-05,07:00,Inverted-V,62,TCT,120.0,25.1,30.1,81.71,0.19,65.37,0.16,10.4,0.67
2024-12-05,07:15,Inverted-V,62,TCT,143.0,25.4,31.0,81.43,0.23,65.15,0.19,12.4,0.67
2024-12-05,07:30,Inverted-V,62,TCT,166.1,25.7,31.9,81.15,0.26,64.92,0.22,14.4,0.67
2024-12-05,07:45,Inverted-V,62,TCT,189.1,26.0,32.8,80.87,0.3,64.7,0.25,16.3,0.67
2024-12-05,08:00,Inverted-V,62,TCT,212.1,26.4,33.7,80.59,0.34,64.47,0.28,18.2,0.67
2024-12-05,08:15,Inverted-V,62,TCT,247.0,26.6,34.8,80.24,0.39,64.19,0.33,21.2,0.67
2024-12-05,08:30,Inverted-V,62,TCT,281.9,26.8,35.9,79.89,0.45,63.91,0.38,24.1,0.67
2024-12-05,08:45,Inverted-V,62,TCT,316.8,27.0,37.0,79.54,0.51,63.63,0.42,27.0,0.67
2024-12-05,09:00,Inverted-V,62,TCT,351.7,27.3,38.1,79.19,0.56,63.35,0.47,29.9,0.67
2024-12-05,09:15,Inverted-V,62,TCT,381.0,27.5,39.0,78.9,0.61,63.12,0.51,32.3,0.67
2024-12-05,09:30,Inverted-V,62,TCT,410.3,27.6,39.9,78.61,0.66,62.89,0.55,34.6,0.67
2024-12-05,09:45,Inverted-V,62,TCT,439.7,27.8,40.8,78.32,0.71,62.66,0.59,37.0,0.67
2024-12-05,10:00,Inverted-V,62,TCT,469.0,28.0,41.7,78.03,0.75,62.42,0.63,39.4,0.67
2024-12-05,10:15,Inverted-V,62,TCT,481.9,28.2,42.2,77.88,0.77,62.3,0.65,40.4,0.67
2024-12-05,10:30,Inverted-V,62,TCT,494.8,28.3,42.7,77.73,0.8,62.18,0.67,41.4,0.67
2024-12-05,10:45,Inverted-V,62,TCT,507.8,28.5,43.2,77.57,0.82,62.06,0.68,42.4,0.67
2024-12-05,11:00,Inverted-V,62,TCT,520.7,28.6,43.6,77.42,0.84,61.94,0.7,43.5,0.67
2024-12-05,11:15,Inverted-V,62,TCT,525.6,28.8,43.9,77.34,0.85,61.87,0.71,43.8,0.67
2024-12-05,11:30,Inverted-V,62,TCT,530.6,28.9,44.2,77.26,0.85,61.81,0.72,44.2,0.67
2024-12-05,11:45,Inverted-V,62,TCT,535.5,29.0,44.4,77.18,0.86,61.74,0.72,44.6,0.67
2024-12-05,12:00,Inverted-V,62,TCT,540.4,29.2,44.7,77.1,0.87,61.68,0.73,45.0,0.67
2024-12-05,12:15,Inverted-V,62,TCT,538.8,29.3,44.8,77.06,0.87,61.65,0.73,44.8,0.67
2024-12-05,12:30,Inverted-V,62,TCT,537.3,29.5,44.9,77.03,0.87,61.62,0.72,44.7,0.67
2024-12-05,12:45,Inverted-V,62,TCT,535.7,29.6,45.0,76.99,0.86,61.59,0.72,44.5,0.67
2024-12-05,13:00,Inverted-V,62,TCT,534.1,29.8,45.1,76.95,0.86,61.56,0.72,44.4,0.67
2024-12-05,13:15,Inverted-V,62,TCT,538.8,29.8,45.3,76.9,0.87,61.52,0.73,44.7,0.67
2024-12-05,13:30,Inverted-V,62,TCT,543.5,29.9,45.5,76.84,0.88,61.47,0.73,45.1,0.67
2024-12-05,13:45,Inverted-V,62,TCT,548.2,30.0,45.7,76.79,0.88,61.43,0.74,45.5,0.67
2024-12-05,14:00,Inverted-V,62,TCT,552.9,30.0,45.8,76.73,0.89,61.38,0.75,45.8,0.67
2024-12-05,14:15,Inverted-V,62,TCT,498.6,29.9,44.4,77.19,0.8,61.75,0.67,41.5,0.67
2024-12-05,14:30,Inverted-V,62,TCT,444.2,29.8,42.9,77.65,0.71,62.12,0.6,37.2,0.67
2024-12-05,14:45,Inverted-V,62,TCT,389.9,29.7,41.5,78.1,0.63,62.48,0.52,32.8,0.67
2024-12-05,15:00,Inverted-V,62,TCT,335.6,29.7,40.0,78.56,0.54,62.85,0.45,28.3,0.67
2024-12-05,15:15,Inverted-V,62,TCT,285.6,29.5,38.6,79.02,0.46,63.22,0.38,24.2,0.67
2024-12-05,15:30,Inverted-V,62,TCT,235.7,29.3,37.1,79.48,0.38,63.59,0.32,20.1,0.67
2024-12-05,15:45,Inverted-V,62,TCT,185.8,29.1,35.7,79.94,0.3,63.95,0.25,15.9,0.67
2024-12-05,16:00,Inverted-V,62,TCT,135.9,28.9,34.2,80.4,0.22,64.32,0.18,11.7,0.67
2024-12-05,16:15,Inverted-V,62,TCT,103.7,28.4,33.0,80.8,0.17,64.64,0.14,8.9,0.67
2024-12-05,16:30,Inverted-V,62,TCT,71.6,27.9,31.7,81.21,0.11,64.97,0.1,6.2,0.67
2024-12-05,16:45,Inverted-V,62,TCT,39.5,27.4,30.4,81.61,0.06,65.29,0.05,3.4,0.67
2024-12-05,17:00,Inverted-V,62,TCT,7.3,27.0,29.1,82.02,0.01,65.61,0.01,0.6,0.67
2024-12-05,17:15,Inverted-V,62,TCT,5.5,26.7,28.9,82.11,0.01,65.68,0.01,0.5,0.67
2024-12-06,05:15,Inverted-V,62,TCT,21.4,22.7,25.2,83.26,0.03,66.61,0.03,1.9,0.67
2024-12-06,05:30,Inverted-V,62,TCT,42.8,22.9,26.0,83.01,0.07,66.41,0.06,3.8,0.67
2024-12-06,05:45,Inverted-V,62,TCT,64.2,23.2,26.8,82.76,0.1,66.21,0.09,5.6,0.67
2024-12-06,06:00,Inverted-V,62,TCT,85.5,23.4,27.6,82.51,0.14,66.01,0.11,7.5,0.67
2024-12-06,06:15,Inverted-V,62,TCT,145.0,23.9,29.5,81.9,0.23,65.52,0.19,12.6,0.67
2024-12-06,06:30,Inverted-V,62,TCT,204.4,24.4,31.5,81.28,0.32,65.02,0.27,17.7,0.67
2024-12-06,06:45,Inverted-V,62,TCT,263.9,24.8,33.4,80.66,0.42,64.53,0.35,22.7,0.67
2024-12-06,07:00,Inverted-V,62,TCT,323.3,25.3,35.4,80.05,0.52,64.04,0.43,27.7,0.67
2024-12-06,07:15,Inverted-V,62,TCT,382.2,25.7,37.3,79.44,0.61,63.55,0.51,32.5,0.67
2024-12-06,07:30,Inverted-V,62,TCT,441.1,26.1,39.2,78.84,0.71,63.07,0.59,37.3,0.67
2024-12-06,07:45,Inverted-V,62,TCT,500.0,26.6,41.1,78.23,0.8,62.59,0.67,42.1,0.67
2024-12-06,08:00,Inverted-V,62,TCT,559.0,27.0,43.0,77.63,0.9,62.1,0.75,46.7,0.67
2024-12-06,08:15,Inverted-V,62,TCT,592.1,27.4,44.2,77.25,0.95,61.8,0.8,49.3,0.67
2024-12-06,08:30,Inverted-V,62,TCT,625.2,27.8,45.4,76.86,1.01,61.49,0.84,51.9,0.67
2024-12-06,08:45,Inverted-V,62,TCT,658.4,28.2,46.6,76.48,1.06,61.18,0.89,54.4,0.67
2024-12-06,09:00,Inverted-V,62,TCT,691.5,28.6,47.8,76.09,1.12,60.87,0.94,57.0,0.67
2024-12-06,09:15,Inverted-V,62,TCT,722.2,28.8,48.9,75.76,1.17,60.61,0.98,59.3,0.67
2024-12-06,09:30,Inverted-V,62,TCT,753.0,29.1,49.9,75.43,1.22,60.34,1.02,61.6,0.67
2024-12-06,09:45,Inverted-V,62,TCT,783.7,29.4,51.0,75.1,1.27,60.08,1.06,63.9,0.67
2024-12-06,10:00,Inverted-V,62,TCT,814.4,29.7,52.0,74.77,1.32,59.81,1.11,66.2,0.67
2024-12-06,10:15,Inverted-V,62,TCT,819.0,29.9,52.3,74.67,1.33,59.74,1.11,66.5,0.67
2024-12-06,10:30,Inverted-V,62,TCT,823.5,30.0,52.6,74.58,1.34,59.66,1.12,66.8,0.67
2024-12-06,10:45,Inverted-V,62,TCT,828.1,30.2,52.9,74.48,1.34,59.59,1.13,67.1,0.67
2024-12-06,11:00,Inverted-V,62,TCT,832.6,30.4,53.2,74.39,1.35,59.51,1.13,67.4,0.67
2024-12-06,11:15,Inverted-V,62,TCT,819.5,30.5,53.0,74.46,1.33,59.57,1.11,66.4,0.67
2024-12-06,11:30,Inverted-V,62,TCT,806.4,30.6,52.8,74.53,1.31,59.63,1.1,65.4,0.67
2024-12-06,11:45,Inverted-V,62,TCT,793.3,30.7,52.6,74.6,1.29,59.68,1.08,64.4,0.67
2024-12-06,12:00,Inverted-V,62,TCT,780.2,30.8,52.3,74.68,1.27,59.74,1.06,63.3,0.67
2024-12-06,12:15,Inverted-V,62,TCT,751.7,30.8,51.6,74.9,1.22,59.92,1.02,61.2,0.67
2024-12-06,12:30,Inverted-V,62,TCT,723.1,30.9,50.9,75.12,1.17,60.09,0.98,59.0,0.67
2024-12-06,12:45,Inverted-V,62,TCT,694.5,30.9,50.2,75.34,1.12,60.27,0.94,56.8,0.67
2024-12-06,13:00,Inverted-V,62,TCT,666.0,30.9,49.5,75.56,1.08,60.45,0.9,54.6,0.67
2024-12-06,13:15,Inverted-V,62,TCT,630.7,30.8,48.6,75.86,1.02,60.69,0.85,51.8,0.67
2024-12-06,13:30,Inverted-V,62,TCT,595.5,30.8,47.6,76.16,0.96,60.93,0.81,49.1,0.67
2024-12-06,13:45,Inverted-V,62,TCT,560.2,30.7,46.7,76.46,0.9,61.17,0.76,46.3,0.67
2024-12-06,14:00,Inverted-V,62,TCT,525.0,30.6,45.7,76.76,0.85,61.41,0.71,43.5,0.67
2024-12-06,14:15,Inverted-V,62,TCT,490.0,30.5,44.7,77.08,0.79,61.67,0.66,40.8,0.67
2024-12-06,14:30,Inverted-V,62,TCT,455.0,30.3,43.7,77.41,0.73,61.93,0.61,38.0,0.67
2024-12-06,14:45,Inverted-V,62,TCT,419.9,30.2,42.7,77.74,0.67,62.19,0.57,35.2,0.67
2024-12-06,15:00,Inverted-V,62,TCT,384.9,30.0,41.6,78.06,0.62,62.45,0.52,32.3,0.67
2024-12-06,15:15,Inverted-V,62,TCT,326.9,29.7,39.9,78.61,0.52,62.89,0.44,27.6,0.67
2024-12-06,15:30,Inverted-V,62,TCT,268.8,29.5,38.2,79.16,0.43,63.33,0.36,22.8,0.67
2024-12-06,15:45,Inverted-V,62,TCT,210.7,29.2,36.4,79.71,0.34,63.76,0.28,18.0,0.67
2024-12-06,16:00,Inverted-V,62,TCT,152.7,28.9,34.7,80.25,0.24,64.2,0.2,13.1,0.67
2024-12-06,16:15,Inverted-V,62,TCT,116.5,28.4,33.3,80.7,0.19,64.56,0.16,10.0,0.67
2024-12-06,16:30,Inverted-V,62,TCT,80.3,27.9,31.9,81.15,0.13,64.92,0.11,6.9,0.67
2024-12-06,16:45,Inverted-V,62,TCT,44.1,27.4,30.5,81.59,0.07,65.27,0.06,3.8,0.67
2024-12-06,17:00,Inverted-V,62,TCT,7.9,26.9,29.1,82.04,0.01,65.63,0.01,0.7,0.67
2024-12-06,17:15,Inverted-V,62,TCT,5.9,26.6,28.8,82.13,0.01,65.71,0.01,0.5,0.67
2024-12-07,05:15,Inverted-V,62,TCT,18.8,23.1,25.5,83.16,0.03,66.53,0.02,1.7,0.67
2024-12-07,05:30,Inverted-V,62,TCT,37.6,23.3,26.2,82.94,0.06,66.35,0.05,3.3,0.67
2024-12-07,05:45,Inverted-V,62,TCT,56.5,23.5,26.9,82.73,0.09,66.18,0.07,5.0,0.67
2024-12-07,06:00,Inverted-V,62,TCT,75.3,23.7,27.6,82.51,0.12,66.01,0.1,6.6,0.67
2024-12-07,06:15,Inverted-V,62,TCT,132.4,24.2,29.5,81.9,0.21,65.52,0.18,11.5,0.67
2024-12-07,06:30,Inverted-V,62,TCT,189.5,24.7,31.4,81.3,0.3,65.04,0.25,16.4,0.67
2024-12-07,06:45,Inverted-V,62,TCT,246.6,25.2,33.3,80.69,0.39,64.55,0.33,21.2,0.67
2024-12-07,07:00,Inverted-V,62,TCT,303.7,25.6,35.2,80.09,0.48,64.07,0.41,26.0,0.67
2024-12-07,07:15,Inverted-V,62,TCT,363.2,26.1,37.1,79.48,0.58,63.59,0.49,30.9,0.67
2024-12-07,07:30,Inverted-V,62,TCT,422.8,26.5,39.1,78.88,0.68,63.1,0.57,35.8,0.67
2024-12-07,07:45,Inverted-V,62,TCT,482.3,26.9,41.0,78.27,0.77,62.62,0.65,40.6,0.67
2024-12-07,08:00,Inverted-V,62,TCT,541.8,27.3,42.9,77.67,0.87,62.13,0.73,45.3,0.67
2024-12-07,08:15,Inverted-V,62,TCT,576.7,27.7,44.1,77.29,0.93,61.83,0.78,48.1,0.67
2024-12-07,08:30,Inverted-V,62,TCT,611.6,28.0,45.3,76.91,0.99,61.52,0.83,50.8,0.67
2024-12-07,08:45,Inverted-V,62,TCT,646.4,28.3,46.5,76.52,1.04,61.22,0.87,53.5,0.67
2024-12-07,09:00,Inverted-V,62,TCT,681.3,28.7,47.7,76.14,1.1,60.91,0.92,56.1,0.67
2024-12-07,09:15,Inverted-V,62,TCT,700.3,28.9,48.4,75.9,1.13,60.72,0.95,57.6,0.67
2024-12-07,09:30,Inverted-V,62,TCT,719.3,29.2,49.2,75.66,1.16,60.53,0.97,59.0,0.67
2024-12-07,09:45,Inverted-V,62,TCT,738.3,29.5,50.0,75.43,1.2,60.34,1.0,60.4,0.67
2024-12-07,10:00,Inverted-V,62,TCT,757.3,29.8,50.7,75.19,1.23,60.15,1.03,61.8,0.67
2024-12-07,10:15,Inverted-V,62,TCT,764.9,30.0,51.1,75.06,1.24,60.05,1.04,62.3,0.67
2024-12-07,10:30,Inverted-V,62,TCT,772.5,30.2,51.5,74.93,1.25,59.94,1.05,62.9,0.67
2024-12-07,10:45,Inverted-V,62,TCT,780.1,30.4,51.9,74.8,1.27,59.84,1.06,63.4,0.67
2024-12-07,11:00,Inverted-V,62,TCT,787.7,30.6,52.3,74.67,1.28,59.74,1.07,63.9,0.67
2024-12-07,11:15,Inverted-V,62,TCT,772.6,30.7,52.1,74.76,1.25,59.81,1.05,62.8,0.67
2024-12-07,11:30,Inverted-V,62,TCT,757.5,30.8,51.8,74.85,1.23,59.88,1.03,61.6,0.67
2024-12-07,11:45,Inverted-V,62,TCT,742.4,30.9,51.5,74.94,1.2,59.95,1.01,60.4,0.67
2024-12-07,12:00,Inverted-V,62,TCT,727.3,31.0,51.2,75.02,1.18,60.02,0.99,59.3,0.67
2024-12-07,12:15,Inverted-V,62,TCT,699.3,31.0,50.5,75.25,1.13,60.2,0.95,57.1,0.67
2024-12-07,12:30,Inverted-V,62,TCT,671.4,31.0,49.8,75.47,1.09,60.38,0.91,54.9,0.67
2024-12-07,12:45,Inverted-V,62,TCT,643.4,31.0,49.1,75.69,1.04,60.55,0.87,52.8,0.67
2024-12-07,13:00,Inverted-V,62,TCT,615.5,31.0,48.4,75.91,0.99,60.73,0.83,50.6,0.67
2024-12-07,13:15,Inverted-V,62,TCT,584.1,31.0,47.6,76.18,0.94,60.95,0.79,48.1,0.67
2024-12-07,13:30,Inverted-V,62,TCT,552.6,30.9,46.7,76.46,0.89,61.16,0.75,45.7,0.67
2024-12-07,13:45,Inverted-V,62,TCT,521.2,30.8,45.8,76.73,0.84,61.38,0.7,43.2,0.67
2024-12-07,14:00,Inverted-V,62,TCT,489.7,30.8,45.0,77.0,0.79,61.6,0.66,40.7,0.67
2024-12-07,14:15,Inverted-V,62,TCT,445.8,30.6,43.7,77.39,0.72,61.91,0.6,37.2,0.67
2024-12-07,14:30,Inverted-V,62,TCT,401.8,30.4,42.5,77.79,0.65,62.23,0.54,33.7,0.67
2024-12-07,14:45,Inverted-V,62,TCT,357.9,30.3,41.2,78.19,0.57,62.55,0.48,30.1,0.67
2024-12-07,15:00,Inverted-V,62,TCT,314.0,30.1,40.0,78.58,0.5,62.87,0.42,26.5,0.67
2024-12-07,15:15,Inverted-V,62,TCT,266.5,29.9,38.5,79.05,0.43,63.24,0.36,22.6,0.67
2024-12-07,15:30,Inverted-V,62,TCT,219.1,29.6,37.1,79.51,0.35,63.61,0.29,18.7,0.67
2024-12-07,15:45,Inverted-V,62,TCT,171.7,29.3,35.6,79.98,0.27,63.98,0.23,14.7,0.67
2024-12-07,16:00,Inverted-V,62,TCT,124.3,29.0,34.1,80.44,0.2,64.35,0.17,10.7,0.67
2024-12-07,16:15,Inverted-V,62,TCT,95.0,28.5,32.9,80.84,0.15,64.67,0.13,8.2,0.67
2024-12-07,16:30,Inverted-V,62,TCT,65.7,28.0,31.6,81.23,0.1,64.98,0.09,5.7,0.67
2024-12-07,16:45,Inverted-V,62,TCT,36.4,27.5,30.4,81.63,0.06,65.3,0.05,3.2,0.67
2024-12-07,17:00,Inverted-V,62,TCT,7.1,26.9,29.1,82.02,0.01,65.62,0.01,0.6,0.67
2024-12-08,05:15,Inverted-V,62,TCT,18.4,22.1,24.6,83.46,0.03,66.77,0.02,1.6,0.67
2024-12-08,05:30,Inverted-V,62,TCT,36.8,22.4,25.3,83.23,0.06,66.58,0.05,3.2,0.67
2024-12-08,05:45,Inverted-V,62,TCT,55.3,22.6,26.0,83.0,0.09,66.4,0.07,4.9,0.67
2024-12-08,06:00,Inverted-V,62,TCT,73.7,22.9,26.7,82.78,0.12,66.22,0.1,6.5,0.67
2024-12-08,06:15,Inverted-V,62,TCT,129.2,23.4,28.7,82.17,0.2,65.73,0.17,11.3,0.67
2024-12-08,06:30,Inverted-V,62,TCT,184.7,24.0,30.6,81.56,0.29,65.25,0.25,16.0,0.67
2024-12-08,06:45,Inverted-V,62,TCT,240.2,24.5,32.5,80.95,0.38,64.76,0.32,20.7,0.67
2024-12-08,07:00,Inverted-V,62,TCT,295.7,25.1,34.4,80.34,0.47,64.27,0.39,25.4,0.67
2024-12-08,07:15,Inverted-V,62,TCT,353.5,25.5,36.4,79.73,0.56,63.79,0.47,30.2,0.67
2024-12-08,07:30,Inverted-V,62,TCT,411.3,26.0,38.3,79.13,0.66,63.3,0.55,34.9,0.67
2024-12-08,07:45,Inverted-V,62,TCT,469.1,26.4,40.2,78.53,0.75,62.82,0.63,39.6,0.67
2024-12-08,08:00,Inverted-V,62,TCT,526.9,26.9,42.1,77.92,0.85,62.34,0.71,44.2,0.67
2024-12-08,08:15,Inverted-V,62,TCT,572.5,27.2,43.5,77.46,0.92,61.97,0.77,47.8,0.67
2024-12-08,08:30,Inverted-V,62,TCT,618.0,27.5,45.0,77.01,1.0,61.61,0.83,51.4,0.67
2024-12-08,08:45,Inverted-V,62,TCT,663.6,27.8,46.4,76.55,1.07,61.24,0.9,54.9,0.67
2024-12-08,09:00,Inverted-V,62,TCT,709.2,28.1,47.8,76.09,1.15,60.87,0.96,58.4,0.67
2024-12-08,09:15,Inverted-V,62,TCT,741.1,28.3,48.8,75.78,1.2,60.63,1.0,60.8,0.67
2024-12-08,09:30,Inverted-V,62,TCT,773.0,28.5,49.8,75.47,1.25,60.38,1.05,63.3,0.67
2024-12-08,09:45,Inverted-V,62,TCT,804.9,28.7,50.8,75.16,1.3,60.13,1.09,65.7,0.67
2024-12-08,10:00,Inverted-V,62,TCT,836.9,28.8,51.8,74.85,1.36,59.88,1.14,68.1,0.67
2024-12-08,10:15,Inverted-V,62,TCT,822.1,29.0,51.5,74.93,1.33,59.94,1.12,66.9,0.67
2024-12-08,10:30,Inverted-V,62,TCT,807.4,29.1,51.3,75.0,1.31,60.0,1.1,65.8,0.67
2024-12-08,10:45,Inverted-V,62,TCT,792.7,29.3,51.1,75.07,1.28,60.05,1.08,64.6,0.67
2024-12-08,11:00,Inverted-V,62,TCT,778.0,29.4,50.9,75.14,1.26,60.11,1.06,63.5,0.67
2024-12-08,11:15,Inverted-V,62,TCT,769.7,29.5,50.7,75.17,1.25,60.14,1.04,62.8,0.67
2024-12-08,11:30,Inverted-V,62,TCT,761.4,29.6,50.6,75.21,1.23,60.17,1.03,62.1,0.67
2024-12-08,11:45,Inverted-V,62,TCT,753.1,29.7,50.5,75.24,1.22,60.2,1.02,61.5,0.67
2024-12-08,12:00,Inverted-V,62,TCT,744.8,29.8,50.4,75.28,1.21,60.22,1.01,60.8,0.67
2024-12-08,12:15,Inverted-V,62,TCT,726.4,29.9,50.0,75.41,1.18,60.33,0.98,59.4,0.67
2024-12-08,12:30,Inverted-V,62,TCT,708.0,29.9,49.6,75.54,1.15,60.43,0.96,58.0,0.67
2024-12-08,12:45,Inverted-V,62,TCT,689.7,30.0,49.2,75.67,1.12,60.53,0.93,56.6,0.67
2024-12-08,13:00,Inverted-V,62,TCT,671.3,30.0,48.8,75.79,1.09,60.64,0.91,55.1,0.67
2024-12-08,13:15,Inverted-V,62,TCT,648.0,30.0,48.2,75.97,1.05,60.78,0.88,53.3,0.67
2024-12-08,13:30,Inverted-V,62,TCT,624.8,30.1,47.7,76.15,1.01,60.92,0.85,51.5,0.67
2024-12-08,13:45,Inverted-V,62,TCT,601.5,30.1,47.1,76.33,0.97,61.06,0.81,49.7,0.67
2024-12-08,14:00,Inverted-V,62,TCT,578.3,30.1,46.6,76.5,0.93,61.2,0.78,47.8,0.67
2024-12-08,14:15,Inverted-V,62,TCT,523.7,30.0,45.1,76.97,0.84,61.57,0.71,43.5,0.67
2024-12-08,14:30,Inverted-V,62,TCT,469.1,29.9,43.6,77.43,0.75,61.94,0.63,39.1,0.67
2024-12-08,14:45,Inverted-V,62,TCT,414.5,29.8,42.2,77.89,0.67,62.32,0.56,34.7,0.67
2024-12-08,15:00,Inverted-V,62,TCT,359.9,29.7,40.7,78.36,0.58,62.69,0.48,30.3,0.67
2024-12-08,15:15,Inverted-V,62,TCT,303.7,29.5,39.1,78.88,0.49,63.1,0.41,25.7,0.67
2024-12-08,15:30,Inverted-V,62,TCT,247.5,29.2,37.4,79.39,0.4,63.52,0.33,21.1,0.67
2024-12-08,15:45,Inverted-V,62,TCT,191.4,29.0,35.8,79.91,0.31,63.93,0.26,16.4,0.67
2024-12-08,16:00,Inverted-V,62,TCT,135.2,28.8,34.1,80.43,0.22,64.34,0.18,11.6,0.67
2024-12-08,16:15,Inverted-V,62,TCT,103.3,28.2,32.8,80.85,0.16,64.68,0.14,8.9,0.67
2024-12-08,16:30,Inverted-V,62,TCT,71.4,27.7,31.5,81.27,0.11,65.01,0.09,6.2,0.67
2024-12-08,16:45,Inverted-V,62,TCT,39.4,27.2,30.2,81.68,0.06,65.35,0.05,3.4,0.67
2024-12-08,17:00,Inverted-V,62,TCT,7.5,26.7,28.9,82.1,0.01,65.68,0.01,0.7,0.67
2024-12-08,17:15,Inverted-V,62,TCT,5.6,26.4,28.6,82.2,0.01,65.76,0.01,0.5,0.67
2024-12-09,05:15,Inverted-V,62,TCT,14.6,22.2,24.6,83.45,0.02,66.76,0.02,1.3,0.67
2024-12-09,05:30,Inverted-V,62,TCT,29.2,22.4,25.2,83.27,0.05,66.62,0.04,2.6,0.67
2024-12-09,05:45,Inverted-V,62,TCT,43.9,22.6,25.7,83.09,0.07,66.47,0.06,3.9,0.67
2024-12-09,06:00,Inverted-V,62,TCT,58.5,22.9,26.3,82.91,0.09,66.33,0.08,5.1,0.67
2024-12-09,06:15,Inverted-V,62,TCT,108.5,23.4,28.1,82.35,0.17,65.88,0.14,9.5,0.67
2024-12-09,06:30,Inverted-V,62,TCT,158.6,23.9,29.9,81.79,0.25,65.43,0.21,13.8,0.67
2024-12-09,06:45,Inverted-V,62,TCT,208.6,24.4,31.6,81.22,0.33,64.98,0.28,18.1,0.67
2024-12-09,07:00,Inverted-V,62,TCT,258.7,25.0,33.4,80.66,0.41,64.53,0.35,22.3,0.67
2024-12-09,07:15,Inverted-V,62,TCT,315.1,25.5,35.3,80.05,0.5,64.04,0.42,27.0,0.67
2024-12-09,07:30,Inverted-V,62,TCT,371.5,26.0,37.2,79.45,0.59,63.56,0.5,31.6,0.67
2024-12-09,07:45,Inverted-V,62,TCT,428.0,26.5,39.2,78.84,0.69,63.08,0.57,36.2,0.67
2024-12-09,08:00,Inverted-V,62,TCT,484.4,27.0,41.1,78.24,0.78,62.59,0.65,40.7,0.67
2024-12-09,08:15,Inverted-V,62,TCT,532.6,27.4,42.7,77.73,0.86,62.18,0.72,44.6,0.67
2024-12-09,08:30,Inverted-V,62,TCT,580.8,27.8,44.3,77.22,0.94,61.78,0.78,48.4,0.67
2024-12-09,08:45,Inverted-V,62,TCT,629.1,28.2,45.9,76.71,1.01,61.37,0.85,52.1,0.67
2024-12-09,09:00,Inverted-V,62,TCT,677.3,28.6,47.5,76.2,1.09,60.96,0.92,55.8,0.67
2024-12-09,09:15,Inverted-V,62,TCT,706.8,28.9,48.6,75.87,1.14,60.69,0.96,58.1,0.67
2024-12-09,09:30,Inverted-V,62,TCT,736.3,29.2,49.6,75.54,1.19,60.43,1.0,60.3,0.67
2024-12-09,09:45,Inverted-V,62,TCT,765.8,29.5,50.7,75.2,1.24,60.16,1.04,62.5,0.67
2024-12-09,10:00,Inverted-V,62,TCT,795.3,29.8,51.7,74.87,1.29,59.9,1.08,64.7,0.67
2024-12-09,10:15,Inverted-V,62,TCT,796.6,30.0,52.0,74.79,1.29,59.84,1.08,64.7,0.67
2024-12-09,10:30,Inverted-V,62,TCT,798.0,30.2,52.2,74.72,1.29,59.77,1.08,64.8,0.67
2024-12-09,10:45,Inverted-V,62,TCT,799.3,30.5,52.4,74.64,1.3,59.71,1.09,64.9,0.67
2024-12-09,11:00,Inverted-V,62,TCT,800.6,30.7,52.7,74.56,1.3,59.65,1.09,64.9,0.67
2024-12-09,11:15,Inverted-V,62,TCT,785.5,30.8,52.4,74.64,1.27,59.71,1.07,63.7,0.67
2024-12-09,11:30,Inverted-V,62,TCT,770.5,30.9,52.2,74.72,1.25,59.77,1.05,62.6,0.67
2024-12-09,11:45,Inverted-V,62,TCT,755.5,31.1,51.9,74.79,1.23,59.84,1.03,61.4,0.67
2024-12-09,12:00,Inverted-V,62,TCT,740.4,31.2,51.7,74.87,1.2,59.9,1.01,60.2,0.67
2024-12-09,12:15,Inverted-V,62,TCT,711.6,31.2,51.0,75.09,1.15,60.07,0.97,58.0,0.67
2024-12-09,12:30,Inverted-V,62,TCT,682.8,31.3,50.3,75.31,1.11,60.25,0.93,55.8,0.67
2024-12-09,12:45,Inverted-V,62,TCT,654.1,31.3,49.6,75.52,1.06,60.42,0.89,53.6,0.67
2024-12-09,13:00,Inverted-V,62,TCT,625.3,31.3,49.0,75.74,1.01,60.59,0.85,51.3,0.67
2024-12-09,13:15,Inverted-V,62,TCT,592.8,31.3,48.1,76.02,0.96,60.81,0.8,48.8,0.67
2024-12-09,13:30,Inverted-V,62,TCT,560.3,31.2,47.2,76.3,0.9,61.04,0.76,46.2,0.67
2024-12-09,13:45,Inverted-V,62,TCT,527.8,31.1,46.3,76.57,0.85,61.26,0.71,43.7,0.67
2024-12-09,14:00,Inverted-V,62,TCT,495.3,31.1,45.5,76.85,0.8,61.48,0.67,41.1,0.67
2024-12-09,14:15,Inverted-V,62,TCT,446.9,30.9,44.1,77.28,0.72,61.82,0.6,37.2,0.67
2024-12-09,14:30,Inverted-V,62,TCT,398.5,30.8,42.8,77.7,0.64,62.16,0.54,33.3,0.67
2024-12-09,14:45,Inverted-V,62,TCT,350.1,30.7,41.4,78.13,0.56,62.5,0.47,29.4,0.67
2024-12-09,15:00,Inverted-V,62,TCT,301.7,30.5,40.1,78.55,0.48,62.84,0.41,25.5,0.67
2024-12-09,15:15,Inverted-V,62,TCT,254.7,30.2,38.6,79.02,0.41,63.22,0.34,21.6,0.67
2024-12-09,15:30,Inverted-V,62,TCT,207.7,29.9,37.1,79.49,0.33,63.59,0.28,17.7,0.67
2024-12-09,15:45,Inverted-V,62,TCT,160.6,29.6,35.6,79.96,0.26,63.97,0.21,13.7,0.67
2024-12-09,16:00,Inverted-V,62,TCT,113.6,29.3,34.1,80.43,0.18,64.35,0.15,9.8,0.67
2024-12-09,16:15,Inverted-V,62,TCT,86.9,28.7,32.9,80.83,0.14,64.66,0.12,7.5,0.67
2024-12-09,16:30,Inverted-V,62,TCT,60.1,28.1,31.6,81.23,0.1,64.98,0.08,5.2,0.67
2024-12-09,16:45,Inverted-V,62,TCT,33.4,27.6,30.4,81.62,0.05,65.3,0.04,2.9,0.67
2024-12-09,17:00,Inverted-V,62,TCT,6.7,27.0,29.1,82.02,0.01,65.61,0.01,0.6,0.67
2024-12-10,05:15,Inverted-V,62,TCT,11.8,22.5,24.8,83.4,0.02,66.72,0.02,1.0,0.67
2024-12-10,05:30,Inverted-V,62,TCT,23.7,22.7,25.3,83.24,0.04,66.59,0.03,2.1,0.67
2024-12-10,05:45,Inverted-V,62,TCT,35.5,22.9,25.8,83.08,0.06,66.47,0.05,3.1,0.67
2024-12-10,06:00,Inverted-V,62,TCT,47.3,23.1,26.3,82.92,0.07,66.34,0.06,4.2,0.67
2024-12-10,06:15,Inverted-V,62,TCT,87.9,23.6,27.8,82.44,0.14,65.95,0.12,7.7,0.67
2024-12-10,06:30,Inverted-V,62,TCT,128.5,24.1,29.3,81.96,0.2,65.57,0.17,11.2,0.67
2024-12-10,06:45,Inverted-V,62,TCT,169.1,24.6,30.9,81.47,0.27,65.18,0.22,14.7,0.67
2024-12-10,07:00,Inverted-V,62,TCT,209.6,25.1,32.4,80.99,0.33,64.79,0.28,18.1,0.67
2024-12-10,07:15,Inverted-V,62,TCT,255.6,25.6,34.0,80.49,0.41,64.39,0.34,22.0,0.67
2024-12-10,07:30,Inverted-V,62,TCT,301.6,26.0,35.5,79.99,0.48,63.99,0.4,25.8,0.67
2024-12-10,07:45,Inverted-V,62,TCT,347.6,26.4,37.1,79.49,0.56,63.59,0.47,29.6,0.67
2024-12-10,08:00,Inverted-V,62,TCT,393.6,26.9,38.7,78.99,0.63,63.19,0.53,33.3,0.67
2024-12-10,08:15,Inverted-V,62,TCT,435.5,27.2,40.1,78.56,0.7,62.85,0.58,36.7,0.67
2024-12-10,08:30,Inverted-V,62,TCT,477.4,27.5,41.4,78.12,0.77,62.5,0.64,40.1,0.67
2024-12-10,08:45,Inverted-V,62,TCT,519.3,27.8,42.8,77.69,0.83,62.15,0.7,43.5,0.67
2024-12-10,09:00,Inverted-V,62,TCT,561.3,28.1,44.2,77.25,0.9,61.8,0.76,46.8,0.67
2024-12-10,09:15,Inverted-V,62,TCT,589.9,28.4,45.2,76.94,0.95,61.55,0.8,49.0,0.67
2024-12-10,09:30,Inverted-V,62,TCT,618.5,28.7,46.2,76.62,1.0,61.29,0.84,51.2,0.67
2024-12-10,09:45,Inverted-V,62,TCT,647.2,29.0,47.2,76.3,1.04,61.04,0.88,53.4,0.67
2024-12-10,10:00,Inverted-V,62,TCT,675.8,29.3,48.2,75.98,1.09,60.79,0.91,55.6,0.67
2024-12-10,10:15,Inverted-V,62,TCT,704.5,29.5,49.1,75.69,1.14,60.55,0.95,57.8,0.67
2024-12-10,10:30,Inverted-V,62,TCT,733.1,29.7,50.1,75.39,1.19,60.31,0.99,60.0,0.67
2024-12-10,10:45,Inverted-V,62,TCT,761.8,30.0,51.0,75.1,1.23,60.08,1.03,62.1,0.67
2024-12-10,11:00,Inverted-V,62,TCT,790.5,30.2,51.9,74.8,1.28,59.84,1.07,64.2,0.67
2024-12-10,11:15,Inverted-V,62,TCT,792.6,30.3,52.1,74.75,1.29,59.8,1.08,64.4,0.67
2024-12-10,11:30,Inverted-V,62,TCT,794.7,30.4,52.2,74.7,1.29,59.76,1.08,64.5,0.67
2024-12-10,11:45,Inverted-V,62,TCT,796.9,30.5,52.4,74.65,1.29,59.72,1.08,64.7,0.67
2024-12-10,12:00,Inverted-V,62,TCT,799.0,30.6,52.6,74.6,1.3,59.68,1.09,64.8,0.67
2024-12-10,12:15,Inverted-V,62,TCT,771.0,30.6,51.9,74.82,1.25,59.86,1.05,62.7,0.67
2024-12-10,12:30,Inverted-V,62,TCT,743.0,30.6,51.2,75.04,1.2,60.03,1.01,60.5,0.67
2024-12-10,12:45,Inverted-V,62,TCT,715.1,30.6,50.5,75.26,1.16,60.21,0.97,58.4,0.67
2024-12-10,13:00,Inverted-V,62,TCT,687.1,30.6,49.8,75.48,1.11,60.38,0.93,56.2,0.67
2024-12-10,13:15,Inverted-V,62,TCT,634.5,30.5,48.4,75.93,1.03,60.74,0.86,52.2,0.67
2024-12-10,13:30,Inverted-V,62,TCT,581.8,30.4,47.0,76.37,0.94,61.1,0.79,48.1,0.67
2024-12-10,13:45,Inverted-V,62,TCT,529.2,30.3,45.5,76.82,0.85,61.46,0.71,43.9,0.67
2024-12-10,14:00,Inverted-V,62,TCT,476.5,30.2,44.1,77.27,0.77,61.82,0.64,39.7,0.67
2024-12-10,14:15,Inverted-V,62,TCT,433.5,30.0,42.8,77.68,0.7,62.15,0.58,36.3,0.67
2024-12-10,14:30,Inverted-V,62,TCT,390.4,29.8,41.5,78.09,0.63,62.47,0.52,32.8,0.67
2024-12-10,14:45,Inverted-V,62,TCT,347.4,29.6,40.2,78.5,0.56,62.8,0.47,29.3,0.67
2024-12-10,15:00,Inverted-V,62,TCT,304.3,29.3,38.9,78.91,0.49,63.13,0.41,25.8,0.67
2024-12-10,15:15,Inverted-V,62,TCT,257.9,29.0,37.5,79.38,0.41,63.51,0.35,21.9,0.67
2024-12-10,15:30,Inverted-V,62,TCT,211.5,28.7,36.0,79.85,0.34,63.88,0.28,18.1,0.67
2024-12-10,15:45,Inverted-V,62,TCT,165.1,28.4,34.5,80.32,0.26,64.26,0.22,14.2,0.67
2024-12-10,16:00,Inverted-V,62,TCT,118.7,28.0,33.0,80.79,0.19,64.63,0.16,10.2,0.67
2024-12-10,16:15,Inverted-V,62,TCT,90.9,27.6,31.9,81.15,0.14,64.92,0.12,7.9,0.67
2024-12-10,16:30,Inverted-V,62,TCT,63.1,27.2,30.7,81.51,0.1,65.21,0.08,5.5,0.67
2024-12-10,16:45,Inverted-V,62,TCT,35.3,26.7,29.6,81.87,0.06,65.49,0.05,3.1,0.67
2024-12-10,17:00,Inverted-V,62,TCT,7.6,26.3,28.5,82.22,0.01,65.78,0.01,0.7,0.67
2024-12-10,17:15,Inverted-V,62,TCT,5.7,26.1,28.3,82.29,0.01,65.83,0.01,0.5,0.67
2024-12-11,05:15,Inverted-V,62,TCT,11.1,23.0,25.3,83.23,0.02,66.58,0.01,1.0,0.67
2024-12-11,05:30,Inverted-V,62,TCT,22.3,23.2,25.7,83.09,0.04,66.48,0.03,2.0,0.67
2024-12-11,05:45,Inverted-V,62,TCT,33.4,23.3,26.2,82.96,0.05,66.37,0.04,2.9,0.67
2024-12-11,06:00,Inverted-V,62,TCT,44.6,23.5,26.6,82.83,0.07,66.26,0.06,3.9,0.67
2024-12-11,06:15,Inverted-V,62,TCT,76.6,23.9,27.8,82.45,0.12,65.96,0.1,6.7,0.67
2024-12-11,06:30,Inverted-V,62,TCT,108.6,24.2,29.0,82.07,0.17,65.66,0.14,9.5,0.67
2024-12-11,06:45,Inverted-V,62,TCT,140.7,24.6,30.2,81.7,0.22,65.36,0.19,12.2,0.67
2024-12-11,07:00,Inverted-V,62,TCT,172.7,25.0,31.3,81.32,0.27,65.05,0.23,15.0,0.67
2024-12-11,07:15,Inverted-V,62,TCT,210.0,25.3,32.6,80.92,0.33,64.74,0.28,18.1,0.67
2024-12-11,07:30,Inverted-V,62,TCT,247.4,25.7,33.9,80.53,0.39,64.42,0.33,21.3,0.67
2024-12-11,07:45,Inverted-V,62,TCT,284.8,26.0,35.1,80.13,0.45,64.1,0.38,24.4,0.67
2024-12-11,08:00,Inverted-V,62,TCT,322.1,26.3,36.4,79.73,0.51,63.79,0.43,27.5,0.67
2024-12-11,08:15,Inverted-V,62,TCT,376.8,26.5,38.0,79.23,0.6,63.38,0.5,32.0,0.67
2024-12-11,08:30,Inverted-V,62,TCT,431.5,26.8,39.6,78.72,0.69,62.98,0.58,36.5,0.67
2024-12-11,08:45,Inverted-V,62,TCT,486.3,27.0,41.2,78.21,0.78,62.57,0.65,40.9,0.67
2024-12-11,09:00,Inverted-V,62,TCT,541.0,27.2,42.8,77.71,0.87,62.16,0.73,45.3,0.67
2024-12-11,09:15,Inverted-V,62,TCT,558.8,27.4,43.4,77.5,0.9,62.0,0.75,46.7,0.67
2024-12-11,09:30,Inverted-V,62,TCT,576.6,27.6,44.1,77.29,0.93,61.83,0.78,48.1,0.67
2024-12-11,09:45,Inverted-V,62,TCT,594.4,27.9,44.7,77.09,0.96,61.67,0.8,49.4,0.67
2024-12-11,10:00,Inverted-V,62,TCT,612.2,28.1,45.4,76.88,0.99,61.5,0.83,50.8,0.67
2024-12-11,10:15,Inverted-V,62,TCT,614.5,28.2,45.6,76.81,0.99,61.45,0.83,51.0,0.67
2024-12-11,10:30,Inverted-V,62,TCT,616.8,28.4,45.8,76.74,0.99,61.39,0.83,51.1,0.67
2024-12-11,10:45,Inverted-V,62,TCT,619.1,28.6,46.0,76.67,1.0,61.33,0.84,51.3,0.67
2024-12-11,11:00,Inverted-V,62,TCT,621.4,28.7,46.3,76.59,1.0,61.28,0.84,51.4,0.67
2024-12-11,11:15,Inverted-V,62,TCT,610.0,28.8,46.1,76.66,0.98,61.33,0.82,50.5,0.67
2024-12-11,11:30,Inverted-V,62,TCT,598.6,28.9,45.9,76.73,0.97,61.38,0.81,49.6,0.67
2024-12-11,11:45,Inverted-V,62,TCT,587.3,29.0,45.6,76.79,0.95,61.43,0.79,48.7,0.67
2024-12-11,12:00,Inverted-V,62,TCT,575.9,29.0,45.4,76.86,0.93,61.49,0.78,47.8,0.67
2024-12-11,12:15,Inverted-V,62,TCT,567.8,29.1,45.3,76.92,0.91,61.53,0.77,47.2,0.67
2024-12-11,12:30,Inverted-V,62,TCT,559.8,29.1,45.1,76.97,0.9,61.58,0.76,46.5,0.67
2024-12-11,12:45,Inverted-V,62,TCT,551.7,29.1,44.9,77.03,0.89,61.63,0.74,45.9,0.67
2024-12-11,13:00,Inverted-V,62,TCT,543.7,29.1,44.7,77.09,0.88,61.67,0.73,45.2,0.67
2024-12-11,13:15,Inverted-V,62,TCT,506.4,29.0,43.7,77.41,0.81,61.93,0.68,42.3,0.67
2024-12-11,13:30,Inverted-V,62,TCT,469.2,28.9,42.7,77.73,0.75,62.18,0.63,39.3,0.67
2024-12-11,13:45,Inverted-V,62,TCT,432.0,28.9,41.7,78.05,0.69,62.44,0.58,36.3,0.67
2024-12-11,14:00,Inverted-V,62,TCT,394.8,28.8,40.7,78.37,0.63,62.7,0.53,33.2,0.67
2024-12-11,14:15,Inverted-V,62,TCT,358.1,28.6,39.6,78.71,0.57,62.97,0.48,30.3,0.67
2024-12-11,14:30,Inverted-V,62,TCT,321.5,28.5,38.5,79.05,0.51,63.24,0.43,27.3,0.67
2024-12-11,14:45,Inverted-V,62,TCT,284.9,28.3,37.4,79.39,0.46,63.51,0.38,24.2,0.67
2024-12-11,15:00,Inverted-V,62,TCT,248.3,28.1,36.4,79.73,0.4,63.79,0.33,21.2,0.67
2024-12-11,15:15,Inverted-V,62,TCT,208.8,27.9,35.1,80.12,0.33,64.09,0.28,17.9,0.67
2024-12-11,15:30,Inverted-V,62,TCT,169.4,27.7,33.9,80.5,0.27,64.4,0.23,14.6,0.67
2024-12-11,15:45,Inverted-V,62,TCT,130.0,27.5,32.7,80.89,0.21,64.71,0.17,11.2,0.67
2024-12-11,16:00,Inverted-V,62,TCT,90.5,27.2,31.5,81.27,0.14,65.02,0.12,7.8,0.67
2024-12-11,16:15,Inverted-V,62,TCT,69.7,26.9,30.6,81.56,0.11,65.24,0.09,6.0,0.67
2024-12-11,16:30,Inverted-V,62,TCT,48.8,26.5,29.7,81.84,0.08,65.47,0.06,4.2,0.67
2024-12-11,16:45,Inverted-V,62,TCT,27.9,26.1,28.8,82.12,0.04,65.7,0.04,2.4,0.67
2024-12-11,17:00,Inverted-V,62,TCT,7.1,25.7,27.9,82.41,0.01,65.93,0.01,0.6,0.67
2024-12-12,05:15,Inverted-V,62,TCT,7.5,23.2,25.4,83.22,0.01,66.57,0.01,0.7,0.67
2024-12-12,05:30,Inverted-V,62,TCT,15.1,23.2,25.6,83.13,0.02,66.51,0.02,1.3,0.67
2024-12-12,05:45,Inverted-V,62,TCT,22.6,23.3,25.9,83.05,0.04,66.44,0.03,2.0,0.67
2024-12-12,06:00,Inverted-V,62,TCT,30.2,23.4,26.1,82.97,0.05,66.37,0.04,2.7,0.67
2024-12-12,06:15,Inverted-V,62,TCT,48.4,23.6,26.8,82.77,0.08,66.21,0.06,4.2,0.67
2024-12-12,06:30,Inverted-V,62,TCT,66.5,23.7,27.4,82.57,0.11,66.05,0.09,5.8,0.67
2024-12-12,06:45,Inverted-V,62,TCT,84.7,23.9,28.0,82.37,0.13,65.89,0.11,7.4,0.67
2024-12-12,07:00,Inverted-V,62,TCT,102.9,24.1,28.7,82.17,0.16,65.73,0.14,9.0,0.67
2024-12-12,07:15,Inverted-V,62,TCT,126.8,24.3,29.4,81.92,0.2,65.54,0.17,11.0,0.67
2024-12-12,07:30,Inverted-V,62,TCT,150.7,24.4,30.2,81.68,0.24,65.34,0.2,13.1,0.67
2024-12-12,07:45,Inverted-V,62,TCT,174.6,24.6,31.0,81.44,0.28,65.15,0.23,15.1,0.67
2024-12-12,08:00,Inverted-V,62,TCT,198.5,24.8,31.7,81.2,0.32,64.96,0.26,17.2,0.67
2024-12-12,08:15,Inverted-V,62,TCT,205.7,25.0,32.1,81.07,0.33,64.85,0.27,17.8,0.67
2024-12-12,08:30,Inverted-V,62,TCT,213.0,25.2,32.5,80.94,0.34,64.75,0.28,18.4,0.67
2024-12-12,08:45,Inverted-V,62,TCT,220.2,25.4,32.9,80.81,0.35,64.65,0.29,19.0,0.67
2024-12-12,09:00,Inverted-V,62,TCT,227.4,25.7,33.4,80.68,0.36,64.55,0.3,19.6,0.67
2024-12-12,09:15,Inverted-V,62,TCT,228.8,25.9,33.6,80.61,0.36,64.48,0.31,19.7,0.67
2024-12-12,09:30,Inverted-V,62,TCT,230.1,26.1,33.8,80.53,0.37,64.42,0.31,19.8,0.67
2024-12-12,09:45,Inverted-V,62,TCT,231.5,26.3,34.1,80.45,0.37,64.36,0.31,19.9,0.67
2024-12-12,10:00,Inverted-V,62,TCT,232.9,26.5,34.3,80.37,0.37,64.3,0.31,20.0,0.67
2024-12-12,10:15,Inverted-V,62,TCT,254.8,26.6,35.0,80.17,0.41,64.13,0.34,21.8,0.67
2024-12-12,10:30,Inverted-V,62,TCT,276.7,26.7,35.6,79.96,0.44,63.97,0.37,23.7,0.67
2024-12-12,10:45,Inverted-V,62,TCT,298.5,26.8,36.3,79.76,0.48,63.81,0.4,25.5,0.67
2024-12-12,11:00,Inverted-V,62,TCT,320.4,26.9,36.9,79.55,0.51,63.64,0.43,27.3,0.67
2024-12-12,11:15,Inverted-V,62,TCT,314.9,26.9,36.8,79.59,0.5,63.67,0.42,26.8,0.67
2024-12-12,11:30,Inverted-V,62,TCT,309.4,27.0,36.7,79.62,0.49,63.7,0.41,26.4,0.67
2024-12-12,11:45,Inverted-V,62,TCT,303.9,27.0,36.6,79.66,0.49,63.73,0.41,25.9,0.67
2024-12-12,12:00,Inverted-V,62,TCT,298.4,27.0,36.5,79.7,0.48,63.76,0.4,25.5,0.67
2024-12-12,12:15,Inverted-V,62,TCT,277.6,27.0,35.9,79.86,0.44,63.89,0.37,23.7,0.67
2024-12-12,12:30,Inverted-V,62,TCT,256.7,27.0,35.4,80.03,0.41,64.02,0.34,22.0,0.67
2024-12-12,12:45,Inverted-V,62,TCT,235.9,27.0,34.9,80.19,0.38,64.15,0.32,20.2,0.67
2024-12-12,13:00,Inverted-V,62,TCT,215.0,27.0,34.4,80.36,0.34,64.28,0.29,18.5,0.67
2024-12-12,13:15,Inverted-V,62,TCT,197.5,26.8,33.8,80.55,0.31,64.44,0.26,17.0,0.67
2024-12-12,13:30,Inverted-V,62,TCT,179.9,26.7,33.2,80.74,0.29,64.59,0.24,15.5,0.67
2024-12-12,13:45,Inverted-V,62,TCT,162.3,26.5,32.6,80.94,0.26,64.75,0.22,14.0,0.67
2024-12-12,14:00,Inverted-V,62,TCT,144.8,26.3,31.9,81.13,0.23,64.9,0.19,12.5,0.67
2024-12-12,14:15,Inverted-V,62,TCT,133.8,26.2,31.5,81.26,0.21,65.0,0.18,11.6,0.67
2024-12-12,14:30,Inverted-V,62,TCT,122.7,26.1,31.2,81.38,0.2,65.1,0.16,10.6,0.67
2024-12-12,14:45,Inverted-V,62,TCT,111.7,26.0,30.8,81.5,0.18,65.2,0.15,9.7,0.67
2024-12-12,15:00,Inverted-V,62,TCT,100.7,25.9,30.4,81.63,0.16,65.3,0.13,8.7,0.67
2024-12-12,15:15,Inverted-V,62,TCT,83.6,25.7,29.8,81.8,0.13,65.44,0.11,7.3,0.67
2024-12-12,15:30,Inverted-V,62,TCT,66.4,25.6,29.3,81.98,0.11,65.58,0.09,5.8,0.67
2024-12-12,15:45,Inverted-V,62,TCT,49.3,25.5,28.7,82.16,0.08,65.73,0.07,4.3,0.67
2024-12-12,16:00,Inverted-V,62,TCT,32.1,25.3,28.1,82.33,0.05,65.87,0.04,2.8,0.67
2024-12-12,16:15,Inverted-V,62,TCT,24.6,25.2,27.8,82.43,0.04,65.95,0.03,2.2,0.67
2024-12-12,16:30,Inverted-V,62,TCT,17.1,25.1,27.5,82.53,0.03,66.03,0.02,1.5,0.67
2024-12-12,16:45,Inverted-V,62,TCT,9.5,24.9,27.2,82.63,0.02,66.11,0.01,0.8,0.67
2024-12-13,05:30,Inverted-V,62,TCT,6.5,24.3,26.5,82.86,0.01,66.28,0.01,0.6,0.67
2024-12-13,05:45,Inverted-V,62,TCT,9.8,24.4,26.6,82.82,0.02,66.25,0.01,0.9,0.67
2024-12-13,06:00,Inverted-V,62,TCT,13.1,24.4,26.7,82.78,0.02,66.22,0.02,1.1,0.67
2024-12-13,06:15,Inverted-V,62,TCT,20.5,24.5,27.0,82.7,0.03,66.16,0.03,1.8,0.67
2024-12-13,06:30,Inverted-V,62,TCT,28.0,24.6,27.3,82.61,0.04,66.09,0.04,2.5,0.67
2024-12-13,06:45,Inverted-V,62,TCT,35.5,24.7,27.5,82.52,0.06,66.02,0.05,3.1,0.67
2024-12-13,07:00,Inverted-V,62,TCT,43.0,24.7,27.8,82.44,0.07,65.95,0.06,3.8,0.67
2024-12-13,07:15,Inverted-V,62,TCT,53.7,24.9,28.2,82.32,0.09,65.85,0.07,4.7,0.67
2024-12-13,07:30,Inverted-V,62,TCT,64.4,25.0,28.6,82.19,0.1,65.76,0.09,5.6,0.67
2024-12-13,07:45,Inverted-V,62,TCT,75.2,25.1,29.0,82.07,0.12,65.66,0.1,6.6,0.67
2024-12-13,08:00,Inverted-V,62,TCT,85.9,25.2,29.3,81.95,0.14,65.56,0.11,7.5,0.67
2024-12-13,08:15,Inverted-V,62,TCT,102.4,25.3,29.9,81.77,0.16,65.42,0.14,8.9,0.67
2024-12-13,08:30,Inverted-V,62,TCT,118.9,25.5,30.5,81.6,0.19,65.28,0.16,10.3,0.67
2024-12-13,08:45,Inverted-V,62,TCT,135.5,25.6,31.0,81.42,0.22,65.14,0.18,11.7,0.67
2024-12-13,09:00,Inverted-V,62,TCT,152.0,25.8,31.6,81.24,0.24,65.0,0.2,13.2,0.67
2024-12-13,09:15,Inverted-V,62,TCT,142.1,26.0,31.5,81.27,0.23,65.01,0.19,12.3,0.67
2024-12-13,09:30,Inverted-V,62,TCT,132.2,26.1,31.5,81.29,0.21,65.03,0.18,11.4,0.67
2024-12-13,09:45,Inverted-V,62,TCT,122.3,26.3,31.4,81.31,0.19,65.04,0.16,10.6,0.67
2024-12-13,10:00,Inverted-V,62,TCT,112.4,26.5,31.3,81.33,0.18,65.06,0.15,9.7,0.67
2024-12-13,10:15,Inverted-V,62,TCT,113.2,26.6,31.5,81.28,0.18,65.02,0.15,9.8,0.67
2024-12-13,10:30,Inverted-V,62,TCT,114.1,26.8,31.6,81.23,0.18,64.98,0.15,9.9,0.67
2024-12-13,10:45,Inverted-V,62,TCT,114.9,26.9,31.8,81.18,0.18,64.95,0.15,9.9,0.67
2024-12-13,11:00,Inverted-V,62,TCT,115.7,27.0,31.9,81.13,0.18,64.91,0.15,10.0,0.67
2024-12-13,11:15,Inverted-V,62,TCT,154.4,27.1,33.0,80.81,0.25,64.65,0.21,13.3,0.67
2024-12-13,11:30,Inverted-V,62,TCT,193.2,27.1,34.0,80.49,0.31,64.39,0.26,16.6,0.67
2024-12-13,11:45,Inverted-V,62,TCT,231.9,27.2,35.0,80.17,0.37,64.13,0.31,19.9,0.67
2024-12-13,12:00,Inverted-V,62,TCT,270.6,27.2,36.0,79.84,0.43,63.87,0.36,23.1,0.67
2024-12-13,12:15,Inverted-V,62,TCT,240.7,27.2,35.3,80.08,0.38,64.06,0.32,20.6,0.67
2024-12-13,12:30,Inverted-V,62,TCT,210.8,27.2,34.5,80.32,0.34,64.25,0.28,18.1,0.67
2024-12-13,12:45,Inverted-V,62,TCT,180.8,27.2,33.8,80.55,0.29,64.44,0.24,15.5,0.67
2024-12-13,13:00,Inverted-V,62,TCT,150.9,27.2,33.0,80.79,0.24,64.63,0.2,13.0,0.67
2024-12-13,13:15,Inverted-V,62,TCT,139.5,27.2,32.7,80.88,0.22,64.7,0.19,12.0,0.67
2024-12-13,13:30,Inverted-V,62,TCT,128.1,27.2,32.4,80.97,0.2,64.78,0.17,11.1,0.67
2024-12-13,13:45,Inverted-V,62,TCT,116.8,27.2,32.1,81.07,0.19,64.85,0.16,10.1,0.67
2024-12-13,14:00,Inverted-V,62,TCT,105.4,27.2,31.9,81.16,0.17,64.93,0.14,9.1,0.67
2024-12-13,14:15,Inverted-V,62,TCT,94.8,27.2,31.6,81.25,0.15,65.0,0.13,8.2,0.67
2024-12-13,14:30,Inverted-V,62,TCT,84.2,27.1,31.3,81.35,0.13,65.08,0.11,7.3,0.67
2024-12-13,14:45,Inverted-V,62,TCT,73.6,27.1,30.9,81.44,0.12,65.16,0.1,6.4,0.67
2024-12-13,15:00,Inverted-V,62,TCT,63.1,27.1,30.6,81.54,0.1,65.23,0.08,5.5,0.67
2024-12-13,15:15,Inverted-V,62,TCT,54.3,26.9,30.3,81.65,0.09,65.32,0.07,4.7,0.67
2024-12-13,15:30,Inverted-V,62,TCT,45.5,26.8,30.0,81.76,0.07,65.41,0.06,4.0,0.67
2024-12-13,15:45,Inverted-V,62,TCT,36.7,26.7,29.6,81.87,0.06,65.5,0.05,3.2,0.67
2024-12-13,16:00,Inverted-V,62,TCT,27.9,26.6,29.3,81.98,0.04,65.58,0.04,2.4,0.67
2024-12-13,16:15,Inverted-V,62,TCT,21.9,26.3,28.9,82.1,0.03,65.68,0.03,1.9,0.67
2024-12-13,16:30,Inverted-V,62,TCT,15.9,26.1,28.5,82.22,0.03,65.77,0.02,1.4,0.67
2024-12-13,16:45,Inverted-V,62,TCT,9.9,25.9,28.1,82.34,0.02,65.87,0.01,0.9,0.67
2024-12-14,05:30,Inverted-V,62,TCT,10.7,22.9,25.2,83.28,0.02,66.62,0.01,0.9,0.67
2024-12-14,05:45,Inverted-V,62,TCT,16.1,22.9,25.3,83.22,0.03,66.58,0.02,1.4,0.67
2024-12-14,06:00,Inverted-V,62,TCT,21.5,23.0,25.5,83.17,0.03,66.54,0.03,1.9,0.67
2024-12-14,06:15,Inverted-V,62,TCT,42.7,23.2,26.2,82.94,0.07,66.35,0.06,3.8,0.67
2024-12-14,06:30,Inverted-V,62,TCT,63.9,23.4,27.0,82.71,0.1,66.16,0.08,5.6,0.67
2024-12-14,06:45,Inverted-V,62,TCT,85.1,23.6,27.7,82.47,0.13,65.98,0.11,7.4,0.67
2024-12-14,07:00,Inverted-V,62,TCT,106.3,23.8,28.4,82.24,0.17,65.79,0.14,9.3,0.67
2024-12-14,07:15,Inverted-V,62,TCT,129.4,24.0,29.3,81.98,0.21,65.58,0.17,11.3,0.67
2024-12-14,07:30,Inverted-V,62,TCT,152.6,24.3,30.1,81.72,0.24,65.38,0.2,13.3,0.67
2024-12-14,07:45,Inverted-V,62,TCT,175.8,24.5,30.9,81.46,0.28,65.17,0.23,15.2,0.67
2024-12-14,08:00,Inverted-V,62,TCT,199.0,24.7,31.7,81.21,0.32,64.96,0.26,17.2,0.67
2024-12-14,08:15,Inverted-V,62,TCT,202.2,25.0,32.0,81.11,0.32,64.89,0.27,17.5,0.67
2024-12-14,08:30,Inverted-V,62,TCT,205.4,25.2,32.3,81.01,0.33,64.81,0.27,17.7,0.67
2024-12-14,08:45,Inverted-V,62,TCT,208.5,25.4,32.6,80.91,0.33,64.73,0.28,18.0,0.67
2024-12-14,09:00,Inverted-V,62,TCT,211.7,25.7,33.0,80.81,0.34,64.65,0.28,18.2,0.67
2024-12-14,09:15,Inverted-V,62,TCT,215.7,25.9,33.3,80.7,0.34,64.56,0.29,18.6,0.67
2024-12-14,09:30,Inverted-V,62,TCT,219.7,26.1,33.6,80.59,0.35,64.48,0.29,18.9,0.67
2024-12-14,09:45,Inverted-V,62,TCT,223.6,26.4,34.0,80.49,0.36,64.39,0.3,19.2,0.67
2024-12-14,10:00,Inverted-V,62,TCT,227.6,26.6,34.3,80.38,0.36,64.3,0.3,19.5,0.67
2024-12-14,10:15,Inverted-V,62,TCT,260.4,26.8,35.4,80.05,0.42,64.04,0.35,22.3,0.67
2024-12-14,10:30,Inverted-V,62,TCT,293.3,27.1,36.4,79.72,0.47,63.77,0.39,25.0,0.67
2024-12-14,10:45,Inverted-V,62,TCT,326.1,27.3,37.5,79.38,0.52,63.51,0.44,27.7,0.67
2024-12-14,11:00,Inverted-V,62,TCT,359.0,27.5,38.5,79.05,0.57,63.24,0.48,30.4,0.67
2024-12-14,11:15,Inverted-V,62,TCT,328.5,27.6,37.8,79.26,0.53,63.41,0.44,27.9,0.67
2024-12-14,11:30,Inverted-V,62,TCT,298.0,27.7,37.2,79.48,0.48,63.58,0.4,25.4,0.67
2024-12-14,11:45,Inverted-V,62,TCT,267.6,27.8,36.5,79.69,0.43,63.75,0.36,22.8,0.67
2024-12-14,12:00,Inverted-V,62,TCT,237.1,27.9,35.8,79.9,0.38,63.92,0.32,20.3,0.67
2024-12-14,12:15,Inverted-V,62,TCT,238.8,28.0,35.9,79.86,0.38,63.89,0.32,20.4,0.67
2024-12-14,12:30,Inverted-V,62,TCT,240.5,28.0,36.0,79.83,0.38,63.86,0.32,20.5,0.67
2024-12-14,12:45,Inverted-V,62,TCT,242.1,28.1,36.2,79.8,0.39,63.84,0.32,20.7,0.67
2024-12-14,13:00,Inverted-V,62,TCT,243.8,28.2,36.3,79.76,0.39,63.81,0.33,20.8,0.67
2024-12-14,13:15,Inverted-V,62,TCT,240.9,28.2,36.2,79.78,0.38,63.82,0.32,20.6,0.67
2024-12-14,13:30,Inverted-V,62,TCT,238.0,28.2,36.1,79.8,0.38,63.84,0.32,20.3,0.67
2024-12-14,13:45,Inverted-V,62,TCT,235.1,28.2,36.1,79.82,0.38,63.86,0.31,20.1,0.67
2024-12-14,14:00,Inverted-V,62,TCT,232.1,28.2,36.0,79.84,0.37,63.87,0.31,19.8,0.67
2024-12-14,14:15,Inverted-V,62,TCT,208.7,28.1,35.3,80.05,0.33,64.04,0.28,17.9,0.67
2024-12-14,14:30,Inverted-V,62,TCT,185.3,28.1,34.7,80.26,0.3,64.21,0.25,15.9,0.67
2024-12-14,14:45,Inverted-V,62,TCT,161.8,28.0,34.0,80.47,0.26,64.38,0.22,13.9,0.67
2024-12-14,15:00,Inverted-V,62,TCT,138.4,27.9,33.3,80.68,0.22,64.55,0.18,11.9,0.67
2024-12-14,15:15,Inverted-V,62,TCT,119.0,27.7,32.7,80.9,0.19,64.72,0.16,10.3,0.67
2024-12-14,15:30,Inverted-V,62,TCT,99.6,27.5,32.0,81.12,0.16,64.89,0.13,8.6,0.67
2024-12-14,15:45,Inverted-V,62,TCT,80.2,27.3,31.3,81.33,0.13,65.07,0.11,6.9,0.67
2024-12-14,16:00,Inverted-V,62,TCT,60.8,27.1,30.6,81.55,0.1,65.24,0.08,5.3,0.67
2024-12-14,16:15,Inverted-V,62,TCT,46.9,26.7,29.9,81.77,0.07,65.42,0.06,4.1,0.67
2024-12-14,16:30,Inverted-V,62,TCT,33.0,26.4,29.2,82.0,0.05,65.6,0.04,2.9,0.67
2024-12-14,16:45,Inverted-V,62,TCT,19.0,26.0,28.5,82.22,0.03,65.78,0.03,1.7,0.67
2024-12-15,05:15,Inverted-V,62,TCT,13.8,20.8,23.1,83.92,0.02,67.14,0.02,1.2,0.67
2024-12-15,05:30,Inverted-V,62,TCT,27.7,20.9,23.6,83.79,0.04,67.03,0.04,2.4,0.67
2024-12-15,05:45,Inverted-V,62,TCT,41.5,20.9,24.0,83.65,0.07,66.92,0.05,3.7,0.67
2024-12-15,06:00,Inverted-V,62,TCT,55.3,21.0,24.4,83.52,0.09,66.82,0.07,4.9,0.67
2024-12-15,06:15,Inverted-V,62,TCT,109.0,21.3,26.0,83.0,0.17,66.4,0.14,9.6,0.67
2024-12-15,06:30,Inverted-V,62,TCT,162.8,21.6,27.7,82.47,0.26,65.98,0.22,14.2,0.67
2024-12-15,06:45,Inverted-V,62,TCT,216.5,21.9,29.4,81.95,0.34,65.56,0.29,18.9,0.67
2024-12-15,07:00,Inverted-V,62,TCT,270.2,22.2,31.0,81.43,0.43,65.14,0.36,23.4,0.67
2024-12-15,07:15,Inverted-V,62,TCT,326.7,22.7,32.8,80.84,0.52,64.67,0.44,28.2,0.67
2024-12-15,07:30,Inverted-V,62,TCT,383.2,23.1,34.7,80.26,0.61,64.21,0.51,32.9,0.67
2024-12-15,07:45,Inverted-V,62,TCT,439.7,23.5,36.5,79.67,0.7,63.74,0.59,37.5,0.67
2024-12-15,08:00,Inverted-V,62,TCT,496.2,24.0,38.4,79.09,0.79,63.27,0.67,42.1,0.67
2024-12-15,08:15,Inverted-V,62,TCT,549.4,24.4,40.1,78.54,0.88,62.83,0.74,46.3,0.67
2024-12-15,08:30,Inverted-V,62,TCT,602.7,24.8,41.9,77.98,0.97,62.39,0.81,50.6,0.67
2024-12-15,08:45,Inverted-V,62,TCT,655.9,25.2,43.6,77.43,1.06,61.94,0.88,54.7,0.67
2024-12-15,09:00,Inverted-V,62,TCT,709.2,25.6,45.4,76.88,1.14,61.5,0.96,58.9,0.67
2024-12-15,09:15,Inverted-V,62,TCT,720.8,25.9,45.9,76.7,1.16,61.36,0.97,59.7,0.67
2024-12-15,09:30,Inverted-V,62,TCT,732.3,26.2,46.5,76.53,1.18,61.22,0.99,60.6,0.67
2024-12-15,09:45,Inverted-V,62,TCT,743.9,26.4,47.0,76.35,1.2,61.08,1.01,61.4,0.67
2024-12-15,10:00,Inverted-V,62,TCT,755.5,26.7,47.6,76.17,1.22,60.94,1.02,62.3,0.67
2024-12-15,10:15,Inverted-V,62,TCT,762.2,26.9,47.9,76.06,1.23,60.85,1.03,62.8,0.67
2024-12-15,10:30,Inverted-V,62,TCT,768.9,27.1,48.3,75.95,1.24,60.76,1.04,63.2,0.67
2024-12-15,10:45,Inverted-V,62,TCT,775.6,27.2,48.6,75.84,1.25,60.67,1.05,63.7,0.67
2024-12-15,11:00,Inverted-V,62,TCT,782.3,27.4,49.0,75.73,1.27,60.59,1.06,64.2,0.67
2024-12-15,11:15,Inverted-V,62,TCT,784.2,27.5,49.1,75.68,1.27,60.55,1.06,64.3,0.67
2024-12-15,11:30,Inverted-V,62,TCT,786.2,27.6,49.3,75.63,1.27,60.51,1.07,64.4,0.67
2024-12-15,11:45,Inverted-V,62,TCT,788.1,27.8,49.5,75.58,1.28,60.47,1.07,64.6,0.67
2024-12-15,12:00,Inverted-V,62,TCT,790.1,27.9,49.6,75.53,1.28,60.43,1.07,64.7,0.67
2024-12-15,12:15,Inverted-V,62,TCT,789.6,27.9,49.6,75.53,1.28,60.42,1.07,64.7,0.67
2024-12-15,12:30,Inverted-V,62,TCT,789.1,27.9,49.6,75.53,1.28,60.42,1.07,64.6,0.67
2024-12-15,12:45,Inverted-V,62,TCT,788.7,27.9,49.7,75.52,1.28,60.42,1.07,64.6,0.67
2024-12-15,13:00,Inverted-V,62,TCT,788.2,28.0,49.7,75.52,1.28,60.41,1.07,64.5,0.67
2024-12-15,13:15,Inverted-V,62,TCT,748.2,27.9,48.6,75.85,1.21,60.68,1.01,61.5,0.67
2024-12-15,13:30,Inverted-V,62,TCT,708.2,27.9,47.6,76.18,1.14,60.94,0.96,58.4,0.67
2024-12-15,13:45,Inverted-V,62,TCT,668.2,27.8,46.5,76.51,1.08,61.21,0.9,55.3,0.67
2024-12-15,14:00,Inverted-V,62,TCT,628.2,27.8,45.5,76.84,1.01,61.47,0.85,52.1,0.67
2024-12-15,14:15,Inverted-V,62,TCT,572.0,27.6,43.9,77.33,0.92,61.86,0.77,47.7,0.67
2024-12-15,14:30,Inverted-V,62,TCT,515.7,27.5,42.4,77.82,0.83,62.25,0.69,43.2,0.67
2024-12-15,14:45,Inverted-V,62,TCT,459.5,27.4,40.9,78.3,0.74,62.64,0.62,38.7,0.67
2024-12-15,15:00,Inverted-V,62,TCT,403.3,27.2,39.3,78.79,0.65,63.03,0.54,34.1,0.67
2024-12-15,15:15,Inverted-V,62,TCT,343.7,27.0,37.6,79.35,0.55,63.48,0.46,29.2,0.67
2024-12-15,15:30,Inverted-V,62,TCT,284.1,26.7,35.8,79.91,0.45,63.93,0.38,24.3,0.67
2024-12-15,15:45,Inverted-V,62,TCT,224.5,26.4,34.0,80.48,0.36,64.38,0.3,19.3,0.67
2024-12-15,16:00,Inverted-V,62,TCT,164.9,26.1,32.2,81.04,0.26,64.83,0.22,14.2,0.67
2024-12-15,16:15,Inverted-V,62,TCT,126.1,25.6,30.7,81.51,0.2,65.21,0.17,10.9,0.67
2024-12-15,16:30,Inverted-V,62,TCT,87.4,25.1,29.2,81.98,0.14,65.59,0.12,7.6,0.67
2024-12-15,16:45,Inverted-V,62,TCT,48.7,24.5,27.8,82.46,0.08,65.97,0.06,4.3,0.67
2024-12-15,17:00,Inverted-V,62,TCT,10.0,24.0,26.3,82.93,0.02,66.34,0.01,0.9,0.67
2024-12-15,17:15,Inverted-V,62,TCT,7.5,23.8,26.0,83.02,0.01,66.42,0.01,0.7,0.67
2024-12-16,05:15,Inverted-V,62,TCT,13.2,21.3,23.6,83.77,0.02,67.02,0.02,1.2,0.67
2024-12-16,05:30,Inverted-V,62,TCT,26.4,21.3,24.0,83.64,0.04,66.91,0.03,2.3,0.67
2024-12-16,05:45,Inverted-V,62,TCT,39.6,21.4,24.4,83.52,0.06,66.81,0.05,3.5,0.67
2024-12-16,06:00,Inverted-V,62,TCT,52.8,21.5,24.8,83.39,0.08,66.71,0.07,4.7,0.67
2024-12-16,06:15,Inverted-V,62,TCT,104.6,21.7,26.3,82.91,0.17,66.33,0.14,9.2,0.67
2024-12-16,06:30,Inverted-V,62,TCT,156.5,21.9,27.8,82.43,0.25,65.94,0.21,13.7,0.67
2024-12-16,06:45,Inverted-V,62,TCT,208.3,22.1,29.4,81.95,0.33,65.56,0.28,18.1,0.67
2024-12-16,07:00,Inverted-V,62,TCT,260.2,22.4,30.9,81.47,0.41,65.18,0.35,22.6,0.67
2024-12-16,07:15,Inverted-V,62,TCT,320.8,22.6,32.6,80.93,0.51,64.74,0.43,27.7,0.67
2024-12-16,07:30,Inverted-V,62,TCT,381.5,22.8,34.3,80.38,0.61,64.3,0.51,32.8,0.67
2024-12-16,07:45,Inverted-V,62,TCT,442.2,23.0,36.0,79.83,0.71,63.87,0.59,37.8,0.67
2024-12-16,08:00,Inverted-V,62,TCT,502.9,23.2,37.8,79.29,0.8,63.43,0.67,42.7,0.67
2024-12-16,08:15,Inverted-V,62,TCT,549.7,23.4,39.1,78.85,0.88,63.08,0.74,46.5,0.67
2024-12-16,08:30,Inverted-V,62,TCT,596.6,23.6,40.5,78.42,0.96,62.73,0.8,50.3,0.67
2024-12-16,08:45,Inverted-V,62,TCT,643.4,23.8,41.9,77.98,1.03,62.39,0.87,54.0,0.67
2024-12-16,09:00,Inverted-V,62,TCT,690.3,24.0,43.2,77.55,1.11,62.04,0.93,57.7,0.67
2024-12-16,09:15,Inverted-V,62,TCT,715.3,24.2,44.0,77.3,1.15,61.84,0.96,59.6,0.67
2024-12-16,09:30,Inverted-V,62,TCT,740.4,24.3,44.8,77.04,1.19,61.64,1.0,61.6,0.67
2024-12-16,09:45,Inverted-V,62,TCT,765.5,24.5,45.6,76.79,1.23,61.43,1.03,63.5,0.67
2024-12-16,10:00,Inverted-V,62,TCT,790.5,24.7,46.4,76.54,1.28,61.23,1.07,65.4,0.67
2024-12-16,10:15,Inverted-V,62,TCT,791.8,24.8,46.6,76.48,1.28,61.19,1.07,65.5,0.67
2024-12-16,10:30,Inverted-V,62,TCT,793.0,25.0,46.8,76.43,1.28,61.14,1.07,65.5,0.67
2024-12-16,10:45,Inverted-V,62,TCT,794.2,25.1,47.0,76.38,1.28,61.1,1.07,65.6,0.67
2024-12-16,11:00,Inverted-V,62,TCT,795.5,25.2,47.1,76.32,1.28,61.06,1.08,65.7,0.67
2024-12-16,11:15,Inverted-V,62,TCT,800.4,25.3,47.4,76.25,1.29,61.0,1.08,66.0,0.67
2024-12-16,11:30,Inverted-V,62,TCT,805.4,25.5,47.6,76.17,1.3,60.94,1.09,66.4,0.67
2024-12-16,11:45,Inverted-V,62,TCT,810.4,25.6,47.8,76.1,1.31,60.88,1.1,66.7,0.67
2024-12-16,12:00,Inverted-V,62,TCT,815.4,25.7,48.1,76.03,1.32,60.82,1.1,67.1,0.67
2024-12-16,12:15,Inverted-V,62,TCT,782.6,25.8,47.3,76.26,1.26,61.01,1.06,64.6,0.67
2024-12-16,12:30,Inverted-V,62,TCT,749.9,25.8,46.6,76.49,1.21,61.2,1.01,62.0,0.67
2024-12-16,12:45,Inverted-V,62,TCT,717.2,25.9,45.8,76.73,1.16,61.38,0.97,59.4,0.67
2024-12-16,13:00,Inverted-V,62,TCT,684.5,26.0,45.1,76.96,1.1,61.57,0.92,56.9,0.67
2024-12-16,13:15,Inverted-V,62,TCT,616.0,26.0,43.4,77.51,0.99,62.01,0.83,51.4,0.67
2024-12-16,13:30,Inverted-V,62,TCT,547.4,26.0,41.6,78.06,0.88,62.45,0.74,46.0,0.67
2024-12-16,13:45,Inverted-V,62,TCT,478.9,25.9,39.9,78.61,0.77,62.89,0.64,40.4,0.67
2024-12-16,14:00,Inverted-V,62,TCT,410.4,25.9,38.2,79.16,0.66,63.33,0.55,34.8,0.67
2024-12-16,14:15,Inverted-V,62,TCT,368.2,25.8,37.0,79.52,0.59,63.62,0.49,31.4,0.67
2024-12-16,14:30,Inverted-V,62,TCT,326.0,25.7,35.9,79.88,0.52,63.91,0.44,27.9,0.67
2024-12-16,14:45,Inverted-V,62,TCT,283.8,25.6,34.7,80.25,0.45,64.2,0.38,24.3,0.67
2024-12-16,15:00,Inverted-V,62,TCT,241.6,25.5,33.6,80.61,0.38,64.49,0.32,20.8,0.67
2024-12-16,15:15,Inverted-V,62,TCT,206.7,25.4,32.6,80.94,0.33,64.75,0.28,17.8,0.67
2024-12-16,15:30,Inverted-V,62,TCT,171.8,25.2,31.5,81.26,0.27,65.01,0.23,14.9,0.67
2024-12-16,15:45,Inverted-V,62,TCT,136.9,25.1,30.5,81.58,0.22,65.27,0.18,11.9,0.67
2024-12-16,16:00,Inverted-V,62,TCT,102.0,24.9,29.5,81.91,0.16,65.53,0.14,8.9,0.67
2024-12-16,16:15,Inverted-V,62,TCT,78.5,24.7,28.6,82.18,0.12,65.74,0.1,6.8,0.67
2024-12-16,16:30,Inverted-V,62,TCT,54.9,24.4,27.8,82.45,0.09,65.96,0.07,4.8,0.67
2024-12-16,16:45,Inverted-V,62,TCT,31.4,24.1,26.9,82.72,0.05,66.18,0.04,2.8,0.67
2024-12-16,17:00,Inverted-V,62,TCT,7.9,23.9,26.1,82.99,0.01,66.39,0.01,0.7,0.67
2024-12-16,17:15,Inverted-V,62,TCT,5.9,23.7,25.9,83.05,0.01,66.44,0.01,0.5,0.67
2024-12-17,05:15,Inverted-V,62,TCT,10.7,21.2,23.5,83.82,0.02,67.05,0.01,0.9,0.67
2024-12-17,05:30,Inverted-V,62,TCT,21.4,21.3,23.8,83.7,0.03,66.96,0.03,1.9,0.67
2024-12-17,05:45,Inverted-V,62,TCT,32.0,21.4,24.2,83.58,0.05,66.86,0.04,2.8,0.67
2024-12-17,06:00,Inverted-V,62,TCT,42.7,21.5,24.6,83.46,0.07,66.76,0.06,3.8,0.67
2024-12-17,06:15,Inverted-V,62,TCT,83.7,21.9,26.0,83.01,0.13,66.41,0.11,7.4,0.67
2024-12-17,06:30,Inverted-V,62,TCT,124.7,22.3,27.4,82.57,0.2,66.06,0.17,10.9,0.67
2024-12-17,06:45,Inverted-V,62,TCT,165.6,22.6,28.8,82.13,0.26,65.7,0.22,14.4,0.67
2024-12-17,07:00,Inverted-V,62,TCT,206.6,23.0,30.2,81.69,0.33,65.35,0.27,18.0,0.67
2024-12-17,07:15,Inverted-V,62,TCT,254.5,23.5,31.8,81.16,0.4,64.93,0.34,22.0,0.67
2024-12-17,07:30,Inverted-V,62,TCT,302.5,23.9,33.5,80.64,0.48,64.51,0.4,26.0,0.67
2024-12-17,07:45,Inverted-V,62,TCT,350.4,24.4,35.2,80.11,0.56,64.09,0.47,30.0,0.67
2024-12-17,08:00,Inverted-V,62,TCT,398.3,24.9,36.8,79.59,0.64,63.67,0.53,33.9,0.67
2024-12-17,08:15,Inverted-V,62,TCT,446.6,25.3,38.5,79.06,0.71,63.25,0.6,37.9,0.67
2024-12-17,08:30,Inverted-V,62,TCT,495.0,25.8,40.1,78.54,0.79,62.83,0.66,41.8,0.67
2024-12-17,08:45,Inverted-V,62,TCT,543.3,26.2,41.8,78.01,0.87,62.41,0.73,45.6,0.67
2024-12-17,09:00,Inverted-V,62,TCT,591.7,26.7,43.5,77.49,0.95,61.99,0.8,49.4,0.67
2024-12-17,09:15,Inverted-V,62,TCT,636.2,27.0,44.9,77.02,1.02,61.61,0.86,52.9,0.67
2024-12-17,09:30,Inverted-V,62,TCT,680.8,27.4,46.4,76.55,1.1,61.24,0.92,56.3,0.67
2024-12-17,09:45,Inverted-V,62,TCT,725.3,27.7,47.9,76.09,1.17,60.87,0.98,59.7,0.67
2024-12-17,10:00,Inverted-V,62,TCT,769.9,28.1,49.3,75.62,1.25,60.5,1.04,63.1,0.67
2024-12-17,10:15,Inverted-V,62,TCT,787.2,28.4,50.0,75.4,1.27,60.32,1.07,64.4,0.67
2024-12-17,10:30,Inverted-V,62,TCT,804.6,28.6,50.7,75.17,1.3,60.14,1.09,65.6,0.67
2024-12-17,10:45,Inverted-V,62,TCT,821.9,28.9,51.5,74.95,1.33,59.96,1.12,66.9,0.67
2024-12-17,11:00,Inverted-V,62,TCT,839.3,29.2,52.2,74.73,1.36,59.78,1.14,68.2,0.67
2024-12-17,11:15,Inverted-V,62,TCT,809.3,29.3,51.6,74.92,1.31,59.94,1.1,65.9,0.67
2024-12-17,11:30,Inverted-V,62,TCT,779.3,29.5,51.0,75.11,1.26,60.09,1.06,63.5,0.67
2024-12-17,11:45,Inverted-V,62,TCT,749.3,29.6,50.4,75.3,1.21,60.24,1.02,61.2,0.67
2024-12-17,12:00,Inverted-V,62,TCT,719.2,29.8,49.8,75.49,1.16,60.39,0.97,58.9,0.67
2024-12-17,12:15,Inverted-V,62,TCT,697.5,29.8,49.2,75.65,1.13,60.52,0.94,57.2,0.67
2024-12-17,12:30,Inverted-V,62,TCT,675.8,29.8,48.7,75.82,1.09,60.65,0.92,55.5,0.67
2024-12-17,12:45,Inverted-V,62,TCT,654.1,29.9,48.2,75.98,1.06,60.78,0.89,53.8,0.67
2024-12-17,13:00,Inverted-V,62,TCT,632.4,29.9,47.7,76.14,1.02,60.91,0.86,52.1,0.67
2024-12-17,13:15,Inverted-V,62,TCT,591.1,29.9,46.6,76.48,0.95,61.18,0.8,48.9,0.67
2024-12-17,13:30,Inverted-V,62,TCT,549.7,29.8,45.6,76.81,0.89,61.45,0.74,45.6,0.67
2024-12-17,13:45,Inverted-V,62,TCT,508.3,29.8,44.5,77.15,0.82,61.72,0.69,42.3,0.67
2024-12-17,14:00,Inverted-V,62,TCT,466.9,29.8,43.5,77.48,0.75,61.99,0.63,39.0,0.67
2024-12-17,14:15,Inverted-V,62,TCT,416.2,29.7,42.1,77.92,0.67,62.33,0.56,34.9,0.67
2024-12-17,14:30,Inverted-V,62,TCT,365.6,29.6,40.7,78.35,0.59,62.68,0.49,30.8,0.67
2024-12-17,14:45,Inverted-V,62,TCT,314.9,29.5,39.4,78.78,0.5,63.02,0.42,26.6,0.67
2024-12-17,15:00,Inverted-V,62,TCT,264.2,29.4,38.0,79.21,0.42,63.37,0.35,22.4,0.67
2024-12-17,15:15,Inverted-V,62,TCT,224.5,29.2,36.8,79.58,0.36,63.66,0.3,19.1,0.67
2024-12-17,15:30,Inverted-V,62,TCT,184.7,29.1,35.7,79.95,0.29,63.96,0.25,15.8,0.67
2024-12-17,15:45,Inverted-V,62,TCT,144.9,28.9,34.5,80.32,0.23,64.25,0.19,12.4,0.67
2024-12-17,16:00,Inverted-V,62,TCT,105.2,28.7,33.3,80.68,0.17,64.55,0.14,9.1,0.67
2024-12-17,16:15,Inverted-V,62,TCT,80.5,28.3,32.4,81.0,0.13,64.8,0.11,7.0,0.67
2024-12-17,16:30,Inverted-V,62,TCT,55.9,28.0,31.4,81.31,0.09,65.05,0.07,4.8,0.67
2024-12-17,16:45,Inverted-V,62,TCT,31.3,27.6,30.4,81.63,0.05,65.3,0.04,2.7,0.67
2024-12-17,17:00,Inverted-V,62,TCT,6.7,27.2,29.4,81.94,0.01,65.55,0.01,0.6,0.67
2024-12-18,05:15,Inverted-V,62,TCT,11.7,22.2,24.5,83.48,0.02,66.78,0.02,1.0,0.67
2024-12-18,05:30,Inverted-V,62,TCT,23.4,22.4,24.9,83.35,0.04,66.68,0.03,2.1,0.67
2024-12-18,05:45,Inverted-V,62,TCT,35.1,22.5,25.4,83.22,0.06,66.57,0.05,3.1,0.67
2024-12-18,06:00,Inverted-V,62,TCT,46.8,22.6,25.8,83.08,0.07,66.47,0.06,4.1,0.67
2024-12-18,06:15,Inverted-V,62,TCT,95.0,22.9,27.3,82.61,0.15,66.08,0.13,8.3,0.67
2024-12-18,06:30,Inverted-V,62,TCT,143.3,23.2,28.8,82.13,0.23,65.7,0.19,12.5,0.67
2024-12-18,06:45,Inverted-V,62,TCT,191.5,23.5,30.3,81.65,0.3,65.32,0.25,16.6,0.67
2024-12-18,07:00,Inverted-V,62,TCT,239.8,23.8,31.8,81.17,0.38,64.93,0.32,20.7,0.67
2024-12-18,07:15,Inverted-V,62,TCT,296.3,24.3,33.7,80.58,0.47,64.46,0.4,25.5,0.67
2024-12-18,07:30,Inverted-V,62,TCT,352.9,24.7,35.5,79.99,0.56,63.99,0.47,30.2,0.67
2024-12-18,07:45,Inverted-V,62,TCT,409.4,25.2,37.4,79.4,0.65,63.52,0.55,34.8,0.67
2024-12-18,08:00,Inverted-V,62,TCT,466.0,25.6,39.3,78.81,0.75,63.05,0.63,39.4,0.67
2024-12-18,08:15,Inverted-V,62,TCT,515.5,26.0,40.9,78.29,0.83,62.63,0.69,43.4,0.67
2024-12-18,08:30,Inverted-V,62,TCT,565.1,26.4,42.5,77.77,0.91,62.22,0.76,47.3,0.67
2024-12-18,08:45,Inverted-V,62,TCT,614.6,26.8,44.2,77.25,0.99,61.8,0.83,51.2,0.67
2024-12-18,09:00,Inverted-V,62,TCT,664.1,27.2,45.8,76.73,1.07,61.39,0.9,55.0,0.67
2024-12-18,09:15,Inverted-V,62,TCT,696.7,27.5,47.0,76.37,1.12,61.1,0.94,57.5,0.67
2024-12-18,09:30,Inverted-V,62,TCT,729.3,27.9,48.1,76.01,1.18,60.81,0.99,60.0,0.67
2024-12-18,09:45,Inverted-V,62,TCT,761.8,28.2,49.2,75.65,1.23,60.52,1.03,62.5,0.67
2024-12-18,10:00,Inverted-V,62,TCT,794.4,28.5,50.4,75.29,1.29,60.24,1.08,64.9,0.67
2024-12-18,10:15,Inverted-V,62,TCT,806.3,28.8,50.9,75.12,1.31,60.1,1.09,65.8,0.67
2024-12-18,10:30,Inverted-V,62,TCT,818.2,29.0,51.5,74.94,1.33,59.96,1.11,66.6,0.67
2024-12-18,10:45,Inverted-V,62,TCT,830.1,29.3,52.0,74.77,1.35,59.82,1.13,67.5,0.67
2024-12-18,11:00,Inverted-V,62,TCT,842.0,29.5,52.6,74.59,1.37,59.68,1.14,68.3,0.67
2024-12-18,11:15,Inverted-V,62,TCT,838.2,29.7,52.7,74.57,1.36,59.65,1.14,68.0,0.67
2024-12-18,11:30,Inverted-V,62,TCT,834.4,29.9,52.8,74.54,1.35,59.63,1.13,67.6,0.67
2024-12-18,11:45,Inverted-V,62,TCT,830.5,30.1,52.8,74.51,1.35,59.61,1.13,67.3,0.67
2024-12-18,12:00,Inverted-V,62,TCT,826.7,30.3,52.9,74.48,1.34,59.59,1.12,67.0,0.67
2024-12-18,12:15,Inverted-V,62,TCT,799.8,30.4,52.4,74.66,1.3,59.73,1.09,64.9,0.67
2024-12-18,12:30,Inverted-V,62,TCT,772.9,30.5,51.8,74.83,1.25,59.87,1.05,62.8,0.67
2024-12-18,12:45,Inverted-V,62,TCT,745.9,30.6,51.3,75.01,1.21,60.01,1.01,60.8,0.67
2024-12-18,13:00,Inverted-V,62,TCT,719.0,30.8,50.7,75.18,1.16,60.15,0.98,58.7,0.67
2024-12-18,13:15,Inverted-V,62,TCT,678.0,30.8,49.7,75.5,1.1,60.4,0.92,55.5,0.67
2024-12-18,13:30,Inverted-V,62,TCT,637.0,30.8,48.7,75.81,1.03,60.65,0.86,52.3,0.67
2024-12-18,13:45,Inverted-V,62,TCT,596.0,30.9,47.8,76.12,0.96,60.9,0.81,49.1,0.67
2024-12-18,14:00,Inverted-V,62,TCT,555.0,30.9,46.8,76.44,0.9,61.15,0.75,45.9,0.67
2024-12-18,14:15,Inverted-V,62,TCT,502.5,30.9,45.4,76.86,0.81,61.49,0.68,41.7,0.67
2024-12-18,14:30,Inverted-V,62,TCT,449.9,30.8,44.1,77.29,0.72,61.83,0.61,37.5,0.67
2024-12-18,14:45,Inverted-V,62,TCT,397.4,30.8,42.7,77.72,0.64,62.18,0.53,33.3,0.67
2024-12-18,15:00,Inverted-V,62,TCT,344.8,30.7,41.4,78.15,0.55,62.52,0.46,29.0,0.67
2024-12-18,15:15,Inverted-V,62,TCT,291.5,30.7,39.9,78.59,0.47,62.88,0.39,24.6,0.67
2024-12-18,15:30,Inverted-V,62,TCT,238.1,30.6,38.5,79.04,0.38,63.23,0.32,20.2,0.67
2024-12-18,15:45,Inverted-V,62,TCT,184.7,30.5,37.1,79.48,0.3,63.59,0.25,15.7,0.67
2024-12-18,16:00,Inverted-V,62,TCT,131.3,30.5,35.7,79.93,0.21,63.94,0.18,11.2,0.67
2024-12-18,16:15,Inverted-V,62,TCT,100.7,30.1,34.6,80.28,0.16,64.23,0.13,8.6,0.67
2024-12-18,16:30,Inverted-V,62,TCT,70.2,29.7,33.5,80.64,0.11,64.51,0.09,6.0,0.67
2024-12-18,16:45,Inverted-V,62,TCT,39.7,29.4,32.4,80.99,0.06,64.79,0.05,3.4,0.67
2024-12-18,17:00,Inverted-V,62,TCT,9.1,29.0,31.3,81.35,0.01,65.08,0.01,0.8,0.67
2024-12-18,17:15,Inverted-V,62,TCT,6.8,28.7,30.9,81.46,0.01,65.17,0.01,0.6,0.67
2024-12-19,05:15,Inverted-V,62,TCT,10.0,23.2,25.5,83.17,0.02,66.54,0.01,0.9,0.67
2024-12-19,05:30,Inverted-V,62,TCT,20.1,23.4,25.9,83.05,0.03,66.44,0.03,1.8,0.67
2024-12-19,05:45,Inverted-V,62,TCT,30.1,23.5,26.3,82.93,0.05,66.35,0.04,2.6,0.67
2024-12-19,06:00,Inverted-V,62,TCT,40.2,23.6,26.6,82.81,0.06,66.25,0.05,3.5,0.67
2024-12-19,06:15,Inverted-V,62,TCT,79.3,24.2,28.2,82.32,0.13,65.85,0.11,6.9,0.67
2024-12-19,06:30,Inverted-V,62,TCT,118.4,24.8,29.8,81.82,0.19,65.46,0.16,10.3,0.67
2024-12-19,06:45,Inverted-V,62,TCT,157.6,25.4,31.3,81.33,0.25,65.06,0.21,13.6,0.67
2024-12-19,07:00,Inverted-V,62,TCT,196.7,25.9,32.9,80.84,0.31,64.67,0.26,17.0,0.67
2024-12-19,07:15,Inverted-V,62,TCT,248.3,26.4,34.6,80.29,0.4,64.23,0.33,21.3,0.67
2024-12-19,07:30,Inverted-V,62,TCT,299.9,26.8,36.3,79.74,0.48,63.79,0.4,25.6,0.67
2024-12-19,07:45,Inverted-V,62,TCT,351.5,27.3,38.1,79.19,0.56,63.35,0.47,29.8,0.67
2024-12-19,08:00,Inverted-V,62,TCT,403.2,27.7,39.8,78.64,0.65,62.91,0.54,34.0,0.67
2024-12-19,08:15,Inverted-V,62,TCT,453.7,28.0,41.4,78.14,0.73,62.51,0.61,38.1,0.67
2024-12-19,08:30,Inverted-V,62,TCT,504.2,28.3,42.9,77.65,0.81,62.12,0.68,42.2,0.67
2024-12-19,08:45,Inverted-V,62,TCT,554.7,28.6,44.5,77.16,0.89,61.72,0.75,46.2,0.67
2024-12-19,09:00,Inverted-V,62,TCT,605.3,28.9,46.1,76.66,0.98,61.33,0.82,50.1,0.67
2024-12-19,09:15,Inverted-V,62,TCT,633.8,29.2,47.0,76.36,1.02,61.09,0.86,52.3,0.67
2024-12-19,09:30,Inverted-V,62,TCT,662.3,29.4,48.0,76.06,1.07,60.84,0.9,54.5,0.67
2024-12-19,09:45,Inverted-V,62,TCT,690.9,29.7,48.9,75.75,1.12,60.6,0.94,56.7,0.67
2024-12-19,10:00,Inverted-V,62,TCT,719.4,29.9,49.9,75.45,1.16,60.36,0.98,58.9,0.67
2024-12-19,10:15,Inverted-V,62,TCT,744.5,30.1,50.7,75.2,1.21,60.16,1.01,60.8,0.67
2024-12-19,10:30,Inverted-V,62,TCT,769.7,30.2,51.5,74.94,1.25,59.96,1.04,62.7,0.67
2024-12-19,10:45,Inverted-V,62,TCT,794.8,30.4,52.3,74.69,1.29,59.75,1.08,64.5,0.67
2024-12-19,11:00,Inverted-V,62,TCT,820.0,30.6,53.1,74.44,1.33,59.55,1.11,66.4,0.67
2024-12-19,11:15,Inverted-V,62,TCT,815.6,30.7,53.1,74.44,1.32,59.55,1.11,66.0,0.67
2024-12-19,11:30,Inverted-V,62,TCT,811.1,30.8,53.1,74.44,1.32,59.55,1.1,65.7,0.67
2024-12-19,11:45,Inverted-V,62,TCT,806.7,30.9,53.1,74.44,1.31,59.55,1.1,65.3,0.67
2024-12-19,12:00,Inverted-V,62,TCT,802.3,31.0,53.1,74.44,1.3,59.55,1.09,65.0,0.67
2024-12-19,12:15,Inverted-V,62,TCT,751.2,31.0,51.8,74.84,1.22,59.87,1.02,61.1,0.67
2024-12-19,12:30,Inverted-V,62,TCT,700.1,31.0,50.5,75.25,1.13,60.2,0.95,57.2,0.67
2024-12-19,12:45,Inverted-V,62,TCT,649.1,31.0,49.2,75.66,1.05,60.52,0.88,53.2,0.67
2024-12-19,13:00,Inverted-V,62,TCT,598.0,31.0,47.9,76.06,0.97,60.85,0.81,49.2,0.67
2024-12-19,13:15,Inverted-V,62,TCT,563.4,30.9,47.0,76.36,0.91,61.08,0.76,46.5,0.67
2024-12-19,13:30,Inverted-V,62,TCT,528.8,30.9,46.1,76.65,0.85,61.32,0.71,43.8,0.67
2024-12-19,13:45,Inverted-V,62,TCT,494.2,30.8,45.2,76.94,0.8,61.56,0.67,41.0,0.67
2024-12-19,14:00,Inverted-V,62,TCT,459.6,30.7,44.2,77.24,0.74,61.79,0.62,38.3,0.67
2024-12-19,14:15,Inverted-V,62,TCT,416.5,30.6,43.1,77.61,0.67,62.09,0.56,34.8,0.67
2024-12-19,14:30,Inverted-V,62,TCT,373.4,30.5,41.9,77.98,0.6,62.39,0.5,31.3,0.67
2024-12-19,14:45,Inverted-V,62,TCT,330.2,30.4,40.7,78.36,0.53,62.68,0.44,27.8,0.67
2024-12-19,15:00,Inverted-V,62,TCT,287.1,30.4,39.5,78.73,0.46,62.98,0.39,24.3,0.67
2024-12-19,15:15,Inverted-V,62,TCT,246.3,30.2,38.4,79.1,0.39,63.28,0.33,20.9,0.67
2024-12-19,15:30,Inverted-V,62,TCT,205.5,30.1,37.2,79.46,0.33,63.57,0.28,17.5,0.67
2024-12-19,15:45,Inverted-V,62,TCT,164.7,29.9,36.0,79.83,0.26,63.86,0.22,14.1,0.67
2024-12-19,16:00,Inverted-V,62,TCT,123.9,29.8,34.9,80.2,0.2,64.16,0.17,10.6,0.67
2024-12-19,16:15,Inverted-V,62,TCT,95.3,29.4,33.8,80.55,0.15,64.44,0.13,8.2,0.67
2024-12-19,16:30,Inverted-V,62,TCT,66.7,29.0,32.6,80.91,0.11,64.73,0.09,5.8,0.67
2024-12-19,16:45,Inverted-V,62,TCT,38.1,28.6,31.5,81.27,0.06,65.01,0.05,3.3,0.67
2024-12-19,17:00,Inverted-V,62,TCT,9.5,28.1,30.4,81.63,0.02,65.3,0.01,0.8,0.67
2024-12-19,17:15,Inverted-V,62,TCT,7.1,27.9,30.0,81.73,0.01,65.39,0.01,0.6,0.67
2024-12-20,05:15,Inverted-V,62,TCT,12.7,23.3,25.6,83.14,0.02,66.51,0.02,1.1,0.67
2024-12-20,05:30,Inverted-V,62,TCT,25.3,23.4,26.0,83.0,0.04,66.4,0.03,2.2,0.67
2024-12-20,05:45,Inverted-V,62,TCT,38.0,23.5,26.5,82.86,0.06,66.29,0.05,3.3,0.67
2024-12-20,06:00,Inverted-V,62,TCT,50.6,23.6,26.9,82.72,0.08,66.18,0.07,4.4,0.67
2024-12-20,06:15,Inverted-V,62,TCT,103.9,24.0,28.6,82.18,0.16,65.74,0.14,9.1,0.67
2024-12-20,06:30,Inverted-V,62,TCT,157.1,24.4,30.3,81.64,0.25,65.31,0.21,13.6,0.67
2024-12-20,06:45,Inverted-V,62,TCT,210.4,24.8,32.0,81.1,0.33,64.88,0.28,18.2,0.67
2024-12-20,07:00,Inverted-V,62,TCT,263.6,25.2,33.8,80.55,0.42,64.44,0.35,22.7,0.67
2024-12-20,07:15,Inverted-V,62,TCT,324.9,25.7,35.9,79.89,0.52,63.91,0.43,27.8,0.67
2024-12-20,07:30,Inverted-V,62,TCT,386.2,26.3,37.9,79.23,0.62,63.38,0.52,32.8,0.67
2024-12-20,07:45,Inverted-V,62,TCT,447.5,26.8,40.0,78.57,0.72,62.86,0.6,37.8,0.67
2024-12-20,08:00,Inverted-V,62,TCT,508.7,27.4,42.1,77.91,0.82,62.33,0.68,42.7,0.67
2024-12-20,08:15,Inverted-V,62,TCT,557.5,27.8,43.7,77.39,0.9,61.91,0.75,46.5,0.67
2024-12-20,08:30,Inverted-V,62,TCT,606.2,28.2,45.4,76.88,0.98,61.5,0.82,50.3,0.67
2024-12-20,08:45,Inverted-V,62,TCT,654.9,28.6,47.0,76.37,1.06,61.09,0.89,54.1,0.67
2024-12-20,09:00,Inverted-V,62,TCT,703.7,29.0,48.6,75.85,1.14,60.68,0.95,57.8,0.67
2024-12-20,09:15,Inverted-V,62,TCT,735.4,29.3,49.7,75.52,1.19,60.41,1.0,60.2,0.67
2024-12-20,09:30,Inverted-V,62,TCT,767.2,29.5,50.7,75.18,1.24,60.15,1.04,62.6,0.67
2024-12-20,09:45,Inverted-V,62,TCT,799.0,29.8,51.8,74.85,1.3,59.88,1.09,65.0,0.67
2024-12-20,10:00,Inverted-V,62,TCT,830.7,30.1,52.8,74.51,1.35,59.61,1.13,67.3,0.67
2024-12-20,10:15,Inverted-V,62,TCT,843.0,30.2,53.3,74.36,1.37,59.49,1.15,68.2,0.67
2024-12-20,10:30,Inverted-V,62,TCT,855.4,30.4,53.8,74.2,1.39,59.36,1.16,69.1,0.67
2024-12-20,10:45,Inverted-V,62,TCT,867.7,30.6,54.3,74.05,1.41,59.24,1.18,70.0,0.67
2024-12-20,11:00,Inverted-V,62,TCT,880.0,30.8,54.8,73.9,1.43,59.12,1.2,70.9,0.67
2024-12-20,11:15,Inverted-V,62,TCT,862.5,30.9,54.5,74.0,1.4,59.2,1.17,69.5,0.67
2024-12-20,11:30,Inverted-V,62,TCT,845.1,31.0,54.2,74.1,1.37,59.28,1.15,68.2,0.67
2024-12-20,11:45,Inverted-V,62,TCT,827.7,31.1,53.8,74.2,1.34,59.36,1.13,66.9,0.67
2024-12-20,12:00,Inverted-V,62,TCT,810.2,31.3,53.5,74.3,1.32,59.44,1.1,65.5,0.67
2024-12-20,12:15,Inverted-V,62,TCT,774.1,31.3,52.7,74.57,1.26,59.65,1.05,62.8,0.67
2024-12-20,12:30,Inverted-V,62,TCT,738.0,31.4,51.8,74.84,1.2,59.87,1.0,60.0,0.67
2024-12-20,12:45,Inverted-V,62,TCT,701.9,31.4,51.0,75.11,1.14,60.09,0.95,57.2,0.67
2024-12-20,13:00,Inverted-V,62,TCT,665.8,31.5,50.1,75.38,1.08,60.3,0.9,54.4,0.67
2024-12-20,13:15,Inverted-V,62,TCT,637.8,31.4,49.4,75.61,1.03,60.49,0.86,52.3,0.67
2024-12-20,13:30,Inverted-V,62,TCT,609.7,31.4,48.6,75.85,0.99,60.68,0.83,50.1,0.67
2024-12-20,13:45,Inverted-V,62,TCT,581.7,31.3,47.9,76.09,0.94,60.87,0.79,47.9,0.67
2024-12-20,14:00,Inverted-V,62,TCT,553.7,31.3,47.1,76.32,0.89,61.06,0.75,45.7,0.67
2024-12-20,14:15,Inverted-V,62,TCT,499.8,31.2,45.7,76.78,0.81,61.43,0.67,41.4,0.67
2024-12-20,14:30,Inverted-V,62,TCT,446.0,31.1,44.2,77.24,0.72,61.79,0.6,37.2,0.67
2024-12-20,14:45,Inverted-V,62,TCT,392.2,31.0,42.8,77.7,0.63,62.16,0.53,32.8,0.67
2024-12-20,15:00,Inverted-V,62,TCT,338.3,30.9,41.3,78.16,0.54,62.53,0.45,28.4,0.67
2024-12-20,15:15,Inverted-V,62,TCT,286.5,30.7,39.8,78.63,0.46,62.9,0.38,24.2,0.67
2024-12-20,15:30,Inverted-V,62,TCT,234.7,30.5,38.4,79.09,0.38,63.27,0.31,19.9,0.67
2024-12-20,15:45,Inverted-V,62,TCT,182.9,30.4,36.9,79.55,0.29,63.64,0.24,15.6,0.67
2024-12-20,16:00,Inverted-V,62,TCT,131.1,30.2,35.5,80.01,0.21,64.01,0.18,11.2,0.67
2024-12-20,16:15,Inverted-V,62,TCT,100.6,29.7,34.2,80.41,0.16,64.33,0.13,8.6,0.67
2024-12-20,16:30,Inverted-V,62,TCT,70.1,29.2,33.0,80.81,0.11,64.65,0.09,6.0,0.67
2024-12-20,16:45,Inverted-V,62,TCT,39.6,28.7,31.7,81.21,0.06,64.96,0.05,3.4,0.67
2024-12-20,17:00,Inverted-V,62,TCT,9.1,28.2,30.4,81.6,0.01,65.28,0.01,0.8,0.67
2024-12-20,17:15,Inverted-V,62,TCT,6.8,27.9,30.1,81.71,0.01,65.37,0.01,0.6,0.67
2024-12-21,05:15,Inverted-V,62,TCT,10.6,23.3,25.6,83.15,0.02,66.52,0.01,0.9,0.67
2024-12-21,05:30,Inverted-V,62,TCT,21.1,23.4,25.9,83.03,0.03,66.42,0.03,1.9,0.67
2024-12-21,05:45,Inverted-V,62,TCT,31.7,23.5,26.3,82.91,0.05,66.33,0.04,2.8,0.67
2024-12-21,06:00,Inverted-V,62,TCT,42.2,23.6,26.7,82.8,0.07,66.24,0.06,3.7,0.67
2024-12-21,06:15,Inverted-V,62,TCT,89.1,23.9,28.2,82.33,0.14,65.86,0.12,7.8,0.67
2024-12-21,06:30,Inverted-V,62,TCT,136.0,24.2,29.6,81.86,0.22,65.49,0.18,11.8,0.67
2024-12-21,06:45,Inverted-V,62,TCT,182.8,24.6,31.1,81.39,0.29,65.11,0.24,15.8,0.67
2024-12-21,07:00,Inverted-V,62,TCT,229.7,24.9,32.6,80.92,0.37,64.74,0.31,19.8,0.67
2024-12-21,07:15,Inverted-V,62,TCT,291.4,25.2,34.5,80.32,0.46,64.26,0.39,25.0,0.67
2024-12-21,07:30,Inverted-V,62,TCT,353.2,25.5,36.4,79.73,0.56,63.78,0.47,30.1,0.67
2024-12-21,07:45,Inverted-V,62,TCT,415.0,25.9,38.3,79.13,0.66,63.3,0.56,35.2,0.67
2024-12-21,08:00,Inverted-V,62,TCT,476.8,26.2,40.1,78.53,0.76,62.82,0.64,40.2,0.67
2024-12-21,08:15,Inverted-V,62,TCT,521.2,26.8,41.8,78.01,0.84,62.4,0.7,43.7,0.67
2024-12-21,08:30,Inverted-V,62,TCT,565.7,27.3,43.5,77.48,0.91,61.98,0.76,47.2,0.67
2024-12-21,08:45,Inverted-V,62,TCT,610.1,27.9,45.1,76.96,0.98,61.56,0.82,50.7,0.67
2024-12-21,09:00,Inverted-V,62,TCT,654.6,28.4,46.8,76.43,1.06,61.14,0.88,54.1,0.67
2024-12-21,09:15,Inverted-V,62,TCT,691.3,28.8,48.0,76.03,1.12,60.83,0.94,56.9,0.67
2024-12-21,09:30,Inverted-V,62,TCT,727.9,29.1,49.3,75.64,1.18,60.51,0.99,59.7,0.67
2024-12-21,09:45,Inverted-V,62,TCT,764.6,29.4,50.5,75.24,1.24,60.19,1.04,62.4,0.67
2024-12-21,10:00,Inverted-V,62,TCT,801.3,29.8,51.8,74.85,1.3,59.88,1.09,65.2,0.67
2024-12-21,10:15,Inverted-V,62,TCT,816.4,29.9,52.3,74.67,1.32,59.74,1.11,66.3,0.67
2024-12-21,10:30,Inverted-V,62,TCT,831.6,30.1,52.9,74.5,1.35,59.6,1.13,67.4,0.67
2024-12-21,10:45,Inverted-V,62,TCT,846.8,30.3,53.4,74.32,1.38,59.46,1.15,68.5,0.67
2024-12-21,11:00,Inverted-V,62,TCT,862.0,30.4,54.0,74.15,1.4,59.32,1.17,69.6,0.67
2024-12-21,11:15,Inverted-V,62,TCT,843.2,30.5,53.6,74.27,1.37,59.42,1.15,68.2,0.67
2024-12-21,11:30,Inverted-V,62,TCT,824.4,30.6,53.2,74.39,1.34,59.51,1.12,66.7,0.67
2024-12-21,11:45,Inverted-V,62,TCT,805.6,30.7,52.8,74.51,1.31,59.61,1.1,65.3,0.67
2024-12-21,12:00,Inverted-V,62,TCT,786.8,30.8,52.5,74.64,1.28,59.71,1.07,63.8,0.67
2024-12-21,12:15,Inverted-V,62,TCT,761.4,30.8,51.8,74.83,1.23,59.87,1.03,61.9,0.67
2024-12-21,12:30,Inverted-V,62,TCT,736.0,30.8,51.2,75.03,1.19,60.02,1.0,60.0,0.67
2024-12-21,12:45,Inverted-V,62,TCT,710.7,30.8,50.6,75.22,1.15,60.18,0.96,58.0,0.67
2024-12-21,13:00,Inverted-V,62,TCT,685.3,30.9,50.0,75.42,1.11,60.33,0.93,56.1,0.67
2024-12-21,13:15,Inverted-V,62,TCT,633.7,30.8,48.6,75.84,1.02,60.67,0.86,52.1,0.67
2024-12-21,13:30,Inverted-V,62,TCT,582.1,30.8,47.3,76.26,0.94,61.01,0.79,48.0,0.67
2024-12-21,13:45,Inverted-V,62,TCT,530.6,30.7,46.0,76.69,0.86,61.35,0.72,44.0,0.67
2024-12-21,14:00,Inverted-V,62,TCT,479.0,30.7,44.6,77.11,0.77,61.69,0.65,39.9,0.67
2024-12-21,14:15,Inverted-V,62,TCT,434.9,30.6,43.5,77.48,0.7,61.98,0.59,36.3,0.67
2024-12-21,14:30,Inverted-V,62,TCT,390.9,30.5,42.3,77.85,0.63,62.28,0.53,32.8,0.67
2024-12-21,14:45,Inverted-V,62,TCT,346.8,30.5,41.1,78.22,0.56,62.57,0.47,29.2,0.67
2024-12-21,15:00,Inverted-V,62,TCT,302.8,30.4,40.0,78.58,0.49,62.87,0.41,25.6,0.67
2024-12-21,15:15,Inverted-V,62,TCT,258.0,30.2,38.7,79.0,0.41,63.2,0.35,21.9,0.67
2024-12-21,15:30,Inverted-V,62,TCT,213.2,30.0,37.3,79.42,0.34,63.54,0.29,18.1,0.67
2024-12-21,15:45,Inverted-V,62,TCT,168.4,29.8,36.0,79.84,0.27,63.87,0.23,14.4,0.67
2024-12-21,16:00,Inverted-V,62,TCT,123.6,29.6,34.7,80.26,0.2,64.21,0.17,10.6,0.67
2024-12-21,16:15,Inverted-V,62,TCT,95.3,29.2,33.6,80.61,0.15,64.49,0.13,8.2,0.67
2024-12-21,16:30,Inverted-V,62,TCT,67.0,28.8,32.5,80.96,0.11,64.77,0.09,5.8,0.67
2024-12-21,16:45,Inverted-V,62,TCT,38.7,28.4,31.4,81.31,0.06,65.05,0.05,3.3,0.67
2024-12-21,17:00,Inverted-V,62,TCT,10.4,28.0,30.3,81.66,0.02,65.33,0.01,0.9,0.67
2024-12-21,17:15,Inverted-V,62,TCT,7.8,27.8,30.0,81.75,0.01,65.4,0.01,0.7,0.67
2024-12-22,05:15,Inverted-V,62,TCT,9.5,24.0,26.3,82.93,0.02,66.34,0.01,0.8,0.67
2024-12-22,05:30,Inverted-V,62,TCT,19.1,24.1,26.6,82.82,0.03,66.25,0.03,1.7,0.67
2024-12-22,05:45,Inverted-V,62,TCT,28.6,24.2,27.0,82.71,0.05,66.17,0.04,2.5,0.67
2024-12-22,06:00,Inverted-V,62,TCT,38.2,24.4,27.3,82.6,0.06,66.08,0.05,3.3,0.67
2024-12-22,06:15,Inverted-V,62,TCT,82.1,24.8,28.8,82.12,0.13,65.7,0.11,7.2,0.67
2024-12-22,06:30,Inverted-V,62,TCT,126.0,25.2,30.3,81.65,0.2,65.32,0.17,10.9,0.67
2024-12-22,06:45,Inverted-V,62,TCT,169.9,25.6,31.8,81.17,0.27,64.94,0.23,14.7,0.67
2024-12-22,07:00,Inverted-V,62,TCT,213.8,25.9,33.3,80.7,0.34,64.56,0.29,18.4,0.67
2024-12-22,07:15,Inverted-V,62,TCT,268.1,26.4,35.1,80.14,0.43,64.11,0.36,23.0,0.67
2024-12-22,07:30,Inverted-V,62,TCT,322.4,26.8,36.8,79.58,0.52,63.67,0.43,27.5,0.67
2024-12-22,07:45,Inverted-V,62,TCT,376.7,27.2,38.6,79.03,0.6,63.22,0.51,31.9,0.67
2024-12-22,08:00,Inverted-V,62,TCT,431.0,27.6,40.3,78.47,0.69,62.78,0.58,36.3,0.67
2024-12-22,08:15,Inverted-V,62,TCT,476.5,27.8,41.7,78.04,0.77,62.44,0.64,40.0,0.67
2024-12-22,08:30,Inverted-V,62,TCT,521.9,28.0,43.0,77.62,0.84,62.1,0.7,43.6,0.67
2024-12-22,08:45,Inverted-V,62,TCT,567.3,28.2,44.4,77.2,0.91,61.76,0.76,47.2,0.67
2024-12-22,09:00,Inverted-V,62,TCT,612.7,28.4,45.7,76.77,0.99,61.42,0.83,50.8,0.67
2024-12-22,09:15,Inverted-V,62,TCT,642.2,28.6,46.6,76.48,1.04,61.18,0.87,53.1,0.67
2024-12-22,09:30,Inverted-V,62,TCT,671.7,28.8,47.6,76.19,1.08,60.95,0.91,55.4,0.67
2024-12-22,09:45,Inverted-V,62,TCT,701.1,29.0,48.5,75.89,1.13,60.71,0.95,57.6,0.67
2024-12-22,10:00,Inverted-V,62,TCT,730.6,29.1,49.4,75.6,1.18,60.48,0.99,59.9,0.67
2024-12-22,10:15,Inverted-V,62,TCT,719.7,29.2,49.2,75.66,1.16,60.53,0.98,59.0,0.67
2024-12-22,10:30,Inverted-V,62,TCT,708.9,29.3,49.0,75.72,1.15,60.58,0.96,58.2,0.67
2024-12-22,10:45,Inverted-V,62,TCT,698.1,29.4,48.8,75.78,1.13,60.63,0.95,57.3,0.67
2024-12-22,11:00,Inverted-V,62,TCT,687.2,29.5,48.6,75.84,1.11,60.67,0.93,56.5,0.67
2024-12-22,11:15,Inverted-V,62,TCT,690.9,29.5,48.8,75.8,1.12,60.64,0.94,56.7,0.67
2024-12-22,11:30,Inverted-V,62,TCT,694.5,29.5,48.9,75.77,1.12,60.61,0.94,57.0,0.67
2024-12-22,11:45,Inverted-V,62,TCT,698.1,29.5,49.0,75.73,1.13,60.58,0.95,57.3,0.67
2024-12-22,12:00,Inverted-V,62,TCT,701.8,29.6,49.1,75.69,1.14,60.55,0.95,57.6,0.67
2024-12-22,12:15,Inverted-V,62,TCT,674.2,29.5,48.4,75.92,1.09,60.74,0.91,55.4,0.67
2024-12-22,12:30,Inverted-V,62,TCT,646.6,29.5,47.7,76.15,1.04,60.92,0.87,53.3,0.67
2024-12-22,12:45,Inverted-V,62,TCT,619.0,29.4,46.9,76.39,1.0,61.11,0.84,51.1,0.67
2024-12-22,13:00,Inverted-V,62,TCT,591.4,29.4,46.2,76.62,0.95,61.29,0.8,49.0,0.67
2024-12-22,13:15,Inverted-V,62,TCT,572.3,29.3,45.6,76.82,0.92,61.45,0.77,47.5,0.67
2024-12-22,13:30,Inverted-V,62,TCT,553.2,29.1,44.9,77.02,0.89,61.61,0.75,46.0,0.67
2024-12-22,13:45,Inverted-V,62,TCT,534.2,29.0,44.3,77.21,0.86,61.77,0.72,44.5,0.67
2024-12-22,14:00,Inverted-V,62,TCT,515.1,28.8,43.7,77.41,0.83,61.93,0.69,43.0,0.67
2024-12-22,14:15,Inverted-V,62,TCT,469.2,28.6,42.3,77.84,0.75,62.28,0.63,39.3,0.67
2024-12-22,14:30,Inverted-V,62,TCT,423.3,28.4,41.0,78.27,0.68,62.62,0.57,35.6,0.67
2024-12-22,14:45,Inverted-V,62,TCT,377.5,28.2,39.6,78.71,0.6,62.96,0.51,31.9,0.67
2024-12-22,15:00,Inverted-V,62,TCT,331.6,27.9,38.2,79.14,0.53,63.31,0.44,28.1,0.67
2024-12-22,15:15,Inverted-V,62,TCT,282.3,27.7,36.7,79.61,0.45,63.69,0.38,24.1,0.67
2024-12-22,15:30,Inverted-V,62,TCT,233.1,27.4,35.3,80.08,0.37,64.07,0.31,20.0,0.67
2024-12-22,15:45,Inverted-V,62,TCT,183.8,27.2,33.8,80.55,0.29,64.44,0.25,15.8,0.67
2024-12-22,16:00,Inverted-V,62,TCT,134.5,26.9,32.3,81.03,0.21,64.82,0.18,11.6,0.67
2024-12-22,16:15,Inverted-V,62,TCT,103.7,26.6,31.2,81.37,0.16,65.1,0.14,9.0,0.67
2024-12-22,16:30,Inverted-V,62,TCT,72.8,26.3,30.1,81.72,0.12,65.38,0.1,6.3,0.67
2024-12-22,16:45,Inverted-V,62,TCT,41.9,25.9,29.0,82.07,0.07,65.65,0.06,3.7,0.67
2024-12-22,17:00,Inverted-V,62,TCT,11.0,25.6,27.9,82.41,0.02,65.93,0.01,1.0,0.67
2024-12-22,17:15,Inverted-V,62,TCT,8.3,25.4,27.6,82.49,0.01,65.99,0.01,0.7,0.67
2024-12-22,17:30,Inverted-V,62,TCT,5.5,25.3,27.4,82.56,0.01,66.05,0.01,0.5,0.67
2024-12-23,05:15,Inverted-V,62,TCT,9.8,22.6,24.9,83.37,0.02,66.7,0.01,0.9,0.67
2024-12-23,05:30,Inverted-V,62,TCT,19.6,22.8,25.3,83.24,0.03,66.59,0.03,1.7,0.67
2024-12-23,05:45,Inverted-V,62,TCT,29.5,22.9,25.7,83.12,0.05,66.49,0.04,2.6,0.67
2024-12-23,06:00,Inverted-V,62,TCT,39.3,23.1,26.1,82.99,0.06,66.39,0.05,3.5,0.67
2024-12-23,06:15,Inverted-V,62,TCT,83.5,23.4,27.5,82.53,0.13,66.03,0.11,7.3,0.67
2024-12-23,06:30,Inverted-V,62,TCT,127.8,23.8,28.9,82.08,0.2,65.66,0.17,11.1,0.67
2024-12-23,06:45,Inverted-V,62,TCT,172.0,24.1,30.4,81.62,0.27,65.3,0.23,14.9,0.67
2024-12-23,07:00,Inverted-V,62,TCT,216.2,24.4,31.8,81.17,0.34,64.93,0.29,18.7,0.67
2024-12-23,07:15,Inverted-V,62,TCT,271.1,24.8,33.6,80.62,0.43,64.5,0.36,23.3,0.67
2024-12-23,07:30,Inverted-V,62,TCT,325.9,25.1,35.3,80.07,0.52,64.06,0.44,27.9,0.67
2024-12-23,07:45,Inverted-V,62,TCT,380.8,25.5,37.0,79.53,0.61,63.62,0.51,32.4,0.67
2024-12-23,08:00,Inverted-V,62,TCT,435.6,25.8,38.7,78.98,0.7,63.18,0.58,36.9,0.67
2024-12-23,08:15,Inverted-V,62,TCT,487.1,26.2,40.4,78.46,0.78,62.76,0.65,41.1,0.67
2024-12-23,08:30,Inverted-V,62,TCT,538.5,26.6,42.0,77.93,0.86,62.35,0.72,45.2,0.67
2024-12-23,08:45,Inverted-V,62,TCT,590.0,26.9,43.7,77.41,0.95,61.93,0.79,49.2,0.67
2024-12-23,09:00,Inverted-V,62,TCT,641.4,27.3,45.4,76.88,1.03,61.51,0.87,53.2,0.67
2024-12-23,09:15,Inverted-V,62,TCT,677.5,27.6,46.5,76.51,1.09,61.21,0.92,56.0,0.67
2024-12-23,09:30,Inverted-V,62,TCT,713.5,27.9,47.7,76.13,1.15,60.91,0.97,58.8,0.67
2024-12-23,09:45,Inverted-V,62,TCT,749.5,28.2,48.9,75.76,1.21,60.61,1.02,61.5,0.67
2024-12-23,10:00,Inverted-V,62,TCT,785.6,28.4,50.1,75.38,1.27,60.31,1.07,64.2,0.67
2024-12-23,10:15,Inverted-V,62,TCT,789.1,28.6,50.4,75.3,1.28,60.24,1.07,64.5,0.67
2024-12-23,10:30,Inverted-V,62,TCT,792.7,28.8,50.6,75.21,1.28,60.17,1.08,64.7,0.67
2024-12-23,10:45,Inverted-V,62,TCT,796.2,29.0,50.9,75.12,1.29,60.1,1.08,64.9,0.67
2024-12-23,11:00,Inverted-V,62,TCT,799.8,29.2,51.2,75.04,1.3,60.03,1.09,65.2,0.67
2024-12-23,11:15,Inverted-V,62,TCT,810.0,29.3,51.6,74.92,1.31,59.93,1.1,65.9,0.67
2024-12-23,11:30,Inverted-V,62,TCT,820.2,29.4,51.9,74.8,1.33,59.84,1.11,66.7,0.67
2024-12-23,11:45,Inverted-V,62,TCT,830.4,29.6,52.3,74.68,1.35,59.74,1.13,67.4,0.67
2024-12-23,12:00,Inverted-V,62,TCT,840.6,29.7,52.7,74.56,1.36,59.65,1.14,68.2,0.67
2024-12-23,12:15,Inverted-V,62,TCT,811.4,29.7,52.0,74.77,1.32,59.82,1.1,65.9,0.67
2024-12-23,12:30,Inverted-V,62,TCT,782.3,29.8,51.4,74.98,1.27,59.98,1.06,63.7,0.67
2024-12-23,12:45,Inverted-V,62,TCT,753.2,29.9,50.7,75.19,1.22,60.15,1.02,61.5,0.67
2024-12-23,13:00,Inverted-V,62,TCT,724.1,29.9,50.1,75.4,1.17,60.32,0.98,59.2,0.67
2024-12-23,13:15,Inverted-V,62,TCT,687.3,29.9,49.1,75.69,1.11,60.55,0.93,56.4,0.67
2024-12-23,13:30,Inverted-V,62,TCT,650.6,29.9,48.2,75.99,1.05,60.79,0.88,53.5,0.67
2024-12-23,13:45,Inverted-V,62,TCT,613.8,29.9,47.2,76.29,0.99,61.03,0.83,50.7,0.67
2024-12-23,14:00,Inverted-V,62,TCT,577.1,29.9,46.3,76.58,0.93,61.27,0.78,47.8,0.67
2024-12-23,14:15,Inverted-V,62,TCT,541.0,29.8,45.3,76.9,0.87,61.52,0.73,44.9,0.67
2024-12-23,14:30,Inverted-V,62,TCT,504.9,29.7,44.3,77.21,0.81,61.77,0.68,42.0,0.67
2024-12-23,14:45,Inverted-V,62,TCT,468.7,29.6,43.3,77.53,0.75,62.02,0.63,39.2,0.67
2024-12-23,15:00,Inverted-V,62,TCT,432.6,29.5,42.3,77.84,0.7,62.27,0.58,36.3,0.67
2024-12-23,15:15,Inverted-V,62,TCT,372.8,29.4,40.7,78.36,0.6,62.69,0.5,31.4,0.67
2024-12-23,15:30,Inverted-V,62,TCT,312.9,29.2,39.0,78.89,0.5,63.11,0.42,26.5,0.67
2024-12-23,15:45,Inverted-V,62,TCT,253.0,29.0,37.4,79.41,0.4,63.53,0.34,21.5,0.67
2024-12-23,16:00,Inverted-V,62,TCT,193.2,28.9,35.7,79.94,0.31,63.95,0.26,16.5,0.67
2024-12-23,16:15,Inverted-V,62,TCT,148.8,28.5,34.2,80.42,0.24,64.34,0.2,12.8,0.67
2024-12-23,16:30,Inverted-V,62,TCT,104.4,28.0,32.6,80.91,0.17,64.73,0.14,9.0,0.67
2024-12-23,16:45,Inverted-V,62,TCT,60.1,27.6,31.1,81.39,0.1,65.11,0.08,5.2,0.67
2024-12-23,17:00,Inverted-V,62,TCT,15.7,27.2,29.6,81.88,0.02,65.5,0.02,1.4,0.67
2024-12-23,17:15,Inverted-V,62,TCT,11.8,26.9,29.2,82.01,0.02,65.61,0.02,1.0,0.67
2024-12-23,17:30,Inverted-V,62,TCT,7.8,26.6,28.7,82.14,0.01,65.71,0.01,0.7,0.67
2024-12-24,05:15,Inverted-V,62,TCT,13.8,22.0,24.3,83.54,0.02,66.83,0.02,1.2,0.67
2024-12-24,05:30,Inverted-V,62,TCT,27.7,22.1,24.8,83.39,0.04,66.71,0.04,2.4,0.67
2024-12-24,05:45,Inverted-V,62,TCT,41.5,22.3,25.3,83.23,0.07,66.59,0.05,3.7,0.67
2024-12-24,06:00,Inverted-V,62,TCT,55.4,22.4,25.8,83.08,0.09,66.47,0.07,4.9,0.67
2024-12-24,06:15,Inverted-V,62,TCT,110.8,22.8,27.6,82.51,0.18,66.01,0.15,9.7,0.67
2024-12-24,06:30,Inverted-V,62,TCT,166.3,23.3,29.4,81.93,0.26,65.54,0.22,14.5,0.67
2024-12-24,06:45,Inverted-V,62,TCT,221.7,23.7,31.2,81.36,0.35,65.08,0.3,19.2,0.67
2024-12-24,07:00,Inverted-V,62,TCT,277.1,24.1,33.0,80.78,0.44,64.62,0.37,23.9,0.67
2024-12-24,07:15,Inverted-V,62,TCT,320.2,24.6,34.6,80.29,0.51,64.23,0.43,27.5,0.67
2024-12-24,07:30,Inverted-V,62,TCT,363.3,25.0,36.1,79.81,0.58,63.85,0.49,31.0,0.67
2024-12-24,07:45,Inverted-V,62,TCT,406.3,25.5,37.7,79.32,0.65,63.46,0.54,34.5,0.67
2024-12-24,08:00,Inverted-V,62,TCT,449.4,26.0,39.2,78.83,0.72,63.07,0.6,38.0,0.67
2024-12-24,08:15,Inverted-V,62,TCT,495.3,26.3,40.7,78.35,0.79,62.68,0.67,41.7,0.67
2024-12-24,08:30,Inverted-V,62,TCT,541.2,26.7,42.3,77.86,0.87,62.29,0.73,45.4,0.67
2024-12-24,08:45,Inverted-V,62,TCT,587.1,27.1,43.8,77.38,0.94,61.9,0.79,49.0,0.67
2024-12-24,09:00,Inverted-V,62,TCT,632.9,27.5,45.3,76.89,1.02,61.51,0.85,52.5,0.67
2024-12-24,09:15,Inverted-V,62,TCT,672.3,27.8,46.6,76.48,1.08,61.19,0.91,55.6,0.67
2024-12-24,09:30,Inverted-V,62,TCT,711.8,28.1,47.9,76.07,1.15,60.86,0.96,58.6,0.67
2024-12-24,09:45,Inverted-V,62,TCT,751.2,28.4,49.2,75.66,1.22,60.53,1.02,61.6,0.67
2024-12-24,10:00,Inverted-V,62,TCT,790.6,28.8,50.5,75.25,1.28,60.2,1.07,64.6,0.67
2024-12-24,10:15,Inverted-V,62,TCT,793.6,29.0,50.8,75.14,1.29,60.12,1.08,64.7,0.67
2024-12-24,10:30,Inverted-V,62,TCT,796.5,29.3,51.2,75.04,1.29,60.03,1.08,64.9,0.67
2024-12-24,10:45,Inverted-V,62,TCT,799.5,29.5,51.5,74.94,1.3,59.95,1.09,65.1,0.67
2024-12-24,11:00,Inverted-V,62,TCT,802.5,29.8,51.8,74.83,1.3,59.87,1.09,65.2,0.67
2024-12-24,11:15,Inverted-V,62,TCT,797.2,29.9,51.8,74.83,1.29,59.87,1.08,64.8,0.67
2024-12-24,11:30,Inverted-V,62,TCT,791.8,30.0,51.8,74.84,1.28,59.87,1.08,64.4,0.67
2024-12-24,11:45,Inverted-V,62,TCT,786.5,30.2,51.8,74.84,1.28,59.87,1.07,64.0,0.67
2024-12-24,12:00,Inverted-V,62,TCT,781.2,30.3,51.8,74.84,1.27,59.87,1.06,63.5,0.67
2024-12-24,12:15,Inverted-V,62,TCT,771.3,30.3,51.6,74.91,1.25,59.92,1.05,62.8,0.67
2024-12-24,12:30,Inverted-V,62,TCT,761.4,30.4,51.4,74.97,1.23,59.98,1.03,62.0,0.67
2024-12-24,12:45,Inverted-V,62,TCT,751.5,30.4,51.2,75.04,1.22,60.03,1.02,61.2,0.67
2024-12-24,13:00,Inverted-V,62,TCT,741.6,30.4,51.0,75.11,1.2,60.09,1.01,60.5,0.67
2024-12-24,13:15,Inverted-V,62,TCT,713.4,30.4,50.2,75.35,1.16,60.28,0.97,58.3,0.67
2024-12-24,13:30,Inverted-V,62,TCT,685.2,30.3,49.4,75.59,1.11,60.48,0.93,56.1,0.67
2024-12-24,13:45,Inverted-V,62,TCT,657.0,30.2,48.7,75.84,1.06,60.67,0.89,54.0,0.67
2024-12-24,14:00,Inverted-V,62,TCT,628.8,30.2,47.9,76.08,1.02,60.86,0.85,51.8,0.67
2024-12-24,14:15,Inverted-V,62,TCT,574.5,30.1,46.5,76.53,0.93,61.22,0.78,47.5,0.67
2024-12-24,14:30,Inverted-V,62,TCT,520.3,30.1,45.1,76.97,0.84,61.58,0.7,43.2,0.67
2024-12-24,14:45,Inverted-V,62,TCT,466.0,30.0,43.7,77.42,0.75,61.93,0.63,38.9,0.67
2024-12-24,15:00,Inverted-V,62,TCT,411.8,30.0,42.3,77.86,0.66,62.29,0.55,34.5,0.67
2024-12-24,15:15,Inverted-V,62,TCT,353.5,29.8,40.6,78.38,0.57,62.7,0.47,29.8,0.67
2024-12-24,15:30,Inverted-V,62,TCT,295.2,29.6,39.0,78.89,0.47,63.11,0.4,25.0,0.67
2024-12-24,15:45,Inverted-V,62,TCT,237.0,29.5,37.4,79.4,0.38,63.52,0.32,20.2,0.67
2024-12-24,16:00,Inverted-V,62,TCT,178.7,29.3,35.8,79.91,0.29,63.93,0.24,15.3,0.67
2024-12-24,16:15,Inverted-V,62,TCT,137.7,28.9,34.3,80.38,0.22,64.31,0.18,11.8,0.67
2024-12-24,16:30,Inverted-V,62,TCT,96.7,28.4,32.8,80.86,0.15,64.69,0.13,8.3,0.67
2024-12-24,16:45,Inverted-V,62,TCT,55.7,27.9,31.3,81.34,0.09,65.07,0.07,4.8,0.67
2024-12-24,17:00,Inverted-V,62,TCT,14.7,27.4,29.8,81.81,0.02,65.45,0.02,1.3,0.67
2024-12-24,17:15,Inverted-V,62,TCT,11.0,27.1,29.3,81.95,0.02,65.56,0.01,1.0,0.67
2024-12-24,17:30,Inverted-V,62,TCT,7.3,26.7,28.9,82.1,0.01,65.68,0.01,0.6,0.67
2024-12-25,05:15,Inverted-V,62,TCT,13.2,21.8,24.2,83.59,0.02,66.87,0.02,1.2,0.67
2024-12-25,05:30,Inverted-V,62,TCT,26.4,21.9,24.6,83.46,0.04,66.76,0.03,2.3,0.67
2024-12-25,05:45,Inverted-V,62,TCT,39.6,22.0,25.0,83.32,0.06,66.66,0.05,3.5,0.67
2024-12-25,06:00,Inverted-V,62,TCT,52.8,22.1,25.5,83.18,0.08,66.55,0.07,4.7,0.67
2024-12-25,06:15,Inverted-V,62,TCT,109.1,22.7,27.4,82.57,0.17,66.06,0.14,9.6,0.67
2024-12-25,06:30,Inverted-V,62,TCT,165.5,23.2,29.3,81.96,0.26,65.57,0.22,14.4,0.67
2024-12-25,06:45,Inverted-V,62,TCT,221.8,23.7,31.3,81.34,0.35,65.07,0.3,19.2,0.67
2024-12-25,07:00,Inverted-V,62,TCT,278.1,24.2,33.2,80.73,0.44,64.58,0.37,24.0,0.67
2024-12-25,07:15,Inverted-V,62,TCT,336.7,24.8,35.2,80.1,0.54,64.08,0.45,28.8,0.67
2024-12-25,07:30,Inverted-V,62,TCT,395.2,25.3,37.2,79.47,0.63,63.58,0.53,33.6,0.67
2024-12-25,07:45,Inverted-V,62,TCT,453.7,25.8,39.2,78.85,0.73,63.08,0.61,38.4,0.67
2024-12-25,08:00,Inverted-V,62,TCT,512.2,26.3,41.1,78.22,0.82,62.57,0.69,43.1,0.67
2024-12-25,08:15,Inverted-V,62,TCT,556.6,26.7,42.6,77.75,0.89,62.2,0.75,46.6,0.67
2024-12-25,08:30,Inverted-V,62,TCT,600.9,27.1,44.1,77.28,0.97,61.82,0.81,50.1,0.67
2024-12-25,08:45,Inverted-V,62,TCT,645.2,27.4,45.6,76.81,1.04,61.45,0.87,53.5,0.67
2024-12-25,09:00,Inverted-V,62,TCT,689.5,27.8,47.1,76.34,1.11,61.07,0.93,56.9,0.67
2024-12-25,09:15,Inverted-V,62,TCT,718.0,28.1,48.0,76.03,1.16,60.83,0.97,59.1,0.67
2024-12-25,09:30,Inverted-V,62,TCT,746.5,28.4,49.0,75.72,1.21,60.58,1.01,61.3,0.67
2024-12-25,09:45,Inverted-V,62,TCT,775.0,28.6,50.0,75.42,1.25,60.33,1.05,63.4,0.67
2024-12-25,10:00,Inverted-V,62,TCT,803.5,28.9,51.0,75.11,1.3,60.08,1.09,65.5,0.67
2024-12-25,10:15,Inverted-V,62,TCT,814.6,29.0,51.4,74.97,1.32,59.97,1.11,66.3,0.67
2024-12-25,10:30,Inverted-V,62,TCT,825.7,29.2,51.8,74.83,1.34,59.86,1.12,67.1,0.67
2024-12-25,10:45,Inverted-V,62,TCT,836.8,29.4,52.3,74.69,1.36,59.75,1.14,67.9,0.67
2024-12-25,11:00,Inverted-V,62,TCT,847.9,29.5,52.7,74.55,1.38,59.64,1.15,68.7,0.67
2024-12-25,11:15,Inverted-V,62,TCT,837.8,29.6,52.6,74.6,1.36,59.68,1.14,68.0,0.67
2024-12-25,11:30,Inverted-V,62,TCT,827.8,29.7,52.4,74.64,1.34,59.71,1.12,67.2,0.67
2024-12-25,11:45,Inverted-V,62,TCT,817.7,29.8,52.3,74.69,1.33,59.75,1.11,66.4,0.67
2024-12-25,12:00,Inverted-V,62,TCT,807.7,29.9,52.1,74.74,1.31,59.79,1.1,65.6,0.67
2024-12-25,12:15,Inverted-V,62,TCT,794.0,30.0,51.8,74.83,1.29,59.86,1.08,64.6,0.67
2024-12-25,12:30,Inverted-V,62,TCT,780.2,30.0,51.5,74.92,1.26,59.94,1.06,63.5,0.67
2024-12-25,12:45,Inverted-V,62,TCT,766.5,30.1,51.2,75.02,1.24,60.01,1.04,62.4,0.67
2024-12-25,13:00,Inverted-V,62,TCT,752.7,30.1,50.9,75.11,1.22,60.09,1.02,61.4,0.67
2024-12-25,13:15,Inverted-V,62,TCT,726.3,30.1,50.3,75.32,1.18,60.26,0.98,59.4,0.67
2024-12-25,13:30,Inverted-V,62,TCT,699.9,30.1,49.6,75.53,1.13,60.42,0.95,57.3,0.67
2024-12-25,13:45,Inverted-V,62,TCT,673.6,30.1,49.0,75.74,1.09,60.59,0.91,55.3,0.67
2024-12-25,14:00,Inverted-V,62,TCT,647.2,30.1,48.3,75.95,1.05,60.76,0.88,53.2,0.67
2024-12-25,14:15,Inverted-V,62,TCT,591.7,30.0,46.8,76.42,0.95,61.13,0.8,48.9,0.67
2024-12-25,14:30,Inverted-V,62,TCT,536.1,29.9,45.3,76.89,0.86,61.51,0.72,44.5,0.67
2024-12-25,14:45,Inverted-V,62,TCT,480.6,29.9,43.9,77.35,0.77,61.88,0.65,40.1,0.67
2024-12-25,15:00,Inverted-V,62,TCT,425.1,29.8,42.4,77.82,0.68,62.26,0.57,35.6,0.67
2024-12-25,15:15,Inverted-V,62,TCT,365.1,29.6,40.7,78.34,0.59,62.68,0.49,30.7,0.67
2024-12-25,15:30,Inverted-V,62,TCT,305.2,29.5,39.1,78.87,0.49,63.09,0.41,25.8,0.67
2024-12-25,15:45,Inverted-V,62,TCT,245.2,29.3,37.4,79.39,0.39,63.51,0.33,20.9,0.67
2024-12-25,16:00,Inverted-V,62,TCT,185.3,29.2,35.8,79.91,0.3,63.93,0.25,15.8,0.67
2024-12-25,16:15,Inverted-V,62,TCT,142.7,28.7,34.2,80.4,0.23,64.32,0.19,12.3,0.67
2024-12-25,16:30,Inverted-V,62,TCT,100.1,28.2,32.7,80.89,0.16,64.71,0.13,8.6,0.67
2024-12-25,16:45,Inverted-V,62,TCT,57.5,27.7,31.1,81.39,0.09,65.11,0.08,5.0,0.67
2024-12-25,17:00,Inverted-V,62,TCT,15.0,27.2,29.6,81.88,0.02,65.5,0.02,1.3,0.67
2024-12-25,17:15,Inverted-V,62,TCT,11.2,26.9,29.1,82.02,0.02,65.61,0.01,1.0,0.67
2024-12-25,17:30,Inverted-V,62,TCT,7.5,26.5,28.7,82.16,0.01,65.73,0.01,0.7,0.67
2024-12-26,05:15,Inverted-V,62,TCT,11.5,23.3,25.6,83.14,0.02,66.51,0.02,1.0,0.67
2024-12-26,05:30,Inverted-V,62,TCT,23.0,23.4,26.0,83.02,0.04,66.42,0.03,2.0,0.67
2024-12-26,05:45,Inverted-V,62,TCT,34.6,23.5,26.3,82.91,0.05,66.33,0.05,3.0,0.67
2024-12-26,06:00,Inverted-V,62,TCT,46.1,23.6,26.7,82.79,0.07,66.23,0.06,4.0,0.67
2024-12-26,06:15,Inverted-V,62,TCT,98.7,23.9,28.3,82.27,0.16,65.82,0.13,8.6,0.67
2024-12-26,06:30,Inverted-V,62,TCT,151.3,24.2,30.0,81.76,0.24,65.41,0.2,13.2,0.67
2024-12-26,06:45,Inverted-V,62,TCT,203.9,24.5,31.6,81.24,0.32,65.0,0.27,17.6,0.67
2024-12-26,07:00,Inverted-V,62,TCT,256.6,24.8,33.2,80.73,0.41,64.58,0.34,22.1,0.67
2024-12-26,07:15,Inverted-V,62,TCT,314.7,25.2,35.0,80.15,0.5,64.12,0.42,27.0,0.67
2024-12-26,07:30,Inverted-V,62,TCT,372.8,25.5,36.8,79.58,0.6,63.66,0.5,31.8,0.67
2024-12-26,07:45,Inverted-V,62,TCT,430.8,25.9,38.7,79.0,0.69,63.2,0.58,36.5,0.67
2024-12-26,08:00,Inverted-V,62,TCT,488.9,26.2,40.5,78.43,0.78,62.74,0.66,41.2,0.67
2024-12-26,08:15,Inverted-V,62,TCT,539.9,26.6,42.1,77.92,0.87,62.33,0.73,45.3,0.67
2024-12-26,08:30,Inverted-V,62,TCT,590.9,26.9,43.7,77.41,0.95,61.92,0.8,49.3,0.67
2024-12-26,08:45,Inverted-V,62,TCT,641.9,27.3,45.3,76.89,1.03,61.52,0.87,53.3,0.67
2024-12-26,09:00,Inverted-V,62,TCT,692.8,27.6,46.9,76.38,1.12,61.11,0.94,57.2,0.67
2024-12-26,09:15,Inverted-V,62,TCT,695.6,27.9,47.3,76.28,1.12,61.02,0.94,57.4,0.67
2024-12-26,09:30,Inverted-V,62,TCT,698.4,28.1,47.6,76.17,1.13,60.94,0.94,57.6,0.67
2024-12-26,09:45,Inverted-V,62,TCT,701.2,28.4,47.9,76.07,1.13,60.86,0.95,57.7,0.67
2024-12-26,10:00,Inverted-V,62,TCT,704.1,28.6,48.3,75.97,1.14,60.77,0.95,57.9,0.67
2024-12-26,10:15,Inverted-V,62,TCT,710.4,28.9,48.6,75.84,1.15,60.67,0.96,58.4,0.67
2024-12-26,10:30,Inverted-V,62,TCT,716.7,29.1,49.0,75.72,1.16,60.57,0.97,58.8,0.67
2024-12-26,10:45,Inverted-V,62,TCT,723.0,29.3,49.4,75.59,1.17,60.48,0.98,59.2,0.67
2024-12-26,11:00,Inverted-V,62,TCT,729.3,29.6,49.8,75.47,1.18,60.38,0.99,59.7,0.67
2024-12-26,11:15,Inverted-V,62,TCT,724.0,29.8,49.9,75.46,1.17,60.37,0.98,59.2,0.67
2024-12-26,11:30,Inverted-V,62,TCT,718.6,29.9,49.9,75.45,1.16,60.36,0.97,58.8,0.67
2024-12-26,11:45,Inverted-V,62,TCT,713.2,30.1,49.9,75.43,1.15,60.35,0.97,58.3,0.67
2024-12-26,12:00,Inverted-V,62,TCT,707.9,30.3,50.0,75.42,1.15,60.34,0.96,57.9,0.67
2024-12-26,12:15,Inverted-V,62,TCT,693.1,30.4,49.7,75.5,1.12,60.4,0.94,56.7,0.67
2024-12-26,12:30,Inverted-V,62,TCT,678.4,30.5,49.5,75.58,1.1,60.46,0.92,55.6,0.67
2024-12-26,12:45,Inverted-V,62,TCT,663.6,30.6,49.2,75.65,1.07,60.52,0.9,54.4,0.67
2024-12-26,13:00,Inverted-V,62,TCT,648.8,30.8,49.0,75.73,1.05,60.59,0.88,53.2,0.67
2024-12-26,13:15,Inverted-V,62,TCT,624.8,30.8,48.4,75.93,1.01,60.74,0.85,51.4,0.67
2024-12-26,13:30,Inverted-V,62,TCT,600.8,30.7,47.7,76.12,0.97,60.9,0.81,49.5,0.67
2024-12-26,13:45,Inverted-V,62,TCT,576.7,30.7,47.1,76.32,0.93,61.06,0.78,47.6,0.67
2024-12-26,14:00,Inverted-V,62,TCT,552.7,30.7,46.5,76.52,0.89,61.21,0.75,45.7,0.67
2024-12-26,14:15,Inverted-V,62,TCT,502.8,30.5,45.1,76.96,0.81,61.57,0.68,41.8,0.67
2024-12-26,14:30,Inverted-V,62,TCT,453.0,30.4,43.7,77.4,0.73,61.92,0.61,37.8,0.67
2024-12-26,14:45,Inverted-V,62,TCT,403.2,30.2,42.3,77.84,0.65,62.27,0.54,33.8,0.67
2024-12-26,15:00,Inverted-V,62,TCT,353.3,30.1,40.9,78.28,0.57,62.63,0.47,29.7,0.67
2024-12-26,15:15,Inverted-V,62,TCT,301.5,29.8,39.4,78.78,0.48,63.02,0.4,25.5,0.67
2024-12-26,15:30,Inverted-V,62,TCT,249.6,29.6,37.8,79.27,0.4,63.41,0.33,21.2,0.67
2024-12-26,15:45,Inverted-V,62,TCT,197.8,29.3,36.3,79.76,0.32,63.81,0.26,16.9,0.67
2024-12-26,16:00,Inverted-V,62,TCT,146.0,29.1,34.7,80.25,0.23,64.2,0.19,12.5,0.67
2024-12-26,16:15,Inverted-V,62,TCT,112.7,28.5,33.3,80.69,0.18,64.55,0.15,9.7,0.67
2024-12-26,16:30,Inverted-V,62,TCT,79.4,28.0,32.0,81.12,0.13,64.9,0.11,6.9,0.67
2024-12-26,16:45,Inverted-V,62,TCT,46.2,27.4,30.6,81.56,0.07,65.25,0.06,4.0,0.67
2024-12-26,17:00,Inverted-V,62,TCT,12.9,26.9,29.2,81.99,0.02,65.59,0.02,1.1,0.67
2024-12-26,17:15,Inverted-V,62,TCT,9.7,26.6,28.9,82.1,0.02,65.68,0.01,0.8,0.67
2024-12-26,17:30,Inverted-V,62,TCT,6.5,26.4,28.5,82.21,0.01,65.77,0.01,0.6,0.67
2024-12-27,05:15,Inverted-V,62,TCT,8.3,22.9,25.1,83.31,0.01,66.64,0.01,0.7,0.67
2024-12-27,05:30,Inverted-V,62,TCT,16.6,23.1,25.5,83.16,0.03,66.53,0.02,1.5,0.67
2024-12-27,05:45,Inverted-V,62,TCT,24.9,23.4,26.0,83.02,0.04,66.41,0.03,2.2,0.67
2024-12-27,06:00,Inverted-V,62,TCT,33.2,23.6,26.4,82.88,0.05,66.3,0.04,2.9,0.67
2024-12-27,06:15,Inverted-V,62,TCT,71.4,24.1,27.9,82.41,0.11,65.93,0.09,6.2,0.67
2024-12-27,06:30,Inverted-V,62,TCT,109.6,24.6,29.3,81.95,0.17,65.56,0.15,9.5,0.67
2024-12-27,06:45,Inverted-V,62,TCT,147.9,25.1,30.8,81.49,0.23,65.19,0.2,12.8,0.67
2024-12-27,07:00,Inverted-V,62,TCT,186.1,25.6,32.3,81.03,0.3,64.82,0.25,16.1,0.67
2024-12-27,07:15,Inverted-V,62,TCT,235.8,26.0,33.9,80.51,0.38,64.41,0.31,20.3,0.67
2024-12-27,07:30,Inverted-V,62,TCT,285.5,26.4,35.5,80.0,0.46,64.0,0.38,24.4,0.67
2024-12-27,07:45,Inverted-V,62,TCT,335.1,26.8,37.1,79.48,0.54,63.59,0.45,28.5,0.67
2024-12-27,08:00,Inverted-V,62,TCT,384.8,27.1,38.8,78.97,0.62,63.17,0.52,32.6,0.67
2024-12-27,08:15,Inverted-V,62,TCT,439.8,27.4,40.4,78.44,0.71,62.76,0.59,37.1,0.67
2024-12-27,08:30,Inverted-V,62,TCT,494.7,27.7,42.1,77.92,0.79,62.34,0.67,41.5,0.67
2024-12-27,08:45,Inverted-V,62,TCT,549.7,28.0,43.7,77.4,0.88,61.92,0.74,45.9,0.67
2024-12-27,09:00,Inverted-V,62,TCT,604.6,28.3,45.4,76.87,0.97,61.5,0.82,50.2,0.67
2024-12-27,09:15,Inverted-V,62,TCT,640.2,28.5,46.5,76.52,1.03,61.22,0.87,53.0,0.67
2024-12-27,09:30,Inverted-V,62,TCT,675.9,28.7,47.6,76.17,1.09,60.93,0.91,55.7,0.67
2024-12-27,09:45,Inverted-V,62,TCT,711.5,28.9,48.7,75.82,1.15,60.65,0.96,58.4,0.67
2024-12-27,10:00,Inverted-V,62,TCT,747.1,29.2,49.8,75.46,1.21,60.37,1.01,61.1,0.67
2024-12-27,10:15,Inverted-V,62,TCT,743.5,29.3,49.9,75.44,1.2,60.35,1.01,60.8,0.67
2024-12-27,10:30,Inverted-V,62,TCT,739.8,29.5,50.0,75.42,1.2,60.34,1.0,60.5,0.67
2024-12-27,10:45,Inverted-V,62,TCT,736.1,29.6,50.0,75.4,1.19,60.32,1.0,60.2,0.67
2024-12-27,11:00,Inverted-V,62,TCT,732.4,29.8,50.1,75.38,1.19,60.31,0.99,59.9,0.67
2024-12-27,11:15,Inverted-V,62,TCT,726.5,29.9,50.0,75.41,1.18,60.33,0.99,59.4,0.67
2024-12-27,11:30,Inverted-V,62,TCT,720.7,29.9,49.9,75.43,1.17,60.35,0.98,59.0,0.67
2024-12-27,11:45,Inverted-V,62,TCT,714.9,30.0,49.9,75.46,1.16,60.36,0.97,58.5,0.67
2024-12-27,12:00,Inverted-V,62,TCT,709.0,30.1,49.8,75.48,1.15,60.38,0.96,58.0,0.67
2024-12-27,12:15,Inverted-V,62,TCT,683.1,30.1,49.1,75.68,1.1,60.55,0.93,56.0,0.67
2024-12-27,12:30,Inverted-V,62,TCT,657.1,30.1,48.5,75.89,1.06,60.71,0.89,54.0,0.67
2024-12-27,12:45,Inverted-V,62,TCT,631.2,30.1,47.9,76.09,1.02,60.87,0.85,52.0,0.67
2024-12-27,13:00,Inverted-V,62,TCT,605.2,30.1,47.2,76.3,0.98,61.04,0.82,49.9,0.67
2024-12-27,13:15,Inverted-V,62,TCT,600.8,30.0,47.0,76.35,0.97,61.08,0.81,49.6,0.67
2024-12-27,13:30,Inverted-V,62,TCT,596.3,29.9,46.9,76.41,0.96,61.13,0.81,49.3,0.67
2024-12-27,13:45,Inverted-V,62,TCT,591.9,29.9,46.7,76.46,0.96,61.17,0.8,48.9,0.67
2024-12-27,14:00,Inverted-V,62,TCT,587.4,29.8,46.5,76.52,0.95,61.21,0.79,48.6,0.67
2024-12-27,14:15,Inverted-V,62,TCT,522.7,29.6,44.7,77.09,0.84,61.67,0.71,43.5,0.67
2024-12-27,14:30,Inverted-V,62,TCT,458.1,29.4,42.9,77.67,0.74,62.14,0.62,38.3,0.67
2024-12-27,14:45,Inverted-V,62,TCT,393.4,29.2,41.1,78.24,0.63,62.6,0.53,33.1,0.67
2024-12-27,15:00,Inverted-V,62,TCT,328.7,29.0,39.2,78.82,0.53,63.06,0.44,27.8,0.67
2024-12-27,15:15,Inverted-V,62,TCT,281.4,28.7,37.8,79.28,0.45,63.43,0.38,23.9,0.67
2024-12-27,15:30,Inverted-V,62,TCT,234.1,28.4,36.3,79.75,0.37,63.8,0.31,20.0,0.67
2024-12-27,15:45,Inverted-V,62,TCT,186.7,28.2,34.8,80.21,0.3,64.17,0.25,16.0,0.67
2024-12-27,16:00,Inverted-V,62,TCT,139.4,27.9,33.4,80.68,0.22,64.54,0.19,12.0,0.67
2024-12-27,16:15,Inverted-V,62,TCT,107.4,27.5,32.2,81.05,0.17,64.84,0.14,9.3,0.67
2024-12-27,16:30,Inverted-V,62,TCT,75.4,27.1,31.0,81.42,0.12,65.13,0.1,6.5,0.67
2024-12-27,16:45,Inverted-V,62,TCT,43.3,26.8,29.9,81.79,0.07,65.43,0.06,3.8,0.67
2024-12-27,17:00,Inverted-V,62,TCT,11.3,26.4,28.7,82.16,0.02,65.72,0.02,1.0,0.67
2024-12-27,17:15,Inverted-V,62,TCT,8.5,26.2,28.4,82.24,0.01,65.8,0.01,0.7,0.67
2024-12-27,17:30,Inverted-V,62,TCT,5.7,26.0,28.1,82.33,0.01,65.87,0.01,0.5,0.67
2024-12-28,05:15,Inverted-V,62,TCT,9.6,22.5,24.7,83.42,0.02,66.73,0.01,0.8,0.67
2024-12-28,05:30,Inverted-V,62,TCT,19.2,22.5,25.0,83.32,0.03,66.66,0.03,1.7,0.67
2024-12-28,05:45,Inverted-V,62,TCT,28.8,22.6,25.3,83.23,0.05,66.59,0.04,2.5,0.67
2024-12-28,06:00,Inverted-V,62,TCT,38.4,22.6,25.6,83.14,0.06,66.51,0.05,3.4,0.67
2024-12-28,06:15,Inverted-V,62,TCT,83.6,22.9,27.0,82.7,0.13,66.16,0.11,7.3,0.67
2024-12-28,06:30,Inverted-V,62,TCT,128.8,23.2,28.4,82.25,0.2,65.8,0.17,11.2,0.67
2024-12-28,06:45,Inverted-V,62,TCT,174.0,23.5,29.8,81.8,0.28,65.44,0.23,15.1,0.67
2024-12-28,07:00,Inverted-V,62,TCT,219.2,23.7,31.2,81.36,0.35,65.09,0.29,19.0,0.67
2024-12-28,07:15,Inverted-V,62,TCT,270.7,24.1,32.9,80.82,0.43,64.66,0.36,23.3,0.67
2024-12-28,07:30,Inverted-V,62,TCT,322.3,24.5,34.6,80.29,0.51,64.23,0.43,27.6,0.67
2024-12-28,07:45,Inverted-V,62,TCT,373.8,25.0,36.3,79.75,0.6,63.8,0.5,31.9,0.67
2024-12-28,08:00,Inverted-V,62,TCT,425.3,25.4,38.0,79.21,0.68,63.37,0.57,36.1,0.67
2024-12-28,08:15,Inverted-V,62,TCT,460.6,25.7,39.2,78.82,0.74,63.05,0.62,39.0,0.67
2024-12-28,08:30,Inverted-V,62,TCT,495.9,26.1,40.5,78.42,0.8,62.74,0.67,41.8,0.67
2024-12-28,08:45,Inverted-V,62,TCT,531.2,26.5,41.8,78.02,0.85,62.42,0.71,44.6,0.67
2024-12-28,09:00,Inverted-V,62,TCT,566.5,26.8,43.0,77.63,0.91,62.1,0.76,47.4,0.67
2024-12-28,09:15,Inverted-V,62,TCT,579.6,27.1,43.6,77.44,0.93,61.95,0.78,48.4,0.67
2024-12-28,09:30,Inverted-V,62,TCT,592.6,27.4,44.2,77.26,0.95,61.8,0.8,49.4,0.67
2024-12-28,09:45,Inverted-V,62,TCT,605.7,27.6,44.8,77.07,0.98,61.66,0.82,50.4,0.67
2024-12-28,10:00,Inverted-V,62,TCT,618.8,27.9,45.3,76.88,1.0,61.51,0.84,51.4,0.67
2024-12-28,10:15,Inverted-V,62,TCT,630.5,28.1,45.8,76.74,1.02,61.39,0.85,52.3,0.67
2024-12-28,10:30,Inverted-V,62,TCT,642.2,28.2,46.3,76.59,1.04,61.27,0.87,53.2,0.67
2024-12-28,10:45,Inverted-V,62,TCT,653.9,28.4,46.7,76.44,1.06,61.15,0.88,54.0,0.67
2024-12-28,11:00,Inverted-V,62,TCT,665.6,28.6,47.2,76.3,1.07,61.04,0.9,54.9,0.67
2024-12-28,11:15,Inverted-V,62,TCT,672.0,28.7,47.5,76.21,1.09,60.97,0.91,55.4,0.67
2024-12-28,11:30,Inverted-V,62,TCT,678.5,28.8,47.7,76.13,1.1,60.9,0.92,55.9,0.67
2024-12-28,11:45,Inverted-V,62,TCT,685.0,28.9,48.0,76.04,1.11,60.84,0.93,56.4,0.67
2024-12-28,12:00,Inverted-V,62,TCT,691.4,29.0,48.3,75.96,1.12,60.77,0.94,56.9,0.67
2024-12-28,12:15,Inverted-V,62,TCT,669.5,29.0,47.7,76.13,1.08,60.91,0.91,55.2,0.67
2024-12-28,12:30,Inverted-V,62,TCT,647.6,29.0,47.2,76.3,1.05,61.04,0.88,53.4,0.67
2024-12-28,12:45,Inverted-V,62,TCT,625.7,29.0,46.6,76.47,1.01,61.18,0.85,51.7,0.67
2024-12-28,13:00,Inverted-V,62,TCT,603.8,29.0,46.1,76.65,0.97,61.32,0.82,50.0,0.67
2024-12-28,13:15,Inverted-V,62,TCT,588.2,28.9,45.6,76.79,0.95,61.43,0.79,48.8,0.67
2024-12-28,13:30,Inverted-V,62,TCT,572.6,28.9,45.2,76.94,0.92,61.55,0.77,47.6,0.67
2024-12-28,13:45,Inverted-V,62,TCT,557.1,28.8,44.7,77.08,0.9,61.67,0.75,46.3,0.67
2024-12-28,14:00,Inverted-V,62,TCT,541.5,28.7,44.3,77.23,0.87,61.78,0.73,45.1,0.67
2024-12-28,14:15,Inverted-V,62,TCT,499.7,28.6,43.1,77.6,0.8,62.08,0.67,41.8,0.67
2024-12-28,14:30,Inverted-V,62,TCT,457.8,28.5,41.9,77.98,0.74,62.38,0.62,38.4,0.67
2024-12-28,14:45,Inverted-V,62,TCT,415.9,28.3,40.7,78.35,0.67,62.68,0.56,35.0,0.67
2024-12-28,15:00,Inverted-V,62,TCT,374.1,28.2,39.5,78.73,0.6,62.98,0.5,31.6,0.67
2024-12-28,15:15,Inverted-V,62,TCT,323.4,27.8,37.9,79.23,0.52,63.39,0.43,27.5,0.67
2024-12-28,15:30,Inverted-V,62,TCT,272.8,27.5,36.3,79.74,0.44,63.79,0.36,23.3,0.67
2024-12-28,15:45,Inverted-V,62,TCT,222.2,27.2,34.8,80.24,0.35,64.19,0.3,19.0,0.67
2024-12-28,16:00,Inverted-V,62,TCT,171.5,26.9,33.2,80.74,0.27,64.59,0.23,14.8,0.67
2024-12-28,16:15,Inverted-V,62,TCT,132.8,26.4,31.7,81.19,0.21,64.96,0.18,11.5,0.67
2024-12-28,16:30,Inverted-V,62,TCT,94.0,26.0,30.3,81.65,0.15,65.32,0.12,8.2,0.67
2024-12-28,16:45,Inverted-V,62,TCT,55.2,25.5,28.9,82.1,0.09,65.68,0.07,4.8,0.67
2024-12-28,17:00,Inverted-V,62,TCT,16.5,25.0,27.5,82.55,0.03,66.04,0.02,1.4,0.67
2024-12-28,17:15,Inverted-V,62,TCT,12.4,24.8,27.1,82.67,0.02,66.14,0.02,1.1,0.67
2024-12-28,17:30,Inverted-V,62,TCT,8.2,24.5,26.7,82.79,0.01,66.23,0.01,0.7,0.67
2024-12-29,05:15,Inverted-V,62,TCT,10.4,21.3,23.5,83.79,0.02,67.03,0.01,0.9,0.67
2024-12-29,05:30,Inverted-V,62,TCT,20.8,21.4,23.9,83.67,0.03,66.94,0.03,1.8,0.67
2024-12-29,05:45,Inverted-V,62,TCT,31.2,21.5,24.3,83.56,0.05,66.85,0.04,2.8,0.67
2024-12-29,06:00,Inverted-V,62,TCT,41.5,21.6,24.6,83.44,0.07,66.75,0.05,3.7,0.67
2024-12-29,06:15,Inverted-V,62,TCT,94.2,22.0,26.4,82.9,0.15,66.32,0.12,8.3,0.67
2024-12-29,06:30,Inverted-V,62,TCT,146.9,22.4,28.1,82.35,0.23,65.88,0.19,12.8,0.67
2024-12-29,06:45,Inverted-V,62,TCT,199.6,22.8,29.8,81.81,0.32,65.45,0.27,17.4,0.67
2024-12-29,07:00,Inverted-V,62,TCT,252.3,23.2,31.5,81.26,0.4,65.01,0.34,21.8,0.67
2024-12-29,07:15,Inverted-V,62,TCT,310.3,23.8,33.5,80.62,0.49,64.5,0.41,26.7,0.67
2024-12-29,07:30,Inverted-V,62,TCT,368.4,24.4,35.6,79.98,0.59,63.98,0.49,31.5,0.67
2024-12-29,07:45,Inverted-V,62,TCT,426.5,24.9,37.6,79.34,0.68,63.47,0.57,36.3,0.67
2024-12-29,08:00,Inverted-V,62,TCT,484.5,25.5,39.6,78.69,0.78,62.96,0.65,40.9,0.67
2024-12-29,08:15,Inverted-V,62,TCT,538.5,25.9,41.4,78.14,0.86,62.51,0.72,45.3,0.67
2024-12-29,08:30,Inverted-V,62,TCT,592.4,26.3,43.1,77.58,0.95,62.07,0.8,49.5,0.67
2024-12-29,08:45,Inverted-V,62,TCT,646.3,26.7,44.9,77.03,1.04,61.62,0.87,53.7,0.67
2024-12-29,09:00,Inverted-V,62,TCT,700.3,27.1,46.6,76.47,1.13,61.18,0.95,57.9,0.67
2024-12-29,09:15,Inverted-V,62,TCT,718.6,27.4,47.4,76.25,1.16,61.0,0.97,59.3,0.67
2024-12-29,09:30,Inverted-V,62,TCT,737.0,27.7,48.1,76.02,1.19,60.81,1.0,60.6,0.67
2024-12-29,09:45,Inverted-V,62,TCT,755.3,27.9,48.8,75.79,1.22,60.63,1.02,62.0,0.67
2024-12-29,10:00,Inverted-V,62,TCT,773.6,28.2,49.5,75.56,1.25,60.45,1.05,63.4,0.67
2024-12-29,10:15,Inverted-V,62,TCT,793.4,28.4,50.2,75.34,1.28,60.27,1.08,64.8,0.67
2024-12-29,10:30,Inverted-V,62,TCT,813.1,28.6,50.9,75.12,1.32,60.09,1.1,66.3,0.67
2024-12-29,10:45,Inverted-V,62,TCT,832.8,28.8,51.6,74.9,1.35,59.92,1.13,67.8,0.67
2024-12-29,11:00,Inverted-V,62,TCT,852.6,29.0,52.3,74.68,1.38,59.74,1.16,69.2,0.67
2024-12-29,11:15,Inverted-V,62,TCT,850.0,29.1,52.4,74.66,1.38,59.72,1.16,69.0,0.67
2024-12-29,11:30,Inverted-V,62,TCT,847.5,29.3,52.5,74.64,1.38,59.71,1.15,68.8,0.67
2024-12-29,11:45,Inverted-V,62,TCT,844.9,29.4,52.5,74.62,1.37,59.69,1.15,68.5,0.67
2024-12-29,12:00,Inverted-V,62,TCT,842.4,29.5,52.6,74.59,1.37,59.68,1.14,68.3,0.67
2024-12-29,12:15,Inverted-V,62,TCT,835.4,29.6,52.5,74.63,1.36,59.71,1.14,67.8,0.67
2024-12-29,12:30,Inverted-V,62,TCT,828.4,29.6,52.3,74.67,1.34,59.73,1.13,67.2,0.67
2024-12-29,12:45,Inverted-V,62,TCT,821.3,29.7,52.2,74.7,1.33,59.76,1.12,66.7,0.67
2024-12-29,13:00,Inverted-V,62,TCT,814.3,29.8,52.1,74.74,1.32,59.79,1.11,66.1,0.67
2024-12-29,13:15,Inverted-V,62,TCT,777.1,29.7,51.1,75.05,1.26,60.04,1.05,63.3,0.67
2024-12-29,13:30,Inverted-V,62,TCT,739.9,29.7,50.2,75.36,1.2,60.29,1.0,60.5,0.67
2024-12-29,13:45,Inverted-V,62,TCT,702.7,29.6,49.2,75.66,1.14,60.53,0.95,57.6,0.67
2024-12-29,14:00,Inverted-V,62,TCT,665.6,29.6,48.2,75.97,1.08,60.78,0.9,54.7,0.67
2024-12-29,14:15,Inverted-V,62,TCT,607.5,29.5,46.7,76.46,0.98,61.17,0.82,50.2,0.67
2024-12-29,14:30,Inverted-V,62,TCT,549.5,29.4,45.1,76.96,0.89,61.56,0.74,45.6,0.67
2024-12-29,14:45,Inverted-V,62,TCT,491.5,29.3,43.6,77.45,0.79,61.96,0.66,41.0,0.67
2024-12-29,15:00,Inverted-V,62,TCT,433.5,29.2,42.0,77.94,0.7,62.35,0.58,36.4,0.67
2024-12-29,15:15,Inverted-V,62,TCT,371.4,28.9,40.2,78.52,0.6,62.81,0.5,31.3,0.67
2024-12-29,15:30,Inverted-V,62,TCT,309.2,28.6,38.4,79.09,0.49,63.27,0.41,26.2,0.67
2024-12-29,15:45,Inverted-V,62,TCT,247.1,28.4,36.6,79.67,0.39,63.74,0.33,21.1,0.67
2024-12-29,16:00,Inverted-V,62,TCT,185.0,28.1,34.7,80.25,0.29,64.2,0.25,15.9,0.67
2024-12-29,16:15,Inverted-V,62,TCT,142.4,27.6,33.1,80.75,0.23,64.6,0.19,12.3,0.67
2024-12-29,16:30,Inverted-V,62,TCT,99.8,27.1,31.6,81.25,0.16,65.0,0.13,8.6,0.67
2024-12-29,16:45,Inverted-V,62,TCT,57.2,26.6,30.0,81.75,0.09,65.4,0.08,5.0,0.67
2024-12-29,17:00,Inverted-V,62,TCT,14.6,26.0,28.4,82.25,0.02,65.8,0.02,1.3,0.67
2024-12-29,17:15,Inverted-V,62,TCT,10.9,25.8,28.1,82.36,0.02,65.89,0.01,1.0,0.67
2024-12-29,17:30,Inverted-V,62,TCT,7.3,25.6,27.7,82.46,0.01,65.97,0.01,0.6,0.67
2024-12-30,05:15,Inverted-V,62,TCT,6.3,22.3,24.5,83.49,0.01,66.8,0.01,0.6,0.67
2024-12-30,05:30,Inverted-V,62,TCT,12.6,22.4,24.7,83.41,0.02,66.73,0.02,1.1,0.67
2024-12-30,05:45,Inverted-V,62,TCT,18.8,22.6,25.0,83.32,0.03,66.66,0.02,1.7,0.67
2024-12-30,06:00,Inverted-V,62,TCT,25.1,22.7,25.3,83.23,0.04,66.59,0.03,2.2,0.67
2024-12-30,06:15,Inverted-V,62,TCT,53.4,23.0,26.3,82.92,0.08,66.34,0.07,4.7,0.67
2024-12-30,06:30,Inverted-V,62,TCT,81.6,23.2,27.3,82.6,0.13,66.08,0.11,7.1,0.67
2024-12-30,06:45,Inverted-V,62,TCT,109.8,23.5,28.3,82.29,0.17,65.83,0.15,9.6,0.67
2024-12-30,07:00,Inverted-V,62,TCT,138.0,23.8,29.3,81.98,0.22,65.58,0.18,12.0,0.67
2024-12-30,07:15,Inverted-V,62,TCT,172.6,24.1,30.4,81.6,0.27,65.28,0.23,15.0,0.67
2024-12-30,07:30,Inverted-V,62,TCT,207.1,24.4,31.6,81.23,0.33,64.99,0.28,17.9,0.67
2024-12-30,07:45,Inverted-V,62,TCT,241.7,24.7,32.8,80.86,0.38,64.69,0.32,20.8,0.67
2024-12-30,08:00,Inverted-V,62,TCT,276.2,25.1,34.0,80.49,0.44,64.39,0.37,23.7,0.67
2024-12-30,08:15,Inverted-V,62,TCT,301.3,25.3,34.9,80.2,0.48,64.16,0.4,25.8,0.67
2024-12-30,08:30,Inverted-V,62,TCT,326.3,25.6,35.8,79.91,0.52,63.93,0.44,27.9,0.67
2024-12-30,08:45,Inverted-V,62,TCT,351.4,25.9,36.7,79.62,0.56,63.7,0.47,30.0,0.67
2024-12-30,09:00,Inverted-V,62,TCT,376.5,26.2,37.6,79.33,0.6,63.47,0.5,32.0,0.67
2024-12-30,09:15,Inverted-V,62,TCT,392.4,26.4,38.2,79.13,0.63,63.31,0.53,33.3,0.67
2024-12-30,09:30,Inverted-V,62,TCT,408.4,26.7,38.9,78.93,0.65,63.15,0.55,34.6,0.67
2024-12-30,09:45,Inverted-V,62,TCT,424.3,26.9,39.5,78.73,0.68,62.99,0.57,35.9,0.67
2024-12-30,10:00,Inverted-V,62,TCT,440.3,27.1,40.1,78.53,0.71,62.83,0.59,37.1,0.67
2024-12-30,10:15,Inverted-V,62,TCT,448.4,27.3,40.6,78.4,0.72,62.72,0.6,37.8,0.67
2024-12-30,10:30,Inverted-V,62,TCT,456.4,27.6,41.0,78.27,0.73,62.62,0.61,38.4,0.67
2024-12-30,10:45,Inverted-V,62,TCT,464.5,27.8,41.4,78.14,0.75,62.51,0.62,39.0,0.67
2024-12-30,11:00,Inverted-V,62,TCT,472.6,28.0,41.8,78.01,0.76,62.41,0.64,39.7,0.67
2024-12-30,11:15,Inverted-V,62,TCT,478.8,28.1,42.1,77.91,0.77,62.33,0.64,40.1,0.67
2024-12-30,11:30,Inverted-V,62,TCT,484.9,28.3,42.5,77.8,0.78,62.24,0.65,40.6,0.67
2024-12-30,11:45,Inverted-V,62,TCT,491.1,28.5,42.8,77.7,0.79,62.16,0.66,41.1,0.67
2024-12-30,12:00,Inverted-V,62,TCT,497.2,28.7,43.1,77.59,0.8,62.07,0.67,41.6,0.67
2024-12-30,12:15,Inverted-V,62,TCT,475.5,28.7,42.6,77.74,0.76,62.19,0.64,39.8,0.67
2024-12-30,12:30,Inverted-V,62,TCT,453.9,28.8,42.2,77.9,0.73,62.32,0.61,38.1,0.67
2024-12-30,12:45,Inverted-V,62,TCT,432.2,28.9,41.7,78.05,0.69,62.44,0.58,36.3,0.67
2024-12-30,13:00,Inverted-V,62,TCT,410.5,28.9,41.2,78.2,0.66,62.56,0.55,34.5,0.67
2024-12-30,13:15,Inverted-V,62,TCT,406.3,28.9,41.1,78.25,0.65,62.6,0.55,34.2,0.67
2024-12-30,13:30,Inverted-V,62,TCT,402.1,28.9,40.9,78.29,0.65,62.63,0.54,33.8,0.67
2024-12-30,13:45,Inverted-V,62,TCT,397.9,28.8,40.8,78.33,0.64,62.66,0.53,33.5,0.67
2024-12-30,14:00,Inverted-V,62,TCT,393.7,28.8,40.7,78.37,0.63,62.7,0.53,33.2,0.67
2024-12-30,14:15,Inverted-V,62,TCT,358.1,28.7,39.7,78.69,0.57,62.95,0.48,30.3,0.67
2024-12-30,14:30,Inverted-V,62,TCT,322.5,28.6,38.7,79.0,0.52,63.2,0.43,27.3,0.67
2024-12-30,14:45,Inverted-V,62,TCT,287.0,28.5,37.7,79.32,0.46,63.45,0.38,24.4,0.67
2024-12-30,15:00,Inverted-V,62,TCT,251.4,28.4,36.7,79.63,0.4,63.7,0.34,21.4,0.67
2024-12-30,15:15,Inverted-V,62,TCT,218.5,28.2,35.6,79.96,0.35,63.97,0.29,18.7,0.67
2024-12-30,15:30,Inverted-V,62,TCT,185.6,28.0,34.6,80.29,0.3,64.23,0.25,15.9,0.67
2024-12-30,15:45,Inverted-V,62,TCT,152.7,27.7,33.6,80.62,0.24,64.49,0.2,13.1,0.67
2024-12-30,16:00,Inverted-V,62,TCT,119.8,27.5,32.5,80.95,0.19,64.76,0.16,10.3,0.67
2024-12-30,16:15,Inverted-V,62,TCT,92.8,27.1,31.5,81.28,0.15,65.02,0.12,8.0,0.67
2024-12-30,16:30,Inverted-V,62,TCT,65.8,26.8,30.4,81.61,0.1,65.29,0.09,5.7,0.67
2024-12-30,16:45,Inverted-V,62,TCT,38.8,26.4,29.4,81.95,0.06,65.56,0.05,3.4,0.67
2024-12-30,17:00,Inverted-V,62,TCT,11.8,26.0,28.3,82.28,0.02,65.83,0.02,1.0,0.67
2024-12-30,17:15,Inverted-V,62,TCT,8.9,25.8,28.0,82.37,0.01,65.89,0.01,0.8,0.67
2024-12-30,17:30,Inverted-V,62,TCT,5.9,25.6,27.8,82.45,0.01,65.96,0.01,0.5,0.67
2024-12-31,05:15,Inverted-V,62,TCT,7.0,22.7,24.9,83.37,0.01,66.7,0.01,0.6,0.67
2024-12-31,05:30,Inverted-V,62,TCT,14.0,22.7,25.0,83.31,0.02,66.65,0.02,1.2,0.67
2024-12-31,05:45,Inverted-V,62,TCT,21.0,22.7,25.2,83.25,0.03,66.6,0.03,1.9,0.67
2024-12-31,06:00,Inverted-V,62,TCT,28.1,22.7,25.4,83.19,0.04,66.55,0.04,2.5,0.67
2024-12-31,06:15,Inverted-V,62,TCT,61.5,22.9,26.5,82.86,0.1,66.29,0.08,5.4,0.67
2024-12-31,06:30,Inverted-V,62,TCT,95.0,23.2,27.5,82.52,0.15,66.02,0.13,8.3,0.67
2024-12-31,06:45,Inverted-V,62,TCT,128.5,23.4,28.6,82.19,0.2,65.75,0.17,11.2,0.67
2024-12-31,07:00,Inverted-V,62,TCT,161.9,23.6,29.7,81.85,0.26,65.48,0.22,14.1,0.67
2024-12-31,07:15,Inverted-V,62,TCT,201.0,24.0,31.0,81.42,0.32,65.14,0.27,17.4,0.67
2024-12-31,07:30,Inverted-V,62,TCT,240.0,24.4,32.4,80.99,0.38,64.8,0.32,20.7,0.67
2024-12-31,07:45,Inverted-V,62,TCT,279.0,24.8,33.7,80.57,0.44,64.45,0.37,24.0,0.67
2024-12-31,08:00,Inverted-V,62,TCT,318.0,25.1,35.1,80.14,0.51,64.11,0.42,27.2,0.67
2024-12-31,08:15,Inverted-V,62,TCT,356.5,25.5,36.4,79.71,0.57,63.77,0.48,30.4,0.67
2024-12-31,08:30,Inverted-V,62,TCT,394.9,25.9,37.8,79.29,0.63,63.43,0.53,33.6,0.67
2024-12-31,08:45,Inverted-V,62,TCT,433.3,26.3,39.1,78.86,0.69,63.09,0.58,36.7,0.67
2024-12-31,09:00,Inverted-V,62,TCT,471.7,26.6,40.4,78.44,0.76,62.75,0.63,39.8,0.67
2024-12-31,09:15,Inverted-V,62,TCT,492.6,26.9,41.3,78.18,0.79,62.54,0.66,41.4,0.67
2024-12-31,09:30,Inverted-V,62,TCT,513.5,27.2,42.1,77.92,0.82,62.34,0.69,43.1,0.67
2024-12-31,09:45,Inverted-V,62,TCT,534.3,27.5,42.9,77.66,0.86,62.13,0.72,44.7,0.67
2024-12-31,10:00,Inverted-V,62,TCT,555.2,27.8,43.7,77.4,0.89,61.92,0.75,46.3,0.67
2024-12-31,10:15,Inverted-V,62,TCT,568.9,28.1,44.3,77.22,0.92,61.78,0.77,47.4,0.67
2024-12-31,10:30,Inverted-V,62,TCT,582.5,28.3,44.8,77.05,0.94,61.64,0.79,48.4,0.67
2024-12-31,10:45,Inverted-V,62,TCT,596.2,28.5,45.4,76.87,0.96,61.5,0.8,49.5,0.67
2024-12-31,11:00,Inverted-V,62,TCT,609.9,28.7,45.9,76.7,0.98,61.36,0.82,50.5,0.67
2024-12-31,11:15,Inverted-V,62,TCT,597.6,28.8,45.7,76.76,0.96,61.41,0.81,49.5,0.67
2024-12-31,11:30,Inverted-V,62,TCT,585.3,28.9,45.5,76.83,0.94,61.46,0.79,48.6,0.67
2024-12-31,11:45,Inverted-V,62,TCT,573.0,29.0,45.3,76.89,0.92,61.51,0.77,47.6,0.67
2024-12-31,12:00,Inverted-V,62,TCT,560.7,29.1,45.1,76.96,0.9,61.57,0.76,46.6,0.67
2024-12-31,12:15,Inverted-V,62,TCT,522.2,29.1,44.2,77.26,0.84,61.81,0.7,43.5,0.67
2024-12-31,12:30,Inverted-V,62,TCT,483.6,29.1,43.2,77.56,0.78,62.04,0.65,40.4,0.67
2024-12-31,12:45,Inverted-V,62,TCT,445.1,29.2,42.3,77.85,0.72,62.28,0.6,37.3,0.67
2024-12-31,13:00,Inverted-V,62,TCT,406.5,29.2,41.3,78.15,0.65,62.52,0.55,34.2,0.67
2024-12-31,13:15,Inverted-V,62,TCT,410.3,29.1,41.4,78.15,0.66,62.52,0.55,34.5,0.67
2024-12-31,13:30,Inverted-V,62,TCT,414.0,29.0,41.4,78.14,0.66,62.51,0.56,34.8,0.67
2024-12-31,13:45,Inverted-V,62,TCT,417.8,29.0,41.4,78.13,0.67,62.51,0.56,35.1,0.67
2024-12-31,14:00,Inverted-V,62,TCT,421.5,28.9,41.4,78.13,0.68,62.5,0.57,35.4,0.67
2024-12-31,14:15,Inverted-V,62,TCT,386.4,28.7,40.4,78.46,0.62,62.76,0.52,32.6,0.67
2024-12-31,14:30,Inverted-V,62,TCT,351.3,28.6,39.3,78.78,0.56,63.03,0.47,29.7,0.67
2024-12-31,14:45,Inverted-V,62,TCT,316.2,28.4,38.3,79.11,0.51,63.29,0.42,26.8,0.67
2024-12-31,15:00,Inverted-V,62,TCT,281.2,28.2,37.3,79.44,0.45,63.55,0.38,23.9,0.67
2024-12-31,15:15,Inverted-V,62,TCT,245.0,28.0,36.1,79.82,0.39,63.85,0.33,20.9,0.67
2024-12-31,15:30,Inverted-V,62,TCT,208.9,27.7,34.9,80.19,0.33,64.15,0.28,17.9,0.67
2024-12-31,15:45,Inverted-V,62,TCT,172.8,27.4,33.7,80.56,0.28,64.45,0.23,14.9,0.67
2024-12-31,16:00,Inverted-V,62,TCT,136.7,27.1,32.6,80.93,0.22,64.75,0.18,11.8,0.67
2024-12-31,16:15,Inverted-V,62,TCT,106.2,26.8,31.5,81.28,0.17,65.03,0.14,9.2,0.67
2024-12-31,16:30,Inverted-V,62,TCT,75.7,26.4,30.3,81.64,0.12,65.31,0.1,6.6,0.67
2024-12-31,16:45,Inverted-V,62,TCT,45.1,26.1,29.2,81.99,0.07,65.59,0.06,3.9,0.67
2024-12-31,17:00,Inverted-V,62,TCT,14.6,25.7,28.1,82.34,0.02,65.88,0.02,1.3,0.67
2024-12-31,17:15,Inverted-V,62,TCT,11.0,25.6,27.8,82.43,0.02,65.95,0.01,1.0,0.67
2024-12-31,17:30,Inverted-V,62,TCT,7.3,25.4,27.5,82.52,0.01,66.02,0.01,0.6,0.67
2025-01-01,05:15,Inverted-V,62,TCT,9.0,21.6,23.8,83.7,0.01,66.96,0.01,0.8,0.67
2025-01-01,05:30,Inverted-V,62,TCT,17.9,21.7,24.1,83.61,0.03,66.89,0.02,1.6,0.67
2025-01-01,05:45,Inverted-V,62,TCT,26.9,21.7,24.4,83.53,0.04,66.82,0.04,2.4,0.67
2025-01-01,06:00,Inverted-V,62,TCT,35.9,21.7,24.6,83.44,0.06,66.75,0.05,3.2,0.67
2025-01-01,06:15,Inverted-V,62,TCT,83.4,22.1,26.1,82.97,0.13,66.37,0.11,7.3,0.67
2025-01-01,06:30,Inverted-V,62,TCT,130.9,22.4,27.6,82.49,0.21,65.99,0.17,11.5,0.67
2025-01-01,06:45,Inverted-V,62,TCT,178.4,22.7,29.2,82.01,0.28,65.61,0.24,15.5,0.67
2025-01-01,07:00,Inverted-V,62,TCT,226.0,23.0,30.7,81.54,0.36,65.23,0.3,19.6,0.67
2025-01-01,07:15,Inverted-V,62,TCT,287.2,23.5,32.7,80.9,0.46,64.72,0.38,24.8,0.67
2025-01-01,07:30,Inverted-V,62,TCT,348.4,23.9,34.7,80.27,0.56,64.22,0.47,29.9,0.67
2025-01-01,07:45,Inverted-V,62,TCT,409.6,24.4,36.7,79.64,0.65,63.71,0.55,34.9,0.67
2025-01-01,08:00,Inverted-V,62,TCT,470.8,24.9,38.6,79.01,0.75,63.2,0.63,39.9,0.67
2025-01-01,08:15,Inverted-V,62,TCT,524.7,25.3,40.4,78.46,0.84,62.77,0.7,44.2,0.67
2025-01-01,08:30,Inverted-V,62,TCT,578.7,25.6,42.1,77.91,0.93,62.33,0.78,48.5,0.67
2025-01-01,08:45,Inverted-V,62,TCT,632.6,26.0,43.8,77.36,1.02,61.89,0.85,52.8,0.67
2025-01-01,09:00,Inverted-V,62,TCT,686.5,26.4,45.6,76.82,1.11,61.45,0.93,57.0,0.67
2025-01-01,09:15,Inverted-V,62,TCT,728.4,26.7,46.9,76.4,1.18,61.12,0.98,60.2,0.67
2025-01-01,09:30,Inverted-V,62,TCT,770.4,26.9,48.2,75.99,1.24,60.79,1.04,63.4,0.67
2025-01-01,09:45,Inverted-V,62,TCT,812.3,27.2,49.5,75.58,1.31,60.46,1.1,66.5,0.67
2025-01-01,10:00,Inverted-V,62,TCT,854.2,27.4,50.8,75.16,1.38,60.13,1.16,69.7,0.67
2025-01-01,10:15,Inverted-V,62,TCT,867.4,27.6,51.3,75.0,1.41,60.0,1.18,70.6,0.67
2025-01-01,10:30,Inverted-V,62,TCT,880.7,27.8,51.8,74.83,1.43,59.87,1.2,71.6,0.67
2025-01-01,10:45,Inverted-V,62,TCT,893.9,28.0,52.3,74.67,1.45,59.73,1.21,72.6,0.67
2025-01-01,11:00,Inverted-V,62,TCT,907.1,28.2,52.9,74.5,1.47,59.6,1.23,73.5,0.67
2025-01-01,11:15,Inverted-V,62,TCT,902.6,28.3,52.9,74.5,1.47,59.6,1.23,73.1,0.67
2025-01-01,11:30,Inverted-V,62,TCT,898.1,28.4,52.9,74.5,1.46,59.6,1.22,72.8,0.67
2025-01-01,11:45,Inverted-V,62,TCT,893.6,28.6,52.9,74.5,1.45,59.6,1.21,72.4,0.67
2025-01-01,12:00,Inverted-V,62,TCT,889.1,28.7,52.9,74.49,1.44,59.6,1.21,72.0,0.67
2025-01-01,12:15,Inverted-V,62,TCT,861.8,28.7,52.3,74.7,1.4,59.76,1.17,70.0,0.67
2025-01-01,12:30,Inverted-V,62,TCT,834.5,28.8,51.6,74.9,1.35,59.92,1.13,67.9,0.67
2025-01-01,12:45,Inverted-V,62,TCT,807.2,28.8,51.0,75.1,1.31,60.08,1.1,65.8,0.67
2025-01-01,13:00,Inverted-V,62,TCT,779.9,28.9,50.3,75.3,1.26,60.24,1.06,63.7,0.67
2025-01-01,13:15,Inverted-V,62,TCT,744.7,28.8,49.4,75.6,1.2,60.48,1.01,61.0,0.67
2025-01-01,13:30,Inverted-V,62,TCT,709.4,28.8,48.5,75.89,1.15,60.71,0.96,58.3,0.67
2025-01-01,13:45,Inverted-V,62,TCT,674.2,28.7,47.6,76.19,1.09,60.95,0.91,55.6,0.67
2025-01-01,14:00,Inverted-V,62,TCT,639.0,28.6,46.6,76.48,1.03,61.18,0.86,52.8,0.67
2025-01-01,14:15,Inverted-V,62,TCT,581.4,28.5,45.0,76.99,0.94,61.59,0.78,48.3,0.67
2025-01-01,14:30,Inverted-V,62,TCT,523.8,28.3,43.4,77.49,0.84,62.0,0.71,43.7,0.67
2025-01-01,14:45,Inverted-V,62,TCT,466.1,28.2,41.8,78.0,0.75,62.4,0.63,39.1,0.67
2025-01-01,15:00,Inverted-V,62,TCT,408.5,28.0,40.2,78.51,0.66,62.81,0.55,34.5,0.67
2025-01-01,15:15,Inverted-V,62,TCT,355.5,27.7,38.6,79.04,0.57,63.23,0.48,30.1,0.67
2025-01-01,15:30,Inverted-V,62,TCT,302.5,27.3,36.9,79.57,0.48,63.65,0.4,25.8,0.67
2025-01-01,15:45,Inverted-V,62,TCT,249.4,27.0,35.2,80.09,0.4,64.08,0.33,21.4,0.67
2025-01-01,16:00,Inverted-V,62,TCT,196.4,26.6,33.5,80.62,0.31,64.5,0.26,16.9,0.67
2025-01-01,16:15,Inverted-V,62,TCT,151.8,26.0,31.8,81.17,0.24,64.93,0.2,13.1,0.67
2025-01-01,16:30,Inverted-V,62,TCT,107.3,25.4,30.1,81.71,0.17,65.37,0.14,9.3,0.67
2025-01-01,16:45,Inverted-V,62,TCT,62.7,24.8,28.4,82.25,0.1,65.8,0.08,5.5,0.67
2025-01-01,17:00,Inverted-V,62,TCT,18.2,24.2,26.7,82.8,0.03,66.24,0.02,1.6,0.67
2025-01-01,17:15,Inverted-V,62,TCT,13.6,24.0,26.3,82.92,0.02,66.33,0.02,1.2,0.67
2025-01-01,17:30,Inverted-V,62,TCT,9.1,23.7,25.9,83.04,0.01,66.43,0.01,0.8,0.67
2025-01-02,05:15,Inverted-V,62,TCT,8.8,19.2,21.4,84.47,0.01,67.58,0.01,0.8,0.67
2025-01-02,05:30,Inverted-V,62,TCT,17.6,19.4,21.8,84.33,0.03,67.47,0.02,1.6,0.67
2025-01-02,05:45,Inverted-V,62,TCT,26.4,19.6,22.3,84.2,0.04,67.36,0.03,2.3,0.67
2025-01-02,06:00,Inverted-V,62,TCT,35.2,19.8,22.7,84.06,0.06,67.24,0.05,3.1,0.67
2025-01-02,06:15,Inverted-V,62,TCT,80.1,20.4,24.4,83.52,0.13,66.82,0.11,7.1,0.67
2025-01-02,06:30,Inverted-V,62,TCT,125.1,20.9,26.1,82.99,0.2,66.39,0.17,11.0,0.67
2025-01-02,06:45,Inverted-V,62,TCT,170.0,21.5,27.8,82.46,0.27,65.96,0.23,14.9,0.67
2025-01-02,07:00,Inverted-V,62,TCT,214.9,22.1,29.4,81.92,0.34,65.54,0.29,18.7,0.67
2025-01-02,07:15,Inverted-V,62,TCT,268.0,22.7,31.4,81.3,0.43,65.04,0.36,23.2,0.67
2025-01-02,07:30,Inverted-V,62,TCT,321.0,23.3,33.4,80.68,0.51,64.54,0.43,27.6,0.67
2025-01-02,07:45,Inverted-V,62,TCT,374.1,24.0,35.3,80.06,0.6,64.04,0.5,32.0,0.67
2025-01-02,08:00,Inverted-V,62,TCT,427.2,24.6,37.3,79.43,0.68,63.55,0.57,36.3,0.67
2025-01-02,08:15,Inverted-V,62,TCT,476.1,25.0,38.9,78.93,0.76,63.14,0.64,40.3,0.67
2025-01-02,08:30,Inverted-V,62,TCT,525.0,25.4,40.5,78.42,0.84,62.74,0.71,44.2,0.67
2025-01-02,08:45,Inverted-V,62,TCT,573.9,25.8,42.1,77.91,0.92,62.33,0.77,48.1,0.67
2025-01-02,09:00,Inverted-V,62,TCT,622.8,26.1,43.7,77.41,1.0,61.93,0.84,52.0,0.67
2025-01-02,09:15,Inverted-V,62,TCT,646.5,26.4,44.6,77.13,1.04,61.71,0.87,53.8,0.67
2025-01-02,09:30,Inverted-V,62,TCT,670.2,26.7,45.4,76.86,1.08,61.49,0.9,55.6,0.67
2025-01-02,09:45,Inverted-V,62,TCT,693.9,26.9,46.3,76.59,1.12,61.27,0.94,57.4,0.67
2025-01-02,10:00,Inverted-V,62,TCT,717.6,27.2,47.2,76.31,1.16,61.05,0.97,59.2,0.67
2025-01-02,10:15,Inverted-V,62,TCT,749.9,27.4,48.2,75.99,1.21,60.79,1.01,61.7,0.67
2025-01-02,10:30,Inverted-V,62,TCT,782.2,27.6,49.2,75.67,1.27,60.54,1.06,64.1,0.67
2025-01-02,10:45,Inverted-V,62,TCT,814.6,27.8,50.2,75.35,1.32,60.28,1.1,66.6,0.67
2025-01-02,11:00,Inverted-V,62,TCT,846.9,28.0,51.2,75.03,1.37,60.03,1.15,69.0,0.67
2025-01-02,11:15,Inverted-V,62,TCT,823.7,28.1,50.7,75.18,1.33,60.14,1.12,67.2,0.67
2025-01-02,11:30,Inverted-V,62,TCT,800.5,28.3,50.3,75.33,1.3,60.26,1.09,65.4,0.67
2025-01-02,11:45,Inverted-V,62,TCT,777.3,28.4,49.8,75.47,1.26,60.38,1.05,63.6,0.67
2025-01-02,12:00,Inverted-V,62,TCT,754.1,28.5,49.3,75.62,1.22,60.5,1.02,61.8,0.67
2025-01-02,12:15,Inverted-V,62,TCT,751.9,28.5,49.3,75.63,1.22,60.51,1.02,61.6,0.67
2025-01-02,12:30,Inverted-V,62,TCT,749.7,28.5,49.3,75.65,1.21,60.52,1.02,61.5,0.67
2025-01-02,12:45,Inverted-V,62,TCT,747.5,28.5,49.2,75.66,1.21,60.53,1.01,61.3,0.67
2025-01-02,13:00,Inverted-V,62,TCT,745.4,28.6,49.2,75.67,1.21,60.54,1.01,61.1,0.67
2025-01-02,13:15,Inverted-V,62,TCT,709.5,28.4,48.2,75.99,1.15,60.79,0.96,58.4,0.67
2025-01-02,13:30,Inverted-V,62,TCT,673.5,28.3,47.1,76.31,1.09,61.05,0.91,55.6,0.67
2025-01-02,13:45,Inverted-V,62,TCT,637.6,28.2,46.1,76.64,1.03,61.31,0.86,52.8,0.67
2025-01-02,14:00,Inverted-V,62,TCT,601.7,28.1,45.1,76.96,0.97,61.57,0.81,50.0,0.67
2025-01-02,14:15,Inverted-V,62,TCT,543.9,27.8,43.4,77.49,0.87,61.99,0.73,45.4,0.67
2025-01-02,14:30,Inverted-V,62,TCT,486.1,27.6,41.8,78.02,0.78,62.41,0.65,40.8,0.67
2025-01-02,14:45,Inverted-V,62,TCT,428.4,27.4,40.1,78.55,0.69,62.84,0.58,36.1,0.67
2025-01-02,15:00,Inverted-V,62,TCT,370.6,27.2,38.4,79.07,0.59,63.26,0.5,31.4,0.67
2025-01-02,15:15,Inverted-V,62,TCT,322.9,26.8,36.9,79.56,0.52,63.65,0.43,27.5,0.67
2025-01-02,15:30,Inverted-V,62,TCT,275.3,26.5,35.4,80.04,0.44,64.03,0.37,23.6,0.67
2025-01-02,15:45,Inverted-V,62,TCT,227.7,26.2,33.9,80.52,0.36,64.42,0.3,19.6,0.67
2025-01-02,16:00,Inverted-V,62,TCT,180.1,25.8,32.3,81.0,0.29,64.8,0.24,15.5,0.67
2025-01-02,16:15,Inverted-V,62,TCT,139.7,25.5,31.0,81.44,0.22,65.15,0.19,12.1,0.67
2025-01-02,16:30,Inverted-V,62,TCT,99.2,25.1,29.6,81.88,0.16,65.51,0.13,8.6,0.67
2025-01-02,16:45,Inverted-V,62,TCT,58.8,24.7,28.2,82.32,0.09,65.86,0.08,5.1,0.67
2025-01-02,17:00,Inverted-V,62,TCT,18.4,24.3,26.8,82.76,0.03,66.21,0.02,1.6,0.67
2025-01-02,17:15,Inverted-V,62,TCT,13.8,24.2,26.5,82.85,0.02,66.28,0.02,1.2,0.67
2025-01-02,17:30,Inverted-V,62,TCT,9.2,24.0,26.2,82.94,0.01,66.35,0.01,0.8,0.67
2025-01-03,05:15,Inverted-V,62,TCT,9.3,19.7,21.9,84.31,0.01,67.45,0.01,0.8,0.67
2025-01-03,05:30,Inverted-V,62,TCT,18.5,19.8,22.2,84.21,0.03,67.37,0.02,1.6,0.67
2025-01-03,05:45,Inverted-V,62,TCT,27.8,19.9,22.5,84.11,0.04,67.28,0.04,2.5,0.67
2025-01-03,06:00,Inverted-V,62,TCT,37.1,19.9,22.9,84.0,0.06,67.2,0.05,3.3,0.67
2025-01-03,06:15,Inverted-V,62,TCT,87.9,20.3,24.5,83.5,0.14,66.8,0.12,7.8,0.67
2025-01-03,06:30,Inverted-V,62,TCT,138.8,20.6,26.1,82.99,0.22,66.39,0.18,12.2,0.67
2025-01-03,06:45,Inverted-V,62,TCT,189.7,20.9,27.7,82.48,0.3,65.99,0.25,16.6,0.67
2025-01-03,07:00,Inverted-V,62,TCT,240.5,21.3,29.3,81.98,0.38,65.58,0.32,21.0,0.67
2025-01-03,07:15,Inverted-V,62,TCT,301.7,21.8,31.4,81.32,0.48,65.05,0.4,26.1,0.67
2025-01-03,07:30,Inverted-V,62,TCT,362.9,22.4,33.4,80.66,0.58,64.53,0.48,31.2,0.67
2025-01-03,07:45,Inverted-V,62,TCT,424.0,22.9,35.5,80.0,0.68,64.0,0.57,36.3,0.67
2025-01-03,08:00,Inverted-V,62,TCT,485.2,23.5,37.6,79.34,0.78,63.47,0.65,41.2,0.67
2025-01-03,08:15,Inverted-V,62,TCT,540.7,24.0,39.5,78.74,0.87,62.99,0.73,45.7,0.67
2025-01-03,08:30,Inverted-V,62,TCT,596.1,24.5,41.4,78.14,0.96,62.51,0.8,50.1,0.67
2025-01-03,08:45,Inverted-V,62,TCT,651.6,25.0,43.3,77.54,1.05,62.03,0.88,54.4,0.67
2025-01-03,09:00,Inverted-V,62,TCT,707.1,25.5,45.2,76.94,1.14,61.55,0.95,58.7,0.67
2025-01-03,09:15,Inverted-V,62,TCT,742.5,25.8,46.4,76.55,1.2,61.24,1.0,61.4,0.67
2025-01-03,09:30,Inverted-V,62,TCT,777.8,26.2,47.6,76.16,1.26,60.93,1.05,64.1,0.67
2025-01-03,09:45,Inverted-V,62,TCT,813.2,26.5,48.9,75.78,1.31,60.62,1.1,66.8,0.67
2025-01-03,10:00,Inverted-V,62,TCT,848.6,26.9,50.1,75.39,1.37,60.31,1.15,69.4,0.67
2025-01-03,10:15,Inverted-V,62,TCT,850.5,27.1,50.4,75.3,1.38,60.24,1.15,69.5,0.67
2025-01-03,10:30,Inverted-V,62,TCT,852.4,27.3,50.7,75.21,1.38,60.16,1.16,69.6,0.67
2025-01-03,10:45,Inverted-V,62,TCT,854.3,27.6,50.9,75.11,1.38,60.09,1.16,69.7,0.67
2025-01-03,11:00,Inverted-V,62,TCT,856.3,27.8,51.2,75.02,1.39,60.02,1.16,69.8,0.67
2025-01-03,11:15,Inverted-V,62,TCT,854.0,28.0,51.3,75.0,1.38,60.0,1.16,69.6,0.67
2025-01-03,11:30,Inverted-V,62,TCT,851.8,28.1,51.4,74.97,1.38,59.98,1.16,69.4,0.67
2025-01-03,11:45,Inverted-V,62,TCT,849.6,28.2,51.5,74.94,1.38,59.95,1.15,69.2,0.67
2025-01-03,12:00,Inverted-V,62,TCT,847.4,28.4,51.6,74.92,1.37,59.93,1.15,69.0,0.67
2025-01-03,12:15,Inverted-V,62,TCT,814.1,28.4,50.8,75.17,1.32,60.13,1.1,66.4,0.67
2025-01-03,12:30,Inverted-V,62,TCT,780.7,28.5,50.0,75.42,1.26,60.33,1.06,63.9,0.67
2025-01-03,12:45,Inverted-V,62,TCT,747.4,28.5,49.2,75.67,1.21,60.53,1.01,61.3,0.67
2025-01-03,13:00,Inverted-V,62,TCT,714.1,28.6,48.4,75.92,1.15,60.73,0.97,58.7,0.67
2025-01-03,13:15,Inverted-V,62,TCT,669.8,28.5,47.2,76.29,1.08,61.03,0.91,55.3,0.67
2025-01-03,13:30,Inverted-V,62,TCT,625.6,28.4,46.0,76.66,1.01,61.33,0.84,51.8,0.67
2025-01-03,13:45,Inverted-V,62,TCT,581.4,28.3,44.9,77.04,0.94,61.63,0.78,48.3,0.67
2025-01-03,14:00,Inverted-V,62,TCT,537.2,28.3,43.7,77.41,0.86,61.93,0.72,44.8,0.67
2025-01-03,14:15,Inverted-V,62,TCT,486.8,28.1,42.2,77.87,0.78,62.29,0.65,40.8,0.67
2025-01-03,14:30,Inverted-V,62,TCT,436.4,27.9,40.8,78.32,0.7,62.66,0.59,36.7,0.67
2025-01-03,14:45,Inverted-V,62,TCT,385.9,27.7,39.4,78.78,0.62,63.02,0.52,32.6,0.67
2025-01-03,15:00,Inverted-V,62,TCT,335.5,27.5,37.9,79.23,0.54,63.39,0.45,28.5,0.67
2025-01-03,15:15,Inverted-V,62,TCT,293.7,27.2,36.6,79.67,0.47,63.74,0.39,25.0,0.67
2025-01-03,15:30,Inverted-V,62,TCT,251.8,26.9,35.2,80.1,0.4,64.08,0.34,21.6,0.67
2025-01-03,15:45,Inverted-V,62,TCT,210.0,26.6,33.8,80.54,0.33,64.43,0.28,18.1,0.67
2025-01-03,16:00,Inverted-V,62,TCT,168.1,26.2,32.4,80.97,0.27,64.78,0.22,14.5,0.67
2025-01-03,16:15,Inverted-V,62,TCT,130.7,25.8,31.0,81.42,0.21,65.13,0.17,11.3,0.67
2025-01-03,16:30,Inverted-V,62,TCT,93.3,25.3,29.6,81.86,0.15,65.49,0.12,8.1,0.67
2025-01-03,16:45,Inverted-V,62,TCT,55.8,24.9,28.2,82.3,0.09,65.84,0.07,4.9,0.67
2025-01-03,17:00,Inverted-V,62,TCT,18.4,24.4,26.8,82.74,0.03,66.19,0.02,1.6,0.67
2025-01-03,17:15,Inverted-V,62,TCT,13.8,24.2,26.5,82.84,0.02,66.27,0.02,1.2,0.67
2025-01-03,17:30,Inverted-V,62,TCT,9.2,24.0,26.2,82.94,0.01,66.35,0.01,0.8,0.67
2025-01-04,05:15,Inverted-V,62,TCT,8.7,18.7,20.9,84.63,0.01,67.7,0.01,0.8,0.67
2025-01-04,05:30,Inverted-V,62,TCT,17.4,18.9,21.3,84.5,0.03,67.6,0.02,1.5,0.67
2025-01-04,05:45,Inverted-V,62,TCT,26.1,19.0,21.7,84.38,0.04,67.5,0.03,2.3,0.67
2025-01-04,06:00,Inverted-V,62,TCT,34.8,19.2,22.1,84.26,0.05,67.4,0.05,3.1,0.67
2025-01-04,06:15,Inverted-V,62,TCT,84.9,19.7,23.9,83.69,0.13,66.95,0.11,7.5,0.67
2025-01-04,06:30,Inverted-V,62,TCT,135.1,20.3,25.6,83.12,0.21,66.5,0.18,11.9,0.67
2025-01-04,06:45,Inverted-V,62,TCT,185.3,20.8,27.4,82.56,0.29,66.05,0.25,16.2,0.67
2025-01-04,07:00,Inverted-V,62,TCT,235.4,21.3,29.2,81.99,0.37,65.59,0.31,20.5,0.67
2025-01-04,07:15,Inverted-V,62,TCT,292.8,22.0,31.3,81.33,0.47,65.06,0.39,25.4,0.67
2025-01-04,07:30,Inverted-V,62,TCT,350.1,22.7,33.4,80.66,0.56,64.53,0.47,30.1,0.67
2025-01-04,07:45,Inverted-V,62,TCT,407.4,23.3,35.5,80.0,0.65,64.0,0.54,34.9,0.67
2025-01-04,08:00,Inverted-V,62,TCT,464.7,24.0,37.6,79.34,0.74,63.47,0.62,39.5,0.67
2025-01-04,08:15,Inverted-V,62,TCT,517.2,24.4,39.4,78.78,0.83,63.03,0.69,43.7,0.67
2025-01-04,08:30,Inverted-V,62,TCT,569.8,24.9,41.1,78.23,0.91,62.58,0.77,47.9,0.67
2025-01-04,08:45,Inverted-V,62,TCT,622.3,25.3,42.9,77.67,1.0,62.14,0.84,52.1,0.67
2025-01-04,09:00,Inverted-V,62,TCT,674.8,25.7,44.6,77.12,1.09,61.69,0.91,56.1,0.67
2025-01-04,09:15,Inverted-V,62,TCT,710.5,26.0,45.8,76.74,1.15,61.39,0.96,58.9,0.67
2025-01-04,09:30,Inverted-V,62,TCT,746.2,26.3,47.0,76.37,1.2,61.09,1.01,61.6,0.67
2025-01-04,09:45,Inverted-V,62,TCT,781.9,26.6,48.2,75.99,1.26,60.79,1.06,64.3,0.67
2025-01-04,10:00,Inverted-V,62,TCT,817.6,26.9,49.4,75.61,1.32,60.49,1.11,67.0,0.67
2025-01-04,10:15,Inverted-V,62,TCT,836.1,27.1,50.0,75.4,1.35,60.32,1.13,68.4,0.67
2025-01-04,10:30,Inverted-V,62,TCT,854.5,27.3,50.7,75.19,1.38,60.15,1.16,69.7,0.67
2025-01-04,10:45,Inverted-V,62,TCT,873.0,27.6,51.4,74.98,1.42,59.98,1.19,71.1,0.67
2025-01-04,11:00,Inverted-V,62,TCT,891.5,27.8,52.0,74.76,1.45,59.81,1.21,72.4,0.67
2025-01-04,11:15,Inverted-V,62,TCT,891.4,27.9,52.2,74.72,1.45,59.78,1.21,72.4,0.67
2025-01-04,11:30,Inverted-V,62,TCT,891.3,28.0,52.3,74.68,1.45,59.74,1.21,72.4,0.67
2025-01-04,11:45,Inverted-V,62,TCT,891.3,28.2,52.4,74.64,1.45,59.71,1.21,72.3,0.67
2025-01-04,12:00,Inverted-V,62,TCT,891.2,28.3,52.6,74.6,1.45,59.68,1.21,72.3,0.67
2025-01-04,12:15,Inverted-V,62,TCT,865.8,28.3,52.0,74.78,1.4,59.83,1.18,70.4,0.67
2025-01-04,12:30,Inverted-V,62,TCT,840.3,28.4,51.4,74.97,1.36,59.97,1.14,68.4,0.67
2025-01-04,12:45,Inverted-V,62,TCT,814.9,28.4,50.8,75.15,1.32,60.12,1.11,66.5,0.67
2025-01-04,13:00,Inverted-V,62,TCT,789.4,28.5,50.2,75.34,1.28,60.27,1.07,64.5,0.67
2025-01-04,13:15,Inverted-V,62,TCT,757.0,28.4,49.4,75.61,1.22,60.49,1.03,62.0,0.67
2025-01-04,13:30,Inverted-V,62,TCT,724.6,28.4,48.5,75.88,1.17,60.71,0.98,59.5,0.67
2025-01-04,13:45,Inverted-V,62,TCT,692.1,28.4,47.7,76.15,1.12,60.92,0.94,57.0,0.67
2025-01-04,14:00,Inverted-V,62,TCT,659.7,28.3,46.8,76.43,1.06,61.14,0.89,54.5,0.67
2025-01-04,14:15,Inverted-V,62,TCT,606.3,28.2,45.3,76.89,0.98,61.51,0.82,50.3,0.67
2025-01-04,14:30,Inverted-V,62,TCT,553.0,28.0,43.9,77.36,0.89,61.89,0.75,46.1,0.67
2025-01-04,14:45,Inverted-V,62,TCT,499.6,27.9,42.4,77.82,0.8,62.26,0.67,41.9,0.67
2025-01-04,15:00,Inverted-V,62,TCT,446.2,27.8,40.9,78.29,0.72,62.63,0.6,37.6,0.67
2025-01-04,15:15,Inverted-V,62,TCT,387.0,27.5,39.1,78.85,0.62,63.08,0.52,32.7,0.67
2025-01-04,15:30,Inverted-V,62,TCT,327.7,27.2,37.4,79.41,0.52,63.53,0.44,27.9,0.67
2025-01-04,15:45,Inverted-V,62,TCT,268.5,26.9,35.6,79.98,0.43,63.98,0.36,23.0,0.67
2025-01-04,16:00,Inverted-V,62,TCT,209.2,26.6,33.8,80.54,0.33,64.43,0.28,18.0,0.67
2025-01-04,16:15,Inverted-V,62,TCT,162.4,25.9,32.0,81.11,0.26,64.89,0.22,14.0,0.67
2025-01-04,16:30,Inverted-V,62,TCT,115.6,25.3,30.2,81.68,0.18,65.34,0.15,10.0,0.67
2025-01-04,16:45,Inverted-V,62,TCT,68.8,24.7,28.4,82.24,0.11,65.79,0.09,6.0,0.67
2025-01-04,17:00,Inverted-V,62,TCT,22.0,24.1,26.6,82.81,0.03,66.25,0.03,1.9,0.67
2025-01-04,17:15,Inverted-V,62,TCT,16.5,23.8,26.2,82.95,0.03,66.36,0.02,1.4,0.67
2025-01-04,17:30,Inverted-V,62,TCT,11.0,23.5,25.8,83.08,0.02,66.46,0.01,1.0,0.67
2025-01-04,17:45,Inverted-V,62,TCT,5.5,23.2,25.3,83.22,0.01,66.57,0.01,0.5,0.67
2025-01-05,05:15,Inverted-V,62,TCT,8.9,18.3,20.5,84.76,0.01,67.8,0.01,0.8,0.67
2025-01-05,05:30,Inverted-V,62,TCT,17.8,18.5,21.0,84.61,0.03,67.68,0.02,1.6,0.67
2025-01-05,05:45,Inverted-V,62,TCT,26.8,18.8,21.4,84.46,0.04,67.56,0.04,2.4,0.67
2025-01-05,06:00,Inverted-V,62,TCT,35.7,19.0,21.9,84.31,0.06,67.44,0.05,3.2,0.67
2025-01-05,06:15,Inverted-V,62,TCT,81.4,19.6,23.6,83.76,0.13,67.01,0.11,7.2,0.67
2025-01-05,06:30,Inverted-V,62,TCT,127.1,20.2,25.4,83.21,0.2,66.57,0.17,11.2,0.67
2025-01-05,06:45,Inverted-V,62,TCT,172.8,20.8,27.1,82.67,0.27,66.13,0.23,15.1,0.67
2025-01-05,07:00,Inverted-V,62,TCT,218.5,21.4,28.8,82.12,0.35,65.7,0.29,19.1,0.67
2025-01-05,07:15,Inverted-V,62,TCT,276.9,22.1,31.1,81.41,0.44,65.13,0.37,24.0,0.67
2025-01-05,07:30,Inverted-V,62,TCT,335.3,22.9,33.3,80.69,0.53,64.55,0.45,28.9,0.67
2025-01-05,07:45,Inverted-V,62,TCT,393.7,23.7,35.6,79.98,0.63,63.98,0.53,33.7,0.67
2025-01-05,08:00,Inverted-V,62,TCT,452.1,24.5,37.8,79.26,0.72,63.41,0.61,38.4,0.67
2025-01-05,08:15,Inverted-V,62,TCT,498.0,25.0,39.5,78.75,0.8,63.0,0.67,42.1,0.67
2025-01-05,08:30,Inverted-V,62,TCT,543.9,25.5,41.1,78.23,0.87,62.58,0.73,45.7,0.67
2025-01-05,08:45,Inverted-V,62,TCT,589.7,26.0,42.8,77.71,0.95,62.17,0.79,49.4,0.67
2025-01-05,09:00,Inverted-V,62,TCT,635.6,26.5,44.4,77.19,1.02,61.75,0.86,52.9,0.67
2025-01-05,09:15,Inverted-V,62,TCT,661.1,26.8,45.3,76.9,1.07,61.52,0.89,54.9,0.67
2025-01-05,09:30,Inverted-V,62,TCT,686.7,27.0,46.2,76.61,1.11,61.29,0.93,56.8,0.67
2025-01-05,09:45,Inverted-V,62,TCT,712.2,27.3,47.1,76.32,1.15,61.06,0.96,58.8,0.67
2025-01-05,10:00,Inverted-V,62,TCT,737.7,27.6,48.0,76.03,1.19,60.83,1.0,60.7,0.67
2025-01-05,10:15,Inverted-V,62,TCT,751.1,27.8,48.6,75.86,1.21,60.69,1.02,61.7,0.67
2025-01-05,10:30,Inverted-V,62,TCT,764.4,28.0,49.1,75.69,1.24,60.55,1.04,62.7,0.67
2025-01-05,10:45,Inverted-V,62,TCT,777.7,28.2,49.7,75.52,1.26,60.42,1.05,63.7,0.67
2025-01-05,11:00,Inverted-V,62,TCT,791.0,28.4,50.2,75.35,1.28,60.28,1.07,64.7,0.67
2025-01-05,11:15,Inverted-V,62,TCT,800.9,28.5,50.6,75.23,1.3,60.19,1.09,65.4,0.67
2025-01-05,11:30,Inverted-V,62,TCT,810.7,28.7,50.9,75.12,1.31,60.09,1.1,66.1,0.67
2025-01-05,11:45,Inverted-V,62,TCT,820.5,28.8,51.3,75.0,1.33,60.0,1.11,66.8,0.67
2025-01-05,12:00,Inverted-V,62,TCT,830.3,28.9,51.7,74.88,1.35,59.9,1.13,67.5,0.67
2025-01-05,12:15,Inverted-V,62,TCT,807.0,29.0,51.1,75.05,1.31,60.04,1.1,65.8,0.67
2025-01-05,12:30,Inverted-V,62,TCT,783.8,29.0,50.6,75.22,1.27,60.18,1.06,64.0,0.67
2025-01-05,12:45,Inverted-V,62,TCT,760.5,29.0,50.1,75.39,1.23,60.31,1.03,62.2,0.67
2025-01-05,13:00,Inverted-V,62,TCT,737.3,29.1,49.5,75.56,1.19,60.45,1.0,60.4,0.67
2025-01-05,13:15,Inverted-V,62,TCT,699.8,29.0,48.5,75.88,1.13,60.7,0.95,57.5,0.67
2025-01-05,13:30,Inverted-V,62,TCT,662.3,29.0,47.5,76.19,1.07,60.95,0.9,54.6,0.67
2025-01-05,13:45,Inverted-V,62,TCT,624.8,28.9,46.5,76.51,1.01,61.2,0.84,51.7,0.67
2025-01-05,14:00,Inverted-V,62,TCT,587.3,28.9,45.6,76.82,0.95,61.46,0.79,48.7,0.67
2025-01-05,14:15,Inverted-V,62,TCT,534.3,28.7,44.1,77.28,0.86,61.83,0.72,44.5,0.67
2025-01-05,14:30,Inverted-V,62,TCT,481.3,28.6,42.6,77.75,0.77,62.2,0.65,40.3,0.67
2025-01-05,14:45,Inverted-V,62,TCT,428.2,28.4,41.1,78.21,0.69,62.57,0.58,36.0,0.67
2025-01-05,15:00,Inverted-V,62,TCT,375.2,28.3,39.7,78.68,0.6,62.94,0.5,31.7,0.67
2025-01-05,15:15,Inverted-V,62,TCT,325.4,27.9,38.1,79.19,0.52,63.35,0.44,27.6,0.67
2025-01-05,15:30,Inverted-V,62,TCT,275.5,27.6,36.5,79.7,0.44,63.76,0.37,23.5,0.67
2025-01-05,15:45,Inverted-V,62,TCT,225.7,27.2,34.9,80.2,0.36,64.16,0.3,19.3,0.67
2025-01-05,16:00,Inverted-V,62,TCT,175.8,26.9,33.3,80.71,0.28,64.57,0.23,15.1,0.67
2025-01-05,16:15,Inverted-V,62,TCT,136.3,26.2,31.6,81.25,0.22,65.0,0.18,11.8,0.67
2025-01-05,16:30,Inverted-V,62,TCT,96.7,25.5,29.9,81.79,0.15,65.43,0.13,8.4,0.67
2025-01-05,16:45,Inverted-V,62,TCT,57.2,24.7,28.2,82.32,0.09,65.86,0.08,5.0,0.67
2025-01-05,17:00,Inverted-V,62,TCT,17.6,24.0,26.5,82.86,0.03,66.29,0.02,1.5,0.67
2025-01-05,17:15,Inverted-V,62,TCT,13.2,23.7,26.1,82.99,0.02,66.39,0.02,1.2,0.67
2025-01-05,17:30,Inverted-V,62,TCT,8.8,23.4,25.7,83.12,0.01,66.5,0.01,0.8,0.67
2025-01-06,05:15,Inverted-V,62,TCT,8.8,18.3,20.5,84.74,0.01,67.79,0.01,0.8,0.67
2025-01-06,05:30,Inverted-V,62,TCT,17.7,18.6,21.0,84.59,0.03,67.67,0.02,1.6,0.67
2025-01-06,05:45,Inverted-V,62,TCT,26.5,18.8,21.5,84.44,0.04,67.55,0.03,2.4,0.67
2025-01-06,06:00,Inverted-V,62,TCT,35.4,19.1,22.0,84.29,0.06,67.43,0.05,3.1,0.67
2025-01-06,06:15,Inverted-V,62,TCT,80.2,19.6,23.6,83.76,0.13,67.0,0.11,7.1,0.67
2025-01-06,06:30,Inverted-V,62,TCT,125.0,20.2,25.3,83.22,0.2,66.58,0.17,11.0,0.67
2025-01-06,06:45,Inverted-V,62,TCT,169.8,20.8,27.0,82.69,0.27,66.15,0.23,14.9,0.67
2025-01-06,07:00,Inverted-V,62,TCT,214.6,21.3,28.7,82.16,0.34,65.72,0.28,18.7,0.67
2025-01-06,07:15,Inverted-V,62,TCT,269.9,22.1,30.9,81.47,0.43,65.18,0.36,23.4,0.67
2025-01-06,07:30,Inverted-V,62,TCT,325.2,22.9,33.0,80.79,0.52,64.63,0.43,28.0,0.67
2025-01-06,07:45,Inverted-V,62,TCT,380.6,23.7,35.2,80.1,0.61,64.08,0.51,32.6,0.67
2025-01-06,08:00,Inverted-V,62,TCT,435.9,24.4,37.3,79.42,0.7,63.54,0.58,37.1,0.67
2025-01-06,08:15,Inverted-V,62,TCT,481.1,24.9,39.0,78.9,0.77,63.12,0.65,40.7,0.67
2025-01-06,08:30,Inverted-V,62,TCT,526.3,25.5,40.6,78.38,0.84,62.71,0.71,44.3,0.67
2025-01-06,08:45,Inverted-V,62,TCT,571.4,26.0,42.2,77.87,0.92,62.29,0.77,47.9,0.67
2025-01-06,09:00,Inverted-V,62,TCT,616.6,26.5,43.9,77.35,0.99,61.88,0.83,51.4,0.67
2025-01-06,09:15,Inverted-V,62,TCT,647.9,26.7,44.9,77.02,1.04,61.61,0.87,53.9,0.67
2025-01-06,09:30,Inverted-V,62,TCT,679.1,27.0,46.0,76.69,1.1,61.35,0.92,56.3,0.67
2025-01-06,09:45,Inverted-V,62,TCT,710.4,27.3,47.0,76.35,1.15,61.08,0.96,58.7,0.67
2025-01-06,10:00,Inverted-V,62,TCT,741.7,27.5,48.1,76.02,1.2,60.82,1.0,61.0,0.67
2025-01-06,10:15,Inverted-V,62,TCT,766.0,27.7,48.9,75.77,1.24,60.61,1.04,62.9,0.67
2025-01-06,10:30,Inverted-V,62,TCT,790.4,27.9,49.7,75.51,1.28,60.41,1.07,64.7,0.67
2025-01-06,10:45,Inverted-V,62,TCT,814.8,28.1,50.5,75.26,1.32,60.21,1.11,66.5,0.67
2025-01-06,11:00,Inverted-V,62,TCT,839.2,28.3,51.3,75.01,1.36,60.01,1.14,68.4,0.67
2025-01-06,11:15,Inverted-V,62,TCT,852.3,28.4,51.7,74.87,1.38,59.89,1.16,69.3,0.67
2025-01-06,11:30,Inverted-V,62,TCT,865.5,28.5,52.2,74.73,1.4,59.78,1.18,70.3,0.67
2025-01-06,11:45,Inverted-V,62,TCT,878.7,28.6,52.6,74.58,1.43,59.67,1.19,71.3,0.67
2025-01-06,12:00,Inverted-V,62,TCT,891.9,28.8,53.1,74.44,1.45,59.56,1.21,72.2,0.67
2025-01-06,12:15,Inverted-V,62,TCT,868.5,28.8,52.5,74.63,1.41,59.7,1.18,70.5,0.67
2025-01-06,12:30,Inverted-V,62,TCT,845.1,28.8,51.9,74.81,1.37,59.85,1.15,68.7,0.67
2025-01-06,12:45,Inverted-V,62,TCT,821.7,28.8,51.3,74.99,1.33,59.99,1.12,66.9,0.67
2025-01-06,13:00,Inverted-V,62,TCT,798.2,28.8,50.8,75.17,1.29,60.14,1.08,65.1,0.67
2025-01-06,13:15,Inverted-V,62,TCT,762.0,28.7,49.8,75.49,1.23,60.39,1.03,62.4,0.67
2025-01-06,13:30,Inverted-V,62,TCT,725.8,28.6,48.7,75.81,1.17,60.65,0.98,59.6,0.67
2025-01-06,13:45,Inverted-V,62,TCT,689.6,28.5,47.7,76.13,1.11,60.9,0.93,56.8,0.67
2025-01-06,14:00,Inverted-V,62,TCT,653.3,28.4,46.7,76.44,1.05,61.15,0.88,54.0,0.67
2025-01-06,14:15,Inverted-V,62,TCT,597.5,28.2,45.1,76.95,0.96,61.56,0.81,49.6,0.67
2025-01-06,14:30,Inverted-V,62,TCT,541.7,28.0,43.5,77.46,0.87,61.97,0.73,45.2,0.67
2025-01-06,14:45,Inverted-V,62,TCT,485.9,27.8,41.9,77.97,0.78,62.38,0.65,40.8,0.67
2025-01-06,15:00,Inverted-V,62,TCT,430.1,27.5,40.3,78.49,0.69,62.79,0.58,36.3,0.67
2025-01-06,15:15,Inverted-V,62,TCT,375.1,27.2,38.5,79.04,0.6,63.23,0.5,31.8,0.67
2025-01-06,15:30,Inverted-V,62,TCT,320.1,26.8,36.8,79.6,0.51,63.68,0.43,27.3,0.67
2025-01-06,15:45,Inverted-V,62,TCT,265.0,26.4,35.0,80.15,0.42,64.12,0.35,22.7,0.67
2025-01-06,16:00,Inverted-V,62,TCT,210.0,26.0,33.3,80.71,0.33,64.57,0.28,18.1,0.67
2025-01-06,16:15,Inverted-V,62,TCT,162.7,25.4,31.5,81.28,0.26,65.03,0.22,14.1,0.67
2025-01-06,16:30,Inverted-V,62,TCT,115.3,24.8,29.6,81.86,0.18,65.49,0.15,10.0,0.67
2025-01-06,16:45,Inverted-V,62,TCT,68.0,24.1,27.8,82.43,0.11,65.94,0.09,5.9,0.67
2025-01-06,17:00,Inverted-V,62,TCT,20.6,23.5,26.0,83.01,0.03,66.4,0.03,1.8,0.67
2025-01-06,17:15,Inverted-V,62,TCT,15.5,23.2,25.6,83.14,0.02,66.51,0.02,1.4,0.67
2025-01-06,17:30,Inverted-V,62,TCT,10.3,22.9,25.2,83.27,0.02,66.62,0.01,0.9,0.67
2025-01-07,05:15,Inverted-V,62,TCT,8.9,18.8,21.0,84.6,0.01,67.68,0.01,0.8,0.67
2025-01-07,05:30,Inverted-V,62,TCT,17.8,19.0,21.5,84.44,0.03,67.56,0.02,1.6,0.67
2025-01-07,05:45,Inverted-V,62,TCT,26.7,19.3,22.0,84.29,0.04,67.43,0.04,2.4,0.67
2025-01-07,06:00,Inverted-V,62,TCT,35.6,19.6,22.5,84.13,0.06,67.3,0.05,3.2,0.67
2025-01-07,06:15,Inverted-V,62,TCT,86.5,20.2,24.3,83.54,0.14,66.83,0.11,7.6,0.67
2025-01-07,06:30,Inverted-V,62,TCT,137.3,20.8,26.2,82.95,0.22,66.36,0.18,12.1,0.67
2025-01-07,06:45,Inverted-V,62,TCT,188.2,21.4,28.1,82.36,0.3,65.89,0.25,16.5,0.67
2025-01-07,07:00,Inverted-V,62,TCT,239.1,21.9,29.9,81.77,0.38,65.42,0.32,20.8,0.67
2025-01-07,07:15,Inverted-V,62,TCT,297.1,22.7,32.2,81.06,0.47,64.85,0.4,25.7,0.67
2025-01-07,07:30,Inverted-V,62,TCT,355.1,23.5,34.4,80.36,0.57,64.28,0.47,30.5,0.67
2025-01-07,07:45,Inverted-V,62,TCT,413.2,24.3,36.6,79.65,0.66,63.72,0.55,35.2,0.67
2025-01-07,08:00,Inverted-V,62,TCT,471.2,25.1,38.9,78.94,0.75,63.15,0.63,39.9,0.67
2025-01-07,08:15,Inverted-V,62,TCT,525.5,25.6,40.7,78.35,0.84,62.68,0.71,44.3,0.67
2025-01-07,08:30,Inverted-V,62,TCT,579.7,26.1,42.6,77.77,0.93,62.21,0.78,48.5,0.67
2025-01-07,08:45,Inverted-V,62,TCT,634.0,26.6,44.4,77.18,1.02,61.75,0.85,52.8,0.67
2025-01-07,09:00,Inverted-V,62,TCT,688.2,27.1,46.3,76.6,1.11,61.28,0.93,57.0,0.67
2025-01-07,09:15,Inverted-V,62,TCT,722.3,27.3,47.4,76.23,1.17,60.99,0.98,59.6,0.67
2025-01-07,09:30,Inverted-V,62,TCT,756.3,27.6,48.5,75.87,1.22,60.7,1.02,62.1,0.67
2025-01-07,09:45,Inverted-V,62,TCT,790.4,27.9,49.7,75.51,1.28,60.41,1.07,64.7,0.67
2025-01-07,10:00,Inverted-V,62,TCT,824.4,28.2,50.8,75.15,1.34,60.12,1.12,67.2,0.67
2025-01-07,10:15,Inverted-V,62,TCT,840.8,28.4,51.4,74.96,1.36,59.96,1.14,68.5,0.67
2025-01-07,10:30,Inverted-V,62,TCT,857.2,28.6,52.0,74.76,1.39,59.81,1.16,69.6,0.67
2025-01-07,10:45,Inverted-V,62,TCT,873.6,28.8,52.6,74.57,1.42,59.66,1.19,70.8,0.67
2025-01-07,11:00,Inverted-V,62,TCT,890.0,29.0,53.2,74.38,1.45,59.51,1.21,72.0,0.67
2025-01-07,11:15,Inverted-V,62,TCT,885.1,29.1,53.2,74.39,1.44,59.51,1.2,71.6,0.67
2025-01-07,11:30,Inverted-V,62,TCT,880.2,29.2,53.2,74.39,1.43,59.51,1.2,71.2,0.67
2025-01-07,11:45,Inverted-V,62,TCT,875.3,29.3,53.2,74.39,1.42,59.51,1.19,70.8,0.67
2025-01-07,12:00,Inverted-V,62,TCT,870.4,29.4,53.2,74.4,1.41,59.52,1.18,70.5,0.67
2025-01-07,12:15,Inverted-V,62,TCT,844.6,29.5,52.6,74.58,1.37,59.67,1.15,68.5,0.67
2025-01-07,12:30,Inverted-V,62,TCT,818.8,29.5,52.0,74.77,1.33,59.82,1.11,66.5,0.67
2025-01-07,12:45,Inverted-V,62,TCT,793.0,29.6,51.4,74.96,1.29,59.97,1.08,64.6,0.67
2025-01-07,13:00,Inverted-V,62,TCT,767.2,29.6,50.8,75.15,1.24,60.12,1.04,62.6,0.67
2025-01-07,13:15,Inverted-V,62,TCT,727.8,29.6,49.8,75.48,1.18,60.38,0.99,59.6,0.67
2025-01-07,13:30,Inverted-V,62,TCT,688.4,29.6,48.8,75.8,1.11,60.64,0.93,56.5,0.67
2025-01-07,13:45,Inverted-V,62,TCT,648.9,29.5,47.7,76.13,1.05,60.9,0.88,53.5,0.67
2025-01-07,14:00,Inverted-V,62,TCT,609.5,29.5,46.7,76.46,0.98,61.17,0.82,50.4,0.67
2025-01-07,14:15,Inverted-V,62,TCT,557.4,29.3,45.3,76.91,0.9,61.53,0.75,46.3,0.67
2025-01-07,14:30,Inverted-V,62,TCT,505.3,29.2,43.8,77.36,0.81,61.89,0.68,42.1,0.67
2025-01-07,14:45,Inverted-V,62,TCT,453.1,29.1,42.4,77.82,0.73,62.25,0.61,38.0,0.67
2025-01-07,15:00,Inverted-V,62,TCT,401.0,28.9,41.0,78.27,0.64,62.62,0.54,33.7,0.67
2025-01-07,15:15,Inverted-V,62,TCT,350.4,28.7,39.4,78.76,0.56,63.01,0.47,29.6,0.67
2025-01-07,15:30,Inverted-V,62,TCT,299.8,28.4,37.9,79.24,0.48,63.4,0.4,25.5,0.67
2025-01-07,15:45,Inverted-V,62,TCT,249.2,28.1,36.4,79.73,0.4,63.79,0.33,21.3,0.67
2025-01-07,16:00,Inverted-V,62,TCT,198.6,27.9,34.8,80.22,0.32,64.18,0.27,17.0,0.67
2025-01-07,16:15,Inverted-V,62,TCT,154.6,27.2,33.1,80.77,0.25,64.62,0.21,13.3,0.67
2025-01-07,16:30,Inverted-V,62,TCT,110.7,26.6,31.3,81.32,0.18,65.06,0.15,9.6,0.67
2025-01-07,16:45,Inverted-V,62,TCT,66.8,25.9,29.6,81.87,0.11,65.5,0.09,5.8,0.67
2025-01-07,17:00,Inverted-V,62,TCT,22.9,25.3,27.9,82.42,0.04,65.93,0.03,2.0,0.67
2025-01-07,17:15,Inverted-V,62,TCT,17.2,25.0,27.4,82.56,0.03,66.05,0.02,1.5,0.67
2025-01-07,17:30,Inverted-V,62,TCT,11.4,24.7,27.0,82.7,0.02,66.16,0.02,1.0,0.67
2025-01-07,17:45,Inverted-V,62,TCT,5.7,24.4,26.5,82.84,0.01,66.27,0.01,0.5,0.67
2025-01-08,05:15,Inverted-V,62,TCT,8.4,19.9,22.1,84.25,0.01,67.4,0.01,0.7,0.67
2025-01-08,05:30,Inverted-V,62,TCT,16.8,20.1,22.5,84.1,0.03,67.28,0.02,1.5,0.67
2025-01-08,05:45,Inverted-V,62,TCT,25.2,20.4,23.0,83.96,0.04,67.17,0.03,2.2,0.67
2025-01-08,06:00,Inverted-V,62,TCT,33.5,20.6,23.5,83.81,0.05,67.05,0.04,3.0,0.67
2025-01-08,06:15,Inverted-V,62,TCT,81.1,21.2,25.2,83.25,0.13,66.6,0.11,7.1,0.67
2025-01-08,06:30,Inverted-V,62,TCT,128.7,21.8,27.0,82.69,0.2,66.15,0.17,11.3,0.67
2025-01-08,06:45,Inverted-V,62,TCT,176.3,22.4,28.8,82.12,0.28,65.7,0.23,15.4,0.67
2025-01-08,07:00,Inverted-V,62,TCT,223.9,23.0,30.6,81.56,0.36,65.25,0.3,19.4,0.67
2025-01-08,07:15,Inverted-V,62,TCT,275.2,23.5,32.4,80.98,0.44,64.79,0.37,23.8,0.67
2025-01-08,07:30,Inverted-V,62,TCT,326.4,24.1,34.2,80.4,0.52,64.32,0.44,28.0,0.67
2025-01-08,07:45,Inverted-V,62,TCT,377.6,24.6,36.1,79.82,0.6,63.86,0.5,32.2,0.67
2025-01-08,08:00,Inverted-V,62,TCT,428.8,25.2,37.9,79.25,0.69,63.4,0.57,36.4,0.67
2025-01-08,08:15,Inverted-V,62,TCT,476.5,25.6,39.5,78.74,0.76,62.99,0.64,40.3,0.67
2025-01-08,08:30,Inverted-V,62,TCT,524.1,26.0,41.1,78.24,0.84,62.59,0.7,44.1,0.67
2025-01-08,08:45,Inverted-V,62,TCT,571.7,26.4,42.7,77.73,0.92,62.19,0.77,47.9,0.67
2025-01-08,09:00,Inverted-V,62,TCT,619.3,26.8,44.3,77.23,1.0,61.78,0.83,51.6,0.67
2025-01-08,09:15,Inverted-V,62,TCT,649.3,27.1,45.3,76.9,1.05,61.52,0.88,53.9,0.67
2025-01-08,09:30,Inverted-V,62,TCT,679.3,27.3,46.3,76.58,1.1,61.26,0.92,56.2,0.67
2025-01-08,09:45,Inverted-V,62,TCT,709.4,27.6,47.3,76.25,1.15,61.0,0.96,58.5,0.67
2025-01-08,10:00,Inverted-V,62,TCT,739.4,27.9,48.4,75.93,1.2,60.74,1.0,60.8,0.67
2025-01-08,10:15,Inverted-V,62,TCT,752.2,28.1,48.9,75.76,1.22,60.61,1.02,61.7,0.67
2025-01-08,10:30,Inverted-V,62,TCT,765.0,28.3,49.4,75.6,1.24,60.48,1.04,62.7,0.67
2025-01-08,10:45,Inverted-V,62,TCT,777.7,28.5,49.9,75.43,1.26,60.35,1.05,63.6,0.67
2025-01-08,11:00,Inverted-V,62,TCT,790.5,28.7,50.5,75.27,1.28,60.21,1.07,64.6,0.67
2025-01-08,11:15,Inverted-V,62,TCT,794.8,28.8,50.7,75.19,1.29,60.16,1.08,64.9,0.67
2025-01-08,11:30,Inverted-V,62,TCT,799.1,28.9,50.9,75.12,1.29,60.1,1.08,65.2,0.67
2025-01-08,11:45,Inverted-V,62,TCT,803.3,29.1,51.2,75.05,1.3,60.04,1.09,65.5,0.67
2025-01-08,12:00,Inverted-V,62,TCT,807.6,29.2,51.4,74.97,1.31,59.98,1.1,65.8,0.67
2025-01-08,12:15,Inverted-V,62,TCT,781.9,29.2,50.8,75.16,1.27,60.13,1.06,63.8,0.67
2025-01-08,12:30,Inverted-V,62,TCT,756.1,29.3,50.2,75.35,1.22,60.28,1.03,61.8,0.67
2025-01-08,12:45,Inverted-V,62,TCT,730.4,29.3,49.6,75.54,1.18,60.43,0.99,59.8,0.67
2025-01-08,13:00,Inverted-V,62,TCT,704.7,29.4,49.0,75.72,1.14,60.58,0.95,57.8,0.67
2025-01-08,13:15,Inverted-V,62,TCT,674.0,29.4,48.2,75.98,1.09,60.78,0.91,55.4,0.67
2025-01-08,13:30,Inverted-V,62,TCT,643.3,29.3,47.4,76.23,1.04,60.99,0.87,53.1,0.67
2025-01-08,13:45,Inverted-V,62,TCT,612.6,29.3,46.6,76.49,0.99,61.19,0.83,50.7,0.67
2025-01-08,14:00,Inverted-V,62,TCT,581.9,29.2,45.8,76.75,0.94,61.4,0.79,48.2,0.67
2025-01-08,14:15,Inverted-V,62,TCT,533.0,29.1,44.4,77.17,0.86,61.74,0.72,44.4,0.67
2025-01-08,14:30,Inverted-V,62,TCT,484.1,29.0,43.1,77.6,0.78,62.08,0.65,40.5,0.67
2025-01-08,14:45,Inverted-V,62,TCT,435.2,28.8,41.7,78.03,0.7,62.43,0.59,36.5,0.67
2025-01-08,15:00,Inverted-V,62,TCT,386.3,28.7,40.4,78.46,0.62,62.77,0.52,32.6,0.67
2025-01-08,15:15,Inverted-V,62,TCT,338.3,28.3,38.8,78.96,0.54,63.17,0.45,28.7,0.67
2025-01-08,15:30,Inverted-V,62,TCT,290.4,28.0,37.2,79.45,0.46,63.56,0.39,24.7,0.67
2025-01-08,15:45,Inverted-V,62,TCT,242.4,27.6,35.7,79.95,0.39,63.96,0.32,20.7,0.67
2025-01-08,16:00,Inverted-V,62,TCT,194.5,27.2,34.1,80.44,0.31,64.35,0.26,16.7,0.67
2025-01-08,16:15,Inverted-V,62,TCT,151.7,26.7,32.5,80.96,0.24,64.77,0.2,13.1,0.67
2025-01-08,16:30,Inverted-V,62,TCT,109.0,26.1,30.8,81.48,0.17,65.19,0.14,9.4,0.67
2025-01-08,16:45,Inverted-V,62,TCT,66.2,25.5,29.2,82.0,0.1,65.6,0.09,5.8,0.67
2025-01-08,17:00,Inverted-V,62,TCT,23.4,25.0,27.5,82.52,0.04,66.02,0.03,2.1,0.67
2025-01-08,17:15,Inverted-V,62,TCT,17.6,24.7,27.1,82.66,0.03,66.13,0.02,1.5,0.67
2025-01-08,17:30,Inverted-V,62,TCT,11.7,24.4,26.6,82.81,0.02,66.25,0.02,1.0,0.67
2025-01-08,17:45,Inverted-V,62,TCT,5.9,24.0,26.2,82.95,0.01,66.36,0.01,0.5,0.67
2025-01-09,05:15,Inverted-V,62,TCT,7.3,18.6,20.8,84.66,0.01,67.73,0.01,0.7,0.67
2025-01-09,05:30,Inverted-V,62,TCT,14.6,18.9,21.2,84.52,0.02,67.62,0.02,1.3,0.67
2025-01-09,05:45,Inverted-V,62,TCT,22.0,19.1,21.7,84.38,0.03,67.51,0.03,2.0,0.67
2025-01-09,06:00,Inverted-V,62,TCT,29.3,19.4,22.1,84.24,0.05,67.39,0.04,2.6,0.67
2025-01-09,06:15,Inverted-V,62,TCT,71.2,20.0,23.8,83.71,0.11,66.97,0.09,6.3,0.67
2025-01-09,06:30,Inverted-V,62,TCT,113.2,20.6,25.5,83.18,0.18,66.54,0.15,10.0,0.67
2025-01-09,06:45,Inverted-V,62,TCT,155.2,21.3,27.2,82.64,0.25,66.11,0.21,13.6,0.67
2025-01-09,07:00,Inverted-V,62,TCT,197.1,21.9,28.8,82.11,0.31,65.69,0.26,17.2,0.67
2025-01-09,07:15,Inverted-V,62,TCT,245.0,22.6,30.7,81.51,0.39,65.21,0.33,21.3,0.67
2025-01-09,07:30,Inverted-V,62,TCT,293.0,23.3,32.6,80.91,0.47,64.73,0.39,25.3,0.67
2025-01-09,07:45,Inverted-V,62,TCT,340.9,24.0,34.5,80.32,0.54,64.25,0.46,29.2,0.67
2025-01-09,08:00,Inverted-V,62,TCT,388.8,24.7,36.4,79.72,0.62,63.77,0.52,33.2,0.67
2025-01-09,08:15,Inverted-V,62,TCT,447.1,25.1,38.3,79.12,0.72,63.29,0.6,37.9,0.67
2025-01-09,08:30,Inverted-V,62,TCT,505.5,25.6,40.2,78.52,0.81,62.81,0.68,42.6,0.67
2025-01-09,08:45,Inverted-V,62,TCT,563.8,26.0,42.1,77.91,0.91,62.33,0.76,47.3,0.67
2025-01-09,09:00,Inverted-V,62,TCT,622.1,26.4,44.0,77.31,1.0,61.85,0.84,51.9,0.67
2025-01-09,09:15,Inverted-V,62,TCT,660.4,26.8,45.3,76.9,1.06,61.52,0.89,54.8,0.67
2025-01-09,09:30,Inverted-V,62,TCT,698.6,27.1,46.6,76.49,1.13,61.19,0.94,57.8,0.67
2025-01-09,09:45,Inverted-V,62,TCT,736.8,27.5,47.9,76.08,1.19,60.86,1.0,60.7,0.67
2025-01-09,10:00,Inverted-V,62,TCT,775.0,27.8,49.2,75.66,1.25,60.53,1.05,63.6,0.67
2025-01-09,10:15,Inverted-V,62,TCT,789.4,28.1,49.8,75.47,1.28,60.37,1.07,64.6,0.67
2025-01-09,10:30,Inverted-V,62,TCT,803.9,28.4,50.4,75.27,1.3,60.22,1.09,65.7,0.67
2025-01-09,10:45,Inverted-V,62,TCT,818.3,28.6,51.1,75.07,1.33,60.06,1.11,66.7,0.67
2025-01-09,11:00,Inverted-V,62,TCT,832.7,28.9,51.7,74.88,1.35,59.9,1.13,67.7,0.67
2025-01-09,11:15,Inverted-V,62,TCT,821.8,29.0,51.6,74.91,1.33,59.93,1.12,66.9,0.67
2025-01-09,11:30,Inverted-V,62,TCT,810.8,29.2,51.5,74.95,1.31,59.96,1.1,66.0,0.67
2025-01-09,11:45,Inverted-V,62,TCT,799.8,29.3,51.3,74.99,1.3,59.99,1.09,65.1,0.67
2025-01-09,12:00,Inverted-V,62,TCT,788.8,29.5,51.2,75.03,1.28,60.02,1.07,64.3,0.67
2025-01-09,12:15,Inverted-V,62,TCT,755.8,29.5,50.4,75.27,1.22,60.22,1.03,61.7,0.67
2025-01-09,12:30,Inverted-V,62,TCT,722.8,29.6,49.6,75.52,1.17,60.42,0.98,59.2,0.67
2025-01-09,12:45,Inverted-V,62,TCT,689.7,29.6,48.9,75.77,1.12,60.62,0.93,56.6,0.67
2025-01-09,13:00,Inverted-V,62,TCT,656.7,29.6,48.1,76.02,1.06,60.82,0.89,54.0,0.67
2025-01-09,13:15,Inverted-V,62,TCT,624.9,29.6,47.2,76.3,1.01,61.04,0.84,51.6,0.67
2025-01-09,13:30,Inverted-V,62,TCT,593.0,29.5,46.3,76.57,0.96,61.25,0.8,49.1,0.67
2025-01-09,13:45,Inverted-V,62,TCT,561.1,29.5,45.5,76.84,0.9,61.47,0.76,46.6,0.67
2025-01-09,14:00,Inverted-V,62,TCT,529.3,29.4,44.6,77.11,0.85,61.69,0.71,44.0,0.67
2025-01-09,14:15,Inverted-V,62,TCT,481.4,29.3,43.3,77.53,0.77,62.03,0.65,40.2,0.67
2025-01-09,14:30,Inverted-V,62,TCT,433.5,29.1,42.0,77.96,0.7,62.36,0.58,36.4,0.67
2025-01-09,14:45,Inverted-V,62,TCT,385.6,29.0,40.6,78.38,0.62,62.7,0.52,32.5,0.67
2025-01-09,15:00,Inverted-V,62,TCT,337.7,28.9,39.3,78.8,0.54,63.04,0.45,28.6,0.67
2025-01-09,15:15,Inverted-V,62,TCT,292.5,28.6,37.9,79.25,0.47,63.4,0.39,24.8,0.67
2025-01-09,15:30,Inverted-V,62,TCT,247.2,28.3,36.4,79.7,0.39,63.76,0.33,21.1,0.67
2025-01-09,15:45,Inverted-V,62,TCT,201.9,28.0,35.0,80.15,0.32,64.12,0.27,17.3,0.67
2025-01-09,16:00,Inverted-V,62,TCT,156.6,27.7,33.6,80.61,0.25,64.49,0.21,13.5,0.67
2025-01-09,16:15,Inverted-V,62,TCT,121.8,27.1,32.2,81.05,0.19,64.84,0.16,10.5,0.67
2025-01-09,16:30,Inverted-V,62,TCT,87.0,26.6,30.8,81.49,0.14,65.2,0.12,7.5,0.67
2025-01-09,16:45,Inverted-V,62,TCT,52.2,26.1,29.4,81.94,0.08,65.55,0.07,4.5,0.67
2025-01-09,17:00,Inverted-V,62,TCT,17.4,25.6,28.0,82.38,0.03,65.91,0.02,1.5,0.67
2025-01-09,17:15,Inverted-V,62,TCT,13.1,25.3,27.6,82.49,0.02,65.99,0.02,1.1,0.67
2025-01-09,17:30,Inverted-V,62,TCT,8.7,25.1,27.3,82.6,0.01,66.08,0.01,0.8,0.67
2025-01-10,05:15,Inverted-V,62,TCT,7.8,20.5,22.7,84.05,0.01,67.24,0.01,0.7,0.67
2025-01-10,05:30,Inverted-V,62,TCT,15.6,20.7,23.1,83.94,0.02,67.15,0.02,1.4,0.67
2025-01-10,05:45,Inverted-V,62,TCT,23.3,20.9,23.4,83.82,0.04,67.06,0.03,2.1,0.67
2025-01-10,06:00,Inverted-V,62,TCT,31.1,21.0,23.8,83.71,0.05,66.96,0.04,2.8,0.67
2025-01-10,06:15,Inverted-V,62,TCT,78.6,21.6,25.5,83.16,0.12,66.52,0.1,6.9,0.67
2025-01-10,06:30,Inverted-V,62,TCT,126.1,22.1,27.3,82.61,0.2,66.09,0.17,11.0,0.67
2025-01-10,06:45,Inverted-V,62,TCT,173.6,22.7,29.0,82.06,0.28,65.65,0.23,15.1,0.67
2025-01-10,07:00,Inverted-V,62,TCT,221.1,23.2,30.7,81.51,0.35,65.21,0.29,19.2,0.67
2025-01-10,07:15,Inverted-V,62,TCT,274.7,23.8,32.7,80.89,0.44,64.71,0.37,23.7,0.67
2025-01-10,07:30,Inverted-V,62,TCT,328.3,24.4,34.6,80.28,0.52,64.22,0.44,28.2,0.67
2025-01-10,07:45,Inverted-V,62,TCT,381.9,25.0,36.6,79.66,0.61,63.73,0.51,32.6,0.67
2025-01-10,08:00,Inverted-V,62,TCT,435.5,25.6,38.5,79.05,0.7,63.24,0.58,36.9,0.67
2025-01-10,08:15,Inverted-V,62,TCT,489.6,26.1,40.3,78.48,0.79,62.79,0.66,41.3,0.67
2025-01-10,08:30,Inverted-V,62,TCT,543.8,26.5,42.1,77.92,0.87,62.34,0.73,45.6,0.67
2025-01-10,08:45,Inverted-V,62,TCT,598.0,26.9,43.9,77.36,0.96,61.88,0.81,49.9,0.67
2025-01-10,09:00,Inverted-V,62,TCT,652.2,27.3,45.6,76.79,1.05,61.43,0.88,54.1,0.67
2025-01-10,09:15,Inverted-V,62,TCT,676.1,27.7,46.6,76.5,1.09,61.2,0.91,55.9,0.67
2025-01-10,09:30,Inverted-V,62,TCT,700.0,28.0,47.5,76.2,1.13,60.96,0.95,57.7,0.67
2025-01-10,09:45,Inverted-V,62,TCT,723.9,28.3,48.4,75.91,1.17,60.73,0.98,59.5,0.67
2025-01-10,10:00,Inverted-V,62,TCT,747.8,28.7,49.4,75.62,1.21,60.49,1.01,61.3,0.67
2025-01-10,10:15,Inverted-V,62,TCT,765.6,28.9,50.0,75.4,1.24,60.32,1.04,62.6,0.67
2025-01-10,10:30,Inverted-V,62,TCT,783.3,29.1,50.7,75.18,1.27,60.15,1.06,63.9,0.67
2025-01-10,10:45,Inverted-V,62,TCT,801.0,29.4,51.4,74.97,1.3,59.97,1.09,65.2,0.67
2025-01-10,11:00,Inverted-V,62,TCT,818.7,29.6,52.1,74.75,1.33,59.8,1.11,66.5,0.67
2025-01-10,11:15,Inverted-V,62,TCT,807.6,29.7,51.9,74.8,1.31,59.84,1.1,65.6,0.67
2025-01-10,11:30,Inverted-V,62,TCT,796.5,29.9,51.8,74.85,1.29,59.88,1.08,64.8,0.67
2025-01-10,11:45,Inverted-V,62,TCT,785.3,30.0,51.6,74.89,1.27,59.92,1.07,63.9,0.67
2025-01-10,12:00,Inverted-V,62,TCT,774.2,30.1,51.5,74.94,1.26,59.95,1.05,63.0,0.67
2025-01-10,12:15,Inverted-V,62,TCT,722.1,30.2,50.2,75.34,1.17,60.27,0.98,59.0,0.67
2025-01-10,12:30,Inverted-V,62,TCT,670.0,30.2,49.0,75.74,1.08,60.59,0.91,55.0,0.67
2025-01-10,12:45,Inverted-V,62,TCT,617.9,30.3,47.7,76.14,1.0,60.91,0.84,50.9,0.67
2025-01-10,13:00,Inverted-V,62,TCT,565.8,30.3,46.5,76.53,0.91,61.23,0.76,46.8,0.67
2025-01-10,13:15,Inverted-V,62,TCT,513.8,30.3,45.1,76.96,0.83,61.57,0.69,42.7,0.67
2025-01-10,13:30,Inverted-V,62,TCT,461.7,30.2,43.8,77.38,0.74,61.91,0.62,38.5,0.67
2025-01-10,13:45,Inverted-V,62,TCT,409.7,30.2,42.4,77.81,0.66,62.25,0.55,34.3,0.67
2025-01-10,14:00,Inverted-V,62,TCT,357.6,30.1,41.1,78.23,0.57,62.59,0.48,30.1,0.67
2025-01-10,14:15,Inverted-V,62,TCT,327.1,30.0,40.2,78.52,0.52,62.82,0.44,27.6,0.67
2025-01-10,14:30,Inverted-V,62,TCT,296.5,29.9,39.3,78.81,0.47,63.05,0.4,25.1,0.67
2025-01-10,14:45,Inverted-V,62,TCT,265.9,29.7,38.4,79.1,0.43,63.28,0.36,22.6,0.67
2025-01-10,15:00,Inverted-V,62,TCT,235.3,29.6,37.4,79.39,0.38,63.51,0.32,20.0,0.67
2025-01-10,15:15,Inverted-V,62,TCT,203.8,29.3,36.4,79.73,0.33,63.79,0.27,17.4,0.67
2025-01-10,15:30,Inverted-V,62,TCT,172.3,29.0,35.3,80.08,0.27,64.06,0.23,14.7,0.67
2025-01-10,15:45,Inverted-V,62,TCT,140.8,28.7,34.2,80.42,0.22,64.34,0.19,12.1,0.67
2025-01-10,16:00,Inverted-V,62,TCT,109.3,28.4,33.1,80.77,0.17,64.61,0.15,9.4,0.67
2025-01-10,16:15,Inverted-V,62,TCT,85.1,27.8,32.0,81.12,0.14,64.9,0.11,7.4,0.67
2025-01-10,16:30,Inverted-V,62,TCT,60.9,27.3,30.9,81.47,0.1,65.18,0.08,5.3,0.67
2025-01-10,16:45,Inverted-V,62,TCT,36.7,26.8,29.7,81.83,0.06,65.46,0.05,3.2,0.67
2025-01-10,17:00,Inverted-V,62,TCT,12.5,26.3,28.6,82.18,0.02,65.74,0.02,1.1,0.67
2025-01-10,17:15,Inverted-V,62,TCT,9.4,26.0,28.3,82.29,0.01,65.83,0.01,0.8,0.67
2025-01-10,17:30,Inverted-V,62,TCT,6.2,25.8,27.9,82.41,0.01,65.92,0.01,0.5,0.67
2025-01-11,05:15,Inverted-V,62,TCT,7.3,21.5,23.7,83.75,0.01,67.0,0.01,0.6,0.67
2025-01-11,05:30,Inverted-V,62,TCT,14.5,21.6,24.0,83.65,0.02,66.92,0.02,1.3,0.67
2025-01-11,05:45,Inverted-V,62,TCT,21.8,21.8,24.3,83.55,0.03,66.84,0.03,1.9,0.67
2025-01-11,06:00,Inverted-V,62,TCT,29.1,21.9,24.6,83.45,0.05,66.76,0.04,2.6,0.67
2025-01-11,06:15,Inverted-V,62,TCT,71.3,22.3,26.1,82.97,0.11,66.38,0.09,6.3,0.67
2025-01-11,06:30,Inverted-V,62,TCT,113.5,22.8,27.6,82.5,0.18,66.0,0.15,9.9,0.67
2025-01-11,06:45,Inverted-V,62,TCT,155.7,23.2,29.1,82.03,0.25,65.62,0.21,13.6,0.67
2025-01-11,07:00,Inverted-V,62,TCT,197.9,23.7,30.6,81.55,0.31,65.24,0.26,17.2,0.67
2025-01-11,07:15,Inverted-V,62,TCT,242.9,24.1,32.2,81.06,0.39,64.85,0.32,21.0,0.67
2025-01-11,07:30,Inverted-V,62,TCT,287.9,24.5,33.7,80.57,0.46,64.46,0.38,24.8,0.67
2025-01-11,07:45,Inverted-V,62,TCT,332.9,24.9,35.3,80.08,0.53,64.06,0.44,28.5,0.67
2025-01-11,08:00,Inverted-V,62,TCT,377.9,25.4,36.8,79.59,0.6,63.67,0.51,32.2,0.67
2025-01-11,08:15,Inverted-V,62,TCT,417.0,25.7,38.2,79.16,0.67,63.33,0.56,35.4,0.67
2025-01-11,08:30,Inverted-V,62,TCT,456.1,26.1,39.5,78.74,0.73,62.99,0.61,38.6,0.67
2025-01-11,08:45,Inverted-V,62,TCT,495.2,26.4,40.8,78.32,0.79,62.65,0.67,41.7,0.67
2025-01-11,09:00,Inverted-V,62,TCT,534.3,26.8,42.2,77.89,0.86,62.32,0.72,44.8,0.67
2025-01-11,09:15,Inverted-V,62,TCT,562.4,27.1,43.2,77.57,0.9,62.06,0.76,47.0,0.67
2025-01-11,09:30,Inverted-V,62,TCT,590.4,27.4,44.2,77.25,0.95,61.8,0.8,49.2,0.67
2025-01-11,09:45,Inverted-V,62,TCT,618.5,27.7,45.2,76.93,1.0,61.55,0.83,51.4,0.67
2025-01-11,10:00,Inverted-V,62,TCT,646.5,28.0,46.2,76.61,1.04,61.29,0.87,53.5,0.67
2025-01-11,10:15,Inverted-V,62,TCT,651.8,28.3,46.6,76.49,1.05,61.19,0.88,53.9,0.67
2025-01-11,10:30,Inverted-V,62,TCT,657.0,28.6,47.0,76.37,1.06,61.09,0.89,54.3,0.67
2025-01-11,10:45,Inverted-V,62,TCT,662.2,28.8,47.4,76.24,1.07,60.99,0.9,54.6,0.67
2025-01-11,11:00,Inverted-V,62,TCT,667.5,29.1,47.8,76.12,1.08,60.89,0.9,55.0,0.67
2025-01-11,11:15,Inverted-V,62,TCT,681.0,29.3,48.3,75.95,1.1,60.76,0.92,56.0,0.67
2025-01-11,11:30,Inverted-V,62,TCT,694.5,29.5,48.8,75.78,1.12,60.63,0.94,57.0,0.67
2025-01-11,11:45,Inverted-V,62,TCT,708.1,29.6,49.3,75.62,1.15,60.49,0.96,58.0,0.67
2025-01-11,12:00,Inverted-V,62,TCT,721.6,29.8,49.9,75.45,1.17,60.36,0.98,59.0,0.67
2025-01-11,12:15,Inverted-V,62,TCT,675.0,29.9,48.8,75.79,1.09,60.63,0.91,55.4,0.67
2025-01-11,12:30,Inverted-V,62,TCT,628.3,30.0,47.7,76.13,1.01,60.9,0.85,51.8,0.67
2025-01-11,12:45,Inverted-V,62,TCT,581.7,30.1,46.7,76.47,0.94,61.17,0.79,48.1,0.67
2025-01-11,13:00,Inverted-V,62,TCT,535.0,30.2,45.6,76.8,0.86,61.44,0.72,44.4,0.67
2025-01-11,13:15,Inverted-V,62,TCT,507.8,30.2,44.9,77.03,0.82,61.62,0.68,42.2,0.67
2025-01-11,13:30,Inverted-V,62,TCT,480.5,30.2,44.2,77.25,0.77,61.8,0.65,40.0,0.67
2025-01-11,13:45,Inverted-V,62,TCT,453.3,30.2,43.5,77.47,0.73,61.98,0.61,37.8,0.67
2025-01-11,14:00,Inverted-V,62,TCT,426.0,30.1,42.8,77.69,0.68,62.15,0.57,35.6,0.67
2025-01-11,14:15,Inverted-V,62,TCT,380.0,29.9,41.4,78.12,0.61,62.5,0.51,31.9,0.67
2025-01-11,14:30,Inverted-V,62,TCT,334.0,29.7,40.1,78.55,0.54,62.84,0.45,28.2,0.67
2025-01-11,14:45,Inverted-V,62,TCT,288.0,29.5,38.7,78.98,0.46,63.18,0.39,24.4,0.67
2025-01-11,15:00,Inverted-V,62,TCT,242.0,29.3,37.4,79.41,0.39,63.53,0.32,20.6,0.67
2025-01-11,15:15,Inverted-V,62,TCT,214.1,29.0,36.3,79.74,0.34,63.79,0.29,18.3,0.67
2025-01-11,15:30,Inverted-V,62,TCT,186.1,28.6,35.3,80.08,0.3,64.06,0.25,15.9,0.67
2025-01-11,15:45,Inverted-V,62,TCT,158.1,28.2,34.2,80.41,0.25,64.33,0.21,13.6,0.67
2025-01-11,16:00,Inverted-V,62,TCT,130.1,27.9,33.1,80.75,0.21,64.6,0.17,11.2,0.67
2025-01-11,16:15,Inverted-V,62,TCT,102.0,27.3,31.9,81.15,0.16,64.92,0.14,8.8,0.67
2025-01-11,16:30,Inverted-V,62,TCT,73.9,26.8,30.6,81.55,0.12,65.24,0.1,6.4,0.67
2025-01-11,16:45,Inverted-V,62,TCT,45.8,26.2,29.4,81.94,0.07,65.56,0.06,4.0,0.67
2025-01-11,17:00,Inverted-V,62,TCT,17.7,25.7,28.1,82.34,0.03,65.87,0.02,1.5,0.67
2025-01-11,17:15,Inverted-V,62,TCT,13.3,25.4,27.7,82.46,0.02,65.97,0.02,1.2,0.67
2025-01-11,17:30,Inverted-V,62,TCT,8.9,25.1,27.4,82.58,0.01,66.06,0.01,0.8,0.67
2025-01-12,05:15,Inverted-V,62,TCT,5.7,21.5,23.6,83.77,0.01,67.02,0.01,0.5,0.67
2025-01-12,05:30,Inverted-V,62,TCT,11.3,21.5,23.8,83.71,0.02,66.97,0.01,1.0,0.67
2025-01-12,05:45,Inverted-V,62,TCT,17.0,21.6,24.0,83.64,0.03,66.91,0.02,1.5,0.67
2025-01-12,06:00,Inverted-V,62,TCT,22.7,21.6,24.2,83.58,0.04,66.86,0.03,2.0,0.67
2025-01-12,06:15,Inverted-V,62,TCT,55.2,22.0,25.4,83.19,0.09,66.55,0.07,4.9,0.67
2025-01-12,06:30,Inverted-V,62,TCT,87.7,22.4,26.6,82.81,0.14,66.25,0.12,7.7,0.67
2025-01-12,06:45,Inverted-V,62,TCT,120.2,22.9,27.9,82.42,0.19,65.94,0.16,10.5,0.67
2025-01-12,07:00,Inverted-V,62,TCT,152.8,23.2,29.1,82.04,0.24,65.63,0.2,13.3,0.67
2025-01-12,07:15,Inverted-V,62,TCT,197.4,23.8,30.7,81.53,0.31,65.22,0.26,17.1,0.67
2025-01-12,07:30,Inverted-V,62,TCT,242.0,24.3,32.3,81.01,0.39,64.81,0.32,20.9,0.67
2025-01-12,07:45,Inverted-V,62,TCT,286.6,24.8,33.9,80.5,0.46,64.4,0.38,24.6,0.67
2025-01-12,08:00,Inverted-V,62,TCT,331.3,25.3,35.6,79.98,0.53,63.99,0.44,28.3,0.67
2025-01-12,08:15,Inverted-V,62,TCT,364.4,25.7,36.8,79.58,0.58,63.67,0.49,31.0,0.67
2025-01-12,08:30,Inverted-V,62,TCT,397.5,26.1,38.1,79.19,0.64,63.35,0.53,33.7,0.67
2025-01-12,08:45,Inverted-V,62,TCT,430.6,26.6,39.3,78.79,0.69,63.03,0.58,36.4,0.67
2025-01-12,09:00,Inverted-V,62,TCT,463.7,27.0,40.6,78.39,0.74,62.71,0.62,39.1,0.67
2025-01-12,09:15,Inverted-V,62,TCT,493.1,27.4,41.7,78.04,0.79,62.43,0.66,41.4,0.67
2025-01-12,09:30,Inverted-V,62,TCT,522.5,27.7,42.8,77.7,0.84,62.16,0.7,43.7,0.67
2025-01-12,09:45,Inverted-V,62,TCT,551.9,28.1,43.9,77.35,0.89,61.88,0.74,46.0,0.67
2025-01-12,10:00,Inverted-V,62,TCT,581.3,28.4,45.0,77.01,0.94,61.61,0.78,48.3,0.67
2025-01-12,10:15,Inverted-V,62,TCT,585.0,28.7,45.3,76.89,0.94,61.51,0.79,48.6,0.67
2025-01-12,10:30,Inverted-V,62,TCT,588.8,29.0,45.7,76.77,0.95,61.42,0.79,48.8,0.67
2025-01-12,10:45,Inverted-V,62,TCT,592.6,29.3,46.1,76.65,0.96,61.32,0.8,49.1,0.67
2025-01-12,11:00,Inverted-V,62,TCT,596.4,29.5,46.5,76.54,0.96,61.23,0.81,49.3,0.67
2025-01-12,11:15,Inverted-V,62,TCT,583.4,29.6,46.2,76.6,0.94,61.28,0.79,48.3,0.67
2025-01-12,11:30,Inverted-V,62,TCT,570.5,29.8,46.0,76.67,0.92,61.34,0.77,47.3,0.67
2025-01-12,11:45,Inverted-V,62,TCT,557.5,29.9,45.8,76.74,0.9,61.39,0.75,46.2,0.67
2025-01-12,12:00,Inverted-V,62,TCT,544.5,30.0,45.6,76.81,0.88,61.45,0.74,45.2,0.67
2025-01-12,12:15,Inverted-V,62,TCT,532.2,30.0,45.3,76.91,0.86,61.52,0.72,44.2,0.67
2025-01-12,12:30,Inverted-V,62,TCT,519.9,30.0,45.0,77.0,0.84,61.6,0.7,43.2,0.67
2025-01-12,12:45,Inverted-V,62,TCT,507.5,30.0,44.7,77.1,0.82,61.68,0.68,42.2,0.67
2025-01-12,13:00,Inverted-V,62,TCT,495.2,30.0,44.4,77.2,0.8,61.76,0.67,41.2,0.67
2025-01-12,13:15,Inverted-V,62,TCT,471.0,29.9,43.7,77.42,0.76,61.93,0.63,39.3,0.67
2025-01-12,13:30,Inverted-V,62,TCT,446.7,29.8,43.0,77.64,0.72,62.11,0.6,37.4,0.67
2025-01-12,13:45,Inverted-V,62,TCT,422.4,29.7,42.3,77.86,0.68,62.29,0.57,35.4,0.67
2025-01-12,14:00,Inverted-V,62,TCT,398.1,29.6,41.6,78.08,0.64,62.46,0.54,33.4,0.67
2025-01-12,14:15,Inverted-V,62,TCT,362.1,29.5,40.5,78.41,0.58,62.73,0.49,30.5,0.67
2025-01-12,14:30,Inverted-V,62,TCT,326.0,29.3,39.5,78.75,0.52,63.0,0.44,27.6,0.67
2025-01-12,14:45,Inverted-V,62,TCT,290.0,29.1,38.4,79.09,0.46,63.27,0.39,24.6,0.67
2025-01-12,15:00,Inverted-V,62,TCT,253.9,29.0,37.3,79.42,0.41,63.54,0.34,21.6,0.67
2025-01-12,15:15,Inverted-V,62,TCT,219.2,28.7,36.2,79.78,0.35,63.82,0.29,18.7,0.67
2025-01-12,15:30,Inverted-V,62,TCT,184.6,28.5,35.1,80.13,0.29,64.11,0.25,15.8,0.67
2025-01-12,15:45,Inverted-V,62,TCT,149.9,28.2,34.0,80.49,0.24,64.39,0.2,12.9,0.67
2025-01-12,16:00,Inverted-V,62,TCT,115.2,27.9,32.8,80.85,0.18,64.68,0.15,9.9,0.67
2025-01-12,16:15,Inverted-V,62,TCT,90.4,27.5,31.8,81.18,0.14,64.94,0.12,7.8,0.67
2025-01-12,16:30,Inverted-V,62,TCT,65.7,27.1,30.8,81.5,0.1,65.2,0.09,5.7,0.67
2025-01-12,16:45,Inverted-V,62,TCT,40.9,26.7,29.7,81.83,0.06,65.46,0.05,3.6,0.67
2025-01-12,17:00,Inverted-V,62,TCT,16.1,26.3,28.7,82.16,0.03,65.73,0.02,1.4,0.67
2025-01-12,17:15,Inverted-V,62,TCT,12.1,26.1,28.4,82.26,0.02,65.81,0.02,1.1,0.67
2025-01-12,17:30,Inverted-V,62,TCT,8.1,25.9,28.1,82.36,0.01,65.89,0.01,0.7,0.67
2025-01-13,05:30,Inverted-V,62,TCT,9.5,23.1,25.3,83.24,0.01,66.59,0.01,0.8,0.67
2025-01-13,05:45,Inverted-V,62,TCT,14.2,23.2,25.6,83.14,0.02,66.51,0.02,1.3,0.67
2025-01-13,06:00,Inverted-V,62,TCT,19.0,23.4,25.9,83.04,0.03,66.44,0.03,1.7,0.67
2025-01-13,06:15,Inverted-V,62,TCT,44.9,23.9,27.0,82.68,0.07,66.15,0.06,3.9,0.67
2025-01-13,06:30,Inverted-V,62,TCT,70.8,24.4,28.2,82.32,0.11,65.86,0.09,6.2,0.67
2025-01-13,06:45,Inverted-V,62,TCT,96.8,24.9,29.3,81.96,0.15,65.57,0.13,8.4,0.67
2025-01-13,07:00,Inverted-V,62,TCT,122.7,25.4,30.4,81.6,0.19,65.28,0.16,10.7,0.67
2025-01-13,07:15,Inverted-V,62,TCT,154.6,25.9,31.7,81.2,0.25,64.96,0.21,13.4,0.67
2025-01-13,07:30,Inverted-V,62,TCT,186.4,26.3,33.0,80.8,0.3,64.64,0.25,16.1,0.67
2025-01-13,07:45,Inverted-V,62,TCT,218.2,26.8,34.3,80.39,0.35,64.31,0.29,18.7,0.67
2025-01-13,08:00,Inverted-V,62,TCT,250.0,27.3,35.5,79.99,0.4,63.99,0.33,21.4,0.67
2025-01-13,08:15,Inverted-V,62,TCT,272.8,27.7,36.5,79.69,0.44,63.75,0.36,23.3,0.67
2025-01-13,08:30,Inverted-V,62,TCT,295.5,28.0,37.4,79.4,0.47,63.52,0.4,25.1,0.67
2025-01-13,08:45,Inverted-V,62,TCT,318.3,28.4,38.4,79.1,0.51,63.28,0.43,27.0,0.67
2025-01-13,09:00,Inverted-V,62,TCT,341.0,28.8,39.3,78.8,0.55,63.04,0.46,28.8,0.67
2025-01-13,09:15,Inverted-V,62,TCT,368.3,29.1,40.3,78.5,0.59,62.8,0.49,31.1,0.67
2025-01-13,09:30,Inverted-V,62,TCT,395.5,29.3,41.2,78.19,0.63,62.55,0.53,33.3,0.67
2025-01-13,09:45,Inverted-V,62,TCT,422.7,29.6,42.2,77.88,0.68,62.31,0.57,35.4,0.67
2025-01-13,10:00,Inverted-V,62,TCT,449.9,29.9,43.2,77.58,0.72,62.06,0.61,37.6,0.67
2025-01-13,10:15,Inverted-V,62,TCT,465.3,30.1,43.7,77.39,0.75,61.92,0.63,38.8,0.67
2025-01-13,10:30,Inverted-V,62,TCT,480.7,30.3,44.3,77.21,0.77,61.77,0.65,40.0,0.67
2025-01-13,10:45,Inverted-V,62,TCT,496.1,30.5,44.9,77.03,0.8,61.62,0.67,41.2,0.67
2025-01-13,11:00,Inverted-V,62,TCT,511.5,30.7,45.5,76.84,0.82,61.47,0.69,42.4,0.67
2025-01-13,11:15,Inverted-V,62,TCT,508.0,30.8,45.5,76.84,0.82,61.47,0.69,42.2,0.67
2025-01-13,11:30,Inverted-V,62,TCT,504.5,30.9,45.5,76.84,0.81,61.47,0.68,41.9,0.67
2025-01-13,11:45,Inverted-V,62,TCT,501.0,31.0,45.5,76.84,0.81,61.47,0.68,41.6,0.67
2025-01-13,12:00,Inverted-V,62,TCT,497.5,31.1,45.5,76.83,0.8,61.47,0.67,41.3,0.67
2025-01-13,12:15,Inverted-V,62,TCT,474.8,31.1,44.9,77.02,0.76,61.61,0.64,39.5,0.67
2025-01-13,12:30,Inverted-V,62,TCT,452.1,31.1,44.4,77.2,0.73,61.76,0.61,37.6,0.67
2025-01-13,12:45,Inverted-V,62,TCT,429.4,31.0,43.8,77.38,0.69,61.91,0.58,35.8,0.67
2025-01-13,13:00,Inverted-V,62,TCT,406.7,31.0,43.2,77.57,0.65,62.05,0.55,34.0,0.67
2025-01-13,13:15,Inverted-V,62,TCT,401.9,30.9,43.0,77.64,0.65,62.11,0.54,33.6,0.67
2025-01-13,13:30,Inverted-V,62,TCT,397.1,30.8,42.7,77.72,0.64,62.18,0.53,33.2,0.67
2025-01-13,13:45,Inverted-V,62,TCT,392.3,30.7,42.5,77.8,0.63,62.24,0.53,32.9,0.67
2025-01-13,14:00,Inverted-V,62,TCT,387.4,30.5,42.2,77.88,0.62,62.3,0.52,32.5,0.67
2025-01-13,14:15,Inverted-V,62,TCT,352.8,30.3,41.1,78.22,0.57,62.57,0.47,29.7,0.67
2025-01-13,14:30,Inverted-V,62,TCT,318.2,30.1,40.1,78.56,0.51,62.85,0.43,26.9,0.67
2025-01-13,14:45,Inverted-V,62,TCT,283.6,29.9,39.0,78.9,0.45,63.12,0.38,24.0,0.67
2025-01-13,15:00,Inverted-V,62,TCT,249.0,29.7,37.9,79.24,0.4,63.39,0.33,21.2,0.67
2025-01-13,15:15,Inverted-V,62,TCT,217.4,29.4,36.8,79.59,0.35,63.67,0.29,18.5,0.67
2025-01-13,15:30,Inverted-V,62,TCT,185.9,29.1,35.7,79.93,0.3,63.95,0.25,15.9,0.67
2025-01-13,15:45,Inverted-V,62,TCT,154.3,28.8,34.6,80.28,0.25,64.23,0.21,13.2,0.67
2025-01-13,16:00,Inverted-V,62,TCT,122.7,28.5,33.5,80.63,0.2,64.5,0.16,10.6,0.67
2025-01-13,16:15,Inverted-V,62,TCT,96.4,28.0,32.4,80.98,0.15,64.79,0.13,8.3,0.67
2025-01-13,16:30,Inverted-V,62,TCT,70.2,27.5,31.3,81.34,0.11,65.07,0.09,6.1,0.67
2025-01-13,16:45,Inverted-V,62,TCT,44.0,27.1,30.2,81.69,0.07,65.35,0.06,3.8,0.67
2025-01-13,17:00,Inverted-V,62,TCT,17.8,26.6,29.1,82.04,0.03,65.64,0.02,1.6,0.67
2025-01-13,17:15,Inverted-V,62,TCT,13.4,26.4,28.7,82.16,0.02,65.73,0.02,1.2,0.67
2025-01-13,17:30,Inverted-V,62,TCT,8.9,26.1,28.3,82.28,0.01,65.82,0.01,0.8,0.67
2025-01-14,05:15,Inverted-V,62,TCT,6.5,22.2,24.4,83.52,0.01,66.82,0.01,0.6,0.67
2025-01-14,05:30,Inverted-V,62,TCT,12.9,22.3,24.7,83.44,0.02,66.75,0.02,1.1,0.67
2025-01-14,05:45,Inverted-V,62,TCT,19.4,22.4,24.9,83.35,0.03,66.68,0.03,1.7,0.67
2025-01-14,06:00,Inverted-V,62,TCT,25.8,22.6,25.2,83.26,0.04,66.61,0.03,2.3,0.67
2025-01-14,06:15,Inverted-V,62,TCT,60.8,22.9,26.4,82.87,0.1,66.3,0.08,5.3,0.67
2025-01-14,06:30,Inverted-V,62,TCT,95.8,23.3,27.7,82.48,0.15,65.98,0.13,8.4,0.67
2025-01-14,06:45,Inverted-V,62,TCT,130.7,23.7,28.9,82.09,0.21,65.67,0.17,11.4,0.67
2025-01-14,07:00,Inverted-V,62,TCT,165.7,24.0,30.2,81.69,0.26,65.35,0.22,14.4,0.67
2025-01-14,07:15,Inverted-V,62,TCT,213.6,24.5,31.8,81.16,0.34,64.93,0.28,18.5,0.67
2025-01-14,07:30,Inverted-V,62,TCT,261.4,25.0,33.5,80.63,0.42,64.5,0.35,22.5,0.67
2025-01-14,07:45,Inverted-V,62,TCT,309.3,25.5,35.2,80.1,0.49,64.08,0.41,26.5,0.67
2025-01-14,08:00,Inverted-V,62,TCT,357.1,26.0,36.9,79.56,0.57,63.65,0.48,30.4,0.67
2025-01-14,08:15,Inverted-V,62,TCT,402.0,26.4,38.4,79.08,0.64,63.26,0.54,34.1,0.67
2025-01-14,08:30,Inverted-V,62,TCT,446.9,26.8,40.0,78.59,0.72,62.87,0.6,37.7,0.67
2025-01-14,08:45,Inverted-V,62,TCT,491.8,27.2,41.5,78.1,0.79,62.48,0.66,41.3,0.67
2025-01-14,09:00,Inverted-V,62,TCT,536.7,27.6,43.1,77.61,0.86,62.09,0.72,44.9,0.67
2025-01-14,09:15,Inverted-V,62,TCT,573.1,27.8,44.1,77.27,0.92,61.82,0.77,47.8,0.67
2025-01-14,09:30,Inverted-V,62,TCT,609.6,28.0,45.2,76.93,0.98,61.54,0.82,50.6,0.67
2025-01-14,09:45,Inverted-V,62,TCT,646.0,28.1,46.3,76.59,1.04,61.27,0.87,53.5,0.67
2025-01-14,10:00,Inverted-V,62,TCT,682.4,28.3,47.4,76.25,1.1,61.0,0.92,56.3,0.67
2025-01-14,10:15,Inverted-V,62,TCT,686.7,28.4,47.6,76.19,1.11,60.95,0.93,56.6,0.67
2025-01-14,10:30,Inverted-V,62,TCT,691.0,28.5,47.8,76.12,1.12,60.9,0.93,56.9,0.67
2025-01-14,10:45,Inverted-V,62,TCT,695.3,28.6,48.0,76.06,1.12,60.85,0.94,57.2,0.67
2025-01-14,11:00,Inverted-V,62,TCT,699.7,28.7,48.2,76.0,1.13,60.8,0.95,57.6,0.67
2025-01-14,11:15,Inverted-V,62,TCT,643.5,28.8,46.8,76.41,1.04,61.13,0.87,53.2,0.67
2025-01-14,11:30,Inverted-V,62,TCT,587.4,28.9,45.5,76.83,0.95,61.46,0.79,48.7,0.67
2025-01-14,11:45,Inverted-V,62,TCT,531.2,28.9,44.2,77.24,0.86,61.79,0.72,44.3,0.67
2025-01-14,12:00,Inverted-V,62,TCT,475.1,29.0,42.9,77.65,0.76,62.12,0.64,39.7,0.67
2025-01-14,12:15,Inverted-V,62,TCT,435.2,29.1,42.0,77.96,0.7,62.37,0.59,36.5,0.67
2025-01-14,12:30,Inverted-V,62,TCT,395.2,29.1,41.0,78.26,0.63,62.61,0.53,33.3,0.67
2025-01-14,12:45,Inverted-V,62,TCT,355.3,29.2,40.1,78.56,0.57,62.85,0.48,30.0,0.67
2025-01-14,13:00,Inverted-V,62,TCT,315.4,29.2,39.1,78.86,0.51,63.09,0.42,26.7,0.67
2025-01-14,13:15,Inverted-V,62,TCT,318.2,29.1,39.1,78.87,0.51,63.1,0.43,26.9,0.67
2025-01-14,13:30,Inverted-V,62,TCT,320.9,29.0,39.1,78.87,0.51,63.1,0.43,27.2,0.67
2025-01-14,13:45,Inverted-V,62,TCT,323.7,29.0,39.0,78.88,0.52,63.1,0.43,27.4,0.67
2025-01-14,14:00,Inverted-V,62,TCT,326.4,28.9,39.0,78.89,0.52,63.11,0.44,27.6,0.67
2025-01-14,14:15,Inverted-V,62,TCT,296.3,28.6,38.0,79.2,0.47,63.36,0.4,25.2,0.67
2025-01-14,14:30,Inverted-V,62,TCT,266.1,28.4,37.1,79.51,0.43,63.61,0.36,22.7,0.67
2025-01-14,14:45,Inverted-V,62,TCT,235.9,28.2,36.1,79.83,0.38,63.86,0.32,20.1,0.67
2025-01-14,15:00,Inverted-V,62,TCT,205.7,27.9,35.1,80.14,0.33,64.11,0.27,17.6,0.67
2025-01-14,15:15,Inverted-V,62,TCT,178.5,27.6,34.1,80.45,0.28,64.36,0.24,15.3,0.67
2025-01-14,15:30,Inverted-V,62,TCT,151.2,27.3,33.1,80.77,0.24,64.61,0.2,13.0,0.67
2025-01-14,15:45,Inverted-V,62,TCT,123.9,27.0,32.1,81.08,0.2,64.87,0.17,10.7,0.67
2025-01-14,16:00,Inverted-V,62,TCT,96.7,26.7,31.1,81.4,0.15,65.12,0.13,8.4,0.67
2025-01-14,16:15,Inverted-V,62,TCT,75.6,26.4,30.2,81.67,0.12,65.33,0.1,6.6,0.67
2025-01-14,16:30,Inverted-V,62,TCT,54.6,26.0,29.4,81.94,0.09,65.55,0.07,4.8,0.67
2025-01-14,16:45,Inverted-V,62,TCT,33.5,25.7,28.5,82.2,0.05,65.76,0.04,2.9,0.67
2025-01-14,17:00,Inverted-V,62,TCT,12.4,25.4,27.7,82.47,0.02,65.98,0.02,1.1,0.67
2025-01-14,17:15,Inverted-V,62,TCT,9.3,25.2,27.4,82.55,0.01,66.04,0.01,0.8,0.67
2025-01-14,17:30,Inverted-V,62,TCT,6.2,25.0,27.2,82.63,0.01,66.11,0.01,0.5,0.67
2025-01-15,05:30,Inverted-V,62,TCT,8.2,22.0,24.2,83.59,0.01,66.87,0.01,0.7,0.67
2025-01-15,05:45,Inverted-V,62,TCT,12.3,22.0,24.3,83.53,0.02,66.83,0.02,1.1,0.67
2025-01-15,06:00,Inverted-V,62,TCT,16.4,22.1,24.5,83.48,0.03,66.78,0.02,1.4,0.67
2025-01-15,06:15,Inverted-V,62,TCT,38.1,22.4,25.4,83.22,0.06,66.57,0.05,3.4,0.67
2025-01-15,06:30,Inverted-V,62,TCT,59.8,22.7,26.2,82.95,0.09,66.36,0.08,5.3,0.67
2025-01-15,06:45,Inverted-V,62,TCT,81.5,23.0,27.0,82.69,0.13,66.15,0.11,7.1,0.67
2025-01-15,07:00,Inverted-V,62,TCT,103.2,23.3,27.8,82.43,0.16,65.94,0.14,9.0,0.67
2025-01-15,07:15,Inverted-V,62,TCT,129.4,23.7,29.0,82.07,0.21,65.66,0.17,11.3,0.67
2025-01-15,07:30,Inverted-V,62,TCT,155.7,24.2,30.1,81.72,0.25,65.38,0.21,13.5,0.67
2025-01-15,07:45,Inverted-V,62,TCT,182.0,24.6,31.2,81.37,0.29,65.1,0.24,15.8,0.67
2025-01-15,08:00,Inverted-V,62,TCT,208.2,25.1,32.3,81.02,0.33,64.82,0.28,18.0,0.67
2025-01-15,08:15,Inverted-V,62,TCT,238.6,25.5,33.5,80.64,0.38,64.51,0.32,20.5,0.67
2025-01-15,08:30,Inverted-V,62,TCT,269.0,26.0,34.7,80.25,0.43,64.2,0.36,23.1,0.67
2025-01-15,08:45,Inverted-V,62,TCT,299.4,26.5,35.9,79.86,0.48,63.89,0.4,25.6,0.67
2025-01-15,09:00,Inverted-V,62,TCT,329.8,26.9,37.2,79.48,0.53,63.58,0.44,28.1,0.67
2025-01-15,09:15,Inverted-V,62,TCT,337.3,27.2,37.6,79.33,0.54,63.47,0.45,28.7,0.67
2025-01-15,09:30,Inverted-V,62,TCT,344.8,27.5,38.1,79.19,0.55,63.35,0.46,29.3,0.67
2025-01-15,09:45,Inverted-V,62,TCT,352.2,27.7,38.5,79.04,0.56,63.23,0.47,29.9,0.67
2025-01-15,10:00,Inverted-V,62,TCT,359.7,28.0,39.0,78.9,0.58,63.12,0.48,30.4,0.67
2025-01-15,10:15,Inverted-V,62,TCT,372.2,28.2,39.5,78.74,0.6,62.99,0.5,31.5,0.67
2025-01-15,10:30,Inverted-V,62,TCT,384.6,28.4,40.0,78.58,0.62,62.86,0.52,32.5,0.67
2025-01-15,10:45,Inverted-V,62,TCT,397.1,28.6,40.5,78.42,0.64,62.74,0.53,33.5,0.67
2025-01-15,11:00,Inverted-V,62,TCT,409.6,28.8,41.0,78.26,0.66,62.61,0.55,34.5,0.67
2025-01-15,11:15,Inverted-V,62,TCT,433.5,28.9,41.7,78.04,0.7,62.43,0.58,36.4,0.67
2025-01-15,11:30,Inverted-V,62,TCT,457.4,29.0,42.4,77.82,0.74,62.25,0.62,38.3,0.67
2025-01-15,11:45,Inverted-V,62,TCT,481.4,29.1,43.1,77.59,0.77,62.07,0.65,40.2,0.67
2025-01-15,12:00,Inverted-V,62,TCT,505.3,29.2,43.8,77.37,0.81,61.89,0.68,42.1,0.67
2025-01-15,12:15,Inverted-V,62,TCT,505.9,29.2,43.8,77.36,0.81,61.89,0.68,42.2,0.67
2025-01-15,12:30,Inverted-V,62,TCT,506.5,29.2,43.8,77.36,0.82,61.89,0.68,42.2,0.67
2025-01-15,12:45,Inverted-V,62,TCT,507.1,29.2,43.9,77.36,0.82,61.89,0.68,42.3,0.67
2025-01-15,13:00,Inverted-V,62,TCT,507.7,29.2,43.9,77.36,0.82,61.88,0.68,42.3,0.67
2025-01-15,13:15,Inverted-V,62,TCT,496.1,29.0,43.4,77.49,0.8,61.99,0.67,41.4,0.67
2025-01-15,13:30,Inverted-V,62,TCT,484.5,28.9,43.0,77.63,0.78,62.1,0.65,40.5,0.67
2025-01-15,13:45,Inverted-V,62,TCT,472.9,28.8,42.6,77.76,0.76,62.21,0.64,39.6,0.67
2025-01-15,14:00,Inverted-V,62,TCT,461.3,28.6,42.2,77.9,0.74,62.32,0.62,38.7,0.67
2025-01-15,14:15,Inverted-V,62,TCT,424.0,28.4,41.0,78.27,0.68,62.62,0.57,35.7,0.67
2025-01-15,14:30,Inverted-V,62,TCT,386.7,28.1,39.8,78.64,0.62,62.91,0.52,32.7,0.67
2025-01-15,14:45,Inverted-V,62,TCT,349.4,27.9,38.6,79.02,0.56,63.21,0.47,29.6,0.67
2025-01-15,15:00,Inverted-V,62,TCT,312.1,27.6,37.4,79.39,0.5,63.51,0.42,26.5,0.67
2025-01-15,15:15,Inverted-V,62,TCT,271.6,27.3,36.1,79.81,0.43,63.85,0.36,23.2,0.67
2025-01-15,15:30,Inverted-V,62,TCT,231.0,27.0,34.7,80.24,0.37,64.19,0.31,19.8,0.67
2025-01-15,15:45,Inverted-V,62,TCT,190.4,26.6,33.4,80.67,0.3,64.53,0.25,16.4,0.67
2025-01-15,16:00,Inverted-V,62,TCT,149.9,26.3,32.1,81.09,0.24,64.87,0.2,13.0,0.67
2025-01-15,16:15,Inverted-V,62,TCT,116.9,26.0,30.9,81.46,0.19,65.16,0.16,10.1,0.67
2025-01-15,16:30,Inverted-V,62,TCT,83.8,25.7,29.8,81.82,0.13,65.46,0.11,7.3,0.67
2025-01-15,16:45,Inverted-V,62,TCT,50.8,25.4,28.6,82.18,0.08,65.75,0.07,4.4,0.67
2025-01-15,17:00,Inverted-V,62,TCT,17.8,25.0,27.5,82.54,0.03,66.04,0.02,1.6,0.67
2025-01-15,17:15,Inverted-V,62,TCT,13.3,24.8,27.2,82.64,0.02,66.11,0.02,1.2,0.67
2025-01-15,17:30,Inverted-V,62,TCT,8.9,24.7,26.9,82.73,0.01,66.19,0.01,0.8,0.67
2025-01-16,05:15,Inverted-V,62,TCT,6.4,21.3,23.5,83.8,0.01,67.04,0.01,0.6,0.67
2025-01-16,05:30,Inverted-V,62,TCT,12.8,21.4,23.7,83.73,0.02,66.98,0.02,1.1,0.67
2025-01-16,05:45,Inverted-V,62,TCT,19.1,21.5,24.0,83.66,0.03,66.93,0.03,1.7,0.67
2025-01-16,06:00,Inverted-V,62,TCT,25.5,21.5,24.2,83.59,0.04,66.87,0.03,2.3,0.67
2025-01-16,06:15,Inverted-V,62,TCT,63.2,21.9,25.4,83.19,0.1,66.55,0.08,5.6,0.67
2025-01-16,06:30,Inverted-V,62,TCT,100.9,22.2,26.7,82.78,0.16,66.23,0.13,8.9,0.67
2025-01-16,06:45,Inverted-V,62,TCT,138.6,22.5,28.0,82.38,0.22,65.91,0.18,12.1,0.67
2025-01-16,07:00,Inverted-V,62,TCT,176.3,22.9,29.3,81.98,0.28,65.58,0.23,15.4,0.67
2025-01-16,07:15,Inverted-V,62,TCT,220.2,23.3,30.8,81.49,0.35,65.19,0.29,19.1,0.67
2025-01-16,07:30,Inverted-V,62,TCT,264.1,23.8,32.4,80.99,0.42,64.8,0.35,22.8,0.67
2025-01-16,07:45,Inverted-V,62,TCT,308.1,24.2,33.9,80.5,0.49,64.4,0.41,26.5,0.67
2025-01-16,08:00,Inverted-V,62,TCT,352.0,24.7,35.5,80.01,0.56,64.01,0.47,30.1,0.67
2025-01-16,08:15,Inverted-V,62,TCT,388.0,25.1,36.8,79.58,0.62,63.66,0.52,33.1,0.67
2025-01-16,08:30,Inverted-V,62,TCT,424.1,25.6,38.2,79.15,0.68,63.32,0.57,36.0,0.67
2025-01-16,08:45,Inverted-V,62,TCT,460.2,26.1,39.6,78.72,0.74,62.97,0.62,38.9,0.67
2025-01-16,09:00,Inverted-V,62,TCT,496.2,26.5,40.9,78.29,0.8,62.63,0.67,41.8,0.67
2025-01-16,09:15,Inverted-V,62,TCT,513.6,26.9,41.7,78.03,0.82,62.42,0.69,43.1,0.67
2025-01-16,09:30,Inverted-V,62,TCT,531.0,27.3,42.5,77.77,0.85,62.22,0.71,44.5,0.67
2025-01-16,09:45,Inverted-V,62,TCT,548.4,27.7,43.4,77.51,0.88,62.01,0.74,45.8,0.67
2025-01-16,10:00,Inverted-V,62,TCT,565.7,28.0,44.2,77.26,0.91,61.81,0.76,47.1,0.67
2025-01-16,10:15,Inverted-V,62,TCT,578.6,28.3,44.7,77.08,0.93,61.66,0.78,48.1,0.67
2025-01-16,10:30,Inverted-V,62,TCT,591.4,28.5,45.3,76.9,0.95,61.52,0.8,49.1,0.67
2025-01-16,10:45,Inverted-V,62,TCT,604.3,28.7,45.8,76.73,0.97,61.38,0.82,50.1,0.67
2025-01-16,11:00,Inverted-V,62,TCT,617.1,29.0,46.4,76.55,1.0,61.24,0.83,51.1,0.67
2025-01-16,11:15,Inverted-V,62,TCT,623.9,29.1,46.7,76.47,1.01,61.18,0.84,51.6,0.67
2025-01-16,11:30,Inverted-V,62,TCT,630.7,29.1,46.9,76.39,1.02,61.11,0.85,52.1,0.67
2025-01-16,11:45,Inverted-V,62,TCT,637.5,29.2,47.2,76.31,1.03,61.05,0.86,52.6,0.67
2025-01-16,12:00,Inverted-V,62,TCT,644.3,29.3,47.4,76.23,1.04,60.98,0.87,53.1,0.67
2025-01-16,12:15,Inverted-V,62,TCT,624.1,29.3,46.9,76.39,1.01,61.12,0.84,51.6,0.67
2025-01-16,12:30,Inverted-V,62,TCT,603.9,29.3,46.4,76.56,0.97,61.25,0.82,50.0,0.67
2025-01-16,12:45,Inverted-V,62,TCT,583.7,29.3,45.9,76.72,0.94,61.38,0.79,48.4,0.67
2025-01-16,13:00,Inverted-V,62,TCT,563.5,29.2,45.3,76.89,0.91,61.51,0.76,46.8,0.67
2025-01-16,13:15,Inverted-V,62,TCT,567.1,29.1,45.3,76.91,0.91,61.53,0.77,47.1,0.67
2025-01-16,13:30,Inverted-V,62,TCT,570.7,28.9,45.2,76.94,0.92,61.55,0.77,47.4,0.67
2025-01-16,13:45,Inverted-V,62,TCT,574.4,28.7,45.1,76.96,0.93,61.57,0.77,47.7,0.67
2025-01-16,14:00,Inverted-V,62,TCT,578.0,28.6,45.0,76.99,0.93,61.59,0.78,48.0,0.67
2025-01-16,14:15,Inverted-V,62,TCT,535.5,28.4,43.7,77.39,0.86,61.92,0.72,44.7,0.67
2025-01-16,14:30,Inverted-V,62,TCT,493.1,28.1,42.5,77.8,0.79,62.24,0.66,41.3,0.67
2025-01-16,14:45,Inverted-V,62,TCT,450.6,27.9,41.2,78.21,0.72,62.57,0.61,37.9,0.67
2025-01-16,15:00,Inverted-V,62,TCT,408.1,27.7,39.9,78.62,0.65,62.89,0.55,34.5,0.67
2025-01-16,15:15,Inverted-V,62,TCT,354.6,27.4,38.2,79.13,0.57,63.31,0.48,30.1,0.67
2025-01-16,15:30,Inverted-V,62,TCT,301.1,27.1,36.6,79.65,0.48,63.72,0.4,25.7,0.67
2025-01-16,15:45,Inverted-V,62,TCT,247.6,26.8,35.0,80.17,0.39,64.13,0.33,21.2,0.67
2025-01-16,16:00,Inverted-V,62,TCT,194.1,26.5,33.4,80.68,0.31,64.55,0.26,16.7,0.67
2025-01-16,16:15,Inverted-V,62,TCT,151.8,26.1,31.9,81.14,0.24,64.91,0.2,13.1,0.67
2025-01-16,16:30,Inverted-V,62,TCT,109.6,25.7,30.5,81.6,0.17,65.28,0.15,9.5,0.67
2025-01-16,16:45,Inverted-V,62,TCT,67.4,25.3,29.0,82.06,0.11,65.65,0.09,5.9,0.67
2025-01-16,17:00,Inverted-V,62,TCT,25.1,24.9,27.6,82.52,0.04,66.01,0.03,2.2,0.67
2025-01-16,17:15,Inverted-V,62,TCT,18.8,24.7,27.2,82.64,0.03,66.12,0.02,1.7,0.67
2025-01-16,17:30,Inverted-V,62,TCT,12.6,24.4,26.8,82.77,0.02,66.22,0.02,1.1,0.67
2025-01-16,17:45,Inverted-V,62,TCT,6.3,24.2,26.4,82.9,0.01,66.32,0.01,0.6,0.67
2025-01-17,05:15,Inverted-V,62,TCT,7.0,20.4,22.6,84.08,0.01,67.26,0.01,0.6,0.67
2025-01-17,05:30,Inverted-V,62,TCT,14.0,20.6,22.9,83.98,0.02,67.19,0.02,1.2,0.67
2025-01-17,05:45,Inverted-V,62,TCT,21.0,20.7,23.2,83.89,0.03,67.11,0.03,1.9,0.67
2025-01-17,06:00,Inverted-V,62,TCT,28.0,20.8,23.5,83.79,0.04,67.03,0.04,2.5,0.67
2025-01-17,06:15,Inverted-V,62,TCT,72.1,21.4,25.2,83.25,0.11,66.6,0.1,6.4,0.67
2025-01-17,06:30,Inverted-V,62,TCT,116.2,22.0,26.9,82.72,0.18,66.17,0.15,10.2,0.67
2025-01-17,06:45,Inverted-V,62,TCT,160.4,22.6,28.6,82.18,0.25,65.74,0.21,14.0,0.67
2025-01-17,07:00,Inverted-V,62,TCT,204.5,23.2,30.3,81.64,0.32,65.31,0.27,17.8,0.67
2025-01-17,07:15,Inverted-V,62,TCT,256.1,23.8,32.2,81.04,0.41,64.83,0.34,22.1,0.67
2025-01-17,07:30,Inverted-V,62,TCT,307.7,24.4,34.1,80.44,0.49,64.35,0.41,26.4,0.67
2025-01-17,07:45,Inverted-V,62,TCT,359.3,25.0,36.0,79.84,0.57,63.87,0.48,30.7,0.67
2025-01-17,08:00,Inverted-V,62,TCT,410.9,25.7,37.9,79.23,0.66,63.39,0.55,34.9,0.67
2025-01-17,08:15,Inverted-V,62,TCT,458.8,26.0,39.5,78.73,0.74,62.98,0.62,38.8,0.67
2025-01-17,08:30,Inverted-V,62,TCT,506.7,26.4,41.1,78.23,0.81,62.58,0.68,42.6,0.67
2025-01-17,08:45,Inverted-V,62,TCT,554.7,26.8,42.7,77.73,0.89,62.18,0.75,46.4,0.67
2025-01-17,09:00,Inverted-V,62,TCT,602.6,27.2,44.3,77.22,0.97,61.78,0.81,50.2,0.67
2025-01-17,09:15,Inverted-V,62,TCT,635.0,27.5,45.4,76.87,1.02,61.5,0.86,52.7,0.67
2025-01-17,09:30,Inverted-V,62,TCT,667.5,27.8,46.5,76.52,1.08,61.22,0.9,55.2,0.67
2025-01-17,09:45,Inverted-V,62,TCT,699.9,28.1,47.6,76.17,1.13,60.93,0.95,57.7,0.67
2025-01-17,10:00,Inverted-V,62,TCT,732.4,28.4,48.7,75.81,1.18,60.65,0.99,60.1,0.67
2025-01-17,10:15,Inverted-V,62,TCT,760.2,28.6,49.6,75.53,1.23,60.42,1.03,62.3,0.67
2025-01-17,10:30,Inverted-V,62,TCT,788.1,28.8,50.5,75.24,1.28,60.19,1.07,64.3,0.67
2025-01-17,10:45,Inverted-V,62,TCT,816.0,29.1,51.5,74.95,1.32,59.96,1.11,66.4,0.67
2025-01-17,11:00,Inverted-V,62,TCT,843.9,29.3,52.4,74.66,1.37,59.73,1.15,68.5,0.67
2025-01-17,11:15,Inverted-V,62,TCT,847.3,29.4,52.5,74.61,1.38,59.69,1.15,68.7,0.67
2025-01-17,11:30,Inverted-V,62,TCT,850.8,29.4,52.7,74.55,1.38,59.64,1.16,69.0,0.67
2025-01-17,11:45,Inverted-V,62,TCT,854.3,29.5,52.9,74.5,1.39,59.6,1.16,69.2,0.67
2025-01-17,12:00,Inverted-V,62,TCT,857.8,29.6,53.0,74.45,1.39,59.56,1.17,69.5,0.67
2025-01-17,12:15,Inverted-V,62,TCT,833.3,29.6,52.4,74.65,1.35,59.72,1.13,67.6,0.67
2025-01-17,12:30,Inverted-V,62,TCT,808.9,29.6,51.8,74.85,1.31,59.88,1.1,65.8,0.67
2025-01-17,12:45,Inverted-V,62,TCT,784.4,29.5,51.1,75.05,1.27,60.04,1.06,63.9,0.67
2025-01-17,13:00,Inverted-V,62,TCT,759.9,29.5,50.5,75.25,1.23,60.2,1.03,62.1,0.67
2025-01-17,13:15,Inverted-V,62,TCT,737.1,29.4,49.8,75.47,1.19,60.38,1.0,60.3,0.67
2025-01-17,13:30,Inverted-V,62,TCT,714.2,29.3,49.1,75.69,1.16,60.55,0.97,58.6,0.67
2025-01-17,13:45,Inverted-V,62,TCT,691.3,29.2,48.4,75.91,1.12,60.73,0.94,56.8,0.67
2025-01-17,14:00,Inverted-V,62,TCT,668.5,29.0,47.7,76.13,1.08,60.9,0.9,55.1,0.67
2025-01-17,14:15,Inverted-V,62,TCT,615.2,28.9,46.3,76.6,0.99,61.28,0.83,50.9,0.67
2025-01-17,14:30,Inverted-V,62,TCT,561.9,28.7,44.8,77.07,0.91,61.65,0.76,46.7,0.67
2025-01-17,14:45,Inverted-V,62,TCT,508.7,28.6,43.3,77.53,0.82,62.03,0.69,42.5,0.67
2025-01-17,15:00,Inverted-V,62,TCT,455.4,28.4,41.8,78.0,0.73,62.4,0.61,38.2,0.67
2025-01-17,15:15,Inverted-V,62,TCT,398.5,28.1,40.1,78.55,0.64,62.84,0.54,33.6,0.67
2025-01-17,15:30,Inverted-V,62,TCT,341.7,27.9,38.4,79.09,0.55,63.27,0.46,29.0,0.67
2025-01-17,15:45,Inverted-V,62,TCT,284.8,27.6,36.7,79.63,0.46,63.7,0.38,24.3,0.67
2025-01-17,16:00,Inverted-V,62,TCT,228.0,27.3,35.0,80.17,0.36,64.14,0.3,19.5,0.67
2025-01-17,16:15,Inverted-V,62,TCT,178.4,26.8,33.2,80.72,0.28,64.58,0.24,15.4,0.67
2025-01-17,16:30,Inverted-V,62,TCT,128.9,26.3,31.5,81.27,0.2,65.02,0.17,11.2,0.67
2025-01-17,16:45,Inverted-V,62,TCT,79.3,25.8,29.8,81.82,0.13,65.46,0.11,6.9,0.67
2025-01-17,17:00,Inverted-V,62,TCT,29.8,25.3,28.0,82.37,0.05,65.9,0.04,2.6,0.67
2025-01-17,17:15,Inverted-V,62,TCT,22.3,25.0,27.6,82.52,0.04,66.02,0.03,2.0,0.67
2025-01-17,17:30,Inverted-V,62,TCT,14.9,24.7,27.1,82.67,0.02,66.13,0.02,1.3,0.67
2025-01-17,17:45,Inverted-V,62,TCT,7.4,24.4,26.6,82.81,0.01,66.25,0.01,0.7,0.67
2025-01-18,05:15,Inverted-V,62,TCT,5.6,20.6,22.8,84.03,0.01,67.22,0.01,0.5,0.67
2025-01-18,05:30,Inverted-V,62,TCT,11.1,20.7,23.0,83.95,0.02,67.16,0.01,1.0,0.67
2025-01-18,05:45,Inverted-V,62,TCT,16.7,20.8,23.3,83.88,0.03,67.1,0.02,1.5,0.67
2025-01-18,06:00,Inverted-V,62,TCT,22.2,20.9,23.5,83.8,0.04,67.04,0.03,2.0,0.67
2025-01-18,06:15,Inverted-V,62,TCT,53.2,21.2,24.6,83.46,0.08,66.77,0.07,4.7,0.67
2025-01-18,06:30,Inverted-V,62,TCT,84.2,21.6,25.7,83.12,0.13,66.49,0.11,7.4,0.67
2025-01-18,06:45,Inverted-V,62,TCT,115.2,21.9,26.7,82.77,0.18,66.22,0.15,10.1,0.67
2025-01-18,07:00,Inverted-V,62,TCT,146.1,22.2,27.8,82.43,0.23,65.94,0.19,12.8,0.67
2025-01-18,07:15,Inverted-V,62,TCT,183.4,22.6,29.1,82.02,0.29,65.61,0.24,16.0,0.67
2025-01-18,07:30,Inverted-V,62,TCT,220.7,22.9,30.4,81.61,0.35,65.28,0.29,19.2,0.67
2025-01-18,07:45,Inverted-V,62,TCT,258.0,23.3,31.7,81.19,0.41,64.95,0.34,22.3,0.67
2025-01-18,08:00,Inverted-V,62,TCT,295.4,23.7,33.0,80.78,0.47,64.62,0.39,25.4,0.67
2025-01-18,08:15,Inverted-V,62,TCT,344.2,23.9,34.5,80.32,0.55,64.26,0.46,29.5,0.67
2025-01-18,08:30,Inverted-V,62,TCT,392.9,24.1,35.9,79.87,0.63,63.89,0.53,33.6,0.67
2025-01-18,08:45,Inverted-V,62,TCT,441.7,24.3,37.4,79.41,0.71,63.53,0.59,37.6,0.67
2025-01-18,09:00,Inverted-V,62,TCT,490.5,24.6,38.8,78.95,0.79,63.16,0.66,41.5,0.67
2025-01-18,09:15,Inverted-V,62,TCT,501.6,24.7,39.2,78.82,0.8,63.06,0.67,42.4,0.67
2025-01-18,09:30,Inverted-V,62,TCT,512.6,24.8,39.6,78.7,0.82,62.96,0.69,43.3,0.67
2025-01-18,09:45,Inverted-V,62,TCT,523.7,24.9,40.0,78.57,0.84,62.86,0.7,44.2,0.67
2025-01-18,10:00,Inverted-V,62,TCT,534.7,25.1,40.4,78.44,0.86,62.75,0.72,45.1,0.67
2025-01-18,10:15,Inverted-V,62,TCT,521.7,25.2,40.2,78.51,0.84,62.81,0.7,44.0,0.67
2025-01-18,10:30,Inverted-V,62,TCT,508.8,25.3,40.0,78.58,0.82,62.87,0.68,42.9,0.67
2025-01-18,10:45,Inverted-V,62,TCT,495.8,25.4,39.8,78.65,0.79,62.92,0.67,41.9,0.67
2025-01-18,11:00,Inverted-V,62,TCT,482.8,25.5,39.6,78.72,0.77,62.98,0.65,40.8,0.67
2025-01-18,11:15,Inverted-V,62,TCT,451.6,25.7,38.9,78.91,0.72,63.13,0.61,38.2,0.67
2025-01-18,11:30,Inverted-V,62,TCT,420.4,25.8,38.3,79.11,0.67,63.28,0.56,35.7,0.67
2025-01-18,11:45,Inverted-V,62,TCT,389.1,26.0,37.7,79.3,0.62,63.44,0.52,33.1,0.67
2025-01-18,12:00,Inverted-V,62,TCT,357.9,26.2,37.1,79.49,0.57,63.59,0.48,30.5,0.67
2025-01-18,12:15,Inverted-V,62,TCT,339.9,26.3,36.8,79.6,0.54,63.68,0.45,29.0,0.67
2025-01-18,12:30,Inverted-V,62,TCT,322.0,26.4,36.4,79.7,0.51,63.76,0.43,27.5,0.67
2025-01-18,12:45,Inverted-V,62,TCT,304.0,26.5,36.1,79.81,0.49,63.85,0.41,26.0,0.67
2025-01-18,13:00,Inverted-V,62,TCT,286.0,26.6,35.8,79.91,0.46,63.93,0.38,24.4,0.67
2025-01-18,13:15,Inverted-V,62,TCT,262.7,26.6,35.2,80.1,0.42,64.08,0.35,22.5,0.67
2025-01-18,13:30,Inverted-V,62,TCT,239.5,26.6,34.6,80.28,0.38,64.23,0.32,20.5,0.67
2025-01-18,13:45,Inverted-V,62,TCT,216.2,26.6,34.0,80.47,0.34,64.37,0.29,18.6,0.67
2025-01-18,14:00,Inverted-V,62,TCT,192.9,26.6,33.5,80.65,0.31,64.52,0.26,16.6,0.67
2025-01-18,14:15,Inverted-V,62,TCT,181.3,26.5,33.0,80.79,0.29,64.63,0.24,15.6,0.67
2025-01-18,14:30,Inverted-V,62,TCT,169.7,26.4,32.6,80.92,0.27,64.74,0.23,14.6,0.67
2025-01-18,14:45,Inverted-V,62,TCT,158.1,26.2,32.2,81.06,0.25,64.84,0.21,13.7,0.67
2025-01-18,15:00,Inverted-V,62,TCT,146.4,26.1,31.8,81.19,0.23,64.95,0.2,12.7,0.67
2025-01-18,15:15,Inverted-V,62,TCT,135.1,25.9,31.3,81.34,0.21,65.08,0.18,11.7,0.67
2025-01-18,15:30,Inverted-V,62,TCT,123.8,25.7,30.8,81.5,0.2,65.2,0.16,10.7,0.67
2025-01-18,15:45,Inverted-V,62,TCT,112.5,25.5,30.3,81.65,0.18,65.32,0.15,9.8,0.67
2025-01-18,16:00,Inverted-V,62,TCT,101.2,25.3,29.8,81.81,0.16,65.45,0.13,8.8,0.67
2025-01-18,16:15,Inverted-V,62,TCT,80.2,25.0,29.0,82.06,0.13,65.65,0.11,7.0,0.67
2025-01-18,16:30,Inverted-V,62,TCT,59.2,24.7,28.2,82.32,0.09,65.85,0.08,5.2,0.67
2025-01-18,16:45,Inverted-V,62,TCT,38.2,24.4,27.4,82.57,0.06,66.05,0.05,3.3,0.67
2025-01-18,17:00,Inverted-V,62,TCT,17.2,24.2,26.6,82.82,0.03,66.26,0.02,1.5,0.67
2025-01-18,17:15,Inverted-V,62,TCT,12.9,24.1,26.4,82.89,0.02,66.31,0.02,1.1,0.67
2025-01-18,17:30,Inverted-V,62,TCT,8.6,23.9,26.1,82.97,0.01,66.37,0.01,0.8,0.67
2025-01-19,05:30,Inverted-V,62,TCT,7.4,22.1,24.3,83.55,0.01,66.84,0.01,0.7,0.67
2025-01-19,05:45,Inverted-V,62,TCT,11.1,22.1,24.4,83.51,0.02,66.81,0.01,1.0,0.67
2025-01-19,06:00,Inverted-V,62,TCT,14.8,22.2,24.6,83.47,0.02,66.78,0.02,1.3,0.67
2025-01-19,06:15,Inverted-V,62,TCT,33.8,22.4,25.2,83.26,0.05,66.61,0.04,3.0,0.67
2025-01-19,06:30,Inverted-V,62,TCT,52.8,22.6,25.9,83.04,0.08,66.43,0.07,4.6,0.67
2025-01-19,06:45,Inverted-V,62,TCT,71.7,22.8,26.6,82.83,0.11,66.26,0.1,6.3,0.67
2025-01-19,07:00,Inverted-V,62,TCT,90.7,23.0,27.2,82.62,0.14,66.09,0.12,7.9,0.67
2025-01-19,07:15,Inverted-V,62,TCT,112.0,23.3,28.1,82.33,0.18,65.87,0.15,9.8,0.67
2025-01-19,07:30,Inverted-V,62,TCT,133.3,23.7,29.0,82.05,0.21,65.64,0.18,11.6,0.67
2025-01-19,07:45,Inverted-V,62,TCT,154.6,24.1,29.9,81.77,0.25,65.42,0.21,13.4,0.67
2025-01-19,08:00,Inverted-V,62,TCT,175.9,24.4,30.8,81.49,0.28,65.19,0.23,15.3,0.67
2025-01-19,08:15,Inverted-V,62,TCT,203.6,24.8,31.9,81.15,0.32,64.92,0.27,17.6,0.67
2025-01-19,08:30,Inverted-V,62,TCT,231.4,25.2,33.0,80.8,0.37,64.64,0.31,19.9,0.67
2025-01-19,08:45,Inverted-V,62,TCT,259.1,25.6,34.1,80.46,0.41,64.37,0.35,22.3,0.67
2025-01-19,09:00,Inverted-V,62,TCT,286.8,26.0,35.1,80.12,0.46,64.09,0.38,24.6,0.67
2025-01-19,09:15,Inverted-V,62,TCT,293.1,26.1,35.5,80.02,0.47,64.01,0.39,25.1,0.67
2025-01-19,09:30,Inverted-V,62,TCT,299.4,26.3,35.8,79.92,0.48,63.93,0.4,25.6,0.67
2025-01-19,09:45,Inverted-V,62,TCT,305.7,26.4,36.1,79.82,0.49,63.85,0.41,26.1,0.67
2025-01-19,10:00,Inverted-V,62,TCT,312.0,26.6,36.4,79.72,0.5,63.77,0.42,26.6,0.67
2025-01-19,10:15,Inverted-V,62,TCT,304.2,26.7,36.3,79.75,0.49,63.8,0.41,26.0,0.67
2025-01-19,10:30,Inverted-V,62,TCT,296.4,26.8,36.2,79.77,0.47,63.82,0.4,25.3,0.67
2025-01-19,10:45,Inverted-V,62,TCT,288.5,26.9,36.1,79.8,0.46,63.84,0.39,24.6,0.67
2025-01-19,11:00,Inverted-V,62,TCT,280.7,27.0,36.0,79.83,0.45,63.86,0.38,24.0,0.67
2025-01-19,11:15,Inverted-V,62,TCT,301.2,27.1,36.7,79.63,0.48,63.71,0.4,25.7,0.67
2025-01-19,11:30,Inverted-V,62,TCT,321.7,27.2,37.3,79.44,0.51,63.55,0.43,27.4,0.67
2025-01-19,11:45,Inverted-V,62,TCT,342.2,27.3,37.9,79.24,0.55,63.39,0.46,29.1,0.67
2025-01-19,12:00,Inverted-V,62,TCT,362.8,27.4,38.5,79.05,0.58,63.24,0.49,30.8,0.67
2025-01-19,12:15,Inverted-V,62,TCT,340.5,27.5,38.0,79.22,0.54,63.37,0.46,28.9,0.67
2025-01-19,12:30,Inverted-V,62,TCT,318.3,27.5,37.5,79.39,0.51,63.51,0.43,27.1,0.67
2025-01-19,12:45,Inverted-V,62,TCT,296.1,27.5,36.9,79.55,0.47,63.64,0.4,25.2,0.67
2025-01-19,13:00,Inverted-V,62,TCT,273.8,27.5,36.4,79.72,0.44,63.78,0.37,23.4,0.67
2025-01-19,13:15,Inverted-V,62,TCT,264.3,27.5,36.1,79.82,0.42,63.86,0.35,22.6,0.67
2025-01-19,13:30,Inverted-V,62,TCT,254.7,27.4,35.8,79.92,0.41,63.94,0.34,21.8,0.67
2025-01-19,13:45,Inverted-V,62,TCT,245.1,27.3,35.4,80.02,0.39,64.02,0.33,21.0,0.67
2025-01-19,14:00,Inverted-V,62,TCT,235.5,27.2,35.1,80.12,0.38,64.1,0.31,20.2,0.67
2025-01-19,14:15,Inverted-V,62,TCT,222.5,27.1,34.7,80.27,0.35,64.22,0.3,19.1,0.67
2025-01-19,14:30,Inverted-V,62,TCT,209.5,27.0,34.2,80.42,0.33,64.33,0.28,18.0,0.67
2025-01-19,14:45,Inverted-V,62,TCT,196.5,26.8,33.7,80.57,0.31,64.45,0.26,16.9,0.67
2025-01-19,15:00,Inverted-V,62,TCT,183.4,26.7,33.3,80.71,0.29,64.57,0.24,15.8,0.67
2025-01-19,15:15,Inverted-V,62,TCT,158.6,26.5,32.4,80.98,0.25,64.78,0.21,13.7,0.67
2025-01-19,15:30,Inverted-V,62,TCT,133.8,26.2,31.6,81.24,0.21,65.0,0.18,11.6,0.67
2025-01-19,15:45,Inverted-V,62,TCT,109.0,26.0,30.7,81.51,0.17,65.21,0.15,9.5,0.67
2025-01-19,16:00,Inverted-V,62,TCT,84.2,25.8,29.9,81.77,0.13,65.42,0.11,7.3,0.67
2025-01-19,16:15,Inverted-V,62,TCT,66.6,25.5,29.2,82.01,0.11,65.61,0.09,5.8,0.67
2025-01-19,16:30,Inverted-V,62,TCT,49.1,25.2,28.4,82.25,0.08,65.8,0.07,4.3,0.67
2025-01-19,16:45,Inverted-V,62,TCT,31.5,24.9,27.6,82.49,0.05,65.99,0.04,2.8,0.67
2025-01-19,17:00,Inverted-V,62,TCT,14.0,24.5,26.9,82.73,0.02,66.18,0.02,1.2,0.67
2025-01-19,17:15,Inverted-V,62,TCT,10.5,24.4,26.7,82.8,0.02,66.24,0.01,0.9,0.67
2025-01-19,17:30,Inverted-V,62,TCT,7.0,24.3,26.4,82.87,0.01,66.3,0.01,0.6,0.67
2025-01-20,05:15,Inverted-V,62,TCT,6.1,22.5,24.6,83.44,0.01,66.76,0.01,0.5,0.67
2025-01-20,05:30,Inverted-V,62,TCT,12.3,22.5,24.8,83.39,0.02,66.71,0.02,1.1,0.67
2025-01-20,05:45,Inverted-V,62,TCT,18.4,22.5,25.0,83.34,0.03,66.67,0.02,1.6,0.67
2025-01-20,06:00,Inverted-V,62,TCT,24.6,22.5,25.1,83.29,0.04,66.63,0.03,2.2,0.67
2025-01-20,06:15,Inverted-V,62,TCT,57.2,22.7,26.1,82.97,0.09,66.38,0.08,5.0,0.67
2025-01-20,06:30,Inverted-V,62,TCT,89.9,22.9,27.1,82.65,0.14,66.12,0.12,7.9,0.67
2025-01-20,06:45,Inverted-V,62,TCT,122.5,23.1,28.1,82.34,0.19,65.87,0.16,10.7,0.67
2025-01-20,07:00,Inverted-V,62,TCT,155.2,23.3,29.1,82.02,0.25,65.61,0.21,13.5,0.67
2025-01-20,07:15,Inverted-V,62,TCT,184.3,23.6,30.2,81.68,0.29,65.34,0.25,16.0,0.67
2025-01-20,07:30,Inverted-V,62,TCT,213.4,24.0,31.3,81.34,0.34,65.07,0.28,18.5,0.67
2025-01-20,07:45,Inverted-V,62,TCT,242.5,24.3,32.4,81.0,0.39,64.8,0.32,20.9,0.67
2025-01-20,08:00,Inverted-V,62,TCT,271.6,24.6,33.4,80.66,0.43,64.53,0.36,23.4,0.67
2025-01-20,08:15,Inverted-V,62,TCT,308.4,25.1,34.8,80.21,0.49,64.17,0.41,26.4,0.67
2025-01-20,08:30,Inverted-V,62,TCT,345.1,25.6,36.3,79.76,0.55,63.81,0.46,29.5,0.67
2025-01-20,08:45,Inverted-V,62,TCT,381.9,26.1,37.7,79.32,0.61,63.45,0.51,32.5,0.67
2025-01-20,09:00,Inverted-V,62,TCT,418.7,26.6,39.1,78.87,0.67,63.09,0.56,35.4,0.67
2025-01-20,09:15,Inverted-V,62,TCT,452.2,27.0,40.3,78.48,0.73,62.78,0.61,38.1,0.67
2025-01-20,09:30,Inverted-V,62,TCT,485.7,27.4,41.5,78.09,0.78,62.48,0.65,40.8,0.67
2025-01-20,09:45,Inverted-V,62,TCT,519.2,27.8,42.7,77.71,0.83,62.17,0.7,43.4,0.67
2025-01-20,10:00,Inverted-V,62,TCT,552.7,28.1,44.0,77.32,0.89,61.86,0.74,46.1,0.67
2025-01-20,10:15,Inverted-V,62,TCT,591.1,28.4,45.2,76.95,0.95,61.56,0.8,49.1,0.67
2025-01-20,10:30,Inverted-V,62,TCT,629.5,28.6,46.3,76.57,1.02,61.25,0.85,52.1,0.67
2025-01-20,10:45,Inverted-V,62,TCT,667.9,28.8,47.5,76.19,1.08,60.95,0.9,55.1,0.67
2025-01-20,11:00,Inverted-V,62,TCT,706.4,29.1,48.7,75.81,1.14,60.65,0.96,58.0,0.67
2025-01-20,11:15,Inverted-V,62,TCT,699.2,29.2,48.7,75.82,1.13,60.65,0.95,57.4,0.67
2025-01-20,11:30,Inverted-V,62,TCT,692.1,29.4,48.7,75.82,1.12,60.66,0.94,56.8,0.67
2025-01-20,11:45,Inverted-V,62,TCT,684.9,29.6,48.7,75.83,1.11,60.66,0.93,56.3,0.67
2025-01-20,12:00,Inverted-V,62,TCT,677.8,29.7,48.7,75.83,1.1,60.67,0.92,55.7,0.67
2025-01-20,12:15,Inverted-V,62,TCT,646.0,29.8,48.0,76.06,1.04,60.85,0.87,53.2,0.67
2025-01-20,12:30,Inverted-V,62,TCT,614.2,29.9,47.2,76.29,0.99,61.03,0.83,50.7,0.67
2025-01-20,12:45,Inverted-V,62,TCT,582.4,30.0,46.5,76.51,0.94,61.21,0.79,48.2,0.67
2025-01-20,13:00,Inverted-V,62,TCT,550.6,30.0,45.8,76.74,0.89,61.39,0.74,45.6,0.67
2025-01-20,13:15,Inverted-V,62,TCT,531.8,30.1,45.4,76.88,0.86,61.51,0.72,44.1,0.67
2025-01-20,13:30,Inverted-V,62,TCT,513.1,30.1,44.9,77.03,0.83,61.62,0.69,42.6,0.67
2025-01-20,13:45,Inverted-V,62,TCT,494.3,30.1,44.4,77.17,0.8,61.74,0.67,41.1,0.67
2025-01-20,14:00,Inverted-V,62,TCT,475.5,30.1,44.0,77.32,0.77,61.85,0.64,39.6,0.67
2025-01-20,14:15,Inverted-V,62,TCT,434.1,30.0,42.8,77.68,0.7,62.14,0.58,36.3,0.67
2025-01-20,14:30,Inverted-V,62,TCT,392.6,29.9,41.7,78.04,0.63,62.43,0.53,33.0,0.67
2025-01-20,14:45,Inverted-V,62,TCT,351.2,29.8,40.6,78.4,0.56,62.72,0.47,29.6,0.67
2025-01-20,15:00,Inverted-V,62,TCT,309.8,29.7,39.4,78.76,0.5,63.01,0.42,26.2,0.67
2025-01-20,15:15,Inverted-V,62,TCT,268.5,29.4,38.1,79.18,0.43,63.35,0.36,22.8,0.67
2025-01-20,15:30,Inverted-V,62,TCT,227.3,29.1,36.8,79.61,0.36,63.68,0.3,19.4,0.67
2025-01-20,15:45,Inverted-V,62,TCT,186.0,28.8,35.4,80.03,0.3,64.02,0.25,15.9,0.67
2025-01-20,16:00,Inverted-V,62,TCT,144.8,28.5,34.1,80.45,0.23,64.36,0.19,12.4,0.67
2025-01-20,16:15,Inverted-V,62,TCT,114.2,27.9,32.8,80.87,0.18,64.69,0.15,9.9,0.67
2025-01-20,16:30,Inverted-V,62,TCT,83.7,27.4,31.4,81.29,0.13,65.03,0.11,7.2,0.67
2025-01-20,16:45,Inverted-V,62,TCT,53.1,26.8,30.1,81.71,0.08,65.36,0.07,4.6,0.67
2025-01-20,17:00,Inverted-V,62,TCT,22.6,26.2,28.8,82.12,0.04,65.7,0.03,2.0,0.67
2025-01-20,17:15,Inverted-V,62,TCT,16.9,25.9,28.3,82.28,0.03,65.82,0.02,1.5,0.67
2025-01-20,17:30,Inverted-V,62,TCT,11.3,25.6,27.8,82.43,0.02,65.94,0.01,1.0,0.67
2025-01-20,17:45,Inverted-V,62,TCT,5.6,25.2,27.4,82.58,0.01,66.07,0.01,0.5,0.67
2025-01-21,05:15,Inverted-V,62,TCT,6.0,19.4,21.5,84.44,0.01,67.55,0.01,0.5,0.67
2025-01-21,05:30,Inverted-V,62,TCT,12.0,19.6,21.9,84.31,0.02,67.45,0.02,1.1,0.67
2025-01-21,05:45,Inverted-V,62,TCT,18.1,19.8,22.3,84.19,0.03,67.35,0.02,1.6,0.67
2025-01-21,06:00,Inverted-V,62,TCT,24.1,20.1,22.7,84.07,0.04,67.25,0.03,2.1,0.67
2025-01-21,06:15,Inverted-V,62,TCT,64.1,20.7,24.3,83.55,0.1,66.84,0.08,5.7,0.67
2025-01-21,06:30,Inverted-V,62,TCT,104.1,21.3,25.9,83.04,0.16,66.43,0.14,9.2,0.67
2025-01-21,06:45,Inverted-V,62,TCT,144.1,21.9,27.5,82.53,0.23,66.02,0.19,12.6,0.67
2025-01-21,07:00,Inverted-V,62,TCT,184.1,22.5,29.1,82.02,0.29,65.62,0.24,16.0,0.67
2025-01-21,07:15,Inverted-V,62,TCT,234.6,23.1,30.9,81.45,0.37,65.16,0.31,20.3,0.67
2025-01-21,07:30,Inverted-V,62,TCT,285.1,23.6,32.7,80.89,0.45,64.71,0.38,24.6,0.67
2025-01-21,07:45,Inverted-V,62,TCT,335.6,24.1,34.5,80.32,0.54,64.26,0.45,28.8,0.67
2025-01-21,08:00,Inverted-V,62,TCT,386.0,24.6,36.3,79.75,0.62,63.8,0.52,32.9,0.67
2025-01-21,08:15,Inverted-V,62,TCT,426.7,25.0,37.7,79.3,0.68,63.44,0.57,36.3,0.67
2025-01-21,08:30,Inverted-V,62,TCT,467.4,25.5,39.1,78.85,0.75,63.08,0.63,39.5,0.67
2025-01-21,08:45,Inverted-V,62,TCT,508.0,25.9,40.6,78.4,0.81,62.72,0.68,42.8,0.67
2025-01-21,09:00,Inverted-V,62,TCT,548.7,26.3,42.0,77.95,0.88,62.36,0.74,46.0,0.67
2025-01-21,09:15,Inverted-V,62,TCT,583.2,26.6,43.2,77.56,0.94,62.05,0.79,48.7,0.67
2025-01-21,09:30,Inverted-V,62,TCT,617.8,27.0,44.4,77.18,0.99,61.74,0.83,51.4,0.67
2025-01-21,09:45,Inverted-V,62,TCT,652.4,27.3,45.6,76.79,1.05,61.43,0.88,54.1,0.67
2025-01-21,10:00,Inverted-V,62,TCT,687.0,27.7,46.9,76.41,1.11,61.13,0.93,56.8,0.67
2025-01-21,10:15,Inverted-V,62,TCT,716.7,28.0,47.9,76.08,1.16,60.87,0.97,59.0,0.67
2025-01-21,10:30,Inverted-V,62,TCT,746.4,28.2,48.9,75.76,1.21,60.61,1.01,61.3,0.67
2025-01-21,10:45,Inverted-V,62,TCT,776.1,28.5,49.9,75.43,1.26,60.35,1.05,63.5,0.67
2025-01-21,11:00,Inverted-V,62,TCT,805.8,28.8,51.0,75.11,1.31,60.09,1.09,65.7,0.67
2025-01-21,11:15,Inverted-V,62,TCT,800.9,29.0,51.0,75.09,1.3,60.07,1.09,65.3,0.67
2025-01-21,11:30,Inverted-V,62,TCT,796.1,29.2,51.1,75.06,1.29,60.05,1.08,64.9,0.67
2025-01-21,11:45,Inverted-V,62,TCT,791.3,29.4,51.2,75.04,1.28,60.03,1.07,64.5,0.67
2025-01-21,12:00,Inverted-V,62,TCT,786.4,29.6,51.2,75.02,1.27,60.02,1.07,64.1,0.67
2025-01-21,12:15,Inverted-V,62,TCT,772.2,29.7,51.0,75.11,1.25,60.09,1.05,63.0,0.67
2025-01-21,12:30,Inverted-V,62,TCT,757.9,29.7,50.7,75.2,1.23,60.16,1.03,61.9,0.67
2025-01-21,12:45,Inverted-V,62,TCT,743.7,29.8,50.4,75.28,1.2,60.23,1.01,60.7,0.67
2025-01-21,13:00,Inverted-V,62,TCT,729.5,29.9,50.1,75.37,1.18,60.29,0.99,59.6,0.67
2025-01-21,13:15,Inverted-V,62,TCT,693.5,29.9,49.2,75.66,1.12,60.53,0.94,56.9,0.67
2025-01-21,13:30,Inverted-V,62,TCT,657.5,29.9,48.3,75.95,1.06,60.76,0.89,54.1,0.67
2025-01-21,13:45,Inverted-V,62,TCT,621.6,29.8,47.4,76.24,1.0,60.99,0.84,51.3,0.67
2025-01-21,14:00,Inverted-V,62,TCT,585.6,29.8,46.5,76.53,0.94,61.22,0.79,48.4,0.67
2025-01-21,14:15,Inverted-V,62,TCT,538.4,29.7,45.1,76.95,0.87,61.56,0.73,44.7,0.67
2025-01-21,14:30,Inverted-V,62,TCT,491.2,29.5,43.8,77.37,0.79,61.89,0.66,41.0,0.67
2025-01-21,14:45,Inverted-V,62,TCT,444.0,29.4,42.5,77.79,0.71,62.23,0.6,37.2,0.67
2025-01-21,15:00,Inverted-V,62,TCT,396.8,29.3,41.2,78.2,0.64,62.56,0.53,33.4,0.67
2025-01-21,15:15,Inverted-V,62,TCT,346.2,28.9,39.6,78.71,0.55,62.97,0.46,29.3,0.67
2025-01-21,15:30,Inverted-V,62,TCT,295.5,28.6,38.0,79.22,0.47,63.38,0.4,25.1,0.67
2025-01-21,15:45,Inverted-V,62,TCT,244.8,28.2,36.4,79.73,0.39,63.78,0.33,20.9,0.67
2025-01-21,16:00,Inverted-V,62,TCT,194.2,27.9,34.8,80.24,0.31,64.19,0.26,16.6,0.67
2025-01-21,16:15,Inverted-V,62,TCT,153.5,27.2,33.0,80.79,0.24,64.63,0.2,13.2,0.67
2025-01-21,16:30,Inverted-V,62,TCT,112.8,26.5,31.3,81.33,0.18,65.07,0.15,9.8,0.67
2025-01-21,16:45,Inverted-V,62,TCT,72.1,25.8,29.6,81.88,0.11,65.51,0.1,6.3,0.67
2025-01-21,17:00,Inverted-V,62,TCT,31.4,25.0,27.8,82.43,0.05,65.95,0.04,2.7,0.67
2025-01-21,17:15,Inverted-V,62,TCT,23.6,24.7,27.3,82.6,0.04,66.08,0.03,2.1,0.67
2025-01-21,17:30,Inverted-V,62,TCT,15.7,24.4,26.8,82.76,0.02,66.21,0.02,1.4,0.67
2025-01-21,17:45,Inverted-V,62,TCT,7.9,24.1,26.3,82.93,0.01,66.34,0.01,0.7,0.67
2025-01-22,05:15,Inverted-V,62,TCT,6.6,20.0,22.2,84.22,0.01,67.38,0.01,0.6,0.67
2025-01-22,05:30,Inverted-V,62,TCT,13.1,20.2,22.6,84.1,0.02,67.28,0.02,1.2,0.67
2025-01-22,05:45,Inverted-V,62,TCT,19.7,20.4,22.9,83.98,0.03,67.18,0.03,1.7,0.67
2025-01-22,06:00,Inverted-V,62,TCT,26.3,20.7,23.3,83.86,0.04,67.09,0.03,2.3,0.67
2025-01-22,06:15,Inverted-V,62,TCT,63.3,21.2,24.8,83.39,0.1,66.71,0.08,5.6,0.67
2025-01-22,06:30,Inverted-V,62,TCT,100.3,21.8,26.3,82.92,0.16,66.34,0.13,8.8,0.67
2025-01-22,06:45,Inverted-V,62,TCT,137.3,22.3,27.8,82.45,0.22,65.96,0.18,12.0,0.67
2025-01-22,07:00,Inverted-V,62,TCT,174.3,22.9,29.2,81.99,0.28,65.59,0.23,15.2,0.67
2025-01-22,07:15,Inverted-V,62,TCT,213.4,23.6,30.9,81.46,0.34,65.17,0.28,18.5,0.67
2025-01-22,07:30,Inverted-V,62,TCT,252.5,24.3,32.6,80.93,0.4,64.74,0.34,21.8,0.67
2025-01-22,07:45,Inverted-V,62,TCT,291.6,25.0,34.3,80.4,0.46,64.32,0.39,25.0,0.67
2025-01-22,08:00,Inverted-V,62,TCT,330.7,25.7,35.9,79.87,0.53,63.89,0.44,28.3,0.67
2025-01-22,08:15,Inverted-V,62,TCT,364.7,26.2,37.3,79.44,0.58,63.55,0.49,31.0,0.67
2025-01-22,08:30,Inverted-V,62,TCT,398.8,26.7,38.6,79.01,0.64,63.21,0.53,33.8,0.67
2025-01-22,08:45,Inverted-V,62,TCT,432.8,27.2,40.0,78.58,0.69,62.87,0.58,36.5,0.67
2025-01-22,09:00,Inverted-V,62,TCT,466.9,27.7,41.3,78.16,0.75,62.53,0.63,39.2,0.67
2025-01-22,09:15,Inverted-V,62,TCT,503.2,28.0,42.6,77.75,0.81,62.2,0.68,42.1,0.67
2025-01-22,09:30,Inverted-V,62,TCT,539.6,28.4,43.9,77.34,0.87,61.87,0.73,45.0,0.67
2025-01-22,09:45,Inverted-V,62,TCT,576.0,28.8,45.2,76.93,0.93,61.55,0.78,47.8,0.67
2025-01-22,10:00,Inverted-V,62,TCT,612.3,29.2,46.5,76.53,0.99,61.22,0.83,50.6,0.67
2025-01-22,10:15,Inverted-V,62,TCT,635.8,29.4,47.3,76.25,1.03,61.0,0.86,52.5,0.67
2025-01-22,10:30,Inverted-V,62,TCT,659.4,29.7,48.2,75.98,1.07,60.78,0.89,54.2,0.67
2025-01-22,10:45,Inverted-V,62,TCT,682.9,30.0,49.1,75.71,1.1,60.57,0.92,56.0,0.67
2025-01-22,11:00,Inverted-V,62,TCT,706.4,30.3,49.9,75.43,1.14,60.35,0.96,57.8,0.67
2025-01-22,11:15,Inverted-V,62,TCT,673.7,30.4,49.3,75.64,1.09,60.51,0.91,55.2,0.67
2025-01-22,11:30,Inverted-V,62,TCT,640.9,30.6,48.6,75.84,1.04,60.67,0.87,52.7,0.67
2025-01-22,11:45,Inverted-V,62,TCT,608.2,30.8,48.0,76.04,0.98,60.83,0.82,50.1,0.67
2025-01-22,12:00,Inverted-V,62,TCT,575.5,31.0,47.4,76.25,0.93,61.0,0.78,47.5,0.67
2025-01-22,12:15,Inverted-V,62,TCT,525.8,31.0,46.2,76.63,0.85,61.3,0.71,43.5,0.67
2025-01-22,12:30,Inverted-V,62,TCT,476.1,31.1,45.0,77.01,0.77,61.6,0.64,39.6,0.67
2025-01-22,12:45,Inverted-V,62,TCT,426.3,31.1,43.8,77.39,0.69,61.91,0.57,35.6,0.67
2025-01-22,13:00,Inverted-V,62,TCT,376.6,31.1,42.6,77.77,0.61,62.21,0.51,31.5,0.67
2025-01-22,13:15,Inverted-V,62,TCT,374.1,31.0,42.4,77.82,0.6,62.26,0.5,31.3,0.67
2025-01-22,13:30,Inverted-V,62,TCT,371.5,30.9,42.2,77.88,0.6,62.3,0.5,31.1,0.67
2025-01-22,13:45,Inverted-V,62,TCT,369.0,30.8,42.0,77.94,0.59,62.35,0.5,31.0,0.67
2025-01-22,14:00,Inverted-V,62,TCT,366.5,30.7,41.8,77.99,0.59,62.4,0.49,30.8,0.67
2025-01-22,14:15,Inverted-V,62,TCT,329.3,30.4,40.7,78.36,0.53,62.69,0.44,27.7,0.67
2025-01-22,14:30,Inverted-V,62,TCT,292.0,30.2,39.5,78.73,0.47,62.98,0.39,24.7,0.67
2025-01-22,14:45,Inverted-V,62,TCT,254.8,30.0,38.4,79.1,0.41,63.28,0.34,21.6,0.67
2025-01-22,15:00,Inverted-V,62,TCT,217.5,29.8,37.2,79.47,0.35,63.57,0.29,18.5,0.67
2025-01-22,15:15,Inverted-V,62,TCT,194.1,29.4,36.2,79.77,0.31,63.81,0.26,16.6,0.67
2025-01-22,15:30,Inverted-V,62,TCT,170.6,29.0,35.3,80.07,0.27,64.06,0.23,14.6,0.67
2025-01-22,15:45,Inverted-V,62,TCT,147.1,28.7,34.3,80.37,0.23,64.3,0.2,12.6,0.67
2025-01-22,16:00,Inverted-V,62,TCT,123.7,28.3,33.4,80.67,0.2,64.54,0.16,10.6,0.67
2025-01-22,16:15,Inverted-V,62,TCT,96.6,27.8,32.2,81.05,0.15,64.84,0.13,8.3,0.67
2025-01-22,16:30,Inverted-V,62,TCT,69.5,27.3,31.0,81.42,0.11,65.14,0.09,6.0,0.67
2025-01-22,16:45,Inverted-V,62,TCT,42.4,26.8,29.8,81.8,0.07,65.44,0.06,3.7,0.67
2025-01-22,17:00,Inverted-V,62,TCT,15.3,26.3,28.6,82.17,0.02,65.74,0.02,1.3,0.67
2025-01-22,17:15,Inverted-V,62,TCT,11.5,25.9,28.2,82.31,0.02,65.84,0.02,1.0,0.67
2025-01-22,17:30,Inverted-V,62,TCT,7.7,25.6,27.8,82.44,0.01,65.95,0.01,0.7,0.67
2025-01-23,05:30,Inverted-V,62,TCT,10.0,21.1,23.3,83.86,0.02,67.09,0.01,0.9,0.67
2025-01-23,05:45,Inverted-V,62,TCT,15.0,21.3,23.7,83.75,0.02,67.0,0.02,1.3,0.67
2025-01-23,06:00,Inverted-V,62,TCT,20.0,21.5,24.0,83.65,0.03,66.92,0.03,1.8,0.67
2025-01-23,06:15,Inverted-V,62,TCT,46.9,22.0,25.1,83.29,0.07,66.63,0.06,4.1,0.67
2025-01-23,06:30,Inverted-V,62,TCT,73.8,22.4,26.3,82.93,0.12,66.34,0.1,6.5,0.67
2025-01-23,06:45,Inverted-V,62,TCT,100.7,22.9,27.4,82.57,0.16,66.05,0.13,8.8,0.67
2025-01-23,07:00,Inverted-V,62,TCT,127.6,23.4,28.5,82.21,0.2,65.77,0.17,11.1,0.67
2025-01-23,07:15,Inverted-V,62,TCT,156.8,23.9,29.9,81.79,0.25,65.43,0.21,13.6,0.67
2025-01-23,07:30,Inverted-V,62,TCT,185.9,24.5,31.2,81.37,0.3,65.1,0.25,16.1,0.67
2025-01-23,07:45,Inverted-V,62,TCT,215.0,25.1,32.5,80.95,0.34,64.76,0.29,18.6,0.67
2025-01-23,08:00,Inverted-V,62,TCT,244.1,25.7,33.8,80.53,0.39,64.42,0.33,21.0,0.67
2025-01-23,08:15,Inverted-V,62,TCT,285.4,26.2,35.4,80.05,0.46,64.04,0.38,24.4,0.67
2025-01-23,08:30,Inverted-V,62,TCT,326.6,26.7,36.9,79.57,0.52,63.66,0.44,27.8,0.67
2025-01-23,08:45,Inverted-V,62,TCT,367.9,27.2,38.4,79.09,0.59,63.27,0.49,31.2,0.67
2025-01-23,09:00,Inverted-V,62,TCT,409.2,27.7,39.9,78.61,0.66,62.89,0.55,34.5,0.67
2025-01-23,09:15,Inverted-V,62,TCT,426.1,28.0,40.7,78.36,0.68,62.69,0.57,35.9,0.67
2025-01-23,09:30,Inverted-V,62,TCT,443.0,28.4,41.5,78.11,0.71,62.49,0.6,37.2,0.67
2025-01-23,09:45,Inverted-V,62,TCT,459.9,28.8,42.2,77.87,0.74,62.29,0.62,38.5,0.67
2025-01-23,10:00,Inverted-V,62,TCT,476.8,29.1,43.0,77.62,0.77,62.1,0.64,39.9,0.67
2025-01-23,10:15,Inverted-V,62,TCT,505.2,29.4,44.0,77.31,0.81,61.85,0.68,42.1,0.67
2025-01-23,10:30,Inverted-V,62,TCT,533.7,29.6,45.0,77.01,0.86,61.61,0.72,44.4,0.67
2025-01-23,10:45,Inverted-V,62,TCT,562.1,29.9,45.9,76.7,0.91,61.36,0.76,46.6,0.67
2025-01-23,11:00,Inverted-V,62,TCT,590.6,30.1,46.9,76.4,0.95,61.12,0.8,48.8,0.67
2025-01-23,11:15,Inverted-V,62,TCT,602.7,30.3,47.3,76.25,0.97,61.0,0.82,49.7,0.67
2025-01-23,11:30,Inverted-V,62,TCT,614.8,30.4,47.8,76.11,0.99,60.89,0.83,50.6,0.67
2025-01-23,11:45,Inverted-V,62,TCT,626.9,30.6,48.2,75.97,1.01,60.77,0.85,51.6,0.67
2025-01-23,12:00,Inverted-V,62,TCT,639.0,30.7,48.7,75.82,1.03,60.66,0.87,52.5,0.67
2025-01-23,12:15,Inverted-V,62,TCT,638.0,30.8,48.7,75.82,1.03,60.66,0.86,52.4,0.67
2025-01-23,12:30,Inverted-V,62,TCT,636.9,30.8,48.7,75.82,1.03,60.66,0.86,52.3,0.67
2025-01-23,12:45,Inverted-V,62,TCT,635.8,30.8,48.7,75.82,1.03,60.65,0.86,52.2,0.67
2025-01-23,13:00,Inverted-V,62,TCT,634.7,30.9,48.7,75.81,1.03,60.65,0.86,52.1,0.67
2025-01-23,13:15,Inverted-V,62,TCT,616.5,30.8,48.2,75.99,1.0,60.79,0.83,50.7,0.67
2025-01-23,13:30,Inverted-V,62,TCT,598.2,30.7,47.7,76.16,0.97,60.92,0.81,49.3,0.67
2025-01-23,13:45,Inverted-V,62,TCT,580.0,30.6,47.1,76.33,0.94,61.06,0.78,47.9,0.67
2025-01-23,14:00,Inverted-V,62,TCT,561.7,30.5,46.6,76.5,0.91,61.2,0.76,46.4,0.67
2025-01-23,14:15,Inverted-V,62,TCT,509.3,30.4,45.1,76.97,0.82,61.57,0.69,42.3,0.67
2025-01-23,14:30,Inverted-V,62,TCT,457.0,30.2,43.6,77.44,0.74,61.95,0.62,38.1,0.67
2025-01-23,14:45,Inverted-V,62,TCT,404.6,30.0,42.1,77.9,0.65,62.32,0.54,33.9,0.67
2025-01-23,15:00,Inverted-V,62,TCT,352.2,29.8,40.6,78.37,0.56,62.7,0.47,29.7,0.67
2025-01-23,15:15,Inverted-V,62,TCT,305.5,29.5,39.1,78.86,0.49,63.09,0.41,25.9,0.67
2025-01-23,15:30,Inverted-V,62,TCT,258.8,29.1,37.6,79.34,0.41,63.47,0.35,22.0,0.67
2025-01-23,15:45,Inverted-V,62,TCT,212.0,28.8,36.1,79.82,0.34,63.86,0.28,18.1,0.67
2025-01-23,16:00,Inverted-V,62,TCT,165.3,28.4,34.6,80.3,0.26,64.24,0.22,14.2,0.67
2025-01-23,16:15,Inverted-V,62,TCT,131.3,27.8,33.1,80.76,0.21,64.61,0.18,11.3,0.67
2025-01-23,16:30,Inverted-V,62,TCT,97.2,27.3,31.7,81.21,0.15,64.97,0.13,8.4,0.67
2025-01-23,16:45,Inverted-V,62,TCT,63.2,26.7,30.3,81.67,0.1,65.33,0.08,5.5,0.67
2025-01-23,17:00,Inverted-V,62,TCT,29.1,26.1,28.8,82.12,0.05,65.7,0.04,2.5,0.67
2025-01-23,17:15,Inverted-V,62,TCT,21.8,25.8,28.3,82.27,0.03,65.82,0.03,1.9,0.67
2025-01-23,17:30,Inverted-V,62,TCT,14.6,25.5,27.9,82.42,0.02,65.94,0.02,1.3,0.67
2025-01-23,17:45,Inverted-V,62,TCT,7.3,25.2,27.4,82.58,0.01,66.06,0.01,0.6,0.67
2025-01-24,05:15,Inverted-V,62,TCT,5.6,19.5,21.6,84.41,0.01,67.52,0.01,0.5,0.67
2025-01-24,05:30,Inverted-V,62,TCT,11.2,19.7,22.0,84.28,0.02,67.42,0.01,1.0,0.67
2025-01-24,05:45,Inverted-V,62,TCT,16.7,20.0,22.4,84.15,0.03,67.32,0.02,1.5,0.67
2025-01-24,06:00,Inverted-V,62,TCT,22.3,20.2,22.8,84.03,0.04,67.22,0.03,2.0,0.67
2025-01-24,06:15,Inverted-V,62,TCT,56.0,20.9,24.3,83.54,0.09,66.84,0.07,4.9,0.67
2025-01-24,06:30,Inverted-V,62,TCT,89.7,21.6,25.8,83.06,0.14,66.45,0.12,7.9,0.67
2025-01-24,06:45,Inverted-V,62,TCT,123.3,22.3,27.4,82.58,0.2,66.06,0.16,10.8,0.67
2025-01-24,07:00,Inverted-V,62,TCT,157.0,23.0,28.9,82.09,0.25,65.67,0.21,13.7,0.67
2025-01-24,07:15,Inverted-V,62,TCT,205.5,23.6,30.7,81.52,0.33,65.21,0.27,17.8,0.67
2025-01-24,07:30,Inverted-V,62,TCT,254.0,24.2,32.5,80.94,0.4,64.75,0.34,21.9,0.67
2025-01-24,07:45,Inverted-V,62,TCT,302.5,24.8,34.4,80.36,0.48,64.29,0.4,26.0,0.67
2025-01-24,08:00,Inverted-V,62,TCT,350.9,25.4,36.2,79.79,0.56,63.83,0.47,30.0,0.67
2025-01-24,08:15,Inverted-V,62,TCT,387.3,25.8,37.5,79.36,0.62,63.49,0.52,32.9,0.67
2025-01-24,08:30,Inverted-V,62,TCT,423.7,26.3,38.9,78.94,0.68,63.15,0.57,35.9,0.67
2025-01-24,08:45,Inverted-V,62,TCT,460.1,26.7,40.2,78.51,0.74,62.81,0.62,38.8,0.67
2025-01-24,09:00,Inverted-V,62,TCT,496.5,27.1,41.6,78.08,0.8,62.47,0.67,41.7,0.67
2025-01-24,09:15,Inverted-V,62,TCT,537.1,27.5,42.9,77.65,0.86,62.12,0.72,44.9,0.67
2025-01-24,09:30,Inverted-V,62,TCT,577.8,27.9,44.3,77.22,0.93,61.77,0.78,48.1,0.67
2025-01-24,09:45,Inverted-V,62,TCT,618.4,28.2,45.7,76.78,1.0,61.43,0.83,51.3,0.67
2025-01-24,10:00,Inverted-V,62,TCT,659.0,28.6,47.0,76.35,1.06,61.08,0.89,54.4,0.67
2025-01-24,10:15,Inverted-V,62,TCT,706.7,28.8,48.5,75.89,1.14,60.71,0.96,58.1,0.67
2025-01-24,10:30,Inverted-V,62,TCT,754.4,29.1,49.9,75.43,1.22,60.35,1.02,61.7,0.67
2025-01-24,10:45,Inverted-V,62,TCT,802.1,29.3,51.4,74.97,1.3,59.98,1.09,65.3,0.67
2025-01-24,11:00,Inverted-V,62,TCT,849.7,29.6,52.8,74.51,1.38,59.61,1.16,68.9,0.67
2025-01-24,11:15,Inverted-V,62,TCT,857.3,29.7,53.2,74.4,1.39,59.52,1.17,69.4,0.67
2025-01-24,11:30,Inverted-V,62,TCT,864.9,29.9,53.5,74.29,1.4,59.44,1.18,69.9,0.67
2025-01-24,11:45,Inverted-V,62,TCT,872.5,30.1,53.9,74.18,1.42,59.35,1.19,70.5,0.67
2025-01-24,12:00,Inverted-V,62,TCT,880.1,30.2,54.2,74.07,1.43,59.26,1.2,71.0,0.67
2025-01-24,12:15,Inverted-V,62,TCT,867.6,30.2,53.9,74.17,1.41,59.34,1.18,70.1,0.67
2025-01-24,12:30,Inverted-V,62,TCT,855.0,30.2,53.6,74.26,1.39,59.41,1.16,69.1,0.67
2025-01-24,12:45,Inverted-V,62,TCT,842.4,30.3,53.3,74.36,1.37,59.49,1.15,68.2,0.67
2025-01-24,13:00,Inverted-V,62,TCT,829.9,30.3,53.0,74.45,1.35,59.56,1.13,67.2,0.67
2025-01-24,13:15,Inverted-V,62,TCT,796.6,30.2,52.1,74.76,1.29,59.8,1.08,64.7,0.67
2025-01-24,13:30,Inverted-V,62,TCT,763.3,30.0,51.1,75.06,1.24,60.05,1.04,62.2,0.67
2025-01-24,13:45,Inverted-V,62,TCT,730.1,29.9,50.2,75.36,1.18,60.29,0.99,59.7,0.67
2025-01-24,14:00,Inverted-V,62,TCT,696.8,29.8,49.2,75.66,1.13,60.53,0.94,57.1,0.67
2025-01-24,14:15,Inverted-V,62,TCT,647.4,29.6,47.7,76.13,1.05,60.9,0.88,53.3,0.67
2025-01-24,14:30,Inverted-V,62,TCT,597.9,29.3,46.3,76.59,0.96,61.27,0.81,49.5,0.67
2025-01-24,14:45,Inverted-V,62,TCT,548.4,29.1,44.8,77.06,0.88,61.65,0.74,45.6,0.67
2025-01-24,15:00,Inverted-V,62,TCT,499.0,28.9,43.3,77.53,0.8,62.02,0.67,41.7,0.67
2025-01-24,15:15,Inverted-V,62,TCT,436.4,28.5,41.4,78.13,0.7,62.5,0.59,36.7,0.67
2025-01-24,15:30,Inverted-V,62,TCT,373.9,28.2,39.5,78.73,0.6,62.99,0.5,31.6,0.67
2025-01-24,15:45,Inverted-V,62,TCT,311.4,27.8,37.6,79.34,0.5,63.47,0.42,26.5,0.67
2025-01-24,16:00,Inverted-V,62,TCT,248.8,27.5,35.7,79.94,0.4,63.95,0.33,21.3,0.67
2025-01-24,16:15,Inverted-V,62,TCT,196.2,27.0,33.9,80.51,0.31,64.41,0.26,16.9,0.67
2025-01-24,16:30,Inverted-V,62,TCT,143.5,26.5,32.1,81.08,0.23,64.86,0.19,12.4,0.67
2025-01-24,16:45,Inverted-V,62,TCT,90.8,26.0,30.3,81.65,0.14,65.32,0.12,7.9,0.67
2025-01-24,17:00,Inverted-V,62,TCT,38.2,25.6,28.5,82.22,0.06,65.77,0.05,3.3,0.67
2025-01-24,17:15,Inverted-V,62,TCT,28.6,25.3,28.0,82.37,0.05,65.9,0.04,2.5,0.67
2025-01-24,17:30,Inverted-V,62,TCT,19.1,25.0,27.5,82.53,0.03,66.02,0.03,1.7,0.67
2025-01-24,17:45,Inverted-V,62,TCT,9.5,24.8,27.0,82.68,0.02,66.15,0.01,0.8,0.67
2025-01-25,05:15,Inverted-V,62,TCT,6.4,20.7,22.9,84.0,0.01,67.2,0.01,0.6,0.67
2025-01-25,05:30,Inverted-V,62,TCT,12.9,20.9,23.2,83.89,0.02,67.12,0.02,1.1,0.67
2025-01-25,05:45,Inverted-V,62,TCT,19.3,21.1,23.5,83.79,0.03,67.03,0.03,1.7,0.67
2025-01-25,06:00,Inverted-V,62,TCT,25.8,21.2,23.9,83.69,0.04,66.95,0.03,2.3,0.67
2025-01-25,06:15,Inverted-V,62,TCT,69.8,21.8,25.5,83.16,0.11,66.52,0.09,6.1,0.67
2025-01-25,06:30,Inverted-V,62,TCT,113.9,22.4,27.2,82.62,0.18,66.1,0.15,10.0,0.67
2025-01-25,06:45,Inverted-V,62,TCT,157.9,23.0,28.9,82.09,0.25,65.67,0.21,13.8,0.67
2025-01-25,07:00,Inverted-V,62,TCT,202.0,23.5,30.6,81.56,0.32,65.25,0.27,17.5,0.67
2025-01-25,07:15,Inverted-V,62,TCT,253.1,24.1,32.4,80.97,0.4,64.78,0.34,21.8,0.67
2025-01-25,07:30,Inverted-V,62,TCT,304.2,24.7,34.3,80.39,0.48,64.31,0.41,26.1,0.67
2025-01-25,07:45,Inverted-V,62,TCT,355.4,25.3,36.1,79.8,0.57,63.84,0.48,30.3,0.67
2025-01-25,08:00,Inverted-V,62,TCT,406.5,25.8,38.0,79.21,0.65,63.37,0.54,34.5,0.67
2025-01-25,08:15,Inverted-V,62,TCT,456.8,26.3,39.7,78.68,0.73,62.94,0.61,38.6,0.67
2025-01-25,08:30,Inverted-V,62,TCT,507.0,26.7,41.4,78.14,0.81,62.51,0.68,42.6,0.67
2025-01-25,08:45,Inverted-V,62,TCT,557.3,27.1,43.1,77.6,0.9,62.08,0.75,46.6,0.67
2025-01-25,09:00,Inverted-V,62,TCT,607.6,27.6,44.8,77.07,0.98,61.65,0.82,50.5,0.67
2025-01-25,09:15,Inverted-V,62,TCT,640.9,27.9,45.9,76.7,1.03,61.36,0.87,53.1,0.67
2025-01-25,09:30,Inverted-V,62,TCT,674.2,28.3,47.1,76.33,1.09,61.06,0.91,55.7,0.67
2025-01-25,09:45,Inverted-V,62,TCT,707.5,28.6,48.3,75.95,1.14,60.76,0.96,58.2,0.67
2025-01-25,10:00,Inverted-V,62,TCT,740.8,28.9,49.5,75.58,1.2,60.47,1.0,60.7,0.67
2025-01-25,10:15,Inverted-V,62,TCT,782.0,29.2,50.7,75.18,1.27,60.14,1.06,63.8,0.67
2025-01-25,10:30,Inverted-V,62,TCT,823.3,29.4,52.0,74.78,1.34,59.82,1.12,66.9,0.67
2025-01-25,10:45,Inverted-V,62,TCT,864.5,29.7,53.3,74.38,1.4,59.5,1.18,70.0,0.67
2025-01-25,11:00,Inverted-V,62,TCT,905.8,29.9,54.5,73.98,1.47,59.18,1.23,73.0,0.67
2025-01-25,11:15,Inverted-V,62,TCT,905.7,30.0,54.7,73.93,1.47,59.15,1.23,73.0,0.67
2025-01-25,11:30,Inverted-V,62,TCT,905.6,30.2,54.8,73.89,1.47,59.11,1.23,72.9,0.67
2025-01-25,11:45,Inverted-V,62,TCT,905.4,30.3,55.0,73.84,1.47,59.07,1.23,72.9,0.67
2025-01-25,12:00,Inverted-V,62,TCT,905.3,30.5,55.1,73.8,1.47,59.04,1.23,72.8,0.67
2025-01-25,12:15,Inverted-V,62,TCT,848.9,30.4,53.7,74.25,1.38,59.4,1.15,68.6,0.67
2025-01-25,12:30,Inverted-V,62,TCT,792.4,30.4,52.2,74.71,1.29,59.77,1.08,64.3,0.67
2025-01-25,12:45,Inverted-V,62,TCT,735.9,30.4,50.8,75.16,1.19,60.13,1.0,60.0,0.67
2025-01-25,13:00,Inverted-V,62,TCT,679.5,30.4,49.3,75.62,1.1,60.49,0.92,55.7,0.67
2025-01-25,13:15,Inverted-V,62,TCT,653.4,30.2,48.6,75.87,1.06,60.69,0.88,53.7,0.67
2025-01-25,13:30,Inverted-V,62,TCT,627.4,30.1,47.8,76.11,1.01,60.89,0.85,51.7,0.67
2025-01-25,13:45,Inverted-V,62,TCT,601.4,30.0,47.0,76.36,0.97,61.09,0.81,49.7,0.67
2025-01-25,14:00,Inverted-V,62,TCT,575.3,29.8,46.2,76.61,0.93,61.29,0.78,47.6,0.67
2025-01-25,14:15,Inverted-V,62,TCT,525.0,29.6,44.7,77.09,0.85,61.67,0.71,43.7,0.67
2025-01-25,14:30,Inverted-V,62,TCT,474.7,29.3,43.2,77.56,0.76,62.05,0.64,39.7,0.67
2025-01-25,14:45,Inverted-V,62,TCT,424.4,29.1,41.7,78.04,0.68,62.43,0.57,35.6,0.67
2025-01-25,15:00,Inverted-V,62,TCT,374.1,28.9,40.2,78.51,0.6,62.81,0.5,31.5,0.67
2025-01-25,15:15,Inverted-V,62,TCT,327.6,28.5,38.7,78.99,0.52,63.19,0.44,27.8,0.67
2025-01-25,15:30,Inverted-V,62,TCT,281.1,28.2,37.2,79.46,0.45,63.57,0.38,23.9,0.67
2025-01-25,15:45,Inverted-V,62,TCT,234.6,27.9,35.7,79.93,0.37,63.95,0.31,20.1,0.67
2025-01-25,16:00,Inverted-V,62,TCT,188.0,27.5,34.2,80.41,0.3,64.33,0.25,16.1,0.67
2025-01-25,16:15,Inverted-V,62,TCT,148.7,27.0,32.8,80.87,0.24,64.7,0.2,12.8,0.67
2025-01-25,16:30,Inverted-V,62,TCT,109.4,26.6,31.3,81.33,0.17,65.07,0.15,9.5,0.67
2025-01-25,16:45,Inverted-V,62,TCT,70.0,26.1,29.8,81.79,0.11,65.44,0.09,6.1,0.67
2025-01-25,17:00,Inverted-V,62,TCT,30.7,25.6,28.4,82.26,0.05,65.8,0.04,2.7,0.67
2025-01-25,17:15,Inverted-V,62,TCT,23.0,25.4,28.0,82.39,0.04,65.91,0.03,2.0,0.67
2025-01-25,17:30,Inverted-V,62,TCT,15.3,25.1,27.5,82.53,0.02,66.02,0.02,1.3,0.67
2025-01-25,17:45,Inverted-V,62,TCT,7.7,24.9,27.1,82.66,0.01,66.13,0.01,0.7,0.67
2025-01-26,05:15,Inverted-V,62,TCT,7.2,20.5,22.7,84.06,0.01,67.25,0.01,0.6,0.67
2025-01-26,05:30,Inverted-V,62,TCT,14.4,20.6,23.0,83.97,0.02,67.17,0.02,1.3,0.67
2025-01-26,05:45,Inverted-V,62,TCT,21.6,20.7,23.3,83.88,0.03,67.1,0.03,1.9,0.67
2025-01-26,06:00,Inverted-V,62,TCT,28.8,20.8,23.6,83.79,0.05,67.03,0.04,2.5,0.67
2025-01-26,06:15,Inverted-V,62,TCT,78.3,21.3,25.3,83.25,0.12,66.6,0.1,6.9,0.67
2025-01-26,06:30,Inverted-V,62,TCT,127.8,21.8,27.0,82.71,0.2,66.17,0.17,11.2,0.67
2025-01-26,06:45,Inverted-V,62,TCT,177.4,22.2,28.7,82.17,0.28,65.74,0.24,15.5,0.67
2025-01-26,07:00,Inverted-V,62,TCT,226.9,22.7,30.4,81.63,0.36,65.3,0.3,19.7,0.67
2025-01-26,07:15,Inverted-V,62,TCT,287.6,23.2,32.4,80.97,0.46,64.78,0.38,24.8,0.67
2025-01-26,07:30,Inverted-V,62,TCT,348.4,23.8,34.5,80.32,0.56,64.25,0.47,29.9,0.67
2025-01-26,07:45,Inverted-V,62,TCT,409.1,24.4,36.6,79.66,0.65,63.73,0.55,34.9,0.67
2025-01-26,08:00,Inverted-V,62,TCT,469.9,24.9,38.7,79.0,0.75,63.2,0.63,39.8,0.67
2025-01-26,08:15,Inverted-V,62,TCT,516.4,25.4,40.3,78.49,0.83,62.79,0.69,43.5,0.67
2025-01-26,08:30,Inverted-V,62,TCT,562.8,25.8,41.9,77.98,0.9,62.38,0.76,47.2,0.67
2025-01-26,08:45,Inverted-V,62,TCT,609.3,26.3,43.5,77.47,0.98,61.98,0.82,50.9,0.67
2025-01-26,09:00,Inverted-V,62,TCT,655.8,26.7,45.1,76.96,1.06,61.57,0.88,54.5,0.67
2025-01-26,09:15,Inverted-V,62,TCT,701.6,27.1,46.6,76.48,1.13,61.19,0.95,58.0,0.67
2025-01-26,09:30,Inverted-V,62,TCT,747.3,27.5,48.1,76.0,1.21,60.8,1.01,61.5,0.67
2025-01-26,09:45,Inverted-V,62,TCT,793.1,27.8,49.7,75.52,1.28,60.42,1.07,64.9,0.67
2025-01-26,10:00,Inverted-V,62,TCT,838.9,28.2,51.2,75.04,1.36,60.03,1.14,68.4,0.67
2025-01-26,10:15,Inverted-V,62,TCT,850.5,28.5,51.8,74.85,1.38,59.88,1.16,69.2,0.67
2025-01-26,10:30,Inverted-V,62,TCT,862.2,28.8,52.4,74.66,1.4,59.73,1.17,70.0,0.67
2025-01-26,10:45,Inverted-V,62,TCT,873.8,29.1,53.0,74.48,1.42,59.58,1.19,70.8,0.67
2025-01-26,11:00,Inverted-V,62,TCT,885.4,29.4,53.5,74.29,1.44,59.43,1.2,71.6,0.67
2025-01-26,11:15,Inverted-V,62,TCT,877.2,29.6,53.5,74.29,1.42,59.43,1.19,70.9,0.67
2025-01-26,11:30,Inverted-V,62,TCT,869.0,29.8,53.5,74.29,1.41,59.44,1.18,70.3,0.67
2025-01-26,11:45,Inverted-V,62,TCT,860.7,30.0,53.5,74.3,1.4,59.44,1.17,69.6,0.67
2025-01-26,12:00,Inverted-V,62,TCT,852.5,30.2,53.5,74.3,1.38,59.44,1.16,68.9,0.67
2025-01-26,12:15,Inverted-V,62,TCT,833.8,30.3,53.1,74.43,1.35,59.54,1.13,67.5,0.67
2025-01-26,12:30,Inverted-V,62,TCT,815.2,30.3,52.7,74.55,1.32,59.64,1.11,66.1,0.67
2025-01-26,12:45,Inverted-V,62,TCT,796.5,30.4,52.3,74.68,1.29,59.74,1.08,64.7,0.67
2025-01-26,13:00,Inverted-V,62,TCT,777.8,30.5,51.9,74.81,1.26,59.84,1.06,63.2,0.67
2025-01-26,13:15,Inverted-V,62,TCT,730.7,30.4,50.7,75.2,1.18,60.16,0.99,59.6,0.67
2025-01-26,13:30,Inverted-V,62,TCT,683.5,30.3,49.4,75.6,1.11,60.48,0.93,56.0,0.67
2025-01-26,13:45,Inverted-V,62,TCT,636.4,30.2,48.1,76.0,1.03,60.8,0.86,52.4,0.67
2025-01-26,14:00,Inverted-V,62,TCT,589.2,30.1,46.9,76.4,0.95,61.12,0.8,48.7,0.67
2025-01-26,14:15,Inverted-V,62,TCT,541.7,29.9,45.5,76.85,0.87,61.48,0.73,44.9,0.67
2025-01-26,14:30,Inverted-V,62,TCT,494.1,29.7,44.1,77.29,0.8,61.83,0.67,41.2,0.67
2025-01-26,14:45,Inverted-V,62,TCT,446.5,29.5,42.7,77.74,0.72,62.19,0.6,37.4,0.67
2025-01-26,15:00,Inverted-V,62,TCT,398.9,29.3,41.3,78.18,0.64,62.55,0.54,33.5,0.67
2025-01-26,15:15,Inverted-V,62,TCT,350.8,28.9,39.7,78.68,0.56,62.95,0.47,29.6,0.67
2025-01-26,15:30,Inverted-V,62,TCT,302.7,28.5,38.1,79.18,0.48,63.35,0.41,25.7,0.67
2025-01-26,15:45,Inverted-V,62,TCT,254.6,28.1,36.5,79.69,0.41,63.75,0.34,21.7,0.67
2025-01-26,16:00,Inverted-V,62,TCT,206.5,27.8,34.9,80.19,0.33,64.15,0.28,17.7,0.67
2025-01-26,16:15,Inverted-V,62,TCT,164.6,27.1,33.2,80.72,0.26,64.58,0.22,14.2,0.67
2025-01-26,16:30,Inverted-V,62,TCT,122.8,26.5,31.5,81.26,0.2,65.01,0.16,10.6,0.67
2025-01-26,16:45,Inverted-V,62,TCT,80.9,25.8,29.8,81.8,0.13,65.44,0.11,7.0,0.67
2025-01-26,17:00,Inverted-V,62,TCT,39.1,25.2,28.1,82.33,0.06,65.87,0.05,3.4,0.67
2025-01-26,17:15,Inverted-V,62,TCT,29.3,24.8,27.5,82.53,0.05,66.03,0.04,2.6,0.67
2025-01-26,17:30,Inverted-V,62,TCT,19.5,24.4,26.9,82.73,0.03,66.19,0.03,1.7,0.67
2025-01-26,17:45,Inverted-V,62,TCT,9.8,24.0,26.2,82.94,0.02,66.35,0.01,0.9,0.67
2025-01-27,05:15,Inverted-V,62,TCT,7.9,18.6,20.8,84.65,0.01,67.72,0.01,0.7,0.67
2025-01-27,05:30,Inverted-V,62,TCT,15.8,18.9,21.3,84.5,0.02,67.6,0.02,1.4,0.67
2025-01-27,05:45,Inverted-V,62,TCT,23.6,19.2,21.8,84.34,0.04,67.48,0.03,2.1,0.67
2025-01-27,06:00,Inverted-V,62,TCT,31.5,19.5,22.3,84.19,0.05,67.35,0.04,2.8,0.67
2025-01-27,06:15,Inverted-V,62,TCT,84.2,20.2,24.4,83.53,0.13,66.83,0.11,7.4,0.67
2025-01-27,06:30,Inverted-V,62,TCT,136.9,21.0,26.4,82.88,0.22,66.3,0.18,12.0,0.67
2025-01-27,06:45,Inverted-V,62,TCT,189.6,21.8,28.5,82.22,0.3,65.78,0.25,16.6,0.67
2025-01-27,07:00,Inverted-V,62,TCT,242.3,22.5,30.6,81.56,0.38,65.25,0.32,21.0,0.67
2025-01-27,07:15,Inverted-V,62,TCT,302.1,23.2,32.8,80.87,0.48,64.7,0.4,26.1,0.67
2025-01-27,07:30,Inverted-V,62,TCT,362.0,23.9,34.9,80.18,0.58,64.14,0.48,31.0,0.67
2025-01-27,07:45,Inverted-V,62,TCT,421.8,24.6,37.1,79.49,0.67,63.59,0.56,35.9,0.67
2025-01-27,08:00,Inverted-V,62,TCT,481.7,25.3,39.3,78.8,0.77,63.04,0.65,40.7,0.67
2025-01-27,08:15,Inverted-V,62,TCT,546.1,25.7,41.4,78.15,0.88,62.52,0.73,45.9,0.67
2025-01-27,08:30,Inverted-V,62,TCT,610.6,26.2,43.4,77.49,0.98,61.99,0.82,51.0,0.67
2025-01-27,08:45,Inverted-V,62,TCT,675.0,26.6,45.5,76.84,1.09,61.47,0.91,56.0,0.67
2025-01-27,09:00,Inverted-V,62,TCT,739.5,27.1,47.6,76.18,1.19,60.95,1.0,61.0,0.67
2025-01-27,09:15,Inverted-V,62,TCT,782.8,27.5,49.1,75.71,1.27,60.57,1.06,64.2,0.67
2025-01-27,09:30,Inverted-V,62,TCT,826.1,27.9,50.5,75.24,1.34,60.19,1.12,67.5,0.67
2025-01-27,09:45,Inverted-V,62,TCT,869.5,28.3,52.0,74.77,1.41,59.81,1.18,70.6,0.67
2025-01-27,10:00,Inverted-V,62,TCT,912.8,28.7,53.5,74.3,1.48,59.44,1.24,73.8,0.67
2025-01-27,10:15,Inverted-V,62,TCT,934.5,29.0,54.4,74.03,1.52,59.22,1.27,75.4,0.67
2025-01-27,10:30,Inverted-V,62,TCT,956.3,29.3,55.2,73.76,1.56,59.01,1.3,76.9,0.67
2025-01-27,10:45,Inverted-V,62,TCT,978.0,29.6,56.1,73.49,1.59,58.79,1.33,78.4,0.67
2025-01-27,11:00,Inverted-V,62,TCT,999.8,29.9,56.9,73.22,1.63,58.58,1.36,79.9,0.67
2025-01-27,11:15,Inverted-V,62,TCT,998.9,30.1,57.1,73.17,1.63,58.54,1.36,79.8,0.67
2025-01-27,11:30,Inverted-V,62,TCT,998.0,30.3,57.2,73.13,1.63,58.5,1.36,79.7,0.67
2025-01-27,11:45,Inverted-V,62,TCT,997.1,30.4,57.4,73.08,1.63,58.46,1.36,79.6,0.67
2025-01-27,12:00,Inverted-V,62,TCT,996.3,30.6,57.5,73.03,1.62,58.43,1.36,79.5,0.67
2025-01-27,12:15,Inverted-V,62,TCT,971.1,30.6,56.9,73.22,1.58,58.58,1.33,77.6,0.67
2025-01-27,12:30,Inverted-V,62,TCT,946.0,30.7,56.3,73.41,1.54,58.73,1.29,75.8,0.67
2025-01-27,12:45,Inverted-V,62,TCT,920.8,30.7,55.7,73.6,1.5,58.88,1.26,73.9,0.67
2025-01-27,13:00,Inverted-V,62,TCT,895.6,30.7,55.1,73.79,1.46,59.03,1.22,72.0,0.67
2025-01-27,13:15,Inverted-V,62,TCT,848.6,30.7,53.9,74.18,1.38,59.35,1.15,68.5,0.67
2025-01-27,13:30,Inverted-V,62,TCT,801.5,30.6,52.6,74.58,1.3,59.67,1.09,65.0,0.67
2025-01-27,13:45,Inverted-V,62,TCT,754.5,30.5,51.4,74.98,1.22,59.98,1.02,61.4,0.67
2025-01-27,14:00,Inverted-V,62,TCT,707.5,30.4,50.1,75.38,1.15,60.3,0.96,57.8,0.67
2025-01-27,14:15,Inverted-V,62,TCT,650.1,30.2,48.5,75.9,1.05,60.72,0.88,53.4,0.67
2025-01-27,14:30,Inverted-V,62,TCT,592.7,30.0,46.8,76.42,0.96,61.13,0.8,49.0,0.67
2025-01-27,14:45,Inverted-V,62,TCT,535.3,29.8,45.2,76.94,0.86,61.55,0.72,44.5,0.67
2025-01-27,15:00,Inverted-V,62,TCT,477.9,29.6,43.5,77.46,0.77,61.96,0.64,39.9,0.67
2025-01-27,15:15,Inverted-V,62,TCT,420.2,29.2,41.7,78.03,0.67,62.42,0.57,35.3,0.67
2025-01-27,15:30,Inverted-V,62,TCT,362.6,28.9,39.9,78.6,0.58,62.88,0.49,30.6,0.67
2025-01-27,15:45,Inverted-V,62,TCT,304.9,28.5,38.1,79.17,0.49,63.34,0.41,25.9,0.67
2025-01-27,16:00,Inverted-V,62,TCT,247.3,28.1,36.3,79.74,0.39,63.79,0.33,21.1,0.67
2025-01-27,16:15,Inverted-V,62,TCT,196.0,27.4,34.3,80.38,0.31,64.3,0.26,16.8,0.67
2025-01-27,16:30,Inverted-V,62,TCT,144.8,26.7,32.3,81.01,0.23,64.81,0.19,12.5,0.67
2025-01-27,16:45,Inverted-V,62,TCT,93.6,26.0,30.3,81.64,0.15,65.31,0.12,8.1,0.67
2025-01-27,17:00,Inverted-V,62,TCT,42.3,25.3,28.3,82.27,0.07,65.82,0.06,3.7,0.67
2025-01-27,17:15,Inverted-V,62,TCT,31.8,24.9,27.7,82.46,0.05,65.97,0.04,2.8,0.67
2025-01-27,17:30,Inverted-V,62,TCT,21.2,24.6,27.1,82.66,0.03,66.12,0.03,1.9,0.67
2025-01-27,17:45,Inverted-V,62,TCT,10.6,24.3,26.5,82.85,0.02,66.28,0.01,0.9,0.67
2025-01-28,05:15,Inverted-V,62,TCT,6.6,19.7,21.9,84.32,0.01,67.46,0.01,0.6,0.67
2025-01-28,05:30,Inverted-V,62,TCT,13.3,19.9,22.2,84.21,0.02,67.37,0.02,1.2,0.67
2025-01-28,05:45,Inverted-V,62,TCT,19.9,20.1,22.6,84.1,0.03,67.28,0.03,1.8,0.67
2025-01-28,06:00,Inverted-V,62,TCT,26.6,20.2,22.9,83.99,0.04,67.19,0.04,2.4,0.67
2025-01-28,06:15,Inverted-V,62,TCT,70.1,20.7,24.5,83.49,0.11,66.79,0.09,6.2,0.67
2025-01-28,06:30,Inverted-V,62,TCT,113.6,21.2,26.1,83.0,0.18,66.4,0.15,10.0,0.67
2025-01-28,06:45,Inverted-V,62,TCT,157.2,21.7,27.6,82.5,0.25,66.0,0.21,13.8,0.67
2025-01-28,07:00,Inverted-V,62,TCT,200.7,22.2,29.2,82.0,0.32,65.6,0.27,17.5,0.67
2025-01-28,07:15,Inverted-V,62,TCT,254.6,23.1,31.5,81.27,0.4,65.02,0.34,22.0,0.67
2025-01-28,07:30,Inverted-V,62,TCT,308.5,24.1,33.8,80.54,0.49,64.43,0.41,26.5,0.67
2025-01-28,07:45,Inverted-V,62,TCT,362.4,25.1,36.1,79.81,0.58,63.85,0.48,30.9,0.67
2025-01-28,08:00,Inverted-V,62,TCT,416.3,26.0,38.4,79.08,0.67,63.26,0.56,35.3,0.67
2025-01-28,08:15,Inverted-V,62,TCT,461.4,26.6,40.2,78.52,0.74,62.82,0.62,38.9,0.67
2025-01-28,08:30,Inverted-V,62,TCT,506.4,27.3,41.9,77.97,0.81,62.37,0.68,42.5,0.67
2025-01-28,08:45,Inverted-V,62,TCT,551.4,27.9,43.7,77.41,0.89,61.93,0.74,46.0,0.67
2025-01-28,09:00,Inverted-V,62,TCT,596.5,28.5,45.4,76.86,0.96,61.48,0.81,49.5,0.67
2025-01-28,09:15,Inverted-V,62,TCT,656.1,28.9,47.3,76.27,1.06,61.02,0.89,54.1,0.67
2025-01-28,09:30,Inverted-V,62,TCT,715.8,29.2,49.1,75.68,1.16,60.55,0.97,58.7,0.67
2025-01-28,09:45,Inverted-V,62,TCT,775.4,29.6,51.0,75.1,1.26,60.08,1.05,63.2,0.67
2025-01-28,10:00,Inverted-V,62,TCT,835.0,30.0,52.8,74.51,1.36,59.61,1.14,67.7,0.67
2025-01-28,10:15,Inverted-V,62,TCT,858.2,30.1,53.6,74.27,1.39,59.42,1.17,69.4,0.67
2025-01-28,10:30,Inverted-V,62,TCT,881.4,30.3,54.4,74.03,1.43,59.22,1.2,71.1,0.67
2025-01-28,10:45,Inverted-V,62,TCT,904.6,30.5,55.1,73.79,1.47,59.03,1.23,72.8,0.67
2025-01-28,11:00,Inverted-V,62,TCT,927.8,30.7,55.9,73.55,1.51,58.84,1.27,74.4,0.67
2025-01-28,11:15,Inverted-V,62,TCT,931.2,30.8,56.0,73.5,1.52,58.8,1.27,74.7,0.67
2025-01-28,11:30,Inverted-V,62,TCT,934.5,30.8,56.2,73.46,1.52,58.77,1.27,74.9,0.67
2025-01-28,11:45,Inverted-V,62,TCT,937.9,30.9,56.3,73.41,1.53,58.73,1.28,75.1,0.67
2025-01-28,12:00,Inverted-V,62,TCT,941.3,30.9,56.5,73.37,1.53,58.69,1.28,75.4,0.67
2025-01-28,12:15,Inverted-V,62,TCT,914.5,30.9,55.8,73.58,1.49,58.86,1.25,73.4,0.67
2025-01-28,12:30,Inverted-V,62,TCT,887.8,30.9,55.1,73.79,1.44,59.04,1.21,71.4,0.67
2025-01-28,12:45,Inverted-V,62,TCT,861.0,30.9,54.4,74.01,1.4,59.21,1.17,69.4,0.67
2025-01-28,13:00,Inverted-V,62,TCT,834.3,30.9,53.8,74.22,1.36,59.38,1.14,67.4,0.67
2025-01-28,13:15,Inverted-V,62,TCT,790.9,30.9,52.7,74.56,1.28,59.65,1.08,64.1,0.67
2025-01-28,13:30,Inverted-V,62,TCT,747.6,30.9,51.6,74.9,1.21,59.92,1.02,60.8,0.67
2025-01-28,13:45,Inverted-V,62,TCT,704.2,30.9,50.5,75.24,1.14,60.19,0.96,57.5,0.67
2025-01-28,14:00,Inverted-V,62,TCT,660.9,30.9,49.5,75.58,1.07,60.46,0.9,54.1,0.67
2025-01-28,14:15,Inverted-V,62,TCT,603.1,30.8,47.9,76.07,0.97,60.86,0.82,49.7,0.67
2025-01-28,14:30,Inverted-V,62,TCT,545.3,30.7,46.4,76.56,0.88,61.25,0.74,45.1,0.67
2025-01-28,14:45,Inverted-V,62,TCT,487.5,30.6,44.8,77.05,0.79,61.64,0.66,40.5,0.67
2025-01-28,15:00,Inverted-V,62,TCT,429.8,30.5,43.3,77.54,0.69,62.03,0.58,35.9,0.67
2025-01-28,15:15,Inverted-V,62,TCT,378.1,30.1,41.6,78.08,0.61,62.46,0.51,31.8,0.67
2025-01-28,15:30,Inverted-V,62,TCT,326.4,29.7,39.9,78.61,0.52,62.89,0.44,27.6,0.67
2025-01-28,15:45,Inverted-V,62,TCT,274.8,29.3,38.2,79.15,0.44,63.32,0.37,23.3,0.67
2025-01-28,16:00,Inverted-V,62,TCT,223.1,28.9,36.5,79.69,0.36,63.75,0.3,19.0,0.67
2025-01-28,16:15,Inverted-V,62,TCT,176.8,28.1,34.5,80.31,0.28,64.25,0.24,15.2,0.67
2025-01-28,16:30,Inverted-V,62,TCT,130.4,27.3,32.6,80.94,0.21,64.75,0.17,11.3,0.67
2025-01-28,16:45,Inverted-V,62,TCT,84.1,26.5,30.6,81.56,0.13,65.25,0.11,7.3,0.67
2025-01-28,17:00,Inverted-V,62,TCT,37.7,25.7,28.6,82.19,0.06,65.75,0.05,3.3,0.67
2025-01-28,17:15,Inverted-V,62,TCT,28.3,25.4,28.1,82.34,0.04,65.87,0.04,2.5,0.67
2025-01-28,17:30,Inverted-V,62,TCT,18.9,25.1,27.6,82.5,0.03,66.0,0.03,1.7,0.67
2025-01-28,17:45,Inverted-V,62,TCT,9.4,24.9,27.1,82.65,0.01,66.12,0.01,0.8,0.67
2025-01-29,05:30,Inverted-V,62,TCT,9.5,19.9,22.1,84.25,0.01,67.4,0.01,0.8,0.67
2025-01-29,05:45,Inverted-V,62,TCT,14.2,19.9,22.3,84.18,0.02,67.35,0.02,1.3,0.67
2025-01-29,06:00,Inverted-V,62,TCT,18.9,20.0,22.5,84.12,0.03,67.29,0.02,1.7,0.67
2025-01-29,06:15,Inverted-V,62,TCT,46.7,20.5,23.6,83.77,0.07,67.01,0.06,4.1,0.67
2025-01-29,06:30,Inverted-V,62,TCT,74.4,20.9,24.7,83.41,0.12,66.73,0.1,6.6,0.67
2025-01-29,06:45,Inverted-V,62,TCT,102.2,21.3,25.9,83.06,0.16,66.45,0.14,9.0,0.67
2025-01-29,07:00,Inverted-V,62,TCT,129.9,21.7,27.0,82.7,0.21,66.16,0.17,11.4,0.67
2025-01-29,07:15,Inverted-V,62,TCT,173.9,22.5,28.8,82.12,0.28,65.7,0.23,15.2,0.67
2025-01-29,07:30,Inverted-V,62,TCT,217.8,23.2,30.7,81.54,0.35,65.23,0.29,18.9,0.67
2025-01-29,07:45,Inverted-V,62,TCT,261.8,24.0,32.5,80.95,0.42,64.76,0.35,22.6,0.67
2025-01-29,08:00,Inverted-V,62,TCT,305.7,24.7,34.4,80.37,0.49,64.29,0.41,26.2,0.67
2025-01-29,08:15,Inverted-V,62,TCT,329.9,25.2,35.4,80.03,0.53,64.02,0.44,28.2,0.67
2025-01-29,08:30,Inverted-V,62,TCT,354.0,25.6,36.5,79.69,0.57,63.76,0.47,30.2,0.67
2025-01-29,08:45,Inverted-V,62,TCT,378.1,26.1,37.5,79.36,0.6,63.49,0.51,32.2,0.67
2025-01-29,09:00,Inverted-V,62,TCT,402.3,26.5,38.6,79.02,0.64,63.22,0.54,34.1,0.67
2025-01-29,09:15,Inverted-V,62,TCT,449.7,26.7,39.9,78.6,0.72,62.88,0.6,38.0,0.67
2025-01-29,09:30,Inverted-V,62,TCT,497.1,26.8,41.3,78.18,0.8,62.54,0.67,41.8,0.67
2025-01-29,09:45,Inverted-V,62,TCT,544.5,27.0,42.6,77.75,0.88,62.2,0.73,45.6,0.67
2025-01-29,10:00,Inverted-V,62,TCT,592.0,27.1,43.9,77.33,0.95,61.86,0.8,49.4,0.67
2025-01-29,10:15,Inverted-V,62,TCT,603.6,27.5,44.6,77.12,0.97,61.7,0.81,50.2,0.67
2025-01-29,10:30,Inverted-V,62,TCT,615.2,27.9,45.2,76.92,0.99,61.54,0.83,51.1,0.67
2025-01-29,10:45,Inverted-V,62,TCT,626.8,28.2,45.9,76.72,1.01,61.37,0.85,51.9,0.67
2025-01-29,11:00,Inverted-V,62,TCT,638.5,28.6,46.5,76.51,1.03,61.21,0.86,52.8,0.67
2025-01-29,11:15,Inverted-V,62,TCT,633.3,28.8,46.6,76.47,1.02,61.18,0.86,52.4,0.67
2025-01-29,11:30,Inverted-V,62,TCT,628.2,29.1,46.8,76.44,1.01,61.15,0.85,51.9,0.67
2025-01-29,11:45,Inverted-V,62,TCT,623.0,29.3,46.9,76.4,1.01,61.12,0.84,51.5,0.67
2025-01-29,12:00,Inverted-V,62,TCT,617.9,29.6,47.0,76.36,1.0,61.09,0.84,51.0,0.67
2025-01-29,12:15,Inverted-V,62,TCT,616.7,29.6,47.1,76.34,1.0,61.07,0.83,50.9,0.67
2025-01-29,12:30,Inverted-V,62,TCT,615.6,29.7,47.1,76.33,0.99,61.06,0.83,50.8,0.67
2025-01-29,12:45,Inverted-V,62,TCT,614.4,29.8,47.2,76.31,0.99,61.05,0.83,50.7,0.67
2025-01-29,13:00,Inverted-V,62,TCT,613.3,29.9,47.2,76.29,0.99,61.04,0.83,50.6,0.67
2025-01-29,13:15,Inverted-V,62,TCT,583.1,29.8,46.4,76.57,0.94,61.25,0.79,48.2,0.67
2025-01-29,13:30,Inverted-V,62,TCT,552.9,29.7,45.5,76.84,0.89,61.47,0.75,45.9,0.67
2025-01-29,13:45,Inverted-V,62,TCT,522.6,29.6,44.6,77.11,0.84,61.69,0.7,43.5,0.67
2025-01-29,14:00,Inverted-V,62,TCT,492.4,29.5,43.8,77.38,0.79,61.91,0.66,41.1,0.67
2025-01-29,14:15,Inverted-V,62,TCT,445.9,29.2,42.4,77.83,0.72,62.26,0.6,37.4,0.67
2025-01-29,14:30,Inverted-V,62,TCT,399.4,29.0,40.9,78.28,0.64,62.62,0.54,33.6,0.67
2025-01-29,14:45,Inverted-V,62,TCT,352.8,28.7,39.5,78.73,0.57,62.98,0.47,29.8,0.67
2025-01-29,15:00,Inverted-V,62,TCT,306.3,28.4,38.1,79.18,0.49,63.34,0.41,26.0,0.67
2025-01-29,15:15,Inverted-V,62,TCT,268.0,28.1,36.8,79.6,0.43,63.68,0.36,22.8,0.67
2025-01-29,15:30,Inverted-V,62,TCT,229.8,27.7,35.5,80.02,0.37,64.01,0.31,19.7,0.67
2025-01-29,15:45,Inverted-V,62,TCT,191.5,27.4,34.1,80.43,0.31,64.35,0.26,16.4,0.67
2025-01-29,16:00,Inverted-V,62,TCT,153.3,27.0,32.8,80.85,0.24,64.68,0.2,13.2,0.67
2025-01-29,16:15,Inverted-V,62,TCT,121.9,26.5,31.6,81.25,0.19,65.0,0.16,10.5,0.67
2025-01-29,16:30,Inverted-V,62,TCT,90.5,26.1,30.3,81.64,0.14,65.31,0.12,7.9,0.67
2025-01-29,16:45,Inverted-V,62,TCT,59.1,25.6,29.1,82.03,0.09,65.63,0.08,5.2,0.67
2025-01-29,17:00,Inverted-V,62,TCT,27.7,25.1,27.8,82.43,0.04,65.94,0.04,2.4,0.67
2025-01-29,17:15,Inverted-V,62,TCT,20.8,25.0,27.5,82.54,0.03,66.03,0.03,1.8,0.67
2025-01-29,17:30,Inverted-V,62,TCT,13.9,24.8,27.1,82.66,0.02,66.13,0.02,1.2,0.67
2025-01-29,17:45,Inverted-V,62,TCT,6.9,24.6,26.8,82.77,0.01,66.22,0.01,0.6,0.67
2025-01-30,05:30,Inverted-V,62,TCT,8.5,21.6,23.8,83.7,0.01,66.96,0.01,0.8,0.67
2025-01-30,05:45,Inverted-V,62,TCT,12.8,21.7,24.0,83.64,0.02,66.91,0.02,1.1,0.67
2025-01-30,06:00,Inverted-V,62,TCT,17.1,21.8,24.2,83.58,0.03,66.86,0.02,1.5,0.67
2025-01-30,06:15,Inverted-V,62,TCT,46.7,22.2,25.4,83.2,0.07,66.56,0.06,4.1,0.67
2025-01-30,06:30,Inverted-V,62,TCT,76.4,22.7,26.6,82.83,0.12,66.27,0.1,6.7,0.67
2025-01-30,06:45,Inverted-V,62,TCT,106.1,23.1,27.7,82.46,0.17,65.97,0.14,9.3,0.67
2025-01-30,07:00,Inverted-V,62,TCT,135.8,23.5,28.9,82.09,0.22,65.67,0.18,11.8,0.67
2025-01-30,07:15,Inverted-V,62,TCT,173.7,24.1,30.4,81.61,0.28,65.28,0.23,15.1,0.67
2025-01-30,07:30,Inverted-V,62,TCT,211.7,24.7,32.0,81.12,0.34,64.9,0.28,18.3,0.67
2025-01-30,07:45,Inverted-V,62,TCT,249.7,25.2,33.5,80.64,0.4,64.51,0.33,21.5,0.67
2025-01-30,08:00,Inverted-V,62,TCT,287.7,25.8,35.0,80.16,0.46,64.13,0.38,24.6,0.67
2025-01-30,08:15,Inverted-V,62,TCT,319.8,26.3,36.3,79.74,0.51,63.79,0.43,27.3,0.67
2025-01-30,08:30,Inverted-V,62,TCT,351.9,26.8,37.6,79.33,0.56,63.46,0.47,29.9,0.67
2025-01-30,08:45,Inverted-V,62,TCT,384.0,27.4,39.0,78.91,0.61,63.13,0.51,32.5,0.67
2025-01-30,09:00,Inverted-V,62,TCT,416.0,27.9,40.3,78.49,0.67,62.79,0.56,35.1,0.67
2025-01-30,09:15,Inverted-V,62,TCT,433.7,28.3,41.1,78.23,0.7,62.58,0.58,36.5,0.67
2025-01-30,09:30,Inverted-V,62,TCT,451.4,28.7,41.9,77.96,0.72,62.37,0.61,37.9,0.67
2025-01-30,09:45,Inverted-V,62,TCT,469.0,29.1,42.8,77.7,0.75,62.16,0.63,39.2,0.67
2025-01-30,10:00,Inverted-V,62,TCT,486.7,29.4,43.6,77.43,0.78,61.95,0.66,40.6,0.67
2025-01-30,10:15,Inverted-V,62,TCT,523.9,29.6,44.7,77.1,0.84,61.68,0.71,43.6,0.67
2025-01-30,10:30,Inverted-V,62,TCT,561.1,29.7,45.7,76.77,0.9,61.42,0.76,46.5,0.67
2025-01-30,10:45,Inverted-V,62,TCT,598.3,29.8,46.8,76.44,0.97,61.15,0.81,49.4,0.67
2025-01-30,11:00,Inverted-V,62,TCT,635.5,29.9,47.8,76.11,1.03,60.89,0.86,52.3,0.67
2025-01-30,11:15,Inverted-V,62,TCT,641.6,29.8,47.9,76.09,1.04,60.87,0.87,52.8,0.67
2025-01-30,11:30,Inverted-V,62,TCT,647.8,29.7,47.9,76.07,1.05,60.86,0.88,53.3,0.67
2025-01-30,11:45,Inverted-V,62,TCT,653.9,29.6,48.0,76.05,1.06,60.84,0.88,53.8,0.67
2025-01-30,12:00,Inverted-V,62,TCT,660.1,29.6,48.1,76.03,1.07,60.82,0.89,54.3,0.67
2025-01-30,12:15,Inverted-V,62,TCT,656.9,29.5,47.9,76.08,1.06,60.87,0.89,54.1,0.67
2025-01-30,12:30,Inverted-V,62,TCT,653.7,29.4,47.7,76.14,1.06,60.91,0.88,53.9,0.67
2025-01-30,12:45,Inverted-V,62,TCT,650.5,29.3,47.5,76.19,1.05,60.95,0.88,53.6,0.67
2025-01-30,13:00,Inverted-V,62,TCT,647.3,29.2,47.4,76.24,1.05,61.0,0.88,53.4,0.67
2025-01-30,13:15,Inverted-V,62,TCT,598.6,29.1,46.1,76.66,0.97,61.32,0.81,49.6,0.67
2025-01-30,13:30,Inverted-V,62,TCT,549.9,29.0,44.8,77.07,0.89,61.65,0.74,45.7,0.67
2025-01-30,13:45,Inverted-V,62,TCT,501.2,28.9,43.5,77.48,0.81,61.98,0.68,41.8,0.67
2025-01-30,14:00,Inverted-V,62,TCT,452.5,28.9,42.2,77.89,0.73,62.31,0.61,37.9,0.67
2025-01-30,14:15,Inverted-V,62,TCT,406.9,28.8,40.9,78.28,0.65,62.63,0.55,34.2,0.67
2025-01-30,14:30,Inverted-V,62,TCT,361.4,28.7,39.7,78.67,0.58,62.94,0.49,30.5,0.67
2025-01-30,14:45,Inverted-V,62,TCT,315.9,28.6,38.5,79.07,0.51,63.25,0.42,26.8,0.67
2025-01-30,15:00,Inverted-V,62,TCT,270.4,28.5,37.2,79.46,0.43,63.57,0.36,23.0,0.67
2025-01-30,15:15,Inverted-V,62,TCT,236.5,28.3,36.2,79.79,0.38,63.83,0.32,20.2,0.67
2025-01-30,15:30,Inverted-V,62,TCT,202.7,28.1,35.1,80.12,0.32,64.1,0.27,17.4,0.67
2025-01-30,15:45,Inverted-V,62,TCT,168.8,27.9,34.1,80.45,0.27,64.36,0.23,14.5,0.67
2025-01-30,16:00,Inverted-V,62,TCT,135.0,27.7,33.0,80.78,0.21,64.63,0.18,11.6,0.67
2025-01-30,16:15,Inverted-V,62,TCT,107.1,27.3,32.0,81.12,0.17,64.9,0.14,9.3,0.67
2025-01-30,16:30,Inverted-V,62,TCT,79.3,26.9,30.9,81.46,0.13,65.17,0.11,6.9,0.67
2025-01-30,16:45,Inverted-V,62,TCT,51.4,26.5,29.8,81.8,0.08,65.44,0.07,4.5,0.67
2025-01-30,17:00,Inverted-V,62,TCT,23.5,26.2,28.7,82.14,0.04,65.71,0.03,2.1,0.67
2025-01-30,17:15,Inverted-V,62,TCT,17.7,26.0,28.4,82.24,0.03,65.79,0.02,1.5,0.67
2025-01-30,17:30,Inverted-V,62,TCT,11.8,25.8,28.1,82.35,0.02,65.88,0.02,1.0,0.67
2025-01-30,17:45,Inverted-V,62,TCT,5.9,25.6,27.8,82.45,0.01,65.96,0.01,0.5,0.67
2025-01-31,05:30,Inverted-V,62,TCT,7.4,23.0,25.2,83.26,0.01,66.61,0.01,0.7,0.67
2025-01-31,05:45,Inverted-V,62,TCT,11.1,23.2,25.4,83.19,0.02,66.55,0.01,1.0,0.67
2025-01-31,06:00,Inverted-V,62,TCT,14.9,23.3,25.7,83.12,0.02,66.49,0.02,1.3,0.67
2025-01-31,06:15,Inverted-V,62,TCT,42.0,23.7,26.7,82.79,0.07,66.23,0.06,3.7,0.67
2025-01-31,06:30,Inverted-V,62,TCT,69.2,24.0,27.8,82.46,0.11,65.97,0.09,6.1,0.67
2025-01-31,06:45,Inverted-V,62,TCT,96.4,24.4,28.8,82.13,0.15,65.7,0.13,8.4,0.67
2025-01-31,07:00,Inverted-V,62,TCT,123.6,24.8,29.8,81.8,0.2,65.44,0.16,10.8,0.67
2025-01-31,07:15,Inverted-V,62,TCT,161.7,25.2,31.3,81.35,0.26,65.08,0.22,14.0,0.67
2025-01-31,07:30,Inverted-V,62,TCT,199.8,25.7,32.7,80.9,0.32,64.72,0.27,17.2,0.67
2025-01-31,07:45,Inverted-V,62,TCT,237.9,26.2,34.1,80.45,0.38,64.36,0.32,20.4,0.67
2025-01-31,08:00,Inverted-V,62,TCT,276.0,26.6,35.5,80.0,0.44,64.0,0.37,23.6,0.67
2025-01-31,08:15,Inverted-V,62,TCT,314.8,27.1,37.0,79.54,0.5,63.64,0.42,26.8,0.67
2025-01-31,08:30,Inverted-V,62,TCT,353.6,27.5,38.4,79.09,0.57,63.27,0.47,30.0,0.67
2025-01-31,08:45,Inverted-V,62,TCT,392.4,28.0,39.8,78.64,0.63,62.91,0.53,33.1,0.67
2025-01-31,09:00,Inverted-V,62,TCT,431.2,28.5,41.2,78.19,0.69,62.55,0.58,36.3,0.67
2025-01-31,09:15,Inverted-V,62,TCT,472.8,28.8,42.6,77.74,0.76,62.19,0.64,39.6,0.67
2025-01-31,09:30,Inverted-V,62,TCT,514.4,29.2,44.0,77.3,0.83,61.84,0.69,42.9,0.67
2025-01-31,09:45,Inverted-V,62,TCT,556.1,29.5,45.4,76.86,0.9,61.49,0.75,46.1,0.67
2025-01-31,10:00,Inverted-V,62,TCT,597.7,29.9,46.8,76.41,0.96,61.13,0.81,49.4,0.67
2025-01-31,10:15,Inverted-V,62,TCT,597.0,30.1,47.1,76.35,0.96,61.08,0.81,49.3,0.67
2025-01-31,10:30,Inverted-V,62,TCT,596.3,30.4,47.3,76.28,0.96,61.02,0.81,49.2,0.67
2025-01-31,10:45,Inverted-V,62,TCT,595.5,30.6,47.5,76.21,0.96,60.97,0.81,49.1,0.67
2025-01-31,11:00,Inverted-V,62,TCT,594.8,30.8,47.7,76.14,0.96,60.91,0.8,49.0,0.67
2025-01-31,11:15,Inverted-V,62,TCT,586.7,31.0,47.6,76.16,0.95,60.93,0.79,48.4,0.67
2025-01-31,11:30,Inverted-V,62,TCT,578.5,31.1,47.5,76.19,0.93,60.95,0.78,47.7,0.67
2025-01-31,11:45,Inverted-V,62,TCT,570.4,31.2,47.5,76.22,0.92,60.97,0.77,47.0,0.67
2025-01-31,12:00,Inverted-V,62,TCT,562.3,31.3,47.4,76.25,0.91,61.0,0.76,46.4,0.67
2025-01-31,12:15,Inverted-V,62,TCT,557.0,31.3,47.2,76.29,0.9,61.03,0.75,46.0,0.67
2025-01-31,12:30,Inverted-V,62,TCT,551.7,31.3,47.1,76.33,0.89,61.06,0.75,45.5,0.67
2025-01-31,12:45,Inverted-V,62,TCT,546.5,31.3,47.0,76.37,0.88,61.1,0.74,45.1,0.67
2025-01-31,13:00,Inverted-V,62,TCT,541.2,31.3,46.8,76.42,0.87,61.13,0.73,44.7,0.67
2025-01-31,13:15,Inverted-V,62,TCT,556.2,31.2,47.1,76.33,0.9,61.06,0.75,45.9,0.67
2025-01-31,13:30,Inverted-V,62,TCT,571.1,31.1,47.4,76.24,0.92,60.99,0.77,47.1,0.67
2025-01-31,13:45,Inverted-V,62,TCT,586.1,31.0,47.6,76.16,0.95,60.93,0.79,48.3,0.67
2025-01-31,14:00,Inverted-V,62,TCT,601.1,30.9,47.9,76.07,0.97,60.86,0.81,49.5,0.67
2025-01-31,14:15,Inverted-V,62,TCT,557.7,30.7,46.7,76.46,0.9,61.17,0.75,46.1,0.67
2025-01-31,14:30,Inverted-V,62,TCT,514.4,30.6,45.5,76.85,0.83,61.48,0.69,42.7,0.67
2025-01-31,14:45,Inverted-V,62,TCT,471.1,30.5,44.2,77.24,0.76,61.79,0.64,39.2,0.67
2025-01-31,15:00,Inverted-V,62,TCT,427.8,30.3,43.0,77.62,0.69,62.1,0.58,35.8,0.67
2025-01-31,15:15,Inverted-V,62,TCT,374.2,30.1,41.4,78.13,0.6,62.5,0.5,31.4,0.67
2025-01-31,15:30,Inverted-V,62,TCT,320.6,29.8,39.8,78.63,0.51,62.9,0.43,27.1,0.67
2025-01-31,15:45,Inverted-V,62,TCT,267.0,29.6,38.2,79.13,0.43,63.31,0.36,22.7,0.67
2025-01-31,16:00,Inverted-V,62,TCT,213.4,29.3,36.7,79.64,0.34,63.71,0.29,18.2,0.67
2025-01-31,16:15,Inverted-V,62,TCT,170.1,28.8,35.1,80.14,0.27,64.11,0.23,14.6,0.67
2025-01-31,16:30,Inverted-V,62,TCT,126.8,28.3,33.5,80.64,0.2,64.51,0.17,10.9,0.67
2025-01-31,16:45,Inverted-V,62,TCT,83.5,27.8,31.9,81.14,0.13,64.91,0.11,7.2,0.67
2025-01-31,17:00,Inverted-V,62,TCT,40.2,27.3,30.3,81.64,0.06,65.31,0.05,3.5,0.67
2025-01-31,17:15,Inverted-V,62,TCT,30.2,27.0,29.8,81.81,0.05,65.45,0.04,2.6,0.67
2025-01-31,17:30,Inverted-V,62,TCT,20.1,26.7,29.2,81.99,0.03,65.59,0.03,1.8,0.67
2025-01-31,17:45,Inverted-V,62,TCT,10.1,26.4,28.7,82.17,0.02,65.73,0.01,0.9,0.67
