Date,Time,Month,Season,Shape,Spacing_cm,Irradiation_Wm2,AmbientTemp_C,CellTemp_C,Voc_V,Isc_A,Vm_V,Im_A,Pm_W,FF
2024-07-01,06:00,July,Monsoon,Flat,62,55.72,25.8,31.19,81.37,0.08,65.09,0.07,4.51,0.67
2024-07-01,06:15,July,Monsoon,Flat,62,55.72,25.8,31.19,81.37,0.08,65.09,0.07,4.51,0.67
2024-07-01,06:30,July,Monsoon,Flat,62,55.72,25.8,31.19,81.37,0.08,65.09,0.07,4.51,0.67
2024-07-01,06:45,July,Monsoon,Flat,62,55.72,25.8,31.19,81.37,0.08,65.09,0.07,4.51,0.67
2024-07-01,07:00,July,Monsoon,Flat,62,175.38,26.95,35.33,80.06,0.26,64.04,0.22,14.03,0.67
2024-07-01,07:15,July,Monsoon,Flat,62,175.38,26.95,35.33,80.06,0.26,64.04,0.22,14.03,0.67
2024-07-01,07:30,July,Monsoon,Flat,62,175.38,26.95,35.33,80.06,0.26,64.04,0.22,14.03,0.67
2024-07-01,07:45,July,Monsoon,Flat,62,175.38,26.95,35.33,80.06,0.26,64.04,0.22,14.03,0.67
2024-07-01,08:00,July,Monsoon,Flat,62,319.35,28.16,40.14,78.53,0.48,62.83,0.4,25.18,0.67
2024-07-01,08:15,July,Monsoon,Flat,62,319.35,28.16,40.14,78.53,0.48,62.83,0.4,25.18,0.67
2024-07-01,08:30,July,Monsoon,Flat,62,319.35,28.16,40.14,78.53,0.48,62.83,0.4,25.18,0.67
2024-07-01,08:45,July,Monsoon,Flat,62,319.35,28.16,40.14,78.53,0.48,62.83,0.4,25.18,0.67
2024-07-01,09:00,July,Monsoon,Flat,62,445.75,29.36,44.5,77.15,0.67,61.72,0.56,34.67,0.67
2024-07-01,09:15,July,Monsoon,Flat,62,445.75,29.36,44.5,77.15,0.67,61.72,0.56,34.67,0.67
2024-07-01,09:30,July,Monsoon,Flat,62,445.75,29.36,44.5,77.15,0.67,61.72,0.56,34.67,0.67
2024-07-01,09:45,July,Monsoon,Flat,62,445.75,29.36,44.5,77.15,0.67,61.72,0.56,34.67,0.67
2024-07-01,10:00,July,Monsoon,Flat,62,503.5,30.55,47.14,76.32,0.76,61.05,0.64,38.84,0.67
2024-07-01,10:15,July,Monsoon,Flat,62,503.5,30.55,47.14,76.32,0.76,61.05,0.64,38.84,0.67
2024-07-01,10:30,July,Monsoon,Flat,62,503.5,30.55,47.14,76.32,0.76,61.05,0.64,38.84,0.67
2024-07-01,10:45,July,Monsoon,Flat,62,503.5,30.55,47.14,76.32,0.76,61.05,0.64,38.84,0.67
2024-07-01,11:00,July,Monsoon,Flat,62,479.52,31.66,47.65,76.16,0.72,60.93,0.61,36.93,0.67
2024-07-01,11:15,July,Monsoon,Flat,62,479.52,31.66,47.65,76.16,0.72,60.93,0.61,36.93,0.67
2024-07-01,11:30,July,Monsoon,Flat,62,479.52,31.66,47.65,76.16,0.72,60.93,0.61,36.93,0.67
2024-07-01,11:45,July,Monsoon,Flat,62,479.52,31.66,47.65,76.16,0.72,60.93,0.61,36.93,0.67
2024-07-01,12:00,July,Monsoon,Flat,62,582.78,32.64,51.21,75.03,0.88,60.02,0.74,44.37,0.67
2024-07-01,12:15,July,Monsoon,Flat,62,582.78,32.64,51.21,75.03,0.88,60.02,0.74,44.37,0.67
2024-07-01,12:30,July,Monsoon,Flat,62,582.78,32.64,51.21,75.03,0.88,60.02,0.74,44.37,0.67
2024-07-01,12:45,July,Monsoon,Flat,62,582.78,32.64,51.21,75.03,0.88,60.02,0.74,44.37,0.67
2024-07-01,13:00,July,Monsoon,Flat,62,422.25,33.19,47.75,76.13,0.64,60.9,0.53,32.51,0.67
2024-07-01,13:15,July,Monsoon,Flat,62,422.25,33.19,47.75,76.13,0.64,60.9,0.53,32.51,0.67
2024-07-01,13:30,July,Monsoon,Flat,62,422.25,33.19,47.75,76.13,0.64,60.9,0.53,32.51,0.67
2024-07-01,13:45,July,Monsoon,Flat,62,422.25,33.19,47.75,76.13,0.64,60.9,0.53,32.51,0.67
2024-07-01,14:00,July,Monsoon,Flat,62,336.6,33.1,45.52,76.83,0.51,61.47,0.42,26.1,0.67
2024-07-01,14:15,July,Monsoon,Flat,62,336.6,33.1,45.52,76.83,0.51,61.47,0.42,26.1,0.67
2024-07-01,14:30,July,Monsoon,Flat,62,336.6,33.1,45.52,76.83,0.51,61.47,0.42,26.1,0.67
2024-07-01,14:45,July,Monsoon,Flat,62,336.6,33.1,45.52,76.83,0.51,61.47,0.42,26.1,0.67
2024-07-01,15:00,July,Monsoon,Flat,62,200.73,32.53,41.55,78.09,0.3,62.47,0.25,15.76,0.67
2024-07-01,15:15,July,Monsoon,Flat,62,200.73,32.53,41.55,78.09,0.3,62.47,0.25,15.76,0.67
2024-07-01,15:30,July,Monsoon,Flat,62,200.73,32.53,41.55,78.09,0.3,62.47,0.25,15.76,0.67
2024-07-01,15:45,July,Monsoon,Flat,62,200.73,32.53,41.55,78.09,0.3,62.47,0.25,15.76,0.67
2024-07-01,16:00,July,Monsoon,Flat,62,110.8,31.5,38.27,79.13,0.17,63.3,0.14,8.79,0.67
2024-07-01,16:15,July,Monsoon,Flat,62,110.8,31.5,38.27,79.13,0.17,63.3,0.14,8.79,0.67
2024-07-01,16:30,July,Monsoon,Flat,62,110.8,31.5,38.27,79.13,0.17,63.3,0.14,8.79,0.67
2024-07-01,16:45,July,Monsoon,Flat,62,110.8,31.5,38.27,79.13,0.17,63.3,0.14,8.79,0.67
2024-07-01,17:00,July,Monsoon,Flat,62,36.05,29.66,34.56,80.3,0.05,64.24,0.04,2.89,0.67
2024-07-01,17:15,July,Monsoon,Flat,62,36.05,29.66,34.56,80.3,0.05,64.24,0.04,2.89,0.67
2024-07-01,17:30,July,Monsoon,Flat,62,36.05,29.66,34.56,80.3,0.05,64.24,0.04,2.89,0.67
2024-07-01,17:45,July,Monsoon,Flat,62,36.05,29.66,34.56,80.3,0.05,64.24,0.04,2.89,0.67
2024-07-02,06:00,July,Monsoon,Flat,62,85.68,24.56,30.7,81.52,0.13,65.22,0.11,6.95,0.67
2024-07-02,06:15,July,Monsoon,Flat,62,85.68,24.56,30.7,81.52,0.13,65.22,0.11,6.95,0.67
2024-07-02,06:30,July,Monsoon,Flat,62,85.68,24.56,30.7,81.52,0.13,65.22,0.11,6.95,0.67
2024-07-02,06:45,July,Monsoon,Flat,62,85.68,24.56,30.7,81.52,0.13,65.22,0.11,6.95,0.67
2024-07-02,07:00,July,Monsoon,Flat,62,245.85,25.59,35.74,79.93,0.37,63.94,0.31,19.64,0.67
2024-07-02,07:15,July,Monsoon,Flat,62,245.85,25.59,35.74,79.93,0.37,63.94,0.31,19.64,0.67
2024-07-02,07:30,July,Monsoon,Flat,62,245.85,25.59,35.74,79.93,0.37,63.94,0.31,19.64,0.67
2024-07-02,07:45,July,Monsoon,Flat,62,245.85,25.59,35.74,79.93,0.37,63.94,0.31,19.64,0.67
2024-07-02,08:00,July,Monsoon,Flat,62,408.52,27.61,41.82,78.0,0.61,62.4,0.51,32.04,0.67
2024-07-02,08:15,July,Monsoon,Flat,62,408.52,27.61,41.82,78.0,0.61,62.4,0.51,32.04,0.67
2024-07-02,08:30,July,Monsoon,Flat,62,408.52,27.61,41.82,78.0,0.61,62.4,0.51,32.04,0.67
2024-07-02,08:45,July,Monsoon,Flat,62,408.52,27.61,41.82,78.0,0.61,62.4,0.51,32.04,0.67
2024-07-02,09:00,July,Monsoon,Flat,62,581.58,30.46,49.0,75.73,0.88,60.58,0.74,44.6,0.67
2024-07-02,09:15,July,Monsoon,Flat,62,581.58,30.46,49.0,75.73,0.88,60.58,0.74,44.6,0.67
2024-07-02,09:30,July,Monsoon,Flat,62,581.58,30.46,49.0,75.73,0.88,60.58,0.74,44.6,0.67
2024-07-02,09:45,July,Monsoon,Flat,62,581.58,30.46,49.0,75.73,0.88,60.58,0.74,44.6,0.67
2024-07-02,10:00,July,Monsoon,Flat,62,706.08,32.28,53.93,74.17,1.07,59.33,0.9,53.29,0.67
2024-07-02,10:15,July,Monsoon,Flat,62,706.08,32.28,53.93,74.17,1.07,59.33,0.9,53.29,0.67
2024-07-02,10:30,July,Monsoon,Flat,62,706.08,32.28,53.93,74.17,1.07,59.33,0.9,53.29,0.67
2024-07-02,10:45,July,Monsoon,Flat,62,706.08,32.28,53.93,74.17,1.07,59.33,0.9,53.29,0.67
2024-07-02,11:00,July,Monsoon,Flat,62,673.75,33.49,54.33,74.04,1.02,59.23,0.86,50.78,0.67
2024-07-02,11:15,July,Monsoon,Flat,62,673.75,33.49,54.33,74.04,1.02,59.23,0.86,50.78,0.67
2024-07-02,11:30,July,Monsoon,Flat,62,673.75,33.49,54.33,74.04,1.02,59.23,0.86,50.78,0.67
2024-07-02,11:45,July,Monsoon,Flat,62,673.75,33.49,54.33,74.04,1.02,59.23,0.86,50.78,0.67
2024-07-02,12:00,July,Monsoon,Flat,62,579.9,34.21,52.71,74.55,0.88,59.64,0.74,43.94,0.67
2024-07-02,12:15,July,Monsoon,Flat,62,579.9,34.21,52.71,74.55,0.88,59.64,0.74,43.94,0.67
2024-07-02,12:30,July,Monsoon,Flat,62,579.9,34.21,52.71,74.55,0.88,59.64,0.74,43.94,0.67
2024-07-02,12:45,July,Monsoon,Flat,62,579.9,34.21,52.71,74.55,0.88,59.64,0.74,43.94,0.67
2024-07-02,13:00,July,Monsoon,Flat,62,551.33,34.53,52.31,74.68,0.84,59.74,0.7,41.83,0.67
2024-07-02,13:15,July,Monsoon,Flat,62,551.33,34.53,52.31,74.68,0.84,59.74,0.7,41.83,0.67
2024-07-02,13:30,July,Monsoon,Flat,62,551.33,34.53,52.31,74.68,0.84,59.74,0.7,41.83,0.67
2024-07-02,13:45,July,Monsoon,Flat,62,551.33,34.53,52.31,74.68,0.84,59.74,0.7,41.83,0.67
2024-07-02,14:00,July,Monsoon,Flat,62,435.67,34.59,49.48,75.58,0.66,60.46,0.55,33.36,0.67
2024-07-02,14:15,July,Monsoon,Flat,62,435.67,34.59,49.48,75.58,0.66,60.46,0.55,33.36,0.67
2024-07-02,14:30,July,Monsoon,Flat,62,435.67,34.59,49.48,75.58,0.66,60.46,0.55,33.36,0.67
2024-07-02,14:45,July,Monsoon,Flat,62,435.67,34.59,49.48,75.58,0.66,60.46,0.55,33.36,0.67
2024-07-02,15:00,July,Monsoon,Flat,62,291.4,34.32,45.61,76.8,0.44,61.44,0.37,22.59,0.67
2024-07-02,15:15,July,Monsoon,Flat,62,291.4,34.32,45.61,76.8,0.44,61.44,0.37,22.59,0.67
2024-07-02,15:30,July,Monsoon,Flat,62,291.4,34.32,45.61,76.8,0.44,61.44,0.37,22.59,0.67
2024-07-02,15:45,July,Monsoon,Flat,62,291.4,34.32,45.61,76.8,0.44,61.44,0.37,22.59,0.67
2024-07-02,16:00,July,Monsoon,Flat,62,169.4,33.48,41.71,78.04,0.25,62.43,0.21,13.29,0.67
2024-07-02,16:15,July,Monsoon,Flat,62,169.4,33.48,41.71,78.04,0.25,62.43,0.21,13.29,0.67
2024-07-02,16:30,July,Monsoon,Flat,62,169.4,33.48,41.71,78.04,0.25,62.43,0.21,13.29,0.67
2024-07-02,16:45,July,Monsoon,Flat,62,169.4,33.48,41.71,78.04,0.25,62.43,0.21,13.29,0.67
2024-07-02,17:00,July,Monsoon,Flat,62,50.83,30.98,36.25,79.77,0.08,63.81,0.06,4.05,0.67
2024-07-02,17:15,July,Monsoon,Flat,62,50.83,30.98,36.25,79.77,0.08,63.81,0.06,4.05,0.67
2024-07-02,17:30,July,Monsoon,Flat,62,50.83,30.98,36.25,79.77,0.08,63.81,0.06,4.05,0.67
2024-07-02,17:45,July,Monsoon,Flat,62,50.83,30.98,36.25,79.77,0.08,63.81,0.06,4.05,0.67
2024-07-03,06:00,July,Monsoon,Flat,62,88.47,24.95,31.16,81.38,0.13,65.1,0.11,7.16,0.67
2024-07-03,06:15,July,Monsoon,Flat,62,88.47,24.95,31.16,81.38,0.13,65.1,0.11,7.16,0.67
2024-07-03,06:30,July,Monsoon,Flat,62,88.47,24.95,31.16,81.38,0.13,65.1,0.11,7.16,0.67
2024-07-03,06:45,July,Monsoon,Flat,62,88.47,24.95,31.16,81.38,0.13,65.1,0.11,7.16,0.67
2024-07-03,07:00,July,Monsoon,Flat,62,252.0,26.05,36.35,79.73,0.38,63.79,0.32,20.1,0.67
2024-07-03,07:15,July,Monsoon,Flat,62,252.0,26.05,36.35,79.73,0.38,63.79,0.32,20.1,0.67
2024-07-03,07:30,July,Monsoon,Flat,62,252.0,26.05,36.35,79.73,0.38,63.79,0.32,20.1,0.67
2024-07-03,07:45,July,Monsoon,Flat,62,252.0,26.05,36.35,79.73,0.38,63.79,0.32,20.1,0.67
2024-07-03,08:00,July,Monsoon,Flat,62,434.45,27.68,42.54,77.77,0.65,62.22,0.55,34.0,0.67
2024-07-03,08:15,July,Monsoon,Flat,62,434.45,27.68,42.54,77.77,0.65,62.22,0.55,34.0,0.67
2024-07-03,08:30,July,Monsoon,Flat,62,434.45,27.68,42.54,77.77,0.65,62.22,0.55,34.0,0.67
2024-07-03,08:45,July,Monsoon,Flat,62,434.45,27.68,42.54,77.77,0.65,62.22,0.55,34.0,0.67
2024-07-03,09:00,July,Monsoon,Flat,62,611.05,29.67,48.95,75.75,0.92,60.6,0.77,46.87,0.67
2024-07-03,09:15,July,Monsoon,Flat,62,611.05,29.67,48.95,75.75,0.92,60.6,0.77,46.87,0.67
2024-07-03,09:30,July,Monsoon,Flat,62,611.05,29.67,48.95,75.75,0.92,60.6,0.77,46.87,0.67
2024-07-03,09:45,July,Monsoon,Flat,62,611.05,29.67,48.95,75.75,0.92,60.6,0.77,46.87,0.67
2024-07-03,10:00,July,Monsoon,Flat,62,717.53,31.54,53.48,74.31,1.09,59.45,0.91,54.23,0.67
2024-07-03,10:15,July,Monsoon,Flat,62,717.53,31.54,53.48,74.31,1.09,59.45,0.91,54.23,0.67
2024-07-03,10:30,July,Monsoon,Flat,62,717.53,31.54,53.48,74.31,1.09,59.45,0.91,54.23,0.67
2024-07-03,10:45,July,Monsoon,Flat,62,717.53,31.54,53.48,74.31,1.09,59.45,0.91,54.23,0.67
2024-07-03,11:00,July,Monsoon,Flat,62,619.7,33.13,52.62,74.58,0.94,59.67,0.79,46.97,0.67
2024-07-03,11:15,July,Monsoon,Flat,62,619.7,33.13,52.62,74.58,0.94,59.67,0.79,46.97,0.67
2024-07-03,11:30,July,Monsoon,Flat,62,619.7,33.13,52.62,74.58,0.94,59.67,0.79,46.97,0.67
2024-07-03,11:45,July,Monsoon,Flat,62,619.7,33.13,52.62,74.58,0.94,59.67,0.79,46.97,0.67
2024-07-03,12:00,July,Monsoon,Flat,62,671.6,34.4,55.19,73.77,1.02,59.01,0.86,50.47,0.67
2024-07-03,12:15,July,Monsoon,Flat,62,671.6,34.4,55.19,73.77,1.02,59.01,0.86,50.47,0.67
2024-07-03,12:30,July,Monsoon,Flat,62,671.6,34.4,55.19,73.77,1.02,59.01,0.86,50.47,0.67
2024-07-03,12:45,July,Monsoon,Flat,62,671.6,34.4,55.19,73.77,1.02,59.01,0.86,50.47,0.67
2024-07-03,13:00,July,Monsoon,Flat,62,623.95,34.96,54.56,73.97,0.95,59.17,0.79,46.99,0.67
2024-07-03,13:15,July,Monsoon,Flat,62,623.95,34.96,54.56,73.97,0.95,59.17,0.79,46.99,0.67
2024-07-03,13:30,July,Monsoon,Flat,62,623.95,34.96,54.56,73.97,0.95,59.17,0.79,46.99,0.67
2024-07-03,13:45,July,Monsoon,Flat,62,623.95,34.96,54.56,73.97,0.95,59.17,0.79,46.99,0.67
2024-07-03,14:00,July,Monsoon,Flat,62,583.05,34.97,53.55,74.29,0.89,59.43,0.74,44.06,0.67
2024-07-03,14:15,July,Monsoon,Flat,62,583.05,34.97,53.55,74.29,0.89,59.43,0.74,44.06,0.67
2024-07-03,14:30,July,Monsoon,Flat,62,583.05,34.97,53.55,74.29,0.89,59.43,0.74,44.06,0.67
2024-07-03,14:45,July,Monsoon,Flat,62,583.05,34.97,53.55,74.29,0.89,59.43,0.74,44.06,0.67
2024-07-03,15:00,July,Monsoon,Flat,62,419.95,34.43,48.93,75.75,0.63,60.6,0.53,32.21,0.67
2024-07-03,15:15,July,Monsoon,Flat,62,419.95,34.43,48.93,75.75,0.63,60.6,0.53,32.21,0.67
2024-07-03,15:30,July,Monsoon,Flat,62,419.95,34.43,48.93,75.75,0.63,60.6,0.53,32.21,0.67
2024-07-03,15:45,July,Monsoon,Flat,62,419.95,34.43,48.93,75.75,0.63,60.6,0.53,32.21,0.67
2024-07-03,16:00,July,Monsoon,Flat,62,236.35,33.0,42.91,77.66,0.36,62.13,0.3,18.48,0.67
2024-07-03,16:15,July,Monsoon,Flat,62,236.35,33.0,42.91,77.66,0.36,62.13,0.3,18.48,0.67
2024-07-03,16:30,July,Monsoon,Flat,62,236.35,33.0,42.91,77.66,0.36,62.13,0.3,18.48,0.67
2024-07-03,16:45,July,Monsoon,Flat,62,236.35,33.0,42.91,77.66,0.36,62.13,0.3,18.48,0.67
2024-07-03,17:00,July,Monsoon,Flat,62,69.6,30.42,36.16,79.79,0.1,63.84,0.09,5.55,0.67
2024-07-03,17:15,July,Monsoon,Flat,62,69.6,30.42,36.16,79.79,0.1,63.84,0.09,5.55,0.67
2024-07-03,17:30,July,Monsoon,Flat,62,69.6,30.42,36.16,79.79,0.1,63.84,0.09,5.55,0.67
2024-07-03,17:45,July,Monsoon,Flat,62,69.6,30.42,36.16,79.79,0.1,63.84,0.09,5.55,0.67
2024-07-04,06:00,July,Monsoon,Flat,62,91.88,25.7,32.0,81.11,0.14,64.89,0.11,7.42,0.67
2024-07-04,06:15,July,Monsoon,Flat,62,91.88,25.7,32.0,81.11,0.14,64.89,0.11,7.42,0.67
2024-07-04,06:30,July,Monsoon,Flat,62,91.88,25.7,32.0,81.11,0.14,64.89,0.11,7.42,0.67
2024-07-04,06:45,July,Monsoon,Flat,62,91.88,25.7,32.0,81.11,0.14,64.89,0.11,7.42,0.67
2024-07-04,07:00,July,Monsoon,Flat,62,254.98,27.8,38.17,79.16,0.38,63.33,0.32,20.22,0.67
2024-07-04,07:15,July,Monsoon,Flat,62,254.98,27.8,38.17,79.16,0.38,63.33,0.32,20.22,0.67
2024-07-04,07:30,July,Monsoon,Flat,62,254.98,27.8,38.17,79.16,0.38,63.33,0.32,20.22,0.67
2024-07-04,07:45,July,Monsoon,Flat,62,254.98,27.8,38.17,79.16,0.38,63.33,0.32,20.22,0.67
2024-07-04,08:00,July,Monsoon,Flat,62,428.35,30.71,45.42,76.86,0.65,61.49,0.54,33.22,0.67
2024-07-04,08:15,July,Monsoon,Flat,62,428.35,30.71,45.42,76.86,0.65,61.49,0.54,33.22,0.67
2024-07-04,08:30,July,Monsoon,Flat,62,428.35,30.71,45.42,76.86,0.65,61.49,0.54,33.22,0.67
2024-07-04,08:45,July,Monsoon,Flat,62,428.35,30.71,45.42,76.86,0.65,61.49,0.54,33.22,0.67
2024-07-04,09:00,July,Monsoon,Flat,62,628.58,33.17,52.88,74.5,0.95,59.6,0.8,47.6,0.67
2024-07-04,09:15,July,Monsoon,Flat,62,628.58,33.17,52.88,74.5,0.95,59.6,0.8,47.6,0.67
2024-07-04,09:30,July,Monsoon,Flat,62,628.58,33.17,52.88,74.5,0.95,59.6,0.8,47.6,0.67
2024-07-04,09:45,July,Monsoon,Flat,62,628.58,33.17,52.88,74.5,0.95,59.6,0.8,47.6,0.67
2024-07-04,10:00,July,Monsoon,Flat,62,752.7,35.02,57.84,72.93,1.15,58.34,0.96,56.07,0.67
2024-07-04,10:15,July,Monsoon,Flat,62,752.7,35.02,57.84,72.93,1.15,58.34,0.96,56.07,0.67
2024-07-04,10:30,July,Monsoon,Flat,62,752.7,35.02,57.84,72.93,1.15,58.34,0.96,56.07,0.67
2024-07-04,10:45,July,Monsoon,Flat,62,752.7,35.02,57.84,72.93,1.15,58.34,0.96,56.07,0.67
2024-07-04,11:00,July,Monsoon,Flat,62,831.45,36.19,60.98,71.94,1.27,57.55,1.06,61.28,0.67
2024-07-04,11:15,July,Monsoon,Flat,62,831.45,36.19,60.98,71.94,1.27,57.55,1.06,61.28,0.67
2024-07-04,11:30,July,Monsoon,Flat,62,831.45,36.19,60.98,71.94,1.27,57.55,1.06,61.28,0.67
2024-07-04,11:45,July,Monsoon,Flat,62,831.45,36.19,60.98,71.94,1.27,57.55,1.06,61.28,0.67
2024-07-04,12:00,July,Monsoon,Flat,62,706.25,36.48,58.14,72.84,1.08,58.27,0.9,52.56,0.67
2024-07-04,12:15,July,Monsoon,Flat,62,706.25,36.48,58.14,72.84,1.08,58.27,0.9,52.56,0.67
2024-07-04,12:30,July,Monsoon,Flat,62,706.25,36.48,58.14,72.84,1.08,58.27,0.9,52.56,0.67
2024-07-04,12:45,July,Monsoon,Flat,62,706.25,36.48,58.14,72.84,1.08,58.27,0.9,52.56,0.67
2024-07-04,13:00,July,Monsoon,Flat,62,720.5,36.42,58.43,72.74,1.1,58.19,0.92,53.56,0.67
2024-07-04,13:15,July,Monsoon,Flat,62,720.5,36.42,58.43,72.74,1.1,58.19,0.92,53.56,0.67
2024-07-04,13:30,July,Monsoon,Flat,62,720.5,36.42,58.43,72.74,1.1,58.19,0.92,53.56,0.67
2024-07-04,13:45,July,Monsoon,Flat,62,720.5,36.42,58.43,72.74,1.1,58.19,0.92,53.56,0.67
2024-07-04,14:00,July,Monsoon,Flat,62,595.2,36.3,55.18,73.77,0.91,59.02,0.76,44.73,0.67
2024-07-04,14:15,July,Monsoon,Flat,62,595.2,36.3,55.18,73.77,0.91,59.02,0.76,44.73,0.67
2024-07-04,14:30,July,Monsoon,Flat,62,595.2,36.3,55.18,73.77,0.91,59.02,0.76,44.73,0.67
2024-07-04,14:45,July,Monsoon,Flat,62,595.2,36.3,55.18,73.77,0.91,59.02,0.76,44.73,0.67
2024-07-04,15:00,July,Monsoon,Flat,62,392.45,35.77,49.58,75.54,0.59,60.44,0.5,30.04,0.67
2024-07-04,15:15,July,Monsoon,Flat,62,392.45,35.77,49.58,75.54,0.59,60.44,0.5,30.04,0.67
2024-07-04,15:30,July,Monsoon,Flat,62,392.45,35.77,49.58,75.54,0.59,60.44,0.5,30.04,0.67
2024-07-04,15:45,July,Monsoon,Flat,62,392.45,35.77,49.58,75.54,0.59,60.44,0.5,30.04,0.67
2024-07-04,16:00,July,Monsoon,Flat,62,219.12,34.64,44.12,77.27,0.33,61.82,0.28,17.06,0.67
2024-07-04,16:15,July,Monsoon,Flat,62,219.12,34.64,44.12,77.27,0.33,61.82,0.28,17.06,0.67
2024-07-04,16:30,July,Monsoon,Flat,62,219.12,34.64,44.12,77.27,0.33,61.82,0.28,17.06,0.67
2024-07-04,16:45,July,Monsoon,Flat,62,219.12,34.64,44.12,77.27,0.33,61.82,0.28,17.06,0.67
2024-07-04,17:00,July,Monsoon,Flat,62,66.32,32.58,38.24,79.14,0.1,63.31,0.08,5.26,0.67
2024-07-04,17:15,July,Monsoon,Flat,62,66.32,32.58,38.24,79.14,0.1,63.31,0.08,5.26,0.67
2024-07-04,17:30,July,Monsoon,Flat,62,66.32,32.58,38.24,79.14,0.1,63.31,0.08,5.26,0.67
2024-07-04,17:45,July,Monsoon,Flat,62,66.32,32.58,38.24,79.14,0.1,63.31,0.08,5.26,0.67
2024-07-05,06:00,July,Monsoon,Flat,62,92.6,26.57,32.89,80.83,0.14,64.66,0.12,7.46,0.67
2024-07-05,06:15,July,Monsoon,Flat,62,92.6,26.57,32.89,80.83,0.14,64.66,0.12,7.46,0.67
2024-07-05,06:30,July,Monsoon,Flat,62,92.6,26.57,32.89,80.83,0.14,64.66,0.12,7.46,0.67
2024-07-05,06:45,July,Monsoon,Flat,62,92.6,26.57,32.89,80.83,0.14,64.66,0.12,7.46,0.67
2024-07-05,07:00,July,Monsoon,Flat,62,266.02,28.47,39.12,78.86,0.4,63.09,0.33,21.04,0.67
2024-07-05,07:15,July,Monsoon,Flat,62,266.02,28.47,39.12,78.86,0.4,63.09,0.33,21.04,0.67
2024-07-05,07:30,July,Monsoon,Flat,62,266.02,28.47,39.12,78.86,0.4,63.09,0.33,21.04,0.67
2024-07-05,07:45,July,Monsoon,Flat,62,266.02,28.47,39.12,78.86,0.4,63.09,0.33,21.04,0.67
2024-07-05,08:00,July,Monsoon,Flat,62,445.42,30.29,45.43,76.86,0.67,61.49,0.56,34.55,0.67
2024-07-05,08:15,July,Monsoon,Flat,62,445.42,30.29,45.43,76.86,0.67,61.49,0.56,34.55,0.67
2024-07-05,08:30,July,Monsoon,Flat,62,445.42,30.29,45.43,76.86,0.67,61.49,0.56,34.55,0.67
2024-07-05,08:45,July,Monsoon,Flat,62,445.42,30.29,45.43,76.86,0.67,61.49,0.56,34.55,0.67
2024-07-05,09:00,July,Monsoon,Flat,62,606.05,31.86,51.01,75.09,0.92,60.07,0.77,46.18,0.67
2024-07-05,09:15,July,Monsoon,Flat,62,606.05,31.86,51.01,75.09,0.92,60.07,0.77,46.18,0.67
2024-07-05,09:30,July,Monsoon,Flat,62,606.05,31.86,51.01,75.09,0.92,60.07,0.77,46.18,0.67
2024-07-05,09:45,July,Monsoon,Flat,62,606.05,31.86,51.01,75.09,0.92,60.07,0.77,46.18,0.67
2024-07-05,10:00,July,Monsoon,Flat,62,667.6,33.47,54.16,74.09,1.01,59.28,0.85,50.34,0.67
2024-07-05,10:15,July,Monsoon,Flat,62,667.6,33.47,54.16,74.09,1.01,59.28,0.85,50.34,0.67
2024-07-05,10:30,July,Monsoon,Flat,62,667.6,33.47,54.16,74.09,1.01,59.28,0.85,50.34,0.67
2024-07-05,10:45,July,Monsoon,Flat,62,667.6,33.47,54.16,74.09,1.01,59.28,0.85,50.34,0.67
2024-07-05,11:00,July,Monsoon,Flat,62,666.17,34.9,55.55,73.65,1.01,58.92,0.85,50.0,0.67
2024-07-05,11:15,July,Monsoon,Flat,62,666.17,34.9,55.55,73.65,1.01,58.92,0.85,50.0,0.67
2024-07-05,11:30,July,Monsoon,Flat,62,666.17,34.9,55.55,73.65,1.01,58.92,0.85,50.0,0.67
2024-07-05,11:45,July,Monsoon,Flat,62,666.17,34.9,55.55,73.65,1.01,58.92,0.85,50.0,0.67
2024-07-05,12:00,July,Monsoon,Flat,62,679.83,35.8,56.8,73.26,1.04,58.61,0.87,50.82,0.67
2024-07-05,12:15,July,Monsoon,Flat,62,679.83,35.8,56.8,73.26,1.04,58.61,0.87,50.82,0.67
2024-07-05,12:30,July,Monsoon,Flat,62,679.83,35.8,56.8,73.26,1.04,58.61,0.87,50.82,0.67
2024-07-05,12:45,July,Monsoon,Flat,62,679.83,35.8,56.8,73.26,1.04,58.61,0.87,50.82,0.67
2024-07-05,13:00,July,Monsoon,Flat,62,512.53,36.05,52.86,74.51,0.78,59.6,0.65,38.82,0.67
2024-07-05,13:15,July,Monsoon,Flat,62,512.53,36.05,52.86,74.51,0.78,59.6,0.65,38.82,0.67
2024-07-05,13:30,July,Monsoon,Flat,62,512.53,36.05,52.86,74.51,0.78,59.6,0.65,38.82,0.67
2024-07-05,13:45,July,Monsoon,Flat,62,512.53,36.05,52.86,74.51,0.78,59.6,0.65,38.82,0.67
2024-07-05,14:00,July,Monsoon,Flat,62,387.83,35.35,49.05,75.71,0.59,60.57,0.49,29.74,0.67
2024-07-05,14:15,July,Monsoon,Flat,62,387.83,35.35,49.05,75.71,0.59,60.57,0.49,29.74,0.67
2024-07-05,14:30,July,Monsoon,Flat,62,387.83,35.35,49.05,75.71,0.59,60.57,0.49,29.74,0.67
2024-07-05,14:45,July,Monsoon,Flat,62,387.83,35.35,49.05,75.71,0.59,60.57,0.49,29.74,0.67
2024-07-05,15:00,July,Monsoon,Flat,62,273.9,34.51,45.36,76.88,0.41,61.51,0.35,21.25,0.67
2024-07-05,15:15,July,Monsoon,Flat,62,273.9,34.51,45.36,76.88,0.41,61.51,0.35,21.25,0.67
2024-07-05,15:30,July,Monsoon,Flat,62,273.9,34.51,45.36,76.88,0.41,61.51,0.35,21.25,0.67
2024-07-05,15:45,July,Monsoon,Flat,62,273.9,34.51,45.36,76.88,0.41,61.51,0.35,21.25,0.67
2024-07-05,16:00,July,Monsoon,Flat,62,158.3,33.27,41.23,78.19,0.24,62.55,0.2,12.44,0.67
2024-07-05,16:15,July,Monsoon,Flat,62,158.3,33.27,41.23,78.19,0.24,62.55,0.2,12.44,0.67
2024-07-05,16:30,July,Monsoon,Flat,62,158.3,33.27,41.23,78.19,0.24,62.55,0.2,12.44,0.67
2024-07-05,16:45,July,Monsoon,Flat,62,158.3,33.27,41.23,78.19,0.24,62.55,0.2,12.44,0.67
2024-07-05,17:00,July,Monsoon,Flat,62,47.92,31.03,36.23,79.77,0.07,63.82,0.06,3.82,0.67
2024-07-05,17:15,July,Monsoon,Flat,62,47.92,31.03,36.23,79.77,0.07,63.82,0.06,3.82,0.67
2024-07-05,17:30,July,Monsoon,Flat,62,47.92,31.03,36.23,79.77,0.07,63.82,0.06,3.82,0.67
2024-07-05,17:45,July,Monsoon,Flat,62,47.92,31.03,36.23,79.77,0.07,63.82,0.06,3.82,0.67
2024-07-06,06:00,July,Monsoon,Flat,62,81.5,25.08,31.12,81.39,0.12,65.11,0.1,6.6,0.67
2024-07-06,06:15,July,Monsoon,Flat,62,81.5,25.08,31.12,81.39,0.12,65.11,0.1,6.6,0.67
2024-07-06,06:30,July,Monsoon,Flat,62,81.5,25.08,31.12,81.39,0.12,65.11,0.1,6.6,0.67
2024-07-06,06:45,July,Monsoon,Flat,62,81.5,25.08,31.12,81.39,0.12,65.11,0.1,6.6,0.67
2024-07-06,07:00,July,Monsoon,Flat,62,219.05,25.83,35.31,80.06,0.33,64.05,0.27,17.52,0.67
2024-07-06,07:15,July,Monsoon,Flat,62,219.05,25.83,35.31,80.06,0.33,64.05,0.27,17.52,0.67
2024-07-06,07:30,July,Monsoon,Flat,62,219.05,25.83,35.31,80.06,0.33,64.05,0.27,17.52,0.67
2024-07-06,07:45,July,Monsoon,Flat,62,219.05,25.83,35.31,80.06,0.33,64.05,0.27,17.52,0.67
2024-07-06,08:00,July,Monsoon,Flat,62,376.45,27.14,40.55,78.4,0.56,62.72,0.47,29.64,0.67
2024-07-06,08:15,July,Monsoon,Flat,62,376.45,27.14,40.55,78.4,0.56,62.72,0.47,29.64,0.67
2024-07-06,08:30,July,Monsoon,Flat,62,376.45,27.14,40.55,78.4,0.56,62.72,0.47,29.64,0.67
2024-07-06,08:45,July,Monsoon,Flat,62,376.45,27.14,40.55,78.4,0.56,62.72,0.47,29.64,0.67
2024-07-06,09:00,July,Monsoon,Flat,62,521.38,28.63,45.66,76.78,0.79,61.43,0.66,40.41,0.67
2024-07-06,09:15,July,Monsoon,Flat,62,521.38,28.63,45.66,76.78,0.79,61.43,0.66,40.41,0.67
2024-07-06,09:30,July,Monsoon,Flat,62,521.38,28.63,45.66,76.78,0.79,61.43,0.66,40.41,0.67
2024-07-06,09:45,July,Monsoon,Flat,62,521.38,28.63,45.66,76.78,0.79,61.43,0.66,40.41,0.67
2024-07-06,10:00,July,Monsoon,Flat,62,490.25,30.03,46.29,76.59,0.74,61.27,0.62,37.92,0.67
2024-07-06,10:15,July,Monsoon,Flat,62,490.25,30.03,46.29,76.59,0.74,61.27,0.62,37.92,0.67
2024-07-06,10:30,July,Monsoon,Flat,62,490.25,30.03,46.29,76.59,0.74,61.27,0.62,37.92,0.67
2024-07-06,10:45,July,Monsoon,Flat,62,490.25,30.03,46.29,76.59,0.74,61.27,0.62,37.92,0.67
2024-07-06,11:00,July,Monsoon,Flat,62,383.77,31.18,44.77,77.07,0.58,61.65,0.48,29.83,0.67
2024-07-06,11:15,July,Monsoon,Flat,62,383.77,31.18,44.77,77.07,0.58,61.65,0.48,29.83,0.67
2024-07-06,11:30,July,Monsoon,Flat,62,383.77,31.18,44.77,77.07,0.58,61.65,0.48,29.83,0.67
2024-07-06,11:45,July,Monsoon,Flat,62,383.77,31.18,44.77,77.07,0.58,61.65,0.48,29.83,0.67
2024-07-06,12:00,July,Monsoon,Flat,62,489.38,31.99,48.22,75.97,0.74,60.78,0.62,37.62,0.67
2024-07-06,12:15,July,Monsoon,Flat,62,489.38,31.99,48.22,75.97,0.74,60.78,0.62,37.62,0.67
2024-07-06,12:30,July,Monsoon,Flat,62,489.38,31.99,48.22,75.97,0.74,60.78,0.62,37.62,0.67
2024-07-06,12:45,July,Monsoon,Flat,62,489.38,31.99,48.22,75.97,0.74,60.78,0.62,37.62,0.67
2024-07-06,13:00,July,Monsoon,Flat,62,476.88,32.32,48.24,75.97,0.72,60.77,0.6,36.66,0.67
2024-07-06,13:15,July,Monsoon,Flat,62,476.88,32.32,48.24,75.97,0.72,60.77,0.6,36.66,0.67
2024-07-06,13:30,July,Monsoon,Flat,62,476.88,32.32,48.24,75.97,0.72,60.77,0.6,36.66,0.67
2024-07-06,13:45,July,Monsoon,Flat,62,476.88,32.32,48.24,75.97,0.72,60.77,0.6,36.66,0.67
2024-07-06,14:00,July,Monsoon,Flat,62,398.42,32.31,46.27,76.59,0.6,61.27,0.5,30.82,0.67
2024-07-06,14:15,July,Monsoon,Flat,62,398.42,32.31,46.27,76.59,0.6,61.27,0.5,30.82,0.67
2024-07-06,14:30,July,Monsoon,Flat,62,398.42,32.31,46.27,76.59,0.6,61.27,0.5,30.82,0.67
2024-07-06,14:45,July,Monsoon,Flat,62,398.42,32.31,46.27,76.59,0.6,61.27,0.5,30.82,0.67
2024-07-06,15:00,July,Monsoon,Flat,62,305.35,31.93,43.56,77.45,0.46,61.96,0.38,23.82,0.67
2024-07-06,15:15,July,Monsoon,Flat,62,305.35,31.93,43.56,77.45,0.46,61.96,0.38,23.82,0.67
2024-07-06,15:30,July,Monsoon,Flat,62,305.35,31.93,43.56,77.45,0.46,61.96,0.38,23.82,0.67
2024-07-06,15:45,July,Monsoon,Flat,62,305.35,31.93,43.56,77.45,0.46,61.96,0.38,23.82,0.67
2024-07-06,16:00,July,Monsoon,Flat,62,161.57,30.81,38.85,78.94,0.24,63.15,0.2,12.79,0.67
2024-07-06,16:15,July,Monsoon,Flat,62,161.57,30.81,38.85,78.94,0.24,63.15,0.2,12.79,0.67
2024-07-06,16:30,July,Monsoon,Flat,62,161.57,30.81,38.85,78.94,0.24,63.15,0.2,12.79,0.67
2024-07-06,16:45,July,Monsoon,Flat,62,161.57,30.81,38.85,78.94,0.24,63.15,0.2,12.79,0.67
2024-07-06,17:00,July,Monsoon,Flat,62,47.55,28.97,34.16,80.43,0.07,64.34,0.06,3.82,0.67
2024-07-06,17:15,July,Monsoon,Flat,62,47.55,28.97,34.16,80.43,0.07,64.34,0.06,3.82,0.67
2024-07-06,17:30,July,Monsoon,Flat,62,47.55,28.97,34.16,80.43,0.07,64.34,0.06,3.82,0.67
2024-07-06,17:45,July,Monsoon,Flat,62,47.55,28.97,34.16,80.43,0.07,64.34,0.06,3.82,0.67
2024-07-07,06:00,July,Monsoon,Flat,62,74.03,25.59,31.44,81.29,0.11,65.03,0.09,5.99,0.67
2024-07-07,06:15,July,Monsoon,Flat,62,74.03,25.59,31.44,81.29,0.11,65.03,0.09,5.99,0.67
2024-07-07,06:30,July,Monsoon,Flat,62,74.03,25.59,31.44,81.29,0.11,65.03,0.09,5.99,0.67
2024-07-07,06:45,July,Monsoon,Flat,62,74.03,25.59,31.44,81.29,0.11,65.03,0.09,5.99,0.67
2024-07-07,07:00,July,Monsoon,Flat,62,198.48,27.55,36.51,79.68,0.3,63.75,0.25,15.82,0.67
2024-07-07,07:15,July,Monsoon,Flat,62,198.48,27.55,36.51,79.68,0.3,63.75,0.25,15.82,0.67
2024-07-07,07:30,July,Monsoon,Flat,62,198.48,27.55,36.51,79.68,0.3,63.75,0.25,15.82,0.67
2024-07-07,07:45,July,Monsoon,Flat,62,198.48,27.55,36.51,79.68,0.3,63.75,0.25,15.82,0.67
2024-07-07,08:00,July,Monsoon,Flat,62,359.98,29.63,42.63,77.75,0.54,62.2,0.45,28.16,0.67
2024-07-07,08:15,July,Monsoon,Flat,62,359.98,29.63,42.63,77.75,0.54,62.2,0.45,28.16,0.67
2024-07-07,08:30,July,Monsoon,Flat,62,359.98,29.63,42.63,77.75,0.54,62.2,0.45,28.16,0.67
2024-07-07,08:45,July,Monsoon,Flat,62,359.98,29.63,42.63,77.75,0.54,62.2,0.45,28.16,0.67
2024-07-07,09:00,July,Monsoon,Flat,62,482.9,31.49,47.56,76.18,0.73,60.95,0.61,37.2,0.67
2024-07-07,09:15,July,Monsoon,Flat,62,482.9,31.49,47.56,76.18,0.73,60.95,0.61,37.2,0.67
2024-07-07,09:30,July,Monsoon,Flat,62,482.9,31.49,47.56,76.18,0.73,60.95,0.61,37.2,0.67
2024-07-07,09:45,July,Monsoon,Flat,62,482.9,31.49,47.56,76.18,0.73,60.95,0.61,37.2,0.67
2024-07-07,10:00,July,Monsoon,Flat,62,599.65,33.06,52.05,74.76,0.91,59.81,0.76,45.53,0.67
2024-07-07,10:15,July,Monsoon,Flat,62,599.65,33.06,52.05,74.76,0.91,59.81,0.76,45.53,0.67
2024-07-07,10:30,July,Monsoon,Flat,62,599.65,33.06,52.05,74.76,0.91,59.81,0.76,45.53,0.67
2024-07-07,10:45,July,Monsoon,Flat,62,599.65,33.06,52.05,74.76,0.91,59.81,0.76,45.53,0.67
2024-07-07,11:00,July,Monsoon,Flat,62,698.72,34.36,55.83,73.57,1.06,58.85,0.89,52.4,0.67
2024-07-07,11:15,July,Monsoon,Flat,62,698.72,34.36,55.83,73.57,1.06,58.85,0.89,52.4,0.67
2024-07-07,11:30,July,Monsoon,Flat,62,698.72,34.36,55.83,73.57,1.06,58.85,0.89,52.4,0.67
2024-07-07,11:45,July,Monsoon,Flat,62,698.72,34.36,55.83,73.57,1.06,58.85,0.89,52.4,0.67
2024-07-07,12:00,July,Monsoon,Flat,62,648.47,35.33,55.54,73.66,0.99,58.93,0.83,48.68,0.67
2024-07-07,12:15,July,Monsoon,Flat,62,648.47,35.33,55.54,73.66,0.99,58.93,0.83,48.68,0.67
2024-07-07,12:30,July,Monsoon,Flat,62,648.47,35.33,55.54,73.66,0.99,58.93,0.83,48.68,0.67
2024-07-07,12:45,July,Monsoon,Flat,62,648.47,35.33,55.54,73.66,0.99,58.93,0.83,48.68,0.67
2024-07-07,13:00,July,Monsoon,Flat,62,603.58,35.83,54.92,73.85,0.92,59.08,0.77,45.4,0.67
2024-07-07,13:15,July,Monsoon,Flat,62,603.58,35.83,54.92,73.85,0.92,59.08,0.77,45.4,0.67
2024-07-07,13:30,July,Monsoon,Flat,62,603.58,35.83,54.92,73.85,0.92,59.08,0.77,45.4,0.67
2024-07-07,13:45,July,Monsoon,Flat,62,603.58,35.83,54.92,73.85,0.92,59.08,0.77,45.4,0.67
2024-07-07,14:00,July,Monsoon,Flat,62,537.55,35.65,53.09,74.43,0.82,59.55,0.68,40.68,0.67
2024-07-07,14:15,July,Monsoon,Flat,62,537.55,35.65,53.09,74.43,0.82,59.55,0.68,40.68,0.67
2024-07-07,14:30,July,Monsoon,Flat,62,537.55,35.65,53.09,74.43,0.82,59.55,0.68,40.68,0.67
2024-07-07,14:45,July,Monsoon,Flat,62,537.55,35.65,53.09,74.43,0.82,59.55,0.68,40.68,0.67
2024-07-07,15:00,July,Monsoon,Flat,62,353.42,34.82,47.66,76.15,0.53,60.92,0.45,27.22,0.67
2024-07-07,15:15,July,Monsoon,Flat,62,353.42,34.82,47.66,76.15,0.53,60.92,0.45,27.22,0.67
2024-07-07,15:30,July,Monsoon,Flat,62,353.42,34.82,47.66,76.15,0.53,60.92,0.45,27.22,0.67
2024-07-07,15:45,July,Monsoon,Flat,62,353.42,34.82,47.66,76.15,0.53,60.92,0.45,27.22,0.67
2024-07-07,16:00,July,Monsoon,Flat,62,190.52,33.53,42.29,77.85,0.29,62.28,0.24,14.92,0.67
2024-07-07,16:15,July,Monsoon,Flat,62,190.52,33.53,42.29,77.85,0.29,62.28,0.24,14.92,0.67
2024-07-07,16:30,July,Monsoon,Flat,62,190.52,33.53,42.29,77.85,0.29,62.28,0.24,14.92,0.67
2024-07-07,16:45,July,Monsoon,Flat,62,190.52,33.53,42.29,77.85,0.29,62.28,0.24,14.92,0.67
2024-07-07,17:00,July,Monsoon,Flat,62,61.0,31.35,36.88,79.57,0.09,63.65,0.08,4.86,0.67
2024-07-07,17:15,July,Monsoon,Flat,62,61.0,31.35,36.88,79.57,0.09,63.65,0.08,4.86,0.67
2024-07-07,17:30,July,Monsoon,Flat,62,61.0,31.35,36.88,79.57,0.09,63.65,0.08,4.86,0.67
2024-07-07,17:45,July,Monsoon,Flat,62,61.0,31.35,36.88,79.57,0.09,63.65,0.08,4.86,0.67
2024-07-08,06:00,July,Monsoon,Flat,62,68.45,25.05,30.76,81.5,0.1,65.2,0.09,5.55,0.67
2024-07-08,06:15,July,Monsoon,Flat,62,68.45,25.05,30.76,81.5,0.1,65.2,0.09,5.55,0.67
2024-07-08,06:30,July,Monsoon,Flat,62,68.45,25.05,30.76,81.5,0.1,65.2,0.09,5.55,0.67
2024-07-08,06:45,July,Monsoon,Flat,62,68.45,25.05,30.76,81.5,0.1,65.2,0.09,5.55,0.67
2024-07-08,07:00,July,Monsoon,Flat,62,189.7,26.17,34.91,80.19,0.28,64.15,0.24,15.19,0.67
2024-07-08,07:15,July,Monsoon,Flat,62,189.7,26.17,34.91,80.19,0.28,64.15,0.24,15.19,0.67
2024-07-08,07:30,July,Monsoon,Flat,62,189.7,26.17,34.91,80.19,0.28,64.15,0.24,15.19,0.67
2024-07-08,07:45,July,Monsoon,Flat,62,189.7,26.17,34.91,80.19,0.28,64.15,0.24,15.19,0.67
2024-07-08,08:00,July,Monsoon,Flat,62,336.55,27.93,40.34,78.47,0.5,62.78,0.42,26.52,0.67
2024-07-08,08:15,July,Monsoon,Flat,62,336.55,27.93,40.34,78.47,0.5,62.78,0.42,26.52,0.67
2024-07-08,08:30,July,Monsoon,Flat,62,336.55,27.93,40.34,78.47,0.5,62.78,0.42,26.52,0.67
2024-07-08,08:45,July,Monsoon,Flat,62,336.55,27.93,40.34,78.47,0.5,62.78,0.42,26.52,0.67
2024-07-08,09:00,July,Monsoon,Flat,62,341.08,29.73,42.26,77.86,0.51,62.29,0.43,26.72,0.67
2024-07-08,09:15,July,Monsoon,Flat,62,341.08,29.73,42.26,77.86,0.51,62.29,0.43,26.72,0.67
2024-07-08,09:30,July,Monsoon,Flat,62,341.08,29.73,42.26,77.86,0.51,62.29,0.43,26.72,0.67
2024-07-08,09:45,July,Monsoon,Flat,62,341.08,29.73,42.26,77.86,0.51,62.29,0.43,26.72,0.67
2024-07-08,10:00,July,Monsoon,Flat,62,519.97,31.3,48.3,75.95,0.79,60.76,0.66,39.96,0.67
2024-07-08,10:15,July,Monsoon,Flat,62,519.97,31.3,48.3,75.95,0.79,60.76,0.66,39.96,0.67
2024-07-08,10:30,July,Monsoon,Flat,62,519.97,31.3,48.3,75.95,0.79,60.76,0.66,39.96,0.67
2024-07-08,10:45,July,Monsoon,Flat,62,519.97,31.3,48.3,75.95,0.79,60.76,0.66,39.96,0.67
2024-07-08,11:00,July,Monsoon,Flat,62,533.97,32.22,49.57,75.55,0.81,60.44,0.68,40.87,0.67
2024-07-08,11:15,July,Monsoon,Flat,62,533.97,32.22,49.57,75.55,0.81,60.44,0.68,40.87,0.67
2024-07-08,11:30,July,Monsoon,Flat,62,533.97,32.22,49.57,75.55,0.81,60.44,0.68,40.87,0.67
2024-07-08,11:45,July,Monsoon,Flat,62,533.97,32.22,49.57,75.55,0.81,60.44,0.68,40.87,0.67
2024-07-08,12:00,July,Monsoon,Flat,62,521.2,32.37,49.4,75.6,0.79,60.48,0.66,39.92,0.67
2024-07-08,12:15,July,Monsoon,Flat,62,521.2,32.37,49.4,75.6,0.79,60.48,0.66,39.92,0.67
2024-07-08,12:30,July,Monsoon,Flat,62,521.2,32.37,49.4,75.6,0.79,60.48,0.66,39.92,0.67
2024-07-08,12:45,July,Monsoon,Flat,62,521.2,32.37,49.4,75.6,0.79,60.48,0.66,39.92,0.67
2024-07-08,13:00,July,Monsoon,Flat,62,498.12,31.95,48.4,75.92,0.75,60.73,0.63,38.27,0.67
2024-07-08,13:15,July,Monsoon,Flat,62,498.12,31.95,48.4,75.92,0.75,60.73,0.63,38.27,0.67
2024-07-08,13:30,July,Monsoon,Flat,62,498.12,31.95,48.4,75.92,0.75,60.73,0.63,38.27,0.67
2024-07-08,13:45,July,Monsoon,Flat,62,498.12,31.95,48.4,75.92,0.75,60.73,0.63,38.27,0.67
2024-07-08,14:00,July,Monsoon,Flat,62,400.6,31.27,45.28,76.9,0.6,61.52,0.51,31.08,0.67
2024-07-08,14:15,July,Monsoon,Flat,62,400.6,31.27,45.28,76.9,0.6,61.52,0.51,31.08,0.67
2024-07-08,14:30,July,Monsoon,Flat,62,400.6,31.27,45.28,76.9,0.6,61.52,0.51,31.08,0.67
2024-07-08,14:45,July,Monsoon,Flat,62,400.6,31.27,45.28,76.9,0.6,61.52,0.51,31.08,0.67
2024-07-08,15:00,July,Monsoon,Flat,62,290.62,30.5,41.77,78.02,0.44,62.42,0.37,22.8,0.67
2024-07-08,15:15,July,Monsoon,Flat,62,290.62,30.5,41.77,78.02,0.44,62.42,0.37,22.8,0.67
2024-07-08,15:30,July,Monsoon,Flat,62,290.62,30.5,41.77,78.02,0.44,62.42,0.37,22.8,0.67
2024-07-08,15:45,July,Monsoon,Flat,62,290.62,30.5,41.77,78.02,0.44,62.42,0.37,22.8,0.67
2024-07-08,16:00,July,Monsoon,Flat,62,156.43,29.57,37.48,79.38,0.23,63.5,0.2,12.43,0.67
2024-07-08,16:15,July,Monsoon,Flat,62,156.43,29.57,37.48,79.38,0.23,63.5,0.2,12.43,0.67
2024-07-08,16:30,July,Monsoon,Flat,62,156.43,29.57,37.48,79.38,0.23,63.5,0.2,12.43,0.67
2024-07-08,16:45,July,Monsoon,Flat,62,156.43,29.57,37.48,79.38,0.23,63.5,0.2,12.43,0.67
2024-07-08,17:00,July,Monsoon,Flat,62,48.17,28.28,33.48,80.64,0.07,64.51,0.06,3.87,0.67
2024-07-08,17:15,July,Monsoon,Flat,62,48.17,28.28,33.48,80.64,0.07,64.51,0.06,3.87,0.67
2024-07-08,17:30,July,Monsoon,Flat,62,48.17,28.28,33.48,80.64,0.07,64.51,0.06,3.87,0.67
2024-07-08,17:45,July,Monsoon,Flat,62,48.17,28.28,33.48,80.64,0.07,64.51,0.06,3.87,0.67
2024-07-09,06:00,July,Monsoon,Flat,62,71.43,24.47,30.26,81.66,0.11,65.33,0.09,5.8,0.67
2024-07-09,06:15,July,Monsoon,Flat,62,71.43,24.47,30.26,81.66,0.11,65.33,0.09,5.8,0.67
2024-07-09,06:30,July,Monsoon,Flat,62,71.43,24.47,30.26,81.66,0.11,65.33,0.09,5.8,0.67
2024-07-09,06:45,July,Monsoon,Flat,62,71.43,24.47,30.26,81.66,0.11,65.33,0.09,5.8,0.67
2024-07-09,07:00,July,Monsoon,Flat,62,187.5,25.74,34.43,80.34,0.28,64.27,0.23,15.04,0.67
2024-07-09,07:15,July,Monsoon,Flat,62,187.5,25.74,34.43,80.34,0.28,64.27,0.23,15.04,0.67
2024-07-09,07:30,July,Monsoon,Flat,62,187.5,25.74,34.43,80.34,0.28,64.27,0.23,15.04,0.67
2024-07-09,07:45,July,Monsoon,Flat,62,187.5,25.74,34.43,80.34,0.28,64.27,0.23,15.04,0.67
2024-07-09,08:00,July,Monsoon,Flat,62,320.0,27.66,39.66,78.69,0.48,62.95,0.4,25.27,0.67
2024-07-09,08:15,July,Monsoon,Flat,62,320.0,27.66,39.66,78.69,0.48,62.95,0.4,25.27,0.67
2024-07-09,08:30,July,Monsoon,Flat,62,320.0,27.66,39.66,78.69,0.48,62.95,0.4,25.27,0.67
2024-07-09,08:45,July,Monsoon,Flat,62,320.0,27.66,39.66,78.69,0.48,62.95,0.4,25.27,0.67
2024-07-09,09:00,July,Monsoon,Flat,62,436.98,29.7,44.62,77.11,0.66,61.69,0.55,33.98,0.67
2024-07-09,09:15,July,Monsoon,Flat,62,436.98,29.7,44.62,77.11,0.66,61.69,0.55,33.98,0.67
2024-07-09,09:30,July,Monsoon,Flat,62,436.98,29.7,44.62,77.11,0.66,61.69,0.55,33.98,0.67
2024-07-09,09:45,July,Monsoon,Flat,62,436.98,29.7,44.62,77.11,0.66,61.69,0.55,33.98,0.67
2024-07-09,10:00,July,Monsoon,Flat,62,568.3,31.38,49.59,75.54,0.86,60.43,0.72,43.5,0.67
2024-07-09,10:15,July,Monsoon,Flat,62,568.3,31.38,49.59,75.54,0.86,60.43,0.72,43.5,0.67
2024-07-09,10:30,July,Monsoon,Flat,62,568.3,31.38,49.59,75.54,0.86,60.43,0.72,43.5,0.67
2024-07-09,10:45,July,Monsoon,Flat,62,568.3,31.38,49.59,75.54,0.86,60.43,0.72,43.5,0.67
2024-07-09,11:00,July,Monsoon,Flat,62,608.4,32.61,51.82,74.84,0.92,59.87,0.77,46.23,0.67
2024-07-09,11:15,July,Monsoon,Flat,62,608.4,32.61,51.82,74.84,0.92,59.87,0.77,46.23,0.67
2024-07-09,11:30,July,Monsoon,Flat,62,608.4,32.61,51.82,74.84,0.92,59.87,0.77,46.23,0.67
2024-07-09,11:45,July,Monsoon,Flat,62,608.4,32.61,51.82,74.84,0.92,59.87,0.77,46.23,0.67
2024-07-09,12:00,July,Monsoon,Flat,62,573.17,33.43,51.76,74.85,0.87,59.88,0.73,43.56,0.67
2024-07-09,12:15,July,Monsoon,Flat,62,573.17,33.43,51.76,74.85,0.87,59.88,0.73,43.56,0.67
2024-07-09,12:30,July,Monsoon,Flat,62,573.17,33.43,51.76,74.85,0.87,59.88,0.73,43.56,0.67
2024-07-09,12:45,July,Monsoon,Flat,62,573.17,33.43,51.76,74.85,0.87,59.88,0.73,43.56,0.67
2024-07-09,13:00,July,Monsoon,Flat,62,574.22,33.66,52.02,74.77,0.87,59.82,0.73,43.61,0.67
2024-07-09,13:15,July,Monsoon,Flat,62,574.22,33.66,52.02,74.77,0.87,59.82,0.73,43.61,0.67
2024-07-09,13:30,July,Monsoon,Flat,62,574.22,33.66,52.02,74.77,0.87,59.82,0.73,43.61,0.67
2024-07-09,13:45,July,Monsoon,Flat,62,574.22,33.66,52.02,74.77,0.87,59.82,0.73,43.61,0.67
2024-07-09,14:00,July,Monsoon,Flat,62,407.55,33.25,47.44,76.22,0.62,60.98,0.52,31.41,0.67
2024-07-09,14:15,July,Monsoon,Flat,62,407.55,33.25,47.44,76.22,0.62,60.98,0.52,31.41,0.67
2024-07-09,14:30,July,Monsoon,Flat,62,407.55,33.25,47.44,76.22,0.62,60.98,0.52,31.41,0.67
2024-07-09,14:45,July,Monsoon,Flat,62,407.55,33.25,47.44,76.22,0.62,60.98,0.52,31.41,0.67
2024-07-09,15:00,July,Monsoon,Flat,62,304.85,32.41,44.03,77.3,0.46,61.84,0.38,23.75,0.67
2024-07-09,15:15,July,Monsoon,Flat,62,304.85,32.41,44.03,77.3,0.46,61.84,0.38,23.75,0.67
2024-07-09,15:30,July,Monsoon,Flat,62,304.85,32.41,44.03,77.3,0.46,61.84,0.38,23.75,0.67
2024-07-09,15:45,July,Monsoon,Flat,62,304.85,32.41,44.03,77.3,0.46,61.84,0.38,23.75,0.67
2024-07-09,16:00,July,Monsoon,Flat,62,163.65,31.29,39.38,78.77,0.25,63.02,0.21,12.93,0.67
2024-07-09,16:15,July,Monsoon,Flat,62,163.65,31.29,39.38,78.77,0.25,63.02,0.21,12.93,0.67
2024-07-09,16:30,July,Monsoon,Flat,62,163.65,31.29,39.38,78.77,0.25,63.02,0.21,12.93,0.67
2024-07-09,16:45,July,Monsoon,Flat,62,163.65,31.29,39.38,78.77,0.25,63.02,0.21,12.93,0.67
2024-07-09,17:00,July,Monsoon,Flat,62,50.08,29.58,34.83,80.21,0.07,64.17,0.06,4.01,0.67
2024-07-09,17:15,July,Monsoon,Flat,62,50.08,29.58,34.83,80.21,0.07,64.17,0.06,4.01,0.67
2024-07-09,17:30,July,Monsoon,Flat,62,50.08,29.58,34.83,80.21,0.07,64.17,0.06,4.01,0.67
2024-07-09,17:45,July,Monsoon,Flat,62,50.08,29.58,34.83,80.21,0.07,64.17,0.06,4.01,0.67
2024-07-10,06:00,July,Monsoon,Flat,62,83.55,24.86,30.95,81.44,0.12,65.16,0.1,6.77,0.67
2024-07-10,06:15,July,Monsoon,Flat,62,83.55,24.86,30.95,81.44,0.12,65.16,0.1,6.77,0.67
2024-07-10,06:30,July,Monsoon,Flat,62,83.55,24.86,30.95,81.44,0.12,65.16,0.1,6.77,0.67
2024-07-10,06:45,July,Monsoon,Flat,62,83.55,24.86,30.95,81.44,0.12,65.16,0.1,6.77,0.67
2024-07-10,07:00,July,Monsoon,Flat,62,223.73,26.82,36.41,79.71,0.33,63.77,0.28,17.84,0.67
2024-07-10,07:15,July,Monsoon,Flat,62,223.73,26.82,36.41,79.71,0.33,63.77,0.28,17.84,0.67
2024-07-10,07:30,July,Monsoon,Flat,62,223.73,26.82,36.41,79.71,0.33,63.77,0.28,17.84,0.67
2024-07-10,07:45,July,Monsoon,Flat,62,223.73,26.82,36.41,79.71,0.33,63.77,0.28,17.84,0.67
2024-07-10,08:00,July,Monsoon,Flat,62,412.8,28.97,43.29,77.54,0.62,62.03,0.52,32.23,0.67
2024-07-10,08:15,July,Monsoon,Flat,62,412.8,28.97,43.29,77.54,0.62,62.03,0.52,32.23,0.67
2024-07-10,08:30,July,Monsoon,Flat,62,412.8,28.97,43.29,77.54,0.62,62.03,0.52,32.23,0.67
2024-07-10,08:45,July,Monsoon,Flat,62,412.8,28.97,43.29,77.54,0.62,62.03,0.52,32.23,0.67
2024-07-10,09:00,July,Monsoon,Flat,62,612.97,31.2,50.52,75.25,0.93,60.2,0.78,46.78,0.67
2024-07-10,09:15,July,Monsoon,Flat,62,612.97,31.2,50.52,75.25,0.93,60.2,0.78,46.78,0.67
2024-07-10,09:30,July,Monsoon,Flat,62,612.97,31.2,50.52,75.25,0.93,60.2,0.78,46.78,0.67
2024-07-10,09:45,July,Monsoon,Flat,62,612.97,31.2,50.52,75.25,0.93,60.2,0.78,46.78,0.67
2024-07-10,10:00,July,Monsoon,Flat,62,813.75,32.89,57.23,73.12,1.24,58.5,1.04,60.74,0.67
2024-07-10,10:15,July,Monsoon,Flat,62,813.75,32.89,57.23,73.12,1.24,58.5,1.04,60.74,0.67
2024-07-10,10:30,July,Monsoon,Flat,62,813.75,32.89,57.23,73.12,1.24,58.5,1.04,60.74,0.67
2024-07-10,10:45,July,Monsoon,Flat,62,813.75,32.89,57.23,73.12,1.24,58.5,1.04,60.74,0.67
2024-07-10,11:00,July,Monsoon,Flat,62,823.62,33.88,58.47,72.73,1.26,58.18,1.05,61.22,0.67
2024-07-10,11:15,July,Monsoon,Flat,62,823.62,33.88,58.47,72.73,1.26,58.18,1.05,61.22,0.67
2024-07-10,11:30,July,Monsoon,Flat,62,823.62,33.88,58.47,72.73,1.26,58.18,1.05,61.22,0.67
2024-07-10,11:45,July,Monsoon,Flat,62,823.62,33.88,58.47,72.73,1.26,58.18,1.05,61.22,0.67
2024-07-10,12:00,July,Monsoon,Flat,62,756.85,34.29,57.21,73.13,1.15,58.5,0.97,56.5,0.67
2024-07-10,12:15,July,Monsoon,Flat,62,756.85,34.29,57.21,73.13,1.15,58.5,0.97,56.5,0.67
2024-07-10,12:30,July,Monsoon,Flat,62,756.85,34.29,57.21,73.13,1.15,58.5,0.97,56.5,0.67
2024-07-10,12:45,July,Monsoon,Flat,62,756.85,34.29,57.21,73.13,1.15,58.5,0.97,56.5,0.67
2024-07-10,13:00,July,Monsoon,Flat,62,663.97,34.21,54.81,73.89,1.01,59.11,0.85,49.96,0.67
2024-07-10,13:15,July,Monsoon,Flat,62,663.97,34.21,54.81,73.89,1.01,59.11,0.85,49.96,0.67
2024-07-10,13:30,July,Monsoon,Flat,62,663.97,34.21,54.81,73.89,1.01,59.11,0.85,49.96,0.67
2024-07-10,13:45,July,Monsoon,Flat,62,663.97,34.21,54.81,73.89,1.01,59.11,0.85,49.96,0.67
2024-07-10,14:00,July,Monsoon,Flat,62,521.05,33.73,50.76,75.17,0.79,60.14,0.66,39.73,0.67
2024-07-10,14:15,July,Monsoon,Flat,62,521.05,33.73,50.76,75.17,0.79,60.14,0.66,39.73,0.67
2024-07-10,14:30,July,Monsoon,Flat,62,521.05,33.73,50.76,75.17,0.79,60.14,0.66,39.73,0.67
2024-07-10,14:45,July,Monsoon,Flat,62,521.05,33.73,50.76,75.17,0.79,60.14,0.66,39.73,0.67
2024-07-10,15:00,July,Monsoon,Flat,62,429.7,32.75,47.49,76.21,0.65,60.96,0.54,33.11,0.67
2024-07-10,15:15,July,Monsoon,Flat,62,429.7,32.75,47.49,76.21,0.65,60.96,0.54,33.11,0.67
2024-07-10,15:30,July,Monsoon,Flat,62,429.7,32.75,47.49,76.21,0.65,60.96,0.54,33.11,0.67
2024-07-10,15:45,July,Monsoon,Flat,62,429.7,32.75,47.49,76.21,0.65,60.96,0.54,33.11,0.67
2024-07-10,16:00,July,Monsoon,Flat,62,223.0,31.84,41.41,78.13,0.33,62.5,0.28,17.51,0.67
2024-07-10,16:15,July,Monsoon,Flat,62,223.0,31.84,41.41,78.13,0.33,62.5,0.28,17.51,0.67
2024-07-10,16:30,July,Monsoon,Flat,62,223.0,31.84,41.41,78.13,0.33,62.5,0.28,17.51,0.67
2024-07-10,16:45,July,Monsoon,Flat,62,223.0,31.84,41.41,78.13,0.33,62.5,0.28,17.51,0.67
2024-07-10,17:00,July,Monsoon,Flat,62,62.65,30.31,35.88,79.88,0.09,63.91,0.08,5.0,0.67
2024-07-10,17:15,July,Monsoon,Flat,62,62.65,30.31,35.88,79.88,0.09,63.91,0.08,5.0,0.67
2024-07-10,17:30,July,Monsoon,Flat,62,62.65,30.31,35.88,79.88,0.09,63.91,0.08,5.0,0.67
2024-07-10,17:45,July,Monsoon,Flat,62,62.65,30.31,35.88,79.88,0.09,63.91,0.08,5.0,0.67
2024-07-11,06:00,July,Monsoon,Flat,62,98.2,25.37,31.83,81.17,0.15,64.93,0.12,7.94,0.67
2024-07-11,06:15,July,Monsoon,Flat,62,98.2,25.37,31.83,81.17,0.15,64.93,0.12,7.94,0.67
2024-07-11,06:30,July,Monsoon,Flat,62,98.2,25.37,31.83,81.17,0.15,64.93,0.12,7.94,0.67
2024-07-11,06:45,July,Monsoon,Flat,62,98.2,25.37,31.83,81.17,0.15,64.93,0.12,7.94,0.67
2024-07-11,07:00,July,Monsoon,Flat,62,293.62,26.97,38.31,79.11,0.44,63.29,0.37,23.28,0.67
2024-07-11,07:15,July,Monsoon,Flat,62,293.62,26.97,38.31,79.11,0.44,63.29,0.37,23.28,0.67
2024-07-11,07:30,July,Monsoon,Flat,62,293.62,26.97,38.31,79.11,0.44,63.29,0.37,23.28,0.67
2024-07-11,07:45,July,Monsoon,Flat,62,293.62,26.97,38.31,79.11,0.44,63.29,0.37,23.28,0.67
2024-07-11,08:00,July,Monsoon,Flat,62,497.48,28.79,45.23,76.92,0.75,61.54,0.63,38.61,0.67
2024-07-11,08:15,July,Monsoon,Flat,62,497.48,28.79,45.23,76.92,0.75,61.54,0.63,38.61,0.67
2024-07-11,08:30,July,Monsoon,Flat,62,497.48,28.79,45.23,76.92,0.75,61.54,0.63,38.61,0.67
2024-07-11,08:45,July,Monsoon,Flat,62,497.48,28.79,45.23,76.92,0.75,61.54,0.63,38.61,0.67
2024-07-11,09:00,July,Monsoon,Flat,62,628.95,30.66,50.38,75.29,0.95,60.23,0.8,48.02,0.67
2024-07-11,09:15,July,Monsoon,Flat,62,628.95,30.66,50.38,75.29,0.95,60.23,0.8,48.02,0.67
2024-07-11,09:30,July,Monsoon,Flat,62,628.95,30.66,50.38,75.29,0.95,60.23,0.8,48.02,0.67
2024-07-11,09:45,July,Monsoon,Flat,62,628.95,30.66,50.38,75.29,0.95,60.23,0.8,48.02,0.67
2024-07-11,10:00,July,Monsoon,Flat,62,690.55,32.19,53.45,74.32,1.05,59.45,0.88,52.2,0.67
2024-07-11,10:15,July,Monsoon,Flat,62,690.55,32.19,53.45,74.32,1.05,59.45,0.88,52.2,0.67
2024-07-11,10:30,July,Monsoon,Flat,62,690.55,32.19,53.45,74.32,1.05,59.45,0.88,52.2,0.67
2024-07-11,10:45,July,Monsoon,Flat,62,690.55,32.19,53.45,74.32,1.05,59.45,0.88,52.2,0.67
2024-07-11,11:00,July,Monsoon,Flat,62,660.38,33.57,54.08,74.12,1.0,59.3,0.84,49.81,0.67
2024-07-11,11:15,July,Monsoon,Flat,62,660.38,33.57,54.08,74.12,1.0,59.3,0.84,49.81,0.67
2024-07-11,11:30,July,Monsoon,Flat,62,660.38,33.57,54.08,74.12,1.0,59.3,0.84,49.81,0.67
2024-07-11,11:45,July,Monsoon,Flat,62,660.38,33.57,54.08,74.12,1.0,59.3,0.84,49.81,0.67
2024-07-11,12:00,July,Monsoon,Flat,62,671.83,34.75,55.55,73.66,1.02,58.92,0.86,50.43,0.67
2024-07-11,12:15,July,Monsoon,Flat,62,671.83,34.75,55.55,73.66,1.02,58.92,0.86,50.43,0.67
2024-07-11,12:30,July,Monsoon,Flat,62,671.83,34.75,55.55,73.66,1.02,58.92,0.86,50.43,0.67
2024-07-11,12:45,July,Monsoon,Flat,62,671.83,34.75,55.55,73.66,1.02,58.92,0.86,50.43,0.67
2024-07-11,13:00,July,Monsoon,Flat,62,564.9,35.11,53.23,74.39,0.86,59.51,0.72,42.73,0.67
2024-07-11,13:15,July,Monsoon,Flat,62,564.9,35.11,53.23,74.39,0.86,59.51,0.72,42.73,0.67
2024-07-11,13:30,July,Monsoon,Flat,62,564.9,35.11,53.23,74.39,0.86,59.51,0.72,42.73,0.67
2024-07-11,13:45,July,Monsoon,Flat,62,564.9,35.11,53.23,74.39,0.86,59.51,0.72,42.73,0.67
2024-07-11,14:00,July,Monsoon,Flat,62,528.17,34.64,51.84,74.83,0.8,59.86,0.67,40.13,0.67
2024-07-11,14:15,July,Monsoon,Flat,62,528.17,34.64,51.84,74.83,0.8,59.86,0.67,40.13,0.67
2024-07-11,14:30,July,Monsoon,Flat,62,528.17,34.64,51.84,74.83,0.8,59.86,0.67,40.13,0.67
2024-07-11,14:45,July,Monsoon,Flat,62,528.17,34.64,51.84,74.83,0.8,59.86,0.67,40.13,0.67
2024-07-11,15:00,July,Monsoon,Flat,62,412.88,34.09,48.41,75.91,0.62,60.73,0.52,31.72,0.67
2024-07-11,15:15,July,Monsoon,Flat,62,412.88,34.09,48.41,75.91,0.62,60.73,0.52,31.72,0.67
2024-07-11,15:30,July,Monsoon,Flat,62,412.88,34.09,48.41,75.91,0.62,60.73,0.52,31.72,0.67
2024-07-11,15:45,July,Monsoon,Flat,62,412.88,34.09,48.41,75.91,0.62,60.73,0.52,31.72,0.67
2024-07-11,16:00,July,Monsoon,Flat,62,228.93,33.35,43.07,77.61,0.34,62.08,0.29,17.89,0.67
2024-07-11,16:15,July,Monsoon,Flat,62,228.93,33.35,43.07,77.61,0.34,62.08,0.29,17.89,0.67
2024-07-11,16:30,July,Monsoon,Flat,62,228.93,33.35,43.07,77.61,0.34,62.08,0.29,17.89,0.67
2024-07-11,16:45,July,Monsoon,Flat,62,228.93,33.35,43.07,77.61,0.34,62.08,0.29,17.89,0.67
2024-07-11,17:00,July,Monsoon,Flat,62,71.2,31.67,37.45,79.39,0.11,63.51,0.09,5.66,0.67
2024-07-11,17:15,July,Monsoon,Flat,62,71.2,31.67,37.45,79.39,0.11,63.51,0.09,5.66,0.67
2024-07-11,17:30,July,Monsoon,Flat,62,71.2,31.67,37.45,79.39,0.11,63.51,0.09,5.66,0.67
2024-07-11,17:45,July,Monsoon,Flat,62,71.2,31.67,37.45,79.39,0.11,63.51,0.09,5.66,0.67
2024-07-12,06:00,July,Monsoon,Flat,62,99.6,25.26,31.75,81.19,0.15,64.95,0.12,8.05,0.67
2024-07-12,06:15,July,Monsoon,Flat,62,99.6,25.26,31.75,81.19,0.15,64.95,0.12,8.05,0.67
2024-07-12,06:30,July,Monsoon,Flat,62,99.6,25.26,31.75,81.19,0.15,64.95,0.12,8.05,0.67
2024-07-12,06:45,July,Monsoon,Flat,62,99.6,25.26,31.75,81.19,0.15,64.95,0.12,8.05,0.67
2024-07-12,07:00,July,Monsoon,Flat,62,304.15,27.42,39.02,78.89,0.46,63.11,0.38,24.06,0.67
2024-07-12,07:15,July,Monsoon,Flat,62,304.15,27.42,39.02,78.89,0.46,63.11,0.38,24.06,0.67
2024-07-12,07:30,July,Monsoon,Flat,62,304.15,27.42,39.02,78.89,0.46,63.11,0.38,24.06,0.67
2024-07-12,07:45,July,Monsoon,Flat,62,304.15,27.42,39.02,78.89,0.46,63.11,0.38,24.06,0.67
2024-07-12,08:00,July,Monsoon,Flat,62,530.58,30.64,47.9,76.08,0.8,60.86,0.67,40.83,0.67
2024-07-12,08:15,July,Monsoon,Flat,62,530.58,30.64,47.9,76.08,0.8,60.86,0.67,40.83,0.67
2024-07-12,08:30,July,Monsoon,Flat,62,530.58,30.64,47.9,76.08,0.8,60.86,0.67,40.83,0.67
2024-07-12,08:45,July,Monsoon,Flat,62,530.58,30.64,47.9,76.08,0.8,60.86,0.67,40.83,0.67
2024-07-12,09:00,July,Monsoon,Flat,62,687.8,33.1,54.3,74.05,1.04,59.24,0.88,51.84,0.67
2024-07-12,09:15,July,Monsoon,Flat,62,687.8,33.1,54.3,74.05,1.04,59.24,0.88,51.84,0.67
2024-07-12,09:30,July,Monsoon,Flat,62,687.8,33.1,54.3,74.05,1.04,59.24,0.88,51.84,0.67
2024-07-12,09:45,July,Monsoon,Flat,62,687.8,33.1,54.3,74.05,1.04,59.24,0.88,51.84,0.67
2024-07-12,10:00,July,Monsoon,Flat,62,667.75,34.62,55.31,73.73,1.02,58.98,0.85,50.16,0.67
2024-07-12,10:15,July,Monsoon,Flat,62,667.75,34.62,55.31,73.73,1.02,58.98,0.85,50.16,0.67
2024-07-12,10:30,July,Monsoon,Flat,62,667.75,34.62,55.31,73.73,1.02,58.98,0.85,50.16,0.67
2024-07-12,10:45,July,Monsoon,Flat,62,667.75,34.62,55.31,73.73,1.02,58.98,0.85,50.16,0.67
2024-07-12,11:00,July,Monsoon,Flat,62,652.42,35.45,55.76,73.59,0.99,58.87,0.83,48.94,0.67
2024-07-12,11:15,July,Monsoon,Flat,62,652.42,35.45,55.76,73.59,0.99,58.87,0.83,48.94,0.67
2024-07-12,11:30,July,Monsoon,Flat,62,652.42,35.45,55.76,73.59,0.99,58.87,0.83,48.94,0.67
2024-07-12,11:45,July,Monsoon,Flat,62,652.42,35.45,55.76,73.59,0.99,58.87,0.83,48.94,0.67
2024-07-12,12:00,July,Monsoon,Flat,62,559.15,35.43,53.41,74.33,0.85,59.47,0.71,42.27,0.67
2024-07-12,12:15,July,Monsoon,Flat,62,559.15,35.43,53.41,74.33,0.85,59.47,0.71,42.27,0.67
2024-07-12,12:30,July,Monsoon,Flat,62,559.15,35.43,53.41,74.33,0.85,59.47,0.71,42.27,0.67
2024-07-12,12:45,July,Monsoon,Flat,62,559.15,35.43,53.41,74.33,0.85,59.47,0.71,42.27,0.67
2024-07-12,13:00,July,Monsoon,Flat,62,397.15,34.54,48.47,75.9,0.6,60.72,0.5,30.51,0.67
2024-07-12,13:15,July,Monsoon,Flat,62,397.15,34.54,48.47,75.9,0.6,60.72,0.5,30.51,0.67
2024-07-12,13:30,July,Monsoon,Flat,62,397.15,34.54,48.47,75.9,0.6,60.72,0.5,30.51,0.67
2024-07-12,13:45,July,Monsoon,Flat,62,397.15,34.54,48.47,75.9,0.6,60.72,0.5,30.51,0.67
2024-07-12,14:00,July,Monsoon,Flat,62,226.1,33.62,43.27,77.54,0.34,62.03,0.28,17.65,0.67
2024-07-12,14:15,July,Monsoon,Flat,62,226.1,33.62,43.27,77.54,0.34,62.03,0.28,17.65,0.67
2024-07-12,14:30,July,Monsoon,Flat,62,226.1,33.62,43.27,77.54,0.34,62.03,0.28,17.65,0.67
2024-07-12,14:45,July,Monsoon,Flat,62,226.1,33.62,43.27,77.54,0.34,62.03,0.28,17.65,0.67
2024-07-12,15:00,July,Monsoon,Flat,62,284.15,32.64,43.74,77.39,0.43,61.91,0.36,22.16,0.67
2024-07-12,15:15,July,Monsoon,Flat,62,284.15,32.64,43.74,77.39,0.43,61.91,0.36,22.16,0.67
2024-07-12,15:30,July,Monsoon,Flat,62,284.15,32.64,43.74,77.39,0.43,61.91,0.36,22.16,0.67
2024-07-12,15:45,July,Monsoon,Flat,62,284.15,32.64,43.74,77.39,0.43,61.91,0.36,22.16,0.67
2024-07-12,16:00,July,Monsoon,Flat,62,153.18,31.37,39.2,78.83,0.23,63.07,0.19,12.11,0.67
2024-07-12,16:15,July,Monsoon,Flat,62,153.18,31.37,39.2,78.83,0.23,63.07,0.19,12.11,0.67
2024-07-12,16:30,July,Monsoon,Flat,62,153.18,31.37,39.2,78.83,0.23,63.07,0.19,12.11,0.67
2024-07-12,16:45,July,Monsoon,Flat,62,153.18,31.37,39.2,78.83,0.23,63.07,0.19,12.11,0.67
2024-07-12,17:00,July,Monsoon,Flat,62,44.83,29.63,34.75,80.24,0.07,64.19,0.06,3.59,0.67
2024-07-12,17:15,July,Monsoon,Flat,62,44.83,29.63,34.75,80.24,0.07,64.19,0.06,3.59,0.67
2024-07-12,17:30,July,Monsoon,Flat,62,44.83,29.63,34.75,80.24,0.07,64.19,0.06,3.59,0.67
2024-07-12,17:45,July,Monsoon,Flat,62,44.83,29.63,34.75,80.24,0.07,64.19,0.06,3.59,0.67
2024-07-13,06:00,July,Monsoon,Flat,62,70.68,26.07,31.84,81.16,0.11,64.93,0.09,5.71,0.67
2024-07-13,06:15,July,Monsoon,Flat,62,70.68,26.07,31.84,81.16,0.11,64.93,0.09,5.71,0.67
2024-07-13,06:30,July,Monsoon,Flat,62,70.68,26.07,31.84,81.16,0.11,64.93,0.09,5.71,0.67
2024-07-13,06:45,July,Monsoon,Flat,62,70.68,26.07,31.84,81.16,0.11,64.93,0.09,5.71,0.67
2024-07-13,07:00,July,Monsoon,Flat,62,192.95,28.32,37.14,79.48,0.29,63.59,0.24,15.35,0.67
2024-07-13,07:15,July,Monsoon,Flat,62,192.95,28.32,37.14,79.48,0.29,63.59,0.24,15.35,0.67
2024-07-13,07:30,July,Monsoon,Flat,62,192.95,28.32,37.14,79.48,0.29,63.59,0.24,15.35,0.67
2024-07-13,07:45,July,Monsoon,Flat,62,192.95,28.32,37.14,79.48,0.29,63.59,0.24,15.35,0.67
2024-07-13,08:00,July,Monsoon,Flat,62,334.67,30.81,43.18,77.57,0.5,62.06,0.42,26.14,0.67
2024-07-13,08:15,July,Monsoon,Flat,62,334.67,30.81,43.18,77.57,0.5,62.06,0.42,26.14,0.67
2024-07-13,08:30,July,Monsoon,Flat,62,334.67,30.81,43.18,77.57,0.5,62.06,0.42,26.14,0.67
2024-07-13,08:45,July,Monsoon,Flat,62,334.67,30.81,43.18,77.57,0.5,62.06,0.42,26.14,0.67
2024-07-13,09:00,July,Monsoon,Flat,62,404.45,32.45,46.56,76.5,0.61,61.2,0.51,31.26,0.67
2024-07-13,09:15,July,Monsoon,Flat,62,404.45,32.45,46.56,76.5,0.61,61.2,0.51,31.26,0.67
2024-07-13,09:30,July,Monsoon,Flat,62,404.45,32.45,46.56,76.5,0.61,61.2,0.51,31.26,0.67
2024-07-13,09:45,July,Monsoon,Flat,62,404.45,32.45,46.56,76.5,0.61,61.2,0.51,31.26,0.67
2024-07-13,10:00,July,Monsoon,Flat,62,455.02,33.33,48.71,75.82,0.69,60.66,0.58,34.93,0.67
2024-07-13,10:15,July,Monsoon,Flat,62,455.02,33.33,48.71,75.82,0.69,60.66,0.58,34.93,0.67
2024-07-13,10:30,July,Monsoon,Flat,62,455.02,33.33,48.71,75.82,0.69,60.66,0.58,34.93,0.67
2024-07-13,10:45,July,Monsoon,Flat,62,455.02,33.33,48.71,75.82,0.69,60.66,0.58,34.93,0.67
2024-07-13,11:00,July,Monsoon,Flat,62,357.7,33.55,46.49,76.52,0.54,61.22,0.45,27.65,0.67
2024-07-13,11:15,July,Monsoon,Flat,62,357.7,33.55,46.49,76.52,0.54,61.22,0.45,27.65,0.67
2024-07-13,11:30,July,Monsoon,Flat,62,357.7,33.55,46.49,76.52,0.54,61.22,0.45,27.65,0.67
2024-07-13,11:45,July,Monsoon,Flat,62,357.7,33.55,46.49,76.52,0.54,61.22,0.45,27.65,0.67
2024-07-13,12:00,July,Monsoon,Flat,62,335.98,33.35,45.75,76.76,0.51,61.41,0.42,26.03,0.67
2024-07-13,12:15,July,Monsoon,Flat,62,335.98,33.35,45.75,76.76,0.51,61.41,0.42,26.03,0.67
2024-07-13,12:30,July,Monsoon,Flat,62,335.98,33.35,45.75,76.76,0.51,61.41,0.42,26.03,0.67
2024-07-13,12:45,July,Monsoon,Flat,62,335.98,33.35,45.75,76.76,0.51,61.41,0.42,26.03,0.67
2024-07-13,13:00,July,Monsoon,Flat,62,302.33,32.73,44.29,77.22,0.45,61.78,0.38,23.53,0.67
2024-07-13,13:15,July,Monsoon,Flat,62,302.33,32.73,44.29,77.22,0.45,61.78,0.38,23.53,0.67
2024-07-13,13:30,July,Monsoon,Flat,62,302.33,32.73,44.29,77.22,0.45,61.78,0.38,23.53,0.67
2024-07-13,13:45,July,Monsoon,Flat,62,302.33,32.73,44.29,77.22,0.45,61.78,0.38,23.53,0.67
2024-07-13,14:00,July,Monsoon,Flat,62,263.35,32.11,42.69,77.73,0.4,62.18,0.33,20.6,0.67
2024-07-13,14:15,July,Monsoon,Flat,62,263.35,32.11,42.69,77.73,0.4,62.18,0.33,20.6,0.67
2024-07-13,14:30,July,Monsoon,Flat,62,263.35,32.11,42.69,77.73,0.4,62.18,0.33,20.6,0.67
2024-07-13,14:45,July,Monsoon,Flat,62,263.35,32.11,42.69,77.73,0.4,62.18,0.33,20.6,0.67
2024-07-13,15:00,July,Monsoon,Flat,62,144.0,31.4,39.0,78.89,0.22,63.12,0.18,11.39,0.67
2024-07-13,15:15,July,Monsoon,Flat,62,144.0,31.4,39.0,78.89,0.22,63.12,0.18,11.39,0.67
2024-07-13,15:30,July,Monsoon,Flat,62,144.0,31.4,39.0,78.89,0.22,63.12,0.18,11.39,0.67
2024-07-13,15:45,July,Monsoon,Flat,62,144.0,31.4,39.0,78.89,0.22,63.12,0.18,11.39,0.67
2024-07-13,16:00,July,Monsoon,Flat,62,82.7,30.43,36.5,79.69,0.12,63.75,0.1,6.59,0.67
2024-07-13,16:15,July,Monsoon,Flat,62,82.7,30.43,36.5,79.69,0.12,63.75,0.1,6.59,0.67
2024-07-13,16:30,July,Monsoon,Flat,62,82.7,30.43,36.5,79.69,0.12,63.75,0.1,6.59,0.67
2024-07-13,16:45,July,Monsoon,Flat,62,82.7,30.43,36.5,79.69,0.12,63.75,0.1,6.59,0.67
2024-07-13,17:00,July,Monsoon,Flat,62,27.98,28.99,33.69,80.58,0.04,64.46,0.03,2.25,0.67
2024-07-13,17:15,July,Monsoon,Flat,62,27.98,28.99,33.69,80.58,0.04,64.46,0.03,2.25,0.67
2024-07-13,17:30,July,Monsoon,Flat,62,27.98,28.99,33.69,80.58,0.04,64.46,0.03,2.25,0.67
2024-07-13,17:45,July,Monsoon,Flat,62,27.98,28.99,33.69,80.58,0.04,64.46,0.03,2.25,0.67
2024-07-14,06:00,July,Monsoon,Flat,62,54.85,24.6,29.97,81.75,0.08,65.4,0.07,4.46,0.67
2024-07-14,06:15,July,Monsoon,Flat,62,54.85,24.6,29.97,81.75,0.08,65.4,0.07,4.46,0.67
2024-07-14,06:30,July,Monsoon,Flat,62,54.85,24.6,29.97,81.75,0.08,65.4,0.07,4.46,0.67
2024-07-14,06:45,July,Monsoon,Flat,62,54.85,24.6,29.97,81.75,0.08,65.4,0.07,4.46,0.67
2024-07-14,07:00,July,Monsoon,Flat,62,154.05,26.09,33.94,80.5,0.23,64.4,0.19,12.37,0.67
2024-07-14,07:15,July,Monsoon,Flat,62,154.05,26.09,33.94,80.5,0.23,64.4,0.19,12.37,0.67
2024-07-14,07:30,July,Monsoon,Flat,62,154.05,26.09,33.94,80.5,0.23,64.4,0.19,12.37,0.67
2024-07-14,07:45,July,Monsoon,Flat,62,154.05,26.09,33.94,80.5,0.23,64.4,0.19,12.37,0.67
2024-07-14,08:00,July,Monsoon,Flat,62,276.1,28.4,39.3,78.8,0.41,63.04,0.35,21.82,0.67
2024-07-14,08:15,July,Monsoon,Flat,62,276.1,28.4,39.3,78.8,0.41,63.04,0.35,21.82,0.67
2024-07-14,08:30,July,Monsoon,Flat,62,276.1,28.4,39.3,78.8,0.41,63.04,0.35,21.82,0.67
2024-07-14,08:45,July,Monsoon,Flat,62,276.1,28.4,39.3,78.8,0.41,63.04,0.35,21.82,0.67
2024-07-14,09:00,July,Monsoon,Flat,62,271.2,31.14,41.92,77.97,0.41,62.38,0.34,21.27,0.67
2024-07-14,09:15,July,Monsoon,Flat,62,271.2,31.14,41.92,77.97,0.41,62.38,0.34,21.27,0.67
2024-07-14,09:30,July,Monsoon,Flat,62,271.2,31.14,41.92,77.97,0.41,62.38,0.34,21.27,0.67
2024-07-14,09:45,July,Monsoon,Flat,62,271.2,31.14,41.92,77.97,0.41,62.38,0.34,21.27,0.67
2024-07-14,10:00,July,Monsoon,Flat,62,506.15,33.7,50.35,75.3,0.77,60.24,0.64,38.65,0.67
2024-07-14,10:15,July,Monsoon,Flat,62,506.15,33.7,50.35,75.3,0.77,60.24,0.64,38.65,0.67
2024-07-14,10:30,July,Monsoon,Flat,62,506.15,33.7,50.35,75.3,0.77,60.24,0.64,38.65,0.67
2024-07-14,10:45,July,Monsoon,Flat,62,506.15,33.7,50.35,75.3,0.77,60.24,0.64,38.65,0.67
2024-07-14,11:00,July,Monsoon,Flat,62,523.53,35.48,52.57,74.6,0.79,59.68,0.67,39.69,0.67
2024-07-14,11:15,July,Monsoon,Flat,62,523.53,35.48,52.57,74.6,0.79,59.68,0.67,39.69,0.67
2024-07-14,11:30,July,Monsoon,Flat,62,523.53,35.48,52.57,74.6,0.79,59.68,0.67,39.69,0.67
2024-07-14,11:45,July,Monsoon,Flat,62,523.53,35.48,52.57,74.6,0.79,59.68,0.67,39.69,0.67
2024-07-14,12:00,July,Monsoon,Flat,62,429.62,36.66,51.4,74.97,0.65,59.97,0.55,32.69,0.67
2024-07-14,12:15,July,Monsoon,Flat,62,429.62,36.66,51.4,74.97,0.65,59.97,0.55,32.69,0.67
2024-07-14,12:30,July,Monsoon,Flat,62,429.62,36.66,51.4,74.97,0.65,59.97,0.55,32.69,0.67
2024-07-14,12:45,July,Monsoon,Flat,62,429.62,36.66,51.4,74.97,0.65,59.97,0.55,32.69,0.67
2024-07-14,13:00,July,Monsoon,Flat,62,495.67,37.15,53.54,74.29,0.75,59.43,0.63,37.45,0.67
2024-07-14,13:15,July,Monsoon,Flat,62,495.67,37.15,53.54,74.29,0.75,59.43,0.63,37.45,0.67
2024-07-14,13:30,July,Monsoon,Flat,62,495.67,37.15,53.54,74.29,0.75,59.43,0.63,37.45,0.67
2024-07-14,13:45,July,Monsoon,Flat,62,495.67,37.15,53.54,74.29,0.75,59.43,0.63,37.45,0.67
2024-07-14,14:00,July,Monsoon,Flat,62,355.62,36.75,49.64,75.53,0.54,60.42,0.45,27.22,0.67
2024-07-14,14:15,July,Monsoon,Flat,62,355.62,36.75,49.64,75.53,0.54,60.42,0.45,27.22,0.67
2024-07-14,14:30,July,Monsoon,Flat,62,355.62,36.75,49.64,75.53,0.54,60.42,0.45,27.22,0.67
2024-07-14,14:45,July,Monsoon,Flat,62,355.62,36.75,49.64,75.53,0.54,60.42,0.45,27.22,0.67
2024-07-14,15:00,July,Monsoon,Flat,62,304.5,35.26,46.87,76.4,0.46,61.12,0.38,23.51,0.67
2024-07-14,15:15,July,Monsoon,Flat,62,304.5,35.26,46.87,76.4,0.46,61.12,0.38,23.51,0.67
2024-07-14,15:30,July,Monsoon,Flat,62,304.5,35.26,46.87,76.4,0.46,61.12,0.38,23.51,0.67
2024-07-14,15:45,July,Monsoon,Flat,62,304.5,35.26,46.87,76.4,0.46,61.12,0.38,23.51,0.67
2024-07-14,16:00,July,Monsoon,Flat,62,156.35,33.2,41.11,78.23,0.23,62.58,0.2,12.29,0.67
2024-07-14,16:15,July,Monsoon,Flat,62,156.35,33.2,41.11,78.23,0.23,62.58,0.2,12.29,0.67
2024-07-14,16:30,July,Monsoon,Flat,62,156.35,33.2,41.11,78.23,0.23,62.58,0.2,12.29,0.67
2024-07-14,16:45,July,Monsoon,Flat,62,156.35,33.2,41.11,78.23,0.23,62.58,0.2,12.29,0.67
2024-07-14,17:00,July,Monsoon,Flat,62,46.08,30.92,36.07,79.82,0.07,63.86,0.06,3.68,0.67
2024-07-14,17:15,July,Monsoon,Flat,62,46.08,30.92,36.07,79.82,0.07,63.86,0.06,3.68,0.67
2024-07-14,17:30,July,Monsoon,Flat,62,46.08,30.92,36.07,79.82,0.07,63.86,0.06,3.68,0.67
2024-07-14,17:45,July,Monsoon,Flat,62,46.08,30.92,36.07,79.82,0.07,63.86,0.06,3.68,0.67
2024-07-15,06:00,July,Monsoon,Flat,62,61.65,25.91,31.45,81.29,0.09,65.03,0.08,4.99,0.67
2024-07-15,06:15,July,Monsoon,Flat,62,61.65,25.91,31.45,81.29,0.09,65.03,0.08,4.99,0.67
2024-07-15,06:30,July,Monsoon,Flat,62,61.65,25.91,31.45,81.29,0.09,65.03,0.08,4.99,0.67
2024-07-15,06:45,July,Monsoon,Flat,62,61.65,25.91,31.45,81.29,0.09,65.03,0.08,4.99,0.67
2024-07-15,07:00,July,Monsoon,Flat,62,195.88,27.0,35.9,79.88,0.29,63.9,0.24,15.64,0.67
2024-07-15,07:15,July,Monsoon,Flat,62,195.88,27.0,35.9,79.88,0.29,63.9,0.24,15.64,0.67
2024-07-15,07:30,July,Monsoon,Flat,62,195.88,27.0,35.9,79.88,0.29,63.9,0.24,15.64,0.67
2024-07-15,07:45,July,Monsoon,Flat,62,195.88,27.0,35.9,79.88,0.29,63.9,0.24,15.64,0.67
2024-07-15,08:00,July,Monsoon,Flat,62,331.23,28.27,40.55,78.4,0.5,62.72,0.42,26.08,0.67
2024-07-15,08:15,July,Monsoon,Flat,62,331.23,28.27,40.55,78.4,0.5,62.72,0.42,26.08,0.67
2024-07-15,08:30,July,Monsoon,Flat,62,331.23,28.27,40.55,78.4,0.5,62.72,0.42,26.08,0.67
2024-07-15,08:45,July,Monsoon,Flat,62,331.23,28.27,40.55,78.4,0.5,62.72,0.42,26.08,0.67
2024-07-15,09:00,July,Monsoon,Flat,62,445.38,29.48,44.61,77.12,0.67,61.69,0.56,34.63,0.67
2024-07-15,09:15,July,Monsoon,Flat,62,445.38,29.48,44.61,77.12,0.67,61.69,0.56,34.63,0.67
2024-07-15,09:30,July,Monsoon,Flat,62,445.38,29.48,44.61,77.12,0.67,61.69,0.56,34.63,0.67
2024-07-15,09:45,July,Monsoon,Flat,62,445.38,29.48,44.61,77.12,0.67,61.69,0.56,34.63,0.67
2024-07-15,10:00,July,Monsoon,Flat,62,463.45,30.46,46.05,76.66,0.7,61.33,0.58,35.88,0.67
2024-07-15,10:15,July,Monsoon,Flat,62,463.45,30.46,46.05,76.66,0.7,61.33,0.58,35.88,0.67
2024-07-15,10:30,July,Monsoon,Flat,62,463.45,30.46,46.05,76.66,0.7,61.33,0.58,35.88,0.67
2024-07-15,10:45,July,Monsoon,Flat,62,463.45,30.46,46.05,76.66,0.7,61.33,0.58,35.88,0.67
2024-07-15,11:00,July,Monsoon,Flat,62,383.35,31.35,44.93,77.02,0.58,61.61,0.48,29.78,0.67
2024-07-15,11:15,July,Monsoon,Flat,62,383.35,31.35,44.93,77.02,0.58,61.61,0.48,29.78,0.67
2024-07-15,11:30,July,Monsoon,Flat,62,383.35,31.35,44.93,77.02,0.58,61.61,0.48,29.78,0.67
2024-07-15,11:45,July,Monsoon,Flat,62,383.35,31.35,44.93,77.02,0.58,61.61,0.48,29.78,0.67
2024-07-15,12:00,July,Monsoon,Flat,62,221.57,31.97,41.51,78.1,0.33,62.48,0.28,17.4,0.67
2024-07-15,12:15,July,Monsoon,Flat,62,221.57,31.97,41.51,78.1,0.33,62.48,0.28,17.4,0.67
2024-07-15,12:30,July,Monsoon,Flat,62,221.57,31.97,41.51,78.1,0.33,62.48,0.28,17.4,0.67
2024-07-15,12:45,July,Monsoon,Flat,62,221.57,31.97,41.51,78.1,0.33,62.48,0.28,17.4,0.67
2024-07-15,13:00,July,Monsoon,Flat,62,173.5,32.15,40.49,78.42,0.26,62.74,0.22,13.66,0.67
2024-07-15,13:15,July,Monsoon,Flat,62,173.5,32.15,40.49,78.42,0.26,62.74,0.22,13.66,0.67
2024-07-15,13:30,July,Monsoon,Flat,62,173.5,32.15,40.49,78.42,0.26,62.74,0.22,13.66,0.67
2024-07-15,13:45,July,Monsoon,Flat,62,173.5,32.15,40.49,78.42,0.26,62.74,0.22,13.66,0.67
2024-07-15,14:00,July,Monsoon,Flat,62,168.7,31.77,39.99,78.58,0.25,62.87,0.21,13.31,0.67
2024-07-15,14:15,July,Monsoon,Flat,62,168.7,31.77,39.99,78.58,0.25,62.87,0.21,13.31,0.67
2024-07-15,14:30,July,Monsoon,Flat,62,168.7,31.77,39.99,78.58,0.25,62.87,0.21,13.31,0.67
2024-07-15,14:45,July,Monsoon,Flat,62,168.7,31.77,39.99,78.58,0.25,62.87,0.21,13.31,0.67
2024-07-15,15:00,July,Monsoon,Flat,62,142.55,31.01,38.57,79.03,0.21,63.22,0.18,11.29,0.67
2024-07-15,15:15,July,Monsoon,Flat,62,142.55,31.01,38.57,79.03,0.21,63.22,0.18,11.29,0.67
2024-07-15,15:30,July,Monsoon,Flat,62,142.55,31.01,38.57,79.03,0.21,63.22,0.18,11.29,0.67
2024-07-15,15:45,July,Monsoon,Flat,62,142.55,31.01,38.57,79.03,0.21,63.22,0.18,11.29,0.67
2024-07-15,16:00,July,Monsoon,Flat,62,98.8,29.63,36.1,79.81,0.15,63.85,0.12,7.88,0.67
2024-07-15,16:15,July,Monsoon,Flat,62,98.8,29.63,36.1,79.81,0.15,63.85,0.12,7.88,0.67
2024-07-15,16:30,July,Monsoon,Flat,62,98.8,29.63,36.1,79.81,0.15,63.85,0.12,7.88,0.67
2024-07-15,16:45,July,Monsoon,Flat,62,98.8,29.63,36.1,79.81,0.15,63.85,0.12,7.88,0.67
2024-07-15,17:00,July,Monsoon,Flat,62,34.25,27.93,32.79,80.86,0.05,64.69,0.04,2.76,0.67
2024-07-15,17:15,July,Monsoon,Flat,62,34.25,27.93,32.79,80.86,0.05,64.69,0.04,2.76,0.67
2024-07-15,17:30,July,Monsoon,Flat,62,34.25,27.93,32.79,80.86,0.05,64.69,0.04,2.76,0.67
2024-07-15,17:45,July,Monsoon,Flat,62,34.25,27.93,32.79,80.86,0.05,64.69,0.04,2.76,0.67
2024-07-16,06:00,July,Monsoon,Flat,62,58.35,25.83,31.29,81.34,0.09,65.07,0.07,4.72,0.67
2024-07-16,06:15,July,Monsoon,Flat,62,58.35,25.83,31.29,81.34,0.09,65.07,0.07,4.72,0.67
2024-07-16,06:30,July,Monsoon,Flat,62,58.35,25.83,31.29,81.34,0.09,65.07,0.07,4.72,0.67
2024-07-16,06:45,July,Monsoon,Flat,62,58.35,25.83,31.29,81.34,0.09,65.07,0.07,4.72,0.67
2024-07-16,07:00,July,Monsoon,Flat,62,157.57,27.24,35.18,80.1,0.23,64.08,0.2,12.61,0.67
2024-07-16,07:15,July,Monsoon,Flat,62,157.57,27.24,35.18,80.1,0.23,64.08,0.2,12.61,0.67
2024-07-16,07:30,July,Monsoon,Flat,62,157.57,27.24,35.18,80.1,0.23,64.08,0.2,12.61,0.67
2024-07-16,07:45,July,Monsoon,Flat,62,157.57,27.24,35.18,80.1,0.23,64.08,0.2,12.61,0.67
2024-07-16,08:00,July,Monsoon,Flat,62,277.55,28.88,39.82,78.64,0.42,62.91,0.35,21.9,0.67
2024-07-16,08:15,July,Monsoon,Flat,62,277.55,28.88,39.82,78.64,0.42,62.91,0.35,21.9,0.67
2024-07-16,08:30,July,Monsoon,Flat,62,277.55,28.88,39.82,78.64,0.42,62.91,0.35,21.9,0.67
2024-07-16,08:45,July,Monsoon,Flat,62,277.55,28.88,39.82,78.64,0.42,62.91,0.35,21.9,0.67
2024-07-16,09:00,July,Monsoon,Flat,62,316.35,30.39,42.3,77.85,0.48,62.28,0.4,24.78,0.67
2024-07-16,09:15,July,Monsoon,Flat,62,316.35,30.39,42.3,77.85,0.48,62.28,0.4,24.78,0.67
2024-07-16,09:30,July,Monsoon,Flat,62,316.35,30.39,42.3,77.85,0.48,62.28,0.4,24.78,0.67
2024-07-16,09:45,July,Monsoon,Flat,62,316.35,30.39,42.3,77.85,0.48,62.28,0.4,24.78,0.67
2024-07-16,10:00,July,Monsoon,Flat,62,312.35,31.89,43.7,77.41,0.47,61.93,0.39,24.36,0.67
2024-07-16,10:15,July,Monsoon,Flat,62,312.35,31.89,43.7,77.41,0.47,61.93,0.39,24.36,0.67
2024-07-16,10:30,July,Monsoon,Flat,62,312.35,31.89,43.7,77.41,0.47,61.93,0.39,24.36,0.67
2024-07-16,10:45,July,Monsoon,Flat,62,312.35,31.89,43.7,77.41,0.47,61.93,0.39,24.36,0.67
2024-07-16,11:00,July,Monsoon,Flat,62,381.92,33.46,47.01,76.36,0.58,61.09,0.48,29.47,0.67
2024-07-16,11:15,July,Monsoon,Flat,62,381.92,33.46,47.01,76.36,0.58,61.09,0.48,29.47,0.67
2024-07-16,11:30,July,Monsoon,Flat,62,381.92,33.46,47.01,76.36,0.58,61.09,0.48,29.47,0.67
2024-07-16,11:45,July,Monsoon,Flat,62,381.92,33.46,47.01,76.36,0.58,61.09,0.48,29.47,0.67
2024-07-16,12:00,July,Monsoon,Flat,62,340.65,34.25,46.77,76.44,0.51,61.15,0.43,26.31,0.67
2024-07-16,12:15,July,Monsoon,Flat,62,340.65,34.25,46.77,76.44,0.51,61.15,0.43,26.31,0.67
2024-07-16,12:30,July,Monsoon,Flat,62,340.65,34.25,46.77,76.44,0.51,61.15,0.43,26.31,0.67
2024-07-16,12:45,July,Monsoon,Flat,62,340.65,34.25,46.77,76.44,0.51,61.15,0.43,26.31,0.67
2024-07-16,13:00,July,Monsoon,Flat,62,234.65,33.92,43.79,77.38,0.35,61.9,0.3,18.29,0.67
2024-07-16,13:15,July,Monsoon,Flat,62,234.65,33.92,43.79,77.38,0.35,61.9,0.3,18.29,0.67
2024-07-16,13:30,July,Monsoon,Flat,62,234.65,33.92,43.79,77.38,0.35,61.9,0.3,18.29,0.67
2024-07-16,13:45,July,Monsoon,Flat,62,234.65,33.92,43.79,77.38,0.35,61.9,0.3,18.29,0.67
2024-07-16,14:00,July,Monsoon,Flat,62,256.15,33.08,43.48,77.48,0.39,61.98,0.32,19.99,0.67
2024-07-16,14:15,July,Monsoon,Flat,62,256.15,33.08,43.48,77.48,0.39,61.98,0.32,19.99,0.67
2024-07-16,14:30,July,Monsoon,Flat,62,256.15,33.08,43.48,77.48,0.39,61.98,0.32,19.99,0.67
2024-07-16,14:45,July,Monsoon,Flat,62,256.15,33.08,43.48,77.48,0.39,61.98,0.32,19.99,0.67
2024-07-16,15:00,July,Monsoon,Flat,62,175.32,32.21,40.59,78.39,0.26,62.71,0.22,13.8,0.67
2024-07-16,15:15,July,Monsoon,Flat,62,175.32,32.21,40.59,78.39,0.26,62.71,0.22,13.8,0.67
2024-07-16,15:30,July,Monsoon,Flat,62,175.32,32.21,40.59,78.39,0.26,62.71,0.22,13.8,0.67
2024-07-16,15:45,July,Monsoon,Flat,62,175.32,32.21,40.59,78.39,0.26,62.71,0.22,13.8,0.67
2024-07-16,16:00,July,Monsoon,Flat,62,99.62,31.16,37.65,79.32,0.15,63.46,0.12,7.91,0.67
2024-07-16,16:15,July,Monsoon,Flat,62,99.62,31.16,37.65,79.32,0.15,63.46,0.12,7.91,0.67
2024-07-16,16:30,July,Monsoon,Flat,62,99.62,31.16,37.65,79.32,0.15,63.46,0.12,7.91,0.67
2024-07-16,16:45,July,Monsoon,Flat,62,99.62,31.16,37.65,79.32,0.15,63.46,0.12,7.91,0.67
2024-07-16,17:00,July,Monsoon,Flat,62,34.35,29.56,34.42,80.35,0.05,64.28,0.04,2.75,0.67
2024-07-16,17:15,July,Monsoon,Flat,62,34.35,29.56,34.42,80.35,0.05,64.28,0.04,2.75,0.67
2024-07-16,17:30,July,Monsoon,Flat,62,34.35,29.56,34.42,80.35,0.05,64.28,0.04,2.75,0.67
2024-07-16,17:45,July,Monsoon,Flat,62,34.35,29.56,34.42,80.35,0.05,64.28,0.04,2.75,0.67
2024-07-17,06:00,July,Monsoon,Flat,62,49.67,25.53,30.77,81.5,0.07,65.2,0.06,4.03,0.67
2024-07-17,06:15,July,Monsoon,Flat,62,49.67,25.53,30.77,81.5,0.07,65.2,0.06,4.03,0.67
2024-07-17,06:30,July,Monsoon,Flat,62,49.67,25.53,30.77,81.5,0.07,65.2,0.06,4.03,0.67
2024-07-17,06:45,July,Monsoon,Flat,62,49.67,25.53,30.77,81.5,0.07,65.2,0.06,4.03,0.67
2024-07-17,07:00,July,Monsoon,Flat,62,127.65,27.25,34.44,80.34,0.19,64.27,0.16,10.24,0.67
2024-07-17,07:15,July,Monsoon,Flat,62,127.65,27.25,34.44,80.34,0.19,64.27,0.16,10.24,0.67
2024-07-17,07:30,July,Monsoon,Flat,62,127.65,27.25,34.44,80.34,0.19,64.27,0.16,10.24,0.67
2024-07-17,07:45,July,Monsoon,Flat,62,127.65,27.25,34.44,80.34,0.19,64.27,0.16,10.24,0.67
2024-07-17,08:00,July,Monsoon,Flat,62,241.55,29.31,39.35,78.78,0.36,63.03,0.3,19.09,0.67
2024-07-17,08:15,July,Monsoon,Flat,62,241.55,29.31,39.35,78.78,0.36,63.03,0.3,19.09,0.67
2024-07-17,08:30,July,Monsoon,Flat,62,241.55,29.31,39.35,78.78,0.36,63.03,0.3,19.09,0.67
2024-07-17,08:45,July,Monsoon,Flat,62,241.55,29.31,39.35,78.78,0.36,63.03,0.3,19.09,0.67
2024-07-17,09:00,July,Monsoon,Flat,62,283.55,30.8,41.89,77.98,0.43,62.38,0.36,22.24,0.67
2024-07-17,09:15,July,Monsoon,Flat,62,283.55,30.8,41.89,77.98,0.43,62.38,0.36,22.24,0.67
2024-07-17,09:30,July,Monsoon,Flat,62,283.55,30.8,41.89,77.98,0.43,62.38,0.36,22.24,0.67
2024-07-17,09:45,July,Monsoon,Flat,62,283.55,30.8,41.89,77.98,0.43,62.38,0.36,22.24,0.67
2024-07-17,10:00,July,Monsoon,Flat,62,213.48,31.85,41.19,78.2,0.32,62.56,0.27,16.78,0.67
2024-07-17,10:15,July,Monsoon,Flat,62,213.48,31.85,41.19,78.2,0.32,62.56,0.27,16.78,0.67
2024-07-17,10:30,July,Monsoon,Flat,62,213.48,31.85,41.19,78.2,0.32,62.56,0.27,16.78,0.67
2024-07-17,10:45,July,Monsoon,Flat,62,213.48,31.85,41.19,78.2,0.32,62.56,0.27,16.78,0.67
2024-07-17,11:00,July,Monsoon,Flat,62,293.67,32.52,43.86,77.36,0.44,61.88,0.37,22.89,0.67
2024-07-17,11:15,July,Monsoon,Flat,62,293.67,32.52,43.86,77.36,0.44,61.88,0.37,22.89,0.67
2024-07-17,11:30,July,Monsoon,Flat,62,293.67,32.52,43.86,77.36,0.44,61.88,0.37,22.89,0.67
2024-07-17,11:45,July,Monsoon,Flat,62,293.67,32.52,43.86,77.36,0.44,61.88,0.37,22.89,0.67
2024-07-17,12:00,July,Monsoon,Flat,62,344.38,32.88,45.49,76.84,0.52,61.47,0.43,26.71,0.67
2024-07-17,12:15,July,Monsoon,Flat,62,344.38,32.88,45.49,76.84,0.52,61.47,0.43,26.71,0.67
2024-07-17,12:30,July,Monsoon,Flat,62,344.38,32.88,45.49,76.84,0.52,61.47,0.43,26.71,0.67
2024-07-17,12:45,July,Monsoon,Flat,62,344.38,32.88,45.49,76.84,0.52,61.47,0.43,26.71,0.67
2024-07-17,13:00,July,Monsoon,Flat,62,423.8,32.88,47.48,76.21,0.64,60.97,0.54,32.66,0.67
2024-07-17,13:15,July,Monsoon,Flat,62,423.8,32.88,47.48,76.21,0.64,60.97,0.54,32.66,0.67
2024-07-17,13:30,July,Monsoon,Flat,62,423.8,32.88,47.48,76.21,0.64,60.97,0.54,32.66,0.67
2024-07-17,13:45,July,Monsoon,Flat,62,423.8,32.88,47.48,76.21,0.64,60.97,0.54,32.66,0.67
2024-07-17,14:00,July,Monsoon,Flat,62,383.55,32.75,46.34,76.57,0.58,61.26,0.48,29.66,0.67
2024-07-17,14:15,July,Monsoon,Flat,62,383.55,32.75,46.34,76.57,0.58,61.26,0.48,29.66,0.67
2024-07-17,14:30,July,Monsoon,Flat,62,383.55,32.75,46.34,76.57,0.58,61.26,0.48,29.66,0.67
2024-07-17,14:45,July,Monsoon,Flat,62,383.55,32.75,46.34,76.57,0.58,61.26,0.48,29.66,0.67
2024-07-17,15:00,July,Monsoon,Flat,62,241.77,32.35,42.39,77.82,0.36,62.26,0.3,18.93,0.67
2024-07-17,15:15,July,Monsoon,Flat,62,241.77,32.35,42.39,77.82,0.36,62.26,0.3,18.93,0.67
2024-07-17,15:30,July,Monsoon,Flat,62,241.77,32.35,42.39,77.82,0.36,62.26,0.3,18.93,0.67
2024-07-17,15:45,July,Monsoon,Flat,62,241.77,32.35,42.39,77.82,0.36,62.26,0.3,18.93,0.67
2024-07-17,16:00,July,Monsoon,Flat,62,143.62,31.5,39.09,78.87,0.21,63.09,0.18,11.36,0.67
2024-07-17,16:15,July,Monsoon,Flat,62,143.62,31.5,39.09,78.87,0.21,63.09,0.18,11.36,0.67
2024-07-17,16:30,July,Monsoon,Flat,62,143.62,31.5,39.09,78.87,0.21,63.09,0.18,11.36,0.67
2024-07-17,16:45,July,Monsoon,Flat,62,143.62,31.5,39.09,78.87,0.21,63.09,0.18,11.36,0.67
2024-07-17,17:00,July,Monsoon,Flat,62,32.35,29.67,34.48,80.33,0.05,64.26,0.04,2.59,0.67
2024-07-17,17:15,July,Monsoon,Flat,62,32.35,29.67,34.48,80.33,0.05,64.26,0.04,2.59,0.67
2024-07-17,17:30,July,Monsoon,Flat,62,32.35,29.67,34.48,80.33,0.05,64.26,0.04,2.59,0.67
2024-07-17,17:45,July,Monsoon,Flat,62,32.35,29.67,34.48,80.33,0.05,64.26,0.04,2.59,0.67
2024-07-18,06:00,July,Monsoon,Flat,62,45.03,25.8,30.93,81.45,0.07,65.16,0.06,3.65,0.67
2024-07-18,06:15,July,Monsoon,Flat,62,45.03,25.8,30.93,81.45,0.07,65.16,0.06,3.65,0.67
2024-07-18,06:30,July,Monsoon,Flat,62,45.03,25.8,30.93,81.45,0.07,65.16,0.06,3.65,0.67
2024-07-18,06:45,July,Monsoon,Flat,62,45.03,25.8,30.93,81.45,0.07,65.16,0.06,3.65,0.67
2024-07-18,07:00,July,Monsoon,Flat,62,124.62,28.01,35.13,80.12,0.19,64.1,0.16,9.97,0.67
2024-07-18,07:15,July,Monsoon,Flat,62,124.62,28.01,35.13,80.12,0.19,64.1,0.16,9.97,0.67
2024-07-18,07:30,July,Monsoon,Flat,62,124.62,28.01,35.13,80.12,0.19,64.1,0.16,9.97,0.67
2024-07-18,07:45,July,Monsoon,Flat,62,124.62,28.01,35.13,80.12,0.19,64.1,0.16,9.97,0.67
2024-07-18,08:00,July,Monsoon,Flat,62,210.32,30.22,39.48,78.74,0.31,62.99,0.26,16.61,0.67
2024-07-18,08:15,July,Monsoon,Flat,62,210.32,30.22,39.48,78.74,0.31,62.99,0.26,16.61,0.67
2024-07-18,08:30,July,Monsoon,Flat,62,210.32,30.22,39.48,78.74,0.31,62.99,0.26,16.61,0.67
2024-07-18,08:45,July,Monsoon,Flat,62,210.32,30.22,39.48,78.74,0.31,62.99,0.26,16.61,0.67
2024-07-18,09:00,July,Monsoon,Flat,62,277.58,31.84,42.78,77.7,0.42,62.16,0.35,21.71,0.67
2024-07-18,09:15,July,Monsoon,Flat,62,277.58,31.84,42.78,77.7,0.42,62.16,0.35,21.71,0.67
2024-07-18,09:30,July,Monsoon,Flat,62,277.58,31.84,42.78,77.7,0.42,62.16,0.35,21.71,0.67
2024-07-18,09:45,July,Monsoon,Flat,62,277.58,31.84,42.78,77.7,0.42,62.16,0.35,21.71,0.67
2024-07-18,10:00,July,Monsoon,Flat,62,397.35,32.86,46.79,76.43,0.6,61.14,0.5,30.69,0.67
2024-07-18,10:15,July,Monsoon,Flat,62,397.35,32.86,46.79,76.43,0.6,61.14,0.5,30.69,0.67
2024-07-18,10:30,July,Monsoon,Flat,62,397.35,32.86,46.79,76.43,0.6,61.14,0.5,30.69,0.67
2024-07-18,10:45,July,Monsoon,Flat,62,397.35,32.86,46.79,76.43,0.6,61.14,0.5,30.69,0.67
2024-07-18,11:00,July,Monsoon,Flat,62,416.6,33.34,47.76,76.12,0.63,60.9,0.53,32.07,0.67
2024-07-18,11:15,July,Monsoon,Flat,62,416.6,33.34,47.76,76.12,0.63,60.9,0.53,32.07,0.67
2024-07-18,11:30,July,Monsoon,Flat,62,416.6,33.34,47.76,76.12,0.63,60.9,0.53,32.07,0.67
2024-07-18,11:45,July,Monsoon,Flat,62,416.6,33.34,47.76,76.12,0.63,60.9,0.53,32.07,0.67
2024-07-18,12:00,July,Monsoon,Flat,62,416.73,33.3,47.72,76.13,0.63,60.91,0.53,32.09,0.67
2024-07-18,12:15,July,Monsoon,Flat,62,416.73,33.3,47.72,76.13,0.63,60.91,0.53,32.09,0.67
2024-07-18,12:30,July,Monsoon,Flat,62,416.73,33.3,47.72,76.13,0.63,60.91,0.53,32.09,0.67
2024-07-18,12:45,July,Monsoon,Flat,62,416.73,33.3,47.72,76.13,0.63,60.91,0.53,32.09,0.67
2024-07-18,13:00,July,Monsoon,Flat,62,460.5,32.9,48.41,75.91,0.7,60.73,0.58,35.38,0.67
2024-07-18,13:15,July,Monsoon,Flat,62,460.5,32.9,48.41,75.91,0.7,60.73,0.58,35.38,0.67
2024-07-18,13:30,July,Monsoon,Flat,62,460.5,32.9,48.41,75.91,0.7,60.73,0.58,35.38,0.67
2024-07-18,13:45,July,Monsoon,Flat,62,460.5,32.9,48.41,75.91,0.7,60.73,0.58,35.38,0.67
2024-07-18,14:00,July,Monsoon,Flat,62,249.85,32.28,42.53,77.78,0.38,62.22,0.31,19.55,0.67
2024-07-18,14:15,July,Monsoon,Flat,62,249.85,32.28,42.53,77.78,0.38,62.22,0.31,19.55,0.67
2024-07-18,14:30,July,Monsoon,Flat,62,249.85,32.28,42.53,77.78,0.38,62.22,0.31,19.55,0.67
2024-07-18,14:45,July,Monsoon,Flat,62,249.85,32.28,42.53,77.78,0.38,62.22,0.31,19.55,0.67
2024-07-18,15:00,July,Monsoon,Flat,62,213.85,31.47,40.82,78.32,0.32,62.66,0.27,16.83,0.67
2024-07-18,15:15,July,Monsoon,Flat,62,213.85,31.47,40.82,78.32,0.32,62.66,0.27,16.83,0.67
2024-07-18,15:30,July,Monsoon,Flat,62,213.85,31.47,40.82,78.32,0.32,62.66,0.27,16.83,0.67
2024-07-18,15:45,July,Monsoon,Flat,62,213.85,31.47,40.82,78.32,0.32,62.66,0.27,16.83,0.67
2024-07-18,16:00,July,Monsoon,Flat,62,134.07,30.44,37.79,79.28,0.2,63.42,0.17,10.65,0.67
2024-07-18,16:15,July,Monsoon,Flat,62,134.07,30.44,37.79,79.28,0.2,63.42,0.17,10.65,0.67
2024-07-18,16:30,July,Monsoon,Flat,62,134.07,30.44,37.79,79.28,0.2,63.42,0.17,10.65,0.67
2024-07-18,16:45,July,Monsoon,Flat,62,134.07,30.44,37.79,79.28,0.2,63.42,0.17,10.65,0.67
2024-07-18,17:00,July,Monsoon,Flat,62,44.1,28.87,33.97,80.49,0.07,64.39,0.06,3.54,0.67
2024-07-18,17:15,July,Monsoon,Flat,62,44.1,28.87,33.97,80.49,0.07,64.39,0.06,3.54,0.67
2024-07-18,17:30,July,Monsoon,Flat,62,44.1,28.87,33.97,80.49,0.07,64.39,0.06,3.54,0.67
2024-07-18,17:45,July,Monsoon,Flat,62,44.1,28.87,33.97,80.49,0.07,64.39,0.06,3.54,0.67
2024-07-19,06:00,July,Monsoon,Flat,62,57.85,25.87,31.32,81.33,0.09,65.06,0.07,4.68,0.67
2024-07-19,06:15,July,Monsoon,Flat,62,57.85,25.87,31.32,81.33,0.09,65.06,0.07,4.68,0.67
2024-07-19,06:30,July,Monsoon,Flat,62,57.85,25.87,31.32,81.33,0.09,65.06,0.07,4.68,0.67
2024-07-19,06:45,July,Monsoon,Flat,62,57.85,25.87,31.32,81.33,0.09,65.06,0.07,4.68,0.67
2024-07-19,07:00,July,Monsoon,Flat,62,164.07,28.21,36.31,79.75,0.24,63.8,0.21,13.09,0.67
2024-07-19,07:15,July,Monsoon,Flat,62,164.07,28.21,36.31,79.75,0.24,63.8,0.21,13.09,0.67
2024-07-19,07:30,July,Monsoon,Flat,62,164.07,28.21,36.31,79.75,0.24,63.8,0.21,13.09,0.67
2024-07-19,07:45,July,Monsoon,Flat,62,164.07,28.21,36.31,79.75,0.24,63.8,0.21,13.09,0.67
2024-07-19,08:00,July,Monsoon,Flat,62,288.7,30.61,41.83,78.0,0.43,62.4,0.36,22.64,0.67
2024-07-19,08:15,July,Monsoon,Flat,62,288.7,30.61,41.83,78.0,0.43,62.4,0.36,22.64,0.67
2024-07-19,08:30,July,Monsoon,Flat,62,288.7,30.61,41.83,78.0,0.43,62.4,0.36,22.64,0.67
2024-07-19,08:45,July,Monsoon,Flat,62,288.7,30.61,41.83,78.0,0.43,62.4,0.36,22.64,0.67
2024-07-19,09:00,July,Monsoon,Flat,62,419.9,32.43,46.93,76.38,0.63,61.11,0.53,32.41,0.67
2024-07-19,09:15,July,Monsoon,Flat,62,419.9,32.43,46.93,76.38,0.63,61.11,0.53,32.41,0.67
2024-07-19,09:30,July,Monsoon,Flat,62,419.9,32.43,46.93,76.38,0.63,61.11,0.53,32.41,0.67
2024-07-19,09:45,July,Monsoon,Flat,62,419.9,32.43,46.93,76.38,0.63,61.11,0.53,32.41,0.67
2024-07-19,10:00,July,Monsoon,Flat,62,465.2,33.73,49.36,75.61,0.7,60.49,0.59,35.63,0.67
2024-07-19,10:15,July,Monsoon,Flat,62,465.2,33.73,49.36,75.61,0.7,60.49,0.59,35.63,0.67
2024-07-19,10:30,July,Monsoon,Flat,62,465.2,33.73,49.36,75.61,0.7,60.49,0.59,35.63,0.67
2024-07-19,10:45,July,Monsoon,Flat,62,465.2,33.73,49.36,75.61,0.7,60.49,0.59,35.63,0.67
2024-07-19,11:00,July,Monsoon,Flat,62,518.5,34.64,51.6,74.9,0.79,59.92,0.66,39.43,0.67
2024-07-19,11:15,July,Monsoon,Flat,62,518.5,34.64,51.6,74.9,0.79,59.92,0.66,39.43,0.67
2024-07-19,11:30,July,Monsoon,Flat,62,518.5,34.64,51.6,74.9,0.79,59.92,0.66,39.43,0.67
2024-07-19,11:45,July,Monsoon,Flat,62,518.5,34.64,51.6,74.9,0.79,59.92,0.66,39.43,0.67
2024-07-19,12:00,July,Monsoon,Flat,62,521.78,35.08,52.12,74.74,0.79,59.79,0.66,39.61,0.67
2024-07-19,12:15,July,Monsoon,Flat,62,521.78,35.08,52.12,74.74,0.79,59.79,0.66,39.61,0.67
2024-07-19,12:30,July,Monsoon,Flat,62,521.78,35.08,52.12,74.74,0.79,59.79,0.66,39.61,0.67
2024-07-19,12:45,July,Monsoon,Flat,62,521.78,35.08,52.12,74.74,0.79,59.79,0.66,39.61,0.67
2024-07-19,13:00,July,Monsoon,Flat,62,481.25,35.06,51.09,75.07,0.73,60.05,0.61,36.66,0.67
2024-07-19,13:15,July,Monsoon,Flat,62,481.25,35.06,51.09,75.07,0.73,60.05,0.61,36.66,0.67
2024-07-19,13:30,July,Monsoon,Flat,62,481.25,35.06,51.09,75.07,0.73,60.05,0.61,36.66,0.67
2024-07-19,13:45,July,Monsoon,Flat,62,481.25,35.06,51.09,75.07,0.73,60.05,0.61,36.66,0.67
2024-07-19,14:00,July,Monsoon,Flat,62,343.92,34.64,47.24,76.29,0.52,61.03,0.43,26.52,0.67
2024-07-19,14:15,July,Monsoon,Flat,62,343.92,34.64,47.24,76.29,0.52,61.03,0.43,26.52,0.67
2024-07-19,14:30,July,Monsoon,Flat,62,343.92,34.64,47.24,76.29,0.52,61.03,0.43,26.52,0.67
2024-07-19,14:45,July,Monsoon,Flat,62,343.92,34.64,47.24,76.29,0.52,61.03,0.43,26.52,0.67
2024-07-19,15:00,July,Monsoon,Flat,62,231.88,33.78,43.58,77.45,0.35,61.96,0.29,18.09,0.67
2024-07-19,15:15,July,Monsoon,Flat,62,231.88,33.78,43.58,77.45,0.35,61.96,0.29,18.09,0.67
2024-07-19,15:30,July,Monsoon,Flat,62,231.88,33.78,43.58,77.45,0.35,61.96,0.29,18.09,0.67
2024-07-19,15:45,July,Monsoon,Flat,62,231.88,33.78,43.58,77.45,0.35,61.96,0.29,18.09,0.67
2024-07-19,16:00,July,Monsoon,Flat,62,126.47,32.49,39.65,78.69,0.19,62.95,0.16,9.99,0.67
2024-07-19,16:15,July,Monsoon,Flat,62,126.47,32.49,39.65,78.69,0.19,62.95,0.16,9.99,0.67
2024-07-19,16:30,July,Monsoon,Flat,62,126.47,32.49,39.65,78.69,0.19,62.95,0.16,9.99,0.67
2024-07-19,16:45,July,Monsoon,Flat,62,126.47,32.49,39.65,78.69,0.19,62.95,0.16,9.99,0.67
2024-07-19,17:00,July,Monsoon,Flat,62,37.47,30.67,35.61,79.97,0.06,63.98,0.05,2.99,0.67
2024-07-19,17:15,July,Monsoon,Flat,62,37.47,30.67,35.61,79.97,0.06,63.98,0.05,2.99,0.67
2024-07-19,17:30,July,Monsoon,Flat,62,37.47,30.67,35.61,79.97,0.06,63.98,0.05,2.99,0.67
2024-07-19,17:45,July,Monsoon,Flat,62,37.47,30.67,35.61,79.97,0.06,63.98,0.05,2.99,0.67
2024-07-20,06:00,July,Monsoon,Flat,62,67.8,26.18,31.88,81.15,0.1,64.92,0.08,5.48,0.67
2024-07-20,06:15,July,Monsoon,Flat,62,67.8,26.18,31.88,81.15,0.1,64.92,0.08,5.48,0.67
2024-07-20,06:30,July,Monsoon,Flat,62,67.8,26.18,31.88,81.15,0.1,64.92,0.08,5.48,0.67
2024-07-20,06:45,July,Monsoon,Flat,62,67.8,26.18,31.88,81.15,0.1,64.92,0.08,5.48,0.67
2024-07-20,07:00,July,Monsoon,Flat,62,192.15,28.37,37.17,79.47,0.29,63.58,0.24,15.29,0.67
2024-07-20,07:15,July,Monsoon,Flat,62,192.15,28.37,37.17,79.47,0.29,63.58,0.24,15.29,0.67
2024-07-20,07:30,July,Monsoon,Flat,62,192.15,28.37,37.17,79.47,0.29,63.58,0.24,15.29,0.67
2024-07-20,07:45,July,Monsoon,Flat,62,192.15,28.37,37.17,79.47,0.29,63.58,0.24,15.29,0.67
2024-07-20,08:00,July,Monsoon,Flat,62,348.73,30.51,43.23,77.56,0.52,62.04,0.44,27.23,0.67
2024-07-20,08:15,July,Monsoon,Flat,62,348.73,30.51,43.23,77.56,0.52,62.04,0.44,27.23,0.67
2024-07-20,08:30,July,Monsoon,Flat,62,348.73,30.51,43.23,77.56,0.52,62.04,0.44,27.23,0.67
2024-07-20,08:45,July,Monsoon,Flat,62,348.73,30.51,43.23,77.56,0.52,62.04,0.44,27.23,0.67
2024-07-20,09:00,July,Monsoon,Flat,62,479.8,32.24,48.23,75.97,0.72,60.78,0.61,36.88,0.67
2024-07-20,09:15,July,Monsoon,Flat,62,479.8,32.24,48.23,75.97,0.72,60.78,0.61,36.88,0.67
2024-07-20,09:30,July,Monsoon,Flat,62,479.8,32.24,48.23,75.97,0.72,60.78,0.61,36.88,0.67
2024-07-20,09:45,July,Monsoon,Flat,62,479.8,32.24,48.23,75.97,0.72,60.78,0.61,36.88,0.67
2024-07-20,10:00,July,Monsoon,Flat,62,583.83,33.7,52.3,74.68,0.89,59.75,0.74,44.3,0.67
2024-07-20,10:15,July,Monsoon,Flat,62,583.83,33.7,52.3,74.68,0.89,59.75,0.74,44.3,0.67
2024-07-20,10:30,July,Monsoon,Flat,62,583.83,33.7,52.3,74.68,0.89,59.75,0.74,44.3,0.67
2024-07-20,10:45,July,Monsoon,Flat,62,583.83,33.7,52.3,74.68,0.89,59.75,0.74,44.3,0.67
2024-07-20,11:00,July,Monsoon,Flat,62,589.03,34.93,53.66,74.25,0.89,59.4,0.75,44.49,0.67
2024-07-20,11:15,July,Monsoon,Flat,62,589.03,34.93,53.66,74.25,0.89,59.4,0.75,44.49,0.67
2024-07-20,11:30,July,Monsoon,Flat,62,589.03,34.93,53.66,74.25,0.89,59.4,0.75,44.49,0.67
2024-07-20,11:45,July,Monsoon,Flat,62,589.03,34.93,53.66,74.25,0.89,59.4,0.75,44.49,0.67
2024-07-20,12:00,July,Monsoon,Flat,62,641.33,35.59,55.62,73.63,0.98,58.91,0.82,48.13,0.67
2024-07-20,12:15,July,Monsoon,Flat,62,641.33,35.59,55.62,73.63,0.98,58.91,0.82,48.13,0.67
2024-07-20,12:30,July,Monsoon,Flat,62,641.33,35.59,55.62,73.63,0.98,58.91,0.82,48.13,0.67
2024-07-20,12:45,July,Monsoon,Flat,62,641.33,35.59,55.62,73.63,0.98,58.91,0.82,48.13,0.67
2024-07-20,13:00,July,Monsoon,Flat,62,498.23,35.55,52.01,74.78,0.76,59.82,0.63,37.84,0.67
2024-07-20,13:15,July,Monsoon,Flat,62,498.23,35.55,52.01,74.78,0.76,59.82,0.63,37.84,0.67
2024-07-20,13:30,July,Monsoon,Flat,62,498.23,35.55,52.01,74.78,0.76,59.82,0.63,37.84,0.67
2024-07-20,13:45,July,Monsoon,Flat,62,498.23,35.55,52.01,74.78,0.76,59.82,0.63,37.84,0.67
2024-07-20,14:00,July,Monsoon,Flat,62,422.45,34.96,49.52,75.56,0.64,60.45,0.54,32.34,0.67
2024-07-20,14:15,July,Monsoon,Flat,62,422.45,34.96,49.52,75.56,0.64,60.45,0.54,32.34,0.67
2024-07-20,14:30,July,Monsoon,Flat,62,422.45,34.96,49.52,75.56,0.64,60.45,0.54,32.34,0.67
2024-07-20,14:45,July,Monsoon,Flat,62,422.45,34.96,49.52,75.56,0.64,60.45,0.54,32.34,0.67
2024-07-20,15:00,July,Monsoon,Flat,62,304.62,33.89,45.51,76.84,0.46,61.47,0.38,23.62,0.67
2024-07-20,15:15,July,Monsoon,Flat,62,304.62,33.89,45.51,76.84,0.46,61.47,0.38,23.62,0.67
2024-07-20,15:30,July,Monsoon,Flat,62,304.62,33.89,45.51,76.84,0.46,61.47,0.38,23.62,0.67
2024-07-20,15:45,July,Monsoon,Flat,62,304.62,33.89,45.51,76.84,0.46,61.47,0.38,23.62,0.67
2024-07-20,16:00,July,Monsoon,Flat,62,169.7,32.45,40.69,78.36,0.25,62.69,0.21,13.36,0.67
2024-07-20,16:15,July,Monsoon,Flat,62,169.7,32.45,40.69,78.36,0.25,62.69,0.21,13.36,0.67
2024-07-20,16:30,July,Monsoon,Flat,62,169.7,32.45,40.69,78.36,0.25,62.69,0.21,13.36,0.67
2024-07-20,16:45,July,Monsoon,Flat,62,169.7,32.45,40.69,78.36,0.25,62.69,0.21,13.36,0.67
2024-07-20,17:00,July,Monsoon,Flat,62,51.5,30.59,35.88,79.88,0.08,63.91,0.06,4.11,0.67
2024-07-20,17:15,July,Monsoon,Flat,62,51.5,30.59,35.88,79.88,0.08,63.91,0.06,4.11,0.67
2024-07-20,17:30,July,Monsoon,Flat,62,51.5,30.59,35.88,79.88,0.08,63.91,0.06,4.11,0.67
2024-07-20,17:45,July,Monsoon,Flat,62,51.5,30.59,35.88,79.88,0.08,63.91,0.06,4.11,0.67
2024-07-21,06:00,July,Monsoon,Flat,62,76.85,25.32,31.24,81.35,0.11,65.08,0.1,6.22,0.67
2024-07-21,06:15,July,Monsoon,Flat,62,76.85,25.32,31.24,81.35,0.11,65.08,0.1,6.22,0.67
2024-07-21,06:30,July,Monsoon,Flat,62,76.85,25.32,31.24,81.35,0.11,65.08,0.1,6.22,0.67
2024-07-21,06:45,July,Monsoon,Flat,62,76.85,25.32,31.24,81.35,0.11,65.08,0.1,6.22,0.67
2024-07-21,07:00,July,Monsoon,Flat,62,227.8,27.36,37.05,79.51,0.34,63.61,0.28,18.13,0.67
2024-07-21,07:15,July,Monsoon,Flat,62,227.8,27.36,37.05,79.51,0.34,63.61,0.28,18.13,0.67
2024-07-21,07:30,July,Monsoon,Flat,62,227.8,27.36,37.05,79.51,0.34,63.61,0.28,18.13,0.67
2024-07-21,07:45,July,Monsoon,Flat,62,227.8,27.36,37.05,79.51,0.34,63.61,0.28,18.13,0.67
2024-07-21,08:00,July,Monsoon,Flat,62,401.38,30.05,44.08,77.28,0.6,61.83,0.51,31.26,0.67
2024-07-21,08:15,July,Monsoon,Flat,62,401.38,30.05,44.08,77.28,0.6,61.83,0.51,31.26,0.67
2024-07-21,08:30,July,Monsoon,Flat,62,401.38,30.05,44.08,77.28,0.6,61.83,0.51,31.26,0.67
2024-07-21,08:45,July,Monsoon,Flat,62,401.38,30.05,44.08,77.28,0.6,61.83,0.51,31.26,0.67
2024-07-21,09:00,July,Monsoon,Flat,62,519.78,32.34,49.33,75.62,0.79,60.5,0.66,39.82,0.67
2024-07-21,09:15,July,Monsoon,Flat,62,519.78,32.34,49.33,75.62,0.79,60.5,0.66,39.82,0.67
2024-07-21,09:30,July,Monsoon,Flat,62,519.78,32.34,49.33,75.62,0.79,60.5,0.66,39.82,0.67
2024-07-21,09:45,July,Monsoon,Flat,62,519.78,32.34,49.33,75.62,0.79,60.5,0.66,39.82,0.67
2024-07-21,10:00,July,Monsoon,Flat,62,648.67,34.11,54.33,74.04,0.99,59.23,0.83,48.89,0.67
2024-07-21,10:15,July,Monsoon,Flat,62,648.67,34.11,54.33,74.04,0.99,59.23,0.83,48.89,0.67
2024-07-21,10:30,July,Monsoon,Flat,62,648.67,34.11,54.33,74.04,0.99,59.23,0.83,48.89,0.67
2024-07-21,10:45,July,Monsoon,Flat,62,648.67,34.11,54.33,74.04,0.99,59.23,0.83,48.89,0.67
2024-07-21,11:00,July,Monsoon,Flat,62,682.6,35.2,56.27,73.43,1.04,58.74,0.87,51.12,0.67
2024-07-21,11:15,July,Monsoon,Flat,62,682.6,35.2,56.27,73.43,1.04,58.74,0.87,51.12,0.67
2024-07-21,11:30,July,Monsoon,Flat,62,682.6,35.2,56.27,73.43,1.04,58.74,0.87,51.12,0.67
2024-07-21,11:45,July,Monsoon,Flat,62,682.6,35.2,56.27,73.43,1.04,58.74,0.87,51.12,0.67
2024-07-21,12:00,July,Monsoon,Flat,62,673.75,35.43,56.27,73.43,1.03,58.74,0.86,50.45,0.67
2024-07-21,12:15,July,Monsoon,Flat,62,673.75,35.43,56.27,73.43,1.03,58.74,0.86,50.45,0.67
2024-07-21,12:30,July,Monsoon,Flat,62,673.75,35.43,56.27,73.43,1.03,58.74,0.86,50.45,0.67
2024-07-21,12:45,July,Monsoon,Flat,62,673.75,35.43,56.27,73.43,1.03,58.74,0.86,50.45,0.67
2024-07-21,13:00,July,Monsoon,Flat,62,586.2,35.3,53.95,74.16,0.89,59.33,0.75,44.24,0.67
2024-07-21,13:15,July,Monsoon,Flat,62,586.2,35.3,53.95,74.16,0.89,59.33,0.75,44.24,0.67
2024-07-21,13:30,July,Monsoon,Flat,62,586.2,35.3,53.95,74.16,0.89,59.33,0.75,44.24,0.67
2024-07-21,13:45,July,Monsoon,Flat,62,586.2,35.3,53.95,74.16,0.89,59.33,0.75,44.24,0.67
2024-07-21,14:00,July,Monsoon,Flat,62,503.02,35.01,51.59,74.91,0.76,59.93,0.64,38.25,0.67
2024-07-21,14:15,July,Monsoon,Flat,62,503.02,35.01,51.59,74.91,0.76,59.93,0.64,38.25,0.67
2024-07-21,14:30,July,Monsoon,Flat,62,503.02,35.01,51.59,74.91,0.76,59.93,0.64,38.25,0.67
2024-07-21,14:45,July,Monsoon,Flat,62,503.02,35.01,51.59,74.91,0.76,59.93,0.64,38.25,0.67
2024-07-21,15:00,July,Monsoon,Flat,62,413.6,34.32,48.66,75.84,0.62,60.67,0.52,31.75,0.67
2024-07-21,15:15,July,Monsoon,Flat,62,413.6,34.32,48.66,75.84,0.62,60.67,0.52,31.75,0.67
2024-07-21,15:30,July,Monsoon,Flat,62,413.6,34.32,48.66,75.84,0.62,60.67,0.52,31.75,0.67
2024-07-21,15:45,July,Monsoon,Flat,62,413.6,34.32,48.66,75.84,0.62,60.67,0.52,31.75,0.67
2024-07-21,16:00,July,Monsoon,Flat,62,230.52,33.09,42.85,77.67,0.35,62.14,0.29,18.02,0.67
2024-07-21,16:15,July,Monsoon,Flat,62,230.52,33.09,42.85,77.67,0.35,62.14,0.29,18.02,0.67
2024-07-21,16:30,July,Monsoon,Flat,62,230.52,33.09,42.85,77.67,0.35,62.14,0.29,18.02,0.67
2024-07-21,16:45,July,Monsoon,Flat,62,230.52,33.09,42.85,77.67,0.35,62.14,0.29,18.02,0.67
2024-07-21,17:00,July,Monsoon,Flat,62,66.82,31.14,36.81,79.59,0.1,63.67,0.08,5.32,0.67
2024-07-21,17:15,July,Monsoon,Flat,62,66.82,31.14,36.81,79.59,0.1,63.67,0.08,5.32,0.67
2024-07-21,17:30,July,Monsoon,Flat,62,66.82,31.14,36.81,79.59,0.1,63.67,0.08,5.32,0.67
2024-07-21,17:45,July,Monsoon,Flat,62,66.82,31.14,36.81,79.59,0.1,63.67,0.08,5.32,0.67
2024-07-22,06:00,July,Monsoon,Flat,62,69.9,25.53,31.28,81.34,0.1,65.07,0.09,5.66,0.67
2024-07-22,06:15,July,Monsoon,Flat,62,69.9,25.53,31.28,81.34,0.1,65.07,0.09,5.66,0.67
2024-07-22,06:30,July,Monsoon,Flat,62,69.9,25.53,31.28,81.34,0.1,65.07,0.09,5.66,0.67
2024-07-22,06:45,July,Monsoon,Flat,62,69.9,25.53,31.28,81.34,0.1,65.07,0.09,5.66,0.67
2024-07-22,07:00,July,Monsoon,Flat,62,191.27,27.73,36.51,79.68,0.29,63.75,0.24,15.25,0.67
2024-07-22,07:15,July,Monsoon,Flat,62,191.27,27.73,36.51,79.68,0.29,63.75,0.24,15.25,0.67
2024-07-22,07:30,July,Monsoon,Flat,62,191.27,27.73,36.51,79.68,0.29,63.75,0.24,15.25,0.67
2024-07-22,07:45,July,Monsoon,Flat,62,191.27,27.73,36.51,79.68,0.29,63.75,0.24,15.25,0.67
2024-07-22,08:00,July,Monsoon,Flat,62,328.48,30.29,42.5,77.79,0.49,62.23,0.41,25.71,0.67
2024-07-22,08:15,July,Monsoon,Flat,62,328.48,30.29,42.5,77.79,0.49,62.23,0.41,25.71,0.67
2024-07-22,08:30,July,Monsoon,Flat,62,328.48,30.29,42.5,77.79,0.49,62.23,0.41,25.71,0.67
2024-07-22,08:45,July,Monsoon,Flat,62,328.48,30.29,42.5,77.79,0.49,62.23,0.41,25.71,0.67
2024-07-22,09:00,July,Monsoon,Flat,62,394.2,32.52,46.38,76.56,0.59,61.25,0.5,30.48,0.67
2024-07-22,09:15,July,Monsoon,Flat,62,394.2,32.52,46.38,76.56,0.59,61.25,0.5,30.48,0.67
2024-07-22,09:30,July,Monsoon,Flat,62,394.2,32.52,46.38,76.56,0.59,61.25,0.5,30.48,0.67
2024-07-22,09:45,July,Monsoon,Flat,62,394.2,32.52,46.38,76.56,0.59,61.25,0.5,30.48,0.67
2024-07-22,10:00,July,Monsoon,Flat,62,497.88,34.25,50.7,75.19,0.75,60.15,0.63,37.97,0.67
2024-07-22,10:15,July,Monsoon,Flat,62,497.88,34.25,50.7,75.19,0.75,60.15,0.63,37.97,0.67
2024-07-22,10:30,July,Monsoon,Flat,62,497.88,34.25,50.7,75.19,0.75,60.15,0.63,37.97,0.67
2024-07-22,10:45,July,Monsoon,Flat,62,497.88,34.25,50.7,75.19,0.75,60.15,0.63,37.97,0.67
2024-07-22,11:00,July,Monsoon,Flat,62,502.27,35.45,52.01,74.78,0.76,59.82,0.64,38.14,0.67
2024-07-22,11:15,July,Monsoon,Flat,62,502.27,35.45,52.01,74.78,0.76,59.82,0.64,38.14,0.67
2024-07-22,11:30,July,Monsoon,Flat,62,502.27,35.45,52.01,74.78,0.76,59.82,0.64,38.14,0.67
2024-07-22,11:45,July,Monsoon,Flat,62,502.27,35.45,52.01,74.78,0.76,59.82,0.64,38.14,0.67
2024-07-22,12:00,July,Monsoon,Flat,62,766.35,35.83,58.99,72.57,1.17,58.05,0.98,56.86,0.67
2024-07-22,12:15,July,Monsoon,Flat,62,766.35,35.83,58.99,72.57,1.17,58.05,0.98,56.86,0.67
2024-07-22,12:30,July,Monsoon,Flat,62,766.35,35.83,58.99,72.57,1.17,58.05,0.98,56.86,0.67
2024-07-22,12:45,July,Monsoon,Flat,62,766.35,35.83,58.99,72.57,1.17,58.05,0.98,56.86,0.67
2024-07-22,13:00,July,Monsoon,Flat,62,420.45,35.23,49.74,75.49,0.64,60.4,0.53,32.17,0.67
2024-07-22,13:15,July,Monsoon,Flat,62,420.45,35.23,49.74,75.49,0.64,60.4,0.53,32.17,0.67
2024-07-22,13:30,July,Monsoon,Flat,62,420.45,35.23,49.74,75.49,0.64,60.4,0.53,32.17,0.67
2024-07-22,13:45,July,Monsoon,Flat,62,420.45,35.23,49.74,75.49,0.64,60.4,0.53,32.17,0.67
2024-07-22,14:00,July,Monsoon,Flat,62,370.52,34.15,47.41,76.23,0.56,60.98,0.47,28.56,0.67
2024-07-22,14:15,July,Monsoon,Flat,62,370.52,34.15,47.41,76.23,0.56,60.98,0.47,28.56,0.67
2024-07-22,14:30,July,Monsoon,Flat,62,370.52,34.15,47.41,76.23,0.56,60.98,0.47,28.56,0.67
2024-07-22,14:45,July,Monsoon,Flat,62,370.52,34.15,47.41,76.23,0.56,60.98,0.47,28.56,0.67
2024-07-22,15:00,July,Monsoon,Flat,62,376.73,33.2,46.62,76.48,0.57,61.19,0.48,29.11,0.67
2024-07-22,15:15,July,Monsoon,Flat,62,376.73,33.2,46.62,76.48,0.57,61.19,0.48,29.11,0.67
2024-07-22,15:30,July,Monsoon,Flat,62,376.73,33.2,46.62,76.48,0.57,61.19,0.48,29.11,0.67
2024-07-22,15:45,July,Monsoon,Flat,62,376.73,33.2,46.62,76.48,0.57,61.19,0.48,29.11,0.67
2024-07-22,16:00,July,Monsoon,Flat,62,209.8,32.45,41.7,78.04,0.31,62.43,0.26,16.46,0.67
2024-07-22,16:15,July,Monsoon,Flat,62,209.8,32.45,41.7,78.04,0.31,62.43,0.26,16.46,0.67
2024-07-22,16:30,July,Monsoon,Flat,62,209.8,32.45,41.7,78.04,0.31,62.43,0.26,16.46,0.67
2024-07-22,16:45,July,Monsoon,Flat,62,209.8,32.45,41.7,78.04,0.31,62.43,0.26,16.46,0.67
2024-07-22,17:00,July,Monsoon,Flat,62,65.82,30.54,36.19,79.79,0.1,63.83,0.08,5.25,0.67
2024-07-22,17:15,July,Monsoon,Flat,62,65.82,30.54,36.19,79.79,0.1,63.83,0.08,5.25,0.67
2024-07-22,17:30,July,Monsoon,Flat,62,65.82,30.54,36.19,79.79,0.1,63.83,0.08,5.25,0.67
2024-07-22,17:45,July,Monsoon,Flat,62,65.82,30.54,36.19,79.79,0.1,63.83,0.08,5.25,0.67
2024-07-23,06:00,July,Monsoon,Flat,62,70.65,25.08,30.85,81.48,0.1,65.18,0.09,5.73,0.67
2024-07-23,06:15,July,Monsoon,Flat,62,70.65,25.08,30.85,81.48,0.1,65.18,0.09,5.73,0.67
2024-07-23,06:30,July,Monsoon,Flat,62,70.65,25.08,30.85,81.48,0.1,65.18,0.09,5.73,0.67
2024-07-23,06:45,July,Monsoon,Flat,62,70.65,25.08,30.85,81.48,0.1,65.18,0.09,5.73,0.67
2024-07-23,07:00,July,Monsoon,Flat,62,206.07,27.31,36.46,79.7,0.31,63.76,0.26,16.43,0.67
2024-07-23,07:15,July,Monsoon,Flat,62,206.07,27.31,36.46,79.7,0.31,63.76,0.26,16.43,0.67
2024-07-23,07:30,July,Monsoon,Flat,62,206.07,27.31,36.46,79.7,0.31,63.76,0.26,16.43,0.67
2024-07-23,07:45,July,Monsoon,Flat,62,206.07,27.31,36.46,79.7,0.31,63.76,0.26,16.43,0.67
2024-07-23,08:00,July,Monsoon,Flat,62,370.83,30.05,43.32,77.53,0.56,62.02,0.47,28.95,0.67
2024-07-23,08:15,July,Monsoon,Flat,62,370.83,30.05,43.32,77.53,0.56,62.02,0.47,28.95,0.67
2024-07-23,08:30,July,Monsoon,Flat,62,370.83,30.05,43.32,77.53,0.56,62.02,0.47,28.95,0.67
2024-07-23,08:45,July,Monsoon,Flat,62,370.83,30.05,43.32,77.53,0.56,62.02,0.47,28.95,0.67
2024-07-23,09:00,July,Monsoon,Flat,62,408.15,32.7,46.9,76.39,0.62,61.11,0.52,31.51,0.67
2024-07-23,09:15,July,Monsoon,Flat,62,408.15,32.7,46.9,76.39,0.62,61.11,0.52,31.51,0.67
2024-07-23,09:30,July,Monsoon,Flat,62,408.15,32.7,46.9,76.39,0.62,61.11,0.52,31.51,0.67
2024-07-23,09:45,July,Monsoon,Flat,62,408.15,32.7,46.9,76.39,0.62,61.11,0.52,31.51,0.67
2024-07-23,10:00,July,Monsoon,Flat,62,515.17,34.8,51.68,74.88,0.78,59.9,0.65,39.17,0.67
2024-07-23,10:15,July,Monsoon,Flat,62,515.17,34.8,51.68,74.88,0.78,59.9,0.65,39.17,0.67
2024-07-23,10:30,July,Monsoon,Flat,62,515.17,34.8,51.68,74.88,0.78,59.9,0.65,39.17,0.67
2024-07-23,10:45,July,Monsoon,Flat,62,515.17,34.8,51.68,74.88,0.78,59.9,0.65,39.17,0.67
2024-07-23,11:00,July,Monsoon,Flat,62,561.47,36.34,54.38,74.03,0.85,59.22,0.71,42.31,0.67
2024-07-23,11:15,July,Monsoon,Flat,62,561.47,36.34,54.38,74.03,0.85,59.22,0.71,42.31,0.67
2024-07-23,11:30,July,Monsoon,Flat,62,561.47,36.34,54.38,74.03,0.85,59.22,0.71,42.31,0.67
2024-07-23,11:45,July,Monsoon,Flat,62,561.47,36.34,54.38,74.03,0.85,59.22,0.71,42.31,0.67
2024-07-23,12:00,July,Monsoon,Flat,62,663.15,37.24,57.82,72.94,1.01,58.35,0.85,49.4,0.67
2024-07-23,12:15,July,Monsoon,Flat,62,663.15,37.24,57.82,72.94,1.01,58.35,0.85,49.4,0.67
2024-07-23,12:30,July,Monsoon,Flat,62,663.15,37.24,57.82,72.94,1.01,58.35,0.85,49.4,0.67
2024-07-23,12:45,July,Monsoon,Flat,62,663.15,37.24,57.82,72.94,1.01,58.35,0.85,49.4,0.67
2024-07-23,13:00,July,Monsoon,Flat,62,585.5,37.33,55.97,73.52,0.89,58.82,0.75,43.89,0.67
2024-07-23,13:15,July,Monsoon,Flat,62,585.5,37.33,55.97,73.52,0.89,58.82,0.75,43.89,0.67
2024-07-23,13:30,July,Monsoon,Flat,62,585.5,37.33,55.97,73.52,0.89,58.82,0.75,43.89,0.67
2024-07-23,13:45,July,Monsoon,Flat,62,585.5,37.33,55.97,73.52,0.89,58.82,0.75,43.89,0.67
2024-07-23,14:00,July,Monsoon,Flat,62,589.75,36.71,55.45,73.68,0.9,58.95,0.75,44.28,0.67
2024-07-23,14:15,July,Monsoon,Flat,62,589.75,36.71,55.45,73.68,0.9,58.95,0.75,44.28,0.67
2024-07-23,14:30,July,Monsoon,Flat,62,589.75,36.71,55.45,73.68,0.9,58.95,0.75,44.28,0.67
2024-07-23,14:45,July,Monsoon,Flat,62,589.75,36.71,55.45,73.68,0.9,58.95,0.75,44.28,0.67
2024-07-23,15:00,July,Monsoon,Flat,62,431.27,35.57,50.35,75.3,0.65,60.24,0.55,32.93,0.67
2024-07-23,15:15,July,Monsoon,Flat,62,431.27,35.57,50.35,75.3,0.65,60.24,0.55,32.93,0.67
2024-07-23,15:30,July,Monsoon,Flat,62,431.27,35.57,50.35,75.3,0.65,60.24,0.55,32.93,0.67
2024-07-23,15:45,July,Monsoon,Flat,62,431.27,35.57,50.35,75.3,0.65,60.24,0.55,32.93,0.67
2024-07-23,16:00,July,Monsoon,Flat,62,245.5,33.97,44.11,77.28,0.37,61.82,0.31,19.12,0.67
2024-07-23,16:15,July,Monsoon,Flat,62,245.5,33.97,44.11,77.28,0.37,61.82,0.31,19.12,0.67
2024-07-23,16:30,July,Monsoon,Flat,62,245.5,33.97,44.11,77.28,0.37,61.82,0.31,19.12,0.67
2024-07-23,16:45,July,Monsoon,Flat,62,245.5,33.97,44.11,77.28,0.37,61.82,0.31,19.12,0.67
2024-07-23,17:00,July,Monsoon,Flat,62,73.88,31.71,37.56,79.35,0.11,63.48,0.09,5.87,0.67
2024-07-23,17:15,July,Monsoon,Flat,62,73.88,31.71,37.56,79.35,0.11,63.48,0.09,5.87,0.67
2024-07-23,17:30,July,Monsoon,Flat,62,73.88,31.71,37.56,79.35,0.11,63.48,0.09,5.87,0.67
2024-07-23,17:45,July,Monsoon,Flat,62,73.88,31.71,37.56,79.35,0.11,63.48,0.09,5.87,0.67
2024-07-24,06:00,July,Monsoon,Flat,62,81.2,25.75,31.78,81.18,0.12,64.94,0.1,6.56,0.67
2024-07-24,06:15,July,Monsoon,Flat,62,81.2,25.75,31.78,81.18,0.12,64.94,0.1,6.56,0.67
2024-07-24,06:30,July,Monsoon,Flat,62,81.2,25.75,31.78,81.18,0.12,64.94,0.1,6.56,0.67
2024-07-24,06:45,July,Monsoon,Flat,62,81.2,25.75,31.78,81.18,0.12,64.94,0.1,6.56,0.67
2024-07-24,07:00,July,Monsoon,Flat,62,226.0,28.33,37.98,79.22,0.34,63.37,0.28,17.93,0.67
2024-07-24,07:15,July,Monsoon,Flat,62,226.0,28.33,37.98,79.22,0.34,63.37,0.28,17.93,0.67
2024-07-24,07:30,July,Monsoon,Flat,62,226.0,28.33,37.98,79.22,0.34,63.37,0.28,17.93,0.67
2024-07-24,07:45,July,Monsoon,Flat,62,226.0,28.33,37.98,79.22,0.34,63.37,0.28,17.93,0.67
2024-07-24,08:00,July,Monsoon,Flat,62,431.52,31.0,45.79,76.75,0.65,61.4,0.54,33.43,0.67
2024-07-24,08:15,July,Monsoon,Flat,62,431.52,31.0,45.79,76.75,0.65,61.4,0.54,33.43,0.67
2024-07-24,08:30,July,Monsoon,Flat,62,431.52,31.0,45.79,76.75,0.65,61.4,0.54,33.43,0.67
2024-07-24,08:45,July,Monsoon,Flat,62,431.52,31.0,45.79,76.75,0.65,61.4,0.54,33.43,0.67
2024-07-24,09:00,July,Monsoon,Flat,62,555.35,33.33,51.21,75.03,0.84,60.02,0.7,42.28,0.67
2024-07-24,09:15,July,Monsoon,Flat,62,555.35,33.33,51.21,75.03,0.84,60.02,0.7,42.28,0.67
2024-07-24,09:30,July,Monsoon,Flat,62,555.35,33.33,51.21,75.03,0.84,60.02,0.7,42.28,0.67
2024-07-24,09:45,July,Monsoon,Flat,62,555.35,33.33,51.21,75.03,0.84,60.02,0.7,42.28,0.67
2024-07-24,10:00,July,Monsoon,Flat,62,700.47,35.26,56.77,73.27,1.07,58.61,0.89,52.37,0.67
2024-07-24,10:15,July,Monsoon,Flat,62,700.47,35.26,56.77,73.27,1.07,58.61,0.89,52.37,0.67
2024-07-24,10:30,July,Monsoon,Flat,62,700.47,35.26,56.77,73.27,1.07,58.61,0.89,52.37,0.67
2024-07-24,10:45,July,Monsoon,Flat,62,700.47,35.26,56.77,73.27,1.07,58.61,0.89,52.37,0.67
2024-07-24,11:00,July,Monsoon,Flat,62,749.9,36.54,59.29,72.47,1.14,57.98,0.96,55.59,0.67
2024-07-24,11:15,July,Monsoon,Flat,62,749.9,36.54,59.29,72.47,1.14,57.98,0.96,55.59,0.67
2024-07-24,11:30,July,Monsoon,Flat,62,749.9,36.54,59.29,72.47,1.14,57.98,0.96,55.59,0.67
2024-07-24,11:45,July,Monsoon,Flat,62,749.9,36.54,59.29,72.47,1.14,57.98,0.96,55.59,0.67
2024-07-24,12:00,July,Monsoon,Flat,62,583.67,37.04,55.63,73.63,0.89,58.9,0.74,43.8,0.67
2024-07-24,12:15,July,Monsoon,Flat,62,583.67,37.04,55.63,73.63,0.89,58.9,0.74,43.8,0.67
2024-07-24,12:30,July,Monsoon,Flat,62,583.67,37.04,55.63,73.63,0.89,58.9,0.74,43.8,0.67
2024-07-24,12:45,July,Monsoon,Flat,62,583.67,37.04,55.63,73.63,0.89,58.9,0.74,43.8,0.67
2024-07-24,13:00,July,Monsoon,Flat,62,555.3,36.77,54.65,73.94,0.84,59.15,0.71,41.81,0.67
2024-07-24,13:15,July,Monsoon,Flat,62,555.3,36.77,54.65,73.94,0.84,59.15,0.71,41.81,0.67
2024-07-24,13:30,July,Monsoon,Flat,62,555.3,36.77,54.65,73.94,0.84,59.15,0.71,41.81,0.67
2024-07-24,13:45,July,Monsoon,Flat,62,555.3,36.77,54.65,73.94,0.84,59.15,0.71,41.81,0.67
2024-07-24,14:00,July,Monsoon,Flat,62,519.53,35.85,52.84,74.51,0.79,59.61,0.66,39.35,0.67
2024-07-24,14:15,July,Monsoon,Flat,62,519.53,35.85,52.84,74.51,0.79,59.61,0.66,39.35,0.67
2024-07-24,14:30,July,Monsoon,Flat,62,519.53,35.85,52.84,74.51,0.79,59.61,0.66,39.35,0.67
2024-07-24,14:45,July,Monsoon,Flat,62,519.53,35.85,52.84,74.51,0.79,59.61,0.66,39.35,0.67
2024-07-24,15:00,July,Monsoon,Flat,62,408.98,34.65,48.87,75.77,0.62,60.61,0.52,31.38,0.67
2024-07-24,15:15,July,Monsoon,Flat,62,408.98,34.65,48.87,75.77,0.62,60.61,0.52,31.38,0.67
2024-07-24,15:30,July,Monsoon,Flat,62,408.98,34.65,48.87,75.77,0.62,60.61,0.52,31.38,0.67
2024-07-24,15:45,July,Monsoon,Flat,62,408.98,34.65,48.87,75.77,0.62,60.61,0.52,31.38,0.67
2024-07-24,16:00,July,Monsoon,Flat,62,220.48,33.12,42.63,77.74,0.33,62.2,0.28,17.25,0.67
2024-07-24,16:15,July,Monsoon,Flat,62,220.48,33.12,42.63,77.74,0.33,62.2,0.28,17.25,0.67
2024-07-24,16:30,July,Monsoon,Flat,62,220.48,33.12,42.63,77.74,0.33,62.2,0.28,17.25,0.67
2024-07-24,16:45,July,Monsoon,Flat,62,220.48,33.12,42.63,77.74,0.33,62.2,0.28,17.25,0.67
2024-07-24,17:00,July,Monsoon,Flat,62,64.95,31.0,36.62,79.65,0.1,63.72,0.08,5.18,0.67
2024-07-24,17:15,July,Monsoon,Flat,62,64.95,31.0,36.62,79.65,0.1,63.72,0.08,5.18,0.67
2024-07-24,17:30,July,Monsoon,Flat,62,64.95,31.0,36.62,79.65,0.1,63.72,0.08,5.18,0.67
2024-07-24,17:45,July,Monsoon,Flat,62,64.95,31.0,36.62,79.65,0.1,63.72,0.08,5.18,0.67
2024-07-25,06:00,July,Monsoon,Flat,62,61.85,26.38,31.93,81.13,0.09,64.91,0.08,5.0,0.67
2024-07-25,06:15,July,Monsoon,Flat,62,61.85,26.38,31.93,81.13,0.09,64.91,0.08,5.0,0.67
2024-07-25,06:30,July,Monsoon,Flat,62,61.85,26.38,31.93,81.13,0.09,64.91,0.08,5.0,0.67
2024-07-25,06:45,July,Monsoon,Flat,62,61.85,26.38,31.93,81.13,0.09,64.91,0.08,5.0,0.67
2024-07-25,07:00,July,Monsoon,Flat,62,173.23,28.56,36.89,79.56,0.26,63.65,0.22,13.79,0.67
2024-07-25,07:15,July,Monsoon,Flat,62,173.23,28.56,36.89,79.56,0.26,63.65,0.22,13.79,0.67
2024-07-25,07:30,July,Monsoon,Flat,62,173.23,28.56,36.89,79.56,0.26,63.65,0.22,13.79,0.67
2024-07-25,07:45,July,Monsoon,Flat,62,173.23,28.56,36.89,79.56,0.26,63.65,0.22,13.79,0.67
2024-07-25,08:00,July,Monsoon,Flat,62,297.83,30.93,42.38,77.83,0.45,62.26,0.37,23.32,0.67
2024-07-25,08:15,July,Monsoon,Flat,62,297.83,30.93,42.38,77.83,0.45,62.26,0.37,23.32,0.67
2024-07-25,08:30,July,Monsoon,Flat,62,297.83,30.93,42.38,77.83,0.45,62.26,0.37,23.32,0.67
2024-07-25,08:45,July,Monsoon,Flat,62,297.83,30.93,42.38,77.83,0.45,62.26,0.37,23.32,0.67
2024-07-25,09:00,July,Monsoon,Flat,62,352.6,33.1,45.92,76.71,0.53,61.36,0.44,27.31,0.67
2024-07-25,09:15,July,Monsoon,Flat,62,352.6,33.1,45.92,76.71,0.53,61.36,0.44,27.31,0.67
2024-07-25,09:30,July,Monsoon,Flat,62,352.6,33.1,45.92,76.71,0.53,61.36,0.44,27.31,0.67
2024-07-25,09:45,July,Monsoon,Flat,62,352.6,33.1,45.92,76.71,0.53,61.36,0.44,27.31,0.67
2024-07-25,10:00,July,Monsoon,Flat,62,477.85,34.9,50.85,75.14,0.72,60.12,0.61,36.43,0.67
2024-07-25,10:15,July,Monsoon,Flat,62,477.85,34.9,50.85,75.14,0.72,60.12,0.61,36.43,0.67
2024-07-25,10:30,July,Monsoon,Flat,62,477.85,34.9,50.85,75.14,0.72,60.12,0.61,36.43,0.67
2024-07-25,10:45,July,Monsoon,Flat,62,477.85,34.9,50.85,75.14,0.72,60.12,0.61,36.43,0.67
2024-07-25,11:00,July,Monsoon,Flat,62,351.4,35.98,48.77,75.8,0.53,60.64,0.44,26.97,0.67
2024-07-25,11:15,July,Monsoon,Flat,62,351.4,35.98,48.77,75.8,0.53,60.64,0.44,26.97,0.67
2024-07-25,11:30,July,Monsoon,Flat,62,351.4,35.98,48.77,75.8,0.53,60.64,0.44,26.97,0.67
2024-07-25,11:45,July,Monsoon,Flat,62,351.4,35.98,48.77,75.8,0.53,60.64,0.44,26.97,0.67
2024-07-25,12:00,July,Monsoon,Flat,62,387.15,36.21,49.89,75.45,0.59,60.36,0.49,29.6,0.67
2024-07-25,12:15,July,Monsoon,Flat,62,387.15,36.21,49.89,75.45,0.59,60.36,0.49,29.6,0.67
2024-07-25,12:30,July,Monsoon,Flat,62,387.15,36.21,49.89,75.45,0.59,60.36,0.49,29.6,0.67
2024-07-25,12:45,July,Monsoon,Flat,62,387.15,36.21,49.89,75.45,0.59,60.36,0.49,29.6,0.67
2024-07-25,13:00,July,Monsoon,Flat,62,374.67,36.02,49.39,75.61,0.57,60.48,0.47,28.7,0.67
2024-07-25,13:15,July,Monsoon,Flat,62,374.67,36.02,49.39,75.61,0.57,60.48,0.47,28.7,0.67
2024-07-25,13:30,July,Monsoon,Flat,62,374.67,36.02,49.39,75.61,0.57,60.48,0.47,28.7,0.67
2024-07-25,13:45,July,Monsoon,Flat,62,374.67,36.02,49.39,75.61,0.57,60.48,0.47,28.7,0.67
2024-07-25,14:00,July,Monsoon,Flat,62,216.75,35.51,44.93,77.02,0.33,61.61,0.27,16.84,0.67
2024-07-25,14:15,July,Monsoon,Flat,62,216.75,35.51,44.93,77.02,0.33,61.61,0.27,16.84,0.67
2024-07-25,14:30,July,Monsoon,Flat,62,216.75,35.51,44.93,77.02,0.33,61.61,0.27,16.84,0.67
2024-07-25,14:45,July,Monsoon,Flat,62,216.75,35.51,44.93,77.02,0.33,61.61,0.27,16.84,0.67
2024-07-25,15:00,July,Monsoon,Flat,62,284.5,34.7,45.81,76.74,0.43,61.39,0.36,22.04,0.67
2024-07-25,15:15,July,Monsoon,Flat,62,284.5,34.7,45.81,76.74,0.43,61.39,0.36,22.04,0.67
2024-07-25,15:30,July,Monsoon,Flat,62,284.5,34.7,45.81,76.74,0.43,61.39,0.36,22.04,0.67
2024-07-25,15:45,July,Monsoon,Flat,62,284.5,34.7,45.81,76.74,0.43,61.39,0.36,22.04,0.67
2024-07-25,16:00,July,Monsoon,Flat,62,130.45,33.53,40.79,78.33,0.2,62.66,0.16,10.26,0.67
2024-07-25,16:15,July,Monsoon,Flat,62,130.45,33.53,40.79,78.33,0.2,62.66,0.16,10.26,0.67
2024-07-25,16:30,July,Monsoon,Flat,62,130.45,33.53,40.79,78.33,0.2,62.66,0.16,10.26,0.67
2024-07-25,16:45,July,Monsoon,Flat,62,130.45,33.53,40.79,78.33,0.2,62.66,0.16,10.26,0.67
2024-07-25,17:00,July,Monsoon,Flat,62,38.38,31.71,36.67,79.63,0.06,63.71,0.05,3.06,0.67
2024-07-25,17:15,July,Monsoon,Flat,62,38.38,31.71,36.67,79.63,0.06,63.71,0.05,3.06,0.67
2024-07-25,17:30,July,Monsoon,Flat,62,38.38,31.71,36.67,79.63,0.06,63.71,0.05,3.06,0.67
2024-07-25,17:45,July,Monsoon,Flat,62,38.38,31.71,36.67,79.63,0.06,63.71,0.05,3.06,0.67
2024-07-26,06:00,July,Monsoon,Flat,62,83.45,26.6,32.69,80.89,0.12,64.72,0.1,6.73,0.67
2024-07-26,06:15,July,Monsoon,Flat,62,83.45,26.6,32.69,80.89,0.12,64.72,0.1,6.73,0.67
2024-07-26,06:30,July,Monsoon,Flat,62,83.45,26.6,32.69,80.89,0.12,64.72,0.1,6.73,0.67
2024-07-26,06:45,July,Monsoon,Flat,62,83.45,26.6,32.69,80.89,0.12,64.72,0.1,6.73,0.67
2024-07-26,07:00,July,Monsoon,Flat,62,227.02,28.28,37.96,79.23,0.34,63.38,0.28,18.02,0.67
2024-07-26,07:15,July,Monsoon,Flat,62,227.02,28.28,37.96,79.23,0.34,63.38,0.28,18.02,0.67
2024-07-26,07:30,July,Monsoon,Flat,62,227.02,28.28,37.96,79.23,0.34,63.38,0.28,18.02,0.67
2024-07-26,07:45,July,Monsoon,Flat,62,227.02,28.28,37.96,79.23,0.34,63.38,0.28,18.02,0.67
2024-07-26,08:00,July,Monsoon,Flat,62,387.9,30.06,43.76,77.39,0.58,61.91,0.49,30.24,0.67
2024-07-26,08:15,July,Monsoon,Flat,62,387.9,30.06,43.76,77.39,0.58,61.91,0.49,30.24,0.67
2024-07-26,08:30,July,Monsoon,Flat,62,387.9,30.06,43.76,77.39,0.58,61.91,0.49,30.24,0.67
2024-07-26,08:45,July,Monsoon,Flat,62,387.9,30.06,43.76,77.39,0.58,61.91,0.49,30.24,0.67
2024-07-26,09:00,July,Monsoon,Flat,62,516.53,31.81,48.72,75.82,0.78,60.65,0.65,39.65,0.67
2024-07-26,09:15,July,Monsoon,Flat,62,516.53,31.81,48.72,75.82,0.78,60.65,0.65,39.65,0.67
2024-07-26,09:30,July,Monsoon,Flat,62,516.53,31.81,48.72,75.82,0.78,60.65,0.65,39.65,0.67
2024-07-26,09:45,July,Monsoon,Flat,62,516.53,31.81,48.72,75.82,0.78,60.65,0.65,39.65,0.67
2024-07-26,10:00,July,Monsoon,Flat,62,574.2,33.18,51.54,74.93,0.87,59.94,0.73,43.67,0.67
2024-07-26,10:15,July,Monsoon,Flat,62,574.2,33.18,51.54,74.93,0.87,59.94,0.73,43.67,0.67
2024-07-26,10:30,July,Monsoon,Flat,62,574.2,33.18,51.54,74.93,0.87,59.94,0.73,43.67,0.67
2024-07-26,10:45,July,Monsoon,Flat,62,574.2,33.18,51.54,74.93,0.87,59.94,0.73,43.67,0.67
2024-07-26,11:00,July,Monsoon,Flat,62,612.25,33.77,53.08,74.44,0.93,59.55,0.78,46.33,0.67
2024-07-26,11:15,July,Monsoon,Flat,62,612.25,33.77,53.08,74.44,0.93,59.55,0.78,46.33,0.67
2024-07-26,11:30,July,Monsoon,Flat,62,612.25,33.77,53.08,74.44,0.93,59.55,0.78,46.33,0.67
2024-07-26,11:45,July,Monsoon,Flat,62,612.25,33.77,53.08,74.44,0.93,59.55,0.78,46.33,0.67
2024-07-26,12:00,July,Monsoon,Flat,62,677.47,33.68,54.62,73.95,1.03,59.16,0.86,51.01,0.67
2024-07-26,12:15,July,Monsoon,Flat,62,677.47,33.68,54.62,73.95,1.03,59.16,0.86,51.01,0.67
2024-07-26,12:30,July,Monsoon,Flat,62,677.47,33.68,54.62,73.95,1.03,59.16,0.86,51.01,0.67
2024-07-26,12:45,July,Monsoon,Flat,62,677.47,33.68,54.62,73.95,1.03,59.16,0.86,51.01,0.67
2024-07-26,13:00,July,Monsoon,Flat,62,623.12,33.21,52.79,74.53,0.95,59.62,0.79,47.2,0.67
2024-07-26,13:15,July,Monsoon,Flat,62,623.12,33.21,52.79,74.53,0.95,59.62,0.79,47.2,0.67
2024-07-26,13:30,July,Monsoon,Flat,62,623.12,33.21,52.79,74.53,0.95,59.62,0.79,47.2,0.67
2024-07-26,13:45,July,Monsoon,Flat,62,623.12,33.21,52.79,74.53,0.95,59.62,0.79,47.2,0.67
2024-07-26,14:00,July,Monsoon,Flat,62,527.65,32.54,49.73,75.5,0.8,60.4,0.67,40.37,0.67
2024-07-26,14:15,July,Monsoon,Flat,62,527.65,32.54,49.73,75.5,0.8,60.4,0.67,40.37,0.67
2024-07-26,14:30,July,Monsoon,Flat,62,527.65,32.54,49.73,75.5,0.8,60.4,0.67,40.37,0.67
2024-07-26,14:45,July,Monsoon,Flat,62,527.65,32.54,49.73,75.5,0.8,60.4,0.67,40.37,0.67
2024-07-26,15:00,July,Monsoon,Flat,62,349.77,31.68,44.42,77.18,0.53,61.74,0.44,27.21,0.67
2024-07-26,15:15,July,Monsoon,Flat,62,349.77,31.68,44.42,77.18,0.53,61.74,0.44,27.21,0.67
2024-07-26,15:30,July,Monsoon,Flat,62,349.77,31.68,44.42,77.18,0.53,61.74,0.44,27.21,0.67
2024-07-26,15:45,July,Monsoon,Flat,62,349.77,31.68,44.42,77.18,0.53,61.74,0.44,27.21,0.67
2024-07-26,16:00,July,Monsoon,Flat,62,207.1,30.62,39.8,78.64,0.31,62.91,0.26,16.34,0.67
2024-07-26,16:15,July,Monsoon,Flat,62,207.1,30.62,39.8,78.64,0.31,62.91,0.26,16.34,0.67
2024-07-26,16:30,July,Monsoon,Flat,62,207.1,30.62,39.8,78.64,0.31,62.91,0.26,16.34,0.67
2024-07-26,16:45,July,Monsoon,Flat,62,207.1,30.62,39.8,78.64,0.31,62.91,0.26,16.34,0.67
2024-07-26,17:00,July,Monsoon,Flat,62,62.28,29.3,34.86,80.21,0.09,64.17,0.08,4.99,0.67
2024-07-26,17:15,July,Monsoon,Flat,62,62.28,29.3,34.86,80.21,0.09,64.17,0.08,4.99,0.67
2024-07-26,17:30,July,Monsoon,Flat,62,62.28,29.3,34.86,80.21,0.09,64.17,0.08,4.99,0.67
2024-07-26,17:45,July,Monsoon,Flat,62,62.28,29.3,34.86,80.21,0.09,64.17,0.08,4.99,0.67
2024-07-27,06:00,July,Monsoon,Flat,62,81.6,26.66,32.7,80.89,0.12,64.71,0.1,6.58,0.67
2024-07-27,06:15,July,Monsoon,Flat,62,81.6,26.66,32.7,80.89,0.12,64.71,0.1,6.58,0.67
2024-07-27,06:30,July,Monsoon,Flat,62,81.6,26.66,32.7,80.89,0.12,64.71,0.1,6.58,0.67
2024-07-27,06:45,July,Monsoon,Flat,62,81.6,26.66,32.7,80.89,0.12,64.71,0.1,6.58,0.67
2024-07-27,07:00,July,Monsoon,Flat,62,203.5,28.15,37.24,79.45,0.3,63.56,0.25,16.19,0.67
2024-07-27,07:15,July,Monsoon,Flat,62,203.5,28.15,37.24,79.45,0.3,63.56,0.25,16.19,0.67
2024-07-27,07:30,July,Monsoon,Flat,62,203.5,28.15,37.24,79.45,0.3,63.56,0.25,16.19,0.67
2024-07-27,07:45,July,Monsoon,Flat,62,203.5,28.15,37.24,79.45,0.3,63.56,0.25,16.19,0.67
2024-07-27,08:00,July,Monsoon,Flat,62,348.5,29.9,42.61,77.75,0.52,62.2,0.44,27.27,0.67
2024-07-27,08:15,July,Monsoon,Flat,62,348.5,29.9,42.61,77.75,0.52,62.2,0.44,27.27,0.67
2024-07-27,08:30,July,Monsoon,Flat,62,348.5,29.9,42.61,77.75,0.52,62.2,0.44,27.27,0.67
2024-07-27,08:45,July,Monsoon,Flat,62,348.5,29.9,42.61,77.75,0.52,62.2,0.44,27.27,0.67
2024-07-27,09:00,July,Monsoon,Flat,62,462.65,31.66,47.23,76.29,0.7,61.03,0.58,35.68,0.67
2024-07-27,09:15,July,Monsoon,Flat,62,462.65,31.66,47.23,76.29,0.7,61.03,0.58,35.68,0.67
2024-07-27,09:30,July,Monsoon,Flat,62,462.65,31.66,47.23,76.29,0.7,61.03,0.58,35.68,0.67
2024-07-27,09:45,July,Monsoon,Flat,62,462.65,31.66,47.23,76.29,0.7,61.03,0.58,35.68,0.67
2024-07-27,10:00,July,Monsoon,Flat,62,563.03,33.23,51.31,75.0,0.85,60.0,0.71,42.86,0.67
2024-07-27,10:15,July,Monsoon,Flat,62,563.03,33.23,51.31,75.0,0.85,60.0,0.71,42.86,0.67
2024-07-27,10:30,July,Monsoon,Flat,62,563.03,33.23,51.31,75.0,0.85,60.0,0.71,42.86,0.67
2024-07-27,10:45,July,Monsoon,Flat,62,563.03,33.23,51.31,75.0,0.85,60.0,0.71,42.86,0.67
2024-07-27,11:00,July,Monsoon,Flat,62,496.52,34.2,50.61,75.22,0.75,60.17,0.63,37.88,0.67
2024-07-27,11:15,July,Monsoon,Flat,62,496.52,34.2,50.61,75.22,0.75,60.17,0.63,37.88,0.67
2024-07-27,11:30,July,Monsoon,Flat,62,496.52,34.2,50.61,75.22,0.75,60.17,0.63,37.88,0.67
2024-07-27,11:45,July,Monsoon,Flat,62,496.52,34.2,50.61,75.22,0.75,60.17,0.63,37.88,0.67
2024-07-27,12:00,July,Monsoon,Flat,62,567.15,34.7,52.88,74.5,0.86,59.6,0.72,42.95,0.67
2024-07-27,12:15,July,Monsoon,Flat,62,567.15,34.7,52.88,74.5,0.86,59.6,0.72,42.95,0.67
2024-07-27,12:30,July,Monsoon,Flat,62,567.15,34.7,52.88,74.5,0.86,59.6,0.72,42.95,0.67
2024-07-27,12:45,July,Monsoon,Flat,62,567.15,34.7,52.88,74.5,0.86,59.6,0.72,42.95,0.67
2024-07-27,13:00,July,Monsoon,Flat,62,517.62,35.02,51.96,74.79,0.78,59.83,0.66,39.32,0.67
2024-07-27,13:15,July,Monsoon,Flat,62,517.62,35.02,51.96,74.79,0.78,59.83,0.66,39.32,0.67
2024-07-27,13:30,July,Monsoon,Flat,62,517.62,35.02,51.96,74.79,0.78,59.83,0.66,39.32,0.67
2024-07-27,13:45,July,Monsoon,Flat,62,517.62,35.02,51.96,74.79,0.78,59.83,0.66,39.32,0.67
2024-07-27,14:00,July,Monsoon,Flat,62,370.1,34.64,47.89,76.08,0.56,60.86,0.47,28.48,0.67
2024-07-27,14:15,July,Monsoon,Flat,62,370.1,34.64,47.89,76.08,0.56,60.86,0.47,28.48,0.67
2024-07-27,14:30,July,Monsoon,Flat,62,370.1,34.64,47.89,76.08,0.56,60.86,0.47,28.48,0.67
2024-07-27,14:45,July,Monsoon,Flat,62,370.1,34.64,47.89,76.08,0.56,60.86,0.47,28.48,0.67
2024-07-27,15:00,July,Monsoon,Flat,62,295.33,33.93,45.31,76.9,0.44,61.52,0.37,22.91,0.67
2024-07-27,15:15,July,Monsoon,Flat,62,295.33,33.93,45.31,76.9,0.44,61.52,0.37,22.91,0.67
2024-07-27,15:30,July,Monsoon,Flat,62,295.33,33.93,45.31,76.9,0.44,61.52,0.37,22.91,0.67
2024-07-27,15:45,July,Monsoon,Flat,62,295.33,33.93,45.31,76.9,0.44,61.52,0.37,22.91,0.67
2024-07-27,16:00,July,Monsoon,Flat,62,169.35,32.84,41.07,78.24,0.25,62.59,0.21,13.31,0.67
2024-07-27,16:15,July,Monsoon,Flat,62,169.35,32.84,41.07,78.24,0.25,62.59,0.21,13.31,0.67
2024-07-27,16:30,July,Monsoon,Flat,62,169.35,32.84,41.07,78.24,0.25,62.59,0.21,13.31,0.67
2024-07-27,16:45,July,Monsoon,Flat,62,169.35,32.84,41.07,78.24,0.25,62.59,0.21,13.31,0.67
2024-07-27,17:00,July,Monsoon,Flat,62,41.92,30.89,35.94,79.86,0.06,63.89,0.05,3.35,0.67
2024-07-27,17:15,July,Monsoon,Flat,62,41.92,30.89,35.94,79.86,0.06,63.89,0.05,3.35,0.67
2024-07-27,17:30,July,Monsoon,Flat,62,41.92,30.89,35.94,79.86,0.06,63.89,0.05,3.35,0.67
2024-07-27,17:45,July,Monsoon,Flat,62,41.92,30.89,35.94,79.86,0.06,63.89,0.05,3.35,0.67
2024-07-28,06:00,July,Monsoon,Flat,62,75.62,25.95,31.84,81.16,0.11,64.93,0.09,6.11,0.67
2024-07-28,06:15,July,Monsoon,Flat,62,75.62,25.95,31.84,81.16,0.11,64.93,0.09,6.11,0.67
2024-07-28,06:30,July,Monsoon,Flat,62,75.62,25.95,31.84,81.16,0.11,64.93,0.09,6.11,0.67
2024-07-28,06:45,July,Monsoon,Flat,62,75.62,25.95,31.84,81.16,0.11,64.93,0.09,6.11,0.67
2024-07-28,07:00,July,Monsoon,Flat,62,194.32,28.04,36.9,79.56,0.29,63.65,0.24,15.47,0.67
2024-07-28,07:15,July,Monsoon,Flat,62,194.32,28.04,36.9,79.56,0.29,63.65,0.24,15.47,0.67
2024-07-28,07:30,July,Monsoon,Flat,62,194.32,28.04,36.9,79.56,0.29,63.65,0.24,15.47,0.67
2024-07-28,07:45,July,Monsoon,Flat,62,194.32,28.04,36.9,79.56,0.29,63.65,0.24,15.47,0.67
2024-07-28,08:00,July,Monsoon,Flat,62,342.33,30.11,42.67,77.73,0.51,62.19,0.43,26.78,0.67
2024-07-28,08:15,July,Monsoon,Flat,62,342.33,30.11,42.67,77.73,0.51,62.19,0.43,26.78,0.67
2024-07-28,08:30,July,Monsoon,Flat,62,342.33,30.11,42.67,77.73,0.51,62.19,0.43,26.78,0.67
2024-07-28,08:45,July,Monsoon,Flat,62,342.33,30.11,42.67,77.73,0.51,62.19,0.43,26.78,0.67
2024-07-28,09:00,July,Monsoon,Flat,62,474.05,31.86,47.71,76.14,0.72,60.91,0.6,36.5,0.67
2024-07-28,09:15,July,Monsoon,Flat,62,474.05,31.86,47.71,76.14,0.72,60.91,0.6,36.5,0.67
2024-07-28,09:30,July,Monsoon,Flat,62,474.05,31.86,47.71,76.14,0.72,60.91,0.6,36.5,0.67
2024-07-28,09:45,July,Monsoon,Flat,62,474.05,31.86,47.71,76.14,0.72,60.91,0.6,36.5,0.67
2024-07-28,10:00,July,Monsoon,Flat,62,572.0,33.22,51.52,74.93,0.87,59.94,0.73,43.51,0.67
2024-07-28,10:15,July,Monsoon,Flat,62,572.0,33.22,51.52,74.93,0.87,59.94,0.73,43.51,0.67
2024-07-28,10:30,July,Monsoon,Flat,62,572.0,33.22,51.52,74.93,0.87,59.94,0.73,43.51,0.67
2024-07-28,10:45,July,Monsoon,Flat,62,572.0,33.22,51.52,74.93,0.87,59.94,0.73,43.51,0.67
2024-07-28,11:00,July,Monsoon,Flat,62,573.95,34.13,52.48,74.63,0.87,59.7,0.73,43.52,0.67
2024-07-28,11:15,July,Monsoon,Flat,62,573.95,34.13,52.48,74.63,0.87,59.7,0.73,43.52,0.67
2024-07-28,11:30,July,Monsoon,Flat,62,573.95,34.13,52.48,74.63,0.87,59.7,0.73,43.52,0.67
2024-07-28,11:45,July,Monsoon,Flat,62,573.95,34.13,52.48,74.63,0.87,59.7,0.73,43.52,0.67
2024-07-28,12:00,July,Monsoon,Flat,62,580.45,34.6,53.11,74.43,0.88,59.54,0.74,43.92,0.67
2024-07-28,12:15,July,Monsoon,Flat,62,580.45,34.6,53.11,74.43,0.88,59.54,0.74,43.92,0.67
2024-07-28,12:30,July,Monsoon,Flat,62,580.45,34.6,53.11,74.43,0.88,59.54,0.74,43.92,0.67
2024-07-28,12:45,July,Monsoon,Flat,62,580.45,34.6,53.11,74.43,0.88,59.54,0.74,43.92,0.67
2024-07-28,13:00,July,Monsoon,Flat,62,504.62,34.72,51.34,74.99,0.76,59.99,0.64,38.41,0.67
2024-07-28,13:15,July,Monsoon,Flat,62,504.62,34.72,51.34,74.99,0.76,59.99,0.64,38.41,0.67
2024-07-28,13:30,July,Monsoon,Flat,62,504.62,34.72,51.34,74.99,0.76,59.99,0.64,38.41,0.67
2024-07-28,13:45,July,Monsoon,Flat,62,504.62,34.72,51.34,74.99,0.76,59.99,0.64,38.41,0.67
2024-07-28,14:00,July,Monsoon,Flat,62,382.0,34.34,47.89,76.08,0.58,60.86,0.48,29.4,0.67
2024-07-28,14:15,July,Monsoon,Flat,62,382.0,34.34,47.89,76.08,0.58,60.86,0.48,29.4,0.67
2024-07-28,14:30,July,Monsoon,Flat,62,382.0,34.34,47.89,76.08,0.58,60.86,0.48,29.4,0.67
2024-07-28,14:45,July,Monsoon,Flat,62,382.0,34.34,47.89,76.08,0.58,60.86,0.48,29.4,0.67
2024-07-28,15:00,July,Monsoon,Flat,62,275.35,33.61,44.49,77.16,0.41,61.72,0.35,21.42,0.67
2024-07-28,15:15,July,Monsoon,Flat,62,275.35,33.61,44.49,77.16,0.41,61.72,0.35,21.42,0.67
2024-07-28,15:30,July,Monsoon,Flat,62,275.35,33.61,44.49,77.16,0.41,61.72,0.35,21.42,0.67
2024-07-28,15:45,July,Monsoon,Flat,62,275.35,33.61,44.49,77.16,0.41,61.72,0.35,21.42,0.67
2024-07-28,16:00,July,Monsoon,Flat,62,164.18,32.42,40.52,78.41,0.25,62.73,0.21,12.93,0.67
2024-07-28,16:15,July,Monsoon,Flat,62,164.18,32.42,40.52,78.41,0.25,62.73,0.21,12.93,0.67
2024-07-28,16:30,July,Monsoon,Flat,62,164.18,32.42,40.52,78.41,0.25,62.73,0.21,12.93,0.67
2024-07-28,16:45,July,Monsoon,Flat,62,164.18,32.42,40.52,78.41,0.25,62.73,0.21,12.93,0.67
2024-07-28,17:00,July,Monsoon,Flat,62,34.33,30.59,35.45,80.02,0.05,64.02,0.04,2.75,0.67
2024-07-28,17:15,July,Monsoon,Flat,62,34.33,30.59,35.45,80.02,0.05,64.02,0.04,2.75,0.67
2024-07-28,17:30,July,Monsoon,Flat,62,34.33,30.59,35.45,80.02,0.05,64.02,0.04,2.75,0.67
2024-07-28,17:45,July,Monsoon,Flat,62,34.33,30.59,35.45,80.02,0.05,64.02,0.04,2.75,0.67
2024-07-29,06:00,July,Monsoon,Flat,62,55.1,26.42,31.8,81.18,0.08,64.94,0.07,4.45,0.67
2024-07-29,06:15,July,Monsoon,Flat,62,55.1,26.42,31.8,81.18,0.08,64.94,0.07,4.45,0.67
2024-07-29,06:30,July,Monsoon,Flat,62,55.1,26.42,31.8,81.18,0.08,64.94,0.07,4.45,0.67
2024-07-29,06:45,July,Monsoon,Flat,62,55.1,26.42,31.8,81.18,0.08,64.94,0.07,4.45,0.67
2024-07-29,07:00,July,Monsoon,Flat,62,133.07,28.04,35.37,80.05,0.2,64.04,0.17,10.64,0.67
2024-07-29,07:15,July,Monsoon,Flat,62,133.07,28.04,35.37,80.05,0.2,64.04,0.17,10.64,0.67
2024-07-29,07:30,July,Monsoon,Flat,62,133.07,28.04,35.37,80.05,0.2,64.04,0.17,10.64,0.67
2024-07-29,07:45,July,Monsoon,Flat,62,133.07,28.04,35.37,80.05,0.2,64.04,0.17,10.64,0.67
2024-07-29,08:00,July,Monsoon,Flat,62,230.7,29.97,39.74,78.66,0.35,62.93,0.29,18.21,0.67
2024-07-29,08:15,July,Monsoon,Flat,62,230.7,29.97,39.74,78.66,0.35,62.93,0.29,18.21,0.67
2024-07-29,08:30,July,Monsoon,Flat,62,230.7,29.97,39.74,78.66,0.35,62.93,0.29,18.21,0.67
2024-07-29,08:45,July,Monsoon,Flat,62,230.7,29.97,39.74,78.66,0.35,62.93,0.29,18.21,0.67
2024-07-29,09:00,July,Monsoon,Flat,62,328.0,31.98,44.18,77.25,0.49,61.8,0.41,25.54,0.67
2024-07-29,09:15,July,Monsoon,Flat,62,328.0,31.98,44.18,77.25,0.49,61.8,0.41,25.54,0.67
2024-07-29,09:30,July,Monsoon,Flat,62,328.0,31.98,44.18,77.25,0.49,61.8,0.41,25.54,0.67
2024-07-29,09:45,July,Monsoon,Flat,62,328.0,31.98,44.18,77.25,0.49,61.8,0.41,25.54,0.67
2024-07-29,10:00,July,Monsoon,Flat,62,464.83,33.59,49.21,75.66,0.7,60.53,0.59,35.62,0.67
2024-07-29,10:15,July,Monsoon,Flat,62,464.83,33.59,49.21,75.66,0.7,60.53,0.59,35.62,0.67
2024-07-29,10:30,July,Monsoon,Flat,62,464.83,33.59,49.21,75.66,0.7,60.53,0.59,35.62,0.67
2024-07-29,10:45,July,Monsoon,Flat,62,464.83,33.59,49.21,75.66,0.7,60.53,0.59,35.62,0.67
2024-07-29,11:00,July,Monsoon,Flat,62,450.75,34.6,49.87,75.45,0.68,60.36,0.57,34.47,0.67
2024-07-29,11:15,July,Monsoon,Flat,62,450.75,34.6,49.87,75.45,0.68,60.36,0.57,34.47,0.67
2024-07-29,11:30,July,Monsoon,Flat,62,450.75,34.6,49.87,75.45,0.68,60.36,0.57,34.47,0.67
2024-07-29,11:45,July,Monsoon,Flat,62,450.75,34.6,49.87,75.45,0.68,60.36,0.57,34.47,0.67
2024-07-29,12:00,July,Monsoon,Flat,62,424.08,34.82,49.42,75.59,0.64,60.48,0.54,32.48,0.67
2024-07-29,12:15,July,Monsoon,Flat,62,424.08,34.82,49.42,75.59,0.64,60.48,0.54,32.48,0.67
2024-07-29,12:30,July,Monsoon,Flat,62,424.08,34.82,49.42,75.59,0.64,60.48,0.54,32.48,0.67
2024-07-29,12:45,July,Monsoon,Flat,62,424.08,34.82,49.42,75.59,0.64,60.48,0.54,32.48,0.67
2024-07-29,13:00,July,Monsoon,Flat,62,339.98,34.4,46.9,76.39,0.51,61.11,0.43,26.25,0.67
2024-07-29,13:15,July,Monsoon,Flat,62,339.98,34.4,46.9,76.39,0.51,61.11,0.43,26.25,0.67
2024-07-29,13:30,July,Monsoon,Flat,62,339.98,34.4,46.9,76.39,0.51,61.11,0.43,26.25,0.67
2024-07-29,13:45,July,Monsoon,Flat,62,339.98,34.4,46.9,76.39,0.51,61.11,0.43,26.25,0.67
2024-07-29,14:00,July,Monsoon,Flat,62,340.1,33.48,45.98,76.68,0.51,61.35,0.43,26.33,0.67
2024-07-29,14:15,July,Monsoon,Flat,62,340.1,33.48,45.98,76.68,0.51,61.35,0.43,26.33,0.67
2024-07-29,14:30,July,Monsoon,Flat,62,340.1,33.48,45.98,76.68,0.51,61.35,0.43,26.33,0.67
2024-07-29,14:45,July,Monsoon,Flat,62,340.1,33.48,45.98,76.68,0.51,61.35,0.43,26.33,0.67
2024-07-29,15:00,July,Monsoon,Flat,62,261.85,32.18,42.73,77.72,0.39,62.17,0.33,20.48,0.67
2024-07-29,15:15,July,Monsoon,Flat,62,261.85,32.18,42.73,77.72,0.39,62.17,0.33,20.48,0.67
2024-07-29,15:30,July,Monsoon,Flat,62,261.85,32.18,42.73,77.72,0.39,62.17,0.33,20.48,0.67
2024-07-29,15:45,July,Monsoon,Flat,62,261.85,32.18,42.73,77.72,0.39,62.17,0.33,20.48,0.67
2024-07-29,16:00,July,Monsoon,Flat,62,136.57,30.93,38.34,79.1,0.2,63.28,0.17,10.83,0.67
2024-07-29,16:15,July,Monsoon,Flat,62,136.57,30.93,38.34,79.1,0.2,63.28,0.17,10.83,0.67
2024-07-29,16:30,July,Monsoon,Flat,62,136.57,30.93,38.34,79.1,0.2,63.28,0.17,10.83,0.67
2024-07-29,16:45,July,Monsoon,Flat,62,136.57,30.93,38.34,79.1,0.2,63.28,0.17,10.83,0.67
2024-07-29,17:00,July,Monsoon,Flat,62,39.83,29.38,34.38,80.36,0.06,64.29,0.05,3.19,0.67
2024-07-29,17:15,July,Monsoon,Flat,62,39.83,29.38,34.38,80.36,0.06,64.29,0.05,3.19,0.67
2024-07-29,17:30,July,Monsoon,Flat,62,39.83,29.38,34.38,80.36,0.06,64.29,0.05,3.19,0.67
2024-07-29,17:45,July,Monsoon,Flat,62,39.83,29.38,34.38,80.36,0.06,64.29,0.05,3.19,0.67
2024-07-30,06:00,July,Monsoon,Flat,62,50.97,25.52,30.79,81.49,0.08,65.19,0.06,4.13,0.67
2024-07-30,06:15,July,Monsoon,Flat,62,50.97,25.52,30.79,81.49,0.08,65.19,0.06,4.13,0.67
2024-07-30,06:30,July,Monsoon,Flat,62,50.97,25.52,30.79,81.49,0.08,65.19,0.06,4.13,0.67
2024-07-30,06:45,July,Monsoon,Flat,62,50.97,25.52,30.79,81.49,0.08,65.19,0.06,4.13,0.67
2024-07-30,07:00,July,Monsoon,Flat,62,149.15,26.39,34.12,80.44,0.22,64.35,0.19,11.97,0.67
2024-07-30,07:15,July,Monsoon,Flat,62,149.15,26.39,34.12,80.44,0.22,64.35,0.19,11.97,0.67
2024-07-30,07:30,July,Monsoon,Flat,62,149.15,26.39,34.12,80.44,0.22,64.35,0.19,11.97,0.67
2024-07-30,07:45,July,Monsoon,Flat,62,149.15,26.39,34.12,80.44,0.22,64.35,0.19,11.97,0.67
2024-07-30,08:00,July,Monsoon,Flat,62,257.73,27.92,38.36,79.1,0.39,63.28,0.32,20.43,0.67
2024-07-30,08:15,July,Monsoon,Flat,62,257.73,27.92,38.36,79.1,0.39,63.28,0.32,20.43,0.67
2024-07-30,08:30,July,Monsoon,Flat,62,257.73,27.92,38.36,79.1,0.39,63.28,0.32,20.43,0.67
2024-07-30,08:45,July,Monsoon,Flat,62,257.73,27.92,38.36,79.1,0.39,63.28,0.32,20.43,0.67
2024-07-30,09:00,July,Monsoon,Flat,62,343.85,29.49,42.09,77.92,0.52,62.33,0.43,26.95,0.67
2024-07-30,09:15,July,Monsoon,Flat,62,343.85,29.49,42.09,77.92,0.52,62.33,0.43,26.95,0.67
2024-07-30,09:30,July,Monsoon,Flat,62,343.85,29.49,42.09,77.92,0.52,62.33,0.43,26.95,0.67
2024-07-30,09:45,July,Monsoon,Flat,62,343.85,29.49,42.09,77.92,0.52,62.33,0.43,26.95,0.67
2024-07-30,10:00,July,Monsoon,Flat,62,405.08,30.42,44.55,77.14,0.61,61.71,0.51,31.51,0.67
2024-07-30,10:15,July,Monsoon,Flat,62,405.08,30.42,44.55,77.14,0.61,61.71,0.51,31.51,0.67
2024-07-30,10:30,July,Monsoon,Flat,62,405.08,30.42,44.55,77.14,0.61,61.71,0.51,31.51,0.67
2024-07-30,10:45,July,Monsoon,Flat,62,405.08,30.42,44.55,77.14,0.61,61.71,0.51,31.51,0.67
2024-07-30,11:00,July,Monsoon,Flat,62,460.8,31.08,46.6,76.49,0.69,61.19,0.58,35.61,0.67
2024-07-30,11:15,July,Monsoon,Flat,62,460.8,31.08,46.6,76.49,0.69,61.19,0.58,35.61,0.67
2024-07-30,11:30,July,Monsoon,Flat,62,460.8,31.08,46.6,76.49,0.69,61.19,0.58,35.61,0.67
2024-07-30,11:45,July,Monsoon,Flat,62,460.8,31.08,46.6,76.49,0.69,61.19,0.58,35.61,0.67
2024-07-30,12:00,July,Monsoon,Flat,62,548.4,31.67,49.38,75.61,0.83,60.49,0.69,42.0,0.67
2024-07-30,12:15,July,Monsoon,Flat,62,548.4,31.67,49.38,75.61,0.83,60.49,0.69,42.0,0.67
2024-07-30,12:30,July,Monsoon,Flat,62,548.4,31.67,49.38,75.61,0.83,60.49,0.69,42.0,0.67
2024-07-30,12:45,July,Monsoon,Flat,62,548.4,31.67,49.38,75.61,0.83,60.49,0.69,42.0,0.67
2024-07-30,13:00,July,Monsoon,Flat,62,553.9,32.03,49.88,75.45,0.84,60.36,0.7,42.36,0.67
2024-07-30,13:15,July,Monsoon,Flat,62,553.9,32.03,49.88,75.45,0.84,60.36,0.7,42.36,0.67
2024-07-30,13:30,July,Monsoon,Flat,62,553.9,32.03,49.88,75.45,0.84,60.36,0.7,42.36,0.67
2024-07-30,13:45,July,Monsoon,Flat,62,553.9,32.03,49.88,75.45,0.84,60.36,0.7,42.36,0.67
2024-07-30,14:00,July,Monsoon,Flat,62,360.65,32.27,45.29,76.9,0.54,61.52,0.45,27.98,0.67
2024-07-30,14:15,July,Monsoon,Flat,62,360.65,32.27,45.29,76.9,0.54,61.52,0.45,27.98,0.67
2024-07-30,14:30,July,Monsoon,Flat,62,360.65,32.27,45.29,76.9,0.54,61.52,0.45,27.98,0.67
2024-07-30,14:45,July,Monsoon,Flat,62,360.65,32.27,45.29,76.9,0.54,61.52,0.45,27.98,0.67
2024-07-30,15:00,July,Monsoon,Flat,62,271.15,31.94,42.72,77.72,0.41,62.17,0.34,21.21,0.67
2024-07-30,15:15,July,Monsoon,Flat,62,271.15,31.94,42.72,77.72,0.41,62.17,0.34,21.21,0.67
2024-07-30,15:30,July,Monsoon,Flat,62,271.15,31.94,42.72,77.72,0.41,62.17,0.34,21.21,0.67
2024-07-30,15:45,July,Monsoon,Flat,62,271.15,31.94,42.72,77.72,0.41,62.17,0.34,21.21,0.67
2024-07-30,16:00,July,Monsoon,Flat,62,144.48,31.08,38.69,78.99,0.22,63.19,0.18,11.44,0.67
2024-07-30,16:15,July,Monsoon,Flat,62,144.48,31.08,38.69,78.99,0.22,63.19,0.18,11.44,0.67
2024-07-30,16:30,July,Monsoon,Flat,62,144.48,31.08,38.69,78.99,0.22,63.19,0.18,11.44,0.67
2024-07-30,16:45,July,Monsoon,Flat,62,144.48,31.08,38.69,78.99,0.22,63.19,0.18,11.44,0.67
2024-07-30,17:00,July,Monsoon,Flat,62,43.6,29.47,34.56,80.3,0.06,64.24,0.05,3.5,0.67
2024-07-30,17:15,July,Monsoon,Flat,62,43.6,29.47,34.56,80.3,0.06,64.24,0.05,3.5,0.67
2024-07-30,17:30,July,Monsoon,Flat,62,43.6,29.47,34.56,80.3,0.06,64.24,0.05,3.5,0.67
2024-07-30,17:45,July,Monsoon,Flat,62,43.6,29.47,34.56,80.3,0.06,64.24,0.05,3.5,0.67
2024-07-31,06:00,July,Monsoon,Flat,62,49.42,25.28,30.52,81.58,0.07,65.27,0.06,4.01,0.67
2024-07-31,06:15,July,Monsoon,Flat,62,49.42,25.28,30.52,81.58,0.07,65.27,0.06,4.01,0.67
2024-07-31,06:30,July,Monsoon,Flat,62,49.42,25.28,30.52,81.58,0.07,65.27,0.06,4.01,0.67
2024-07-31,06:45,July,Monsoon,Flat,62,49.42,25.28,30.52,81.58,0.07,65.27,0.06,4.01,0.67
2024-07-31,07:00,July,Monsoon,Flat,62,135.95,26.46,33.86,80.52,0.2,64.42,0.17,10.92,0.67
2024-07-31,07:15,July,Monsoon,Flat,62,135.95,26.46,33.86,80.52,0.2,64.42,0.17,10.92,0.67
2024-07-31,07:30,July,Monsoon,Flat,62,135.95,26.46,33.86,80.52,0.2,64.42,0.17,10.92,0.67
2024-07-31,07:45,July,Monsoon,Flat,62,135.95,26.46,33.86,80.52,0.2,64.42,0.17,10.92,0.67
2024-07-31,08:00,July,Monsoon,Flat,62,232.6,28.49,38.3,79.12,0.35,63.29,0.29,18.44,0.67
2024-07-31,08:15,July,Monsoon,Flat,62,232.6,28.49,38.3,79.12,0.35,63.29,0.29,18.44,0.67
2024-07-31,08:30,July,Monsoon,Flat,62,232.6,28.49,38.3,79.12,0.35,63.29,0.29,18.44,0.67
2024-07-31,08:45,July,Monsoon,Flat,62,232.6,28.49,38.3,79.12,0.35,63.29,0.29,18.44,0.67
2024-07-31,09:00,July,Monsoon,Flat,62,264.98,30.45,41.07,78.24,0.4,62.59,0.33,20.83,0.67
2024-07-31,09:15,July,Monsoon,Flat,62,264.98,30.45,41.07,78.24,0.4,62.59,0.33,20.83,0.67
2024-07-31,09:30,July,Monsoon,Flat,62,264.98,30.45,41.07,78.24,0.4,62.59,0.33,20.83,0.67
2024-07-31,09:45,July,Monsoon,Flat,62,264.98,30.45,41.07,78.24,0.4,62.59,0.33,20.83,0.67
2024-07-31,10:00,July,Monsoon,Flat,62,377.17,32.04,45.47,76.85,0.57,61.48,0.48,29.25,0.67
2024-07-31,10:15,July,Monsoon,Flat,62,377.17,32.04,45.47,76.85,0.57,61.48,0.48,29.25,0.67
2024-07-31,10:30,July,Monsoon,Flat,62,377.17,32.04,45.47,76.85,0.57,61.48,0.48,29.25,0.67
2024-07-31,10:45,July,Monsoon,Flat,62,377.17,32.04,45.47,76.85,0.57,61.48,0.48,29.25,0.67
2024-07-31,11:00,July,Monsoon,Flat,62,473.85,33.19,49.04,75.72,0.72,60.57,0.6,36.33,0.67
2024-07-31,11:15,July,Monsoon,Flat,62,473.85,33.19,49.04,75.72,0.72,60.57,0.6,36.33,0.67
2024-07-31,11:30,July,Monsoon,Flat,62,473.85,33.19,49.04,75.72,0.72,60.57,0.6,36.33,0.67
2024-07-31,11:45,July,Monsoon,Flat,62,473.85,33.19,49.04,75.72,0.72,60.57,0.6,36.33,0.67
2024-07-31,12:00,July,Monsoon,Flat,62,518.7,33.77,50.74,75.18,0.79,60.14,0.66,39.56,0.67
2024-07-31,12:15,July,Monsoon,Flat,62,518.7,33.77,50.74,75.18,0.79,60.14,0.66,39.56,0.67
2024-07-31,12:30,July,Monsoon,Flat,62,518.7,33.77,50.74,75.18,0.79,60.14,0.66,39.56,0.67
2024-07-31,12:45,July,Monsoon,Flat,62,518.7,33.77,50.74,75.18,0.79,60.14,0.66,39.56,0.67
2024-07-31,13:00,July,Monsoon,Flat,62,456.42,33.81,49.22,75.66,0.69,60.53,0.58,34.98,0.67
2024-07-31,13:15,July,Monsoon,Flat,62,456.42,33.81,49.22,75.66,0.69,60.53,0.58,34.98,0.67
2024-07-31,13:30,July,Monsoon,Flat,62,456.42,33.81,49.22,75.66,0.69,60.53,0.58,34.98,0.67
2024-07-31,13:45,July,Monsoon,Flat,62,456.42,33.81,49.22,75.66,0.69,60.53,0.58,34.98,0.67
2024-07-31,14:00,July,Monsoon,Flat,62,394.02,33.52,47.37,76.24,0.59,61.0,0.5,30.37,0.67
2024-07-31,14:15,July,Monsoon,Flat,62,394.02,33.52,47.37,76.24,0.59,61.0,0.5,30.37,0.67
2024-07-31,14:30,July,Monsoon,Flat,62,394.02,33.52,47.37,76.24,0.59,61.0,0.5,30.37,0.67
2024-07-31,14:45,July,Monsoon,Flat,62,394.02,33.52,47.37,76.24,0.59,61.0,0.5,30.37,0.67
2024-07-31,15:00,July,Monsoon,Flat,62,315.05,32.99,44.87,77.04,0.47,61.63,0.4,24.48,0.67
2024-07-31,15:15,July,Monsoon,Flat,62,315.05,32.99,44.87,77.04,0.47,61.63,0.4,24.48,0.67
2024-07-31,15:30,July,Monsoon,Flat,62,315.05,32.99,44.87,77.04,0.47,61.63,0.4,24.48,0.67
2024-07-31,15:45,July,Monsoon,Flat,62,315.05,32.99,44.87,77.04,0.47,61.63,0.4,24.48,0.67
2024-07-31,16:00,July,Monsoon,Flat,62,171.5,32.09,40.38,78.46,0.26,62.77,0.22,13.51,0.67
2024-07-31,16:15,July,Monsoon,Flat,62,171.5,32.09,40.38,78.46,0.26,62.77,0.22,13.51,0.67
2024-07-31,16:30,July,Monsoon,Flat,62,171.5,32.09,40.38,78.46,0.26,62.77,0.22,13.51,0.67
2024-07-31,16:45,July,Monsoon,Flat,62,171.5,32.09,40.38,78.46,0.26,62.77,0.22,13.51,0.67
2024-07-31,17:00,July,Monsoon,Flat,62,53.97,30.43,35.78,79.91,0.08,63.93,0.07,4.31,0.67
2024-07-31,17:15,July,Monsoon,Flat,62,53.97,30.43,35.78,79.91,0.08,63.93,0.07,4.31,0.67
2024-07-31,17:30,July,Monsoon,Flat,62,53.97,30.43,35.78,79.91,0.08,63.93,0.07,4.31,0.67
2024-07-31,17:45,July,Monsoon,Flat,62,53.97,30.43,35.78,79.91,0.08,63.93,0.07,4.31,0.67
2024-08-01,06:00,August,Monsoon,Flat,62,82.82,25.82,31.89,81.15,0.12,64.92,0.1,6.69,0.67
2024-08-01,06:15,August,Monsoon,Flat,62,82.82,25.82,31.89,81.15,0.12,64.92,0.1,6.69,0.67
2024-08-01,06:30,August,Monsoon,Flat,62,82.82,25.82,31.89,81.15,0.12,64.92,0.1,6.69,0.67
2024-08-01,06:45,August,Monsoon,Flat,62,82.82,25.82,31.89,81.15,0.12,64.92,0.1,6.69,0.67
2024-08-01,07:00,August,Monsoon,Flat,62,230.32,27.6,37.36,79.41,0.34,63.53,0.29,18.31,0.67
2024-08-01,07:15,August,Monsoon,Flat,62,230.32,27.6,37.36,79.41,0.34,63.53,0.29,18.31,0.67
2024-08-01,07:30,August,Monsoon,Flat,62,230.32,27.6,37.36,79.41,0.34,63.53,0.29,18.31,0.67
2024-08-01,07:45,August,Monsoon,Flat,62,230.32,27.6,37.36,79.41,0.34,63.53,0.29,18.31,0.67
2024-08-01,08:00,August,Monsoon,Flat,62,375.38,29.79,43.17,77.57,0.56,62.06,0.47,29.32,0.67
2024-08-01,08:15,August,Monsoon,Flat,62,375.38,29.79,43.17,77.57,0.56,62.06,0.47,29.32,0.67
2024-08-01,08:30,August,Monsoon,Flat,62,375.38,29.79,43.17,77.57,0.56,62.06,0.47,29.32,0.67
2024-08-01,08:45,August,Monsoon,Flat,62,375.38,29.79,43.17,77.57,0.56,62.06,0.47,29.32,0.67
2024-08-01,09:00,August,Monsoon,Flat,62,558.35,31.52,49.48,75.58,0.84,60.46,0.71,42.75,0.67
2024-08-01,09:15,August,Monsoon,Flat,62,558.35,31.52,49.48,75.58,0.84,60.46,0.71,42.75,0.67
2024-08-01,09:30,August,Monsoon,Flat,62,558.35,31.52,49.48,75.58,0.84,60.46,0.71,42.75,0.67
2024-08-01,09:45,August,Monsoon,Flat,62,558.35,31.52,49.48,75.58,0.84,60.46,0.71,42.75,0.67
2024-08-01,10:00,August,Monsoon,Flat,62,668.62,32.8,53.52,74.3,1.02,59.44,0.85,50.53,0.67
2024-08-01,10:15,August,Monsoon,Flat,62,668.62,32.8,53.52,74.3,1.02,59.44,0.85,50.53,0.67
2024-08-01,10:30,August,Monsoon,Flat,62,668.62,32.8,53.52,74.3,1.02,59.44,0.85,50.53,0.67
2024-08-01,10:45,August,Monsoon,Flat,62,668.62,32.8,53.52,74.3,1.02,59.44,0.85,50.53,0.67
2024-08-01,11:00,August,Monsoon,Flat,62,677.9,33.82,54.77,73.9,1.03,59.12,0.86,51.02,0.67
2024-08-01,11:15,August,Monsoon,Flat,62,677.9,33.82,54.77,73.9,1.03,59.12,0.86,51.02,0.67
2024-08-01,11:30,August,Monsoon,Flat,62,677.9,33.82,54.77,73.9,1.03,59.12,0.86,51.02,0.67
2024-08-01,11:45,August,Monsoon,Flat,62,677.9,33.82,54.77,73.9,1.03,59.12,0.86,51.02,0.67
2024-08-01,12:00,August,Monsoon,Flat,62,773.7,34.33,57.67,72.98,1.18,58.39,0.99,57.67,0.67
2024-08-01,12:15,August,Monsoon,Flat,62,773.7,34.33,57.67,72.98,1.18,58.39,0.99,57.67,0.67
2024-08-01,12:30,August,Monsoon,Flat,62,773.7,34.33,57.67,72.98,1.18,58.39,0.99,57.67,0.67
2024-08-01,12:45,August,Monsoon,Flat,62,773.7,34.33,57.67,72.98,1.18,58.39,0.99,57.67,0.67
2024-08-01,13:00,August,Monsoon,Flat,62,620.05,34.39,53.89,74.18,0.94,59.34,0.79,46.8,0.67
2024-08-01,13:15,August,Monsoon,Flat,62,620.05,34.39,53.89,74.18,0.94,59.34,0.79,46.8,0.67
2024-08-01,13:30,August,Monsoon,Flat,62,620.05,34.39,53.89,74.18,0.94,59.34,0.79,46.8,0.67
2024-08-01,13:45,August,Monsoon,Flat,62,620.05,34.39,53.89,74.18,0.94,59.34,0.79,46.8,0.67
2024-08-01,14:00,August,Monsoon,Flat,62,428.75,34.0,48.72,75.82,0.65,60.65,0.54,32.91,0.67
2024-08-01,14:15,August,Monsoon,Flat,62,428.75,34.0,48.72,75.82,0.65,60.65,0.54,32.91,0.67
2024-08-01,14:30,August,Monsoon,Flat,62,428.75,34.0,48.72,75.82,0.65,60.65,0.54,32.91,0.67
2024-08-01,14:45,August,Monsoon,Flat,62,428.75,34.0,48.72,75.82,0.65,60.65,0.54,32.91,0.67
2024-08-01,15:00,August,Monsoon,Flat,62,316.42,33.47,45.38,76.87,0.48,61.5,0.4,24.55,0.67
2024-08-01,15:15,August,Monsoon,Flat,62,316.42,33.47,45.38,76.87,0.48,61.5,0.4,24.55,0.67
2024-08-01,15:30,August,Monsoon,Flat,62,316.42,33.47,45.38,76.87,0.48,61.5,0.4,24.55,0.67
2024-08-01,15:45,August,Monsoon,Flat,62,316.42,33.47,45.38,76.87,0.48,61.5,0.4,24.55,0.67
2024-08-01,16:00,August,Monsoon,Flat,62,170.7,32.46,40.73,78.35,0.26,62.68,0.21,13.43,0.67
2024-08-01,16:15,August,Monsoon,Flat,62,170.7,32.46,40.73,78.35,0.26,62.68,0.21,13.43,0.67
2024-08-01,16:30,August,Monsoon,Flat,62,170.7,32.46,40.73,78.35,0.26,62.68,0.21,13.43,0.67
2024-08-01,16:45,August,Monsoon,Flat,62,170.7,32.46,40.73,78.35,0.26,62.68,0.21,13.43,0.67
2024-08-01,17:00,August,Monsoon,Flat,62,44.62,30.59,35.71,79.94,0.07,63.95,0.06,3.57,0.67
2024-08-01,17:15,August,Monsoon,Flat,62,44.62,30.59,35.71,79.94,0.07,63.95,0.06,3.57,0.67
2024-08-01,17:30,August,Monsoon,Flat,62,44.62,30.59,35.71,79.94,0.07,63.95,0.06,3.57,0.67
2024-08-01,17:45,August,Monsoon,Flat,62,44.62,30.59,35.71,79.94,0.07,63.95,0.06,3.57,0.67
2024-08-02,06:00,August,Monsoon,Flat,62,90.7,25.98,32.25,81.03,0.13,64.83,0.11,7.32,0.67
2024-08-02,06:15,August,Monsoon,Flat,62,90.7,25.98,32.25,81.03,0.13,64.83,0.11,7.32,0.67
2024-08-02,06:30,August,Monsoon,Flat,62,90.7,25.98,32.25,81.03,0.13,64.83,0.11,7.32,0.67
2024-08-02,06:45,August,Monsoon,Flat,62,90.7,25.98,32.25,81.03,0.13,64.83,0.11,7.32,0.67
2024-08-02,07:00,August,Monsoon,Flat,62,242.75,27.85,37.92,79.24,0.36,63.39,0.3,19.27,0.67
2024-08-02,07:15,August,Monsoon,Flat,62,242.75,27.85,37.92,79.24,0.36,63.39,0.3,19.27,0.67
2024-08-02,07:30,August,Monsoon,Flat,62,242.75,27.85,37.92,79.24,0.36,63.39,0.3,19.27,0.67
2024-08-02,07:45,August,Monsoon,Flat,62,242.75,27.85,37.92,79.24,0.36,63.39,0.3,19.27,0.67
2024-08-02,08:00,August,Monsoon,Flat,62,415.2,30.37,44.75,77.07,0.62,61.66,0.52,32.27,0.67
2024-08-02,08:15,August,Monsoon,Flat,62,415.2,30.37,44.75,77.07,0.62,61.66,0.52,32.27,0.67
2024-08-02,08:30,August,Monsoon,Flat,62,415.2,30.37,44.75,77.07,0.62,61.66,0.52,32.27,0.67
2024-08-02,08:45,August,Monsoon,Flat,62,415.2,30.37,44.75,77.07,0.62,61.66,0.52,32.27,0.67
2024-08-02,09:00,August,Monsoon,Flat,62,511.15,32.53,49.31,75.63,0.77,60.5,0.65,39.16,0.67
2024-08-02,09:15,August,Monsoon,Flat,62,511.15,32.53,49.31,75.63,0.77,60.5,0.65,39.16,0.67
2024-08-02,09:30,August,Monsoon,Flat,62,511.15,32.53,49.31,75.63,0.77,60.5,0.65,39.16,0.67
2024-08-02,09:45,August,Monsoon,Flat,62,511.15,32.53,49.31,75.63,0.77,60.5,0.65,39.16,0.67
2024-08-02,10:00,August,Monsoon,Flat,62,579.72,33.82,52.31,74.68,0.88,59.74,0.74,43.98,0.67
2024-08-02,10:15,August,Monsoon,Flat,62,579.72,33.82,52.31,74.68,0.88,59.74,0.74,43.98,0.67
2024-08-02,10:30,August,Monsoon,Flat,62,579.72,33.82,52.31,74.68,0.88,59.74,0.74,43.98,0.67
2024-08-02,10:45,August,Monsoon,Flat,62,579.72,33.82,52.31,74.68,0.88,59.74,0.74,43.98,0.67
2024-08-02,11:00,August,Monsoon,Flat,62,691.25,34.59,55.87,73.55,1.05,58.84,0.88,51.83,0.67
2024-08-02,11:15,August,Monsoon,Flat,62,691.25,34.59,55.87,73.55,1.05,58.84,0.88,51.83,0.67
2024-08-02,11:30,August,Monsoon,Flat,62,691.25,34.59,55.87,73.55,1.05,58.84,0.88,51.83,0.67
2024-08-02,11:45,August,Monsoon,Flat,62,691.25,34.59,55.87,73.55,1.05,58.84,0.88,51.83,0.67
2024-08-02,12:00,August,Monsoon,Flat,62,680.15,34.92,55.92,73.54,1.03,58.83,0.87,50.99,0.67
2024-08-02,12:15,August,Monsoon,Flat,62,680.15,34.92,55.92,73.54,1.03,58.83,0.87,50.99,0.67
2024-08-02,12:30,August,Monsoon,Flat,62,680.15,34.92,55.92,73.54,1.03,58.83,0.87,50.99,0.67
2024-08-02,12:45,August,Monsoon,Flat,62,680.15,34.92,55.92,73.54,1.03,58.83,0.87,50.99,0.67
2024-08-02,13:00,August,Monsoon,Flat,62,726.83,34.76,56.93,73.22,1.11,58.57,0.93,54.31,0.67
2024-08-02,13:15,August,Monsoon,Flat,62,726.83,34.76,56.93,73.22,1.11,58.57,0.93,54.31,0.67
2024-08-02,13:30,August,Monsoon,Flat,62,726.83,34.76,56.93,73.22,1.11,58.57,0.93,54.31,0.67
2024-08-02,13:45,August,Monsoon,Flat,62,726.83,34.76,56.93,73.22,1.11,58.57,0.93,54.31,0.67
2024-08-02,14:00,August,Monsoon,Flat,62,489.15,34.16,50.39,75.29,0.74,60.23,0.62,37.34,0.67
2024-08-02,14:15,August,Monsoon,Flat,62,489.15,34.16,50.39,75.29,0.74,60.23,0.62,37.34,0.67
2024-08-02,14:30,August,Monsoon,Flat,62,489.15,34.16,50.39,75.29,0.74,60.23,0.62,37.34,0.67
2024-08-02,14:45,August,Monsoon,Flat,62,489.15,34.16,50.39,75.29,0.74,60.23,0.62,37.34,0.67
2024-08-02,15:00,August,Monsoon,Flat,62,391.45,33.3,47.09,76.33,0.59,61.07,0.49,30.2,0.67
2024-08-02,15:15,August,Monsoon,Flat,62,391.45,33.3,47.09,76.33,0.59,61.07,0.49,30.2,0.67
2024-08-02,15:30,August,Monsoon,Flat,62,391.45,33.3,47.09,76.33,0.59,61.07,0.49,30.2,0.67
2024-08-02,15:45,August,Monsoon,Flat,62,391.45,33.3,47.09,76.33,0.59,61.07,0.49,30.2,0.67
2024-08-02,16:00,August,Monsoon,Flat,62,205.48,32.2,41.34,78.15,0.31,62.52,0.26,16.14,0.67
2024-08-02,16:15,August,Monsoon,Flat,62,205.48,32.2,41.34,78.15,0.31,62.52,0.26,16.14,0.67
2024-08-02,16:30,August,Monsoon,Flat,62,205.48,32.2,41.34,78.15,0.31,62.52,0.26,16.14,0.67
2024-08-02,16:45,August,Monsoon,Flat,62,205.48,32.2,41.34,78.15,0.31,62.52,0.26,16.14,0.67
2024-08-02,17:00,August,Monsoon,Flat,62,57.58,30.28,35.72,79.93,0.09,63.95,0.07,4.6,0.67
2024-08-02,17:15,August,Monsoon,Flat,62,57.58,30.28,35.72,79.93,0.09,63.95,0.07,4.6,0.67
2024-08-02,17:30,August,Monsoon,Flat,62,57.58,30.28,35.72,79.93,0.09,63.95,0.07,4.6,0.67
2024-08-02,17:45,August,Monsoon,Flat,62,57.58,30.28,35.72,79.93,0.09,63.95,0.07,4.6,0.67
2024-08-03,06:00,August,Monsoon,Flat,62,96.03,25.2,31.6,81.24,0.14,64.99,0.12,7.77,0.67
2024-08-03,06:15,August,Monsoon,Flat,62,96.03,25.2,31.6,81.24,0.14,64.99,0.12,7.77,0.67
2024-08-03,06:30,August,Monsoon,Flat,62,96.03,25.2,31.6,81.24,0.14,64.99,0.12,7.77,0.67
2024-08-03,06:45,August,Monsoon,Flat,62,96.03,25.2,31.6,81.24,0.14,64.99,0.12,7.77,0.67
2024-08-03,07:00,August,Monsoon,Flat,62,275.83,27.11,38.01,79.21,0.41,63.37,0.35,21.89,0.67
2024-08-03,07:15,August,Monsoon,Flat,62,275.83,27.11,38.01,79.21,0.41,63.37,0.35,21.89,0.67
2024-08-03,07:30,August,Monsoon,Flat,62,275.83,27.11,38.01,79.21,0.41,63.37,0.35,21.89,0.67
2024-08-03,07:45,August,Monsoon,Flat,62,275.83,27.11,38.01,79.21,0.41,63.37,0.35,21.89,0.67
2024-08-03,08:00,August,Monsoon,Flat,62,474.88,29.48,45.35,76.88,0.72,61.51,0.6,36.84,0.67
2024-08-03,08:15,August,Monsoon,Flat,62,474.88,29.48,45.35,76.88,0.72,61.51,0.6,36.84,0.67
2024-08-03,08:30,August,Monsoon,Flat,62,474.88,29.48,45.35,76.88,0.72,61.51,0.6,36.84,0.67
2024-08-03,08:45,August,Monsoon,Flat,62,474.88,29.48,45.35,76.88,0.72,61.51,0.6,36.84,0.67
2024-08-03,09:00,August,Monsoon,Flat,62,640.65,31.96,51.98,74.79,0.97,59.83,0.81,48.66,0.67
2024-08-03,09:15,August,Monsoon,Flat,62,640.65,31.96,51.98,74.79,0.97,59.83,0.81,48.66,0.67
2024-08-03,09:30,August,Monsoon,Flat,62,640.65,31.96,51.98,74.79,0.97,59.83,0.81,48.66,0.67
2024-08-03,09:45,August,Monsoon,Flat,62,640.65,31.96,51.98,74.79,0.97,59.83,0.81,48.66,0.67
2024-08-03,10:00,August,Monsoon,Flat,62,759.67,34.09,57.08,73.17,1.16,58.54,0.97,56.73,0.67
2024-08-03,10:15,August,Monsoon,Flat,62,759.67,34.09,57.08,73.17,1.16,58.54,0.97,56.73,0.67
2024-08-03,10:30,August,Monsoon,Flat,62,759.67,34.09,57.08,73.17,1.16,58.54,0.97,56.73,0.67
2024-08-03,10:45,August,Monsoon,Flat,62,759.67,34.09,57.08,73.17,1.16,58.54,0.97,56.73,0.67
2024-08-03,11:00,August,Monsoon,Flat,62,705.4,35.7,57.34,73.09,1.07,58.47,0.9,52.63,0.67
2024-08-03,11:15,August,Monsoon,Flat,62,705.4,35.7,57.34,73.09,1.07,58.47,0.9,52.63,0.67
2024-08-03,11:30,August,Monsoon,Flat,62,705.4,35.7,57.34,73.09,1.07,58.47,0.9,52.63,0.67
2024-08-03,11:45,August,Monsoon,Flat,62,705.4,35.7,57.34,73.09,1.07,58.47,0.9,52.63,0.67
2024-08-03,12:00,August,Monsoon,Flat,62,663.4,36.71,57.3,73.1,1.01,58.48,0.85,49.51,0.67
2024-08-03,12:15,August,Monsoon,Flat,62,663.4,36.71,57.3,73.1,1.01,58.48,0.85,49.51,0.67
2024-08-03,12:30,August,Monsoon,Flat,62,663.4,36.71,57.3,73.1,1.01,58.48,0.85,49.51,0.67
2024-08-03,12:45,August,Monsoon,Flat,62,663.4,36.71,57.3,73.1,1.01,58.48,0.85,49.51,0.67
2024-08-03,13:00,August,Monsoon,Flat,62,586.08,36.79,55.44,73.69,0.89,58.95,0.75,44.01,0.67
2024-08-03,13:15,August,Monsoon,Flat,62,586.08,36.79,55.44,73.69,0.89,58.95,0.75,44.01,0.67
2024-08-03,13:30,August,Monsoon,Flat,62,586.08,36.79,55.44,73.69,0.89,58.95,0.75,44.01,0.67
2024-08-03,13:45,August,Monsoon,Flat,62,586.08,36.79,55.44,73.69,0.89,58.95,0.75,44.01,0.67
2024-08-03,14:00,August,Monsoon,Flat,62,488.0,36.32,52.52,74.61,0.74,59.69,0.62,37.0,0.67
2024-08-03,14:15,August,Monsoon,Flat,62,488.0,36.32,52.52,74.61,0.74,59.69,0.62,37.0,0.67
2024-08-03,14:30,August,Monsoon,Flat,62,488.0,36.32,52.52,74.61,0.74,59.69,0.62,37.0,0.67
2024-08-03,14:45,August,Monsoon,Flat,62,488.0,36.32,52.52,74.61,0.74,59.69,0.62,37.0,0.67
2024-08-03,15:00,August,Monsoon,Flat,62,346.1,35.55,48.2,75.98,0.52,60.78,0.44,26.61,0.67
2024-08-03,15:15,August,Monsoon,Flat,62,346.1,35.55,48.2,75.98,0.52,60.78,0.44,26.61,0.67
2024-08-03,15:30,August,Monsoon,Flat,62,346.1,35.55,48.2,75.98,0.52,60.78,0.44,26.61,0.67
2024-08-03,15:45,August,Monsoon,Flat,62,346.1,35.55,48.2,75.98,0.52,60.78,0.44,26.61,0.67
2024-08-03,16:00,August,Monsoon,Flat,62,186.68,34.42,43.09,77.6,0.28,62.08,0.23,14.59,0.67
2024-08-03,16:15,August,Monsoon,Flat,62,186.68,34.42,43.09,77.6,0.28,62.08,0.23,14.59,0.67
2024-08-03,16:30,August,Monsoon,Flat,62,186.68,34.42,43.09,77.6,0.28,62.08,0.23,14.59,0.67
2024-08-03,16:45,August,Monsoon,Flat,62,186.68,34.42,43.09,77.6,0.28,62.08,0.23,14.59,0.67
2024-08-03,17:00,August,Monsoon,Flat,62,50.55,32.61,37.87,79.25,0.08,63.4,0.06,4.01,0.67
2024-08-03,17:15,August,Monsoon,Flat,62,50.55,32.61,37.87,79.25,0.08,63.4,0.06,4.01,0.67
2024-08-03,17:30,August,Monsoon,Flat,62,50.55,32.61,37.87,79.25,0.08,63.4,0.06,4.01,0.67
2024-08-03,17:45,August,Monsoon,Flat,62,50.55,32.61,37.87,79.25,0.08,63.4,0.06,4.01,0.67
2024-08-04,06:00,August,Monsoon,Flat,62,86.43,25.84,32.0,81.11,0.13,64.89,0.11,6.98,0.67
2024-08-04,06:15,August,Monsoon,Flat,62,86.43,25.84,32.0,81.11,0.13,64.89,0.11,6.98,0.67
2024-08-04,06:30,August,Monsoon,Flat,62,86.43,25.84,32.0,81.11,0.13,64.89,0.11,6.98,0.67
2024-08-04,06:45,August,Monsoon,Flat,62,86.43,25.84,32.0,81.11,0.13,64.89,0.11,6.98,0.67
2024-08-04,07:00,August,Monsoon,Flat,62,251.6,27.45,37.74,79.29,0.38,63.44,0.31,19.98,0.67
2024-08-04,07:15,August,Monsoon,Flat,62,251.6,27.45,37.74,79.29,0.38,63.44,0.31,19.98,0.67
2024-08-04,07:30,August,Monsoon,Flat,62,251.6,27.45,37.74,79.29,0.38,63.44,0.31,19.98,0.67
2024-08-04,07:45,August,Monsoon,Flat,62,251.6,27.45,37.74,79.29,0.38,63.44,0.31,19.98,0.67
2024-08-04,08:00,August,Monsoon,Flat,62,432.85,30.34,45.16,76.94,0.65,61.56,0.55,33.6,0.67
2024-08-04,08:15,August,Monsoon,Flat,62,432.85,30.34,45.16,76.94,0.65,61.56,0.55,33.6,0.67
2024-08-04,08:30,August,Monsoon,Flat,62,432.85,30.34,45.16,76.94,0.65,61.56,0.55,33.6,0.67
2024-08-04,08:45,August,Monsoon,Flat,62,432.85,30.34,45.16,76.94,0.65,61.56,0.55,33.6,0.67
2024-08-04,09:00,August,Monsoon,Flat,62,630.45,32.81,52.57,74.6,0.96,59.68,0.8,47.79,0.67
2024-08-04,09:15,August,Monsoon,Flat,62,630.45,32.81,52.57,74.6,0.96,59.68,0.8,47.79,0.67
2024-08-04,09:30,August,Monsoon,Flat,62,630.45,32.81,52.57,74.6,0.96,59.68,0.8,47.79,0.67
2024-08-04,09:45,August,Monsoon,Flat,62,630.45,32.81,52.57,74.6,0.96,59.68,0.8,47.79,0.67
2024-08-04,10:00,August,Monsoon,Flat,62,727.47,34.41,56.6,73.32,1.11,58.66,0.93,54.42,0.67
2024-08-04,10:15,August,Monsoon,Flat,62,727.47,34.41,56.6,73.32,1.11,58.66,0.93,54.42,0.67
2024-08-04,10:30,August,Monsoon,Flat,62,727.47,34.41,56.6,73.32,1.11,58.66,0.93,54.42,0.67
2024-08-04,10:45,August,Monsoon,Flat,62,727.47,34.41,56.6,73.32,1.11,58.66,0.93,54.42,0.67
2024-08-04,11:00,August,Monsoon,Flat,62,787.92,35.41,59.11,72.53,1.2,58.02,1.01,58.44,0.67
2024-08-04,11:15,August,Monsoon,Flat,62,787.92,35.41,59.11,72.53,1.2,58.02,1.01,58.44,0.67
2024-08-04,11:30,August,Monsoon,Flat,62,787.92,35.41,59.11,72.53,1.2,58.02,1.01,58.44,0.67
2024-08-04,11:45,August,Monsoon,Flat,62,787.92,35.41,59.11,72.53,1.2,58.02,1.01,58.44,0.67
2024-08-04,12:00,August,Monsoon,Flat,62,779.78,36.06,59.55,72.39,1.19,57.91,1.0,57.75,0.67
2024-08-04,12:15,August,Monsoon,Flat,62,779.78,36.06,59.55,72.39,1.19,57.91,1.0,57.75,0.67
2024-08-04,12:30,August,Monsoon,Flat,62,779.78,36.06,59.55,72.39,1.19,57.91,1.0,57.75,0.67
2024-08-04,12:45,August,Monsoon,Flat,62,779.78,36.06,59.55,72.39,1.19,57.91,1.0,57.75,0.67
2024-08-04,13:00,August,Monsoon,Flat,62,697.03,36.32,57.75,72.96,1.06,58.37,0.89,51.94,0.67
2024-08-04,13:15,August,Monsoon,Flat,62,697.03,36.32,57.75,72.96,1.06,58.37,0.89,51.94,0.67
2024-08-04,13:30,August,Monsoon,Flat,62,697.03,36.32,57.75,72.96,1.06,58.37,0.89,51.94,0.67
2024-08-04,13:45,August,Monsoon,Flat,62,697.03,36.32,57.75,72.96,1.06,58.37,0.89,51.94,0.67
2024-08-04,14:00,August,Monsoon,Flat,62,579.92,35.96,54.46,74.0,0.88,59.2,0.74,43.69,0.67
2024-08-04,14:15,August,Monsoon,Flat,62,579.92,35.96,54.46,74.0,0.88,59.2,0.74,43.69,0.67
2024-08-04,14:30,August,Monsoon,Flat,62,579.92,35.96,54.46,74.0,0.88,59.2,0.74,43.69,0.67
2024-08-04,14:45,August,Monsoon,Flat,62,579.92,35.96,54.46,74.0,0.88,59.2,0.74,43.69,0.67
2024-08-04,15:00,August,Monsoon,Flat,62,364.45,35.31,48.42,75.91,0.55,60.73,0.46,28.0,0.67
2024-08-04,15:15,August,Monsoon,Flat,62,364.45,35.31,48.42,75.91,0.55,60.73,0.46,28.0,0.67
2024-08-04,15:30,August,Monsoon,Flat,62,364.45,35.31,48.42,75.91,0.55,60.73,0.46,28.0,0.67
2024-08-04,15:45,August,Monsoon,Flat,62,364.45,35.31,48.42,75.91,0.55,60.73,0.46,28.0,0.67
2024-08-04,16:00,August,Monsoon,Flat,62,210.62,34.33,43.6,77.44,0.32,61.95,0.27,16.43,0.67
2024-08-04,16:15,August,Monsoon,Flat,62,210.62,34.33,43.6,77.44,0.32,61.95,0.27,16.43,0.67
2024-08-04,16:30,August,Monsoon,Flat,62,210.62,34.33,43.6,77.44,0.32,61.95,0.27,16.43,0.67
2024-08-04,16:45,August,Monsoon,Flat,62,210.62,34.33,43.6,77.44,0.32,61.95,0.27,16.43,0.67
2024-08-04,17:00,August,Monsoon,Flat,62,55.33,32.91,38.29,79.12,0.08,63.29,0.07,4.39,0.67
2024-08-04,17:15,August,Monsoon,Flat,62,55.33,32.91,38.29,79.12,0.08,63.29,0.07,4.39,0.67
2024-08-04,17:30,August,Monsoon,Flat,62,55.33,32.91,38.29,79.12,0.08,63.29,0.07,4.39,0.67
2024-08-04,17:45,August,Monsoon,Flat,62,55.33,32.91,38.29,79.12,0.08,63.29,0.07,4.39,0.67
2024-08-05,06:00,August,Monsoon,Flat,62,74.57,26.46,32.32,81.01,0.11,64.81,0.09,6.02,0.67
2024-08-05,06:15,August,Monsoon,Flat,62,74.57,26.46,32.32,81.01,0.11,64.81,0.09,6.02,0.67
2024-08-05,06:30,August,Monsoon,Flat,62,74.57,26.46,32.32,81.01,0.11,64.81,0.09,6.02,0.67
2024-08-05,06:45,August,Monsoon,Flat,62,74.57,26.46,32.32,81.01,0.11,64.81,0.09,6.02,0.67
2024-08-05,07:00,August,Monsoon,Flat,62,223.52,27.79,37.38,79.41,0.33,63.53,0.28,17.77,0.67
2024-08-05,07:15,August,Monsoon,Flat,62,223.52,27.79,37.38,79.41,0.33,63.53,0.28,17.77,0.67
2024-08-05,07:30,August,Monsoon,Flat,62,223.52,27.79,37.38,79.41,0.33,63.53,0.28,17.77,0.67
2024-08-05,07:45,August,Monsoon,Flat,62,223.52,27.79,37.38,79.41,0.33,63.53,0.28,17.77,0.67
2024-08-05,08:00,August,Monsoon,Flat,62,383.77,29.44,43.03,77.62,0.58,62.09,0.48,29.99,0.67
2024-08-05,08:15,August,Monsoon,Flat,62,383.77,29.44,43.03,77.62,0.58,62.09,0.48,29.99,0.67
2024-08-05,08:30,August,Monsoon,Flat,62,383.77,29.44,43.03,77.62,0.58,62.09,0.48,29.99,0.67
2024-08-05,08:45,August,Monsoon,Flat,62,383.77,29.44,43.03,77.62,0.58,62.09,0.48,29.99,0.67
2024-08-05,09:00,August,Monsoon,Flat,62,600.25,31.27,50.28,75.32,0.91,60.26,0.76,45.84,0.67
2024-08-05,09:15,August,Monsoon,Flat,62,600.25,31.27,50.28,75.32,0.91,60.26,0.76,45.84,0.67
2024-08-05,09:30,August,Monsoon,Flat,62,600.25,31.27,50.28,75.32,0.91,60.26,0.76,45.84,0.67
2024-08-05,09:45,August,Monsoon,Flat,62,600.25,31.27,50.28,75.32,0.91,60.26,0.76,45.84,0.67
2024-08-05,10:00,August,Monsoon,Flat,62,657.2,32.67,53.1,74.43,1.0,59.54,0.84,49.73,0.67
2024-08-05,10:15,August,Monsoon,Flat,62,657.2,32.67,53.1,74.43,1.0,59.54,0.84,49.73,0.67
2024-08-05,10:30,August,Monsoon,Flat,62,657.2,32.67,53.1,74.43,1.0,59.54,0.84,49.73,0.67
2024-08-05,10:45,August,Monsoon,Flat,62,657.2,32.67,53.1,74.43,1.0,59.54,0.84,49.73,0.67
2024-08-05,11:00,August,Monsoon,Flat,62,722.75,33.46,55.53,73.66,1.1,58.93,0.92,54.26,0.67
2024-08-05,11:15,August,Monsoon,Flat,62,722.75,33.46,55.53,73.66,1.1,58.93,0.92,54.26,0.67
2024-08-05,11:30,August,Monsoon,Flat,62,722.75,33.46,55.53,73.66,1.1,58.93,0.92,54.26,0.67
2024-08-05,11:45,August,Monsoon,Flat,62,722.75,33.46,55.53,73.66,1.1,58.93,0.92,54.26,0.67
2024-08-05,12:00,August,Monsoon,Flat,62,752.75,33.53,56.35,73.4,1.15,58.72,0.96,56.35,0.67
2024-08-05,12:15,August,Monsoon,Flat,62,752.75,33.53,56.35,73.4,1.15,58.72,0.96,56.35,0.67
2024-08-05,12:30,August,Monsoon,Flat,62,752.75,33.53,56.35,73.4,1.15,58.72,0.96,56.35,0.67
2024-08-05,12:45,August,Monsoon,Flat,62,752.75,33.53,56.35,73.4,1.15,58.72,0.96,56.35,0.67
2024-08-05,13:00,August,Monsoon,Flat,62,601.83,33.03,52.08,74.75,0.91,59.8,0.76,45.7,0.67
2024-08-05,13:15,August,Monsoon,Flat,62,601.83,33.03,52.08,74.75,0.91,59.8,0.76,45.7,0.67
2024-08-05,13:30,August,Monsoon,Flat,62,601.83,33.03,52.08,74.75,0.91,59.8,0.76,45.7,0.67
2024-08-05,13:45,August,Monsoon,Flat,62,601.83,33.03,52.08,74.75,0.91,59.8,0.76,45.7,0.67
2024-08-05,14:00,August,Monsoon,Flat,62,409.83,32.43,46.68,76.46,0.62,61.17,0.52,31.66,0.67
2024-08-05,14:15,August,Monsoon,Flat,62,409.83,32.43,46.68,76.46,0.62,61.17,0.52,31.66,0.67
2024-08-05,14:30,August,Monsoon,Flat,62,409.83,32.43,46.68,76.46,0.62,61.17,0.52,31.66,0.67
2024-08-05,14:45,August,Monsoon,Flat,62,409.83,32.43,46.68,76.46,0.62,61.17,0.52,31.66,0.67
2024-08-05,15:00,August,Monsoon,Flat,62,205.0,31.71,40.84,78.31,0.31,62.65,0.26,16.13,0.67
2024-08-05,15:15,August,Monsoon,Flat,62,205.0,31.71,40.84,78.31,0.31,62.65,0.26,16.13,0.67
2024-08-05,15:30,August,Monsoon,Flat,62,205.0,31.71,40.84,78.31,0.31,62.65,0.26,16.13,0.67
2024-08-05,15:45,August,Monsoon,Flat,62,205.0,31.71,40.84,78.31,0.31,62.65,0.26,16.13,0.67
2024-08-05,16:00,August,Monsoon,Flat,62,126.32,30.75,37.91,79.24,0.19,63.39,0.16,10.03,0.67
2024-08-05,16:15,August,Monsoon,Flat,62,126.32,30.75,37.91,79.24,0.19,63.39,0.16,10.03,0.67
2024-08-05,16:30,August,Monsoon,Flat,62,126.32,30.75,37.91,79.24,0.19,63.39,0.16,10.03,0.67
2024-08-05,16:45,August,Monsoon,Flat,62,126.32,30.75,37.91,79.24,0.19,63.39,0.16,10.03,0.67
2024-08-05,17:00,August,Monsoon,Flat,62,41.4,29.33,34.36,80.36,0.06,64.29,0.05,3.32,0.67
2024-08-05,17:15,August,Monsoon,Flat,62,41.4,29.33,34.36,80.36,0.06,64.29,0.05,3.32,0.67
2024-08-05,17:30,August,Monsoon,Flat,62,41.4,29.33,34.36,80.36,0.06,64.29,0.05,3.32,0.67
2024-08-05,17:45,August,Monsoon,Flat,62,41.4,29.33,34.36,80.36,0.06,64.29,0.05,3.32,0.67
2024-08-06,06:00,August,Monsoon,Flat,62,84.7,26.03,32.15,81.06,0.13,64.85,0.11,6.84,0.67
2024-08-06,06:15,August,Monsoon,Flat,62,84.7,26.03,32.15,81.06,0.13,64.85,0.11,6.84,0.67
2024-08-06,06:30,August,Monsoon,Flat,62,84.7,26.03,32.15,81.06,0.13,64.85,0.11,6.84,0.67
2024-08-06,06:45,August,Monsoon,Flat,62,84.7,26.03,32.15,81.06,0.13,64.85,0.11,6.84,0.67
2024-08-06,07:00,August,Monsoon,Flat,62,242.73,27.84,37.91,79.24,0.36,63.39,0.3,19.27,0.67
2024-08-06,07:15,August,Monsoon,Flat,62,242.73,27.84,37.91,79.24,0.36,63.39,0.3,19.27,0.67
2024-08-06,07:30,August,Monsoon,Flat,62,242.73,27.84,37.91,79.24,0.36,63.39,0.3,19.27,0.67
2024-08-06,07:45,August,Monsoon,Flat,62,242.73,27.84,37.91,79.24,0.36,63.39,0.3,19.27,0.67
2024-08-06,08:00,August,Monsoon,Flat,62,423.1,30.51,45.09,76.97,0.64,61.57,0.53,32.85,0.67
2024-08-06,08:15,August,Monsoon,Flat,62,423.1,30.51,45.09,76.97,0.64,61.57,0.53,32.85,0.67
2024-08-06,08:30,August,Monsoon,Flat,62,423.1,30.51,45.09,76.97,0.64,61.57,0.53,32.85,0.67
2024-08-06,08:45,August,Monsoon,Flat,62,423.1,30.51,45.09,76.97,0.64,61.57,0.53,32.85,0.67
2024-08-06,09:00,August,Monsoon,Flat,62,631.95,32.73,52.53,74.61,0.96,59.69,0.8,47.91,0.67
2024-08-06,09:15,August,Monsoon,Flat,62,631.95,32.73,52.53,74.61,0.96,59.69,0.8,47.91,0.67
2024-08-06,09:30,August,Monsoon,Flat,62,631.95,32.73,52.53,74.61,0.96,59.69,0.8,47.91,0.67
2024-08-06,09:45,August,Monsoon,Flat,62,631.95,32.73,52.53,74.61,0.96,59.69,0.8,47.91,0.67
2024-08-06,10:00,August,Monsoon,Flat,62,716.5,34.12,56.03,73.5,1.09,58.8,0.91,53.7,0.67
2024-08-06,10:15,August,Monsoon,Flat,62,716.5,34.12,56.03,73.5,1.09,58.8,0.91,53.7,0.67
2024-08-06,10:30,August,Monsoon,Flat,62,716.5,34.12,56.03,73.5,1.09,58.8,0.91,53.7,0.67
2024-08-06,10:45,August,Monsoon,Flat,62,716.5,34.12,56.03,73.5,1.09,58.8,0.91,53.7,0.67
2024-08-06,11:00,August,Monsoon,Flat,62,656.9,34.76,55.18,73.77,1.0,59.02,0.84,49.37,0.67
2024-08-06,11:15,August,Monsoon,Flat,62,656.9,34.76,55.18,73.77,1.0,59.02,0.84,49.37,0.67
2024-08-06,11:30,August,Monsoon,Flat,62,656.9,34.76,55.18,73.77,1.0,59.02,0.84,49.37,0.67
2024-08-06,11:45,August,Monsoon,Flat,62,656.9,34.76,55.18,73.77,1.0,59.02,0.84,49.37,0.67
2024-08-06,12:00,August,Monsoon,Flat,62,693.8,34.73,56.07,73.49,1.06,58.79,0.88,51.99,0.67
2024-08-06,12:15,August,Monsoon,Flat,62,693.8,34.73,56.07,73.49,1.06,58.79,0.88,51.99,0.67
2024-08-06,12:30,August,Monsoon,Flat,62,693.8,34.73,56.07,73.49,1.06,58.79,0.88,51.99,0.67
2024-08-06,12:45,August,Monsoon,Flat,62,693.8,34.73,56.07,73.49,1.06,58.79,0.88,51.99,0.67
2024-08-06,13:00,August,Monsoon,Flat,62,529.42,34.57,51.81,74.84,0.8,59.87,0.67,40.23,0.67
2024-08-06,13:15,August,Monsoon,Flat,62,529.42,34.57,51.81,74.84,0.8,59.87,0.67,40.23,0.67
2024-08-06,13:30,August,Monsoon,Flat,62,529.42,34.57,51.81,74.84,0.8,59.87,0.67,40.23,0.67
2024-08-06,13:45,August,Monsoon,Flat,62,529.42,34.57,51.81,74.84,0.8,59.87,0.67,40.23,0.67
2024-08-06,14:00,August,Monsoon,Flat,62,375.8,34.18,47.58,76.18,0.57,60.94,0.48,28.95,0.67
2024-08-06,14:15,August,Monsoon,Flat,62,375.8,34.18,47.58,76.18,0.57,60.94,0.48,28.95,0.67
2024-08-06,14:30,August,Monsoon,Flat,62,375.8,34.18,47.58,76.18,0.57,60.94,0.48,28.95,0.67
2024-08-06,14:45,August,Monsoon,Flat,62,375.8,34.18,47.58,76.18,0.57,60.94,0.48,28.95,0.67
2024-08-06,15:00,August,Monsoon,Flat,62,205.9,33.52,42.67,77.73,0.31,62.19,0.26,16.11,0.67
2024-08-06,15:15,August,Monsoon,Flat,62,205.9,33.52,42.67,77.73,0.31,62.19,0.26,16.11,0.67
2024-08-06,15:30,August,Monsoon,Flat,62,205.9,33.52,42.67,77.73,0.31,62.19,0.26,16.11,0.67
2024-08-06,15:45,August,Monsoon,Flat,62,205.9,33.52,42.67,77.73,0.31,62.19,0.26,16.11,0.67
2024-08-06,16:00,August,Monsoon,Flat,62,109.5,32.54,39.28,78.81,0.16,63.05,0.14,8.66,0.67
2024-08-06,16:15,August,Monsoon,Flat,62,109.5,32.54,39.28,78.81,0.16,63.05,0.14,8.66,0.67
2024-08-06,16:30,August,Monsoon,Flat,62,109.5,32.54,39.28,78.81,0.16,63.05,0.14,8.66,0.67
2024-08-06,16:45,August,Monsoon,Flat,62,109.5,32.54,39.28,78.81,0.16,63.05,0.14,8.66,0.67
2024-08-06,17:00,August,Monsoon,Flat,62,35.22,31.39,36.27,79.76,0.05,63.81,0.04,2.81,0.67
2024-08-06,17:15,August,Monsoon,Flat,62,35.22,31.39,36.27,79.76,0.05,63.81,0.04,2.81,0.67
2024-08-06,17:30,August,Monsoon,Flat,62,35.22,31.39,36.27,79.76,0.05,63.81,0.04,2.81,0.67
2024-08-06,17:45,August,Monsoon,Flat,62,35.22,31.39,36.27,79.76,0.05,63.81,0.04,2.81,0.67
2024-08-07,06:00,August,Monsoon,Flat,62,78.95,26.0,31.97,81.12,0.12,64.9,0.1,6.38,0.67
2024-08-07,06:15,August,Monsoon,Flat,62,78.95,26.0,31.97,81.12,0.12,64.9,0.1,6.38,0.67
2024-08-07,06:30,August,Monsoon,Flat,62,78.95,26.0,31.97,81.12,0.12,64.9,0.1,6.38,0.67
2024-08-07,06:45,August,Monsoon,Flat,62,78.95,26.0,31.97,81.12,0.12,64.9,0.1,6.38,0.67
2024-08-07,07:00,August,Monsoon,Flat,62,215.6,27.29,36.68,79.63,0.32,63.7,0.27,17.18,0.67
2024-08-07,07:15,August,Monsoon,Flat,62,215.6,27.29,36.68,79.63,0.32,63.7,0.27,17.18,0.67
2024-08-07,07:30,August,Monsoon,Flat,62,215.6,27.29,36.68,79.63,0.32,63.7,0.27,17.18,0.67
2024-08-07,07:45,August,Monsoon,Flat,62,215.6,27.29,36.68,79.63,0.32,63.7,0.27,17.18,0.67
2024-08-07,08:00,August,Monsoon,Flat,62,352.4,28.58,41.39,78.14,0.53,62.51,0.44,27.68,0.67
2024-08-07,08:15,August,Monsoon,Flat,62,352.4,28.58,41.39,78.14,0.53,62.51,0.44,27.68,0.67
2024-08-07,08:30,August,Monsoon,Flat,62,352.4,28.58,41.39,78.14,0.53,62.51,0.44,27.68,0.67
2024-08-07,08:45,August,Monsoon,Flat,62,352.4,28.58,41.39,78.14,0.53,62.51,0.44,27.68,0.67
2024-08-07,09:00,August,Monsoon,Flat,62,526.67,29.57,46.74,76.45,0.79,61.16,0.67,40.68,0.67
2024-08-07,09:15,August,Monsoon,Flat,62,526.67,29.57,46.74,76.45,0.79,61.16,0.67,40.68,0.67
2024-08-07,09:30,August,Monsoon,Flat,62,526.67,29.57,46.74,76.45,0.79,61.16,0.67,40.68,0.67
2024-08-07,09:45,August,Monsoon,Flat,62,526.67,29.57,46.74,76.45,0.79,61.16,0.67,40.68,0.67
2024-08-07,10:00,August,Monsoon,Flat,62,633.3,30.39,50.22,75.34,0.96,60.27,0.8,48.38,0.67
2024-08-07,10:15,August,Monsoon,Flat,62,633.3,30.39,50.22,75.34,0.96,60.27,0.8,48.38,0.67
2024-08-07,10:30,August,Monsoon,Flat,62,633.3,30.39,50.22,75.34,0.96,60.27,0.8,48.38,0.67
2024-08-07,10:45,August,Monsoon,Flat,62,633.3,30.39,50.22,75.34,0.96,60.27,0.8,48.38,0.67
2024-08-07,11:00,August,Monsoon,Flat,62,764.0,31.16,54.26,74.06,1.16,59.25,0.97,57.59,0.67
2024-08-07,11:15,August,Monsoon,Flat,62,764.0,31.16,54.26,74.06,1.16,59.25,0.97,57.59,0.67
2024-08-07,11:30,August,Monsoon,Flat,62,764.0,31.16,54.26,74.06,1.16,59.25,0.97,57.59,0.67
2024-08-07,11:45,August,Monsoon,Flat,62,764.0,31.16,54.26,74.06,1.16,59.25,0.97,57.59,0.67
2024-08-07,12:00,August,Monsoon,Flat,62,749.17,31.83,54.56,73.97,1.14,59.17,0.95,56.42,0.67
2024-08-07,12:15,August,Monsoon,Flat,62,749.17,31.83,54.56,73.97,1.14,59.17,0.95,56.42,0.67
2024-08-07,12:30,August,Monsoon,Flat,62,749.17,31.83,54.56,73.97,1.14,59.17,0.95,56.42,0.67
2024-08-07,12:45,August,Monsoon,Flat,62,749.17,31.83,54.56,73.97,1.14,59.17,0.95,56.42,0.67
2024-08-07,13:00,August,Monsoon,Flat,62,607.97,32.07,51.27,75.01,0.92,60.01,0.77,46.28,0.67
2024-08-07,13:15,August,Monsoon,Flat,62,607.97,32.07,51.27,75.01,0.92,60.01,0.77,46.28,0.67
2024-08-07,13:30,August,Monsoon,Flat,62,607.97,32.07,51.27,75.01,0.92,60.01,0.77,46.28,0.67
2024-08-07,13:45,August,Monsoon,Flat,62,607.97,32.07,51.27,75.01,0.92,60.01,0.77,46.28,0.67
2024-08-07,14:00,August,Monsoon,Flat,62,404.3,31.8,45.91,76.71,0.61,61.37,0.51,31.31,0.67
2024-08-07,14:15,August,Monsoon,Flat,62,404.3,31.8,45.91,76.71,0.61,61.37,0.51,31.31,0.67
2024-08-07,14:30,August,Monsoon,Flat,62,404.3,31.8,45.91,76.71,0.61,61.37,0.51,31.31,0.67
2024-08-07,14:45,August,Monsoon,Flat,62,404.3,31.8,45.91,76.71,0.61,61.37,0.51,31.31,0.67
2024-08-07,15:00,August,Monsoon,Flat,62,136.93,31.26,38.68,79.0,0.2,63.2,0.17,10.84,0.67
2024-08-07,15:15,August,Monsoon,Flat,62,136.93,31.26,38.68,79.0,0.2,63.2,0.17,10.84,0.67
2024-08-07,15:30,August,Monsoon,Flat,62,136.93,31.26,38.68,79.0,0.2,63.2,0.17,10.84,0.67
2024-08-07,15:45,August,Monsoon,Flat,62,136.93,31.26,38.68,79.0,0.2,63.2,0.17,10.84,0.67
2024-08-07,16:00,August,Monsoon,Flat,62,94.65,30.43,36.8,79.59,0.14,63.67,0.12,7.54,0.67
2024-08-07,16:15,August,Monsoon,Flat,62,94.65,30.43,36.8,79.59,0.14,63.67,0.12,7.54,0.67
2024-08-07,16:30,August,Monsoon,Flat,62,94.65,30.43,36.8,79.59,0.14,63.67,0.12,7.54,0.67
2024-08-07,16:45,August,Monsoon,Flat,62,94.65,30.43,36.8,79.59,0.14,63.67,0.12,7.54,0.67
2024-08-07,17:00,August,Monsoon,Flat,62,25.0,29.19,33.81,80.54,0.04,64.43,0.03,2.01,0.67
2024-08-07,17:15,August,Monsoon,Flat,62,25.0,29.19,33.81,80.54,0.04,64.43,0.03,2.01,0.67
2024-08-07,17:30,August,Monsoon,Flat,62,25.0,29.19,33.81,80.54,0.04,64.43,0.03,2.01,0.67
2024-08-07,17:45,August,Monsoon,Flat,62,25.0,29.19,33.81,80.54,0.04,64.43,0.03,2.01,0.67
2024-08-08,06:00,August,Monsoon,Flat,62,83.07,25.58,31.66,81.22,0.12,64.98,0.1,6.72,0.67
2024-08-08,06:15,August,Monsoon,Flat,62,83.07,25.58,31.66,81.22,0.12,64.98,0.1,6.72,0.67
2024-08-08,06:30,August,Monsoon,Flat,62,83.07,25.58,31.66,81.22,0.12,64.98,0.1,6.72,0.67
2024-08-08,06:45,August,Monsoon,Flat,62,83.07,25.58,31.66,81.22,0.12,64.98,0.1,6.72,0.67
2024-08-08,07:00,August,Monsoon,Flat,62,234.38,26.93,36.79,79.59,0.35,63.68,0.29,18.67,0.67
2024-08-08,07:15,August,Monsoon,Flat,62,234.38,26.93,36.79,79.59,0.35,63.68,0.29,18.67,0.67
2024-08-08,07:30,August,Monsoon,Flat,62,234.38,26.93,36.79,79.59,0.35,63.68,0.29,18.67,0.67
2024-08-08,07:45,August,Monsoon,Flat,62,234.38,26.93,36.79,79.59,0.35,63.68,0.29,18.67,0.67
2024-08-08,08:00,August,Monsoon,Flat,62,434.4,28.94,43.8,77.38,0.65,61.9,0.55,33.86,0.67
2024-08-08,08:15,August,Monsoon,Flat,62,434.4,28.94,43.8,77.38,0.65,61.9,0.55,33.86,0.67
2024-08-08,08:30,August,Monsoon,Flat,62,434.4,28.94,43.8,77.38,0.65,61.9,0.55,33.86,0.67
2024-08-08,08:45,August,Monsoon,Flat,62,434.4,28.94,43.8,77.38,0.65,61.9,0.55,33.86,0.67
2024-08-08,09:00,August,Monsoon,Flat,62,464.8,30.67,46.29,76.59,0.7,61.27,0.59,35.95,0.67
2024-08-08,09:15,August,Monsoon,Flat,62,464.8,30.67,46.29,76.59,0.7,61.27,0.59,35.95,0.67
2024-08-08,09:30,August,Monsoon,Flat,62,464.8,30.67,46.29,76.59,0.7,61.27,0.59,35.95,0.67
2024-08-08,09:45,August,Monsoon,Flat,62,464.8,30.67,46.29,76.59,0.7,61.27,0.59,35.95,0.67
2024-08-08,10:00,August,Monsoon,Flat,62,523.25,31.83,48.91,75.76,0.79,60.61,0.66,40.14,0.67
2024-08-08,10:15,August,Monsoon,Flat,62,523.25,31.83,48.91,75.76,0.79,60.61,0.66,40.14,0.67
2024-08-08,10:30,August,Monsoon,Flat,62,523.25,31.83,48.91,75.76,0.79,60.61,0.66,40.14,0.67
2024-08-08,10:45,August,Monsoon,Flat,62,523.25,31.83,48.91,75.76,0.79,60.61,0.66,40.14,0.67
2024-08-08,11:00,August,Monsoon,Flat,62,693.35,32.27,53.6,74.27,1.05,59.42,0.88,52.38,0.67
2024-08-08,11:15,August,Monsoon,Flat,62,693.35,32.27,53.6,74.27,1.05,59.42,0.88,52.38,0.67
2024-08-08,11:30,August,Monsoon,Flat,62,693.35,32.27,53.6,74.27,1.05,59.42,0.88,52.38,0.67
2024-08-08,11:45,August,Monsoon,Flat,62,693.35,32.27,53.6,74.27,1.05,59.42,0.88,52.38,0.67
2024-08-08,12:00,August,Monsoon,Flat,62,668.08,32.14,52.84,74.51,1.01,59.61,0.85,50.6,0.67
2024-08-08,12:15,August,Monsoon,Flat,62,668.08,32.14,52.84,74.51,1.01,59.61,0.85,50.6,0.67
2024-08-08,12:30,August,Monsoon,Flat,62,668.08,32.14,52.84,74.51,1.01,59.61,0.85,50.6,0.67
2024-08-08,12:45,August,Monsoon,Flat,62,668.08,32.14,52.84,74.51,1.01,59.61,0.85,50.6,0.67
2024-08-08,13:00,August,Monsoon,Flat,62,579.05,31.61,50.09,75.38,0.88,60.31,0.73,44.25,0.67
2024-08-08,13:15,August,Monsoon,Flat,62,579.05,31.61,50.09,75.38,0.88,60.31,0.73,44.25,0.67
2024-08-08,13:30,August,Monsoon,Flat,62,579.05,31.61,50.09,75.38,0.88,60.31,0.73,44.25,0.67
2024-08-08,13:45,August,Monsoon,Flat,62,579.05,31.61,50.09,75.38,0.88,60.31,0.73,44.25,0.67
2024-08-08,14:00,August,Monsoon,Flat,62,454.35,31.0,46.36,76.56,0.68,61.25,0.57,35.14,0.67
2024-08-08,14:15,August,Monsoon,Flat,62,454.35,31.0,46.36,76.56,0.68,61.25,0.57,35.14,0.67
2024-08-08,14:30,August,Monsoon,Flat,62,454.35,31.0,46.36,76.56,0.68,61.25,0.57,35.14,0.67
2024-08-08,14:45,August,Monsoon,Flat,62,454.35,31.0,46.36,76.56,0.68,61.25,0.57,35.14,0.67
2024-08-08,15:00,August,Monsoon,Flat,62,240.88,30.38,40.4,78.45,0.36,62.76,0.3,18.98,0.67
2024-08-08,15:15,August,Monsoon,Flat,62,240.88,30.38,40.4,78.45,0.36,62.76,0.3,18.98,0.67
2024-08-08,15:30,August,Monsoon,Flat,62,240.88,30.38,40.4,78.45,0.36,62.76,0.3,18.98,0.67
2024-08-08,15:45,August,Monsoon,Flat,62,240.88,30.38,40.4,78.45,0.36,62.76,0.3,18.98,0.67
2024-08-08,16:00,August,Monsoon,Flat,62,108.53,29.64,36.35,79.73,0.16,63.79,0.14,8.65,0.67
2024-08-08,16:15,August,Monsoon,Flat,62,108.53,29.64,36.35,79.73,0.16,63.79,0.14,8.65,0.67
2024-08-08,16:30,August,Monsoon,Flat,62,108.53,29.64,36.35,79.73,0.16,63.79,0.14,8.65,0.67
2024-08-08,16:45,August,Monsoon,Flat,62,108.53,29.64,36.35,79.73,0.16,63.79,0.14,8.65,0.67
2024-08-08,17:00,August,Monsoon,Flat,62,19.88,28.38,32.88,80.83,0.03,64.67,0.02,1.6,0.67
2024-08-08,17:15,August,Monsoon,Flat,62,19.88,28.38,32.88,80.83,0.03,64.67,0.02,1.6,0.67
2024-08-08,17:30,August,Monsoon,Flat,62,19.88,28.38,32.88,80.83,0.03,64.67,0.02,1.6,0.67
2024-08-08,17:45,August,Monsoon,Flat,62,19.88,28.38,32.88,80.83,0.03,64.67,0.02,1.6,0.67
2024-08-09,06:00,August,Monsoon,Flat,62,103.35,24.88,31.46,81.28,0.15,65.03,0.13,8.36,0.67
2024-08-09,06:15,August,Monsoon,Flat,62,103.35,24.88,31.46,81.28,0.15,65.03,0.13,8.36,0.67
2024-08-09,06:30,August,Monsoon,Flat,62,103.35,24.88,31.46,81.28,0.15,65.03,0.13,8.36,0.67
2024-08-09,06:45,August,Monsoon,Flat,62,103.35,24.88,31.46,81.28,0.15,65.03,0.13,8.36,0.67
2024-08-09,07:00,August,Monsoon,Flat,62,317.58,27.13,39.07,78.87,0.48,63.1,0.4,25.12,0.67
2024-08-09,07:15,August,Monsoon,Flat,62,317.58,27.13,39.07,78.87,0.48,63.1,0.4,25.12,0.67
2024-08-09,07:30,August,Monsoon,Flat,62,317.58,27.13,39.07,78.87,0.48,63.1,0.4,25.12,0.67
2024-08-09,07:45,August,Monsoon,Flat,62,317.58,27.13,39.07,78.87,0.48,63.1,0.4,25.12,0.67
2024-08-09,08:00,August,Monsoon,Flat,62,547.3,29.92,47.6,76.17,0.83,60.94,0.69,42.16,0.67
2024-08-09,08:15,August,Monsoon,Flat,62,547.3,29.92,47.6,76.17,0.83,60.94,0.69,42.16,0.67
2024-08-09,08:30,August,Monsoon,Flat,62,547.3,29.92,47.6,76.17,0.83,60.94,0.69,42.16,0.67
2024-08-09,08:45,August,Monsoon,Flat,62,547.3,29.92,47.6,76.17,0.83,60.94,0.69,42.16,0.67
2024-08-09,09:00,August,Monsoon,Flat,62,739.0,32.03,54.51,73.99,1.12,59.19,0.94,55.66,0.67
2024-08-09,09:15,August,Monsoon,Flat,62,739.0,32.03,54.51,73.99,1.12,59.19,0.94,55.66,0.67
2024-08-09,09:30,August,Monsoon,Flat,62,739.0,32.03,54.51,73.99,1.12,59.19,0.94,55.66,0.67
2024-08-09,09:45,August,Monsoon,Flat,62,739.0,32.03,54.51,73.99,1.12,59.19,0.94,55.66,0.67
2024-08-09,10:00,August,Monsoon,Flat,62,792.9,33.42,57.24,73.12,1.21,58.49,1.01,59.18,0.67
2024-08-09,10:15,August,Monsoon,Flat,62,792.9,33.42,57.24,73.12,1.21,58.49,1.01,59.18,0.67
2024-08-09,10:30,August,Monsoon,Flat,62,792.9,33.42,57.24,73.12,1.21,58.49,1.01,59.18,0.67
2024-08-09,10:45,August,Monsoon,Flat,62,792.9,33.42,57.24,73.12,1.21,58.49,1.01,59.18,0.67
2024-08-09,11:00,August,Monsoon,Flat,62,833.75,34.52,59.36,72.45,1.27,57.96,1.07,61.79,0.67
2024-08-09,11:15,August,Monsoon,Flat,62,833.75,34.52,59.36,72.45,1.27,57.96,1.07,61.79,0.67
2024-08-09,11:30,August,Monsoon,Flat,62,833.75,34.52,59.36,72.45,1.27,57.96,1.07,61.79,0.67
2024-08-09,11:45,August,Monsoon,Flat,62,833.75,34.52,59.36,72.45,1.27,57.96,1.07,61.79,0.67
2024-08-09,12:00,August,Monsoon,Flat,62,723.22,35.08,57.16,73.14,1.1,58.52,0.92,54.0,0.67
2024-08-09,12:15,August,Monsoon,Flat,62,723.22,35.08,57.16,73.14,1.1,58.52,0.92,54.0,0.67
2024-08-09,12:30,August,Monsoon,Flat,62,723.22,35.08,57.16,73.14,1.1,58.52,0.92,54.0,0.67
2024-08-09,12:45,August,Monsoon,Flat,62,723.22,35.08,57.16,73.14,1.1,58.52,0.92,54.0,0.67
2024-08-09,13:00,August,Monsoon,Flat,62,631.7,35.09,54.88,73.87,0.96,59.09,0.8,47.52,0.67
2024-08-09,13:15,August,Monsoon,Flat,62,631.7,35.09,54.88,73.87,0.96,59.09,0.8,47.52,0.67
2024-08-09,13:30,August,Monsoon,Flat,62,631.7,35.09,54.88,73.87,0.96,59.09,0.8,47.52,0.67
2024-08-09,13:45,August,Monsoon,Flat,62,631.7,35.09,54.88,73.87,0.96,59.09,0.8,47.52,0.67
2024-08-09,14:00,August,Monsoon,Flat,62,438.92,34.71,49.68,75.51,0.66,60.41,0.56,33.59,0.67
2024-08-09,14:15,August,Monsoon,Flat,62,438.92,34.71,49.68,75.51,0.66,60.41,0.56,33.59,0.67
2024-08-09,14:30,August,Monsoon,Flat,62,438.92,34.71,49.68,75.51,0.66,60.41,0.56,33.59,0.67
2024-08-09,14:45,August,Monsoon,Flat,62,438.92,34.71,49.68,75.51,0.66,60.41,0.56,33.59,0.67
2024-08-09,15:00,August,Monsoon,Flat,62,255.38,33.99,44.37,77.19,0.38,61.75,0.32,19.87,0.67
2024-08-09,15:15,August,Monsoon,Flat,62,255.38,33.99,44.37,77.19,0.38,61.75,0.32,19.87,0.67
2024-08-09,15:30,August,Monsoon,Flat,62,255.38,33.99,44.37,77.19,0.38,61.75,0.32,19.87,0.67
2024-08-09,15:45,August,Monsoon,Flat,62,255.38,33.99,44.37,77.19,0.38,61.75,0.32,19.87,0.67
2024-08-09,16:00,August,Monsoon,Flat,62,148.5,33.07,40.78,78.33,0.22,62.66,0.19,11.68,0.67
2024-08-09,16:15,August,Monsoon,Flat,62,148.5,33.07,40.78,78.33,0.22,62.66,0.19,11.68,0.67
2024-08-09,16:30,August,Monsoon,Flat,62,148.5,33.07,40.78,78.33,0.22,62.66,0.19,11.68,0.67
2024-08-09,16:45,August,Monsoon,Flat,62,148.5,33.07,40.78,78.33,0.22,62.66,0.19,11.68,0.67
2024-08-09,17:00,August,Monsoon,Flat,62,39.92,31.75,36.75,79.61,0.06,63.69,0.05,3.18,0.67
2024-08-09,17:15,August,Monsoon,Flat,62,39.92,31.75,36.75,79.61,0.06,63.69,0.05,3.18,0.67
2024-08-09,17:30,August,Monsoon,Flat,62,39.92,31.75,36.75,79.61,0.06,63.69,0.05,3.18,0.67
2024-08-09,17:45,August,Monsoon,Flat,62,39.92,31.75,36.75,79.61,0.06,63.69,0.05,3.18,0.67
2024-08-10,06:00,August,Monsoon,Flat,62,76.7,25.77,31.69,81.21,0.11,64.97,0.1,6.2,0.67
2024-08-10,06:15,August,Monsoon,Flat,62,76.7,25.77,31.69,81.21,0.11,64.97,0.1,6.2,0.67
2024-08-10,06:30,August,Monsoon,Flat,62,76.7,25.77,31.69,81.21,0.11,64.97,0.1,6.2,0.67
2024-08-10,06:45,August,Monsoon,Flat,62,76.7,25.77,31.69,81.21,0.11,64.97,0.1,6.2,0.67
2024-08-10,07:00,August,Monsoon,Flat,62,213.73,27.16,36.5,79.69,0.32,63.75,0.27,17.04,0.67
2024-08-10,07:15,August,Monsoon,Flat,62,213.73,27.16,36.5,79.69,0.32,63.75,0.27,17.04,0.67
2024-08-10,07:30,August,Monsoon,Flat,62,213.73,27.16,36.5,79.69,0.32,63.75,0.27,17.04,0.67
2024-08-10,07:45,August,Monsoon,Flat,62,213.73,27.16,36.5,79.69,0.32,63.75,0.27,17.04,0.67
2024-08-10,08:00,August,Monsoon,Flat,62,377.45,28.77,42.21,77.88,0.57,62.3,0.47,29.57,0.67
2024-08-10,08:15,August,Monsoon,Flat,62,377.45,28.77,42.21,77.88,0.57,62.3,0.47,29.57,0.67
2024-08-10,08:30,August,Monsoon,Flat,62,377.45,28.77,42.21,77.88,0.57,62.3,0.47,29.57,0.67
2024-08-10,08:45,August,Monsoon,Flat,62,377.45,28.77,42.21,77.88,0.57,62.3,0.47,29.57,0.67
2024-08-10,09:00,August,Monsoon,Flat,62,497.5,30.12,46.56,76.5,0.75,61.2,0.63,38.45,0.67
2024-08-10,09:15,August,Monsoon,Flat,62,497.5,30.12,46.56,76.5,0.75,61.2,0.63,38.45,0.67
2024-08-10,09:30,August,Monsoon,Flat,62,497.5,30.12,46.56,76.5,0.75,61.2,0.63,38.45,0.67
2024-08-10,09:45,August,Monsoon,Flat,62,497.5,30.12,46.56,76.5,0.75,61.2,0.63,38.45,0.67
2024-08-10,10:00,August,Monsoon,Flat,62,630.1,31.32,51.07,75.07,0.95,60.06,0.8,48.0,0.67
2024-08-10,10:15,August,Monsoon,Flat,62,630.1,31.32,51.07,75.07,0.95,60.06,0.8,48.0,0.67
2024-08-10,10:30,August,Monsoon,Flat,62,630.1,31.32,51.07,75.07,0.95,60.06,0.8,48.0,0.67
2024-08-10,10:45,August,Monsoon,Flat,62,630.1,31.32,51.07,75.07,0.95,60.06,0.8,48.0,0.67
2024-08-10,11:00,August,Monsoon,Flat,62,649.08,32.42,52.65,74.57,0.98,59.66,0.82,49.19,0.67
2024-08-10,11:15,August,Monsoon,Flat,62,649.08,32.42,52.65,74.57,0.98,59.66,0.82,49.19,0.67
2024-08-10,11:30,August,Monsoon,Flat,62,649.08,32.42,52.65,74.57,0.98,59.66,0.82,49.19,0.67
2024-08-10,11:45,August,Monsoon,Flat,62,649.08,32.42,52.65,74.57,0.98,59.66,0.82,49.19,0.67
2024-08-10,12:00,August,Monsoon,Flat,62,619.53,33.18,52.67,74.57,0.94,59.65,0.79,46.95,0.67
2024-08-10,12:15,August,Monsoon,Flat,62,619.53,33.18,52.67,74.57,0.94,59.65,0.79,46.95,0.67
2024-08-10,12:30,August,Monsoon,Flat,62,619.53,33.18,52.67,74.57,0.94,59.65,0.79,46.95,0.67
2024-08-10,12:45,August,Monsoon,Flat,62,619.53,33.18,52.67,74.57,0.94,59.65,0.79,46.95,0.67
2024-08-10,13:00,August,Monsoon,Flat,62,560.6,33.52,51.54,74.93,0.85,59.94,0.71,42.64,0.67
2024-08-10,13:15,August,Monsoon,Flat,62,560.6,33.52,51.54,74.93,0.85,59.94,0.71,42.64,0.67
2024-08-10,13:30,August,Monsoon,Flat,62,560.6,33.52,51.54,74.93,0.85,59.94,0.71,42.64,0.67
2024-08-10,13:45,August,Monsoon,Flat,62,560.6,33.52,51.54,74.93,0.85,59.94,0.71,42.64,0.67
2024-08-10,14:00,August,Monsoon,Flat,62,346.5,33.34,46.0,76.68,0.52,61.34,0.44,26.83,0.67
2024-08-10,14:15,August,Monsoon,Flat,62,346.5,33.34,46.0,76.68,0.52,61.34,0.44,26.83,0.67
2024-08-10,14:30,August,Monsoon,Flat,62,346.5,33.34,46.0,76.68,0.52,61.34,0.44,26.83,0.67
2024-08-10,14:45,August,Monsoon,Flat,62,346.5,33.34,46.0,76.68,0.52,61.34,0.44,26.83,0.67
2024-08-10,15:00,August,Monsoon,Flat,62,190.02,32.71,41.46,78.12,0.29,62.49,0.24,14.92,0.67
2024-08-10,15:15,August,Monsoon,Flat,62,190.02,32.71,41.46,78.12,0.29,62.49,0.24,14.92,0.67
2024-08-10,15:30,August,Monsoon,Flat,62,190.02,32.71,41.46,78.12,0.29,62.49,0.24,14.92,0.67
2024-08-10,15:45,August,Monsoon,Flat,62,190.02,32.71,41.46,78.12,0.29,62.49,0.24,14.92,0.67
2024-08-10,16:00,August,Monsoon,Flat,62,111.8,31.73,38.52,79.05,0.17,63.24,0.14,8.86,0.67
2024-08-10,16:15,August,Monsoon,Flat,62,111.8,31.73,38.52,79.05,0.17,63.24,0.14,8.86,0.67
2024-08-10,16:30,August,Monsoon,Flat,62,111.8,31.73,38.52,79.05,0.17,63.24,0.14,8.86,0.67
2024-08-10,16:45,August,Monsoon,Flat,62,111.8,31.73,38.52,79.05,0.17,63.24,0.14,8.86,0.67
2024-08-10,17:00,August,Monsoon,Flat,62,35.47,30.35,35.24,80.09,0.05,64.07,0.04,2.84,0.67
2024-08-10,17:15,August,Monsoon,Flat,62,35.47,30.35,35.24,80.09,0.05,64.07,0.04,2.84,0.67
2024-08-10,17:30,August,Monsoon,Flat,62,35.47,30.35,35.24,80.09,0.05,64.07,0.04,2.84,0.67
2024-08-10,17:45,August,Monsoon,Flat,62,35.47,30.35,35.24,80.09,0.05,64.07,0.04,2.84,0.67
2024-08-11,06:00,August,Monsoon,Flat,62,92.8,26.28,32.6,80.92,0.14,64.74,0.12,7.48,0.67
2024-08-11,06:15,August,Monsoon,Flat,62,92.8,26.28,32.6,80.92,0.14,64.74,0.12,7.48,0.67
2024-08-11,06:30,August,Monsoon,Flat,62,92.8,26.28,32.6,80.92,0.14,64.74,0.12,7.48,0.67
2024-08-11,06:45,August,Monsoon,Flat,62,92.8,26.28,32.6,80.92,0.14,64.74,0.12,7.48,0.67
2024-08-11,07:00,August,Monsoon,Flat,62,260.25,27.33,37.84,79.26,0.39,63.41,0.33,20.66,0.67
2024-08-11,07:15,August,Monsoon,Flat,62,260.25,27.33,37.84,79.26,0.39,63.41,0.33,20.66,0.67
2024-08-11,07:30,August,Monsoon,Flat,62,260.25,27.33,37.84,79.26,0.39,63.41,0.33,20.66,0.67
2024-08-11,07:45,August,Monsoon,Flat,62,260.25,27.33,37.84,79.26,0.39,63.41,0.33,20.66,0.67
2024-08-11,08:00,August,Monsoon,Flat,62,446.52,29.2,44.36,77.2,0.67,61.76,0.56,34.75,0.67
2024-08-11,08:15,August,Monsoon,Flat,62,446.52,29.2,44.36,77.2,0.67,61.76,0.56,34.75,0.67
2024-08-11,08:30,August,Monsoon,Flat,62,446.52,29.2,44.36,77.2,0.67,61.76,0.56,34.75,0.67
2024-08-11,08:45,August,Monsoon,Flat,62,446.52,29.2,44.36,77.2,0.67,61.76,0.56,34.75,0.67
2024-08-11,09:00,August,Monsoon,Flat,62,611.25,31.03,50.31,75.31,0.93,60.25,0.77,46.68,0.67
2024-08-11,09:15,August,Monsoon,Flat,62,611.25,31.03,50.31,75.31,0.93,60.25,0.77,46.68,0.67
2024-08-11,09:30,August,Monsoon,Flat,62,611.25,31.03,50.31,75.31,0.93,60.25,0.77,46.68,0.67
2024-08-11,09:45,August,Monsoon,Flat,62,611.25,31.03,50.31,75.31,0.93,60.25,0.77,46.68,0.67
2024-08-11,10:00,August,Monsoon,Flat,62,660.45,32.19,52.7,74.56,1.0,59.65,0.84,50.04,0.67
2024-08-11,10:15,August,Monsoon,Flat,62,660.45,32.19,52.7,74.56,1.0,59.65,0.84,50.04,0.67
2024-08-11,10:30,August,Monsoon,Flat,62,660.45,32.19,52.7,74.56,1.0,59.65,0.84,50.04,0.67
2024-08-11,10:45,August,Monsoon,Flat,62,660.45,32.19,52.7,74.56,1.0,59.65,0.84,50.04,0.67
2024-08-11,11:00,August,Monsoon,Flat,62,775.78,32.94,56.33,73.41,1.18,58.72,0.99,58.08,0.67
2024-08-11,11:15,August,Monsoon,Flat,62,775.78,32.94,56.33,73.41,1.18,58.72,0.99,58.08,0.67
2024-08-11,11:30,August,Monsoon,Flat,62,775.78,32.94,56.33,73.41,1.18,58.72,0.99,58.08,0.67
2024-08-11,11:45,August,Monsoon,Flat,62,775.78,32.94,56.33,73.41,1.18,58.72,0.99,58.08,0.67
2024-08-11,12:00,August,Monsoon,Flat,62,673.25,33.2,54.03,74.14,1.02,59.31,0.86,50.79,0.67
2024-08-11,12:15,August,Monsoon,Flat,62,673.25,33.2,54.03,74.14,1.02,59.31,0.86,50.79,0.67
2024-08-11,12:30,August,Monsoon,Flat,62,673.25,33.2,54.03,74.14,1.02,59.31,0.86,50.79,0.67
2024-08-11,12:45,August,Monsoon,Flat,62,673.25,33.2,54.03,74.14,1.02,59.31,0.86,50.79,0.67
2024-08-11,13:00,August,Monsoon,Flat,62,486.8,33.14,49.31,75.63,0.74,60.5,0.62,37.29,0.67
2024-08-11,13:15,August,Monsoon,Flat,62,486.8,33.14,49.31,75.63,0.74,60.5,0.62,37.29,0.67
2024-08-11,13:30,August,Monsoon,Flat,62,486.8,33.14,49.31,75.63,0.74,60.5,0.62,37.29,0.67
2024-08-11,13:45,August,Monsoon,Flat,62,486.8,33.14,49.31,75.63,0.74,60.5,0.62,37.29,0.67
2024-08-11,14:00,August,Monsoon,Flat,62,381.9,32.9,46.45,76.54,0.58,61.23,0.48,29.53,0.67
2024-08-11,14:15,August,Monsoon,Flat,62,381.9,32.9,46.45,76.54,0.58,61.23,0.48,29.53,0.67
2024-08-11,14:30,August,Monsoon,Flat,62,381.9,32.9,46.45,76.54,0.58,61.23,0.48,29.53,0.67
2024-08-11,14:45,August,Monsoon,Flat,62,381.9,32.9,46.45,76.54,0.58,61.23,0.48,29.53,0.67
2024-08-11,15:00,August,Monsoon,Flat,62,214.77,32.43,41.8,78.01,0.32,62.41,0.27,16.85,0.67
2024-08-11,15:15,August,Monsoon,Flat,62,214.77,32.43,41.8,78.01,0.32,62.41,0.27,16.85,0.67
2024-08-11,15:30,August,Monsoon,Flat,62,214.77,32.43,41.8,78.01,0.32,62.41,0.27,16.85,0.67
2024-08-11,15:45,August,Monsoon,Flat,62,214.77,32.43,41.8,78.01,0.32,62.41,0.27,16.85,0.67
2024-08-11,16:00,August,Monsoon,Flat,62,123.05,31.79,38.87,78.94,0.18,63.15,0.15,9.74,0.67
2024-08-11,16:15,August,Monsoon,Flat,62,123.05,31.79,38.87,78.94,0.18,63.15,0.15,9.74,0.67
2024-08-11,16:30,August,Monsoon,Flat,62,123.05,31.79,38.87,78.94,0.18,63.15,0.15,9.74,0.67
2024-08-11,16:45,August,Monsoon,Flat,62,123.05,31.79,38.87,78.94,0.18,63.15,0.15,9.74,0.67
2024-08-11,17:00,August,Monsoon,Flat,62,31.52,30.85,35.64,79.96,0.05,63.97,0.04,2.52,0.67
2024-08-11,17:15,August,Monsoon,Flat,62,31.52,30.85,35.64,79.96,0.05,63.97,0.04,2.52,0.67
2024-08-11,17:30,August,Monsoon,Flat,62,31.52,30.85,35.64,79.96,0.05,63.97,0.04,2.52,0.67
2024-08-11,17:45,August,Monsoon,Flat,62,31.52,30.85,35.64,79.96,0.05,63.97,0.04,2.52,0.67
2024-08-12,06:00,August,Monsoon,Flat,62,99.97,26.86,33.36,80.68,0.15,64.54,0.12,8.04,0.67
2024-08-12,06:15,August,Monsoon,Flat,62,99.97,26.86,33.36,80.68,0.15,64.54,0.12,8.04,0.67
2024-08-12,06:30,August,Monsoon,Flat,62,99.97,26.86,33.36,80.68,0.15,64.54,0.12,8.04,0.67
2024-08-12,06:45,August,Monsoon,Flat,62,99.97,26.86,33.36,80.68,0.15,64.54,0.12,8.04,0.67
2024-08-12,07:00,August,Monsoon,Flat,62,308.62,28.08,39.8,78.64,0.46,62.91,0.39,24.36,0.67
2024-08-12,07:15,August,Monsoon,Flat,62,308.62,28.08,39.8,78.64,0.46,62.91,0.39,24.36,0.67
2024-08-12,07:30,August,Monsoon,Flat,62,308.62,28.08,39.8,78.64,0.46,62.91,0.39,24.36,0.67
2024-08-12,07:45,August,Monsoon,Flat,62,308.62,28.08,39.8,78.64,0.46,62.91,0.39,24.36,0.67
2024-08-12,08:00,August,Monsoon,Flat,62,540.95,29.78,47.3,76.27,0.82,61.01,0.68,41.71,0.67
2024-08-12,08:15,August,Monsoon,Flat,62,540.95,29.78,47.3,76.27,0.82,61.01,0.68,41.71,0.67
2024-08-12,08:30,August,Monsoon,Flat,62,540.95,29.78,47.3,76.27,0.82,61.01,0.68,41.71,0.67
2024-08-12,08:45,August,Monsoon,Flat,62,540.95,29.78,47.3,76.27,0.82,61.01,0.68,41.71,0.67
2024-08-12,09:00,August,Monsoon,Flat,62,722.25,31.44,53.5,74.3,1.1,59.44,0.92,54.58,0.67
2024-08-12,09:15,August,Monsoon,Flat,62,722.25,31.44,53.5,74.3,1.1,59.44,0.92,54.58,0.67
2024-08-12,09:30,August,Monsoon,Flat,62,722.25,31.44,53.5,74.3,1.1,59.44,0.92,54.58,0.67
2024-08-12,09:45,August,Monsoon,Flat,62,722.25,31.44,53.5,74.3,1.1,59.44,0.92,54.58,0.67
2024-08-12,10:00,August,Monsoon,Flat,62,860.0,32.68,58.18,72.82,1.31,58.26,1.1,63.99,0.67
2024-08-12,10:15,August,Monsoon,Flat,62,860.0,32.68,58.18,72.82,1.31,58.26,1.1,63.99,0.67
2024-08-12,10:30,August,Monsoon,Flat,62,860.0,32.68,58.18,72.82,1.31,58.26,1.1,63.99,0.67
2024-08-12,10:45,August,Monsoon,Flat,62,860.0,32.68,58.18,72.82,1.31,58.26,1.1,63.99,0.67
2024-08-12,11:00,August,Monsoon,Flat,62,844.78,33.46,58.58,72.7,1.29,58.16,1.08,62.77,0.67
2024-08-12,11:15,August,Monsoon,Flat,62,844.78,33.46,58.58,72.7,1.29,58.16,1.08,62.77,0.67
2024-08-12,11:30,August,Monsoon,Flat,62,844.78,33.46,58.58,72.7,1.29,58.16,1.08,62.77,0.67
2024-08-12,11:45,August,Monsoon,Flat,62,844.78,33.46,58.58,72.7,1.29,58.16,1.08,62.77,0.67
2024-08-12,12:00,August,Monsoon,Flat,62,818.45,34.06,58.52,72.71,1.25,58.17,1.05,60.83,0.67
2024-08-12,12:15,August,Monsoon,Flat,62,818.45,34.06,58.52,72.71,1.25,58.17,1.05,60.83,0.67
2024-08-12,12:30,August,Monsoon,Flat,62,818.45,34.06,58.52,72.71,1.25,58.17,1.05,60.83,0.67
2024-08-12,12:45,August,Monsoon,Flat,62,818.45,34.06,58.52,72.71,1.25,58.17,1.05,60.83,0.67
2024-08-12,13:00,August,Monsoon,Flat,62,693.9,34.69,56.04,73.5,1.06,58.8,0.88,52.0,0.67
2024-08-12,13:15,August,Monsoon,Flat,62,693.9,34.69,56.04,73.5,1.06,58.8,0.88,52.0,0.67
2024-08-12,13:30,August,Monsoon,Flat,62,693.9,34.69,56.04,73.5,1.06,58.8,0.88,52.0,0.67
2024-08-12,13:45,August,Monsoon,Flat,62,693.9,34.69,56.04,73.5,1.06,58.8,0.88,52.0,0.67
2024-08-12,14:00,August,Monsoon,Flat,62,611.62,35.02,54.31,74.05,0.93,59.24,0.78,46.1,0.67
2024-08-12,14:15,August,Monsoon,Flat,62,611.62,35.02,54.31,74.05,0.93,59.24,0.78,46.1,0.67
2024-08-12,14:30,August,Monsoon,Flat,62,611.62,35.02,54.31,74.05,0.93,59.24,0.78,46.1,0.67
2024-08-12,14:45,August,Monsoon,Flat,62,611.62,35.02,54.31,74.05,0.93,59.24,0.78,46.1,0.67
2024-08-12,15:00,August,Monsoon,Flat,62,374.73,34.72,48.09,76.02,0.57,60.81,0.47,28.82,0.67
2024-08-12,15:15,August,Monsoon,Flat,62,374.73,34.72,48.09,76.02,0.57,60.81,0.47,28.82,0.67
2024-08-12,15:30,August,Monsoon,Flat,62,374.73,34.72,48.09,76.02,0.57,60.81,0.47,28.82,0.67
2024-08-12,15:45,August,Monsoon,Flat,62,374.73,34.72,48.09,76.02,0.57,60.81,0.47,28.82,0.67
2024-08-12,16:00,August,Monsoon,Flat,62,189.25,33.97,42.7,77.72,0.28,62.18,0.24,14.8,0.67
2024-08-12,16:15,August,Monsoon,Flat,62,189.25,33.97,42.7,77.72,0.28,62.18,0.24,14.8,0.67
2024-08-12,16:30,August,Monsoon,Flat,62,189.25,33.97,42.7,77.72,0.28,62.18,0.24,14.8,0.67
2024-08-12,16:45,August,Monsoon,Flat,62,189.25,33.97,42.7,77.72,0.28,62.18,0.24,14.8,0.67
2024-08-12,17:00,August,Monsoon,Flat,62,42.45,32.7,37.76,79.29,0.06,63.43,0.05,3.37,0.67
2024-08-12,17:15,August,Monsoon,Flat,62,42.45,32.7,37.76,79.29,0.06,63.43,0.05,3.37,0.67
2024-08-12,17:30,August,Monsoon,Flat,62,42.45,32.7,37.76,79.29,0.06,63.43,0.05,3.37,0.67
2024-08-12,17:45,August,Monsoon,Flat,62,42.45,32.7,37.76,79.29,0.06,63.43,0.05,3.37,0.67
2024-08-13,06:00,August,Monsoon,Flat,62,89.03,27.33,33.56,80.62,0.13,64.5,0.11,7.16,0.67
2024-08-13,06:15,August,Monsoon,Flat,62,89.03,27.33,33.56,80.62,0.13,64.5,0.11,7.16,0.67
2024-08-13,06:30,August,Monsoon,Flat,62,89.03,27.33,33.56,80.62,0.13,64.5,0.11,7.16,0.67
2024-08-13,06:45,August,Monsoon,Flat,62,89.03,27.33,33.56,80.62,0.13,64.5,0.11,7.16,0.67
2024-08-13,07:00,August,Monsoon,Flat,62,261.17,28.88,39.41,78.77,0.39,63.01,0.33,20.64,0.67
2024-08-13,07:15,August,Monsoon,Flat,62,261.17,28.88,39.41,78.77,0.39,63.01,0.33,20.64,0.67
2024-08-13,07:30,August,Monsoon,Flat,62,261.17,28.88,39.41,78.77,0.39,63.01,0.33,20.64,0.67
2024-08-13,07:45,August,Monsoon,Flat,62,261.17,28.88,39.41,78.77,0.39,63.01,0.33,20.64,0.67
2024-08-13,08:00,August,Monsoon,Flat,62,443.92,30.12,45.22,76.93,0.67,61.54,0.56,34.45,0.67
2024-08-13,08:15,August,Monsoon,Flat,62,443.92,30.12,45.22,76.93,0.67,61.54,0.56,34.45,0.67
2024-08-13,08:30,August,Monsoon,Flat,62,443.92,30.12,45.22,76.93,0.67,61.54,0.56,34.45,0.67
2024-08-13,08:45,August,Monsoon,Flat,62,443.92,30.12,45.22,76.93,0.67,61.54,0.56,34.45,0.67
2024-08-13,09:00,August,Monsoon,Flat,62,579.47,31.08,49.57,75.55,0.88,60.44,0.73,44.36,0.67
2024-08-13,09:15,August,Monsoon,Flat,62,579.47,31.08,49.57,75.55,0.88,60.44,0.73,44.36,0.67
2024-08-13,09:30,August,Monsoon,Flat,62,579.47,31.08,49.57,75.55,0.88,60.44,0.73,44.36,0.67
2024-08-13,09:45,August,Monsoon,Flat,62,579.47,31.08,49.57,75.55,0.88,60.44,0.73,44.36,0.67
2024-08-13,10:00,August,Monsoon,Flat,62,682.38,31.58,52.64,74.58,1.04,59.66,0.87,51.72,0.67
2024-08-13,10:15,August,Monsoon,Flat,62,682.38,31.58,52.64,74.58,1.04,59.66,0.87,51.72,0.67
2024-08-13,10:30,August,Monsoon,Flat,62,682.38,31.58,52.64,74.58,1.04,59.66,0.87,51.72,0.67
2024-08-13,10:45,August,Monsoon,Flat,62,682.38,31.58,52.64,74.58,1.04,59.66,0.87,51.72,0.67
2024-08-13,11:00,August,Monsoon,Flat,62,689.7,31.74,52.98,74.47,1.05,59.57,0.88,52.21,0.67
2024-08-13,11:15,August,Monsoon,Flat,62,689.7,31.74,52.98,74.47,1.05,59.57,0.88,52.21,0.67
2024-08-13,11:30,August,Monsoon,Flat,62,689.7,31.74,52.98,74.47,1.05,59.57,0.88,52.21,0.67
2024-08-13,11:45,August,Monsoon,Flat,62,689.7,31.74,52.98,74.47,1.05,59.57,0.88,52.21,0.67
2024-08-13,12:00,August,Monsoon,Flat,62,651.67,31.88,52.17,74.72,0.99,59.78,0.83,49.46,0.67
2024-08-13,12:15,August,Monsoon,Flat,62,651.67,31.88,52.17,74.72,0.99,59.78,0.83,49.46,0.67
2024-08-13,12:30,August,Monsoon,Flat,62,651.67,31.88,52.17,74.72,0.99,59.78,0.83,49.46,0.67
2024-08-13,12:45,August,Monsoon,Flat,62,651.67,31.88,52.17,74.72,0.99,59.78,0.83,49.46,0.67
2024-08-13,13:00,August,Monsoon,Flat,62,525.1,32.05,49.18,75.67,0.79,60.54,0.66,40.25,0.67
2024-08-13,13:15,August,Monsoon,Flat,62,525.1,32.05,49.18,75.67,0.79,60.54,0.66,40.25,0.67
2024-08-13,13:30,August,Monsoon,Flat,62,525.1,32.05,49.18,75.67,0.79,60.54,0.66,40.25,0.67
2024-08-13,13:45,August,Monsoon,Flat,62,525.1,32.05,49.18,75.67,0.79,60.54,0.66,40.25,0.67
2024-08-13,14:00,August,Monsoon,Flat,62,468.73,32.01,47.73,76.13,0.71,60.9,0.59,36.09,0.67
2024-08-13,14:15,August,Monsoon,Flat,62,468.73,32.01,47.73,76.13,0.71,60.9,0.59,36.09,0.67
2024-08-13,14:30,August,Monsoon,Flat,62,468.73,32.01,47.73,76.13,0.71,60.9,0.59,36.09,0.67
2024-08-13,14:45,August,Monsoon,Flat,62,468.73,32.01,47.73,76.13,0.71,60.9,0.59,36.09,0.67
2024-08-13,15:00,August,Monsoon,Flat,62,277.05,31.67,42.6,77.76,0.42,62.2,0.35,21.68,0.67
2024-08-13,15:15,August,Monsoon,Flat,62,277.05,31.67,42.6,77.76,0.42,62.2,0.35,21.68,0.67
2024-08-13,15:30,August,Monsoon,Flat,62,277.05,31.67,42.6,77.76,0.42,62.2,0.35,21.68,0.67
2024-08-13,15:45,August,Monsoon,Flat,62,277.05,31.67,42.6,77.76,0.42,62.2,0.35,21.68,0.67
2024-08-13,16:00,August,Monsoon,Flat,62,153.75,31.1,38.94,78.91,0.23,63.13,0.19,12.17,0.67
2024-08-13,16:15,August,Monsoon,Flat,62,153.75,31.1,38.94,78.91,0.23,63.13,0.19,12.17,0.67
2024-08-13,16:30,August,Monsoon,Flat,62,153.75,31.1,38.94,78.91,0.23,63.13,0.19,12.17,0.67
2024-08-13,16:45,August,Monsoon,Flat,62,153.75,31.1,38.94,78.91,0.23,63.13,0.19,12.17,0.67
2024-08-13,17:00,August,Monsoon,Flat,62,39.22,30.37,35.35,80.05,0.06,64.04,0.05,3.14,0.67
2024-08-13,17:15,August,Monsoon,Flat,62,39.22,30.37,35.35,80.05,0.06,64.04,0.05,3.14,0.67
2024-08-13,17:30,August,Monsoon,Flat,62,39.22,30.37,35.35,80.05,0.06,64.04,0.05,3.14,0.67
2024-08-13,17:45,August,Monsoon,Flat,62,39.22,30.37,35.35,80.05,0.06,64.04,0.05,3.14,0.67
2024-08-14,06:00,August,Monsoon,Flat,62,62.25,26.34,31.9,81.14,0.09,64.92,0.08,5.03,0.67
2024-08-14,06:15,August,Monsoon,Flat,62,62.25,26.34,31.9,81.14,0.09,64.92,0.08,5.03,0.67
2024-08-14,06:30,August,Monsoon,Flat,62,62.25,26.34,31.9,81.14,0.09,64.92,0.08,5.03,0.67
2024-08-14,06:45,August,Monsoon,Flat,62,62.25,26.34,31.9,81.14,0.09,64.92,0.08,5.03,0.67
2024-08-14,07:00,August,Monsoon,Flat,62,186.05,27.36,36.01,79.84,0.28,63.87,0.23,14.85,0.67
2024-08-14,07:15,August,Monsoon,Flat,62,186.05,27.36,36.01,79.84,0.28,63.87,0.23,14.85,0.67
2024-08-14,07:30,August,Monsoon,Flat,62,186.05,27.36,36.01,79.84,0.28,63.87,0.23,14.85,0.67
2024-08-14,07:45,August,Monsoon,Flat,62,186.05,27.36,36.01,79.84,0.28,63.87,0.23,14.85,0.67
2024-08-14,08:00,August,Monsoon,Flat,62,355.62,28.69,41.58,78.08,0.53,62.46,0.45,27.91,0.67
2024-08-14,08:15,August,Monsoon,Flat,62,355.62,28.69,41.58,78.08,0.53,62.46,0.45,27.91,0.67
2024-08-14,08:30,August,Monsoon,Flat,62,355.62,28.69,41.58,78.08,0.53,62.46,0.45,27.91,0.67
2024-08-14,08:45,August,Monsoon,Flat,62,355.62,28.69,41.58,78.08,0.53,62.46,0.45,27.91,0.67
2024-08-14,09:00,August,Monsoon,Flat,62,484.73,29.63,45.75,76.76,0.73,61.41,0.61,37.56,0.67
2024-08-14,09:15,August,Monsoon,Flat,62,484.73,29.63,45.75,76.76,0.73,61.41,0.61,37.56,0.67
2024-08-14,09:30,August,Monsoon,Flat,62,484.73,29.63,45.75,76.76,0.73,61.41,0.61,37.56,0.67
2024-08-14,09:45,August,Monsoon,Flat,62,484.73,29.63,45.75,76.76,0.73,61.41,0.61,37.56,0.67
2024-08-14,10:00,August,Monsoon,Flat,62,533.97,30.29,47.64,76.16,0.81,60.93,0.68,41.13,0.67
2024-08-14,10:15,August,Monsoon,Flat,62,533.97,30.29,47.64,76.16,0.81,60.93,0.68,41.13,0.67
2024-08-14,10:30,August,Monsoon,Flat,62,533.97,30.29,47.64,76.16,0.81,60.93,0.68,41.13,0.67
2024-08-14,10:45,August,Monsoon,Flat,62,533.97,30.29,47.64,76.16,0.81,60.93,0.68,41.13,0.67
2024-08-14,11:00,August,Monsoon,Flat,62,464.95,30.76,46.38,76.56,0.7,61.25,0.59,35.95,0.67
2024-08-14,11:15,August,Monsoon,Flat,62,464.95,30.76,46.38,76.56,0.7,61.25,0.59,35.95,0.67
2024-08-14,11:30,August,Monsoon,Flat,62,464.95,30.76,46.38,76.56,0.7,61.25,0.59,35.95,0.67
2024-08-14,11:45,August,Monsoon,Flat,62,464.95,30.76,46.38,76.56,0.7,61.25,0.59,35.95,0.67
2024-08-14,12:00,August,Monsoon,Flat,62,484.92,31.32,47.44,76.22,0.73,60.98,0.61,37.37,0.67
2024-08-14,12:15,August,Monsoon,Flat,62,484.92,31.32,47.44,76.22,0.73,60.98,0.61,37.37,0.67
2024-08-14,12:30,August,Monsoon,Flat,62,484.92,31.32,47.44,76.22,0.73,60.98,0.61,37.37,0.67
2024-08-14,12:45,August,Monsoon,Flat,62,484.92,31.32,47.44,76.22,0.73,60.98,0.61,37.37,0.67
2024-08-14,13:00,August,Monsoon,Flat,62,423.98,31.75,46.35,76.57,0.64,61.25,0.54,32.79,0.67
2024-08-14,13:15,August,Monsoon,Flat,62,423.98,31.75,46.35,76.57,0.64,61.25,0.54,32.79,0.67
2024-08-14,13:30,August,Monsoon,Flat,62,423.98,31.75,46.35,76.57,0.64,61.25,0.54,32.79,0.67
2024-08-14,13:45,August,Monsoon,Flat,62,423.98,31.75,46.35,76.57,0.64,61.25,0.54,32.79,0.67
2024-08-14,14:00,August,Monsoon,Flat,62,326.25,31.8,43.96,77.33,0.49,61.86,0.41,25.42,0.67
2024-08-14,14:15,August,Monsoon,Flat,62,326.25,31.8,43.96,77.33,0.49,61.86,0.41,25.42,0.67
2024-08-14,14:30,August,Monsoon,Flat,62,326.25,31.8,43.96,77.33,0.49,61.86,0.41,25.42,0.67
2024-08-14,14:45,August,Monsoon,Flat,62,326.25,31.8,43.96,77.33,0.49,61.86,0.41,25.42,0.67
2024-08-14,15:00,August,Monsoon,Flat,62,257.38,31.57,42.0,77.94,0.39,62.35,0.32,20.18,0.67
2024-08-14,15:15,August,Monsoon,Flat,62,257.38,31.57,42.0,77.94,0.39,62.35,0.32,20.18,0.67
2024-08-14,15:30,August,Monsoon,Flat,62,257.38,31.57,42.0,77.94,0.39,62.35,0.32,20.18,0.67
2024-08-14,15:45,August,Monsoon,Flat,62,257.38,31.57,42.0,77.94,0.39,62.35,0.32,20.18,0.67
2024-08-14,16:00,August,Monsoon,Flat,62,141.5,31.18,38.72,78.98,0.21,63.19,0.18,11.2,0.67
2024-08-14,16:15,August,Monsoon,Flat,62,141.5,31.18,38.72,78.98,0.21,63.19,0.18,11.2,0.67
2024-08-14,16:30,August,Monsoon,Flat,62,141.5,31.18,38.72,78.98,0.21,63.19,0.18,11.2,0.67
2024-08-14,16:45,August,Monsoon,Flat,62,141.5,31.18,38.72,78.98,0.21,63.19,0.18,11.2,0.67
2024-08-14,17:00,August,Monsoon,Flat,62,40.1,29.98,34.98,80.17,0.06,64.13,0.05,3.21,0.67
2024-08-14,17:15,August,Monsoon,Flat,62,40.1,29.98,34.98,80.17,0.06,64.13,0.05,3.21,0.67
2024-08-14,17:30,August,Monsoon,Flat,62,40.1,29.98,34.98,80.17,0.06,64.13,0.05,3.21,0.67
2024-08-14,17:45,August,Monsoon,Flat,62,40.1,29.98,34.98,80.17,0.06,64.13,0.05,3.21,0.67
2024-08-15,06:00,August,Monsoon,Flat,62,115.4,25.27,32.16,81.06,0.17,64.85,0.14,9.32,0.67
2024-08-15,06:15,August,Monsoon,Flat,62,115.4,25.27,32.16,81.06,0.17,64.85,0.14,9.32,0.67
2024-08-15,06:30,August,Monsoon,Flat,62,115.4,25.27,32.16,81.06,0.17,64.85,0.14,9.32,0.67
2024-08-15,06:45,August,Monsoon,Flat,62,115.4,25.27,32.16,81.06,0.17,64.85,0.14,9.32,0.67
2024-08-15,07:00,August,Monsoon,Flat,62,338.92,27.18,39.65,78.69,0.51,62.95,0.43,26.76,0.67
2024-08-15,07:15,August,Monsoon,Flat,62,338.92,27.18,39.65,78.69,0.51,62.95,0.43,26.76,0.67
2024-08-15,07:30,August,Monsoon,Flat,62,338.92,27.18,39.65,78.69,0.51,62.95,0.43,26.76,0.67
2024-08-15,07:45,August,Monsoon,Flat,62,338.92,27.18,39.65,78.69,0.51,62.95,0.43,26.76,0.67
2024-08-15,08:00,August,Monsoon,Flat,62,569.88,29.64,47.89,76.08,0.86,60.86,0.72,43.86,0.67
2024-08-15,08:15,August,Monsoon,Flat,62,569.88,29.64,47.89,76.08,0.86,60.86,0.72,43.86,0.67
2024-08-15,08:30,August,Monsoon,Flat,62,569.88,29.64,47.89,76.08,0.86,60.86,0.72,43.86,0.67
2024-08-15,08:45,August,Monsoon,Flat,62,569.88,29.64,47.89,76.08,0.86,60.86,0.72,43.86,0.67
2024-08-15,09:00,August,Monsoon,Flat,62,721.6,31.48,53.52,74.3,1.1,59.44,0.92,54.53,0.67
2024-08-15,09:15,August,Monsoon,Flat,62,721.6,31.48,53.52,74.3,1.1,59.44,0.92,54.53,0.67
2024-08-15,09:30,August,Monsoon,Flat,62,721.6,31.48,53.52,74.3,1.1,59.44,0.92,54.53,0.67
2024-08-15,09:45,August,Monsoon,Flat,62,721.6,31.48,53.52,74.3,1.1,59.44,0.92,54.53,0.67
2024-08-15,10:00,August,Monsoon,Flat,62,706.75,32.95,54.62,73.95,1.07,59.16,0.9,53.22,0.67
2024-08-15,10:15,August,Monsoon,Flat,62,706.75,32.95,54.62,73.95,1.07,59.16,0.9,53.22,0.67
2024-08-15,10:30,August,Monsoon,Flat,62,706.75,32.95,54.62,73.95,1.07,59.16,0.9,53.22,0.67
2024-08-15,10:45,August,Monsoon,Flat,62,706.75,32.95,54.62,73.95,1.07,59.16,0.9,53.22,0.67
2024-08-15,11:00,August,Monsoon,Flat,62,670.78,34.13,54.9,73.86,1.02,59.09,0.85,50.46,0.67
2024-08-15,11:15,August,Monsoon,Flat,62,670.78,34.13,54.9,73.86,1.02,59.09,0.85,50.46,0.67
2024-08-15,11:30,August,Monsoon,Flat,62,670.78,34.13,54.9,73.86,1.02,59.09,0.85,50.46,0.67
2024-08-15,11:45,August,Monsoon,Flat,62,670.78,34.13,54.9,73.86,1.02,59.09,0.85,50.46,0.67
2024-08-15,12:00,August,Monsoon,Flat,62,679.67,34.89,55.88,73.55,1.03,58.84,0.87,50.96,0.67
2024-08-15,12:15,August,Monsoon,Flat,62,679.67,34.89,55.88,73.55,1.03,58.84,0.87,50.96,0.67
2024-08-15,12:30,August,Monsoon,Flat,62,679.67,34.89,55.88,73.55,1.03,58.84,0.87,50.96,0.67
2024-08-15,12:45,August,Monsoon,Flat,62,679.67,34.89,55.88,73.55,1.03,58.84,0.87,50.96,0.67
2024-08-15,13:00,August,Monsoon,Flat,62,570.45,35.16,53.42,74.33,0.87,59.46,0.73,43.12,0.67
2024-08-15,13:15,August,Monsoon,Flat,62,570.45,35.16,53.42,74.33,0.87,59.46,0.73,43.12,0.67
2024-08-15,13:30,August,Monsoon,Flat,62,570.45,35.16,53.42,74.33,0.87,59.46,0.73,43.12,0.67
2024-08-15,13:45,August,Monsoon,Flat,62,570.45,35.16,53.42,74.33,0.87,59.46,0.73,43.12,0.67
2024-08-15,14:00,August,Monsoon,Flat,62,410.88,34.9,49.17,75.67,0.62,60.54,0.52,31.49,0.67
2024-08-15,14:15,August,Monsoon,Flat,62,410.88,34.9,49.17,75.67,0.62,60.54,0.52,31.49,0.67
2024-08-15,14:30,August,Monsoon,Flat,62,410.88,34.9,49.17,75.67,0.62,60.54,0.52,31.49,0.67
2024-08-15,14:45,August,Monsoon,Flat,62,410.88,34.9,49.17,75.67,0.62,60.54,0.52,31.49,0.67
2024-08-15,15:00,August,Monsoon,Flat,62,375.33,34.32,47.7,76.14,0.57,60.91,0.47,28.9,0.67
2024-08-15,15:15,August,Monsoon,Flat,62,375.33,34.32,47.7,76.14,0.57,60.91,0.47,28.9,0.67
2024-08-15,15:30,August,Monsoon,Flat,62,375.33,34.32,47.7,76.14,0.57,60.91,0.47,28.9,0.67
2024-08-15,15:45,August,Monsoon,Flat,62,375.33,34.32,47.7,76.14,0.57,60.91,0.47,28.9,0.67
2024-08-15,16:00,August,Monsoon,Flat,62,202.38,33.35,42.41,77.82,0.3,62.25,0.25,15.84,0.67
2024-08-15,16:15,August,Monsoon,Flat,62,202.38,33.35,42.41,77.82,0.3,62.25,0.25,15.84,0.67
2024-08-15,16:30,August,Monsoon,Flat,62,202.38,33.35,42.41,77.82,0.3,62.25,0.25,15.84,0.67
2024-08-15,16:45,August,Monsoon,Flat,62,202.38,33.35,42.41,77.82,0.3,62.25,0.25,15.84,0.67
2024-08-15,17:00,August,Monsoon,Flat,62,49.88,31.75,37.0,79.53,0.07,63.62,0.06,3.97,0.67
2024-08-15,17:15,August,Monsoon,Flat,62,49.88,31.75,37.0,79.53,0.07,63.62,0.06,3.97,0.67
2024-08-15,17:30,August,Monsoon,Flat,62,49.88,31.75,37.0,79.53,0.07,63.62,0.06,3.97,0.67
2024-08-15,17:45,August,Monsoon,Flat,62,49.88,31.75,37.0,79.53,0.07,63.62,0.06,3.97,0.67
2024-08-16,06:00,August,Monsoon,Flat,62,79.18,26.81,32.79,80.86,0.12,64.69,0.1,6.38,0.67
2024-08-16,06:15,August,Monsoon,Flat,62,79.18,26.81,32.79,80.86,0.12,64.69,0.1,6.38,0.67
2024-08-16,06:30,August,Monsoon,Flat,62,79.18,26.81,32.79,80.86,0.12,64.69,0.1,6.38,0.67
2024-08-16,06:45,August,Monsoon,Flat,62,79.18,26.81,32.79,80.86,0.12,64.69,0.1,6.38,0.67
2024-08-16,07:00,August,Monsoon,Flat,62,228.82,28.07,37.79,79.28,0.34,63.42,0.29,18.17,0.67
2024-08-16,07:15,August,Monsoon,Flat,62,228.82,28.07,37.79,79.28,0.34,63.42,0.29,18.17,0.67
2024-08-16,07:30,August,Monsoon,Flat,62,228.82,28.07,37.79,79.28,0.34,63.42,0.29,18.17,0.67
2024-08-16,07:45,August,Monsoon,Flat,62,228.82,28.07,37.79,79.28,0.34,63.42,0.29,18.17,0.67
2024-08-16,08:00,August,Monsoon,Flat,62,470.73,29.97,45.74,76.76,0.71,61.41,0.59,36.47,0.67
2024-08-16,08:15,August,Monsoon,Flat,62,470.73,29.97,45.74,76.76,0.71,61.41,0.59,36.47,0.67
2024-08-16,08:30,August,Monsoon,Flat,62,470.73,29.97,45.74,76.76,0.71,61.41,0.59,36.47,0.67
2024-08-16,08:45,August,Monsoon,Flat,62,470.73,29.97,45.74,76.76,0.71,61.41,0.59,36.47,0.67
2024-08-16,09:00,August,Monsoon,Flat,62,618.88,31.51,50.98,75.1,0.94,60.08,0.78,47.16,0.67
2024-08-16,09:15,August,Monsoon,Flat,62,618.88,31.51,50.98,75.1,0.94,60.08,0.78,47.16,0.67
2024-08-16,09:30,August,Monsoon,Flat,62,618.88,31.51,50.98,75.1,0.94,60.08,0.78,47.16,0.67
2024-08-16,09:45,August,Monsoon,Flat,62,618.88,31.51,50.98,75.1,0.94,60.08,0.78,47.16,0.67
2024-08-16,10:00,August,Monsoon,Flat,62,655.38,32.51,52.89,74.5,0.99,59.6,0.83,49.63,0.67
2024-08-16,10:15,August,Monsoon,Flat,62,655.38,32.51,52.89,74.5,0.99,59.6,0.83,49.63,0.67
2024-08-16,10:30,August,Monsoon,Flat,62,655.38,32.51,52.89,74.5,0.99,59.6,0.83,49.63,0.67
2024-08-16,10:45,August,Monsoon,Flat,62,655.38,32.51,52.89,74.5,0.99,59.6,0.83,49.63,0.67
2024-08-16,11:00,August,Monsoon,Flat,62,574.55,33.3,51.66,74.89,0.87,59.91,0.73,43.68,0.67
2024-08-16,11:15,August,Monsoon,Flat,62,574.55,33.3,51.66,74.89,0.87,59.91,0.73,43.68,0.67
2024-08-16,11:30,August,Monsoon,Flat,62,574.55,33.3,51.66,74.89,0.87,59.91,0.73,43.68,0.67
2024-08-16,11:45,August,Monsoon,Flat,62,574.55,33.3,51.66,74.89,0.87,59.91,0.73,43.68,0.67
2024-08-16,12:00,August,Monsoon,Flat,62,554.9,33.62,51.49,74.94,0.84,59.95,0.7,42.21,0.67
2024-08-16,12:15,August,Monsoon,Flat,62,554.9,33.62,51.49,74.94,0.84,59.95,0.7,42.21,0.67
2024-08-16,12:30,August,Monsoon,Flat,62,554.9,33.62,51.49,74.94,0.84,59.95,0.7,42.21,0.67
2024-08-16,12:45,August,Monsoon,Flat,62,554.9,33.62,51.49,74.94,0.84,59.95,0.7,42.21,0.67
2024-08-16,13:00,August,Monsoon,Flat,62,456.05,33.39,48.79,75.79,0.69,60.64,0.58,35.0,0.67
2024-08-16,13:15,August,Monsoon,Flat,62,456.05,33.39,48.79,75.79,0.69,60.64,0.58,35.0,0.67
2024-08-16,13:30,August,Monsoon,Flat,62,456.05,33.39,48.79,75.79,0.69,60.64,0.58,35.0,0.67
2024-08-16,13:45,August,Monsoon,Flat,62,456.05,33.39,48.79,75.79,0.69,60.64,0.58,35.0,0.67
2024-08-16,14:00,August,Monsoon,Flat,62,371.0,32.8,46.07,76.65,0.56,61.32,0.47,28.72,0.67
2024-08-16,14:15,August,Monsoon,Flat,62,371.0,32.8,46.07,76.65,0.56,61.32,0.47,28.72,0.67
2024-08-16,14:30,August,Monsoon,Flat,62,371.0,32.8,46.07,76.65,0.56,61.32,0.47,28.72,0.67
2024-08-16,14:45,August,Monsoon,Flat,62,371.0,32.8,46.07,76.65,0.56,61.32,0.47,28.72,0.67
2024-08-16,15:00,August,Monsoon,Flat,62,269.73,32.01,42.75,77.71,0.41,62.17,0.34,21.1,0.67
2024-08-16,15:15,August,Monsoon,Flat,62,269.73,32.01,42.75,77.71,0.41,62.17,0.34,21.1,0.67
2024-08-16,15:30,August,Monsoon,Flat,62,269.73,32.01,42.75,77.71,0.41,62.17,0.34,21.1,0.67
2024-08-16,15:45,August,Monsoon,Flat,62,269.73,32.01,42.75,77.71,0.41,62.17,0.34,21.1,0.67
2024-08-16,16:00,August,Monsoon,Flat,62,146.82,31.01,38.68,79.0,0.22,63.2,0.18,11.63,0.67
2024-08-16,16:15,August,Monsoon,Flat,62,146.82,31.01,38.68,79.0,0.22,63.2,0.18,11.63,0.67
2024-08-16,16:30,August,Monsoon,Flat,62,146.82,31.01,38.68,79.0,0.22,63.2,0.18,11.63,0.67
2024-08-16,16:45,August,Monsoon,Flat,62,146.82,31.01,38.68,79.0,0.22,63.2,0.18,11.63,0.67
2024-08-16,17:00,August,Monsoon,Flat,62,35.58,29.49,34.38,80.36,0.05,64.29,0.04,2.85,0.67
2024-08-16,17:15,August,Monsoon,Flat,62,35.58,29.49,34.38,80.36,0.05,64.29,0.04,2.85,0.67
2024-08-16,17:30,August,Monsoon,Flat,62,35.58,29.49,34.38,80.36,0.05,64.29,0.04,2.85,0.67
2024-08-16,17:45,August,Monsoon,Flat,62,35.58,29.49,34.38,80.36,0.05,64.29,0.04,2.85,0.67
2024-08-17,06:00,August,Monsoon,Flat,62,90.75,25.63,31.9,81.14,0.13,64.91,0.11,7.33,0.67
2024-08-17,06:15,August,Monsoon,Flat,62,90.75,25.63,31.9,81.14,0.13,64.91,0.11,7.33,0.67
2024-08-17,06:30,August,Monsoon,Flat,62,90.75,25.63,31.9,81.14,0.13,64.91,0.11,7.33,0.67
2024-08-17,06:45,August,Monsoon,Flat,62,90.75,25.63,31.9,81.14,0.13,64.91,0.11,7.33,0.67
2024-08-17,07:00,August,Monsoon,Flat,62,274.02,26.75,37.6,79.34,0.41,63.47,0.34,21.77,0.67
2024-08-17,07:15,August,Monsoon,Flat,62,274.02,26.75,37.6,79.34,0.41,63.47,0.34,21.77,0.67
2024-08-17,07:30,August,Monsoon,Flat,62,274.02,26.75,37.6,79.34,0.41,63.47,0.34,21.77,0.67
2024-08-17,07:45,August,Monsoon,Flat,62,274.02,26.75,37.6,79.34,0.41,63.47,0.34,21.77,0.67
2024-08-17,08:00,August,Monsoon,Flat,62,487.45,28.35,44.54,77.14,0.73,61.71,0.61,37.91,0.67
2024-08-17,08:15,August,Monsoon,Flat,62,487.45,28.35,44.54,77.14,0.73,61.71,0.61,37.91,0.67
2024-08-17,08:30,August,Monsoon,Flat,62,487.45,28.35,44.54,77.14,0.73,61.71,0.61,37.91,0.67
2024-08-17,08:45,August,Monsoon,Flat,62,487.45,28.35,44.54,77.14,0.73,61.71,0.61,37.91,0.67
2024-08-17,09:00,August,Monsoon,Flat,62,601.6,30.1,49.14,75.68,0.91,60.55,0.76,46.11,0.67
2024-08-17,09:15,August,Monsoon,Flat,62,601.6,30.1,49.14,75.68,0.91,60.55,0.76,46.11,0.67
2024-08-17,09:30,August,Monsoon,Flat,62,601.6,30.1,49.14,75.68,0.91,60.55,0.76,46.11,0.67
2024-08-17,09:45,August,Monsoon,Flat,62,601.6,30.1,49.14,75.68,0.91,60.55,0.76,46.11,0.67
2024-08-17,10:00,August,Monsoon,Flat,62,548.5,31.37,49.08,75.7,0.83,60.56,0.69,42.05,0.67
2024-08-17,10:15,August,Monsoon,Flat,62,548.5,31.37,49.08,75.7,0.83,60.56,0.69,42.05,0.67
2024-08-17,10:30,August,Monsoon,Flat,62,548.5,31.37,49.08,75.7,0.83,60.56,0.69,42.05,0.67
2024-08-17,10:45,August,Monsoon,Flat,62,548.5,31.37,49.08,75.7,0.83,60.56,0.69,42.05,0.67
2024-08-17,11:00,August,Monsoon,Flat,62,587.35,32.29,50.97,75.1,0.89,60.08,0.74,44.76,0.67
2024-08-17,11:15,August,Monsoon,Flat,62,587.35,32.29,50.97,75.1,0.89,60.08,0.74,44.76,0.67
2024-08-17,11:30,August,Monsoon,Flat,62,587.35,32.29,50.97,75.1,0.89,60.08,0.74,44.76,0.67
2024-08-17,11:45,August,Monsoon,Flat,62,587.35,32.29,50.97,75.1,0.89,60.08,0.74,44.76,0.67
2024-08-17,12:00,August,Monsoon,Flat,62,426.67,32.73,47.4,76.24,0.64,60.99,0.54,32.89,0.67
2024-08-17,12:15,August,Monsoon,Flat,62,426.67,32.73,47.4,76.24,0.64,60.99,0.54,32.89,0.67
2024-08-17,12:30,August,Monsoon,Flat,62,426.67,32.73,47.4,76.24,0.64,60.99,0.54,32.89,0.67
2024-08-17,12:45,August,Monsoon,Flat,62,426.67,32.73,47.4,76.24,0.64,60.99,0.54,32.89,0.67
2024-08-17,13:00,August,Monsoon,Flat,62,320.75,32.88,44.9,77.03,0.48,61.62,0.4,24.92,0.67
2024-08-17,13:15,August,Monsoon,Flat,62,320.75,32.88,44.9,77.03,0.48,61.62,0.4,24.92,0.67
2024-08-17,13:30,August,Monsoon,Flat,62,320.75,32.88,44.9,77.03,0.48,61.62,0.4,24.92,0.67
2024-08-17,13:45,August,Monsoon,Flat,62,320.75,32.88,44.9,77.03,0.48,61.62,0.4,24.92,0.67
2024-08-17,14:00,August,Monsoon,Flat,62,95.4,32.54,38.92,78.92,0.14,63.13,0.12,7.55,0.67
2024-08-17,14:15,August,Monsoon,Flat,62,95.4,32.54,38.92,78.92,0.14,63.13,0.12,7.55,0.67
2024-08-17,14:30,August,Monsoon,Flat,62,95.4,32.54,38.92,78.92,0.14,63.13,0.12,7.55,0.67
2024-08-17,14:45,August,Monsoon,Flat,62,95.4,32.54,38.92,78.92,0.14,63.13,0.12,7.55,0.67
2024-08-17,15:00,August,Monsoon,Flat,62,91.4,31.55,37.84,79.26,0.14,63.41,0.11,7.26,0.67
2024-08-17,15:15,August,Monsoon,Flat,62,91.4,31.55,37.84,79.26,0.14,63.41,0.11,7.26,0.67
2024-08-17,15:30,August,Monsoon,Flat,62,91.4,31.55,37.84,79.26,0.14,63.41,0.11,7.26,0.67
2024-08-17,15:45,August,Monsoon,Flat,62,91.4,31.55,37.84,79.26,0.14,63.41,0.11,7.26,0.67
2024-08-17,16:00,August,Monsoon,Flat,62,59.22,30.35,35.83,79.9,0.09,63.92,0.07,4.73,0.67
2024-08-17,16:15,August,Monsoon,Flat,62,59.22,30.35,35.83,79.9,0.09,63.92,0.07,4.73,0.67
2024-08-17,16:30,August,Monsoon,Flat,62,59.22,30.35,35.83,79.9,0.09,63.92,0.07,4.73,0.67
2024-08-17,16:45,August,Monsoon,Flat,62,59.22,30.35,35.83,79.9,0.09,63.92,0.07,4.73,0.67
2024-08-17,17:00,August,Monsoon,Flat,62,18.55,28.75,33.21,80.73,0.03,64.58,0.02,1.49,0.67
2024-08-17,17:15,August,Monsoon,Flat,62,18.55,28.75,33.21,80.73,0.03,64.58,0.02,1.49,0.67
2024-08-17,17:30,August,Monsoon,Flat,62,18.55,28.75,33.21,80.73,0.03,64.58,0.02,1.49,0.67
2024-08-17,17:45,August,Monsoon,Flat,62,18.55,28.75,33.21,80.73,0.03,64.58,0.02,1.49,0.67
2024-08-18,06:00,August,Monsoon,Flat,62,102.38,26.06,32.62,80.92,0.15,64.73,0.13,8.25,0.67
2024-08-18,06:15,August,Monsoon,Flat,62,102.38,26.06,32.62,80.92,0.15,64.73,0.13,8.25,0.67
2024-08-18,06:30,August,Monsoon,Flat,62,102.38,26.06,32.62,80.92,0.15,64.73,0.13,8.25,0.67
2024-08-18,06:45,August,Monsoon,Flat,62,102.38,26.06,32.62,80.92,0.15,64.73,0.13,8.25,0.67
2024-08-18,07:00,August,Monsoon,Flat,62,281.6,27.12,38.16,79.16,0.42,63.33,0.35,22.33,0.67
2024-08-18,07:15,August,Monsoon,Flat,62,281.6,27.12,38.16,79.16,0.42,63.33,0.35,22.33,0.67
2024-08-18,07:30,August,Monsoon,Flat,62,281.6,27.12,38.16,79.16,0.42,63.33,0.35,22.33,0.67
2024-08-18,07:45,August,Monsoon,Flat,62,281.6,27.12,38.16,79.16,0.42,63.33,0.35,22.33,0.67
2024-08-18,08:00,August,Monsoon,Flat,62,495.95,28.34,44.74,77.08,0.75,61.66,0.63,38.55,0.67
2024-08-18,08:15,August,Monsoon,Flat,62,495.95,28.34,44.74,77.08,0.75,61.66,0.63,38.55,0.67
2024-08-18,08:30,August,Monsoon,Flat,62,495.95,28.34,44.74,77.08,0.75,61.66,0.63,38.55,0.67
2024-08-18,08:45,August,Monsoon,Flat,62,495.95,28.34,44.74,77.08,0.75,61.66,0.63,38.55,0.67
2024-08-18,09:00,August,Monsoon,Flat,62,528.38,29.49,46.7,76.46,0.8,61.17,0.67,40.82,0.67
2024-08-18,09:15,August,Monsoon,Flat,62,528.38,29.49,46.7,76.46,0.8,61.17,0.67,40.82,0.67
2024-08-18,09:30,August,Monsoon,Flat,62,528.38,29.49,46.7,76.46,0.8,61.17,0.67,40.82,0.67
2024-08-18,09:45,August,Monsoon,Flat,62,528.38,29.49,46.7,76.46,0.8,61.17,0.67,40.82,0.67
2024-08-18,10:00,August,Monsoon,Flat,62,657.22,30.26,50.69,75.19,0.99,60.15,0.83,50.13,0.67
2024-08-18,10:15,August,Monsoon,Flat,62,657.22,30.26,50.69,75.19,0.99,60.15,0.83,50.13,0.67
2024-08-18,10:30,August,Monsoon,Flat,62,657.22,30.26,50.69,75.19,0.99,60.15,0.83,50.13,0.67
2024-08-18,10:45,August,Monsoon,Flat,62,657.22,30.26,50.69,75.19,0.99,60.15,0.83,50.13,0.67
2024-08-18,11:00,August,Monsoon,Flat,62,710.08,30.71,52.46,74.63,1.08,59.71,0.9,53.85,0.67
2024-08-18,11:15,August,Monsoon,Flat,62,710.08,30.71,52.46,74.63,1.08,59.71,0.9,53.85,0.67
2024-08-18,11:30,August,Monsoon,Flat,62,710.08,30.71,52.46,74.63,1.08,59.71,0.9,53.85,0.67
2024-08-18,11:45,August,Monsoon,Flat,62,710.08,30.71,52.46,74.63,1.08,59.71,0.9,53.85,0.67
2024-08-18,12:00,August,Monsoon,Flat,62,684.15,31.11,52.21,74.71,1.04,59.77,0.87,51.92,0.67
2024-08-18,12:15,August,Monsoon,Flat,62,684.15,31.11,52.21,74.71,1.04,59.77,0.87,51.92,0.67
2024-08-18,12:30,August,Monsoon,Flat,62,684.15,31.11,52.21,74.71,1.04,59.77,0.87,51.92,0.67
2024-08-18,12:45,August,Monsoon,Flat,62,684.15,31.11,52.21,74.71,1.04,59.77,0.87,51.92,0.67
2024-08-18,13:00,August,Monsoon,Flat,62,575.53,31.32,49.71,75.5,0.87,60.4,0.73,44.04,0.67
2024-08-18,13:15,August,Monsoon,Flat,62,575.53,31.32,49.71,75.5,0.87,60.4,0.73,44.04,0.67
2024-08-18,13:30,August,Monsoon,Flat,62,575.53,31.32,49.71,75.5,0.87,60.4,0.73,44.04,0.67
2024-08-18,13:45,August,Monsoon,Flat,62,575.53,31.32,49.71,75.5,0.87,60.4,0.73,44.04,0.67
2024-08-18,14:00,August,Monsoon,Flat,62,441.17,31.31,46.34,76.57,0.67,61.26,0.56,34.12,0.67
2024-08-18,14:15,August,Monsoon,Flat,62,441.17,31.31,46.34,76.57,0.67,61.26,0.56,34.12,0.67
2024-08-18,14:30,August,Monsoon,Flat,62,441.17,31.31,46.34,76.57,0.67,61.26,0.56,34.12,0.67
2024-08-18,14:45,August,Monsoon,Flat,62,441.17,31.31,46.34,76.57,0.67,61.26,0.56,34.12,0.67
2024-08-18,15:00,August,Monsoon,Flat,62,345.35,31.01,43.64,77.42,0.52,61.94,0.43,26.94,0.67
2024-08-18,15:15,August,Monsoon,Flat,62,345.35,31.01,43.64,77.42,0.52,61.94,0.43,26.94,0.67
2024-08-18,15:30,August,Monsoon,Flat,62,345.35,31.01,43.64,77.42,0.52,61.94,0.43,26.94,0.67
2024-08-18,15:45,August,Monsoon,Flat,62,345.35,31.01,43.64,77.42,0.52,61.94,0.43,26.94,0.67
2024-08-18,16:00,August,Monsoon,Flat,62,180.35,30.48,38.99,78.9,0.27,63.12,0.23,14.27,0.67
2024-08-18,16:15,August,Monsoon,Flat,62,180.35,30.48,38.99,78.9,0.27,63.12,0.23,14.27,0.67
2024-08-18,16:30,August,Monsoon,Flat,62,180.35,30.48,38.99,78.9,0.27,63.12,0.23,14.27,0.67
2024-08-18,16:45,August,Monsoon,Flat,62,180.35,30.48,38.99,78.9,0.27,63.12,0.23,14.27,0.67
2024-08-18,17:00,August,Monsoon,Flat,62,41.6,29.28,34.32,80.38,0.06,64.3,0.05,3.34,0.67
2024-08-18,17:15,August,Monsoon,Flat,62,41.6,29.28,34.32,80.38,0.06,64.3,0.05,3.34,0.67
2024-08-18,17:30,August,Monsoon,Flat,62,41.6,29.28,34.32,80.38,0.06,64.3,0.05,3.34,0.67
2024-08-18,17:45,August,Monsoon,Flat,62,41.6,29.28,34.32,80.38,0.06,64.3,0.05,3.34,0.67
2024-08-19,06:00,August,Monsoon,Flat,62,77.55,25.67,31.61,81.24,0.12,64.99,0.1,6.27,0.67
2024-08-19,06:15,August,Monsoon,Flat,62,77.55,25.67,31.61,81.24,0.12,64.99,0.1,6.27,0.67
2024-08-19,06:30,August,Monsoon,Flat,62,77.55,25.67,31.61,81.24,0.12,64.99,0.1,6.27,0.67
2024-08-19,06:45,August,Monsoon,Flat,62,77.55,25.67,31.61,81.24,0.12,64.99,0.1,6.27,0.67
2024-08-19,07:00,August,Monsoon,Flat,62,220.93,26.88,36.4,79.72,0.33,63.77,0.28,17.62,0.67
2024-08-19,07:15,August,Monsoon,Flat,62,220.93,26.88,36.4,79.72,0.33,63.77,0.28,17.62,0.67
2024-08-19,07:30,August,Monsoon,Flat,62,220.93,26.88,36.4,79.72,0.33,63.77,0.28,17.62,0.67
2024-08-19,07:45,August,Monsoon,Flat,62,220.93,26.88,36.4,79.72,0.33,63.77,0.28,17.62,0.67
2024-08-19,08:00,August,Monsoon,Flat,62,400.75,28.63,42.65,77.74,0.6,62.19,0.5,31.35,0.67
2024-08-19,08:15,August,Monsoon,Flat,62,400.75,28.63,42.65,77.74,0.6,62.19,0.5,31.35,0.67
2024-08-19,08:30,August,Monsoon,Flat,62,400.75,28.63,42.65,77.74,0.6,62.19,0.5,31.35,0.67
2024-08-19,08:45,August,Monsoon,Flat,62,400.75,28.63,42.65,77.74,0.6,62.19,0.5,31.35,0.67
2024-08-19,09:00,August,Monsoon,Flat,62,488.2,30.25,46.45,76.53,0.74,61.23,0.62,37.74,0.67
2024-08-19,09:15,August,Monsoon,Flat,62,488.2,30.25,46.45,76.53,0.74,61.23,0.62,37.74,0.67
2024-08-19,09:30,August,Monsoon,Flat,62,488.2,30.25,46.45,76.53,0.74,61.23,0.62,37.74,0.67
2024-08-19,09:45,August,Monsoon,Flat,62,488.2,30.25,46.45,76.53,0.74,61.23,0.62,37.74,0.67
2024-08-19,10:00,August,Monsoon,Flat,62,604.8,31.57,50.69,75.19,0.92,60.15,0.77,46.13,0.67
2024-08-19,10:15,August,Monsoon,Flat,62,604.8,31.57,50.69,75.19,0.92,60.15,0.77,46.13,0.67
2024-08-19,10:30,August,Monsoon,Flat,62,604.8,31.57,50.69,75.19,0.92,60.15,0.77,46.13,0.67
2024-08-19,10:45,August,Monsoon,Flat,62,604.8,31.57,50.69,75.19,0.92,60.15,0.77,46.13,0.67
2024-08-19,11:00,August,Monsoon,Flat,62,643.72,32.62,52.71,74.55,0.98,59.64,0.82,48.77,0.67
2024-08-19,11:15,August,Monsoon,Flat,62,643.72,32.62,52.71,74.55,0.98,59.64,0.82,48.77,0.67
2024-08-19,11:30,August,Monsoon,Flat,62,643.72,32.62,52.71,74.55,0.98,59.64,0.82,48.77,0.67
2024-08-19,11:45,August,Monsoon,Flat,62,643.72,32.62,52.71,74.55,0.98,59.64,0.82,48.77,0.67
2024-08-19,12:00,August,Monsoon,Flat,62,389.7,33.39,47.13,76.32,0.59,61.06,0.49,30.06,0.67
2024-08-19,12:15,August,Monsoon,Flat,62,389.7,33.39,47.13,76.32,0.59,61.06,0.49,30.06,0.67
2024-08-19,12:30,August,Monsoon,Flat,62,389.7,33.39,47.13,76.32,0.59,61.06,0.49,30.06,0.67
2024-08-19,12:45,August,Monsoon,Flat,62,389.7,33.39,47.13,76.32,0.59,61.06,0.49,30.06,0.67
2024-08-19,13:00,August,Monsoon,Flat,62,93.45,33.68,40.02,78.57,0.14,62.86,0.12,7.37,0.67
2024-08-19,13:15,August,Monsoon,Flat,62,93.45,33.68,40.02,78.57,0.14,62.86,0.12,7.37,0.67
2024-08-19,13:30,August,Monsoon,Flat,62,93.45,33.68,40.02,78.57,0.14,62.86,0.12,7.37,0.67
2024-08-19,13:45,August,Monsoon,Flat,62,93.45,33.68,40.02,78.57,0.14,62.86,0.12,7.37,0.67
2024-08-19,14:00,August,Monsoon,Flat,62,52.2,33.53,38.84,78.95,0.08,63.16,0.07,4.13,0.67
2024-08-19,14:15,August,Monsoon,Flat,62,52.2,33.53,38.84,78.95,0.08,63.16,0.07,4.13,0.67
2024-08-19,14:30,August,Monsoon,Flat,62,52.2,33.53,38.84,78.95,0.08,63.16,0.07,4.13,0.67
2024-08-19,14:45,August,Monsoon,Flat,62,52.2,33.53,38.84,78.95,0.08,63.16,0.07,4.13,0.67
2024-08-19,15:00,August,Monsoon,Flat,62,38.58,33.01,37.97,79.22,0.06,63.38,0.05,3.06,0.67
2024-08-19,15:15,August,Monsoon,Flat,62,38.58,33.01,37.97,79.22,0.06,63.38,0.05,3.06,0.67
2024-08-19,15:30,August,Monsoon,Flat,62,38.58,33.01,37.97,79.22,0.06,63.38,0.05,3.06,0.67
2024-08-19,15:45,August,Monsoon,Flat,62,38.58,33.01,37.97,79.22,0.06,63.38,0.05,3.06,0.67
2024-08-19,16:00,August,Monsoon,Flat,62,136.55,31.93,39.34,78.79,0.2,63.03,0.17,10.79,0.67
2024-08-19,16:15,August,Monsoon,Flat,62,136.55,31.93,39.34,78.79,0.2,63.03,0.17,10.79,0.67
2024-08-19,16:30,August,Monsoon,Flat,62,136.55,31.93,39.34,78.79,0.2,63.03,0.17,10.79,0.67
2024-08-19,16:45,August,Monsoon,Flat,62,136.55,31.93,39.34,78.79,0.2,63.03,0.17,10.79,0.67
2024-08-19,17:00,August,Monsoon,Flat,62,37.85,30.04,34.99,80.17,0.06,64.13,0.05,3.03,0.67
2024-08-19,17:15,August,Monsoon,Flat,62,37.85,30.04,34.99,80.17,0.06,64.13,0.05,3.03,0.67
2024-08-19,17:30,August,Monsoon,Flat,62,37.85,30.04,34.99,80.17,0.06,64.13,0.05,3.03,0.67
2024-08-19,17:45,August,Monsoon,Flat,62,37.85,30.04,34.99,80.17,0.06,64.13,0.05,3.03,0.67
2024-08-20,06:00,August,Monsoon,Flat,62,105.43,26.31,32.95,80.81,0.16,64.65,0.13,8.49,0.67
2024-08-20,06:15,August,Monsoon,Flat,62,105.43,26.31,32.95,80.81,0.16,64.65,0.13,8.49,0.67
2024-08-20,06:30,August,Monsoon,Flat,62,105.43,26.31,32.95,80.81,0.16,64.65,0.13,8.49,0.67
2024-08-20,06:45,August,Monsoon,Flat,62,105.43,26.31,32.95,80.81,0.16,64.65,0.13,8.49,0.67
2024-08-20,07:00,August,Monsoon,Flat,62,304.0,27.41,39.01,78.89,0.45,63.11,0.38,24.05,0.67
2024-08-20,07:15,August,Monsoon,Flat,62,304.0,27.41,39.01,78.89,0.45,63.11,0.38,24.05,0.67
2024-08-20,07:30,August,Monsoon,Flat,62,304.0,27.41,39.01,78.89,0.45,63.11,0.38,24.05,0.67
2024-08-20,07:45,August,Monsoon,Flat,62,304.0,27.41,39.01,78.89,0.45,63.11,0.38,24.05,0.67
2024-08-20,08:00,August,Monsoon,Flat,62,502.05,28.87,45.42,76.86,0.76,61.49,0.63,38.94,0.67
2024-08-20,08:15,August,Monsoon,Flat,62,502.05,28.87,45.42,76.86,0.76,61.49,0.63,38.94,0.67
2024-08-20,08:30,August,Monsoon,Flat,62,502.05,28.87,45.42,76.86,0.76,61.49,0.63,38.94,0.67
2024-08-20,08:45,August,Monsoon,Flat,62,502.05,28.87,45.42,76.86,0.76,61.49,0.63,38.94,0.67
2024-08-20,09:00,August,Monsoon,Flat,62,538.17,30.28,47.73,76.13,0.81,60.9,0.68,41.44,0.67
2024-08-20,09:15,August,Monsoon,Flat,62,538.17,30.28,47.73,76.13,0.81,60.9,0.68,41.44,0.67
2024-08-20,09:30,August,Monsoon,Flat,62,538.17,30.28,47.73,76.13,0.81,60.9,0.68,41.44,0.67
2024-08-20,09:45,August,Monsoon,Flat,62,538.17,30.28,47.73,76.13,0.81,60.9,0.68,41.44,0.67
2024-08-20,10:00,August,Monsoon,Flat,62,616.88,31.17,50.59,75.22,0.93,60.18,0.78,47.06,0.67
2024-08-20,10:15,August,Monsoon,Flat,62,616.88,31.17,50.59,75.22,0.93,60.18,0.78,47.06,0.67
2024-08-20,10:30,August,Monsoon,Flat,62,616.88,31.17,50.59,75.22,0.93,60.18,0.78,47.06,0.67
2024-08-20,10:45,August,Monsoon,Flat,62,616.88,31.17,50.59,75.22,0.93,60.18,0.78,47.06,0.67
2024-08-20,11:00,August,Monsoon,Flat,62,661.6,31.68,52.22,74.71,1.0,59.77,0.84,50.21,0.67
2024-08-20,11:15,August,Monsoon,Flat,62,661.6,31.68,52.22,74.71,1.0,59.77,0.84,50.21,0.67
2024-08-20,11:30,August,Monsoon,Flat,62,661.6,31.68,52.22,74.71,1.0,59.77,0.84,50.21,0.67
2024-08-20,11:45,August,Monsoon,Flat,62,661.6,31.68,52.22,74.71,1.0,59.77,0.84,50.21,0.67
2024-08-20,12:00,August,Monsoon,Flat,62,604.15,31.77,50.87,75.14,0.91,60.11,0.77,46.05,0.67
2024-08-20,12:15,August,Monsoon,Flat,62,604.15,31.77,50.87,75.14,0.91,60.11,0.77,46.05,0.67
2024-08-20,12:30,August,Monsoon,Flat,62,604.15,31.77,50.87,75.14,0.91,60.11,0.77,46.05,0.67
2024-08-20,12:45,August,Monsoon,Flat,62,604.15,31.77,50.87,75.14,0.91,60.11,0.77,46.05,0.67
2024-08-20,13:00,August,Monsoon,Flat,62,528.1,31.85,49.05,75.71,0.8,60.57,0.67,40.49,0.67
2024-08-20,13:15,August,Monsoon,Flat,62,528.1,31.85,49.05,75.71,0.8,60.57,0.67,40.49,0.67
2024-08-20,13:30,August,Monsoon,Flat,62,528.1,31.85,49.05,75.71,0.8,60.57,0.67,40.49,0.67
2024-08-20,13:45,August,Monsoon,Flat,62,528.1,31.85,49.05,75.71,0.8,60.57,0.67,40.49,0.67
2024-08-20,14:00,August,Monsoon,Flat,62,376.92,31.94,45.36,76.88,0.57,61.5,0.48,29.24,0.67
2024-08-20,14:15,August,Monsoon,Flat,62,376.92,31.94,45.36,76.88,0.57,61.5,0.48,29.24,0.67
2024-08-20,14:30,August,Monsoon,Flat,62,376.92,31.94,45.36,76.88,0.57,61.5,0.48,29.24,0.67
2024-08-20,14:45,August,Monsoon,Flat,62,376.92,31.94,45.36,76.88,0.57,61.5,0.48,29.24,0.67
2024-08-20,15:00,August,Monsoon,Flat,62,237.52,31.62,41.56,78.08,0.36,62.47,0.3,18.64,0.67
2024-08-20,15:15,August,Monsoon,Flat,62,237.52,31.62,41.56,78.08,0.36,62.47,0.3,18.64,0.67
2024-08-20,15:30,August,Monsoon,Flat,62,237.52,31.62,41.56,78.08,0.36,62.47,0.3,18.64,0.67
2024-08-20,15:45,August,Monsoon,Flat,62,237.52,31.62,41.56,78.08,0.36,62.47,0.3,18.64,0.67
2024-08-20,16:00,August,Monsoon,Flat,62,133.68,30.77,38.11,79.18,0.2,63.34,0.17,10.6,0.67
2024-08-20,16:15,August,Monsoon,Flat,62,133.68,30.77,38.11,79.18,0.2,63.34,0.17,10.6,0.67
2024-08-20,16:30,August,Monsoon,Flat,62,133.68,30.77,38.11,79.18,0.2,63.34,0.17,10.6,0.67
2024-08-20,16:45,August,Monsoon,Flat,62,133.68,30.77,38.11,79.18,0.2,63.34,0.17,10.6,0.67
2024-08-20,17:00,August,Monsoon,Flat,62,36.2,29.08,33.98,80.48,0.05,64.39,0.05,2.91,0.67
2024-08-20,17:15,August,Monsoon,Flat,62,36.2,29.08,33.98,80.48,0.05,64.39,0.05,2.91,0.67
2024-08-20,17:30,August,Monsoon,Flat,62,36.2,29.08,33.98,80.48,0.05,64.39,0.05,2.91,0.67
2024-08-20,17:45,August,Monsoon,Flat,62,36.2,29.08,33.98,80.48,0.05,64.39,0.05,2.91,0.67
2024-08-21,06:00,August,Monsoon,Flat,62,55.95,26.05,31.45,81.29,0.08,65.03,0.07,4.53,0.67
2024-08-21,06:15,August,Monsoon,Flat,62,55.95,26.05,31.45,81.29,0.08,65.03,0.07,4.53,0.67
2024-08-21,06:30,August,Monsoon,Flat,62,55.95,26.05,31.45,81.29,0.08,65.03,0.07,4.53,0.67
2024-08-21,06:45,August,Monsoon,Flat,62,55.95,26.05,31.45,81.29,0.08,65.03,0.07,4.53,0.67
2024-08-21,07:00,August,Monsoon,Flat,62,176.57,26.47,34.88,80.2,0.26,64.16,0.22,14.14,0.67
2024-08-21,07:15,August,Monsoon,Flat,62,176.57,26.47,34.88,80.2,0.26,64.16,0.22,14.14,0.67
2024-08-21,07:30,August,Monsoon,Flat,62,176.57,26.47,34.88,80.2,0.26,64.16,0.22,14.14,0.67
2024-08-21,07:45,August,Monsoon,Flat,62,176.57,26.47,34.88,80.2,0.26,64.16,0.22,14.14,0.67
2024-08-21,08:00,August,Monsoon,Flat,62,312.4,26.85,38.66,79.0,0.47,63.2,0.39,24.74,0.67
2024-08-21,08:15,August,Monsoon,Flat,62,312.4,26.85,38.66,79.0,0.47,63.2,0.39,24.74,0.67
2024-08-21,08:30,August,Monsoon,Flat,62,312.4,26.85,38.66,79.0,0.47,63.2,0.39,24.74,0.67
2024-08-21,08:45,August,Monsoon,Flat,62,312.4,26.85,38.66,79.0,0.47,63.2,0.39,24.74,0.67
2024-08-21,09:00,August,Monsoon,Flat,62,565.6,27.67,45.81,76.74,0.85,61.39,0.71,43.82,0.67
2024-08-21,09:15,August,Monsoon,Flat,62,565.6,27.67,45.81,76.74,0.85,61.39,0.71,43.82,0.67
2024-08-21,09:30,August,Monsoon,Flat,62,565.6,27.67,45.81,76.74,0.85,61.39,0.71,43.82,0.67
2024-08-21,09:45,August,Monsoon,Flat,62,565.6,27.67,45.81,76.74,0.85,61.39,0.71,43.82,0.67
2024-08-21,10:00,August,Monsoon,Flat,62,661.67,28.66,49.2,75.66,1.0,60.53,0.84,50.71,0.67
2024-08-21,10:15,August,Monsoon,Flat,62,661.67,28.66,49.2,75.66,1.0,60.53,0.84,50.71,0.67
2024-08-21,10:30,August,Monsoon,Flat,62,661.67,28.66,49.2,75.66,1.0,60.53,0.84,50.71,0.67
2024-08-21,10:45,August,Monsoon,Flat,62,661.67,28.66,49.2,75.66,1.0,60.53,0.84,50.71,0.67
2024-08-21,11:00,August,Monsoon,Flat,62,716.78,29.91,51.83,74.83,1.09,59.87,0.91,54.47,0.67
2024-08-21,11:15,August,Monsoon,Flat,62,716.78,29.91,51.83,74.83,1.09,59.87,0.91,54.47,0.67
2024-08-21,11:30,August,Monsoon,Flat,62,716.78,29.91,51.83,74.83,1.09,59.87,0.91,54.47,0.67
2024-08-21,11:45,August,Monsoon,Flat,62,716.78,29.91,51.83,74.83,1.09,59.87,0.91,54.47,0.67
2024-08-21,12:00,August,Monsoon,Flat,62,631.22,30.97,50.75,75.17,0.96,60.14,0.8,48.13,0.67
2024-08-21,12:15,August,Monsoon,Flat,62,631.22,30.97,50.75,75.17,0.96,60.14,0.8,48.13,0.67
2024-08-21,12:30,August,Monsoon,Flat,62,631.22,30.97,50.75,75.17,0.96,60.14,0.8,48.13,0.67
2024-08-21,12:45,August,Monsoon,Flat,62,631.22,30.97,50.75,75.17,0.96,60.14,0.8,48.13,0.67
2024-08-21,13:00,August,Monsoon,Flat,62,675.7,30.78,51.67,74.88,1.02,59.91,0.86,51.37,0.67
2024-08-21,13:15,August,Monsoon,Flat,62,675.7,30.78,51.67,74.88,1.02,59.91,0.86,51.37,0.67
2024-08-21,13:30,August,Monsoon,Flat,62,675.7,30.78,51.67,74.88,1.02,59.91,0.86,51.37,0.67
2024-08-21,13:45,August,Monsoon,Flat,62,675.7,30.78,51.67,74.88,1.02,59.91,0.86,51.37,0.67
2024-08-21,14:00,August,Monsoon,Flat,62,548.5,30.86,48.57,75.86,0.83,60.69,0.69,42.12,0.67
2024-08-21,14:15,August,Monsoon,Flat,62,548.5,30.86,48.57,75.86,0.83,60.69,0.69,42.12,0.67
2024-08-21,14:30,August,Monsoon,Flat,62,548.5,30.86,48.57,75.86,0.83,60.69,0.69,42.12,0.67
2024-08-21,14:45,August,Monsoon,Flat,62,548.5,30.86,48.57,75.86,0.83,60.69,0.69,42.12,0.67
2024-08-21,15:00,August,Monsoon,Flat,62,376.45,30.31,43.72,77.4,0.57,61.92,0.47,29.35,0.67
2024-08-21,15:15,August,Monsoon,Flat,62,376.45,30.31,43.72,77.4,0.57,61.92,0.47,29.35,0.67
2024-08-21,15:30,August,Monsoon,Flat,62,376.45,30.31,43.72,77.4,0.57,61.92,0.47,29.35,0.67
2024-08-21,15:45,August,Monsoon,Flat,62,376.45,30.31,43.72,77.4,0.57,61.92,0.47,29.35,0.67
2024-08-21,16:00,August,Monsoon,Flat,62,198.35,28.98,37.94,79.23,0.3,63.38,0.25,15.74,0.67
2024-08-21,16:15,August,Monsoon,Flat,62,198.35,28.98,37.94,79.23,0.3,63.38,0.25,15.74,0.67
2024-08-21,16:30,August,Monsoon,Flat,62,198.35,28.98,37.94,79.23,0.3,63.38,0.25,15.74,0.67
2024-08-21,16:45,August,Monsoon,Flat,62,198.35,28.98,37.94,79.23,0.3,63.38,0.25,15.74,0.67
2024-08-21,17:00,August,Monsoon,Flat,62,44.97,27.24,32.36,81.0,0.07,64.8,0.06,3.63,0.67
2024-08-21,17:15,August,Monsoon,Flat,62,44.97,27.24,32.36,81.0,0.07,64.8,0.06,3.63,0.67
2024-08-21,17:30,August,Monsoon,Flat,62,44.97,27.24,32.36,81.0,0.07,64.8,0.06,3.63,0.67
2024-08-21,17:45,August,Monsoon,Flat,62,44.97,27.24,32.36,81.0,0.07,64.8,0.06,3.63,0.67
2024-08-22,06:00,August,Monsoon,Flat,62,78.9,24.95,30.92,81.45,0.12,65.16,0.1,6.39,0.67
2024-08-22,06:15,August,Monsoon,Flat,62,78.9,24.95,30.92,81.45,0.12,65.16,0.1,6.39,0.67
2024-08-22,06:30,August,Monsoon,Flat,62,78.9,24.95,30.92,81.45,0.12,65.16,0.1,6.39,0.67
2024-08-22,06:45,August,Monsoon,Flat,62,78.9,24.95,30.92,81.45,0.12,65.16,0.1,6.39,0.67
2024-08-22,07:00,August,Monsoon,Flat,62,200.05,27.0,36.0,79.84,0.3,63.88,0.25,15.97,0.67
2024-08-22,07:15,August,Monsoon,Flat,62,200.05,27.0,36.0,79.84,0.3,63.88,0.25,15.97,0.67
2024-08-22,07:30,August,Monsoon,Flat,62,200.05,27.0,36.0,79.84,0.3,63.88,0.25,15.97,0.67
2024-08-22,07:45,August,Monsoon,Flat,62,200.05,27.0,36.0,79.84,0.3,63.88,0.25,15.97,0.67
2024-08-22,08:00,August,Monsoon,Flat,62,378.12,29.07,42.52,77.78,0.57,62.22,0.48,29.59,0.67
2024-08-22,08:15,August,Monsoon,Flat,62,378.12,29.07,42.52,77.78,0.57,62.22,0.48,29.59,0.67
2024-08-22,08:30,August,Monsoon,Flat,62,378.12,29.07,42.52,77.78,0.57,62.22,0.48,29.59,0.67
2024-08-22,08:45,August,Monsoon,Flat,62,378.12,29.07,42.52,77.78,0.57,62.22,0.48,29.59,0.67
2024-08-22,09:00,August,Monsoon,Flat,62,421.23,30.74,45.27,76.91,0.63,61.53,0.53,32.69,0.67
2024-08-22,09:15,August,Monsoon,Flat,62,421.23,30.74,45.27,76.91,0.63,61.53,0.53,32.69,0.67
2024-08-22,09:30,August,Monsoon,Flat,62,421.23,30.74,45.27,76.91,0.63,61.53,0.53,32.69,0.67
2024-08-22,09:45,August,Monsoon,Flat,62,421.23,30.74,45.27,76.91,0.63,61.53,0.53,32.69,0.67
2024-08-22,10:00,August,Monsoon,Flat,62,570.1,31.72,49.97,75.42,0.86,60.34,0.72,43.58,0.67
2024-08-22,10:15,August,Monsoon,Flat,62,570.1,31.72,49.97,75.42,0.86,60.34,0.72,43.58,0.67
2024-08-22,10:30,August,Monsoon,Flat,62,570.1,31.72,49.97,75.42,0.86,60.34,0.72,43.58,0.67
2024-08-22,10:45,August,Monsoon,Flat,62,570.1,31.72,49.97,75.42,0.86,60.34,0.72,43.58,0.67
2024-08-22,11:00,August,Monsoon,Flat,62,620.17,32.4,51.9,74.81,0.94,59.85,0.79,47.11,0.67
2024-08-22,11:15,August,Monsoon,Flat,62,620.17,32.4,51.9,74.81,0.94,59.85,0.79,47.11,0.67
2024-08-22,11:30,August,Monsoon,Flat,62,620.17,32.4,51.9,74.81,0.94,59.85,0.79,47.11,0.67
2024-08-22,11:45,August,Monsoon,Flat,62,620.17,32.4,51.9,74.81,0.94,59.85,0.79,47.11,0.67
2024-08-22,12:00,August,Monsoon,Flat,62,644.95,32.73,52.85,74.51,0.98,59.61,0.82,48.85,0.67
2024-08-22,12:15,August,Monsoon,Flat,62,644.95,32.73,52.85,74.51,0.98,59.61,0.82,48.85,0.67
2024-08-22,12:30,August,Monsoon,Flat,62,644.95,32.73,52.85,74.51,0.98,59.61,0.82,48.85,0.67
2024-08-22,12:45,August,Monsoon,Flat,62,644.95,32.73,52.85,74.51,0.98,59.61,0.82,48.85,0.67
2024-08-22,13:00,August,Monsoon,Flat,62,537.5,32.83,50.27,75.33,0.81,60.26,0.68,41.05,0.67
2024-08-22,13:15,August,Monsoon,Flat,62,537.5,32.83,50.27,75.33,0.81,60.26,0.68,41.05,0.67
2024-08-22,13:30,August,Monsoon,Flat,62,537.5,32.83,50.27,75.33,0.81,60.26,0.68,41.05,0.67
2024-08-22,13:45,August,Monsoon,Flat,62,537.5,32.83,50.27,75.33,0.81,60.26,0.68,41.05,0.67
2024-08-22,14:00,August,Monsoon,Flat,62,490.27,32.74,49.0,75.73,0.74,60.58,0.62,37.6,0.67
2024-08-22,14:15,August,Monsoon,Flat,62,490.27,32.74,49.0,75.73,0.74,60.58,0.62,37.6,0.67
2024-08-22,14:30,August,Monsoon,Flat,62,490.27,32.74,49.0,75.73,0.74,60.58,0.62,37.6,0.67
2024-08-22,14:45,August,Monsoon,Flat,62,490.27,32.74,49.0,75.73,0.74,60.58,0.62,37.6,0.67
2024-08-22,15:00,August,Monsoon,Flat,62,324.85,32.07,44.19,77.25,0.49,61.8,0.41,25.29,0.67
2024-08-22,15:15,August,Monsoon,Flat,62,324.85,32.07,44.19,77.25,0.49,61.8,0.41,25.29,0.67
2024-08-22,15:30,August,Monsoon,Flat,62,324.85,32.07,44.19,77.25,0.49,61.8,0.41,25.29,0.67
2024-08-22,15:45,August,Monsoon,Flat,62,324.85,32.07,44.19,77.25,0.49,61.8,0.41,25.29,0.67
2024-08-22,16:00,August,Monsoon,Flat,62,176.35,31.16,39.57,78.71,0.26,62.97,0.22,13.93,0.67
2024-08-22,16:15,August,Monsoon,Flat,62,176.35,31.16,39.57,78.71,0.26,62.97,0.22,13.93,0.67
2024-08-22,16:30,August,Monsoon,Flat,62,176.35,31.16,39.57,78.71,0.26,62.97,0.22,13.93,0.67
2024-08-22,16:45,August,Monsoon,Flat,62,176.35,31.16,39.57,78.71,0.26,62.97,0.22,13.93,0.67
2024-08-22,17:00,August,Monsoon,Flat,62,44.25,29.46,34.57,80.3,0.07,64.24,0.06,3.55,0.67
2024-08-22,17:15,August,Monsoon,Flat,62,44.25,29.46,34.57,80.3,0.07,64.24,0.06,3.55,0.67
2024-08-22,17:30,August,Monsoon,Flat,62,44.25,29.46,34.57,80.3,0.07,64.24,0.06,3.55,0.67
2024-08-22,17:45,August,Monsoon,Flat,62,44.25,29.46,34.57,80.3,0.07,64.24,0.06,3.55,0.67
2024-08-23,06:00,August,Monsoon,Flat,62,117.2,24.58,31.51,81.27,0.17,65.01,0.15,9.48,0.67
2024-08-23,06:15,August,Monsoon,Flat,62,117.2,24.58,31.51,81.27,0.17,65.01,0.15,9.48,0.67
2024-08-23,06:30,August,Monsoon,Flat,62,117.2,24.58,31.51,81.27,0.17,65.01,0.15,9.48,0.67
2024-08-23,06:45,August,Monsoon,Flat,62,117.2,24.58,31.51,81.27,0.17,65.01,0.15,9.48,0.67
2024-08-23,07:00,August,Monsoon,Flat,62,344.98,26.85,39.47,78.74,0.52,63.0,0.43,27.25,0.67
2024-08-23,07:15,August,Monsoon,Flat,62,344.98,26.85,39.47,78.74,0.52,63.0,0.43,27.25,0.67
2024-08-23,07:30,August,Monsoon,Flat,62,344.98,26.85,39.47,78.74,0.52,63.0,0.43,27.25,0.67
2024-08-23,07:45,August,Monsoon,Flat,62,344.98,26.85,39.47,78.74,0.52,63.0,0.43,27.25,0.67
2024-08-23,08:00,August,Monsoon,Flat,62,577.42,29.08,47.52,76.2,0.87,60.96,0.73,44.49,0.67
2024-08-23,08:15,August,Monsoon,Flat,62,577.42,29.08,47.52,76.2,0.87,60.96,0.73,44.49,0.67
2024-08-23,08:30,August,Monsoon,Flat,62,577.42,29.08,47.52,76.2,0.87,60.96,0.73,44.49,0.67
2024-08-23,08:45,August,Monsoon,Flat,62,577.42,29.08,47.52,76.2,0.87,60.96,0.73,44.49,0.67
2024-08-23,09:00,August,Monsoon,Flat,62,696.83,31.21,52.63,74.58,1.06,59.66,0.89,52.81,0.67
2024-08-23,09:15,August,Monsoon,Flat,62,696.83,31.21,52.63,74.58,1.06,59.66,0.89,52.81,0.67
2024-08-23,09:30,August,Monsoon,Flat,62,696.83,31.21,52.63,74.58,1.06,59.66,0.89,52.81,0.67
2024-08-23,09:45,August,Monsoon,Flat,62,696.83,31.21,52.63,74.58,1.06,59.66,0.89,52.81,0.67
2024-08-23,10:00,August,Monsoon,Flat,62,802.5,32.96,57.02,73.19,1.22,58.55,1.02,59.94,0.67
2024-08-23,10:15,August,Monsoon,Flat,62,802.5,32.96,57.02,73.19,1.22,58.55,1.02,59.94,0.67
2024-08-23,10:30,August,Monsoon,Flat,62,802.5,32.96,57.02,73.19,1.22,58.55,1.02,59.94,0.67
2024-08-23,10:45,August,Monsoon,Flat,62,802.5,32.96,57.02,73.19,1.22,58.55,1.02,59.94,0.67
2024-08-23,11:00,August,Monsoon,Flat,62,815.7,34.2,58.59,72.69,1.24,58.15,1.04,60.61,0.67
2024-08-23,11:15,August,Monsoon,Flat,62,815.7,34.2,58.59,72.69,1.24,58.15,1.04,60.61,0.67
2024-08-23,11:30,August,Monsoon,Flat,62,815.7,34.2,58.59,72.69,1.24,58.15,1.04,60.61,0.67
2024-08-23,11:45,August,Monsoon,Flat,62,815.7,34.2,58.59,72.69,1.24,58.15,1.04,60.61,0.67
2024-08-23,12:00,August,Monsoon,Flat,62,839.65,34.96,59.95,72.26,1.28,57.81,1.07,62.1,0.67
2024-08-23,12:15,August,Monsoon,Flat,62,839.65,34.96,59.95,72.26,1.28,57.81,1.07,62.1,0.67
2024-08-23,12:30,August,Monsoon,Flat,62,839.65,34.96,59.95,72.26,1.28,57.81,1.07,62.1,0.67
2024-08-23,12:45,August,Monsoon,Flat,62,839.65,34.96,59.95,72.26,1.28,57.81,1.07,62.1,0.67
2024-08-23,13:00,August,Monsoon,Flat,62,709.33,35.16,56.89,73.23,1.08,58.58,0.9,53.01,0.67
2024-08-23,13:15,August,Monsoon,Flat,62,709.33,35.16,56.89,73.23,1.08,58.58,0.9,53.01,0.67
2024-08-23,13:30,August,Monsoon,Flat,62,709.33,35.16,56.89,73.23,1.08,58.58,0.9,53.01,0.67
2024-08-23,13:45,August,Monsoon,Flat,62,709.33,35.16,56.89,73.23,1.08,58.58,0.9,53.01,0.67
2024-08-23,14:00,August,Monsoon,Flat,62,549.85,34.8,52.55,74.61,0.83,59.68,0.7,41.68,0.67
2024-08-23,14:15,August,Monsoon,Flat,62,549.85,34.8,52.55,74.61,0.83,59.68,0.7,41.68,0.67
2024-08-23,14:30,August,Monsoon,Flat,62,549.85,34.8,52.55,74.61,0.83,59.68,0.7,41.68,0.67
2024-08-23,14:45,August,Monsoon,Flat,62,549.85,34.8,52.55,74.61,0.83,59.68,0.7,41.68,0.67
2024-08-23,15:00,August,Monsoon,Flat,62,420.2,33.48,47.98,76.05,0.63,60.84,0.53,32.33,0.67
2024-08-23,15:15,August,Monsoon,Flat,62,420.2,33.48,47.98,76.05,0.63,60.84,0.53,32.33,0.67
2024-08-23,15:30,August,Monsoon,Flat,62,420.2,33.48,47.98,76.05,0.63,60.84,0.53,32.33,0.67
2024-08-23,15:45,August,Monsoon,Flat,62,420.2,33.48,47.98,76.05,0.63,60.84,0.53,32.33,0.67
2024-08-23,16:00,August,Monsoon,Flat,62,229.4,31.64,41.38,78.14,0.34,62.51,0.29,18.02,0.67
2024-08-23,16:15,August,Monsoon,Flat,62,229.4,31.64,41.38,78.14,0.34,62.51,0.29,18.02,0.67
2024-08-23,16:30,August,Monsoon,Flat,62,229.4,31.64,41.38,78.14,0.34,62.51,0.29,18.02,0.67
2024-08-23,16:45,August,Monsoon,Flat,62,229.4,31.64,41.38,78.14,0.34,62.51,0.29,18.02,0.67
2024-08-23,17:00,August,Monsoon,Flat,62,50.2,29.79,35.05,80.15,0.07,64.12,0.06,4.02,0.67
2024-08-23,17:15,August,Monsoon,Flat,62,50.2,29.79,35.05,80.15,0.07,64.12,0.06,4.02,0.67
2024-08-23,17:30,August,Monsoon,Flat,62,50.2,29.79,35.05,80.15,0.07,64.12,0.06,4.02,0.67
2024-08-23,17:45,August,Monsoon,Flat,62,50.2,29.79,35.05,80.15,0.07,64.12,0.06,4.02,0.67
2024-08-24,06:00,August,Monsoon,Flat,62,81.0,24.95,30.97,81.44,0.12,65.15,0.1,6.56,0.67
2024-08-24,06:15,August,Monsoon,Flat,62,81.0,24.95,30.97,81.44,0.12,65.15,0.1,6.56,0.67
2024-08-24,06:30,August,Monsoon,Flat,62,81.0,24.95,30.97,81.44,0.12,65.15,0.1,6.56,0.67
2024-08-24,06:45,August,Monsoon,Flat,62,81.0,24.95,30.97,81.44,0.12,65.15,0.1,6.56,0.67
2024-08-24,07:00,August,Monsoon,Flat,62,244.38,27.09,37.2,79.47,0.37,63.57,0.31,19.44,0.67
2024-08-24,07:15,August,Monsoon,Flat,62,244.38,27.09,37.2,79.47,0.37,63.57,0.31,19.44,0.67
2024-08-24,07:30,August,Monsoon,Flat,62,244.38,27.09,37.2,79.47,0.37,63.57,0.31,19.44,0.67
2024-08-24,07:45,August,Monsoon,Flat,62,244.38,27.09,37.2,79.47,0.37,63.57,0.31,19.44,0.67
2024-08-24,08:00,August,Monsoon,Flat,62,427.38,29.24,43.92,77.34,0.64,61.87,0.54,33.3,0.67
2024-08-24,08:15,August,Monsoon,Flat,62,427.38,29.24,43.92,77.34,0.64,61.87,0.54,33.3,0.67
2024-08-24,08:30,August,Monsoon,Flat,62,427.38,29.24,43.92,77.34,0.64,61.87,0.54,33.3,0.67
2024-08-24,08:45,August,Monsoon,Flat,62,427.38,29.24,43.92,77.34,0.64,61.87,0.54,33.3,0.67
2024-08-24,09:00,August,Monsoon,Flat,62,577.25,31.0,49.43,75.59,0.87,60.47,0.73,44.21,0.67
2024-08-24,09:15,August,Monsoon,Flat,62,577.25,31.0,49.43,75.59,0.87,60.47,0.73,44.21,0.67
2024-08-24,09:30,August,Monsoon,Flat,62,577.25,31.0,49.43,75.59,0.87,60.47,0.73,44.21,0.67
2024-08-24,09:45,August,Monsoon,Flat,62,577.25,31.0,49.43,75.59,0.87,60.47,0.73,44.21,0.67
2024-08-24,10:00,August,Monsoon,Flat,62,655.47,32.44,52.83,74.52,0.99,59.61,0.83,49.65,0.67
2024-08-24,10:15,August,Monsoon,Flat,62,655.47,32.44,52.83,74.52,0.99,59.61,0.83,49.65,0.67
2024-08-24,10:30,August,Monsoon,Flat,62,655.47,32.44,52.83,74.52,0.99,59.61,0.83,49.65,0.67
2024-08-24,10:45,August,Monsoon,Flat,62,655.47,32.44,52.83,74.52,0.99,59.61,0.83,49.65,0.67
2024-08-24,11:00,August,Monsoon,Flat,62,701.2,33.48,55.01,73.83,1.07,59.06,0.89,52.73,0.67
2024-08-24,11:15,August,Monsoon,Flat,62,701.2,33.48,55.01,73.83,1.07,59.06,0.89,52.73,0.67
2024-08-24,11:30,August,Monsoon,Flat,62,701.2,33.48,55.01,73.83,1.07,59.06,0.89,52.73,0.67
2024-08-24,11:45,August,Monsoon,Flat,62,701.2,33.48,55.01,73.83,1.07,59.06,0.89,52.73,0.67
2024-08-24,12:00,August,Monsoon,Flat,62,635.55,33.97,53.86,74.19,0.97,59.35,0.81,47.97,0.67
2024-08-24,12:15,August,Monsoon,Flat,62,635.55,33.97,53.86,74.19,0.97,59.35,0.81,47.97,0.67
2024-08-24,12:30,August,Monsoon,Flat,62,635.55,33.97,53.86,74.19,0.97,59.35,0.81,47.97,0.67
2024-08-24,12:45,August,Monsoon,Flat,62,635.55,33.97,53.86,74.19,0.97,59.35,0.81,47.97,0.67
2024-08-24,13:00,August,Monsoon,Flat,62,600.72,34.14,53.16,74.41,0.91,59.53,0.76,45.45,0.67
2024-08-24,13:15,August,Monsoon,Flat,62,600.72,34.14,53.16,74.41,0.91,59.53,0.76,45.45,0.67
2024-08-24,13:30,August,Monsoon,Flat,62,600.72,34.14,53.16,74.41,0.91,59.53,0.76,45.45,0.67
2024-08-24,13:45,August,Monsoon,Flat,62,600.72,34.14,53.16,74.41,0.91,59.53,0.76,45.45,0.67
2024-08-24,14:00,August,Monsoon,Flat,62,576.2,33.85,52.26,74.7,0.87,59.76,0.73,43.72,0.67
2024-08-24,14:15,August,Monsoon,Flat,62,576.2,33.85,52.26,74.7,0.87,59.76,0.73,43.72,0.67
2024-08-24,14:30,August,Monsoon,Flat,62,576.2,33.85,52.26,74.7,0.87,59.76,0.73,43.72,0.67
2024-08-24,14:45,August,Monsoon,Flat,62,576.2,33.85,52.26,74.7,0.87,59.76,0.73,43.72,0.67
2024-08-24,15:00,August,Monsoon,Flat,62,428.35,33.01,47.72,76.13,0.65,60.91,0.54,32.98,0.67
2024-08-24,15:15,August,Monsoon,Flat,62,428.35,33.01,47.72,76.13,0.65,60.91,0.54,32.98,0.67
2024-08-24,15:30,August,Monsoon,Flat,62,428.35,33.01,47.72,76.13,0.65,60.91,0.54,32.98,0.67
2024-08-24,15:45,August,Monsoon,Flat,62,428.35,33.01,47.72,76.13,0.65,60.91,0.54,32.98,0.67
2024-08-24,16:00,August,Monsoon,Flat,62,232.6,31.58,41.39,78.14,0.35,62.51,0.29,18.27,0.67
2024-08-24,16:15,August,Monsoon,Flat,62,232.6,31.58,41.39,78.14,0.35,62.51,0.29,18.27,0.67
2024-08-24,16:30,August,Monsoon,Flat,62,232.6,31.58,41.39,78.14,0.35,62.51,0.29,18.27,0.67
2024-08-24,16:45,August,Monsoon,Flat,62,232.6,31.58,41.39,78.14,0.35,62.51,0.29,18.27,0.67
2024-08-24,17:00,August,Monsoon,Flat,62,48.75,29.61,34.83,80.22,0.07,64.17,0.06,3.91,0.67
2024-08-24,17:15,August,Monsoon,Flat,62,48.75,29.61,34.83,80.22,0.07,64.17,0.06,3.91,0.67
2024-08-24,17:30,August,Monsoon,Flat,62,48.75,29.61,34.83,80.22,0.07,64.17,0.06,3.91,0.67
2024-08-24,17:45,August,Monsoon,Flat,62,48.75,29.61,34.83,80.22,0.07,64.17,0.06,3.91,0.67
2024-08-25,06:00,August,Monsoon,Flat,62,97.4,25.12,31.55,81.25,0.14,65.0,0.12,7.88,0.67
2024-08-25,06:15,August,Monsoon,Flat,62,97.4,25.12,31.55,81.25,0.14,65.0,0.12,7.88,0.67
2024-08-25,06:30,August,Monsoon,Flat,62,97.4,25.12,31.55,81.25,0.14,65.0,0.12,7.88,0.67
2024-08-25,06:45,August,Monsoon,Flat,62,97.4,25.12,31.55,81.25,0.14,65.0,0.12,7.88,0.67
2024-08-25,07:00,August,Monsoon,Flat,62,297.38,26.98,38.41,79.08,0.44,63.26,0.37,23.57,0.67
2024-08-25,07:15,August,Monsoon,Flat,62,297.38,26.98,38.41,79.08,0.44,63.26,0.37,23.57,0.67
2024-08-25,07:30,August,Monsoon,Flat,62,297.38,26.98,38.41,79.08,0.44,63.26,0.37,23.57,0.67
2024-08-25,07:45,August,Monsoon,Flat,62,297.38,26.98,38.41,79.08,0.44,63.26,0.37,23.57,0.67
2024-08-25,08:00,August,Monsoon,Flat,62,520.65,29.01,46.03,76.67,0.78,61.34,0.66,40.31,0.67
2024-08-25,08:15,August,Monsoon,Flat,62,520.65,29.01,46.03,76.67,0.78,61.34,0.66,40.31,0.67
2024-08-25,08:30,August,Monsoon,Flat,62,520.65,29.01,46.03,76.67,0.78,61.34,0.66,40.31,0.67
2024-08-25,08:45,August,Monsoon,Flat,62,520.65,29.01,46.03,76.67,0.78,61.34,0.66,40.31,0.67
2024-08-25,09:00,August,Monsoon,Flat,62,699.22,30.65,52.13,74.74,1.06,59.79,0.89,53.08,0.67
2024-08-25,09:15,August,Monsoon,Flat,62,699.22,30.65,52.13,74.74,1.06,59.79,0.89,53.08,0.67
2024-08-25,09:30,August,Monsoon,Flat,62,699.22,30.65,52.13,74.74,1.06,59.79,0.89,53.08,0.67
2024-08-25,09:45,August,Monsoon,Flat,62,699.22,30.65,52.13,74.74,1.06,59.79,0.89,53.08,0.67
2024-08-25,10:00,August,Monsoon,Flat,62,731.85,32.07,54.37,74.03,1.11,59.22,0.93,55.15,0.67
2024-08-25,10:15,August,Monsoon,Flat,62,731.85,32.07,54.37,74.03,1.11,59.22,0.93,55.15,0.67
2024-08-25,10:30,August,Monsoon,Flat,62,731.85,32.07,54.37,74.03,1.11,59.22,0.93,55.15,0.67
2024-08-25,10:45,August,Monsoon,Flat,62,731.85,32.07,54.37,74.03,1.11,59.22,0.93,55.15,0.67
2024-08-25,11:00,August,Monsoon,Flat,62,797.22,33.17,57.1,73.16,1.21,58.53,1.02,59.53,0.67
2024-08-25,11:15,August,Monsoon,Flat,62,797.22,33.17,57.1,73.16,1.21,58.53,1.02,59.53,0.67
2024-08-25,11:30,August,Monsoon,Flat,62,797.22,33.17,57.1,73.16,1.21,58.53,1.02,59.53,0.67
2024-08-25,11:45,August,Monsoon,Flat,62,797.22,33.17,57.1,73.16,1.21,58.53,1.02,59.53,0.67
2024-08-25,12:00,August,Monsoon,Flat,62,766.35,33.8,56.96,73.21,1.17,58.57,0.98,57.25,0.67
2024-08-25,12:15,August,Monsoon,Flat,62,766.35,33.8,56.96,73.21,1.17,58.57,0.98,57.25,0.67
2024-08-25,12:30,August,Monsoon,Flat,62,766.35,33.8,56.96,73.21,1.17,58.57,0.98,57.25,0.67
2024-08-25,12:45,August,Monsoon,Flat,62,766.35,33.8,56.96,73.21,1.17,58.57,0.98,57.25,0.67
2024-08-25,13:00,August,Monsoon,Flat,62,682.3,34.11,55.17,73.78,1.04,59.02,0.87,51.28,0.67
2024-08-25,13:15,August,Monsoon,Flat,62,682.3,34.11,55.17,73.78,1.04,59.02,0.87,51.28,0.67
2024-08-25,13:30,August,Monsoon,Flat,62,682.3,34.11,55.17,73.78,1.04,59.02,0.87,51.28,0.67
2024-08-25,13:45,August,Monsoon,Flat,62,682.3,34.11,55.17,73.78,1.04,59.02,0.87,51.28,0.67
2024-08-25,14:00,August,Monsoon,Flat,62,600.33,33.86,52.87,74.5,0.91,59.6,0.76,45.46,0.67
2024-08-25,14:15,August,Monsoon,Flat,62,600.33,33.86,52.87,74.5,0.91,59.6,0.76,45.46,0.67
2024-08-25,14:30,August,Monsoon,Flat,62,600.33,33.86,52.87,74.5,0.91,59.6,0.76,45.46,0.67
2024-08-25,14:45,August,Monsoon,Flat,62,600.33,33.86,52.87,74.5,0.91,59.6,0.76,45.46,0.67
2024-08-25,15:00,August,Monsoon,Flat,62,434.92,33.03,47.9,76.08,0.66,60.86,0.55,33.47,0.67
2024-08-25,15:15,August,Monsoon,Flat,62,434.92,33.03,47.9,76.08,0.66,60.86,0.55,33.47,0.67
2024-08-25,15:30,August,Monsoon,Flat,62,434.92,33.03,47.9,76.08,0.66,60.86,0.55,33.47,0.67
2024-08-25,15:45,August,Monsoon,Flat,62,434.92,33.03,47.9,76.08,0.66,60.86,0.55,33.47,0.67
2024-08-25,16:00,August,Monsoon,Flat,62,233.15,31.6,41.43,78.13,0.35,62.5,0.29,18.31,0.67
2024-08-25,16:15,August,Monsoon,Flat,62,233.15,31.6,41.43,78.13,0.35,62.5,0.29,18.31,0.67
2024-08-25,16:30,August,Monsoon,Flat,62,233.15,31.6,41.43,78.13,0.35,62.5,0.29,18.31,0.67
2024-08-25,16:45,August,Monsoon,Flat,62,233.15,31.6,41.43,78.13,0.35,62.5,0.29,18.31,0.67
2024-08-25,17:00,August,Monsoon,Flat,62,50.35,29.58,34.84,80.21,0.08,64.17,0.06,4.03,0.67
2024-08-25,17:15,August,Monsoon,Flat,62,50.35,29.58,34.84,80.21,0.08,64.17,0.06,4.03,0.67
2024-08-25,17:30,August,Monsoon,Flat,62,50.35,29.58,34.84,80.21,0.08,64.17,0.06,4.03,0.67
2024-08-25,17:45,August,Monsoon,Flat,62,50.35,29.58,34.84,80.21,0.08,64.17,0.06,4.03,0.67
2024-08-26,06:00,August,Monsoon,Flat,62,104.07,24.97,31.57,81.25,0.15,65.0,0.13,8.42,0.67
2024-08-26,06:15,August,Monsoon,Flat,62,104.07,24.97,31.57,81.25,0.15,65.0,0.13,8.42,0.67
2024-08-26,06:30,August,Monsoon,Flat,62,104.07,24.97,31.57,81.25,0.15,65.0,0.13,8.42,0.67
2024-08-26,06:45,August,Monsoon,Flat,62,104.07,24.97,31.57,81.25,0.15,65.0,0.13,8.42,0.67
2024-08-26,07:00,August,Monsoon,Flat,62,301.27,27.12,38.65,79.01,0.45,63.2,0.38,23.86,0.67
2024-08-26,07:15,August,Monsoon,Flat,62,301.27,27.12,38.65,79.01,0.45,63.2,0.38,23.86,0.67
2024-08-26,07:30,August,Monsoon,Flat,62,301.27,27.12,38.65,79.01,0.45,63.2,0.38,23.86,0.67
2024-08-26,07:45,August,Monsoon,Flat,62,301.27,27.12,38.65,79.01,0.45,63.2,0.38,23.86,0.67
2024-08-26,08:00,August,Monsoon,Flat,62,538.67,29.27,46.74,76.45,0.81,61.16,0.68,41.61,0.67
2024-08-26,08:15,August,Monsoon,Flat,62,538.67,29.27,46.74,76.45,0.81,61.16,0.68,41.61,0.67
2024-08-26,08:30,August,Monsoon,Flat,62,538.67,29.27,46.74,76.45,0.81,61.16,0.68,41.61,0.67
2024-08-26,08:45,August,Monsoon,Flat,62,538.67,29.27,46.74,76.45,0.81,61.16,0.68,41.61,0.67
2024-08-26,09:00,August,Monsoon,Flat,62,616.83,31.22,50.64,75.21,0.93,60.17,0.78,47.05,0.67
2024-08-26,09:15,August,Monsoon,Flat,62,616.83,31.22,50.64,75.21,0.93,60.17,0.78,47.05,0.67
2024-08-26,09:30,August,Monsoon,Flat,62,616.83,31.22,50.64,75.21,0.93,60.17,0.78,47.05,0.67
2024-08-26,09:45,August,Monsoon,Flat,62,616.83,31.22,50.64,75.21,0.93,60.17,0.78,47.05,0.67
2024-08-26,10:00,August,Monsoon,Flat,62,595.88,32.97,51.87,74.82,0.9,59.86,0.76,45.27,0.67
2024-08-26,10:15,August,Monsoon,Flat,62,595.88,32.97,51.87,74.82,0.9,59.86,0.76,45.27,0.67
2024-08-26,10:30,August,Monsoon,Flat,62,595.88,32.97,51.87,74.82,0.9,59.86,0.76,45.27,0.67
2024-08-26,10:45,August,Monsoon,Flat,62,595.88,32.97,51.87,74.82,0.9,59.86,0.76,45.27,0.67
2024-08-26,11:00,August,Monsoon,Flat,62,690.22,34.33,55.59,73.64,1.05,58.91,0.88,51.8,0.67
2024-08-26,11:15,August,Monsoon,Flat,62,690.22,34.33,55.59,73.64,1.05,58.91,0.88,51.8,0.67
2024-08-26,11:30,August,Monsoon,Flat,62,690.22,34.33,55.59,73.64,1.05,58.91,0.88,51.8,0.67
2024-08-26,11:45,August,Monsoon,Flat,62,690.22,34.33,55.59,73.64,1.05,58.91,0.88,51.8,0.67
2024-08-26,12:00,August,Monsoon,Flat,62,650.8,35.13,55.4,73.7,0.99,58.96,0.83,48.88,0.67
2024-08-26,12:15,August,Monsoon,Flat,62,650.8,35.13,55.4,73.7,0.99,58.96,0.83,48.88,0.67
2024-08-26,12:30,August,Monsoon,Flat,62,650.8,35.13,55.4,73.7,0.99,58.96,0.83,48.88,0.67
2024-08-26,12:45,August,Monsoon,Flat,62,650.8,35.13,55.4,73.7,0.99,58.96,0.83,48.88,0.67
2024-08-26,13:00,August,Monsoon,Flat,62,710.17,35.24,56.99,73.2,1.08,58.56,0.91,53.05,0.67
2024-08-26,13:15,August,Monsoon,Flat,62,710.17,35.24,56.99,73.2,1.08,58.56,0.91,53.05,0.67
2024-08-26,13:30,August,Monsoon,Flat,62,710.17,35.24,56.99,73.2,1.08,58.56,0.91,53.05,0.67
2024-08-26,13:45,August,Monsoon,Flat,62,710.17,35.24,56.99,73.2,1.08,58.56,0.91,53.05,0.67
2024-08-26,14:00,August,Monsoon,Flat,62,542.5,34.69,52.25,74.7,0.82,59.76,0.69,41.17,0.67
2024-08-26,14:15,August,Monsoon,Flat,62,542.5,34.69,52.25,74.7,0.82,59.76,0.69,41.17,0.67
2024-08-26,14:30,August,Monsoon,Flat,62,542.5,34.69,52.25,74.7,0.82,59.76,0.69,41.17,0.67
2024-08-26,14:45,August,Monsoon,Flat,62,542.5,34.69,52.25,74.7,0.82,59.76,0.69,41.17,0.67
2024-08-26,15:00,August,Monsoon,Flat,62,403.52,33.66,47.75,76.12,0.61,60.9,0.51,31.07,0.67
2024-08-26,15:15,August,Monsoon,Flat,62,403.52,33.66,47.75,76.12,0.61,60.9,0.51,31.07,0.67
2024-08-26,15:30,August,Monsoon,Flat,62,403.52,33.66,47.75,76.12,0.61,60.9,0.51,31.07,0.67
2024-08-26,15:45,August,Monsoon,Flat,62,403.52,33.66,47.75,76.12,0.61,60.9,0.51,31.07,0.67
2024-08-26,16:00,August,Monsoon,Flat,62,209.48,32.08,41.32,78.16,0.31,62.53,0.26,16.46,0.67
2024-08-26,16:15,August,Monsoon,Flat,62,209.48,32.08,41.32,78.16,0.31,62.53,0.26,16.46,0.67
2024-08-26,16:30,August,Monsoon,Flat,62,209.48,32.08,41.32,78.16,0.31,62.53,0.26,16.46,0.67
2024-08-26,16:45,August,Monsoon,Flat,62,209.48,32.08,41.32,78.16,0.31,62.53,0.26,16.46,0.67
2024-08-26,17:00,August,Monsoon,Flat,62,45.45,29.93,35.07,80.14,0.07,64.11,0.06,3.64,0.67
2024-08-26,17:15,August,Monsoon,Flat,62,45.45,29.93,35.07,80.14,0.07,64.11,0.06,3.64,0.67
2024-08-26,17:30,August,Monsoon,Flat,62,45.45,29.93,35.07,80.14,0.07,64.11,0.06,3.64,0.67
2024-08-26,17:45,August,Monsoon,Flat,62,45.45,29.93,35.07,80.14,0.07,64.11,0.06,3.64,0.67
2024-08-27,06:00,August,Monsoon,Flat,62,86.4,24.79,30.95,81.44,0.13,65.16,0.11,7.0,0.67
2024-08-27,06:15,August,Monsoon,Flat,62,86.4,24.79,30.95,81.44,0.13,65.16,0.11,7.0,0.67
2024-08-27,06:30,August,Monsoon,Flat,62,86.4,24.79,30.95,81.44,0.13,65.16,0.11,7.0,0.67
2024-08-27,06:45,August,Monsoon,Flat,62,86.4,24.79,30.95,81.44,0.13,65.16,0.11,7.0,0.67
2024-08-27,07:00,August,Monsoon,Flat,62,247.15,26.19,36.37,79.73,0.37,63.78,0.31,19.71,0.67
2024-08-27,07:15,August,Monsoon,Flat,62,247.15,26.19,36.37,79.73,0.37,63.78,0.31,19.71,0.67
2024-08-27,07:30,August,Monsoon,Flat,62,247.15,26.19,36.37,79.73,0.37,63.78,0.31,19.71,0.67
2024-08-27,07:45,August,Monsoon,Flat,62,247.15,26.19,36.37,79.73,0.37,63.78,0.31,19.71,0.67
2024-08-27,08:00,August,Monsoon,Flat,62,463.98,28.16,43.76,77.39,0.7,61.91,0.58,36.17,0.67
2024-08-27,08:15,August,Monsoon,Flat,62,463.98,28.16,43.76,77.39,0.7,61.91,0.58,36.17,0.67
2024-08-27,08:30,August,Monsoon,Flat,62,463.98,28.16,43.76,77.39,0.7,61.91,0.58,36.17,0.67
2024-08-27,08:45,August,Monsoon,Flat,62,463.98,28.16,43.76,77.39,0.7,61.91,0.58,36.17,0.67
2024-08-27,09:00,August,Monsoon,Flat,62,508.7,30.02,46.74,76.44,0.77,61.16,0.64,39.29,0.67
2024-08-27,09:15,August,Monsoon,Flat,62,508.7,30.02,46.74,76.44,0.77,61.16,0.64,39.29,0.67
2024-08-27,09:30,August,Monsoon,Flat,62,508.7,30.02,46.74,76.44,0.77,61.16,0.64,39.29,0.67
2024-08-27,09:45,August,Monsoon,Flat,62,508.7,30.02,46.74,76.44,0.77,61.16,0.64,39.29,0.67
2024-08-27,10:00,August,Monsoon,Flat,62,625.05,31.58,51.21,75.03,0.95,60.02,0.79,47.59,0.67
2024-08-27,10:15,August,Monsoon,Flat,62,625.05,31.58,51.21,75.03,0.95,60.02,0.79,47.59,0.67
2024-08-27,10:30,August,Monsoon,Flat,62,625.05,31.58,51.21,75.03,0.95,60.02,0.79,47.59,0.67
2024-08-27,10:45,August,Monsoon,Flat,62,625.05,31.58,51.21,75.03,0.95,60.02,0.79,47.59,0.67
2024-08-27,11:00,August,Monsoon,Flat,62,655.3,32.68,53.06,74.44,0.99,59.55,0.83,49.6,0.67
2024-08-27,11:15,August,Monsoon,Flat,62,655.3,32.68,53.06,74.44,0.99,59.55,0.83,49.6,0.67
2024-08-27,11:30,August,Monsoon,Flat,62,655.3,32.68,53.06,74.44,0.99,59.55,0.83,49.6,0.67
2024-08-27,11:45,August,Monsoon,Flat,62,655.3,32.68,53.06,74.44,0.99,59.55,0.83,49.6,0.67
2024-08-27,12:00,August,Monsoon,Flat,62,771.2,33.33,56.61,73.32,1.17,58.66,0.98,57.68,0.67
2024-08-27,12:15,August,Monsoon,Flat,62,771.2,33.33,56.61,73.32,1.17,58.66,0.98,57.68,0.67
2024-08-27,12:30,August,Monsoon,Flat,62,771.2,33.33,56.61,73.32,1.17,58.66,0.98,57.68,0.67
2024-08-27,12:45,August,Monsoon,Flat,62,771.2,33.33,56.61,73.32,1.17,58.66,0.98,57.68,0.67
2024-08-27,13:00,August,Monsoon,Flat,62,660.05,33.65,54.15,74.1,1.0,59.28,0.84,49.78,0.67
2024-08-27,13:15,August,Monsoon,Flat,62,660.05,33.65,54.15,74.1,1.0,59.28,0.84,49.78,0.67
2024-08-27,13:30,August,Monsoon,Flat,62,660.05,33.65,54.15,74.1,1.0,59.28,0.84,49.78,0.67
2024-08-27,13:45,August,Monsoon,Flat,62,660.05,33.65,54.15,74.1,1.0,59.28,0.84,49.78,0.67
2024-08-27,14:00,August,Monsoon,Flat,62,551.58,33.45,51.24,75.02,0.84,60.02,0.7,41.99,0.67
2024-08-27,14:15,August,Monsoon,Flat,62,551.58,33.45,51.24,75.02,0.84,60.02,0.7,41.99,0.67
2024-08-27,14:30,August,Monsoon,Flat,62,551.58,33.45,51.24,75.02,0.84,60.02,0.7,41.99,0.67
2024-08-27,14:45,August,Monsoon,Flat,62,551.58,33.45,51.24,75.02,0.84,60.02,0.7,41.99,0.67
2024-08-27,15:00,August,Monsoon,Flat,62,371.95,32.76,46.06,76.66,0.56,61.33,0.47,28.79,0.67
2024-08-27,15:15,August,Monsoon,Flat,62,371.95,32.76,46.06,76.66,0.56,61.33,0.47,28.79,0.67
2024-08-27,15:30,August,Monsoon,Flat,62,371.95,32.76,46.06,76.66,0.56,61.33,0.47,28.79,0.67
2024-08-27,15:45,August,Monsoon,Flat,62,371.95,32.76,46.06,76.66,0.56,61.33,0.47,28.79,0.67
2024-08-27,16:00,August,Monsoon,Flat,62,191.82,31.84,40.64,78.38,0.29,62.7,0.24,15.1,0.67
2024-08-27,16:15,August,Monsoon,Flat,62,191.82,31.84,40.64,78.38,0.29,62.7,0.24,15.1,0.67
2024-08-27,16:30,August,Monsoon,Flat,62,191.82,31.84,40.64,78.38,0.29,62.7,0.24,15.1,0.67
2024-08-27,16:45,August,Monsoon,Flat,62,191.82,31.84,40.64,78.38,0.29,62.7,0.24,15.1,0.67
2024-08-27,17:00,August,Monsoon,Flat,62,42.0,29.88,34.93,80.18,0.06,64.15,0.05,3.36,0.67
2024-08-27,17:15,August,Monsoon,Flat,62,42.0,29.88,34.93,80.18,0.06,64.15,0.05,3.36,0.67
2024-08-27,17:30,August,Monsoon,Flat,62,42.0,29.88,34.93,80.18,0.06,64.15,0.05,3.36,0.67
2024-08-27,17:45,August,Monsoon,Flat,62,42.0,29.88,34.93,80.18,0.06,64.15,0.05,3.36,0.67
2024-08-28,06:00,August,Monsoon,Flat,62,77.88,25.03,30.98,81.44,0.12,65.15,0.1,6.31,0.67
2024-08-28,06:15,August,Monsoon,Flat,62,77.88,25.03,30.98,81.44,0.12,65.15,0.1,6.31,0.67
2024-08-28,06:30,August,Monsoon,Flat,62,77.88,25.03,30.98,81.44,0.12,65.15,0.1,6.31,0.67
2024-08-28,06:45,August,Monsoon,Flat,62,77.88,25.03,30.98,81.44,0.12,65.15,0.1,6.31,0.67
2024-08-28,07:00,August,Monsoon,Flat,62,210.1,26.66,35.91,79.87,0.31,63.9,0.26,16.78,0.67
2024-08-28,07:15,August,Monsoon,Flat,62,210.1,26.66,35.91,79.87,0.31,63.9,0.26,16.78,0.67
2024-08-28,07:30,August,Monsoon,Flat,62,210.1,26.66,35.91,79.87,0.31,63.9,0.26,16.78,0.67
2024-08-28,07:45,August,Monsoon,Flat,62,210.1,26.66,35.91,79.87,0.31,63.9,0.26,16.78,0.67
2024-08-28,08:00,August,Monsoon,Flat,62,363.02,28.7,41.78,78.02,0.54,62.41,0.46,28.48,0.67
2024-08-28,08:15,August,Monsoon,Flat,62,363.02,28.7,41.78,78.02,0.54,62.41,0.46,28.48,0.67
2024-08-28,08:30,August,Monsoon,Flat,62,363.02,28.7,41.78,78.02,0.54,62.41,0.46,28.48,0.67
2024-08-28,08:45,August,Monsoon,Flat,62,363.02,28.7,41.78,78.02,0.54,62.41,0.46,28.48,0.67
2024-08-28,09:00,August,Monsoon,Flat,62,497.88,30.51,46.96,76.38,0.75,61.1,0.63,38.43,0.67
2024-08-28,09:15,August,Monsoon,Flat,62,497.88,30.51,46.96,76.38,0.75,61.1,0.63,38.43,0.67
2024-08-28,09:30,August,Monsoon,Flat,62,497.88,30.51,46.96,76.38,0.75,61.1,0.63,38.43,0.67
2024-08-28,09:45,August,Monsoon,Flat,62,497.88,30.51,46.96,76.38,0.75,61.1,0.63,38.43,0.67
2024-08-28,10:00,August,Monsoon,Flat,62,652.55,32.02,52.33,74.67,0.99,59.74,0.83,49.51,0.67
2024-08-28,10:15,August,Monsoon,Flat,62,652.55,32.02,52.33,74.67,0.99,59.74,0.83,49.51,0.67
2024-08-28,10:30,August,Monsoon,Flat,62,652.55,32.02,52.33,74.67,0.99,59.74,0.83,49.51,0.67
2024-08-28,10:45,August,Monsoon,Flat,62,652.55,32.02,52.33,74.67,0.99,59.74,0.83,49.51,0.67
2024-08-28,11:00,August,Monsoon,Flat,62,783.92,33.11,56.71,73.29,1.19,58.63,1.0,58.62,0.67
2024-08-28,11:15,August,Monsoon,Flat,62,783.92,33.11,56.71,73.29,1.19,58.63,1.0,58.62,0.67
2024-08-28,11:30,August,Monsoon,Flat,62,783.92,33.11,56.71,73.29,1.19,58.63,1.0,58.62,0.67
2024-08-28,11:45,August,Monsoon,Flat,62,783.92,33.11,56.71,73.29,1.19,58.63,1.0,58.62,0.67
2024-08-28,12:00,August,Monsoon,Flat,62,529.72,33.68,50.92,75.12,0.8,60.1,0.67,40.37,0.67
2024-08-28,12:15,August,Monsoon,Flat,62,529.72,33.68,50.92,75.12,0.8,60.1,0.67,40.37,0.67
2024-08-28,12:30,August,Monsoon,Flat,62,529.72,33.68,50.92,75.12,0.8,60.1,0.67,40.37,0.67
2024-08-28,12:45,August,Monsoon,Flat,62,529.72,33.68,50.92,75.12,0.8,60.1,0.67,40.37,0.67
2024-08-28,13:00,August,Monsoon,Flat,62,510.08,33.82,50.57,75.23,0.77,60.18,0.65,38.92,0.67
2024-08-28,13:15,August,Monsoon,Flat,62,510.08,33.82,50.57,75.23,0.77,60.18,0.65,38.92,0.67
2024-08-28,13:30,August,Monsoon,Flat,62,510.08,33.82,50.57,75.23,0.77,60.18,0.65,38.92,0.67
2024-08-28,13:45,August,Monsoon,Flat,62,510.08,33.82,50.57,75.23,0.77,60.18,0.65,38.92,0.67
2024-08-28,14:00,August,Monsoon,Flat,62,414.77,33.58,47.95,76.06,0.63,60.85,0.52,31.91,0.67
2024-08-28,14:15,August,Monsoon,Flat,62,414.77,33.58,47.95,76.06,0.63,60.85,0.52,31.91,0.67
2024-08-28,14:30,August,Monsoon,Flat,62,414.77,33.58,47.95,76.06,0.63,60.85,0.52,31.91,0.67
2024-08-28,14:45,August,Monsoon,Flat,62,414.77,33.58,47.95,76.06,0.63,60.85,0.52,31.91,0.67
2024-08-28,15:00,August,Monsoon,Flat,62,280.67,32.97,43.99,77.32,0.42,61.85,0.35,21.87,0.67
2024-08-28,15:15,August,Monsoon,Flat,62,280.67,32.97,43.99,77.32,0.42,61.85,0.35,21.87,0.67
2024-08-28,15:30,August,Monsoon,Flat,62,280.67,32.97,43.99,77.32,0.42,61.85,0.35,21.87,0.67
2024-08-28,15:45,August,Monsoon,Flat,62,280.67,32.97,43.99,77.32,0.42,61.85,0.35,21.87,0.67
2024-08-28,16:00,August,Monsoon,Flat,62,141.2,31.91,39.44,78.76,0.21,63.0,0.18,11.16,0.67
2024-08-28,16:15,August,Monsoon,Flat,62,141.2,31.91,39.44,78.76,0.21,63.0,0.18,11.16,0.67
2024-08-28,16:30,August,Monsoon,Flat,62,141.2,31.91,39.44,78.76,0.21,63.0,0.18,11.16,0.67
2024-08-28,16:45,August,Monsoon,Flat,62,141.2,31.91,39.44,78.76,0.21,63.0,0.18,11.16,0.67
2024-08-28,17:00,August,Monsoon,Flat,62,28.75,29.93,34.65,80.27,0.04,64.22,0.04,2.3,0.67
2024-08-28,17:15,August,Monsoon,Flat,62,28.75,29.93,34.65,80.27,0.04,64.22,0.04,2.3,0.67
2024-08-28,17:30,August,Monsoon,Flat,62,28.75,29.93,34.65,80.27,0.04,64.22,0.04,2.3,0.67
2024-08-28,17:45,August,Monsoon,Flat,62,28.75,29.93,34.65,80.27,0.04,64.22,0.04,2.3,0.67
2024-08-29,06:00,August,Monsoon,Flat,62,87.05,24.93,31.11,81.39,0.13,65.12,0.11,7.05,0.67
2024-08-29,06:15,August,Monsoon,Flat,62,87.05,24.93,31.11,81.39,0.13,65.12,0.11,7.05,0.67
2024-08-29,06:30,August,Monsoon,Flat,62,87.05,24.93,31.11,81.39,0.13,65.12,0.11,7.05,0.67
2024-08-29,06:45,August,Monsoon,Flat,62,87.05,24.93,31.11,81.39,0.13,65.12,0.11,7.05,0.67
2024-08-29,07:00,August,Monsoon,Flat,62,253.27,26.88,37.21,79.46,0.38,63.57,0.32,20.15,0.67
2024-08-29,07:15,August,Monsoon,Flat,62,253.27,26.88,37.21,79.46,0.38,63.57,0.32,20.15,0.67
2024-08-29,07:30,August,Monsoon,Flat,62,253.27,26.88,37.21,79.46,0.38,63.57,0.32,20.15,0.67
2024-08-29,07:45,August,Monsoon,Flat,62,253.27,26.88,37.21,79.46,0.38,63.57,0.32,20.15,0.67
2024-08-29,08:00,August,Monsoon,Flat,62,444.42,29.43,44.54,77.14,0.67,61.71,0.56,34.57,0.67
2024-08-29,08:15,August,Monsoon,Flat,62,444.42,29.43,44.54,77.14,0.67,61.71,0.56,34.57,0.67
2024-08-29,08:30,August,Monsoon,Flat,62,444.42,29.43,44.54,77.14,0.67,61.71,0.56,34.57,0.67
2024-08-29,08:45,August,Monsoon,Flat,62,444.42,29.43,44.54,77.14,0.67,61.71,0.56,34.57,0.67
2024-08-29,09:00,August,Monsoon,Flat,62,555.22,31.56,49.44,75.59,0.84,60.47,0.7,42.52,0.67
2024-08-29,09:15,August,Monsoon,Flat,62,555.22,31.56,49.44,75.59,0.84,60.47,0.7,42.52,0.67
2024-08-29,09:30,August,Monsoon,Flat,62,555.22,31.56,49.44,75.59,0.84,60.47,0.7,42.52,0.67
2024-08-29,09:45,August,Monsoon,Flat,62,555.22,31.56,49.44,75.59,0.84,60.47,0.7,42.52,0.67
2024-08-29,10:00,August,Monsoon,Flat,62,676.53,33.05,53.96,74.16,1.03,59.33,0.86,51.05,0.67
2024-08-29,10:15,August,Monsoon,Flat,62,676.53,33.05,53.96,74.16,1.03,59.33,0.86,51.05,0.67
2024-08-29,10:30,August,Monsoon,Flat,62,676.53,33.05,53.96,74.16,1.03,59.33,0.86,51.05,0.67
2024-08-29,10:45,August,Monsoon,Flat,62,676.53,33.05,53.96,74.16,1.03,59.33,0.86,51.05,0.67
2024-08-29,11:00,August,Monsoon,Flat,62,617.75,33.9,53.34,74.35,0.94,59.48,0.79,46.71,0.67
2024-08-29,11:15,August,Monsoon,Flat,62,617.75,33.9,53.34,74.35,0.94,59.48,0.79,46.71,0.67
2024-08-29,11:30,August,Monsoon,Flat,62,617.75,33.9,53.34,74.35,0.94,59.48,0.79,46.71,0.67
2024-08-29,11:45,August,Monsoon,Flat,62,617.75,33.9,53.34,74.35,0.94,59.48,0.79,46.71,0.67
2024-08-29,12:00,August,Monsoon,Flat,62,557.4,34.21,52.15,74.73,0.85,59.79,0.71,42.31,0.67
2024-08-29,12:15,August,Monsoon,Flat,62,557.4,34.21,52.15,74.73,0.85,59.79,0.71,42.31,0.67
2024-08-29,12:30,August,Monsoon,Flat,62,557.4,34.21,52.15,74.73,0.85,59.79,0.71,42.31,0.67
2024-08-29,12:45,August,Monsoon,Flat,62,557.4,34.21,52.15,74.73,0.85,59.79,0.71,42.31,0.67
2024-08-29,13:00,August,Monsoon,Flat,62,445.35,34.15,49.28,75.64,0.67,60.51,0.56,34.12,0.67
2024-08-29,13:15,August,Monsoon,Flat,62,445.35,34.15,49.28,75.64,0.67,60.51,0.56,34.12,0.67
2024-08-29,13:30,August,Monsoon,Flat,62,445.35,34.15,49.28,75.64,0.67,60.51,0.56,34.12,0.67
2024-08-29,13:45,August,Monsoon,Flat,62,445.35,34.15,49.28,75.64,0.67,60.51,0.56,34.12,0.67
2024-08-29,14:00,August,Monsoon,Flat,62,368.83,33.63,46.85,76.41,0.56,61.13,0.47,28.48,0.67
2024-08-29,14:15,August,Monsoon,Flat,62,368.83,33.63,46.85,76.41,0.56,61.13,0.47,28.48,0.67
2024-08-29,14:30,August,Monsoon,Flat,62,368.83,33.63,46.85,76.41,0.56,61.13,0.47,28.48,0.67
2024-08-29,14:45,August,Monsoon,Flat,62,368.83,33.63,46.85,76.41,0.56,61.13,0.47,28.48,0.67
2024-08-29,15:00,August,Monsoon,Flat,62,301.45,32.75,44.29,77.22,0.45,61.78,0.38,23.46,0.67
2024-08-29,15:15,August,Monsoon,Flat,62,301.45,32.75,44.29,77.22,0.45,61.78,0.38,23.46,0.67
2024-08-29,15:30,August,Monsoon,Flat,62,301.45,32.75,44.29,77.22,0.45,61.78,0.38,23.46,0.67
2024-08-29,15:45,August,Monsoon,Flat,62,301.45,32.75,44.29,77.22,0.45,61.78,0.38,23.46,0.67
2024-08-29,16:00,August,Monsoon,Flat,62,136.05,31.41,38.81,78.95,0.2,63.16,0.17,10.77,0.67
2024-08-29,16:15,August,Monsoon,Flat,62,136.05,31.41,38.81,78.95,0.2,63.16,0.17,10.77,0.67
2024-08-29,16:30,August,Monsoon,Flat,62,136.05,31.41,38.81,78.95,0.2,63.16,0.17,10.77,0.67
2024-08-29,16:45,August,Monsoon,Flat,62,136.05,31.41,38.81,78.95,0.2,63.16,0.17,10.77,0.67
2024-08-29,17:00,August,Monsoon,Flat,62,30.62,29.43,34.2,80.42,0.05,64.33,0.04,2.46,0.67
2024-08-29,17:15,August,Monsoon,Flat,62,30.62,29.43,34.2,80.42,0.05,64.33,0.04,2.46,0.67
2024-08-29,17:30,August,Monsoon,Flat,62,30.62,29.43,34.2,80.42,0.05,64.33,0.04,2.46,0.67
2024-08-29,17:45,August,Monsoon,Flat,62,30.62,29.43,34.2,80.42,0.05,64.33,0.04,2.46,0.67
2024-08-30,06:00,August,Monsoon,Flat,62,37.8,25.3,30.25,81.67,0.06,65.33,0.05,3.07,0.67
2024-08-30,06:15,August,Monsoon,Flat,62,37.8,25.3,30.25,81.67,0.06,65.33,0.05,3.07,0.67
2024-08-30,06:30,August,Monsoon,Flat,62,37.8,25.3,30.25,81.67,0.06,65.33,0.05,3.07,0.67
2024-08-30,06:45,August,Monsoon,Flat,62,37.8,25.3,30.25,81.67,0.06,65.33,0.05,3.07,0.67
2024-08-30,07:00,August,Monsoon,Flat,62,107.65,25.9,32.59,80.92,0.16,64.74,0.13,8.68,0.67
2024-08-30,07:15,August,Monsoon,Flat,62,107.65,25.9,32.59,80.92,0.16,64.74,0.13,8.68,0.67
2024-08-30,07:30,August,Monsoon,Flat,62,107.65,25.9,32.59,80.92,0.16,64.74,0.13,8.68,0.67
2024-08-30,07:45,August,Monsoon,Flat,62,107.65,25.9,32.59,80.92,0.16,64.74,0.13,8.68,0.67
2024-08-30,08:00,August,Monsoon,Flat,62,202.95,26.71,35.78,79.91,0.3,63.93,0.25,16.21,0.67
2024-08-30,08:15,August,Monsoon,Flat,62,202.95,26.71,35.78,79.91,0.3,63.93,0.25,16.21,0.67
2024-08-30,08:30,August,Monsoon,Flat,62,202.95,26.71,35.78,79.91,0.3,63.93,0.25,16.21,0.67
2024-08-30,08:45,August,Monsoon,Flat,62,202.95,26.71,35.78,79.91,0.3,63.93,0.25,16.21,0.67
2024-08-30,09:00,August,Monsoon,Flat,62,288.02,27.58,38.78,78.96,0.43,63.17,0.36,22.8,0.67
2024-08-30,09:15,August,Monsoon,Flat,62,288.02,27.58,38.78,78.96,0.43,63.17,0.36,22.8,0.67
2024-08-30,09:30,August,Monsoon,Flat,62,288.02,27.58,38.78,78.96,0.43,63.17,0.36,22.8,0.67
2024-08-30,09:45,August,Monsoon,Flat,62,288.02,27.58,38.78,78.96,0.43,63.17,0.36,22.8,0.67
2024-08-30,10:00,August,Monsoon,Flat,62,405.83,28.51,42.66,77.74,0.61,62.19,0.51,31.75,0.67
2024-08-30,10:15,August,Monsoon,Flat,62,405.83,28.51,42.66,77.74,0.61,62.19,0.51,31.75,0.67
2024-08-30,10:30,August,Monsoon,Flat,62,405.83,28.51,42.66,77.74,0.61,62.19,0.51,31.75,0.67
2024-08-30,10:45,August,Monsoon,Flat,62,405.83,28.51,42.66,77.74,0.61,62.19,0.51,31.75,0.67
2024-08-30,11:00,August,Monsoon,Flat,62,361.67,30.1,43.14,77.58,0.54,62.07,0.46,28.25,0.67
2024-08-30,11:15,August,Monsoon,Flat,62,361.67,30.1,43.14,77.58,0.54,62.07,0.46,28.25,0.67
2024-08-30,11:30,August,Monsoon,Flat,62,361.67,30.1,43.14,77.58,0.54,62.07,0.46,28.25,0.67
2024-08-30,11:45,August,Monsoon,Flat,62,361.67,30.1,43.14,77.58,0.54,62.07,0.46,28.25,0.67
2024-08-30,12:00,August,Monsoon,Flat,62,359.05,31.64,44.62,77.12,0.54,61.69,0.45,27.92,0.67
2024-08-30,12:15,August,Monsoon,Flat,62,359.05,31.64,44.62,77.12,0.54,61.69,0.45,27.92,0.67
2024-08-30,12:30,August,Monsoon,Flat,62,359.05,31.64,44.62,77.12,0.54,61.69,0.45,27.92,0.67
2024-08-30,12:45,August,Monsoon,Flat,62,359.05,31.64,44.62,77.12,0.54,61.69,0.45,27.92,0.67
2024-08-30,13:00,August,Monsoon,Flat,62,398.1,32.52,46.47,76.53,0.6,61.22,0.5,30.78,0.67
2024-08-30,13:15,August,Monsoon,Flat,62,398.1,32.52,46.47,76.53,0.6,61.22,0.5,30.78,0.67
2024-08-30,13:30,August,Monsoon,Flat,62,398.1,32.52,46.47,76.53,0.6,61.22,0.5,30.78,0.67
2024-08-30,13:45,August,Monsoon,Flat,62,398.1,32.52,46.47,76.53,0.6,61.22,0.5,30.78,0.67
2024-08-30,14:00,August,Monsoon,Flat,62,320.6,32.43,44.45,77.17,0.48,61.74,0.4,24.94,0.67
2024-08-30,14:15,August,Monsoon,Flat,62,320.6,32.43,44.45,77.17,0.48,61.74,0.4,24.94,0.67
2024-08-30,14:30,August,Monsoon,Flat,62,320.6,32.43,44.45,77.17,0.48,61.74,0.4,24.94,0.67
2024-08-30,14:45,August,Monsoon,Flat,62,320.6,32.43,44.45,77.17,0.48,61.74,0.4,24.94,0.67
2024-08-30,15:00,August,Monsoon,Flat,62,242.18,31.74,41.79,78.01,0.36,62.41,0.3,19.0,0.67
2024-08-30,15:15,August,Monsoon,Flat,62,242.18,31.74,41.79,78.01,0.36,62.41,0.3,19.0,0.67
2024-08-30,15:30,August,Monsoon,Flat,62,242.18,31.74,41.79,78.01,0.36,62.41,0.3,19.0,0.67
2024-08-30,15:45,August,Monsoon,Flat,62,242.18,31.74,41.79,78.01,0.36,62.41,0.3,19.0,0.67
2024-08-30,16:00,August,Monsoon,Flat,62,115.97,30.82,37.72,79.3,0.17,63.44,0.15,9.21,0.67
2024-08-30,16:15,August,Monsoon,Flat,62,115.97,30.82,37.72,79.3,0.17,63.44,0.15,9.21,0.67
2024-08-30,16:30,August,Monsoon,Flat,62,115.97,30.82,37.72,79.3,0.17,63.44,0.15,9.21,0.67
2024-08-30,16:45,August,Monsoon,Flat,62,115.97,30.82,37.72,79.3,0.17,63.44,0.15,9.21,0.67
2024-08-30,17:00,August,Monsoon,Flat,62,27.4,29.11,33.8,80.54,0.04,64.43,0.03,2.2,0.67
2024-08-30,17:15,August,Monsoon,Flat,62,27.4,29.11,33.8,80.54,0.04,64.43,0.03,2.2,0.67
2024-08-30,17:30,August,Monsoon,Flat,62,27.4,29.11,33.8,80.54,0.04,64.43,0.03,2.2,0.67
2024-08-30,17:45,August,Monsoon,Flat,62,27.4,29.11,33.8,80.54,0.04,64.43,0.03,2.2,0.67
2024-08-31,06:00,August,Monsoon,Flat,62,83.3,25.11,31.19,81.37,0.12,65.09,0.1,6.74,0.67
2024-08-31,06:15,August,Monsoon,Flat,62,83.3,25.11,31.19,81.37,0.12,65.09,0.1,6.74,0.67
2024-08-31,06:30,August,Monsoon,Flat,62,83.3,25.11,31.19,81.37,0.12,65.09,0.1,6.74,0.67
2024-08-31,06:45,August,Monsoon,Flat,62,83.3,25.11,31.19,81.37,0.12,65.09,0.1,6.74,0.67
2024-08-31,07:00,August,Monsoon,Flat,62,221.0,26.61,36.13,79.8,0.33,63.84,0.28,17.64,0.67
2024-08-31,07:15,August,Monsoon,Flat,62,221.0,26.61,36.13,79.8,0.33,63.84,0.28,17.64,0.67
2024-08-31,07:30,August,Monsoon,Flat,62,221.0,26.61,36.13,79.8,0.33,63.84,0.28,17.64,0.67
2024-08-31,07:45,August,Monsoon,Flat,62,221.0,26.61,36.13,79.8,0.33,63.84,0.28,17.64,0.67
2024-08-31,08:00,August,Monsoon,Flat,62,387.67,28.47,42.16,77.89,0.58,62.32,0.49,30.37,0.67
2024-08-31,08:15,August,Monsoon,Flat,62,387.67,28.47,42.16,77.89,0.58,62.32,0.49,30.37,0.67
2024-08-31,08:30,August,Monsoon,Flat,62,387.67,28.47,42.16,77.89,0.58,62.32,0.49,30.37,0.67
2024-08-31,08:45,August,Monsoon,Flat,62,387.67,28.47,42.16,77.89,0.58,62.32,0.49,30.37,0.67
2024-08-31,09:00,August,Monsoon,Flat,62,499.9,30.35,46.85,76.41,0.75,61.13,0.63,38.6,0.67
2024-08-31,09:15,August,Monsoon,Flat,62,499.9,30.35,46.85,76.41,0.75,61.13,0.63,38.6,0.67
2024-08-31,09:30,August,Monsoon,Flat,62,499.9,30.35,46.85,76.41,0.75,61.13,0.63,38.6,0.67
2024-08-31,09:45,August,Monsoon,Flat,62,499.9,30.35,46.85,76.41,0.75,61.13,0.63,38.6,0.67
2024-08-31,10:00,August,Monsoon,Flat,62,585.4,31.87,50.51,75.25,0.89,60.2,0.74,44.68,0.67
2024-08-31,10:15,August,Monsoon,Flat,62,585.4,31.87,50.51,75.25,0.89,60.2,0.74,44.68,0.67
2024-08-31,10:30,August,Monsoon,Flat,62,585.4,31.87,50.51,75.25,0.89,60.2,0.74,44.68,0.67
2024-08-31,10:45,August,Monsoon,Flat,62,585.4,31.87,50.51,75.25,0.89,60.2,0.74,44.68,0.67
2024-08-31,11:00,August,Monsoon,Flat,62,641.97,33.04,53.09,74.43,0.97,59.55,0.82,48.58,0.67
2024-08-31,11:15,August,Monsoon,Flat,62,641.97,33.04,53.09,74.43,0.97,59.55,0.82,48.58,0.67
2024-08-31,11:30,August,Monsoon,Flat,62,641.97,33.04,53.09,74.43,0.97,59.55,0.82,48.58,0.67
2024-08-31,11:45,August,Monsoon,Flat,62,641.97,33.04,53.09,74.43,0.97,59.55,0.82,48.58,0.67
2024-08-31,12:00,August,Monsoon,Flat,62,685.78,33.73,54.87,73.87,1.04,59.09,0.87,51.59,0.67
2024-08-31,12:15,August,Monsoon,Flat,62,685.78,33.73,54.87,73.87,1.04,59.09,0.87,51.59,0.67
2024-08-31,12:30,August,Monsoon,Flat,62,685.78,33.73,54.87,73.87,1.04,59.09,0.87,51.59,0.67
2024-08-31,12:45,August,Monsoon,Flat,62,685.78,33.73,54.87,73.87,1.04,59.09,0.87,51.59,0.67
2024-08-31,13:00,August,Monsoon,Flat,62,663.4,33.69,54.27,74.06,1.01,59.25,0.84,50.01,0.67
2024-08-31,13:15,August,Monsoon,Flat,62,663.4,33.69,54.27,74.06,1.01,59.25,0.84,50.01,0.67
2024-08-31,13:30,August,Monsoon,Flat,62,663.4,33.69,54.27,74.06,1.01,59.25,0.84,50.01,0.67
2024-08-31,13:45,August,Monsoon,Flat,62,663.4,33.69,54.27,74.06,1.01,59.25,0.84,50.01,0.67
2024-08-31,14:00,August,Monsoon,Flat,62,427.48,33.03,47.72,76.13,0.65,60.91,0.54,32.92,0.67
2024-08-31,14:15,August,Monsoon,Flat,62,427.48,33.03,47.72,76.13,0.65,60.91,0.54,32.92,0.67
2024-08-31,14:30,August,Monsoon,Flat,62,427.48,33.03,47.72,76.13,0.65,60.91,0.54,32.92,0.67
2024-08-31,14:45,August,Monsoon,Flat,62,427.48,33.03,47.72,76.13,0.65,60.91,0.54,32.92,0.67
2024-08-31,15:00,August,Monsoon,Flat,62,314.67,31.93,43.8,77.38,0.47,61.9,0.4,24.53,0.67
2024-08-31,15:15,August,Monsoon,Flat,62,314.67,31.93,43.8,77.38,0.47,61.9,0.4,24.53,0.67
2024-08-31,15:30,August,Monsoon,Flat,62,314.67,31.93,43.8,77.38,0.47,61.9,0.4,24.53,0.67
2024-08-31,15:45,August,Monsoon,Flat,62,314.67,31.93,43.8,77.38,0.47,61.9,0.4,24.53,0.67
2024-08-31,16:00,August,Monsoon,Flat,62,155.32,30.59,38.47,79.06,0.23,63.25,0.19,12.31,0.67
2024-08-31,16:15,August,Monsoon,Flat,62,155.32,30.59,38.47,79.06,0.23,63.25,0.19,12.31,0.67
2024-08-31,16:30,August,Monsoon,Flat,62,155.32,30.59,38.47,79.06,0.23,63.25,0.19,12.31,0.67
2024-08-31,16:45,August,Monsoon,Flat,62,155.32,30.59,38.47,79.06,0.23,63.25,0.19,12.31,0.67
2024-08-31,17:00,August,Monsoon,Flat,62,29.77,28.83,33.57,80.61,0.04,64.49,0.04,2.39,0.67
2024-08-31,17:15,August,Monsoon,Flat,62,29.77,28.83,33.57,80.61,0.04,64.49,0.04,2.39,0.67
2024-08-31,17:30,August,Monsoon,Flat,62,29.77,28.83,33.57,80.61,0.04,64.49,0.04,2.39,0.67
2024-08-31,17:45,August,Monsoon,Flat,62,29.77,28.83,33.57,80.61,0.04,64.49,0.04,2.39,0.67
