Date,Time,PanelSpacing_cm,Irradiation_Wm2,AmbientTemp_C,CellTemp_C,Voc_V,Isc_A,Vm_V,Im_A,Pm_W,FF
2025-04-01,05:15,93,17.1,25.6,23.0,83.96,0.03,67.17,0.02,1.4,0.67
2025-04-01,05:30,93,34.1,25.8,23.7,83.75,0.05,67.0,0.04,2.8,0.67
2025-04-01,05:45,93,51.2,26.0,24.3,83.55,0.08,66.84,0.06,4.2,0.67
2025-04-01,06:00,93,68.2,26.3,25.0,83.34,0.1,66.67,0.08,5.6,0.67
2025-04-01,06:15,93,109.6,26.8,26.6,82.83,0.16,66.26,0.14,9.0,0.67
2025-04-01,06:30,93,151.0,27.4,28.2,82.32,0.22,65.86,0.19,12.3,0.67
2025-04-01,06:45,93,192.4,28.0,29.8,81.81,0.29,65.45,0.24,15.6,0.67
2025-04-01,07:00,93,233.7,28.6,31.4,81.3,0.35,65.04,0.29,18.9,0.67
2025-04-01,07:15,93,284.0,29.1,33.2,80.74,0.42,64.59,0.35,22.9,0.67
2025-04-01,07:30,93,334.3,29.6,35.0,80.17,0.5,64.14,0.42,26.8,0.67
2025-04-01,07:45,93,384.6,30.1,36.8,79.61,0.57,63.68,0.48,30.6,0.67
2025-04-01,08:00,93,434.9,30.7,38.5,79.04,0.65,63.23,0.54,34.5,0.67
2025-04-01,08:15,93,481.4,31.1,40.2,78.53,0.72,62.82,0.6,38.0,0.67
2025-04-01,08:30,93,528.0,31.6,41.8,78.02,0.79,62.41,0.66,41.4,0.67
2025-04-01,08:45,93,574.6,32.0,43.4,77.51,0.86,62.01,0.72,44.8,0.67
2025-04-01,09:00,93,621.1,32.5,45.0,77.0,0.94,61.6,0.78,48.2,0.67
2025-04-01,09:15,93,636.6,32.9,45.8,76.75,0.96,61.4,0.8,49.3,0.67
2025-04-01,09:30,93,652.1,33.3,46.6,76.5,0.98,61.2,0.82,50.4,0.67
2025-04-01,09:45,93,667.6,33.7,47.4,76.25,1.01,61.0,0.84,51.5,0.67
2025-04-01,10:00,93,683.1,34.1,48.1,76.0,1.03,60.8,0.86,52.5,0.67
2025-04-01,10:15,93,712.2,34.4,49.2,75.67,1.08,60.53,0.9,54.6,0.67
2025-04-01,10:30,93,741.2,34.7,50.2,75.33,1.12,60.27,0.94,56.6,0.67
2025-04-01,10:45,93,770.3,35.0,51.3,75.0,1.17,60.0,0.98,58.6,0.67
2025-04-01,11:00,93,799.4,35.4,52.4,74.67,1.21,59.73,1.02,60.6,0.67
2025-04-01,11:15,93,784.8,35.6,52.2,74.72,1.19,59.77,1.0,59.6,0.67
2025-04-01,11:30,93,770.2,35.8,52.0,74.77,1.17,59.81,0.98,58.5,0.67
2025-04-01,11:45,93,755.7,36.0,51.9,74.82,1.15,59.85,0.96,57.4,0.67
2025-04-01,12:00,93,741.1,36.2,51.7,74.87,1.12,59.89,0.94,56.3,0.67
2025-04-01,12:15,93,734.4,36.2,51.6,74.9,1.11,59.92,0.93,55.8,0.67
2025-04-01,12:30,93,727.7,36.3,51.5,74.94,1.1,59.95,0.92,55.4,0.67
2025-04-01,12:45,93,720.9,36.4,51.4,74.97,1.09,59.98,0.91,54.9,0.67
2025-04-01,13:00,93,714.2,36.4,51.3,75.0,1.08,60.0,0.91,54.4,0.67
2025-04-01,13:15,93,666.7,36.4,50.0,75.4,1.01,60.32,0.84,51.0,0.67
2025-04-01,13:30,93,619.1,36.3,48.8,75.8,0.94,60.64,0.78,47.5,0.67
2025-04-01,13:45,93,571.6,36.2,47.5,76.2,0.86,60.96,0.72,44.0,0.67
2025-04-01,14:00,93,524.0,36.1,46.3,76.6,0.79,61.28,0.66,40.5,0.67
2025-04-01,14:15,93,499.7,35.9,45.4,76.88,0.75,61.5,0.63,38.8,0.67
2025-04-01,14:30,93,475.3,35.6,44.5,77.16,0.72,61.73,0.6,37.0,0.67
2025-04-01,14:45,93,451.0,35.3,43.6,77.44,0.68,61.95,0.57,35.2,0.67
2025-04-01,15:00,93,426.6,35.0,42.7,77.72,0.64,62.18,0.54,33.4,0.67
2025-04-01,15:15,93,373.7,34.6,40.9,78.28,0.56,62.62,0.47,29.4,0.67
2025-04-01,15:30,93,320.8,34.2,39.2,78.83,0.48,63.07,0.4,25.4,0.67
2025-04-01,15:45,93,267.9,33.8,37.5,79.38,0.4,63.51,0.34,21.3,0.67
2025-04-01,16:00,93,215.0,33.3,35.7,79.94,0.32,63.95,0.27,17.2,0.67
2025-04-01,16:15,93,171.7,32.8,34.1,80.45,0.26,64.36,0.21,13.8,0.67
2025-04-01,16:30,93,128.3,32.3,32.5,80.95,0.19,64.76,0.16,10.4,0.67
2025-04-01,16:45,93,85.0,31.8,30.9,81.46,0.13,65.17,0.11,6.9,0.67
2025-04-01,17:00,93,41.6,31.2,29.3,81.97,0.06,65.58,0.05,3.4,0.67
2025-04-01,17:15,93,31.2,30.8,28.6,82.19,0.05,65.75,0.04,2.5,0.67
2025-04-01,17:30,93,20.8,30.4,27.9,82.42,0.03,65.93,0.03,1.7,0.67
2025-04-01,17:45,93,10.4,29.9,27.2,82.64,0.02,66.11,0.01,0.9,0.67
2025-04-02,05:15,93,20.4,26.1,23.6,83.76,0.03,67.01,0.03,1.7,0.67
2025-04-02,05:30,93,40.8,26.4,24.4,83.5,0.06,66.8,0.05,3.4,0.67
2025-04-02,05:45,93,61.2,26.7,25.3,83.25,0.09,66.6,0.08,5.0,0.67
2025-04-02,06:00,93,81.6,27.0,26.1,82.99,0.12,66.39,0.1,6.7,0.67
2025-04-02,06:15,93,132.0,27.5,27.8,82.45,0.2,65.96,0.16,10.8,0.67
2025-04-02,06:30,93,182.5,27.9,29.5,81.91,0.27,65.53,0.23,14.8,0.67
2025-04-02,06:45,93,232.9,28.4,31.2,81.37,0.35,65.09,0.29,18.9,0.67
2025-04-02,07:00,93,283.4,28.8,32.9,80.83,0.42,64.66,0.35,22.8,0.67
2025-04-02,07:15,93,324.1,29.3,34.5,80.34,0.48,64.27,0.4,26.0,0.67
2025-04-02,07:30,93,364.9,29.9,36.0,79.85,0.54,63.88,0.46,29.1,0.67
2025-04-02,07:45,93,405.6,30.4,37.5,79.36,0.61,63.49,0.51,32.2,0.67
2025-04-02,08:00,93,446.4,30.9,39.1,78.87,0.67,63.09,0.56,35.3,0.67
2025-04-02,08:15,93,488.8,31.3,40.5,78.42,0.73,62.73,0.61,38.5,0.67
2025-04-02,08:30,93,531.2,31.7,41.9,77.96,0.8,62.37,0.67,41.6,0.67
2025-04-02,08:45,93,573.6,32.0,43.4,77.51,0.86,62.01,0.72,44.8,0.67
2025-04-02,09:00,93,616.0,32.4,44.8,77.06,0.93,61.65,0.78,47.9,0.67
2025-04-02,09:15,93,659.4,32.6,46.1,76.64,0.99,61.32,0.83,51.0,0.67
2025-04-02,09:30,93,702.9,32.9,47.4,76.23,1.06,60.98,0.89,54.2,0.67
2025-04-02,09:45,93,746.3,33.1,48.7,75.81,1.13,60.65,0.94,57.3,0.67
2025-04-02,10:00,93,789.8,33.3,50.1,75.39,1.19,60.31,1.0,60.4,0.67
2025-04-02,10:15,93,800.7,33.5,50.5,75.26,1.21,60.21,1.01,61.1,0.67
2025-04-02,10:30,93,811.6,33.6,50.9,75.13,1.23,60.1,1.03,61.9,0.67
2025-04-02,10:45,93,822.5,33.7,51.3,75.0,1.25,60.0,1.04,62.6,0.67
2025-04-02,11:00,93,833.4,33.9,51.7,74.87,1.26,59.89,1.06,63.3,0.67
2025-04-02,11:15,93,803.5,34.0,51.1,75.08,1.22,60.06,1.02,61.2,0.67
2025-04-02,11:30,93,773.6,34.0,50.4,75.29,1.17,60.23,0.98,59.1,0.67
2025-04-02,11:45,93,743.7,34.1,49.7,75.5,1.12,60.4,0.94,56.9,0.67
2025-04-02,12:00,93,713.8,34.2,49.0,75.71,1.08,60.57,0.9,54.7,0.67
2025-04-02,12:15,93,689.6,34.2,48.5,75.9,1.04,60.72,0.87,53.0,0.67
2025-04-02,12:30,93,665.5,34.2,47.9,76.09,1.0,60.87,0.84,51.2,0.67
2025-04-02,12:45,93,641.3,34.2,47.3,76.27,0.97,61.02,0.81,49.4,0.67
2025-04-02,13:00,93,617.1,34.3,46.7,76.46,0.93,61.17,0.78,47.7,0.67
2025-04-02,13:15,93,596.3,34.2,46.1,76.66,0.9,61.33,0.75,46.2,0.67
2025-04-02,13:30,93,575.6,34.0,45.4,76.86,0.87,61.49,0.73,44.6,0.67
2025-04-02,13:45,93,554.8,33.9,44.8,77.06,0.84,61.64,0.7,43.1,0.67
2025-04-02,14:00,93,534.0,33.8,44.2,77.25,0.8,61.8,0.67,41.6,0.67
2025-04-02,14:15,93,497.9,33.6,43.1,77.6,0.75,62.08,0.63,38.9,0.67
2025-04-02,14:30,93,461.7,33.4,42.0,77.95,0.69,62.36,0.58,36.2,0.67
2025-04-02,14:45,93,425.6,33.2,40.9,78.31,0.64,62.64,0.53,33.5,0.67
2025-04-02,15:00,93,389.5,33.0,39.8,78.66,0.58,62.92,0.49,30.7,0.67
2025-04-02,15:15,93,345.5,32.7,38.3,79.1,0.52,63.28,0.43,27.4,0.67
2025-04-02,15:30,93,301.5,32.4,36.9,79.55,0.45,63.64,0.38,24.0,0.67
2025-04-02,15:45,93,257.4,32.1,35.5,80.0,0.38,64.0,0.32,20.6,0.67
2025-04-02,16:00,93,213.4,31.8,34.1,80.45,0.32,64.36,0.27,17.1,0.67
2025-04-02,16:15,93,170.0,31.2,32.4,80.97,0.25,64.78,0.21,13.7,0.67
2025-04-02,16:30,93,126.6,30.6,30.8,81.5,0.19,65.2,0.16,10.3,0.67
2025-04-02,16:45,93,83.2,30.0,29.1,82.03,0.12,65.62,0.1,6.8,0.67
2025-04-02,17:00,93,39.8,29.4,27.4,82.55,0.06,66.04,0.05,3.3,0.67
2025-04-02,17:15,93,29.8,29.0,26.7,82.78,0.04,66.22,0.04,2.4,0.67
2025-04-02,17:30,93,19.9,28.5,26.0,83.0,0.03,66.4,0.02,1.6,0.67
2025-04-02,17:45,93,9.9,28.1,25.3,83.22,0.01,66.58,0.01,0.8,0.67
2025-04-03,05:15,93,22.8,25.2,22.7,84.05,0.03,67.24,0.03,1.9,0.67
2025-04-03,05:30,93,45.5,25.4,23.5,83.79,0.07,67.04,0.06,3.8,0.67
2025-04-03,05:45,93,68.2,25.6,24.3,83.54,0.1,66.83,0.08,5.6,0.67
2025-04-03,06:00,93,91.0,25.9,25.1,83.29,0.13,66.63,0.11,7.5,0.67
2025-04-03,06:15,93,145.7,26.2,26.9,82.73,0.22,66.18,0.18,11.9,0.67
2025-04-03,06:30,93,200.3,26.6,28.6,82.18,0.3,65.74,0.25,16.3,0.67
2025-04-03,06:45,93,255.0,27.0,30.4,81.62,0.38,65.3,0.32,20.7,0.67
2025-04-03,07:00,93,309.7,27.4,32.1,81.07,0.46,64.85,0.39,25.0,0.67
2025-04-03,07:15,93,360.0,27.8,33.8,80.55,0.54,64.44,0.45,28.9,0.67
2025-04-03,07:30,93,410.3,28.1,35.4,80.03,0.61,64.03,0.51,32.8,0.67
2025-04-03,07:45,93,460.7,28.5,37.0,79.52,0.69,63.61,0.58,36.7,0.67
2025-04-03,08:00,93,511.0,28.9,38.7,79.0,0.76,63.2,0.64,40.5,0.67
2025-04-03,08:15,93,548.9,29.3,40.0,78.58,0.82,62.86,0.69,43.3,0.67
2025-04-03,08:30,93,586.8,29.7,41.3,78.16,0.88,62.53,0.74,46.1,0.67
2025-04-03,08:45,93,624.8,30.0,42.7,77.74,0.94,62.19,0.79,48.9,0.67
2025-04-03,09:00,93,662.7,30.4,44.0,77.32,1.0,61.85,0.83,51.6,0.67
2025-04-03,09:15,93,688.3,30.7,44.9,77.02,1.04,61.62,0.87,53.5,0.67
2025-04-03,09:30,93,713.9,31.0,45.9,76.72,1.08,61.38,0.9,55.3,0.67
2025-04-03,09:45,93,739.5,31.3,46.8,76.43,1.12,61.14,0.93,57.1,0.67
2025-04-03,10:00,93,765.1,31.6,47.7,76.13,1.15,60.91,0.97,58.9,0.67
2025-04-03,10:15,93,777.6,31.8,48.2,75.97,1.17,60.78,0.98,59.8,0.67
2025-04-03,10:30,93,790.1,32.0,48.7,75.81,1.19,60.65,1.0,60.6,0.67
2025-04-03,10:45,93,802.6,32.2,49.3,75.65,1.21,60.52,1.02,61.5,0.67
2025-04-03,11:00,93,815.2,32.4,49.8,75.48,1.23,60.39,1.03,62.4,0.67
2025-04-03,11:15,93,805.9,32.5,49.6,75.54,1.22,60.43,1.02,61.7,0.67
2025-04-03,11:30,93,796.5,32.5,49.4,75.59,1.2,60.47,1.01,61.0,0.67
2025-04-03,11:45,93,787.2,32.6,49.3,75.64,1.19,60.51,1.0,60.3,0.67
2025-04-03,12:00,93,777.9,32.7,49.1,75.69,1.18,60.55,0.98,59.6,0.67
2025-04-03,12:15,93,741.5,32.6,48.2,76.0,1.12,60.8,0.94,57.0,0.67
2025-04-03,12:30,93,705.0,32.6,47.2,76.3,1.06,61.04,0.89,54.4,0.67
2025-04-03,12:45,93,668.6,32.5,46.2,76.6,1.01,61.28,0.84,51.7,0.67
2025-04-03,13:00,93,632.1,32.5,45.3,76.91,0.95,61.53,0.8,49.1,0.67
2025-04-03,13:15,93,582.1,32.3,43.9,77.35,0.88,61.88,0.73,45.4,0.67
2025-04-03,13:30,93,532.1,32.2,42.5,77.78,0.8,62.23,0.67,41.6,0.67
2025-04-03,13:45,93,482.1,32.1,41.1,78.22,0.72,62.58,0.61,37.9,0.67
2025-04-03,14:00,93,432.1,31.9,39.7,78.66,0.65,62.93,0.54,34.1,0.67
2025-04-03,14:15,93,391.7,31.7,38.5,79.04,0.59,63.23,0.49,31.0,0.67
2025-04-03,14:30,93,351.3,31.6,37.3,79.42,0.52,63.54,0.44,27.9,0.67
2025-04-03,14:45,93,310.8,31.4,36.1,79.8,0.46,63.84,0.39,24.8,0.67
2025-04-03,15:00,93,270.4,31.2,34.9,80.18,0.4,64.15,0.34,21.7,0.67
2025-04-03,15:15,93,239.1,30.9,33.9,80.52,0.36,64.42,0.3,19.2,0.67
2025-04-03,15:30,93,207.7,30.6,32.8,80.86,0.31,64.69,0.26,16.7,0.67
2025-04-03,15:45,93,176.4,30.3,31.7,81.2,0.26,64.96,0.22,14.3,0.67
2025-04-03,16:00,93,145.1,30.0,30.7,81.54,0.22,65.23,0.18,11.8,0.67
2025-04-03,16:15,93,116.4,29.6,29.5,81.89,0.17,65.51,0.14,9.5,0.67
2025-04-03,16:30,93,87.7,29.2,28.4,82.24,0.13,65.8,0.11,7.2,0.67
2025-04-03,16:45,93,59.1,28.8,27.3,82.6,0.09,66.08,0.07,4.8,0.67
2025-04-03,17:00,93,30.4,28.4,26.2,82.95,0.04,66.36,0.04,2.5,0.67
2025-04-03,17:15,93,22.8,28.1,25.7,83.11,0.03,66.49,0.03,1.9,0.67
2025-04-03,17:30,93,15.2,27.8,25.2,83.27,0.02,66.62,0.02,1.3,0.67
2025-04-03,17:45,93,7.6,27.5,24.7,83.43,0.01,66.74,0.01,0.6,0.67
2025-04-04,05:15,93,22.9,24.4,22.0,84.28,0.03,67.42,0.03,1.9,0.67
2025-04-04,05:30,93,45.8,24.8,22.9,83.99,0.07,67.19,0.06,3.8,0.67
2025-04-04,05:45,93,68.7,25.1,23.8,83.69,0.1,66.95,0.08,5.7,0.67
2025-04-04,06:00,93,91.6,25.5,24.8,83.4,0.14,66.72,0.11,7.6,0.67
2025-04-04,06:15,93,147.0,26.1,26.8,82.77,0.22,66.22,0.18,12.1,0.67
2025-04-04,06:30,93,202.4,26.7,28.7,82.15,0.3,65.72,0.25,16.5,0.67
2025-04-04,06:45,93,257.8,27.3,30.7,81.52,0.38,65.22,0.32,20.9,0.67
2025-04-04,07:00,93,313.2,27.9,32.7,80.89,0.47,64.71,0.39,25.2,0.67
2025-04-04,07:15,93,372.4,28.3,34.7,80.27,0.55,64.22,0.46,29.8,0.67
2025-04-04,07:30,93,431.6,28.8,36.6,79.65,0.64,63.72,0.54,34.4,0.67
2025-04-04,07:45,93,490.9,29.3,38.6,79.02,0.73,63.22,0.62,38.9,0.67
2025-04-04,08:00,93,550.1,29.8,40.6,78.4,0.82,62.72,0.69,43.3,0.67
2025-04-04,08:15,93,583.4,30.3,41.8,78.0,0.88,62.4,0.73,45.8,0.67
2025-04-04,08:30,93,616.6,30.7,43.1,77.59,0.93,62.07,0.78,48.2,0.67
2025-04-04,08:45,93,649.9,31.1,44.4,77.19,0.98,61.75,0.82,50.6,0.67
2025-04-04,09:00,93,683.2,31.6,45.7,76.78,1.03,61.43,0.86,52.9,0.67
2025-04-04,09:15,93,705.4,32.0,46.6,76.49,1.06,61.19,0.89,54.5,0.67
2025-04-04,09:30,93,727.5,32.3,47.5,76.2,1.1,60.96,0.92,56.1,0.67
2025-04-04,09:45,93,749.7,32.7,48.4,75.91,1.13,60.73,0.95,57.6,0.67
2025-04-04,10:00,93,771.9,33.0,49.3,75.62,1.17,60.49,0.98,59.1,0.67
2025-04-04,10:15,93,782.6,33.4,49.9,75.44,1.18,60.35,0.99,59.8,0.67
2025-04-04,10:30,93,793.3,33.7,50.5,75.26,1.2,60.21,1.01,60.5,0.67
2025-04-04,10:45,93,804.0,34.0,51.1,75.08,1.22,60.06,1.02,61.2,0.67
2025-04-04,11:00,93,814.7,34.3,51.6,74.9,1.23,59.92,1.03,62.0,0.67
2025-04-04,11:15,93,804.6,34.5,51.6,74.91,1.22,59.93,1.02,61.2,0.67
2025-04-04,11:30,93,794.4,34.7,51.5,74.93,1.2,59.94,1.01,60.4,0.67
2025-04-04,11:45,93,784.3,34.9,51.5,74.94,1.19,59.95,1.0,59.7,0.67
2025-04-04,12:00,93,774.1,35.1,51.4,74.96,1.17,59.97,0.98,58.9,0.67
2025-04-04,12:15,93,687.0,35.2,49.3,75.62,1.04,60.5,0.87,52.6,0.67
2025-04-04,12:30,93,600.0,35.2,47.2,76.28,0.91,61.03,0.76,46.3,0.67
2025-04-04,12:45,93,512.9,35.3,45.1,76.95,0.77,61.56,0.65,39.8,0.67
2025-04-04,13:00,93,425.8,35.4,43.1,77.61,0.64,62.09,0.54,33.3,0.67
2025-04-04,13:15,93,407.9,35.4,42.6,77.77,0.61,62.22,0.51,31.9,0.67
2025-04-04,13:30,93,390.1,35.3,42.0,77.93,0.59,62.34,0.49,30.6,0.67
2025-04-04,13:45,93,372.3,35.2,41.5,78.09,0.56,62.47,0.47,29.2,0.67
2025-04-04,14:00,93,354.4,35.2,41.0,78.25,0.53,62.6,0.45,27.9,0.67
2025-04-04,14:15,93,301.8,35.0,39.5,78.73,0.45,62.98,0.38,23.8,0.67
2025-04-04,14:30,93,249.1,34.8,38.0,79.2,0.37,63.36,0.31,19.8,0.67
2025-04-04,14:45,93,196.4,34.6,36.5,79.68,0.29,63.75,0.25,15.7,0.67
2025-04-04,15:00,93,143.8,34.4,35.0,80.16,0.21,64.13,0.18,11.5,0.67
2025-04-04,15:15,93,123.4,34.1,34.2,80.43,0.18,64.34,0.15,9.9,0.67
2025-04-04,15:30,93,103.0,33.7,33.3,80.7,0.15,64.56,0.13,8.3,0.67
2025-04-04,15:45,93,82.6,33.4,32.4,80.97,0.12,64.78,0.1,6.7,0.67
2025-04-04,16:00,93,62.2,33.0,31.6,81.24,0.09,64.99,0.08,5.0,0.67
2025-04-04,16:15,93,49.8,32.4,30.6,81.55,0.07,65.24,0.06,4.0,0.67
2025-04-04,16:30,93,37.4,31.7,29.6,81.86,0.06,65.49,0.05,3.0,0.67
2025-04-04,16:45,93,25.0,31.0,28.7,82.17,0.04,65.73,0.03,2.0,0.67
2025-04-04,17:00,93,12.7,30.4,27.7,82.47,0.02,65.98,0.02,1.0,0.67
2025-04-04,17:15,93,9.5,29.8,27.1,82.67,0.01,66.13,0.01,0.8,0.67
2025-04-04,17:30,93,6.3,29.3,26.5,82.86,0.01,66.29,0.01,0.5,0.67
2025-04-05,05:15,93,21.2,24.3,21.9,84.32,0.03,67.45,0.03,1.8,0.67
2025-04-05,05:30,93,42.5,24.7,22.8,84.03,0.06,67.22,0.05,3.5,0.67
2025-04-05,05:45,93,63.8,25.1,23.7,83.74,0.09,66.99,0.08,5.3,0.67
2025-04-05,06:00,93,85.0,25.5,24.6,83.45,0.13,66.76,0.11,7.0,0.67
2025-04-05,06:15,93,137.1,26.1,26.5,82.85,0.2,66.28,0.17,11.2,0.67
2025-04-05,06:30,93,189.1,26.7,28.4,82.24,0.28,65.79,0.23,15.4,0.67
2025-04-05,06:45,93,241.1,27.3,30.3,81.64,0.36,65.31,0.3,19.6,0.67
2025-04-05,07:00,93,293.2,27.9,32.3,81.03,0.44,64.82,0.37,23.7,0.67
2025-04-05,07:15,93,351.8,28.4,34.2,80.41,0.52,64.32,0.44,28.2,0.67
2025-04-05,07:30,93,410.4,28.9,36.2,79.78,0.61,63.83,0.51,32.7,0.67
2025-04-05,07:45,93,469.0,29.4,38.2,79.16,0.7,63.33,0.59,37.2,0.67
2025-04-05,08:00,93,527.6,29.9,40.1,78.54,0.79,62.83,0.66,41.6,0.67
2025-04-05,08:15,93,563.4,30.5,41.5,78.09,0.85,62.47,0.71,44.2,0.67
2025-04-05,08:30,93,599.1,31.0,42.9,77.64,0.9,62.12,0.75,46.8,0.67
2025-04-05,08:45,93,634.8,31.5,44.4,77.2,0.96,61.76,0.8,49.4,0.67
2025-04-05,09:00,93,670.5,32.0,45.8,76.75,1.01,61.4,0.85,52.0,0.67
2025-04-05,09:15,93,672.5,32.5,46.3,76.59,1.01,61.28,0.85,52.0,0.67
2025-04-05,09:30,93,674.4,32.9,46.8,76.43,1.02,61.15,0.85,52.1,0.67
2025-04-05,09:45,93,676.3,33.4,47.3,76.28,1.02,61.02,0.85,52.1,0.67
2025-04-05,10:00,93,678.2,33.8,47.8,76.12,1.02,60.89,0.86,52.2,0.67
2025-04-05,10:15,93,698.4,34.1,48.6,75.87,1.06,60.69,0.88,53.6,0.67
2025-04-05,10:30,93,718.6,34.4,49.4,75.61,1.09,60.49,0.91,55.0,0.67
2025-04-05,10:45,93,738.8,34.7,50.2,75.36,1.12,60.29,0.94,56.4,0.67
2025-04-05,11:00,93,759.0,35.0,50.9,75.11,1.15,60.09,0.96,57.8,0.67
2025-04-05,11:15,93,740.8,35.1,50.6,75.21,1.12,60.17,0.94,56.5,0.67
2025-04-05,11:30,93,722.5,35.3,50.3,75.3,1.09,60.24,0.92,55.2,0.67
2025-04-05,11:45,93,704.3,35.4,50.0,75.4,1.07,60.32,0.89,53.8,0.67
2025-04-05,12:00,93,686.0,35.6,49.7,75.5,1.04,60.4,0.87,52.5,0.67
2025-04-05,12:15,93,646.6,35.6,48.8,75.8,0.98,60.64,0.82,49.6,0.67
2025-04-05,12:30,93,607.1,35.6,47.8,76.11,0.92,60.89,0.77,46.7,0.67
2025-04-05,12:45,93,567.6,35.6,46.8,76.42,0.86,61.13,0.72,43.8,0.67
2025-04-05,13:00,93,528.1,35.6,45.9,76.73,0.8,61.38,0.67,40.9,0.67
2025-04-05,13:15,93,501.2,35.5,45.1,76.98,0.75,61.58,0.63,38.9,0.67
2025-04-05,13:30,93,474.3,35.4,44.3,77.23,0.71,61.78,0.6,36.9,0.67
2025-04-05,13:45,93,447.4,35.3,43.5,77.48,0.67,61.99,0.56,34.9,0.67
2025-04-05,14:00,93,420.5,35.1,42.7,77.74,0.63,62.19,0.53,32.9,0.67
2025-04-05,14:15,93,361.4,34.9,40.9,78.28,0.54,62.62,0.45,28.4,0.67
2025-04-05,14:30,93,302.2,34.7,39.2,78.82,0.45,63.06,0.38,23.9,0.67
2025-04-05,14:45,93,243.1,34.4,37.5,79.37,0.36,63.5,0.3,19.3,0.67
2025-04-05,15:00,93,184.0,34.2,35.8,79.91,0.27,63.93,0.23,14.7,0.67
2025-04-05,15:15,93,162.5,33.8,34.9,80.21,0.24,64.17,0.2,13.0,0.67
2025-04-05,15:30,93,140.9,33.4,33.9,80.5,0.21,64.4,0.18,11.3,0.67
2025-04-05,15:45,93,119.4,33.0,33.0,80.8,0.18,64.64,0.15,9.6,0.67
2025-04-05,16:00,93,97.9,32.6,32.1,81.09,0.15,64.87,0.12,7.9,0.67
2025-04-05,16:15,93,78.5,32.1,31.0,81.42,0.12,65.13,0.1,6.4,0.67
2025-04-05,16:30,93,59.0,31.5,30.0,81.75,0.09,65.4,0.07,4.8,0.67
2025-04-05,16:45,93,39.5,31.0,29.0,82.07,0.06,65.66,0.05,3.2,0.67
2025-04-05,17:00,93,20.1,30.4,27.9,82.4,0.03,65.92,0.02,1.6,0.67
2025-04-05,17:15,93,15.1,29.9,27.3,82.59,0.02,66.07,0.02,1.2,0.67
2025-04-05,17:30,93,10.1,29.5,26.7,82.78,0.01,66.23,0.01,0.8,0.67
2025-04-05,17:45,93,5.0,29.0,26.1,82.98,0.01,66.38,0.01,0.4,0.67
2025-04-06,05:15,93,26.2,25.4,23.1,83.93,0.04,67.15,0.03,2.2,0.67
2025-04-06,05:30,93,52.5,25.7,24.1,83.63,0.08,66.9,0.06,4.3,0.67
2025-04-06,05:45,93,78.7,26.1,25.0,83.32,0.12,66.66,0.1,6.5,0.67
2025-04-06,06:00,93,105.0,26.4,26.0,83.02,0.16,66.41,0.13,8.6,0.67
2025-04-06,06:15,93,155.8,26.9,27.8,82.44,0.23,65.95,0.19,12.7,0.67
2025-04-06,06:30,93,206.7,27.5,29.6,81.86,0.31,65.49,0.26,16.8,0.67
2025-04-06,06:45,93,257.5,28.0,31.5,81.28,0.38,65.03,0.32,20.8,0.67
2025-04-06,07:00,93,308.4,28.6,33.3,80.71,0.46,64.57,0.38,24.8,0.67
2025-04-06,07:15,93,369.8,28.9,35.2,80.1,0.55,64.08,0.46,29.6,0.67
2025-04-06,07:30,93,431.1,29.3,37.1,79.5,0.64,63.6,0.54,34.3,0.67
2025-04-06,07:45,93,492.5,29.7,39.0,78.9,0.74,63.12,0.62,39.0,0.67
2025-04-06,08:00,93,553.9,30.1,40.9,78.29,0.83,62.64,0.7,43.6,0.67
2025-04-06,08:15,93,608.4,30.4,42.6,77.77,0.91,62.21,0.77,47.6,0.67
2025-04-06,08:30,93,662.8,30.6,44.2,77.24,1.0,61.79,0.84,51.6,0.67
2025-04-06,08:45,93,717.3,30.9,45.9,76.72,1.08,61.37,0.91,55.6,0.67
2025-04-06,09:00,93,771.8,31.2,47.5,76.19,1.16,60.95,0.98,59.5,0.67
2025-04-06,09:15,93,790.6,31.4,48.2,75.99,1.19,60.79,1.0,60.8,0.67
2025-04-06,09:30,93,809.4,31.6,48.8,75.79,1.22,60.63,1.02,62.1,0.67
2025-04-06,09:45,93,828.2,31.7,49.4,75.59,1.25,60.47,1.05,63.4,0.67
2025-04-06,10:00,93,847.0,31.9,50.1,75.39,1.28,60.31,1.07,64.7,0.67
2025-04-06,10:15,93,830.5,32.0,49.7,75.5,1.26,60.4,1.05,63.5,0.67
2025-04-06,10:30,93,814.1,32.0,49.4,75.61,1.23,60.49,1.03,62.4,0.67
2025-04-06,10:45,93,797.6,32.1,49.0,75.72,1.21,60.57,1.01,61.2,0.67
2025-04-06,11:00,93,781.1,32.2,48.7,75.83,1.18,60.66,0.99,60.0,0.67
2025-04-06,11:15,93,775.4,32.2,48.6,75.86,1.17,60.69,0.98,59.5,0.67
2025-04-06,11:30,93,769.7,32.2,48.5,75.9,1.16,60.72,0.97,59.1,0.67
2025-04-06,11:45,93,763.9,32.2,48.3,75.93,1.15,60.75,0.97,58.7,0.67
2025-04-06,12:00,93,758.2,32.3,48.2,75.97,1.15,60.78,0.96,58.3,0.67
2025-04-06,12:15,93,722.5,32.2,47.3,76.26,1.09,61.01,0.91,55.7,0.67
2025-04-06,12:30,93,686.8,32.2,46.4,76.56,1.04,61.25,0.87,53.1,0.67
2025-04-06,12:45,93,651.0,32.2,45.5,76.85,0.98,61.48,0.82,50.5,0.67
2025-04-06,13:00,93,615.3,32.1,44.5,77.15,0.93,61.72,0.78,47.9,0.67
2025-04-06,13:15,93,572.5,32.1,43.4,77.49,0.86,61.99,0.72,44.7,0.67
2025-04-06,13:30,93,529.7,32.1,42.3,77.84,0.8,62.27,0.67,41.5,0.67
2025-04-06,13:45,93,486.9,32.1,41.2,78.19,0.73,62.55,0.61,38.3,0.67
2025-04-06,14:00,93,444.1,32.0,40.1,78.53,0.67,62.83,0.56,35.0,0.67
2025-04-06,14:15,93,414.8,32.0,39.3,78.79,0.62,63.03,0.52,32.8,0.67
2025-04-06,14:30,93,385.6,31.9,38.5,79.04,0.58,63.23,0.48,30.5,0.67
2025-04-06,14:45,93,356.3,31.8,37.7,79.29,0.53,63.44,0.45,28.3,0.67
2025-04-06,15:00,93,327.1,31.8,36.9,79.55,0.49,63.64,0.41,26.0,0.67
2025-04-06,15:15,93,286.9,31.6,35.8,79.92,0.43,63.93,0.36,22.9,0.67
2025-04-06,15:30,93,246.8,31.4,34.6,80.29,0.37,64.23,0.31,19.8,0.67
2025-04-06,15:45,93,206.7,31.3,33.4,80.66,0.31,64.52,0.26,16.6,0.67
2025-04-06,16:00,93,166.5,31.1,32.3,81.03,0.25,64.82,0.21,13.4,0.67
2025-04-06,16:15,93,132.0,30.7,31.0,81.43,0.2,65.14,0.16,10.7,0.67
2025-04-06,16:30,93,97.4,30.3,29.7,81.83,0.14,65.46,0.12,7.9,0.67
2025-04-06,16:45,93,62.8,29.9,28.5,82.23,0.09,65.78,0.08,5.1,0.67
2025-04-06,17:00,93,28.3,29.5,27.2,82.63,0.04,66.1,0.04,2.3,0.67
2025-04-06,17:15,93,21.2,29.2,26.7,82.8,0.03,66.24,0.03,1.7,0.67
2025-04-06,17:30,93,14.1,28.8,26.1,82.97,0.02,66.37,0.02,1.2,0.67
2025-04-06,17:45,93,7.1,28.4,25.6,83.14,0.01,66.51,0.01,0.6,0.67
2025-04-07,05:15,93,23.0,26.1,23.6,83.76,0.03,67.0,0.03,1.9,0.67
2025-04-07,05:30,93,46.0,26.2,24.3,83.55,0.07,66.84,0.06,3.8,0.67
2025-04-07,05:45,93,69.0,26.2,25.0,83.34,0.1,66.67,0.09,5.7,0.67
2025-04-07,06:00,93,92.0,26.3,25.6,83.13,0.14,66.51,0.11,7.6,0.67
2025-04-07,06:15,93,142.6,26.6,27.2,82.64,0.21,66.11,0.18,11.7,0.67
2025-04-07,06:30,93,193.1,26.9,28.7,82.16,0.29,65.72,0.24,15.7,0.67
2025-04-07,06:45,93,243.6,27.2,30.2,81.67,0.36,65.33,0.3,19.8,0.67
2025-04-07,07:00,93,294.1,27.4,31.8,81.18,0.44,64.94,0.37,23.8,0.67
2025-04-07,07:15,93,338.6,27.7,33.2,80.73,0.5,64.58,0.42,27.3,0.67
2025-04-07,07:30,93,383.1,28.1,34.6,80.28,0.57,64.22,0.48,30.7,0.67
2025-04-07,07:45,93,427.6,28.4,36.1,79.83,0.64,63.86,0.53,34.1,0.67
2025-04-07,08:00,93,472.1,28.7,37.5,79.38,0.71,63.5,0.59,37.5,0.67
2025-04-07,08:15,93,533.1,28.9,39.2,78.83,0.8,63.07,0.67,42.2,0.67
2025-04-07,08:30,93,594.1,29.1,40.9,78.29,0.89,62.63,0.75,46.7,0.67
2025-04-07,08:45,93,655.1,29.2,42.6,77.75,0.98,62.2,0.82,51.3,0.67
2025-04-07,09:00,93,716.1,29.4,44.3,77.2,1.08,61.76,0.9,55.7,0.67
2025-04-07,09:15,93,750.5,29.6,45.4,76.87,1.13,61.49,0.95,58.2,0.67
2025-04-07,09:30,93,784.9,29.8,46.5,76.53,1.18,61.23,0.99,60.7,0.67
2025-04-07,09:45,93,819.2,30.0,47.5,76.2,1.24,60.96,1.04,63.1,0.67
2025-04-07,10:00,93,853.6,30.2,48.6,75.86,1.29,60.69,1.08,65.5,0.67
2025-04-07,10:15,93,875.3,30.4,49.2,75.65,1.32,60.52,1.11,67.1,0.67
2025-04-07,10:30,93,897.1,30.5,49.9,75.44,1.36,60.35,1.14,68.6,0.67
2025-04-07,10:45,93,918.8,30.6,50.6,75.23,1.39,60.19,1.16,70.1,0.67
2025-04-07,11:00,93,940.5,30.7,51.2,75.02,1.42,60.02,1.19,71.6,0.67
2025-04-07,11:15,93,925.8,30.8,50.9,75.12,1.4,60.1,1.17,70.6,0.67
2025-04-07,11:30,93,911.0,30.8,50.6,75.22,1.38,60.17,1.15,69.5,0.67
2025-04-07,11:45,93,896.3,30.9,50.3,75.32,1.36,60.25,1.14,68.4,0.67
2025-04-07,12:00,93,881.5,30.9,50.0,75.42,1.33,60.33,1.12,67.4,0.67
2025-04-07,12:15,93,863.9,31.0,49.6,75.55,1.31,60.44,1.09,66.1,0.67
2025-04-07,12:30,93,846.4,31.0,49.1,75.69,1.28,60.55,1.07,64.9,0.67
2025-04-07,12:45,93,828.8,31.0,48.7,75.82,1.25,60.66,1.05,63.6,0.67
2025-04-07,13:00,93,811.2,31.0,48.3,75.96,1.23,60.77,1.03,62.4,0.67
2025-04-07,13:15,93,772.6,31.0,47.3,76.27,1.17,61.02,0.98,59.6,0.67
2025-04-07,13:30,93,734.0,30.9,46.3,76.59,1.11,61.27,0.93,56.8,0.67
2025-04-07,13:45,93,695.5,30.9,45.3,76.9,1.05,61.52,0.88,54.0,0.67
2025-04-07,14:00,93,656.9,30.9,44.3,77.21,0.99,61.77,0.83,51.1,0.67
2025-04-07,14:15,93,612.5,30.8,43.1,77.58,0.92,62.07,0.77,47.8,0.67
2025-04-07,14:30,93,568.1,30.8,42.0,77.95,0.85,62.36,0.71,44.5,0.67
2025-04-07,14:45,93,523.8,30.7,40.8,78.32,0.79,62.66,0.66,41.2,0.67
2025-04-07,15:00,93,479.4,30.7,39.6,78.69,0.72,62.95,0.6,37.9,0.67
2025-04-07,15:15,93,422.2,30.5,38.1,79.19,0.63,63.35,0.53,33.5,0.67
2025-04-07,15:30,93,365.0,30.3,36.5,79.7,0.54,63.76,0.46,29.1,0.67
2025-04-07,15:45,93,307.8,30.2,34.9,80.2,0.46,64.16,0.38,24.7,0.67
2025-04-07,16:00,93,250.6,30.0,33.3,80.7,0.37,64.56,0.31,20.2,0.67
2025-04-07,16:15,93,199.8,29.7,31.7,81.21,0.3,64.97,0.25,16.2,0.67
2025-04-07,16:30,93,149.0,29.3,30.1,81.72,0.22,65.38,0.19,12.1,0.67
2025-04-07,16:45,93,98.3,29.0,28.5,82.24,0.15,65.79,0.12,8.0,0.67
2025-04-07,17:00,93,47.5,28.6,26.8,82.75,0.07,66.2,0.06,3.9,0.67
2025-04-07,17:15,93,35.6,28.3,26.2,82.94,0.05,66.35,0.04,2.9,0.67
2025-04-07,17:30,93,23.7,28.0,25.6,83.13,0.04,66.5,0.03,2.0,0.67
2025-04-07,17:45,93,11.9,27.7,25.0,83.32,0.02,66.66,0.01,1.0,0.67
2025-04-08,05:15,93,22.1,25.1,22.7,84.06,0.03,67.25,0.03,1.8,0.67
2025-04-08,05:30,93,44.3,25.4,23.5,83.81,0.07,67.04,0.05,3.7,0.67
2025-04-08,05:45,93,66.4,25.6,24.3,83.55,0.1,66.84,0.08,5.5,0.67
2025-04-08,06:00,93,88.5,25.9,25.1,83.29,0.13,66.63,0.11,7.3,0.67
2025-04-08,06:15,93,139.7,26.3,26.8,82.75,0.21,66.2,0.17,11.5,0.67
2025-04-08,06:30,93,190.9,26.7,28.5,82.21,0.28,65.77,0.24,15.6,0.67
2025-04-08,06:45,93,242.1,27.2,30.2,81.68,0.36,65.34,0.3,19.7,0.67
2025-04-08,07:00,93,293.3,27.6,31.9,81.14,0.44,64.91,0.37,23.7,0.67
2025-04-08,07:15,93,349.0,28.0,33.7,80.56,0.52,64.45,0.44,28.0,0.67
2025-04-08,07:30,93,404.7,28.5,35.6,79.98,0.6,63.98,0.51,32.3,0.67
2025-04-08,07:45,93,460.4,28.9,37.4,79.4,0.69,63.52,0.58,36.6,0.67
2025-04-08,08:00,93,516.1,29.3,39.2,78.82,0.77,63.06,0.65,40.8,0.67
2025-04-08,08:15,93,567.2,29.7,40.8,78.31,0.85,62.65,0.71,44.6,0.67
2025-04-08,08:30,93,618.4,30.0,42.5,77.8,0.93,62.24,0.78,48.4,0.67
2025-04-08,08:45,93,669.5,30.3,44.1,77.29,1.01,61.83,0.84,52.2,0.67
2025-04-08,09:00,93,720.7,30.7,45.7,76.78,1.09,61.42,0.91,55.9,0.67
2025-04-08,09:15,93,737.3,31.0,46.4,76.56,1.11,61.24,0.93,57.0,0.67
2025-04-08,09:30,93,753.9,31.2,47.1,76.33,1.14,61.06,0.95,58.2,0.67
2025-04-08,09:45,93,770.5,31.5,47.8,76.11,1.16,60.88,0.97,59.3,0.67
2025-04-08,10:00,93,787.1,31.8,48.5,75.88,1.19,60.7,1.0,60.5,0.67
2025-04-08,10:15,93,816.7,32.1,49.5,75.57,1.24,60.46,1.03,62.5,0.67
2025-04-08,10:30,93,846.3,32.3,50.5,75.26,1.28,60.21,1.07,64.6,0.67
2025-04-08,10:45,93,875.9,32.5,51.4,74.95,1.33,59.96,1.11,66.6,0.67
2025-04-08,11:00,93,905.5,32.8,52.4,74.65,1.37,59.72,1.15,68.7,0.67
2025-04-08,11:15,93,897.3,32.9,52.4,74.66,1.36,59.73,1.14,68.1,0.67
2025-04-08,11:30,93,889.1,33.1,52.3,74.68,1.35,59.75,1.13,67.5,0.67
2025-04-08,11:45,93,880.9,33.2,52.2,74.7,1.34,59.76,1.12,66.8,0.67
2025-04-08,12:00,93,872.7,33.4,52.2,74.72,1.32,59.78,1.11,66.2,0.67
2025-04-08,12:15,93,839.7,33.4,51.4,74.96,1.27,59.97,1.07,63.9,0.67
2025-04-08,12:30,93,806.6,33.5,50.6,75.21,1.22,60.17,1.02,61.5,0.67
2025-04-08,12:45,93,773.6,33.5,49.9,75.45,1.17,60.36,0.98,59.2,0.67
2025-04-08,13:00,93,740.6,33.6,49.1,75.7,1.12,60.56,0.94,56.8,0.67
2025-04-08,13:15,93,697.3,33.6,48.0,76.04,1.05,60.83,0.88,53.6,0.67
2025-04-08,13:30,93,654.0,33.6,46.9,76.39,0.99,61.11,0.83,50.5,0.67
2025-04-08,13:45,93,610.7,33.6,45.8,76.73,0.92,61.39,0.77,47.3,0.67
2025-04-08,14:00,93,567.4,33.5,44.7,77.08,0.85,61.66,0.72,44.1,0.67
2025-04-08,14:15,93,527.4,33.4,43.6,77.43,0.79,61.94,0.66,41.1,0.67
2025-04-08,14:30,93,487.5,33.3,42.5,77.78,0.73,62.22,0.61,38.2,0.67
2025-04-08,14:45,93,447.6,33.2,41.4,78.13,0.67,62.51,0.56,35.1,0.67
2025-04-08,15:00,93,407.6,33.1,40.3,78.48,0.61,62.79,0.51,32.1,0.67
2025-04-08,15:15,93,356.3,32.9,38.8,78.96,0.53,63.17,0.45,28.2,0.67
2025-04-08,15:30,93,305.0,32.7,37.3,79.43,0.46,63.54,0.38,24.3,0.67
2025-04-08,15:45,93,253.7,32.5,35.8,79.9,0.38,63.92,0.32,20.3,0.67
2025-04-08,16:00,93,202.4,32.3,34.3,80.38,0.3,64.3,0.25,16.2,0.67
2025-04-08,16:15,93,161.1,31.7,32.8,80.87,0.24,64.7,0.2,13.0,0.67
2025-04-08,16:30,93,119.8,31.2,31.2,81.37,0.18,65.1,0.15,9.7,0.67
2025-04-08,16:45,93,78.6,30.7,29.6,81.87,0.12,65.49,0.1,6.4,0.67
2025-04-08,17:00,93,37.3,30.1,28.1,82.36,0.06,65.89,0.05,3.0,0.67
2025-04-08,17:15,93,28.0,29.7,27.4,82.57,0.04,66.05,0.03,2.3,0.67
2025-04-08,17:30,93,18.6,29.3,26.8,82.77,0.03,66.22,0.02,1.5,0.67
2025-04-08,17:45,93,9.3,28.9,26.1,82.97,0.01,66.38,0.01,0.8,0.67
2025-04-09,05:15,93,23.2,25.2,22.8,84.04,0.03,67.23,0.03,1.9,0.67
2025-04-09,05:30,93,46.5,25.4,23.5,83.8,0.07,67.04,0.06,3.8,0.67
2025-04-09,05:45,93,69.7,25.5,24.3,83.56,0.1,66.84,0.09,5.8,0.67
2025-04-09,06:00,93,92.9,25.7,25.0,83.31,0.14,66.65,0.11,7.7,0.67
2025-04-09,06:15,93,139.9,26.0,26.5,82.85,0.21,66.28,0.17,11.5,0.67
2025-04-09,06:30,93,186.9,26.3,28.0,82.39,0.28,65.91,0.23,15.3,0.67
2025-04-09,06:45,93,233.8,26.6,29.4,81.93,0.35,65.55,0.29,19.0,0.67
2025-04-09,07:00,93,280.8,26.8,30.9,81.47,0.42,65.18,0.35,22.8,0.67
2025-04-09,07:15,93,337.6,27.4,32.8,80.86,0.5,64.69,0.42,27.2,0.67
2025-04-09,07:30,93,394.3,27.9,34.7,80.24,0.59,64.19,0.49,31.6,0.67
2025-04-09,07:45,93,451.1,28.4,36.7,79.63,0.67,63.7,0.56,35.9,0.67
2025-04-09,08:00,93,507.8,28.9,38.6,79.01,0.76,63.21,0.64,40.2,0.67
2025-04-09,08:15,93,535.6,29.3,39.7,78.68,0.8,62.94,0.67,42.3,0.67
2025-04-09,08:30,93,563.3,29.7,40.7,78.34,0.84,62.67,0.71,44.3,0.67
2025-04-09,08:45,93,591.1,30.0,41.8,78.01,0.89,62.41,0.74,46.4,0.67
2025-04-09,09:00,93,618.8,30.4,42.9,77.67,0.93,62.14,0.78,48.4,0.67
2025-04-09,09:15,93,657.7,30.6,44.0,77.3,0.99,61.84,0.83,51.2,0.67
2025-04-09,09:30,93,696.6,30.8,45.2,76.92,1.05,61.54,0.88,54.1,0.67
2025-04-09,09:45,93,735.4,31.0,46.4,76.55,1.11,61.24,0.93,56.9,0.67
2025-04-09,10:00,93,774.3,31.2,47.6,76.17,1.17,60.94,0.98,59.6,0.67
2025-04-09,10:15,93,767.5,31.4,47.6,76.18,1.16,60.94,0.97,59.1,0.67
2025-04-09,10:30,93,760.7,31.5,47.6,76.18,1.15,60.95,0.96,58.6,0.67
2025-04-09,10:45,93,753.9,31.7,47.5,76.19,1.14,60.95,0.95,58.1,0.67
2025-04-09,11:00,93,747.0,31.8,47.5,76.2,1.13,60.96,0.94,57.6,0.67
2025-04-09,11:15,93,745.5,32.0,47.6,76.17,1.13,60.94,0.94,57.4,0.67
2025-04-09,11:30,93,744.0,32.1,47.7,76.15,1.12,60.92,0.94,57.3,0.67
2025-04-09,11:45,93,742.5,32.2,47.7,76.13,1.12,60.9,0.94,57.2,0.67
2025-04-09,12:00,93,740.9,32.3,47.8,76.1,1.12,60.88,0.94,57.0,0.67
2025-04-09,12:15,93,715.6,32.3,47.2,76.29,1.08,61.03,0.9,55.2,0.67
2025-04-09,12:30,93,690.3,32.4,46.6,76.48,1.04,61.18,0.87,53.3,0.67
2025-04-09,12:45,93,664.9,32.4,46.0,76.67,1.0,61.34,0.84,51.5,0.67
2025-04-09,13:00,93,639.6,32.4,45.4,76.86,0.96,61.49,0.81,49.6,0.67
2025-04-09,13:15,93,624.7,32.4,45.1,76.98,0.94,61.58,0.79,48.5,0.67
2025-04-09,13:30,93,609.8,32.4,44.7,77.1,0.92,61.68,0.77,47.4,0.67
2025-04-09,13:45,93,594.8,32.4,44.3,77.22,0.89,61.77,0.75,46.3,0.67
2025-04-09,14:00,93,579.9,32.4,43.9,77.33,0.87,61.87,0.73,45.2,0.67
2025-04-09,14:15,93,522.1,32.3,42.4,77.82,0.78,62.26,0.66,40.9,0.67
2025-04-09,14:30,93,464.3,32.2,40.8,78.31,0.7,62.65,0.58,36.5,0.67
2025-04-09,14:45,93,406.4,32.1,39.3,78.8,0.61,63.04,0.51,32.1,0.67
2025-04-09,15:00,93,348.6,32.0,37.7,79.29,0.52,63.43,0.44,27.7,0.67
2025-04-09,15:15,93,304.1,31.8,36.4,79.71,0.45,63.77,0.38,24.2,0.67
2025-04-09,15:30,93,259.6,31.6,35.1,80.13,0.39,64.1,0.32,20.8,0.67
2025-04-09,15:45,93,215.1,31.4,33.8,80.54,0.32,64.43,0.27,17.3,0.67
2025-04-09,16:00,93,170.6,31.2,32.5,80.96,0.25,64.77,0.21,13.8,0.67
2025-04-09,16:15,93,136.1,30.7,31.1,81.38,0.2,65.1,0.17,11.0,0.67
2025-04-09,16:30,93,101.7,30.3,29.8,81.8,0.15,65.44,0.13,8.3,0.67
2025-04-09,16:45,93,67.3,29.8,28.5,82.23,0.1,65.78,0.08,5.5,0.67
2025-04-09,17:00,93,32.9,29.3,27.1,82.65,0.05,66.12,0.04,2.7,0.67
2025-04-09,17:15,93,24.7,29.0,26.6,82.82,0.04,66.26,0.03,2.0,0.67
2025-04-09,17:30,93,16.5,28.6,26.0,83.0,0.02,66.4,0.02,1.4,0.67
2025-04-09,17:45,93,8.2,28.3,25.5,83.17,0.01,66.54,0.01,0.7,0.67
2025-04-10,05:15,93,19.4,24.9,22.4,84.16,0.03,67.33,0.02,1.6,0.67
2025-04-10,05:30,93,38.7,25.1,23.1,83.94,0.06,67.15,0.05,3.2,0.67
2025-04-10,05:45,93,58.1,25.3,23.8,83.71,0.09,66.97,0.07,4.8,0.67
2025-04-10,06:00,93,77.4,25.6,24.5,83.49,0.11,66.79,0.1,6.4,0.67
2025-04-10,06:15,93,118.4,26.0,26.0,83.01,0.18,66.41,0.15,9.7,0.67
2025-04-10,06:30,93,159.5,26.5,27.5,82.53,0.24,66.02,0.2,13.0,0.67
2025-04-10,06:45,93,200.5,27.0,29.0,82.05,0.3,65.64,0.25,16.3,0.67
2025-04-10,07:00,93,241.5,27.5,30.5,81.57,0.36,65.26,0.3,19.6,0.67
2025-04-10,07:15,93,285.3,28.2,32.4,80.99,0.42,64.79,0.36,23.0,0.67
2025-04-10,07:30,93,329.1,29.0,34.2,80.41,0.49,64.33,0.41,26.4,0.67
2025-04-10,07:45,93,372.9,29.7,36.0,79.83,0.56,63.87,0.47,29.8,0.67
2025-04-10,08:00,93,416.7,30.4,37.9,79.25,0.62,63.4,0.52,33.1,0.67
2025-04-10,08:15,93,452.7,31.0,39.3,78.79,0.68,63.03,0.57,35.8,0.67
2025-04-10,08:30,93,488.8,31.6,40.8,78.33,0.73,62.67,0.61,38.5,0.67
2025-04-10,08:45,93,524.9,32.1,42.2,77.87,0.79,62.3,0.66,41.1,0.67
2025-04-10,09:00,93,561.0,32.7,43.7,77.41,0.84,61.93,0.71,43.7,0.67
2025-04-10,09:15,93,581.7,33.0,44.6,77.14,0.88,61.71,0.73,45.2,0.67
2025-04-10,09:30,93,602.5,33.4,45.4,76.86,0.91,61.49,0.76,46.7,0.67
2025-04-10,09:45,93,623.3,33.7,46.3,76.59,0.94,61.27,0.79,48.2,0.67
2025-04-10,10:00,93,644.1,34.0,47.2,76.31,0.97,61.05,0.81,49.7,0.67
2025-04-10,10:15,93,670.3,34.2,48.0,76.05,1.01,60.84,0.85,51.6,0.67
2025-04-10,10:30,93,696.5,34.4,48.8,75.79,1.05,60.63,0.88,53.4,0.67
2025-04-10,10:45,93,722.7,34.6,49.6,75.53,1.09,60.42,0.92,55.3,0.67
2025-04-10,11:00,93,749.0,34.7,50.5,75.26,1.13,60.21,0.95,57.2,0.67
2025-04-10,11:15,93,730.8,34.8,50.0,75.4,1.11,60.32,0.93,55.9,0.67
2025-04-10,11:30,93,712.6,34.8,49.6,75.54,1.08,60.43,0.9,54.5,0.67
2025-04-10,11:45,93,694.4,34.8,49.2,75.68,1.05,60.54,0.88,53.2,0.67
2025-04-10,12:00,93,676.2,34.8,48.7,75.81,1.02,60.65,0.86,51.9,0.67
2025-04-10,12:15,93,624.0,34.8,47.4,76.24,0.94,61.0,0.79,48.1,0.67
2025-04-10,12:30,93,571.8,34.7,46.0,76.68,0.86,61.34,0.72,44.3,0.67
2025-04-10,12:45,93,519.6,34.7,44.6,77.11,0.78,61.69,0.65,40.4,0.67
2025-04-10,13:00,93,467.4,34.6,43.3,77.54,0.7,62.03,0.59,36.5,0.67
2025-04-10,13:15,93,414.9,34.5,41.9,77.98,0.62,62.39,0.52,32.5,0.67
2025-04-10,13:30,93,362.5,34.4,40.5,78.43,0.54,62.74,0.46,28.5,0.67
2025-04-10,13:45,93,310.0,34.3,39.1,78.87,0.46,63.1,0.39,24.5,0.67
2025-04-10,14:00,93,257.6,34.2,37.7,79.32,0.39,63.45,0.32,20.5,0.67
2025-04-10,14:15,93,239.7,34.1,37.1,79.51,0.36,63.61,0.3,19.1,0.67
2025-04-10,14:30,93,221.8,33.9,36.5,79.7,0.33,63.76,0.28,17.7,0.67
2025-04-10,14:45,93,203.9,33.8,35.8,79.89,0.3,63.91,0.25,16.3,0.67
2025-04-10,15:00,93,186.1,33.6,35.2,80.09,0.28,64.07,0.23,14.9,0.67
2025-04-10,15:15,93,157.7,33.4,34.3,80.38,0.23,64.3,0.2,12.6,0.67
2025-04-10,15:30,93,129.3,33.2,33.4,80.67,0.19,64.54,0.16,10.4,0.67
2025-04-10,15:45,93,100.9,32.9,32.5,80.97,0.15,64.77,0.13,8.1,0.67
2025-04-10,16:00,93,72.5,32.7,31.5,81.26,0.11,65.01,0.09,5.9,0.67
2025-04-10,16:15,93,59.1,32.2,30.7,81.53,0.09,65.22,0.07,4.8,0.67
2025-04-10,16:30,93,45.6,31.7,29.8,81.79,0.07,65.44,0.06,3.7,0.67
2025-04-10,16:45,93,32.1,31.2,29.0,82.06,0.05,65.65,0.04,2.6,0.67
2025-04-10,17:00,93,18.7,30.7,28.2,82.33,0.03,65.86,0.02,1.5,0.67
2025-04-10,17:15,93,14.0,30.3,27.6,82.49,0.02,65.99,0.02,1.1,0.67
2025-04-10,17:30,93,9.3,29.9,27.1,82.66,0.01,66.13,0.01,0.8,0.67
2025-04-11,05:15,93,24.6,24.7,22.3,84.19,0.04,67.35,0.03,2.0,0.67
2025-04-11,05:30,93,49.1,24.9,23.1,83.91,0.07,67.13,0.06,4.1,0.67
2025-04-11,05:45,93,73.7,25.2,24.0,83.64,0.11,66.91,0.09,6.1,0.67
2025-04-11,06:00,93,98.3,25.4,24.9,83.37,0.15,66.69,0.12,8.1,0.67
2025-04-11,06:15,93,148.3,26.0,26.7,82.78,0.22,66.22,0.18,12.2,0.67
2025-04-11,06:30,93,198.3,26.6,28.6,82.19,0.29,65.75,0.25,16.2,0.67
2025-04-11,06:45,93,248.3,27.3,30.5,81.6,0.37,65.28,0.31,20.1,0.67
2025-04-11,07:00,93,298.3,27.9,32.3,81.0,0.44,64.8,0.37,24.1,0.67
2025-04-11,07:15,93,346.0,28.6,34.2,80.41,0.52,64.33,0.43,27.8,0.67
2025-04-11,07:30,93,393.6,29.2,36.1,79.82,0.59,63.85,0.49,31.4,0.67
2025-04-11,07:45,93,441.3,29.9,38.0,79.22,0.66,63.38,0.55,35.0,0.67
2025-04-11,08:00,93,489.0,30.6,39.8,78.63,0.73,62.9,0.61,38.6,0.67
2025-04-11,08:15,93,530.5,31.2,41.4,78.12,0.8,62.5,0.67,41.7,0.67
2025-04-11,08:30,93,571.9,31.7,43.0,77.61,0.86,62.09,0.72,44.7,0.67
2025-04-11,08:45,93,613.4,32.3,44.6,77.11,0.92,61.69,0.77,47.7,0.67
2025-04-11,09:00,93,654.9,32.9,46.2,76.6,0.99,61.28,0.83,50.7,0.67
2025-04-11,09:15,93,690.9,33.3,47.5,76.19,1.04,60.95,0.87,53.2,0.67
2025-04-11,09:30,93,726.9,33.7,48.9,75.77,1.1,60.62,0.92,55.8,0.67
2025-04-11,09:45,93,762.9,34.1,50.2,75.36,1.15,60.29,0.97,58.3,0.67
2025-04-11,10:00,93,799.0,34.5,51.5,74.95,1.21,59.96,1.01,60.8,0.67
2025-04-11,10:15,93,818.2,34.8,52.2,74.7,1.24,59.76,1.04,62.1,0.67
2025-04-11,10:30,93,837.4,35.1,53.0,74.46,1.27,59.57,1.06,63.4,0.67
2025-04-11,10:45,93,856.6,35.3,53.8,74.22,1.3,59.38,1.09,64.7,0.67
2025-04-11,11:00,93,875.8,35.6,54.5,73.98,1.33,59.18,1.11,66.0,0.67
2025-04-11,11:15,93,865.1,35.8,54.4,74.02,1.31,59.22,1.1,65.2,0.67
2025-04-11,11:30,93,854.4,35.9,54.3,74.06,1.3,59.25,1.09,64.4,0.67
2025-04-11,11:45,93,843.8,36.0,54.1,74.11,1.28,59.29,1.07,63.6,0.67
2025-04-11,12:00,93,833.1,36.2,54.0,74.15,1.27,59.32,1.06,62.9,0.67
2025-04-11,12:15,93,802.3,36.2,53.2,74.38,1.22,59.51,1.02,60.7,0.67
2025-04-11,12:30,93,771.6,36.2,52.5,74.62,1.17,59.69,0.98,58.5,0.67
2025-04-11,12:45,93,740.8,36.2,51.8,74.85,1.12,59.88,0.94,56.3,0.67
2025-04-11,13:00,93,710.0,36.3,51.0,75.09,1.08,60.07,0.9,54.1,0.67
2025-04-11,13:15,93,681.2,36.1,50.2,75.36,1.03,60.28,0.86,52.0,0.67
2025-04-11,13:30,93,652.5,36.0,49.3,75.63,0.99,60.5,0.83,50.0,0.67
2025-04-11,13:45,93,623.6,35.9,48.5,75.9,0.94,60.72,0.79,47.9,0.67
2025-04-11,14:00,93,594.9,35.7,47.6,76.17,0.9,60.93,0.75,45.8,0.67
2025-04-11,14:15,93,553.7,35.6,46.4,76.54,0.83,61.23,0.7,42.8,0.67
2025-04-11,14:30,93,512.5,35.4,45.2,76.92,0.77,61.53,0.65,39.8,0.67
2025-04-11,14:45,93,471.3,35.3,44.1,77.29,0.71,61.83,0.59,36.7,0.67
2025-04-11,15:00,93,430.1,35.1,42.9,77.67,0.65,62.13,0.54,33.6,0.67
2025-04-11,15:15,93,374.6,34.8,41.1,78.22,0.56,62.58,0.47,29.4,0.67
2025-04-11,15:30,93,319.1,34.4,39.4,78.78,0.48,63.02,0.4,25.2,0.67
2025-04-11,15:45,93,263.6,34.0,37.6,79.33,0.39,63.46,0.33,20.9,0.67
2025-04-11,16:00,93,208.2,33.7,35.9,79.88,0.31,63.91,0.26,16.6,0.67
2025-04-11,16:15,93,165.7,33.1,34.2,80.42,0.25,64.33,0.21,13.3,0.67
2025-04-11,16:30,93,123.3,32.4,32.5,80.95,0.18,64.76,0.15,9.9,0.67
2025-04-11,16:45,93,80.9,31.8,30.8,81.48,0.12,65.18,0.1,6.6,0.67
2025-04-11,17:00,93,38.5,31.2,29.2,82.01,0.06,65.61,0.05,3.1,0.67
2025-04-11,17:15,93,28.9,30.7,28.5,82.23,0.04,65.78,0.04,2.4,0.67
2025-04-11,17:30,93,19.2,30.3,27.8,82.45,0.03,65.96,0.02,1.6,0.67
2025-04-11,17:45,93,9.6,29.9,27.1,82.66,0.01,66.13,0.01,0.8,0.67
2025-04-12,05:15,93,20.0,24.9,22.4,84.16,0.03,67.33,0.02,1.7,0.67
2025-04-12,05:30,93,40.1,25.1,23.1,83.94,0.06,67.15,0.05,3.3,0.67
2025-04-12,05:45,93,60.1,25.3,23.8,83.72,0.09,66.97,0.07,5.0,0.67
2025-04-12,06:00,93,80.2,25.5,24.5,83.49,0.12,66.8,0.1,6.6,0.67
2025-04-12,06:15,93,120.2,25.9,25.9,83.05,0.18,66.44,0.15,9.9,0.67
2025-04-12,06:30,93,160.2,26.3,27.3,82.61,0.24,66.09,0.2,13.1,0.67
2025-04-12,06:45,93,200.2,26.7,28.7,82.17,0.3,65.74,0.25,16.3,0.67
2025-04-12,07:00,93,240.2,27.1,30.1,81.73,0.36,65.38,0.3,19.5,0.67
2025-04-12,07:15,93,291.9,27.6,31.9,81.13,0.43,64.9,0.36,23.6,0.67
2025-04-12,07:30,93,343.6,28.2,33.8,80.53,0.51,64.43,0.43,27.6,0.67
2025-04-12,07:45,93,395.4,28.8,35.7,79.93,0.59,63.95,0.49,31.6,0.67
2025-04-12,08:00,93,447.1,29.4,37.6,79.34,0.67,63.47,0.56,35.5,0.67
2025-04-12,08:15,93,493.1,30.0,39.3,78.79,0.74,63.04,0.62,39.0,0.67
2025-04-12,08:30,93,539.0,30.6,41.0,78.25,0.81,62.6,0.68,42.4,0.67
2025-04-12,08:45,93,585.0,31.1,42.7,77.71,0.88,62.17,0.74,45.8,0.67
2025-04-12,09:00,93,631.0,31.7,44.4,77.17,0.95,61.74,0.8,49.1,0.67
2025-04-12,09:15,93,651.7,32.1,45.4,76.88,0.98,61.5,0.82,50.6,0.67
2025-04-12,09:30,93,672.5,32.5,46.3,76.58,1.01,61.27,0.85,52.0,0.67
2025-04-12,09:45,93,693.2,32.9,47.2,76.29,1.05,61.03,0.88,53.5,0.67
2025-04-12,10:00,93,714.0,33.3,48.1,76.0,1.08,60.8,0.9,54.9,0.67
2025-04-12,10:15,93,768.7,33.6,49.8,75.47,1.16,60.38,0.97,58.8,0.67
2025-04-12,10:30,93,823.5,33.9,51.5,74.95,1.25,59.96,1.04,62.6,0.67
2025-04-12,10:45,93,878.2,34.2,53.1,74.42,1.33,59.54,1.12,66.5,0.67
2025-04-12,11:00,93,933.0,34.5,54.8,73.9,1.42,59.12,1.19,70.2,0.67
2025-04-12,11:15,93,905.1,34.7,54.3,74.05,1.38,59.24,1.15,68.2,0.67
2025-04-12,11:30,93,877.1,34.9,53.8,74.2,1.33,59.36,1.12,66.2,0.67
2025-04-12,11:45,93,849.2,35.1,53.4,74.35,1.29,59.48,1.08,64.2,0.67
2025-04-12,12:00,93,821.2,35.4,52.9,74.5,1.25,59.6,1.04,62.2,0.67
2025-04-12,12:15,93,804.2,35.5,52.6,74.59,1.22,59.67,1.02,61.0,0.67
2025-04-12,12:30,93,787.1,35.6,52.3,74.68,1.19,59.74,1.0,59.7,0.67
2025-04-12,12:45,93,770.0,35.8,52.0,74.77,1.17,59.82,0.98,58.5,0.67
2025-04-12,13:00,93,752.9,35.9,51.7,74.86,1.14,59.89,0.96,57.2,0.67
2025-04-12,13:15,93,696.9,35.9,50.3,75.3,1.05,60.24,0.88,53.2,0.67
2025-04-12,13:30,93,641.0,35.9,49.0,75.74,0.97,60.59,0.81,49.2,0.67
2025-04-12,13:45,93,585.0,35.9,47.6,76.18,0.88,60.95,0.74,45.1,0.67
2025-04-12,14:00,93,529.0,36.0,46.2,76.62,0.8,61.3,0.67,40.9,0.67
2025-04-12,14:15,93,476.4,35.8,44.7,77.07,0.72,61.66,0.6,37.0,0.67
2025-04-12,14:30,93,423.9,35.7,43.3,77.53,0.64,62.02,0.53,33.1,0.67
2025-04-12,14:45,93,371.3,35.6,41.9,77.98,0.56,62.38,0.47,29.1,0.67
2025-04-12,15:00,93,318.8,35.5,40.5,78.43,0.48,62.74,0.4,25.1,0.67
2025-04-12,15:15,93,286.0,35.2,39.4,78.77,0.43,63.02,0.36,22.6,0.67
2025-04-12,15:30,93,253.2,35.0,38.3,79.11,0.38,63.29,0.32,20.1,0.67
2025-04-12,15:45,93,220.4,34.7,37.2,79.45,0.33,63.56,0.28,17.5,0.67
2025-04-12,16:00,93,187.6,34.5,36.2,79.79,0.28,63.84,0.23,15.0,0.67
2025-04-12,16:15,93,150.0,33.9,34.7,80.26,0.22,64.21,0.19,12.0,0.67
2025-04-12,16:30,93,112.4,33.4,33.2,80.73,0.17,64.58,0.14,9.0,0.67
2025-04-12,16:45,93,74.8,32.9,31.7,81.19,0.11,64.95,0.09,6.0,0.67
2025-04-12,17:00,93,37.2,32.3,30.3,81.66,0.06,65.33,0.05,3.0,0.67
2025-04-12,17:15,93,27.9,31.8,29.5,81.91,0.04,65.52,0.03,2.3,0.67
2025-04-12,17:30,93,18.6,31.2,28.7,82.15,0.03,65.72,0.02,1.5,0.67
2025-04-12,17:45,93,9.3,30.7,27.9,82.4,0.01,65.92,0.01,0.8,0.67
2025-04-13,05:15,93,19.8,25.1,22.6,84.08,0.03,67.27,0.02,1.6,0.67
2025-04-13,05:30,93,39.5,25.4,23.4,83.83,0.06,67.06,0.05,3.3,0.67
2025-04-13,05:45,93,59.3,25.8,24.2,83.57,0.09,66.85,0.07,4.9,0.67
2025-04-13,06:00,93,79.0,26.1,25.1,83.31,0.12,66.65,0.1,6.5,0.67
2025-04-13,06:15,93,117.2,26.6,26.5,82.84,0.17,66.28,0.15,9.6,0.67
2025-04-13,06:30,93,155.3,27.1,28.0,82.38,0.23,65.9,0.19,12.7,0.67
2025-04-13,06:45,93,193.4,27.6,29.5,81.91,0.29,65.53,0.24,15.7,0.67
2025-04-13,07:00,93,231.5,28.1,30.9,81.45,0.34,65.16,0.29,18.8,0.67
2025-04-13,07:15,93,277.8,29.1,33.0,80.78,0.41,64.63,0.35,22.4,0.67
2025-04-13,07:30,93,324.0,30.0,35.1,80.12,0.48,64.09,0.4,25.9,0.67
2025-04-13,07:45,93,370.3,31.0,37.2,79.45,0.55,63.56,0.46,29.4,0.67
2025-04-13,08:00,93,416.5,31.9,39.3,78.79,0.62,63.03,0.52,32.9,0.67
2025-04-13,08:15,93,442.1,32.5,40.5,78.4,0.66,62.72,0.55,34.8,0.67
2025-04-13,08:30,93,467.6,33.1,41.8,78.02,0.7,62.42,0.59,36.7,0.67
2025-04-13,08:45,93,493.2,33.6,43.0,77.64,0.74,62.11,0.62,38.5,0.67
2025-04-13,09:00,93,518.8,34.2,44.2,77.26,0.78,61.81,0.65,40.4,0.67
2025-04-13,09:15,93,560.9,34.6,45.6,76.81,0.84,61.45,0.71,43.5,0.67
2025-04-13,09:30,93,603.1,34.9,47.0,76.36,0.91,61.09,0.76,46.5,0.67
2025-04-13,09:45,93,645.3,35.3,48.4,75.91,0.97,60.73,0.82,49.6,0.67
2025-04-13,10:00,93,687.5,35.7,49.8,75.46,1.04,60.37,0.87,52.6,0.67
2025-04-13,10:15,93,684.6,35.9,50.0,75.41,1.04,60.32,0.87,52.3,0.67
2025-04-13,10:30,93,681.7,36.1,50.2,75.35,1.03,60.28,0.86,52.1,0.67
2025-04-13,10:45,93,678.8,36.4,50.4,75.3,1.03,60.24,0.86,51.8,0.67
2025-04-13,11:00,93,676.0,36.6,50.5,75.24,1.02,60.19,0.86,51.6,0.67
2025-04-13,11:15,93,694.4,36.8,51.1,75.05,1.05,60.04,0.88,52.9,0.67
2025-04-13,11:30,93,712.9,36.9,51.7,74.86,1.08,59.89,0.9,54.2,0.67
2025-04-13,11:45,93,731.3,37.1,52.4,74.67,1.11,59.73,0.93,55.5,0.67
2025-04-13,12:00,93,749.8,37.2,53.0,74.48,1.14,59.58,0.95,56.8,0.67
2025-04-13,12:15,93,714.1,37.3,52.1,74.73,1.08,59.79,0.91,54.2,0.67
2025-04-13,12:30,93,678.3,37.4,51.3,74.99,1.03,59.99,0.86,51.6,0.67
2025-04-13,12:45,93,642.6,37.5,50.5,75.25,0.97,60.2,0.81,49.0,0.67
2025-04-13,13:00,93,606.9,37.5,49.7,75.5,0.92,60.4,0.77,46.4,0.67
2025-04-13,13:15,93,587.4,37.5,49.2,75.66,0.89,60.53,0.74,45.0,0.67
2025-04-13,13:30,93,567.9,37.5,48.7,75.83,0.86,60.66,0.72,43.6,0.67
2025-04-13,13:45,93,548.4,37.5,48.2,75.99,0.83,60.79,0.69,42.2,0.67
2025-04-13,14:00,93,528.9,37.5,47.7,76.15,0.8,60.92,0.67,40.7,0.67
2025-04-13,14:15,93,509.7,37.3,47.0,76.35,0.77,61.08,0.64,39.3,0.67
2025-04-13,14:30,93,490.6,37.2,46.4,76.55,0.74,61.24,0.62,37.9,0.67
2025-04-13,14:45,93,471.5,37.0,45.8,76.75,0.71,61.4,0.59,36.5,0.67
2025-04-13,15:00,93,452.4,36.9,45.2,76.94,0.68,61.56,0.57,35.1,0.67
2025-04-13,15:15,93,394.0,36.5,43.4,77.5,0.59,62.0,0.5,30.8,0.67
2025-04-13,15:30,93,335.7,36.2,41.6,78.06,0.5,62.45,0.42,26.3,0.67
2025-04-13,15:45,93,277.4,35.9,39.9,78.62,0.42,62.9,0.35,21.9,0.67
2025-04-13,16:00,93,219.0,35.6,38.1,79.18,0.33,63.35,0.27,17.4,0.67
2025-04-13,16:15,93,174.2,34.9,36.3,79.76,0.26,63.8,0.22,13.9,0.67
2025-04-13,16:30,93,129.4,34.2,34.5,80.33,0.19,64.26,0.16,10.4,0.67
2025-04-13,16:45,93,84.5,33.6,32.7,80.9,0.13,64.72,0.11,6.8,0.67
2025-04-13,17:00,93,39.7,32.9,30.9,81.47,0.06,65.17,0.05,3.2,0.67
2025-04-13,17:15,93,29.8,32.3,30.1,81.72,0.04,65.38,0.04,2.4,0.67
2025-04-13,17:30,93,19.9,31.8,29.3,81.98,0.03,65.58,0.02,1.6,0.67
2025-04-13,17:45,93,9.9,31.2,28.5,82.23,0.01,65.78,0.01,0.8,0.67
2025-04-14,05:15,93,22.7,25.4,23.0,83.96,0.03,67.17,0.03,1.9,0.67
2025-04-14,05:30,93,45.3,25.8,23.9,83.66,0.07,66.93,0.06,3.7,0.67
2025-04-14,05:45,93,68.0,26.2,24.9,83.36,0.1,66.69,0.08,5.6,0.67
2025-04-14,06:00,93,90.6,26.6,25.8,83.06,0.13,66.45,0.11,7.4,0.67
2025-04-14,06:15,93,136.0,27.2,27.6,82.51,0.2,66.01,0.17,11.1,0.67
2025-04-14,06:30,93,181.4,27.8,29.3,81.96,0.27,65.57,0.23,14.8,0.67
2025-04-14,06:45,93,226.8,28.4,31.1,81.4,0.34,65.12,0.28,18.4,0.67
2025-04-14,07:00,93,272.2,29.0,32.8,80.85,0.4,64.68,0.34,21.9,0.67
2025-04-14,07:15,93,323.9,29.7,34.8,80.22,0.48,64.17,0.4,25.9,0.67
2025-04-14,07:30,93,375.5,30.4,36.8,79.58,0.56,63.67,0.47,29.9,0.67
2025-04-14,07:45,93,427.2,31.2,38.8,78.95,0.64,63.16,0.54,33.8,0.67
2025-04-14,08:00,93,478.8,31.9,40.8,78.31,0.72,62.65,0.6,37.7,0.67
2025-04-14,08:15,93,538.3,32.4,42.8,77.69,0.81,62.15,0.68,42.1,0.67
2025-04-14,08:30,93,597.7,32.8,44.8,77.07,0.9,61.65,0.75,46.5,0.67
2025-04-14,08:45,93,657.2,33.3,46.7,76.44,0.99,61.16,0.83,50.8,0.67
2025-04-14,09:00,93,716.6,33.8,48.7,75.82,1.08,60.66,0.91,55.0,0.67
2025-04-14,09:15,93,738.4,34.2,49.6,75.53,1.12,60.43,0.94,56.5,0.67
2025-04-14,09:30,93,760.2,34.5,50.5,75.24,1.15,60.19,0.96,58.0,0.67
2025-04-14,09:45,93,782.0,34.9,51.5,74.95,1.18,59.96,0.99,59.5,0.67
2025-04-14,10:00,93,803.8,35.3,52.4,74.66,1.22,59.73,1.02,61.0,0.67
2025-04-14,10:15,93,821.7,35.5,53.1,74.44,1.25,59.55,1.04,62.2,0.67
2025-04-14,10:30,93,839.6,35.8,53.8,74.22,1.27,59.38,1.07,63.4,0.67
2025-04-14,10:45,93,857.5,36.0,54.5,74.0,1.3,59.2,1.09,64.6,0.67
2025-04-14,11:00,93,875.4,36.3,55.1,73.78,1.33,59.03,1.11,65.8,0.67
2025-04-14,11:15,93,859.3,36.4,54.9,73.86,1.31,59.09,1.09,64.6,0.67
2025-04-14,11:30,93,843.1,36.6,54.7,73.93,1.28,59.15,1.07,63.5,0.67
2025-04-14,11:45,93,827.0,36.8,54.4,74.01,1.26,59.21,1.05,62.3,0.67
2025-04-14,12:00,93,810.8,36.9,54.2,74.09,1.23,59.27,1.03,61.1,0.67
2025-04-14,12:15,93,765.9,37.0,53.1,74.42,1.16,59.54,0.97,58.0,0.67
2025-04-14,12:30,93,721.0,37.0,52.0,74.76,1.09,59.81,0.92,54.7,0.67
2025-04-14,12:45,93,676.0,37.1,51.0,75.1,1.02,60.08,0.86,51.5,0.67
2025-04-14,13:00,93,631.1,37.1,49.9,75.44,0.95,60.35,0.8,48.3,0.67
2025-04-14,13:15,93,589.9,37.1,48.8,75.78,0.89,60.62,0.75,45.3,0.67
2025-04-14,13:30,93,548.7,37.1,47.8,76.11,0.83,60.89,0.69,42.2,0.67
2025-04-14,13:45,93,507.4,37.0,46.7,76.45,0.77,61.16,0.64,39.2,0.67
2025-04-14,14:00,93,466.2,37.0,45.7,76.78,0.7,61.43,0.59,36.1,0.67
2025-04-14,14:15,93,428.6,36.9,44.6,77.13,0.65,61.7,0.54,33.3,0.67
2025-04-14,14:30,93,391.1,36.7,43.5,77.47,0.59,61.98,0.49,30.5,0.67
2025-04-14,14:45,93,353.5,36.6,42.4,77.82,0.53,62.25,0.44,27.7,0.67
2025-04-14,15:00,93,315.9,36.4,41.3,78.16,0.47,62.53,0.4,24.8,0.67
2025-04-14,15:15,93,276.9,36.1,40.0,78.57,0.41,62.86,0.35,21.8,0.67
2025-04-14,15:30,93,237.9,35.8,38.7,78.98,0.36,63.18,0.3,18.8,0.67
2025-04-14,15:45,93,198.8,35.5,37.5,79.38,0.3,63.51,0.25,15.8,0.67
2025-04-14,16:00,93,159.8,35.2,36.2,79.79,0.24,63.83,0.2,12.7,0.67
2025-04-14,16:15,93,128.0,34.5,34.7,80.27,0.19,64.22,0.16,10.3,0.67
2025-04-14,16:30,93,96.2,33.8,33.2,80.75,0.14,64.6,0.12,7.7,0.67
2025-04-14,16:45,93,64.5,33.0,31.7,81.22,0.1,64.98,0.08,5.2,0.67
2025-04-14,17:00,93,32.7,32.3,30.1,81.7,0.05,65.36,0.04,2.7,0.67
2025-04-14,17:15,93,24.5,31.7,29.3,81.96,0.04,65.57,0.03,2.0,0.67
2025-04-14,17:30,93,16.4,31.1,28.5,82.22,0.02,65.78,0.02,1.3,0.67
2025-04-14,17:45,93,8.2,30.4,27.7,82.49,0.01,65.99,0.01,0.7,0.67
2025-04-15,05:15,93,24.9,26.0,23.6,83.77,0.04,67.02,0.03,2.1,0.67
2025-04-15,05:30,93,49.7,26.1,24.4,83.53,0.07,66.82,0.06,4.1,0.67
2025-04-15,05:45,93,74.6,26.3,25.1,83.29,0.11,66.63,0.09,6.1,0.67
2025-04-15,06:00,93,99.5,26.4,25.9,83.05,0.15,66.44,0.12,8.2,0.67
2025-04-15,06:15,93,151.6,26.7,27.5,82.55,0.22,66.04,0.19,12.4,0.67
2025-04-15,06:30,93,203.7,27.0,29.1,82.04,0.3,65.63,0.25,16.6,0.67
2025-04-15,06:45,93,255.8,27.3,30.6,81.54,0.38,65.23,0.32,20.7,0.67
2025-04-15,07:00,93,307.9,27.5,32.2,81.04,0.46,64.83,0.38,24.9,0.67
2025-04-15,07:15,93,367.6,28.0,34.1,80.43,0.55,64.34,0.46,29.5,0.67
2025-04-15,07:30,93,427.2,28.4,36.1,79.83,0.64,63.86,0.53,34.1,0.67
2025-04-15,07:45,93,486.8,28.8,38.0,79.22,0.73,63.38,0.61,38.6,0.67
2025-04-15,08:00,93,546.5,29.2,39.9,78.62,0.82,62.89,0.69,43.1,0.67
2025-04-15,08:15,93,583.2,29.6,41.2,78.21,0.87,62.57,0.73,45.8,0.67
2025-04-15,08:30,93,620.0,30.0,42.5,77.8,0.93,62.24,0.78,48.5,0.67
2025-04-15,08:45,93,656.8,30.3,43.7,77.39,0.99,61.91,0.83,51.2,0.67
2025-04-15,09:00,93,693.5,30.7,45.0,76.98,1.04,61.59,0.87,53.9,0.67
2025-04-15,09:15,93,738.5,31.0,46.4,76.54,1.11,61.23,0.93,57.1,0.67
2025-04-15,09:30,93,783.5,31.2,47.8,76.1,1.18,60.88,0.99,60.3,0.67
2025-04-15,09:45,93,828.5,31.5,49.2,75.66,1.25,60.53,1.05,63.5,0.67
2025-04-15,10:00,93,873.5,31.8,50.6,75.22,1.32,60.18,1.11,66.6,0.67
2025-04-15,10:15,93,888.5,32.0,51.2,75.04,1.35,60.03,1.13,67.7,0.67
2025-04-15,10:30,93,903.5,32.2,51.8,74.86,1.37,59.88,1.15,68.7,0.67
2025-04-15,10:45,93,918.5,32.4,52.3,74.67,1.39,59.74,1.17,69.7,0.67
2025-04-15,11:00,93,933.5,32.6,52.9,74.49,1.42,59.59,1.19,70.7,0.67
2025-04-15,11:15,93,934.3,32.7,53.1,74.43,1.42,59.54,1.19,70.7,0.67
2025-04-15,11:30,93,935.2,32.9,53.3,74.37,1.42,59.49,1.19,70.7,0.67
2025-04-15,11:45,93,936.0,33.1,53.5,74.31,1.42,59.45,1.19,70.7,0.67
2025-04-15,12:00,93,936.9,33.3,53.7,74.25,1.42,59.4,1.19,70.8,0.67
2025-04-15,12:15,93,895.7,33.4,52.8,74.52,1.36,59.62,1.14,67.8,0.67
2025-04-15,12:30,93,854.6,33.6,51.9,74.8,1.3,59.84,1.08,64.9,0.67
2025-04-15,12:45,93,813.4,33.7,51.1,75.08,1.23,60.06,1.03,62.0,0.67
2025-04-15,13:00,93,772.3,33.9,50.2,75.36,1.17,60.28,0.98,59.0,0.67
2025-04-15,13:15,93,730.7,34.0,49.2,75.65,1.1,60.52,0.93,56.0,0.67
2025-04-15,13:30,93,689.0,34.1,48.3,75.95,1.04,60.76,0.87,53.0,0.67
2025-04-15,13:45,93,647.4,34.2,47.4,76.24,0.98,60.99,0.82,49.9,0.67
2025-04-15,14:00,93,605.8,34.3,46.5,76.53,0.91,61.23,0.76,46.8,0.67
2025-04-15,14:15,93,567.3,34.3,45.5,76.84,0.85,61.48,0.72,44.0,0.67
2025-04-15,14:30,93,528.9,34.3,44.5,77.15,0.8,61.72,0.67,41.1,0.67
2025-04-15,14:45,93,490.4,34.3,43.5,77.46,0.74,61.97,0.62,38.3,0.67
2025-04-15,15:00,93,451.9,34.2,42.5,77.77,0.68,62.22,0.57,35.4,0.67
2025-04-15,15:15,93,396.3,34.0,40.9,78.29,0.59,62.64,0.5,31.2,0.67
2025-04-15,15:30,93,340.7,33.7,39.3,78.82,0.51,63.05,0.43,26.9,0.67
2025-04-15,15:45,93,285.1,33.5,37.6,79.34,0.43,63.47,0.36,22.6,0.67
2025-04-15,16:00,93,229.4,33.2,36.0,79.86,0.34,63.88,0.29,18.3,0.67
2025-04-15,16:15,93,183.0,32.6,34.2,80.42,0.27,64.33,0.23,14.7,0.67
2025-04-15,16:30,93,136.6,32.0,32.4,80.98,0.2,64.78,0.17,11.0,0.67
2025-04-15,16:45,93,90.2,31.4,30.7,81.54,0.13,65.23,0.11,7.3,0.67
2025-04-15,17:00,93,43.8,30.8,28.9,82.1,0.06,65.68,0.05,3.6,0.67
2025-04-15,17:15,93,32.9,30.2,28.1,82.36,0.05,65.89,0.04,2.7,0.67
2025-04-15,17:30,93,21.9,29.7,27.2,82.62,0.03,66.09,0.03,1.8,0.67
2025-04-15,17:45,93,11.0,29.2,26.4,82.88,0.02,66.3,0.01,0.9,0.67
2025-04-16,05:15,93,29.8,25.6,23.3,83.85,0.04,67.08,0.04,2.5,0.67
2025-04-16,05:30,93,56.4,25.9,24.3,83.56,0.08,66.85,0.07,4.7,0.67
2025-04-16,05:45,93,83.1,26.1,25.2,83.26,0.12,66.61,0.1,6.8,0.67
2025-04-16,06:00,93,109.8,26.4,26.2,82.96,0.16,66.37,0.14,9.0,0.67
2025-04-16,06:15,93,167.9,27.0,28.2,82.31,0.25,65.85,0.21,13.7,0.67
2025-04-16,06:30,93,226.1,27.6,30.3,81.66,0.34,65.33,0.28,18.4,0.67
2025-04-16,06:45,93,284.3,28.2,32.3,81.01,0.42,64.81,0.35,22.9,0.67
2025-04-16,07:00,93,342.4,28.8,34.4,80.35,0.51,64.28,0.43,27.5,0.67
2025-04-16,07:15,93,395.7,29.3,36.2,79.77,0.59,63.82,0.49,31.6,0.67
2025-04-16,07:30,93,449.0,29.9,38.1,79.18,0.67,63.35,0.56,35.6,0.67
2025-04-16,07:45,93,502.2,30.4,39.9,78.6,0.75,62.88,0.63,39.6,0.67
2025-04-16,08:00,93,555.5,30.9,41.8,78.01,0.83,62.41,0.7,43.6,0.67
2025-04-16,08:15,93,610.3,31.3,43.6,77.44,0.92,61.95,0.77,47.6,0.67
2025-04-16,08:30,93,665.1,31.8,45.4,76.87,1.0,61.5,0.84,51.6,0.67
2025-04-16,08:45,93,720.0,32.2,47.2,76.3,1.09,61.04,0.91,55.5,0.67
2025-04-16,09:00,93,774.8,32.6,49.0,75.73,1.17,60.58,0.98,59.4,0.67
2025-04-16,09:15,93,803.0,33.1,50.1,75.37,1.21,60.3,1.02,61.4,0.67
2025-04-16,09:30,93,831.1,33.5,51.2,75.02,1.26,60.01,1.05,63.3,0.67
2025-04-16,09:45,93,859.3,33.9,52.4,74.66,1.3,59.73,1.09,65.2,0.67
2025-04-16,10:00,93,887.5,34.3,53.5,74.31,1.35,59.45,1.13,67.1,0.67
2025-04-16,10:15,93,904.0,34.7,54.3,74.06,1.37,59.25,1.15,68.1,0.67
2025-04-16,10:30,93,920.5,35.0,55.1,73.81,1.4,59.05,1.17,69.2,0.67
2025-04-16,10:45,93,937.0,35.4,55.8,73.56,1.43,58.85,1.19,70.3,0.67
2025-04-16,11:00,93,953.5,35.8,56.6,73.31,1.45,58.65,1.22,71.3,0.67
2025-04-16,11:15,93,942.7,36.0,56.6,73.32,1.44,58.65,1.2,70.5,0.67
2025-04-16,11:30,93,931.9,36.3,56.6,73.32,1.42,58.66,1.19,69.7,0.67
2025-04-16,11:45,93,921.1,36.6,56.6,73.32,1.4,58.66,1.17,68.9,0.67
2025-04-16,12:00,93,910.2,36.8,56.6,73.33,1.39,58.66,1.16,68.1,0.67
2025-04-16,12:15,93,883.6,37.0,56.1,73.49,1.34,58.79,1.13,66.2,0.67
2025-04-16,12:30,93,856.9,37.1,55.6,73.65,1.3,58.92,1.09,64.3,0.67
2025-04-16,12:45,93,830.2,37.3,55.0,73.82,1.26,59.05,1.06,62.4,0.67
2025-04-16,13:00,93,803.5,37.4,54.5,73.98,1.22,59.18,1.02,60.5,0.67
2025-04-16,13:15,93,741.7,37.4,53.0,74.47,1.13,59.58,0.94,56.2,0.67
2025-04-16,13:30,93,679.9,37.4,51.4,74.96,1.03,59.97,0.86,51.7,0.67
2025-04-16,13:45,93,618.1,37.4,49.9,75.45,0.93,60.36,0.78,47.3,0.67
2025-04-16,14:00,93,556.2,37.4,48.3,75.94,0.84,60.75,0.7,42.7,0.67
2025-04-16,14:15,93,493.4,37.3,46.7,76.47,0.74,61.17,0.62,38.1,0.67
2025-04-16,14:30,93,430.6,37.2,45.0,77.0,0.65,61.6,0.54,33.4,0.67
2025-04-16,14:45,93,367.7,37.1,43.3,77.53,0.55,62.03,0.46,28.7,0.67
2025-04-16,15:00,93,304.9,37.0,41.6,78.07,0.46,62.45,0.38,23.9,0.67
2025-04-16,15:15,93,270.7,36.7,40.4,78.44,0.41,62.75,0.34,21.3,0.67
2025-04-16,15:30,93,236.4,36.4,39.3,78.81,0.35,63.05,0.3,18.7,0.67
2025-04-16,15:45,93,202.2,36.0,38.1,79.18,0.3,63.34,0.25,16.0,0.67
2025-04-16,16:00,93,167.9,35.7,36.9,79.55,0.25,63.64,0.21,13.4,0.67
2025-04-16,16:15,93,134.8,35.0,35.4,80.03,0.2,64.02,0.17,10.8,0.67
2025-04-16,16:30,93,101.7,34.4,33.9,80.51,0.15,64.41,0.13,8.2,0.67
2025-04-16,16:45,93,68.6,33.7,32.4,80.99,0.1,64.79,0.09,5.5,0.67
2025-04-16,17:00,93,35.5,33.0,30.9,81.46,0.05,65.17,0.04,2.9,0.67
2025-04-16,17:15,93,26.7,32.4,30.1,81.71,0.04,65.37,0.03,2.2,0.67
2025-04-16,17:30,93,17.8,31.9,29.3,81.96,0.03,65.57,0.02,1.4,0.67
2025-04-16,17:45,93,8.9,31.3,28.5,82.2,0.01,65.76,0.01,0.7,0.67
2025-04-17,05:15,93,25.9,26.1,23.7,83.73,0.04,66.98,0.03,2.1,0.67
2025-04-17,05:30,93,48.9,26.3,24.5,83.48,0.07,66.78,0.06,4.0,0.67
2025-04-17,05:45,93,71.9,26.5,25.3,83.23,0.11,66.59,0.09,5.9,0.67
2025-04-17,06:00,93,94.9,26.7,26.1,82.98,0.14,66.39,0.12,7.8,0.67
2025-04-17,06:15,93,144.5,27.3,27.9,82.4,0.21,65.92,0.18,11.8,0.67
2025-04-17,06:30,93,194.2,27.9,29.8,81.82,0.29,65.46,0.24,15.8,0.67
2025-04-17,06:45,93,243.8,28.5,31.6,81.24,0.36,64.99,0.3,19.7,0.67
2025-04-17,07:00,93,293.4,29.1,33.4,80.66,0.44,64.53,0.37,23.6,0.67
2025-04-17,07:15,93,342.2,29.7,35.2,80.1,0.51,64.08,0.43,27.4,0.67
2025-04-17,07:30,93,390.9,30.2,37.0,79.53,0.58,63.63,0.49,31.1,0.67
2025-04-17,07:45,93,439.7,30.8,38.8,78.97,0.66,63.17,0.55,34.8,0.67
2025-04-17,08:00,93,488.4,31.3,40.6,78.4,0.73,62.72,0.61,38.5,0.67
2025-04-17,08:15,93,536.0,31.8,42.2,77.88,0.8,62.3,0.67,42.0,0.67
2025-04-17,08:30,93,583.7,32.3,43.9,77.35,0.88,61.88,0.74,45.5,0.67
2025-04-17,08:45,93,631.3,32.8,45.5,76.83,0.95,61.46,0.8,48.9,0.67
2025-04-17,09:00,93,678.9,33.2,47.2,76.3,1.02,61.04,0.86,52.4,0.67
2025-04-17,09:15,93,719.0,33.6,48.6,75.86,1.09,60.69,0.91,55.2,0.67
2025-04-17,09:30,93,759.1,34.0,50.0,75.42,1.15,60.34,0.96,58.0,0.67
2025-04-17,09:45,93,799.3,34.4,51.3,74.99,1.21,59.99,1.01,60.8,0.67
2025-04-17,10:00,93,839.4,34.7,52.7,74.55,1.27,59.64,1.07,63.6,0.67
2025-04-17,10:15,93,861.7,35.0,53.5,74.3,1.31,59.44,1.1,65.1,0.67
2025-04-17,10:30,93,884.0,35.2,54.3,74.04,1.34,59.24,1.12,66.6,0.67
2025-04-17,10:45,93,906.3,35.5,55.1,73.79,1.38,59.03,1.15,68.1,0.67
2025-04-17,11:00,93,928.6,35.7,55.9,73.54,1.41,58.83,1.18,69.6,0.67
2025-04-17,11:15,93,904.1,35.8,55.4,73.69,1.38,58.96,1.15,67.9,0.67
2025-04-17,11:30,93,879.6,35.9,54.9,73.85,1.34,59.08,1.12,66.2,0.67
2025-04-17,11:45,93,855.1,36.1,54.4,74.01,1.3,59.21,1.09,64.4,0.67
2025-04-17,12:00,93,830.6,36.2,53.9,74.16,1.26,59.33,1.06,62.7,0.67
2025-04-17,12:15,93,804.7,36.2,53.3,74.36,1.22,59.49,1.02,60.8,0.67
2025-04-17,12:30,93,778.7,36.2,52.7,74.55,1.18,59.64,0.99,59.0,0.67
2025-04-17,12:45,93,752.7,36.3,52.1,74.75,1.14,59.8,0.96,57.1,0.67
2025-04-17,13:00,93,726.7,36.3,51.5,74.95,1.1,59.96,0.92,55.3,0.67
2025-04-17,13:15,93,674.3,36.3,50.1,75.38,1.02,60.3,0.85,51.5,0.67
2025-04-17,13:30,93,622.0,36.2,48.8,75.8,0.94,60.64,0.79,47.7,0.67
2025-04-17,13:45,93,569.6,36.2,47.4,76.23,0.86,60.98,0.72,43.9,0.67
2025-04-17,14:00,93,517.2,36.1,46.1,76.66,0.78,61.33,0.65,40.0,0.67
2025-04-17,14:15,93,473.4,36.0,44.8,77.04,0.71,61.64,0.6,36.8,0.67
2025-04-17,14:30,93,429.6,35.9,43.6,77.43,0.65,61.94,0.54,33.5,0.67
2025-04-17,14:45,93,385.7,35.8,42.4,77.81,0.58,62.25,0.49,30.2,0.67
2025-04-17,15:00,93,341.9,35.6,41.2,78.2,0.51,62.56,0.43,26.9,0.67
2025-04-17,15:15,93,297.5,35.4,39.8,78.63,0.45,62.91,0.37,23.5,0.67
2025-04-17,15:30,93,253.1,35.1,38.5,79.07,0.38,63.25,0.32,20.1,0.67
2025-04-17,15:45,93,208.7,34.9,37.1,79.5,0.31,63.6,0.26,16.6,0.67
2025-04-17,16:00,93,164.3,34.6,35.7,79.94,0.25,63.95,0.21,13.1,0.67
2025-04-17,16:15,93,131.2,34.1,34.4,80.36,0.2,64.28,0.16,10.5,0.67
2025-04-17,16:30,93,98.1,33.6,33.1,80.77,0.15,64.62,0.12,7.9,0.67
2025-04-17,16:45,93,65.0,33.1,31.7,81.19,0.1,64.95,0.08,5.3,0.67
2025-04-17,17:00,93,31.8,32.6,30.4,81.61,0.05,65.29,0.04,2.6,0.67
2025-04-17,17:15,93,23.9,32.2,29.8,81.82,0.04,65.45,0.03,1.9,0.67
2025-04-17,17:30,93,15.9,31.7,29.1,82.03,0.02,65.62,0.02,1.3,0.67
2025-04-17,17:45,93,8.0,31.2,28.4,82.24,0.01,65.79,0.01,0.6,0.67
2025-04-18,05:15,93,22.7,26.2,23.8,83.72,0.03,66.97,0.03,1.9,0.67
2025-04-18,05:30,93,42.6,26.4,24.5,83.49,0.06,66.79,0.05,3.5,0.67
2025-04-18,05:45,93,62.6,26.6,25.2,83.26,0.09,66.61,0.08,5.2,0.67
2025-04-18,06:00,93,82.5,26.9,25.9,83.03,0.12,66.43,0.1,6.8,0.67
2025-04-18,06:15,93,130.5,27.5,27.7,82.46,0.19,65.97,0.16,10.7,0.67
2025-04-18,06:30,93,178.4,28.1,29.5,81.89,0.26,65.51,0.22,14.5,0.67
2025-04-18,06:45,93,226.4,28.7,31.3,81.32,0.34,65.06,0.28,18.3,0.67
2025-04-18,07:00,93,274.3,29.3,33.1,80.75,0.41,64.6,0.34,22.1,0.67
2025-04-18,07:15,93,328.2,29.9,35.2,80.11,0.49,64.09,0.41,26.3,0.67
2025-04-18,07:30,93,382.1,30.6,37.2,79.47,0.57,63.58,0.48,30.4,0.67
2025-04-18,07:45,93,436.0,31.3,39.2,78.84,0.65,63.07,0.55,34.5,0.67
2025-04-18,08:00,93,489.9,31.9,41.2,78.2,0.73,62.56,0.62,38.5,0.67
2025-04-18,08:15,93,542.6,32.4,43.0,77.64,0.82,62.12,0.68,42.4,0.67
2025-04-18,08:30,93,595.4,32.8,44.7,77.09,0.9,61.67,0.75,46.3,0.67
2025-04-18,08:45,93,648.0,33.3,46.5,76.53,0.98,61.23,0.82,50.1,0.67
2025-04-18,09:00,93,700.8,33.7,48.2,75.98,1.06,60.78,0.89,53.9,0.67
2025-04-18,09:15,93,717.3,34.0,49.0,75.74,1.08,60.59,0.91,55.0,0.67
2025-04-18,09:30,93,733.8,34.4,49.7,75.51,1.11,60.41,0.93,56.1,0.67
2025-04-18,09:45,93,750.4,34.7,50.4,75.27,1.14,60.22,0.95,57.3,0.67
2025-04-18,10:00,93,766.9,35.0,51.2,75.03,1.16,60.03,0.97,58.4,0.67
2025-04-18,10:15,93,784.0,35.3,51.9,74.82,1.19,59.85,1.0,59.6,0.67
2025-04-18,10:30,93,801.1,35.5,52.6,74.6,1.21,59.68,1.02,60.7,0.67
2025-04-18,10:45,93,818.2,35.8,53.2,74.38,1.24,59.51,1.04,61.9,0.67
2025-04-18,11:00,93,835.3,36.0,53.9,74.17,1.27,59.33,1.06,63.0,0.67
2025-04-18,11:15,93,826.4,36.2,53.9,74.19,1.25,59.35,1.05,62.4,0.67
2025-04-18,11:30,93,817.5,36.4,53.8,74.21,1.24,59.37,1.04,61.7,0.67
2025-04-18,11:45,93,808.6,36.5,53.7,74.23,1.23,59.39,1.03,61.1,0.67
2025-04-18,12:00,93,799.7,36.7,53.7,74.26,1.21,59.4,1.02,60.4,0.67
2025-04-18,12:15,93,771.5,36.7,53.0,74.46,1.17,59.57,0.98,58.4,0.67
2025-04-18,12:30,93,743.2,36.8,52.4,74.66,1.13,59.73,0.94,56.4,0.67
2025-04-18,12:45,93,715.0,36.9,51.7,74.86,1.08,59.89,0.91,54.3,0.67
2025-04-18,13:00,93,686.7,36.9,51.1,75.07,1.04,60.05,0.87,52.3,0.67
2025-04-18,13:15,93,665.6,36.9,50.6,75.23,1.01,60.19,0.84,50.8,0.67
2025-04-18,13:30,93,644.4,36.9,50.0,75.4,0.97,60.32,0.82,49.3,0.67
2025-04-18,13:45,93,623.2,36.9,49.5,75.56,0.94,60.45,0.79,47.7,0.67
2025-04-18,14:00,93,602.0,37.0,49.0,75.73,0.91,60.58,0.76,46.2,0.67
2025-04-18,14:15,93,549.8,36.8,47.6,76.18,0.83,60.94,0.69,42.4,0.67
2025-04-18,14:30,93,497.6,36.7,46.1,76.63,0.75,61.31,0.63,38.5,0.67
2025-04-18,14:45,93,445.3,36.6,44.7,77.09,0.67,61.67,0.56,34.6,0.67
2025-04-18,15:00,93,393.1,36.5,43.3,77.54,0.59,62.03,0.49,30.7,0.67
2025-04-18,15:15,93,341.7,36.2,41.7,78.04,0.51,62.43,0.43,26.8,0.67
2025-04-18,15:30,93,290.3,35.9,40.1,78.53,0.44,62.83,0.36,22.9,0.67
2025-04-18,15:45,93,239.0,35.6,38.6,79.03,0.36,63.22,0.3,18.9,0.67
2025-04-18,16:00,93,187.6,35.3,37.0,79.53,0.28,63.62,0.23,14.9,0.67
2025-04-18,16:15,93,149.2,34.7,35.4,80.02,0.22,64.02,0.19,11.9,0.67
2025-04-18,16:30,93,110.8,34.1,33.9,80.52,0.17,64.41,0.14,8.9,0.67
2025-04-18,16:45,93,72.5,33.5,32.3,81.01,0.11,64.81,0.09,5.8,0.67
2025-04-18,17:00,93,34.1,32.9,30.7,81.51,0.05,65.21,0.04,2.8,0.67
2025-04-18,17:15,93,25.6,32.4,30.0,81.73,0.04,65.39,0.03,2.1,0.67
2025-04-18,17:30,93,17.0,31.9,29.3,81.95,0.03,65.56,0.02,1.4,0.67
2025-04-18,17:45,93,8.5,31.4,28.6,82.18,0.01,65.74,0.01,0.7,0.67
2025-04-19,05:15,93,25.5,26.1,23.8,83.72,0.04,66.98,0.03,2.1,0.67
2025-04-19,05:30,93,47.8,26.4,24.6,83.46,0.07,66.77,0.06,3.9,0.67
2025-04-19,05:45,93,70.1,26.7,25.4,83.19,0.1,66.55,0.09,5.8,0.67
2025-04-19,06:00,93,92.4,27.0,26.3,82.93,0.14,66.34,0.11,7.6,0.67
2025-04-19,06:15,93,141.3,27.5,28.0,82.37,0.21,65.9,0.18,11.5,0.67
2025-04-19,06:30,93,190.1,28.0,29.8,81.82,0.28,65.46,0.24,15.5,0.67
2025-04-19,06:45,93,239.0,28.5,31.5,81.27,0.36,65.02,0.3,19.3,0.67
2025-04-19,07:00,93,287.8,29.0,33.2,80.72,0.43,64.58,0.36,23.2,0.67
2025-04-19,07:15,93,340.8,29.7,35.2,80.09,0.51,64.07,0.43,27.3,0.67
2025-04-19,07:30,93,393.7,30.4,37.2,79.46,0.59,63.57,0.49,31.3,0.67
2025-04-19,07:45,93,446.6,31.1,39.2,78.82,0.67,63.06,0.56,35.3,0.67
2025-04-19,08:00,93,499.5,31.7,41.2,78.19,0.75,62.55,0.63,39.3,0.67
2025-04-19,08:15,93,538.0,32.2,42.7,77.73,0.81,62.18,0.68,42.1,0.67
2025-04-19,08:30,93,576.4,32.7,44.2,77.26,0.87,61.81,0.73,44.9,0.67
2025-04-19,08:45,93,614.9,33.2,45.6,76.8,0.93,61.44,0.78,47.7,0.67
2025-04-19,09:00,93,653.3,33.8,47.1,76.34,0.99,61.07,0.83,50.4,0.67
2025-04-19,09:15,93,661.3,34.1,47.6,76.16,1.0,60.93,0.84,50.9,0.67
2025-04-19,09:30,93,669.4,34.4,48.2,75.99,1.01,60.79,0.85,51.5,0.67
2025-04-19,09:45,93,677.5,34.8,48.7,75.82,1.02,60.66,0.86,52.0,0.67
2025-04-19,10:00,93,685.5,35.1,49.3,75.65,1.04,60.52,0.87,52.5,0.67
2025-04-19,10:15,93,715.0,35.4,50.2,75.34,1.08,60.27,0.91,54.6,0.67
2025-04-19,10:30,93,744.5,35.6,51.2,75.03,1.13,60.02,0.94,56.7,0.67
2025-04-19,10:45,93,774.0,35.8,52.2,74.72,1.17,59.78,0.98,58.8,0.67
2025-04-19,11:00,93,803.5,36.1,53.2,74.41,1.22,59.53,1.02,60.8,0.67
2025-04-19,11:15,93,783.9,36.2,52.8,74.53,1.19,59.62,1.0,59.4,0.67
2025-04-19,11:30,93,764.3,36.3,52.4,74.65,1.16,59.72,0.97,58.0,0.67
2025-04-19,11:45,93,744.6,36.4,52.0,74.76,1.13,59.81,0.95,56.5,0.67
2025-04-19,12:00,93,725.0,36.5,51.7,74.88,1.1,59.91,0.92,55.1,0.67
2025-04-19,12:15,93,704.4,36.6,51.2,75.04,1.07,60.03,0.89,53.6,0.67
2025-04-19,12:30,93,683.7,36.6,50.7,75.2,1.04,60.16,0.87,52.2,0.67
2025-04-19,12:45,93,663.1,36.6,50.1,75.37,1.0,60.29,0.84,50.7,0.67
2025-04-19,13:00,93,642.5,36.6,49.6,75.53,0.97,60.42,0.81,49.2,0.67
2025-04-19,13:15,93,614.5,36.5,48.9,75.77,0.93,60.62,0.78,47.1,0.67
2025-04-19,13:30,93,586.5,36.4,48.1,76.01,0.89,60.81,0.74,45.1,0.67
2025-04-19,13:45,93,558.5,36.4,47.3,76.26,0.84,61.01,0.71,43.1,0.67
2025-04-19,14:00,93,530.5,36.3,46.6,76.5,0.8,61.2,0.67,41.0,0.67
2025-04-19,14:15,93,482.0,36.1,45.2,76.94,0.73,61.55,0.61,37.4,0.67
2025-04-19,14:30,93,433.4,36.0,43.8,77.38,0.65,61.9,0.55,33.8,0.67
2025-04-19,14:45,93,384.8,35.8,42.4,77.82,0.58,62.25,0.48,30.1,0.67
2025-04-19,15:00,93,336.2,35.6,41.0,78.26,0.5,62.61,0.42,26.4,0.67
2025-04-19,15:15,93,292.0,35.3,39.6,78.71,0.44,62.97,0.37,23.1,0.67
2025-04-19,15:30,93,247.7,35.0,38.1,79.17,0.37,63.33,0.31,19.6,0.67
2025-04-19,15:45,93,203.4,34.6,36.7,79.62,0.3,63.7,0.25,16.2,0.67
2025-04-19,16:00,93,159.1,34.3,35.3,80.08,0.24,64.06,0.2,12.7,0.67
2025-04-19,16:15,93,127.5,33.7,33.9,80.5,0.19,64.4,0.16,10.2,0.67
2025-04-19,16:30,93,95.9,33.2,32.6,80.93,0.14,64.74,0.12,7.7,0.67
2025-04-19,16:45,93,64.3,32.6,31.2,81.35,0.1,65.08,0.08,5.2,0.67
2025-04-19,17:00,93,32.8,32.1,29.9,81.77,0.05,65.42,0.04,2.7,0.67
2025-04-19,17:15,93,24.6,31.7,29.3,81.96,0.04,65.57,0.03,2.0,0.67
2025-04-19,17:30,93,16.4,31.3,28.7,82.15,0.02,65.72,0.02,1.3,0.67
2025-04-19,17:45,93,8.2,30.9,28.1,82.33,0.01,65.87,0.01,0.7,0.67
2025-04-20,05:15,93,25.0,25.9,23.6,83.79,0.04,67.03,0.03,2.1,0.67
2025-04-20,05:30,93,46.8,26.1,24.3,83.56,0.07,66.85,0.06,3.9,0.67
2025-04-20,05:45,93,68.6,26.3,25.0,83.33,0.1,66.66,0.08,5.7,0.67
2025-04-20,06:00,93,90.4,26.4,25.7,83.1,0.13,66.48,0.11,7.4,0.67
2025-04-20,06:15,93,135.1,26.9,27.3,82.6,0.2,66.08,0.17,11.1,0.67
2025-04-20,06:30,93,179.7,27.4,28.9,82.09,0.27,65.67,0.22,14.6,0.67
2025-04-20,06:45,93,224.3,27.9,30.5,81.58,0.33,65.27,0.28,18.2,0.67
2025-04-20,07:00,93,269.0,28.4,32.1,81.08,0.4,64.86,0.33,21.7,0.67
2025-04-20,07:15,93,316.2,29.0,33.9,80.51,0.47,64.41,0.39,25.4,0.67
2025-04-20,07:30,93,363.4,29.6,35.7,79.94,0.54,63.95,0.45,29.0,0.67
2025-04-20,07:45,93,410.6,30.2,37.5,79.37,0.61,63.5,0.51,32.6,0.67
2025-04-20,08:00,93,457.9,30.8,39.3,78.8,0.69,63.04,0.57,36.2,0.67
2025-04-20,08:15,93,519.2,31.2,41.2,78.19,0.78,62.55,0.65,40.8,0.67
2025-04-20,08:30,93,580.6,31.6,43.2,77.58,0.87,62.06,0.73,45.4,0.67
2025-04-20,08:45,93,642.0,32.0,45.1,76.97,0.97,61.57,0.81,49.8,0.67
2025-04-20,09:00,93,703.4,32.4,47.0,76.35,1.06,61.08,0.89,54.3,0.67
2025-04-20,09:15,93,729.0,32.7,47.9,76.08,1.1,60.86,0.92,56.1,0.67
2025-04-20,09:30,93,754.6,32.9,48.8,75.81,1.14,60.64,0.95,57.9,0.67
2025-04-20,09:45,93,780.2,33.1,49.6,75.53,1.18,60.43,0.99,59.7,0.67
2025-04-20,10:00,93,805.9,33.3,50.5,75.26,1.22,60.21,1.02,61.5,0.67
2025-04-20,10:15,93,821.1,33.5,51.0,75.09,1.24,60.07,1.04,62.6,0.67
2025-04-20,10:30,93,836.3,33.6,51.5,74.93,1.27,59.94,1.06,63.6,0.67
2025-04-20,10:45,93,851.5,33.8,52.0,74.76,1.29,59.81,1.08,64.7,0.67
2025-04-20,11:00,93,866.7,33.9,52.6,74.6,1.31,59.68,1.1,65.7,0.67
2025-04-20,11:15,93,853.1,34.0,52.3,74.68,1.29,59.74,1.08,64.7,0.67
2025-04-20,11:30,93,839.4,34.1,52.1,74.76,1.27,59.81,1.07,63.7,0.67
2025-04-20,11:45,93,825.8,34.2,51.8,74.84,1.25,59.87,1.05,62.8,0.67
2025-04-20,12:00,93,812.1,34.2,51.5,74.92,1.23,59.94,1.03,61.8,0.67
2025-04-20,12:15,93,799.2,34.3,51.2,75.02,1.21,60.01,1.01,60.8,0.67
2025-04-20,12:30,93,786.3,34.3,50.9,75.11,1.19,60.09,1.0,59.9,0.67
2025-04-20,12:45,93,773.3,34.3,50.6,75.21,1.17,60.17,0.98,59.0,0.67
2025-04-20,13:00,93,760.4,34.3,50.3,75.3,1.15,60.24,0.96,58.1,0.67
2025-04-20,13:15,93,734.5,34.3,49.7,75.52,1.11,60.41,0.93,56.2,0.67
2025-04-20,13:30,93,708.6,34.3,49.0,75.73,1.07,60.58,0.9,54.3,0.67
2025-04-20,13:45,93,682.8,34.3,48.3,75.94,1.03,60.75,0.86,52.5,0.67
2025-04-20,14:00,93,656.9,34.2,47.7,76.16,0.99,60.92,0.83,50.6,0.67
2025-04-20,14:15,93,604.6,34.2,46.3,76.58,0.91,61.27,0.76,46.8,0.67
2025-04-20,14:30,93,552.4,34.1,44.9,77.01,0.83,61.61,0.7,42.9,0.67
2025-04-20,14:45,93,500.1,34.1,43.6,77.44,0.75,61.95,0.63,39.0,0.67
2025-04-20,15:00,93,447.8,34.0,42.2,77.87,0.67,62.29,0.56,35.1,0.67
2025-04-20,15:15,93,389.0,33.9,40.6,78.38,0.58,62.7,0.49,30.6,0.67
2025-04-20,15:30,93,330.2,33.8,39.0,78.88,0.49,63.11,0.41,26.1,0.67
2025-04-20,15:45,93,271.4,33.6,37.4,79.39,0.41,63.51,0.34,21.6,0.67
2025-04-20,16:00,93,212.6,33.5,35.8,79.9,0.32,63.92,0.27,17.0,0.67
2025-04-20,16:15,93,168.2,33.1,34.3,80.38,0.25,64.3,0.21,13.5,0.67
2025-04-20,16:30,93,123.8,32.7,32.8,80.86,0.18,64.69,0.15,10.0,0.67
2025-04-20,16:45,93,79.4,32.3,31.3,81.34,0.12,65.07,0.1,6.4,0.67
2025-04-20,17:00,93,35.0,31.9,29.8,81.82,0.05,65.46,0.04,2.8,0.67
2025-04-20,17:15,93,26.3,31.4,29.0,82.05,0.04,65.64,0.03,2.1,0.67
2025-04-20,17:30,93,17.5,30.9,28.3,82.29,0.03,65.83,0.02,1.4,0.67
2025-04-20,17:45,93,8.8,30.3,27.6,82.52,0.01,66.01,0.01,0.7,0.67
2025-04-21,05:15,93,26.5,25.8,23.5,83.81,0.04,67.05,0.03,2.2,0.67
2025-04-21,05:30,93,49.4,26.1,24.3,83.54,0.07,66.83,0.06,4.1,0.67
2025-04-21,05:45,93,72.3,26.4,25.2,83.27,0.11,66.62,0.09,6.0,0.67
2025-04-21,06:00,93,95.2,26.7,26.0,83.0,0.14,66.4,0.12,7.8,0.67
2025-04-21,06:15,93,144.8,27.1,27.7,82.48,0.21,65.98,0.18,11.8,0.67
2025-04-21,06:30,93,194.4,27.5,29.3,81.96,0.29,65.56,0.24,15.8,0.67
2025-04-21,06:45,93,243.9,27.9,31.0,81.43,0.36,65.15,0.3,19.8,0.67
2025-04-21,07:00,93,293.5,28.3,32.6,80.91,0.44,64.73,0.37,23.7,0.67
2025-04-21,07:15,93,347.2,29.1,34.8,80.24,0.52,64.19,0.43,27.8,0.67
2025-04-21,07:30,93,401.0,29.9,36.9,79.56,0.6,63.65,0.5,31.9,0.67
2025-04-21,07:45,93,454.8,30.7,39.0,78.88,0.68,63.11,0.57,36.0,0.67
2025-04-21,08:00,93,508.5,31.5,41.2,78.21,0.76,62.57,0.64,40.0,0.67
2025-04-21,08:15,93,564.6,31.9,43.0,77.63,0.85,62.1,0.71,44.1,0.67
2025-04-21,08:30,93,620.7,32.3,44.8,77.05,0.93,61.64,0.78,48.2,0.67
2025-04-21,08:45,93,676.8,32.7,46.6,76.47,1.02,61.18,0.85,52.3,0.67
2025-04-21,09:00,93,732.9,33.1,48.5,75.9,1.11,60.72,0.93,56.3,0.67
2025-04-21,09:15,93,743.7,33.4,49.0,75.72,1.12,60.58,0.94,57.0,0.67
2025-04-21,09:30,93,754.6,33.7,49.6,75.54,1.14,60.44,0.96,57.8,0.67
2025-04-21,09:45,93,765.5,34.0,50.1,75.37,1.16,60.3,0.97,58.5,0.67
2025-04-21,10:00,93,776.4,34.3,50.7,75.19,1.18,60.15,0.98,59.2,0.67
2025-04-21,10:15,93,782.3,34.5,51.0,75.08,1.18,60.06,0.99,59.6,0.67
2025-04-21,10:30,93,788.3,34.7,51.4,74.97,1.19,59.97,1.0,60.0,0.67
2025-04-21,10:45,93,794.3,34.9,51.8,74.85,1.2,59.88,1.01,60.4,0.67
2025-04-21,11:00,93,800.3,35.1,52.1,74.74,1.21,59.79,1.02,60.8,0.67
2025-04-21,11:15,93,790.2,35.3,52.0,74.77,1.2,59.81,1.0,60.0,0.67
2025-04-21,11:30,93,780.2,35.4,51.9,74.8,1.18,59.84,0.99,59.3,0.67
2025-04-21,11:45,93,770.2,35.6,51.9,74.82,1.17,59.86,0.98,58.5,0.67
2025-04-21,12:00,93,760.1,35.8,51.8,74.85,1.15,59.88,0.96,57.8,0.67
2025-04-21,12:15,93,741.0,35.8,51.4,74.98,1.12,59.98,0.94,56.4,0.67
2025-04-21,12:30,93,721.9,35.9,51.0,75.11,1.09,60.08,0.92,55.0,0.67
2025-04-21,12:45,93,702.7,36.0,50.6,75.23,1.06,60.19,0.89,53.6,0.67
2025-04-21,13:00,93,683.6,36.1,50.2,75.36,1.03,60.29,0.87,52.2,0.67
2025-04-21,13:15,93,644.9,36.1,49.2,75.66,0.97,60.53,0.82,49.4,0.67
2025-04-21,13:30,93,606.2,36.1,48.3,75.96,0.92,60.77,0.77,46.6,0.67
2025-04-21,13:45,93,567.5,36.1,47.3,76.26,0.86,61.01,0.72,43.8,0.67
2025-04-21,14:00,93,528.9,36.1,46.4,76.56,0.8,61.25,0.67,40.9,0.67
2025-04-21,14:15,93,487.0,36.0,45.2,76.93,0.73,61.54,0.61,37.8,0.67
2025-04-21,14:30,93,445.1,35.9,44.0,77.3,0.67,61.84,0.56,34.7,0.67
2025-04-21,14:45,93,403.3,35.8,42.9,77.67,0.61,62.14,0.51,31.5,0.67
2025-04-21,15:00,93,361.4,35.7,41.7,78.04,0.54,62.43,0.45,28.4,0.67
2025-04-21,15:15,93,317.1,35.4,40.3,78.47,0.48,62.78,0.4,25.0,0.67
2025-04-21,15:30,93,272.8,35.2,39.0,78.9,0.41,63.12,0.34,21.6,0.67
2025-04-21,15:45,93,228.5,34.9,37.6,79.34,0.34,63.47,0.29,18.2,0.67
2025-04-21,16:00,93,184.2,34.6,36.2,79.77,0.28,63.82,0.23,14.7,0.67
2025-04-21,16:15,93,148.4,34.1,34.8,80.23,0.22,64.18,0.19,11.9,0.67
2025-04-21,16:30,93,112.5,33.5,33.3,80.68,0.17,64.55,0.14,9.1,0.67
2025-04-21,16:45,93,76.6,33.0,31.9,81.14,0.11,64.91,0.1,6.2,0.67
2025-04-21,17:00,93,40.8,32.4,30.5,81.6,0.06,65.28,0.05,3.3,0.67
2025-04-21,17:15,93,30.6,32.0,29.7,81.83,0.05,65.46,0.04,2.5,0.67
2025-04-21,17:30,93,20.4,31.5,29.0,82.06,0.03,65.65,0.03,1.7,0.67
2025-04-21,17:45,93,10.2,31.0,28.3,82.29,0.02,65.83,0.01,0.8,0.67
2025-04-22,05:15,93,24.0,26.2,23.8,83.69,0.04,66.95,0.03,2.0,0.67
2025-04-22,05:30,93,44.8,26.5,24.7,83.44,0.07,66.75,0.06,3.7,0.67
2025-04-22,05:45,93,65.7,26.8,25.5,83.18,0.1,66.54,0.08,5.4,0.67
2025-04-22,06:00,93,86.5,27.1,26.3,82.92,0.13,66.34,0.11,7.1,0.67
2025-04-22,06:15,93,127.2,27.7,27.9,82.42,0.19,65.94,0.16,10.4,0.67
2025-04-22,06:30,93,168.0,28.2,29.4,81.93,0.25,65.54,0.21,13.7,0.67
2025-04-22,06:45,93,208.7,28.8,31.0,81.43,0.31,65.14,0.26,16.9,0.67
2025-04-22,07:00,93,249.5,29.3,32.6,80.93,0.37,64.75,0.31,20.1,0.67
2025-04-22,07:15,93,294.9,29.8,34.2,80.41,0.44,64.33,0.37,23.7,0.67
2025-04-22,07:30,93,340.4,30.3,35.8,79.89,0.51,63.91,0.43,27.2,0.67
2025-04-22,07:45,93,385.8,30.8,37.5,79.37,0.58,63.5,0.48,30.7,0.67
2025-04-22,08:00,93,431.3,31.4,39.1,78.85,0.65,63.08,0.54,34.1,0.67
2025-04-22,08:15,93,489.3,31.7,41.0,78.27,0.73,62.62,0.61,38.5,0.67
2025-04-22,08:30,93,547.2,32.1,42.8,77.69,0.82,62.15,0.69,42.8,0.67
2025-04-22,08:45,93,605.2,32.5,44.7,77.11,0.91,61.68,0.76,47.1,0.67
2025-04-22,09:00,93,663.2,32.9,46.5,76.52,1.0,61.22,0.84,51.3,0.67
2025-04-22,09:15,93,682.6,33.2,47.3,76.27,1.03,61.01,0.86,52.6,0.67
2025-04-22,09:30,93,702.1,33.5,48.1,76.01,1.06,60.81,0.89,54.0,0.67
2025-04-22,09:45,93,721.5,33.9,48.9,75.76,1.09,60.61,0.91,55.3,0.67
2025-04-22,10:00,93,741.0,34.2,49.7,75.5,1.12,60.4,0.94,56.7,0.67
2025-04-22,10:15,93,758.5,34.4,50.4,75.28,1.15,60.23,0.96,57.9,0.67
2025-04-22,10:30,93,776.1,34.7,51.1,75.06,1.18,60.05,0.98,59.1,0.67
2025-04-22,10:45,93,793.6,34.9,51.8,74.85,1.2,59.88,1.01,60.3,0.67
2025-04-22,11:00,93,811.2,35.2,52.5,74.63,1.23,59.7,1.03,61.5,0.67
2025-04-22,11:15,93,793.5,35.4,52.2,74.72,1.2,59.78,1.01,60.2,0.67
2025-04-22,11:30,93,775.8,35.5,51.9,74.81,1.18,59.85,0.98,58.9,0.67
2025-04-22,11:45,93,758.1,35.6,51.6,74.9,1.15,59.92,0.96,57.6,0.67
2025-04-22,12:00,93,740.4,35.8,51.3,75.0,1.12,60.0,0.94,56.4,0.67
2025-04-22,12:15,93,725.8,35.8,51.0,75.1,1.1,60.08,0.92,55.3,0.67
2025-04-22,12:30,93,711.1,35.9,50.7,75.2,1.08,60.16,0.9,54.2,0.67
2025-04-22,12:45,93,696.5,35.9,50.4,75.3,1.05,60.24,0.88,53.2,0.67
2025-04-22,13:00,93,681.9,36.0,50.0,75.4,1.03,60.32,0.86,52.1,0.67
2025-04-22,13:15,93,658.0,35.9,49.4,75.61,0.99,60.49,0.83,50.4,0.67
2025-04-22,13:30,93,634.2,35.9,48.7,75.82,0.96,60.66,0.8,48.7,0.67
2025-04-22,13:45,93,610.4,35.8,48.0,76.03,0.92,60.83,0.77,47.0,0.67
2025-04-22,14:00,93,586.5,35.7,47.4,76.24,0.89,60.99,0.74,45.2,0.67
2025-04-22,14:15,93,501.1,35.6,45.1,76.97,0.75,61.58,0.63,38.9,0.67
2025-04-22,14:30,93,415.6,35.4,42.8,77.7,0.62,62.16,0.52,32.5,0.67
2025-04-22,14:45,93,330.1,35.2,40.5,78.42,0.49,62.74,0.41,26.0,0.67
2025-04-22,15:00,93,244.7,35.1,38.2,79.15,0.37,63.32,0.31,19.4,0.67
2025-04-22,15:15,93,218.4,34.8,37.3,79.44,0.33,63.55,0.27,17.4,0.67
2025-04-22,15:30,93,192.1,34.6,36.4,79.72,0.29,63.78,0.24,15.3,0.67
2025-04-22,15:45,93,165.7,34.3,35.5,80.01,0.25,64.01,0.21,13.3,0.67
2025-04-22,16:00,93,139.4,34.1,34.6,80.3,0.21,64.24,0.17,11.2,0.67
2025-04-22,16:15,93,110.8,33.6,33.3,80.69,0.16,64.55,0.14,8.9,0.67
2025-04-22,16:30,93,82.2,33.0,32.1,81.09,0.12,64.87,0.1,6.6,0.67
2025-04-22,16:45,93,53.6,32.5,30.8,81.48,0.08,65.18,0.07,4.3,0.67
2025-04-22,17:00,93,25.1,32.0,29.6,81.88,0.04,65.5,0.03,2.0,0.67
2025-04-22,17:15,93,18.8,31.4,28.9,82.1,0.03,65.68,0.02,1.5,0.67
2025-04-22,17:30,93,12.5,30.9,28.2,82.32,0.02,65.86,0.02,1.0,0.67
2025-04-22,17:45,93,6.3,30.3,27.5,82.54,0.01,66.04,0.01,0.5,0.67
2025-04-23,05:15,93,27.3,25.6,23.3,83.88,0.04,67.1,0.03,2.3,0.67
2025-04-23,05:30,93,51.0,25.8,24.1,83.62,0.08,66.9,0.06,4.2,0.67
2025-04-23,05:45,93,74.6,26.0,24.9,83.37,0.11,66.7,0.09,6.1,0.67
2025-04-23,06:00,93,98.2,26.2,25.7,83.11,0.15,66.49,0.12,8.1,0.67
2025-04-23,06:15,93,147.0,26.6,27.3,82.6,0.22,66.08,0.18,12.0,0.67
2025-04-23,06:30,93,195.8,27.1,28.9,82.08,0.29,65.66,0.24,16.0,0.67
2025-04-23,06:45,93,244.5,27.5,30.6,81.56,0.36,65.25,0.3,19.8,0.67
2025-04-23,07:00,93,293.3,27.9,32.2,81.04,0.44,64.83,0.37,23.7,0.67
2025-04-23,07:15,93,349.9,28.7,34.4,80.34,0.52,64.27,0.44,28.1,0.67
2025-04-23,07:30,93,406.4,29.5,36.6,79.64,0.61,63.71,0.51,32.4,0.67
2025-04-23,07:45,93,463.0,30.3,38.8,78.94,0.69,63.15,0.58,36.6,0.67
2025-04-23,08:00,93,519.5,31.1,41.1,78.24,0.78,62.59,0.65,40.8,0.67
2025-04-23,08:15,93,547.7,31.6,42.3,77.86,0.82,62.29,0.69,42.9,0.67
2025-04-23,08:30,93,575.9,32.1,43.5,77.47,0.87,61.98,0.73,44.9,0.67
2025-04-23,08:45,93,604.0,32.6,44.7,77.09,0.91,61.67,0.76,47.0,0.67
2025-04-23,09:00,93,632.2,33.1,45.9,76.7,0.95,61.36,0.8,49.0,0.67
2025-04-23,09:15,93,638.8,33.5,46.5,76.53,0.96,61.22,0.81,49.4,0.67
2025-04-23,09:30,93,645.4,33.9,47.0,76.36,0.97,61.09,0.82,49.8,0.67
2025-04-23,09:45,93,652.0,34.2,47.5,76.19,0.98,60.95,0.82,50.2,0.67
2025-04-23,10:00,93,658.6,34.6,48.1,76.02,0.99,60.81,0.83,50.7,0.67
2025-04-23,10:15,93,689.1,34.9,49.1,75.69,1.04,60.55,0.87,52.8,0.67
2025-04-23,10:30,93,719.6,35.2,50.2,75.36,1.09,60.29,0.91,55.0,0.67
2025-04-23,10:45,93,750.1,35.5,51.2,75.03,1.14,60.02,0.95,57.1,0.67
2025-04-23,11:00,93,780.6,35.7,52.2,74.7,1.18,59.76,0.99,59.2,0.67
2025-04-23,11:15,93,766.6,35.9,52.1,74.75,1.16,59.8,0.97,58.2,0.67
2025-04-23,11:30,93,752.6,36.1,52.0,74.79,1.14,59.83,0.96,57.2,0.67
2025-04-23,11:45,93,738.6,36.4,51.8,74.83,1.12,59.87,0.94,56.1,0.67
2025-04-23,12:00,93,724.6,36.6,51.7,74.88,1.1,59.9,0.92,55.1,0.67
2025-04-23,12:15,93,706.9,36.7,51.3,74.99,1.07,59.99,0.9,53.8,0.67
2025-04-23,12:30,93,689.2,36.8,51.0,75.09,1.04,60.07,0.87,52.5,0.67
2025-04-23,12:45,93,671.5,36.9,50.7,75.2,1.02,60.16,0.85,51.2,0.67
2025-04-23,13:00,93,653.8,37.0,50.3,75.31,0.99,60.24,0.83,49.9,0.67
2025-04-23,13:15,93,608.0,37.0,49.2,75.67,0.92,60.53,0.77,46.6,0.67
2025-04-23,13:30,93,562.2,37.0,48.1,76.03,0.85,60.82,0.71,43.2,0.67
2025-04-23,13:45,93,516.5,37.0,46.9,76.39,0.78,61.11,0.65,39.9,0.67
2025-04-23,14:00,93,470.7,37.0,45.8,76.75,0.71,61.4,0.59,36.5,0.67
2025-04-23,14:15,93,439.7,36.9,44.9,77.04,0.66,61.63,0.55,34.2,0.67
2025-04-23,14:30,93,408.7,36.7,44.0,77.33,0.61,61.86,0.51,31.8,0.67
2025-04-23,14:45,93,377.6,36.6,43.0,77.61,0.57,62.09,0.48,29.5,0.67
2025-04-23,15:00,93,346.6,36.5,42.1,77.9,0.52,62.32,0.44,27.2,0.67
2025-04-23,15:15,93,306.1,36.1,40.8,78.33,0.46,62.66,0.38,24.1,0.67
2025-04-23,15:30,93,265.7,35.8,39.4,78.76,0.4,63.01,0.33,21.0,0.67
2025-04-23,15:45,93,225.2,35.5,38.1,79.18,0.34,63.35,0.28,17.9,0.67
2025-04-23,16:00,93,184.8,35.1,36.7,79.61,0.28,63.69,0.23,14.7,0.67
2025-04-23,16:15,93,148.1,34.4,35.1,80.12,0.22,64.1,0.18,11.9,0.67
2025-04-23,16:30,93,111.4,33.7,33.5,80.64,0.17,64.51,0.14,9.0,0.67
2025-04-23,16:45,93,74.8,33.0,31.9,81.15,0.11,64.92,0.09,6.0,0.67
2025-04-23,17:00,93,38.1,32.3,30.3,81.66,0.06,65.33,0.05,3.1,0.67
2025-04-23,17:15,93,28.6,31.8,29.6,81.89,0.04,65.51,0.04,2.3,0.67
2025-04-23,17:30,93,19.0,31.4,28.9,82.11,0.03,65.68,0.02,1.6,0.67
2025-04-23,17:45,93,9.5,30.9,28.2,82.33,0.01,65.86,0.01,0.8,0.67
2025-04-24,05:15,93,29.0,26.1,23.8,83.71,0.04,66.97,0.04,2.4,0.67
2025-04-24,05:30,93,54.1,26.3,24.6,83.45,0.08,66.76,0.07,4.5,0.67
2025-04-24,05:45,93,79.2,26.5,25.4,83.19,0.12,66.55,0.1,6.5,0.67
2025-04-24,06:00,93,104.2,26.6,26.3,82.93,0.15,66.34,0.13,8.6,0.67
2025-04-24,06:15,93,158.6,27.2,28.2,82.33,0.23,65.86,0.2,13.0,0.67
2025-04-24,06:30,93,212.9,27.7,30.1,81.73,0.32,65.38,0.26,17.3,0.67
2025-04-24,06:45,93,267.3,28.3,32.0,81.13,0.4,64.9,0.33,21.6,0.67
2025-04-24,07:00,93,321.6,28.8,33.9,80.53,0.48,64.42,0.4,25.8,0.67
2025-04-24,07:15,93,378.6,29.5,36.0,79.85,0.56,63.88,0.47,30.2,0.67
2025-04-24,07:30,93,435.5,30.2,38.1,79.18,0.65,63.34,0.55,34.5,0.67
2025-04-24,07:45,93,492.4,30.9,40.2,78.5,0.74,62.8,0.62,38.8,0.67
2025-04-24,08:00,93,549.3,31.6,42.4,77.83,0.82,62.26,0.69,43.0,0.67
2025-04-24,08:15,93,582.7,32.1,43.7,77.4,0.88,61.92,0.73,45.4,0.67
2025-04-24,08:30,93,616.1,32.7,45.1,76.98,0.93,61.58,0.78,47.8,0.67
2025-04-24,08:45,93,649.5,33.2,46.4,76.55,0.98,61.24,0.82,50.2,0.67
2025-04-24,09:00,93,682.9,33.7,47.8,76.12,1.03,60.9,0.86,52.6,0.67
2025-04-24,09:15,93,710.6,34.1,48.8,75.79,1.07,60.63,0.9,54.5,0.67
2025-04-24,09:30,93,738.4,34.4,49.9,75.45,1.12,60.36,0.94,56.5,0.67
2025-04-24,09:45,93,766.2,34.8,51.0,75.11,1.16,60.09,0.97,58.4,0.67
2025-04-24,10:00,93,793.9,35.2,52.0,74.77,1.2,59.82,1.01,60.3,0.67
2025-04-24,10:15,93,807.9,35.4,52.6,74.58,1.23,59.66,1.03,61.2,0.67
2025-04-24,10:30,93,821.9,35.7,53.2,74.39,1.25,59.51,1.04,62.2,0.67
2025-04-24,10:45,93,835.9,35.9,53.8,74.2,1.27,59.36,1.06,63.1,0.67
2025-04-24,11:00,93,850.0,36.2,54.4,74.01,1.29,59.21,1.08,64.0,0.67
2025-04-24,11:15,93,822.0,36.3,53.9,74.19,1.25,59.35,1.05,62.1,0.67
2025-04-24,11:30,93,794.1,36.4,53.3,74.37,1.21,59.5,1.01,60.1,0.67
2025-04-24,11:45,93,766.2,36.6,52.7,74.55,1.16,59.64,0.97,58.1,0.67
2025-04-24,12:00,93,738.3,36.7,52.1,74.73,1.12,59.79,0.94,56.0,0.67
2025-04-24,12:15,93,723.1,36.7,51.8,74.85,1.1,59.88,0.92,55.0,0.67
2025-04-24,12:30,93,707.8,36.7,51.4,74.97,1.07,59.98,0.9,53.9,0.67
2025-04-24,12:45,93,692.6,36.7,51.0,75.09,1.05,60.07,0.88,52.8,0.67
2025-04-24,13:00,93,677.4,36.7,50.6,75.21,1.03,60.17,0.86,51.7,0.67
2025-04-24,13:15,93,637.9,36.5,49.5,75.58,0.96,60.46,0.81,48.8,0.67
2025-04-24,13:30,93,598.5,36.3,48.3,75.95,0.9,60.76,0.76,46.0,0.67
2025-04-24,13:45,93,559.0,36.2,47.2,76.31,0.84,61.05,0.71,43.1,0.67
2025-04-24,14:00,93,519.5,36.0,46.0,76.68,0.78,61.34,0.66,40.2,0.67
2025-04-24,14:15,93,478.1,35.8,44.8,77.07,0.72,61.65,0.6,37.2,0.67
2025-04-24,14:30,93,436.7,35.6,43.5,77.46,0.66,61.97,0.55,34.1,0.67
2025-04-24,14:45,93,395.3,35.4,42.3,77.85,0.59,62.28,0.5,31.0,0.67
2025-04-24,15:00,93,353.9,35.2,41.1,78.24,0.53,62.59,0.44,27.8,0.67
2025-04-24,15:15,93,310.0,35.0,39.7,78.67,0.46,62.93,0.39,24.5,0.67
2025-04-24,15:30,93,266.2,34.7,38.4,79.09,0.4,63.28,0.33,21.1,0.67
2025-04-24,15:45,93,222.4,34.5,37.0,79.52,0.33,63.62,0.28,17.7,0.67
2025-04-24,16:00,93,178.6,34.2,35.7,79.95,0.27,63.96,0.22,14.3,0.67
2025-04-24,16:15,93,142.8,33.7,34.3,80.38,0.21,64.3,0.18,11.5,0.67
2025-04-24,16:30,93,107.1,33.3,33.0,80.81,0.16,64.65,0.13,8.6,0.67
2025-04-24,16:45,93,71.4,32.8,31.6,81.24,0.11,64.99,0.09,5.8,0.67
2025-04-24,17:00,93,35.6,32.4,30.3,81.67,0.05,65.33,0.04,2.9,0.67
2025-04-24,17:15,93,26.7,31.9,29.6,81.87,0.04,65.49,0.03,2.2,0.67
2025-04-24,17:30,93,17.8,31.5,29.0,82.07,0.03,65.66,0.02,1.5,0.67
2025-04-24,17:45,93,8.9,31.1,28.3,82.27,0.01,65.82,0.01,0.7,0.67
2025-04-25,05:15,93,26.6,27.2,24.9,83.37,0.04,66.7,0.03,2.2,0.67
2025-04-25,05:30,93,49.4,27.5,25.7,83.11,0.07,66.49,0.06,4.1,0.67
2025-04-25,05:45,93,72.1,27.7,26.5,82.85,0.11,66.28,0.09,5.9,0.67
2025-04-25,06:00,93,94.8,28.0,27.3,82.59,0.14,66.07,0.12,7.8,0.67
2025-04-25,06:15,93,144.3,28.3,28.9,82.08,0.21,65.66,0.18,11.8,0.67
2025-04-25,06:30,93,193.7,28.7,30.5,81.57,0.29,65.26,0.24,15.7,0.67
2025-04-25,06:45,93,243.1,29.1,32.1,81.07,0.36,64.86,0.3,19.6,0.67
2025-04-25,07:00,93,292.5,29.4,33.7,80.56,0.44,64.45,0.36,23.5,0.67
2025-04-25,07:15,93,344.7,29.9,35.5,80.01,0.51,64.01,0.43,27.6,0.67
2025-04-25,07:30,93,397.0,30.3,37.2,79.45,0.59,63.56,0.5,31.6,0.67
2025-04-25,07:45,93,449.2,30.8,39.0,78.89,0.67,63.12,0.56,35.5,0.67
2025-04-25,08:00,93,501.4,31.2,40.8,78.34,0.75,62.67,0.63,39.5,0.67
2025-04-25,08:15,93,535.1,31.5,41.9,77.98,0.8,62.39,0.67,42.0,0.67
2025-04-25,08:30,93,568.7,31.8,43.0,77.62,0.85,62.1,0.72,44.4,0.67
2025-04-25,08:45,93,602.3,32.1,44.1,77.27,0.91,61.81,0.76,46.9,0.67
2025-04-25,09:00,93,636.0,32.4,45.3,76.91,0.96,61.53,0.8,49.3,0.67
2025-04-25,09:15,93,656.2,32.5,45.9,76.69,0.99,61.36,0.83,50.8,0.67
2025-04-25,09:30,93,676.5,32.7,46.6,76.48,1.02,61.18,0.85,52.3,0.67
2025-04-25,09:45,93,696.8,32.9,47.3,76.26,1.05,61.01,0.88,53.7,0.67
2025-04-25,10:00,93,717.0,33.1,48.0,76.05,1.08,60.84,0.91,55.2,0.67
2025-04-25,10:15,93,737.8,33.2,48.6,75.85,1.11,60.68,0.93,56.6,0.67
2025-04-25,10:30,93,758.6,33.3,49.3,75.64,1.15,60.52,0.96,58.1,0.67
2025-04-25,10:45,93,779.4,33.4,49.9,75.44,1.18,60.35,0.99,59.6,0.67
2025-04-25,11:00,93,800.1,33.5,50.5,75.24,1.21,60.19,1.01,61.1,0.67
2025-04-25,11:15,93,767.8,33.6,49.8,75.47,1.16,60.38,0.97,58.7,0.67
2025-04-25,11:30,93,735.5,33.7,49.1,75.71,1.11,60.56,0.93,56.4,0.67
2025-04-25,11:45,93,703.2,33.8,48.3,75.94,1.06,60.75,0.89,54.0,0.67
2025-04-25,12:00,93,671.0,33.8,47.6,76.17,1.01,60.94,0.85,51.7,0.67
2025-04-25,12:15,93,645.6,33.8,47.0,76.37,0.97,61.09,0.82,49.8,0.67
2025-04-25,12:30,93,620.2,33.9,46.4,76.56,0.93,61.25,0.78,48.0,0.67
2025-04-25,12:45,93,594.8,33.9,45.7,76.76,0.9,61.41,0.75,46.1,0.67
2025-04-25,13:00,93,569.4,33.9,45.1,76.96,0.86,61.56,0.72,44.2,0.67
2025-04-25,13:15,93,533.2,33.9,44.2,77.24,0.8,61.79,0.67,41.5,0.67
2025-04-25,13:30,93,497.0,33.9,43.3,77.52,0.75,62.02,0.63,38.8,0.67
2025-04-25,13:45,93,460.8,33.9,42.4,77.81,0.69,62.25,0.58,36.1,0.67
2025-04-25,14:00,93,424.6,33.9,41.5,78.09,0.64,62.47,0.53,33.3,0.67
2025-04-25,14:15,93,382.6,33.8,40.4,78.46,0.57,62.77,0.48,30.1,0.67
2025-04-25,14:30,93,340.5,33.7,39.2,78.82,0.51,63.06,0.43,26.9,0.67
2025-04-25,14:45,93,298.4,33.6,38.1,79.19,0.45,63.35,0.37,23.7,0.67
2025-04-25,15:00,93,256.4,33.5,36.9,79.55,0.38,63.64,0.32,20.4,0.67
2025-04-25,15:15,93,226.4,33.4,36.0,79.84,0.34,63.87,0.28,18.1,0.67
2025-04-25,15:30,93,196.4,33.2,35.1,80.13,0.29,64.1,0.25,15.7,0.67
2025-04-25,15:45,93,166.4,33.0,34.2,80.42,0.25,64.33,0.21,13.4,0.67
2025-04-25,16:00,93,136.3,32.9,33.3,80.7,0.2,64.56,0.17,11.0,0.67
2025-04-25,16:15,93,110.6,32.5,32.2,81.03,0.16,64.83,0.14,8.9,0.67
2025-04-25,16:30,93,84.9,32.1,31.2,81.36,0.13,65.09,0.11,6.9,0.67
2025-04-25,16:45,93,59.2,31.7,30.2,81.69,0.09,65.36,0.07,4.8,0.67
2025-04-25,17:00,93,33.5,31.3,29.1,82.02,0.05,65.62,0.04,2.7,0.67
2025-04-25,17:15,93,25.1,30.9,28.6,82.2,0.04,65.76,0.03,2.1,0.67
2025-04-25,17:30,93,16.8,30.6,28.0,82.37,0.02,65.89,0.02,1.4,0.67
2025-04-25,17:45,93,8.4,30.3,27.5,82.54,0.01,66.03,0.01,0.7,0.67
2025-04-26,05:15,93,27.5,27.4,25.1,83.29,0.04,66.63,0.03,2.3,0.67
2025-04-26,05:30,93,50.7,27.6,25.9,83.04,0.07,66.44,0.06,4.2,0.67
2025-04-26,05:45,93,73.9,27.8,26.7,82.8,0.11,66.24,0.09,6.1,0.67
2025-04-26,06:00,93,97.1,28.0,27.4,82.56,0.14,66.04,0.12,7.9,0.67
2025-04-26,06:15,93,143.6,28.3,28.9,82.08,0.21,65.67,0.18,11.7,0.67
2025-04-26,06:30,93,190.2,28.7,30.4,81.61,0.28,65.29,0.24,15.4,0.67
2025-04-26,06:45,93,236.7,29.0,31.9,81.14,0.35,64.91,0.29,19.1,0.67
2025-04-26,07:00,93,283.2,29.3,33.4,80.67,0.42,64.53,0.35,22.8,0.67
2025-04-26,07:15,93,328.4,29.7,34.9,80.2,0.49,64.16,0.41,26.3,0.67
2025-04-26,07:30,93,373.6,30.0,36.4,79.73,0.56,63.79,0.47,29.8,0.67
2025-04-26,07:45,93,418.7,30.4,37.8,79.26,0.63,63.41,0.52,33.2,0.67
2025-04-26,08:00,93,463.9,30.7,39.3,78.79,0.69,63.04,0.58,36.7,0.67
2025-04-26,08:15,93,502.7,31.0,40.6,78.4,0.75,62.72,0.63,39.6,0.67
2025-04-26,08:30,93,541.5,31.2,41.8,78.01,0.81,62.41,0.68,42.5,0.67
2025-04-26,08:45,93,580.3,31.5,43.0,77.62,0.87,62.1,0.73,45.4,0.67
2025-04-26,09:00,93,619.2,31.8,44.2,77.23,0.93,61.79,0.78,48.2,0.67
2025-04-26,09:15,93,634.0,32.0,44.8,77.05,0.95,61.64,0.8,49.3,0.67
2025-04-26,09:30,93,648.8,32.2,45.4,76.87,0.98,61.5,0.82,50.3,0.67
2025-04-26,09:45,93,663.5,32.4,46.0,76.69,1.0,61.35,0.84,51.4,0.67
2025-04-26,10:00,93,678.3,32.6,46.5,76.51,1.02,61.21,0.86,52.4,0.67
2025-04-26,10:15,93,711.9,32.7,47.5,76.2,1.07,60.96,0.9,54.9,0.67
2025-04-26,10:30,93,745.5,32.8,48.5,75.9,1.13,60.72,0.94,57.3,0.67
2025-04-26,10:45,93,779.0,33.0,49.4,75.59,1.18,60.47,0.99,59.7,0.67
2025-04-26,11:00,93,812.6,33.1,50.4,75.28,1.23,60.23,1.03,62.0,0.67
2025-04-26,11:15,93,802.7,33.1,50.2,75.35,1.21,60.28,1.02,61.3,0.67
2025-04-26,11:30,93,792.9,33.2,50.0,75.41,1.2,60.33,1.0,60.6,0.67
2025-04-26,11:45,93,783.0,33.2,49.8,75.48,1.18,60.38,0.99,59.9,0.67
2025-04-26,12:00,93,773.2,33.2,49.6,75.55,1.17,60.44,0.98,59.2,0.67
2025-04-26,12:15,93,703.5,33.2,47.8,76.1,1.06,60.88,0.89,54.2,0.67
2025-04-26,12:30,93,633.8,33.2,46.0,76.66,0.96,61.33,0.8,49.1,0.67
2025-04-26,12:45,93,564.1,33.2,44.3,77.22,0.85,61.78,0.71,43.9,0.67
2025-04-26,13:00,93,494.4,33.1,42.5,77.78,0.74,62.23,0.62,38.7,0.67
2025-04-26,13:15,93,486.3,33.1,42.3,77.85,0.73,62.28,0.61,38.1,0.67
2025-04-26,13:30,93,478.2,33.1,42.1,77.91,0.72,62.33,0.6,37.5,0.67
2025-04-26,13:45,93,470.0,33.1,41.9,77.98,0.71,62.38,0.59,36.9,0.67
2025-04-26,14:00,93,461.9,33.1,41.7,78.04,0.69,62.44,0.58,36.2,0.67
2025-04-26,14:15,93,416.6,33.1,40.5,78.41,0.62,62.73,0.52,32.8,0.67
2025-04-26,14:30,93,371.3,33.1,39.4,78.77,0.56,63.02,0.47,29.3,0.67
2025-04-26,14:45,93,326.0,33.1,38.2,79.14,0.49,63.31,0.41,25.9,0.67
2025-04-26,15:00,93,280.7,33.1,37.1,79.5,0.42,63.6,0.35,22.3,0.67
2025-04-26,15:15,93,245.1,33.0,36.1,79.81,0.37,63.85,0.31,19.6,0.67
2025-04-26,15:30,93,209.5,32.9,35.1,80.12,0.31,64.09,0.26,16.8,0.67
2025-04-26,15:45,93,173.9,32.8,34.2,80.43,0.26,64.34,0.22,14.0,0.67
2025-04-26,16:00,93,138.2,32.7,33.2,80.74,0.21,64.59,0.17,11.1,0.67
2025-04-26,16:15,93,111.1,32.4,32.2,81.04,0.17,64.83,0.14,9.0,0.67
2025-04-26,16:30,93,84.0,32.2,31.3,81.35,0.12,65.08,0.1,6.8,0.67
2025-04-26,16:45,93,56.8,31.9,30.3,81.65,0.08,65.32,0.07,4.6,0.67
2025-04-26,17:00,93,29.7,31.6,29.3,81.96,0.04,65.57,0.04,2.4,0.67
2025-04-26,17:15,93,22.3,31.3,28.9,82.1,0.03,65.68,0.03,1.8,0.67
2025-04-26,17:30,93,14.8,31.1,28.4,82.24,0.02,65.79,0.02,1.2,0.67
2025-04-26,17:45,93,7.4,30.8,28.0,82.38,0.01,65.91,0.01,0.6,0.67
2025-04-27,05:15,93,32.3,26.9,24.7,83.43,0.05,66.74,0.04,2.7,0.67
2025-04-27,05:30,93,59.9,27.1,25.6,83.13,0.09,66.51,0.07,4.9,0.67
2025-04-27,05:45,93,87.4,27.4,26.6,82.84,0.13,66.27,0.11,7.2,0.67
2025-04-27,06:00,93,115.0,27.6,27.5,82.54,0.17,66.03,0.14,9.4,0.67
2025-04-27,06:15,93,164.8,27.9,29.0,82.06,0.24,65.65,0.2,13.4,0.67
2025-04-27,06:30,93,214.6,28.2,30.5,81.58,0.32,65.26,0.27,17.4,0.67
2025-04-27,06:45,93,264.4,28.4,32.0,81.1,0.39,64.88,0.33,21.4,0.67
2025-04-27,07:00,93,314.2,28.7,33.6,80.62,0.47,64.49,0.39,25.3,0.67
2025-04-27,07:15,93,364.0,29.1,35.2,80.11,0.54,64.09,0.45,29.1,0.67
2025-04-27,07:30,93,413.8,29.4,36.8,79.6,0.62,63.68,0.52,33.0,0.67
2025-04-27,07:45,93,463.6,29.8,38.4,79.09,0.69,63.27,0.58,36.7,0.67
2025-04-27,08:00,93,513.4,30.1,40.0,78.58,0.77,62.87,0.64,40.5,0.67
2025-04-27,08:15,93,552.5,30.5,41.3,78.17,0.83,62.53,0.69,43.4,0.67
2025-04-27,08:30,93,591.5,30.8,42.6,77.75,0.89,62.2,0.74,46.3,0.67
2025-04-27,08:45,93,630.6,31.2,43.9,77.34,0.95,61.87,0.79,49.1,0.67
2025-04-27,09:00,93,669.6,31.5,45.2,76.92,1.01,61.54,0.84,52.0,0.67
2025-04-27,09:15,93,705.6,31.7,46.4,76.56,1.06,61.25,0.89,54.6,0.67
2025-04-27,09:30,93,741.5,32.0,47.5,76.2,1.12,60.96,0.94,57.1,0.67
2025-04-27,09:45,93,777.5,32.2,48.7,75.84,1.17,60.67,0.98,59.7,0.67
2025-04-27,10:00,93,813.4,32.5,49.8,75.47,1.23,60.38,1.03,62.2,0.67
2025-04-27,10:15,93,817.6,32.6,50.1,75.39,1.24,60.31,1.04,62.5,0.67
2025-04-27,10:30,93,821.7,32.8,50.3,75.3,1.24,60.24,1.04,62.7,0.67
2025-04-27,10:45,93,825.9,33.0,50.6,75.22,1.25,60.17,1.05,63.0,0.67
2025-04-27,11:00,93,830.0,33.1,50.9,75.13,1.26,60.1,1.05,63.3,0.67
2025-04-27,11:15,93,811.2,33.3,50.5,75.24,1.23,60.19,1.03,61.9,0.67
2025-04-27,11:30,93,792.3,33.4,50.2,75.35,1.2,60.28,1.0,60.5,0.67
2025-04-27,11:45,93,773.4,33.5,49.9,75.46,1.17,60.37,0.98,59.1,0.67
2025-04-27,12:00,93,754.5,33.6,49.5,75.57,1.14,60.45,0.96,57.8,0.67
2025-04-27,12:15,93,728.4,33.7,48.9,75.75,1.1,60.6,0.92,55.9,0.67
2025-04-27,12:30,93,702.4,33.8,48.4,75.93,1.06,60.75,0.89,54.0,0.67
2025-04-27,12:45,93,676.3,33.9,47.8,76.11,1.02,60.89,0.86,52.1,0.67
2025-04-27,13:00,93,650.2,34.0,47.2,76.3,0.98,61.04,0.82,50.2,0.67
2025-04-27,13:15,93,612.1,33.9,46.2,76.6,0.92,61.28,0.77,47.4,0.67
2025-04-27,13:30,93,573.9,33.9,45.3,76.91,0.86,61.53,0.72,44.5,0.67
2025-04-27,13:45,93,535.7,33.9,44.3,77.22,0.81,61.77,0.67,41.7,0.67
2025-04-27,14:00,93,497.5,33.9,43.3,77.52,0.75,62.02,0.63,38.8,0.67
2025-04-27,14:15,93,452.1,33.8,42.1,77.91,0.68,62.33,0.57,35.4,0.67
2025-04-27,14:30,93,406.8,33.7,40.9,78.3,0.61,62.64,0.51,32.0,0.67
2025-04-27,14:45,93,361.5,33.6,39.7,78.69,0.54,62.95,0.45,28.5,0.67
2025-04-27,15:00,93,316.1,33.5,38.4,79.08,0.47,63.26,0.4,25.1,0.67
2025-04-27,15:15,93,275.8,33.3,37.2,79.48,0.41,63.58,0.35,21.9,0.67
2025-04-27,15:30,93,235.3,33.0,35.9,79.88,0.35,63.91,0.29,18.8,0.67
2025-04-27,15:45,93,194.9,32.7,34.6,80.28,0.29,64.23,0.24,15.6,0.67
2025-04-27,16:00,93,154.6,32.5,33.3,80.69,0.23,64.55,0.19,12.4,0.67
2025-04-27,16:15,93,123.1,32.0,32.0,81.1,0.18,64.88,0.15,9.9,0.67
2025-04-27,16:30,93,91.7,31.5,30.8,81.51,0.14,65.21,0.11,7.4,0.67
2025-04-27,16:45,93,60.3,30.9,29.5,81.92,0.09,65.53,0.07,4.9,0.67
2025-04-27,17:00,93,28.8,30.4,28.2,82.33,0.04,65.86,0.04,2.4,0.67
2025-04-27,17:15,93,21.6,30.0,27.6,82.51,0.03,66.01,0.03,1.8,0.67
2025-04-27,17:30,93,14.4,29.6,27.0,82.69,0.02,66.15,0.02,1.2,0.67
2025-04-27,17:45,93,7.2,29.3,26.4,82.87,0.01,66.3,0.01,0.6,0.67
2025-04-28,05:15,93,29.0,26.1,23.8,83.69,0.04,66.96,0.04,2.4,0.67
2025-04-28,05:30,93,53.3,26.4,24.7,83.42,0.08,66.73,0.07,4.4,0.67
2025-04-28,05:45,93,77.7,26.7,25.6,83.14,0.11,66.51,0.1,6.4,0.67
2025-04-28,06:00,93,102.0,26.9,26.5,82.86,0.15,66.29,0.13,8.4,0.67
2025-04-28,06:15,93,149.3,27.3,28.0,82.38,0.22,65.9,0.19,12.2,0.67
2025-04-28,06:30,93,196.6,27.6,29.5,81.9,0.29,65.52,0.24,16.0,0.67
2025-04-28,06:45,93,243.9,27.9,31.0,81.42,0.36,65.13,0.3,19.8,0.67
2025-04-28,07:00,93,291.1,28.3,32.6,80.93,0.43,64.75,0.36,23.5,0.67
2025-04-28,07:15,93,343.6,28.6,34.1,80.43,0.51,64.35,0.43,27.6,0.67
2025-04-28,07:30,93,396.0,28.8,35.7,79.93,0.59,63.94,0.49,31.6,0.67
2025-04-28,07:45,93,448.5,29.1,37.3,79.43,0.67,63.54,0.56,35.7,0.67
2025-04-28,08:00,93,500.9,29.4,38.9,78.92,0.75,63.14,0.63,39.6,0.67
2025-04-28,08:15,93,523.4,29.7,39.8,78.64,0.78,62.91,0.66,41.3,0.67
2025-04-28,08:30,93,545.8,30.0,40.7,78.36,0.82,62.69,0.69,43.0,0.67
2025-04-28,08:45,93,568.3,30.4,41.6,78.08,0.85,62.46,0.71,44.6,0.67
2025-04-28,09:00,93,590.7,30.7,42.5,77.8,0.89,62.24,0.74,46.2,0.67
2025-04-28,09:15,93,630.2,30.9,43.7,77.41,0.95,61.93,0.79,49.1,0.67
2025-04-28,09:30,93,669.7,31.1,44.9,77.03,1.01,61.62,0.84,52.0,0.67
2025-04-28,09:45,93,709.2,31.4,46.1,76.65,1.07,61.32,0.9,54.9,0.67
2025-04-28,10:00,93,748.7,31.6,47.3,76.26,1.13,61.01,0.95,57.7,0.67
2025-04-28,10:15,93,759.9,31.7,47.7,76.14,1.15,60.91,0.96,58.5,0.67
2025-04-28,10:30,93,771.0,31.8,48.1,76.01,1.16,60.81,0.98,59.3,0.67
2025-04-28,10:45,93,782.2,32.0,48.5,75.88,1.18,60.7,0.99,60.1,0.67
2025-04-28,11:00,93,793.4,32.1,48.9,75.75,1.2,60.6,1.0,60.9,0.67
2025-04-28,11:15,93,776.0,32.2,48.6,75.87,1.17,60.7,0.98,59.6,0.67
2025-04-28,11:30,93,758.6,32.2,48.2,75.99,1.15,60.79,0.96,58.3,0.67
2025-04-28,11:45,93,741.2,32.3,47.8,76.11,1.12,60.89,0.94,57.1,0.67
2025-04-28,12:00,93,723.8,32.3,47.4,76.22,1.09,60.98,0.91,55.8,0.67
2025-04-28,12:15,93,696.6,32.3,46.7,76.44,1.05,61.16,0.88,53.8,0.67
2025-04-28,12:30,93,669.4,32.3,46.0,76.66,1.01,61.33,0.84,51.8,0.67
2025-04-28,12:45,93,642.2,32.3,45.3,76.88,0.97,61.51,0.81,49.8,0.67
2025-04-28,13:00,93,615.0,32.3,44.7,77.1,0.93,61.68,0.78,47.8,0.67
2025-04-28,13:15,93,563.5,32.2,43.3,77.53,0.85,62.02,0.71,44.0,0.67
2025-04-28,13:30,93,512.1,32.2,42.0,77.96,0.77,62.36,0.64,40.1,0.67
2025-04-28,13:45,93,460.6,32.1,40.6,78.38,0.69,62.7,0.58,36.3,0.67
2025-04-28,14:00,93,409.1,32.0,39.3,78.81,0.61,63.05,0.51,32.3,0.67
2025-04-28,14:15,93,373.2,32.0,38.3,79.12,0.56,63.29,0.47,29.6,0.67
2025-04-28,14:30,93,337.2,31.9,37.3,79.43,0.5,63.54,0.42,26.8,0.67
2025-04-28,14:45,93,301.3,31.8,36.3,79.73,0.45,63.79,0.38,24.0,0.67
2025-04-28,15:00,93,265.3,31.7,35.4,80.04,0.4,64.03,0.33,21.2,0.67
2025-04-28,15:15,93,233.9,31.6,34.4,80.34,0.35,64.27,0.29,18.8,0.67
2025-04-28,15:30,93,202.4,31.5,33.5,80.63,0.3,64.5,0.25,16.3,0.67
2025-04-28,15:45,93,171.0,31.3,32.6,80.92,0.25,64.74,0.21,13.8,0.67
2025-04-28,16:00,93,139.6,31.2,31.7,81.22,0.21,64.97,0.17,11.3,0.67
2025-04-28,16:15,93,111.7,30.8,30.6,81.55,0.17,65.24,0.14,9.1,0.67
2025-04-28,16:30,93,83.8,30.5,29.6,81.88,0.12,65.5,0.1,6.8,0.67
2025-04-28,16:45,93,55.9,30.1,28.5,82.21,0.08,65.77,0.07,4.6,0.67
2025-04-28,17:00,93,27.9,29.8,27.5,82.54,0.04,66.03,0.03,2.3,0.67
2025-04-28,17:15,93,21.0,29.4,26.9,82.71,0.03,66.17,0.03,1.7,0.67
2025-04-28,17:30,93,14.0,29.0,26.4,82.88,0.02,66.31,0.02,1.1,0.67
2025-04-28,17:45,93,7.0,28.7,25.9,83.06,0.01,66.45,0.01,0.6,0.67
2025-04-29,05:00,93,5.4,26.3,23.5,83.81,0.01,67.05,0.01,0.4,0.67
2025-04-29,05:15,93,34.9,26.6,24.5,83.48,0.05,66.79,0.04,2.9,0.67
2025-04-29,05:30,93,64.5,26.9,25.5,83.16,0.1,66.53,0.08,5.3,0.67
2025-04-29,05:45,93,94.0,27.2,26.6,82.83,0.14,66.27,0.12,7.7,0.67
2025-04-29,06:00,93,123.6,27.5,27.6,82.5,0.18,66.0,0.15,10.1,0.67
2025-04-29,06:15,93,179.0,28.0,29.5,81.91,0.27,65.53,0.22,14.6,0.67
2025-04-29,06:30,93,234.5,28.5,31.3,81.32,0.35,65.05,0.29,19.0,0.67
2025-04-29,06:45,93,289.9,29.0,33.2,80.72,0.43,64.58,0.36,23.3,0.67
2025-04-29,07:00,93,345.4,29.5,35.1,80.13,0.51,64.11,0.43,27.6,0.67
2025-04-29,07:15,93,395.4,29.9,36.8,79.59,0.59,63.67,0.49,31.5,0.67
2025-04-29,07:30,93,445.4,30.4,38.5,79.05,0.67,63.24,0.56,35.3,0.67
2025-04-29,07:45,93,495.3,30.8,40.2,78.51,0.74,62.81,0.62,39.0,0.67
2025-04-29,08:00,93,545.3,31.3,41.9,77.97,0.82,62.37,0.69,42.8,0.67
2025-04-29,08:15,93,590.0,31.7,43.4,77.49,0.89,61.99,0.74,46.0,0.67
2025-04-29,08:30,93,634.7,32.1,45.0,77.01,0.96,61.61,0.8,49.3,0.67
2025-04-29,08:45,93,679.4,32.5,46.5,76.53,1.02,61.22,0.86,52.5,0.67
2025-04-29,09:00,93,724.0,32.9,48.0,76.05,1.09,60.84,0.92,55.7,0.67
2025-04-29,09:15,93,745.4,33.2,48.8,75.78,1.13,60.63,0.94,57.2,0.67
2025-04-29,09:30,93,766.9,33.5,49.7,75.52,1.16,60.42,0.97,58.7,0.67
2025-04-29,09:45,93,788.3,33.8,50.5,75.26,1.19,60.21,1.0,60.2,0.67
2025-04-29,10:00,93,809.7,34.1,51.3,74.99,1.23,59.99,1.03,61.6,0.67
2025-04-29,10:15,93,819.7,34.3,51.8,74.85,1.24,59.88,1.04,62.3,0.67
2025-04-29,10:30,93,829.8,34.5,52.2,74.71,1.26,59.77,1.05,63.0,0.67
2025-04-29,10:45,93,839.8,34.7,52.7,74.57,1.27,59.66,1.07,63.6,0.67
2025-04-29,11:00,93,849.8,34.9,53.1,74.43,1.29,59.54,1.08,64.3,0.67
2025-04-29,11:15,93,840.8,34.9,52.9,74.5,1.28,59.6,1.07,63.7,0.67
2025-04-29,11:30,93,831.7,34.9,52.6,74.57,1.26,59.66,1.06,63.0,0.67
2025-04-29,11:45,93,822.7,34.9,52.4,74.65,1.25,59.72,1.04,62.4,0.67
2025-04-29,12:00,93,813.7,34.9,52.2,74.72,1.23,59.77,1.03,61.8,0.67
2025-04-29,12:15,93,765.8,34.8,50.9,75.13,1.16,60.1,0.97,58.4,0.67
2025-04-29,12:30,93,717.9,34.7,49.6,75.53,1.09,60.43,0.91,54.9,0.67
2025-04-29,12:45,93,670.0,34.6,48.3,75.94,1.01,60.75,0.85,51.5,0.67
2025-04-29,13:00,93,622.1,34.5,47.0,76.35,0.94,61.08,0.79,48.0,0.67
2025-04-29,13:15,93,567.6,34.4,45.6,76.82,0.86,61.46,0.72,44.0,0.67
2025-04-29,13:30,93,513.1,34.2,44.1,77.29,0.77,61.83,0.65,40.0,0.67
2025-04-29,13:45,93,458.6,34.1,42.6,77.76,0.69,62.21,0.58,35.9,0.67
2025-04-29,14:00,93,404.1,34.0,41.1,78.24,0.61,62.59,0.51,31.8,0.67
2025-04-29,14:15,93,366.2,33.8,39.9,78.59,0.55,62.88,0.46,28.9,0.67
2025-04-29,14:30,93,328.4,33.6,38.8,78.95,0.49,63.16,0.41,26.0,0.67
2025-04-29,14:45,93,290.5,33.4,37.7,79.31,0.43,63.45,0.36,23.1,0.67
2025-04-29,15:00,93,252.6,33.2,36.5,79.67,0.38,63.74,0.32,20.1,0.67
2025-04-29,15:15,93,224.0,33.0,35.6,79.98,0.33,63.98,0.28,17.9,0.67
2025-04-29,15:30,93,195.4,32.7,34.6,80.29,0.29,64.23,0.24,15.7,0.67
2025-04-29,15:45,93,166.9,32.5,33.6,80.59,0.25,64.47,0.21,13.4,0.67
2025-04-29,16:00,93,138.3,32.2,32.7,80.9,0.21,64.72,0.17,11.1,0.67
2025-04-29,16:15,93,110.7,31.8,31.6,81.24,0.16,64.99,0.14,8.9,0.67
2025-04-29,16:30,93,83.0,31.4,30.5,81.58,0.12,65.27,0.1,6.7,0.67
2025-04-29,16:45,93,55.4,31.1,29.4,81.92,0.08,65.54,0.07,4.5,0.67
2025-04-29,17:00,93,27.8,30.7,28.4,82.26,0.04,65.81,0.03,2.3,0.67
2025-04-29,17:15,93,20.8,30.2,27.8,82.45,0.03,65.96,0.03,1.7,0.67
2025-04-29,17:30,93,13.9,29.8,27.2,82.64,0.02,66.11,0.02,1.1,0.67
2025-04-29,17:45,93,6.9,29.4,26.6,82.83,0.01,66.26,0.01,0.6,0.67
2025-04-30,05:00,93,5.3,26.1,23.2,83.89,0.01,67.11,0.01,0.4,0.67
2025-04-30,05:15,93,32.6,26.3,24.1,83.6,0.05,66.88,0.04,2.7,0.67
2025-04-30,05:30,93,59.9,26.6,25.1,83.31,0.09,66.65,0.07,4.9,0.67
2025-04-30,05:45,93,87.2,26.8,26.0,83.02,0.13,66.41,0.11,7.2,0.67
2025-04-30,06:00,93,114.5,27.0,26.9,82.73,0.17,66.18,0.14,9.4,0.67
2025-04-30,06:15,93,164.3,27.3,28.4,82.25,0.24,65.8,0.2,13.4,0.67
2025-04-30,06:30,93,214.1,27.5,29.9,81.78,0.32,65.42,0.27,17.4,0.67
2025-04-30,06:45,93,263.9,27.8,31.4,81.3,0.39,65.04,0.33,21.4,0.67
2025-04-30,07:00,93,313.7,28.1,32.9,80.83,0.47,64.66,0.39,25.3,0.67
2025-04-30,07:15,93,364.4,28.4,34.5,80.32,0.54,64.26,0.45,29.2,0.67
2025-04-30,07:30,93,415.0,28.7,36.1,79.82,0.62,63.85,0.52,33.1,0.67
2025-04-30,07:45,93,465.7,29.0,37.7,79.31,0.7,63.45,0.58,37.0,0.67
2025-04-30,08:00,93,516.4,29.4,39.3,78.81,0.77,63.05,0.65,40.8,0.67
2025-04-30,08:15,93,544.5,29.7,40.3,78.48,0.82,62.78,0.68,42.9,0.67
2025-04-30,08:30,93,572.6,30.0,41.3,78.16,0.86,62.52,0.72,45.0,0.67
2025-04-30,08:45,93,600.7,30.3,42.4,77.83,0.9,62.26,0.76,47.0,0.67
2025-04-30,09:00,93,628.8,30.7,43.4,77.5,0.95,62.0,0.79,49.1,0.67
2025-04-30,09:15,93,668.1,30.9,44.6,77.12,1.01,61.69,0.84,52.0,0.67
2025-04-30,09:30,93,707.4,31.1,45.8,76.73,1.07,61.38,0.89,54.8,0.67
2025-04-30,09:45,93,746.7,31.4,47.1,76.34,1.13,61.07,0.94,57.6,0.67
2025-04-30,10:00,93,786.0,31.6,48.3,75.96,1.19,60.76,0.99,60.4,0.67
2025-04-30,10:15,93,797.1,31.7,48.6,75.85,1.2,60.68,1.01,61.2,0.67
2025-04-30,10:30,93,808.1,31.7,48.9,75.75,1.22,60.6,1.02,62.0,0.67
2025-04-30,10:45,93,819.1,31.8,49.3,75.65,1.24,60.52,1.04,62.8,0.67
2025-04-30,11:00,93,830.1,31.8,49.6,75.54,1.26,60.44,1.05,63.5,0.67
2025-04-30,11:15,93,807.1,31.9,49.1,75.71,1.22,60.57,1.02,61.9,0.67
2025-04-30,11:30,93,784.1,31.9,48.5,75.87,1.18,60.7,0.99,60.2,0.67
2025-04-30,11:45,93,761.0,32.0,48.0,76.04,1.15,60.83,0.96,58.5,0.67
2025-04-30,12:00,93,738.0,32.0,47.5,76.2,1.11,60.96,0.93,56.9,0.67
2025-04-30,12:15,93,717.2,32.1,47.1,76.34,1.08,61.08,0.91,55.3,0.67
2025-04-30,12:30,93,696.3,32.2,46.6,76.48,1.05,61.19,0.88,53.8,0.67
2025-04-30,12:45,93,675.5,32.3,46.2,76.62,1.02,61.3,0.85,52.3,0.67
2025-04-30,13:00,93,654.6,32.4,45.7,76.77,0.99,61.41,0.83,50.7,0.67
2025-04-30,13:15,93,623.3,32.3,44.9,77.02,0.94,61.62,0.79,48.4,0.67
2025-04-30,13:30,93,592.0,32.3,44.1,77.27,0.89,61.82,0.75,46.1,0.67
2025-04-30,13:45,93,560.7,32.3,43.3,77.53,0.84,62.02,0.71,43.8,0.67
2025-04-30,14:00,93,529.3,32.3,42.5,77.78,0.79,62.23,0.67,41.4,0.67
2025-04-30,14:15,93,482.1,32.2,41.3,78.18,0.72,62.54,0.61,37.9,0.67
2025-04-30,14:30,93,434.9,32.1,40.0,78.57,0.65,62.86,0.55,34.3,0.67
2025-04-30,14:45,93,387.7,32.1,38.8,78.97,0.58,63.17,0.49,30.7,0.67
2025-04-30,15:00,93,340.5,32.0,37.5,79.36,0.51,63.49,0.43,27.1,0.67
2025-04-30,15:15,93,299.3,31.9,36.3,79.74,0.45,63.79,0.37,23.9,0.67
2025-04-30,15:30,93,258.2,31.7,35.1,80.11,0.38,64.09,0.32,20.7,0.67
2025-04-30,15:45,93,217.0,31.5,34.0,80.49,0.32,64.39,0.27,17.4,0.67
2025-04-30,16:00,93,175.8,31.4,32.8,80.87,0.26,64.69,0.22,14.2,0.67
2025-04-30,16:15,93,141.2,31.0,31.5,81.26,0.21,65.0,0.18,11.4,0.67
2025-04-30,16:30,93,106.6,30.6,30.3,81.64,0.16,65.32,0.13,8.7,0.67
2025-04-30,16:45,93,72.0,30.3,29.1,82.03,0.11,65.63,0.09,5.9,0.67
2025-04-30,17:00,93,37.4,29.9,27.9,82.42,0.06,65.94,0.05,3.1,0.67
2025-04-30,17:15,93,28.1,29.6,27.3,82.59,0.04,66.07,0.03,2.3,0.67
2025-04-30,17:30,93,18.7,29.4,26.8,82.75,0.03,66.2,0.02,1.5,0.67
2025-04-30,17:45,93,9.4,29.1,26.3,82.92,0.01,66.33,0.01,0.8,0.67
2025-05-01,05:15,93,25.7,26.0,23.6,83.77,0.04,67.02,0.03,2.1,0.67
2025-05-01,05:30,93,47.1,26.2,24.4,83.52,0.07,66.81,0.06,3.9,0.67
2025-05-01,05:45,93,68.5,26.5,25.2,83.26,0.1,66.61,0.08,5.6,0.67
2025-05-01,06:00,93,89.9,26.8,26.0,83.01,0.13,66.41,0.11,7.4,0.67
2025-05-01,06:15,93,131.6,27.1,27.4,82.56,0.19,66.05,0.16,10.8,0.67
2025-05-01,06:30,93,173.3,27.5,28.8,82.11,0.26,65.69,0.22,14.1,0.67
2025-05-01,06:45,93,215.0,27.9,30.3,81.66,0.32,65.33,0.27,17.5,0.67
2025-05-01,07:00,93,256.7,28.3,31.7,81.21,0.38,64.97,0.32,20.8,0.67
2025-05-01,07:15,93,302.2,28.7,33.3,80.71,0.45,64.57,0.38,24.3,0.67
2025-05-01,07:30,93,347.7,29.1,34.8,80.21,0.52,64.17,0.43,27.9,0.67
2025-05-01,07:45,93,393.2,29.6,36.4,79.71,0.59,63.77,0.49,31.3,0.67
2025-05-01,08:00,93,438.6,30.0,38.0,79.22,0.66,63.37,0.55,34.8,0.67
2025-05-01,08:15,93,471.7,30.4,39.2,78.83,0.71,63.07,0.59,37.3,0.67
2025-05-01,08:30,93,504.7,30.8,40.4,78.45,0.76,62.76,0.63,39.8,0.67
2025-05-01,08:45,93,537.7,31.2,41.6,78.07,0.81,62.46,0.68,42.2,0.67
2025-05-01,09:00,93,570.8,31.5,42.8,77.69,0.86,62.15,0.72,44.6,0.67
2025-05-01,09:15,93,611.5,31.9,44.1,77.27,0.92,61.81,0.77,47.6,0.67
2025-05-01,09:30,93,652.3,32.2,45.5,76.84,0.98,61.48,0.82,50.6,0.67
2025-05-01,09:45,93,693.0,32.5,46.8,76.42,1.05,61.14,0.88,53.5,0.67
2025-05-01,10:00,93,733.8,32.8,48.2,76.0,1.11,60.8,0.93,56.4,0.67
2025-05-01,10:15,93,737.1,33.0,48.5,75.9,1.11,60.72,0.93,56.6,0.67
2025-05-01,10:30,93,740.4,33.3,48.8,75.8,1.12,60.64,0.94,56.8,0.67
2025-05-01,10:45,93,743.7,33.5,49.1,75.7,1.12,60.56,0.94,57.0,0.67
2025-05-01,11:00,93,747.0,33.7,49.4,75.6,1.13,60.48,0.95,57.2,0.67
2025-05-01,11:15,93,735.2,33.9,49.3,75.64,1.11,60.51,0.93,56.3,0.67
2025-05-01,11:30,93,723.5,34.0,49.1,75.69,1.09,60.55,0.92,55.5,0.67
2025-05-01,11:45,93,711.7,34.2,49.0,75.73,1.08,60.58,0.9,54.6,0.67
2025-05-01,12:00,93,699.9,34.4,48.9,75.77,1.06,60.62,0.89,53.7,0.67
2025-05-01,12:15,93,687.9,34.5,48.7,75.84,1.04,60.67,0.87,52.8,0.67
2025-05-01,12:30,93,675.9,34.5,48.4,75.91,1.02,60.72,0.86,51.9,0.67
2025-05-01,12:45,93,663.9,34.6,48.2,75.97,1.0,60.78,0.84,51.0,0.67
2025-05-01,13:00,93,651.9,34.7,48.0,76.04,0.98,60.83,0.82,50.1,0.67
2025-05-01,13:15,93,605.5,34.7,46.9,76.4,0.91,61.12,0.76,46.8,0.67
2025-05-01,13:30,93,559.1,34.7,45.7,76.77,0.84,61.42,0.71,43.3,0.67
2025-05-01,13:45,93,512.7,34.7,44.6,77.13,0.77,61.71,0.65,39.9,0.67
2025-05-01,14:00,93,466.4,34.8,43.4,77.5,0.7,62.0,0.59,36.4,0.67
2025-05-01,14:15,93,430.2,34.7,42.4,77.81,0.65,62.25,0.54,33.7,0.67
2025-05-01,14:30,93,394.0,34.6,41.4,78.13,0.59,62.5,0.5,30.9,0.67
2025-05-01,14:45,93,357.9,34.5,40.4,78.44,0.54,62.75,0.45,28.2,0.67
2025-05-01,15:00,93,321.7,34.4,39.4,78.75,0.48,63.0,0.4,25.4,0.67
2025-05-01,15:15,93,281.6,34.2,38.2,79.15,0.42,63.32,0.35,22.3,0.67
2025-05-01,15:30,93,241.4,33.9,37.0,79.54,0.36,63.64,0.3,19.2,0.67
2025-05-01,15:45,93,201.3,33.7,35.7,79.94,0.3,63.95,0.25,16.1,0.67
2025-05-01,16:00,93,161.1,33.4,34.5,80.33,0.24,64.27,0.2,12.9,0.67
2025-05-01,16:15,93,130.6,32.9,33.2,80.74,0.19,64.59,0.16,10.5,0.67
2025-05-01,16:30,93,100.2,32.4,31.9,81.15,0.15,64.92,0.12,8.1,0.67
2025-05-01,16:45,93,69.7,31.9,30.6,81.55,0.1,65.24,0.09,5.7,0.67
2025-05-01,17:00,93,39.2,31.3,29.3,81.96,0.06,65.57,0.05,3.2,0.67
2025-05-01,17:15,93,29.4,30.9,28.7,82.16,0.04,65.73,0.04,2.4,0.67
2025-05-01,17:30,93,19.6,30.5,28.0,82.37,0.03,65.89,0.02,1.6,0.67
2025-05-01,17:45,93,9.8,30.1,27.4,82.57,0.01,66.06,0.01,0.8,0.67
2025-05-02,05:00,93,5.1,25.8,23.0,83.97,0.01,67.18,0.01,0.4,0.67
2025-05-02,05:15,93,30.2,26.2,24.0,83.66,0.04,66.92,0.04,2.5,0.67
2025-05-02,05:30,93,55.3,26.6,25.0,83.34,0.08,66.67,0.07,4.6,0.67
2025-05-02,05:45,93,80.4,26.9,26.0,83.02,0.12,66.42,0.1,6.6,0.67
2025-05-02,06:00,93,105.5,27.3,27.0,82.71,0.16,66.17,0.13,8.6,0.67
2025-05-02,06:15,93,155.4,27.8,28.7,82.15,0.23,65.72,0.19,12.7,0.67
2025-05-02,06:30,93,205.4,28.4,30.5,81.59,0.3,65.27,0.26,16.7,0.67
2025-05-02,06:45,93,255.3,28.9,32.3,81.03,0.38,64.82,0.32,20.6,0.67
2025-05-02,07:00,93,305.2,29.4,34.0,80.47,0.45,64.37,0.38,24.5,0.67
2025-05-02,07:15,93,348.9,29.9,35.6,79.96,0.52,63.97,0.44,27.9,0.67
2025-05-02,07:30,93,392.5,30.4,37.2,79.45,0.59,63.56,0.49,31.2,0.67
2025-05-02,07:45,93,436.1,30.9,38.8,78.95,0.65,63.16,0.55,34.5,0.67
2025-05-02,08:00,93,479.7,31.4,40.4,78.44,0.72,62.75,0.6,37.8,0.67
2025-05-02,08:15,93,531.2,31.7,42.0,77.94,0.8,62.35,0.67,41.6,0.67
2025-05-02,08:30,93,582.7,32.0,43.6,77.44,0.88,61.95,0.73,45.5,0.67
2025-05-02,08:45,93,634.2,32.3,45.2,76.94,0.95,61.55,0.8,49.2,0.67
2025-05-02,09:00,93,685.7,32.6,46.7,76.44,1.03,61.15,0.87,53.0,0.67
2025-05-02,09:15,93,707.8,32.7,47.4,76.23,1.07,60.98,0.89,54.6,0.67
2025-05-02,09:30,93,729.9,32.9,48.1,76.01,1.1,60.81,0.92,56.1,0.67
2025-05-02,09:45,93,752.1,33.0,48.8,75.8,1.14,60.64,0.95,57.7,0.67
2025-05-02,10:00,93,774.2,33.1,49.5,75.58,1.17,60.47,0.98,59.3,0.67
2025-05-02,10:15,93,797.5,33.2,50.2,75.36,1.21,60.29,1.01,60.9,0.67
2025-05-02,10:30,93,820.8,33.3,50.8,75.15,1.24,60.12,1.04,62.6,0.67
2025-05-02,10:45,93,844.2,33.4,51.5,74.93,1.28,59.94,1.07,64.2,0.67
2025-05-02,11:00,93,867.5,33.5,52.2,74.71,1.32,59.77,1.1,65.8,0.67
2025-05-02,11:15,93,851.2,33.6,51.9,74.81,1.29,59.85,1.08,64.7,0.67
2025-05-02,11:30,93,834.9,33.7,51.6,74.92,1.27,59.93,1.06,63.5,0.67
2025-05-02,11:45,93,818.6,33.8,51.2,75.02,1.24,60.02,1.04,62.3,0.67
2025-05-02,12:00,93,802.3,33.9,50.9,75.12,1.21,60.1,1.02,61.2,0.67
2025-05-02,12:15,93,764.2,33.9,50.0,75.42,1.16,60.34,0.97,58.4,0.67
2025-05-02,12:30,93,726.1,33.9,49.0,75.72,1.1,60.58,0.92,55.7,0.67
2025-05-02,12:45,93,688.0,33.9,48.1,76.02,1.04,60.82,0.87,52.9,0.67
2025-05-02,13:00,93,649.8,33.9,47.1,76.32,0.98,61.06,0.82,50.1,0.67
2025-05-02,13:15,93,602.4,33.9,45.9,76.7,0.91,61.36,0.76,46.6,0.67
2025-05-02,13:30,93,555.0,33.9,44.7,77.08,0.84,61.66,0.7,43.1,0.67
2025-05-02,13:45,93,507.6,33.9,43.5,77.46,0.76,61.96,0.64,39.6,0.67
2025-05-02,14:00,93,460.2,33.9,42.4,77.83,0.69,62.27,0.58,36.0,0.67
2025-05-02,14:15,93,418.6,33.8,41.2,78.18,0.63,62.55,0.53,32.9,0.67
2025-05-02,14:30,93,377.0,33.7,40.1,78.53,0.56,62.83,0.47,29.7,0.67
2025-05-02,14:45,93,335.4,33.6,39.0,78.88,0.5,63.11,0.42,26.5,0.67
2025-05-02,15:00,93,293.9,33.6,37.9,79.23,0.44,63.39,0.37,23.3,0.67
2025-05-02,15:15,93,255.5,33.4,36.8,79.6,0.38,63.68,0.32,20.3,0.67
2025-05-02,15:30,93,217.2,33.2,35.6,79.96,0.32,63.97,0.27,17.4,0.67
2025-05-02,15:45,93,178.8,33.0,34.5,80.33,0.27,64.26,0.22,14.3,0.67
2025-05-02,16:00,93,140.4,32.8,33.3,80.69,0.21,64.55,0.18,11.3,0.67
2025-05-02,16:15,93,112.4,32.4,32.2,81.04,0.17,64.83,0.14,9.1,0.67
2025-05-02,16:30,93,84.4,32.0,31.1,81.38,0.13,65.1,0.1,6.8,0.67
2025-05-02,16:45,93,56.3,31.7,30.1,81.73,0.08,65.38,0.07,4.6,0.67
2025-05-02,17:00,93,28.3,31.3,29.0,82.07,0.04,65.66,0.04,2.3,0.67
2025-05-02,17:15,93,21.2,30.9,28.4,82.24,0.03,65.79,0.03,1.7,0.67
2025-05-02,17:30,93,14.1,30.6,27.9,82.4,0.02,65.92,0.02,1.2,0.67
2025-05-02,17:45,93,7.1,30.2,27.4,82.57,0.01,66.06,0.01,0.6,0.67
2025-05-03,05:00,93,5.5,27.0,24.2,83.59,0.01,66.87,0.01,0.5,0.67
2025-05-03,05:15,93,33.7,27.2,25.1,83.3,0.05,66.64,0.04,2.8,0.67
2025-05-03,05:30,93,62.0,27.4,26.0,83.01,0.09,66.41,0.08,5.1,0.67
2025-05-03,05:45,93,90.2,27.6,26.9,82.73,0.13,66.18,0.11,7.4,0.67
2025-05-03,06:00,93,118.5,27.8,27.8,82.44,0.18,65.95,0.15,9.7,0.67
2025-05-03,06:15,93,173.9,28.1,29.5,81.91,0.26,65.53,0.22,14.1,0.67
2025-05-03,06:30,93,229.3,28.4,31.2,81.38,0.34,65.1,0.29,18.6,0.67
2025-05-03,06:45,93,284.7,28.7,32.9,80.84,0.42,64.67,0.35,22.9,0.67
2025-05-03,07:00,93,340.1,29.0,34.5,80.31,0.51,64.25,0.42,27.3,0.67
2025-05-03,07:15,93,389.9,29.4,36.2,79.79,0.58,63.83,0.49,31.1,0.67
2025-05-03,07:30,93,439.8,29.8,37.8,79.26,0.66,63.41,0.55,34.9,0.67
2025-05-03,07:45,93,489.6,30.2,39.5,78.74,0.73,62.99,0.61,38.7,0.67
2025-05-03,08:00,93,539.4,30.6,41.1,78.22,0.81,62.58,0.68,42.4,0.67
2025-05-03,08:15,93,593.8,31.1,42.9,77.66,0.89,62.13,0.75,46.4,0.67
2025-05-03,08:30,93,648.2,31.5,44.7,77.1,0.98,61.68,0.82,50.4,0.67
2025-05-03,08:45,93,702.5,31.9,46.4,76.54,1.06,61.23,0.89,54.3,0.67
2025-05-03,09:00,93,756.9,32.3,48.2,75.98,1.14,60.78,0.96,58.2,0.67
2025-05-03,09:15,93,784.3,32.6,49.2,75.68,1.19,60.54,0.99,60.1,0.67
2025-05-03,09:30,93,811.6,32.8,50.1,75.37,1.23,60.3,1.03,62.0,0.67
2025-05-03,09:45,93,839.0,33.1,51.1,75.07,1.27,60.06,1.06,63.9,0.67
2025-05-03,10:00,93,866.4,33.4,52.0,74.77,1.31,59.82,1.1,65.8,0.67
2025-05-03,10:15,93,885.6,33.6,52.7,74.54,1.34,59.64,1.13,67.1,0.67
2025-05-03,10:30,93,904.9,33.8,53.5,74.32,1.37,59.46,1.15,68.4,0.67
2025-05-03,10:45,93,924.1,34.1,54.2,74.09,1.4,59.28,1.18,69.7,0.67
2025-05-03,11:00,93,943.4,34.3,54.9,73.87,1.43,59.09,1.2,71.0,0.67
2025-05-03,11:15,93,927.5,34.4,54.6,73.94,1.41,59.16,1.18,69.8,0.67
2025-05-03,11:30,93,911.7,34.6,54.4,74.02,1.39,59.22,1.16,68.7,0.67
2025-05-03,11:45,93,895.9,34.8,54.2,74.1,1.36,59.28,1.14,67.6,0.67
2025-05-03,12:00,93,880.0,34.9,53.9,74.17,1.34,59.34,1.12,66.4,0.67
2025-05-03,12:15,93,853.0,35.0,53.3,74.36,1.29,59.49,1.08,64.5,0.67
2025-05-03,12:30,93,826.0,35.1,52.7,74.55,1.25,59.64,1.05,62.6,0.67
2025-05-03,12:45,93,798.9,35.1,52.1,74.74,1.21,59.8,1.01,60.7,0.67
2025-05-03,13:00,93,771.9,35.2,51.5,74.93,1.17,59.95,0.98,58.7,0.67
2025-05-03,13:15,93,721.2,35.2,50.2,75.34,1.09,60.27,0.91,55.1,0.67
2025-05-03,13:30,93,670.5,35.2,49.0,75.74,1.01,60.59,0.85,51.4,0.67
2025-05-03,13:45,93,619.8,35.2,47.7,76.14,0.94,60.91,0.78,47.7,0.67
2025-05-03,14:00,93,569.1,35.2,46.4,76.54,0.86,61.23,0.72,44.0,0.67
2025-05-03,14:15,93,524.5,35.1,45.2,76.92,0.79,61.53,0.66,40.7,0.67
2025-05-03,14:30,93,479.9,35.1,44.1,77.29,0.72,61.84,0.6,37.4,0.67
2025-05-03,14:45,93,435.3,35.0,42.9,77.67,0.65,62.14,0.55,34.0,0.67
2025-05-03,15:00,93,390.8,34.9,41.7,78.05,0.59,62.44,0.49,30.7,0.67
2025-05-03,15:15,93,347.3,34.7,40.4,78.46,0.52,62.77,0.44,27.4,0.67
2025-05-03,15:30,93,303.9,34.5,39.1,78.87,0.45,63.1,0.38,24.0,0.67
2025-05-03,15:45,93,260.5,34.3,37.8,79.28,0.39,63.43,0.33,20.7,0.67
2025-05-03,16:00,93,217.0,34.0,36.5,79.69,0.32,63.76,0.27,17.3,0.67
2025-05-03,16:15,93,173.1,33.5,34.9,80.2,0.26,64.16,0.22,13.9,0.67
2025-05-03,16:30,93,129.1,33.0,33.3,80.71,0.19,64.57,0.16,10.4,0.67
2025-05-03,16:45,93,85.2,32.5,31.6,81.23,0.13,64.98,0.11,6.9,0.67
2025-05-03,17:00,93,41.2,32.0,30.0,81.74,0.06,65.39,0.05,3.3,0.67
2025-05-03,17:15,93,30.9,31.5,29.3,81.96,0.05,65.57,0.04,2.5,0.67
2025-05-03,17:30,93,20.6,31.1,28.6,82.18,0.03,65.75,0.03,1.7,0.67
2025-05-03,17:45,93,10.3,30.6,27.9,82.41,0.02,65.93,0.01,0.8,0.67
2025-05-04,05:00,93,5.2,27.0,24.1,83.6,0.01,66.88,0.01,0.4,0.67
2025-05-04,05:15,93,31.0,27.3,25.1,83.29,0.05,66.64,0.04,2.6,0.67
2025-05-04,05:30,93,56.8,27.6,26.1,82.99,0.08,66.39,0.07,4.7,0.67
2025-05-04,05:45,93,82.6,28.0,27.0,82.68,0.12,66.15,0.1,6.8,0.67
2025-05-04,06:00,93,108.4,28.3,28.0,82.38,0.16,65.9,0.13,8.9,0.67
2025-05-04,06:15,93,161.0,28.7,29.8,81.82,0.24,65.46,0.2,13.1,0.67
2025-05-04,06:30,93,213.6,29.2,31.5,81.26,0.32,65.01,0.27,17.3,0.67
2025-05-04,06:45,93,266.2,29.6,33.3,80.71,0.4,64.56,0.33,21.4,0.67
2025-05-04,07:00,93,318.9,30.1,35.0,80.15,0.48,64.12,0.4,25.5,0.67
2025-05-04,07:15,93,375.2,30.6,37.0,79.54,0.56,63.63,0.47,29.9,0.67
2025-05-04,07:30,93,431.5,31.1,38.9,78.93,0.65,63.15,0.54,34.1,0.67
2025-05-04,07:45,93,487.8,31.6,40.8,78.32,0.73,62.66,0.61,38.4,0.67
2025-05-04,08:00,93,544.1,32.1,42.7,77.72,0.82,62.17,0.68,42.6,0.67
2025-05-04,08:15,93,589.1,32.5,44.2,77.24,0.89,61.79,0.74,45.9,0.67
2025-05-04,08:30,93,634.0,32.9,45.7,76.76,0.96,61.41,0.8,49.1,0.67
2025-05-04,08:45,93,678.9,33.3,47.3,76.28,1.02,61.02,0.86,52.4,0.67
2025-05-04,09:00,93,723.8,33.7,48.8,75.8,1.09,60.64,0.92,55.5,0.67
2025-05-04,09:15,93,757.2,33.9,49.8,75.46,1.15,60.37,0.96,57.9,0.67
2025-05-04,09:30,93,790.5,34.2,50.9,75.12,1.2,60.09,1.0,60.2,0.67
2025-05-04,09:45,93,823.8,34.4,52.0,74.78,1.25,59.82,1.05,62.6,0.67
2025-05-04,10:00,93,857.2,34.7,53.1,74.43,1.3,59.55,1.09,64.9,0.67
2025-05-04,10:15,93,876.9,34.8,53.7,74.23,1.33,59.38,1.12,66.2,0.67
2025-05-04,10:30,93,896.5,35.0,54.4,74.03,1.36,59.22,1.14,67.6,0.67
2025-05-04,10:45,93,916.2,35.1,55.0,73.82,1.39,59.06,1.17,68.9,0.67
2025-05-04,11:00,93,935.9,35.3,55.7,73.62,1.42,58.89,1.19,70.2,0.67
2025-05-04,11:15,93,915.1,35.4,55.2,73.75,1.39,59.0,1.17,68.8,0.67
2025-05-04,11:30,93,894.2,35.5,54.8,73.88,1.36,59.11,1.14,67.3,0.67
2025-05-04,11:45,93,873.4,35.6,54.4,74.01,1.33,59.21,1.11,65.8,0.67
2025-05-04,12:00,93,852.6,35.7,54.0,74.15,1.29,59.32,1.08,64.3,0.67
2025-05-04,12:15,93,826.0,35.7,53.4,74.34,1.25,59.47,1.05,62.5,0.67
2025-05-04,12:30,93,799.4,35.8,52.8,74.53,1.21,59.63,1.02,60.6,0.67
2025-05-04,12:45,93,772.9,35.8,52.2,74.73,1.17,59.78,0.98,58.7,0.67
2025-05-04,13:00,93,746.3,35.9,51.5,74.92,1.13,59.94,0.95,56.8,0.67
2025-05-04,13:15,93,683.4,35.9,50.0,75.42,1.03,60.33,0.87,52.2,0.67
2025-05-04,13:30,93,620.5,35.9,48.4,75.91,0.94,60.73,0.79,47.7,0.67
2025-05-04,13:45,93,557.6,35.9,46.9,76.41,0.84,61.12,0.7,43.1,0.67
2025-05-04,14:00,93,494.8,35.9,45.3,76.9,0.75,61.52,0.62,38.4,0.67
2025-05-04,14:15,93,444.5,35.9,44.0,77.31,0.67,61.85,0.56,34.6,0.67
2025-05-04,14:30,93,394.3,35.9,42.7,77.71,0.59,62.17,0.5,30.8,0.67
2025-05-04,14:45,93,344.1,35.8,41.5,78.12,0.52,62.5,0.43,27.0,0.67
2025-05-04,15:00,93,293.9,35.8,40.2,78.53,0.44,62.82,0.37,23.2,0.67
2025-05-04,15:15,93,255.6,35.7,39.1,78.87,0.38,63.1,0.32,20.2,0.67
2025-05-04,15:30,93,217.3,35.5,38.0,79.22,0.32,63.38,0.27,17.2,0.67
2025-05-04,15:45,93,179.0,35.4,36.9,79.57,0.27,63.66,0.22,14.3,0.67
2025-05-04,16:00,93,140.7,35.2,35.8,79.92,0.21,63.94,0.18,11.2,0.67
2025-05-04,16:15,93,113.1,34.8,34.6,80.29,0.17,64.24,0.14,9.1,0.67
2025-05-04,16:30,93,85.5,34.3,33.4,80.67,0.13,64.53,0.11,6.9,0.67
2025-05-04,16:45,93,57.9,33.8,32.2,81.04,0.09,64.83,0.07,4.7,0.67
2025-05-04,17:00,93,30.3,33.3,31.0,81.41,0.04,65.13,0.04,2.5,0.67
2025-05-04,17:15,93,22.7,32.8,30.3,81.64,0.03,65.31,0.03,1.8,0.67
2025-05-04,17:30,93,15.1,32.3,29.6,81.86,0.02,65.49,0.02,1.2,0.67
2025-05-04,17:45,93,7.6,31.8,28.9,82.08,0.01,65.66,0.01,0.6,0.67
2025-05-05,05:00,93,5.7,26.9,24.0,83.64,0.01,66.91,0.01,0.5,0.67
2025-05-05,05:15,93,33.2,27.1,24.9,83.35,0.05,66.68,0.04,2.7,0.67
2025-05-05,05:30,93,60.7,27.3,25.8,83.07,0.09,66.45,0.08,5.0,0.67
2025-05-05,05:45,93,88.2,27.5,26.7,82.78,0.13,66.22,0.11,7.2,0.67
2025-05-05,06:00,93,115.8,27.8,27.6,82.49,0.17,65.99,0.14,9.5,0.67
2025-05-05,06:15,93,168.1,28.1,29.3,81.98,0.25,65.58,0.21,13.7,0.67
2025-05-05,06:30,93,220.4,28.4,30.9,81.47,0.33,65.17,0.27,17.9,0.67
2025-05-05,06:45,93,272.7,28.7,32.5,80.96,0.41,64.77,0.34,22.0,0.67
2025-05-05,07:00,93,325.0,29.0,34.1,80.45,0.48,64.36,0.41,26.1,0.67
2025-05-05,07:15,93,373.1,29.4,35.7,79.93,0.56,63.94,0.47,29.8,0.67
2025-05-05,07:30,93,421.1,29.9,37.4,79.41,0.63,63.53,0.53,33.5,0.67
2025-05-05,07:45,93,469.2,30.3,39.0,78.89,0.7,63.11,0.59,37.1,0.67
2025-05-05,08:00,93,517.3,30.7,40.7,78.37,0.78,62.69,0.65,40.7,0.67
2025-05-05,08:15,93,569.4,31.0,42.3,77.86,0.85,62.29,0.72,44.6,0.67
2025-05-05,08:30,93,621.5,31.3,43.9,77.35,0.93,61.88,0.78,48.4,0.67
2025-05-05,08:45,93,673.6,31.7,45.5,76.84,1.01,61.47,0.85,52.2,0.67
2025-05-05,09:00,93,725.7,32.0,47.1,76.33,1.09,61.06,0.92,56.0,0.67
2025-05-05,09:15,93,761.5,32.2,48.2,75.98,1.15,60.78,0.96,58.5,0.67
2025-05-05,09:30,93,797.3,32.4,49.3,75.63,1.21,60.5,1.01,61.1,0.67
2025-05-05,09:45,93,833.1,32.6,50.4,75.28,1.26,60.22,1.06,63.6,0.67
2025-05-05,10:00,93,868.9,32.8,51.5,74.93,1.32,59.94,1.1,66.1,0.67
2025-05-05,10:15,93,882.6,33.0,52.1,74.75,1.34,59.8,1.12,67.0,0.67
2025-05-05,10:30,93,896.4,33.2,52.6,74.57,1.36,59.66,1.14,67.9,0.67
2025-05-05,10:45,93,910.2,33.5,53.2,74.39,1.38,59.52,1.16,68.8,0.67
2025-05-05,11:00,93,923.9,33.7,53.8,74.22,1.4,59.37,1.17,69.8,0.67
2025-05-05,11:15,93,907.8,33.8,53.5,74.29,1.38,59.43,1.15,68.6,0.67
2025-05-05,11:30,93,891.7,34.0,53.3,74.37,1.35,59.49,1.13,67.4,0.67
2025-05-05,11:45,93,875.5,34.2,53.1,74.44,1.33,59.55,1.11,66.3,0.67
2025-05-05,12:00,93,859.4,34.3,52.8,74.52,1.3,59.61,1.09,65.1,0.67
2025-05-05,12:15,93,824.2,34.4,52.0,74.77,1.25,59.82,1.05,62.6,0.67
2025-05-05,12:30,93,789.0,34.5,51.2,75.03,1.2,60.02,1.0,60.1,0.67
2025-05-05,12:45,93,753.8,34.6,50.4,75.28,1.14,60.23,0.96,57.5,0.67
2025-05-05,13:00,93,718.6,34.6,49.6,75.54,1.09,60.43,0.91,55.0,0.67
2025-05-05,13:15,93,671.7,34.6,48.4,75.92,1.01,60.74,0.85,51.6,0.67
2025-05-05,13:30,93,624.8,34.5,47.2,76.31,0.94,61.05,0.79,48.2,0.67
2025-05-05,13:45,93,577.9,34.5,45.9,76.7,0.87,61.36,0.73,44.7,0.67
2025-05-05,14:00,93,531.0,34.4,44.7,77.09,0.8,61.67,0.67,41.3,0.67
2025-05-05,14:15,93,480.2,34.3,43.3,77.53,0.72,62.03,0.6,37.5,0.67
2025-05-05,14:30,93,429.3,34.2,41.9,77.98,0.64,62.38,0.54,33.7,0.67
2025-05-05,14:45,93,378.5,34.0,40.5,78.42,0.57,62.74,0.48,29.8,0.67
2025-05-05,15:00,93,327.7,33.9,39.1,78.87,0.49,63.1,0.41,25.9,0.67
2025-05-05,15:15,93,286.1,33.7,37.8,79.26,0.43,63.41,0.36,22.7,0.67
2025-05-05,15:30,93,244.5,33.5,36.6,79.66,0.37,63.73,0.31,19.5,0.67
2025-05-05,15:45,93,202.8,33.3,35.3,80.06,0.3,64.05,0.25,16.2,0.67
2025-05-05,16:00,93,161.2,33.0,34.1,80.45,0.24,64.36,0.2,12.9,0.67
2025-05-05,16:15,93,128.6,32.6,32.9,80.84,0.19,64.67,0.16,10.4,0.67
2025-05-05,16:30,93,95.9,32.2,31.6,81.23,0.14,64.98,0.12,7.8,0.67
2025-05-05,16:45,93,63.2,31.8,30.4,81.62,0.09,65.29,0.08,5.1,0.67
2025-05-05,17:00,93,30.5,31.4,29.2,82.0,0.05,65.6,0.04,2.5,0.67
2025-05-05,17:15,93,22.9,31.2,28.7,82.15,0.03,65.72,0.03,1.9,0.67
2025-05-05,17:30,93,15.3,30.9,28.3,82.29,0.02,65.83,0.02,1.2,0.67
2025-05-05,17:45,93,7.6,30.6,27.8,82.43,0.01,65.94,0.01,0.6,0.67
2025-05-06,05:00,93,5.8,25.6,22.7,84.05,0.01,67.24,0.01,0.5,0.67
2025-05-06,05:15,93,33.0,26.0,23.8,83.7,0.05,66.96,0.04,2.7,0.67
2025-05-06,05:30,93,60.1,26.4,24.9,83.35,0.09,66.68,0.07,5.0,0.67
2025-05-06,05:45,93,87.2,26.9,26.1,82.99,0.13,66.39,0.11,7.2,0.67
2025-05-06,06:00,93,114.3,27.3,27.2,82.64,0.17,66.11,0.14,9.4,0.67
2025-05-06,06:15,93,167.9,27.9,29.1,82.03,0.25,65.62,0.21,13.7,0.67
2025-05-06,06:30,93,221.5,28.5,31.0,81.42,0.33,65.13,0.28,17.9,0.67
2025-05-06,06:45,93,275.1,29.1,33.0,80.81,0.41,64.65,0.34,22.2,0.67
2025-05-06,07:00,93,328.8,29.7,34.9,80.2,0.49,64.16,0.41,26.3,0.67
2025-05-06,07:15,93,379.8,30.4,36.9,79.56,0.57,63.64,0.48,30.2,0.67
2025-05-06,07:30,93,430.9,31.2,38.9,78.91,0.64,63.13,0.54,34.1,0.67
2025-05-06,07:45,93,482.0,31.9,41.0,78.27,0.72,62.62,0.61,37.9,0.67
2025-05-06,08:00,93,533.1,32.7,43.0,77.63,0.8,62.11,0.67,41.7,0.67
2025-05-06,08:15,93,574.7,33.1,44.5,77.15,0.86,61.72,0.72,44.7,0.67
2025-05-06,08:30,93,616.4,33.6,46.0,76.68,0.93,61.34,0.78,47.7,0.67
2025-05-06,08:45,93,658.0,34.1,47.5,76.2,0.99,60.96,0.83,50.7,0.67
2025-05-06,09:00,93,699.6,34.5,49.0,75.72,1.06,60.58,0.89,53.6,0.67
2025-05-06,09:15,93,732.9,34.9,50.2,75.35,1.11,60.28,0.93,56.0,0.67
2025-05-06,09:30,93,766.1,35.2,51.3,74.99,1.16,59.99,0.97,58.3,0.67
2025-05-06,09:45,93,799.4,35.5,52.5,74.62,1.21,59.7,1.02,60.6,0.67
2025-05-06,10:00,93,832.6,35.8,53.6,74.26,1.26,59.41,1.06,62.9,0.67
2025-05-06,10:15,93,843.1,36.0,54.1,74.11,1.28,59.28,1.07,63.6,0.67
2025-05-06,10:30,93,853.5,36.3,54.6,73.95,1.3,59.16,1.09,64.3,0.67
2025-05-06,10:45,93,864.0,36.5,55.1,73.8,1.31,59.04,1.1,65.0,0.67
2025-05-06,11:00,93,874.4,36.7,55.6,73.65,1.33,58.92,1.11,65.6,0.67
2025-05-06,11:15,93,823.2,36.8,54.4,74.02,1.25,59.22,1.05,62.0,0.67
2025-05-06,11:30,93,772.0,36.9,53.2,74.39,1.17,59.51,0.98,58.4,0.67
2025-05-06,11:45,93,720.8,37.0,52.0,74.76,1.09,59.81,0.92,54.7,0.67
2025-05-06,12:00,93,669.5,37.1,50.9,75.13,1.01,60.11,0.85,51.0,0.67
2025-05-06,12:15,93,648.8,37.1,50.4,75.3,0.98,60.24,0.82,49.5,0.67
2025-05-06,12:30,93,628.0,37.1,49.8,75.46,0.95,60.37,0.8,48.0,0.67
2025-05-06,12:45,93,607.3,37.1,49.3,75.63,0.92,60.5,0.77,46.5,0.67
2025-05-06,13:00,93,586.5,37.1,48.8,75.79,0.89,60.63,0.74,45.0,0.67
2025-05-06,13:15,93,549.0,37.0,47.7,76.13,0.83,60.9,0.69,42.3,0.67
2025-05-06,13:30,93,511.6,36.9,46.7,76.47,0.77,61.17,0.65,39.5,0.67
2025-05-06,13:45,93,474.1,36.8,45.6,76.8,0.71,61.44,0.6,36.7,0.67
2025-05-06,14:00,93,436.6,36.6,44.5,77.14,0.66,61.71,0.55,34.0,0.67
2025-05-06,14:15,93,400.7,36.4,43.4,77.51,0.6,62.01,0.5,31.3,0.67
2025-05-06,14:30,93,364.8,36.1,42.2,77.88,0.55,62.31,0.46,28.6,0.67
2025-05-06,14:45,93,328.9,35.8,41.0,78.26,0.49,62.61,0.41,25.9,0.67
2025-05-06,15:00,93,293.1,35.5,39.8,78.63,0.44,62.9,0.37,23.1,0.67
2025-05-06,15:15,93,255.1,35.2,38.6,79.03,0.38,63.22,0.32,20.2,0.67
2025-05-06,15:30,93,217.2,34.9,37.3,79.43,0.32,63.54,0.27,17.3,0.67
2025-05-06,15:45,93,179.3,34.6,36.1,79.83,0.27,63.86,0.22,14.3,0.67
2025-05-06,16:00,93,141.4,34.3,34.8,80.23,0.21,64.18,0.18,11.3,0.67
2025-05-06,16:15,93,113.2,33.8,33.6,80.61,0.17,64.49,0.14,9.1,0.67
2025-05-06,16:30,93,84.9,33.3,32.4,80.99,0.13,64.79,0.11,6.9,0.67
2025-05-06,16:45,93,56.7,32.8,31.2,81.37,0.08,65.09,0.07,4.6,0.67
2025-05-06,17:00,93,28.4,32.3,30.0,81.75,0.04,65.4,0.04,2.3,0.67
2025-05-06,17:15,93,21.3,31.8,29.4,81.94,0.03,65.56,0.03,1.7,0.67
2025-05-06,17:30,93,14.2,31.4,28.8,82.14,0.02,65.71,0.02,1.2,0.67
2025-05-06,17:45,93,7.1,31.0,28.1,82.34,0.01,65.87,0.01,0.6,0.67
2025-05-07,05:00,93,5.5,26.1,23.2,83.89,0.01,67.11,0.01,0.5,0.67
2025-05-07,05:15,93,27.6,26.3,24.0,83.65,0.04,66.92,0.03,2.3,0.67
2025-05-07,05:30,93,49.6,26.5,24.7,83.41,0.07,66.73,0.06,4.1,0.67
2025-05-07,05:45,93,71.6,26.7,25.5,83.18,0.11,66.54,0.09,5.9,0.67
2025-05-07,06:00,93,93.7,26.9,26.2,82.94,0.14,66.35,0.12,7.7,0.67
2025-05-07,06:15,93,135.9,27.2,27.6,82.52,0.2,66.01,0.17,11.1,0.67
2025-05-07,06:30,93,178.2,27.4,28.9,82.09,0.26,65.68,0.22,14.5,0.67
2025-05-07,06:45,93,220.5,27.7,30.2,81.67,0.33,65.34,0.27,17.9,0.67
2025-05-07,07:00,93,262.8,28.0,31.6,81.25,0.39,65.0,0.33,21.3,0.67
2025-05-07,07:15,93,309.4,28.5,33.2,80.73,0.46,64.58,0.39,24.9,0.67
2025-05-07,07:30,93,355.9,29.0,34.9,80.21,0.53,64.17,0.44,28.5,0.67
2025-05-07,07:45,93,402.5,29.4,36.5,79.69,0.6,63.75,0.5,32.1,0.67
2025-05-07,08:00,93,449.0,29.9,38.1,79.17,0.67,63.33,0.56,35.6,0.67
2025-05-07,08:15,93,481.1,30.3,39.3,78.79,0.72,63.03,0.6,38.0,0.67
2025-05-07,08:30,93,513.2,30.7,40.5,78.41,0.77,62.73,0.64,40.4,0.67
2025-05-07,08:45,93,545.4,31.1,41.7,78.03,0.82,62.42,0.69,42.8,0.67
2025-05-07,09:00,93,577.5,31.5,42.9,77.65,0.87,62.12,0.73,45.1,0.67
2025-05-07,09:15,93,617.7,31.7,44.2,77.26,0.93,61.81,0.78,48.1,0.67
2025-05-07,09:30,93,657.8,32.0,45.4,76.87,0.99,61.49,0.83,51.0,0.67
2025-05-07,09:45,93,698.0,32.2,46.6,76.47,1.05,61.18,0.88,53.9,0.67
2025-05-07,10:00,93,738.1,32.4,47.9,76.08,1.11,60.87,0.93,56.8,0.67
2025-05-07,10:15,93,771.6,32.5,48.8,75.78,1.17,60.63,0.98,59.2,0.67
2025-05-07,10:30,93,805.0,32.7,49.8,75.48,1.22,60.39,1.02,61.6,0.67
2025-05-07,10:45,93,838.5,32.8,50.7,75.18,1.27,60.14,1.06,63.9,0.67
2025-05-07,11:00,93,871.9,32.9,51.7,74.88,1.32,59.9,1.11,66.3,0.67
2025-05-07,11:15,93,851.5,32.9,51.2,75.03,1.29,60.02,1.08,64.8,0.67
2025-05-07,11:30,93,831.0,33.0,50.7,75.18,1.26,60.14,1.05,63.4,0.67
2025-05-07,11:45,93,810.6,33.0,50.3,75.33,1.23,60.26,1.03,61.9,0.67
2025-05-07,12:00,93,790.2,33.0,49.8,75.48,1.2,60.38,1.0,60.4,0.67
2025-05-07,12:15,93,764.7,33.0,49.1,75.68,1.16,60.55,0.97,58.6,0.67
2025-05-07,12:30,93,739.2,33.0,48.5,75.89,1.12,60.71,0.94,56.8,0.67
2025-05-07,12:45,93,713.7,33.0,47.8,76.1,1.08,60.88,0.9,54.9,0.67
2025-05-07,13:00,93,688.2,33.0,47.2,76.31,1.04,61.04,0.87,53.1,0.67
2025-05-07,13:15,93,627.9,32.9,45.6,76.8,0.95,61.44,0.79,48.7,0.67
2025-05-07,13:30,93,567.6,32.8,44.0,77.3,0.85,61.84,0.71,44.2,0.67
2025-05-07,13:45,93,507.2,32.8,42.5,77.8,0.76,62.24,0.64,39.7,0.67
2025-05-07,14:00,93,446.9,32.7,40.9,78.3,0.67,62.64,0.56,35.2,0.67
2025-05-07,14:15,93,384.6,32.6,39.2,78.82,0.58,63.06,0.48,30.4,0.67
2025-05-07,14:30,93,322.3,32.5,37.6,79.35,0.48,63.48,0.4,25.6,0.67
2025-05-07,14:45,93,260.0,32.4,35.9,79.88,0.39,63.9,0.32,20.8,0.67
2025-05-07,15:00,93,197.8,32.3,34.2,80.4,0.29,64.32,0.25,15.9,0.67
2025-05-07,15:15,93,173.8,32.1,33.4,80.66,0.26,64.53,0.22,14.0,0.67
2025-05-07,15:30,93,149.9,31.9,32.6,80.92,0.22,64.73,0.19,12.1,0.67
2025-05-07,15:45,93,125.9,31.7,31.8,81.17,0.19,64.94,0.16,10.2,0.67
2025-05-07,16:00,93,102.0,31.4,31.0,81.43,0.15,65.15,0.13,8.3,0.67
2025-05-07,16:15,93,82.3,31.0,30.1,81.72,0.12,65.38,0.1,6.7,0.67
2025-05-07,16:30,93,62.6,30.6,29.1,82.02,0.09,65.61,0.08,5.1,0.67
2025-05-07,16:45,93,42.9,30.1,28.2,82.31,0.06,65.85,0.05,3.5,0.67
2025-05-07,17:00,93,23.1,29.7,27.3,82.6,0.03,66.08,0.03,1.9,0.67
2025-05-07,17:15,93,17.4,29.4,26.8,82.76,0.03,66.21,0.02,1.4,0.67
2025-05-07,17:30,93,11.6,29.0,26.3,82.92,0.02,66.33,0.01,1.0,0.67
2025-05-07,17:45,93,5.8,28.6,25.8,83.08,0.01,66.46,0.01,0.5,0.67
2025-05-08,05:00,93,6.4,24.6,21.8,84.34,0.01,67.47,0.01,0.5,0.67
2025-05-08,05:15,93,35.5,25.1,22.9,83.98,0.05,67.18,0.04,2.9,0.67
2025-05-08,05:30,93,64.5,25.5,24.1,83.62,0.1,66.9,0.08,5.3,0.67
2025-05-08,05:45,93,93.5,25.9,25.2,83.26,0.14,66.61,0.12,7.7,0.67
2025-05-08,06:00,93,122.6,26.3,26.3,82.9,0.18,66.32,0.15,10.1,0.67
2025-05-08,06:15,93,176.6,27.0,28.4,82.26,0.26,65.81,0.22,14.4,0.67
2025-05-08,06:30,93,230.6,27.6,30.4,81.62,0.34,65.29,0.29,18.7,0.67
2025-05-08,06:45,93,284.6,28.3,32.4,80.97,0.42,64.78,0.35,23.0,0.67
2025-05-08,07:00,93,338.6,29.0,34.5,80.33,0.5,64.26,0.42,27.2,0.67
2025-05-08,07:15,93,388.4,29.8,36.5,79.69,0.58,63.75,0.49,31.0,0.67
2025-05-08,07:30,93,438.1,30.5,38.5,79.06,0.66,63.24,0.55,34.7,0.67
2025-05-08,07:45,93,487.9,31.3,40.5,78.42,0.73,62.73,0.61,38.4,0.67
2025-05-08,08:00,93,537.7,32.1,42.5,77.78,0.81,62.22,0.68,42.1,0.67
2025-05-08,08:15,93,580.6,32.5,44.1,77.29,0.87,61.83,0.73,45.2,0.67
2025-05-08,08:30,93,623.5,33.0,45.6,76.8,0.94,61.44,0.79,48.3,0.67
2025-05-08,08:45,93,666.4,33.5,47.1,76.31,1.01,61.05,0.84,51.4,0.67
2025-05-08,09:00,93,709.2,34.0,48.7,75.83,1.07,60.66,0.9,54.4,0.67
2025-05-08,09:15,93,733.0,34.3,49.6,75.53,1.11,60.42,0.93,56.1,0.67
2025-05-08,09:30,93,756.8,34.7,50.6,75.23,1.15,60.18,0.96,57.7,0.67
2025-05-08,09:45,93,780.5,35.0,51.5,74.92,1.18,59.94,0.99,59.4,0.67
2025-05-08,10:00,93,804.3,35.4,52.5,74.62,1.22,59.7,1.02,61.0,0.67
2025-05-08,10:15,93,837.6,35.6,53.6,74.28,1.27,59.42,1.06,63.3,0.67
2025-05-08,10:30,93,870.9,35.9,54.7,73.93,1.32,59.15,1.11,65.6,0.67
2025-05-08,10:45,93,904.1,36.2,55.8,73.59,1.38,58.87,1.15,67.8,0.67
2025-05-08,11:00,93,937.4,36.4,56.9,73.24,1.43,58.59,1.2,70.1,0.67
2025-05-08,11:15,93,919.3,36.6,56.6,73.33,1.4,58.66,1.17,68.8,0.67
2025-05-08,11:30,93,901.3,36.8,56.3,73.42,1.37,58.74,1.15,67.5,0.67
2025-05-08,11:45,93,883.2,36.9,56.0,73.51,1.34,58.81,1.13,66.2,0.67
2025-05-08,12:00,93,865.1,37.1,55.7,73.6,1.32,58.88,1.1,64.9,0.67
2025-05-08,12:15,93,841.6,37.1,55.2,73.77,1.28,59.02,1.07,63.3,0.67
2025-05-08,12:30,93,818.2,37.2,54.6,73.94,1.24,59.15,1.04,61.6,0.67
2025-05-08,12:45,93,794.7,37.2,54.1,74.11,1.21,59.29,1.01,59.9,0.67
2025-05-08,13:00,93,771.2,37.3,53.6,74.28,1.17,59.43,0.98,58.3,0.67
2025-05-08,13:15,93,723.7,37.1,52.2,74.71,1.1,59.77,0.92,54.9,0.67
2025-05-08,13:30,93,676.2,37.0,50.9,75.13,1.02,60.11,0.86,51.5,0.67
2025-05-08,13:45,93,628.6,36.8,49.5,75.56,0.95,60.45,0.8,48.1,0.67
2025-05-08,14:00,93,581.1,36.7,48.2,75.98,0.88,60.79,0.73,44.7,0.67
2025-05-08,14:15,93,532.3,36.5,46.8,76.43,0.8,61.14,0.67,41.1,0.67
2025-05-08,14:30,93,483.6,36.3,45.4,76.87,0.73,61.5,0.61,37.5,0.67
2025-05-08,14:45,93,434.8,36.1,44.0,77.32,0.65,61.86,0.55,33.9,0.67
2025-05-08,15:00,93,386.1,35.9,42.6,77.77,0.58,62.21,0.49,30.2,0.67
2025-05-08,15:15,93,340.8,35.6,41.1,78.22,0.51,62.58,0.43,26.8,0.67
2025-05-08,15:30,93,295.5,35.3,39.7,78.67,0.44,62.94,0.37,23.3,0.67
2025-05-08,15:45,93,250.2,35.0,38.3,79.13,0.37,63.3,0.31,19.8,0.67
2025-05-08,16:00,93,204.9,34.7,36.8,79.58,0.31,63.66,0.26,16.3,0.67
2025-05-08,16:15,93,163.8,34.3,35.4,80.04,0.24,64.03,0.2,13.1,0.67
2025-05-08,16:30,93,122.7,33.9,33.9,80.5,0.18,64.4,0.15,9.9,0.67
2025-05-08,16:45,93,81.7,33.4,32.5,80.96,0.12,64.77,0.1,6.6,0.67
2025-05-08,17:00,93,40.6,33.0,31.0,81.42,0.06,65.14,0.05,3.3,0.67
2025-05-08,17:15,93,30.4,32.5,30.3,81.65,0.05,65.32,0.04,2.5,0.67
2025-05-08,17:30,93,20.3,32.0,29.6,81.88,0.03,65.51,0.03,1.7,0.67
2025-05-08,17:45,93,10.1,31.6,28.8,82.12,0.02,65.69,0.01,0.8,0.67
2025-05-09,04:45,93,5.1,26.4,23.5,83.8,0.01,67.04,0.01,0.4,0.67
2025-05-09,05:00,93,6.8,26.3,23.5,83.8,0.01,67.04,0.01,0.6,0.67
2025-05-09,05:15,93,38.0,26.6,24.6,83.46,0.06,66.77,0.05,3.1,0.67
2025-05-09,05:30,93,69.1,26.9,25.6,83.12,0.1,66.5,0.09,5.7,0.67
2025-05-09,05:45,93,100.3,27.2,26.7,82.78,0.15,66.23,0.12,8.2,0.67
2025-05-09,06:00,93,131.5,27.5,27.8,82.44,0.19,65.95,0.16,10.7,0.67
2025-05-09,06:15,93,187.1,28.0,29.7,81.84,0.28,65.47,0.23,15.2,0.67
2025-05-09,06:30,93,242.8,28.6,31.6,81.23,0.36,64.99,0.3,19.6,0.67
2025-05-09,06:45,93,298.4,29.1,33.5,80.63,0.44,64.5,0.37,24.0,0.67
2025-05-09,07:00,93,354.1,29.6,35.4,80.02,0.53,64.02,0.44,28.3,0.67
2025-05-09,07:15,93,408.1,30.3,37.5,79.38,0.61,63.5,0.51,32.4,0.67
2025-05-09,07:30,93,462.1,31.0,39.5,78.73,0.69,62.99,0.58,36.5,0.67
2025-05-09,07:45,93,516.1,31.7,41.6,78.09,0.77,62.47,0.65,40.5,0.67
2025-05-09,08:00,93,570.0,32.3,43.6,77.44,0.86,61.95,0.72,44.5,0.67
2025-05-09,08:15,93,617.8,32.8,45.2,76.92,0.93,61.54,0.78,47.9,0.67
2025-05-09,08:30,93,665.5,33.2,46.9,76.41,1.0,61.12,0.84,51.4,0.67
2025-05-09,08:45,93,713.2,33.7,48.5,75.89,1.08,60.71,0.9,54.8,0.67
2025-05-09,09:00,93,760.9,34.1,50.1,75.37,1.15,60.3,0.96,58.1,0.67
2025-05-09,09:15,93,793.6,34.4,51.2,75.03,1.2,60.02,1.01,60.4,0.67
2025-05-09,09:30,93,826.3,34.6,52.3,74.69,1.25,59.75,1.05,62.7,0.67
2025-05-09,09:45,93,858.9,34.9,53.3,74.35,1.3,59.48,1.09,64.9,0.67
2025-05-09,10:00,93,891.6,35.1,54.4,74.02,1.35,59.21,1.13,67.2,0.67
2025-05-09,10:15,93,913.6,35.3,55.1,73.79,1.39,59.03,1.16,68.7,0.67
2025-05-09,10:30,93,935.5,35.5,55.8,73.56,1.42,58.85,1.19,70.2,0.67
2025-05-09,10:45,93,957.5,35.6,56.6,73.33,1.46,58.67,1.22,71.6,0.67
2025-05-09,11:00,93,979.5,35.8,57.3,73.1,1.49,58.48,1.25,73.1,0.67
2025-05-09,11:15,93,973.8,35.9,57.2,73.13,1.48,58.5,1.24,72.7,0.67
2025-05-09,11:30,93,968.0,35.9,57.1,73.15,1.47,58.52,1.24,72.3,0.67
2025-05-09,11:45,93,962.4,36.0,57.1,73.18,1.47,58.54,1.23,71.9,0.67
2025-05-09,12:00,93,956.6,36.1,57.0,73.2,1.46,58.56,1.22,71.5,0.67
2025-05-09,12:15,93,927.2,36.0,56.2,73.45,1.41,58.76,1.18,69.4,0.67
2025-05-09,12:30,93,897.8,36.0,55.4,73.7,1.37,58.96,1.14,67.4,0.67
2025-05-09,12:45,93,868.4,35.9,54.6,73.94,1.32,59.15,1.11,65.4,0.67
2025-05-09,13:00,93,839.0,35.9,53.9,74.19,1.27,59.35,1.07,63.3,0.67
2025-05-09,13:15,93,796.4,35.7,52.6,74.58,1.21,59.67,1.01,60.4,0.67
2025-05-09,13:30,93,753.8,35.5,51.4,74.97,1.14,59.98,0.96,57.4,0.67
2025-05-09,13:45,93,711.2,35.4,50.1,75.37,1.08,60.29,0.9,54.3,0.67
2025-05-09,14:00,93,668.7,35.2,48.9,75.76,1.01,60.61,0.85,51.3,0.67
2025-05-09,14:15,93,621.1,35.0,47.5,76.19,0.94,60.95,0.79,47.8,0.67
2025-05-09,14:30,93,573.5,34.9,46.2,76.62,0.86,61.29,0.72,44.4,0.67
2025-05-09,14:45,93,525.9,34.7,44.8,77.05,0.79,61.64,0.66,40.9,0.67
2025-05-09,15:00,93,478.3,34.5,43.5,77.48,0.72,61.98,0.6,37.3,0.67
2025-05-09,15:15,93,419.8,34.3,41.8,78.02,0.63,62.42,0.53,32.9,0.67
2025-05-09,15:30,93,361.2,34.0,40.1,78.56,0.54,62.85,0.45,28.5,0.67
2025-05-09,15:45,93,302.7,33.8,38.3,79.11,0.45,63.28,0.38,24.0,0.67
2025-05-09,16:00,93,244.1,33.5,36.6,79.65,0.36,63.72,0.31,19.5,0.67
2025-05-09,16:15,93,196.0,33.1,35.0,80.16,0.29,64.13,0.24,15.7,0.67
2025-05-09,16:30,93,147.8,32.7,33.4,80.67,0.22,64.54,0.18,11.9,0.67
2025-05-09,16:45,93,99.7,32.3,31.8,81.18,0.15,64.94,0.12,8.1,0.67
2025-05-09,17:00,93,51.5,31.9,30.2,81.69,0.08,65.35,0.06,4.2,0.67
2025-05-09,17:15,93,38.7,31.5,29.5,81.91,0.06,65.53,0.05,3.1,0.67
2025-05-09,17:30,93,25.8,31.1,28.8,82.13,0.04,65.71,0.03,2.1,0.67
2025-05-09,17:45,93,12.9,30.7,28.1,82.36,0.02,65.88,0.02,1.1,0.67
2025-05-10,05:00,93,6.2,27.0,24.1,83.61,0.01,66.89,0.01,0.5,0.67
2025-05-10,05:15,93,37.2,27.1,25.1,83.31,0.05,66.65,0.05,3.1,0.67
2025-05-10,05:30,93,68.2,27.3,26.0,83.01,0.1,66.41,0.08,5.6,0.67
2025-05-10,05:45,93,99.2,27.5,26.9,82.71,0.15,66.17,0.12,8.1,0.67
2025-05-10,06:00,93,130.2,27.6,27.9,82.41,0.19,65.93,0.16,10.6,0.67
2025-05-10,06:15,93,183.9,28.0,29.6,81.87,0.27,65.49,0.23,15.0,0.67
2025-05-10,06:30,93,237.7,28.4,31.4,81.32,0.35,65.05,0.3,19.2,0.67
2025-05-10,06:45,93,291.4,28.8,33.1,80.77,0.43,64.61,0.36,23.5,0.67
2025-05-10,07:00,93,345.2,29.2,34.8,80.22,0.51,64.17,0.43,27.7,0.67
2025-05-10,07:15,93,405.6,29.6,36.8,79.6,0.61,63.68,0.51,32.3,0.67
2025-05-10,07:30,93,465.9,30.1,38.7,78.98,0.7,63.18,0.58,36.9,0.67
2025-05-10,07:45,93,526.2,30.5,40.7,78.36,0.79,62.69,0.66,41.4,0.67
2025-05-10,08:00,93,586.6,31.0,42.6,77.74,0.88,62.2,0.74,45.9,0.67
2025-05-10,08:15,93,631.6,31.4,44.2,77.26,0.95,61.81,0.8,49.2,0.67
2025-05-10,08:30,93,676.5,31.8,45.7,76.78,1.02,61.42,0.85,52.4,0.67
2025-05-10,08:45,93,721.5,32.2,47.2,76.3,1.09,61.04,0.91,55.6,0.67
2025-05-10,09:00,93,766.5,32.6,48.7,75.82,1.16,60.65,0.97,58.8,0.67
2025-05-10,09:15,93,800.8,32.9,50.0,75.42,1.21,60.34,1.01,61.2,0.67
2025-05-10,09:30,93,835.2,33.3,51.2,75.03,1.27,60.02,1.06,63.6,0.67
2025-05-10,09:45,93,869.5,33.7,52.5,74.63,1.32,59.71,1.1,65.9,0.67
2025-05-10,10:00,93,903.9,34.1,53.7,74.24,1.37,59.39,1.15,68.3,0.67
2025-05-10,10:15,93,921.7,34.5,54.5,73.99,1.4,59.19,1.17,69.4,0.67
2025-05-10,10:30,93,939.5,34.8,55.3,73.73,1.43,58.99,1.2,70.6,0.67
2025-05-10,10:45,93,957.3,35.2,56.1,73.48,1.46,58.78,1.22,71.7,0.67
2025-05-10,11:00,93,975.2,35.5,56.9,73.23,1.49,58.58,1.24,72.9,0.67
2025-05-10,11:15,93,957.9,35.8,56.7,73.28,1.46,58.62,1.22,71.6,0.67
2025-05-10,11:30,93,940.6,36.1,56.6,73.32,1.43,58.66,1.2,70.4,0.67
2025-05-10,11:45,93,923.3,36.4,56.4,73.37,1.41,58.7,1.18,69.1,0.67
2025-05-10,12:00,93,906.0,36.6,56.3,73.42,1.38,58.74,1.15,67.8,0.67
2025-05-10,12:15,93,878.9,36.8,55.8,73.58,1.34,58.86,1.12,65.9,0.67
2025-05-10,12:30,93,851.8,37.0,55.3,73.73,1.3,58.98,1.08,64.0,0.67
2025-05-10,12:45,93,824.7,37.2,54.8,73.89,1.25,59.11,1.05,62.1,0.67
2025-05-10,13:00,93,797.5,37.4,54.3,74.04,1.21,59.23,1.01,60.1,0.67
2025-05-10,13:15,93,751.0,37.5,53.2,74.38,1.14,59.51,0.95,56.8,0.67
2025-05-10,13:30,93,704.5,37.6,52.2,74.73,1.07,59.78,0.89,53.5,0.67
2025-05-10,13:45,93,658.0,37.6,51.1,75.07,1.0,60.05,0.83,50.1,0.67
2025-05-10,14:00,93,611.5,37.7,50.0,75.41,0.93,60.33,0.77,46.7,0.67
2025-05-10,14:15,93,559.7,37.7,48.7,75.84,0.85,60.67,0.71,43.0,0.67
2025-05-10,14:30,93,507.9,37.6,47.3,76.26,0.77,61.01,0.64,39.2,0.67
2025-05-10,14:45,93,456.1,37.6,46.0,76.69,0.69,61.35,0.58,35.3,0.67
2025-05-10,15:00,93,404.3,37.5,44.6,77.11,0.61,61.69,0.51,31.4,0.67
2025-05-10,15:15,93,357.2,37.3,43.2,77.56,0.54,62.05,0.45,27.9,0.67
2025-05-10,15:30,93,310.1,37.1,41.8,78.01,0.47,62.4,0.39,24.3,0.67
2025-05-10,15:45,93,263.0,36.8,40.4,78.45,0.39,62.76,0.33,20.7,0.67
2025-05-10,16:00,93,215.9,36.6,39.0,78.9,0.32,63.12,0.27,17.1,0.67
2025-05-10,16:15,93,173.5,35.9,37.3,79.44,0.26,63.55,0.22,13.8,0.67
2025-05-10,16:30,93,131.2,35.3,35.6,79.98,0.2,63.98,0.16,10.5,0.67
2025-05-10,16:45,93,88.8,34.7,33.9,80.52,0.13,64.41,0.11,7.1,0.67
2025-05-10,17:00,93,46.4,34.0,32.2,81.06,0.07,64.85,0.06,3.7,0.67
2025-05-10,17:15,93,34.8,33.4,31.3,81.34,0.05,65.07,0.04,2.8,0.67
2025-05-10,17:30,93,23.2,32.8,30.4,81.61,0.03,65.29,0.03,1.9,0.67
2025-05-10,17:45,93,11.6,32.2,29.5,81.89,0.02,65.51,0.01,0.9,0.67
2025-05-11,04:45,93,5.5,26.7,23.8,83.7,0.01,66.96,0.01,0.5,0.67
2025-05-11,05:00,93,7.3,26.6,23.8,83.7,0.01,66.96,0.01,0.6,0.67
2025-05-11,05:15,93,39.9,27.0,25.0,83.34,0.06,66.67,0.05,3.3,0.67
2025-05-11,05:30,93,72.5,27.3,26.1,82.98,0.11,66.38,0.09,6.0,0.67
2025-05-11,05:45,93,105.0,27.6,27.2,82.62,0.16,66.09,0.13,8.6,0.67
2025-05-11,06:00,93,137.6,27.9,28.4,82.26,0.2,65.81,0.17,11.2,0.67
2025-05-11,06:15,93,187.7,28.5,30.2,81.7,0.28,65.36,0.23,15.2,0.67
2025-05-11,06:30,93,237.8,29.0,31.9,81.13,0.35,64.91,0.3,19.2,0.67
2025-05-11,06:45,93,288.0,29.5,33.7,80.57,0.43,64.46,0.36,23.1,0.67
2025-05-11,07:00,93,338.1,30.0,35.5,80.01,0.5,64.01,0.42,27.0,0.67
2025-05-11,07:15,93,390.5,30.6,37.4,79.4,0.58,63.52,0.49,31.0,0.67
2025-05-11,07:30,93,442.9,31.2,39.3,78.79,0.66,63.03,0.56,35.0,0.67
2025-05-11,07:45,93,495.4,31.9,41.2,78.18,0.74,62.55,0.62,38.9,0.67
2025-05-11,08:00,93,547.8,32.5,43.2,77.58,0.82,62.06,0.69,42.8,0.67
2025-05-11,08:15,93,594.9,33.0,44.8,77.04,0.9,61.63,0.75,46.2,0.67
2025-05-11,08:30,93,642.0,33.5,46.5,76.51,0.97,61.21,0.81,49.6,0.67
2025-05-11,08:45,93,689.1,34.0,48.2,75.98,1.04,60.78,0.87,53.0,0.67
2025-05-11,09:00,93,736.1,34.5,49.9,75.45,1.11,60.36,0.93,56.3,0.67
2025-05-11,09:15,93,770.3,34.9,51.1,75.06,1.17,60.05,0.98,58.7,0.67
2025-05-11,09:30,93,804.5,35.2,52.4,74.67,1.22,59.73,1.02,61.0,0.67
2025-05-11,09:45,93,838.6,35.6,53.6,74.28,1.27,59.42,1.07,63.4,0.67
2025-05-11,10:00,93,872.8,36.0,54.8,73.89,1.33,59.11,1.11,65.7,0.67
2025-05-11,10:15,93,890.3,36.3,55.5,73.66,1.35,58.93,1.13,66.8,0.67
2025-05-11,10:30,93,907.8,36.5,56.2,73.44,1.38,58.75,1.16,68.0,0.67
2025-05-11,10:45,93,925.2,36.8,57.0,73.21,1.41,58.57,1.18,69.1,0.67
2025-05-11,11:00,93,942.7,37.1,57.7,72.98,1.44,58.39,1.2,70.3,0.67
2025-05-11,11:15,93,937.2,37.2,57.7,72.98,1.43,58.38,1.2,69.8,0.67
2025-05-11,11:30,93,931.6,37.4,57.7,72.98,1.42,58.38,1.19,69.4,0.67
2025-05-11,11:45,93,926.1,37.6,57.7,72.97,1.41,58.38,1.18,69.0,0.67
2025-05-11,12:00,93,920.5,37.7,57.7,72.97,1.4,58.38,1.18,68.6,0.67
2025-05-11,12:15,93,886.4,37.7,56.9,73.24,1.35,58.59,1.13,66.2,0.67
2025-05-11,12:30,93,852.2,37.7,56.0,73.5,1.3,58.8,1.09,63.9,0.67
2025-05-11,12:45,93,818.0,37.7,55.2,73.77,1.24,59.02,1.04,61.5,0.67
2025-05-11,13:00,93,783.9,37.7,54.3,74.04,1.19,59.23,1.0,59.1,0.67
2025-05-11,13:15,93,745.7,37.6,53.2,74.38,1.13,59.51,0.95,56.4,0.67
2025-05-11,13:30,93,707.6,37.5,52.2,74.73,1.07,59.78,0.9,53.7,0.67
2025-05-11,13:45,93,669.4,37.3,51.1,75.07,1.01,60.06,0.85,51.0,0.67
2025-05-11,14:00,93,631.3,37.2,50.0,75.42,0.96,60.33,0.8,48.3,0.67
2025-05-11,14:15,93,580.7,37.0,48.5,75.88,0.88,60.7,0.73,44.6,0.67
2025-05-11,14:30,93,530.2,36.8,47.1,76.34,0.8,61.07,0.67,40.9,0.67
2025-05-11,14:45,93,479.6,36.6,45.6,76.8,0.72,61.44,0.61,37.2,0.67
2025-05-11,15:00,93,429.1,36.4,44.1,77.27,0.65,61.81,0.54,33.4,0.67
2025-05-11,15:15,93,376.7,36.2,42.6,77.76,0.57,62.21,0.47,29.5,0.67
2025-05-11,15:30,93,324.3,35.9,41.0,78.26,0.49,62.61,0.41,25.5,0.67
2025-05-11,15:45,93,271.9,35.6,39.4,78.76,0.41,63.01,0.34,21.5,0.67
2025-05-11,16:00,93,219.5,35.4,37.8,79.26,0.33,63.41,0.27,17.4,0.67
2025-05-11,16:15,93,176.9,34.9,36.3,79.75,0.26,63.8,0.22,14.1,0.67
2025-05-11,16:30,93,134.3,34.4,34.8,80.23,0.2,64.19,0.17,10.8,0.67
2025-05-11,16:45,93,91.7,33.9,33.2,80.72,0.14,64.57,0.11,7.4,0.67
2025-05-11,17:00,93,49.0,33.5,31.7,81.2,0.07,64.96,0.06,4.0,0.67
2025-05-11,17:15,93,36.8,33.0,30.9,81.45,0.05,65.16,0.05,3.0,0.67
2025-05-11,17:30,93,24.5,32.5,30.2,81.69,0.04,65.35,0.03,2.0,0.67
2025-05-11,17:45,93,12.3,32.1,29.4,81.94,0.02,65.55,0.02,1.0,0.67
2025-05-12,04:45,93,5.8,27.1,24.3,83.56,0.01,66.84,0.01,0.5,0.67
2025-05-12,05:00,93,7.7,27.1,24.3,83.55,0.01,66.84,0.01,0.6,0.67
2025-05-12,05:15,93,42.7,27.4,25.4,83.19,0.06,66.56,0.05,3.5,0.67
2025-05-12,05:30,93,77.8,27.6,26.5,82.84,0.11,66.27,0.1,6.4,0.67
2025-05-12,05:45,93,112.8,27.9,27.7,82.48,0.17,65.98,0.14,9.2,0.67
2025-05-12,06:00,93,147.8,28.1,28.8,82.12,0.22,65.7,0.18,12.1,0.67
2025-05-12,06:15,93,201.7,28.6,30.6,81.55,0.3,65.24,0.25,16.4,0.67
2025-05-12,06:30,93,255.5,29.0,32.4,80.98,0.38,64.78,0.32,20.6,0.67
2025-05-12,06:45,93,309.4,29.5,34.2,80.41,0.46,64.33,0.39,24.8,0.67
2025-05-12,07:00,93,363.2,29.9,36.0,79.83,0.54,63.87,0.45,29.0,0.67
2025-05-12,07:15,93,418.0,30.4,37.9,79.26,0.62,63.4,0.52,33.2,0.67
2025-05-12,07:30,93,472.8,30.9,39.7,78.68,0.71,62.94,0.59,37.3,0.67
2025-05-12,07:45,93,527.6,31.3,41.5,78.1,0.79,62.48,0.66,41.4,0.67
2025-05-12,08:00,93,582.4,31.8,43.3,77.52,0.88,62.01,0.73,45.5,0.67
2025-05-12,08:15,93,621.3,32.2,44.7,77.09,0.94,61.67,0.78,48.3,0.67
2025-05-12,08:30,93,660.2,32.6,46.1,76.65,0.99,61.32,0.83,51.1,0.67
2025-05-12,08:45,93,699.1,33.0,47.4,76.22,1.06,60.98,0.88,53.9,0.67
2025-05-12,09:00,93,738.0,33.4,48.8,75.79,1.12,60.63,0.93,56.6,0.67
2025-05-12,09:15,93,771.7,33.7,50.0,75.42,1.17,60.34,0.98,59.0,0.67
2025-05-12,09:30,93,805.3,34.0,51.1,75.05,1.22,60.04,1.02,61.3,0.67
2025-05-12,09:45,93,839.0,34.3,52.3,74.68,1.27,59.74,1.07,63.6,0.67
2025-05-12,10:00,93,872.6,34.7,53.5,74.31,1.32,59.44,1.11,65.9,0.67
2025-05-12,10:15,93,891.5,34.9,54.2,74.07,1.35,59.26,1.13,67.2,0.67
2025-05-12,10:30,93,910.4,35.2,55.0,73.84,1.38,59.07,1.16,68.5,0.67
2025-05-12,10:45,93,929.3,35.5,55.7,73.61,1.41,58.89,1.18,69.7,0.67
2025-05-12,11:00,93,948.2,35.7,56.4,73.38,1.44,58.7,1.21,71.0,0.67
2025-05-12,11:15,93,932.8,35.9,56.2,73.45,1.42,58.76,1.19,69.9,0.67
2025-05-12,11:30,93,917.3,36.0,56.0,73.53,1.4,58.82,1.17,68.8,0.67
2025-05-12,11:45,93,901.9,36.2,55.7,73.6,1.37,58.88,1.15,67.7,0.67
2025-05-12,12:00,93,886.5,36.3,55.5,73.67,1.35,58.94,1.13,66.6,0.67
2025-05-12,12:15,93,848.9,36.4,54.6,73.94,1.29,59.15,1.08,63.9,0.67
2025-05-12,12:30,93,811.2,36.5,53.8,74.21,1.23,59.37,1.03,61.2,0.67
2025-05-12,12:45,93,773.6,36.6,53.0,74.47,1.17,59.58,0.98,58.6,0.67
2025-05-12,13:00,93,736.0,36.7,52.1,74.74,1.12,59.79,0.93,55.9,0.67
2025-05-12,13:15,93,691.6,36.6,50.9,75.12,1.05,60.1,0.88,52.7,0.67
2025-05-12,13:30,93,647.1,36.5,49.7,75.5,0.98,60.4,0.82,49.5,0.67
2025-05-12,13:45,93,602.7,36.5,48.5,75.88,0.91,60.7,0.76,46.3,0.67
2025-05-12,14:00,93,558.2,36.4,47.3,76.26,0.84,61.01,0.71,43.0,0.67
2025-05-12,14:15,93,508.0,36.2,45.9,76.7,0.77,61.36,0.64,39.3,0.67
2025-05-12,14:30,93,457.8,36.1,44.5,77.14,0.69,61.71,0.58,35.6,0.67
2025-05-12,14:45,93,407.6,36.0,43.2,77.58,0.61,62.06,0.51,31.8,0.67
2025-05-12,15:00,93,357.3,35.8,41.8,78.02,0.54,62.41,0.45,28.0,0.67
2025-05-12,15:15,93,312.9,35.6,40.4,78.44,0.47,62.75,0.39,24.6,0.67
2025-05-12,15:30,93,268.5,35.4,39.1,78.86,0.4,63.09,0.34,21.2,0.67
2025-05-12,15:45,93,224.0,35.2,37.8,79.28,0.33,63.43,0.28,17.8,0.67
2025-05-12,16:00,93,179.6,35.0,36.4,79.71,0.27,63.76,0.22,14.3,0.67
2025-05-12,16:15,93,144.7,34.5,35.1,80.13,0.22,64.1,0.18,11.6,0.67
2025-05-12,16:30,93,109.7,34.0,33.8,80.55,0.16,64.44,0.14,8.8,0.67
2025-05-12,16:45,93,74.7,33.5,32.4,80.98,0.11,64.78,0.09,6.0,0.67
2025-05-12,17:00,93,39.8,33.1,31.1,81.4,0.06,65.12,0.05,3.2,0.67
2025-05-12,17:15,93,29.8,32.6,30.4,81.63,0.04,65.3,0.04,2.4,0.67
2025-05-12,17:30,93,19.9,32.2,29.7,81.85,0.03,65.48,0.02,1.6,0.67
2025-05-12,17:45,93,9.9,31.7,29.0,82.08,0.01,65.66,0.01,0.8,0.67
2025-05-13,04:45,93,5.6,27.7,24.8,83.38,0.01,66.7,0.01,0.5,0.67
2025-05-13,05:00,93,7.4,27.7,24.9,83.37,0.01,66.69,0.01,0.6,0.67
2025-05-13,05:15,93,39.4,27.8,25.8,83.06,0.06,66.45,0.05,3.2,0.67
2025-05-13,05:30,93,71.3,28.0,26.8,82.76,0.11,66.21,0.09,5.8,0.67
2025-05-13,05:45,93,103.2,28.2,27.7,82.46,0.15,65.97,0.13,8.4,0.67
2025-05-13,06:00,93,135.2,28.3,28.7,82.16,0.2,65.73,0.17,11.0,0.67
2025-05-13,06:15,93,184.9,28.6,30.2,81.67,0.27,65.34,0.23,15.0,0.67
2025-05-13,06:30,93,234.7,28.9,31.8,81.18,0.35,64.95,0.29,19.0,0.67
2025-05-13,06:45,93,284.4,29.2,33.3,80.69,0.42,64.56,0.35,22.9,0.67
2025-05-13,07:00,93,334.2,29.5,34.9,80.21,0.5,64.17,0.42,26.8,0.67
2025-05-13,07:15,93,386.6,29.9,36.6,79.67,0.58,63.73,0.48,30.8,0.67
2025-05-13,07:30,93,439.0,30.3,38.3,79.12,0.66,63.3,0.55,34.8,0.67
2025-05-13,07:45,93,491.3,30.7,40.0,78.58,0.74,62.87,0.62,38.8,0.67
2025-05-13,08:00,93,543.7,31.1,41.7,78.04,0.82,62.43,0.68,42.7,0.67
2025-05-13,08:15,93,584.8,31.5,43.1,77.6,0.88,62.08,0.74,45.7,0.67
2025-05-13,08:30,93,626.0,31.8,44.5,77.16,0.94,61.73,0.79,48.7,0.67
2025-05-13,08:45,93,667.1,32.2,45.9,76.72,1.01,61.37,0.84,51.7,0.67
2025-05-13,09:00,93,708.2,32.6,47.3,76.28,1.07,61.02,0.89,54.6,0.67
2025-05-13,09:15,93,738.9,32.9,48.3,75.94,1.12,60.75,0.93,56.8,0.67
2025-05-13,09:30,93,769.6,33.2,49.4,75.59,1.16,60.48,0.97,58.9,0.67
2025-05-13,09:45,93,800.2,33.5,50.5,75.25,1.21,60.2,1.01,61.1,0.67
2025-05-13,10:00,93,830.9,33.8,51.6,74.91,1.26,59.93,1.05,63.2,0.67
2025-05-13,10:15,93,855.7,34.1,52.5,74.61,1.3,59.69,1.09,64.9,0.67
2025-05-13,10:30,93,880.6,34.5,53.5,74.3,1.34,59.44,1.12,66.5,0.67
2025-05-13,10:45,93,905.4,34.8,54.5,74.0,1.38,59.2,1.15,68.2,0.67
2025-05-13,11:00,93,930.2,35.2,55.4,73.7,1.41,58.96,1.18,69.9,0.67
2025-05-13,11:15,93,917.4,35.5,55.5,73.68,1.4,58.95,1.17,68.9,0.67
2025-05-13,11:30,93,904.6,35.9,55.5,73.67,1.38,58.93,1.15,67.9,0.67
2025-05-13,11:45,93,891.8,36.3,55.6,73.65,1.36,58.92,1.14,66.9,0.67
2025-05-13,12:00,93,878.9,36.6,55.6,73.64,1.34,58.91,1.12,66.0,0.67
2025-05-13,12:15,93,852.2,36.8,55.2,73.78,1.3,59.02,1.09,64.1,0.67
2025-05-13,12:30,93,825.5,37.1,54.7,73.92,1.25,59.14,1.05,62.1,0.67
2025-05-13,12:45,93,798.8,37.3,54.3,74.06,1.21,59.25,1.02,60.2,0.67
2025-05-13,13:00,93,772.1,37.5,53.8,74.21,1.17,59.37,0.98,58.3,0.67
2025-05-13,13:15,93,727.8,37.5,52.7,74.54,1.1,59.63,0.92,55.1,0.67
2025-05-13,13:30,93,683.5,37.6,51.7,74.88,1.04,59.9,0.87,52.0,0.67
2025-05-13,13:45,93,639.2,37.7,50.6,75.21,0.97,60.17,0.81,48.8,0.67
2025-05-13,14:00,93,594.9,37.7,49.6,75.55,0.9,60.44,0.75,45.5,0.67
2025-05-13,14:15,93,543.6,37.6,48.2,75.99,0.82,60.79,0.69,41.8,0.67
2025-05-13,14:30,93,492.3,37.5,46.8,76.43,0.74,61.14,0.62,38.0,0.67
2025-05-13,14:45,93,441.0,37.4,45.4,76.87,0.66,61.49,0.56,34.2,0.67
2025-05-13,15:00,93,389.6,37.3,44.0,77.3,0.59,61.84,0.49,30.4,0.67
2025-05-13,15:15,93,341.8,37.0,42.6,77.77,0.51,62.21,0.43,26.7,0.67
2025-05-13,15:30,93,294.0,36.8,41.1,78.23,0.44,62.58,0.37,23.1,0.67
2025-05-13,15:45,93,246.2,36.5,39.7,78.69,0.37,62.95,0.31,19.4,0.67
2025-05-13,16:00,93,198.3,36.2,38.2,79.15,0.3,63.32,0.25,15.7,0.67
2025-05-13,16:15,93,160.2,35.8,36.8,79.6,0.24,63.68,0.2,12.8,0.67
2025-05-13,16:30,93,122.0,35.3,35.3,80.06,0.18,64.05,0.15,9.8,0.67
2025-05-13,16:45,93,83.8,34.8,33.9,80.52,0.12,64.41,0.1,6.7,0.67
2025-05-13,17:00,93,45.6,34.3,32.4,80.98,0.07,64.78,0.06,3.7,0.67
2025-05-13,17:15,93,34.2,33.7,31.5,81.26,0.05,65.01,0.04,2.8,0.67
2025-05-13,17:30,93,22.8,33.1,30.6,81.55,0.03,65.24,0.03,1.8,0.67
2025-05-13,17:45,93,11.4,32.4,29.7,81.83,0.02,65.46,0.01,0.9,0.67
2025-05-14,04:45,93,5.8,27.4,24.6,83.46,0.01,66.77,0.01,0.5,0.67
2025-05-14,05:00,93,7.8,27.4,24.6,83.45,0.01,66.76,0.01,0.6,0.67
2025-05-14,05:15,93,41.4,27.6,25.6,83.14,0.06,66.51,0.05,3.4,0.67
2025-05-14,05:30,93,75.0,27.7,26.6,82.83,0.11,66.27,0.09,6.2,0.67
2025-05-14,05:45,93,108.6,27.8,27.5,82.52,0.16,66.02,0.13,8.9,0.67
2025-05-14,06:00,93,142.2,28.0,28.5,82.21,0.21,65.77,0.18,11.6,0.67
2025-05-14,06:15,93,197.0,28.2,30.1,81.71,0.29,65.37,0.24,16.0,0.67
2025-05-14,06:30,93,251.8,28.4,31.7,81.21,0.37,64.96,0.31,20.4,0.67
2025-05-14,06:45,93,306.5,28.6,33.3,80.7,0.46,64.56,0.38,24.7,0.67
2025-05-14,07:00,93,361.3,28.9,34.9,80.2,0.54,64.16,0.45,28.9,0.67
2025-05-14,07:15,93,416.8,29.2,36.6,79.65,0.62,63.72,0.52,33.2,0.67
2025-05-14,07:30,93,472.4,29.5,38.4,79.1,0.71,63.28,0.59,37.4,0.67
2025-05-14,07:45,93,527.9,29.9,40.1,78.55,0.79,62.84,0.66,41.6,0.67
2025-05-14,08:00,93,583.5,30.2,41.8,78.0,0.88,62.4,0.73,45.8,0.67
2025-05-14,08:15,93,620.9,30.6,43.2,77.58,0.93,62.06,0.78,48.5,0.67
2025-05-14,08:30,93,658.2,31.0,44.5,77.16,0.99,61.73,0.83,51.2,0.67
2025-05-14,08:45,93,695.6,31.4,45.8,76.74,1.05,61.39,0.88,53.9,0.67
2025-05-14,09:00,93,732.9,31.8,47.1,76.32,1.11,61.06,0.93,56.5,0.67
2025-05-14,09:15,93,752.0,32.1,47.9,76.07,1.14,60.86,0.95,57.9,0.67
2025-05-14,09:30,93,771.0,32.4,48.7,75.83,1.16,60.66,0.98,59.2,0.67
2025-05-14,09:45,93,790.0,32.7,49.5,75.58,1.19,60.47,1.0,60.5,0.67
2025-05-14,10:00,93,809.1,33.0,50.2,75.34,1.22,60.27,1.03,61.8,0.67
2025-05-14,10:15,93,803.9,33.2,50.3,75.31,1.22,60.25,1.02,61.4,0.67
2025-05-14,10:30,93,798.6,33.5,50.4,75.28,1.21,60.22,1.01,61.0,0.67
2025-05-14,10:45,93,793.4,33.7,50.5,75.24,1.2,60.19,1.01,60.5,0.67
2025-05-14,11:00,93,788.2,33.9,50.6,75.21,1.19,60.17,1.0,60.1,0.67
2025-05-14,11:15,93,743.7,34.1,49.7,75.51,1.12,60.41,0.94,56.9,0.67
2025-05-14,11:30,93,699.3,34.2,48.7,75.81,1.06,60.65,0.88,53.7,0.67
2025-05-14,11:45,93,654.9,34.4,47.8,76.11,0.99,60.89,0.83,50.4,0.67
2025-05-14,12:00,93,610.4,34.6,46.8,76.42,0.92,61.13,0.77,47.1,0.67
2025-05-14,12:15,93,602.9,34.6,46.7,76.46,0.91,61.17,0.76,46.6,0.67
2025-05-14,12:30,93,595.3,34.6,46.5,76.51,0.9,61.21,0.75,46.0,0.67
2025-05-14,12:45,93,587.8,34.7,46.4,76.56,0.89,61.25,0.74,45.5,0.67
2025-05-14,13:00,93,580.3,34.7,46.2,76.6,0.87,61.28,0.73,44.9,0.67
2025-05-14,13:15,93,555.8,34.7,45.6,76.81,0.84,61.45,0.7,43.1,0.67
2025-05-14,13:30,93,531.3,34.6,44.9,77.02,0.8,61.62,0.67,41.3,0.67
2025-05-14,13:45,93,506.9,34.6,44.3,77.23,0.76,61.78,0.64,39.5,0.67
2025-05-14,14:00,93,482.4,34.5,43.6,77.44,0.73,61.95,0.61,37.6,0.67
2025-05-14,14:15,93,419.4,34.4,41.9,77.97,0.63,62.38,0.53,32.9,0.67
2025-05-14,14:30,93,356.4,34.3,40.2,78.51,0.53,62.81,0.45,28.1,0.67
2025-05-14,14:45,93,293.3,34.2,38.5,79.04,0.44,63.23,0.37,23.2,0.67
2025-05-14,15:00,93,230.3,34.1,36.8,79.58,0.34,63.66,0.29,18.3,0.67
2025-05-14,15:15,93,201.6,33.9,35.9,79.87,0.3,63.89,0.25,16.1,0.67
2025-05-14,15:30,93,172.9,33.7,35.0,80.16,0.26,64.12,0.22,13.8,0.67
2025-05-14,15:45,93,144.2,33.5,34.1,80.44,0.21,64.36,0.18,11.6,0.67
2025-05-14,16:00,93,115.5,33.3,33.2,80.73,0.17,64.59,0.14,9.3,0.67
2025-05-14,16:15,93,93.8,32.9,32.2,81.04,0.14,64.84,0.12,7.6,0.67
2025-05-14,16:30,93,72.2,32.4,31.2,81.36,0.11,65.08,0.09,5.8,0.67
2025-05-14,16:45,93,50.5,32.0,30.2,81.67,0.07,65.33,0.06,4.1,0.67
2025-05-14,17:00,93,28.8,31.5,29.3,81.98,0.04,65.58,0.04,2.3,0.67
2025-05-14,17:15,93,21.6,31.1,28.6,82.19,0.03,65.75,0.03,1.8,0.67
2025-05-14,17:30,93,14.4,30.6,28.0,82.39,0.02,65.91,0.02,1.2,0.67
2025-05-14,17:45,93,7.2,30.1,27.3,82.6,0.01,66.08,0.01,0.6,0.67
2025-05-15,04:45,93,6.0,25.9,23.0,83.95,0.01,67.16,0.01,0.5,0.67
2025-05-15,05:00,93,8.0,25.8,23.0,83.95,0.01,67.16,0.01,0.7,0.67
2025-05-15,05:15,93,37.3,26.1,24.0,83.64,0.05,66.91,0.05,3.1,0.67
2025-05-15,05:30,93,66.6,26.4,25.0,83.32,0.1,66.66,0.08,5.5,0.67
2025-05-15,05:45,93,95.9,26.6,26.0,83.01,0.14,66.41,0.12,7.9,0.67
2025-05-15,06:00,93,125.2,26.9,27.0,82.7,0.19,66.16,0.16,10.3,0.67
2025-05-15,06:15,93,170.8,27.2,28.5,82.23,0.25,65.78,0.21,13.9,0.67
2025-05-15,06:30,93,216.4,27.5,30.0,81.76,0.32,65.41,0.27,17.6,0.67
2025-05-15,06:45,93,262.1,27.9,31.4,81.29,0.39,65.03,0.33,21.2,0.67
2025-05-15,07:00,93,307.7,28.2,32.9,80.82,0.46,64.65,0.38,24.8,0.67
2025-05-15,07:15,93,354.7,28.8,34.7,80.27,0.53,64.22,0.44,28.4,0.67
2025-05-15,07:30,93,401.6,29.3,36.4,79.72,0.6,63.78,0.5,32.0,0.67
2025-05-15,07:45,93,448.5,29.9,38.1,79.18,0.67,63.34,0.56,35.6,0.67
2025-05-15,08:00,93,495.5,30.4,39.8,78.63,0.74,62.91,0.62,39.1,0.67
2025-05-15,08:15,93,548.0,31.0,41.7,78.05,0.82,62.44,0.69,43.0,0.67
2025-05-15,08:30,93,600.6,31.5,43.5,77.46,0.9,61.97,0.76,46.9,0.67
2025-05-15,08:45,93,653.1,32.0,45.4,76.88,0.98,61.5,0.82,50.7,0.67
2025-05-15,09:00,93,705.7,32.6,47.2,76.29,1.06,61.04,0.89,54.4,0.67
2025-05-15,09:15,93,733.6,33.0,48.3,75.95,1.11,60.76,0.93,56.4,0.67
2025-05-15,09:30,93,761.5,33.4,49.4,75.6,1.15,60.48,0.96,58.3,0.67
2025-05-15,09:45,93,789.4,33.8,50.5,75.25,1.19,60.2,1.0,60.2,0.67
2025-05-15,10:00,93,817.4,34.2,51.6,74.9,1.24,59.92,1.04,62.2,0.67
2025-05-15,10:15,93,837.1,34.6,52.5,74.62,1.27,59.7,1.06,63.5,0.67
2025-05-15,10:30,93,856.8,35.0,53.4,74.34,1.3,59.47,1.09,64.8,0.67
2025-05-15,10:45,93,876.5,35.4,54.3,74.05,1.33,59.24,1.12,66.1,0.67
2025-05-15,11:00,93,896.2,35.8,55.2,73.77,1.36,59.02,1.14,67.4,0.67
2025-05-15,11:15,93,881.6,36.0,55.0,73.81,1.34,59.05,1.12,66.3,0.67
2025-05-15,11:30,93,867.1,36.2,54.9,73.86,1.32,59.09,1.1,65.2,0.67
2025-05-15,11:45,93,852.5,36.5,54.8,73.9,1.3,59.12,1.09,64.2,0.67
2025-05-15,12:00,93,838.0,36.7,54.6,73.94,1.27,59.15,1.07,63.1,0.67
2025-05-15,12:15,93,773.6,36.8,53.1,74.43,1.17,59.54,0.98,58.5,0.67
2025-05-15,12:30,93,709.2,36.8,51.6,74.91,1.07,59.93,0.9,53.9,0.67
2025-05-15,12:45,93,644.9,36.9,50.1,75.4,0.98,60.32,0.82,49.3,0.67
2025-05-15,13:00,93,580.5,37.0,48.5,75.88,0.88,60.7,0.73,44.6,0.67
2025-05-15,13:15,93,541.5,36.9,47.4,76.22,0.82,60.98,0.68,41.7,0.67
2025-05-15,13:30,93,502.5,36.8,46.4,76.57,0.76,61.25,0.63,38.9,0.67
2025-05-15,13:45,93,463.5,36.7,45.3,76.91,0.7,61.53,0.58,36.0,0.67
2025-05-15,14:00,93,424.5,36.6,44.2,77.25,0.64,61.8,0.53,33.1,0.67
2025-05-15,14:15,93,361.5,36.4,42.4,77.8,0.54,62.24,0.45,28.3,0.67
2025-05-15,14:30,93,298.6,36.2,40.7,78.36,0.45,62.68,0.37,23.5,0.67
2025-05-15,14:45,93,235.6,36.1,39.0,78.91,0.35,63.13,0.3,18.6,0.67
2025-05-15,15:00,93,172.6,35.9,37.2,79.46,0.26,63.57,0.22,13.7,0.67
2025-05-15,15:15,93,150.2,35.6,36.3,79.74,0.22,63.79,0.19,12.0,0.67
2025-05-15,15:30,93,127.7,35.3,35.5,80.01,0.19,64.01,0.16,10.2,0.67
2025-05-15,15:45,93,105.3,35.0,34.6,80.29,0.16,64.23,0.13,8.4,0.67
2025-05-15,16:00,93,82.8,34.6,33.7,80.57,0.12,64.45,0.1,6.7,0.67
2025-05-15,16:15,93,65.6,34.0,32.7,80.9,0.1,64.72,0.08,5.3,0.67
2025-05-15,16:30,93,48.5,33.4,31.6,81.22,0.07,64.98,0.06,3.9,0.67
2025-05-15,16:45,93,31.3,32.8,30.6,81.55,0.05,65.24,0.04,2.5,0.67
2025-05-15,17:00,93,14.1,32.2,29.6,81.88,0.02,65.5,0.02,1.1,0.67
2025-05-15,17:15,93,10.6,31.7,28.9,82.08,0.02,65.66,0.01,0.9,0.67
2025-05-15,17:30,93,7.1,31.1,28.3,82.27,0.01,65.82,0.01,0.6,0.67
2025-05-16,04:45,93,5.7,26.5,23.6,83.77,0.01,67.01,0.01,0.5,0.67
2025-05-16,05:00,93,7.5,26.4,23.6,83.77,0.01,67.01,0.01,0.6,0.67
2025-05-16,05:15,93,39.0,26.6,24.6,83.45,0.06,66.76,0.05,3.2,0.67
2025-05-16,05:30,93,70.5,26.8,25.6,83.14,0.1,66.51,0.09,5.8,0.67
2025-05-16,05:45,93,102.0,27.0,26.6,82.82,0.15,66.26,0.13,8.4,0.67
2025-05-16,06:00,93,133.4,27.2,27.6,82.51,0.2,66.01,0.17,10.9,0.67
2025-05-16,06:15,93,185.0,27.5,29.1,82.02,0.27,65.61,0.23,15.1,0.67
2025-05-16,06:30,93,236.6,27.8,30.7,81.52,0.35,65.22,0.29,19.2,0.67
2025-05-16,06:45,93,288.1,28.1,32.3,81.03,0.43,64.82,0.36,23.3,0.67
2025-05-16,07:00,93,339.7,28.3,33.8,80.53,0.51,64.43,0.42,27.3,0.67
2025-05-16,07:15,93,395.0,28.7,35.6,79.98,0.59,63.99,0.49,31.6,0.67
2025-05-16,07:30,93,450.4,29.0,37.3,79.43,0.67,63.55,0.56,35.8,0.67
2025-05-16,07:45,93,505.8,29.4,39.0,78.88,0.76,63.11,0.63,40.0,0.67
2025-05-16,08:00,93,561.1,29.7,40.8,78.33,0.84,62.67,0.7,44.2,0.67
2025-05-16,08:15,93,593.0,30.2,42.0,77.95,0.89,62.36,0.75,46.5,0.67
2025-05-16,08:30,93,624.8,30.6,43.2,77.57,0.94,62.05,0.79,48.8,0.67
2025-05-16,08:45,93,656.5,31.0,44.4,77.19,0.99,61.75,0.83,51.1,0.67
2025-05-16,09:00,93,688.4,31.4,45.6,76.8,1.04,61.44,0.87,53.4,0.67
2025-05-16,09:15,93,711.2,31.9,46.7,76.47,1.07,61.18,0.9,54.9,0.67
2025-05-16,09:30,93,734.0,32.3,47.7,76.14,1.11,60.91,0.93,56.5,0.67
2025-05-16,09:45,93,756.8,32.8,48.7,75.81,1.14,60.65,0.96,58.1,0.67
2025-05-16,10:00,93,779.6,33.3,49.8,75.48,1.18,60.38,0.99,59.6,0.67
2025-05-16,10:15,93,790.6,33.7,50.4,75.27,1.2,60.22,1.0,60.3,0.67
2025-05-16,10:30,93,801.6,34.1,51.1,75.07,1.21,60.05,1.02,61.1,0.67
2025-05-16,10:45,93,812.5,34.4,51.7,74.86,1.23,59.89,1.03,61.8,0.67
2025-05-16,11:00,93,823.5,34.8,52.4,74.65,1.25,59.72,1.05,62.5,0.67
2025-05-16,11:15,93,819.6,35.1,52.5,74.61,1.24,59.68,1.04,62.1,0.67
2025-05-16,11:30,93,815.7,35.3,52.7,74.56,1.24,59.65,1.04,61.8,0.67
2025-05-16,11:45,93,811.8,35.6,52.8,74.51,1.23,59.61,1.03,61.5,0.67
2025-05-16,12:00,93,807.9,35.8,53.0,74.46,1.23,59.57,1.03,61.2,0.67
2025-05-16,12:15,93,771.1,35.9,52.2,74.72,1.17,59.78,0.98,58.5,0.67
2025-05-16,12:30,93,734.4,36.0,51.4,74.98,1.11,59.98,0.93,55.9,0.67
2025-05-16,12:45,93,697.7,36.1,50.6,75.24,1.06,60.19,0.88,53.2,0.67
2025-05-16,13:00,93,661.0,36.2,49.7,75.49,1.0,60.39,0.84,50.6,0.67
2025-05-16,13:15,93,626.6,36.2,48.8,75.78,0.95,60.63,0.79,48.1,0.67
2025-05-16,13:30,93,592.2,36.1,47.9,76.07,0.89,60.86,0.75,45.6,0.67
2025-05-16,13:45,93,557.8,36.1,47.0,76.36,0.84,61.09,0.7,43.0,0.67
2025-05-16,14:00,93,523.4,36.0,46.1,76.65,0.79,61.32,0.66,40.5,0.67
2025-05-16,14:15,93,471.3,35.8,44.6,77.12,0.71,61.7,0.59,36.6,0.67
2025-05-16,14:30,93,419.1,35.6,43.1,77.6,0.63,62.08,0.53,32.7,0.67
2025-05-16,14:45,93,367.0,35.4,41.6,78.07,0.55,62.46,0.46,28.8,0.67
2025-05-16,15:00,93,314.9,35.2,40.1,78.55,0.47,62.84,0.4,24.8,0.67
2025-05-16,15:15,93,271.1,34.9,38.7,78.99,0.41,63.19,0.34,21.5,0.67
2025-05-16,15:30,93,227.3,34.6,37.3,79.43,0.34,63.54,0.28,18.1,0.67
2025-05-16,15:45,93,183.6,34.3,35.9,79.87,0.27,63.9,0.23,14.7,0.67
2025-05-16,16:00,93,139.8,34.0,34.5,80.31,0.21,64.25,0.17,11.2,0.67
2025-05-16,16:15,93,112.0,33.5,33.3,80.7,0.17,64.56,0.14,9.0,0.67
2025-05-16,16:30,93,84.1,33.0,32.1,81.08,0.13,64.86,0.1,6.8,0.67
2025-05-16,16:45,93,56.3,32.5,30.9,81.46,0.08,65.17,0.07,4.6,0.67
2025-05-16,17:00,93,28.4,32.0,29.7,81.85,0.04,65.48,0.04,2.3,0.67
2025-05-16,17:15,93,21.3,31.6,29.1,82.03,0.03,65.62,0.03,1.7,0.67
2025-05-16,17:30,93,14.2,31.2,28.5,82.21,0.02,65.77,0.02,1.2,0.67
2025-05-16,17:45,93,7.1,30.8,28.0,82.39,0.01,65.91,0.01,0.6,0.67
2025-05-17,05:15,93,19.7,26.5,24.0,83.63,0.03,66.91,0.02,1.6,0.67
2025-05-17,05:30,93,34.8,26.6,24.5,83.49,0.05,66.79,0.04,2.9,0.67
2025-05-17,05:45,93,49.8,26.7,24.9,83.35,0.07,66.68,0.06,4.1,0.67
2025-05-17,06:00,93,64.8,26.8,25.4,83.21,0.1,66.57,0.08,5.3,0.67
2025-05-17,06:15,93,87.2,26.9,26.1,83.0,0.13,66.4,0.11,7.2,0.67
2025-05-17,06:30,93,109.6,27.0,26.7,82.78,0.16,66.23,0.14,9.0,0.67
2025-05-17,06:45,93,132.0,27.1,27.4,82.57,0.2,66.06,0.16,10.8,0.67
2025-05-17,07:00,93,154.3,27.2,28.1,82.36,0.23,65.89,0.19,12.6,0.67
2025-05-17,07:15,93,152.0,27.4,28.2,82.31,0.23,65.85,0.19,12.4,0.67
2025-05-17,07:30,93,149.6,27.6,28.4,82.26,0.22,65.81,0.19,12.2,0.67
2025-05-17,07:45,93,147.2,27.9,28.5,82.21,0.22,65.77,0.18,12.0,0.67
2025-05-17,08:00,93,144.9,28.1,28.7,82.16,0.21,65.73,0.18,11.8,0.67
2025-05-17,08:15,93,175.8,28.4,29.8,81.81,0.26,65.45,0.22,14.3,0.67
2025-05-17,08:30,93,206.8,28.7,30.9,81.46,0.31,65.17,0.26,16.8,0.67
2025-05-17,08:45,93,237.7,29.1,32.0,81.11,0.35,64.89,0.3,19.2,0.67
2025-05-17,09:00,93,268.7,29.4,33.1,80.76,0.4,64.61,0.33,21.6,0.67
2025-05-17,09:15,93,319.5,29.7,34.7,80.26,0.48,64.2,0.4,25.6,0.67
2025-05-17,09:30,93,370.3,30.1,36.3,79.75,0.55,63.8,0.46,29.5,0.67
2025-05-17,09:45,93,421.1,30.4,37.9,79.24,0.63,63.39,0.53,33.4,0.67
2025-05-17,10:00,93,471.9,30.7,39.5,78.73,0.71,62.98,0.59,37.3,0.67
2025-05-17,10:15,93,489.9,30.9,40.2,78.52,0.73,62.82,0.61,38.6,0.67
2025-05-17,10:30,93,507.9,31.1,40.8,78.32,0.76,62.65,0.64,40.0,0.67
2025-05-17,10:45,93,525.9,31.3,41.5,78.11,0.79,62.49,0.66,41.3,0.67
2025-05-17,11:00,93,543.9,31.5,42.1,77.9,0.82,62.32,0.68,42.6,0.67
2025-05-17,11:15,93,534.5,31.6,42.0,77.95,0.8,62.36,0.67,41.9,0.67
2025-05-17,11:30,93,525.1,31.7,41.8,78.0,0.79,62.4,0.66,41.2,0.67
2025-05-17,11:45,93,515.8,31.8,41.7,78.05,0.77,62.44,0.65,40.5,0.67
2025-05-17,12:00,93,506.4,31.8,41.5,78.1,0.76,62.48,0.64,39.8,0.67
2025-05-17,12:15,93,496.5,31.9,41.3,78.17,0.74,62.54,0.62,39.0,0.67
2025-05-17,12:30,93,486.7,31.9,41.1,78.24,0.73,62.59,0.61,38.3,0.67
2025-05-17,12:45,93,476.8,31.9,40.8,78.31,0.71,62.65,0.6,37.5,0.67
2025-05-17,13:00,93,467.0,31.9,40.6,78.38,0.7,62.7,0.59,36.8,0.67
2025-05-17,13:15,93,439.3,32.0,40.0,78.59,0.66,62.87,0.55,34.7,0.67
2025-05-17,13:30,93,411.7,32.0,39.3,78.8,0.62,63.04,0.52,32.5,0.67
2025-05-17,13:45,93,384.0,32.1,38.7,79.0,0.57,63.2,0.48,30.4,0.67
2025-05-17,14:00,93,356.4,32.1,38.0,79.21,0.53,63.37,0.45,28.3,0.67
2025-05-17,14:15,93,349.3,32.1,37.8,79.28,0.52,63.42,0.44,27.7,0.67
2025-05-17,14:30,93,342.3,32.0,37.6,79.35,0.51,63.48,0.43,27.2,0.67
2025-05-17,14:45,93,335.3,32.0,37.4,79.41,0.5,63.53,0.42,26.7,0.67
2025-05-17,15:00,93,328.3,31.9,37.2,79.48,0.49,63.58,0.41,26.1,0.67
2025-05-17,15:15,93,289.6,31.8,36.0,79.84,0.43,63.87,0.36,23.1,0.67
2025-05-17,15:30,93,250.9,31.6,34.9,80.21,0.37,64.16,0.31,20.1,0.67
2025-05-17,15:45,93,212.2,31.4,33.7,80.57,0.32,64.45,0.26,17.1,0.67
2025-05-17,16:00,93,173.5,31.2,32.6,80.93,0.26,64.75,0.22,14.0,0.67
2025-05-17,16:15,93,139.9,30.8,31.3,81.33,0.21,65.07,0.17,11.3,0.67
2025-05-17,16:30,93,106.3,30.4,30.0,81.73,0.16,65.39,0.13,8.6,0.67
2025-05-17,16:45,93,72.7,30.0,28.8,82.13,0.11,65.71,0.09,5.9,0.67
2025-05-17,17:00,93,39.0,29.5,27.5,82.53,0.06,66.02,0.05,3.2,0.67
2025-05-17,17:15,93,29.3,29.2,26.9,82.73,0.04,66.18,0.04,2.4,0.67
2025-05-17,17:30,93,19.5,28.8,26.3,82.92,0.03,66.34,0.02,1.6,0.67
2025-05-17,17:45,93,9.8,28.4,25.7,83.12,0.01,66.5,0.01,0.8,0.67
2025-05-18,05:15,93,27.0,25.6,23.2,83.88,0.04,67.11,0.03,2.2,0.67
2025-05-18,05:30,93,49.1,25.8,24.0,83.64,0.07,66.92,0.06,4.1,0.67
2025-05-18,05:45,93,71.2,26.0,24.8,83.41,0.1,66.72,0.09,5.9,0.67
2025-05-18,06:00,93,93.2,26.2,25.5,83.17,0.14,66.53,0.12,7.7,0.67
2025-05-18,06:15,93,128.1,26.6,26.8,82.76,0.19,66.21,0.16,10.5,0.67
2025-05-18,06:30,93,162.9,27.0,28.1,82.36,0.24,65.89,0.2,13.3,0.67
2025-05-18,06:45,93,197.7,27.4,29.3,81.95,0.29,65.56,0.25,16.1,0.67
2025-05-18,07:00,93,232.6,27.8,30.6,81.55,0.35,65.24,0.29,18.9,0.67
2025-05-18,07:15,93,270.4,28.4,32.1,81.07,0.4,64.85,0.34,21.8,0.67
2025-05-18,07:30,93,308.3,28.9,33.6,80.59,0.46,64.47,0.38,24.8,0.67
2025-05-18,07:45,93,346.1,29.5,35.2,80.11,0.52,64.09,0.43,27.7,0.67
2025-05-18,08:00,93,383.9,30.1,36.7,79.63,0.57,63.71,0.48,30.6,0.67
2025-05-18,08:15,93,419.6,30.6,38.0,79.2,0.63,63.36,0.53,33.3,0.67
2025-05-18,08:30,93,455.2,31.0,39.4,78.76,0.68,63.01,0.57,36.0,0.67
2025-05-18,08:45,93,490.9,31.5,40.8,78.33,0.74,62.66,0.62,38.6,0.67
2025-05-18,09:00,93,526.5,32.0,42.2,77.9,0.79,62.32,0.66,41.3,0.67
2025-05-18,09:15,93,557.3,32.2,43.2,77.58,0.84,62.06,0.7,43.5,0.67
2025-05-18,09:30,93,588.1,32.5,44.2,77.26,0.88,61.81,0.74,45.8,0.67
2025-05-18,09:45,93,618.9,32.7,45.2,76.94,0.93,61.55,0.78,48.0,0.67
2025-05-18,10:00,93,649.6,33.0,46.2,76.62,0.98,61.29,0.82,50.3,0.67
2025-05-18,10:15,93,687.7,33.0,47.2,76.29,1.04,61.04,0.87,53.0,0.67
2025-05-18,10:30,93,725.7,33.1,48.2,75.97,1.1,60.78,0.92,55.8,0.67
2025-05-18,10:45,93,763.8,33.2,49.3,75.65,1.15,60.52,0.97,58.5,0.67
2025-05-18,11:00,93,801.8,33.2,50.3,75.32,1.21,60.26,1.02,61.2,0.67
2025-05-18,11:15,93,799.5,33.2,50.2,75.34,1.21,60.27,1.01,61.1,0.67
2025-05-18,11:30,93,797.2,33.2,50.2,75.36,1.21,60.28,1.01,60.9,0.67
2025-05-18,11:45,93,794.9,33.3,50.1,75.37,1.2,60.3,1.01,60.7,0.67
2025-05-18,12:00,93,792.6,33.3,50.1,75.39,1.2,60.31,1.0,60.6,0.67
2025-05-18,12:15,93,742.9,33.2,48.8,75.79,1.12,60.64,0.94,57.0,0.67
2025-05-18,12:30,93,693.1,33.2,47.5,76.2,1.05,60.96,0.88,53.4,0.67
2025-05-18,12:45,93,643.3,33.1,46.2,76.61,0.97,61.28,0.81,49.8,0.67
2025-05-18,13:00,93,593.5,33.1,44.9,77.01,0.89,61.61,0.75,46.1,0.67
2025-05-18,13:15,93,526.6,33.0,43.2,77.56,0.79,62.05,0.66,41.1,0.67
2025-05-18,13:30,93,459.6,33.0,41.5,78.11,0.69,62.49,0.58,36.1,0.67
2025-05-18,13:45,93,392.7,32.9,39.7,78.66,0.59,62.93,0.49,31.0,0.67
2025-05-18,14:00,93,325.7,32.9,38.0,79.21,0.49,63.37,0.41,25.8,0.67
2025-05-18,14:15,93,311.9,32.8,37.6,79.34,0.47,63.47,0.39,24.8,0.67
2025-05-18,14:30,93,298.0,32.7,37.2,79.48,0.45,63.58,0.37,23.7,0.67
2025-05-18,14:45,93,284.2,32.6,36.7,79.61,0.42,63.69,0.36,22.6,0.67
2025-05-18,15:00,93,270.4,32.6,36.3,79.74,0.4,63.79,0.34,21.6,0.67
2025-05-18,15:15,93,241.3,32.4,35.5,80.01,0.36,64.01,0.3,19.3,0.67
2025-05-18,15:30,93,212.1,32.3,34.6,80.28,0.32,64.22,0.26,17.0,0.67
2025-05-18,15:45,93,183.0,32.2,33.8,80.54,0.27,64.44,0.23,14.7,0.67
2025-05-18,16:00,93,153.9,32.1,32.9,80.81,0.23,64.65,0.19,12.4,0.67
2025-05-18,16:15,93,124.9,31.9,32.0,81.11,0.19,64.89,0.16,10.1,0.67
2025-05-18,16:30,93,95.9,31.7,31.1,81.41,0.14,65.13,0.12,7.8,0.67
2025-05-18,16:45,93,66.9,31.4,30.1,81.71,0.1,65.37,0.08,5.4,0.67
2025-05-18,17:00,93,38.0,31.2,29.2,82.0,0.06,65.6,0.05,3.1,0.67
2025-05-18,17:15,93,28.5,30.9,28.6,82.19,0.04,65.75,0.04,2.3,0.67
2025-05-18,17:30,93,19.0,30.6,28.0,82.37,0.03,65.89,0.02,1.6,0.67
2025-05-18,17:45,93,9.5,30.2,27.5,82.55,0.01,66.04,0.01,0.8,0.67
2025-05-19,05:15,93,22.7,26.5,24.0,83.64,0.03,66.91,0.03,1.9,0.67
2025-05-19,05:30,93,41.9,26.6,24.7,83.43,0.06,66.74,0.05,3.5,0.67
2025-05-19,05:45,93,61.0,26.8,25.3,83.22,0.09,66.58,0.08,5.0,0.67
2025-05-19,06:00,93,80.2,27.0,26.0,83.01,0.12,66.41,0.1,6.6,0.67
2025-05-19,06:15,93,110.1,27.5,27.2,82.62,0.16,66.09,0.14,9.0,0.67
2025-05-19,06:30,93,140.0,28.0,28.5,82.23,0.21,65.78,0.17,11.4,0.67
2025-05-19,06:45,93,169.9,28.5,29.7,81.83,0.25,65.47,0.21,13.8,0.67
2025-05-19,07:00,93,199.8,29.0,31.0,81.44,0.3,65.15,0.25,16.2,0.67
2025-05-19,07:15,93,237.6,29.5,32.4,80.98,0.35,64.78,0.3,19.2,0.67
2025-05-19,07:30,93,275.4,30.0,33.9,80.51,0.41,64.41,0.34,22.1,0.67
2025-05-19,07:45,93,313.2,30.5,35.4,80.04,0.47,64.03,0.39,25.0,0.67
2025-05-19,08:00,93,351.0,31.1,36.8,79.58,0.52,63.66,0.44,27.9,0.67
2025-05-19,08:15,93,388.9,31.5,38.2,79.13,0.58,63.31,0.49,30.8,0.67
2025-05-19,08:30,93,426.8,32.0,39.6,78.69,0.64,62.95,0.54,33.7,0.67
2025-05-19,08:45,93,464.8,32.4,41.0,78.25,0.7,62.6,0.58,36.5,0.67
2025-05-19,09:00,93,502.7,32.9,42.4,77.8,0.75,62.24,0.63,39.4,0.67
2025-05-19,09:15,93,555.0,33.2,44.1,77.28,0.83,61.83,0.7,43.2,0.67
2025-05-19,09:30,93,607.4,33.5,45.7,76.77,0.92,61.41,0.77,47.1,0.67
2025-05-19,09:45,93,659.7,33.9,47.4,76.25,1.0,61.0,0.83,50.9,0.67
2025-05-19,10:00,93,712.0,34.2,49.0,75.73,1.08,60.58,0.9,54.6,0.67
2025-05-19,10:15,93,724.4,34.4,49.5,75.56,1.1,60.45,0.92,55.5,0.67
2025-05-19,10:30,93,736.8,34.6,50.1,75.39,1.11,60.31,0.93,56.3,0.67
2025-05-19,10:45,93,749.2,34.9,50.6,75.22,1.13,60.18,0.95,57.2,0.67
2025-05-19,11:00,93,761.5,35.1,51.1,75.05,1.15,60.04,0.97,58.0,0.67
2025-05-19,11:15,93,737.5,35.2,50.6,75.21,1.12,60.17,0.94,56.3,0.67
2025-05-19,11:30,93,713.5,35.3,50.1,75.37,1.08,60.29,0.9,54.5,0.67
2025-05-19,11:45,93,689.5,35.4,49.6,75.53,1.04,60.42,0.87,52.8,0.67
2025-05-19,12:00,93,665.5,35.5,49.1,75.68,1.01,60.55,0.84,51.0,0.67
2025-05-19,12:15,93,613.8,35.5,47.9,76.09,0.93,60.87,0.78,47.2,0.67
2025-05-19,12:30,93,562.1,35.5,46.6,76.5,0.85,61.2,0.71,43.4,0.67
2025-05-19,12:45,93,510.5,35.5,45.3,76.91,0.77,61.53,0.64,39.6,0.67
2025-05-19,13:00,93,458.8,35.5,44.0,77.32,0.69,61.86,0.58,35.7,0.67
2025-05-19,13:15,93,424.1,35.3,42.9,77.66,0.64,62.13,0.53,33.2,0.67
2025-05-19,13:30,93,389.4,35.1,41.8,78.0,0.58,62.4,0.49,30.5,0.67
2025-05-19,13:45,93,354.6,34.9,40.7,78.35,0.53,62.68,0.45,27.9,0.67
2025-05-19,14:00,93,319.9,34.7,39.7,78.69,0.48,62.95,0.4,25.3,0.67
2025-05-19,14:15,93,265.1,34.4,38.0,79.2,0.4,63.36,0.33,21.0,0.67
2025-05-19,14:30,93,210.2,34.2,36.4,79.71,0.31,63.77,0.26,16.8,0.67
2025-05-19,14:45,93,155.4,33.9,34.8,80.22,0.23,64.18,0.19,12.4,0.67
2025-05-19,15:00,93,100.5,33.7,33.2,80.74,0.15,64.59,0.13,8.1,0.67
2025-05-19,15:15,93,92.2,33.3,32.6,80.91,0.14,64.73,0.11,7.4,0.67
2025-05-19,15:30,93,83.9,33.0,32.1,81.08,0.12,64.87,0.1,6.8,0.67
2025-05-19,15:45,93,75.6,32.6,31.5,81.26,0.11,65.01,0.09,6.1,0.67
2025-05-19,16:00,93,67.3,32.3,31.0,81.43,0.1,65.15,0.08,5.5,0.67
2025-05-19,16:15,93,54.3,31.8,30.2,81.7,0.08,65.36,0.07,4.4,0.67
2025-05-19,16:30,93,41.3,31.3,29.3,81.96,0.06,65.57,0.05,3.4,0.67
2025-05-19,16:45,93,28.3,30.8,28.5,82.22,0.04,65.78,0.04,2.3,0.67
2025-05-19,17:00,93,15.3,30.3,27.7,82.49,0.02,65.99,0.02,1.3,0.67
2025-05-19,17:15,93,11.5,29.8,27.1,82.67,0.02,66.14,0.01,0.9,0.67
2025-05-19,17:30,93,7.7,29.3,26.5,82.85,0.01,66.28,0.01,0.6,0.67
2025-05-20,04:45,93,5.0,25.5,22.6,84.08,0.01,67.26,0.01,0.4,0.67
2025-05-20,05:00,93,6.7,25.5,22.7,84.06,0.01,67.25,0.01,0.6,0.67
2025-05-20,05:15,93,35.3,25.7,23.6,83.77,0.05,67.01,0.04,2.9,0.67
2025-05-20,05:30,93,63.9,26.0,24.6,83.47,0.09,66.78,0.08,5.3,0.67
2025-05-20,05:45,93,92.4,26.2,25.5,83.17,0.14,66.54,0.11,7.6,0.67
2025-05-20,06:00,93,121.0,26.4,26.4,82.88,0.18,66.3,0.15,9.9,0.67
2025-05-20,06:15,93,158.8,26.7,27.7,82.48,0.24,65.98,0.2,13.0,0.67
2025-05-20,06:30,93,196.7,27.0,29.0,82.07,0.29,65.66,0.24,16.0,0.67
2025-05-20,06:45,93,234.5,27.4,30.2,81.67,0.35,65.34,0.29,19.0,0.67
2025-05-20,07:00,93,272.4,27.7,31.5,81.27,0.4,65.02,0.34,22.0,0.67
2025-05-20,07:15,93,312.8,28.1,33.0,80.81,0.47,64.65,0.39,25.2,0.67
2025-05-20,07:30,93,353.2,28.6,34.4,80.34,0.53,64.28,0.44,28.3,0.67
2025-05-20,07:45,93,393.7,29.0,35.9,79.88,0.59,63.91,0.49,31.4,0.67
2025-05-20,08:00,93,434.1,29.5,37.3,79.42,0.65,63.54,0.54,34.5,0.67
2025-05-20,08:15,93,455.9,29.9,38.3,79.12,0.68,63.3,0.57,36.1,0.67
2025-05-20,08:30,93,477.7,30.3,39.2,78.83,0.72,63.06,0.6,37.8,0.67
2025-05-20,08:45,93,499.5,30.7,40.1,78.53,0.75,62.83,0.63,39.4,0.67
2025-05-20,09:00,93,521.4,31.0,41.1,78.24,0.78,62.59,0.65,41.0,0.67
2025-05-20,09:15,93,549.9,31.3,42.1,77.92,0.83,62.34,0.69,43.1,0.67
2025-05-20,09:30,93,578.4,31.6,43.1,77.6,0.87,62.08,0.73,45.2,0.67
2025-05-20,09:45,93,606.9,31.9,44.1,77.29,0.91,61.83,0.76,47.3,0.67
2025-05-20,10:00,93,635.4,32.2,45.1,76.97,0.96,61.58,0.8,49.3,0.67
2025-05-20,10:15,93,637.9,32.4,45.4,76.88,0.96,61.5,0.8,49.5,0.67
2025-05-20,10:30,93,640.5,32.7,45.7,76.78,0.96,61.43,0.81,49.6,0.67
2025-05-20,10:45,93,643.1,32.9,46.0,76.69,0.97,61.35,0.81,49.8,0.67
2025-05-20,11:00,93,645.6,33.1,46.3,76.59,0.97,61.27,0.82,49.9,0.67
2025-05-20,11:15,93,667.0,33.4,47.1,76.34,1.01,61.07,0.84,51.5,0.67
2025-05-20,11:30,93,688.5,33.7,47.9,76.08,1.04,60.86,0.87,53.0,0.67
2025-05-20,11:45,93,709.9,33.9,48.7,75.83,1.07,60.66,0.9,54.5,0.67
2025-05-20,12:00,93,731.3,34.2,49.5,75.57,1.11,60.46,0.93,56.0,0.67
2025-05-20,12:15,93,693.4,34.4,48.8,75.81,1.05,60.64,0.88,53.2,0.67
2025-05-20,12:30,93,655.4,34.6,48.0,76.04,0.99,60.83,0.83,50.4,0.67
2025-05-20,12:45,93,617.4,34.8,47.3,76.28,0.93,61.02,0.78,47.6,0.67
2025-05-20,13:00,93,579.5,35.0,46.5,76.51,0.87,61.21,0.73,44.8,0.67
2025-05-20,13:15,93,552.7,35.0,45.9,76.72,0.83,61.38,0.7,42.8,0.67
2025-05-20,13:30,93,526.0,35.1,45.2,76.93,0.79,61.54,0.66,40.8,0.67
2025-05-20,13:45,93,499.2,35.1,44.6,77.13,0.75,61.71,0.63,38.8,0.67
2025-05-20,14:00,93,472.5,35.1,43.9,77.34,0.71,61.87,0.6,36.8,0.67
2025-05-20,14:15,93,441.4,34.9,43.0,77.64,0.66,62.11,0.56,34.5,0.67
2025-05-20,14:30,93,410.3,34.8,42.0,77.94,0.62,62.35,0.52,32.2,0.67
2025-05-20,14:45,93,379.2,34.6,41.1,78.23,0.57,62.59,0.48,29.8,0.67
2025-05-20,15:00,93,348.1,34.4,40.1,78.53,0.52,62.83,0.44,27.4,0.67
2025-05-20,15:15,93,306.2,34.1,38.8,78.97,0.46,63.18,0.38,24.2,0.67
2025-05-20,15:30,93,264.3,33.8,37.4,79.41,0.39,63.53,0.33,21.0,0.67
2025-05-20,15:45,93,222.4,33.4,36.0,79.85,0.33,63.88,0.28,17.8,0.67
2025-05-20,16:00,93,180.6,33.1,34.6,80.28,0.27,64.23,0.23,14.5,0.67
2025-05-20,16:15,93,146.5,32.5,33.2,80.74,0.22,64.59,0.18,11.8,0.67
2025-05-20,16:30,93,112.4,32.0,31.8,81.19,0.17,64.95,0.14,9.1,0.67
2025-05-20,16:45,93,78.3,31.4,30.3,81.64,0.12,65.31,0.1,6.4,0.67
2025-05-20,17:00,93,44.2,30.8,28.9,82.09,0.07,65.67,0.05,3.6,0.67
2025-05-20,17:15,93,33.2,30.3,28.1,82.34,0.05,65.88,0.04,2.7,0.67
2025-05-20,17:30,93,22.1,29.8,27.3,82.6,0.03,66.08,0.03,1.8,0.67
2025-05-20,17:45,93,11.1,29.2,26.5,82.85,0.02,66.28,0.01,0.9,0.67
2025-05-21,05:00,93,6.5,24.8,21.9,84.3,0.01,67.44,0.01,0.5,0.67
2025-05-21,05:15,93,31.3,25.0,22.8,84.02,0.05,67.21,0.04,2.6,0.67
2025-05-21,05:30,93,56.1,25.3,23.7,83.73,0.08,66.99,0.07,4.6,0.67
2025-05-21,05:45,93,81.0,25.6,24.6,83.45,0.12,66.76,0.1,6.7,0.67
2025-05-21,06:00,93,105.8,25.9,25.5,83.17,0.16,66.53,0.13,8.7,0.67
2025-05-21,06:15,93,147.1,26.4,27.1,82.67,0.22,66.14,0.18,12.1,0.67
2025-05-21,06:30,93,188.4,26.9,28.6,82.18,0.28,65.74,0.23,15.4,0.67
2025-05-21,06:45,93,229.7,27.4,30.2,81.68,0.34,65.35,0.29,18.7,0.67
2025-05-21,07:00,93,271.1,28.0,31.8,81.19,0.4,64.95,0.34,21.9,0.67
2025-05-21,07:15,93,303.8,28.7,33.3,80.71,0.45,64.57,0.38,24.5,0.67
2025-05-21,07:30,93,336.6,29.3,34.8,80.24,0.5,64.19,0.42,27.0,0.67
2025-05-21,07:45,93,369.3,30.0,36.3,79.76,0.55,63.81,0.46,29.5,0.67
2025-05-21,08:00,93,402.1,30.7,37.8,79.29,0.6,63.43,0.5,31.9,0.67
2025-05-21,08:15,93,437.2,31.1,39.1,78.87,0.65,63.1,0.55,34.6,0.67
2025-05-21,08:30,93,472.3,31.6,40.4,78.45,0.71,62.76,0.59,37.2,0.67
2025-05-21,08:45,93,507.3,32.0,41.7,78.03,0.76,62.43,0.64,39.8,0.67
2025-05-21,09:00,93,542.4,32.5,43.0,77.62,0.82,62.09,0.68,42.4,0.67
2025-05-21,09:15,93,570.1,32.8,44.1,77.29,0.86,61.83,0.72,44.4,0.67
2025-05-21,09:30,93,597.8,33.2,45.1,76.96,0.9,61.57,0.75,46.4,0.67
2025-05-21,09:45,93,625.6,33.5,46.1,76.64,0.94,61.31,0.79,48.4,0.67
2025-05-21,10:00,93,653.3,33.8,47.2,76.31,0.99,61.05,0.83,50.4,0.67
2025-05-21,10:15,93,676.7,34.1,48.0,76.03,1.02,60.83,0.86,52.1,0.67
2025-05-21,10:30,93,700.2,34.4,48.9,75.76,1.06,60.61,0.89,53.7,0.67
2025-05-21,10:45,93,723.6,34.7,49.8,75.48,1.09,60.39,0.92,55.4,0.67
2025-05-21,11:00,93,747.0,35.0,50.6,75.21,1.13,60.17,0.95,57.0,0.67
2025-05-21,11:15,93,754.9,35.2,51.0,75.09,1.14,60.07,0.96,57.5,0.67
2025-05-21,11:30,93,762.7,35.3,51.4,74.97,1.16,59.97,0.97,58.0,0.67
2025-05-21,11:45,93,770.6,35.5,51.8,74.85,1.17,59.88,0.98,58.6,0.67
2025-05-21,12:00,93,778.5,35.7,52.2,74.72,1.18,59.78,0.99,59.1,0.67
2025-05-21,12:15,93,743.6,35.8,51.4,74.98,1.13,59.99,0.94,56.6,0.67
2025-05-21,12:30,93,708.7,35.8,50.5,75.24,1.07,60.19,0.9,54.1,0.67
2025-05-21,12:45,93,673.8,35.9,49.7,75.5,1.02,60.4,0.85,51.5,0.67
2025-05-21,13:00,93,638.9,36.0,48.9,75.75,0.97,60.6,0.81,49.0,0.67
2025-05-21,13:15,93,610.3,35.8,48.1,76.02,0.92,60.82,0.77,46.9,0.67
2025-05-21,13:30,93,581.6,35.7,47.2,76.29,0.88,61.03,0.73,44.9,0.67
2025-05-21,13:45,93,553.0,35.6,46.4,76.55,0.83,61.24,0.7,42.8,0.67
2025-05-21,14:00,93,524.4,35.5,45.6,76.82,0.79,61.45,0.66,40.7,0.67
2025-05-21,14:15,93,487.0,35.2,44.3,77.2,0.73,61.76,0.61,37.9,0.67
2025-05-21,14:30,93,449.6,34.9,43.1,77.59,0.68,62.07,0.57,35.1,0.67
2025-05-21,14:45,93,412.1,34.6,41.9,77.97,0.62,62.38,0.52,32.3,0.67
2025-05-21,15:00,93,374.7,34.3,40.7,78.36,0.56,62.69,0.47,29.5,0.67
2025-05-21,15:15,93,329.1,34.0,39.2,78.84,0.49,63.07,0.41,26.0,0.67
2025-05-21,15:30,93,283.5,33.6,37.7,79.32,0.42,63.45,0.35,22.5,0.67
2025-05-21,15:45,93,237.9,33.2,36.1,79.8,0.36,63.84,0.3,19.0,0.67
2025-05-21,16:00,93,192.3,32.8,34.6,80.28,0.29,64.22,0.24,15.4,0.67
2025-05-21,16:15,93,155.4,32.2,33.1,80.75,0.23,64.6,0.19,12.5,0.67
2025-05-21,16:30,93,118.5,31.7,31.6,81.23,0.18,64.98,0.15,9.6,0.67
2025-05-21,16:45,93,81.6,31.1,30.1,81.7,0.12,65.36,0.1,6.6,0.67
2025-05-21,17:00,93,44.6,30.5,28.6,82.17,0.07,65.74,0.06,3.6,0.67
2025-05-21,17:15,93,33.5,30.0,27.8,82.43,0.05,65.94,0.04,2.7,0.67
2025-05-21,17:30,93,22.3,29.5,27.0,82.69,0.03,66.15,0.03,1.8,0.67
2025-05-21,17:45,93,11.2,28.9,26.2,82.94,0.02,66.35,0.01,0.9,0.67
2025-05-22,05:00,93,5.9,24.5,21.7,84.38,0.01,67.51,0.01,0.5,0.67
2025-05-22,05:15,93,29.1,24.8,22.5,84.11,0.04,67.29,0.04,2.4,0.67
2025-05-22,05:30,93,52.4,25.1,23.4,83.83,0.08,67.06,0.06,4.3,0.67
2025-05-22,05:45,93,75.6,25.4,24.3,83.55,0.11,66.84,0.09,6.2,0.67
2025-05-22,06:00,93,98.9,25.7,25.2,83.28,0.15,66.62,0.12,8.1,0.67
2025-05-22,06:15,93,133.1,26.3,26.6,82.82,0.2,66.26,0.16,10.9,0.67
2025-05-22,06:30,93,167.2,26.8,28.0,82.37,0.25,65.9,0.21,13.7,0.67
2025-05-22,06:45,93,201.4,27.4,29.5,81.92,0.3,65.53,0.25,16.4,0.67
2025-05-22,07:00,93,235.6,28.0,30.9,81.46,0.35,65.17,0.29,19.1,0.67
2025-05-22,07:15,93,267.1,28.8,32.5,80.95,0.4,64.76,0.33,21.5,0.67
2025-05-22,07:30,93,298.6,29.6,34.1,80.44,0.44,64.35,0.37,24.0,0.67
2025-05-22,07:45,93,330.0,30.5,35.7,79.93,0.49,63.95,0.41,26.4,0.67
2025-05-22,08:00,93,361.5,31.3,37.3,79.42,0.54,63.54,0.45,28.7,0.67
2025-05-22,08:15,93,406.4,31.9,39.1,78.88,0.61,63.1,0.51,32.1,0.67
2025-05-22,08:30,93,451.3,32.5,40.8,78.33,0.68,62.67,0.57,35.5,0.67
2025-05-22,08:45,93,496.3,33.1,42.5,77.79,0.75,62.23,0.62,38.8,0.67
2025-05-22,09:00,93,541.2,33.7,44.2,77.25,0.81,61.8,0.68,42.1,0.67
2025-05-22,09:15,93,557.8,34.2,45.1,76.96,0.84,61.57,0.7,43.3,0.67
2025-05-22,09:30,93,574.4,34.6,46.0,76.68,0.87,61.35,0.72,44.5,0.67
2025-05-22,09:45,93,591.0,35.1,46.9,76.4,0.89,61.12,0.75,45.6,0.67
2025-05-22,10:00,93,607.6,35.6,47.8,76.12,0.92,60.89,0.77,46.8,0.67
2025-05-22,10:15,93,606.8,35.9,48.1,76.01,0.92,60.81,0.77,46.7,0.67
2025-05-22,10:30,93,606.0,36.3,48.5,75.9,0.92,60.72,0.77,46.6,0.67
2025-05-22,10:45,93,605.2,36.7,48.8,75.79,0.91,60.63,0.77,46.4,0.67
2025-05-22,11:00,93,604.5,37.0,49.2,75.68,0.91,60.54,0.77,46.3,0.67
2025-05-22,11:15,93,638.8,37.3,50.3,75.33,0.97,60.26,0.81,48.8,0.67
2025-05-22,11:30,93,673.1,37.5,51.4,74.98,1.02,59.98,0.85,51.2,0.67
2025-05-22,11:45,93,707.4,37.8,52.5,74.63,1.07,59.71,0.9,53.6,0.67
2025-05-22,12:00,93,741.8,38.0,53.6,74.28,1.13,59.43,0.94,56.0,0.67
2025-05-22,12:15,93,710.4,38.1,52.9,74.5,1.08,59.6,0.9,53.8,0.67
2025-05-22,12:30,93,679.0,38.2,52.2,74.72,1.03,59.77,0.86,51.5,0.67
2025-05-22,12:45,93,647.6,38.3,51.5,74.94,0.98,59.95,0.82,49.3,0.67
2025-05-22,13:00,93,616.2,38.4,50.8,75.15,0.93,60.12,0.78,47.0,0.67
2025-05-22,13:15,93,587.2,38.4,50.0,75.4,0.89,60.32,0.74,44.9,0.67
2025-05-22,13:30,93,558.2,38.3,49.3,75.65,0.84,60.52,0.71,42.8,0.67
2025-05-22,13:45,93,529.1,38.2,48.5,75.9,0.8,60.72,0.67,40.6,0.67
2025-05-22,14:00,93,500.1,38.2,47.7,76.14,0.75,60.91,0.63,38.5,0.67
2025-05-22,14:15,93,464.7,37.9,46.5,76.51,0.7,61.21,0.59,35.9,0.67
2025-05-22,14:30,93,429.2,37.6,45.3,76.88,0.65,61.51,0.54,33.3,0.67
2025-05-22,14:45,93,393.7,37.3,44.2,77.26,0.59,61.8,0.5,30.7,0.67
2025-05-22,15:00,93,358.3,37.0,43.0,77.63,0.54,62.1,0.45,28.0,0.67
2025-05-22,15:15,93,320.9,36.6,41.7,78.05,0.48,62.44,0.4,25.2,0.67
2025-05-22,15:30,93,283.5,36.2,40.3,78.48,0.42,62.78,0.36,22.3,0.67
2025-05-22,15:45,93,246.1,35.8,39.0,78.91,0.37,63.12,0.31,19.5,0.67
2025-05-22,16:00,93,208.7,35.4,37.6,79.33,0.31,63.47,0.26,16.6,0.67
2025-05-22,16:15,93,168.5,34.8,36.0,79.86,0.25,63.89,0.21,13.4,0.67
2025-05-22,16:30,93,128.2,34.1,34.3,80.38,0.19,64.31,0.16,10.3,0.67
2025-05-22,16:45,93,88.0,33.4,32.6,80.91,0.13,64.72,0.11,7.1,0.67
2025-05-22,17:00,93,47.7,32.8,31.0,81.43,0.07,65.14,0.06,3.9,0.67
2025-05-22,17:15,93,35.8,32.2,30.1,81.7,0.05,65.36,0.04,2.9,0.67
2025-05-22,17:30,93,23.9,31.7,29.3,81.97,0.04,65.58,0.03,1.9,0.67
2025-05-22,17:45,93,11.9,31.1,28.4,82.25,0.02,65.8,0.01,1.0,0.67
2025-05-23,05:00,93,6.0,25.9,23.1,83.93,0.01,67.14,0.01,0.5,0.67
2025-05-23,05:15,93,29.0,26.2,23.9,83.66,0.04,66.93,0.04,2.4,0.67
2025-05-23,05:30,93,52.0,26.5,24.8,83.4,0.08,66.72,0.06,4.3,0.67
2025-05-23,05:45,93,75.0,26.7,25.6,83.13,0.11,66.51,0.09,6.2,0.67
2025-05-23,06:00,93,98.0,27.0,26.5,82.87,0.14,66.29,0.12,8.0,0.67
2025-05-23,06:15,93,133.3,27.4,27.8,82.45,0.2,65.96,0.17,10.9,0.67
2025-05-23,06:30,93,168.6,27.9,29.1,82.03,0.25,65.62,0.21,13.7,0.67
2025-05-23,06:45,93,203.8,28.3,30.4,81.61,0.3,65.29,0.25,16.5,0.67
2025-05-23,07:00,93,239.1,28.8,31.7,81.19,0.36,64.96,0.3,19.3,0.67
2025-05-23,07:15,93,286.0,29.3,33.5,80.64,0.43,64.51,0.36,23.0,0.67
2025-05-23,07:30,93,332.8,29.9,35.2,80.09,0.5,64.07,0.42,26.6,0.67
2025-05-23,07:45,93,379.7,30.5,37.0,79.54,0.57,63.63,0.48,30.2,0.67
2025-05-23,08:00,93,426.6,31.1,38.7,78.98,0.64,63.19,0.53,33.8,0.67
2025-05-23,08:15,93,454.4,31.4,39.8,78.64,0.68,62.91,0.57,35.9,0.67
2025-05-23,08:30,93,482.1,31.8,40.9,78.3,0.72,62.64,0.61,37.9,0.67
2025-05-23,08:45,93,509.9,32.2,42.0,77.95,0.77,62.36,0.64,40.0,0.67
2025-05-23,09:00,93,537.7,32.6,43.1,77.61,0.81,62.09,0.68,42.0,0.67
2025-05-23,09:15,93,564.0,32.9,44.0,77.32,0.85,61.85,0.71,43.9,0.67
2025-05-23,09:30,93,590.3,33.1,44.9,77.02,0.89,61.62,0.74,45.9,0.67
2025-05-23,09:45,93,616.6,33.4,45.8,76.73,0.93,61.39,0.78,47.8,0.67
2025-05-23,10:00,93,642.9,33.7,46.8,76.44,0.97,61.15,0.81,49.7,0.67
2025-05-23,10:15,93,663.2,33.8,47.4,76.23,1.0,60.99,0.84,51.1,0.67
2025-05-23,10:30,93,683.5,34.0,48.1,76.03,1.03,60.82,0.86,52.6,0.67
2025-05-23,10:45,93,703.9,34.1,48.7,75.82,1.06,60.66,0.89,54.0,0.67
2025-05-23,11:00,93,724.2,34.3,49.4,75.61,1.09,60.49,0.92,55.5,0.67
2025-05-23,11:15,93,705.6,34.3,49.0,75.74,1.07,60.59,0.89,54.1,0.67
2025-05-23,11:30,93,687.0,34.4,48.6,75.87,1.04,60.7,0.87,52.8,0.67
2025-05-23,11:45,93,668.4,34.4,48.1,76.0,1.01,60.8,0.85,51.4,0.67
2025-05-23,12:00,93,649.8,34.5,47.7,76.13,0.98,60.9,0.82,50.0,0.67
2025-05-23,12:15,93,635.0,34.5,47.4,76.25,0.96,61.0,0.8,49.0,0.67
2025-05-23,12:30,93,620.2,34.5,47.0,76.37,0.94,61.09,0.78,47.9,0.67
2025-05-23,12:45,93,605.5,34.5,46.6,76.49,0.91,61.19,0.76,46.8,0.67
2025-05-23,13:00,93,590.7,34.5,46.2,76.61,0.89,61.28,0.75,45.7,0.67
2025-05-23,13:15,93,541.9,34.4,44.9,77.02,0.82,61.62,0.68,42.1,0.67
2025-05-23,13:30,93,493.1,34.3,43.6,77.43,0.74,61.95,0.62,38.5,0.67
2025-05-23,13:45,93,444.3,34.2,42.3,77.84,0.67,62.28,0.56,34.8,0.67
2025-05-23,14:00,93,395.4,34.1,41.0,78.26,0.59,62.61,0.5,31.1,0.67
2025-05-23,14:15,93,376.1,34.0,40.4,78.46,0.56,62.77,0.47,29.6,0.67
2025-05-23,14:30,93,356.8,33.8,39.7,78.66,0.53,62.93,0.45,28.2,0.67
2025-05-23,14:45,93,337.5,33.7,39.1,78.86,0.51,63.09,0.42,26.7,0.67
2025-05-23,15:00,93,318.1,33.5,38.5,79.06,0.48,63.25,0.4,25.2,0.67
2025-05-23,15:15,93,278.0,33.3,37.2,79.46,0.42,63.57,0.35,22.1,0.67
2025-05-23,15:30,93,237.8,33.0,35.9,79.86,0.35,63.89,0.3,19.0,0.67
2025-05-23,15:45,93,197.7,32.7,34.7,80.26,0.29,64.21,0.25,15.8,0.67
2025-05-23,16:00,93,157.5,32.5,33.4,80.66,0.23,64.53,0.2,12.7,0.67
2025-05-23,16:15,93,125.9,32.1,32.2,81.05,0.19,64.84,0.16,10.2,0.67
2025-05-23,16:30,93,94.3,31.6,31.0,81.43,0.14,65.14,0.12,7.6,0.67
2025-05-23,16:45,93,62.7,31.2,29.8,81.81,0.09,65.45,0.08,5.1,0.67
2025-05-23,17:00,93,31.1,30.8,28.6,82.19,0.05,65.75,0.04,2.5,0.67
2025-05-23,17:15,93,23.3,30.4,28.0,82.38,0.03,65.9,0.03,1.9,0.67
2025-05-23,17:30,93,15.5,30.0,27.4,82.56,0.02,66.05,0.02,1.3,0.67
2025-05-23,17:45,93,7.8,29.7,26.8,82.74,0.01,66.19,0.01,0.6,0.67
2025-05-24,05:00,93,5.3,26.9,24.0,83.64,0.01,66.91,0.01,0.4,0.67
2025-05-24,05:15,93,25.2,27.1,24.7,83.42,0.04,66.74,0.03,2.1,0.67
2025-05-24,05:30,93,45.1,27.2,25.4,83.21,0.07,66.57,0.06,3.7,0.67
2025-05-24,05:45,93,65.0,27.4,26.0,83.0,0.1,66.4,0.08,5.3,0.67
2025-05-24,06:00,93,84.9,27.6,26.7,82.78,0.13,66.23,0.11,7.0,0.67
2025-05-24,06:15,93,117.0,28.0,27.9,82.41,0.17,65.93,0.14,9.6,0.67
2025-05-24,06:30,93,149.0,28.3,29.1,82.04,0.22,65.63,0.18,12.1,0.67
2025-05-24,06:45,93,181.0,28.7,30.2,81.67,0.27,65.33,0.22,14.7,0.67
2025-05-24,07:00,93,213.1,29.1,31.4,81.3,0.32,65.04,0.27,17.2,0.67
2025-05-24,07:15,93,248.7,29.6,32.8,80.86,0.37,64.69,0.31,20.0,0.67
2025-05-24,07:30,93,284.4,30.1,34.2,80.43,0.42,64.34,0.35,22.8,0.67
2025-05-24,07:45,93,320.0,30.5,35.5,79.99,0.48,63.99,0.4,25.6,0.67
2025-05-24,08:00,93,355.7,31.0,36.9,79.56,0.53,63.64,0.44,28.3,0.67
2025-05-24,08:15,93,373.0,31.4,37.7,79.3,0.56,63.44,0.47,29.6,0.67
2025-05-24,08:30,93,390.3,31.8,38.5,79.05,0.58,63.24,0.49,30.9,0.67
2025-05-24,08:45,93,407.6,32.1,39.3,78.79,0.61,63.03,0.51,32.2,0.67
2025-05-24,09:00,93,424.9,32.5,40.1,78.54,0.64,62.83,0.53,33.5,0.67
2025-05-24,09:15,93,436.6,32.8,40.7,78.35,0.65,62.68,0.55,34.4,0.67
2025-05-24,09:30,93,448.3,33.1,41.3,78.17,0.67,62.54,0.56,35.2,0.67
2025-05-24,09:45,93,460.0,33.4,41.9,77.99,0.69,62.39,0.58,36.1,0.67
2025-05-24,10:00,93,471.8,33.6,42.4,77.8,0.71,62.24,0.59,36.9,0.67
2025-05-24,10:15,93,472.9,33.9,42.7,77.72,0.71,62.18,0.59,37.0,0.67
2025-05-24,10:30,93,474.0,34.1,43.0,77.63,0.71,62.11,0.6,37.0,0.67
2025-05-24,10:45,93,475.1,34.4,43.2,77.55,0.71,62.04,0.6,37.1,0.67
2025-05-24,11:00,93,476.2,34.6,43.5,77.47,0.72,61.97,0.6,37.2,0.67
2025-05-24,11:15,93,467.7,34.8,43.5,77.48,0.7,61.98,0.59,36.5,0.67
2025-05-24,11:30,93,459.3,34.9,43.4,77.49,0.69,62.0,0.58,35.8,0.67
2025-05-24,11:45,93,450.8,35.1,43.4,77.51,0.68,62.01,0.57,35.2,0.67
2025-05-24,12:00,93,442.4,35.3,43.3,77.52,0.66,62.02,0.56,34.5,0.67
2025-05-24,12:15,93,418.0,35.2,42.7,77.73,0.63,62.19,0.53,32.7,0.67
2025-05-24,12:30,93,393.7,35.2,42.0,77.95,0.59,62.36,0.49,30.9,0.67
2025-05-24,12:45,93,369.4,35.1,41.3,78.16,0.55,62.53,0.46,29.0,0.67
2025-05-24,13:00,93,345.0,35.0,40.7,78.37,0.52,62.69,0.43,27.2,0.67
2025-05-24,13:15,93,328.3,34.9,40.1,78.54,0.49,62.83,0.41,25.9,0.67
2025-05-24,13:30,93,311.6,34.8,39.6,78.71,0.47,62.97,0.39,24.6,0.67
2025-05-24,13:45,93,294.9,34.7,39.0,78.89,0.44,63.11,0.37,23.3,0.67
2025-05-24,14:00,93,278.2,34.5,38.5,79.06,0.42,63.25,0.35,22.0,0.67
2025-05-24,14:15,93,251.8,34.3,37.6,79.34,0.38,63.47,0.32,20.0,0.67
2025-05-24,14:30,93,225.4,34.1,36.7,79.62,0.34,63.69,0.28,18.0,0.67
2025-05-24,14:45,93,199.0,33.9,35.8,79.89,0.3,63.92,0.25,15.9,0.67
2025-05-24,15:00,93,172.6,33.6,35.0,80.17,0.26,64.14,0.22,13.8,0.67
2025-05-24,15:15,93,150.6,33.3,34.1,80.45,0.22,64.36,0.19,12.1,0.67
2025-05-24,15:30,93,128.6,33.0,33.2,80.72,0.19,64.58,0.16,10.3,0.67
2025-05-24,15:45,93,106.6,32.7,32.4,81.0,0.16,64.8,0.13,8.6,0.67
2025-05-24,16:00,93,84.6,32.4,31.5,81.27,0.13,65.02,0.11,6.8,0.67
2025-05-24,16:15,93,67.7,31.9,30.6,81.55,0.1,65.24,0.08,5.5,0.67
2025-05-24,16:30,93,50.7,31.5,29.7,81.83,0.08,65.46,0.06,4.1,0.67
2025-05-24,16:45,93,33.8,31.0,28.9,82.11,0.05,65.69,0.04,2.8,0.67
2025-05-24,17:00,93,16.8,30.6,28.0,82.39,0.02,65.91,0.02,1.4,0.67
2025-05-24,17:15,93,12.6,30.2,27.5,82.54,0.02,66.03,0.02,1.0,0.67
2025-05-24,17:30,93,8.4,29.8,27.0,82.69,0.01,66.15,0.01,0.7,0.67
2025-05-25,05:15,93,15.9,26.8,24.2,83.59,0.02,66.87,0.02,1.3,0.67
2025-05-25,05:30,93,27.9,26.9,24.6,83.46,0.04,66.76,0.03,2.3,0.67
2025-05-25,05:45,93,39.8,27.0,25.0,83.32,0.06,66.65,0.05,3.3,0.67
2025-05-25,06:00,93,51.8,27.2,25.5,83.18,0.08,66.54,0.06,4.3,0.67
2025-05-25,06:15,93,66.8,27.5,26.1,82.97,0.1,66.38,0.08,5.5,0.67
2025-05-25,06:30,93,81.7,27.8,26.8,82.76,0.12,66.21,0.1,6.7,0.67
2025-05-25,06:45,93,96.7,28.0,27.5,82.55,0.14,66.04,0.12,7.9,0.67
2025-05-25,07:00,93,111.7,28.3,28.1,82.34,0.17,65.87,0.14,9.1,0.67
2025-05-25,07:15,93,126.9,28.8,28.9,82.09,0.19,65.67,0.16,10.3,0.67
2025-05-25,07:30,93,142.2,29.2,29.7,81.83,0.21,65.46,0.18,11.6,0.67
2025-05-25,07:45,93,157.5,29.6,30.5,81.58,0.23,65.26,0.2,12.8,0.67
2025-05-25,08:00,93,172.7,30.0,31.3,81.32,0.26,65.06,0.21,14.0,0.67
2025-05-25,08:15,93,205.8,30.3,32.5,80.96,0.31,64.77,0.26,16.6,0.67
2025-05-25,08:30,93,239.0,30.6,33.6,80.6,0.36,64.48,0.3,19.2,0.67
2025-05-25,08:45,93,272.1,30.9,34.7,80.24,0.41,64.2,0.34,21.8,0.67
2025-05-25,09:00,93,305.2,31.2,35.9,79.89,0.46,63.91,0.38,24.4,0.67
2025-05-25,09:15,93,317.4,31.4,36.3,79.74,0.47,63.79,0.4,25.3,0.67
2025-05-25,09:30,93,329.6,31.6,36.8,79.59,0.49,63.67,0.41,26.2,0.67
2025-05-25,09:45,93,341.8,31.7,37.3,79.44,0.51,63.55,0.43,27.2,0.67
2025-05-25,10:00,93,354.0,31.9,37.7,79.29,0.53,63.44,0.44,28.1,0.67
2025-05-25,10:15,93,373.2,31.9,38.3,79.12,0.56,63.3,0.47,29.6,0.67
2025-05-25,10:30,93,392.4,32.0,38.8,78.96,0.59,63.16,0.49,31.1,0.67
2025-05-25,10:45,93,411.6,32.1,39.3,78.79,0.62,63.03,0.52,32.5,0.67
2025-05-25,11:00,93,430.7,32.1,39.9,78.62,0.65,62.89,0.54,34.0,0.67
2025-05-25,11:15,93,396.7,32.1,39.0,78.89,0.59,63.11,0.5,31.4,0.67
2025-05-25,11:30,93,362.6,32.1,38.2,79.16,0.54,63.33,0.45,28.8,0.67
2025-05-25,11:45,93,328.5,32.1,37.3,79.43,0.49,63.54,0.41,26.1,0.67
2025-05-25,12:00,93,294.4,32.1,36.5,79.7,0.44,63.76,0.37,23.5,0.67
2025-05-25,12:15,93,301.7,32.1,36.7,79.64,0.45,63.71,0.38,24.0,0.67
2025-05-25,12:30,93,308.9,32.1,36.8,79.58,0.46,63.66,0.39,24.6,0.67
2025-05-25,12:45,93,316.1,32.1,37.0,79.52,0.47,63.62,0.4,25.2,0.67
2025-05-25,13:00,93,323.3,32.1,37.2,79.46,0.48,63.57,0.4,25.7,0.67
2025-05-25,13:15,93,295.1,32.1,36.5,79.68,0.44,63.75,0.37,23.5,0.67
2025-05-25,13:30,93,267.0,32.1,35.8,79.9,0.4,63.92,0.33,21.3,0.67
2025-05-25,13:45,93,238.8,32.2,35.1,80.12,0.36,64.09,0.3,19.1,0.67
2025-05-25,14:00,93,210.7,32.2,34.4,80.34,0.31,64.27,0.26,16.9,0.67
2025-05-25,14:15,93,194.9,32.1,34.0,80.48,0.29,64.38,0.24,15.6,0.67
2025-05-25,14:30,93,179.1,32.1,33.6,80.62,0.27,64.5,0.22,14.4,0.67
2025-05-25,14:45,93,163.3,32.0,33.1,80.76,0.24,64.61,0.2,13.1,0.67
2025-05-25,15:00,93,147.5,32.0,32.7,80.9,0.22,64.72,0.18,11.9,0.67
2025-05-25,15:15,93,131.3,31.8,32.1,81.07,0.2,64.86,0.16,10.6,0.67
2025-05-25,15:30,93,115.1,31.7,31.6,81.24,0.17,64.99,0.14,9.3,0.67
2025-05-25,15:45,93,98.9,31.6,31.1,81.41,0.15,65.13,0.12,8.0,0.67
2025-05-25,16:00,93,82.7,31.4,30.5,81.58,0.12,65.26,0.1,6.7,0.67
2025-05-25,16:15,93,67.7,31.0,29.7,81.83,0.1,65.46,0.08,5.5,0.67
2025-05-25,16:30,93,52.8,30.6,29.0,82.07,0.08,65.66,0.07,4.3,0.67
2025-05-25,16:45,93,37.8,30.2,28.2,82.32,0.06,65.85,0.05,3.1,0.67
2025-05-25,17:00,93,22.9,29.8,27.4,82.56,0.03,66.05,0.03,1.9,0.67
2025-05-25,17:15,93,17.1,29.4,26.9,82.73,0.03,66.19,0.02,1.4,0.67
2025-05-25,17:30,93,11.4,29.1,26.3,82.9,0.02,66.32,0.01,0.9,0.67
2025-05-25,17:45,93,5.7,28.7,25.8,83.07,0.01,66.46,0.01,0.5,0.67
2025-05-26,05:15,93,6.3,26.1,23.3,83.87,0.01,67.1,0.01,0.5,0.67
2025-05-26,05:30,93,10.7,26.3,23.6,83.77,0.02,67.02,0.01,0.9,0.67
2025-05-26,05:45,93,15.1,26.5,23.9,83.67,0.02,66.94,0.02,1.2,0.67
2025-05-26,06:00,93,19.5,26.7,24.2,83.57,0.03,66.86,0.02,1.6,0.67
2025-05-26,06:15,93,32.0,27.1,24.9,83.35,0.05,66.68,0.04,2.6,0.67
2025-05-26,06:30,93,44.6,27.5,25.6,83.13,0.07,66.51,0.06,3.7,0.67
2025-05-26,06:45,93,57.2,27.9,26.3,82.91,0.08,66.33,0.07,4.7,0.67
2025-05-26,07:00,93,69.8,28.3,27.0,82.69,0.1,66.15,0.09,5.7,0.67
2025-05-26,07:15,93,67.6,28.8,27.5,82.53,0.1,66.02,0.08,5.5,0.67
2025-05-26,07:30,93,65.4,29.4,28.0,82.37,0.1,65.89,0.08,5.3,0.67
2025-05-26,07:45,93,63.3,30.0,28.5,82.21,0.09,65.77,0.08,5.2,0.67
2025-05-26,08:00,93,61.1,30.5,29.0,82.05,0.09,65.64,0.08,5.0,0.67
2025-05-26,08:15,93,79.4,31.0,29.9,81.76,0.12,65.41,0.1,6.5,0.67
2025-05-26,08:30,93,97.8,31.4,30.8,81.48,0.15,65.18,0.12,7.9,0.67
2025-05-26,08:45,93,116.1,31.8,31.7,81.2,0.17,64.96,0.14,9.4,0.67
2025-05-26,09:00,93,134.5,32.3,32.6,80.91,0.2,64.73,0.17,10.8,0.67
2025-05-26,09:15,93,134.2,32.6,32.9,80.82,0.2,64.65,0.17,10.8,0.67
2025-05-26,09:30,93,134.0,32.9,33.2,80.72,0.2,64.58,0.17,10.8,0.67
2025-05-26,09:45,93,133.7,33.2,33.5,80.63,0.2,64.5,0.17,10.8,0.67
2025-05-26,10:00,93,133.5,33.5,33.8,80.53,0.2,64.42,0.17,10.7,0.67
2025-05-26,10:15,93,157.4,33.7,34.6,80.28,0.23,64.23,0.2,12.6,0.67
2025-05-26,10:30,93,181.2,33.9,35.4,80.03,0.27,64.03,0.23,14.5,0.67
2025-05-26,10:45,93,205.1,34.1,36.2,79.79,0.31,63.83,0.26,16.4,0.67
2025-05-26,11:00,93,229.0,34.2,37.0,79.54,0.34,63.63,0.29,18.2,0.67
2025-05-26,11:15,93,216.6,34.3,36.7,79.61,0.32,63.69,0.27,17.3,0.67
2025-05-26,11:30,93,204.2,34.4,36.5,79.69,0.3,63.75,0.26,16.3,0.67
2025-05-26,11:45,93,191.8,34.5,36.3,79.76,0.29,63.81,0.24,15.3,0.67
2025-05-26,12:00,93,179.3,34.5,36.0,79.84,0.27,63.87,0.22,14.3,0.67
2025-05-26,12:15,93,218.2,34.5,37.0,79.54,0.33,63.63,0.27,17.4,0.67
2025-05-26,12:30,93,257.1,34.5,37.9,79.25,0.38,63.4,0.32,20.4,0.67
2025-05-26,12:45,93,296.0,34.4,38.8,78.95,0.44,63.16,0.37,23.4,0.67
2025-05-26,13:00,93,334.9,34.4,39.8,78.65,0.5,62.92,0.42,26.4,0.67
2025-05-26,13:15,93,345.9,34.3,39.9,78.61,0.52,62.89,0.43,27.3,0.67
2025-05-26,13:30,93,356.9,34.1,40.0,78.56,0.53,62.85,0.45,28.1,0.67
2025-05-26,13:45,93,367.9,34.0,40.2,78.52,0.55,62.81,0.46,29.0,0.67
2025-05-26,14:00,93,378.9,33.9,40.3,78.47,0.57,62.78,0.48,29.9,0.67
2025-05-26,14:15,93,319.7,33.7,38.7,79.0,0.48,63.2,0.4,25.3,0.67
2025-05-26,14:30,93,260.5,33.5,37.0,79.53,0.39,63.63,0.33,20.7,0.67
2025-05-26,14:45,93,201.3,33.3,35.3,80.06,0.3,64.05,0.25,16.1,0.67
2025-05-26,15:00,93,142.1,33.1,33.6,80.59,0.21,64.47,0.18,11.4,0.67
2025-05-26,15:15,93,124.5,32.8,32.9,80.81,0.19,64.65,0.16,10.0,0.67
2025-05-26,15:30,93,107.0,32.6,32.2,81.04,0.16,64.83,0.13,8.6,0.67
2025-05-26,15:45,93,89.5,32.3,31.5,81.26,0.13,65.01,0.11,7.2,0.67
2025-05-26,16:00,93,71.9,32.0,30.8,81.48,0.11,65.19,0.09,5.8,0.67
2025-05-26,16:15,93,58.3,31.6,30.1,81.72,0.09,65.38,0.07,4.7,0.67
2025-05-26,16:30,93,44.7,31.2,29.3,81.96,0.07,65.56,0.06,3.6,0.67
2025-05-26,16:45,93,31.1,30.8,28.6,82.19,0.05,65.75,0.04,2.5,0.67
2025-05-26,17:00,93,17.5,30.4,27.8,82.43,0.03,65.94,0.02,1.4,0.67
2025-05-26,17:15,93,13.1,30.0,27.4,82.58,0.02,66.07,0.02,1.1,0.67
2025-05-26,17:30,93,8.8,29.7,26.9,82.73,0.01,66.19,0.01,0.7,0.67
2025-05-27,05:15,93,16.1,26.4,23.8,83.71,0.02,66.97,0.02,1.3,0.67
2025-05-27,05:30,93,27.7,26.5,24.2,83.58,0.04,66.86,0.03,2.3,0.67
2025-05-27,05:45,93,39.3,26.6,24.6,83.45,0.06,66.76,0.05,3.2,0.67
2025-05-27,06:00,93,50.8,26.8,25.0,83.32,0.08,66.65,0.06,4.2,0.67
2025-05-27,06:15,93,68.0,27.1,25.8,83.08,0.1,66.46,0.08,5.6,0.67
2025-05-27,06:30,93,85.2,27.4,26.5,82.84,0.13,66.27,0.11,7.0,0.67
2025-05-27,06:45,93,102.4,27.7,27.3,82.6,0.15,66.08,0.13,8.4,0.67
2025-05-27,07:00,93,119.5,28.1,28.0,82.36,0.18,65.89,0.15,9.8,0.67
2025-05-27,07:15,93,133.7,28.5,28.9,82.11,0.2,65.69,0.17,10.9,0.67
2025-05-27,07:30,93,147.8,29.0,29.7,81.85,0.22,65.48,0.18,12.0,0.67
2025-05-27,07:45,93,161.9,29.4,30.5,81.6,0.24,65.28,0.2,13.1,0.67
2025-05-27,08:00,93,176.0,29.9,31.3,81.35,0.26,65.08,0.22,14.2,0.67
2025-05-27,08:15,93,214.6,30.3,32.6,80.91,0.32,64.73,0.27,17.3,0.67
2025-05-27,08:30,93,253.2,30.7,34.0,80.47,0.38,64.38,0.32,20.3,0.67
2025-05-27,08:45,93,291.8,31.1,35.4,80.03,0.44,64.02,0.36,23.3,0.67
2025-05-27,09:00,93,330.3,31.5,36.8,79.59,0.49,63.67,0.41,26.3,0.67
2025-05-27,09:15,93,328.4,31.9,37.1,79.51,0.49,63.61,0.41,26.1,0.67
2025-05-27,09:30,93,326.4,32.2,37.3,79.42,0.49,63.54,0.41,26.0,0.67
2025-05-27,09:45,93,324.4,32.5,37.6,79.34,0.48,63.47,0.41,25.8,0.67
2025-05-27,10:00,93,322.4,32.8,37.9,79.26,0.48,63.4,0.4,25.6,0.67
2025-05-27,10:15,93,323.2,33.0,38.1,79.19,0.48,63.35,0.4,25.6,0.67
2025-05-27,10:30,93,324.0,33.2,38.3,79.12,0.48,63.3,0.41,25.7,0.67
2025-05-27,10:45,93,324.8,33.4,38.5,79.05,0.49,63.24,0.41,25.7,0.67
2025-05-27,11:00,93,325.6,33.6,38.7,78.99,0.49,63.19,0.41,25.8,0.67
2025-05-27,11:15,93,350.4,33.7,39.4,78.76,0.52,63.01,0.44,27.7,0.67
2025-05-27,11:30,93,375.2,33.8,40.1,78.53,0.56,62.83,0.47,29.6,0.67
2025-05-27,11:45,93,400.1,33.9,40.9,78.3,0.6,62.64,0.5,31.5,0.67
2025-05-27,12:00,93,424.9,34.0,41.6,78.08,0.64,62.46,0.53,33.3,0.67
2025-05-27,12:15,93,394.5,34.0,40.8,78.32,0.59,62.66,0.5,31.0,0.67
2025-05-27,12:30,93,364.1,33.9,40.0,78.56,0.55,62.85,0.46,28.7,0.67
2025-05-27,12:45,93,333.7,33.9,39.3,78.81,0.5,63.05,0.42,26.4,0.67
2025-05-27,13:00,93,303.3,33.9,38.5,79.05,0.45,63.24,0.38,24.0,0.67
2025-05-27,13:15,93,285.4,33.8,38.0,79.22,0.43,63.38,0.36,22.7,0.67
2025-05-27,13:30,93,267.5,33.7,37.4,79.39,0.4,63.52,0.33,21.3,0.67
2025-05-27,13:45,93,249.6,33.6,36.9,79.57,0.37,63.65,0.31,19.9,0.67
2025-05-27,14:00,93,231.8,33.5,36.3,79.74,0.35,63.79,0.29,18.5,0.67
2025-05-27,14:15,93,215.1,33.4,35.8,79.91,0.32,63.93,0.27,17.2,0.67
2025-05-27,14:30,93,198.5,33.3,35.2,80.09,0.3,64.07,0.25,15.9,0.67
2025-05-27,14:45,93,181.8,33.1,34.7,80.26,0.27,64.21,0.23,14.6,0.67
2025-05-27,15:00,93,165.2,33.0,34.1,80.44,0.25,64.35,0.21,13.3,0.67
2025-05-27,15:15,93,140.3,32.8,33.3,80.71,0.21,64.57,0.17,11.3,0.67
2025-05-27,15:30,93,115.3,32.5,32.4,80.99,0.17,64.79,0.14,9.3,0.67
2025-05-27,15:45,93,90.4,32.3,31.5,81.26,0.13,65.01,0.11,7.3,0.67
2025-05-27,16:00,93,65.5,32.0,30.6,81.54,0.1,65.23,0.08,5.3,0.67
2025-05-27,16:15,93,54.7,31.6,30.0,81.74,0.08,65.39,0.07,4.4,0.67
2025-05-27,16:30,93,44.0,31.3,29.4,81.94,0.07,65.56,0.05,3.6,0.67
2025-05-27,16:45,93,33.3,30.9,28.7,82.15,0.05,65.72,0.04,2.7,0.67
2025-05-27,17:00,93,22.6,30.5,28.1,82.35,0.03,65.88,0.03,1.8,0.67
2025-05-27,17:15,93,16.9,30.2,27.6,82.49,0.03,65.99,0.02,1.4,0.67
2025-05-27,17:30,93,11.3,29.9,27.2,82.64,0.02,66.11,0.01,0.9,0.67
2025-05-27,17:45,93,5.6,29.6,26.7,82.78,0.01,66.22,0.01,0.5,0.67
2025-05-28,05:00,93,6.1,27.5,24.7,83.43,0.01,66.75,0.01,0.5,0.67
2025-05-28,05:15,93,27.9,27.7,25.4,83.2,0.04,66.56,0.03,2.3,0.67
2025-05-28,05:30,93,49.6,27.9,26.1,82.97,0.07,66.38,0.06,4.1,0.67
2025-05-28,05:45,93,71.3,28.1,26.8,82.75,0.11,66.2,0.09,5.8,0.67
2025-05-28,06:00,93,93.1,28.2,27.6,82.52,0.14,66.01,0.12,7.6,0.67
2025-05-28,06:15,93,125.2,28.6,28.7,82.15,0.19,65.72,0.16,10.2,0.67
2025-05-28,06:30,93,157.2,29.0,29.9,81.78,0.23,65.42,0.2,12.8,0.67
2025-05-28,06:45,93,189.3,29.3,31.1,81.41,0.28,65.13,0.24,15.3,0.67
2025-05-28,07:00,93,221.4,29.7,32.2,81.04,0.33,64.83,0.28,17.9,0.67
2025-05-28,07:15,93,257.4,30.1,33.5,80.63,0.38,64.5,0.32,20.7,0.67
2025-05-28,07:30,93,293.3,30.5,34.8,80.22,0.44,64.18,0.37,23.5,0.67
2025-05-28,07:45,93,329.2,30.9,36.1,79.81,0.49,63.85,0.41,26.3,0.67
2025-05-28,08:00,93,365.2,31.3,37.4,79.4,0.55,63.52,0.46,29.0,0.67
2025-05-28,08:15,93,384.5,31.6,38.2,79.15,0.58,63.32,0.48,30.5,0.67
2025-05-28,08:30,93,403.8,31.9,39.0,78.89,0.6,63.11,0.51,31.9,0.67
2025-05-28,08:45,93,423.2,32.2,39.8,78.63,0.63,62.91,0.53,33.4,0.67
2025-05-28,09:00,93,442.5,32.6,40.6,78.38,0.66,62.7,0.56,34.8,0.67
2025-05-28,09:15,93,454.3,32.9,41.2,78.19,0.68,62.55,0.57,35.7,0.67
2025-05-28,09:30,93,466.2,33.1,41.8,78.01,0.7,62.41,0.59,36.6,0.67
2025-05-28,09:45,93,478.1,33.4,42.4,77.82,0.72,62.26,0.6,37.4,0.67
2025-05-28,10:00,93,489.9,33.7,43.0,77.64,0.74,62.11,0.62,38.3,0.67
2025-05-28,10:15,93,502.3,33.9,43.5,77.47,0.76,61.98,0.63,39.2,0.67
2025-05-28,10:30,93,514.8,34.2,44.0,77.3,0.77,61.84,0.65,40.1,0.67
2025-05-28,10:45,93,527.2,34.4,44.6,77.13,0.79,61.71,0.66,41.0,0.67
2025-05-28,11:00,93,539.6,34.6,45.1,76.97,0.81,61.57,0.68,41.9,0.67
2025-05-28,11:15,93,542.2,34.7,45.3,76.91,0.82,61.53,0.68,42.1,0.67
2025-05-28,11:30,93,544.9,34.8,45.5,76.85,0.82,61.48,0.69,42.3,0.67
2025-05-28,11:45,93,547.5,35.0,45.7,76.79,0.82,61.43,0.69,42.4,0.67
2025-05-28,12:00,93,550.1,35.1,45.8,76.73,0.83,61.38,0.69,42.6,0.67
2025-05-28,12:15,93,525.6,35.1,45.3,76.91,0.79,61.53,0.66,40.8,0.67
2025-05-28,12:30,93,501.2,35.1,44.7,77.1,0.75,61.68,0.63,39.0,0.67
2025-05-28,12:45,93,476.7,35.2,44.1,77.29,0.72,61.83,0.6,37.1,0.67
2025-05-28,13:00,93,452.2,35.2,43.5,77.47,0.68,61.98,0.57,35.3,0.67
2025-05-28,13:15,93,427.0,35.1,42.8,77.7,0.64,62.16,0.54,33.4,0.67
2025-05-28,13:30,93,401.7,35.0,42.0,77.93,0.6,62.34,0.5,31.5,0.67
2025-05-28,13:45,93,376.4,34.9,41.3,78.16,0.56,62.53,0.47,29.6,0.67
2025-05-28,14:00,93,351.1,34.8,40.6,78.39,0.53,62.71,0.44,27.6,0.67
2025-05-28,14:15,93,308.7,34.6,39.4,78.78,0.46,63.02,0.39,24.4,0.67
2025-05-28,14:30,93,266.4,34.5,38.1,79.17,0.4,63.34,0.33,21.1,0.67
2025-05-28,14:45,93,224.0,34.3,36.9,79.57,0.33,63.65,0.28,17.8,0.67
2025-05-28,15:00,93,181.7,34.1,35.6,79.96,0.27,63.97,0.23,14.5,0.67
2025-05-28,15:15,93,158.5,33.8,34.8,80.23,0.24,64.19,0.2,12.7,0.67
2025-05-28,15:30,93,135.4,33.5,33.9,80.51,0.2,64.41,0.17,10.9,0.67
2025-05-28,15:45,93,112.2,33.2,33.0,80.79,0.17,64.63,0.14,9.0,0.67
2025-05-28,16:00,93,89.0,32.9,32.1,81.07,0.13,64.85,0.11,7.2,0.67
2025-05-28,16:15,93,70.5,32.5,31.3,81.34,0.1,65.08,0.09,5.7,0.67
2025-05-28,16:30,93,51.9,32.1,30.4,81.62,0.08,65.3,0.06,4.2,0.67
2025-05-28,16:45,93,33.3,31.7,29.5,81.9,0.05,65.52,0.04,2.7,0.67
2025-05-28,17:00,93,14.8,31.2,28.6,82.18,0.02,65.75,0.02,1.2,0.67
2025-05-28,17:15,93,11.1,30.9,28.1,82.34,0.02,65.87,0.01,0.9,0.67
2025-05-28,17:30,93,7.4,30.5,27.6,82.49,0.01,65.99,0.01,0.6,0.67
2025-05-29,05:15,93,19.5,27.5,25.0,83.33,0.03,66.66,0.02,1.6,0.67
2025-05-29,05:30,93,35.9,27.7,25.6,83.14,0.05,66.52,0.04,3.0,0.67
2025-05-29,05:45,93,52.2,27.9,26.2,82.96,0.08,66.37,0.06,4.3,0.67
2025-05-29,06:00,93,68.6,28.0,26.7,82.78,0.1,66.22,0.08,5.6,0.67
2025-05-29,06:15,93,89.1,28.3,27.5,82.52,0.13,66.02,0.11,7.3,0.67
2025-05-29,06:30,93,109.6,28.6,28.3,82.27,0.16,65.82,0.14,8.9,0.67
2025-05-29,06:45,93,130.2,28.9,29.1,82.02,0.19,65.61,0.16,10.6,0.67
2025-05-29,07:00,93,150.7,29.2,29.9,81.76,0.22,65.41,0.19,12.2,0.67
2025-05-29,07:15,93,167.3,29.5,30.7,81.54,0.25,65.23,0.21,13.6,0.67
2025-05-29,07:30,93,183.9,29.8,31.4,81.31,0.27,65.05,0.23,14.9,0.67
2025-05-29,07:45,93,200.5,30.1,32.1,81.08,0.3,64.86,0.25,16.2,0.67
2025-05-29,08:00,93,217.1,30.4,32.8,80.85,0.32,64.68,0.27,17.5,0.67
2025-05-29,08:15,93,251.1,30.6,33.9,80.51,0.37,64.41,0.31,20.2,0.67
2025-05-29,08:30,93,285.2,30.9,35.0,80.16,0.43,64.13,0.36,22.8,0.67
2025-05-29,08:45,93,319.3,31.1,36.1,79.81,0.48,63.85,0.4,25.5,0.67
2025-05-29,09:00,93,353.4,31.4,37.2,79.47,0.53,63.57,0.44,28.1,0.67
2025-05-29,09:15,93,356.0,31.6,37.5,79.38,0.53,63.51,0.45,28.3,0.67
2025-05-29,09:30,93,358.7,31.8,37.7,79.3,0.54,63.44,0.45,28.5,0.67
2025-05-29,09:45,93,361.4,32.0,38.0,79.21,0.54,63.37,0.45,28.7,0.67
2025-05-29,10:00,93,364.0,32.2,38.3,79.13,0.54,63.3,0.46,28.9,0.67
2025-05-29,10:15,93,363.4,32.3,38.4,79.09,0.54,63.27,0.46,28.8,0.67
2025-05-29,10:30,93,362.9,32.4,38.5,79.05,0.54,63.24,0.45,28.7,0.67
2025-05-29,10:45,93,362.3,32.6,38.6,79.01,0.54,63.21,0.45,28.7,0.67
2025-05-29,11:00,93,361.7,32.7,38.8,78.97,0.54,63.17,0.45,28.6,0.67
2025-05-29,11:15,93,349.4,32.8,38.5,79.05,0.52,63.24,0.44,27.7,0.67
2025-05-29,11:30,93,337.1,32.8,38.3,79.12,0.5,63.3,0.42,26.7,0.67
2025-05-29,11:45,93,324.8,32.9,38.0,79.2,0.49,63.36,0.41,25.8,0.67
2025-05-29,12:00,93,312.6,33.0,37.8,79.28,0.47,63.42,0.39,24.8,0.67
2025-05-29,12:15,93,290.9,32.9,37.2,79.46,0.43,63.57,0.36,23.1,0.67
2025-05-29,12:30,93,269.2,32.9,36.6,79.65,0.4,63.72,0.34,21.5,0.67
2025-05-29,12:45,93,247.6,32.9,36.0,79.83,0.37,63.86,0.31,19.8,0.67
2025-05-29,13:00,93,225.9,32.8,35.5,80.01,0.34,64.01,0.28,18.1,0.67
2025-05-29,13:15,93,225.0,32.7,35.3,80.05,0.34,64.04,0.28,18.0,0.67
2025-05-29,13:30,93,224.1,32.6,35.2,80.09,0.33,64.08,0.28,17.9,0.67
2025-05-29,13:45,93,223.2,32.5,35.1,80.13,0.33,64.11,0.28,17.9,0.67
2025-05-29,14:00,93,222.3,32.4,35.0,80.18,0.33,64.14,0.28,17.8,0.67
2025-05-29,14:15,93,198.6,32.2,34.2,80.41,0.3,64.33,0.25,15.9,0.67
2025-05-29,14:30,93,174.9,32.1,33.4,80.65,0.26,64.52,0.22,14.1,0.67
2025-05-29,14:45,93,151.2,31.9,32.7,80.89,0.22,64.71,0.19,12.2,0.67
2025-05-29,15:00,93,127.6,31.8,31.9,81.13,0.19,64.9,0.16,10.3,0.67
2025-05-29,15:15,93,110.7,31.5,31.3,81.34,0.16,65.07,0.14,9.0,0.67
2025-05-29,15:30,93,93.8,31.3,30.6,81.54,0.14,65.23,0.12,7.6,0.67
2025-05-29,15:45,93,76.9,31.1,30.0,81.75,0.11,65.4,0.1,6.3,0.67
2025-05-29,16:00,93,60.0,30.9,29.4,81.95,0.09,65.56,0.07,4.9,0.67
2025-05-29,16:15,93,49.0,30.5,28.8,82.14,0.07,65.71,0.06,4.0,0.67
2025-05-29,16:30,93,38.0,30.2,28.2,82.32,0.06,65.86,0.05,3.1,0.67
2025-05-29,16:45,93,27.0,29.9,27.6,82.51,0.04,66.01,0.03,2.2,0.67
2025-05-29,17:00,93,15.9,29.6,27.0,82.7,0.02,66.16,0.02,1.3,0.67
2025-05-29,17:15,93,12.0,29.3,26.6,82.81,0.02,66.25,0.01,1.0,0.67
2025-05-29,17:30,93,8.0,29.1,26.3,82.92,0.01,66.33,0.01,0.7,0.67
2025-05-30,05:15,93,14.4,27.0,24.3,83.54,0.02,66.83,0.02,1.2,0.67
2025-05-30,05:30,93,25.1,27.1,24.8,83.41,0.04,66.73,0.03,2.1,0.67
2025-05-30,05:45,93,35.8,27.3,25.2,83.27,0.05,66.62,0.04,3.0,0.67
2025-05-30,06:00,93,46.5,27.4,25.6,83.14,0.07,66.51,0.06,3.8,0.67
2025-05-30,06:15,93,62.5,27.7,26.3,82.92,0.09,66.33,0.08,5.1,0.67
2025-05-30,06:30,93,78.3,28.0,27.0,82.69,0.12,66.15,0.1,6.4,0.67
2025-05-30,06:45,93,94.2,28.4,27.7,82.47,0.14,65.97,0.12,7.7,0.67
2025-05-30,07:00,93,110.2,28.7,28.4,82.24,0.16,65.8,0.14,9.0,0.67
2025-05-30,07:15,93,127.1,29.0,29.2,82.0,0.19,65.6,0.16,10.3,0.67
2025-05-30,07:30,93,144.0,29.4,30.0,81.75,0.21,65.4,0.18,11.7,0.67
2025-05-30,07:45,93,160.9,29.7,30.7,81.51,0.24,65.21,0.2,13.0,0.67
2025-05-30,08:00,93,177.8,30.1,31.5,81.26,0.26,65.01,0.22,14.4,0.67
2025-05-30,08:15,93,190.0,30.3,32.1,81.09,0.28,64.87,0.24,15.3,0.67
2025-05-30,08:30,93,202.1,30.6,32.6,80.92,0.3,64.73,0.25,16.3,0.67
2025-05-30,08:45,93,214.2,30.8,33.2,80.74,0.32,64.6,0.27,17.2,0.67
2025-05-30,09:00,93,226.4,31.1,33.7,80.57,0.34,64.46,0.28,18.2,0.67
2025-05-30,09:15,93,246.5,31.3,34.4,80.34,0.37,64.27,0.31,19.8,0.67
2025-05-30,09:30,93,266.7,31.5,35.2,80.11,0.4,64.09,0.33,21.3,0.67
2025-05-30,09:45,93,286.8,31.7,35.9,79.88,0.43,63.91,0.36,22.9,0.67
2025-05-30,10:00,93,307.0,31.9,36.6,79.66,0.46,63.73,0.38,24.5,0.67
2025-05-30,10:15,93,304.2,32.1,36.7,79.62,0.45,63.69,0.38,24.2,0.67
2025-05-30,10:30,93,301.4,32.3,36.8,79.58,0.45,63.66,0.38,24.0,0.67
2025-05-30,10:45,93,298.6,32.5,37.0,79.54,0.45,63.63,0.37,23.8,0.67
2025-05-30,11:00,93,295.8,32.7,37.1,79.5,0.44,63.6,0.37,23.5,0.67
2025-05-30,11:15,93,298.6,32.7,37.2,79.46,0.45,63.57,0.37,23.7,0.67
2025-05-30,11:30,93,301.4,32.8,37.3,79.43,0.45,63.54,0.38,24.0,0.67
2025-05-30,11:45,93,304.2,32.8,37.4,79.39,0.45,63.51,0.38,24.2,0.67
2025-05-30,12:00,93,307.0,32.9,37.5,79.36,0.46,63.48,0.38,24.4,0.67
2025-05-30,12:15,93,301.3,32.8,37.3,79.43,0.45,63.54,0.38,24.0,0.67
2025-05-30,12:30,93,295.6,32.7,37.1,79.5,0.44,63.6,0.37,23.5,0.67
2025-05-30,12:45,93,289.8,32.6,36.9,79.57,0.43,63.65,0.36,23.1,0.67
2025-05-30,13:00,93,284.1,32.6,36.7,79.64,0.42,63.71,0.36,22.6,0.67
2025-05-30,13:15,93,282.9,32.4,36.5,79.7,0.42,63.76,0.35,22.5,0.67
2025-05-30,13:30,93,281.6,32.2,36.3,79.76,0.42,63.81,0.35,22.5,0.67
2025-05-30,13:45,93,280.4,32.1,36.1,79.82,0.42,63.86,0.35,22.4,0.67
2025-05-30,14:00,93,279.1,31.9,35.9,79.88,0.42,63.91,0.35,22.3,0.67
2025-05-30,14:15,93,260.5,31.7,35.2,80.09,0.39,64.07,0.33,20.8,0.67
2025-05-30,14:30,93,242.0,31.5,34.6,80.29,0.36,64.23,0.3,19.4,0.67
2025-05-30,14:45,93,223.4,31.4,33.9,80.5,0.33,64.4,0.28,17.9,0.67
2025-05-30,15:00,93,204.9,31.2,33.3,80.7,0.3,64.56,0.26,16.5,0.67
2025-05-30,15:15,93,181.0,30.9,32.4,80.97,0.27,64.78,0.23,14.6,0.67
2025-05-30,15:30,93,157.2,30.7,31.6,81.24,0.23,64.99,0.2,12.7,0.67
2025-05-30,15:45,93,133.3,30.4,30.7,81.51,0.2,65.21,0.17,10.8,0.67
2025-05-30,16:00,93,109.5,30.2,29.9,81.78,0.16,65.42,0.14,8.9,0.67
2025-05-30,16:15,93,89.1,29.8,29.0,82.06,0.13,65.65,0.11,7.3,0.67
2025-05-30,16:30,93,68.7,29.4,28.1,82.34,0.1,65.87,0.09,5.6,0.67
2025-05-30,16:45,93,48.3,29.0,27.2,82.63,0.07,66.1,0.06,4.0,0.67
2025-05-30,17:00,93,27.9,28.6,26.3,82.91,0.04,66.33,0.03,2.3,0.67
2025-05-30,17:15,93,20.9,28.3,25.8,83.06,0.03,66.45,0.03,1.7,0.67
2025-05-30,17:30,93,13.9,28.0,25.3,83.22,0.02,66.57,0.02,1.1,0.67
2025-05-30,17:45,93,7.0,27.7,24.9,83.37,0.01,66.7,0.01,0.6,0.67
2025-05-31,05:15,93,18.7,25.7,23.1,83.92,0.03,67.14,0.02,1.5,0.67
2025-05-31,05:30,93,33.0,25.8,23.7,83.75,0.05,67.0,0.04,2.7,0.67
2025-05-31,05:45,93,47.3,26.0,24.2,83.58,0.07,66.86,0.06,3.9,0.67
2025-05-31,06:00,93,61.5,26.2,24.7,83.41,0.09,66.73,0.08,5.1,0.67
2025-05-31,06:15,93,81.1,26.5,25.6,83.15,0.12,66.52,0.1,6.7,0.67
2025-05-31,06:30,93,100.6,26.8,26.4,82.9,0.15,66.32,0.12,8.3,0.67
2025-05-31,06:45,93,120.2,27.2,27.2,82.64,0.18,66.11,0.15,9.8,0.67
2025-05-31,07:00,93,139.8,27.5,28.0,82.39,0.21,65.91,0.17,11.4,0.67
2025-05-31,07:15,93,158.7,27.9,28.9,82.09,0.24,65.67,0.2,12.9,0.67
2025-05-31,07:30,93,177.7,28.4,29.8,81.79,0.26,65.43,0.22,14.4,0.67
2025-05-31,07:45,93,196.7,28.9,30.8,81.5,0.29,65.2,0.24,15.9,0.67
2025-05-31,08:00,93,215.7,29.3,31.7,81.2,0.32,64.96,0.27,17.4,0.67
2025-05-31,08:15,93,224.2,29.8,32.4,80.99,0.33,64.79,0.28,18.1,0.67
2025-05-31,08:30,93,232.7,30.2,33.0,80.79,0.35,64.63,0.29,18.7,0.67
2025-05-31,08:45,93,241.2,30.6,33.7,80.58,0.36,64.46,0.3,19.4,0.67
2025-05-31,09:00,93,249.7,31.1,34.3,80.37,0.37,64.3,0.31,20.0,0.67
2025-05-31,09:15,93,258.3,31.4,34.9,80.2,0.39,64.16,0.32,20.7,0.67
2025-05-31,09:30,93,266.9,31.8,35.4,80.02,0.4,64.02,0.33,21.3,0.67
2025-05-31,09:45,93,275.5,32.1,36.0,79.85,0.41,63.88,0.34,22.0,0.67
2025-05-31,10:00,93,284.1,32.4,36.5,79.68,0.42,63.74,0.36,22.6,0.67
2025-05-31,10:15,93,288.6,32.7,36.9,79.54,0.43,63.64,0.36,23.0,0.67
2025-05-31,10:30,93,293.0,33.0,37.4,79.41,0.44,63.53,0.37,23.3,0.67
2025-05-31,10:45,93,297.4,33.3,37.8,79.28,0.44,63.42,0.37,23.6,0.67
2025-05-31,11:00,93,301.9,33.6,38.2,79.15,0.45,63.32,0.38,23.9,0.67
2025-05-31,11:15,93,308.8,33.9,38.6,79.03,0.46,63.22,0.39,24.5,0.67
2025-05-31,11:30,93,315.6,34.1,39.0,78.91,0.47,63.13,0.4,25.0,0.67
2025-05-31,11:45,93,322.5,34.3,39.3,78.79,0.48,63.03,0.4,25.5,0.67
2025-05-31,12:00,93,329.4,34.5,39.7,78.67,0.49,62.93,0.41,26.0,0.67
2025-05-31,12:15,93,326.2,34.6,39.7,78.67,0.49,62.94,0.41,25.8,0.67
2025-05-31,12:30,93,323.0,34.6,39.7,78.67,0.48,62.94,0.41,25.5,0.67
2025-05-31,12:45,93,319.8,34.7,39.7,78.67,0.48,62.94,0.4,25.2,0.67
2025-05-31,13:00,93,316.6,34.8,39.7,78.67,0.47,62.94,0.4,25.0,0.67
2025-05-31,13:15,93,309.4,34.7,39.5,78.75,0.46,63.0,0.39,24.4,0.67
2025-05-31,13:30,93,302.2,34.7,39.2,78.83,0.45,63.06,0.38,23.9,0.67
2025-05-31,13:45,93,295.0,34.6,39.0,78.91,0.44,63.12,0.37,23.3,0.67
2025-05-31,14:00,93,287.8,34.5,38.7,78.98,0.43,63.19,0.36,22.8,0.67
2025-05-31,14:15,93,269.8,34.4,38.1,79.18,0.4,63.35,0.34,21.4,0.67
2025-05-31,14:30,93,251.8,34.2,37.5,79.38,0.38,63.5,0.32,20.0,0.67
2025-05-31,14:45,93,233.8,34.0,36.8,79.58,0.35,63.66,0.29,18.6,0.67
2025-05-31,15:00,93,215.8,33.8,36.2,79.78,0.32,63.82,0.27,17.2,0.67
2025-05-31,15:15,93,189.8,33.5,35.2,80.09,0.28,64.07,0.24,15.2,0.67
2025-05-31,15:30,93,163.7,33.2,34.3,80.4,0.24,64.32,0.2,13.1,0.67
2025-05-31,15:45,93,137.6,32.8,33.3,80.71,0.2,64.56,0.17,11.1,0.67
2025-05-31,16:00,93,111.5,32.5,32.3,81.01,0.17,64.81,0.14,9.0,0.67
2025-05-31,16:15,93,91.0,32.0,31.3,81.35,0.14,65.08,0.11,7.4,0.67
2025-05-31,16:30,93,70.5,31.5,30.2,81.68,0.1,65.34,0.09,5.7,0.67
2025-05-31,16:45,93,49.9,30.9,29.2,82.01,0.07,65.61,0.06,4.1,0.67
2025-05-31,17:00,93,29.4,30.4,28.1,82.34,0.04,65.87,0.04,2.4,0.67
2025-05-31,17:15,93,22.1,29.8,27.4,82.57,0.03,66.05,0.03,1.8,0.67
2025-05-31,17:30,93,14.7,29.3,26.7,82.8,0.02,66.24,0.02,1.2,0.67
2025-05-31,17:45,93,7.4,28.8,26.0,83.02,0.01,66.42,0.01,0.6,0.67
2025-06-01,05:00,93,6.7,25.1,22.3,84.19,0.01,67.35,0.01,0.6,0.67
2025-06-01,05:15,93,30.3,25.5,23.2,83.89,0.04,67.11,0.04,2.5,0.67
2025-06-01,05:30,93,54.0,25.8,24.2,83.59,0.08,66.88,0.07,4.5,0.67
2025-06-01,05:45,93,77.7,26.2,25.1,83.3,0.11,66.64,0.1,6.4,0.67
2025-06-01,06:00,93,101.3,26.5,26.0,83.0,0.15,66.4,0.13,8.3,0.67
2025-06-01,06:15,93,142.3,26.9,27.4,82.56,0.21,66.05,0.18,11.6,0.67
2025-06-01,06:30,93,183.2,27.2,28.8,82.12,0.27,65.7,0.23,14.9,0.67
2025-06-01,06:45,93,224.1,27.6,30.2,81.69,0.33,65.35,0.28,18.2,0.67
2025-06-01,07:00,93,265.1,27.9,31.6,81.25,0.39,65.0,0.33,21.4,0.67
2025-06-01,07:15,93,310.7,28.4,33.2,80.75,0.46,64.6,0.39,25.0,0.67
2025-06-01,07:30,93,356.3,28.8,34.8,80.24,0.53,64.19,0.44,28.5,0.67
2025-06-01,07:45,93,401.9,29.3,36.3,79.73,0.6,63.79,0.5,32.0,0.67
2025-06-01,08:00,93,447.5,29.8,37.9,79.23,0.67,63.38,0.56,35.5,0.67
2025-06-01,08:15,93,495.5,30.3,39.7,78.68,0.74,62.94,0.62,39.1,0.67
2025-06-01,08:30,93,543.5,30.8,41.4,78.13,0.82,62.5,0.68,42.7,0.67
2025-06-01,08:45,93,591.5,31.4,43.2,77.58,0.89,62.06,0.74,46.2,0.67
2025-06-01,09:00,93,639.5,31.9,44.9,77.02,0.96,61.62,0.81,49.7,0.67
2025-06-01,09:15,93,683.8,32.5,46.6,76.5,1.03,61.2,0.86,52.8,0.67
2025-06-01,09:30,93,728.1,33.0,48.2,75.97,1.1,60.77,0.92,56.0,0.67
2025-06-01,09:45,93,772.4,33.6,49.9,75.44,1.17,60.35,0.98,59.1,0.67
2025-06-01,10:00,93,816.7,34.2,51.6,74.91,1.24,59.93,1.04,62.1,0.67
2025-06-01,10:15,93,794.7,34.5,51.4,74.97,1.2,59.98,1.01,60.5,0.67
2025-06-01,10:30,93,772.6,34.9,51.2,75.04,1.17,60.03,0.98,58.8,0.67
2025-06-01,10:45,93,750.5,35.2,51.0,75.1,1.14,60.08,0.95,57.2,0.67
2025-06-01,11:00,93,728.5,35.6,50.8,75.17,1.1,60.13,0.92,55.5,0.67
2025-06-01,11:15,93,745.2,35.7,51.4,74.98,1.13,59.98,0.95,56.7,0.67
2025-06-01,11:30,93,761.9,35.9,52.0,74.79,1.15,59.83,0.97,57.9,0.67
2025-06-01,11:45,93,778.6,36.1,52.6,74.6,1.18,59.68,0.99,59.0,0.67
2025-06-01,12:00,93,795.3,36.3,53.2,74.41,1.21,59.53,1.01,60.2,0.67
2025-06-01,12:15,93,760.6,36.3,52.4,74.66,1.15,59.73,0.97,57.7,0.67
2025-06-01,12:30,93,725.8,36.4,51.5,74.92,1.1,59.94,0.92,55.2,0.67
2025-06-01,12:45,93,691.1,36.5,50.7,75.18,1.05,60.14,0.88,52.7,0.67
2025-06-01,13:00,93,656.4,36.5,49.9,75.44,0.99,60.35,0.83,50.2,0.67
2025-06-01,13:15,93,644.6,36.4,49.5,75.57,0.97,60.45,0.82,49.3,0.67
2025-06-01,13:30,93,632.7,36.3,49.1,75.69,0.96,60.56,0.8,48.5,0.67
2025-06-01,13:45,93,620.9,36.2,48.7,75.82,0.94,60.66,0.79,47.7,0.67
2025-06-01,14:00,93,609.1,36.1,48.3,75.95,0.92,60.76,0.77,46.8,0.67
2025-06-01,14:15,93,561.8,35.8,46.9,76.4,0.85,61.12,0.71,43.4,0.67
2025-06-01,14:30,93,514.5,35.6,45.4,76.85,0.77,61.48,0.65,39.9,0.67
2025-06-01,14:45,93,467.3,35.3,44.0,77.3,0.7,61.84,0.59,36.4,0.67
2025-06-01,15:00,93,420.0,35.1,42.6,77.76,0.63,62.2,0.53,32.9,0.67
2025-06-01,15:15,93,367.4,34.7,40.9,78.29,0.55,62.63,0.46,28.9,0.67
2025-06-01,15:30,93,314.9,34.4,39.2,78.82,0.47,63.06,0.39,24.9,0.67
2025-06-01,15:45,93,262.3,34.0,37.5,79.36,0.39,63.49,0.33,20.8,0.67
2025-06-01,16:00,93,209.7,33.6,35.9,79.89,0.31,63.91,0.26,16.7,0.67
2025-06-01,16:15,93,170.4,33.1,34.4,80.36,0.25,64.29,0.21,13.7,0.67
2025-06-01,16:30,93,131.1,32.6,32.9,80.83,0.2,64.67,0.16,10.6,0.67
2025-06-01,16:45,93,91.8,32.1,31.4,81.3,0.14,65.04,0.11,7.4,0.67
2025-06-01,17:00,93,52.5,31.6,29.9,81.77,0.08,65.42,0.07,4.3,0.67
2025-06-01,17:15,93,39.4,31.1,29.1,82.02,0.06,65.62,0.05,3.2,0.67
2025-06-01,17:30,93,26.3,30.7,28.3,82.27,0.04,65.82,0.03,2.1,0.67
2025-06-01,17:45,93,13.1,30.2,27.5,82.52,0.02,66.02,0.02,1.1,0.67
2025-06-02,04:45,93,5.9,25.0,22.1,84.23,0.01,67.38,0.01,0.5,0.67
2025-06-02,05:00,93,7.9,25.0,22.2,84.22,0.01,67.38,0.01,0.7,0.67
2025-06-02,05:15,93,40.1,25.3,23.3,83.87,0.06,67.1,0.05,3.3,0.67
2025-06-02,05:30,93,72.3,25.6,24.4,83.52,0.11,66.81,0.09,6.0,0.67
2025-06-02,05:45,93,104.5,25.9,25.5,83.16,0.15,66.53,0.13,8.6,0.67
2025-06-02,06:00,93,136.7,26.2,26.6,82.81,0.2,66.25,0.17,11.2,0.67
2025-06-02,06:15,93,191.0,26.6,28.4,82.25,0.28,65.8,0.24,15.6,0.67
2025-06-02,06:30,93,245.2,27.1,30.2,81.68,0.36,65.34,0.3,19.9,0.67
2025-06-02,06:45,93,299.5,27.5,32.0,81.11,0.45,64.89,0.37,24.2,0.67
2025-06-02,07:00,93,353.8,27.9,33.8,80.55,0.53,64.44,0.44,28.4,0.67
2025-06-02,07:15,93,408.6,28.5,35.8,79.92,0.61,63.94,0.51,32.6,0.67
2025-06-02,07:30,93,463.5,29.1,37.7,79.3,0.69,63.44,0.58,36.8,0.67
2025-06-02,07:45,93,518.4,29.7,39.7,78.67,0.78,62.94,0.65,40.9,0.67
2025-06-02,08:00,93,573.2,30.3,41.7,78.05,0.86,62.44,0.72,45.0,0.67
2025-06-02,08:15,93,595.8,30.8,42.7,77.72,0.89,62.17,0.75,46.6,0.67
2025-06-02,08:30,93,618.2,31.3,43.8,77.39,0.93,61.91,0.78,48.2,0.67
2025-06-02,08:45,93,640.8,31.8,44.8,77.06,0.96,61.65,0.81,49.8,0.67
2025-06-02,09:00,93,663.2,32.3,45.9,76.73,1.0,61.38,0.84,51.4,0.67
2025-06-02,09:15,93,669.5,32.6,46.3,76.57,1.01,61.26,0.85,51.8,0.67
2025-06-02,09:30,93,675.7,32.9,46.8,76.41,1.02,61.13,0.85,52.2,0.67
2025-06-02,09:45,93,681.9,33.3,47.3,76.26,1.03,61.01,0.86,52.6,0.67
2025-06-02,10:00,93,688.1,33.6,47.8,76.1,1.04,60.88,0.87,53.0,0.67
2025-06-02,10:15,93,708.6,33.8,48.5,75.88,1.07,60.7,0.9,54.4,0.67
2025-06-02,10:30,93,729.1,34.0,49.2,75.65,1.1,60.52,0.92,55.9,0.67
2025-06-02,10:45,93,749.6,34.2,50.0,75.42,1.13,60.34,0.95,57.3,0.67
2025-06-02,11:00,93,770.1,34.4,50.7,75.2,1.17,60.16,0.98,58.7,0.67
2025-06-02,11:15,93,731.3,34.5,49.8,75.47,1.11,60.38,0.93,55.9,0.67
2025-06-02,11:30,93,692.5,34.6,48.9,75.75,1.05,60.6,0.88,53.1,0.67
2025-06-02,11:45,93,653.6,34.7,48.1,76.02,0.99,60.82,0.83,50.3,0.67
2025-06-02,12:00,93,614.8,34.8,47.2,76.3,0.93,61.04,0.78,47.4,0.67
2025-06-02,12:15,93,625.6,34.8,47.4,76.23,0.94,60.98,0.79,48.2,0.67
2025-06-02,12:30,93,636.4,34.7,47.7,76.15,0.96,60.92,0.8,49.0,0.67
2025-06-02,12:45,93,647.2,34.7,47.9,76.08,0.98,60.87,0.82,49.8,0.67
2025-06-02,13:00,93,658.0,34.7,48.1,76.01,0.99,60.81,0.83,50.6,0.67
2025-06-02,13:15,93,624.3,34.6,47.2,76.31,0.94,61.05,0.79,48.2,0.67
2025-06-02,13:30,93,590.7,34.5,46.2,76.6,0.89,61.28,0.75,45.7,0.67
2025-06-02,13:45,93,557.1,34.4,45.3,76.9,0.84,61.52,0.7,43.2,0.67
2025-06-02,14:00,93,523.4,34.3,44.4,77.2,0.79,61.76,0.66,40.7,0.67
2025-06-02,14:15,93,492.6,34.2,43.5,77.48,0.74,61.98,0.62,38.4,0.67
2025-06-02,14:30,93,461.8,34.0,42.6,77.76,0.69,62.21,0.58,36.1,0.67
2025-06-02,14:45,93,431.0,33.9,41.7,78.04,0.65,62.43,0.54,33.8,0.67
2025-06-02,15:00,93,400.2,33.8,40.8,78.31,0.6,62.65,0.5,31.5,0.67
2025-06-02,15:15,93,355.4,33.6,39.5,78.74,0.53,62.99,0.45,28.1,0.67
2025-06-02,15:30,93,310.6,33.4,38.2,79.16,0.46,63.33,0.39,24.6,0.67
2025-06-02,15:45,93,265.9,33.2,36.8,79.58,0.4,63.67,0.33,21.2,0.67
2025-06-02,16:00,93,221.1,33.0,35.5,80.01,0.33,64.01,0.28,17.7,0.67
2025-06-02,16:15,93,179.1,32.5,34.0,80.49,0.27,64.39,0.22,14.4,0.67
2025-06-02,16:30,93,137.1,32.0,32.5,80.97,0.2,64.77,0.17,11.1,0.67
2025-06-02,16:45,93,95.1,31.6,30.9,81.45,0.14,65.16,0.12,7.7,0.67
2025-06-02,17:00,93,53.1,31.1,29.4,81.93,0.08,65.54,0.07,4.3,0.67
2025-06-02,17:15,93,39.8,30.7,28.7,82.17,0.06,65.74,0.05,3.2,0.67
2025-06-02,17:30,93,26.5,30.2,27.9,82.41,0.04,65.93,0.03,2.2,0.67
2025-06-02,17:45,93,13.3,29.8,27.1,82.65,0.02,66.12,0.02,1.1,0.67
2025-06-03,05:00,93,6.5,25.6,22.7,84.05,0.01,67.24,0.01,0.5,0.67
2025-06-03,05:15,93,32.8,25.9,23.7,83.75,0.05,67.0,0.04,2.7,0.67
2025-06-03,05:30,93,59.1,26.1,24.6,83.45,0.09,66.76,0.07,4.9,0.67
2025-06-03,05:45,93,85.3,26.4,25.6,83.15,0.13,66.52,0.11,7.0,0.67
2025-06-03,06:00,93,111.6,26.7,26.5,82.85,0.16,66.28,0.14,9.2,0.67
2025-06-03,06:15,93,157.0,27.1,28.1,82.35,0.23,65.88,0.19,12.8,0.67
2025-06-03,06:30,93,202.5,27.6,29.6,81.86,0.3,65.49,0.25,16.5,0.67
2025-06-03,06:45,93,247.9,28.0,31.2,81.37,0.37,65.1,0.31,20.1,0.67
2025-06-03,07:00,93,293.4,28.4,32.7,80.88,0.44,64.7,0.37,23.6,0.67
2025-06-03,07:15,93,347.4,28.9,34.6,80.28,0.52,64.22,0.43,27.8,0.67
2025-06-03,07:30,93,401.5,29.5,36.5,79.68,0.6,63.74,0.5,32.0,0.67
2025-06-03,07:45,93,455.5,30.0,38.4,79.08,0.68,63.26,0.57,36.1,0.67
2025-06-03,08:00,93,509.6,30.6,40.3,78.47,0.76,62.78,0.64,40.2,0.67
2025-06-03,08:15,93,528.7,31.1,41.3,78.16,0.79,62.53,0.66,41.5,0.67
2025-06-03,08:30,93,547.8,31.6,42.3,77.85,0.82,62.28,0.69,42.9,0.67
2025-06-03,08:45,93,566.9,32.1,43.3,77.54,0.85,62.03,0.71,44.3,0.67
2025-06-03,09:00,93,586.0,32.6,44.2,77.23,0.88,61.79,0.74,45.6,0.67
2025-06-03,09:15,93,607.8,33.0,45.2,76.94,0.92,61.55,0.77,47.2,0.67
2025-06-03,09:30,93,629.7,33.3,46.1,76.65,0.95,61.32,0.79,48.7,0.67
2025-06-03,09:45,93,651.6,33.7,47.0,76.36,0.98,61.09,0.82,50.3,0.67
2025-06-03,10:00,93,673.5,34.1,47.9,76.07,1.02,60.86,0.85,51.8,0.67
2025-06-03,10:15,93,659.4,34.4,47.8,76.09,1.0,60.88,0.83,50.8,0.67
2025-06-03,10:30,93,645.4,34.6,47.8,76.12,0.97,60.89,0.82,49.7,0.67
2025-06-03,10:45,93,631.4,34.9,47.7,76.14,0.95,60.91,0.8,48.6,0.67
2025-06-03,11:00,93,617.4,35.2,47.6,76.16,0.93,60.93,0.78,47.6,0.67
2025-06-03,11:15,93,622.3,35.4,47.9,76.07,0.94,60.86,0.79,47.9,0.67
2025-06-03,11:30,93,627.3,35.5,48.2,75.98,0.95,60.78,0.79,48.2,0.67
2025-06-03,11:45,93,632.2,35.7,48.5,75.89,0.96,60.71,0.8,48.6,0.67
2025-06-03,12:00,93,637.2,35.9,48.8,75.79,0.96,60.64,0.81,48.9,0.67
2025-06-03,12:15,93,595.0,35.9,47.8,76.11,0.9,60.89,0.75,45.8,0.67
2025-06-03,12:30,93,552.7,36.0,46.8,76.42,0.83,61.14,0.7,42.7,0.67
2025-06-03,12:45,93,510.5,36.1,45.8,76.74,0.77,61.39,0.64,39.5,0.67
2025-06-03,13:00,93,468.2,36.1,44.8,77.05,0.7,61.64,0.59,36.4,0.67
2025-06-03,13:15,93,489.6,36.1,45.3,76.89,0.74,61.51,0.62,38.0,0.67
2025-06-03,13:30,93,511.0,36.0,45.8,76.73,0.77,61.39,0.64,39.6,0.67
2025-06-03,13:45,93,532.3,36.0,46.3,76.58,0.8,61.26,0.67,41.2,0.67
2025-06-03,14:00,93,553.7,36.0,46.8,76.42,0.84,61.13,0.7,42.8,0.67
2025-06-03,14:15,93,519.9,35.8,45.8,76.73,0.78,61.38,0.66,40.3,0.67
2025-06-03,14:30,93,486.2,35.7,44.9,77.04,0.73,61.63,0.61,37.8,0.67
2025-06-03,14:45,93,452.4,35.6,43.9,77.35,0.68,61.88,0.57,35.3,0.67
2025-06-03,15:00,93,418.6,35.4,42.9,77.66,0.63,62.13,0.53,32.7,0.67
2025-06-03,15:15,93,369.3,35.1,41.3,78.15,0.55,62.52,0.46,29.0,0.67
2025-06-03,15:30,93,320.0,34.8,39.8,78.64,0.48,62.92,0.4,25.3,0.67
2025-06-03,15:45,93,270.7,34.5,38.2,79.14,0.4,63.31,0.34,21.5,0.67
2025-06-03,16:00,93,221.4,34.1,36.7,79.63,0.33,63.7,0.28,17.6,0.67
2025-06-03,16:15,93,179.1,33.5,35.0,80.16,0.27,64.13,0.22,14.3,0.67
2025-06-03,16:30,93,136.9,32.9,33.3,80.69,0.2,64.55,0.17,11.0,0.67
2025-06-03,16:45,93,94.6,32.3,31.7,81.22,0.14,64.97,0.12,7.6,0.67
2025-06-03,17:00,93,52.3,31.7,30.0,81.75,0.08,65.4,0.07,4.3,0.67
2025-06-03,17:15,93,39.2,31.2,29.2,82.0,0.06,65.6,0.05,3.2,0.67
2025-06-03,17:30,93,26.2,30.8,28.4,82.24,0.04,65.8,0.03,2.1,0.67
2025-06-03,17:45,93,13.1,30.3,27.6,82.49,0.02,65.99,0.02,1.1,0.67
2025-06-04,05:00,93,5.8,25.5,22.7,84.07,0.01,67.25,0.01,0.5,0.67
2025-06-04,05:15,93,25.2,25.7,23.4,83.84,0.04,67.07,0.03,2.1,0.67
2025-06-04,05:30,93,44.5,26.0,24.1,83.62,0.07,66.9,0.05,3.7,0.67
2025-06-04,05:45,93,63.8,26.2,24.8,83.4,0.09,66.72,0.08,5.3,0.67
2025-06-04,06:00,93,83.2,26.4,25.5,83.17,0.12,66.54,0.1,6.8,0.67
2025-06-04,06:15,93,116.9,26.7,26.7,82.8,0.17,66.24,0.14,9.6,0.67
2025-06-04,06:30,93,150.7,27.1,27.9,82.42,0.22,65.94,0.19,12.3,0.67
2025-06-04,06:45,93,184.5,27.4,29.0,82.05,0.27,65.64,0.23,15.0,0.67
2025-06-04,07:00,93,218.3,27.8,30.2,81.68,0.32,65.34,0.27,17.7,0.67
2025-06-04,07:15,93,264.0,28.3,31.9,81.16,0.39,64.92,0.33,21.3,0.67
2025-06-04,07:30,93,309.8,28.8,33.5,80.63,0.46,64.51,0.39,24.9,0.67
2025-06-04,07:45,93,355.6,29.3,35.1,80.11,0.53,64.09,0.44,28.5,0.67
2025-06-04,08:00,93,401.4,29.8,36.8,79.59,0.6,63.67,0.5,32.0,0.67
2025-06-04,08:15,93,420.3,30.3,37.8,79.29,0.63,63.43,0.53,33.4,0.67
2025-06-04,08:30,93,439.2,30.7,38.7,78.98,0.66,63.19,0.55,34.8,0.67
2025-06-04,08:45,93,458.1,31.2,39.7,78.68,0.69,62.94,0.57,36.2,0.67
2025-06-04,09:00,93,477.0,31.7,40.7,78.37,0.72,62.7,0.6,37.5,0.67
2025-06-04,09:15,93,498.4,32.1,41.6,78.07,0.75,62.46,0.63,39.1,0.67
2025-06-04,09:30,93,519.7,32.5,42.5,77.78,0.78,62.22,0.65,40.7,0.67
2025-06-04,09:45,93,541.1,32.9,43.5,77.48,0.81,61.98,0.68,42.2,0.67
2025-06-04,10:00,93,562.5,33.4,44.4,77.18,0.85,61.75,0.71,43.8,0.67
2025-06-04,10:15,93,584.5,33.7,45.3,76.89,0.88,61.51,0.74,45.4,0.67
2025-06-04,10:30,93,606.6,34.1,46.2,76.6,0.91,61.28,0.77,46.9,0.67
2025-06-04,10:45,93,628.7,34.4,47.1,76.32,0.95,61.05,0.79,48.5,0.67
2025-06-04,11:00,93,650.8,34.8,48.1,76.03,0.98,60.82,0.82,50.1,0.67
2025-06-04,11:15,93,669.6,35.1,48.8,75.78,1.01,60.63,0.85,51.4,0.67
2025-06-04,11:30,93,688.4,35.4,49.6,75.54,1.04,60.43,0.87,52.7,0.67
2025-06-04,11:45,93,707.2,35.7,50.4,75.29,1.07,60.23,0.9,54.0,0.67
2025-06-04,12:00,93,726.0,36.0,51.2,75.05,1.1,60.04,0.92,55.3,0.67
2025-06-04,12:15,93,691.0,36.2,50.5,75.27,1.05,60.21,0.88,52.7,0.67
2025-06-04,12:30,93,655.9,36.4,49.8,75.49,0.99,60.39,0.83,50.2,0.67
2025-06-04,12:45,93,620.8,36.5,49.1,75.71,0.94,60.57,0.79,47.6,0.67
2025-06-04,13:00,93,585.7,36.7,48.4,75.93,0.88,60.74,0.74,45.0,0.67
2025-06-04,13:15,93,570.4,36.8,48.0,76.04,0.86,60.83,0.72,43.9,0.67
2025-06-04,13:30,93,555.1,36.8,47.7,76.15,0.84,60.92,0.7,42.7,0.67
2025-06-04,13:45,93,539.8,36.8,47.3,76.26,0.81,61.01,0.68,41.6,0.67
2025-06-04,14:00,93,524.5,36.9,47.0,76.37,0.79,61.1,0.66,40.5,0.67
2025-06-04,14:15,93,481.1,36.7,45.8,76.76,0.72,61.41,0.61,37.3,0.67
2025-06-04,14:30,93,437.8,36.6,44.5,77.14,0.66,61.72,0.55,34.1,0.67
2025-06-04,14:45,93,394.5,36.4,43.3,77.53,0.59,62.02,0.5,30.8,0.67
2025-06-04,15:00,93,351.1,36.3,42.1,77.92,0.53,62.33,0.44,27.5,0.67
2025-06-04,15:15,93,310.8,36.0,40.7,78.34,0.47,62.68,0.39,24.5,0.67
2025-06-04,15:30,93,270.4,35.6,39.4,78.77,0.4,63.02,0.34,21.4,0.67
2025-06-04,15:45,93,230.1,35.3,38.0,79.2,0.34,63.36,0.29,18.3,0.67
2025-06-04,16:00,93,189.8,35.0,36.7,79.63,0.28,63.7,0.24,15.1,0.67
2025-06-04,16:15,93,154.1,34.3,35.1,80.13,0.23,64.1,0.19,12.3,0.67
2025-06-04,16:30,93,118.5,33.6,33.5,80.63,0.18,64.5,0.15,9.5,0.67
2025-06-04,16:45,93,82.8,32.9,31.9,81.13,0.12,64.9,0.1,6.7,0.67
2025-06-04,17:00,93,47.2,32.2,30.4,81.63,0.07,65.3,0.06,3.8,0.67
2025-06-04,17:15,93,35.4,31.6,29.4,81.92,0.05,65.54,0.04,2.9,0.67
2025-06-04,17:30,93,23.6,30.9,28.5,82.22,0.03,65.77,0.03,1.9,0.67
2025-06-04,17:45,93,11.8,30.3,27.6,82.51,0.02,66.01,0.01,1.0,0.67
2025-06-05,04:45,93,6.1,23.8,20.9,84.63,0.01,67.7,0.01,0.5,0.67
2025-06-05,05:00,93,8.1,23.7,20.9,84.63,0.01,67.7,0.01,0.7,0.67
2025-06-05,05:15,93,41.0,24.0,22.0,84.27,0.06,67.42,0.05,3.4,0.67
2025-06-05,05:30,93,73.8,24.3,23.2,83.91,0.11,67.13,0.09,6.1,0.67
2025-06-05,05:45,93,106.6,24.6,24.3,83.55,0.16,66.84,0.13,8.8,0.67
2025-06-05,06:00,93,139.5,24.9,25.4,83.19,0.21,66.55,0.17,11.5,0.67
2025-06-05,06:15,93,195.7,25.5,27.4,82.56,0.29,66.05,0.24,16.0,0.67
2025-06-05,06:30,93,251.9,26.1,29.4,81.94,0.37,65.55,0.31,20.5,0.67
2025-06-05,06:45,93,308.0,26.7,31.4,81.31,0.46,65.05,0.38,24.9,0.67
2025-06-05,07:00,93,364.2,27.2,33.3,80.69,0.54,64.55,0.45,29.3,0.67
2025-06-05,07:15,93,420.1,28.3,35.8,79.91,0.63,63.93,0.52,33.6,0.67
2025-06-05,07:30,93,475.9,29.3,38.2,79.14,0.71,63.31,0.6,37.7,0.67
2025-06-05,07:45,93,531.7,30.4,40.7,78.36,0.8,62.69,0.67,41.9,0.67
2025-06-05,08:00,93,587.6,31.4,43.1,77.59,0.88,62.07,0.74,45.9,0.67
2025-06-05,08:15,93,632.7,32.1,44.9,77.01,0.95,61.61,0.8,49.1,0.67
2025-06-05,08:30,93,677.8,32.8,46.8,76.44,1.02,61.15,0.86,52.4,0.67
2025-06-05,08:45,93,722.9,33.5,48.6,75.87,1.09,60.69,0.91,55.5,0.67
2025-06-05,09:00,93,768.0,34.2,50.4,75.29,1.16,60.24,0.97,58.6,0.67
2025-06-05,09:15,93,798.4,34.6,51.6,74.92,1.21,59.93,1.01,60.7,0.67
2025-06-05,09:30,93,828.8,35.0,52.8,74.54,1.26,59.63,1.05,62.8,0.67
2025-06-05,09:45,93,859.2,35.5,54.0,74.16,1.3,59.33,1.09,64.8,0.67
2025-06-05,10:00,93,889.5,35.9,55.1,73.78,1.35,59.03,1.13,66.9,0.67
2025-06-05,10:15,93,890.7,36.2,55.5,73.67,1.35,58.93,1.13,66.9,0.67
2025-06-05,10:30,93,891.9,36.6,55.9,73.55,1.36,58.84,1.14,66.9,0.67
2025-06-05,10:45,93,893.1,36.9,56.2,73.44,1.36,58.75,1.14,66.9,0.67
2025-06-05,11:00,93,894.2,37.2,56.6,73.33,1.36,58.66,1.14,66.9,0.67
2025-06-05,11:15,93,889.5,37.4,56.7,73.31,1.35,58.64,1.13,66.5,0.67
2025-06-05,11:30,93,884.7,37.6,56.7,73.29,1.35,58.63,1.13,66.1,0.67
2025-06-05,11:45,93,879.9,37.8,56.8,73.26,1.34,58.61,1.12,65.8,0.67
2025-06-05,12:00,93,875.1,38.0,56.8,73.24,1.33,58.6,1.12,65.4,0.67
2025-06-05,12:15,93,862.3,38.0,56.6,73.32,1.31,58.66,1.1,64.5,0.67
2025-06-05,12:30,93,849.6,38.1,56.4,73.4,1.29,58.72,1.08,63.6,0.67
2025-06-05,12:45,93,836.9,38.2,56.1,73.48,1.27,58.78,1.07,62.7,0.67
2025-06-05,13:00,93,824.1,38.2,55.9,73.56,1.25,58.85,1.05,61.8,0.67
2025-06-05,13:15,93,784.7,38.2,54.8,73.89,1.19,59.11,1.0,59.0,0.67
2025-06-05,13:30,93,745.3,38.1,53.8,74.22,1.13,59.38,0.95,56.3,0.67
2025-06-05,13:45,93,705.9,38.1,52.7,74.55,1.07,59.64,0.9,53.5,0.67
2025-06-05,14:00,93,666.5,38.0,51.7,74.88,1.01,59.91,0.85,50.7,0.67
2025-06-05,14:15,93,612.2,37.8,50.1,75.37,0.93,60.29,0.78,46.8,0.67
2025-06-05,14:30,93,557.8,37.7,48.6,75.85,0.84,60.68,0.71,42.8,0.67
2025-06-05,14:45,93,503.5,37.5,47.1,76.33,0.76,61.07,0.64,38.8,0.67
2025-06-05,15:00,93,449.1,37.3,45.6,76.82,0.68,61.45,0.57,34.8,0.67
2025-06-05,15:15,93,396.4,37.0,43.9,77.34,0.6,61.87,0.5,30.9,0.67
2025-06-05,15:30,93,343.6,36.7,42.3,77.86,0.52,62.29,0.43,26.9,0.67
2025-06-05,15:45,93,290.8,36.3,40.6,78.39,0.44,62.71,0.37,22.9,0.67
2025-06-05,16:00,93,238.0,36.0,39.0,78.91,0.36,63.13,0.3,18.8,0.67
2025-06-05,16:15,93,192.9,35.3,37.1,79.49,0.29,63.59,0.24,15.3,0.67
2025-06-05,16:30,93,147.7,34.6,35.3,80.07,0.22,64.05,0.18,11.8,0.67
2025-06-05,16:45,93,102.6,33.9,33.5,80.65,0.15,64.52,0.13,8.3,0.67
2025-06-05,17:00,93,57.5,33.2,31.6,81.22,0.09,64.98,0.07,4.6,0.67
2025-06-05,17:15,93,43.1,32.7,30.7,81.51,0.06,65.21,0.05,3.5,0.67
2025-06-05,17:30,93,28.7,32.1,29.8,81.8,0.04,65.44,0.04,2.3,0.67
2025-06-05,17:45,93,14.4,31.6,28.9,82.09,0.02,65.67,0.02,1.2,0.67
2025-06-06,04:45,93,5.1,26.8,24.0,83.66,0.01,66.93,0.01,0.4,0.67
2025-06-06,05:00,93,6.8,26.8,24.0,83.65,0.01,66.92,0.01,0.6,0.67
2025-06-06,05:15,93,32.4,27.1,24.9,83.35,0.05,66.68,0.04,2.7,0.67
2025-06-06,05:30,93,58.0,27.4,25.9,83.05,0.09,66.44,0.07,4.8,0.67
2025-06-06,05:45,93,83.7,27.7,26.8,82.75,0.12,66.2,0.1,6.9,0.67
2025-06-06,06:00,93,109.3,28.1,27.8,82.45,0.16,65.96,0.14,8.9,0.67
2025-06-06,06:15,93,154.7,28.5,29.4,81.95,0.23,65.56,0.19,12.6,0.67
2025-06-06,06:30,93,200.0,28.9,30.9,81.45,0.3,65.16,0.25,16.2,0.67
2025-06-06,06:45,93,245.4,29.4,32.5,80.96,0.36,64.77,0.31,19.8,0.67
2025-06-06,07:00,93,290.8,29.8,34.1,80.46,0.43,64.37,0.36,23.3,0.67
2025-06-06,07:15,93,339.3,30.3,35.8,79.91,0.51,63.92,0.42,27.1,0.67
2025-06-06,07:30,93,387.9,30.9,37.6,79.35,0.58,63.48,0.49,30.8,0.67
2025-06-06,07:45,93,436.4,31.4,39.3,78.8,0.65,63.04,0.55,34.5,0.67
2025-06-06,08:00,93,485.0,31.9,41.1,78.24,0.73,62.6,0.61,38.1,0.67
2025-06-06,08:15,93,533.9,32.3,42.7,77.73,0.8,62.18,0.67,41.8,0.67
2025-06-06,08:30,93,582.7,32.8,44.3,77.21,0.88,61.77,0.73,45.4,0.67
2025-06-06,08:45,93,631.6,33.2,46.0,76.69,0.95,61.35,0.8,48.9,0.67
2025-06-06,09:00,93,680.5,33.6,47.6,76.17,1.03,60.94,0.86,52.4,0.67
2025-06-06,09:15,93,712.9,33.8,48.6,75.84,1.08,60.67,0.9,54.7,0.67
2025-06-06,09:30,93,745.4,34.1,49.7,75.51,1.13,60.41,0.94,57.0,0.67
2025-06-06,09:45,93,777.8,34.3,50.7,75.18,1.18,60.14,0.99,59.3,0.67
2025-06-06,10:00,93,810.3,34.5,51.8,74.85,1.23,59.88,1.03,61.6,0.67
2025-06-06,10:15,93,800.0,34.7,51.7,74.88,1.21,59.91,1.02,60.8,0.67
2025-06-06,10:30,93,789.8,34.8,51.6,74.91,1.2,59.93,1.0,60.1,0.67
2025-06-06,10:45,93,779.5,35.0,51.5,74.95,1.18,59.96,0.99,59.3,0.67
2025-06-06,11:00,93,769.2,35.1,51.4,74.98,1.17,59.98,0.98,58.5,0.67
2025-06-06,11:15,93,757.9,35.2,51.2,75.04,1.15,60.03,0.96,57.7,0.67
2025-06-06,11:30,93,746.5,35.3,51.0,75.11,1.13,60.08,0.95,56.9,0.67
2025-06-06,11:45,93,735.1,35.4,50.8,75.17,1.11,60.14,0.93,56.1,0.67
2025-06-06,12:00,93,723.7,35.5,50.6,75.23,1.1,60.19,0.92,55.2,0.67
2025-06-06,12:15,93,709.2,35.5,50.2,75.35,1.07,60.28,0.9,54.2,0.67
2025-06-06,12:30,93,694.6,35.5,49.8,75.47,1.05,60.38,0.88,53.1,0.67
2025-06-06,12:45,93,680.1,35.4,49.4,75.59,1.03,60.47,0.86,52.1,0.67
2025-06-06,13:00,93,665.5,35.4,49.1,75.7,1.01,60.56,0.84,51.0,0.67
2025-06-06,13:15,93,626.8,35.4,48.0,76.03,0.95,60.83,0.79,48.2,0.67
2025-06-06,13:30,93,588.1,35.3,47.0,76.36,0.89,61.09,0.74,45.4,0.67
2025-06-06,13:45,93,549.4,35.2,46.0,76.69,0.83,61.35,0.69,42.5,0.67
2025-06-06,14:00,93,510.7,35.1,44.9,77.02,0.77,61.62,0.64,39.7,0.67
2025-06-06,14:15,93,473.0,35.0,43.9,77.36,0.71,61.89,0.6,36.9,0.67
2025-06-06,14:30,93,435.3,34.9,42.8,77.69,0.65,62.15,0.55,34.0,0.67
2025-06-06,14:45,93,397.7,34.8,41.7,78.03,0.6,62.42,0.5,31.2,0.67
2025-06-06,15:00,93,360.0,34.7,40.7,78.36,0.54,62.69,0.45,28.3,0.67
2025-06-06,15:15,93,317.8,34.5,39.4,78.76,0.48,63.01,0.4,25.1,0.67
2025-06-06,15:30,93,275.7,34.3,38.2,79.16,0.41,63.33,0.35,21.9,0.67
2025-06-06,15:45,93,233.5,34.1,36.9,79.56,0.35,63.65,0.29,18.6,0.67
2025-06-06,16:00,93,191.4,33.8,35.6,79.96,0.29,63.97,0.24,15.3,0.67
2025-06-06,16:15,93,156.0,33.4,34.3,80.39,0.23,64.31,0.19,12.5,0.67
2025-06-06,16:30,93,120.5,32.9,32.9,80.82,0.18,64.65,0.15,9.7,0.67
2025-06-06,16:45,93,85.1,32.5,31.6,81.24,0.13,64.99,0.11,6.9,0.67
2025-06-06,17:00,93,49.7,32.0,30.2,81.67,0.07,65.33,0.06,4.0,0.67
2025-06-06,17:15,93,37.3,31.6,29.5,81.91,0.06,65.53,0.05,3.0,0.67
2025-06-06,17:30,93,24.8,31.1,28.7,82.15,0.04,65.72,0.03,2.0,0.67
2025-06-06,17:45,93,12.4,30.7,28.0,82.38,0.02,65.91,0.02,1.0,0.67
2025-06-07,04:45,93,5.0,26.2,23.3,83.86,0.01,67.09,0.01,0.4,0.67
2025-06-07,05:00,93,6.7,26.1,23.3,83.86,0.01,67.09,0.01,0.6,0.67
2025-06-07,05:15,93,34.8,26.4,24.2,83.57,0.05,66.86,0.04,2.9,0.67
2025-06-07,05:30,93,62.9,26.6,25.1,83.29,0.09,66.63,0.08,5.2,0.67
2025-06-07,05:45,93,91.0,26.8,26.0,83.0,0.13,66.4,0.11,7.5,0.67
2025-06-07,06:00,93,119.1,27.0,26.9,82.71,0.18,66.17,0.15,9.8,0.67
2025-06-07,06:15,93,170.5,27.3,28.6,82.19,0.25,65.75,0.21,13.9,0.67
2025-06-07,06:30,93,221.9,27.7,30.3,81.66,0.33,65.33,0.28,18.0,0.67
2025-06-07,06:45,93,273.3,28.1,31.9,81.13,0.41,64.9,0.34,22.1,0.67
2025-06-07,07:00,93,324.6,28.5,33.6,80.6,0.48,64.48,0.4,26.1,0.67
2025-06-07,07:15,93,381.0,29.1,35.6,79.96,0.57,63.97,0.48,30.4,0.67
2025-06-07,07:30,93,437.4,29.7,37.6,79.33,0.65,63.46,0.55,34.7,0.67
2025-06-07,07:45,93,493.7,30.3,39.6,78.69,0.74,62.95,0.62,39.0,0.67
2025-06-07,08:00,93,550.1,30.9,41.6,78.06,0.83,62.45,0.69,43.2,0.67
2025-06-07,08:15,93,596.0,31.5,43.4,77.51,0.9,62.01,0.75,46.5,0.67
2025-06-07,08:30,93,642.0,32.1,45.1,76.96,0.97,61.57,0.81,49.8,0.67
2025-06-07,08:45,93,688.0,32.6,46.8,76.41,1.04,61.13,0.87,53.1,0.67
2025-06-07,09:00,93,733.9,33.2,48.6,75.87,1.11,60.69,0.93,56.4,0.67
2025-06-07,09:15,93,744.9,33.6,49.3,75.65,1.13,60.52,0.94,57.1,0.67
2025-06-07,09:30,93,755.8,34.0,49.9,75.43,1.14,60.34,0.96,57.8,0.67
2025-06-07,09:45,93,766.8,34.5,50.6,75.21,1.16,60.17,0.97,58.5,0.67
2025-06-07,10:00,93,777.7,34.9,51.3,75.0,1.18,60.0,0.99,59.2,0.67
2025-06-07,10:15,93,791.6,35.2,52.0,74.79,1.2,59.83,1.0,60.1,0.67
2025-06-07,10:30,93,805.4,35.5,52.6,74.59,1.22,59.67,1.02,61.0,0.67
2025-06-07,10:45,93,819.3,35.8,53.3,74.38,1.24,59.5,1.04,62.0,0.67
2025-06-07,11:00,93,833.1,36.1,53.9,74.17,1.27,59.34,1.06,62.9,0.67
2025-06-07,11:15,93,829.9,36.3,54.0,74.13,1.26,59.31,1.06,62.6,0.67
2025-06-07,11:30,93,826.7,36.5,54.2,74.09,1.26,59.27,1.05,62.3,0.67
2025-06-07,11:45,93,823.5,36.7,54.3,74.05,1.25,59.24,1.05,62.1,0.67
2025-06-07,12:00,93,820.2,36.9,54.4,74.01,1.25,59.21,1.04,61.8,0.67
2025-06-07,12:15,93,789.8,37.0,53.8,74.22,1.2,59.37,1.0,59.6,0.67
2025-06-07,12:30,93,759.4,37.1,53.1,74.42,1.15,59.54,0.97,57.5,0.67
2025-06-07,12:45,93,728.9,37.2,52.5,74.63,1.11,59.7,0.93,55.3,0.67
2025-06-07,13:00,93,698.5,37.4,51.8,74.83,1.06,59.87,0.89,53.1,0.67
2025-06-07,13:15,93,686.8,37.4,51.5,74.93,1.04,59.94,0.87,52.2,0.67
2025-06-07,13:30,93,675.0,37.3,51.2,75.03,1.02,60.02,0.86,51.4,0.67
2025-06-07,13:45,93,663.3,37.3,50.9,75.12,1.0,60.1,0.84,50.6,0.67
2025-06-07,14:00,93,651.5,37.3,50.6,75.22,0.99,60.17,0.83,49.7,0.67
2025-06-07,14:15,93,594.2,37.2,49.1,75.71,0.9,60.57,0.75,45.6,0.67
2025-06-07,14:30,93,536.8,37.1,47.5,76.2,0.81,60.96,0.68,41.4,0.67
2025-06-07,14:45,93,479.5,37.0,45.9,76.69,0.72,61.36,0.61,37.1,0.67
2025-06-07,15:00,93,422.1,36.8,44.4,77.19,0.64,61.75,0.53,32.8,0.67
2025-06-07,15:15,93,372.3,36.5,42.8,77.68,0.56,62.14,0.47,29.1,0.67
2025-06-07,15:30,93,322.5,36.2,41.3,78.17,0.48,62.54,0.41,25.3,0.67
2025-06-07,15:45,93,272.7,35.9,39.7,78.67,0.41,62.93,0.34,21.5,0.67
2025-06-07,16:00,93,222.9,35.6,38.2,79.16,0.33,63.33,0.28,17.7,0.67
2025-06-07,16:15,93,181.6,35.0,36.6,79.67,0.27,63.73,0.23,14.5,0.67
2025-06-07,16:30,93,140.2,34.5,35.0,80.17,0.21,64.14,0.18,11.2,0.67
2025-06-07,16:45,93,98.8,33.9,33.4,80.68,0.15,64.54,0.12,7.9,0.67
2025-06-07,17:00,93,57.4,33.3,31.8,81.18,0.09,64.95,0.07,4.6,0.67
2025-06-07,17:15,93,43.1,32.8,30.9,81.46,0.06,65.17,0.05,3.5,0.67
2025-06-07,17:30,93,28.7,32.3,30.0,81.74,0.04,65.39,0.04,2.3,0.67
2025-06-07,17:45,93,14.4,31.8,29.1,82.02,0.02,65.62,0.02,1.2,0.67
2025-06-08,04:45,93,5.3,26.4,23.5,83.79,0.01,67.03,0.01,0.4,0.67
2025-06-08,05:00,93,7.0,26.4,23.6,83.79,0.01,67.03,0.01,0.6,0.67
2025-06-08,05:15,93,36.8,26.6,24.5,83.48,0.05,66.78,0.05,3.0,0.67
2025-06-08,05:30,93,66.5,26.8,25.5,83.17,0.1,66.54,0.08,5.5,0.67
2025-06-08,05:45,93,96.3,27.0,26.5,82.87,0.14,66.29,0.12,7.9,0.67
2025-06-08,06:00,93,126.0,27.3,27.4,82.56,0.19,66.05,0.16,10.3,0.67
2025-06-08,06:15,93,174.5,27.7,29.0,82.06,0.26,65.64,0.22,14.2,0.67
2025-06-08,06:30,93,223.0,28.0,30.6,81.55,0.33,65.24,0.28,18.1,0.67
2025-06-08,06:45,93,271.5,28.4,32.2,81.04,0.4,64.84,0.34,21.9,0.67
2025-06-08,07:00,93,319.9,28.8,33.8,80.54,0.48,64.43,0.4,25.7,0.67
2025-06-08,07:15,93,374.1,29.3,35.7,79.95,0.56,63.96,0.47,29.9,0.67
2025-06-08,07:30,93,428.2,29.8,37.5,79.36,0.64,63.49,0.54,34.0,0.67
2025-06-08,07:45,93,482.4,30.3,39.4,78.77,0.72,63.01,0.6,38.1,0.67
2025-06-08,08:00,93,536.5,30.9,41.3,78.18,0.8,62.54,0.67,42.2,0.67
2025-06-08,08:15,93,579.0,31.4,42.9,77.67,0.87,62.13,0.73,45.3,0.67
2025-06-08,08:30,93,621.6,31.9,44.5,77.16,0.94,61.73,0.78,48.4,0.67
2025-06-08,08:45,93,664.1,32.5,46.1,76.65,1.0,61.32,0.84,51.4,0.67
2025-06-08,09:00,93,706.7,33.0,47.7,76.14,1.07,60.91,0.89,54.4,0.67
2025-06-08,09:15,93,715.7,33.5,48.4,75.91,1.08,60.73,0.91,55.0,0.67
2025-06-08,09:30,93,724.6,34.0,49.1,75.69,1.1,60.55,0.92,55.5,0.67
2025-06-08,09:45,93,733.6,34.5,49.8,75.46,1.11,60.37,0.93,56.1,0.67
2025-06-08,10:00,93,742.6,35.0,50.5,75.24,1.12,60.19,0.94,56.7,0.67
2025-06-08,10:15,93,755.5,35.4,51.2,75.02,1.14,60.01,0.96,57.5,0.67
2025-06-08,10:30,93,768.3,35.7,51.9,74.8,1.16,59.84,0.98,58.4,0.67
2025-06-08,10:45,93,781.2,36.1,52.6,74.58,1.18,59.66,0.99,59.2,0.67
2025-06-08,11:00,93,794.0,36.5,53.3,74.35,1.21,59.48,1.01,60.0,0.67
2025-06-08,11:15,93,775.9,36.8,53.2,74.41,1.18,59.53,0.99,58.7,0.67
2025-06-08,11:30,93,757.7,37.0,53.0,74.47,1.15,59.58,0.96,57.4,0.67
2025-06-08,11:45,93,739.5,37.3,52.8,74.53,1.12,59.62,0.94,56.0,0.67
2025-06-08,12:00,93,721.4,37.6,52.6,74.59,1.09,59.67,0.92,54.7,0.67
2025-06-08,12:15,93,692.5,37.6,51.9,74.8,1.05,59.84,0.88,52.6,0.67
2025-06-08,12:30,93,663.6,37.6,51.2,75.02,1.01,60.02,0.84,50.5,0.67
2025-06-08,12:45,93,634.8,37.7,50.6,75.24,0.96,60.19,0.8,48.4,0.67
2025-06-08,13:00,93,605.9,37.7,49.9,75.45,0.92,60.36,0.77,46.3,0.67
2025-06-08,13:15,93,574.7,37.7,49.0,75.72,0.87,60.57,0.73,44.1,0.67
2025-06-08,13:30,93,543.5,37.6,48.2,75.98,0.82,60.79,0.69,41.8,0.67
2025-06-08,13:45,93,512.3,37.6,47.4,76.25,0.77,61.0,0.65,39.5,0.67
2025-06-08,14:00,93,481.1,37.5,46.5,76.51,0.73,61.21,0.61,37.2,0.67
2025-06-08,14:15,93,452.0,37.3,45.6,76.8,0.68,61.44,0.57,35.0,0.67
2025-06-08,14:30,93,423.0,37.1,44.7,77.09,0.64,61.67,0.53,32.9,0.67
2025-06-08,14:45,93,394.0,36.9,43.8,77.38,0.59,61.91,0.5,30.7,0.67
2025-06-08,15:00,93,364.9,36.7,42.9,77.67,0.55,62.14,0.46,28.5,0.67
2025-06-08,15:15,93,322.9,36.5,41.5,78.1,0.48,62.48,0.41,25.4,0.67
2025-06-08,15:30,93,280.9,36.2,40.2,78.52,0.42,62.82,0.35,22.1,0.67
2025-06-08,15:45,93,238.9,35.9,38.8,78.94,0.36,63.15,0.3,18.9,0.67
2025-06-08,16:00,93,196.8,35.6,37.5,79.37,0.29,63.49,0.25,15.6,0.67
2025-06-08,16:15,93,159.2,35.1,36.1,79.82,0.24,63.86,0.2,12.7,0.67
2025-06-08,16:30,93,121.7,34.6,34.6,80.27,0.18,64.22,0.15,9.8,0.67
2025-06-08,16:45,93,84.1,34.1,33.2,80.73,0.13,64.58,0.1,6.8,0.67
2025-06-08,17:00,93,46.5,33.6,31.8,81.18,0.07,64.94,0.06,3.8,0.67
2025-06-08,17:15,93,34.8,33.1,31.0,81.44,0.05,65.15,0.04,2.8,0.67
2025-06-08,17:30,93,23.2,32.6,30.1,81.7,0.03,65.36,0.03,1.9,0.67
2025-06-08,17:45,93,11.6,32.0,29.3,81.96,0.02,65.57,0.01,0.9,0.67
2025-06-09,05:00,93,6.5,26.1,23.2,83.89,0.01,67.11,0.01,0.5,0.67
2025-06-09,05:15,93,29.1,26.1,23.8,83.7,0.04,66.96,0.04,2.4,0.67
2025-06-09,05:30,93,51.6,26.1,24.4,83.51,0.08,66.81,0.06,4.3,0.67
2025-06-09,05:45,93,74.2,26.2,25.0,83.32,0.11,66.66,0.09,6.1,0.67
2025-06-09,06:00,93,96.7,26.2,25.6,83.14,0.14,66.51,0.12,8.0,0.67
2025-06-09,06:15,93,132.6,26.4,26.7,82.79,0.2,66.23,0.16,10.9,0.67
2025-06-09,06:30,93,168.5,26.6,27.8,82.45,0.25,65.96,0.21,13.8,0.67
2025-06-09,06:45,93,204.4,26.8,28.9,82.1,0.3,65.68,0.25,16.7,0.67
2025-06-09,07:00,93,240.3,27.0,30.0,81.76,0.36,65.4,0.3,19.5,0.67
2025-06-09,07:15,93,280.5,27.3,31.4,81.32,0.42,65.05,0.35,22.7,0.67
2025-06-09,07:30,93,320.7,27.7,32.7,80.88,0.48,64.7,0.4,25.8,0.67
2025-06-09,07:45,93,360.9,28.1,34.1,80.44,0.54,64.35,0.45,29.0,0.67
2025-06-09,08:00,93,401.1,28.5,35.5,80.0,0.6,64.0,0.5,32.1,0.67
2025-06-09,08:15,93,452.8,28.9,37.3,79.45,0.68,63.56,0.57,36.0,0.67
2025-06-09,08:30,93,504.5,29.4,39.0,78.89,0.76,63.11,0.63,39.9,0.67
2025-06-09,08:45,93,556.1,29.9,40.8,78.34,0.83,62.67,0.7,43.8,0.67
2025-06-09,09:00,93,607.8,30.3,42.5,77.79,0.91,62.23,0.76,47.6,0.67
2025-06-09,09:15,93,618.6,30.7,43.1,77.59,0.93,62.07,0.78,48.3,0.67
2025-06-09,09:30,93,629.4,31.0,43.7,77.4,0.95,61.92,0.79,49.1,0.67
2025-06-09,09:45,93,640.2,31.3,44.3,77.2,0.96,61.76,0.81,49.8,0.67
2025-06-09,10:00,93,651.0,31.7,45.0,77.01,0.98,61.6,0.82,50.6,0.67
2025-06-09,10:15,93,683.9,31.9,46.0,76.68,1.03,61.34,0.86,52.9,0.67
2025-06-09,10:30,93,716.8,32.1,47.0,76.36,1.08,61.08,0.91,55.3,0.67
2025-06-09,10:45,93,749.7,32.3,48.0,76.03,1.13,60.82,0.95,57.7,0.67
2025-06-09,11:00,93,782.6,32.5,49.1,75.7,1.18,60.56,0.99,60.0,0.67
2025-06-09,11:15,93,780.4,32.6,49.1,75.69,1.18,60.55,0.99,59.8,0.67
2025-06-09,11:30,93,778.1,32.7,49.1,75.68,1.18,60.55,0.99,59.6,0.67
2025-06-09,11:45,93,775.9,32.8,49.2,75.67,1.17,60.54,0.98,59.5,0.67
2025-06-09,12:00,93,773.6,32.9,49.2,75.66,1.17,60.53,0.98,59.3,0.67
2025-06-09,12:15,93,756.8,32.9,48.8,75.78,1.14,60.62,0.96,58.1,0.67
2025-06-09,12:30,93,740.0,33.0,48.5,75.9,1.12,60.72,0.94,56.8,0.67
2025-06-09,12:45,93,723.2,33.0,48.1,76.02,1.09,60.82,0.91,55.6,0.67
2025-06-09,13:00,93,706.4,33.0,47.7,76.14,1.07,60.91,0.89,54.4,0.67
2025-06-09,13:15,93,684.9,33.0,47.1,76.32,1.03,61.06,0.87,52.8,0.67
2025-06-09,13:30,93,663.5,33.0,46.5,76.51,1.0,61.2,0.84,51.3,0.67
2025-06-09,13:45,93,642.0,32.9,46.0,76.69,0.97,61.35,0.81,49.7,0.67
2025-06-09,14:00,93,620.5,32.9,45.4,76.87,0.93,61.49,0.78,48.1,0.67
2025-06-09,14:15,93,580.3,32.8,44.3,77.22,0.87,61.78,0.73,45.2,0.67
2025-06-09,14:30,93,540.0,32.7,43.2,77.57,0.81,62.06,0.68,42.2,0.67
2025-06-09,14:45,93,499.7,32.6,42.1,77.92,0.75,62.34,0.63,39.2,0.67
2025-06-09,15:00,93,459.4,32.5,41.0,78.28,0.69,62.62,0.58,36.1,0.67
2025-06-09,15:15,93,406.2,32.3,39.4,78.75,0.61,63.0,0.51,32.1,0.67
2025-06-09,15:30,93,353.0,32.1,37.9,79.23,0.53,63.38,0.44,28.0,0.67
2025-06-09,15:45,93,299.8,31.9,36.4,79.71,0.45,63.76,0.37,23.9,0.67
2025-06-09,16:00,93,246.6,31.8,34.9,80.18,0.37,64.15,0.31,19.7,0.67
2025-06-09,16:15,93,200.6,31.5,33.5,80.64,0.3,64.51,0.25,16.1,0.67
2025-06-09,16:30,93,154.6,31.2,32.0,81.1,0.23,64.88,0.19,12.5,0.67
2025-06-09,16:45,93,108.6,30.9,30.6,81.56,0.16,65.25,0.14,8.8,0.67
2025-06-09,17:00,93,62.6,30.6,29.1,82.02,0.09,65.62,0.08,5.1,0.67
2025-06-09,17:15,93,47.0,30.2,28.4,82.25,0.07,65.8,0.06,3.8,0.67
2025-06-09,17:30,93,31.3,29.9,27.7,82.47,0.05,65.97,0.04,2.6,0.67
2025-06-09,17:45,93,15.7,29.6,27.0,82.69,0.02,66.15,0.02,1.3,0.67
2025-06-10,05:00,93,6.6,25.5,22.7,84.06,0.01,67.25,0.01,0.5,0.67
2025-06-10,05:15,93,31.5,25.8,23.6,83.77,0.05,67.02,0.04,2.6,0.67
2025-06-10,05:30,93,56.3,26.1,24.5,83.49,0.08,66.79,0.07,4.6,0.67
2025-06-10,05:45,93,81.2,26.4,25.4,83.2,0.12,66.56,0.1,6.7,0.67
2025-06-10,06:00,93,106.0,26.6,26.3,82.92,0.16,66.33,0.13,8.7,0.67
2025-06-10,06:15,93,143.2,27.1,27.6,82.49,0.21,65.99,0.18,11.7,0.67
2025-06-10,06:30,93,180.5,27.5,29.0,82.07,0.27,65.65,0.22,14.7,0.67
2025-06-10,06:45,93,217.8,27.9,30.3,81.64,0.32,65.31,0.27,17.7,0.67
2025-06-10,07:00,93,255.0,28.3,31.7,81.21,0.38,64.97,0.32,20.6,0.67
2025-06-10,07:15,93,301.9,28.9,33.4,80.66,0.45,64.53,0.38,24.3,0.67
2025-06-10,07:30,93,348.7,29.5,35.2,80.11,0.52,64.09,0.44,27.9,0.67
2025-06-10,07:45,93,395.6,30.0,36.9,79.56,0.59,63.64,0.49,31.5,0.67
2025-06-10,08:00,93,442.4,30.6,38.7,79.0,0.66,63.2,0.55,35.0,0.67
2025-06-10,08:15,93,476.8,31.1,40.0,78.57,0.71,62.86,0.6,37.6,0.67
2025-06-10,08:30,93,511.2,31.6,41.4,78.15,0.77,62.52,0.64,40.2,0.67
2025-06-10,08:45,93,545.6,32.1,42.7,77.72,0.82,62.18,0.69,42.7,0.67
2025-06-10,09:00,93,580.0,32.6,44.1,77.29,0.87,61.83,0.73,45.2,0.67
2025-06-10,09:15,93,593.6,33.0,44.8,77.05,0.89,61.64,0.75,46.1,0.67
2025-06-10,09:30,93,607.2,33.4,45.6,76.8,0.91,61.44,0.77,47.1,0.67
2025-06-10,09:45,93,620.7,33.9,46.4,76.56,0.94,61.25,0.78,48.0,0.67
2025-06-10,10:00,93,634.3,34.3,47.1,76.32,0.96,61.05,0.8,48.9,0.67
2025-06-10,10:15,93,667.2,34.6,48.3,75.95,1.01,60.76,0.84,51.3,0.67
2025-06-10,10:30,93,700.1,34.9,49.4,75.59,1.06,60.47,0.89,53.6,0.67
2025-06-10,10:45,93,733.0,35.2,50.6,75.23,1.11,60.19,0.93,55.9,0.67
2025-06-10,11:00,93,765.9,35.6,51.7,74.87,1.16,59.9,0.97,58.2,0.67
2025-06-10,11:15,93,754.0,35.7,51.6,74.92,1.14,59.93,0.96,57.3,0.67
2025-06-10,11:30,93,742.2,35.9,51.4,74.96,1.12,59.97,0.94,56.5,0.67
2025-06-10,11:45,93,730.4,36.0,51.3,75.01,1.11,60.0,0.93,55.6,0.67
2025-06-10,12:00,93,718.5,36.2,51.1,75.05,1.09,60.04,0.91,54.7,0.67
2025-06-10,12:15,93,697.7,36.1,50.6,75.24,1.06,60.19,0.88,53.2,0.67
2025-06-10,12:30,93,676.9,36.0,50.0,75.42,1.02,60.34,0.86,51.7,0.67
2025-06-10,12:45,93,656.1,36.0,49.4,75.61,0.99,60.48,0.83,50.3,0.67
2025-06-10,13:00,93,635.3,35.9,48.8,75.79,0.96,60.63,0.8,48.7,0.67
2025-06-10,13:15,93,581.2,35.6,47.1,76.31,0.88,61.05,0.73,44.8,0.67
2025-06-10,13:30,93,527.1,35.3,45.5,76.84,0.79,61.47,0.66,40.9,0.67
2025-06-10,13:45,93,473.1,35.0,43.8,77.36,0.71,61.89,0.6,36.9,0.67
2025-06-10,14:00,93,419.0,34.7,42.2,77.89,0.63,62.31,0.53,32.8,0.67
2025-06-10,14:15,93,376.7,34.4,40.8,78.31,0.56,62.65,0.47,29.6,0.67
2025-06-10,14:30,93,334.4,34.1,39.5,78.74,0.5,62.99,0.42,26.4,0.67
2025-06-10,14:45,93,292.1,33.9,38.2,79.16,0.44,63.33,0.37,23.2,0.67
2025-06-10,15:00,93,249.8,33.6,36.8,79.58,0.37,63.67,0.31,19.9,0.67
2025-06-10,15:15,93,221.4,33.3,35.9,79.89,0.33,63.91,0.28,17.7,0.67
2025-06-10,15:30,93,193.0,33.1,34.9,80.2,0.29,64.16,0.24,15.5,0.67
2025-06-10,15:45,93,164.6,32.8,33.9,80.5,0.25,64.4,0.21,13.2,0.67
2025-06-10,16:00,93,136.2,32.5,32.9,80.81,0.2,64.65,0.17,11.0,0.67
2025-06-10,16:15,93,108.0,32.1,31.8,81.16,0.16,64.93,0.13,8.7,0.67
2025-06-10,16:30,93,79.7,31.7,30.7,81.52,0.12,65.21,0.1,6.5,0.67
2025-06-10,16:45,93,51.5,31.3,29.6,81.87,0.08,65.5,0.06,4.2,0.67
2025-06-10,17:00,93,23.2,30.9,28.5,82.22,0.03,65.78,0.03,1.9,0.67
2025-06-10,17:15,93,17.4,30.5,27.9,82.39,0.03,65.92,0.02,1.4,0.67
2025-06-10,17:30,93,11.6,30.1,27.4,82.57,0.02,66.05,0.01,1.0,0.67
2025-06-10,17:45,93,5.8,29.7,26.9,82.74,0.01,66.19,0.01,0.5,0.67
2025-06-11,05:15,93,21.9,25.7,23.2,83.89,0.03,67.11,0.03,1.8,0.67
2025-06-11,05:30,93,40.2,25.8,23.8,83.7,0.06,66.96,0.05,3.3,0.67
2025-06-11,05:45,93,58.6,25.9,24.4,83.52,0.09,66.82,0.07,4.8,0.67
2025-06-11,06:00,93,77.0,26.0,25.0,83.34,0.11,66.67,0.1,6.3,0.67
2025-06-11,06:15,93,98.9,26.3,25.8,83.09,0.15,66.47,0.12,8.1,0.67
2025-06-11,06:30,93,120.8,26.6,26.6,82.83,0.18,66.26,0.15,9.9,0.67
2025-06-11,06:45,93,142.7,26.8,27.4,82.57,0.21,66.06,0.18,11.7,0.67
2025-06-11,07:00,93,164.7,27.1,28.2,82.31,0.24,65.85,0.2,13.4,0.67
2025-06-11,07:15,93,194.2,27.5,29.4,81.95,0.29,65.56,0.24,15.8,0.67
2025-06-11,07:30,93,223.8,27.9,30.5,81.58,0.33,65.26,0.28,18.2,0.67
2025-06-11,07:45,93,253.3,28.3,31.7,81.21,0.38,64.97,0.32,20.5,0.67
2025-06-11,08:00,93,282.9,28.8,32.8,80.85,0.42,64.68,0.35,22.8,0.67
2025-06-11,08:15,93,325.7,29.2,34.3,80.37,0.49,64.3,0.41,26.1,0.67
2025-06-11,08:30,93,368.6,29.6,35.8,79.9,0.55,63.92,0.46,29.4,0.67
2025-06-11,08:45,93,411.5,30.1,37.3,79.42,0.61,63.54,0.51,32.7,0.67
2025-06-11,09:00,93,454.4,30.5,38.8,78.94,0.68,63.15,0.57,36.0,0.67
2025-06-11,09:15,93,479.8,30.8,39.8,78.63,0.72,62.91,0.6,37.9,0.67
2025-06-11,09:30,93,505.2,31.2,40.8,78.32,0.76,62.66,0.63,39.8,0.67
2025-06-11,09:45,93,530.7,31.5,41.8,78.01,0.8,62.41,0.67,41.6,0.67
2025-06-11,10:00,93,556.1,31.9,42.8,77.7,0.84,62.16,0.7,43.5,0.67
2025-06-11,10:15,93,548.9,32.1,42.8,77.69,0.82,62.15,0.69,42.9,0.67
2025-06-11,10:30,93,541.8,32.3,42.9,77.67,0.81,62.14,0.68,42.4,0.67
2025-06-11,10:45,93,534.6,32.5,42.9,77.66,0.8,62.12,0.67,41.8,0.67
2025-06-11,11:00,93,527.4,32.8,43.0,77.64,0.79,62.11,0.66,41.2,0.67
2025-06-11,11:15,93,537.2,32.9,43.3,77.53,0.81,62.02,0.68,41.9,0.67
2025-06-11,11:30,93,546.9,33.0,43.7,77.42,0.82,61.93,0.69,42.7,0.67
2025-06-11,11:45,93,556.7,33.1,44.0,77.3,0.84,61.84,0.7,43.4,0.67
2025-06-11,12:00,93,566.5,33.2,44.4,77.19,0.85,61.75,0.71,44.1,0.67
2025-06-11,12:15,93,561.6,33.3,44.3,77.2,0.84,61.76,0.71,43.7,0.67
2025-06-11,12:30,93,556.7,33.4,44.3,77.22,0.84,61.78,0.7,43.3,0.67
2025-06-11,12:45,93,551.8,33.5,44.2,77.23,0.83,61.79,0.7,43.0,0.67
2025-06-11,13:00,93,547.0,33.5,44.2,77.25,0.82,61.8,0.69,42.6,0.67
2025-06-11,13:15,93,517.1,33.5,43.4,77.49,0.78,61.99,0.65,40.4,0.67
2025-06-11,13:30,93,487.3,33.5,42.7,77.73,0.73,62.19,0.61,38.1,0.67
2025-06-11,13:45,93,457.5,33.5,41.9,77.98,0.69,62.38,0.58,35.9,0.67
2025-06-11,14:00,93,427.7,33.4,41.1,78.22,0.64,62.58,0.54,33.6,0.67
2025-06-11,14:15,93,386.2,33.3,40.0,78.59,0.58,62.87,0.48,30.5,0.67
2025-06-11,14:30,93,344.7,33.2,38.8,78.96,0.52,63.17,0.43,27.3,0.67
2025-06-11,14:45,93,303.2,33.1,37.6,79.33,0.45,63.46,0.38,24.1,0.67
2025-06-11,15:00,93,261.7,32.9,36.5,79.7,0.39,63.76,0.33,20.9,0.67
2025-06-11,15:15,93,230.7,32.7,35.4,80.02,0.34,64.02,0.29,18.4,0.67
2025-06-11,15:30,93,199.7,32.4,34.4,80.35,0.3,64.28,0.25,16.0,0.67
2025-06-11,15:45,93,168.7,32.1,33.4,80.68,0.25,64.54,0.21,13.6,0.67
2025-06-11,16:00,93,137.8,31.9,32.3,81.01,0.2,64.81,0.17,11.1,0.67
2025-06-11,16:15,93,112.3,31.4,31.2,81.35,0.17,65.08,0.14,9.1,0.67
2025-06-11,16:30,93,86.8,31.0,30.2,81.69,0.13,65.36,0.11,7.0,0.67
2025-06-11,16:45,93,61.3,30.5,29.1,82.04,0.09,65.63,0.08,5.0,0.67
2025-06-11,17:00,93,35.8,30.1,28.0,82.38,0.05,65.9,0.04,2.9,0.67
2025-06-11,17:15,93,26.8,29.7,27.4,82.56,0.04,66.05,0.03,2.2,0.67
2025-06-11,17:30,93,17.9,29.4,26.8,82.75,0.03,66.2,0.02,1.5,0.67
2025-06-11,17:45,93,8.9,29.0,26.3,82.93,0.01,66.34,0.01,0.7,0.67
2025-06-12,05:15,93,20.7,25.3,22.9,84.0,0.03,67.2,0.03,1.7,0.67
2025-06-12,05:30,93,37.0,25.7,23.6,83.77,0.05,67.01,0.05,3.1,0.67
2025-06-12,05:45,93,53.3,26.0,24.4,83.53,0.08,66.82,0.07,4.4,0.67
2025-06-12,06:00,93,69.5,26.4,25.1,83.29,0.1,66.63,0.09,5.7,0.67
2025-06-12,06:15,93,95.5,26.9,26.3,82.92,0.14,66.33,0.12,7.8,0.67
2025-06-12,06:30,93,121.5,27.4,27.5,82.55,0.18,66.04,0.15,9.9,0.67
2025-06-12,06:45,93,147.4,28.0,28.6,82.18,0.22,65.74,0.18,12.0,0.67
2025-06-12,07:00,93,173.4,28.5,29.8,81.8,0.26,65.44,0.22,14.1,0.67
2025-06-12,07:15,93,206.0,29.2,31.3,81.33,0.31,65.07,0.26,16.7,0.67
2025-06-12,07:30,93,238.6,29.8,32.8,80.86,0.35,64.69,0.3,19.2,0.67
2025-06-12,07:45,93,271.2,30.5,34.3,80.39,0.4,64.31,0.34,21.8,0.67
2025-06-12,08:00,93,303.8,31.2,35.8,79.92,0.45,63.94,0.38,24.3,0.67
2025-06-12,08:15,93,334.8,31.7,37.1,79.51,0.5,63.61,0.42,26.6,0.67
2025-06-12,08:30,93,365.9,32.2,38.4,79.09,0.55,63.27,0.46,29.0,0.67
2025-06-12,08:45,93,397.0,32.8,39.7,78.68,0.59,62.94,0.5,31.3,0.67
2025-06-12,09:00,93,428.1,33.3,41.0,78.27,0.64,62.61,0.54,33.7,0.67
2025-06-12,09:15,93,462.7,33.7,42.2,77.87,0.69,62.3,0.58,36.3,0.67
2025-06-12,09:30,93,497.4,34.0,43.5,77.48,0.75,61.98,0.63,38.8,0.67
2025-06-12,09:45,93,532.1,34.4,44.7,77.09,0.8,61.67,0.67,41.4,0.67
2025-06-12,10:00,93,566.8,34.8,46.0,76.69,0.85,61.35,0.72,43.9,0.67
2025-06-12,10:15,93,582.3,35.0,46.6,76.49,0.88,61.19,0.74,45.0,0.67
2025-06-12,10:30,93,597.9,35.3,47.2,76.29,0.9,61.03,0.76,46.1,0.67
2025-06-12,10:45,93,613.4,35.5,47.9,76.08,0.93,60.87,0.78,47.2,0.67
2025-06-12,11:00,93,628.9,35.8,48.5,75.88,0.95,60.7,0.8,48.3,0.67
2025-06-12,11:15,93,644.1,35.9,49.0,75.72,0.97,60.57,0.82,49.4,0.67
2025-06-12,11:30,93,659.3,36.1,49.5,75.56,1.0,60.44,0.83,50.5,0.67
2025-06-12,11:45,93,674.5,36.2,50.1,75.39,1.02,60.31,0.85,51.5,0.67
2025-06-12,12:00,93,689.7,36.3,50.6,75.23,1.04,60.18,0.87,52.6,0.67
2025-06-12,12:15,93,632.6,36.3,49.1,75.68,0.96,60.55,0.8,48.5,0.67
2025-06-12,12:30,93,575.5,36.3,47.7,76.14,0.87,60.91,0.73,44.3,0.67
2025-06-12,12:45,93,518.3,36.3,46.3,76.59,0.78,61.27,0.65,40.1,0.67
2025-06-12,13:00,93,461.2,36.3,44.8,77.05,0.69,61.64,0.58,35.8,0.67
2025-06-12,13:15,93,443.9,36.2,44.3,77.23,0.67,61.78,0.56,34.6,0.67
2025-06-12,13:30,93,426.6,36.0,43.7,77.42,0.64,61.93,0.54,33.3,0.67
2025-06-12,13:45,93,409.2,35.9,43.1,77.6,0.61,62.08,0.52,32.0,0.67
2025-06-12,14:00,93,391.9,35.7,42.5,77.79,0.59,62.23,0.49,30.7,0.67
2025-06-12,14:15,93,356.4,35.5,41.4,78.15,0.53,62.52,0.45,28.0,0.67
2025-06-12,14:30,93,320.9,35.2,40.2,78.5,0.48,62.8,0.4,25.3,0.67
2025-06-12,14:45,93,285.4,35.0,39.1,78.86,0.43,63.09,0.36,22.6,0.67
2025-06-12,15:00,93,249.9,34.7,38.0,79.22,0.37,63.38,0.31,19.8,0.67
2025-06-12,15:15,93,224.1,34.4,37.0,79.53,0.33,63.62,0.28,17.8,0.67
2025-06-12,15:30,93,198.2,34.1,36.0,79.83,0.3,63.87,0.25,15.8,0.67
2025-06-12,15:45,93,172.4,33.8,35.1,80.14,0.26,64.11,0.22,13.8,0.67
2025-06-12,16:00,93,146.6,33.5,34.1,80.44,0.22,64.35,0.18,11.8,0.67
2025-06-12,16:15,93,117.4,33.0,32.9,80.82,0.17,64.66,0.15,9.5,0.67
2025-06-12,16:30,93,88.3,32.5,31.7,81.21,0.13,64.96,0.11,7.1,0.67
2025-06-12,16:45,93,59.2,32.0,30.5,81.59,0.09,65.27,0.07,4.8,0.67
2025-06-12,17:00,93,30.1,31.5,29.3,81.97,0.04,65.57,0.04,2.5,0.67
2025-06-12,17:15,93,22.6,31.0,28.6,82.19,0.03,65.75,0.03,1.8,0.67
2025-06-12,17:30,93,15.1,30.5,27.9,82.41,0.02,65.93,0.02,1.2,0.67
2025-06-12,17:45,93,7.5,30.0,27.2,82.63,0.01,66.11,0.01,0.6,0.67
2025-06-13,05:00,93,5.2,25.5,22.6,84.09,0.01,67.27,0.01,0.4,0.67
2025-06-13,05:15,93,21.4,25.7,23.3,83.87,0.03,67.1,0.03,1.8,0.67
2025-06-13,05:30,93,37.7,26.0,23.9,83.66,0.06,66.93,0.05,3.1,0.67
2025-06-13,05:45,93,54.0,26.3,24.6,83.45,0.08,66.76,0.07,4.5,0.67
2025-06-13,06:00,93,70.2,26.5,25.3,83.24,0.1,66.6,0.09,5.8,0.67
2025-06-13,06:15,93,99.9,27.0,26.5,82.85,0.15,66.28,0.12,8.2,0.67
2025-06-13,06:30,93,129.6,27.5,27.7,82.46,0.19,65.97,0.16,10.6,0.67
2025-06-13,06:45,93,159.3,28.0,29.0,82.07,0.24,65.66,0.2,13.0,0.67
2025-06-13,07:00,93,189.0,28.5,30.2,81.68,0.28,65.34,0.23,15.3,0.67
2025-06-13,07:15,93,222.3,29.0,31.6,81.25,0.33,65.0,0.28,18.0,0.67
2025-06-13,07:30,93,255.6,29.5,32.9,80.82,0.38,64.65,0.32,20.6,0.67
2025-06-13,07:45,93,288.9,30.1,34.3,80.39,0.43,64.31,0.36,23.2,0.67
2025-06-13,08:00,93,322.3,30.6,35.6,79.96,0.48,63.97,0.4,25.8,0.67
2025-06-13,08:15,93,353.3,31.1,36.9,79.56,0.53,63.65,0.44,28.1,0.67
2025-06-13,08:30,93,384.3,31.5,38.1,79.16,0.57,63.33,0.48,30.5,0.67
2025-06-13,08:45,93,415.3,32.0,39.4,78.77,0.62,63.02,0.52,32.8,0.67
2025-06-13,09:00,93,446.4,32.5,40.6,78.37,0.67,62.7,0.56,35.1,0.67
2025-06-13,09:15,93,460.4,32.9,41.4,78.14,0.69,62.51,0.58,36.2,0.67
2025-06-13,09:30,93,474.5,33.2,42.1,77.91,0.71,62.33,0.6,37.2,0.67
2025-06-13,09:45,93,488.6,33.6,42.8,77.68,0.73,62.14,0.61,38.2,0.67
2025-06-13,10:00,93,502.6,34.0,43.6,77.45,0.76,61.96,0.63,39.2,0.67
2025-06-13,10:15,93,511.8,34.3,44.1,77.29,0.77,61.84,0.64,39.9,0.67
2025-06-13,10:30,93,520.9,34.5,44.5,77.14,0.78,61.71,0.66,40.5,0.67
2025-06-13,10:45,93,530.0,34.8,45.0,76.99,0.8,61.59,0.67,41.2,0.67
2025-06-13,11:00,93,539.1,35.0,45.5,76.84,0.81,61.47,0.68,41.8,0.67
2025-06-13,11:15,93,532.2,35.1,45.4,76.86,0.8,61.49,0.67,41.3,0.67
2025-06-13,11:30,93,525.4,35.2,45.4,76.87,0.79,61.5,0.66,40.8,0.67
2025-06-13,11:45,93,518.5,35.4,45.3,76.89,0.78,61.51,0.65,40.2,0.67
2025-06-13,12:00,93,511.7,35.5,45.3,76.91,0.77,61.53,0.65,39.7,0.67
2025-06-13,12:15,93,492.6,35.4,44.7,77.08,0.74,61.67,0.62,38.3,0.67
2025-06-13,12:30,93,473.5,35.3,44.2,77.26,0.71,61.8,0.6,36.9,0.67
2025-06-13,12:45,93,454.4,35.3,43.6,77.43,0.68,61.94,0.57,35.4,0.67
2025-06-13,13:00,93,435.2,35.2,43.1,77.6,0.65,62.08,0.55,34.0,0.67
2025-06-13,13:15,93,417.1,35.0,42.5,77.8,0.63,62.24,0.52,32.7,0.67
2025-06-13,13:30,93,399.1,34.9,41.8,78.0,0.6,62.4,0.5,31.3,0.67
2025-06-13,13:45,93,381.0,34.7,41.2,78.2,0.57,62.56,0.48,29.9,0.67
2025-06-13,14:00,93,362.9,34.5,40.6,78.4,0.54,62.72,0.46,28.6,0.67
2025-06-13,14:15,93,318.9,34.3,39.2,78.82,0.48,63.05,0.4,25.2,0.67
2025-06-13,14:30,93,275.0,34.0,37.9,79.24,0.41,63.39,0.34,21.8,0.67
2025-06-13,14:45,93,231.1,33.8,36.6,79.66,0.35,63.73,0.29,18.4,0.67
2025-06-13,15:00,93,187.2,33.6,35.3,80.08,0.28,64.06,0.23,15.0,0.67
2025-06-13,15:15,93,168.2,33.3,34.5,80.32,0.25,64.26,0.21,13.5,0.67
2025-06-13,15:30,93,149.2,33.0,33.7,80.56,0.22,64.45,0.19,12.0,0.67
2025-06-13,15:45,93,130.3,32.7,33.0,80.81,0.19,64.64,0.16,10.5,0.67
2025-06-13,16:00,93,111.3,32.4,32.2,81.05,0.17,64.84,0.14,9.0,0.67
2025-06-13,16:15,93,91.3,32.0,31.3,81.34,0.14,65.07,0.11,7.4,0.67
2025-06-13,16:30,93,71.3,31.6,30.4,81.62,0.11,65.3,0.09,5.8,0.67
2025-06-13,16:45,93,51.4,31.2,29.5,81.91,0.08,65.53,0.06,4.2,0.67
2025-06-13,17:00,93,31.4,30.8,28.6,82.2,0.05,65.76,0.04,2.6,0.67
2025-06-13,17:15,93,23.5,30.3,27.9,82.41,0.03,65.93,0.03,1.9,0.67
2025-06-13,17:30,93,15.7,29.8,27.2,82.63,0.02,66.1,0.02,1.3,0.67
2025-06-13,17:45,93,7.8,29.3,26.5,82.84,0.01,66.28,0.01,0.6,0.67
2025-06-14,05:15,93,20.1,26.1,23.6,83.79,0.03,67.03,0.02,1.7,0.67
2025-06-14,05:30,93,36.1,26.2,24.1,83.6,0.05,66.88,0.04,3.0,0.67
2025-06-14,05:45,93,52.2,26.4,24.7,83.42,0.08,66.74,0.06,4.3,0.67
2025-06-14,06:00,93,68.2,26.6,25.3,83.24,0.1,66.59,0.08,5.6,0.67
2025-06-14,06:15,93,94.2,26.9,26.3,82.93,0.14,66.34,0.12,7.7,0.67
2025-06-14,06:30,93,120.3,27.3,27.3,82.61,0.18,66.09,0.15,9.9,0.67
2025-06-14,06:45,93,146.4,27.6,28.3,82.3,0.22,65.84,0.18,12.0,0.67
2025-06-14,07:00,93,172.4,27.9,29.3,81.98,0.26,65.59,0.21,14.0,0.67
2025-06-14,07:15,93,199.8,28.4,30.4,81.63,0.3,65.3,0.25,16.2,0.67
2025-06-14,07:30,93,227.1,28.8,31.5,81.28,0.34,65.02,0.28,18.4,0.67
2025-06-14,07:45,93,254.4,29.2,32.6,80.92,0.38,64.74,0.32,20.5,0.67
2025-06-14,08:00,93,281.7,29.7,33.7,80.57,0.42,64.46,0.35,22.6,0.67
2025-06-14,08:15,93,322.0,30.0,35.1,80.14,0.48,64.11,0.4,25.8,0.67
2025-06-14,08:30,93,362.2,30.4,36.5,79.7,0.54,63.76,0.45,28.9,0.67
2025-06-14,08:45,93,402.4,30.8,37.8,79.27,0.6,63.41,0.5,32.0,0.67
2025-06-14,09:00,93,442.7,31.1,39.2,78.83,0.66,63.07,0.55,35.0,0.67
2025-06-14,09:15,93,461.3,31.4,39.9,78.6,0.69,62.88,0.58,36.4,0.67
2025-06-14,09:30,93,479.9,31.7,40.7,78.36,0.72,62.69,0.6,37.8,0.67
2025-06-14,09:45,93,498.5,32.0,41.4,78.13,0.75,62.5,0.63,39.1,0.67
2025-06-14,10:00,93,517.1,32.2,42.2,77.89,0.78,62.32,0.65,40.5,0.67
2025-06-14,10:15,93,528.1,32.4,42.6,77.76,0.79,62.21,0.66,41.3,0.67
2025-06-14,10:30,93,539.1,32.5,43.0,77.62,0.81,62.1,0.68,42.1,0.67
2025-06-14,10:45,93,550.1,32.7,43.5,77.48,0.83,61.99,0.69,42.9,0.67
2025-06-14,11:00,93,561.1,32.9,43.9,77.34,0.84,61.88,0.71,43.7,0.67
2025-06-14,11:15,93,559.3,32.9,43.9,77.34,0.84,61.87,0.7,43.6,0.67
2025-06-14,11:30,93,557.5,33.0,43.9,77.34,0.84,61.87,0.7,43.4,0.67
2025-06-14,11:45,93,555.7,33.0,43.9,77.33,0.84,61.87,0.7,43.3,0.67
2025-06-14,12:00,93,553.8,33.1,43.9,77.33,0.83,61.86,0.7,43.2,0.67
2025-06-14,12:15,93,525.0,33.0,43.2,77.58,0.79,62.06,0.66,41.0,0.67
2025-06-14,12:30,93,496.3,33.0,42.4,77.82,0.75,62.26,0.62,38.9,0.67
2025-06-14,12:45,93,467.5,32.9,41.6,78.07,0.7,62.46,0.59,36.7,0.67
2025-06-14,13:00,93,438.7,32.9,40.8,78.32,0.66,62.65,0.55,34.5,0.67
2025-06-14,13:15,93,402.9,32.8,39.9,78.62,0.6,62.9,0.51,31.8,0.67
2025-06-14,13:30,93,367.0,32.7,38.9,78.92,0.55,63.14,0.46,29.0,0.67
2025-06-14,13:45,93,331.2,32.7,37.9,79.23,0.5,63.38,0.41,26.3,0.67
2025-06-14,14:00,93,295.3,32.6,37.0,79.53,0.44,63.63,0.37,23.5,0.67
2025-06-14,14:15,93,283.0,32.5,36.6,79.67,0.42,63.74,0.35,22.6,0.67
2025-06-14,14:30,93,270.7,32.4,36.1,79.8,0.4,63.84,0.34,21.6,0.67
2025-06-14,14:45,93,258.4,32.2,35.7,79.94,0.39,63.95,0.32,20.6,0.67
2025-06-14,15:00,93,246.2,32.1,35.3,80.07,0.37,64.06,0.31,19.7,0.67
2025-06-14,15:15,93,218.7,31.9,34.4,80.35,0.33,64.28,0.27,17.5,0.67
2025-06-14,15:30,93,191.2,31.7,33.5,80.63,0.28,64.51,0.24,15.4,0.67
2025-06-14,15:45,93,163.7,31.5,32.6,80.91,0.24,64.73,0.2,13.2,0.67
2025-06-14,16:00,93,136.2,31.3,31.7,81.19,0.2,64.95,0.17,11.0,0.67
2025-06-14,16:15,93,111.7,31.0,30.8,81.5,0.17,65.2,0.14,9.1,0.67
2025-06-14,16:30,93,87.2,30.6,29.8,81.8,0.13,65.44,0.11,7.1,0.67
2025-06-14,16:45,93,62.7,30.3,28.8,82.11,0.09,65.69,0.08,5.1,0.67
2025-06-14,17:00,93,38.2,29.9,27.9,82.42,0.06,65.93,0.05,3.1,0.67
2025-06-14,17:15,93,28.7,29.6,27.3,82.61,0.04,66.09,0.04,2.3,0.67
2025-06-14,17:30,93,19.1,29.2,26.7,82.8,0.03,66.24,0.02,1.6,0.67
2025-06-14,17:45,93,9.6,28.8,26.1,82.99,0.01,66.39,0.01,0.8,0.67
2025-06-15,05:15,93,21.1,25.3,22.8,84.03,0.03,67.22,0.03,1.7,0.67
2025-06-15,05:30,93,38.3,25.4,23.3,83.86,0.06,67.09,0.05,3.2,0.67
2025-06-15,05:45,93,55.5,25.4,23.8,83.7,0.08,66.96,0.07,4.6,0.67
2025-06-15,06:00,93,72.7,25.5,24.4,83.53,0.11,66.83,0.09,6.0,0.67
2025-06-15,06:15,93,98.4,25.8,25.2,83.26,0.15,66.61,0.12,8.1,0.67
2025-06-15,06:30,93,124.2,26.0,26.1,82.99,0.18,66.39,0.15,10.2,0.67
2025-06-15,06:45,93,149.9,26.2,26.9,82.72,0.22,66.17,0.19,12.3,0.67
2025-06-15,07:00,93,175.7,26.4,27.8,82.44,0.26,65.96,0.22,14.4,0.67
2025-06-15,07:15,93,198.0,26.8,28.7,82.15,0.29,65.72,0.25,16.1,0.67
2025-06-15,07:30,93,220.4,27.2,29.7,81.85,0.33,65.48,0.27,17.9,0.67
2025-06-15,07:45,93,242.7,27.5,30.6,81.55,0.36,65.24,0.3,19.7,0.67
2025-06-15,08:00,93,265.1,27.9,31.5,81.26,0.39,65.01,0.33,21.4,0.67
2025-06-15,08:15,93,271.8,28.4,32.2,81.05,0.4,64.84,0.34,21.9,0.67
2025-06-15,08:30,93,278.5,28.9,32.9,80.84,0.41,64.67,0.35,22.4,0.67
2025-06-15,08:45,93,285.3,29.4,33.5,80.63,0.42,64.51,0.36,22.9,0.67
2025-06-15,09:00,93,292.0,29.9,34.2,80.42,0.43,64.34,0.36,23.4,0.67
2025-06-15,09:15,93,316.5,30.2,35.1,80.14,0.47,64.11,0.4,25.3,0.67
2025-06-15,09:30,93,341.0,30.4,36.0,79.86,0.51,63.88,0.43,27.2,0.67
2025-06-15,09:45,93,365.5,30.7,36.9,79.57,0.55,63.66,0.46,29.1,0.67
2025-06-15,10:00,93,390.0,31.0,37.8,79.29,0.58,63.43,0.49,31.0,0.67
2025-06-15,10:15,93,384.9,31.1,37.7,79.31,0.58,63.45,0.48,30.6,0.67
2025-06-15,10:30,93,379.7,31.1,37.6,79.33,0.57,63.46,0.48,30.2,0.67
2025-06-15,10:45,93,374.6,31.2,37.6,79.35,0.56,63.48,0.47,29.8,0.67
2025-06-15,11:00,93,369.4,31.3,37.5,79.37,0.55,63.49,0.46,29.4,0.67
2025-06-15,11:15,93,381.1,31.2,37.8,79.29,0.57,63.43,0.48,30.3,0.67
2025-06-15,11:30,93,392.8,31.2,38.0,79.21,0.59,63.37,0.49,31.2,0.67
2025-06-15,11:45,93,404.5,31.1,38.2,79.13,0.6,63.31,0.51,32.1,0.67
2025-06-15,12:00,93,416.1,31.1,38.5,79.06,0.62,63.24,0.52,33.0,0.67
2025-06-15,12:15,93,427.9,31.0,38.7,78.99,0.64,63.19,0.54,33.9,0.67
2025-06-15,12:30,93,439.7,30.9,38.9,78.92,0.66,63.14,0.55,34.8,0.67
2025-06-15,12:45,93,451.5,30.9,39.1,78.85,0.68,63.08,0.57,35.7,0.67
2025-06-15,13:00,93,463.3,30.8,39.4,78.78,0.69,63.03,0.58,36.6,0.67
2025-06-15,13:15,93,422.5,30.7,38.2,79.14,0.63,63.31,0.53,33.5,0.67
2025-06-15,13:30,93,381.8,30.6,37.1,79.5,0.57,63.6,0.48,30.4,0.67
2025-06-15,13:45,93,341.0,30.4,36.0,79.85,0.51,63.88,0.43,27.2,0.67
2025-06-15,14:00,93,300.3,30.3,34.8,80.21,0.45,64.17,0.37,24.1,0.67
2025-06-15,14:15,93,264.3,30.2,33.9,80.53,0.39,64.42,0.33,21.2,0.67
2025-06-15,14:30,93,228.2,30.1,32.9,80.84,0.34,64.67,0.28,18.4,0.67
2025-06-15,14:45,93,192.2,30.1,31.9,81.16,0.29,64.92,0.24,15.5,0.67
2025-06-15,15:00,93,156.2,30.0,30.9,81.47,0.23,65.18,0.19,12.7,0.67
2025-06-15,15:15,93,144.4,29.8,30.4,81.62,0.21,65.29,0.18,11.7,0.67
2025-06-15,15:30,93,132.7,29.6,29.9,81.77,0.2,65.41,0.16,10.8,0.67
2025-06-15,15:45,93,121.0,29.4,29.5,81.91,0.18,65.53,0.15,9.8,0.67
2025-06-15,16:00,93,109.3,29.3,29.0,82.06,0.16,65.65,0.14,8.9,0.67
2025-06-15,16:15,93,88.7,29.0,28.2,82.31,0.13,65.85,0.11,7.2,0.67
2025-06-15,16:30,93,68.1,28.7,27.4,82.55,0.1,66.04,0.08,5.6,0.67
2025-06-15,16:45,93,47.5,28.5,26.7,82.8,0.07,66.24,0.06,3.9,0.67
2025-06-15,17:00,93,26.9,28.2,25.9,83.05,0.04,66.44,0.03,2.2,0.67
2025-06-15,17:15,93,20.2,28.0,25.5,83.17,0.03,66.54,0.02,1.7,0.67
2025-06-15,17:30,93,13.4,27.8,25.1,83.3,0.02,66.64,0.02,1.1,0.67
2025-06-15,17:45,93,6.7,27.5,24.7,83.42,0.01,66.74,0.01,0.6,0.67
2025-06-16,05:15,93,24.3,25.8,23.4,83.84,0.04,67.07,0.03,2.0,0.67
2025-06-16,05:30,93,43.8,26.1,24.2,83.59,0.06,66.87,0.05,3.6,0.67
2025-06-16,05:45,93,63.4,26.4,25.0,83.33,0.09,66.67,0.08,5.2,0.67
2025-06-16,06:00,93,83.0,26.7,25.8,83.08,0.12,66.47,0.1,6.8,0.67
2025-06-16,06:15,93,112.8,27.2,27.0,82.69,0.17,66.15,0.14,9.2,0.67
2025-06-16,06:30,93,142.7,27.7,28.3,82.3,0.21,65.84,0.18,11.6,0.67
2025-06-16,06:45,93,172.5,28.2,29.5,81.9,0.26,65.52,0.21,14.0,0.67
2025-06-16,07:00,93,202.3,28.7,30.7,81.51,0.3,65.21,0.25,16.4,0.67
2025-06-16,07:15,93,230.7,29.2,32.0,81.12,0.34,64.89,0.29,18.6,0.67
2025-06-16,07:30,93,259.1,29.7,33.2,80.72,0.39,64.58,0.32,20.9,0.67
2025-06-16,07:45,93,287.5,30.3,34.5,80.33,0.43,64.27,0.36,23.1,0.67
2025-06-16,08:00,93,315.9,30.8,35.7,79.94,0.47,63.95,0.39,25.2,0.67
2025-06-16,08:15,93,330.6,31.3,36.5,79.68,0.49,63.74,0.41,26.3,0.67
2025-06-16,08:30,93,345.2,31.7,37.4,79.41,0.52,63.53,0.43,27.4,0.67
2025-06-16,08:45,93,359.9,32.2,38.2,79.15,0.54,63.32,0.45,28.5,0.67
2025-06-16,09:00,93,374.5,32.7,39.0,78.89,0.56,63.11,0.47,29.6,0.67
2025-06-16,09:15,93,384.3,33.0,39.6,78.7,0.58,62.96,0.48,30.3,0.67
2025-06-16,09:30,93,394.1,33.4,40.2,78.51,0.59,62.81,0.49,31.1,0.67
2025-06-16,09:45,93,403.9,33.7,40.8,78.32,0.61,62.65,0.51,31.8,0.67
2025-06-16,10:00,93,413.7,34.1,41.4,78.13,0.62,62.5,0.52,32.5,0.67
2025-06-16,10:15,93,406.1,34.3,41.5,78.11,0.61,62.49,0.51,31.9,0.67
2025-06-16,10:30,93,398.5,34.5,41.5,78.1,0.6,62.48,0.5,31.3,0.67
2025-06-16,10:45,93,390.9,34.8,41.5,78.09,0.59,62.47,0.49,30.7,0.67
2025-06-16,11:00,93,383.3,35.0,41.6,78.07,0.58,62.46,0.48,30.1,0.67
2025-06-16,11:15,93,372.8,35.1,41.4,78.12,0.56,62.5,0.47,29.3,0.67
2025-06-16,11:30,93,362.3,35.2,41.3,78.18,0.54,62.54,0.46,28.5,0.67
2025-06-16,11:45,93,351.8,35.3,41.1,78.23,0.53,62.58,0.44,27.7,0.67
2025-06-16,12:00,93,341.4,35.4,41.0,78.28,0.51,62.62,0.43,26.8,0.67
2025-06-16,12:15,93,346.0,35.4,41.0,78.26,0.52,62.61,0.43,27.2,0.67
2025-06-16,12:30,93,350.6,35.3,41.1,78.24,0.53,62.59,0.44,27.6,0.67
2025-06-16,12:45,93,355.2,35.2,41.1,78.23,0.53,62.58,0.45,27.9,0.67
2025-06-16,13:00,93,359.9,35.2,41.2,78.21,0.54,62.57,0.45,28.3,0.67
2025-06-16,13:15,93,345.7,35.0,40.6,78.38,0.52,62.7,0.43,27.2,0.67
2025-06-16,13:30,93,331.5,34.8,40.1,78.55,0.5,62.84,0.42,26.1,0.67
2025-06-16,13:45,93,317.4,34.6,39.6,78.72,0.48,62.97,0.4,25.1,0.67
2025-06-16,14:00,93,303.2,34.4,39.0,78.89,0.45,63.11,0.38,24.0,0.67
2025-06-16,14:15,93,273.6,34.1,38.0,79.22,0.41,63.38,0.34,21.7,0.67
2025-06-16,14:30,93,244.0,33.8,36.9,79.56,0.36,63.65,0.31,19.4,0.67
2025-06-16,14:45,93,214.5,33.5,35.8,79.9,0.32,63.92,0.27,17.1,0.67
2025-06-16,15:00,93,184.9,33.2,34.8,80.23,0.28,64.18,0.23,14.8,0.67
2025-06-16,15:15,93,173.4,32.9,34.2,80.42,0.26,64.33,0.22,13.9,0.67
2025-06-16,15:30,93,161.8,32.6,33.6,80.6,0.24,64.48,0.2,13.0,0.67
2025-06-16,15:45,93,150.3,32.3,33.0,80.79,0.22,64.63,0.19,12.1,0.67
2025-06-16,16:00,93,138.8,32.0,32.4,80.97,0.21,64.78,0.17,11.2,0.67
2025-06-16,16:15,93,112.2,31.6,31.5,81.29,0.17,65.03,0.14,9.1,0.67
2025-06-16,16:30,93,85.6,31.3,30.5,81.6,0.13,65.28,0.11,6.9,0.67
2025-06-16,16:45,93,59.0,31.0,29.5,81.91,0.09,65.53,0.07,4.8,0.67
2025-06-16,17:00,93,32.5,30.7,28.5,82.23,0.05,65.78,0.04,2.6,0.67
2025-06-16,17:15,93,24.3,30.3,27.9,82.42,0.04,65.93,0.03,2.0,0.67
2025-06-16,17:30,93,16.2,29.9,27.3,82.61,0.02,66.08,0.02,1.3,0.67
2025-06-16,17:45,93,8.1,29.5,26.7,82.8,0.01,66.24,0.01,0.7,0.67
2025-06-17,05:15,93,26.5,25.9,23.6,83.77,0.04,67.01,0.03,2.2,0.67
2025-06-17,05:30,93,48.1,26.1,24.4,83.53,0.07,66.83,0.06,4.0,0.67
2025-06-17,05:45,93,69.7,26.4,25.1,83.3,0.1,66.64,0.09,5.7,0.67
2025-06-17,06:00,93,91.3,26.6,25.8,83.06,0.13,66.45,0.11,7.5,0.67
2025-06-17,06:15,93,120.1,26.9,26.9,82.72,0.18,66.18,0.15,9.8,0.67
2025-06-17,06:30,93,148.8,27.3,28.0,82.38,0.22,65.9,0.18,12.2,0.67
2025-06-17,06:45,93,177.6,27.7,29.1,82.03,0.26,65.63,0.22,14.5,0.67
2025-06-17,07:00,93,206.3,28.0,30.2,81.69,0.31,65.35,0.26,16.8,0.67
2025-06-17,07:15,93,241.7,28.5,31.6,81.25,0.36,65.0,0.3,19.5,0.67
2025-06-17,07:30,93,277.0,29.0,33.0,80.8,0.41,64.64,0.35,22.3,0.67
2025-06-17,07:45,93,312.4,29.6,34.4,80.36,0.47,64.29,0.39,25.1,0.67
2025-06-17,08:00,93,347.7,30.1,35.8,79.92,0.52,63.94,0.43,27.8,0.67
2025-06-17,08:15,93,374.9,30.5,36.9,79.56,0.56,63.65,0.47,29.8,0.67
2025-06-17,08:30,93,402.0,31.0,38.0,79.2,0.6,63.36,0.5,31.9,0.67
2025-06-17,08:45,93,429.2,31.4,39.2,78.84,0.64,63.07,0.54,33.9,0.67
2025-06-17,09:00,93,456.3,31.9,40.3,78.48,0.68,62.79,0.57,36.0,0.67
2025-06-17,09:15,93,485.7,32.2,41.4,78.14,0.73,62.52,0.61,38.1,0.67
2025-06-17,09:30,93,515.1,32.6,42.4,77.8,0.77,62.24,0.65,40.3,0.67
2025-06-17,09:45,93,544.5,32.9,43.5,77.47,0.82,61.97,0.69,42.5,0.67
2025-06-17,10:00,93,573.9,33.2,44.6,77.13,0.86,61.7,0.72,44.6,0.67
2025-06-17,10:15,93,583.7,33.5,45.0,76.98,0.88,61.58,0.74,45.3,0.67
2025-06-17,10:30,93,593.5,33.7,45.5,76.83,0.89,61.47,0.75,46.0,0.67
2025-06-17,10:45,93,603.2,33.9,46.0,76.69,0.91,61.35,0.76,46.7,0.67
2025-06-17,11:00,93,613.0,34.1,46.4,76.54,0.92,61.23,0.77,47.4,0.67
2025-06-17,11:15,93,616.9,34.2,46.6,76.48,0.93,61.19,0.78,47.7,0.67
2025-06-17,11:30,93,620.7,34.3,46.8,76.42,0.94,61.14,0.78,47.9,0.67
2025-06-17,11:45,93,624.6,34.4,47.0,76.36,0.94,61.09,0.79,48.2,0.67
2025-06-17,12:00,93,628.4,34.5,47.2,76.3,0.95,61.04,0.79,48.5,0.67
2025-06-17,12:15,93,595.0,34.5,46.4,76.56,0.9,61.25,0.75,46.0,0.67
2025-06-17,12:30,93,561.7,34.5,45.6,76.82,0.85,61.46,0.71,43.5,0.67
2025-06-17,12:45,93,528.3,34.5,44.7,77.08,0.8,61.66,0.67,41.1,0.67
2025-06-17,13:00,93,494.9,34.5,43.9,77.34,0.74,61.87,0.62,38.6,0.67
2025-06-17,13:15,93,494.8,34.5,43.9,77.35,0.74,61.88,0.62,38.6,0.67
2025-06-17,13:30,93,494.6,34.5,43.8,77.36,0.74,61.89,0.62,38.6,0.67
2025-06-17,13:45,93,494.5,34.4,43.8,77.37,0.74,61.9,0.62,38.5,0.67
2025-06-17,14:00,93,494.4,34.4,43.8,77.38,0.74,61.91,0.62,38.5,0.67
2025-06-17,14:15,93,451.4,34.3,42.6,77.76,0.68,62.21,0.57,35.3,0.67
2025-06-17,14:30,93,408.4,34.2,41.4,78.14,0.61,62.51,0.51,32.1,0.67
2025-06-17,14:45,93,365.4,34.0,40.2,78.52,0.55,62.82,0.46,28.8,0.67
2025-06-17,15:00,93,322.4,33.9,39.0,78.9,0.48,63.12,0.4,25.5,0.67
2025-06-17,15:15,93,286.3,33.7,37.8,79.27,0.43,63.41,0.36,22.7,0.67
2025-06-17,15:30,93,250.2,33.4,36.7,79.64,0.37,63.71,0.31,19.9,0.67
2025-06-17,15:45,93,214.1,33.1,35.5,80.0,0.32,64.0,0.27,17.1,0.67
2025-06-17,16:00,93,178.0,32.9,34.3,80.37,0.27,64.3,0.22,14.3,0.67
2025-06-17,16:15,93,145.4,32.4,33.0,80.8,0.22,64.64,0.18,11.7,0.67
2025-06-17,16:30,93,112.8,31.8,31.6,81.23,0.17,64.98,0.14,9.1,0.67
2025-06-17,16:45,93,80.2,31.3,30.3,81.65,0.12,65.32,0.1,6.5,0.67
2025-06-17,17:00,93,47.6,30.8,29.0,82.08,0.07,65.66,0.06,3.9,0.67
2025-06-17,17:15,93,35.7,30.3,28.2,82.33,0.05,65.86,0.04,2.9,0.67
2025-06-17,17:30,93,23.8,29.8,27.4,82.58,0.04,66.06,0.03,1.9,0.67
2025-06-17,17:45,93,11.9,29.3,26.6,82.83,0.02,66.26,0.01,1.0,0.67
2025-06-18,05:00,93,5.6,25.0,22.2,84.22,0.01,67.38,0.01,0.5,0.67
2025-06-18,05:15,93,27.8,25.3,23.0,83.96,0.04,67.17,0.03,2.3,0.67
2025-06-18,05:30,93,50.0,25.6,23.8,83.69,0.07,66.96,0.06,4.1,0.67
2025-06-18,05:45,93,72.2,25.9,24.7,83.43,0.11,66.74,0.09,6.0,0.67
2025-06-18,06:00,93,94.4,26.2,25.5,83.16,0.14,66.53,0.12,7.8,0.67
2025-06-18,06:15,93,134.3,26.6,26.9,82.72,0.2,66.17,0.17,11.0,0.67
2025-06-18,06:30,93,174.3,27.0,28.3,82.27,0.26,65.81,0.22,14.2,0.67
2025-06-18,06:45,93,214.3,27.4,29.8,81.82,0.32,65.46,0.27,17.4,0.67
2025-06-18,07:00,93,254.2,27.8,31.2,81.37,0.38,65.1,0.32,20.6,0.67
2025-06-18,07:15,93,296.4,28.4,32.8,80.84,0.44,64.68,0.37,23.9,0.67
2025-06-18,07:30,93,338.5,29.1,34.5,80.32,0.5,64.25,0.42,27.1,0.67
2025-06-18,07:45,93,380.7,29.7,36.2,79.79,0.57,63.83,0.48,30.4,0.67
2025-06-18,08:00,93,422.8,30.3,37.9,79.26,0.63,63.41,0.53,33.6,0.67
2025-06-18,08:15,93,451.6,30.8,39.1,78.86,0.68,63.09,0.57,35.7,0.67
2025-06-18,08:30,93,480.4,31.4,40.4,78.46,0.72,62.77,0.6,37.9,0.67
2025-06-18,08:45,93,509.2,31.9,41.6,78.07,0.76,62.45,0.64,40.0,0.67
2025-06-18,09:00,93,538.0,32.4,42.9,77.67,0.81,62.14,0.68,42.1,0.67
2025-06-18,09:15,93,551.9,32.8,43.6,77.43,0.83,61.95,0.69,43.0,0.67
2025-06-18,09:30,93,565.8,33.2,44.4,77.2,0.85,61.76,0.71,44.0,0.67
2025-06-18,09:45,93,579.6,33.6,45.1,76.96,0.87,61.57,0.73,45.0,0.67
2025-06-18,10:00,93,593.5,34.0,45.8,76.73,0.89,61.38,0.75,46.0,0.67
2025-06-18,10:15,93,611.7,34.2,46.5,76.51,0.92,61.21,0.77,47.3,0.67
2025-06-18,10:30,93,630.0,34.5,47.2,76.28,0.95,61.03,0.8,48.6,0.67
2025-06-18,10:45,93,648.2,34.7,47.9,76.06,0.98,60.85,0.82,49.9,0.67
2025-06-18,11:00,93,666.5,35.0,48.7,75.84,1.01,60.67,0.84,51.2,0.67
2025-06-18,11:15,93,657.9,35.0,48.5,75.89,0.99,60.71,0.83,50.5,0.67
2025-06-18,11:30,93,649.4,35.1,48.3,75.95,0.98,60.76,0.82,49.9,0.67
2025-06-18,11:45,93,640.8,35.1,48.1,76.0,0.97,60.8,0.81,49.3,0.67
2025-06-18,12:00,93,632.2,35.2,48.0,76.05,0.95,60.84,0.8,48.6,0.67
2025-06-18,12:15,93,629.0,35.1,47.8,76.1,0.95,60.88,0.8,48.4,0.67
2025-06-18,12:30,93,625.8,35.0,47.7,76.15,0.94,60.92,0.79,48.2,0.67
2025-06-18,12:45,93,622.6,35.0,47.5,76.2,0.94,60.96,0.79,48.0,0.67
2025-06-18,13:00,93,619.4,34.9,47.4,76.25,0.93,61.0,0.78,47.7,0.67
2025-06-18,13:15,93,587.5,34.7,46.4,76.54,0.89,61.23,0.74,45.4,0.67
2025-06-18,13:30,93,555.6,34.6,45.5,76.84,0.84,61.47,0.7,43.1,0.67
2025-06-18,13:45,93,523.8,34.5,44.5,77.14,0.79,61.71,0.66,40.7,0.67
2025-06-18,14:00,93,491.9,34.3,43.6,77.44,0.74,61.95,0.62,38.4,0.67
2025-06-18,14:15,93,450.7,34.1,42.4,77.82,0.68,62.26,0.57,35.3,0.67
2025-06-18,14:30,93,409.6,33.9,41.2,78.21,0.61,62.57,0.51,32.2,0.67
2025-06-18,14:45,93,368.4,33.7,39.9,78.6,0.55,62.88,0.46,29.1,0.67
2025-06-18,15:00,93,327.3,33.5,38.7,78.99,0.49,63.19,0.41,25.9,0.67
2025-06-18,15:15,93,288.4,33.2,37.5,79.38,0.43,63.51,0.36,22.9,0.67
2025-06-18,15:30,93,249.5,33.0,36.2,79.78,0.37,63.82,0.31,19.9,0.67
2025-06-18,15:45,93,210.7,32.7,35.0,80.17,0.31,64.14,0.26,16.9,0.67
2025-06-18,16:00,93,171.8,32.4,33.7,80.57,0.26,64.45,0.21,13.8,0.67
2025-06-18,16:15,93,140.5,32.0,32.5,80.95,0.21,64.76,0.17,11.3,0.67
2025-06-18,16:30,93,109.2,31.6,31.3,81.34,0.16,65.07,0.14,8.8,0.67
2025-06-18,16:45,93,77.8,31.1,30.1,81.72,0.12,65.38,0.1,6.3,0.67
2025-06-18,17:00,93,46.5,30.7,28.9,82.11,0.07,65.69,0.06,3.8,0.67
2025-06-18,17:15,93,34.9,30.3,28.2,82.32,0.05,65.85,0.04,2.8,0.67
2025-06-18,17:30,93,23.2,30.0,27.5,82.52,0.03,66.02,0.03,1.9,0.67
2025-06-18,17:45,93,11.6,29.6,26.9,82.73,0.02,66.19,0.01,1.0,0.67
2025-06-19,05:00,93,5.1,25.8,22.9,83.98,0.01,67.18,0.01,0.4,0.67
2025-06-19,05:15,93,25.8,26.0,23.7,83.75,0.04,67.0,0.03,2.1,0.67
2025-06-19,05:30,93,46.5,26.2,24.4,83.52,0.07,66.82,0.06,3.8,0.67
2025-06-19,05:45,93,67.2,26.4,25.1,83.29,0.1,66.63,0.08,5.5,0.67
2025-06-19,06:00,93,87.8,26.7,25.9,83.06,0.13,66.45,0.11,7.2,0.67
2025-06-19,06:15,93,124.8,27.1,27.2,82.62,0.18,66.09,0.15,10.2,0.67
2025-06-19,06:30,93,161.8,27.6,28.6,82.18,0.24,65.74,0.2,13.2,0.67
2025-06-19,06:45,93,198.8,28.0,30.0,81.74,0.29,65.39,0.25,16.2,0.67
2025-06-19,07:00,93,235.8,28.5,31.4,81.3,0.35,65.04,0.29,19.1,0.67
2025-06-19,07:15,93,277.6,29.1,33.0,80.79,0.41,64.63,0.35,22.4,0.67
2025-06-19,07:30,93,319.4,29.6,34.6,80.28,0.48,64.22,0.4,25.6,0.67
2025-06-19,07:45,93,361.2,30.2,36.2,79.77,0.54,63.82,0.45,28.8,0.67
2025-06-19,08:00,93,402.9,30.8,37.8,79.26,0.6,63.41,0.5,32.0,0.67
2025-06-19,08:15,93,438.4,31.2,39.2,78.83,0.66,63.07,0.55,34.7,0.67
2025-06-19,08:30,93,473.9,31.7,40.5,78.41,0.71,62.72,0.59,37.3,0.67
2025-06-19,08:45,93,509.4,32.2,41.9,77.98,0.76,62.38,0.64,39.9,0.67
2025-06-19,09:00,93,544.8,32.6,43.3,77.55,0.82,62.04,0.69,42.5,0.67
2025-06-19,09:15,93,573.9,33.0,44.3,77.2,0.86,61.76,0.72,44.7,0.67
2025-06-19,09:30,93,602.9,33.4,45.4,76.86,0.91,61.49,0.76,46.8,0.67
2025-06-19,09:45,93,632.0,33.7,46.5,76.51,0.95,61.21,0.8,48.8,0.67
2025-06-19,10:00,93,661.0,34.1,47.6,76.17,1.0,60.93,0.84,50.9,0.67
2025-06-19,10:15,93,656.3,34.3,47.7,76.14,0.99,60.91,0.83,50.5,0.67
2025-06-19,10:30,93,651.7,34.5,47.8,76.12,0.98,60.89,0.82,50.2,0.67
2025-06-19,10:45,93,647.0,34.7,47.8,76.09,0.98,60.87,0.82,49.8,0.67
2025-06-19,11:00,93,642.3,34.9,47.9,76.07,0.97,60.85,0.81,49.4,0.67
2025-06-19,11:15,93,648.2,34.9,48.1,76.0,0.98,60.8,0.82,49.8,0.67
2025-06-19,11:30,93,654.0,35.0,48.4,75.93,0.99,60.74,0.83,50.3,0.67
2025-06-19,11:45,93,659.8,35.1,48.6,75.86,1.0,60.69,0.83,50.7,0.67
2025-06-19,12:00,93,665.7,35.1,48.8,75.79,1.01,60.64,0.84,51.1,0.67
2025-06-19,12:15,93,635.3,35.1,48.0,76.05,0.96,60.84,0.8,48.9,0.67
2025-06-19,12:30,93,604.9,35.1,47.2,76.3,0.91,61.04,0.76,46.7,0.67
2025-06-19,12:45,93,574.5,35.0,46.4,76.55,0.87,61.24,0.73,44.4,0.67
2025-06-19,13:00,93,544.1,35.0,45.6,76.8,0.82,61.44,0.69,42.2,0.67
2025-06-19,13:15,93,516.3,34.9,44.8,77.07,0.78,61.66,0.65,40.1,0.67
2025-06-19,13:30,93,488.6,34.7,43.9,77.34,0.73,61.87,0.62,38.1,0.67
2025-06-19,13:45,93,460.9,34.6,43.1,77.6,0.69,62.08,0.58,36.0,0.67
2025-06-19,14:00,93,433.1,34.4,42.2,77.87,0.65,62.3,0.54,33.9,0.67
2025-06-19,14:15,93,396.0,34.2,41.1,78.24,0.59,62.59,0.5,31.1,0.67
2025-06-19,14:30,93,358.8,33.9,39.9,78.61,0.54,62.89,0.45,28.3,0.67
2025-06-19,14:45,93,321.7,33.7,38.7,78.98,0.48,63.18,0.4,25.5,0.67
2025-06-19,15:00,93,284.6,33.5,37.6,79.34,0.43,63.47,0.36,22.6,0.67
2025-06-19,15:15,93,249.3,33.2,36.4,79.72,0.37,63.78,0.31,19.9,0.67
2025-06-19,15:30,93,214.0,32.8,35.2,80.1,0.32,64.08,0.27,17.1,0.67
2025-06-19,15:45,93,178.8,32.5,34.0,80.48,0.27,64.38,0.22,14.4,0.67
2025-06-19,16:00,93,143.5,32.2,32.8,80.86,0.21,64.68,0.18,11.6,0.67
2025-06-19,16:15,93,118.3,31.8,31.7,81.19,0.18,64.95,0.15,9.6,0.67
2025-06-19,16:30,93,93.1,31.4,30.7,81.53,0.14,65.22,0.12,7.5,0.67
2025-06-19,16:45,93,67.9,30.9,29.6,81.87,0.1,65.49,0.08,5.5,0.67
2025-06-19,17:00,93,42.7,30.5,28.6,82.2,0.06,65.76,0.05,3.5,0.67
2025-06-19,17:15,93,32.0,30.1,27.9,82.42,0.05,65.94,0.04,2.6,0.67
2025-06-19,17:30,93,21.4,29.6,27.1,82.65,0.03,66.12,0.03,1.7,0.67
2025-06-19,17:45,93,10.7,29.2,26.4,82.87,0.02,66.3,0.01,0.9,0.67
2025-06-20,05:00,93,5.5,24.4,21.6,84.41,0.01,67.53,0.01,0.5,0.67
2025-06-20,05:15,93,27.2,24.7,22.4,84.15,0.04,67.32,0.03,2.3,0.67
2025-06-20,05:30,93,48.9,25.0,23.2,83.89,0.07,67.11,0.06,4.0,0.67
2025-06-20,05:45,93,70.6,25.3,24.0,83.63,0.1,66.91,0.09,5.8,0.67
2025-06-20,06:00,93,92.2,25.5,24.8,83.38,0.14,66.7,0.11,7.6,0.67
2025-06-20,06:15,93,128.2,25.9,26.1,82.97,0.19,66.37,0.16,10.5,0.67
2025-06-20,06:30,93,164.2,26.3,27.4,82.56,0.24,66.05,0.2,13.4,0.67
2025-06-20,06:45,93,200.2,26.7,28.7,82.15,0.3,65.72,0.25,16.3,0.67
2025-06-20,07:00,93,236.2,27.1,30.0,81.74,0.35,65.39,0.29,19.2,0.67
2025-06-20,07:15,93,282.2,27.6,31.6,81.23,0.42,64.99,0.35,22.8,0.67
2025-06-20,07:30,93,328.2,28.0,33.2,80.72,0.49,64.58,0.41,26.4,0.67
2025-06-20,07:45,93,374.2,28.5,34.8,80.22,0.56,64.17,0.47,30.0,0.67
2025-06-20,08:00,93,420.3,28.9,36.4,79.71,0.63,63.77,0.53,33.5,0.67
2025-06-20,08:15,93,455.8,29.4,37.8,79.28,0.68,63.42,0.57,36.2,0.67
2025-06-20,08:30,93,491.3,29.9,39.2,78.85,0.74,63.08,0.62,38.8,0.67
2025-06-20,08:45,93,526.8,30.3,40.5,78.42,0.79,62.73,0.66,41.5,0.67
2025-06-20,09:00,93,562.3,30.8,41.9,77.99,0.84,62.39,0.71,44.1,0.67
2025-06-20,09:15,93,578.8,31.2,42.7,77.73,0.87,62.18,0.73,45.3,0.67
2025-06-20,09:30,93,595.4,31.6,43.5,77.47,0.9,61.98,0.75,46.5,0.67
2025-06-20,09:45,93,611.9,32.0,44.3,77.21,0.92,61.77,0.77,47.6,0.67
2025-06-20,10:00,93,628.5,32.4,45.1,76.95,0.95,61.56,0.79,48.8,0.67
2025-06-20,10:15,93,646.1,32.7,45.9,76.72,0.97,61.37,0.82,50.0,0.67
2025-06-20,10:30,93,663.8,33.0,46.6,76.48,1.0,61.18,0.84,51.3,0.67
2025-06-20,10:45,93,681.4,33.3,47.4,76.24,1.03,61.0,0.86,52.5,0.67
2025-06-20,11:00,93,699.1,33.6,48.1,76.01,1.06,60.81,0.88,53.8,0.67
2025-06-20,11:15,93,677.9,33.8,47.8,76.12,1.02,60.9,0.86,52.2,0.67
2025-06-20,11:30,93,656.6,34.0,47.4,76.23,0.99,60.99,0.83,50.6,0.67
2025-06-20,11:45,93,635.4,34.2,47.1,76.35,0.96,61.08,0.8,49.0,0.67
2025-06-20,12:00,93,614.2,34.3,46.7,76.46,0.93,61.17,0.78,47.4,0.67
2025-06-20,12:15,93,595.7,34.4,46.3,76.57,0.9,61.26,0.75,46.1,0.67
2025-06-20,12:30,93,577.3,34.5,46.0,76.69,0.87,61.35,0.73,44.7,0.67
2025-06-20,12:45,93,558.8,34.6,45.6,76.81,0.84,61.45,0.7,43.3,0.67
2025-06-20,13:00,93,540.3,34.7,45.2,76.92,0.81,61.54,0.68,41.9,0.67
2025-06-20,13:15,93,533.4,34.7,45.1,76.98,0.8,61.58,0.67,41.4,0.67
2025-06-20,13:30,93,526.6,34.7,44.9,77.03,0.79,61.63,0.66,40.9,0.67
2025-06-20,13:45,93,519.7,34.7,44.7,77.09,0.78,61.67,0.66,40.4,0.67
2025-06-20,14:00,93,512.8,34.7,44.5,77.15,0.77,61.72,0.65,39.9,0.67
2025-06-20,14:15,93,474.3,34.6,43.4,77.49,0.71,61.99,0.6,37.0,0.67
2025-06-20,14:30,93,435.8,34.5,42.4,77.83,0.65,62.27,0.55,34.1,0.67
2025-06-20,14:45,93,397.4,34.3,41.3,78.17,0.6,62.54,0.5,31.2,0.67
2025-06-20,15:00,93,358.9,34.2,40.2,78.52,0.54,62.81,0.45,28.3,0.67
2025-06-20,15:15,93,316.9,33.9,38.8,78.94,0.47,63.16,0.4,25.1,0.67
2025-06-20,15:30,93,274.9,33.6,37.5,79.37,0.41,63.5,0.34,21.8,0.67
2025-06-20,15:45,93,232.9,33.3,36.2,79.8,0.35,63.84,0.29,18.6,0.67
2025-06-20,16:00,93,190.9,33.0,34.8,80.22,0.28,64.18,0.24,15.3,0.67
2025-06-20,16:15,93,155.6,32.5,33.4,80.68,0.23,64.55,0.19,12.5,0.67
2025-06-20,16:30,93,120.3,31.9,31.9,81.14,0.18,64.91,0.15,9.7,0.67
2025-06-20,16:45,93,85.0,31.3,30.5,81.6,0.13,65.28,0.11,6.9,0.67
2025-06-20,17:00,93,49.7,30.8,29.0,82.06,0.07,65.65,0.06,4.0,0.67
2025-06-20,17:15,93,37.3,30.3,28.2,82.31,0.06,65.84,0.05,3.0,0.67
2025-06-20,17:30,93,24.9,29.8,27.4,82.55,0.04,66.04,0.03,2.0,0.67
2025-06-20,17:45,93,12.4,29.3,26.7,82.8,0.02,66.24,0.02,1.0,0.67
2025-06-21,05:00,93,5.4,25.1,22.3,84.19,0.01,67.36,0.01,0.5,0.67
2025-06-21,05:15,93,29.8,25.4,23.2,83.9,0.04,67.12,0.04,2.5,0.67
2025-06-21,05:30,93,54.2,25.8,24.1,83.61,0.08,66.89,0.07,4.5,0.67
2025-06-21,05:45,93,78.6,26.1,25.0,83.32,0.12,66.65,0.1,6.5,0.67
2025-06-21,06:00,93,103.0,26.4,26.0,83.03,0.15,66.42,0.13,8.5,0.67
2025-06-21,06:15,93,145.6,26.8,27.4,82.56,0.22,66.05,0.18,11.9,0.67
2025-06-21,06:30,93,188.2,27.2,28.9,82.09,0.28,65.67,0.23,15.3,0.67
2025-06-21,06:45,93,230.8,27.6,30.4,81.63,0.34,65.3,0.29,18.7,0.67
2025-06-21,07:00,93,273.4,28.0,31.8,81.16,0.41,64.93,0.34,22.1,0.67
2025-06-21,07:15,93,327.5,28.5,33.7,80.57,0.49,64.46,0.41,26.3,0.67
2025-06-21,07:30,93,381.7,29.0,35.6,79.98,0.57,63.99,0.48,30.5,0.67
2025-06-21,07:45,93,435.8,29.5,37.4,79.39,0.65,63.51,0.55,34.6,0.67
2025-06-21,08:00,93,490.0,30.0,39.3,78.8,0.73,63.04,0.61,38.7,0.67
2025-06-21,08:15,93,522.7,30.5,40.5,78.41,0.78,62.73,0.66,41.2,0.67
2025-06-21,08:30,93,555.3,30.9,41.8,78.02,0.83,62.42,0.7,43.6,0.67
2025-06-21,08:45,93,588.0,31.3,43.0,77.63,0.88,62.1,0.74,46.0,0.67
2025-06-21,09:00,93,620.7,31.7,44.2,77.24,0.93,61.79,0.78,48.3,0.67
2025-06-21,09:15,93,614.5,32.0,44.4,77.2,0.92,61.76,0.77,47.8,0.67
2025-06-21,09:30,93,608.4,32.3,44.5,77.16,0.92,61.73,0.77,47.3,0.67
2025-06-21,09:45,93,602.2,32.5,44.6,77.12,0.91,61.7,0.76,46.8,0.67
2025-06-21,10:00,93,596.0,32.8,44.7,77.08,0.9,61.67,0.75,46.3,0.67
2025-06-21,10:15,93,636.7,33.0,45.9,76.7,0.96,61.36,0.8,49.3,0.67
2025-06-21,10:30,93,677.4,33.2,47.1,76.32,1.02,61.06,0.86,52.3,0.67
2025-06-21,10:45,93,718.1,33.4,48.3,75.94,1.08,60.75,0.91,55.2,0.67
2025-06-21,11:00,93,758.8,33.5,49.5,75.56,1.15,60.45,0.96,58.1,0.67
2025-06-21,11:15,93,739.2,33.7,49.1,75.69,1.12,60.55,0.94,56.7,0.67
2025-06-21,11:30,93,719.6,33.8,48.7,75.81,1.09,60.65,0.91,55.2,0.67
2025-06-21,11:45,93,700.0,33.9,48.4,75.93,1.06,60.74,0.89,53.8,0.67
2025-06-21,12:00,93,680.4,34.0,48.0,76.05,1.03,60.84,0.86,52.3,0.67
2025-06-21,12:15,93,661.4,34.0,47.6,76.19,1.0,60.95,0.84,51.0,0.67
2025-06-21,12:30,93,642.5,34.1,47.1,76.32,0.97,61.06,0.81,49.6,0.67
2025-06-21,12:45,93,623.6,34.1,46.7,76.46,0.94,61.17,0.79,48.2,0.67
2025-06-21,13:00,93,604.7,34.1,46.3,76.59,0.91,61.27,0.76,46.8,0.67
2025-06-21,13:15,93,586.0,34.1,45.8,76.75,0.88,61.4,0.74,45.4,0.67
2025-06-21,13:30,93,567.3,34.1,45.3,76.91,0.85,61.52,0.72,44.0,0.67
2025-06-21,13:45,93,548.6,34.1,44.8,77.06,0.83,61.65,0.69,42.6,0.67
2025-06-21,14:00,93,529.9,34.0,44.3,77.22,0.8,61.77,0.67,41.2,0.67
2025-06-21,14:15,93,497.5,34.0,43.4,77.5,0.75,62.0,0.63,38.8,0.67
2025-06-21,14:30,93,465.1,33.9,42.5,77.79,0.7,62.23,0.58,36.4,0.67
2025-06-21,14:45,93,432.7,33.8,41.6,78.07,0.65,62.46,0.54,34.0,0.67
2025-06-21,15:00,93,400.2,33.7,40.7,78.35,0.6,62.68,0.5,31.5,0.67
2025-06-21,15:15,93,354.2,33.5,39.4,78.78,0.53,63.02,0.44,28.0,0.67
2025-06-21,15:30,93,308.1,33.3,38.0,79.2,0.46,63.36,0.39,24.4,0.67
2025-06-21,15:45,93,262.0,33.2,36.7,79.62,0.39,63.69,0.33,20.9,0.67
2025-06-21,16:00,93,215.9,33.0,35.4,80.04,0.32,64.03,0.27,17.3,0.67
2025-06-21,16:15,93,177.1,32.5,33.9,80.5,0.26,64.4,0.22,14.2,0.67
2025-06-21,16:30,93,138.3,32.0,32.5,80.95,0.21,64.76,0.17,11.2,0.67
2025-06-21,16:45,93,99.5,31.6,31.1,81.41,0.15,65.13,0.12,8.1,0.67
2025-06-21,17:00,93,60.6,31.1,29.6,81.87,0.09,65.49,0.08,4.9,0.67
2025-06-21,17:15,93,45.5,30.7,28.8,82.13,0.07,65.7,0.06,3.7,0.67
2025-06-21,17:30,93,30.3,30.2,28.0,82.39,0.04,65.91,0.04,2.5,0.67
2025-06-21,17:45,93,15.2,29.8,27.2,82.65,0.02,66.12,0.02,1.2,0.67
2025-06-22,05:00,93,5.2,24.9,22.1,84.25,0.01,67.4,0.01,0.4,0.67
2025-06-22,05:15,93,25.8,25.2,22.9,84.01,0.04,67.2,0.03,2.1,0.67
2025-06-22,05:30,93,46.5,25.5,23.6,83.76,0.07,67.01,0.06,3.8,0.67
2025-06-22,05:45,93,67.2,25.7,24.4,83.51,0.1,66.81,0.08,5.5,0.67
2025-06-22,06:00,93,87.9,26.0,25.2,83.27,0.13,66.61,0.11,7.2,0.67
2025-06-22,06:15,93,125.1,26.5,26.6,82.81,0.18,66.25,0.15,10.3,0.67
2025-06-22,06:30,93,162.3,27.0,28.1,82.35,0.24,65.88,0.2,13.3,0.67
2025-06-22,06:45,93,199.5,27.5,29.5,81.89,0.3,65.51,0.25,16.2,0.67
2025-06-22,07:00,93,236.7,28.1,31.0,81.44,0.35,65.15,0.29,19.2,0.67
2025-06-22,07:15,93,276.8,28.6,32.6,80.93,0.41,64.75,0.34,22.3,0.67
2025-06-22,07:30,93,316.9,29.2,34.1,80.43,0.47,64.35,0.4,25.4,0.67
2025-06-22,07:45,93,356.9,29.8,35.7,79.93,0.53,63.94,0.45,28.5,0.67
2025-06-22,08:00,93,397.0,30.4,37.3,79.43,0.59,63.54,0.5,31.6,0.67
2025-06-22,08:15,93,436.3,30.8,38.7,78.98,0.65,63.18,0.55,34.5,0.67
2025-06-22,08:30,93,475.6,31.3,40.2,78.53,0.71,62.82,0.6,37.5,0.67
2025-06-22,08:45,93,514.9,31.7,41.6,78.08,0.77,62.46,0.65,40.4,0.67
2025-06-22,09:00,93,554.1,32.1,43.0,77.63,0.83,62.1,0.7,43.3,0.67
2025-06-22,09:15,93,584.7,32.4,44.0,77.31,0.88,61.85,0.74,45.5,0.67
2025-06-22,09:30,93,615.2,32.6,45.0,76.99,0.93,61.59,0.78,47.8,0.67
2025-06-22,09:45,93,645.7,32.9,46.0,76.68,0.97,61.34,0.81,50.0,0.67
2025-06-22,10:00,93,676.2,33.1,47.0,76.36,1.02,61.09,0.85,52.2,0.67
2025-06-22,10:15,93,686.4,33.2,47.4,76.24,1.04,60.99,0.87,52.9,0.67
2025-06-22,10:30,93,696.6,33.4,47.8,76.11,1.05,60.89,0.88,53.6,0.67
2025-06-22,10:45,93,706.7,33.5,48.2,75.99,1.07,60.79,0.89,54.3,0.67
2025-06-22,11:00,93,716.9,33.6,48.6,75.86,1.08,60.69,0.91,55.1,0.67
2025-06-22,11:15,93,707.6,33.7,48.4,75.92,1.07,60.73,0.9,54.4,0.67
2025-06-22,11:30,93,698.3,33.8,48.2,75.97,1.05,60.78,0.88,53.7,0.67
2025-06-22,11:45,93,688.9,33.8,48.1,76.03,1.04,60.82,0.87,53.0,0.67
2025-06-22,12:00,93,679.6,33.9,47.9,76.08,1.03,60.87,0.86,52.3,0.67
2025-06-22,12:15,93,625.4,33.9,46.5,76.5,0.94,61.2,0.79,48.3,0.67
2025-06-22,12:30,93,571.2,33.9,45.2,76.93,0.86,61.54,0.72,44.3,0.67
2025-06-22,12:45,93,516.9,34.0,43.9,77.35,0.78,61.88,0.65,40.3,0.67
2025-06-22,13:00,93,462.7,34.0,42.6,77.77,0.69,62.21,0.58,36.2,0.67
2025-06-22,13:15,93,444.9,34.0,42.1,77.92,0.67,62.34,0.56,34.9,0.67
2025-06-22,13:30,93,427.0,33.9,41.6,78.07,0.64,62.46,0.54,33.5,0.67
2025-06-22,13:45,93,409.2,33.9,41.1,78.22,0.61,62.58,0.51,32.2,0.67
2025-06-22,14:00,93,391.4,33.9,40.6,78.37,0.59,62.7,0.49,30.8,0.67
2025-06-22,14:15,93,346.8,33.7,39.4,78.77,0.52,63.02,0.43,27.4,0.67
2025-06-22,14:30,93,302.3,33.6,38.1,79.17,0.45,63.34,0.38,24.0,0.67
2025-06-22,14:45,93,257.8,33.4,36.9,79.57,0.39,63.66,0.32,20.5,0.67
2025-06-22,15:00,93,213.3,33.3,35.6,79.97,0.32,63.97,0.27,17.0,0.67
2025-06-22,15:15,93,197.7,33.0,35.0,80.17,0.29,64.14,0.25,15.8,0.67
2025-06-22,15:30,93,182.2,32.8,34.3,80.38,0.27,64.31,0.23,14.6,0.67
2025-06-22,15:45,93,166.6,32.5,33.6,80.59,0.25,64.47,0.21,13.4,0.67
2025-06-22,16:00,93,151.0,32.2,33.0,80.8,0.22,64.64,0.19,12.2,0.67
2025-06-22,16:15,93,120.9,31.8,31.8,81.18,0.18,64.94,0.15,9.8,0.67
2025-06-22,16:30,93,90.7,31.3,30.6,81.56,0.13,65.25,0.11,7.4,0.67
2025-06-22,16:45,93,60.6,30.9,29.4,81.94,0.09,65.56,0.08,4.9,0.67
2025-06-22,17:00,93,30.4,30.4,28.2,82.33,0.05,65.86,0.04,2.5,0.67
2025-06-22,17:15,93,22.8,30.0,27.6,82.51,0.03,66.01,0.03,1.9,0.67
2025-06-22,17:30,93,15.2,29.6,27.0,82.69,0.02,66.15,0.02,1.2,0.67
2025-06-22,17:45,93,7.6,29.3,26.5,82.87,0.01,66.29,0.01,0.6,0.67
2025-06-23,05:15,93,21.8,25.6,23.2,83.91,0.03,67.13,0.03,1.8,0.67
2025-06-23,05:30,93,40.2,25.9,23.9,83.67,0.06,66.94,0.05,3.3,0.67
2025-06-23,05:45,93,58.6,26.2,24.7,83.43,0.09,66.74,0.07,4.8,0.67
2025-06-23,06:00,93,77.0,26.5,25.4,83.19,0.11,66.55,0.1,6.3,0.67
2025-06-23,06:15,93,104.5,27.0,26.6,82.83,0.15,66.26,0.13,8.6,0.67
2025-06-23,06:30,93,132.0,27.4,27.7,82.47,0.2,65.98,0.16,10.8,0.67
2025-06-23,06:45,93,159.5,27.8,28.8,82.11,0.24,65.69,0.2,13.0,0.67
2025-06-23,07:00,93,186.9,28.3,30.0,81.76,0.28,65.4,0.23,15.2,0.67
2025-06-23,07:15,93,216.3,28.8,31.2,81.35,0.32,65.08,0.27,17.5,0.67
2025-06-23,07:30,93,245.7,29.4,32.5,80.95,0.37,64.76,0.31,19.8,0.67
2025-06-23,07:45,93,275.1,29.9,33.8,80.55,0.41,64.44,0.34,22.1,0.67
2025-06-23,08:00,93,304.4,30.4,35.1,80.15,0.45,64.12,0.38,24.4,0.67
2025-06-23,08:15,93,337.5,30.9,36.3,79.74,0.5,63.79,0.42,26.9,0.67
2025-06-23,08:30,93,370.5,31.3,37.6,79.34,0.55,63.47,0.46,29.4,0.67
2025-06-23,08:45,93,403.5,31.8,38.9,78.93,0.6,63.15,0.51,31.9,0.67
2025-06-23,09:00,93,436.6,32.2,40.2,78.53,0.65,62.82,0.55,34.4,0.67
2025-06-23,09:15,93,461.9,32.6,41.1,78.22,0.69,62.58,0.58,36.3,0.67
2025-06-23,09:30,93,487.3,32.9,42.1,77.92,0.73,62.34,0.61,38.2,0.67
2025-06-23,09:45,93,512.6,33.2,43.0,77.61,0.77,62.09,0.65,40.1,0.67
2025-06-23,10:00,93,538.0,33.6,44.0,77.31,0.81,61.85,0.68,41.9,0.67
2025-06-23,10:15,93,539.5,33.8,44.3,77.21,0.81,61.77,0.68,42.0,0.67
2025-06-23,10:30,93,541.1,34.1,44.6,77.11,0.81,61.69,0.68,42.1,0.67
2025-06-23,10:45,93,542.6,34.4,45.0,77.01,0.82,61.61,0.68,42.1,0.67
2025-06-23,11:00,93,544.1,34.7,45.3,76.91,0.82,61.53,0.69,42.2,0.67
2025-06-23,11:15,93,562.6,34.8,45.9,76.72,0.85,61.38,0.71,43.6,0.67
2025-06-23,11:30,93,581.0,34.9,46.5,76.53,0.88,61.22,0.73,44.9,0.67
2025-06-23,11:45,93,599.4,35.1,47.1,76.34,0.9,61.07,0.76,46.3,0.67
2025-06-23,12:00,93,617.9,35.2,47.7,76.15,0.93,60.92,0.78,47.6,0.67
2025-06-23,12:15,93,573.6,35.2,46.6,76.5,0.86,61.2,0.72,44.3,0.67
2025-06-23,12:30,93,529.4,35.2,45.5,76.84,0.8,61.48,0.67,41.1,0.67
2025-06-23,12:45,93,485.2,35.2,44.4,77.19,0.73,61.75,0.61,37.8,0.67
2025-06-23,13:00,93,440.9,35.2,43.3,77.54,0.66,62.03,0.56,34.4,0.67
2025-06-23,13:15,93,406.3,35.1,42.3,77.86,0.61,62.29,0.51,31.8,0.67
2025-06-23,13:30,93,371.7,35.0,41.3,78.17,0.56,62.54,0.47,29.2,0.67
2025-06-23,13:45,93,337.1,34.9,40.3,78.49,0.51,62.79,0.42,26.6,0.67
2025-06-23,14:00,93,302.4,34.7,39.3,78.8,0.45,63.04,0.38,23.9,0.67
2025-06-23,14:15,93,285.6,34.4,38.6,79.03,0.43,63.22,0.36,22.6,0.67
2025-06-23,14:30,93,268.8,34.1,37.9,79.25,0.4,63.4,0.34,21.3,0.67
2025-06-23,14:45,93,252.0,33.9,37.2,79.48,0.38,63.58,0.32,20.0,0.67
2025-06-23,15:00,93,235.2,33.6,36.4,79.71,0.35,63.76,0.29,18.8,0.67
2025-06-23,15:15,93,214.8,33.2,35.6,79.97,0.32,63.98,0.27,17.2,0.67
2025-06-23,15:30,93,194.4,32.9,34.8,80.24,0.29,64.19,0.24,15.6,0.67
2025-06-23,15:45,93,174.0,32.6,33.9,80.51,0.26,64.41,0.22,14.0,0.67
2025-06-23,16:00,93,153.6,32.2,33.1,80.78,0.23,64.62,0.19,12.4,0.67
2025-06-23,16:15,93,124.2,31.8,31.9,81.15,0.18,64.92,0.15,10.0,0.67
2025-06-23,16:30,93,94.8,31.3,30.7,81.53,0.14,65.23,0.12,7.7,0.67
2025-06-23,16:45,93,65.4,30.8,29.5,81.91,0.1,65.53,0.08,5.3,0.67
2025-06-23,17:00,93,36.0,30.4,28.3,82.29,0.05,65.83,0.04,2.9,0.67
2025-06-23,17:15,93,27.0,29.9,27.6,82.51,0.04,66.01,0.03,2.2,0.67
2025-06-23,17:30,93,18.0,29.4,26.9,82.73,0.03,66.18,0.02,1.5,0.67
2025-06-23,17:45,93,9.0,29.0,26.2,82.94,0.01,66.36,0.01,0.7,0.67
2025-06-24,05:15,93,20.8,25.8,23.3,83.86,0.03,67.09,0.03,1.7,0.67
2025-06-24,05:30,93,37.6,26.2,24.1,83.61,0.06,66.89,0.05,3.1,0.67
2025-06-24,05:45,93,54.5,26.5,24.9,83.36,0.08,66.69,0.07,4.5,0.67
2025-06-24,06:00,93,71.3,26.9,25.7,83.11,0.11,66.49,0.09,5.9,0.67
2025-06-24,06:15,93,103.1,27.5,27.1,82.67,0.15,66.13,0.13,8.4,0.67
2025-06-24,06:30,93,134.9,28.1,28.5,82.22,0.2,65.77,0.17,11.0,0.67
2025-06-24,06:45,93,166.7,28.8,29.9,81.77,0.25,65.41,0.21,13.5,0.67
2025-06-24,07:00,93,198.5,29.4,31.3,81.32,0.29,65.06,0.25,16.1,0.67
2025-06-24,07:15,93,238.6,29.9,32.9,80.82,0.35,64.66,0.3,19.2,0.67
2025-06-24,07:30,93,278.7,30.5,34.5,80.33,0.42,64.26,0.35,22.3,0.67
2025-06-24,07:45,93,318.8,31.1,36.1,79.83,0.48,63.86,0.4,25.4,0.67
2025-06-24,08:00,93,358.9,31.6,37.6,79.33,0.54,63.46,0.45,28.5,0.67
2025-06-24,08:15,93,381.3,32.1,38.6,79.02,0.57,63.22,0.48,30.2,0.67
2025-06-24,08:30,93,403.7,32.5,39.6,78.71,0.6,62.97,0.51,31.9,0.67
2025-06-24,08:45,93,426.0,32.9,40.6,78.4,0.64,62.72,0.53,33.5,0.67
2025-06-24,09:00,93,448.4,33.3,41.5,78.09,0.67,62.47,0.56,35.2,0.67
2025-06-24,09:15,93,493.0,33.6,43.0,77.64,0.74,62.11,0.62,38.5,0.67
2025-06-24,09:30,93,537.6,34.0,44.4,77.18,0.81,61.75,0.68,41.8,0.67
2025-06-24,09:45,93,582.2,34.3,45.8,76.73,0.88,61.38,0.73,45.1,0.67
2025-06-24,10:00,93,626.9,34.6,47.3,76.27,0.95,61.02,0.79,48.3,0.67
2025-06-24,10:15,93,642.8,34.8,47.9,76.08,0.97,60.86,0.81,49.5,0.67
2025-06-24,10:30,93,658.8,35.1,48.5,75.88,1.0,60.7,0.83,50.6,0.67
2025-06-24,10:45,93,674.8,35.3,49.1,75.68,1.02,60.55,0.85,51.7,0.67
2025-06-24,11:00,93,690.8,35.5,49.8,75.48,1.04,60.39,0.88,52.8,0.67
2025-06-24,11:15,93,673.6,35.6,49.4,75.59,1.02,60.47,0.85,51.6,0.67
2025-06-24,11:30,93,656.4,35.7,49.1,75.69,0.99,60.55,0.83,50.3,0.67
2025-06-24,11:45,93,639.2,35.8,48.8,75.79,0.97,60.63,0.81,49.0,0.67
2025-06-24,12:00,93,622.0,35.9,48.5,75.89,0.94,60.71,0.79,47.8,0.67
2025-06-24,12:15,93,593.6,35.9,47.8,76.12,0.9,60.89,0.75,45.7,0.67
2025-06-24,12:30,93,565.1,35.9,47.1,76.34,0.85,61.07,0.71,43.6,0.67
2025-06-24,12:45,93,536.7,35.9,46.4,76.57,0.81,61.25,0.68,41.5,0.67
2025-06-24,13:00,93,508.3,35.9,45.6,76.79,0.77,61.43,0.64,39.4,0.67
2025-06-24,13:15,93,497.9,35.8,45.3,76.91,0.75,61.53,0.63,38.6,0.67
2025-06-24,13:30,93,487.6,35.7,44.9,77.04,0.73,61.63,0.61,37.9,0.67
2025-06-24,13:45,93,477.3,35.5,44.5,77.16,0.72,61.73,0.6,37.1,0.67
2025-06-24,14:00,93,466.9,35.4,44.1,77.29,0.7,61.83,0.59,36.4,0.67
2025-06-24,14:15,93,432.8,35.2,43.0,77.64,0.65,62.11,0.54,33.8,0.67
2025-06-24,14:30,93,398.6,34.9,41.9,77.99,0.6,62.39,0.5,31.3,0.67
2025-06-24,14:45,93,364.4,34.6,40.8,78.34,0.55,62.67,0.46,28.7,0.67
2025-06-24,15:00,93,330.2,34.4,39.6,78.69,0.49,62.95,0.41,26.1,0.67
2025-06-24,15:15,93,292.9,34.1,38.4,79.09,0.44,63.27,0.37,23.2,0.67
2025-06-24,15:30,93,255.5,33.7,37.1,79.49,0.38,63.59,0.32,20.3,0.67
2025-06-24,15:45,93,218.1,33.4,35.9,79.88,0.33,63.91,0.27,17.4,0.67
2025-06-24,16:00,93,180.7,33.1,34.6,80.28,0.27,64.23,0.23,14.5,0.67
2025-06-24,16:15,93,149.0,32.6,33.4,80.68,0.22,64.54,0.19,12.0,0.67
2025-06-24,16:30,93,117.4,32.2,32.1,81.08,0.17,64.86,0.15,9.5,0.67
2025-06-24,16:45,93,85.7,31.7,30.9,81.47,0.13,65.18,0.11,6.9,0.67
2025-06-24,17:00,93,54.0,31.3,29.6,81.87,0.08,65.49,0.07,4.4,0.67
2025-06-24,17:15,93,40.5,30.8,28.8,82.13,0.06,65.7,0.05,3.3,0.67
2025-06-24,17:30,93,27.0,30.3,28.0,82.39,0.04,65.91,0.03,2.2,0.67
2025-06-24,17:45,93,13.5,29.8,27.1,82.66,0.02,66.13,0.02,1.1,0.67
2025-06-25,05:15,93,24.2,26.6,24.2,83.58,0.04,66.86,0.03,2.0,0.67
2025-06-25,05:30,93,43.8,26.9,25.0,83.34,0.06,66.67,0.05,3.6,0.67
2025-06-25,05:45,93,63.4,27.1,25.7,83.1,0.09,66.48,0.08,5.2,0.67
2025-06-25,06:00,93,83.0,27.4,26.5,82.87,0.12,66.29,0.1,6.8,0.67
2025-06-25,06:15,93,119.3,27.7,27.7,82.48,0.18,65.98,0.15,9.8,0.67
2025-06-25,06:30,93,155.5,28.0,28.9,82.1,0.23,65.68,0.19,12.7,0.67
2025-06-25,06:45,93,191.8,28.3,30.1,81.71,0.28,65.37,0.24,15.6,0.67
2025-06-25,07:00,93,228.0,28.6,31.3,81.32,0.34,65.06,0.28,18.5,0.67
2025-06-25,07:15,93,272.5,29.0,32.8,80.86,0.41,64.68,0.34,22.0,0.67
2025-06-25,07:30,93,316.9,29.4,34.3,80.39,0.47,64.31,0.4,25.4,0.67
2025-06-25,07:45,93,361.4,29.7,35.8,79.92,0.54,63.94,0.45,28.9,0.67
2025-06-25,08:00,93,405.9,30.1,37.2,79.45,0.61,63.56,0.51,32.3,0.67
2025-06-25,08:15,93,427.1,30.4,38.1,79.18,0.64,63.34,0.53,33.9,0.67
2025-06-25,08:30,93,448.4,30.8,39.0,78.9,0.67,63.12,0.56,35.5,0.67
2025-06-25,08:45,93,469.7,31.1,39.8,78.63,0.7,62.9,0.59,37.1,0.67
2025-06-25,09:00,93,490.9,31.4,40.7,78.36,0.74,62.68,0.62,38.6,0.67
2025-06-25,09:15,93,502.8,31.7,41.3,78.17,0.75,62.53,0.63,39.5,0.67
2025-06-25,09:30,93,514.8,32.0,41.9,77.98,0.77,62.38,0.65,40.4,0.67
2025-06-25,09:45,93,526.7,32.3,42.5,77.79,0.79,62.23,0.66,41.2,0.67
2025-06-25,10:00,93,538.6,32.6,43.1,77.6,0.81,62.08,0.68,42.1,0.67
2025-06-25,10:15,93,556.9,32.9,43.8,77.37,0.84,61.9,0.7,43.4,0.67
2025-06-25,10:30,93,575.3,33.1,44.5,77.14,0.87,61.72,0.73,44.7,0.67
2025-06-25,10:45,93,593.7,33.4,45.2,76.92,0.89,61.54,0.75,46.1,0.67
2025-06-25,11:00,93,612.0,33.6,46.0,76.69,0.92,61.36,0.77,47.4,0.67
2025-06-25,11:15,93,609.5,33.8,46.0,76.67,0.92,61.33,0.77,47.2,0.67
2025-06-25,11:30,93,607.0,34.0,46.1,76.64,0.91,61.31,0.77,47.0,0.67
2025-06-25,11:45,93,604.4,34.1,46.2,76.61,0.91,61.29,0.76,46.8,0.67
2025-06-25,12:00,93,601.9,34.3,46.3,76.58,0.91,61.26,0.76,46.6,0.67
2025-06-25,12:15,93,591.1,34.2,46.0,76.67,0.89,61.34,0.75,45.8,0.67
2025-06-25,12:30,93,580.4,34.2,45.7,76.76,0.87,61.41,0.73,45.0,0.67
2025-06-25,12:45,93,569.6,34.2,45.4,76.85,0.86,61.48,0.72,44.2,0.67
2025-06-25,13:00,93,558.8,34.2,45.2,76.94,0.84,61.56,0.7,43.4,0.67
2025-06-25,13:15,93,499.1,34.1,43.5,77.45,0.75,61.96,0.63,38.9,0.67
2025-06-25,13:30,93,439.4,34.0,41.9,77.97,0.66,62.37,0.55,34.5,0.67
2025-06-25,13:45,93,379.7,33.8,40.3,78.48,0.57,62.78,0.48,29.9,0.67
2025-06-25,14:00,93,319.9,33.7,38.7,78.99,0.48,63.19,0.4,25.3,0.67
2025-06-25,14:15,93,291.7,33.5,37.8,79.26,0.44,63.41,0.37,23.2,0.67
2025-06-25,14:30,93,263.5,33.4,37.0,79.54,0.39,63.63,0.33,21.0,0.67
2025-06-25,14:45,93,235.3,33.2,36.1,79.81,0.35,63.85,0.29,18.8,0.67
2025-06-25,15:00,93,207.1,33.1,35.2,80.09,0.31,64.07,0.26,16.6,0.67
2025-06-25,15:15,93,183.1,32.8,34.4,80.35,0.27,64.28,0.23,14.7,0.67
2025-06-25,15:30,93,159.1,32.6,33.6,80.61,0.24,64.48,0.2,12.8,0.67
2025-06-25,15:45,93,135.1,32.4,32.8,80.87,0.2,64.69,0.17,10.9,0.67
2025-06-25,16:00,93,111.2,32.2,32.0,81.12,0.17,64.9,0.14,9.0,0.67
2025-06-25,16:15,93,91.1,31.8,31.1,81.4,0.14,65.12,0.11,7.4,0.67
2025-06-25,16:30,93,71.0,31.4,30.2,81.68,0.11,65.35,0.09,5.8,0.67
2025-06-25,16:45,93,50.9,31.0,29.3,81.96,0.08,65.57,0.06,4.1,0.67
2025-06-25,17:00,93,30.8,30.6,28.4,82.24,0.05,65.8,0.04,2.5,0.67
2025-06-25,17:15,93,23.1,30.3,27.9,82.43,0.03,65.94,0.03,1.9,0.67
2025-06-25,17:30,93,15.4,29.9,27.3,82.61,0.02,66.08,0.02,1.3,0.67
2025-06-25,17:45,93,7.7,29.5,26.7,82.79,0.01,66.23,0.01,0.6,0.67
2025-06-26,05:15,93,19.2,26.0,23.5,83.8,0.03,67.04,0.02,1.6,0.67
2025-06-26,05:30,93,35.4,26.2,24.1,83.61,0.05,66.89,0.04,2.9,0.67
2025-06-26,05:45,93,51.5,26.4,24.7,83.43,0.08,66.74,0.06,4.2,0.67
2025-06-26,06:00,93,67.6,26.6,25.3,83.24,0.1,66.59,0.08,5.6,0.67
2025-06-26,06:15,93,95.3,26.9,26.3,82.91,0.14,66.33,0.12,7.8,0.67
2025-06-26,06:30,93,123.0,27.3,27.4,82.58,0.18,66.06,0.15,10.1,0.67
2025-06-26,06:45,93,150.7,27.6,28.4,82.25,0.22,65.8,0.19,12.3,0.67
2025-06-26,07:00,93,178.4,28.0,29.4,81.92,0.26,65.54,0.22,14.5,0.67
2025-06-26,07:15,93,214.7,28.4,30.8,81.49,0.32,65.19,0.27,17.4,0.67
2025-06-26,07:30,93,251.0,28.9,32.2,81.06,0.37,64.85,0.31,20.3,0.67
2025-06-26,07:45,93,287.3,29.4,33.5,80.62,0.43,64.5,0.36,23.1,0.67
2025-06-26,08:00,93,323.6,29.8,34.9,80.19,0.48,64.15,0.4,25.9,0.67
2025-06-26,08:15,93,326.6,30.2,35.4,80.05,0.49,64.04,0.41,26.1,0.67
2025-06-26,08:30,93,329.6,30.6,35.8,79.9,0.49,63.92,0.41,26.3,0.67
2025-06-26,08:45,93,332.7,31.0,36.3,79.75,0.5,63.8,0.42,26.5,0.67
2025-06-26,09:00,93,335.8,31.4,36.8,79.6,0.5,63.68,0.42,26.7,0.67
2025-06-26,09:15,93,360.7,31.7,37.7,79.29,0.54,63.44,0.45,28.6,0.67
2025-06-26,09:30,93,385.6,32.1,38.7,78.99,0.58,63.19,0.48,30.5,0.67
2025-06-26,09:45,93,410.6,32.4,39.7,78.68,0.61,62.94,0.51,32.4,0.67
2025-06-26,10:00,93,435.5,32.8,40.7,78.37,0.65,62.7,0.55,34.3,0.67
2025-06-26,10:15,93,453.4,33.1,41.4,78.13,0.68,62.51,0.57,35.6,0.67
2025-06-26,10:30,93,471.3,33.4,42.2,77.9,0.71,62.32,0.59,36.9,0.67
2025-06-26,10:45,93,489.1,33.7,42.9,77.66,0.73,62.13,0.62,38.2,0.67
2025-06-26,11:00,93,507.0,34.0,43.6,77.42,0.76,61.94,0.64,39.5,0.67
2025-06-26,11:15,93,505.1,34.2,43.8,77.36,0.76,61.89,0.64,39.4,0.67
2025-06-26,11:30,93,503.2,34.5,44.0,77.3,0.76,61.84,0.63,39.2,0.67
2025-06-26,11:45,93,501.3,34.7,44.2,77.24,0.75,61.79,0.63,39.0,0.67
2025-06-26,12:00,93,499.4,34.9,44.4,77.18,0.75,61.74,0.63,38.9,0.67
2025-06-26,12:15,93,492.7,35.0,44.3,77.22,0.74,61.78,0.62,38.3,0.67
2025-06-26,12:30,93,485.9,35.0,44.2,77.26,0.73,61.81,0.61,37.8,0.67
2025-06-26,12:45,93,479.2,35.0,44.0,77.3,0.72,61.84,0.6,37.3,0.67
2025-06-26,13:00,93,472.4,35.1,43.9,77.35,0.71,61.88,0.6,36.8,0.67
2025-06-26,13:15,93,450.7,34.9,43.2,77.58,0.68,62.06,0.57,35.2,0.67
2025-06-26,13:30,93,429.0,34.7,42.4,77.81,0.64,62.25,0.54,33.6,0.67
2025-06-26,13:45,93,407.2,34.5,41.7,78.04,0.61,62.43,0.51,32.0,0.67
2025-06-26,14:00,93,385.5,34.3,41.0,78.28,0.58,62.62,0.48,30.3,0.67
2025-06-26,14:15,93,350.6,34.0,39.8,78.64,0.53,62.91,0.44,27.7,0.67
2025-06-26,14:30,93,315.8,33.7,38.6,79.01,0.47,63.21,0.4,25.0,0.67
2025-06-26,14:45,93,280.9,33.4,37.5,79.38,0.42,63.5,0.35,22.3,0.67
2025-06-26,15:00,93,246.0,33.2,36.3,79.75,0.37,63.8,0.31,19.6,0.67
2025-06-26,15:15,93,221.8,32.8,35.3,80.06,0.33,64.05,0.28,17.7,0.67
2025-06-26,15:30,93,197.6,32.4,34.4,80.37,0.29,64.29,0.25,15.8,0.67
2025-06-26,15:45,93,173.3,32.0,33.4,80.68,0.26,64.54,0.22,13.9,0.67
2025-06-26,16:00,93,149.1,31.7,32.4,80.99,0.22,64.79,0.19,12.0,0.67
2025-06-26,16:15,93,121.7,31.2,31.3,81.34,0.18,65.07,0.15,9.8,0.67
2025-06-26,16:30,93,94.2,30.8,30.1,81.7,0.14,65.36,0.12,7.7,0.67
2025-06-26,16:45,93,66.8,30.4,29.0,82.06,0.1,65.64,0.08,5.4,0.67
2025-06-26,17:00,93,39.3,29.9,27.9,82.41,0.06,65.93,0.05,3.2,0.67
2025-06-26,17:15,93,29.5,29.5,27.3,82.61,0.04,66.09,0.04,2.4,0.67
2025-06-26,17:30,93,19.7,29.2,26.7,82.81,0.03,66.24,0.02,1.6,0.67
2025-06-26,17:45,93,9.8,28.8,26.0,83.0,0.01,66.4,0.01,0.8,0.67
2025-06-27,05:15,93,21.5,25.1,22.6,84.08,0.03,67.27,0.03,1.8,0.67
2025-06-27,05:30,93,39.2,25.3,23.2,83.88,0.06,67.11,0.05,3.2,0.67
2025-06-27,05:45,93,56.8,25.5,23.9,83.68,0.08,66.95,0.07,4.7,0.67
2025-06-27,06:00,93,74.5,25.6,24.5,83.48,0.11,66.79,0.09,6.1,0.67
2025-06-27,06:15,93,111.0,26.0,25.8,83.08,0.16,66.46,0.14,9.1,0.67
2025-06-27,06:30,93,147.5,26.4,27.1,82.68,0.22,66.14,0.18,12.1,0.67
2025-06-27,06:45,93,184.0,26.7,28.3,82.28,0.27,65.82,0.23,15.0,0.67
2025-06-27,07:00,93,220.5,27.1,29.6,81.87,0.33,65.5,0.27,17.9,0.67
2025-06-27,07:15,93,263.4,27.5,31.1,81.39,0.39,65.11,0.33,21.3,0.67
2025-06-27,07:30,93,306.4,28.0,32.7,80.9,0.46,64.72,0.38,24.7,0.67
2025-06-27,07:45,93,349.3,28.5,34.2,80.41,0.52,64.33,0.44,28.0,0.67
2025-06-27,08:00,93,392.2,28.9,35.7,79.93,0.59,63.94,0.49,31.3,0.67
2025-06-27,08:15,93,445.6,29.4,37.5,79.36,0.67,63.49,0.56,35.4,0.67
2025-06-27,08:30,93,499.0,29.8,39.3,78.8,0.75,63.04,0.63,39.4,0.67
2025-06-27,08:45,93,552.4,30.3,41.1,78.24,0.83,62.59,0.69,43.4,0.67
2025-06-27,09:00,93,605.8,30.7,42.9,77.67,0.91,62.14,0.76,47.4,0.67
2025-06-27,09:15,93,640.1,31.1,44.1,77.27,0.96,61.82,0.81,49.9,0.67
2025-06-27,09:30,93,674.5,31.5,45.4,76.87,1.02,61.5,0.85,52.3,0.67
2025-06-27,09:45,93,708.8,31.9,46.7,76.47,1.07,61.18,0.9,54.8,0.67
2025-06-27,10:00,93,743.1,32.3,47.9,76.07,1.12,60.86,0.94,57.2,0.67
2025-06-27,10:15,93,726.3,32.7,47.8,76.09,1.1,60.87,0.92,55.9,0.67
2025-06-27,10:30,93,709.4,33.0,47.8,76.11,1.07,60.89,0.9,54.6,0.67
2025-06-27,10:45,93,692.5,33.4,47.7,76.14,1.05,60.91,0.88,53.3,0.67
2025-06-27,11:00,93,675.6,33.8,47.6,76.16,1.02,60.93,0.85,52.0,0.67
2025-06-27,11:15,93,680.8,34.0,48.1,76.03,1.03,60.82,0.86,52.4,0.67
2025-06-27,11:30,93,685.9,34.3,48.5,75.9,1.04,60.72,0.87,52.7,0.67
2025-06-27,11:45,93,691.0,34.6,48.9,75.76,1.04,60.61,0.87,53.0,0.67
2025-06-27,12:00,93,696.1,34.9,49.3,75.63,1.05,60.51,0.88,53.3,0.67
2025-06-27,12:15,93,686.6,35.1,49.2,75.66,1.04,60.53,0.87,52.6,0.67
2025-06-27,12:30,93,677.0,35.2,49.1,75.69,1.02,60.55,0.86,51.9,0.67
2025-06-27,12:45,93,667.4,35.4,49.1,75.71,1.01,60.57,0.84,51.2,0.67
2025-06-27,13:00,93,657.9,35.5,49.0,75.74,0.99,60.59,0.83,50.5,0.67
2025-06-27,13:15,93,634.5,35.6,48.4,75.91,0.96,60.73,0.8,48.7,0.67
2025-06-27,13:30,93,611.1,35.6,47.9,76.09,0.92,60.87,0.77,47.0,0.67
2025-06-27,13:45,93,587.8,35.6,47.3,76.26,0.89,61.01,0.74,45.3,0.67
2025-06-27,14:00,93,564.4,35.7,46.8,76.43,0.85,61.15,0.71,43.6,0.67
2025-06-27,14:15,93,518.3,35.6,45.5,76.83,0.78,61.46,0.65,40.2,0.67
2025-06-27,14:30,93,472.2,35.5,44.3,77.22,0.71,61.78,0.6,36.8,0.67
2025-06-27,14:45,93,426.2,35.4,43.0,77.62,0.64,62.09,0.54,33.3,0.67
2025-06-27,15:00,93,380.1,35.3,41.8,78.01,0.57,62.41,0.48,29.8,0.67
2025-06-27,15:15,93,336.1,35.0,40.4,78.44,0.5,62.75,0.42,26.5,0.67
2025-06-27,15:30,93,292.0,34.8,39.1,78.86,0.44,63.09,0.37,23.1,0.67
2025-06-27,15:45,93,248.0,34.6,37.8,79.29,0.37,63.43,0.31,19.7,0.67
2025-06-27,16:00,93,204.0,34.3,36.4,79.72,0.3,63.77,0.26,16.3,0.67
2025-06-27,16:15,93,167.0,33.8,34.9,80.18,0.25,64.14,0.21,13.4,0.67
2025-06-27,16:30,93,129.9,33.2,33.5,80.65,0.19,64.52,0.16,10.5,0.67
2025-06-27,16:45,93,92.9,32.7,32.0,81.11,0.14,64.89,0.12,7.5,0.67
2025-06-27,17:00,93,55.9,32.1,30.5,81.58,0.08,65.26,0.07,4.5,0.67
2025-06-27,17:15,93,41.9,31.5,29.6,81.88,0.06,65.51,0.05,3.4,0.67
2025-06-27,17:30,93,27.9,30.9,28.6,82.19,0.04,65.75,0.03,2.3,0.67
2025-06-27,17:45,93,14.0,30.3,27.6,82.5,0.02,66.0,0.02,1.1,0.67
2025-06-28,05:15,93,19.3,26.0,23.5,83.82,0.03,67.05,0.02,1.6,0.67
2025-06-28,05:30,93,35.0,26.1,24.0,83.65,0.05,66.92,0.04,2.9,0.67
2025-06-28,05:45,93,50.7,26.3,24.5,83.48,0.07,66.78,0.06,4.2,0.67
2025-06-28,06:00,93,66.5,26.4,25.1,83.31,0.1,66.65,0.08,5.5,0.67
2025-06-28,06:15,93,98.4,26.7,26.2,82.96,0.15,66.37,0.12,8.1,0.67
2025-06-28,06:30,93,130.3,27.0,27.3,82.61,0.19,66.09,0.16,10.7,0.67
2025-06-28,06:45,93,162.3,27.3,28.4,82.26,0.24,65.81,0.2,13.2,0.67
2025-06-28,07:00,93,194.2,27.6,29.5,81.91,0.29,65.53,0.24,15.8,0.67
2025-06-28,07:15,93,231.0,28.1,30.9,81.46,0.34,65.17,0.29,18.7,0.67
2025-06-28,07:30,93,267.7,28.6,32.3,81.01,0.4,64.81,0.33,21.6,0.67
2025-06-28,07:45,93,304.4,29.1,33.7,80.56,0.45,64.45,0.38,24.5,0.67
2025-06-28,08:00,93,341.1,29.6,35.2,80.11,0.51,64.09,0.43,27.3,0.67
2025-06-28,08:15,93,368.6,30.1,36.4,79.73,0.55,63.78,0.46,29.4,0.67
2025-06-28,08:30,93,396.1,30.7,37.6,79.35,0.59,63.48,0.5,31.5,0.67
2025-06-28,08:45,93,423.5,31.2,38.8,78.97,0.63,63.18,0.53,33.5,0.67
2025-06-28,09:00,93,451.0,31.7,40.0,78.59,0.68,62.87,0.57,35.6,0.67
2025-06-28,09:15,93,482.2,32.0,41.1,78.23,0.72,62.58,0.61,37.9,0.67
2025-06-28,09:30,93,513.4,32.4,42.2,77.87,0.77,62.3,0.65,40.2,0.67
2025-06-28,09:45,93,544.6,32.8,43.4,77.51,0.82,62.01,0.69,42.5,0.67
2025-06-28,10:00,93,575.8,33.1,44.5,77.15,0.87,61.72,0.73,44.8,0.67
2025-06-28,10:15,93,591.4,33.3,45.1,76.96,0.89,61.57,0.75,45.9,0.67
2025-06-28,10:30,93,607.1,33.5,45.7,76.78,0.91,61.42,0.77,47.0,0.67
2025-06-28,10:45,93,622.8,33.7,46.3,76.59,0.94,61.27,0.79,48.2,0.67
2025-06-28,11:00,93,638.5,33.9,46.9,76.41,0.96,61.12,0.81,49.3,0.67
2025-06-28,11:15,93,605.9,34.0,46.2,76.62,0.91,61.3,0.76,46.9,0.67
2025-06-28,11:30,93,573.4,34.1,45.5,76.84,0.86,61.47,0.72,44.5,0.67
2025-06-28,11:45,93,540.8,34.3,44.8,77.06,0.81,61.65,0.68,42.0,0.67
2025-06-28,12:00,93,508.2,34.4,44.1,77.28,0.76,61.82,0.64,39.6,0.67
2025-06-28,12:15,93,513.1,34.5,44.3,77.22,0.77,61.78,0.65,39.9,0.67
2025-06-28,12:30,93,518.0,34.5,44.5,77.16,0.78,61.73,0.65,40.3,0.67
2025-06-28,12:45,93,522.9,34.6,44.6,77.11,0.79,61.69,0.66,40.7,0.67
2025-06-28,13:00,93,527.8,34.6,44.8,77.05,0.79,61.64,0.67,41.0,0.67
2025-06-28,13:15,93,502.1,34.6,44.1,77.27,0.76,61.82,0.63,39.1,0.67
2025-06-28,13:30,93,476.4,34.5,43.4,77.5,0.72,62.0,0.6,37.2,0.67
2025-06-28,13:45,93,450.7,34.4,42.7,77.72,0.68,62.18,0.57,35.3,0.67
2025-06-28,14:00,93,425.0,34.4,42.0,77.95,0.64,62.36,0.53,33.3,0.67
2025-06-28,14:15,93,387.1,34.2,40.9,78.3,0.58,62.64,0.49,30.5,0.67
2025-06-28,14:30,93,349.2,34.0,39.8,78.66,0.52,62.92,0.44,27.6,0.67
2025-06-28,14:45,93,311.3,33.9,38.6,79.01,0.47,63.21,0.39,24.7,0.67
2025-06-28,15:00,93,273.4,33.7,37.5,79.37,0.41,63.49,0.34,21.7,0.67
2025-06-28,15:15,93,239.1,33.4,36.4,79.73,0.36,63.78,0.3,19.1,0.67
2025-06-28,15:30,93,204.9,33.1,35.2,80.09,0.31,64.07,0.26,16.4,0.67
2025-06-28,15:45,93,170.7,32.8,34.1,80.45,0.25,64.36,0.21,13.7,0.67
2025-06-28,16:00,93,136.5,32.5,33.0,80.81,0.2,64.65,0.17,11.0,0.67
2025-06-28,16:15,93,111.9,32.1,31.9,81.15,0.17,64.92,0.14,9.0,0.67
2025-06-28,16:30,93,87.2,31.6,30.8,81.5,0.13,65.2,0.11,7.1,0.67
2025-06-28,16:45,93,62.5,31.1,29.7,81.85,0.09,65.48,0.08,5.1,0.67
2025-06-28,17:00,93,37.9,30.6,28.6,82.19,0.06,65.75,0.05,3.1,0.67
2025-06-28,17:15,93,28.4,30.1,27.9,82.42,0.04,65.94,0.04,2.3,0.67
2025-06-28,17:30,93,18.9,29.6,27.1,82.66,0.03,66.13,0.02,1.6,0.67
2025-06-28,17:45,93,9.5,29.1,26.4,82.89,0.01,66.31,0.01,0.8,0.67
2025-06-29,05:15,93,22.6,26.0,23.6,83.78,0.03,67.03,0.03,1.9,0.67
2025-06-29,05:30,93,41.4,26.3,24.3,83.55,0.06,66.84,0.05,3.4,0.67
2025-06-29,05:45,93,60.2,26.6,25.1,83.31,0.09,66.65,0.07,5.0,0.67
2025-06-29,06:00,93,79.0,26.8,25.8,83.07,0.12,66.46,0.1,6.5,0.67
2025-06-29,06:15,93,110.3,27.3,27.0,82.69,0.16,66.15,0.14,9.0,0.67
2025-06-29,06:30,93,141.7,27.7,28.2,82.31,0.21,65.85,0.18,11.6,0.67
2025-06-29,06:45,93,173.0,28.1,29.4,81.93,0.26,65.54,0.21,14.1,0.67
2025-06-29,07:00,93,204.3,28.5,30.6,81.55,0.3,65.24,0.25,16.6,0.67
2025-06-29,07:15,93,239.7,29.0,32.0,81.11,0.36,64.89,0.3,19.4,0.67
2025-06-29,07:30,93,275.1,29.5,33.4,80.67,0.41,64.54,0.34,22.1,0.67
2025-06-29,07:45,93,310.4,30.0,34.8,80.23,0.46,64.18,0.39,24.9,0.67
2025-06-29,08:00,93,345.8,30.5,36.2,79.79,0.52,63.83,0.43,27.6,0.67
2025-06-29,08:15,93,369.4,31.0,37.2,79.46,0.55,63.57,0.46,29.4,0.67
2025-06-29,08:30,93,393.1,31.4,38.2,79.13,0.59,63.31,0.49,31.2,0.67
2025-06-29,08:45,93,416.8,31.9,39.3,78.81,0.62,63.05,0.52,32.9,0.67
2025-06-29,09:00,93,440.4,32.3,40.3,78.48,0.66,62.78,0.55,34.7,0.67
2025-06-29,09:15,93,469.0,32.6,41.4,78.15,0.7,62.52,0.59,36.8,0.67
2025-06-29,09:30,93,497.6,33.0,42.4,77.82,0.75,62.26,0.63,39.0,0.67
2025-06-29,09:45,93,526.1,33.3,43.4,77.49,0.79,61.99,0.66,41.1,0.67
2025-06-29,10:00,93,554.7,33.6,44.5,77.16,0.83,61.73,0.7,43.2,0.67
2025-06-29,10:15,93,587.7,33.9,45.6,76.82,0.89,61.45,0.74,45.6,0.67
2025-06-29,10:30,93,620.8,34.1,46.7,76.47,0.94,61.18,0.78,48.0,0.67
2025-06-29,10:45,93,653.9,34.4,47.7,76.12,0.99,60.9,0.83,50.3,0.67
2025-06-29,11:00,93,687.0,34.7,48.8,75.78,1.04,60.62,0.87,52.7,0.67
2025-06-29,11:15,93,677.5,34.9,48.8,75.79,1.02,60.63,0.86,52.0,0.67
2025-06-29,11:30,93,668.0,35.1,48.8,75.8,1.01,60.64,0.85,51.3,0.67
2025-06-29,11:45,93,658.5,35.3,48.8,75.81,1.0,60.64,0.83,50.5,0.67
2025-06-29,12:00,93,649.0,35.5,48.7,75.82,0.98,60.65,0.82,49.8,0.67
2025-06-29,12:15,93,619.1,35.6,48.1,76.02,0.93,60.81,0.78,47.6,0.67
2025-06-29,12:30,93,589.2,35.7,47.5,76.22,0.89,60.98,0.74,45.4,0.67
2025-06-29,12:45,93,559.3,35.8,46.8,76.42,0.84,61.14,0.71,43.2,0.67
2025-06-29,13:00,93,529.5,35.9,46.2,76.62,0.8,61.3,0.67,41.0,0.67
2025-06-29,13:15,93,497.4,35.9,45.4,76.88,0.75,61.51,0.63,38.6,0.67
2025-06-29,13:30,93,465.3,35.9,44.5,77.14,0.7,61.71,0.59,36.2,0.67
2025-06-29,13:45,93,433.2,35.9,43.7,77.4,0.65,61.92,0.55,33.8,0.67
2025-06-29,14:00,93,401.1,35.9,42.9,77.66,0.6,62.13,0.5,31.4,0.67
2025-06-29,14:15,93,366.7,35.7,41.8,77.99,0.55,62.4,0.46,28.8,0.67
2025-06-29,14:30,93,332.2,35.5,40.8,78.33,0.5,62.66,0.42,26.1,0.67
2025-06-29,14:45,93,297.8,35.3,39.7,78.66,0.45,62.93,0.37,23.5,0.67
2025-06-29,15:00,93,263.3,35.1,38.7,79.0,0.39,63.2,0.33,20.9,0.67
2025-06-29,15:15,93,234.3,34.7,37.5,79.36,0.35,63.48,0.29,18.6,0.67
2025-06-29,15:30,93,205.2,34.3,36.4,79.72,0.31,63.77,0.26,16.4,0.67
2025-06-29,15:45,93,176.1,33.9,35.3,80.08,0.26,64.06,0.22,14.1,0.67
2025-06-29,16:00,93,147.1,33.5,34.1,80.44,0.22,64.35,0.18,11.8,0.67
2025-06-29,16:15,93,121.9,32.9,32.9,80.81,0.18,64.65,0.15,9.8,0.67
2025-06-29,16:30,93,96.7,32.3,31.8,81.19,0.14,64.95,0.12,7.8,0.67
2025-06-29,16:45,93,71.5,31.8,30.6,81.57,0.11,65.25,0.09,5.8,0.67
2025-06-29,17:00,93,46.3,31.2,29.4,81.94,0.07,65.55,0.06,3.8,0.67
2025-06-29,17:15,93,34.7,30.8,28.7,82.16,0.05,65.72,0.04,2.8,0.67
2025-06-29,17:30,93,23.1,30.4,28.0,82.37,0.03,65.9,0.03,1.9,0.67
2025-06-29,17:45,93,11.6,30.1,27.4,82.58,0.02,66.07,0.01,0.9,0.67
2025-06-30,05:15,93,27.1,25.8,23.5,83.8,0.04,67.04,0.03,2.2,0.67
2025-06-30,05:30,93,49.2,26.0,24.3,83.56,0.07,66.85,0.06,4.1,0.67
2025-06-30,05:45,93,71.4,26.2,25.0,83.33,0.11,66.66,0.09,5.9,0.67
2025-06-30,06:00,93,93.5,26.4,25.8,83.09,0.14,66.47,0.12,7.7,0.67
2025-06-30,06:15,93,133.8,26.7,27.0,82.69,0.2,66.15,0.17,11.0,0.67
2025-06-30,06:30,93,174.1,26.9,28.3,82.29,0.26,65.83,0.22,14.2,0.67
2025-06-30,06:45,93,214.5,27.2,29.6,81.88,0.32,65.51,0.27,17.4,0.67
2025-06-30,07:00,93,254.8,27.5,30.8,81.48,0.38,65.19,0.32,20.6,0.67
2025-06-30,07:15,93,299.3,27.8,32.3,81.01,0.45,64.81,0.37,24.2,0.67
2025-06-30,07:30,93,343.9,28.2,33.8,80.53,0.51,64.43,0.43,27.6,0.67
2025-06-30,07:45,93,388.4,28.6,35.3,80.06,0.58,64.05,0.49,31.1,0.67
2025-06-30,08:00,93,433.0,29.0,36.8,79.58,0.65,63.67,0.54,34.5,0.67
2025-06-30,08:15,93,462.0,29.4,38.0,79.22,0.69,63.38,0.58,36.7,0.67
2025-06-30,08:30,93,491.0,29.8,39.1,78.86,0.73,63.09,0.62,38.8,0.67
2025-06-30,08:45,93,520.0,30.3,40.3,78.5,0.78,62.8,0.65,41.0,0.67
2025-06-30,09:00,93,549.0,30.7,41.4,78.13,0.82,62.51,0.69,43.1,0.67
2025-06-30,09:15,93,575.7,31.0,42.4,77.81,0.86,62.25,0.72,45.1,0.67
2025-06-30,09:30,93,602.4,31.4,43.4,77.5,0.91,62.0,0.76,47.0,0.67
2025-06-30,09:45,93,629.1,31.7,44.4,77.18,0.95,61.74,0.79,48.9,0.67
2025-06-30,10:00,93,655.8,32.0,45.4,76.86,0.99,61.49,0.83,50.9,0.67
2025-06-30,10:15,93,673.9,32.3,46.1,76.65,1.02,61.32,0.85,52.2,0.67
2025-06-30,10:30,93,692.0,32.5,46.8,76.44,1.04,61.15,0.87,53.4,0.67
2025-06-30,10:45,93,710.2,32.7,47.4,76.23,1.07,60.98,0.9,54.7,0.67
2025-06-30,11:00,93,728.3,32.9,48.1,76.01,1.1,60.81,0.92,56.0,0.67
2025-06-30,11:15,93,723.1,33.1,48.2,76.0,1.09,60.8,0.91,55.6,0.67
2025-06-30,11:30,93,717.9,33.3,48.2,75.98,1.08,60.78,0.91,55.2,0.67
2025-06-30,11:45,93,712.7,33.5,48.3,75.96,1.08,60.77,0.9,54.8,0.67
2025-06-30,12:00,93,707.5,33.6,48.3,75.94,1.07,60.75,0.89,54.4,0.67
2025-06-30,12:15,93,694.1,33.8,48.2,75.99,1.05,60.8,0.88,53.4,0.67
2025-06-30,12:30,93,680.8,34.0,48.0,76.05,1.03,60.84,0.86,52.4,0.67
2025-06-30,12:45,93,667.5,34.1,47.8,76.11,1.01,60.89,0.84,51.4,0.67
2025-06-30,13:00,93,654.2,34.3,47.6,76.16,0.99,60.93,0.83,50.4,0.67
2025-06-30,13:15,93,638.2,34.4,47.3,76.26,0.96,61.01,0.81,49.2,0.67
2025-06-30,13:30,93,622.1,34.4,47.0,76.36,0.94,61.09,0.79,48.0,0.67
2025-06-30,13:45,93,606.1,34.5,46.7,76.46,0.91,61.17,0.77,46.8,0.67
2025-06-30,14:00,93,590.1,34.6,46.4,76.56,0.89,61.25,0.75,45.6,0.67
2025-06-30,14:15,93,539.7,34.6,45.1,76.98,0.81,61.58,0.68,41.9,0.67
2025-06-30,14:30,93,489.4,34.5,43.7,77.39,0.74,61.91,0.62,38.2,0.67
2025-06-30,14:45,93,439.0,34.5,42.4,77.81,0.66,62.25,0.55,34.4,0.67
2025-06-30,15:00,93,388.6,34.4,41.1,78.22,0.58,62.58,0.49,30.5,0.67
2025-06-30,15:15,93,346.5,34.2,39.9,78.62,0.52,62.89,0.43,27.3,0.67
2025-06-30,15:30,93,304.5,34.0,38.6,79.01,0.46,63.21,0.38,24.1,0.67
2025-06-30,15:45,93,262.4,33.8,37.4,79.41,0.39,63.53,0.33,20.9,0.67
2025-06-30,16:00,93,220.3,33.6,36.1,79.8,0.33,63.84,0.28,17.6,0.67
2025-06-30,16:15,93,182.8,33.1,34.7,80.27,0.27,64.22,0.23,14.7,0.67
2025-06-30,16:30,93,145.3,32.5,33.2,80.74,0.22,64.59,0.18,11.7,0.67
2025-06-30,16:45,93,107.8,32.0,31.7,81.21,0.16,64.97,0.13,8.7,0.67
2025-06-30,17:00,93,70.3,31.5,30.2,81.68,0.1,65.34,0.09,5.7,0.67
2025-06-30,17:15,93,52.7,30.9,29.3,81.98,0.08,65.58,0.07,4.3,0.67
2025-06-30,17:30,93,35.2,30.4,28.3,82.28,0.05,65.83,0.04,2.9,0.67
2025-06-30,17:45,93,17.6,29.9,27.3,82.59,0.03,66.07,0.02,1.4,0.67
