Date,Time,Month,Season,Shape,Spacing_cm,Irradiation_Wm2,AmbientTemp_C,CellTemp_C,Voc_V,Isc_A,Vm_V,Im_A,Pm_W,FF
2024-04-01,05:15,April,Summer,V-Shape,77,25.03,26.55,26.17,82.96,0.04,66.37,0.03,2.06,0.67
2024-04-01,05:30,April,Summer,V-Shape,77,50.06,26.98,27.23,82.62,0.07,66.1,0.06,4.1,0.67
2024-04-01,05:45,April,Summer,V-Shape,77,75.09,27.41,28.29,82.29,0.11,65.83,0.09,6.13,0.67
2024-04-01,06:00,April,Summer,V-Shape,77,100.12,27.85,29.35,81.95,0.15,65.56,0.12,8.15,0.67
2024-04-01,06:15,April,Summer,V-Shape,77,159.8,28.51,31.51,81.27,0.24,65.01,0.2,12.93,0.67
2024-04-01,06:30,April,Summer,V-Shape,77,219.49,29.17,33.66,80.59,0.33,64.47,0.27,17.64,0.67
2024-04-01,06:45,April,Summer,V-Shape,77,279.18,29.83,35.81,79.91,0.42,63.92,0.35,22.3,0.67
2024-04-01,07:00,April,Summer,V-Shape,77,338.87,30.49,37.96,79.22,0.51,63.38,0.42,26.89,0.67
2024-04-01,07:15,April,Summer,V-Shape,77,403.16,31.19,40.27,78.49,0.6,62.79,0.51,31.77,0.67
2024-04-01,07:30,April,Summer,V-Shape,77,467.45,31.89,42.58,77.76,0.7,62.21,0.59,36.58,0.67
2024-04-01,07:45,April,Summer,V-Shape,77,531.74,32.6,44.89,77.03,0.8,61.62,0.67,41.31,0.67
2024-04-01,08:00,April,Summer,V-Shape,77,596.03,33.3,47.2,76.3,0.9,61.04,0.75,45.97,0.67
2024-04-01,08:15,April,Summer,V-Shape,77,644.93,33.94,49.06,75.71,0.97,60.57,0.82,49.45,0.67
2024-04-01,08:30,April,Summer,V-Shape,77,693.82,34.58,50.93,75.12,1.05,60.1,0.88,52.88,0.67
2024-04-01,08:45,April,Summer,V-Shape,77,742.72,35.22,52.79,74.53,1.13,59.62,0.94,56.26,0.67
2024-04-01,09:00,April,Summer,V-Shape,77,791.62,35.86,54.65,73.94,1.2,59.15,1.01,59.6,0.67
2024-04-01,09:15,April,Summer,V-Shape,77,826.34,36.36,56.02,73.51,1.26,58.81,1.05,61.93,0.67
2024-04-01,09:30,April,Summer,V-Shape,77,861.06,36.86,57.38,73.07,1.31,58.46,1.1,64.24,0.67
2024-04-01,09:45,April,Summer,V-Shape,77,895.79,37.35,58.75,72.64,1.37,58.11,1.14,66.52,0.67
2024-04-01,10:00,April,Summer,V-Shape,77,930.51,37.85,60.11,72.21,1.42,57.77,1.19,68.78,0.67
2024-04-01,10:15,April,Summer,V-Shape,77,937.51,38.24,60.68,72.03,1.43,57.63,1.2,69.16,0.67
2024-04-01,10:30,April,Summer,V-Shape,77,944.5,38.62,61.24,71.85,1.44,57.48,1.21,69.55,0.67
2024-04-01,10:45,April,Summer,V-Shape,77,951.5,39.01,61.8,71.68,1.46,57.34,1.22,69.93,0.67
2024-04-01,11:00,April,Summer,V-Shape,77,958.49,39.4,62.36,71.5,1.47,57.2,1.23,70.3,0.67
2024-04-01,11:15,April,Summer,V-Shape,77,942.61,39.63,62.2,71.55,1.44,57.24,1.21,69.18,0.67
2024-04-01,11:30,April,Summer,V-Shape,77,926.73,39.87,62.04,71.6,1.42,57.28,1.19,68.05,0.67
2024-04-01,11:45,April,Summer,V-Shape,77,910.85,40.11,61.88,71.65,1.39,57.32,1.17,66.92,0.67
2024-04-01,12:00,April,Summer,V-Shape,77,894.97,40.34,61.71,71.7,1.37,57.36,1.15,65.79,0.67
2024-04-01,12:15,April,Summer,V-Shape,77,872.37,40.43,61.23,71.85,1.33,57.48,1.12,64.24,0.67
2024-04-01,12:30,April,Summer,V-Shape,77,849.78,40.51,60.75,72.01,1.3,57.61,1.09,62.68,0.67
2024-04-01,12:45,April,Summer,V-Shape,77,827.19,40.59,60.27,72.16,1.26,57.73,1.06,61.11,0.67
2024-04-01,13:00,April,Summer,V-Shape,77,804.59,40.68,59.79,72.31,1.23,57.85,1.03,59.54,0.67
2024-04-01,13:15,April,Summer,V-Shape,77,759.72,40.6,58.59,72.69,1.16,58.15,0.97,56.45,0.67
2024-04-01,13:30,April,Summer,V-Shape,77,714.85,40.52,57.39,73.07,1.09,58.46,0.91,53.33,0.67
2024-04-01,13:45,April,Summer,V-Shape,77,669.97,40.43,56.18,73.45,1.02,58.76,0.85,50.18,0.67
2024-04-01,14:00,April,Summer,V-Shape,77,625.1,40.35,54.98,73.84,0.95,59.07,0.8,47.01,0.67
2024-04-01,14:15,April,Summer,V-Shape,77,566.18,40.07,53.23,74.39,0.86,59.51,0.72,42.83,0.67
2024-04-01,14:30,April,Summer,V-Shape,77,507.26,39.8,51.48,74.94,0.77,59.96,0.64,38.59,0.67
2024-04-01,14:45,April,Summer,V-Shape,77,448.34,39.52,49.73,75.5,0.68,60.4,0.57,34.3,0.67
2024-04-01,15:00,April,Summer,V-Shape,77,389.42,39.24,47.98,76.05,0.59,60.84,0.49,29.96,0.67
2024-04-01,15:15,April,Summer,V-Shape,77,339.9,38.75,46.25,76.6,0.51,61.28,0.43,26.29,0.67
2024-04-01,15:30,April,Summer,V-Shape,77,290.37,38.26,44.52,77.15,0.44,61.72,0.37,22.59,0.67
2024-04-01,15:45,April,Summer,V-Shape,77,240.84,37.77,42.79,77.69,0.36,62.16,0.3,18.83,0.67
2024-04-01,16:00,April,Summer,V-Shape,77,191.31,37.28,41.06,78.24,0.29,62.59,0.24,15.04,0.67
2024-04-01,16:15,April,Summer,V-Shape,77,153.33,36.59,39.42,78.76,0.23,63.01,0.19,12.11,0.67
2024-04-01,16:30,April,Summer,V-Shape,77,115.34,35.9,37.78,79.28,0.17,63.42,0.14,9.16,0.67
2024-04-01,16:45,April,Summer,V-Shape,77,77.36,35.21,36.14,79.8,0.12,63.84,0.1,6.17,0.67
2024-04-01,17:00,April,Summer,V-Shape,77,39.38,34.52,34.5,80.32,0.06,64.25,0.05,3.16,0.67
2024-04-01,17:15,April,Summer,V-Shape,77,29.53,33.9,33.64,80.59,0.04,64.47,0.04,2.37,0.67
2024-04-01,17:30,April,Summer,V-Shape,77,19.69,33.28,32.77,80.87,0.03,64.69,0.02,1.59,0.67
2024-04-01,17:45,April,Summer,V-Shape,77,9.84,32.66,31.91,81.14,0.01,64.91,0.01,0.8,0.67
2024-04-02,05:15,April,Summer,V-Shape,77,23.88,27.26,26.86,82.74,0.04,66.19,0.03,1.96,0.67
2024-04-02,05:30,April,Summer,V-Shape,77,47.76,27.59,27.79,82.44,0.07,65.96,0.06,3.9,0.67
2024-04-02,05:45,April,Summer,V-Shape,77,71.64,27.93,28.72,82.15,0.11,65.72,0.09,5.84,0.67
2024-04-02,06:00,April,Summer,V-Shape,77,95.52,28.26,29.65,81.86,0.14,65.48,0.12,7.77,0.67
2024-04-02,06:15,April,Summer,V-Shape,77,151.95,28.89,31.69,81.21,0.23,64.97,0.19,12.28,0.67
2024-04-02,06:30,April,Summer,V-Shape,77,208.38,29.52,33.73,80.56,0.31,64.45,0.26,16.75,0.67
2024-04-02,06:45,April,Summer,V-Shape,77,264.82,30.16,35.78,79.92,0.4,63.93,0.33,21.15,0.67
2024-04-02,07:00,April,Summer,V-Shape,77,321.25,30.79,37.82,79.27,0.48,63.41,0.4,25.51,0.67
2024-04-02,07:15,April,Summer,V-Shape,77,384.44,31.47,40.08,78.55,0.58,62.84,0.48,30.31,0.67
2024-04-02,07:30,April,Summer,V-Shape,77,447.64,32.16,42.35,77.84,0.67,62.27,0.56,35.05,0.67
2024-04-02,07:45,April,Summer,V-Shape,77,510.84,32.84,44.61,77.12,0.77,61.7,0.64,39.72,0.67
2024-04-02,08:00,April,Summer,V-Shape,77,574.04,33.52,46.87,76.4,0.87,61.12,0.73,44.32,0.67
2024-04-02,08:15,April,Summer,V-Shape,77,621.06,34.14,48.67,75.83,0.94,60.67,0.79,47.68,0.67
2024-04-02,08:30,April,Summer,V-Shape,77,668.08,34.77,50.47,75.26,1.01,60.21,0.85,50.99,0.67
2024-04-02,08:45,April,Summer,V-Shape,77,715.1,35.39,52.26,74.69,1.08,59.76,0.91,54.26,0.67
2024-04-02,09:00,April,Summer,V-Shape,77,762.12,36.01,54.06,74.13,1.16,59.3,0.97,57.49,0.67
2024-04-02,09:15,April,Summer,V-Shape,77,798.74,36.52,55.49,73.67,1.21,58.94,1.02,59.97,0.67
2024-04-02,09:30,April,Summer,V-Shape,77,835.36,37.03,56.91,73.22,1.27,58.58,1.07,62.42,0.67
2024-04-02,09:45,April,Summer,V-Shape,77,871.98,37.54,58.34,72.77,1.33,58.22,1.11,64.84,0.67
2024-04-02,10:00,April,Summer,V-Shape,77,908.6,38.05,59.76,72.32,1.39,57.86,1.16,67.24,0.67
2024-04-02,10:15,April,Summer,V-Shape,77,930.33,38.39,60.65,72.04,1.42,57.63,1.19,68.64,0.67
2024-04-02,10:30,April,Summer,V-Shape,77,952.06,38.73,61.54,71.76,1.46,57.41,1.22,70.03,0.67
2024-04-02,10:45,April,Summer,V-Shape,77,973.79,39.08,62.42,71.48,1.49,57.18,1.25,71.41,0.67
2024-04-02,11:00,April,Summer,V-Shape,77,995.53,39.42,63.31,71.2,1.53,56.96,1.28,72.78,0.67
2024-04-02,11:15,April,Summer,V-Shape,77,985.97,39.62,63.27,71.21,1.51,56.97,1.27,72.09,0.67
2024-04-02,11:30,April,Summer,V-Shape,77,976.41,39.83,63.24,71.22,1.5,56.98,1.25,71.4,0.67
2024-04-02,11:45,April,Summer,V-Shape,77,966.85,40.04,63.21,71.23,1.48,56.98,1.24,70.71,0.67
2024-04-02,12:00,April,Summer,V-Shape,77,957.29,40.24,63.17,71.24,1.47,56.99,1.23,70.02,0.67
2024-04-02,12:15,April,Summer,V-Shape,77,920.23,40.29,62.3,71.52,1.41,57.21,1.18,67.51,0.67
2024-04-02,12:30,April,Summer,V-Shape,77,883.17,40.34,61.42,71.8,1.35,57.44,1.13,64.99,0.67
2024-04-02,12:45,April,Summer,V-Shape,77,846.11,40.39,60.54,72.07,1.29,57.66,1.08,62.45,0.67
2024-04-02,13:00,April,Summer,V-Shape,77,809.06,40.44,59.67,72.35,1.24,57.88,1.03,59.89,0.67
2024-04-02,13:15,April,Summer,V-Shape,77,777.56,40.37,58.81,72.62,1.19,58.1,0.99,57.73,0.67
2024-04-02,13:30,April,Summer,V-Shape,77,746.06,40.3,57.95,72.9,1.14,58.32,0.95,55.55,0.67
2024-04-02,13:45,April,Summer,V-Shape,77,714.56,40.22,57.09,73.17,1.09,58.53,0.91,53.36,0.67
2024-04-02,14:00,April,Summer,V-Shape,77,683.06,40.15,56.23,73.44,1.04,58.75,0.87,51.16,0.67
2024-04-02,14:15,April,Summer,V-Shape,77,621.35,39.91,54.44,74.01,0.94,59.21,0.79,46.81,0.67
2024-04-02,14:30,April,Summer,V-Shape,77,559.64,39.66,52.65,74.57,0.85,59.66,0.71,42.41,0.67
2024-04-02,14:45,April,Summer,V-Shape,77,497.93,39.41,50.86,75.14,0.75,60.11,0.63,37.96,0.67
2024-04-02,15:00,April,Summer,V-Shape,77,436.22,39.17,49.08,75.7,0.66,60.56,0.55,33.44,0.67
2024-04-02,15:15,April,Summer,V-Shape,77,380.3,38.72,47.23,76.29,0.57,61.03,0.48,29.33,0.67
2024-04-02,15:30,April,Summer,V-Shape,77,324.39,38.27,45.38,76.87,0.49,61.5,0.41,25.16,0.67
2024-04-02,15:45,April,Summer,V-Shape,77,268.47,37.82,43.53,77.46,0.4,61.97,0.34,20.95,0.67
2024-04-02,16:00,April,Summer,V-Shape,77,212.55,37.37,41.68,78.05,0.32,62.44,0.27,16.68,0.67
2024-04-02,16:15,April,Summer,V-Shape,77,168.78,36.77,39.99,78.58,0.25,62.86,0.21,13.31,0.67
2024-04-02,16:30,April,Summer,V-Shape,77,125.02,36.17,38.3,79.12,0.19,63.29,0.16,9.91,0.67
2024-04-02,16:45,April,Summer,V-Shape,77,81.25,35.58,36.61,79.65,0.12,63.72,0.1,6.47,0.67
2024-04-02,17:00,April,Summer,V-Shape,77,37.49,34.98,34.92,80.19,0.06,64.15,0.05,3.0,0.67
2024-04-02,17:15,April,Summer,V-Shape,77,28.11,34.38,34.09,80.45,0.04,64.36,0.04,2.26,0.67
2024-04-02,17:30,April,Summer,V-Shape,77,18.74,33.78,33.25,80.71,0.03,64.57,0.02,1.51,0.67
2024-04-02,17:45,April,Summer,V-Shape,77,9.37,33.19,32.42,80.98,0.01,64.78,0.01,0.76,0.67
2024-04-03,05:15,April,Summer,V-Shape,77,23.14,27.02,26.6,82.82,0.03,66.26,0.03,1.9,0.67
2024-04-03,05:30,April,Summer,V-Shape,77,46.28,27.24,27.4,82.57,0.07,66.05,0.06,3.79,0.67
2024-04-03,05:45,April,Summer,V-Shape,77,69.42,27.47,28.21,82.31,0.1,65.85,0.09,5.67,0.67
2024-04-03,06:00,April,Summer,V-Shape,77,92.56,27.7,29.01,82.06,0.14,65.65,0.11,7.54,0.67
2024-04-03,06:15,April,Summer,V-Shape,77,142.86,28.18,30.75,81.51,0.21,65.21,0.18,11.58,0.67
2024-04-03,06:30,April,Summer,V-Shape,77,193.16,28.66,32.49,80.96,0.29,64.77,0.24,15.58,0.67
2024-04-03,06:45,April,Summer,V-Shape,77,243.46,29.14,34.23,80.41,0.36,64.33,0.3,19.54,0.67
2024-04-03,07:00,April,Summer,V-Shape,77,293.76,29.62,35.96,79.86,0.44,63.89,0.37,23.45,0.67
2024-04-03,07:15,April,Summer,V-Shape,77,347.03,30.31,37.99,79.22,0.52,63.37,0.43,27.54,0.67
2024-04-03,07:30,April,Summer,V-Shape,77,400.3,31.0,40.01,78.58,0.6,62.86,0.5,31.57,0.67
2024-04-03,07:45,April,Summer,V-Shape,77,453.57,31.69,42.03,77.94,0.68,62.35,0.57,35.55,0.67
2024-04-03,08:00,April,Summer,V-Shape,77,506.84,32.38,44.05,77.3,0.76,61.84,0.64,39.48,0.67
2024-04-03,08:15,April,Summer,V-Shape,77,547.23,32.95,45.64,76.79,0.82,61.43,0.69,42.42,0.67
2024-04-03,08:30,April,Summer,V-Shape,77,587.63,33.53,47.22,76.29,0.89,61.03,0.74,45.32,0.67
2024-04-03,08:45,April,Summer,V-Shape,77,628.03,34.11,48.81,75.79,0.95,60.63,0.79,48.19,0.67
2024-04-03,09:00,April,Summer,V-Shape,77,668.43,34.68,50.39,75.29,1.01,60.23,0.85,51.03,0.67
2024-04-03,09:15,April,Summer,V-Shape,77,699.12,35.16,51.64,74.89,1.06,59.91,0.89,53.16,0.67
2024-04-03,09:30,April,Summer,V-Shape,77,729.82,35.64,52.89,74.5,1.11,59.6,0.93,55.27,0.67
2024-04-03,09:45,April,Summer,V-Shape,77,760.51,36.12,54.13,74.1,1.16,59.28,0.97,57.36,0.67
2024-04-03,10:00,April,Summer,V-Shape,77,791.21,36.6,55.38,73.71,1.2,58.97,1.01,59.42,0.67
2024-04-03,10:15,April,Summer,V-Shape,77,808.08,36.97,56.17,73.46,1.23,58.77,1.03,60.53,0.67
2024-04-03,10:30,April,Summer,V-Shape,77,824.95,37.34,56.97,73.21,1.26,58.56,1.05,61.63,0.67
2024-04-03,10:45,April,Summer,V-Shape,77,841.82,37.72,57.76,72.95,1.28,58.36,1.07,62.72,0.67
2024-04-03,11:00,April,Summer,V-Shape,77,858.69,38.09,58.56,72.7,1.31,58.16,1.1,63.81,0.67
2024-04-03,11:15,April,Summer,V-Shape,77,846.93,38.33,58.5,72.72,1.29,58.18,1.08,62.95,0.67
2024-04-03,11:30,April,Summer,V-Shape,77,835.17,38.56,58.44,72.74,1.27,58.19,1.07,62.09,0.67
2024-04-03,11:45,April,Summer,V-Shape,77,823.41,38.8,58.38,72.76,1.26,58.21,1.05,61.22,0.67
2024-04-03,12:00,April,Summer,V-Shape,77,811.65,39.03,58.32,72.78,1.24,58.22,1.04,60.36,0.67
2024-04-03,12:15,April,Summer,V-Shape,77,794.71,39.12,57.99,72.88,1.21,58.31,1.01,59.17,0.67
2024-04-03,12:30,April,Summer,V-Shape,77,777.76,39.21,57.65,72.99,1.19,58.39,0.99,57.97,0.67
2024-04-03,12:45,April,Summer,V-Shape,77,760.82,39.3,57.32,73.09,1.16,58.48,0.97,56.77,0.67
2024-04-03,13:00,April,Summer,V-Shape,77,743.87,39.39,56.99,73.2,1.13,58.56,0.95,55.57,0.67
2024-04-03,13:15,April,Summer,V-Shape,77,721.57,39.31,56.35,73.4,1.1,58.72,0.92,54.02,0.67
2024-04-03,13:30,April,Summer,V-Shape,77,699.26,39.23,55.71,73.6,1.06,58.88,0.89,52.46,0.67
2024-04-03,13:45,April,Summer,V-Shape,77,676.95,39.15,55.07,73.81,1.03,59.04,0.86,50.89,0.67
2024-04-03,14:00,April,Summer,V-Shape,77,654.64,39.07,54.44,74.01,0.99,59.21,0.83,49.32,0.67
2024-04-03,14:15,April,Summer,V-Shape,77,608.06,38.84,53.04,74.45,0.92,59.56,0.77,46.02,0.67
2024-04-03,14:30,April,Summer,V-Shape,77,561.48,38.61,51.65,74.89,0.85,59.91,0.71,42.69,0.67
2024-04-03,14:45,April,Summer,V-Shape,77,514.9,38.38,50.25,75.33,0.78,60.27,0.65,39.33,0.67
2024-04-03,15:00,April,Summer,V-Shape,77,468.32,38.15,48.86,75.77,0.71,60.62,0.59,35.93,0.67
2024-04-03,15:15,April,Summer,V-Shape,77,411.61,37.76,47.05,76.35,0.62,61.08,0.52,31.76,0.67
2024-04-03,15:30,April,Summer,V-Shape,77,354.9,37.36,45.24,76.92,0.53,61.54,0.45,27.54,0.67
2024-04-03,15:45,April,Summer,V-Shape,77,298.19,36.97,43.43,77.49,0.45,61.99,0.38,23.27,0.67
2024-04-03,16:00,April,Summer,V-Shape,77,241.48,36.58,41.62,78.07,0.36,62.45,0.3,18.95,0.67
2024-04-03,16:15,April,Summer,V-Shape,77,194.33,36.02,39.88,78.62,0.29,62.89,0.24,15.33,0.67
2024-04-03,16:30,April,Summer,V-Shape,77,147.19,35.47,38.14,79.17,0.22,63.33,0.18,11.67,0.67
2024-04-03,16:45,April,Summer,V-Shape,77,100.04,34.91,36.41,79.72,0.15,63.77,0.13,7.98,0.67
2024-04-03,17:00,April,Summer,V-Shape,77,52.9,34.35,34.67,80.27,0.08,64.21,0.07,4.24,0.67
2024-04-03,17:15,April,Summer,V-Shape,77,39.67,33.8,33.79,80.54,0.06,64.44,0.05,3.19,0.67
2024-04-03,17:30,April,Summer,V-Shape,77,26.45,33.25,32.91,80.82,0.04,64.66,0.03,2.13,0.67
2024-04-03,17:45,April,Summer,V-Shape,77,13.22,32.69,32.02,81.1,0.02,64.88,0.02,1.07,0.67
2024-04-04,05:15,April,Summer,V-Shape,77,24.33,27.31,26.92,82.72,0.04,66.18,0.03,1.99,0.67
2024-04-04,05:30,April,Summer,V-Shape,77,48.66,27.64,27.86,82.42,0.07,65.94,0.06,3.98,0.67
2024-04-04,05:45,April,Summer,V-Shape,77,72.99,27.98,28.81,82.12,0.11,65.7,0.09,5.95,0.67
2024-04-04,06:00,April,Summer,V-Shape,77,97.31,28.32,29.75,81.82,0.14,65.46,0.12,7.91,0.67
2024-04-04,06:15,April,Summer,V-Shape,77,147.3,28.93,31.61,81.23,0.22,64.99,0.18,11.91,0.67
2024-04-04,06:30,April,Summer,V-Shape,77,197.28,29.54,33.47,80.65,0.29,64.52,0.25,15.87,0.67
2024-04-04,06:45,April,Summer,V-Shape,77,247.27,30.14,35.32,80.06,0.37,64.05,0.31,19.78,0.67
2024-04-04,07:00,April,Summer,V-Shape,77,297.26,30.75,37.18,79.47,0.44,63.58,0.37,23.65,0.67
2024-04-04,07:15,April,Summer,V-Shape,77,356.15,31.41,39.32,78.79,0.53,63.04,0.45,28.15,0.67
2024-04-04,07:30,April,Summer,V-Shape,77,415.05,32.08,41.45,78.12,0.62,62.49,0.52,32.59,0.67
2024-04-04,07:45,April,Summer,V-Shape,77,473.95,32.74,43.59,77.44,0.71,61.95,0.6,36.97,0.67
2024-04-04,08:00,April,Summer,V-Shape,77,532.85,33.4,45.72,76.77,0.8,61.41,0.67,41.29,0.67
2024-04-04,08:15,April,Summer,V-Shape,77,580.47,33.98,47.5,76.2,0.88,60.96,0.73,44.73,0.67
2024-04-04,08:30,April,Summer,V-Shape,77,628.09,34.57,49.27,75.64,0.95,60.51,0.8,48.12,0.67
2024-04-04,08:45,April,Summer,V-Shape,77,675.71,35.16,51.05,75.08,1.02,60.06,0.86,51.48,0.67
2024-04-04,09:00,April,Summer,V-Shape,77,723.32,35.74,52.82,74.52,1.1,59.61,0.92,54.79,0.67
2024-04-04,09:15,April,Summer,V-Shape,77,763.87,36.2,54.3,74.05,1.16,59.24,0.97,57.58,0.67
2024-04-04,09:30,April,Summer,V-Shape,77,804.42,36.67,55.78,73.58,1.22,58.87,1.02,60.34,0.67
2024-04-04,09:45,April,Summer,V-Shape,77,844.97,37.14,57.26,73.11,1.29,58.49,1.08,63.06,0.67
2024-04-04,10:00,April,Summer,V-Shape,77,885.52,37.6,58.74,72.65,1.35,58.12,1.13,65.76,0.67
2024-04-04,10:15,April,Summer,V-Shape,77,908.97,37.95,59.67,72.35,1.39,57.88,1.16,67.29,0.67
2024-04-04,10:30,April,Summer,V-Shape,77,932.43,38.3,60.61,72.05,1.43,57.64,1.19,68.81,0.67
2024-04-04,10:45,April,Summer,V-Shape,77,955.88,38.64,61.54,71.76,1.46,57.41,1.22,70.31,0.67
2024-04-04,11:00,April,Summer,V-Shape,77,979.34,38.99,62.47,71.46,1.5,57.17,1.26,71.8,0.67
2024-04-04,11:15,April,Summer,V-Shape,77,965.4,39.18,62.31,71.51,1.48,57.21,1.24,70.82,0.67
2024-04-04,11:30,April,Summer,V-Shape,77,951.46,39.37,62.16,71.56,1.46,57.25,1.22,69.84,0.67
2024-04-04,11:45,April,Summer,V-Shape,77,937.52,39.56,62.0,71.61,1.43,57.29,1.2,68.85,0.67
2024-04-04,12:00,April,Summer,V-Shape,77,923.58,39.75,61.84,71.66,1.41,57.33,1.18,67.86,0.67
2024-04-04,12:15,April,Summer,V-Shape,77,897.78,39.75,61.19,71.87,1.37,57.49,1.15,66.12,0.67
2024-04-04,12:30,April,Summer,V-Shape,77,871.99,39.75,60.54,72.07,1.33,57.66,1.12,64.36,0.67
2024-04-04,12:45,April,Summer,V-Shape,77,846.19,39.74,59.9,72.28,1.29,57.82,1.08,62.59,0.67
2024-04-04,13:00,April,Summer,V-Shape,77,820.4,39.74,59.25,72.48,1.25,57.99,1.05,60.82,0.67
2024-04-04,13:15,April,Summer,V-Shape,77,777.57,39.53,57.97,72.89,1.19,58.31,0.99,57.9,0.67
2024-04-04,13:30,April,Summer,V-Shape,77,734.74,39.33,56.69,73.29,1.12,58.63,0.94,54.94,0.67
2024-04-04,13:45,April,Summer,V-Shape,77,691.91,39.12,55.42,73.7,1.05,58.96,0.88,51.96,0.67
2024-04-04,14:00,April,Summer,V-Shape,77,649.08,38.91,54.14,74.1,0.99,59.28,0.83,48.95,0.67
2024-04-04,14:15,April,Summer,V-Shape,77,601.4,38.59,52.63,74.58,0.91,59.66,0.76,45.58,0.67
2024-04-04,14:30,April,Summer,V-Shape,77,553.71,38.27,51.12,75.06,0.84,60.05,0.7,42.17,0.67
2024-04-04,14:45,April,Summer,V-Shape,77,506.03,37.96,49.61,75.54,0.77,60.43,0.64,38.73,0.67
2024-04-04,15:00,April,Summer,V-Shape,77,458.35,37.64,48.1,76.01,0.69,60.81,0.58,35.25,0.67
2024-04-04,15:15,April,Summer,V-Shape,77,404.0,37.2,46.3,76.58,0.61,61.27,0.51,31.25,0.67
2024-04-04,15:30,April,Summer,V-Shape,77,349.66,36.76,44.5,77.15,0.53,61.72,0.44,27.2,0.67
2024-04-04,15:45,April,Summer,V-Shape,77,295.32,36.32,42.7,77.72,0.44,62.18,0.37,23.1,0.67
2024-04-04,16:00,April,Summer,V-Shape,77,240.98,35.88,40.9,78.29,0.36,62.63,0.3,18.95,0.67
2024-04-04,16:15,April,Summer,V-Shape,77,194.38,35.34,39.2,78.83,0.29,63.06,0.24,15.37,0.67
2024-04-04,16:30,April,Summer,V-Shape,77,147.79,34.81,37.5,79.37,0.22,63.49,0.18,11.74,0.67
2024-04-04,16:45,April,Summer,V-Shape,77,101.19,34.28,35.8,79.91,0.15,63.93,0.13,8.08,0.67
2024-04-04,17:00,April,Summer,V-Shape,77,54.6,33.74,34.11,80.44,0.08,64.36,0.07,4.38,0.67
2024-04-04,17:15,April,Summer,V-Shape,77,40.95,33.29,33.31,80.7,0.06,64.56,0.05,3.3,0.67
2024-04-04,17:30,April,Summer,V-Shape,77,27.3,32.84,32.52,80.95,0.04,64.76,0.03,2.2,0.67
2024-04-04,17:45,April,Summer,V-Shape,77,13.65,32.38,31.72,81.2,0.02,64.96,0.02,1.1,0.67
2024-04-05,05:15,April,Summer,V-Shape,77,26.24,26.81,26.47,82.86,0.04,66.29,0.03,2.15,0.67
2024-04-05,05:30,April,Summer,V-Shape,77,52.48,27.32,27.63,82.49,0.08,66.0,0.07,4.29,0.67
2024-04-05,05:45,April,Summer,V-Shape,77,78.73,27.83,28.8,82.13,0.12,65.7,0.1,6.42,0.67
2024-04-05,06:00,April,Summer,V-Shape,77,104.97,28.34,29.96,81.76,0.16,65.4,0.13,8.53,0.67
2024-04-05,06:15,April,Summer,V-Shape,77,161.24,29.11,32.14,81.07,0.24,64.85,0.2,13.02,0.67
2024-04-05,06:30,April,Summer,V-Shape,77,217.52,29.88,34.32,80.38,0.32,64.3,0.27,17.45,0.67
2024-04-05,06:45,April,Summer,V-Shape,77,273.79,30.65,36.49,79.69,0.41,63.75,0.34,21.82,0.67
2024-04-05,07:00,April,Summer,V-Shape,77,330.07,31.42,38.67,79.0,0.49,63.2,0.41,26.14,0.67
2024-04-05,07:15,April,Summer,V-Shape,77,391.39,32.13,40.91,78.29,0.59,62.63,0.49,30.78,0.67
2024-04-05,07:30,April,Summer,V-Shape,77,452.72,32.84,43.16,77.58,0.68,62.06,0.57,35.36,0.67
2024-04-05,07:45,April,Summer,V-Shape,77,514.04,33.55,45.4,76.87,0.77,61.49,0.65,39.87,0.67
2024-04-05,08:00,April,Summer,V-Shape,77,575.37,34.26,47.64,76.16,0.87,60.93,0.73,44.31,0.67
2024-04-05,08:15,April,Summer,V-Shape,77,628.47,34.95,49.66,75.52,0.95,60.42,0.8,48.09,0.67
2024-04-05,08:30,April,Summer,V-Shape,77,681.58,35.63,51.67,74.88,1.03,59.91,0.87,51.82,0.67
2024-04-05,08:45,April,Summer,V-Shape,77,734.69,36.31,53.68,74.25,1.12,59.4,0.93,55.49,0.67
2024-04-05,09:00,April,Summer,V-Shape,77,787.79,37.0,55.69,73.61,1.2,58.89,1.0,59.11,0.67
2024-04-05,09:15,April,Summer,V-Shape,77,816.99,37.53,56.96,73.21,1.24,58.57,1.04,61.04,0.67
2024-04-05,09:30,April,Summer,V-Shape,77,846.18,38.06,58.22,72.81,1.29,58.25,1.08,62.95,0.67
2024-04-05,09:45,April,Summer,V-Shape,77,875.38,38.6,59.48,72.41,1.34,57.93,1.12,64.84,0.67
2024-04-05,10:00,April,Summer,V-Shape,77,904.58,39.13,60.74,72.01,1.38,57.61,1.16,66.72,0.67
2024-04-05,10:15,April,Summer,V-Shape,77,913.47,39.51,61.34,71.82,1.4,57.46,1.17,67.24,0.67
2024-04-05,10:30,April,Summer,V-Shape,77,922.37,39.88,61.94,71.63,1.41,57.31,1.18,67.75,0.67
2024-04-05,10:45,April,Summer,V-Shape,77,931.27,40.26,62.54,71.44,1.43,57.15,1.19,68.26,0.67
2024-04-05,11:00,April,Summer,V-Shape,77,940.17,40.63,63.13,71.25,1.44,57.0,1.21,68.77,0.67
2024-04-05,11:15,April,Summer,V-Shape,77,935.09,40.86,63.23,71.22,1.43,56.98,1.2,68.38,0.67
2024-04-05,11:30,April,Summer,V-Shape,77,930.0,41.08,63.33,71.19,1.43,56.95,1.19,67.98,0.67
2024-04-05,11:45,April,Summer,V-Shape,77,924.92,41.3,63.43,71.16,1.42,56.93,1.19,67.59,0.67
2024-04-05,12:00,April,Summer,V-Shape,77,919.83,41.53,63.53,71.13,1.41,56.9,1.18,67.19,0.67
2024-04-05,12:15,April,Summer,V-Shape,77,895.34,41.6,62.98,71.3,1.37,57.04,1.15,65.53,0.67
2024-04-05,12:30,April,Summer,V-Shape,77,870.84,41.67,62.44,71.47,1.33,57.18,1.12,63.86,0.67
2024-04-05,12:45,April,Summer,V-Shape,77,846.35,41.74,61.9,71.64,1.3,57.32,1.08,62.18,0.67
2024-04-05,13:00,April,Summer,V-Shape,77,821.86,41.81,61.36,71.82,1.26,57.45,1.05,60.49,0.67
2024-04-05,13:15,April,Summer,V-Shape,77,787.98,41.7,60.4,72.12,1.2,57.7,1.01,58.19,0.67
2024-04-05,13:30,April,Summer,V-Shape,77,754.09,41.59,59.44,72.42,1.15,57.94,0.96,55.87,0.67
2024-04-05,13:45,April,Summer,V-Shape,77,720.21,41.47,58.48,72.73,1.1,58.18,0.92,53.53,0.67
2024-04-05,14:00,April,Summer,V-Shape,77,686.33,41.36,57.52,73.03,1.05,58.42,0.88,51.18,0.67
2024-04-05,14:15,April,Summer,V-Shape,77,635.21,41.05,55.93,73.53,0.97,58.83,0.81,47.62,0.67
2024-04-05,14:30,April,Summer,V-Shape,77,584.08,40.73,54.34,74.04,0.89,59.23,0.74,44.02,0.67
2024-04-05,14:45,April,Summer,V-Shape,77,532.95,40.42,52.75,74.54,0.81,59.63,0.68,40.38,0.67
2024-04-05,15:00,April,Summer,V-Shape,77,481.82,40.11,51.16,75.05,0.73,60.04,0.61,36.69,0.67
2024-04-05,15:15,April,Summer,V-Shape,77,422.86,39.59,49.16,75.68,0.64,60.54,0.54,32.41,0.67
2024-04-05,15:30,April,Summer,V-Shape,77,363.9,39.07,47.17,76.31,0.55,61.05,0.46,28.07,0.67
2024-04-05,15:45,April,Summer,V-Shape,77,304.94,38.55,45.17,76.94,0.46,61.55,0.38,23.67,0.67
2024-04-05,16:00,April,Summer,V-Shape,77,245.98,38.03,43.18,77.57,0.37,62.06,0.31,19.21,0.67
2024-04-05,16:15,April,Summer,V-Shape,77,197.47,37.3,41.24,78.19,0.3,62.55,0.25,15.52,0.67
2024-04-05,16:30,April,Summer,V-Shape,77,148.96,36.58,39.3,78.8,0.22,63.04,0.19,11.77,0.67
2024-04-05,16:45,April,Summer,V-Shape,77,100.45,35.86,37.37,79.41,0.15,63.53,0.13,7.99,0.67
2024-04-05,17:00,April,Summer,V-Shape,77,51.94,35.13,35.43,80.03,0.08,64.02,0.06,4.15,0.67
2024-04-05,17:15,April,Summer,V-Shape,77,38.96,34.46,34.43,80.34,0.06,64.27,0.05,3.12,0.67
2024-04-05,17:30,April,Summer,V-Shape,77,25.97,33.79,33.44,80.66,0.04,64.52,0.03,2.09,0.67
2024-04-05,17:45,April,Summer,V-Shape,77,12.99,33.12,32.44,80.97,0.02,64.78,0.02,1.05,0.67
2024-04-06,05:15,April,Summer,V-Shape,77,26.48,27.82,27.48,82.54,0.04,66.03,0.03,2.17,0.67
2024-04-06,05:30,April,Summer,V-Shape,77,52.96,28.23,28.55,82.2,0.08,65.76,0.07,4.32,0.67
2024-04-06,05:45,April,Summer,V-Shape,77,79.44,28.63,29.61,81.87,0.12,65.49,0.1,6.46,0.67
2024-04-06,06:00,April,Summer,V-Shape,77,105.92,29.03,30.68,81.53,0.16,65.22,0.13,8.59,0.67
2024-04-06,06:15,April,Summer,V-Shape,77,165.04,29.68,32.8,80.86,0.25,64.69,0.21,13.3,0.67
2024-04-06,06:30,April,Summer,V-Shape,77,224.15,30.32,34.92,80.19,0.33,64.15,0.28,17.95,0.67
2024-04-06,06:45,April,Summer,V-Shape,77,283.27,30.96,37.05,79.51,0.42,63.61,0.35,22.54,0.67
2024-04-06,07:00,April,Summer,V-Shape,77,342.38,31.61,39.17,78.84,0.51,63.07,0.43,27.07,0.67
2024-04-06,07:15,April,Summer,V-Shape,77,408.85,32.23,41.45,78.12,0.61,62.5,0.51,32.11,0.67
2024-04-06,07:30,April,Summer,V-Shape,77,475.32,32.84,43.73,77.4,0.71,61.92,0.6,37.06,0.67
2024-04-06,07:45,April,Summer,V-Shape,77,541.79,33.46,46.01,76.68,0.82,61.34,0.68,41.95,0.67
2024-04-06,08:00,April,Summer,V-Shape,77,608.26,34.08,48.29,75.95,0.92,60.76,0.77,46.75,0.67
2024-04-06,08:15,April,Summer,V-Shape,77,661.88,34.68,50.23,75.34,1.0,60.27,0.84,50.56,0.67
2024-04-06,08:30,April,Summer,V-Shape,77,715.5,35.28,52.17,74.72,1.08,59.78,0.91,54.31,0.67
2024-04-06,08:45,April,Summer,V-Shape,77,769.11,35.89,54.12,74.11,1.17,59.29,0.98,58.01,0.67
2024-04-06,09:00,April,Summer,V-Shape,77,822.73,36.49,56.06,73.49,1.25,58.79,1.05,61.65,0.67
2024-04-06,09:15,April,Summer,V-Shape,77,862.29,37.02,57.57,73.01,1.31,58.41,1.1,64.29,0.67
2024-04-06,09:30,April,Summer,V-Shape,77,901.86,37.55,59.09,72.53,1.38,58.03,1.15,66.9,0.67
2024-04-06,09:45,April,Summer,V-Shape,77,941.43,38.07,60.61,72.05,1.44,57.64,1.21,69.47,0.67
2024-04-06,10:00,April,Summer,V-Shape,77,980.99,38.6,62.12,71.57,1.5,57.26,1.26,72.01,0.67
2024-04-06,10:15,April,Summer,V-Shape,77,1001.8,38.98,63.02,71.29,1.53,57.03,1.29,73.31,0.67
2024-04-06,10:30,April,Summer,V-Shape,77,1022.61,39.36,63.92,71.0,1.57,56.8,1.31,74.6,0.67
2024-04-06,10:45,April,Summer,V-Shape,77,1043.42,39.73,64.82,70.72,1.6,56.58,1.34,75.88,0.67
2024-04-06,11:00,April,Summer,V-Shape,77,1064.23,40.11,65.72,70.44,1.63,56.35,1.37,77.15,0.67
2024-04-06,11:15,April,Summer,V-Shape,77,1043.84,40.32,65.42,70.53,1.6,56.42,1.34,75.75,0.67
2024-04-06,11:30,April,Summer,V-Shape,77,1023.46,40.53,65.12,70.63,1.57,56.5,1.32,74.35,0.67
2024-04-06,11:45,April,Summer,V-Shape,77,1003.08,40.74,64.82,70.72,1.54,56.58,1.29,72.95,0.67
2024-04-06,12:00,April,Summer,V-Shape,77,982.7,40.95,64.52,70.81,1.51,56.65,1.26,71.54,0.67
2024-04-06,12:15,April,Summer,V-Shape,77,968.09,40.99,64.19,70.92,1.48,56.73,1.24,70.55,0.67
2024-04-06,12:30,April,Summer,V-Shape,77,953.48,41.03,63.87,71.02,1.46,56.82,1.22,69.57,0.67
2024-04-06,12:45,April,Summer,V-Shape,77,938.87,41.08,63.55,71.12,1.44,56.9,1.21,68.58,0.67
2024-04-06,13:00,April,Summer,V-Shape,77,924.26,41.12,63.23,71.22,1.42,56.98,1.19,67.59,0.67
2024-04-06,13:15,April,Summer,V-Shape,77,887.13,41.0,62.18,71.56,1.36,57.24,1.14,65.11,0.67
2024-04-06,13:30,April,Summer,V-Shape,77,849.99,40.88,61.13,71.89,1.3,57.51,1.09,62.61,0.67
2024-04-06,13:45,April,Summer,V-Shape,77,812.85,40.76,60.08,72.22,1.24,57.78,1.04,60.09,0.67
2024-04-06,14:00,April,Summer,V-Shape,77,775.72,40.64,59.03,72.55,1.18,58.04,0.99,57.55,0.67
2024-04-06,14:15,April,Summer,V-Shape,77,720.11,40.34,57.34,73.09,1.1,58.47,0.92,53.73,0.67
2024-04-06,14:30,April,Summer,V-Shape,77,664.51,40.04,55.65,73.62,1.01,58.9,0.85,49.86,0.67
2024-04-06,14:45,April,Summer,V-Shape,77,608.9,39.74,53.96,74.16,0.92,59.33,0.77,45.95,0.67
2024-04-06,15:00,April,Summer,V-Shape,77,553.3,39.44,52.27,74.69,0.84,59.75,0.7,41.98,0.67
2024-04-06,15:15,April,Summer,V-Shape,77,487.55,38.97,50.16,75.36,0.74,60.29,0.62,37.25,0.67
2024-04-06,15:30,April,Summer,V-Shape,77,421.8,38.5,48.05,76.03,0.64,60.82,0.53,32.45,0.67
2024-04-06,15:45,April,Summer,V-Shape,77,356.05,38.03,45.93,76.7,0.54,61.36,0.45,27.57,0.67
2024-04-06,16:00,April,Summer,V-Shape,77,290.3,37.56,43.82,77.37,0.44,61.9,0.37,22.63,0.67
2024-04-06,16:15,April,Summer,V-Shape,77,232.46,36.94,41.75,78.02,0.35,62.42,0.29,18.24,0.67
2024-04-06,16:30,April,Summer,V-Shape,77,174.62,36.32,39.69,78.68,0.26,62.94,0.22,13.79,0.67
2024-04-06,16:45,April,Summer,V-Shape,77,116.77,35.7,37.62,79.33,0.17,63.47,0.15,9.28,0.67
2024-04-06,17:00,April,Summer,V-Shape,77,58.93,35.08,35.55,79.99,0.09,63.99,0.07,4.71,0.67
2024-04-06,17:15,April,Summer,V-Shape,77,44.19,34.54,34.64,80.27,0.07,64.22,0.06,3.54,0.67
2024-04-06,17:30,April,Summer,V-Shape,77,29.46,33.99,33.73,80.56,0.04,64.45,0.04,2.37,0.67
2024-04-06,17:45,April,Summer,V-Shape,77,14.73,33.45,32.82,80.85,0.02,64.68,0.02,1.19,0.67
2024-04-07,05:15,April,Summer,V-Shape,77,30.5,27.99,27.75,82.46,0.05,65.97,0.04,2.49,0.67
2024-04-07,05:30,April,Summer,V-Shape,77,60.99,28.39,28.92,82.09,0.09,65.67,0.08,4.97,0.67
2024-04-07,05:45,April,Summer,V-Shape,77,91.49,28.8,30.09,81.72,0.14,65.37,0.11,7.43,0.67
2024-04-07,06:00,April,Summer,V-Shape,77,121.99,29.21,31.26,81.35,0.18,65.08,0.15,9.87,0.67
2024-04-07,06:15,April,Summer,V-Shape,77,183.98,29.86,33.45,80.65,0.27,64.52,0.23,14.8,0.67
2024-04-07,06:30,April,Summer,V-Shape,77,245.97,30.5,35.65,79.96,0.37,63.96,0.31,19.66,0.67
2024-04-07,06:45,April,Summer,V-Shape,77,307.96,31.14,37.84,79.26,0.46,63.41,0.39,24.45,0.67
2024-04-07,07:00,April,Summer,V-Shape,77,369.95,31.79,40.04,78.57,0.55,62.85,0.46,29.18,0.67
2024-04-07,07:15,April,Summer,V-Shape,77,433.68,32.37,42.21,77.88,0.65,62.3,0.55,33.97,0.67
2024-04-07,07:30,April,Summer,V-Shape,77,497.41,32.95,44.38,77.19,0.75,61.75,0.63,38.71,0.67
2024-04-07,07:45,April,Summer,V-Shape,77,561.14,33.52,46.55,76.5,0.85,61.2,0.71,43.37,0.67
2024-04-07,08:00,April,Summer,V-Shape,77,624.88,34.1,48.72,75.82,0.94,60.65,0.79,47.96,0.67
2024-04-07,08:15,April,Summer,V-Shape,77,679.9,34.66,50.66,75.2,1.03,60.16,0.86,51.86,0.67
2024-04-07,08:30,April,Summer,V-Shape,77,734.92,35.23,52.6,74.59,1.11,59.67,0.93,55.7,0.67
2024-04-07,08:45,April,Summer,V-Shape,77,789.94,35.8,54.54,73.97,1.2,59.18,1.01,59.49,0.67
2024-04-07,09:00,April,Summer,V-Shape,77,844.96,36.36,56.48,73.36,1.29,58.69,1.08,63.23,0.67
2024-04-07,09:15,April,Summer,V-Shape,77,881.71,36.83,57.88,72.92,1.34,58.33,1.13,65.67,0.67
2024-04-07,09:30,April,Summer,V-Shape,77,918.47,37.3,59.27,72.48,1.4,57.98,1.17,68.09,0.67
2024-04-07,09:45,April,Summer,V-Shape,77,955.23,37.78,60.66,72.04,1.46,57.63,1.22,70.48,0.67
2024-04-07,10:00,April,Summer,V-Shape,77,991.99,38.25,62.05,71.6,1.52,57.28,1.27,72.84,0.67
2024-04-07,10:15,April,Summer,V-Shape,77,1007.51,38.59,62.78,71.36,1.54,57.09,1.29,73.79,0.67
2024-04-07,10:30,April,Summer,V-Shape,77,1023.04,38.94,63.51,71.13,1.57,56.91,1.31,74.74,0.67
2024-04-07,10:45,April,Summer,V-Shape,77,1038.57,39.28,64.24,70.9,1.59,56.72,1.33,75.68,0.67
2024-04-07,11:00,April,Summer,V-Shape,77,1054.1,39.62,64.97,70.67,1.62,56.54,1.36,76.61,0.67
2024-04-07,11:15,April,Summer,V-Shape,77,1042.14,39.79,64.84,70.71,1.6,56.57,1.34,75.78,0.67
2024-04-07,11:30,April,Summer,V-Shape,77,1030.18,39.96,64.71,70.75,1.58,56.6,1.32,74.94,0.67
2024-04-07,11:45,April,Summer,V-Shape,77,1018.22,40.13,64.59,70.79,1.56,56.63,1.31,74.11,0.67
2024-04-07,12:00,April,Summer,V-Shape,77,1006.27,40.3,64.46,70.83,1.54,56.67,1.29,73.27,0.67
2024-04-07,12:15,April,Summer,V-Shape,77,968.17,40.33,63.53,71.13,1.48,56.9,1.24,70.72,0.67
2024-04-07,12:30,April,Summer,V-Shape,77,930.06,40.35,62.61,71.42,1.42,57.14,1.19,68.16,0.67
2024-04-07,12:45,April,Summer,V-Shape,77,891.96,40.38,61.68,71.71,1.36,57.37,1.14,65.58,0.67
2024-04-07,13:00,April,Summer,V-Shape,77,853.86,40.41,60.76,72.01,1.31,57.6,1.09,62.98,0.67
2024-04-07,13:15,April,Summer,V-Shape,77,824.23,40.28,59.89,72.28,1.26,57.83,1.05,60.97,0.67
2024-04-07,13:30,April,Summer,V-Shape,77,794.6,40.15,59.02,72.56,1.21,58.05,1.02,58.95,0.67
2024-04-07,13:45,April,Summer,V-Shape,77,764.97,40.02,58.14,72.83,1.17,58.27,0.98,56.92,0.67
2024-04-07,14:00,April,Summer,V-Shape,77,735.35,39.89,57.27,73.11,1.12,58.49,0.94,54.88,0.67
2024-04-07,14:15,April,Summer,V-Shape,77,680.38,39.61,55.62,73.63,1.03,58.91,0.87,51.06,0.67
2024-04-07,14:30,April,Summer,V-Shape,77,625.41,39.33,53.97,74.16,0.95,59.33,0.8,47.19,0.67
2024-04-07,14:45,April,Summer,V-Shape,77,570.44,39.05,52.31,74.68,0.86,59.74,0.72,43.28,0.67
2024-04-07,15:00,April,Summer,V-Shape,77,515.47,38.77,50.66,75.2,0.78,60.16,0.65,39.32,0.67
2024-04-07,15:15,April,Summer,V-Shape,77,452.73,38.33,48.64,75.84,0.68,60.67,0.57,34.76,0.67
2024-04-07,15:30,April,Summer,V-Shape,77,390.0,37.88,46.63,76.48,0.59,61.18,0.49,30.13,0.67
2024-04-07,15:45,April,Summer,V-Shape,77,327.26,37.44,44.62,77.12,0.49,61.69,0.41,25.45,0.67
2024-04-07,16:00,April,Summer,V-Shape,77,264.53,36.99,42.6,77.75,0.4,62.2,0.33,20.7,0.67
2024-04-07,16:15,April,Summer,V-Shape,77,211.28,36.39,40.67,78.37,0.32,62.69,0.27,16.63,0.67
2024-04-07,16:30,April,Summer,V-Shape,77,158.04,35.78,38.74,78.98,0.24,63.18,0.2,12.51,0.67
2024-04-07,16:45,April,Summer,V-Shape,77,104.8,35.18,36.8,79.59,0.16,63.67,0.13,8.35,0.67
2024-04-07,17:00,April,Summer,V-Shape,77,51.56,34.58,34.87,80.2,0.08,64.16,0.06,4.13,0.67
2024-04-07,17:15,April,Summer,V-Shape,77,38.67,34.02,33.99,80.48,0.06,64.39,0.05,3.11,0.67
2024-04-07,17:30,April,Summer,V-Shape,77,25.78,33.46,33.1,80.76,0.04,64.61,0.03,2.08,0.67
2024-04-07,17:45,April,Summer,V-Shape,77,12.89,32.9,32.22,81.04,0.02,64.83,0.02,1.04,0.67
2024-04-08,05:15,April,Summer,V-Shape,77,27.68,27.49,27.18,82.64,0.04,66.11,0.03,2.27,0.67
2024-04-08,05:30,April,Summer,V-Shape,77,55.36,27.91,28.3,82.28,0.08,65.83,0.07,4.52,0.67
2024-04-08,05:45,April,Summer,V-Shape,77,83.04,28.34,29.41,81.93,0.12,65.54,0.1,6.76,0.67
2024-04-08,06:00,April,Summer,V-Shape,77,110.72,28.76,30.53,81.58,0.16,65.26,0.14,8.98,0.67
2024-04-08,06:15,April,Summer,V-Shape,77,161.2,29.4,32.43,80.98,0.24,64.78,0.2,13.0,0.67
2024-04-08,06:30,April,Summer,V-Shape,77,211.68,30.04,34.33,80.37,0.32,64.3,0.26,16.98,0.67
2024-04-08,06:45,April,Summer,V-Shape,77,262.16,30.68,36.23,79.77,0.39,63.82,0.33,20.91,0.67
2024-04-08,07:00,April,Summer,V-Shape,77,312.64,31.32,38.14,79.17,0.47,63.33,0.39,24.8,0.67
2024-04-08,07:15,April,Summer,V-Shape,77,381.06,31.93,40.45,78.43,0.57,62.75,0.48,30.01,0.67
2024-04-08,07:30,April,Summer,V-Shape,77,449.48,32.53,42.77,77.7,0.68,62.16,0.57,35.15,0.67
2024-04-08,07:45,April,Summer,V-Shape,77,517.9,33.14,45.09,76.97,0.78,61.57,0.65,40.21,0.67
2024-04-08,08:00,April,Summer,V-Shape,77,586.32,33.75,47.41,76.23,0.88,60.99,0.74,45.19,0.67
2024-04-08,08:15,April,Summer,V-Shape,77,640.97,34.34,49.36,75.61,0.97,60.49,0.81,49.1,0.67
2024-04-08,08:30,April,Summer,V-Shape,77,695.62,34.93,51.32,74.99,1.05,59.99,0.88,52.95,0.67
2024-04-08,08:45,April,Summer,V-Shape,77,750.28,35.52,53.28,74.37,1.14,59.5,0.95,56.74,0.67
2024-04-08,09:00,April,Summer,V-Shape,77,804.93,36.11,55.23,73.75,1.22,59.0,1.03,60.48,0.67
2024-04-08,09:15,April,Summer,V-Shape,77,839.24,36.62,56.61,73.32,1.28,58.66,1.07,62.77,0.67
2024-04-08,09:30,April,Summer,V-Shape,77,873.55,37.14,57.98,72.89,1.33,58.31,1.12,65.04,0.67
2024-04-08,09:45,April,Summer,V-Shape,77,907.86,37.66,59.35,72.45,1.39,57.96,1.16,67.28,0.67
2024-04-08,10:00,April,Summer,V-Shape,77,942.16,38.17,60.72,72.02,1.44,57.61,1.21,69.5,0.67
2024-04-08,10:15,April,Summer,V-Shape,77,965.15,38.55,61.67,71.72,1.48,57.37,1.24,70.96,0.67
2024-04-08,10:30,April,Summer,V-Shape,77,988.13,38.92,62.62,71.41,1.51,57.13,1.27,72.41,0.67
2024-04-08,10:45,April,Summer,V-Shape,77,1011.11,39.3,63.57,71.11,1.55,56.89,1.3,73.85,0.67
2024-04-08,11:00,April,Summer,V-Shape,77,1034.09,39.67,64.52,70.81,1.59,56.65,1.33,75.28,0.67
2024-04-08,11:15,April,Summer,V-Shape,77,1024.83,39.87,64.49,70.82,1.57,56.66,1.32,74.61,0.67
2024-04-08,11:30,April,Summer,V-Shape,77,1015.58,40.06,64.45,70.84,1.56,56.67,1.3,73.95,0.67
2024-04-08,11:45,April,Summer,V-Shape,77,1006.32,40.26,64.41,70.85,1.54,56.68,1.29,73.28,0.67
2024-04-08,12:00,April,Summer,V-Shape,77,997.06,40.45,64.38,70.86,1.53,56.69,1.28,72.62,0.67
2024-04-08,12:15,April,Summer,V-Shape,77,955.33,40.49,63.37,71.18,1.46,56.94,1.23,69.82,0.67
2024-04-08,12:30,April,Summer,V-Shape,77,913.61,40.53,62.37,71.49,1.4,57.2,1.17,67.01,0.67
2024-04-08,12:45,April,Summer,V-Shape,77,871.88,40.57,61.37,71.81,1.33,57.45,1.12,64.17,0.67
2024-04-08,13:00,April,Summer,V-Shape,77,830.15,40.61,60.36,72.13,1.27,57.7,1.06,61.31,0.67
2024-04-08,13:15,April,Summer,V-Shape,77,802.8,40.46,59.53,72.4,1.23,57.92,1.03,59.46,0.67
2024-04-08,13:30,April,Summer,V-Shape,77,775.45,40.3,58.69,72.66,1.18,58.13,0.99,57.6,0.67
2024-04-08,13:45,April,Summer,V-Shape,77,748.09,40.15,57.85,72.92,1.14,58.34,0.96,55.72,0.67
2024-04-08,14:00,April,Summer,V-Shape,77,720.74,40.0,57.02,73.19,1.1,58.55,0.92,53.84,0.67
2024-04-08,14:15,April,Summer,V-Shape,77,664.64,39.66,55.27,73.74,1.01,58.99,0.85,49.94,0.67
2024-04-08,14:30,April,Summer,V-Shape,77,608.54,39.31,53.52,74.3,0.92,59.44,0.77,45.99,0.67
2024-04-08,14:45,April,Summer,V-Shape,77,552.44,38.96,51.78,74.85,0.84,59.88,0.7,41.99,0.67
2024-04-08,15:00,April,Summer,V-Shape,77,496.34,38.62,50.03,75.4,0.75,60.32,0.63,37.94,0.67
2024-04-08,15:15,April,Summer,V-Shape,77,434.36,38.09,47.95,76.06,0.66,60.85,0.55,33.42,0.67
2024-04-08,15:30,April,Summer,V-Shape,77,372.39,37.56,45.87,76.72,0.56,61.37,0.47,28.84,0.67
2024-04-08,15:45,April,Summer,V-Shape,77,310.42,37.04,43.8,77.38,0.47,61.9,0.39,24.2,0.67
2024-04-08,16:00,April,Summer,V-Shape,77,248.45,36.51,41.72,78.03,0.37,62.43,0.31,19.49,0.67
2024-04-08,16:15,April,Summer,V-Shape,77,198.96,35.84,39.81,78.64,0.3,62.91,0.25,15.7,0.67
2024-04-08,16:30,April,Summer,V-Shape,77,149.48,35.16,37.9,79.24,0.22,63.39,0.19,11.86,0.67
2024-04-08,16:45,April,Summer,V-Shape,77,99.99,34.49,35.99,79.85,0.15,63.88,0.12,7.98,0.67
2024-04-08,17:00,April,Summer,V-Shape,77,50.51,33.82,34.08,80.45,0.08,64.36,0.06,4.05,0.67
2024-04-08,17:15,April,Summer,V-Shape,77,37.88,33.31,33.26,80.71,0.06,64.57,0.05,3.05,0.67
2024-04-08,17:30,April,Summer,V-Shape,77,25.25,32.8,32.44,80.97,0.04,64.78,0.03,2.04,0.67
2024-04-08,17:45,April,Summer,V-Shape,77,12.63,32.3,31.61,81.23,0.02,64.99,0.02,1.02,0.67
2024-04-09,05:15,April,Summer,V-Shape,77,25.65,26.98,26.62,82.81,0.04,66.25,0.03,2.1,0.67
2024-04-09,05:30,April,Summer,V-Shape,77,51.29,27.33,27.61,82.5,0.08,66.0,0.06,4.2,0.67
2024-04-09,05:45,April,Summer,V-Shape,77,76.94,27.68,28.6,82.19,0.11,65.75,0.1,6.28,0.67
2024-04-09,06:00,April,Summer,V-Shape,77,102.59,28.03,29.59,81.87,0.15,65.5,0.13,8.34,0.67
2024-04-09,06:15,April,Summer,V-Shape,77,154.25,28.71,31.56,81.25,0.23,65.0,0.19,12.47,0.67
2024-04-09,06:30,April,Summer,V-Shape,77,205.91,29.38,33.53,80.63,0.31,64.5,0.26,16.56,0.67
2024-04-09,06:45,April,Summer,V-Shape,77,257.56,30.06,35.5,80.0,0.38,64.0,0.32,20.59,0.67
2024-04-09,07:00,April,Summer,V-Shape,77,309.23,30.74,37.47,79.38,0.46,63.5,0.39,24.58,0.67
2024-04-09,07:15,April,Summer,V-Shape,77,358.2,31.4,39.36,78.78,0.54,63.03,0.45,28.31,0.67
2024-04-09,07:30,April,Summer,V-Shape,77,407.18,32.06,41.24,78.18,0.61,62.55,0.51,31.99,0.67
2024-04-09,07:45,April,Summer,V-Shape,77,456.16,32.73,43.13,77.59,0.69,62.07,0.57,35.63,0.67
2024-04-09,08:00,April,Summer,V-Shape,77,505.13,33.39,45.02,76.99,0.76,61.59,0.64,39.23,0.67
2024-04-09,08:15,April,Summer,V-Shape,77,551.92,33.99,46.79,76.43,0.83,61.14,0.7,42.62,0.67
2024-04-09,08:30,April,Summer,V-Shape,77,598.72,34.59,48.56,75.87,0.9,60.69,0.76,45.98,0.67
2024-04-09,08:45,April,Summer,V-Shape,77,645.51,35.19,50.33,75.31,0.98,60.25,0.82,49.29,0.67
2024-04-09,09:00,April,Summer,V-Shape,77,692.3,35.79,52.1,74.75,1.05,59.8,0.88,52.56,0.67
2024-04-09,09:15,April,Summer,V-Shape,77,736.77,36.28,53.7,74.24,1.12,59.39,0.94,55.64,0.67
2024-04-09,09:30,April,Summer,V-Shape,77,781.24,36.78,55.31,73.73,1.19,58.98,1.0,58.69,0.67
2024-04-09,09:45,April,Summer,V-Shape,77,825.71,37.28,56.92,73.22,1.26,58.58,1.05,61.7,0.67
2024-04-09,10:00,April,Summer,V-Shape,77,870.19,37.77,58.52,72.71,1.33,58.17,1.11,64.67,0.67
2024-04-09,10:15,April,Summer,V-Shape,77,912.46,38.12,59.94,72.27,1.39,57.81,1.17,67.49,0.67
2024-04-09,10:30,April,Summer,V-Shape,77,954.73,38.48,61.35,71.82,1.46,57.45,1.22,70.27,0.67
2024-04-09,10:45,April,Summer,V-Shape,77,997.0,38.84,62.76,71.37,1.53,57.1,1.28,73.03,0.67
2024-04-09,11:00,April,Summer,V-Shape,77,1039.27,39.19,64.17,70.92,1.59,56.74,1.34,75.75,0.67
2024-04-09,11:15,April,Summer,V-Shape,77,1030.13,39.39,64.15,70.93,1.58,56.75,1.32,75.09,0.67
2024-04-09,11:30,April,Summer,V-Shape,77,1020.98,39.59,64.12,70.94,1.57,56.75,1.31,74.43,0.67
2024-04-09,11:45,April,Summer,V-Shape,77,1011.84,39.8,64.09,70.95,1.55,56.76,1.3,73.77,0.67
2024-04-09,12:00,April,Summer,V-Shape,77,1002.7,40.0,64.07,70.96,1.54,56.77,1.29,73.11,0.67
2024-04-09,12:15,April,Summer,V-Shape,77,973.06,40.04,63.37,71.18,1.49,56.94,1.25,71.12,0.67
2024-04-09,12:30,April,Summer,V-Shape,77,943.43,40.08,62.67,71.4,1.44,57.12,1.21,69.12,0.67
2024-04-09,12:45,April,Summer,V-Shape,77,913.79,40.12,61.96,71.62,1.4,57.3,1.17,67.12,0.67
2024-04-09,13:00,April,Summer,V-Shape,77,884.15,40.16,61.26,71.85,1.35,57.48,1.13,65.1,0.67
2024-04-09,13:15,April,Summer,V-Shape,77,847.79,40.02,60.22,72.18,1.3,57.74,1.08,62.64,0.67
2024-04-09,13:30,April,Summer,V-Shape,77,811.43,39.89,59.18,72.51,1.24,58.01,1.04,60.17,0.67
2024-04-09,13:45,April,Summer,V-Shape,77,775.07,39.75,58.13,72.84,1.18,58.27,0.99,57.68,0.67
2024-04-09,14:00,April,Summer,V-Shape,77,738.71,39.62,57.09,73.17,1.13,58.53,0.94,55.17,0.67
2024-04-09,14:15,April,Summer,V-Shape,77,690.02,39.33,55.58,73.64,1.05,58.92,0.88,51.79,0.67
2024-04-09,14:30,April,Summer,V-Shape,77,641.33,39.04,54.07,74.12,0.97,59.3,0.82,48.38,0.67
2024-04-09,14:45,April,Summer,V-Shape,77,592.64,38.75,52.57,74.6,0.9,59.68,0.75,44.93,0.67
2024-04-09,15:00,April,Summer,V-Shape,77,543.95,38.46,51.06,75.08,0.82,60.06,0.69,41.44,0.67
2024-04-09,15:15,April,Summer,V-Shape,77,478.56,38.02,48.98,75.74,0.72,60.59,0.61,36.7,0.67
2024-04-09,15:30,April,Summer,V-Shape,77,413.18,37.57,46.9,76.39,0.62,61.11,0.52,31.9,0.67
2024-04-09,15:45,April,Summer,V-Shape,77,347.79,37.12,44.82,77.05,0.52,61.64,0.44,27.03,0.67
2024-04-09,16:00,April,Summer,V-Shape,77,282.4,36.68,42.74,77.71,0.42,62.17,0.36,22.09,0.67
2024-04-09,16:15,April,Summer,V-Shape,77,225.99,36.14,40.79,78.33,0.34,62.66,0.28,17.78,0.67
2024-04-09,16:30,April,Summer,V-Shape,77,169.58,35.61,38.85,78.94,0.25,63.15,0.21,13.42,0.67
2024-04-09,16:45,April,Summer,V-Shape,77,113.16,35.08,36.9,79.56,0.17,63.65,0.14,9.01,0.67
2024-04-09,17:00,April,Summer,V-Shape,77,56.75,34.54,34.96,80.17,0.08,64.14,0.07,4.54,0.67
2024-04-09,17:15,April,Summer,V-Shape,77,42.56,34.09,34.15,80.43,0.06,64.34,0.05,3.42,0.67
2024-04-09,17:30,April,Summer,V-Shape,77,28.38,33.63,33.34,80.69,0.04,64.55,0.04,2.28,0.67
2024-04-09,17:45,April,Summer,V-Shape,77,14.19,33.17,32.53,80.94,0.02,64.75,0.02,1.14,0.67
2024-04-10,05:15,April,Summer,V-Shape,77,24.63,26.05,25.66,83.12,0.04,66.5,0.03,2.03,0.67
2024-04-10,05:30,April,Summer,V-Shape,77,49.26,26.36,26.59,82.82,0.07,66.26,0.06,4.04,0.67
2024-04-10,05:45,April,Summer,V-Shape,77,73.88,26.67,27.52,82.53,0.11,66.02,0.09,6.05,0.67
2024-04-10,06:00,April,Summer,V-Shape,77,98.51,26.99,28.45,82.23,0.15,65.79,0.12,8.04,0.67
2024-04-10,06:15,April,Summer,V-Shape,77,149.45,27.59,30.33,81.64,0.22,65.31,0.19,12.13,0.67
2024-04-10,06:30,April,Summer,V-Shape,77,200.39,28.2,32.21,81.05,0.3,64.84,0.25,16.18,0.67
2024-04-10,06:45,April,Summer,V-Shape,77,251.33,28.8,34.09,80.45,0.37,64.36,0.31,20.18,0.67
2024-04-10,07:00,April,Summer,V-Shape,77,302.27,29.41,35.97,79.86,0.45,63.88,0.38,24.13,0.67
2024-04-10,07:15,April,Summer,V-Shape,77,355.41,30.15,38.03,79.2,0.53,63.36,0.45,28.2,0.67
2024-04-10,07:30,April,Summer,V-Shape,77,408.54,30.88,40.1,78.55,0.61,62.84,0.51,32.21,0.67
2024-04-10,07:45,April,Summer,V-Shape,77,461.68,31.62,42.16,77.89,0.69,62.31,0.58,36.17,0.67
2024-04-10,08:00,April,Summer,V-Shape,77,514.82,32.36,44.23,77.24,0.77,61.79,0.65,40.08,0.67
2024-04-10,08:15,April,Summer,V-Shape,77,574.29,33.02,46.38,76.56,0.87,61.25,0.73,44.41,0.67
2024-04-10,08:30,April,Summer,V-Shape,77,633.77,33.69,48.53,75.88,0.96,60.7,0.8,48.67,0.67
2024-04-10,08:45,April,Summer,V-Shape,77,693.25,34.36,50.69,75.19,1.05,60.16,0.88,52.87,0.67
2024-04-10,09:00,April,Summer,V-Shape,77,752.72,35.02,52.84,74.51,1.14,59.61,0.96,57.01,0.67
2024-04-10,09:15,April,Summer,V-Shape,77,799.99,35.55,54.54,73.97,1.22,59.18,1.02,60.25,0.67
2024-04-10,09:30,April,Summer,V-Shape,77,847.26,36.07,56.25,73.43,1.29,58.75,1.08,63.45,0.67
2024-04-10,09:45,April,Summer,V-Shape,77,894.53,36.59,57.96,72.89,1.36,58.31,1.14,66.61,0.67
2024-04-10,10:00,April,Summer,V-Shape,77,941.8,37.12,59.66,72.35,1.44,57.88,1.2,69.72,0.67
2024-04-10,10:15,April,Summer,V-Shape,77,971.84,37.52,60.81,71.99,1.49,57.59,1.24,71.66,0.67
2024-04-10,10:30,April,Summer,V-Shape,77,1001.88,37.91,61.96,71.63,1.53,57.3,1.28,73.59,0.67
2024-04-10,10:45,April,Summer,V-Shape,77,1031.93,38.3,63.1,71.26,1.58,57.01,1.32,75.49,0.67
2024-04-10,11:00,April,Summer,V-Shape,77,1061.97,38.7,64.25,70.9,1.63,56.72,1.36,77.38,0.67
2024-04-10,11:15,April,Summer,V-Shape,77,1053.02,38.95,64.28,70.89,1.62,56.71,1.35,76.72,0.67
2024-04-10,11:30,April,Summer,V-Shape,77,1044.07,39.21,64.31,70.88,1.6,56.7,1.34,76.06,0.67
2024-04-10,11:45,April,Summer,V-Shape,77,1035.12,39.47,64.34,70.87,1.59,56.7,1.33,75.4,0.67
2024-04-10,12:00,April,Summer,V-Shape,77,1026.16,39.72,64.37,70.86,1.57,56.69,1.32,74.74,0.67
2024-04-10,12:15,April,Summer,V-Shape,77,1004.21,39.82,63.93,71.0,1.54,56.8,1.29,73.26,0.67
2024-04-10,12:30,April,Summer,V-Shape,77,982.26,39.92,63.48,71.14,1.51,56.91,1.26,71.77,0.67
2024-04-10,12:45,April,Summer,V-Shape,77,960.31,40.03,63.04,71.28,1.47,57.03,1.23,70.27,0.67
2024-04-10,13:00,April,Summer,V-Shape,77,938.35,40.13,62.59,71.43,1.44,57.14,1.2,68.77,0.67
2024-04-10,13:15,April,Summer,V-Shape,77,897.07,40.07,61.5,71.77,1.37,57.42,1.15,65.99,0.67
2024-04-10,13:30,April,Summer,V-Shape,77,855.79,40.01,60.4,72.12,1.31,57.69,1.1,63.19,0.67
2024-04-10,13:45,April,Summer,V-Shape,77,814.5,39.95,59.31,72.46,1.24,57.97,1.04,60.37,0.67
2024-04-10,14:00,April,Summer,V-Shape,77,773.22,39.89,58.22,72.81,1.18,58.25,0.99,57.52,0.67
2024-04-10,14:15,April,Summer,V-Shape,77,716.07,39.65,56.55,73.34,1.09,58.67,0.91,53.57,0.67
2024-04-10,14:30,April,Summer,V-Shape,77,658.93,39.41,54.88,73.87,1.0,59.09,0.84,49.57,0.67
2024-04-10,14:45,April,Summer,V-Shape,77,601.78,39.17,53.21,74.39,0.91,59.52,0.76,45.52,0.67
2024-04-10,15:00,April,Summer,V-Shape,77,544.64,38.93,51.55,74.92,0.83,59.94,0.69,41.42,0.67
2024-04-10,15:15,April,Summer,V-Shape,77,479.35,38.52,49.5,75.57,0.72,60.46,0.61,36.7,0.67
2024-04-10,15:30,April,Summer,V-Shape,77,414.07,38.11,47.46,76.22,0.62,60.97,0.52,31.91,0.67
2024-04-10,15:45,April,Summer,V-Shape,77,348.78,37.7,45.42,76.86,0.53,61.49,0.44,27.05,0.67
2024-04-10,16:00,April,Summer,V-Shape,77,283.5,37.29,43.38,77.51,0.43,62.01,0.36,22.13,0.67
2024-04-10,16:15,April,Summer,V-Shape,77,226.83,36.71,41.38,78.14,0.34,62.51,0.28,17.82,0.67
2024-04-10,16:30,April,Summer,V-Shape,77,170.16,36.12,39.38,78.77,0.25,63.02,0.21,13.45,0.67
2024-04-10,16:45,April,Summer,V-Shape,77,113.49,35.54,37.38,79.41,0.17,63.53,0.14,9.02,0.67
2024-04-10,17:00,April,Summer,V-Shape,77,56.83,34.96,35.38,80.04,0.08,64.03,0.07,4.54,0.67
2024-04-10,17:15,April,Summer,V-Shape,77,42.62,34.4,34.47,80.33,0.06,64.26,0.05,3.42,0.67
2024-04-10,17:30,April,Summer,V-Shape,77,28.41,33.84,33.56,80.62,0.04,64.5,0.04,2.28,0.67
2024-04-10,17:45,April,Summer,V-Shape,77,14.21,33.29,32.64,80.91,0.02,64.73,0.02,1.15,0.67
2024-04-11,05:15,April,Summer,V-Shape,77,26.04,27.1,26.75,82.77,0.04,66.22,0.03,2.14,0.67
2024-04-11,05:30,April,Summer,V-Shape,77,52.08,27.38,27.69,82.48,0.08,65.98,0.06,4.26,0.67
2024-04-11,05:45,April,Summer,V-Shape,77,78.12,27.67,28.63,82.18,0.12,65.74,0.1,6.37,0.67
2024-04-11,06:00,April,Summer,V-Shape,77,104.16,27.96,29.56,81.88,0.15,65.51,0.13,8.47,0.67
2024-04-11,06:15,April,Summer,V-Shape,77,159.06,28.57,31.55,81.26,0.24,65.0,0.2,12.86,0.67
2024-04-11,06:30,April,Summer,V-Shape,77,213.95,29.18,33.53,80.63,0.32,64.5,0.27,17.2,0.67
2024-04-11,06:45,April,Summer,V-Shape,77,268.85,29.79,35.51,80.0,0.4,64.0,0.34,21.49,0.67
2024-04-11,07:00,April,Summer,V-Shape,77,323.75,30.4,37.49,79.37,0.48,63.5,0.41,25.73,0.67
2024-04-11,07:15,April,Summer,V-Shape,77,374.42,31.06,39.42,78.76,0.56,63.01,0.47,29.58,0.67
2024-04-11,07:30,April,Summer,V-Shape,77,425.1,31.72,41.35,78.15,0.64,62.52,0.53,33.39,0.67
2024-04-11,07:45,April,Summer,V-Shape,77,475.77,32.38,43.27,77.54,0.72,62.03,0.6,37.15,0.67
2024-04-11,08:00,April,Summer,V-Shape,77,526.45,33.04,45.2,76.93,0.79,61.55,0.66,40.86,0.67
2024-04-11,08:15,April,Summer,V-Shape,77,564.63,33.67,46.79,76.43,0.85,61.14,0.71,43.61,0.67
2024-04-11,08:30,April,Summer,V-Shape,77,602.81,34.3,48.38,75.93,0.91,60.74,0.76,46.32,0.67
2024-04-11,08:45,April,Summer,V-Shape,77,640.99,34.94,49.96,75.42,0.97,60.34,0.81,49.0,0.67
2024-04-11,09:00,April,Summer,V-Shape,77,679.17,35.57,51.55,74.92,1.03,59.94,0.86,51.66,0.67
2024-04-11,09:15,April,Summer,V-Shape,77,716.29,36.08,52.98,74.47,1.09,59.57,0.91,54.23,0.67
2024-04-11,09:30,April,Summer,V-Shape,77,753.4,36.58,54.42,74.01,1.14,59.21,0.96,56.77,0.67
2024-04-11,09:45,April,Summer,V-Shape,77,790.52,37.09,55.85,73.56,1.2,58.85,1.01,59.28,0.67
2024-04-11,10:00,April,Summer,V-Shape,77,827.63,37.59,57.28,73.11,1.26,58.49,1.06,61.77,0.67
2024-04-11,10:15,April,Summer,V-Shape,77,863.94,37.96,58.56,72.7,1.32,58.16,1.1,64.2,0.67
2024-04-11,10:30,April,Summer,V-Shape,77,900.24,38.33,59.84,72.3,1.38,57.84,1.15,66.61,0.67
2024-04-11,10:45,April,Summer,V-Shape,77,936.55,38.7,61.11,71.89,1.43,57.51,1.2,68.99,0.67
2024-04-11,11:00,April,Summer,V-Shape,77,972.86,39.07,62.39,71.49,1.49,57.19,1.25,71.35,0.67
2024-04-11,11:15,April,Summer,V-Shape,77,943.57,39.3,61.88,71.65,1.44,57.32,1.21,69.32,0.67
2024-04-11,11:30,April,Summer,V-Shape,77,914.28,39.52,61.38,71.81,1.4,57.45,1.17,67.29,0.67
2024-04-11,11:45,April,Summer,V-Shape,77,884.99,39.74,60.87,71.97,1.35,57.58,1.13,65.25,0.67
2024-04-11,12:00,April,Summer,V-Shape,77,855.7,39.97,60.36,72.13,1.31,57.7,1.1,63.2,0.67
2024-04-11,12:15,April,Summer,V-Shape,77,850.82,40.03,60.3,72.15,1.3,57.72,1.09,62.85,0.67
2024-04-11,12:30,April,Summer,V-Shape,77,845.93,40.09,60.24,72.17,1.29,57.74,1.08,62.5,0.67
2024-04-11,12:45,April,Summer,V-Shape,77,841.05,40.15,60.18,72.19,1.29,57.75,1.08,62.15,0.67
2024-04-11,13:00,April,Summer,V-Shape,77,836.17,40.21,60.11,72.21,1.28,57.77,1.07,61.81,0.67
2024-04-11,13:15,April,Summer,V-Shape,77,788.64,40.12,58.84,72.61,1.2,58.09,1.01,58.55,0.67
2024-04-11,13:30,April,Summer,V-Shape,77,741.11,40.03,57.56,73.02,1.13,58.41,0.95,55.26,0.67
2024-04-11,13:45,April,Summer,V-Shape,77,693.57,39.95,56.29,73.42,1.06,58.74,0.88,51.93,0.67
2024-04-11,14:00,April,Summer,V-Shape,77,646.04,39.86,55.01,73.83,0.98,59.06,0.82,48.58,0.67
2024-04-11,14:15,April,Summer,V-Shape,77,593.44,39.63,53.47,74.31,0.9,59.45,0.75,44.85,0.67
2024-04-11,14:30,April,Summer,V-Shape,77,540.83,39.4,51.92,74.8,0.82,59.84,0.69,41.09,0.67
2024-04-11,14:45,April,Summer,V-Shape,77,488.23,39.17,50.38,75.29,0.74,60.23,0.62,37.28,0.67
2024-04-11,15:00,April,Summer,V-Shape,77,435.62,38.94,48.83,75.78,0.66,60.63,0.55,33.42,0.67
2024-04-11,15:15,April,Summer,V-Shape,77,380.31,38.56,47.07,76.34,0.57,61.07,0.48,29.34,0.67
2024-04-11,15:30,April,Summer,V-Shape,77,324.99,38.17,45.3,76.9,0.49,61.52,0.41,25.22,0.67
2024-04-11,15:45,April,Summer,V-Shape,77,269.67,37.79,43.53,77.46,0.41,61.97,0.34,21.04,0.67
2024-04-11,16:00,April,Summer,V-Shape,77,214.36,37.41,41.77,78.02,0.32,62.41,0.27,16.82,0.67
2024-04-11,16:15,April,Summer,V-Shape,77,171.0,36.86,40.13,78.54,0.26,62.83,0.21,13.48,0.67
2024-04-11,16:30,April,Summer,V-Shape,77,127.64,36.31,38.5,79.05,0.19,63.24,0.16,10.11,0.67
2024-04-11,16:45,April,Summer,V-Shape,77,84.28,35.76,36.87,79.57,0.13,63.66,0.11,6.71,0.67
2024-04-11,17:00,April,Summer,V-Shape,77,40.92,35.21,35.23,80.09,0.06,64.07,0.05,3.27,0.67
2024-04-11,17:15,April,Summer,V-Shape,77,30.69,34.66,34.42,80.34,0.05,64.27,0.04,2.46,0.67
2024-04-11,17:30,April,Summer,V-Shape,77,20.46,34.11,33.62,80.6,0.03,64.48,0.03,1.64,0.67
2024-04-11,17:45,April,Summer,V-Shape,77,10.23,33.55,32.81,80.86,0.02,64.68,0.01,0.82,0.67
2024-04-12,05:15,April,Summer,V-Shape,77,19.9,27.06,26.56,82.83,0.03,66.27,0.02,1.63,0.67
2024-04-12,05:30,April,Summer,V-Shape,77,39.81,27.29,27.28,82.61,0.06,66.08,0.05,3.26,0.67
2024-04-12,05:45,April,Summer,V-Shape,77,59.71,27.51,28.0,82.38,0.09,65.9,0.07,4.88,0.67
2024-04-12,06:00,April,Summer,V-Shape,77,79.61,27.73,28.72,82.15,0.12,65.72,0.1,6.49,0.67
2024-04-12,06:15,April,Summer,V-Shape,77,120.25,28.26,30.26,81.66,0.18,65.33,0.15,9.76,0.67
2024-04-12,06:30,April,Summer,V-Shape,77,160.88,28.79,31.81,81.17,0.24,64.94,0.2,13.0,0.67
2024-04-12,06:45,April,Summer,V-Shape,77,201.52,29.31,33.35,80.68,0.3,64.55,0.25,16.21,0.67
2024-04-12,07:00,April,Summer,V-Shape,77,242.15,29.84,34.89,80.2,0.36,64.16,0.3,19.39,0.67
2024-04-12,07:15,April,Summer,V-Shape,77,289.34,30.45,36.68,79.63,0.43,63.7,0.36,23.05,0.67
2024-04-12,07:30,April,Summer,V-Shape,77,336.54,31.05,38.47,79.06,0.5,63.25,0.42,26.67,0.67
2024-04-12,07:45,April,Summer,V-Shape,77,383.73,31.66,40.26,78.5,0.58,62.8,0.48,30.24,0.67
2024-04-12,08:00,April,Summer,V-Shape,77,430.92,32.27,42.04,77.93,0.65,62.35,0.54,33.78,0.67
2024-04-12,08:15,April,Summer,V-Shape,77,452.55,32.79,43.11,77.59,0.68,62.08,0.57,35.36,0.67
2024-04-12,08:30,April,Summer,V-Shape,77,474.18,33.31,44.17,77.26,0.71,61.81,0.6,36.92,0.67
2024-04-12,08:45,April,Summer,V-Shape,77,495.81,33.84,45.23,76.92,0.75,61.54,0.63,38.48,0.67
2024-04-12,09:00,April,Summer,V-Shape,77,517.44,34.36,46.3,76.58,0.78,61.27,0.65,40.02,0.67
2024-04-12,09:15,April,Summer,V-Shape,77,558.88,34.77,47.74,76.13,0.84,60.9,0.71,43.03,0.67
2024-04-12,09:30,April,Summer,V-Shape,77,600.32,35.17,49.18,75.67,0.91,60.54,0.76,46.01,0.67
2024-04-12,09:45,April,Summer,V-Shape,77,641.76,35.58,50.63,75.21,0.97,60.17,0.81,48.96,0.67
2024-04-12,10:00,April,Summer,V-Shape,77,683.2,35.99,52.07,74.76,1.04,59.81,0.87,51.88,0.67
2024-04-12,10:15,April,Summer,V-Shape,77,710.78,36.25,53.02,74.46,1.08,59.56,0.9,53.8,0.67
2024-04-12,10:30,April,Summer,V-Shape,77,738.35,36.51,53.97,74.16,1.12,59.32,0.94,55.71,0.67
2024-04-12,10:45,April,Summer,V-Shape,77,765.93,36.77,54.92,73.85,1.16,59.08,0.98,57.61,0.67
2024-04-12,11:00,April,Summer,V-Shape,77,793.51,37.03,55.87,73.55,1.21,58.84,1.01,59.5,0.67
2024-04-12,11:15,April,Summer,V-Shape,77,759.78,37.1,55.1,73.8,1.16,59.04,0.97,57.12,0.67
2024-04-12,11:30,April,Summer,V-Shape,77,726.06,37.17,54.33,74.04,1.1,59.23,0.92,54.72,0.67
2024-04-12,11:45,April,Summer,V-Shape,77,692.34,37.25,53.56,74.29,1.05,59.43,0.88,52.31,0.67
2024-04-12,12:00,April,Summer,V-Shape,77,658.61,37.32,52.79,74.53,1.0,59.62,0.84,49.89,0.67
2024-04-12,12:15,April,Summer,V-Shape,77,579.78,37.27,50.76,75.17,0.88,60.14,0.74,44.21,0.67
2024-04-12,12:30,April,Summer,V-Shape,77,500.94,37.21,48.73,75.81,0.76,60.65,0.63,38.45,0.67
2024-04-12,12:45,April,Summer,V-Shape,77,422.1,37.16,46.71,76.45,0.64,61.16,0.53,32.61,0.67
2024-04-12,13:00,April,Summer,V-Shape,77,343.27,37.1,44.68,77.1,0.52,61.68,0.43,26.69,0.67
2024-04-12,13:15,April,Summer,V-Shape,77,317.07,36.94,43.86,77.36,0.48,61.88,0.4,24.71,0.67
2024-04-12,13:30,April,Summer,V-Shape,77,290.87,36.77,43.04,77.62,0.44,62.09,0.37,22.73,0.67
2024-04-12,13:45,April,Summer,V-Shape,77,264.67,36.6,42.22,77.87,0.4,62.3,0.33,20.73,0.67
2024-04-12,14:00,April,Summer,V-Shape,77,238.48,36.44,41.4,78.13,0.36,62.51,0.3,18.73,0.67
2024-04-12,14:15,April,Summer,V-Shape,77,240.74,36.16,41.18,78.21,0.36,62.56,0.3,18.92,0.67
2024-04-12,14:30,April,Summer,V-Shape,77,243.0,35.88,40.95,78.28,0.36,62.62,0.31,19.11,0.67
2024-04-12,14:45,April,Summer,V-Shape,77,245.26,35.59,40.72,78.35,0.37,62.68,0.31,19.3,0.67
2024-04-12,15:00,April,Summer,V-Shape,77,247.52,35.31,40.5,78.42,0.37,62.74,0.31,19.49,0.67
2024-04-12,15:15,April,Summer,V-Shape,77,217.11,34.9,39.33,78.79,0.33,63.03,0.27,17.16,0.67
2024-04-12,15:30,April,Summer,V-Shape,77,186.71,34.5,38.16,79.16,0.28,63.33,0.23,14.81,0.67
2024-04-12,15:45,April,Summer,V-Shape,77,156.3,34.09,37.0,79.53,0.23,63.62,0.2,12.44,0.67
2024-04-12,16:00,April,Summer,V-Shape,77,125.9,33.68,35.83,79.9,0.19,63.92,0.16,10.06,0.67
2024-04-12,16:15,April,Summer,V-Shape,77,101.01,33.23,34.75,80.24,0.15,64.19,0.13,8.09,0.67
2024-04-12,16:30,April,Summer,V-Shape,77,76.12,32.77,33.67,80.58,0.11,64.47,0.09,6.12,0.67
2024-04-12,16:45,April,Summer,V-Shape,77,51.24,32.31,32.6,80.92,0.08,64.74,0.06,4.13,0.67
2024-04-12,17:00,April,Summer,V-Shape,77,26.36,31.86,31.52,81.26,0.04,65.01,0.03,2.13,0.67
2024-04-12,17:15,April,Summer,V-Shape,77,19.77,31.44,30.94,81.45,0.03,65.16,0.02,1.6,0.67
2024-04-12,17:30,April,Summer,V-Shape,77,13.18,31.02,30.35,81.63,0.02,65.31,0.02,1.07,0.67
2024-04-12,17:45,April,Summer,V-Shape,77,6.59,30.61,29.77,81.82,0.01,65.45,0.01,0.54,0.67
2024-04-13,05:15,April,Summer,V-Shape,77,22.68,26.89,26.46,82.87,0.03,66.29,0.03,1.86,0.67
2024-04-13,05:30,April,Summer,V-Shape,77,45.36,27.06,27.19,82.63,0.07,66.11,0.06,3.71,0.67
2024-04-13,05:45,April,Summer,V-Shape,77,68.04,27.23,27.93,82.4,0.1,65.92,0.08,5.56,0.67
2024-04-13,06:00,April,Summer,V-Shape,77,90.72,27.39,28.66,82.17,0.13,65.74,0.11,7.4,0.67
2024-04-13,06:15,April,Summer,V-Shape,77,133.6,27.7,30.04,81.73,0.2,65.38,0.17,10.85,0.67
2024-04-13,06:30,April,Summer,V-Shape,77,176.48,28.02,31.43,81.29,0.26,65.03,0.22,14.28,0.67
2024-04-13,06:45,April,Summer,V-Shape,77,219.36,28.34,32.82,80.85,0.33,64.68,0.27,17.68,0.67
2024-04-13,07:00,April,Summer,V-Shape,77,262.24,28.65,34.21,80.41,0.39,64.33,0.33,21.05,0.67
2024-04-13,07:15,April,Summer,V-Shape,77,309.91,29.11,35.86,79.89,0.46,63.91,0.39,24.75,0.67
2024-04-13,07:30,April,Summer,V-Shape,77,357.58,29.56,37.5,79.37,0.53,63.49,0.45,28.42,0.67
2024-04-13,07:45,April,Summer,V-Shape,77,405.25,30.02,39.15,78.85,0.61,63.08,0.51,32.05,0.67
2024-04-13,08:00,April,Summer,V-Shape,77,452.92,30.48,40.8,78.32,0.68,62.66,0.57,35.64,0.67
2024-04-13,08:15,April,Summer,V-Shape,77,491.6,31.03,42.32,77.84,0.74,62.27,0.62,38.5,0.67
2024-04-13,08:30,April,Summer,V-Shape,77,530.28,31.58,43.84,77.36,0.8,61.89,0.67,41.33,0.67
2024-04-13,08:45,April,Summer,V-Shape,77,568.96,32.13,45.35,76.88,0.86,61.51,0.72,44.14,0.67
2024-04-13,09:00,April,Summer,V-Shape,77,607.64,32.68,46.87,76.4,0.92,61.12,0.77,46.91,0.67
2024-04-13,09:15,April,Summer,V-Shape,77,640.0,33.17,48.17,75.99,0.97,60.79,0.81,49.21,0.67
2024-04-13,09:30,April,Summer,V-Shape,77,672.37,33.66,49.46,75.58,1.02,60.47,0.85,51.48,0.67
2024-04-13,09:45,April,Summer,V-Shape,77,704.73,34.14,50.76,75.17,1.07,60.14,0.89,53.74,0.67
2024-04-13,10:00,April,Summer,V-Shape,77,737.1,34.63,52.06,74.76,1.12,59.81,0.94,55.97,0.67
2024-04-13,10:15,April,Summer,V-Shape,77,787.26,34.94,53.62,74.26,1.2,59.41,1.0,59.47,0.67
2024-04-13,10:30,April,Summer,V-Shape,77,837.43,35.26,55.19,73.77,1.27,59.01,1.07,62.94,0.67
2024-04-13,10:45,April,Summer,V-Shape,77,887.59,35.57,56.76,73.27,1.35,58.62,1.13,66.36,0.67
2024-04-13,11:00,April,Summer,V-Shape,77,937.76,35.88,58.32,72.78,1.43,58.22,1.2,69.74,0.67
2024-04-13,11:15,April,Summer,V-Shape,77,921.0,36.07,58.09,72.85,1.4,58.28,1.18,68.55,0.67
2024-04-13,11:30,April,Summer,V-Shape,77,904.25,36.26,57.86,72.92,1.38,58.34,1.15,67.35,0.67
2024-04-13,11:45,April,Summer,V-Shape,77,887.5,36.44,57.63,73.0,1.35,58.4,1.13,66.16,0.67
2024-04-13,12:00,April,Summer,V-Shape,77,870.74,36.63,57.4,73.07,1.33,58.46,1.11,64.96,0.67
2024-04-13,12:15,April,Summer,V-Shape,77,828.32,36.7,56.41,73.38,1.26,58.7,1.06,62.0,0.67
2024-04-13,12:30,April,Summer,V-Shape,77,785.9,36.78,55.43,73.69,1.2,58.95,1.0,59.02,0.67
2024-04-13,12:45,April,Summer,V-Shape,77,743.48,36.86,54.44,74.01,1.13,59.2,0.95,56.01,0.67
2024-04-13,13:00,April,Summer,V-Shape,77,701.05,36.93,53.46,74.32,1.06,59.45,0.89,52.99,0.67
2024-04-13,13:15,April,Summer,V-Shape,77,664.75,36.84,52.46,74.63,1.01,59.71,0.84,50.41,0.67
2024-04-13,13:30,April,Summer,V-Shape,77,628.45,36.76,51.47,74.95,0.95,59.96,0.8,47.81,0.67
2024-04-13,13:45,April,Summer,V-Shape,77,592.15,36.68,50.48,75.26,0.9,60.21,0.75,45.19,0.67
2024-04-13,14:00,April,Summer,V-Shape,77,555.85,36.59,49.49,75.57,0.84,60.46,0.7,42.56,0.67
2024-04-13,14:15,April,Summer,V-Shape,77,500.56,36.38,47.89,76.08,0.76,60.86,0.63,38.52,0.67
2024-04-13,14:30,April,Summer,V-Shape,77,445.28,36.16,46.29,76.59,0.67,61.27,0.56,34.44,0.67
2024-04-13,14:45,April,Summer,V-Shape,77,389.99,35.95,44.69,77.09,0.59,61.67,0.49,30.32,0.67
2024-04-13,15:00,April,Summer,V-Shape,77,334.71,35.73,43.1,77.6,0.5,62.08,0.42,26.15,0.67
2024-04-13,15:15,April,Summer,V-Shape,77,291.09,35.4,41.67,78.05,0.44,62.44,0.37,22.84,0.67
2024-04-13,15:30,April,Summer,V-Shape,77,247.47,35.06,40.25,78.5,0.37,62.8,0.31,19.5,0.67
2024-04-13,15:45,April,Summer,V-Shape,77,203.85,34.73,38.83,78.95,0.31,63.16,0.26,16.14,0.67
2024-04-13,16:00,April,Summer,V-Shape,77,160.23,34.4,37.41,79.4,0.24,63.52,0.2,12.74,0.67
2024-04-13,16:15,April,Summer,V-Shape,77,129.21,33.85,36.09,79.82,0.19,63.85,0.16,10.31,0.67
2024-04-13,16:30,April,Summer,V-Shape,77,98.19,33.31,34.76,80.24,0.15,64.19,0.12,7.87,0.67
2024-04-13,16:45,April,Summer,V-Shape,77,67.16,32.77,33.44,80.65,0.1,64.52,0.08,5.4,0.67
2024-04-13,17:00,April,Summer,V-Shape,77,36.14,32.22,32.12,81.07,0.05,64.86,0.04,2.92,0.67
2024-04-13,17:15,April,Summer,V-Shape,77,27.11,31.72,31.4,81.3,0.04,65.04,0.03,2.19,0.67
2024-04-13,17:30,April,Summer,V-Shape,77,18.07,31.23,30.68,81.53,0.03,65.22,0.02,1.47,0.67
2024-04-13,17:45,April,Summer,V-Shape,77,9.04,30.73,29.95,81.76,0.01,65.41,0.01,0.73,0.67
2024-04-14,05:15,April,Summer,V-Shape,77,28.6,25.96,25.68,83.11,0.04,66.49,0.04,2.35,0.67
2024-04-14,05:30,April,Summer,V-Shape,77,57.21,26.23,26.67,82.8,0.08,66.24,0.07,4.69,0.67
2024-04-14,05:45,April,Summer,V-Shape,77,85.81,26.51,27.65,82.49,0.13,65.99,0.11,7.02,0.67
2024-04-14,06:00,April,Summer,V-Shape,77,114.42,26.78,28.64,82.18,0.17,65.74,0.14,9.33,0.67
2024-04-14,06:15,April,Summer,V-Shape,77,162.69,27.25,30.31,81.65,0.24,65.32,0.2,13.21,0.67
2024-04-14,06:30,April,Summer,V-Shape,77,210.96,27.71,31.99,81.11,0.31,64.89,0.26,17.04,0.67
2024-04-14,06:45,April,Summer,V-Shape,77,259.22,28.18,33.66,80.58,0.39,64.47,0.32,20.84,0.67
2024-04-14,07:00,April,Summer,V-Shape,77,307.49,28.65,35.34,80.05,0.46,64.04,0.38,24.6,0.67
2024-04-14,07:15,April,Summer,V-Shape,77,365.24,29.24,37.38,79.41,0.55,63.53,0.46,29.04,0.67
2024-04-14,07:30,April,Summer,V-Shape,77,422.98,29.84,39.41,78.76,0.63,63.01,0.53,33.42,0.67
2024-04-14,07:45,April,Summer,V-Shape,77,480.73,30.44,41.45,78.12,0.72,62.49,0.6,37.75,0.67
2024-04-14,08:00,April,Summer,V-Shape,77,538.47,31.03,43.49,77.47,0.81,61.98,0.68,42.02,0.67
2024-04-14,08:15,April,Summer,V-Shape,77,588.67,31.55,45.26,76.91,0.89,61.53,0.74,45.68,0.67
2024-04-14,08:30,April,Summer,V-Shape,77,638.86,32.06,47.04,76.35,0.96,61.08,0.81,49.3,0.67
2024-04-14,08:45,April,Summer,V-Shape,77,689.06,32.58,48.81,75.79,1.04,60.63,0.87,52.87,0.67
2024-04-14,09:00,April,Summer,V-Shape,77,739.25,33.1,50.58,75.23,1.12,60.18,0.94,56.4,0.67
2024-04-14,09:15,April,Summer,V-Shape,77,776.63,33.55,51.97,74.79,1.18,59.83,0.99,58.99,0.67
2024-04-14,09:30,April,Summer,V-Shape,77,814.01,34.0,53.35,74.35,1.24,59.48,1.03,61.55,0.67
2024-04-14,09:45,April,Summer,V-Shape,77,851.39,34.45,54.73,73.91,1.29,59.13,1.08,64.08,0.67
2024-04-14,10:00,April,Summer,V-Shape,77,888.77,34.9,56.12,73.47,1.35,58.78,1.13,66.59,0.67
2024-04-14,10:15,April,Summer,V-Shape,77,921.85,35.24,57.29,73.1,1.4,58.48,1.18,68.8,0.67
2024-04-14,10:30,April,Summer,V-Shape,77,954.92,35.58,58.45,72.74,1.46,58.19,1.22,70.98,0.67
2024-04-14,10:45,April,Summer,V-Shape,77,988.0,35.92,59.62,72.37,1.51,57.89,1.26,73.15,0.67
2024-04-14,11:00,April,Summer,V-Shape,77,1021.07,36.26,60.79,72.0,1.56,57.6,1.31,75.3,0.67
2024-04-14,11:15,April,Summer,V-Shape,77,1009.97,36.5,60.75,72.01,1.54,57.61,1.29,74.49,0.67
2024-04-14,11:30,April,Summer,V-Shape,77,998.88,36.74,60.71,72.02,1.53,57.62,1.28,73.68,0.67
2024-04-14,11:45,April,Summer,V-Shape,77,987.78,36.98,60.67,72.03,1.51,57.63,1.26,72.87,0.67
2024-04-14,12:00,April,Summer,V-Shape,77,976.68,37.22,60.64,72.04,1.49,57.63,1.25,72.06,0.67
2024-04-14,12:15,April,Summer,V-Shape,77,942.96,37.34,59.91,72.27,1.44,57.82,1.21,69.75,0.67
2024-04-14,12:30,April,Summer,V-Shape,77,909.24,37.45,59.19,72.5,1.39,58.0,1.16,67.42,0.67
2024-04-14,12:45,April,Summer,V-Shape,77,875.52,37.57,58.46,72.73,1.34,58.19,1.12,65.08,0.67
2024-04-14,13:00,April,Summer,V-Shape,77,841.81,37.69,57.74,72.96,1.28,58.37,1.07,62.73,0.67
2024-04-14,13:15,April,Summer,V-Shape,77,809.87,37.66,56.91,73.22,1.23,58.58,1.03,60.52,0.67
2024-04-14,13:30,April,Summer,V-Shape,77,777.93,37.64,56.09,73.48,1.18,58.79,0.99,58.29,0.67
2024-04-14,13:45,April,Summer,V-Shape,77,745.99,37.62,55.26,73.74,1.13,59.0,0.95,56.05,0.67
2024-04-14,14:00,April,Summer,V-Shape,77,714.05,37.59,54.44,74.01,1.08,59.2,0.91,53.8,0.67
2024-04-14,14:15,April,Summer,V-Shape,77,660.11,37.41,52.91,74.49,1.0,59.59,0.84,49.98,0.67
2024-04-14,14:30,April,Summer,V-Shape,77,606.16,37.23,51.38,74.97,0.92,59.98,0.77,46.13,0.67
2024-04-14,14:45,April,Summer,V-Shape,77,552.22,37.05,49.86,75.46,0.84,60.37,0.7,42.23,0.67
2024-04-14,15:00,April,Summer,V-Shape,77,498.28,36.87,48.33,75.94,0.75,60.75,0.63,38.29,0.67
2024-04-14,15:15,April,Summer,V-Shape,77,438.4,36.53,46.49,76.52,0.66,61.22,0.55,33.89,0.67
2024-04-14,15:30,April,Summer,V-Shape,77,378.53,36.19,44.65,77.1,0.57,61.68,0.48,29.43,0.67
2024-04-14,15:45,April,Summer,V-Shape,77,318.65,35.85,42.82,77.69,0.48,62.15,0.4,24.92,0.67
2024-04-14,16:00,April,Summer,V-Shape,77,258.77,35.51,40.98,78.27,0.39,62.61,0.32,20.35,0.67
2024-04-14,16:15,April,Summer,V-Shape,77,207.16,34.88,39.06,78.88,0.31,63.1,0.26,16.39,0.67
2024-04-14,16:30,April,Summer,V-Shape,77,155.55,34.25,37.14,79.48,0.23,63.59,0.19,12.37,0.67
2024-04-14,16:45,April,Summer,V-Shape,77,103.93,33.63,35.23,80.09,0.15,64.07,0.13,8.32,0.67
2024-04-14,17:00,April,Summer,V-Shape,77,52.32,33.0,33.31,80.7,0.08,64.56,0.07,4.21,0.67
2024-04-14,17:15,April,Summer,V-Shape,77,39.24,32.47,32.45,80.97,0.06,64.78,0.05,3.17,0.67
2024-04-14,17:30,April,Summer,V-Shape,77,26.16,31.94,31.59,81.24,0.04,64.99,0.03,2.12,0.67
2024-04-14,17:45,April,Summer,V-Shape,77,13.08,31.4,30.73,81.51,0.02,65.21,0.02,1.06,0.67
2024-04-15,05:15,April,Summer,V-Shape,77,30.16,25.79,25.54,83.16,0.04,66.52,0.04,2.48,0.67
2024-04-15,05:30,April,Summer,V-Shape,77,60.32,26.03,26.54,82.84,0.09,66.27,0.07,4.95,0.67
2024-04-15,05:45,April,Summer,V-Shape,77,90.48,26.27,27.53,82.53,0.13,66.02,0.11,7.4,0.67
2024-04-15,06:00,April,Summer,V-Shape,77,120.65,26.51,28.53,82.21,0.18,65.77,0.15,9.84,0.67
2024-04-15,06:15,April,Summer,V-Shape,77,167.44,26.97,30.16,81.7,0.25,65.36,0.21,13.6,0.67
2024-04-15,06:30,April,Summer,V-Shape,77,214.24,27.43,31.79,81.18,0.32,64.94,0.27,17.32,0.67
2024-04-15,06:45,April,Summer,V-Shape,77,261.03,27.89,33.42,80.66,0.39,64.53,0.33,21.0,0.67
2024-04-15,07:00,April,Summer,V-Shape,77,307.83,28.35,35.05,80.15,0.46,64.12,0.38,24.64,0.67
2024-04-15,07:15,April,Summer,V-Shape,77,364.36,28.98,37.09,79.5,0.54,63.6,0.46,28.99,0.67
2024-04-15,07:30,April,Summer,V-Shape,77,420.89,29.62,39.14,78.85,0.63,63.08,0.53,33.28,0.67
2024-04-15,07:45,April,Summer,V-Shape,77,477.42,30.26,41.19,78.2,0.72,62.56,0.6,37.52,0.67
2024-04-15,08:00,April,Summer,V-Shape,77,533.95,30.89,43.24,77.55,0.8,62.04,0.67,41.7,0.67
2024-04-15,08:15,April,Summer,V-Shape,77,566.39,31.49,44.65,77.11,0.85,61.69,0.71,44.04,0.67
2024-04-15,08:30,April,Summer,V-Shape,77,598.84,32.09,46.06,76.66,0.9,61.33,0.76,46.35,0.67
2024-04-15,08:45,April,Summer,V-Shape,77,631.28,32.68,47.46,76.21,0.95,60.97,0.8,48.65,0.67
2024-04-15,09:00,April,Summer,V-Shape,77,663.73,33.28,48.87,75.77,1.0,60.61,0.84,50.92,0.67
2024-04-15,09:15,April,Summer,V-Shape,77,684.58,33.73,49.85,75.46,1.04,60.37,0.87,52.36,0.67
2024-04-15,09:30,April,Summer,V-Shape,77,705.44,34.19,50.83,75.15,1.07,60.12,0.89,53.78,0.67
2024-04-15,09:45,April,Summer,V-Shape,77,726.3,34.65,51.8,74.84,1.1,59.87,0.92,55.2,0.67
2024-04-15,10:00,April,Summer,V-Shape,77,747.16,35.1,52.78,74.53,1.13,59.63,0.95,56.6,0.67
2024-04-15,10:15,April,Summer,V-Shape,77,756.67,35.41,53.33,74.36,1.15,59.49,0.96,57.22,0.67
2024-04-15,10:30,April,Summer,V-Shape,77,766.17,35.73,53.88,74.18,1.16,59.35,0.97,57.83,0.67
2024-04-15,10:45,April,Summer,V-Shape,77,775.68,36.04,54.43,74.01,1.18,59.21,0.99,58.44,0.67
2024-04-15,11:00,April,Summer,V-Shape,77,785.19,36.35,54.98,73.84,1.19,59.07,1.0,59.05,0.67
2024-04-15,11:15,April,Summer,V-Shape,77,754.06,36.55,54.4,74.02,1.15,59.22,0.96,56.82,0.67
2024-04-15,11:30,April,Summer,V-Shape,77,722.93,36.75,53.82,74.2,1.1,59.36,0.92,54.58,0.67
2024-04-15,11:45,April,Summer,V-Shape,77,691.79,36.94,53.24,74.39,1.05,59.51,0.88,52.33,0.67
2024-04-15,12:00,April,Summer,V-Shape,77,660.66,37.14,52.66,74.57,1.0,59.66,0.84,50.07,0.67
2024-04-15,12:15,April,Summer,V-Shape,77,667.74,37.25,52.94,74.48,1.01,59.59,0.85,50.56,0.67
2024-04-15,12:30,April,Summer,V-Shape,77,674.82,37.35,53.22,74.39,1.02,59.51,0.86,51.05,0.67
2024-04-15,12:45,April,Summer,V-Shape,77,681.9,37.45,53.5,74.3,1.04,59.44,0.87,51.53,0.67
2024-04-15,13:00,April,Summer,V-Shape,77,688.98,37.56,53.78,74.21,1.05,59.37,0.88,52.02,0.67
2024-04-15,13:15,April,Summer,V-Shape,77,649.68,37.52,52.76,74.54,0.99,59.63,0.83,49.22,0.67
2024-04-15,13:30,April,Summer,V-Shape,77,610.38,37.48,51.74,74.86,0.93,59.89,0.77,46.39,0.67
2024-04-15,13:45,April,Summer,V-Shape,77,571.07,37.45,50.72,75.18,0.86,60.15,0.72,43.55,0.67
2024-04-15,14:00,April,Summer,V-Shape,77,531.77,37.41,49.7,75.51,0.8,60.4,0.67,40.69,0.67
2024-04-15,14:15,April,Summer,V-Shape,77,493.61,37.24,48.59,75.86,0.75,60.69,0.62,37.9,0.67
2024-04-15,14:30,April,Summer,V-Shape,77,455.44,37.08,47.47,76.21,0.69,60.97,0.58,35.1,0.67
2024-04-15,14:45,April,Summer,V-Shape,77,417.27,36.91,46.35,76.57,0.63,61.25,0.53,32.27,0.67
2024-04-15,15:00,April,Summer,V-Shape,77,379.1,36.75,45.23,76.92,0.57,61.54,0.48,29.42,0.67
2024-04-15,15:15,April,Summer,V-Shape,77,329.37,36.4,43.63,77.43,0.5,61.94,0.41,25.69,0.67
2024-04-15,15:30,April,Summer,V-Shape,77,279.64,36.05,42.04,77.93,0.42,62.35,0.35,21.92,0.67
2024-04-15,15:45,April,Summer,V-Shape,77,229.91,35.69,40.44,78.44,0.34,62.75,0.29,18.11,0.67
2024-04-15,16:00,April,Summer,V-Shape,77,180.18,35.34,38.84,78.94,0.27,63.16,0.23,14.26,0.67
2024-04-15,16:15,April,Summer,V-Shape,77,144.17,34.77,37.38,79.41,0.22,63.53,0.18,11.46,0.67
2024-04-15,16:30,April,Summer,V-Shape,77,108.15,34.2,35.91,79.87,0.16,63.9,0.14,8.64,0.67
2024-04-15,16:45,April,Summer,V-Shape,77,72.14,33.64,34.44,80.34,0.11,64.27,0.09,5.79,0.67
2024-04-15,17:00,April,Summer,V-Shape,77,36.12,33.07,32.97,80.8,0.05,64.64,0.05,2.91,0.67
2024-04-15,17:15,April,Summer,V-Shape,77,27.09,32.48,32.16,81.06,0.04,64.85,0.03,2.19,0.67
2024-04-15,17:30,April,Summer,V-Shape,77,18.06,31.9,31.35,81.32,0.03,65.05,0.02,1.46,0.67
2024-04-15,17:45,April,Summer,V-Shape,77,9.03,31.32,30.54,81.57,0.01,65.26,0.01,0.73,0.67
2024-04-16,05:15,April,Summer,V-Shape,77,27.13,26.58,26.26,82.93,0.04,66.34,0.03,2.23,0.67
2024-04-16,05:30,April,Summer,V-Shape,77,51.16,26.86,27.13,82.65,0.08,66.12,0.06,4.19,0.67
2024-04-16,05:45,April,Summer,V-Shape,77,75.19,27.13,28.01,82.37,0.11,65.9,0.09,6.14,0.67
2024-04-16,06:00,April,Summer,V-Shape,77,99.23,27.41,28.89,82.1,0.15,65.68,0.12,8.09,0.67
2024-04-16,06:15,April,Summer,V-Shape,77,147.15,27.94,30.61,81.55,0.22,65.24,0.18,11.93,0.67
2024-04-16,06:30,April,Summer,V-Shape,77,195.08,28.46,32.34,81.0,0.29,64.8,0.24,15.74,0.67
2024-04-16,06:45,April,Summer,V-Shape,77,243.01,28.98,34.06,80.46,0.36,64.37,0.3,19.51,0.67
2024-04-16,07:00,April,Summer,V-Shape,77,290.93,29.51,35.78,79.91,0.43,63.93,0.36,23.24,0.67
2024-04-16,07:15,April,Summer,V-Shape,77,336.88,30.09,37.51,79.37,0.5,63.49,0.42,26.77,0.67
2024-04-16,07:30,April,Summer,V-Shape,77,382.83,30.67,39.24,78.82,0.57,63.05,0.48,30.26,0.67
2024-04-16,07:45,April,Summer,V-Shape,77,428.78,31.25,40.97,78.27,0.64,62.62,0.54,33.72,0.67
2024-04-16,08:00,April,Summer,V-Shape,77,474.73,31.83,42.7,77.72,0.71,62.18,0.6,37.13,0.67
2024-04-16,08:15,April,Summer,V-Shape,77,515.15,32.42,44.3,77.22,0.78,61.77,0.65,40.1,0.67
2024-04-16,08:30,April,Summer,V-Shape,77,555.58,33.01,45.9,76.71,0.84,61.37,0.7,43.03,0.67
2024-04-16,08:45,April,Summer,V-Shape,77,596.0,33.6,47.5,76.2,0.9,60.96,0.75,45.92,0.67
2024-04-16,09:00,April,Summer,V-Shape,77,636.43,34.19,49.1,75.7,0.96,60.56,0.81,48.79,0.67
2024-04-16,09:15,April,Summer,V-Shape,77,673.51,34.67,50.51,75.25,1.02,60.2,0.85,51.4,0.67
2024-04-16,09:30,April,Summer,V-Shape,77,710.6,35.16,51.92,74.8,1.08,59.84,0.9,53.98,0.67
2024-04-16,09:45,April,Summer,V-Shape,77,747.68,35.65,53.34,74.36,1.13,59.48,0.95,56.54,0.67
2024-04-16,10:00,April,Summer,V-Shape,77,784.77,36.13,54.75,73.91,1.19,59.13,1.0,59.06,0.67
2024-04-16,10:15,April,Summer,V-Shape,77,805.54,36.46,55.6,73.64,1.23,58.91,1.03,60.46,0.67
2024-04-16,10:30,April,Summer,V-Shape,77,826.31,36.78,56.44,73.37,1.26,58.7,1.05,61.84,0.67
2024-04-16,10:45,April,Summer,V-Shape,77,847.08,37.11,57.29,73.1,1.29,58.48,1.08,63.22,0.67
2024-04-16,11:00,April,Summer,V-Shape,77,867.86,37.44,58.14,72.84,1.32,58.27,1.11,64.58,0.67
2024-04-16,11:15,April,Summer,V-Shape,77,853.84,37.63,57.98,72.89,1.3,58.31,1.09,63.57,0.67
2024-04-16,11:30,April,Summer,V-Shape,77,839.83,37.82,57.82,72.94,1.28,58.35,1.07,62.56,0.67
2024-04-16,11:45,April,Summer,V-Shape,77,825.82,38.01,57.66,72.99,1.26,58.39,1.05,61.55,0.67
2024-04-16,12:00,April,Summer,V-Shape,77,811.81,38.2,57.5,73.04,1.24,58.43,1.04,60.54,0.67
2024-04-16,12:15,April,Summer,V-Shape,77,796.06,38.24,57.14,73.15,1.21,58.52,1.02,59.44,0.67
2024-04-16,12:30,April,Summer,V-Shape,77,780.32,38.28,56.79,73.26,1.19,58.61,1.0,58.33,0.67
2024-04-16,12:45,April,Summer,V-Shape,77,764.57,38.32,56.43,73.37,1.16,58.7,0.97,57.22,0.67
2024-04-16,13:00,April,Summer,V-Shape,77,748.83,38.36,56.08,73.49,1.14,58.79,0.95,56.11,0.67
2024-04-16,13:15,April,Summer,V-Shape,77,710.93,38.25,55.02,73.82,1.08,59.06,0.91,53.46,0.67
2024-04-16,13:30,April,Summer,V-Shape,77,673.02,38.13,53.96,74.16,1.02,59.33,0.86,50.79,0.67
2024-04-16,13:45,April,Summer,V-Shape,77,635.12,38.02,52.9,74.49,0.96,59.59,0.81,48.09,0.67
2024-04-16,14:00,April,Summer,V-Shape,77,597.22,37.91,51.84,74.83,0.91,59.86,0.76,45.38,0.67
2024-04-16,14:15,April,Summer,V-Shape,77,546.69,37.67,50.34,75.3,0.83,60.24,0.69,41.74,0.67
2024-04-16,14:30,April,Summer,V-Shape,77,496.17,37.44,48.84,75.78,0.75,60.62,0.63,38.07,0.67
2024-04-16,14:45,April,Summer,V-Shape,77,445.64,37.2,47.35,76.25,0.67,61.0,0.56,34.36,0.67
2024-04-16,15:00,April,Summer,V-Shape,77,395.12,36.97,45.85,76.73,0.6,61.38,0.5,30.6,0.67
2024-04-16,15:15,April,Summer,V-Shape,77,348.58,36.61,44.33,77.21,0.52,61.77,0.44,27.13,0.67
2024-04-16,15:30,April,Summer,V-Shape,77,302.04,36.25,42.81,77.69,0.45,62.15,0.38,23.62,0.67
2024-04-16,15:45,April,Summer,V-Shape,77,255.51,35.9,41.29,78.17,0.38,62.54,0.32,20.07,0.67
2024-04-16,16:00,April,Summer,V-Shape,77,208.97,35.54,39.76,78.65,0.31,62.92,0.26,16.49,0.67
2024-04-16,16:15,April,Summer,V-Shape,77,168.27,35.0,38.21,79.15,0.25,63.32,0.21,13.34,0.67
2024-04-16,16:30,April,Summer,V-Shape,77,127.57,34.46,36.65,79.64,0.19,63.71,0.16,10.16,0.67
2024-04-16,16:45,April,Summer,V-Shape,77,86.87,33.92,35.09,80.13,0.13,64.11,0.11,6.95,0.67
2024-04-16,17:00,April,Summer,V-Shape,77,46.17,33.38,33.53,80.63,0.07,64.5,0.06,3.71,0.67
2024-04-16,17:15,April,Summer,V-Shape,77,34.63,32.8,32.67,80.9,0.05,64.72,0.04,2.79,0.67
2024-04-16,17:30,April,Summer,V-Shape,77,23.08,32.23,31.8,81.17,0.03,64.94,0.03,1.87,0.67
2024-04-16,17:45,April,Summer,V-Shape,77,11.54,31.65,30.94,81.45,0.02,65.16,0.01,0.94,0.67
2024-04-17,05:15,April,Summer,V-Shape,77,32.37,26.6,26.41,82.88,0.05,66.31,0.04,2.66,0.67
2024-04-17,05:30,April,Summer,V-Shape,77,61.33,27.08,27.61,82.5,0.09,66.0,0.08,5.02,0.67
2024-04-17,05:45,April,Summer,V-Shape,77,90.29,27.56,28.82,82.12,0.13,65.7,0.11,7.36,0.67
2024-04-17,06:00,April,Summer,V-Shape,77,119.25,28.04,30.02,81.74,0.18,65.39,0.15,9.69,0.67
2024-04-17,06:15,April,Summer,V-Shape,77,177.1,28.69,32.11,81.08,0.26,64.86,0.22,14.3,0.67
2024-04-17,06:30,April,Summer,V-Shape,77,234.95,29.34,34.21,80.41,0.35,64.33,0.29,18.86,0.67
2024-04-17,06:45,April,Summer,V-Shape,77,292.8,29.98,36.3,79.75,0.44,63.8,0.37,23.35,0.67
2024-04-17,07:00,April,Summer,V-Shape,77,350.65,30.63,38.4,79.09,0.52,63.27,0.44,27.79,0.67
2024-04-17,07:15,April,Summer,V-Shape,77,412.86,31.24,40.56,78.4,0.62,62.72,0.52,32.51,0.67
2024-04-17,07:30,April,Summer,V-Shape,77,475.07,31.84,42.72,77.72,0.71,62.17,0.6,37.16,0.67
2024-04-17,07:45,April,Summer,V-Shape,77,537.29,32.45,44.88,77.03,0.81,61.63,0.68,41.74,0.67
2024-04-17,08:00,April,Summer,V-Shape,77,599.5,33.06,47.05,76.35,0.9,61.08,0.76,46.26,0.67
2024-04-17,08:15,April,Summer,V-Shape,77,649.88,33.61,48.85,75.78,0.98,60.62,0.82,49.86,0.67
2024-04-17,08:30,April,Summer,V-Shape,77,700.26,34.15,50.66,75.2,1.06,60.16,0.89,53.42,0.67
2024-04-17,08:45,April,Summer,V-Shape,77,750.64,34.7,52.46,74.63,1.14,59.71,0.95,56.92,0.67
2024-04-17,09:00,April,Summer,V-Shape,77,801.02,35.24,54.27,74.06,1.22,59.25,1.02,60.38,0.67
2024-04-17,09:15,April,Summer,V-Shape,77,839.42,35.67,55.66,73.62,1.28,58.9,1.07,62.99,0.67
2024-04-17,09:30,April,Summer,V-Shape,77,877.82,36.11,57.06,73.18,1.34,58.54,1.12,65.56,0.67
2024-04-17,09:45,April,Summer,V-Shape,77,916.21,36.55,58.45,72.74,1.4,58.19,1.17,68.11,0.67
2024-04-17,10:00,April,Summer,V-Shape,77,954.61,36.98,59.85,72.29,1.46,57.84,1.22,70.63,0.67
2024-04-17,10:15,April,Summer,V-Shape,77,969.75,37.32,60.57,72.07,1.48,57.65,1.24,71.57,0.67
2024-04-17,10:30,April,Summer,V-Shape,77,984.9,37.66,61.29,71.84,1.51,57.47,1.26,72.51,0.67
2024-04-17,10:45,April,Summer,V-Shape,77,1000.05,38.01,62.01,71.61,1.53,57.29,1.28,73.44,0.67
2024-04-17,11:00,April,Summer,V-Shape,77,1015.19,38.35,62.73,71.38,1.55,57.1,1.3,74.37,0.67
2024-04-17,11:15,April,Summer,V-Shape,77,985.79,38.58,62.22,71.54,1.51,57.23,1.26,72.34,0.67
2024-04-17,11:30,April,Summer,V-Shape,77,956.38,38.8,61.71,71.7,1.46,57.36,1.23,70.3,0.67
2024-04-17,11:45,April,Summer,V-Shape,77,926.98,39.03,61.21,71.86,1.42,57.49,1.19,68.26,0.67
2024-04-17,12:00,April,Summer,V-Shape,77,897.57,39.26,60.7,72.02,1.37,57.62,1.15,66.21,0.67
2024-04-17,12:15,April,Summer,V-Shape,77,884.95,39.36,60.49,72.09,1.35,57.67,1.13,65.33,0.67
2024-04-17,12:30,April,Summer,V-Shape,77,872.33,39.47,60.27,72.16,1.33,57.73,1.12,64.44,0.67
2024-04-17,12:45,April,Summer,V-Shape,77,859.71,39.57,60.06,72.23,1.31,57.78,1.1,63.56,0.67
2024-04-17,13:00,April,Summer,V-Shape,77,847.09,39.67,59.85,72.29,1.29,57.84,1.08,62.67,0.67
2024-04-17,13:15,April,Summer,V-Shape,77,805.82,39.63,58.77,72.63,1.23,58.11,1.03,59.84,0.67
2024-04-17,13:30,April,Summer,V-Shape,77,764.56,39.59,57.7,72.97,1.17,58.38,0.98,56.98,0.67
2024-04-17,13:45,April,Summer,V-Shape,77,723.29,39.54,56.62,73.31,1.1,58.65,0.92,54.1,0.67
2024-04-17,14:00,April,Summer,V-Shape,77,682.03,39.5,55.55,73.65,1.04,58.92,0.87,51.2,0.67
2024-04-17,14:15,April,Summer,V-Shape,77,623.87,39.29,53.89,74.18,0.95,59.34,0.79,47.09,0.67
2024-04-17,14:30,April,Summer,V-Shape,77,565.7,39.08,52.22,74.71,0.86,59.77,0.72,42.93,0.67
2024-04-17,14:45,April,Summer,V-Shape,77,507.54,38.87,50.56,75.23,0.77,60.19,0.64,38.73,0.67
2024-04-17,15:00,April,Summer,V-Shape,77,449.38,38.66,48.89,75.76,0.68,60.61,0.57,34.47,0.67
2024-04-17,15:15,April,Summer,V-Shape,77,394.41,38.29,47.15,76.31,0.6,61.05,0.5,30.42,0.67
2024-04-17,15:30,April,Summer,V-Shape,77,339.44,37.92,45.41,76.87,0.51,61.49,0.43,26.33,0.67
2024-04-17,15:45,April,Summer,V-Shape,77,284.47,37.55,43.66,77.42,0.43,61.94,0.36,22.19,0.67
2024-04-17,16:00,April,Summer,V-Shape,77,229.5,37.18,41.92,77.97,0.34,62.38,0.29,18.0,0.67
2024-04-17,16:15,April,Summer,V-Shape,77,184.39,36.59,40.2,78.51,0.28,62.81,0.23,14.53,0.67
2024-04-17,16:30,April,Summer,V-Shape,77,139.28,36.01,38.49,79.06,0.21,63.24,0.17,11.04,0.67
2024-04-17,16:45,April,Summer,V-Shape,77,94.17,35.43,36.78,79.6,0.14,63.68,0.12,7.5,0.67
2024-04-17,17:00,April,Summer,V-Shape,77,49.06,34.84,35.07,80.14,0.07,64.11,0.06,3.93,0.67
2024-04-17,17:15,April,Summer,V-Shape,77,36.79,34.2,34.12,80.44,0.05,64.35,0.05,2.95,0.67
2024-04-17,17:30,April,Summer,V-Shape,77,24.53,33.56,33.18,80.74,0.04,64.59,0.03,1.97,0.67
2024-04-17,17:45,April,Summer,V-Shape,77,12.26,32.93,32.23,81.04,0.02,64.83,0.02,0.99,0.67
2024-04-18,05:15,April,Summer,V-Shape,77,32.72,27.59,27.41,82.57,0.05,66.05,0.04,2.68,0.67
2024-04-18,05:30,April,Summer,V-Shape,77,61.77,27.84,28.38,82.26,0.09,65.81,0.08,5.04,0.67
2024-04-18,05:45,April,Summer,V-Shape,77,90.81,28.08,29.35,81.95,0.13,65.56,0.11,7.39,0.67
2024-04-18,06:00,April,Summer,V-Shape,77,119.86,28.33,30.33,81.64,0.18,65.31,0.15,9.73,0.67
2024-04-18,06:15,April,Summer,V-Shape,77,170.97,28.79,32.06,81.09,0.25,64.87,0.21,13.81,0.67
2024-04-18,06:30,April,Summer,V-Shape,77,222.08,29.24,33.8,80.54,0.33,64.43,0.28,17.84,0.67
2024-04-18,06:45,April,Summer,V-Shape,77,273.18,29.7,35.53,79.99,0.41,63.99,0.34,21.84,0.67
2024-04-18,07:00,April,Summer,V-Shape,77,324.29,30.16,37.27,79.44,0.48,63.55,0.41,25.79,0.67
2024-04-18,07:15,April,Summer,V-Shape,77,384.04,30.69,39.29,78.8,0.57,63.04,0.48,30.36,0.67
2024-04-18,07:30,April,Summer,V-Shape,77,443.78,31.23,41.32,78.16,0.67,62.53,0.56,34.86,0.67
2024-04-18,07:45,April,Summer,V-Shape,77,503.53,31.76,43.35,77.52,0.76,62.02,0.63,39.31,0.67
2024-04-18,08:00,April,Summer,V-Shape,77,563.27,32.29,45.37,76.88,0.85,61.5,0.71,43.7,0.67
2024-04-18,08:15,April,Summer,V-Shape,77,604.67,32.79,46.91,76.39,0.91,61.11,0.76,46.68,0.67
2024-04-18,08:30,April,Summer,V-Shape,77,646.06,33.29,48.44,75.91,0.98,60.72,0.82,49.63,0.67
2024-04-18,08:45,April,Summer,V-Shape,77,687.46,33.79,49.98,75.42,1.04,60.34,0.87,52.55,0.67
2024-04-18,09:00,April,Summer,V-Shape,77,728.86,34.29,51.51,74.93,1.1,59.95,0.92,55.44,0.67
2024-04-18,09:15,April,Summer,V-Shape,77,769.37,34.72,52.95,74.48,1.17,59.58,0.98,58.25,0.67
2024-04-18,09:30,April,Summer,V-Shape,77,809.88,35.14,54.39,74.02,1.23,59.22,1.03,61.03,0.67
2024-04-18,09:45,April,Summer,V-Shape,77,850.38,35.56,55.82,73.57,1.29,58.85,1.08,63.77,0.67
2024-04-18,10:00,April,Summer,V-Shape,77,890.89,35.99,57.26,73.11,1.36,58.49,1.14,66.49,0.67
2024-04-18,10:15,April,Summer,V-Shape,77,902.63,36.39,57.96,72.89,1.38,58.31,1.15,67.21,0.67
2024-04-18,10:30,April,Summer,V-Shape,77,914.36,36.8,58.65,72.67,1.4,58.14,1.17,67.92,0.67
2024-04-18,10:45,April,Summer,V-Shape,77,926.09,37.2,59.35,72.45,1.41,57.96,1.18,68.63,0.67
2024-04-18,11:00,April,Summer,V-Shape,77,937.83,37.6,60.05,72.23,1.43,57.78,1.2,69.34,0.67
2024-04-18,11:15,April,Summer,V-Shape,77,916.86,37.92,59.84,72.29,1.4,57.84,1.17,67.83,0.67
2024-04-18,11:30,April,Summer,V-Shape,77,895.89,38.25,59.64,72.36,1.37,57.89,1.15,66.33,0.67
2024-04-18,11:45,April,Summer,V-Shape,77,874.92,38.57,59.44,72.42,1.34,57.94,1.12,64.82,0.67
2024-04-18,12:00,April,Summer,V-Shape,77,853.94,38.89,59.24,72.49,1.3,57.99,1.09,63.31,0.67
2024-04-18,12:15,April,Summer,V-Shape,77,820.57,39.09,58.61,72.69,1.25,58.15,1.05,60.97,0.67
2024-04-18,12:30,April,Summer,V-Shape,77,787.2,39.3,57.98,72.89,1.2,58.31,1.01,58.61,0.67
2024-04-18,12:45,April,Summer,V-Shape,77,753.83,39.5,57.34,73.09,1.15,58.47,0.96,56.25,0.67
2024-04-18,13:00,April,Summer,V-Shape,77,720.46,39.7,56.71,73.29,1.1,58.63,0.92,53.87,0.67
2024-04-18,13:15,April,Summer,V-Shape,77,687.35,39.75,55.93,73.53,1.05,58.83,0.88,51.53,0.67
2024-04-18,13:30,April,Summer,V-Shape,77,654.24,39.8,55.16,73.78,0.99,59.02,0.83,49.17,0.67
2024-04-18,13:45,April,Summer,V-Shape,77,621.14,39.85,54.38,74.03,0.94,59.22,0.79,46.81,0.67
2024-04-18,14:00,April,Summer,V-Shape,77,588.03,39.9,53.6,74.27,0.89,59.42,0.75,44.43,0.67
2024-04-18,14:15,April,Summer,V-Shape,77,542.27,39.79,52.35,74.67,0.82,59.74,0.69,41.14,0.67
2024-04-18,14:30,April,Summer,V-Shape,77,496.51,39.68,51.09,75.07,0.75,60.05,0.63,37.82,0.67
2024-04-18,14:45,April,Summer,V-Shape,77,450.75,39.57,49.84,75.46,0.68,60.37,0.57,34.47,0.67
2024-04-18,15:00,April,Summer,V-Shape,77,404.99,39.46,48.58,75.86,0.61,60.69,0.51,31.1,0.67
2024-04-18,15:15,April,Summer,V-Shape,77,359.11,39.15,47.13,76.32,0.54,61.06,0.45,27.7,0.67
2024-04-18,15:30,April,Summer,V-Shape,77,313.23,38.84,45.67,76.78,0.47,61.43,0.4,24.28,0.67
2024-04-18,15:45,April,Summer,V-Shape,77,267.35,38.52,44.21,77.25,0.4,61.8,0.34,20.82,0.67
2024-04-18,16:00,April,Summer,V-Shape,77,221.48,38.21,42.75,77.71,0.33,62.17,0.28,17.32,0.67
2024-04-18,16:15,April,Summer,V-Shape,77,177.09,37.65,41.07,78.24,0.27,62.59,0.22,13.92,0.67
2024-04-18,16:30,April,Summer,V-Shape,77,132.7,37.08,39.4,78.77,0.2,63.02,0.17,10.49,0.67
2024-04-18,16:45,April,Summer,V-Shape,77,88.31,36.52,37.72,79.3,0.13,63.44,0.11,7.01,0.67
2024-04-18,17:00,April,Summer,V-Shape,77,43.92,35.95,36.05,79.83,0.07,63.86,0.05,3.51,0.67
2024-04-18,17:15,April,Summer,V-Shape,77,32.94,35.3,35.12,80.12,0.05,64.1,0.04,2.64,0.67
2024-04-18,17:30,April,Summer,V-Shape,77,21.96,34.65,34.19,80.42,0.03,64.33,0.03,1.76,0.67
2024-04-18,17:45,April,Summer,V-Shape,77,10.98,33.99,33.27,80.71,0.02,64.57,0.01,0.88,0.67
2024-04-19,05:15,April,Summer,V-Shape,77,26.44,28.34,28.01,82.38,0.04,65.9,0.03,2.16,0.67
2024-04-19,05:30,April,Summer,V-Shape,77,49.32,28.64,28.87,82.1,0.07,65.68,0.06,4.02,0.67
2024-04-19,05:45,April,Summer,V-Shape,77,72.21,28.94,29.74,81.83,0.11,65.46,0.09,5.87,0.67
2024-04-19,06:00,April,Summer,V-Shape,77,95.1,29.23,30.61,81.55,0.14,65.24,0.12,7.71,0.67
2024-04-19,06:15,April,Summer,V-Shape,77,139.76,29.73,32.23,81.04,0.21,64.83,0.17,11.28,0.67
2024-04-19,06:30,April,Summer,V-Shape,77,184.42,30.23,33.85,80.53,0.27,64.42,0.23,14.82,0.67
2024-04-19,06:45,April,Summer,V-Shape,77,229.08,30.74,35.46,80.01,0.34,64.01,0.29,18.32,0.67
2024-04-19,07:00,April,Summer,V-Shape,77,273.74,31.24,37.08,79.5,0.41,63.6,0.34,21.78,0.67
2024-04-19,07:15,April,Summer,V-Shape,77,321.54,31.73,38.77,78.97,0.48,63.17,0.4,25.46,0.67
2024-04-19,07:30,April,Summer,V-Shape,77,369.35,32.23,40.46,78.43,0.55,62.75,0.46,29.09,0.67
2024-04-19,07:45,April,Summer,V-Shape,77,417.16,32.72,42.15,77.9,0.63,62.32,0.52,32.69,0.67
2024-04-19,08:00,April,Summer,V-Shape,77,464.97,33.21,43.83,77.36,0.7,61.89,0.59,36.24,0.67
2024-04-19,08:15,April,Summer,V-Shape,77,508.71,33.6,45.32,76.89,0.77,61.51,0.64,39.47,0.67
2024-04-19,08:30,April,Summer,V-Shape,77,552.46,34.0,46.81,76.42,0.83,61.14,0.7,42.66,0.67
2024-04-19,08:45,April,Summer,V-Shape,77,596.2,34.39,48.29,75.95,0.9,60.76,0.75,45.82,0.67
2024-04-19,09:00,April,Summer,V-Shape,77,639.94,34.78,49.78,75.48,0.97,60.39,0.81,48.95,0.67
2024-04-19,09:15,April,Summer,V-Shape,77,664.71,35.09,50.71,75.19,1.01,60.15,0.84,50.69,0.67
2024-04-19,09:30,April,Summer,V-Shape,77,689.47,35.41,51.64,74.89,1.04,59.91,0.87,52.42,0.67
2024-04-19,09:45,April,Summer,V-Shape,77,714.23,35.72,52.57,74.6,1.08,59.68,0.91,54.14,0.67
2024-04-19,10:00,April,Summer,V-Shape,77,738.99,36.03,53.5,74.3,1.12,59.44,0.94,55.85,0.67
2024-04-19,10:15,April,Summer,V-Shape,77,771.18,36.27,54.55,73.97,1.17,59.18,0.98,58.08,0.67
2024-04-19,10:30,April,Summer,V-Shape,77,803.37,36.5,55.59,73.64,1.22,58.91,1.02,60.3,0.67
2024-04-19,10:45,April,Summer,V-Shape,77,835.55,36.74,56.63,73.31,1.27,58.65,1.07,62.49,0.67
2024-04-19,11:00,April,Summer,V-Shape,77,867.74,36.98,57.67,72.98,1.32,58.39,1.11,64.67,0.67
2024-04-19,11:15,April,Summer,V-Shape,77,843.22,37.17,57.25,73.12,1.28,58.49,1.08,62.94,0.67
2024-04-19,11:30,April,Summer,V-Shape,77,818.7,37.36,56.83,73.25,1.25,58.6,1.04,61.19,0.67
2024-04-19,11:45,April,Summer,V-Shape,77,794.17,37.55,56.4,73.38,1.21,58.71,1.01,59.44,0.67
2024-04-19,12:00,April,Summer,V-Shape,77,769.65,37.74,55.98,73.52,1.17,58.81,0.98,57.69,0.67
2024-04-19,12:15,April,Summer,V-Shape,77,755.8,37.85,55.74,73.59,1.15,58.87,0.96,56.7,0.67
2024-04-19,12:30,April,Summer,V-Shape,77,741.94,37.95,55.5,73.67,1.13,58.94,0.95,55.7,0.67
2024-04-19,12:45,April,Summer,V-Shape,77,728.09,38.06,55.26,73.74,1.11,59.0,0.93,54.7,0.67
2024-04-19,13:00,April,Summer,V-Shape,77,714.23,38.17,55.03,73.82,1.09,59.06,0.91,53.71,0.67
2024-04-19,13:15,April,Summer,V-Shape,77,686.05,38.17,54.33,74.04,1.04,59.23,0.87,51.71,0.67
2024-04-19,13:30,April,Summer,V-Shape,77,657.86,38.18,53.63,74.26,1.0,59.41,0.84,49.7,0.67
2024-04-19,13:45,April,Summer,V-Shape,77,629.68,38.19,52.93,74.49,0.96,59.59,0.8,47.68,0.67
2024-04-19,14:00,April,Summer,V-Shape,77,601.49,38.19,52.23,74.71,0.91,59.77,0.76,45.65,0.67
2024-04-19,14:15,April,Summer,V-Shape,77,550.93,38.1,50.87,75.14,0.83,60.11,0.7,41.99,0.67
2024-04-19,14:30,April,Summer,V-Shape,77,500.37,38.01,49.52,75.56,0.76,60.45,0.63,38.31,0.67
2024-04-19,14:45,April,Summer,V-Shape,77,449.8,37.92,48.17,75.99,0.68,60.79,0.57,34.59,0.67
2024-04-19,15:00,April,Summer,V-Shape,77,399.24,37.83,46.81,76.42,0.6,61.14,0.5,30.83,0.67
2024-04-19,15:15,April,Summer,V-Shape,77,355.59,37.62,45.51,76.83,0.54,61.47,0.45,27.57,0.67
2024-04-19,15:30,April,Summer,V-Shape,77,311.94,37.42,44.22,77.24,0.47,61.79,0.39,24.29,0.67
2024-04-19,15:45,April,Summer,V-Shape,77,268.3,37.21,42.92,77.65,0.4,62.12,0.34,20.97,0.67
2024-04-19,16:00,April,Summer,V-Shape,77,224.65,37.01,41.63,78.06,0.34,62.45,0.28,17.63,0.67
2024-04-19,16:15,April,Summer,V-Shape,77,179.97,36.52,40.01,78.57,0.27,62.86,0.23,14.19,0.67
2024-04-19,16:30,April,Summer,V-Shape,77,135.29,36.02,38.4,79.08,0.2,63.27,0.17,10.72,0.67
2024-04-19,16:45,April,Summer,V-Shape,77,90.61,35.52,36.79,79.59,0.14,63.68,0.11,7.22,0.67
2024-04-19,17:00,April,Summer,V-Shape,77,45.94,35.03,35.18,80.11,0.07,64.08,0.06,3.68,0.67
2024-04-19,17:15,April,Summer,V-Shape,77,34.45,34.55,34.41,80.35,0.05,64.28,0.04,2.76,0.67
2024-04-19,17:30,April,Summer,V-Shape,77,22.97,34.06,33.63,80.59,0.03,64.48,0.03,1.85,0.67
2024-04-19,17:45,April,Summer,V-Shape,77,11.48,33.58,32.86,80.84,0.02,64.67,0.01,0.93,0.67
2024-04-20,05:15,April,Summer,V-Shape,77,29.46,28.14,27.87,82.42,0.04,65.93,0.04,2.41,0.67
2024-04-20,05:30,April,Summer,V-Shape,77,55.22,28.58,28.96,82.07,0.08,65.66,0.07,4.5,0.67
2024-04-20,05:45,April,Summer,V-Shape,77,80.98,29.02,30.05,81.73,0.12,65.38,0.1,6.58,0.67
2024-04-20,06:00,April,Summer,V-Shape,77,106.73,29.47,31.14,81.38,0.16,65.11,0.13,8.64,0.67
2024-04-20,06:15,April,Summer,V-Shape,77,157.65,30.17,33.11,80.76,0.23,64.61,0.2,12.69,0.67
2024-04-20,06:30,April,Summer,V-Shape,77,208.57,30.88,35.09,80.13,0.31,64.11,0.26,16.69,0.67
2024-04-20,06:45,April,Summer,V-Shape,77,259.48,31.58,37.06,79.51,0.39,63.61,0.32,20.65,0.67
2024-04-20,07:00,April,Summer,V-Shape,77,310.4,32.28,39.04,78.88,0.46,63.11,0.39,24.55,0.67
2024-04-20,07:15,April,Summer,V-Shape,77,361.06,32.92,40.94,78.28,0.54,62.62,0.45,28.4,0.67
2024-04-20,07:30,April,Summer,V-Shape,77,411.73,33.55,42.85,77.68,0.62,62.14,0.52,32.19,0.67
2024-04-20,07:45,April,Summer,V-Shape,77,462.39,34.19,44.75,77.07,0.7,61.66,0.58,35.94,0.67
2024-04-20,08:00,April,Summer,V-Shape,77,513.05,34.83,46.66,76.47,0.77,61.18,0.65,39.64,0.67
2024-04-20,08:15,April,Summer,V-Shape,77,560.04,35.36,48.36,75.93,0.85,60.74,0.71,43.04,0.67
2024-04-20,08:30,April,Summer,V-Shape,77,607.03,35.89,50.07,75.39,0.92,60.31,0.77,46.39,0.67
2024-04-20,08:45,April,Summer,V-Shape,77,654.01,36.42,51.77,74.85,0.99,59.88,0.83,49.71,0.67
2024-04-20,09:00,April,Summer,V-Shape,77,701.0,36.95,53.48,74.31,1.06,59.45,0.89,52.98,0.67
2024-04-20,09:15,April,Summer,V-Shape,77,746.26,37.4,55.05,73.81,1.13,59.05,0.95,56.11,0.67
2024-04-20,09:30,April,Summer,V-Shape,77,791.53,37.84,56.63,73.31,1.21,58.65,1.01,59.2,0.67
2024-04-20,09:45,April,Summer,V-Shape,77,836.79,38.29,58.21,72.81,1.28,58.25,1.07,62.25,0.67
2024-04-20,10:00,April,Summer,V-Shape,77,882.05,38.74,59.79,72.31,1.35,57.85,1.13,65.27,0.67
2024-04-20,10:15,April,Summer,V-Shape,77,908.57,39.1,60.82,71.99,1.39,57.59,1.16,67.0,0.67
2024-04-20,10:30,April,Summer,V-Shape,77,935.09,39.47,61.84,71.66,1.43,57.33,1.2,68.71,0.67
2024-04-20,10:45,April,Summer,V-Shape,77,961.61,39.83,62.87,71.34,1.47,57.07,1.23,70.41,0.67
2024-04-20,11:00,April,Summer,V-Shape,77,988.13,40.19,63.89,71.01,1.52,56.81,1.27,72.09,0.67
2024-04-20,11:15,April,Summer,V-Shape,77,968.99,40.42,63.65,71.09,1.49,56.87,1.24,70.76,0.67
2024-04-20,11:30,April,Summer,V-Shape,77,949.85,40.66,63.4,71.17,1.46,56.93,1.22,69.42,0.67
2024-04-20,11:45,April,Summer,V-Shape,77,930.7,40.89,63.16,71.25,1.43,57.0,1.19,68.08,0.67
2024-04-20,12:00,April,Summer,V-Shape,77,911.56,41.12,62.91,71.32,1.4,57.06,1.17,66.73,0.67
2024-04-20,12:15,April,Summer,V-Shape,77,873.4,41.2,62.04,71.6,1.34,57.28,1.12,64.13,0.67
2024-04-20,12:30,April,Summer,V-Shape,77,835.25,41.29,61.17,71.87,1.28,57.5,1.07,61.52,0.67
2024-04-20,12:45,April,Summer,V-Shape,77,797.09,41.38,60.3,72.15,1.22,57.72,1.02,58.88,0.67
2024-04-20,13:00,April,Summer,V-Shape,77,758.94,41.46,59.43,72.42,1.16,57.94,0.97,56.23,0.67
2024-04-20,13:15,April,Summer,V-Shape,77,719.05,41.39,58.36,72.76,1.1,58.21,0.92,53.47,0.67
2024-04-20,13:30,April,Summer,V-Shape,77,679.16,41.31,57.29,73.1,1.03,58.48,0.87,50.68,0.67
2024-04-20,13:45,April,Summer,V-Shape,77,639.26,41.24,56.22,73.44,0.97,58.75,0.81,47.88,0.67
2024-04-20,14:00,April,Summer,V-Shape,77,599.37,41.17,55.15,73.78,0.91,59.02,0.76,45.05,0.67
2024-04-20,14:15,April,Summer,V-Shape,77,553.85,40.98,53.83,74.2,0.84,59.36,0.7,41.81,0.67
2024-04-20,14:30,April,Summer,V-Shape,77,508.33,40.8,52.51,74.62,0.77,59.69,0.65,38.54,0.67
2024-04-20,14:45,April,Summer,V-Shape,77,462.81,40.62,51.19,75.04,0.7,60.03,0.59,35.24,0.67
2024-04-20,15:00,April,Summer,V-Shape,77,417.29,40.43,49.86,75.46,0.63,60.36,0.53,31.91,0.67
2024-04-20,15:15,April,Summer,V-Shape,77,369.85,40.1,48.35,75.94,0.56,60.75,0.47,28.42,0.67
2024-04-20,15:30,April,Summer,V-Shape,77,322.41,39.77,46.83,76.42,0.49,61.13,0.41,24.9,0.67
2024-04-20,15:45,April,Summer,V-Shape,77,274.97,39.44,45.31,76.9,0.41,61.52,0.35,21.33,0.67
2024-04-20,16:00,April,Summer,V-Shape,77,227.53,39.11,43.8,77.38,0.34,61.9,0.29,17.74,0.67
2024-04-20,16:15,April,Summer,V-Shape,77,181.17,38.57,42.1,77.91,0.27,62.33,0.23,14.2,0.67
2024-04-20,16:30,April,Summer,V-Shape,77,134.81,38.02,40.4,78.45,0.2,62.76,0.17,10.62,0.67
2024-04-20,16:45,April,Summer,V-Shape,77,88.45,37.48,38.69,78.99,0.13,63.19,0.11,7.0,0.67
2024-04-20,17:00,April,Summer,V-Shape,77,42.08,36.94,36.99,79.53,0.06,63.62,0.05,3.35,0.67
2024-04-20,17:15,April,Summer,V-Shape,77,31.56,36.29,36.08,79.82,0.05,63.86,0.04,2.52,0.67
2024-04-20,17:30,April,Summer,V-Shape,77,21.04,35.64,35.17,80.11,0.03,64.09,0.03,1.68,0.67
2024-04-20,17:45,April,Summer,V-Shape,77,10.52,35.0,34.26,80.4,0.02,64.32,0.01,0.84,0.67
2024-04-21,05:15,April,Summer,V-Shape,77,32.2,28.28,28.08,82.35,0.05,65.88,0.04,2.63,0.67
2024-04-21,05:30,April,Summer,V-Shape,77,60.25,28.7,29.2,82.0,0.09,65.6,0.07,4.91,0.67
2024-04-21,05:45,April,Summer,V-Shape,77,88.31,29.11,30.32,81.64,0.13,65.31,0.11,7.17,0.67
2024-04-21,06:00,April,Summer,V-Shape,77,116.36,29.53,31.44,81.29,0.17,65.03,0.14,9.41,0.67
2024-04-21,06:15,April,Summer,V-Shape,77,174.67,30.2,33.56,80.62,0.26,64.49,0.22,14.04,0.67
2024-04-21,06:30,April,Summer,V-Shape,77,232.98,30.86,35.68,79.94,0.35,63.96,0.29,18.62,0.67
2024-04-21,06:45,April,Summer,V-Shape,77,291.29,31.52,37.81,79.27,0.44,63.42,0.36,23.13,0.67
2024-04-21,07:00,April,Summer,V-Shape,77,349.6,32.19,39.93,78.6,0.52,62.88,0.44,27.58,0.67
2024-04-21,07:15,April,Summer,V-Shape,77,407.24,32.8,41.98,77.95,0.61,62.36,0.51,31.93,0.67
2024-04-21,07:30,April,Summer,V-Shape,77,464.88,33.41,44.04,77.3,0.7,61.84,0.59,36.21,0.67
2024-04-21,07:45,April,Summer,V-Shape,77,522.52,34.03,46.09,76.65,0.79,61.32,0.66,40.44,0.67
2024-04-21,08:00,April,Summer,V-Shape,77,580.16,34.64,48.14,76.0,0.88,60.8,0.73,44.61,0.67
2024-04-21,08:15,April,Summer,V-Shape,77,630.36,35.17,49.93,75.43,0.95,60.35,0.8,48.2,0.67
2024-04-21,08:30,April,Summer,V-Shape,77,680.56,35.7,51.72,74.87,1.03,59.89,0.86,51.73,0.67
2024-04-21,08:45,April,Summer,V-Shape,77,730.77,36.24,53.51,74.3,1.11,59.44,0.93,55.23,0.67
2024-04-21,09:00,April,Summer,V-Shape,77,780.97,36.77,55.29,73.74,1.19,58.99,0.99,58.67,0.67
2024-04-21,09:15,April,Summer,V-Shape,77,812.47,37.22,56.53,73.34,1.24,58.67,1.04,60.79,0.67
2024-04-21,09:30,April,Summer,V-Shape,77,843.97,37.67,57.77,72.95,1.29,58.36,1.08,62.88,0.67
2024-04-21,09:45,April,Summer,V-Shape,77,875.47,38.13,59.01,72.56,1.34,58.05,1.12,64.95,0.67
2024-04-21,10:00,April,Summer,V-Shape,77,906.97,38.58,60.25,72.16,1.39,57.73,1.16,67.01,0.67
2024-04-21,10:15,April,Summer,V-Shape,77,928.78,38.92,61.14,71.88,1.42,57.51,1.19,68.41,0.67
2024-04-21,10:30,April,Summer,V-Shape,77,950.6,39.27,62.03,71.6,1.46,57.28,1.22,69.8,0.67
2024-04-21,10:45,April,Summer,V-Shape,77,972.41,39.62,62.93,71.32,1.49,57.06,1.25,71.18,0.67
2024-04-21,11:00,April,Summer,V-Shape,77,994.22,39.96,63.82,71.04,1.52,56.83,1.28,72.56,0.67
2024-04-21,11:15,April,Summer,V-Shape,77,959.53,40.17,63.16,71.25,1.47,57.0,1.23,70.18,0.67
2024-04-21,11:30,April,Summer,V-Shape,77,924.83,40.38,62.5,71.46,1.42,57.16,1.19,67.8,0.67
2024-04-21,11:45,April,Summer,V-Shape,77,890.13,40.58,61.84,71.66,1.36,57.33,1.14,65.41,0.67
2024-04-21,12:00,April,Summer,V-Shape,77,855.44,40.79,61.18,71.87,1.31,57.5,1.1,63.0,0.67
2024-04-21,12:15,April,Summer,V-Shape,77,844.55,40.83,60.95,71.95,1.29,57.56,1.08,62.25,0.67
2024-04-21,12:30,April,Summer,V-Shape,77,833.66,40.88,60.72,72.02,1.27,57.61,1.07,61.49,0.67
2024-04-21,12:45,April,Summer,V-Shape,77,822.77,40.92,60.49,72.09,1.26,57.67,1.05,60.74,0.67
2024-04-21,13:00,April,Summer,V-Shape,77,811.88,40.96,60.26,72.16,1.24,57.73,1.04,59.98,0.67
2024-04-21,13:15,April,Summer,V-Shape,77,767.06,40.8,58.97,72.57,1.17,58.06,0.98,56.92,0.67
2024-04-21,13:30,April,Summer,V-Shape,77,722.24,40.64,57.69,72.98,1.1,58.38,0.92,53.83,0.67
2024-04-21,13:45,April,Summer,V-Shape,77,677.42,40.47,56.41,73.38,1.03,58.71,0.86,50.7,0.67
2024-04-21,14:00,April,Summer,V-Shape,77,632.59,40.31,55.12,73.79,0.96,59.03,0.81,47.55,0.67
2024-04-21,14:15,April,Summer,V-Shape,77,567.7,40.01,53.2,74.4,0.86,59.52,0.72,42.95,0.67
2024-04-21,14:30,April,Summer,V-Shape,77,502.81,39.7,51.27,75.01,0.76,60.01,0.64,38.28,0.67
2024-04-21,14:45,April,Summer,V-Shape,77,437.92,39.4,49.34,75.62,0.66,60.5,0.55,33.55,0.67
2024-04-21,15:00,April,Summer,V-Shape,77,373.03,39.09,47.42,76.23,0.56,60.98,0.47,28.75,0.67
2024-04-21,15:15,April,Summer,V-Shape,77,328.69,38.62,45.83,76.73,0.5,61.38,0.41,25.46,0.67
2024-04-21,15:30,April,Summer,V-Shape,77,284.35,38.15,44.25,77.23,0.43,61.79,0.36,22.14,0.67
2024-04-21,15:45,April,Summer,V-Shape,77,240.01,37.67,42.67,77.73,0.36,62.19,0.3,18.78,0.67
2024-04-21,16:00,April,Summer,V-Shape,77,195.67,37.2,41.09,78.23,0.29,62.59,0.25,15.38,0.67
2024-04-21,16:15,April,Summer,V-Shape,77,156.56,36.7,39.62,78.7,0.23,62.96,0.2,12.36,0.67
2024-04-21,16:30,April,Summer,V-Shape,77,117.46,36.2,38.14,79.17,0.18,63.33,0.15,9.32,0.67
2024-04-21,16:45,April,Summer,V-Shape,77,78.35,35.71,36.67,79.63,0.12,63.71,0.1,6.24,0.67
2024-04-21,17:00,April,Summer,V-Shape,77,39.25,35.21,35.19,80.1,0.06,64.08,0.05,3.14,0.67
2024-04-21,17:15,April,Summer,V-Shape,77,29.44,34.75,34.48,80.33,0.04,64.26,0.04,2.36,0.67
2024-04-21,17:30,April,Summer,V-Shape,77,19.62,34.28,33.77,80.55,0.03,64.44,0.02,1.58,0.67
2024-04-21,17:45,April,Summer,V-Shape,77,9.81,33.81,33.06,80.78,0.01,64.62,0.01,0.79,0.67
2024-04-22,05:15,April,Summer,V-Shape,77,32.05,29.11,28.91,82.09,0.05,65.67,0.04,2.61,0.67
2024-04-22,05:30,April,Summer,V-Shape,77,60.02,29.34,29.84,81.8,0.09,65.44,0.07,4.88,0.67
2024-04-22,05:45,April,Summer,V-Shape,77,88.0,29.57,30.77,81.5,0.13,65.2,0.11,7.13,0.67
2024-04-22,06:00,April,Summer,V-Shape,77,115.97,29.81,31.71,81.2,0.17,64.96,0.14,9.38,0.67
2024-04-22,06:15,April,Summer,V-Shape,77,173.67,30.32,33.66,80.59,0.26,64.47,0.22,13.96,0.67
2024-04-22,06:30,April,Summer,V-Shape,77,231.37,30.82,35.61,79.97,0.35,63.97,0.29,18.49,0.67
2024-04-22,06:45,April,Summer,V-Shape,77,289.06,31.33,37.56,79.35,0.43,63.48,0.36,22.97,0.67
2024-04-22,07:00,April,Summer,V-Shape,77,346.76,31.84,39.51,78.73,0.52,62.99,0.43,27.39,0.67
2024-04-22,07:15,April,Summer,V-Shape,77,399.87,32.33,41.33,78.16,0.6,62.53,0.5,31.41,0.67
2024-04-22,07:30,April,Summer,V-Shape,77,452.97,32.82,43.14,77.58,0.68,62.07,0.57,35.38,0.67
2024-04-22,07:45,April,Summer,V-Shape,77,506.07,33.31,44.96,77.01,0.76,61.61,0.64,39.31,0.67
2024-04-22,08:00,April,Summer,V-Shape,77,559.18,33.8,46.78,76.43,0.84,61.15,0.71,43.19,0.67
2024-04-22,08:15,April,Summer,V-Shape,77,595.9,34.18,48.08,76.02,0.9,60.82,0.75,45.83,0.67
2024-04-22,08:30,April,Summer,V-Shape,77,632.62,34.55,49.37,75.61,0.96,60.49,0.8,48.46,0.67
2024-04-22,08:45,April,Summer,V-Shape,77,669.35,34.93,50.67,75.2,1.01,60.16,0.85,51.06,0.67
2024-04-22,09:00,April,Summer,V-Shape,77,706.07,35.31,51.96,74.79,1.07,59.83,0.9,53.63,0.67
2024-04-22,09:15,April,Summer,V-Shape,77,737.07,35.64,53.06,74.44,1.12,59.55,0.94,55.78,0.67
2024-04-22,09:30,April,Summer,V-Shape,77,768.08,35.96,54.16,74.09,1.17,59.28,0.98,57.92,0.67
2024-04-22,09:45,April,Summer,V-Shape,77,799.08,36.28,55.26,73.75,1.22,59.0,1.02,60.04,0.67
2024-04-22,10:00,April,Summer,V-Shape,77,830.08,36.61,56.36,73.4,1.26,58.72,1.06,62.14,0.67
2024-04-22,10:15,April,Summer,V-Shape,77,859.18,36.87,57.35,73.08,1.31,58.47,1.1,64.11,0.67
2024-04-22,10:30,April,Summer,V-Shape,77,888.28,37.13,58.34,72.77,1.35,58.22,1.13,66.06,0.67
2024-04-22,10:45,April,Summer,V-Shape,77,917.39,37.4,59.33,72.46,1.4,57.97,1.17,67.99,0.67
2024-04-22,11:00,April,Summer,V-Shape,77,946.49,37.66,60.32,72.14,1.45,57.71,1.21,69.91,0.67
2024-04-22,11:15,April,Summer,V-Shape,77,904.85,37.77,59.39,72.44,1.38,57.95,1.16,67.05,0.67
2024-04-22,11:30,April,Summer,V-Shape,77,863.2,37.88,58.46,72.73,1.32,58.19,1.1,64.17,0.67
2024-04-22,11:45,April,Summer,V-Shape,77,821.56,37.98,57.52,73.03,1.25,58.42,1.05,61.26,0.67
2024-04-22,12:00,April,Summer,V-Shape,77,779.92,38.09,56.59,73.33,1.19,58.66,0.99,58.34,0.67
2024-04-22,12:15,April,Summer,V-Shape,77,784.19,38.04,56.65,73.31,1.19,58.65,1.0,58.65,0.67
2024-04-22,12:30,April,Summer,V-Shape,77,788.46,38.0,56.71,73.29,1.2,58.63,1.01,58.96,0.67
2024-04-22,12:45,April,Summer,V-Shape,77,792.73,37.95,56.77,73.27,1.21,58.62,1.01,59.26,0.67
2024-04-22,13:00,April,Summer,V-Shape,77,797.0,37.9,56.83,73.25,1.21,58.6,1.02,59.57,0.67
2024-04-22,13:15,April,Summer,V-Shape,77,758.01,37.73,55.69,73.61,1.15,58.89,0.97,56.87,0.67
2024-04-22,13:30,April,Summer,V-Shape,77,719.01,37.57,54.55,73.97,1.09,59.18,0.92,54.15,0.67
2024-04-22,13:45,April,Summer,V-Shape,77,680.02,37.41,53.41,74.33,1.03,59.47,0.86,51.41,0.67
2024-04-22,14:00,April,Summer,V-Shape,77,641.02,37.24,52.27,74.69,0.97,59.76,0.81,48.64,0.67
2024-04-22,14:15,April,Summer,V-Shape,77,588.77,37.06,50.78,75.17,0.89,60.13,0.75,44.89,0.67
2024-04-22,14:30,April,Summer,V-Shape,77,536.52,36.88,49.29,75.64,0.81,60.51,0.68,41.11,0.67
2024-04-22,14:45,April,Summer,V-Shape,77,484.27,36.69,47.8,76.11,0.73,60.89,0.61,37.28,0.67
2024-04-22,15:00,April,Summer,V-Shape,77,432.02,36.51,46.31,76.58,0.65,61.26,0.55,33.41,0.67
2024-04-22,15:15,April,Summer,V-Shape,77,379.35,36.32,44.8,77.06,0.57,61.65,0.48,29.48,0.67
2024-04-22,15:30,April,Summer,V-Shape,77,326.68,36.12,43.29,77.54,0.49,62.03,0.41,25.51,0.67
2024-04-22,15:45,April,Summer,V-Shape,77,274.01,35.93,41.78,78.01,0.41,62.41,0.34,21.49,0.67
2024-04-22,16:00,April,Summer,V-Shape,77,221.34,35.74,40.27,78.49,0.33,62.79,0.28,17.44,0.67
2024-04-22,16:15,April,Summer,V-Shape,77,176.42,35.48,38.89,78.93,0.26,63.14,0.22,13.96,0.67
2024-04-22,16:30,April,Summer,V-Shape,77,131.5,35.21,37.5,79.37,0.2,63.5,0.16,10.45,0.67
2024-04-22,16:45,April,Summer,V-Shape,77,86.58,34.95,36.11,79.81,0.13,63.85,0.11,6.91,0.67
2024-04-22,17:00,April,Summer,V-Shape,77,41.65,34.68,34.72,80.25,0.06,64.2,0.05,3.34,0.67
2024-04-22,17:15,April,Summer,V-Shape,77,31.24,34.38,34.16,80.43,0.05,64.34,0.04,2.51,0.67
2024-04-22,17:30,April,Summer,V-Shape,77,20.83,34.09,33.61,80.6,0.03,64.48,0.03,1.67,0.67
2024-04-22,17:45,April,Summer,V-Shape,77,10.41,33.79,33.05,80.78,0.02,64.62,0.01,0.84,0.67
2024-04-23,05:15,April,Summer,V-Shape,77,33.75,28.73,28.57,82.2,0.05,65.76,0.04,2.75,0.67
2024-04-23,05:30,April,Summer,V-Shape,77,63.02,29.01,29.59,81.88,0.09,65.5,0.08,5.13,0.67
2024-04-23,05:45,April,Summer,V-Shape,77,92.28,29.29,30.6,81.55,0.14,65.24,0.11,7.48,0.67
2024-04-23,06:00,April,Summer,V-Shape,77,121.54,29.58,31.62,81.23,0.18,64.99,0.15,9.83,0.67
2024-04-23,06:15,April,Summer,V-Shape,77,175.21,30.18,33.56,80.62,0.26,64.49,0.22,14.09,0.67
2024-04-23,06:30,April,Summer,V-Shape,77,228.89,30.78,35.5,80.0,0.34,64.0,0.29,18.3,0.67
2024-04-23,06:45,April,Summer,V-Shape,77,282.57,31.38,37.44,79.39,0.42,63.51,0.35,22.46,0.67
2024-04-23,07:00,April,Summer,V-Shape,77,336.24,31.98,39.39,78.77,0.5,63.02,0.42,26.57,0.67
2024-04-23,07:15,April,Summer,V-Shape,77,397.05,32.51,41.44,78.12,0.6,62.5,0.5,31.18,0.67
2024-04-23,07:30,April,Summer,V-Shape,77,457.87,33.05,43.49,77.47,0.69,61.98,0.58,35.73,0.67
2024-04-23,07:45,April,Summer,V-Shape,77,518.68,33.58,45.54,76.82,0.78,61.46,0.65,40.21,0.67
2024-04-23,08:00,April,Summer,V-Shape,77,579.5,34.11,47.6,76.17,0.87,60.94,0.73,44.64,0.67
2024-04-23,08:15,April,Summer,V-Shape,77,638.75,34.62,49.59,75.54,0.97,60.43,0.81,48.89,0.67
2024-04-23,08:30,April,Summer,V-Shape,77,698.01,35.13,51.59,74.91,1.06,59.93,0.89,53.08,0.67
2024-04-23,08:45,April,Summer,V-Shape,77,757.27,35.65,53.58,74.28,1.15,59.42,0.96,57.22,0.67
2024-04-23,09:00,April,Summer,V-Shape,77,816.53,36.16,55.57,73.65,1.24,58.92,1.04,61.29,0.67
2024-04-23,09:15,April,Summer,V-Shape,77,849.63,36.62,56.86,73.24,1.29,58.59,1.08,63.5,0.67
2024-04-23,09:30,April,Summer,V-Shape,77,882.74,37.08,58.15,72.83,1.35,58.26,1.13,65.69,0.67
2024-04-23,09:45,April,Summer,V-Shape,77,915.84,37.55,59.44,72.42,1.4,57.94,1.17,67.85,0.67
2024-04-23,10:00,April,Summer,V-Shape,77,948.94,38.01,60.73,72.01,1.45,57.61,1.21,69.99,0.67
2024-04-23,10:15,April,Summer,V-Shape,77,960.53,38.36,61.37,71.81,1.47,57.45,1.23,70.69,0.67
2024-04-23,10:30,April,Summer,V-Shape,77,972.12,38.71,62.01,71.61,1.49,57.29,1.25,71.39,0.67
2024-04-23,10:45,April,Summer,V-Shape,77,983.71,39.06,62.65,71.41,1.51,57.12,1.26,72.08,0.67
2024-04-23,11:00,April,Summer,V-Shape,77,995.3,39.41,63.29,71.2,1.53,56.96,1.28,72.77,0.67
2024-04-23,11:15,April,Summer,V-Shape,77,978.64,39.6,63.07,71.27,1.5,57.02,1.26,71.6,0.67
2024-04-23,11:30,April,Summer,V-Shape,77,961.98,39.79,62.84,71.35,1.47,57.08,1.23,70.44,0.67
2024-04-23,11:45,April,Summer,V-Shape,77,945.33,39.98,62.61,71.42,1.45,57.13,1.21,69.28,0.67
2024-04-23,12:00,April,Summer,V-Shape,77,928.67,40.17,62.39,71.49,1.42,57.19,1.19,68.11,0.67
2024-04-23,12:15,April,Summer,V-Shape,77,874.83,40.21,61.08,71.9,1.34,57.52,1.12,64.45,0.67
2024-04-23,12:30,April,Summer,V-Shape,77,820.98,40.26,59.78,72.32,1.25,57.85,1.05,60.75,0.67
2024-04-23,12:45,April,Summer,V-Shape,77,767.14,40.3,58.48,72.73,1.17,58.18,0.98,57.02,0.67
2024-04-23,13:00,April,Summer,V-Shape,77,713.3,40.34,57.17,73.14,1.09,58.51,0.91,53.25,0.67
2024-04-23,13:15,April,Summer,V-Shape,77,685.38,40.23,56.36,73.4,1.04,58.72,0.87,51.31,0.67
2024-04-23,13:30,April,Summer,V-Shape,77,657.46,40.12,55.55,73.65,1.0,58.92,0.84,49.35,0.67
2024-04-23,13:45,April,Summer,V-Shape,77,629.54,40.0,54.74,73.91,0.96,59.13,0.8,47.38,0.67
2024-04-23,14:00,April,Summer,V-Shape,77,601.62,39.89,53.93,74.17,0.91,59.33,0.77,45.4,0.67
2024-04-23,14:15,April,Summer,V-Shape,77,546.2,39.61,52.27,74.69,0.83,59.76,0.69,41.45,0.67
2024-04-23,14:30,April,Summer,V-Shape,77,490.78,39.34,50.6,75.22,0.74,60.18,0.62,37.44,0.67
2024-04-23,14:45,April,Summer,V-Shape,77,435.36,39.06,48.94,75.75,0.66,60.6,0.55,33.39,0.67
2024-04-23,15:00,April,Summer,V-Shape,77,379.94,38.78,47.28,76.27,0.57,61.02,0.48,29.3,0.67
2024-04-23,15:15,April,Summer,V-Shape,77,335.37,38.33,45.71,76.77,0.51,61.42,0.42,25.99,0.67
2024-04-23,15:30,April,Summer,V-Shape,77,290.8,37.87,44.14,77.27,0.44,61.81,0.37,22.65,0.67
2024-04-23,15:45,April,Summer,V-Shape,77,246.23,37.41,42.57,77.76,0.37,62.21,0.31,19.27,0.67
2024-04-23,16:00,April,Summer,V-Shape,77,201.65,36.96,41.0,78.26,0.3,62.61,0.25,15.86,0.67
2024-04-23,16:15,April,Summer,V-Shape,77,161.42,36.36,39.39,78.77,0.24,63.02,0.2,12.76,0.67
2024-04-23,16:30,April,Summer,V-Shape,77,121.2,35.75,37.78,79.28,0.18,63.43,0.15,9.62,0.67
2024-04-23,16:45,April,Summer,V-Shape,77,80.97,35.14,36.17,79.79,0.12,63.83,0.1,6.46,0.67
2024-04-23,17:00,April,Summer,V-Shape,77,40.74,34.54,34.56,80.3,0.06,64.24,0.05,3.27,0.67
2024-04-23,17:15,April,Summer,V-Shape,77,30.55,34.0,33.77,80.55,0.05,64.44,0.04,2.46,0.67
2024-04-23,17:30,April,Summer,V-Shape,77,20.37,33.47,32.97,80.8,0.03,64.64,0.03,1.64,0.67
2024-04-23,17:45,April,Summer,V-Shape,77,10.19,32.93,32.18,81.05,0.02,64.84,0.01,0.82,0.67
2024-04-24,05:15,April,Summer,V-Shape,77,35.1,28.12,27.99,82.38,0.05,65.9,0.04,2.87,0.67
2024-04-24,05:30,April,Summer,V-Shape,77,65.07,28.41,29.04,82.05,0.1,65.64,0.08,5.3,0.67
2024-04-24,05:45,April,Summer,V-Shape,77,95.05,28.7,30.08,81.72,0.14,65.38,0.12,7.72,0.67
2024-04-24,06:00,April,Summer,V-Shape,77,125.02,29.0,31.13,81.39,0.19,65.11,0.16,10.12,0.67
2024-04-24,06:15,April,Summer,V-Shape,77,176.78,29.46,32.88,80.83,0.26,64.67,0.22,14.24,0.67
2024-04-24,06:30,April,Summer,V-Shape,77,228.54,29.93,34.64,80.28,0.34,64.22,0.29,18.32,0.67
2024-04-24,06:45,April,Summer,V-Shape,77,280.3,30.39,36.4,79.72,0.42,63.78,0.35,22.35,0.67
2024-04-24,07:00,April,Summer,V-Shape,77,332.06,30.85,38.15,79.16,0.5,63.33,0.42,26.34,0.67
2024-04-24,07:15,April,Summer,V-Shape,77,392.1,31.41,40.22,78.51,0.59,62.81,0.49,30.91,0.67
2024-04-24,07:30,April,Summer,V-Shape,77,452.14,31.98,42.28,77.86,0.68,62.28,0.57,35.41,0.67
2024-04-24,07:45,April,Summer,V-Shape,77,512.18,32.55,44.35,77.2,0.77,61.76,0.65,39.86,0.67
2024-04-24,08:00,April,Summer,V-Shape,77,572.22,33.11,46.42,76.55,0.86,61.24,0.72,44.24,0.67
2024-04-24,08:15,April,Summer,V-Shape,77,619.89,33.58,48.07,76.02,0.94,60.82,0.78,47.68,0.67
2024-04-24,08:30,April,Summer,V-Shape,77,667.56,34.05,49.73,75.5,1.01,60.4,0.85,51.07,0.67
2024-04-24,08:45,April,Summer,V-Shape,77,715.24,34.51,51.39,74.97,1.08,59.98,0.91,54.43,0.67
2024-04-24,09:00,April,Summer,V-Shape,77,762.91,34.98,53.05,74.45,1.16,59.56,0.97,57.74,0.67
2024-04-24,09:15,April,Summer,V-Shape,77,798.08,35.34,54.29,74.05,1.21,59.24,1.02,60.16,0.67
2024-04-24,09:30,April,Summer,V-Shape,77,833.26,35.7,55.54,73.66,1.27,58.93,1.06,62.55,0.67
2024-04-24,09:45,April,Summer,V-Shape,77,868.43,36.07,56.78,73.27,1.32,58.61,1.11,64.92,0.67
2024-04-24,10:00,April,Summer,V-Shape,77,903.61,36.43,58.02,72.87,1.38,58.3,1.15,67.27,0.67
2024-04-24,10:15,April,Summer,V-Shape,77,919.81,36.69,58.69,72.66,1.4,58.13,1.18,68.32,0.67
2024-04-24,10:30,April,Summer,V-Shape,77,936.01,36.95,59.36,72.45,1.43,57.96,1.2,69.37,0.67
2024-04-24,10:45,April,Summer,V-Shape,77,952.21,37.22,60.02,72.24,1.45,57.79,1.22,70.41,0.67
2024-04-24,11:00,April,Summer,V-Shape,77,968.41,37.48,60.69,72.03,1.48,57.62,1.24,71.44,0.67
2024-04-24,11:15,April,Summer,V-Shape,77,963.05,37.63,60.71,72.02,1.47,57.62,1.23,71.04,0.67
2024-04-24,11:30,April,Summer,V-Shape,77,957.68,37.78,60.72,72.02,1.46,57.61,1.23,70.64,0.67
2024-04-24,11:45,April,Summer,V-Shape,77,952.31,37.93,60.74,72.01,1.46,57.61,1.22,70.24,0.67
2024-04-24,12:00,April,Summer,V-Shape,77,946.94,38.08,60.75,72.01,1.45,57.61,1.21,69.84,0.67
2024-04-24,12:15,April,Summer,V-Shape,77,921.13,38.15,60.18,72.19,1.41,57.75,1.18,68.07,0.67
2024-04-24,12:30,April,Summer,V-Shape,77,895.32,38.22,59.6,72.37,1.37,57.9,1.15,66.3,0.67
2024-04-24,12:45,April,Summer,V-Shape,77,869.52,38.28,59.02,72.56,1.33,58.04,1.11,64.51,0.67
2024-04-24,13:00,April,Summer,V-Shape,77,843.71,38.35,58.44,72.74,1.29,58.19,1.08,62.72,0.67
2024-04-24,13:15,April,Summer,V-Shape,77,796.31,38.31,57.22,73.13,1.21,58.5,1.02,59.44,0.67
2024-04-24,13:30,April,Summer,V-Shape,77,748.91,38.27,55.99,73.52,1.14,58.81,0.95,56.13,0.67
2024-04-24,13:45,April,Summer,V-Shape,77,701.52,38.22,54.76,73.9,1.07,59.12,0.89,52.8,0.67
2024-04-24,14:00,April,Summer,V-Shape,77,654.12,38.18,53.53,74.29,0.99,59.43,0.83,49.43,0.67
2024-04-24,14:15,April,Summer,V-Shape,77,600.81,38.05,52.07,74.76,0.91,59.81,0.76,45.62,0.67
2024-04-24,14:30,April,Summer,V-Shape,77,547.51,37.92,50.61,75.22,0.83,60.18,0.69,41.77,0.67
2024-04-24,14:45,April,Summer,V-Shape,77,494.2,37.79,49.15,75.68,0.75,60.55,0.63,37.88,0.67
2024-04-24,15:00,April,Summer,V-Shape,77,440.89,37.66,47.68,76.15,0.67,60.92,0.56,33.95,0.67
2024-04-24,15:15,April,Summer,V-Shape,77,386.96,37.41,46.08,76.65,0.58,61.32,0.49,29.95,0.67
2024-04-24,15:30,April,Summer,V-Shape,77,333.03,37.15,44.48,77.16,0.5,61.73,0.42,25.91,0.67
2024-04-24,15:45,April,Summer,V-Shape,77,279.1,36.89,42.87,77.67,0.42,62.13,0.35,21.82,0.67
2024-04-24,16:00,April,Summer,V-Shape,77,225.17,36.64,41.27,78.18,0.34,62.54,0.28,17.69,0.67
2024-04-24,16:15,April,Summer,V-Shape,77,181.0,36.17,39.69,78.68,0.27,62.94,0.23,14.29,0.67
2024-04-24,16:30,April,Summer,V-Shape,77,136.83,35.7,38.12,79.17,0.2,63.34,0.17,10.85,0.67
2024-04-24,16:45,April,Summer,V-Shape,77,92.65,35.22,36.54,79.67,0.14,63.74,0.12,7.38,0.67
2024-04-24,17:00,April,Summer,V-Shape,77,48.48,34.75,34.96,80.17,0.07,64.14,0.06,3.88,0.67
2024-04-24,17:15,April,Summer,V-Shape,77,36.36,34.11,34.02,80.47,0.05,64.38,0.05,2.92,0.67
2024-04-24,17:30,April,Summer,V-Shape,77,24.24,33.47,33.08,80.77,0.04,64.62,0.03,1.95,0.67
2024-04-24,17:45,April,Summer,V-Shape,77,12.12,32.83,32.13,81.07,0.02,64.86,0.02,0.98,0.67
2024-04-25,05:15,April,Summer,V-Shape,77,34.29,27.68,27.54,82.52,0.05,66.02,0.04,2.81,0.67
2024-04-25,05:30,April,Summer,V-Shape,77,63.62,28.14,28.74,82.15,0.09,65.72,0.08,5.19,0.67
2024-04-25,05:45,April,Summer,V-Shape,77,92.96,28.61,29.93,81.77,0.14,65.41,0.12,7.55,0.67
2024-04-25,06:00,April,Summer,V-Shape,77,122.29,29.07,31.13,81.39,0.18,65.11,0.15,9.9,0.67
2024-04-25,06:15,April,Summer,V-Shape,77,181.03,29.77,33.3,80.7,0.27,64.56,0.23,14.57,0.67
2024-04-25,06:30,April,Summer,V-Shape,77,239.77,30.48,35.47,80.01,0.36,64.01,0.3,19.17,0.67
2024-04-25,06:45,April,Summer,V-Shape,77,298.5,31.18,37.64,79.33,0.45,63.46,0.37,23.71,0.67
2024-04-25,07:00,April,Summer,V-Shape,77,357.24,31.88,39.81,78.64,0.54,62.91,0.45,28.19,0.67
2024-04-25,07:15,April,Summer,V-Shape,77,415.44,32.44,41.82,78.0,0.62,62.4,0.52,32.58,0.67
2024-04-25,07:30,April,Summer,V-Shape,77,473.63,32.99,43.84,77.36,0.71,61.89,0.6,36.92,0.67
2024-04-25,07:45,April,Summer,V-Shape,77,531.82,33.55,45.85,76.73,0.8,61.38,0.67,41.19,0.67
2024-04-25,08:00,April,Summer,V-Shape,77,590.02,34.11,47.86,76.09,0.89,60.87,0.75,45.41,0.67
2024-04-25,08:15,April,Summer,V-Shape,77,638.95,34.55,49.53,75.56,0.97,60.45,0.81,48.92,0.67
2024-04-25,08:30,April,Summer,V-Shape,77,687.89,35.0,51.19,75.03,1.04,60.03,0.87,52.38,0.67
2024-04-25,08:45,April,Summer,V-Shape,77,736.83,35.44,52.86,74.51,1.12,59.61,0.94,55.8,0.67
2024-04-25,09:00,April,Summer,V-Shape,77,785.77,35.88,54.52,73.98,1.19,59.18,1.0,59.18,0.67
2024-04-25,09:15,April,Summer,V-Shape,77,823.83,36.21,55.81,73.57,1.25,58.86,1.05,61.79,0.67
2024-04-25,09:30,April,Summer,V-Shape,77,861.89,36.55,57.09,73.17,1.31,58.53,1.1,64.36,0.67
2024-04-25,09:45,April,Summer,V-Shape,77,899.96,36.88,58.38,72.76,1.37,58.21,1.15,66.92,0.67
2024-04-25,10:00,April,Summer,V-Shape,77,938.02,37.21,59.66,72.35,1.43,57.88,1.2,69.44,0.67
2024-04-25,10:15,April,Summer,V-Shape,77,954.32,37.38,60.24,72.17,1.46,57.73,1.22,70.51,0.67
2024-04-25,10:30,April,Summer,V-Shape,77,970.62,37.56,60.83,71.98,1.48,57.59,1.24,71.57,0.67
2024-04-25,10:45,April,Summer,V-Shape,77,986.92,37.73,61.41,71.8,1.51,57.44,1.26,72.63,0.67
2024-04-25,11:00,April,Summer,V-Shape,77,1003.22,37.91,61.99,71.62,1.54,57.29,1.29,73.68,0.67
2024-04-25,11:15,April,Summer,V-Shape,77,993.77,37.91,61.76,71.69,1.52,57.35,1.27,73.04,0.67
2024-04-25,11:30,April,Summer,V-Shape,77,984.32,37.91,61.52,71.76,1.51,57.41,1.26,72.41,0.67
2024-04-25,11:45,April,Summer,V-Shape,77,974.87,37.92,61.29,71.84,1.49,57.47,1.25,71.77,0.67
2024-04-25,12:00,April,Summer,V-Shape,77,965.42,37.92,61.06,71.91,1.48,57.53,1.24,71.13,0.67
2024-04-25,12:15,April,Summer,V-Shape,77,924.2,37.79,59.89,72.28,1.41,57.82,1.18,68.36,0.67
2024-04-25,12:30,April,Summer,V-Shape,77,882.97,37.66,58.73,72.65,1.35,58.12,1.13,65.57,0.67
2024-04-25,12:45,April,Summer,V-Shape,77,841.75,37.53,57.57,73.01,1.28,58.41,1.07,62.76,0.67
2024-04-25,13:00,April,Summer,V-Shape,77,800.52,37.4,56.41,73.38,1.22,58.7,1.02,59.92,0.67
2024-04-25,13:15,April,Summer,V-Shape,77,771.31,37.18,55.46,73.68,1.17,58.95,0.98,57.91,0.67
2024-04-25,13:30,April,Summer,V-Shape,77,742.1,36.96,54.51,73.98,1.13,59.19,0.94,55.9,0.67
2024-04-25,13:45,April,Summer,V-Shape,77,712.89,36.74,53.56,74.28,1.08,59.43,0.91,53.87,0.67
2024-04-25,14:00,April,Summer,V-Shape,77,683.68,36.52,52.61,74.58,1.04,59.67,0.87,51.82,0.67
2024-04-25,14:15,April,Summer,V-Shape,77,632.77,36.25,51.07,75.07,0.96,60.06,0.8,48.2,0.67
2024-04-25,14:30,April,Summer,V-Shape,77,581.87,35.98,49.53,75.56,0.88,60.45,0.74,44.55,0.67
2024-04-25,14:45,April,Summer,V-Shape,77,530.96,35.72,47.99,76.05,0.8,60.84,0.67,40.85,0.67
2024-04-25,15:00,April,Summer,V-Shape,77,480.06,35.45,46.45,76.54,0.72,61.23,0.61,37.11,0.67
2024-04-25,15:15,April,Summer,V-Shape,77,423.77,35.15,44.74,77.08,0.64,61.66,0.53,32.94,0.67
2024-04-25,15:30,April,Summer,V-Shape,77,367.47,34.84,43.03,77.62,0.55,62.1,0.46,28.72,0.67
2024-04-25,15:45,April,Summer,V-Shape,77,311.18,34.53,41.31,78.16,0.47,62.53,0.39,24.45,0.67
2024-04-25,16:00,April,Summer,V-Shape,77,254.89,34.23,39.6,78.7,0.38,62.96,0.32,20.13,0.67
2024-04-25,16:15,April,Summer,V-Shape,77,203.63,33.9,37.99,79.21,0.3,63.37,0.25,16.16,0.67
2024-04-25,16:30,April,Summer,V-Shape,77,152.37,33.58,36.38,79.72,0.23,63.78,0.19,12.15,0.67
2024-04-25,16:45,April,Summer,V-Shape,77,101.1,33.25,34.78,80.23,0.15,64.19,0.13,8.1,0.67
2024-04-25,17:00,April,Summer,V-Shape,77,49.84,32.92,33.17,80.74,0.07,64.59,0.06,4.01,0.67
2024-04-25,17:15,April,Summer,V-Shape,77,37.38,32.61,32.54,80.94,0.06,64.75,0.05,3.01,0.67
2024-04-25,17:30,April,Summer,V-Shape,77,24.92,32.29,31.91,81.14,0.04,64.91,0.03,2.01,0.67
2024-04-25,17:45,April,Summer,V-Shape,77,12.46,31.98,31.29,81.34,0.02,65.07,0.02,1.01,0.67
2024-04-26,05:15,April,Summer,V-Shape,77,37.14,26.83,26.75,82.77,0.05,66.22,0.05,3.05,0.67
2024-04-26,05:30,April,Summer,V-Shape,77,69.02,27.39,28.12,82.34,0.1,65.87,0.09,5.64,0.67
2024-04-26,05:45,April,Summer,V-Shape,77,100.91,27.95,29.48,81.91,0.15,65.53,0.13,8.21,0.67
2024-04-26,06:00,April,Summer,V-Shape,77,132.79,28.52,30.84,81.48,0.2,65.18,0.17,10.76,0.67
2024-04-26,06:15,April,Summer,V-Shape,77,190.32,29.25,33.0,80.79,0.28,64.64,0.24,15.33,0.67
2024-04-26,06:30,April,Summer,V-Shape,77,247.85,29.97,35.17,80.11,0.37,64.09,0.31,19.83,0.67
2024-04-26,06:45,April,Summer,V-Shape,77,305.37,30.7,37.33,79.42,0.46,63.54,0.38,24.28,0.67
2024-04-26,07:00,April,Summer,V-Shape,77,362.9,31.42,39.49,78.74,0.54,62.99,0.46,28.67,0.67
2024-04-26,07:15,April,Summer,V-Shape,77,423.34,32.15,41.74,78.03,0.64,62.42,0.53,33.21,0.67
2024-04-26,07:30,April,Summer,V-Shape,77,483.79,32.89,43.98,77.32,0.73,61.85,0.61,37.69,0.67
2024-04-26,07:45,April,Summer,V-Shape,77,544.23,33.62,46.22,76.61,0.82,61.29,0.69,42.11,0.67
2024-04-26,08:00,April,Summer,V-Shape,77,604.67,34.35,48.47,75.9,0.91,60.72,0.77,46.45,0.67
2024-04-26,08:15,April,Summer,V-Shape,77,658.3,34.92,50.38,75.29,1.0,60.23,0.83,50.26,0.67
2024-04-26,08:30,April,Summer,V-Shape,77,711.93,35.5,52.29,74.69,1.08,59.75,0.9,54.02,0.67
2024-04-26,08:45,April,Summer,V-Shape,77,765.55,36.07,54.21,74.08,1.16,59.26,0.97,57.72,0.67
2024-04-26,09:00,April,Summer,V-Shape,77,819.18,36.64,56.12,73.47,1.25,58.78,1.04,61.37,0.67
2024-04-26,09:15,April,Summer,V-Shape,77,854.89,37.11,57.48,73.04,1.3,58.43,1.09,63.76,0.67
2024-04-26,09:30,April,Summer,V-Shape,77,890.59,37.59,58.85,72.61,1.36,58.09,1.14,66.11,0.67
2024-04-26,09:45,April,Summer,V-Shape,77,926.3,38.06,60.22,72.18,1.42,57.74,1.19,68.45,0.67
2024-04-26,10:00,April,Summer,V-Shape,77,962.01,38.53,61.58,71.74,1.47,57.4,1.23,70.75,0.67
2024-04-26,10:15,April,Summer,V-Shape,77,977.22,38.89,62.32,71.51,1.5,57.21,1.25,71.69,0.67
2024-04-26,10:30,April,Summer,V-Shape,77,992.43,39.24,63.05,71.28,1.52,57.02,1.27,72.62,0.67
2024-04-26,10:45,April,Summer,V-Shape,77,1007.65,39.59,63.79,71.05,1.54,56.84,1.29,73.54,0.67
2024-04-26,11:00,April,Summer,V-Shape,77,1022.86,39.95,64.52,70.81,1.57,56.65,1.31,74.46,0.67
2024-04-26,11:15,April,Summer,V-Shape,77,997.53,40.15,64.09,70.95,1.53,56.76,1.28,72.73,0.67
2024-04-26,11:30,April,Summer,V-Shape,77,972.2,40.36,63.66,71.09,1.49,56.87,1.25,70.99,0.67
2024-04-26,11:45,April,Summer,V-Shape,77,946.86,40.56,63.23,71.22,1.45,56.98,1.22,69.24,0.67
2024-04-26,12:00,April,Summer,V-Shape,77,921.53,40.76,62.8,71.36,1.41,57.09,1.18,67.49,0.67
2024-04-26,12:15,April,Summer,V-Shape,77,907.05,40.81,62.48,71.46,1.39,57.17,1.16,66.5,0.67
2024-04-26,12:30,April,Summer,V-Shape,77,892.56,40.86,62.17,71.56,1.37,57.25,1.14,65.51,0.67
2024-04-26,12:45,April,Summer,V-Shape,77,878.08,40.9,61.85,71.66,1.34,57.33,1.13,64.52,0.67
2024-04-26,13:00,April,Summer,V-Shape,77,863.59,40.95,61.54,71.76,1.32,57.41,1.11,63.52,0.67
2024-04-26,13:15,April,Summer,V-Shape,77,820.96,40.84,60.36,72.13,1.25,57.7,1.05,60.63,0.67
2024-04-26,13:30,April,Summer,V-Shape,77,778.32,40.73,59.19,72.5,1.19,58.0,1.0,57.71,0.67
2024-04-26,13:45,April,Summer,V-Shape,77,735.69,40.62,58.01,72.87,1.12,58.3,0.94,54.77,0.67
2024-04-26,14:00,April,Summer,V-Shape,77,693.05,40.51,56.84,73.25,1.06,58.6,0.88,51.8,0.67
2024-04-26,14:15,April,Summer,V-Shape,77,639.31,40.25,55.23,73.76,0.97,59.0,0.81,48.04,0.67
2024-04-26,14:30,April,Summer,V-Shape,77,585.57,39.98,53.62,74.26,0.89,59.41,0.74,44.24,0.67
2024-04-26,14:45,April,Summer,V-Shape,77,531.84,39.72,52.02,74.77,0.81,59.82,0.68,40.39,0.67
2024-04-26,15:00,April,Summer,V-Shape,77,478.1,39.46,50.41,75.28,0.72,60.23,0.61,36.5,0.67
2024-04-26,15:15,April,Summer,V-Shape,77,417.49,39.04,48.47,75.89,0.63,60.72,0.53,32.07,0.67
2024-04-26,15:30,April,Summer,V-Shape,77,356.87,38.62,46.54,76.51,0.54,61.21,0.45,27.58,0.67
2024-04-26,15:45,April,Summer,V-Shape,77,296.26,38.19,44.6,77.12,0.45,61.7,0.37,23.04,0.67
2024-04-26,16:00,April,Summer,V-Shape,77,235.65,37.77,42.66,77.74,0.35,62.19,0.3,18.44,0.67
2024-04-26,16:15,April,Summer,V-Shape,77,188.85,37.19,40.91,78.29,0.28,62.63,0.24,14.85,0.67
2024-04-26,16:30,April,Summer,V-Shape,77,142.05,36.61,39.16,78.84,0.21,63.08,0.18,11.23,0.67
2024-04-26,16:45,April,Summer,V-Shape,77,95.26,36.03,37.41,79.4,0.14,63.52,0.12,7.57,0.67
2024-04-26,17:00,April,Summer,V-Shape,77,48.46,35.45,35.66,79.95,0.07,63.96,0.06,3.87,0.67
2024-04-26,17:15,April,Summer,V-Shape,77,36.34,34.89,34.79,80.23,0.05,64.18,0.05,2.91,0.67
2024-04-26,17:30,April,Summer,V-Shape,77,24.23,34.32,33.93,80.5,0.04,64.4,0.03,1.95,0.67
2024-04-26,17:45,April,Summer,V-Shape,77,12.11,33.75,33.06,80.78,0.02,64.62,0.02,0.98,0.67
2024-04-27,05:00,April,Summer,V-Shape,77,5.35,27.33,26.46,82.86,0.01,66.29,0.01,0.44,0.67
2024-04-27,05:15,April,Summer,V-Shape,77,36.42,27.73,27.64,82.49,0.05,65.99,0.05,2.98,0.67
2024-04-27,05:30,April,Summer,V-Shape,77,67.48,28.13,28.82,82.12,0.1,65.7,0.08,5.5,0.67
2024-04-27,05:45,April,Summer,V-Shape,77,98.54,28.53,29.99,81.75,0.15,65.4,0.12,8.01,0.67
2024-04-27,06:00,April,Summer,V-Shape,77,129.6,28.93,31.17,81.37,0.19,65.1,0.16,10.49,0.67
2024-04-27,06:15,April,Summer,V-Shape,77,183.36,29.57,33.16,80.75,0.27,64.6,0.23,14.76,0.67
2024-04-27,06:30,April,Summer,V-Shape,77,237.12,30.21,35.14,80.12,0.35,64.09,0.3,18.98,0.67
2024-04-27,06:45,April,Summer,V-Shape,77,290.88,30.86,37.13,79.49,0.43,63.59,0.36,23.14,0.67
2024-04-27,07:00,April,Summer,V-Shape,77,344.64,31.5,39.12,78.86,0.52,63.09,0.43,27.26,0.67
2024-04-27,07:15,April,Summer,V-Shape,77,400.47,32.12,41.14,78.22,0.6,62.57,0.5,31.48,0.67
2024-04-27,07:30,April,Summer,V-Shape,77,456.3,32.75,43.16,77.58,0.69,62.06,0.57,35.64,0.67
2024-04-27,07:45,April,Summer,V-Shape,77,512.13,33.38,45.18,76.94,0.77,61.55,0.65,39.75,0.67
2024-04-27,08:00,April,Summer,V-Shape,77,567.97,34.0,47.2,76.3,0.86,61.04,0.72,43.81,0.67
2024-04-27,08:15,April,Summer,V-Shape,77,621.77,34.62,49.16,75.68,0.94,60.54,0.79,47.66,0.67
2024-04-27,08:30,April,Summer,V-Shape,77,675.57,35.23,51.12,75.06,1.02,60.05,0.86,51.45,0.67
2024-04-27,08:45,April,Summer,V-Shape,77,729.37,35.84,53.08,74.44,1.11,59.55,0.93,55.2,0.67
2024-04-27,09:00,April,Summer,V-Shape,77,783.17,36.46,55.04,73.82,1.19,59.05,1.0,58.89,0.67
2024-04-27,09:15,April,Summer,V-Shape,77,815.53,36.98,56.37,73.39,1.24,58.72,1.04,61.05,0.67
2024-04-27,09:30,April,Summer,V-Shape,77,847.89,37.5,57.7,72.97,1.29,58.38,1.08,63.19,0.67
2024-04-27,09:45,April,Summer,V-Shape,77,880.25,38.03,59.03,72.55,1.34,58.04,1.13,65.31,0.67
2024-04-27,10:00,April,Summer,V-Shape,77,912.61,38.55,60.37,72.13,1.39,57.7,1.17,67.4,0.67
2024-04-27,10:15,April,Summer,V-Shape,77,926.03,38.92,61.07,71.91,1.42,57.52,1.19,68.22,0.67
2024-04-27,10:30,April,Summer,V-Shape,77,939.45,39.3,61.78,71.68,1.44,57.35,1.2,69.04,0.67
2024-04-27,10:45,April,Summer,V-Shape,77,952.87,39.67,62.49,71.46,1.46,57.17,1.22,69.86,0.67
2024-04-27,11:00,April,Summer,V-Shape,77,966.29,40.04,63.2,71.23,1.48,56.99,1.24,70.67,0.67
2024-04-27,11:15,April,Summer,V-Shape,77,968.26,40.25,63.46,71.15,1.48,56.92,1.24,70.75,0.67
2024-04-27,11:30,April,Summer,V-Shape,77,970.23,40.47,63.73,71.07,1.49,56.85,1.25,70.83,0.67
2024-04-27,11:45,April,Summer,V-Shape,77,972.2,40.69,63.99,70.98,1.49,56.79,1.25,70.9,0.67
2024-04-27,12:00,April,Summer,V-Shape,77,974.17,40.9,64.25,70.9,1.49,56.72,1.25,70.98,0.67
2024-04-27,12:15,April,Summer,V-Shape,77,937.01,40.95,63.38,71.18,1.44,56.94,1.2,68.49,0.67
2024-04-27,12:30,April,Summer,V-Shape,77,899.85,41.0,62.5,71.45,1.38,57.16,1.15,65.97,0.67
2024-04-27,12:45,April,Summer,V-Shape,77,862.69,41.05,61.62,71.73,1.32,57.39,1.11,63.44,0.67
2024-04-27,13:00,April,Summer,V-Shape,77,825.53,41.1,60.74,72.01,1.26,57.61,1.06,60.89,0.67
2024-04-27,13:15,April,Summer,V-Shape,77,786.27,40.95,59.61,72.37,1.2,57.89,1.01,58.22,0.67
2024-04-27,13:30,April,Summer,V-Shape,77,747.02,40.81,58.49,72.72,1.14,58.18,0.95,55.52,0.67
2024-04-27,13:45,April,Summer,V-Shape,77,707.76,40.67,57.36,73.08,1.08,58.47,0.9,52.81,0.67
2024-04-27,14:00,April,Summer,V-Shape,77,668.5,40.52,56.23,73.44,1.02,58.75,0.85,50.07,0.67
2024-04-27,14:15,April,Summer,V-Shape,77,620.73,40.22,54.74,73.91,0.94,59.13,0.79,46.72,0.67
2024-04-27,14:30,April,Summer,V-Shape,77,572.95,39.92,53.24,74.39,0.87,59.51,0.73,43.34,0.67
2024-04-27,14:45,April,Summer,V-Shape,77,525.18,39.61,51.74,74.86,0.8,59.89,0.67,39.92,0.67
2024-04-27,15:00,April,Summer,V-Shape,77,477.4,39.31,50.25,75.33,0.72,60.27,0.61,36.46,0.67
2024-04-27,15:15,April,Summer,V-Shape,77,421.31,38.89,48.42,75.91,0.64,60.73,0.53,32.37,0.67
2024-04-27,15:30,April,Summer,V-Shape,77,365.22,38.46,46.59,76.49,0.55,61.19,0.46,28.22,0.67
2024-04-27,15:45,April,Summer,V-Shape,77,309.12,38.03,44.76,77.07,0.47,61.66,0.39,24.03,0.67
2024-04-27,16:00,April,Summer,V-Shape,77,253.03,37.61,42.94,77.65,0.38,62.12,0.32,19.78,0.67
2024-04-27,16:15,April,Summer,V-Shape,77,203.11,37.07,41.15,78.21,0.3,62.57,0.26,15.96,0.67
2024-04-27,16:30,April,Summer,V-Shape,77,153.2,36.53,39.37,78.78,0.23,63.02,0.19,12.11,0.67
2024-04-27,16:45,April,Summer,V-Shape,77,103.29,36.0,37.58,79.34,0.15,63.48,0.13,8.21,0.67
2024-04-27,17:00,April,Summer,V-Shape,77,53.37,35.46,35.79,79.91,0.08,63.93,0.07,4.26,0.67
2024-04-27,17:15,April,Summer,V-Shape,77,40.03,34.96,34.96,80.17,0.06,64.14,0.05,3.21,0.67
2024-04-27,17:30,April,Summer,V-Shape,77,26.69,34.46,34.13,80.44,0.04,64.35,0.03,2.14,0.67
2024-04-27,17:45,April,Summer,V-Shape,77,13.34,33.96,33.29,80.7,0.02,64.56,0.02,1.07,0.67
2024-04-28,05:00,April,Summer,V-Shape,77,5.35,27.22,26.35,82.9,0.01,66.32,0.01,0.44,0.67
2024-04-28,05:15,April,Summer,V-Shape,77,33.04,27.66,27.49,82.54,0.05,66.03,0.04,2.7,0.67
2024-04-28,05:30,April,Summer,V-Shape,77,60.72,28.11,28.63,82.18,0.09,65.74,0.08,4.95,0.67
2024-04-28,05:45,April,Summer,V-Shape,77,88.4,28.55,29.76,81.82,0.13,65.46,0.11,7.19,0.67
2024-04-28,06:00,April,Summer,V-Shape,77,116.08,29.0,30.9,81.46,0.17,65.17,0.14,9.41,0.67
2024-04-28,06:15,April,Summer,V-Shape,77,169.02,29.57,32.8,80.86,0.25,64.69,0.21,13.62,0.67
2024-04-28,06:30,April,Summer,V-Shape,77,221.96,30.15,34.7,80.26,0.33,64.21,0.28,17.79,0.67
2024-04-28,06:45,April,Summer,V-Shape,77,274.9,30.73,36.6,79.66,0.41,63.72,0.34,21.91,0.67
2024-04-28,07:00,April,Summer,V-Shape,77,327.84,31.3,38.5,79.05,0.49,63.24,0.41,25.98,0.67
2024-04-28,07:15,April,Summer,V-Shape,77,374.28,31.93,40.29,78.49,0.56,62.79,0.47,29.49,0.67
2024-04-28,07:30,April,Summer,V-Shape,77,420.71,32.56,42.08,77.92,0.63,62.34,0.53,32.97,0.67
2024-04-28,07:45,April,Summer,V-Shape,77,467.14,33.2,43.88,77.35,0.7,61.88,0.59,36.41,0.67
2024-04-28,08:00,April,Summer,V-Shape,77,513.58,33.83,45.67,76.78,0.77,61.43,0.65,39.8,0.67
2024-04-28,08:15,April,Summer,V-Shape,77,564.05,34.45,47.55,76.19,0.85,60.95,0.71,43.46,0.67
2024-04-28,08:30,April,Summer,V-Shape,77,614.52,35.06,49.42,75.59,0.93,60.48,0.78,47.06,0.67
2024-04-28,08:45,April,Summer,V-Shape,77,665.0,35.67,51.3,75.0,1.01,60.0,0.84,50.62,0.67
2024-04-28,09:00,April,Summer,V-Shape,77,715.47,36.29,53.18,74.41,1.09,59.52,0.91,54.13,0.67
2024-04-28,09:15,April,Summer,V-Shape,77,754.88,36.78,54.65,73.94,1.15,59.15,0.96,56.83,0.67
2024-04-28,09:30,April,Summer,V-Shape,77,794.29,37.27,56.13,73.47,1.21,58.78,1.01,59.51,0.67
2024-04-28,09:45,April,Summer,V-Shape,77,833.7,37.76,57.6,73.0,1.27,58.4,1.06,62.15,0.67
2024-04-28,10:00,April,Summer,V-Shape,77,873.11,38.25,59.08,72.54,1.33,58.03,1.12,64.77,0.67
2024-04-28,10:15,April,Summer,V-Shape,77,894.74,38.61,59.98,72.25,1.37,57.8,1.14,66.17,0.67
2024-04-28,10:30,April,Summer,V-Shape,77,916.38,38.98,60.88,71.97,1.4,57.57,1.17,67.56,0.67
2024-04-28,10:45,April,Summer,V-Shape,77,938.01,39.34,61.79,71.68,1.44,57.34,1.2,68.94,0.67
2024-04-28,11:00,April,Summer,V-Shape,77,959.65,39.7,62.69,71.39,1.47,57.11,1.23,70.31,0.67
2024-04-28,11:15,April,Summer,V-Shape,77,948.76,39.92,62.64,71.41,1.45,57.13,1.22,69.52,0.67
2024-04-28,11:30,April,Summer,V-Shape,77,937.87,40.14,62.58,71.43,1.44,57.14,1.2,68.74,0.67
2024-04-28,11:45,April,Summer,V-Shape,77,926.98,40.35,62.53,71.45,1.42,57.16,1.19,67.95,0.67
2024-04-28,12:00,April,Summer,V-Shape,77,916.09,40.57,62.47,71.46,1.4,57.17,1.17,67.17,0.67
2024-04-28,12:15,April,Summer,V-Shape,77,894.58,40.64,62.0,71.61,1.37,57.29,1.15,65.7,0.67
2024-04-28,12:30,April,Summer,V-Shape,77,873.08,40.7,61.53,71.76,1.34,57.41,1.12,64.22,0.67
2024-04-28,12:45,April,Summer,V-Shape,77,851.57,40.77,61.06,71.91,1.3,57.53,1.09,62.74,0.67
2024-04-28,13:00,April,Summer,V-Shape,77,830.06,40.84,60.59,72.06,1.27,57.65,1.06,61.25,0.67
2024-04-28,13:15,April,Summer,V-Shape,77,785.74,40.74,59.38,72.44,1.2,57.95,1.0,58.22,0.67
2024-04-28,13:30,April,Summer,V-Shape,77,741.43,40.64,58.17,72.82,1.13,58.26,0.95,55.17,0.67
2024-04-28,13:45,April,Summer,V-Shape,77,697.12,40.53,56.96,73.21,1.06,58.57,0.89,52.08,0.67
2024-04-28,14:00,April,Summer,V-Shape,77,652.81,40.43,55.75,73.59,0.99,58.87,0.83,48.97,0.67
2024-04-28,14:15,April,Summer,V-Shape,77,606.18,40.19,54.34,74.04,0.92,59.23,0.77,45.69,0.67
2024-04-28,14:30,April,Summer,V-Shape,77,559.56,39.94,52.93,74.48,0.85,59.59,0.71,42.37,0.67
2024-04-28,14:45,April,Summer,V-Shape,77,512.93,39.7,51.52,74.93,0.78,59.94,0.65,39.02,0.67
2024-04-28,15:00,April,Summer,V-Shape,77,466.31,39.45,50.11,75.38,0.71,60.3,0.59,35.63,0.67
2024-04-28,15:15,April,Summer,V-Shape,77,408.9,39.04,48.26,75.96,0.62,60.77,0.52,31.43,0.67
2024-04-28,15:30,April,Summer,V-Shape,77,351.5,38.63,46.42,76.55,0.53,61.24,0.44,27.18,0.67
2024-04-28,15:45,April,Summer,V-Shape,77,294.1,38.22,44.57,77.13,0.44,61.7,0.37,22.87,0.67
2024-04-28,16:00,April,Summer,V-Shape,77,236.7,37.81,42.73,77.71,0.36,62.17,0.3,18.51,0.67
2024-04-28,16:15,April,Summer,V-Shape,77,189.88,37.26,41.01,78.26,0.28,62.61,0.24,14.93,0.67
2024-04-28,16:30,April,Summer,V-Shape,77,143.05,36.72,39.29,78.8,0.21,63.04,0.18,11.31,0.67
2024-04-28,16:45,April,Summer,V-Shape,77,96.23,36.17,37.57,79.35,0.14,63.48,0.12,7.65,0.67
2024-04-28,17:00,April,Summer,V-Shape,77,49.4,35.62,35.86,79.89,0.07,63.91,0.06,3.95,0.67
2024-04-28,17:15,April,Summer,V-Shape,77,37.05,35.09,35.02,80.15,0.06,64.12,0.05,2.97,0.67
2024-04-28,17:30,April,Summer,V-Shape,77,24.7,34.57,34.19,80.42,0.04,64.34,0.03,1.98,0.67
2024-04-28,17:45,April,Summer,V-Shape,77,12.35,34.05,33.35,80.68,0.02,64.55,0.02,0.99,0.67
2024-04-29,05:00,April,Summer,V-Shape,77,5.62,27.61,26.75,82.77,0.01,66.22,0.01,0.46,0.67
2024-04-29,05:15,April,Summer,V-Shape,77,37.86,27.94,27.89,82.41,0.06,65.93,0.05,3.09,0.67
2024-04-29,05:30,April,Summer,V-Shape,77,70.1,28.27,29.03,82.05,0.1,65.64,0.09,5.71,0.67
2024-04-29,05:45,April,Summer,V-Shape,77,102.35,28.61,30.17,81.69,0.15,65.35,0.13,8.31,0.67
2024-04-29,06:00,April,Summer,V-Shape,77,134.59,28.94,31.3,81.33,0.2,65.07,0.17,10.89,0.67
2024-04-29,06:15,April,Summer,V-Shape,77,191.35,29.51,33.29,80.7,0.28,64.56,0.24,15.4,0.67
2024-04-29,06:30,April,Summer,V-Shape,77,248.1,30.08,35.28,80.07,0.37,64.06,0.31,19.85,0.67
2024-04-29,06:45,April,Summer,V-Shape,77,304.86,30.65,37.27,79.44,0.46,63.55,0.38,24.24,0.67
2024-04-29,07:00,April,Summer,V-Shape,77,361.62,31.22,39.26,78.81,0.54,63.05,0.45,28.59,0.67
2024-04-29,07:15,April,Summer,V-Shape,77,423.03,31.84,41.42,78.13,0.63,62.5,0.53,33.22,0.67
2024-04-29,07:30,April,Summer,V-Shape,77,484.43,32.47,43.58,77.45,0.73,61.96,0.61,37.79,0.67
2024-04-29,07:45,April,Summer,V-Shape,77,545.84,33.09,45.73,76.76,0.82,61.41,0.69,42.3,0.67
2024-04-29,08:00,April,Summer,V-Shape,77,607.25,33.71,47.89,76.08,0.92,60.86,0.77,46.73,0.67
2024-04-29,08:15,April,Summer,V-Shape,77,655.14,34.3,49.68,75.51,0.99,60.41,0.83,50.13,0.67
2024-04-29,08:30,April,Summer,V-Shape,77,703.03,34.89,51.46,74.95,1.07,59.96,0.89,53.49,0.67
2024-04-29,08:45,April,Summer,V-Shape,77,750.93,35.47,53.25,74.38,1.14,59.51,0.95,56.8,0.67
2024-04-29,09:00,April,Summer,V-Shape,77,798.82,36.06,55.03,73.82,1.21,59.06,1.02,60.07,0.67
2024-04-29,09:15,April,Summer,V-Shape,77,832.83,36.55,56.37,73.4,1.27,58.72,1.06,62.34,0.67
2024-04-29,09:30,April,Summer,V-Shape,77,866.83,37.03,57.7,72.97,1.32,58.38,1.11,64.6,0.67
2024-04-29,09:45,April,Summer,V-Shape,77,900.84,37.52,59.04,72.55,1.37,58.04,1.15,66.83,0.67
2024-04-29,10:00,April,Summer,V-Shape,77,934.85,38.0,60.37,72.13,1.43,57.7,1.2,69.04,0.67
2024-04-29,10:15,April,Summer,V-Shape,77,940.99,38.34,60.86,71.97,1.44,57.58,1.2,69.38,0.67
2024-04-29,10:30,April,Summer,V-Shape,77,947.13,38.67,61.35,71.82,1.45,57.45,1.21,69.71,0.67
2024-04-29,10:45,April,Summer,V-Shape,77,953.27,39.01,61.84,71.66,1.46,57.33,1.22,70.04,0.67
2024-04-29,11:00,April,Summer,V-Shape,77,959.41,39.35,62.34,71.51,1.47,57.2,1.23,70.38,0.67
2024-04-29,11:15,April,Summer,V-Shape,77,948.49,39.53,62.24,71.54,1.45,57.23,1.22,69.6,0.67
2024-04-29,11:30,April,Summer,V-Shape,77,937.58,39.71,62.15,71.56,1.44,57.25,1.2,68.82,0.67
2024-04-29,11:45,April,Summer,V-Shape,77,926.67,39.89,62.06,71.59,1.42,57.28,1.19,68.04,0.67
2024-04-29,12:00,April,Summer,V-Shape,77,915.76,40.07,61.96,71.62,1.4,57.3,1.17,67.26,0.67
2024-04-29,12:15,April,Summer,V-Shape,77,891.07,40.11,61.39,71.81,1.36,57.44,1.14,65.58,0.67
2024-04-29,12:30,April,Summer,V-Shape,77,866.38,40.16,60.81,71.99,1.32,57.59,1.11,63.89,0.67
2024-04-29,12:45,April,Summer,V-Shape,77,841.69,40.2,60.24,72.17,1.29,57.74,1.08,62.19,0.67
2024-04-29,13:00,April,Summer,V-Shape,77,817.01,40.24,59.67,72.35,1.25,57.88,1.04,60.48,0.67
2024-04-29,13:15,April,Summer,V-Shape,77,779.43,40.07,58.56,72.7,1.19,58.16,1.0,57.92,0.67
2024-04-29,13:30,April,Summer,V-Shape,77,741.85,39.91,57.45,73.05,1.13,58.44,0.95,55.33,0.67
2024-04-29,13:45,April,Summer,V-Shape,77,704.27,39.74,56.34,73.4,1.07,58.72,0.9,52.73,0.67
2024-04-29,14:00,April,Summer,V-Shape,77,666.7,39.57,55.24,73.75,1.01,59.0,0.85,50.1,0.67
2024-04-29,14:15,April,Summer,V-Shape,77,616.94,39.27,53.7,74.24,0.94,59.39,0.78,46.59,0.67
2024-04-29,14:30,April,Summer,V-Shape,77,567.17,38.98,52.15,74.73,0.86,59.78,0.72,43.05,0.67
2024-04-29,14:45,April,Summer,V-Shape,77,517.41,38.68,50.61,75.22,0.78,60.17,0.66,39.47,0.67
2024-04-29,15:00,April,Summer,V-Shape,77,467.65,38.38,49.07,75.71,0.71,60.56,0.59,35.85,0.67
2024-04-29,15:15,April,Summer,V-Shape,77,409.63,37.94,47.18,76.31,0.62,61.04,0.52,31.6,0.67
2024-04-29,15:30,April,Summer,V-Shape,77,351.61,37.49,45.28,76.91,0.53,61.53,0.44,27.28,0.67
2024-04-29,15:45,April,Summer,V-Shape,77,293.59,37.05,43.38,77.51,0.44,62.01,0.37,22.92,0.67
2024-04-29,16:00,April,Summer,V-Shape,77,235.57,36.6,41.49,78.11,0.35,62.49,0.3,18.5,0.67
2024-04-29,16:15,April,Summer,V-Shape,77,188.97,36.06,39.79,78.65,0.28,62.92,0.24,14.91,0.67
2024-04-29,16:30,April,Summer,V-Shape,77,142.38,35.53,38.08,79.18,0.21,63.35,0.18,11.3,0.67
2024-04-29,16:45,April,Summer,V-Shape,77,95.79,34.99,36.38,79.72,0.14,63.78,0.12,7.64,0.67
2024-04-29,17:00,April,Summer,V-Shape,77,49.19,34.45,34.68,80.26,0.07,64.21,0.06,3.94,0.67
2024-04-29,17:15,April,Summer,V-Shape,77,36.89,33.97,33.89,80.51,0.05,64.41,0.05,2.96,0.67
2024-04-29,17:30,April,Summer,V-Shape,77,24.6,33.48,33.09,80.76,0.04,64.61,0.03,1.98,0.67
2024-04-29,17:45,April,Summer,V-Shape,77,12.3,32.99,32.3,81.02,0.02,64.81,0.02,0.99,0.67
2024-04-30,05:00,April,Summer,V-Shape,77,5.44,28.09,27.23,82.62,0.01,66.1,0.01,0.45,0.67
2024-04-30,05:15,April,Summer,V-Shape,77,34.18,28.42,28.27,82.29,0.05,65.83,0.04,2.79,0.67
2024-04-30,05:30,April,Summer,V-Shape,77,62.93,28.75,29.32,81.96,0.09,65.57,0.08,5.12,0.67
2024-04-30,05:45,April,Summer,V-Shape,77,91.67,29.08,30.37,81.63,0.14,65.3,0.11,7.44,0.67
2024-04-30,06:00,April,Summer,V-Shape,77,120.41,29.41,31.42,81.3,0.18,65.04,0.15,9.74,0.67
2024-04-30,06:15,April,Summer,V-Shape,77,172.91,30.01,33.33,80.69,0.26,64.55,0.22,13.91,0.67
2024-04-30,06:30,April,Summer,V-Shape,77,225.41,30.61,35.24,80.09,0.34,64.07,0.28,18.03,0.67
2024-04-30,06:45,April,Summer,V-Shape,77,277.91,31.2,37.15,79.48,0.42,63.58,0.35,22.11,0.67
2024-04-30,07:00,April,Summer,V-Shape,77,330.4,31.8,39.06,78.88,0.49,63.1,0.41,26.13,0.67
2024-04-30,07:15,April,Summer,V-Shape,77,382.87,32.43,41.0,78.26,0.57,62.61,0.48,30.11,0.67
2024-04-30,07:30,April,Summer,V-Shape,77,435.33,33.06,42.95,77.64,0.65,62.12,0.55,34.03,0.67
2024-04-30,07:45,April,Summer,V-Shape,77,487.79,33.7,44.89,77.03,0.73,61.62,0.61,37.9,0.67
2024-04-30,08:00,April,Summer,V-Shape,77,540.26,34.33,46.84,76.41,0.81,61.13,0.68,41.72,0.67
2024-04-30,08:15,April,Summer,V-Shape,77,575.28,34.92,48.31,75.95,0.87,60.76,0.73,44.21,0.67
2024-04-30,08:30,April,Summer,V-Shape,77,610.31,35.52,49.78,75.48,0.92,60.39,0.77,46.69,0.67
2024-04-30,08:45,April,Summer,V-Shape,77,645.34,36.12,51.25,75.02,0.98,60.01,0.82,49.13,0.67
2024-04-30,09:00,April,Summer,V-Shape,77,680.37,36.71,52.72,74.55,1.03,59.64,0.86,51.55,0.67
2024-04-30,09:15,April,Summer,V-Shape,77,711.25,37.24,54.02,74.14,1.08,59.31,0.9,53.66,0.67
2024-04-30,09:30,April,Summer,V-Shape,77,742.12,37.78,55.33,73.72,1.13,58.98,0.95,55.75,0.67
2024-04-30,09:45,April,Summer,V-Shape,77,773.0,38.31,56.63,73.31,1.18,58.65,0.99,57.81,0.67
2024-04-30,10:00,April,Summer,V-Shape,77,803.88,38.84,57.94,72.9,1.23,58.32,1.03,59.86,0.67
2024-04-30,10:15,April,Summer,V-Shape,77,837.28,39.23,59.17,72.51,1.28,58.01,1.07,62.09,0.67
2024-04-30,10:30,April,Summer,V-Shape,77,870.69,39.63,60.4,72.12,1.33,57.7,1.11,64.3,0.67
2024-04-30,10:45,April,Summer,V-Shape,77,904.09,40.03,61.63,71.73,1.38,57.38,1.16,66.48,0.67
2024-04-30,11:00,April,Summer,V-Shape,77,937.49,40.42,62.86,71.34,1.44,57.07,1.2,68.64,0.67
2024-04-30,11:15,April,Summer,V-Shape,77,923.95,40.66,62.75,71.37,1.42,57.1,1.19,67.68,0.67
2024-04-30,11:30,April,Summer,V-Shape,77,910.4,40.89,62.65,71.41,1.39,57.12,1.17,66.71,0.67
2024-04-30,11:45,April,Summer,V-Shape,77,896.86,41.12,62.55,71.44,1.37,57.15,1.15,65.74,0.67
2024-04-30,12:00,April,Summer,V-Shape,77,883.31,41.36,62.44,71.47,1.35,57.18,1.13,64.77,0.67
2024-04-30,12:15,April,Summer,V-Shape,77,826.34,41.42,61.08,71.9,1.26,57.52,1.06,60.88,0.67
2024-04-30,12:30,April,Summer,V-Shape,77,769.36,41.48,59.72,72.33,1.18,57.87,0.98,56.95,0.67
2024-04-30,12:45,April,Summer,V-Shape,77,712.39,41.55,58.36,72.77,1.09,58.21,0.91,52.97,0.67
2024-04-30,13:00,April,Summer,V-Shape,77,655.41,41.61,57.0,73.2,1.0,58.56,0.84,48.96,0.67
2024-04-30,13:15,April,Summer,V-Shape,77,648.98,41.47,56.69,73.29,0.99,58.63,0.83,48.53,0.67
2024-04-30,13:30,April,Summer,V-Shape,77,642.55,41.33,56.39,73.39,0.98,58.71,0.82,48.1,0.67
2024-04-30,13:45,April,Summer,V-Shape,77,636.12,41.18,56.09,73.48,0.97,58.79,0.81,47.66,0.67
2024-04-30,14:00,April,Summer,V-Shape,77,629.69,41.04,55.78,73.58,0.96,58.86,0.8,47.23,0.67
2024-04-30,14:15,April,Summer,V-Shape,77,569.07,40.72,53.94,74.16,0.86,59.33,0.72,42.94,0.67
2024-04-30,14:30,April,Summer,V-Shape,77,508.46,40.39,52.11,74.74,0.77,59.8,0.65,38.6,0.67
2024-04-30,14:45,April,Summer,V-Shape,77,447.85,40.07,50.27,75.33,0.68,60.26,0.57,34.2,0.67
2024-04-30,15:00,April,Summer,V-Shape,77,387.24,39.75,48.43,75.91,0.58,60.73,0.49,29.75,0.67
2024-04-30,15:15,April,Summer,V-Shape,77,337.08,39.28,46.71,76.45,0.51,61.16,0.43,26.04,0.67
2024-04-30,15:30,April,Summer,V-Shape,77,286.91,38.81,44.99,77.0,0.43,61.6,0.36,22.28,0.67
2024-04-30,15:45,April,Summer,V-Shape,77,236.75,38.35,43.27,77.54,0.36,62.04,0.3,18.49,0.67
2024-04-30,16:00,April,Summer,V-Shape,77,186.59,37.88,41.54,78.09,0.28,62.47,0.23,14.65,0.67
2024-04-30,16:15,April,Summer,V-Shape,77,149.13,37.28,40.01,78.57,0.22,62.86,0.19,11.76,0.67
2024-04-30,16:30,April,Summer,V-Shape,77,111.68,36.69,38.48,79.06,0.17,63.25,0.14,8.85,0.67
2024-04-30,16:45,April,Summer,V-Shape,77,74.23,36.09,36.94,79.55,0.11,63.64,0.09,5.91,0.67
2024-04-30,17:00,April,Summer,V-Shape,77,36.78,35.49,35.41,80.03,0.05,64.03,0.05,2.94,0.67
2024-04-30,17:15,April,Summer,V-Shape,77,27.59,34.97,34.66,80.27,0.04,64.22,0.03,2.21,0.67
2024-04-30,17:30,April,Summer,V-Shape,77,18.39,34.45,33.9,80.51,0.03,64.41,0.02,1.48,0.67
2024-04-30,17:45,April,Summer,V-Shape,77,9.2,33.92,33.15,80.75,0.01,64.6,0.01,0.74,0.67
2024-05-01,05:00,May,Summer,V-Shape,77,5.51,28.43,27.57,82.51,0.01,66.01,0.01,0.45,0.67
2024-05-01,05:15,May,Summer,V-Shape,77,35.14,28.66,28.54,82.21,0.05,65.77,0.04,2.87,0.67
2024-05-01,05:30,May,Summer,V-Shape,77,64.76,28.88,29.5,81.9,0.1,65.52,0.08,5.27,0.67
2024-05-01,05:45,May,Summer,V-Shape,77,94.38,29.11,30.47,81.6,0.14,65.28,0.12,7.66,0.67
2024-05-01,06:00,May,Summer,V-Shape,77,124.0,29.34,31.44,81.29,0.18,65.03,0.15,10.03,0.67
2024-05-01,06:15,May,Summer,V-Shape,77,178.85,29.93,33.4,80.67,0.27,64.53,0.22,14.39,0.67
2024-05-01,06:30,May,Summer,V-Shape,77,233.7,30.52,35.36,80.05,0.35,64.04,0.29,18.69,0.67
2024-05-01,06:45,May,Summer,V-Shape,77,288.55,31.11,37.32,79.43,0.43,63.54,0.36,22.94,0.67
2024-05-01,07:00,May,Summer,V-Shape,77,343.4,31.7,39.29,78.8,0.51,63.04,0.43,27.14,0.67
2024-05-01,07:15,May,Summer,V-Shape,77,398.48,32.27,41.23,78.19,0.6,62.55,0.5,31.31,0.67
2024-05-01,07:30,May,Summer,V-Shape,77,453.56,32.83,43.17,77.57,0.68,62.06,0.57,35.43,0.67
2024-05-01,07:45,May,Summer,V-Shape,77,508.64,33.4,45.11,76.96,0.77,61.57,0.64,39.49,0.67
2024-05-01,08:00,May,Summer,V-Shape,77,563.72,33.96,47.05,76.34,0.85,61.08,0.71,43.5,0.67
2024-05-01,08:15,May,Summer,V-Shape,77,594.69,34.45,48.32,75.94,0.9,60.76,0.75,45.7,0.67
2024-05-01,08:30,May,Summer,V-Shape,77,625.66,34.94,49.58,75.54,0.95,60.44,0.79,47.89,0.67
2024-05-01,08:45,May,Summer,V-Shape,77,656.63,35.43,50.85,75.14,0.99,60.12,0.83,50.06,0.67
2024-05-01,09:00,May,Summer,V-Shape,77,687.59,35.92,52.11,74.74,1.04,59.8,0.87,52.2,0.67
2024-05-01,09:15,May,Summer,V-Shape,77,736.89,36.35,53.77,74.22,1.12,59.37,0.94,55.64,0.67
2024-05-01,09:30,May,Summer,V-Shape,77,786.19,36.78,55.44,73.69,1.2,58.95,1.0,59.04,0.67
2024-05-01,09:45,May,Summer,V-Shape,77,835.49,37.22,57.1,73.16,1.27,58.53,1.07,62.39,0.67
2024-05-01,10:00,May,Summer,V-Shape,77,884.78,37.65,58.77,72.63,1.35,58.11,1.13,65.7,0.67
2024-05-01,10:15,May,Summer,V-Shape,77,898.18,38.0,59.46,72.42,1.37,57.93,1.15,66.54,0.67
2024-05-01,10:30,May,Summer,V-Shape,77,911.58,38.36,60.14,72.2,1.39,57.76,1.17,67.37,0.67
2024-05-01,10:45,May,Summer,V-Shape,77,924.98,38.71,60.83,71.98,1.41,57.59,1.18,68.2,0.67
2024-05-01,11:00,May,Summer,V-Shape,77,938.39,39.06,61.52,71.76,1.44,57.41,1.2,69.03,0.67
2024-05-01,11:15,May,Summer,V-Shape,77,904.07,39.3,60.9,71.96,1.38,57.57,1.16,66.65,0.67
2024-05-01,11:30,May,Summer,V-Shape,77,869.75,39.53,60.27,72.16,1.33,57.73,1.11,64.25,0.67
2024-05-01,11:45,May,Summer,V-Shape,77,835.44,39.77,59.65,72.36,1.28,57.88,1.07,61.85,0.67
2024-05-01,12:00,May,Summer,V-Shape,77,801.12,40.0,59.03,72.55,1.22,58.04,1.02,59.44,0.67
2024-05-01,12:15,May,Summer,V-Shape,77,784.97,40.14,58.76,72.64,1.2,58.11,1.0,58.29,0.67
2024-05-01,12:30,May,Summer,V-Shape,77,768.83,40.28,58.5,72.72,1.17,58.18,0.98,57.14,0.67
2024-05-01,12:45,May,Summer,V-Shape,77,752.69,40.42,58.24,72.8,1.15,58.24,0.96,55.99,0.67
2024-05-01,13:00,May,Summer,V-Shape,77,736.54,40.56,57.97,72.89,1.12,58.31,0.94,54.84,0.67
2024-05-01,13:15,May,Summer,V-Shape,77,708.41,40.51,57.22,73.13,1.08,58.5,0.9,52.88,0.67
2024-05-01,13:30,May,Summer,V-Shape,77,680.28,40.45,56.46,73.37,1.04,58.69,0.87,50.91,0.67
2024-05-01,13:45,May,Summer,V-Shape,77,652.15,40.4,55.71,73.6,0.99,58.88,0.83,48.93,0.67
2024-05-01,14:00,May,Summer,V-Shape,77,624.01,40.35,54.95,73.84,0.95,59.08,0.79,46.93,0.67
2024-05-01,14:15,May,Summer,V-Shape,77,585.8,40.25,53.9,74.18,0.89,59.34,0.75,44.21,0.67
2024-05-01,14:30,May,Summer,V-Shape,77,547.59,40.15,52.84,74.51,0.83,59.61,0.7,41.47,0.67
2024-05-01,14:45,May,Summer,V-Shape,77,509.38,40.05,51.78,74.85,0.77,59.88,0.65,38.71,0.67
2024-05-01,15:00,May,Summer,V-Shape,77,471.17,39.95,50.73,75.18,0.71,60.14,0.6,35.93,0.67
2024-05-01,15:15,May,Summer,V-Shape,77,414.54,39.72,49.08,75.7,0.63,60.56,0.52,31.78,0.67
2024-05-01,15:30,May,Summer,V-Shape,77,357.92,39.49,47.44,76.22,0.54,60.98,0.45,27.58,0.67
2024-05-01,15:45,May,Summer,V-Shape,77,301.29,39.26,45.79,76.74,0.45,61.4,0.38,23.34,0.67
2024-05-01,16:00,May,Summer,V-Shape,77,244.67,39.03,44.15,77.27,0.37,61.81,0.31,19.05,0.67
2024-05-01,16:15,May,Summer,V-Shape,77,195.31,38.65,42.53,77.78,0.29,62.22,0.25,15.29,0.67
2024-05-01,16:30,May,Summer,V-Shape,77,145.94,38.27,40.91,78.29,0.22,62.63,0.18,11.48,0.67
2024-05-01,16:45,May,Summer,V-Shape,77,96.58,37.88,39.3,78.8,0.14,63.04,0.12,7.63,0.67
2024-05-01,17:00,May,Summer,V-Shape,77,47.22,37.5,37.68,79.31,0.07,63.45,0.06,3.75,0.67
2024-05-01,17:15,May,Summer,V-Shape,77,35.41,37.09,36.97,79.54,0.05,63.63,0.04,2.82,0.67
2024-05-01,17:30,May,Summer,V-Shape,77,23.61,36.67,36.27,79.76,0.04,63.81,0.03,1.88,0.67
2024-05-01,17:45,May,Summer,V-Shape,77,11.8,36.26,35.56,79.98,0.02,63.99,0.01,0.94,0.67
2024-05-02,05:00,May,Summer,V-Shape,77,5.88,30.16,29.31,81.96,0.01,65.57,0.01,0.48,0.67
2024-05-02,05:15,May,Summer,V-Shape,77,35.18,30.38,30.26,81.66,0.05,65.33,0.04,2.86,0.67
2024-05-02,05:30,May,Summer,V-Shape,77,64.48,30.61,31.22,81.36,0.1,65.09,0.08,5.22,0.67
2024-05-02,05:45,May,Summer,V-Shape,77,93.78,30.84,32.18,81.05,0.14,64.84,0.12,7.57,0.67
2024-05-02,06:00,May,Summer,V-Shape,77,123.08,31.06,33.14,80.75,0.18,64.6,0.15,9.91,0.67
2024-05-02,06:15,May,Summer,V-Shape,77,176.44,31.54,34.95,80.18,0.26,64.14,0.22,14.13,0.67
2024-05-02,06:30,May,Summer,V-Shape,77,229.8,32.02,36.76,79.6,0.34,63.68,0.29,18.3,0.67
2024-05-02,06:45,May,Summer,V-Shape,77,283.16,32.49,38.57,79.03,0.42,63.22,0.35,22.43,0.67
2024-05-02,07:00,May,Summer,V-Shape,77,336.53,32.97,40.38,78.46,0.5,62.77,0.42,26.51,0.67
2024-05-02,07:15,May,Summer,V-Shape,77,389.18,33.48,42.21,77.88,0.58,62.3,0.49,30.49,0.67
2024-05-02,07:30,May,Summer,V-Shape,77,441.83,33.98,44.03,77.3,0.66,61.84,0.56,34.42,0.67
2024-05-02,07:45,May,Summer,V-Shape,77,494.48,34.49,45.85,76.72,0.75,61.38,0.62,38.3,0.67
2024-05-02,08:00,May,Summer,V-Shape,77,547.13,35.0,47.68,76.15,0.83,60.92,0.69,42.14,0.67
2024-05-02,08:15,May,Summer,V-Shape,77,588.29,35.49,49.2,75.67,0.89,60.53,0.74,45.09,0.67
2024-05-02,08:30,May,Summer,V-Shape,77,629.45,35.98,50.72,75.19,0.95,60.15,0.8,48.0,0.67
2024-05-02,08:45,May,Summer,V-Shape,77,670.61,36.47,52.24,74.7,1.02,59.76,0.85,50.89,0.67
2024-05-02,09:00,May,Summer,V-Shape,77,711.77,36.96,53.75,74.22,1.08,59.38,0.91,53.75,0.67
2024-05-02,09:15,May,Summer,V-Shape,77,751.24,37.35,55.13,73.79,1.14,59.03,0.96,56.47,0.67
2024-05-02,09:30,May,Summer,V-Shape,77,790.7,37.75,56.51,73.35,1.2,58.68,1.01,59.16,0.67
2024-05-02,09:45,May,Summer,V-Shape,77,830.17,38.14,57.89,72.91,1.27,58.33,1.06,61.83,0.67
2024-05-02,10:00,May,Summer,V-Shape,77,869.63,38.53,59.27,72.48,1.33,57.98,1.11,64.47,0.67
2024-05-02,10:15,May,Summer,V-Shape,77,889.48,38.77,60.01,72.24,1.36,57.79,1.14,65.77,0.67
2024-05-02,10:30,May,Summer,V-Shape,77,909.33,39.01,60.74,72.01,1.39,57.61,1.16,67.07,0.67
2024-05-02,10:45,May,Summer,V-Shape,77,929.17,39.25,61.48,71.78,1.42,57.42,1.19,68.36,0.67
2024-05-02,11:00,May,Summer,V-Shape,77,949.02,39.49,62.22,71.54,1.45,57.24,1.22,69.64,0.67
2024-05-02,11:15,May,Summer,V-Shape,77,939.95,39.59,62.09,71.58,1.44,57.27,1.21,69.01,0.67
2024-05-02,11:30,May,Summer,V-Shape,77,930.88,39.69,61.96,71.63,1.42,57.3,1.19,68.37,0.67
2024-05-02,11:45,May,Summer,V-Shape,77,921.81,39.78,61.83,71.67,1.41,57.33,1.18,67.74,0.67
2024-05-02,12:00,May,Summer,V-Shape,77,912.74,39.88,61.7,71.71,1.4,57.37,1.17,67.1,0.67
2024-05-02,12:15,May,Summer,V-Shape,77,889.8,39.9,61.15,71.88,1.36,57.51,1.14,65.54,0.67
2024-05-02,12:30,May,Summer,V-Shape,77,866.86,39.92,60.6,72.06,1.33,57.65,1.11,63.97,0.67
2024-05-02,12:45,May,Summer,V-Shape,77,843.92,39.95,60.05,72.23,1.29,57.78,1.08,62.39,0.67
2024-05-02,13:00,May,Summer,V-Shape,77,820.97,39.97,59.49,72.41,1.25,57.92,1.05,60.81,0.67
2024-05-02,13:15,May,Summer,V-Shape,77,775.51,39.96,58.35,72.77,1.18,58.21,0.99,57.67,0.67
2024-05-02,13:30,May,Summer,V-Shape,77,730.05,39.95,57.2,73.13,1.11,58.51,0.93,54.5,0.67
2024-05-02,13:45,May,Summer,V-Shape,77,684.59,39.94,56.05,73.49,1.04,58.8,0.87,51.3,0.67
2024-05-02,14:00,May,Summer,V-Shape,77,639.14,39.93,54.91,73.86,0.97,59.09,0.81,48.08,0.67
2024-05-02,14:15,May,Summer,V-Shape,77,596.26,39.86,53.77,74.22,0.91,59.37,0.76,45.02,0.67
2024-05-02,14:30,May,Summer,V-Shape,77,553.39,39.8,52.63,74.58,0.84,59.66,0.7,41.94,0.67
2024-05-02,14:45,May,Summer,V-Shape,77,510.52,39.73,51.49,74.94,0.77,59.95,0.65,38.84,0.67
2024-05-02,15:00,May,Summer,V-Shape,77,467.65,39.66,50.35,75.3,0.71,60.24,0.59,35.71,0.67
2024-05-02,15:15,May,Summer,V-Shape,77,409.53,39.48,48.72,75.82,0.62,60.65,0.52,31.43,0.67
2024-05-02,15:30,May,Summer,V-Shape,77,351.41,39.3,47.08,76.34,0.53,61.07,0.44,27.11,0.67
2024-05-02,15:45,May,Summer,V-Shape,77,293.3,39.11,45.44,76.85,0.44,61.48,0.37,22.75,0.67
2024-05-02,16:00,May,Summer,V-Shape,77,235.18,38.93,43.81,77.37,0.35,61.9,0.3,18.33,0.67
2024-05-02,16:15,May,Summer,V-Shape,77,188.29,38.52,42.23,77.87,0.28,62.3,0.24,14.75,0.67
2024-05-02,16:30,May,Summer,V-Shape,77,141.4,38.11,40.64,78.37,0.21,62.7,0.18,11.13,0.67
2024-05-02,16:45,May,Summer,V-Shape,77,94.51,37.7,39.06,78.88,0.14,63.1,0.12,7.48,0.67
2024-05-02,17:00,May,Summer,V-Shape,77,47.62,37.29,37.48,79.38,0.07,63.5,0.06,3.78,0.67
2024-05-02,17:15,May,Summer,V-Shape,77,35.71,36.74,36.63,79.64,0.05,63.72,0.04,2.85,0.67
2024-05-02,17:30,May,Summer,V-Shape,77,23.81,36.19,35.79,79.91,0.04,63.93,0.03,1.9,0.67
2024-05-02,17:45,May,Summer,V-Shape,77,11.9,35.64,34.94,80.18,0.02,64.15,0.01,0.95,0.67
2024-05-03,05:00,May,Summer,V-Shape,77,5.72,28.86,28.0,82.38,0.01,65.9,0.01,0.47,0.67
2024-05-03,05:15,May,Summer,V-Shape,77,32.31,29.2,29.01,82.06,0.05,65.65,0.04,2.63,0.67
2024-05-03,05:30,May,Summer,V-Shape,77,58.91,29.55,30.02,81.74,0.09,65.39,0.07,4.79,0.67
2024-05-03,05:45,May,Summer,V-Shape,77,85.5,29.89,31.03,81.42,0.13,65.13,0.11,6.93,0.67
2024-05-03,06:00,May,Summer,V-Shape,77,112.09,30.24,32.04,81.1,0.17,64.88,0.14,9.05,0.67
2024-05-03,06:15,May,Summer,V-Shape,77,152.98,30.87,33.7,80.57,0.23,64.46,0.19,12.3,0.67
2024-05-03,06:30,May,Summer,V-Shape,77,193.88,31.51,35.35,80.05,0.29,64.04,0.24,15.51,0.67
2024-05-03,06:45,May,Summer,V-Shape,77,234.78,32.14,37.01,79.53,0.35,63.62,0.29,18.69,0.67
2024-05-03,07:00,May,Summer,V-Shape,77,275.68,32.77,38.66,79.0,0.41,63.2,0.35,21.83,0.67
2024-05-03,07:15,May,Summer,V-Shape,77,318.29,33.33,40.29,78.49,0.48,62.79,0.4,25.08,0.67
2024-05-03,07:30,May,Summer,V-Shape,77,360.9,33.89,41.91,77.97,0.54,62.38,0.45,28.3,0.67
2024-05-03,07:45,May,Summer,V-Shape,77,403.51,34.45,43.54,77.46,0.61,61.97,0.51,31.48,0.67
2024-05-03,08:00,May,Summer,V-Shape,77,446.12,35.01,45.16,76.94,0.67,61.55,0.56,34.63,0.67
2024-05-03,08:15,May,Summer,V-Shape,77,490.92,35.43,46.7,76.46,0.74,61.17,0.62,37.92,0.67
2024-05-03,08:30,May,Summer,V-Shape,77,535.72,35.84,48.24,75.97,0.81,60.78,0.68,41.18,0.67
2024-05-03,08:45,May,Summer,V-Shape,77,580.51,36.26,49.78,75.48,0.88,60.39,0.74,44.41,0.67
2024-05-03,09:00,May,Summer,V-Shape,77,625.31,36.68,51.31,75.0,0.95,60.0,0.79,47.6,0.67
2024-05-03,09:15,May,Summer,V-Shape,77,667.09,37.13,52.8,74.52,1.01,59.62,0.85,50.53,0.67
2024-05-03,09:30,May,Summer,V-Shape,77,708.87,37.58,54.3,74.05,1.08,59.24,0.9,53.43,0.67
2024-05-03,09:45,May,Summer,V-Shape,77,750.65,38.02,55.79,73.58,1.14,58.86,0.96,56.3,0.67
2024-05-03,10:00,May,Summer,V-Shape,77,792.44,38.47,57.28,73.11,1.21,58.49,1.01,59.14,0.67
2024-05-03,10:15,May,Summer,V-Shape,77,797.02,38.94,57.86,72.92,1.22,58.34,1.02,59.37,0.67
2024-05-03,10:30,May,Summer,V-Shape,77,801.61,39.41,58.45,72.74,1.22,58.19,1.02,59.59,0.67
2024-05-03,10:45,May,Summer,V-Shape,77,806.19,39.87,59.03,72.55,1.23,58.04,1.03,59.81,0.67
2024-05-03,11:00,May,Summer,V-Shape,77,810.78,40.34,59.61,72.37,1.24,57.9,1.04,60.03,0.67
2024-05-03,11:15,May,Summer,V-Shape,77,804.39,40.69,59.79,72.31,1.23,57.85,1.03,59.52,0.67
2024-05-03,11:30,May,Summer,V-Shape,77,798.01,41.03,59.98,72.25,1.22,57.8,1.02,59.01,0.67
2024-05-03,11:45,May,Summer,V-Shape,77,791.63,41.38,60.17,72.19,1.21,57.75,1.01,58.5,0.67
2024-05-03,12:00,May,Summer,V-Shape,77,785.24,41.72,60.35,72.13,1.2,57.71,1.0,58.0,0.67
2024-05-03,12:15,May,Summer,V-Shape,77,773.77,41.87,60.21,72.18,1.18,57.74,0.99,57.17,0.67
2024-05-03,12:30,May,Summer,V-Shape,77,762.3,42.02,60.08,72.22,1.16,57.78,0.98,56.35,0.67
2024-05-03,12:45,May,Summer,V-Shape,77,750.83,42.17,59.94,72.26,1.15,57.81,0.96,55.53,0.67
2024-05-03,13:00,May,Summer,V-Shape,77,739.36,42.32,59.8,72.31,1.13,57.85,0.95,54.71,0.67
2024-05-03,13:15,May,Summer,V-Shape,77,703.28,42.28,58.86,72.61,1.07,58.09,0.9,52.21,0.67
2024-05-03,13:30,May,Summer,V-Shape,77,667.2,42.23,57.91,72.91,1.02,58.32,0.85,49.69,0.67
2024-05-03,13:45,May,Summer,V-Shape,77,631.12,42.19,56.97,73.2,0.96,58.56,0.81,47.15,0.67
2024-05-03,14:00,May,Summer,V-Shape,77,595.04,42.15,56.03,73.5,0.91,58.8,0.76,44.59,0.67
2024-05-03,14:15,May,Summer,V-Shape,77,549.02,41.92,54.65,73.94,0.83,59.15,0.7,41.33,0.67
2024-05-03,14:30,May,Summer,V-Shape,77,503.0,41.7,53.27,74.38,0.76,59.5,0.64,38.04,0.67
2024-05-03,14:45,May,Summer,V-Shape,77,456.99,41.47,51.89,74.81,0.69,59.85,0.58,34.72,0.67
2024-05-03,15:00,May,Summer,V-Shape,77,410.97,41.24,50.51,75.25,0.62,60.2,0.52,31.36,0.67
2024-05-03,15:15,May,Summer,V-Shape,77,360.33,40.88,48.89,75.76,0.54,60.61,0.46,27.64,0.67
2024-05-03,15:30,May,Summer,V-Shape,77,309.69,40.52,47.26,76.28,0.47,61.02,0.39,23.88,0.67
2024-05-03,15:45,May,Summer,V-Shape,77,259.05,40.16,45.64,76.79,0.39,61.43,0.33,20.08,0.67
2024-05-03,16:00,May,Summer,V-Shape,77,208.4,39.8,44.01,77.31,0.31,61.85,0.26,16.24,0.67
2024-05-03,16:15,May,Summer,V-Shape,77,168.41,39.32,42.53,77.78,0.25,62.22,0.21,13.18,0.67
2024-05-03,16:30,May,Summer,V-Shape,77,128.41,38.84,41.05,78.25,0.19,62.6,0.16,10.1,0.67
2024-05-03,16:45,May,Summer,V-Shape,77,88.42,38.36,39.57,78.71,0.13,62.97,0.11,6.98,0.67
2024-05-03,17:00,May,Summer,V-Shape,77,48.43,37.88,38.09,79.18,0.07,63.35,0.06,3.84,0.67
2024-05-03,17:15,May,Summer,V-Shape,77,36.32,37.34,37.25,79.45,0.05,63.56,0.05,2.89,0.67
2024-05-03,17:30,May,Summer,V-Shape,77,24.21,36.81,36.42,79.71,0.04,63.77,0.03,1.93,0.67
2024-05-03,17:45,May,Summer,V-Shape,77,12.11,36.28,35.58,79.98,0.02,63.98,0.02,0.97,0.67
2024-05-04,05:00,May,Summer,V-Shape,77,5.59,30.44,29.58,81.88,0.01,65.5,0.01,0.45,0.67
2024-05-04,05:15,May,Summer,V-Shape,77,33.66,30.68,30.52,81.58,0.05,65.26,0.04,2.73,0.67
2024-05-04,05:30,May,Summer,V-Shape,77,61.74,30.91,31.46,81.28,0.09,65.03,0.08,4.99,0.67
2024-05-04,05:45,May,Summer,V-Shape,77,89.82,31.15,32.4,80.99,0.13,64.79,0.11,7.25,0.67
2024-05-04,06:00,May,Summer,V-Shape,77,117.89,31.39,33.34,80.69,0.18,64.55,0.15,9.49,0.67
2024-05-04,06:15,May,Summer,V-Shape,77,165.35,31.88,35.01,80.16,0.25,64.13,0.21,13.24,0.67
2024-05-04,06:30,May,Summer,V-Shape,77,212.8,32.37,36.68,79.63,0.32,63.7,0.27,16.95,0.67
2024-05-04,06:45,May,Summer,V-Shape,77,260.25,32.85,38.36,79.1,0.39,63.28,0.33,20.63,0.67
2024-05-04,07:00,May,Summer,V-Shape,77,307.7,33.34,40.03,78.57,0.46,62.85,0.39,24.27,0.67
2024-05-04,07:15,May,Summer,V-Shape,77,348.14,33.81,41.51,78.1,0.52,62.48,0.44,27.33,0.67
2024-05-04,07:30,May,Summer,V-Shape,77,388.58,34.28,42.99,77.63,0.58,62.11,0.49,30.37,0.67
2024-05-04,07:45,May,Summer,V-Shape,77,429.02,34.74,44.47,77.16,0.65,61.73,0.54,33.38,0.67
2024-05-04,08:00,May,Summer,V-Shape,77,469.46,35.21,45.95,76.7,0.71,61.36,0.59,36.35,0.67
2024-05-04,08:15,May,Summer,V-Shape,77,522.58,35.65,47.71,76.14,0.79,60.91,0.66,40.24,0.67
2024-05-04,08:30,May,Summer,V-Shape,77,575.7,36.09,49.48,75.58,0.87,60.46,0.73,44.08,0.67
2024-05-04,08:45,May,Summer,V-Shape,77,628.82,36.53,51.25,75.02,0.95,60.01,0.8,47.87,0.67
2024-05-04,09:00,May,Summer,V-Shape,77,681.94,36.97,53.02,74.46,1.03,59.56,0.87,51.62,0.67
2024-05-04,09:15,May,Summer,V-Shape,77,721.25,37.3,54.33,74.04,1.1,59.23,0.92,54.36,0.67
2024-05-04,09:30,May,Summer,V-Shape,77,760.56,37.63,55.64,73.62,1.16,58.9,0.97,57.07,0.67
2024-05-04,09:45,May,Summer,V-Shape,77,799.87,37.96,56.96,73.21,1.22,58.57,1.02,59.76,0.67
2024-05-04,10:00,May,Summer,V-Shape,77,839.18,38.29,58.27,72.79,1.28,58.23,1.07,62.42,0.67
2024-05-04,10:15,May,Summer,V-Shape,77,850.89,38.52,58.79,72.63,1.3,58.1,1.09,63.18,0.67
2024-05-04,10:30,May,Summer,V-Shape,77,862.6,38.75,59.31,72.46,1.32,57.97,1.1,63.94,0.67
2024-05-04,10:45,May,Summer,V-Shape,77,874.31,38.97,59.83,72.3,1.34,57.84,1.12,64.69,0.67
2024-05-04,11:00,May,Summer,V-Shape,77,886.02,39.2,60.35,72.13,1.35,57.71,1.13,65.44,0.67
2024-05-04,11:15,May,Summer,V-Shape,77,863.05,39.33,59.91,72.28,1.32,57.82,1.1,63.84,0.67
2024-05-04,11:30,May,Summer,V-Shape,77,840.08,39.46,59.46,72.42,1.28,57.93,1.07,62.23,0.67
2024-05-04,11:45,May,Summer,V-Shape,77,817.12,39.59,59.02,72.56,1.25,58.05,1.04,60.62,0.67
2024-05-04,12:00,May,Summer,V-Shape,77,794.15,39.72,58.57,72.7,1.21,58.16,1.01,59.01,0.67
2024-05-04,12:15,May,Summer,V-Shape,77,792.03,39.77,58.58,72.7,1.21,58.16,1.01,58.85,0.67
2024-05-04,12:30,May,Summer,V-Shape,77,789.9,39.83,58.58,72.7,1.21,58.16,1.01,58.69,0.67
2024-05-04,12:45,May,Summer,V-Shape,77,787.78,39.88,58.58,72.7,1.2,58.16,1.01,58.54,0.67
2024-05-04,13:00,May,Summer,V-Shape,77,785.66,39.94,58.58,72.69,1.2,58.16,1.0,58.38,0.67
2024-05-04,13:15,May,Summer,V-Shape,77,743.04,39.9,57.47,73.05,1.13,58.44,0.95,55.42,0.67
2024-05-04,13:30,May,Summer,V-Shape,77,700.42,39.86,56.37,73.4,1.07,58.72,0.89,52.43,0.67
2024-05-04,13:45,May,Summer,V-Shape,77,657.8,39.81,55.26,73.75,1.0,59.0,0.84,49.42,0.67
2024-05-04,14:00,May,Summer,V-Shape,77,615.17,39.77,54.15,74.1,0.93,59.28,0.78,46.39,0.67
2024-05-04,14:15,May,Summer,V-Shape,77,571.18,39.64,52.91,74.49,0.87,59.59,0.73,43.25,0.67
2024-05-04,14:30,May,Summer,V-Shape,77,527.18,39.5,51.68,74.88,0.8,59.9,0.67,40.08,0.67
2024-05-04,14:45,May,Summer,V-Shape,77,483.18,39.36,50.44,75.27,0.73,60.22,0.61,36.88,0.67
2024-05-04,15:00,May,Summer,V-Shape,77,439.18,39.23,49.21,75.66,0.66,60.53,0.56,33.66,0.67
2024-05-04,15:15,May,Summer,V-Shape,77,385.06,39.0,47.63,76.16,0.58,60.93,0.49,29.66,0.67
2024-05-04,15:30,May,Summer,V-Shape,77,330.93,38.77,46.05,76.66,0.5,61.33,0.42,25.62,0.67
2024-05-04,15:45,May,Summer,V-Shape,77,276.8,38.55,44.47,77.16,0.42,61.73,0.35,21.53,0.67
2024-05-04,16:00,May,Summer,V-Shape,77,222.67,38.32,42.89,77.66,0.33,62.13,0.28,17.41,0.67
2024-05-04,16:15,May,Summer,V-Shape,77,177.94,38.0,41.45,78.12,0.27,62.5,0.22,13.97,0.67
2024-05-04,16:30,May,Summer,V-Shape,77,133.21,37.68,40.01,78.58,0.2,62.86,0.17,10.51,0.67
2024-05-04,16:45,May,Summer,V-Shape,77,88.48,37.36,38.57,79.03,0.13,63.22,0.11,7.01,0.67
2024-05-04,17:00,May,Summer,V-Shape,77,43.75,37.04,37.13,79.49,0.07,63.59,0.05,3.48,0.67
2024-05-04,17:15,May,Summer,V-Shape,77,32.82,36.63,36.45,79.7,0.05,63.76,0.04,2.62,0.67
2024-05-04,17:30,May,Summer,V-Shape,77,21.88,36.22,35.77,79.92,0.03,63.93,0.03,1.75,0.67
2024-05-04,17:45,May,Summer,V-Shape,77,10.94,35.82,35.09,80.13,0.02,64.11,0.01,0.88,0.67
2024-05-05,05:00,May,Summer,V-Shape,77,5.44,28.65,27.79,82.45,0.01,65.96,0.01,0.44,0.67
2024-05-05,05:15,May,Summer,V-Shape,77,30.95,28.96,28.74,82.14,0.05,65.72,0.04,2.52,0.67
2024-05-05,05:30,May,Summer,V-Shape,77,56.45,29.27,29.69,81.84,0.08,65.48,0.07,4.59,0.67
2024-05-05,05:45,May,Summer,V-Shape,77,81.96,29.59,30.64,81.54,0.12,65.23,0.1,6.65,0.67
2024-05-05,06:00,May,Summer,V-Shape,77,107.47,29.9,31.59,81.24,0.16,64.99,0.13,8.69,0.67
2024-05-05,06:15,May,Summer,V-Shape,77,149.3,30.7,33.43,80.66,0.22,64.53,0.19,12.01,0.67
2024-05-05,06:30,May,Summer,V-Shape,77,191.14,31.49,35.27,80.08,0.29,64.06,0.24,15.29,0.67
2024-05-05,06:45,May,Summer,V-Shape,77,232.98,32.28,37.11,79.49,0.35,63.59,0.29,18.54,0.67
2024-05-05,07:00,May,Summer,V-Shape,77,274.82,33.08,38.95,78.91,0.41,63.13,0.34,21.74,0.67
2024-05-05,07:15,May,Summer,V-Shape,77,324.05,33.82,40.92,78.29,0.49,62.63,0.41,25.49,0.67
2024-05-05,07:30,May,Summer,V-Shape,77,373.28,34.56,42.89,77.66,0.56,62.13,0.47,29.18,0.67
2024-05-05,07:45,May,Summer,V-Shape,77,422.5,35.3,44.86,77.04,0.64,61.63,0.53,32.83,0.67
2024-05-05,08:00,May,Summer,V-Shape,77,471.73,36.04,46.83,76.41,0.71,61.13,0.6,36.43,0.67
2024-05-05,08:15,May,Summer,V-Shape,77,514.11,36.62,48.47,75.9,0.78,60.72,0.65,39.49,0.67
2024-05-05,08:30,May,Summer,V-Shape,77,556.49,37.2,50.11,75.38,0.84,60.3,0.71,42.52,0.67
2024-05-05,08:45,May,Summer,V-Shape,77,598.88,37.77,51.74,74.86,0.91,59.89,0.76,45.52,0.67
2024-05-05,09:00,May,Summer,V-Shape,77,641.26,38.35,53.38,74.34,0.97,59.47,0.82,48.48,0.67
2024-05-05,09:15,May,Summer,V-Shape,77,685.11,38.83,54.96,73.84,1.04,59.07,0.87,51.53,0.67
2024-05-05,09:30,May,Summer,V-Shape,77,728.97,39.31,56.53,73.34,1.11,58.67,0.93,54.54,0.67
2024-05-05,09:45,May,Summer,V-Shape,77,772.83,39.79,58.11,72.84,1.18,58.27,0.99,57.52,0.67
2024-05-05,10:00,May,Summer,V-Shape,77,816.69,40.27,59.69,72.34,1.25,57.88,1.04,60.46,0.67
2024-05-05,10:15,May,Summer,V-Shape,77,828.04,40.65,60.35,72.14,1.27,57.71,1.06,61.16,0.67
2024-05-05,10:30,May,Summer,V-Shape,77,839.39,41.02,61.0,71.93,1.28,57.54,1.07,61.86,0.67
2024-05-05,10:45,May,Summer,V-Shape,77,850.73,41.4,61.66,71.72,1.3,57.37,1.09,62.55,0.67
2024-05-05,11:00,May,Summer,V-Shape,77,862.08,41.77,62.32,71.51,1.32,57.21,1.11,63.24,0.67
2024-05-05,11:15,May,Summer,V-Shape,77,854.12,42.04,62.39,71.49,1.31,57.19,1.1,62.64,0.67
2024-05-05,11:30,May,Summer,V-Shape,77,846.16,42.31,62.46,71.47,1.3,57.17,1.09,62.04,0.67
2024-05-05,11:45,May,Summer,V-Shape,77,838.2,42.58,62.53,71.44,1.28,57.15,1.08,61.44,0.67
2024-05-05,12:00,May,Summer,V-Shape,77,830.24,42.85,62.61,71.42,1.27,57.14,1.06,60.84,0.67
2024-05-05,12:15,May,Summer,V-Shape,77,799.27,42.96,61.94,71.63,1.22,57.3,1.02,58.71,0.67
2024-05-05,12:30,May,Summer,V-Shape,77,768.3,43.08,61.28,71.84,1.18,57.47,0.98,56.56,0.67
2024-05-05,12:45,May,Summer,V-Shape,77,737.33,43.19,60.62,72.05,1.13,57.64,0.94,54.41,0.67
2024-05-05,13:00,May,Summer,V-Shape,77,706.36,43.3,59.96,72.26,1.08,57.81,0.9,52.24,0.67
2024-05-05,13:15,May,Summer,V-Shape,77,684.52,43.11,59.22,72.49,1.04,57.99,0.88,50.75,0.67
2024-05-05,13:30,May,Summer,V-Shape,77,662.69,42.92,58.49,72.72,1.01,58.18,0.85,49.26,0.67
2024-05-05,13:45,May,Summer,V-Shape,77,640.86,42.73,57.75,72.96,0.98,58.37,0.82,47.75,0.67
2024-05-05,14:00,May,Summer,V-Shape,77,619.03,42.54,57.02,73.19,0.94,58.55,0.79,46.24,0.67
2024-05-05,14:15,May,Summer,V-Shape,77,548.82,42.25,54.97,73.84,0.83,59.07,0.7,41.28,0.67
2024-05-05,14:30,May,Summer,V-Shape,77,478.62,41.96,52.93,74.49,0.73,59.59,0.61,36.24,0.67
2024-05-05,14:45,May,Summer,V-Shape,77,408.41,41.67,50.88,75.13,0.62,60.11,0.52,31.13,0.67
2024-05-05,15:00,May,Summer,V-Shape,77,338.21,41.38,48.84,75.78,0.51,60.62,0.43,25.95,0.67
2024-05-05,15:15,May,Summer,V-Shape,77,292.48,40.94,47.25,76.28,0.44,61.03,0.37,22.55,0.67
2024-05-05,15:30,May,Summer,V-Shape,77,246.75,40.5,45.66,76.78,0.37,61.43,0.31,19.12,0.67
2024-05-05,15:45,May,Summer,V-Shape,77,201.02,40.05,44.08,77.29,0.3,61.83,0.25,15.66,0.67
2024-05-05,16:00,May,Summer,V-Shape,77,155.3,39.61,42.49,77.79,0.23,62.23,0.2,12.16,0.67
2024-05-05,16:15,May,Summer,V-Shape,77,124.54,39.13,41.25,78.18,0.19,62.55,0.16,9.79,0.67
2024-05-05,16:30,May,Summer,V-Shape,77,93.78,38.66,40.0,78.58,0.14,62.86,0.12,7.4,0.67
2024-05-05,16:45,May,Summer,V-Shape,77,63.02,38.18,38.75,78.97,0.09,63.18,0.08,4.99,0.67
2024-05-05,17:00,May,Summer,V-Shape,77,32.27,37.7,37.51,79.37,0.05,63.49,0.04,2.56,0.67
2024-05-05,17:15,May,Summer,V-Shape,77,24.2,37.27,36.87,79.57,0.04,63.65,0.03,1.93,0.67
2024-05-05,17:30,May,Summer,V-Shape,77,16.13,36.84,36.24,79.77,0.02,63.81,0.02,1.29,0.67
2024-05-05,17:45,May,Summer,V-Shape,77,8.07,36.41,35.61,79.97,0.01,63.97,0.01,0.64,0.67
2024-05-06,05:00,May,Summer,V-Shape,77,5.54,29.62,28.76,82.14,0.01,65.71,0.01,0.45,0.67
2024-05-06,05:15,May,Summer,V-Shape,77,31.91,29.88,29.67,81.85,0.05,65.48,0.04,2.59,0.67
2024-05-06,05:30,May,Summer,V-Shape,77,58.28,30.13,30.59,81.56,0.09,65.25,0.07,4.73,0.67
2024-05-06,05:45,May,Summer,V-Shape,77,84.64,30.39,31.5,81.27,0.13,65.02,0.11,6.85,0.67
2024-05-06,06:00,May,Summer,V-Shape,77,111.01,30.64,32.42,80.98,0.17,64.78,0.14,8.96,0.67
2024-05-06,06:15,May,Summer,V-Shape,77,158.59,31.26,34.22,80.41,0.24,64.33,0.2,12.73,0.67
2024-05-06,06:30,May,Summer,V-Shape,77,206.18,31.87,36.02,79.84,0.31,63.87,0.26,16.46,0.67
2024-05-06,06:45,May,Summer,V-Shape,77,253.76,32.48,37.83,79.27,0.38,63.41,0.32,20.15,0.67
2024-05-06,07:00,May,Summer,V-Shape,77,301.35,33.1,39.63,78.69,0.45,62.96,0.38,23.79,0.67
2024-05-06,07:15,May,Summer,V-Shape,77,365.24,33.77,41.9,77.98,0.55,62.38,0.46,28.64,0.67
2024-05-06,07:30,May,Summer,V-Shape,77,429.12,34.43,44.16,77.26,0.65,61.81,0.54,33.42,0.67
2024-05-06,07:45,May,Summer,V-Shape,77,493.01,35.09,46.42,76.55,0.74,61.24,0.62,38.12,0.67
2024-05-06,08:00,May,Summer,V-Shape,77,556.9,35.76,48.68,75.83,0.84,60.66,0.7,42.75,0.67
2024-05-06,08:15,May,Summer,V-Shape,77,613.92,36.32,50.67,75.2,0.93,60.16,0.78,46.83,0.67
2024-05-06,08:30,May,Summer,V-Shape,77,670.94,36.88,52.66,74.57,1.02,59.66,0.85,50.85,0.67
2024-05-06,08:45,May,Summer,V-Shape,77,727.96,37.45,54.65,73.94,1.11,59.15,0.93,54.81,0.67
2024-05-06,09:00,May,Summer,V-Shape,77,784.98,38.01,56.63,73.31,1.2,58.65,1.0,58.71,0.67
2024-05-06,09:15,May,Summer,V-Shape,77,801.01,38.45,57.48,73.04,1.22,58.44,1.02,59.74,0.67
2024-05-06,09:30,May,Summer,V-Shape,77,817.03,38.89,58.32,72.78,1.25,58.22,1.04,60.76,0.67
2024-05-06,09:45,May,Summer,V-Shape,77,833.06,39.34,59.16,72.51,1.27,58.01,1.06,61.78,0.67
2024-05-06,10:00,May,Summer,V-Shape,77,849.08,39.78,60.01,72.24,1.3,57.79,1.09,62.78,0.67
2024-05-06,10:15,May,Summer,V-Shape,77,876.53,40.11,61.02,71.92,1.34,57.54,1.12,64.59,0.67
2024-05-06,10:30,May,Summer,V-Shape,77,903.97,40.44,62.04,71.6,1.38,57.28,1.16,66.38,0.67
2024-05-06,10:45,May,Summer,V-Shape,77,931.42,40.77,63.06,71.28,1.43,57.02,1.2,68.15,0.67
2024-05-06,11:00,May,Summer,V-Shape,77,958.86,41.1,64.07,70.96,1.47,56.76,1.23,69.91,0.67
2024-05-06,11:15,May,Summer,V-Shape,77,935.35,41.23,63.61,71.1,1.43,56.88,1.2,68.31,0.67
2024-05-06,11:30,May,Summer,V-Shape,77,911.83,41.36,63.16,71.25,1.4,57.0,1.17,66.7,0.67
2024-05-06,11:45,May,Summer,V-Shape,77,888.32,41.49,62.7,71.39,1.36,57.11,1.14,65.08,0.67
2024-05-06,12:00,May,Summer,V-Shape,77,864.8,41.62,62.24,71.54,1.32,57.23,1.11,63.46,0.67
2024-05-06,12:15,May,Summer,V-Shape,77,837.78,41.5,61.44,71.79,1.28,57.43,1.07,61.64,0.67
2024-05-06,12:30,May,Summer,V-Shape,77,810.75,41.38,60.64,72.04,1.24,57.63,1.04,59.82,0.67
2024-05-06,12:45,May,Summer,V-Shape,77,783.73,41.25,59.85,72.29,1.2,57.84,1.0,57.98,0.67
2024-05-06,13:00,May,Summer,V-Shape,77,756.7,41.13,59.05,72.55,1.15,58.04,0.97,56.14,0.67
2024-05-06,13:15,May,Summer,V-Shape,77,722.99,40.95,58.02,72.87,1.1,58.3,0.92,53.82,0.67
2024-05-06,13:30,May,Summer,V-Shape,77,689.28,40.76,56.99,73.2,1.05,58.56,0.88,51.49,0.67
2024-05-06,13:45,May,Summer,V-Shape,77,655.57,40.58,55.96,73.52,1.0,58.82,0.84,49.14,0.67
2024-05-06,14:00,May,Summer,V-Shape,77,621.86,40.39,54.94,73.85,0.95,59.08,0.79,46.77,0.67
2024-05-06,14:15,May,Summer,V-Shape,77,554.84,40.12,52.99,74.47,0.84,59.57,0.71,42.0,0.67
2024-05-06,14:30,May,Summer,V-Shape,77,487.81,39.84,51.04,75.08,0.74,60.07,0.62,37.16,0.67
2024-05-06,14:45,May,Summer,V-Shape,77,420.79,39.57,49.09,75.7,0.64,60.56,0.53,32.26,0.67
2024-05-06,15:00,May,Summer,V-Shape,77,353.77,39.3,47.14,76.32,0.53,61.05,0.45,27.29,0.67
2024-05-06,15:15,May,Summer,V-Shape,77,309.62,39.04,45.78,76.75,0.47,61.4,0.39,23.99,0.67
2024-05-06,15:30,May,Summer,V-Shape,77,265.47,38.78,44.42,77.18,0.4,61.74,0.33,20.66,0.67
2024-05-06,15:45,May,Summer,V-Shape,77,221.32,38.52,43.05,77.61,0.33,62.09,0.28,17.29,0.67
2024-05-06,16:00,May,Summer,V-Shape,77,177.17,38.26,41.69,78.04,0.27,62.43,0.22,13.9,0.67
2024-05-06,16:15,May,Summer,V-Shape,77,141.93,37.99,40.54,78.41,0.21,62.73,0.18,11.18,0.67
2024-05-06,16:30,May,Summer,V-Shape,77,106.7,37.72,39.38,78.77,0.16,63.02,0.13,8.43,0.67
2024-05-06,16:45,May,Summer,V-Shape,77,71.46,37.44,38.23,79.14,0.11,63.31,0.09,5.67,0.67
2024-05-06,17:00,May,Summer,V-Shape,77,36.23,37.17,37.08,79.5,0.05,63.6,0.05,2.88,0.67
2024-05-06,17:15,May,Summer,V-Shape,77,27.17,36.84,36.52,79.68,0.04,63.74,0.03,2.17,0.67
2024-05-06,17:30,May,Summer,V-Shape,77,18.11,36.52,35.97,79.86,0.03,63.88,0.02,1.45,0.67
2024-05-06,17:45,May,Summer,V-Shape,77,9.06,36.19,35.41,80.03,0.01,64.02,0.01,0.72,0.67
2024-05-07,05:00,May,Summer,V-Shape,77,6.11,29.97,29.12,82.02,0.01,65.62,0.01,0.5,0.67
2024-05-07,05:15,May,Summer,V-Shape,77,35.05,30.22,30.1,81.71,0.05,65.37,0.04,2.85,0.67
2024-05-07,05:30,May,Summer,V-Shape,77,63.99,30.48,31.08,81.4,0.1,65.12,0.08,5.18,0.67
2024-05-07,05:45,May,Summer,V-Shape,77,92.93,30.73,32.06,81.09,0.14,64.87,0.12,7.51,0.67
2024-05-07,06:00,May,Summer,V-Shape,77,121.87,30.99,33.04,80.78,0.18,64.63,0.15,9.81,0.67
2024-05-07,06:15,May,Summer,V-Shape,77,176.4,31.48,34.89,80.2,0.26,64.16,0.22,14.13,0.67
2024-05-07,06:30,May,Summer,V-Shape,77,230.93,31.97,36.74,79.61,0.34,63.69,0.29,18.39,0.67
2024-05-07,06:45,May,Summer,V-Shape,77,285.46,32.46,38.6,79.02,0.43,63.22,0.36,22.61,0.67
2024-05-07,07:00,May,Summer,V-Shape,77,339.99,32.95,40.45,78.44,0.51,62.75,0.43,26.78,0.67
2024-05-07,07:15,May,Summer,V-Shape,77,399.51,33.44,42.42,77.81,0.6,62.25,0.5,31.28,0.67
2024-05-07,07:30,May,Summer,V-Shape,77,459.03,33.92,44.4,77.19,0.69,61.75,0.58,35.72,0.67
2024-05-07,07:45,May,Summer,V-Shape,77,518.56,34.41,46.37,76.56,0.78,61.25,0.65,40.1,0.67
2024-05-07,08:00,May,Summer,V-Shape,77,578.08,34.89,48.34,75.94,0.87,60.75,0.73,44.42,0.67
2024-05-07,08:15,May,Summer,V-Shape,77,633.41,35.32,50.16,75.36,0.96,60.29,0.8,48.39,0.67
2024-05-07,08:30,May,Summer,V-Shape,77,688.75,35.75,51.97,74.79,1.04,59.83,0.87,52.31,0.67
2024-05-07,08:45,May,Summer,V-Shape,77,744.08,36.18,53.78,74.21,1.13,59.37,0.95,56.18,0.67
2024-05-07,09:00,May,Summer,V-Shape,77,799.42,36.61,55.6,73.64,1.22,58.91,1.02,60.0,0.67
2024-05-07,09:15,May,Summer,V-Shape,77,824.78,36.98,56.6,73.32,1.26,58.66,1.05,61.69,0.67
2024-05-07,09:30,May,Summer,V-Shape,77,850.14,37.36,57.61,73.0,1.3,58.4,1.09,63.38,0.67
2024-05-07,09:45,May,Summer,V-Shape,77,875.51,37.73,58.62,72.68,1.34,58.15,1.12,65.04,0.67
2024-05-07,10:00,May,Summer,V-Shape,77,900.87,38.11,59.63,72.36,1.38,57.89,1.15,66.7,0.67
2024-05-07,10:15,May,Summer,V-Shape,77,924.03,38.41,60.51,72.08,1.41,57.67,1.18,68.21,0.67
2024-05-07,10:30,May,Summer,V-Shape,77,947.19,38.72,61.39,71.8,1.45,57.44,1.21,69.71,0.67
2024-05-07,10:45,May,Summer,V-Shape,77,970.35,39.02,62.28,71.52,1.49,57.22,1.24,71.19,0.67
2024-05-07,11:00,May,Summer,V-Shape,77,993.51,39.32,63.16,71.25,1.52,57.0,1.27,72.67,0.67
2024-05-07,11:15,May,Summer,V-Shape,77,983.37,39.53,63.11,71.26,1.51,57.01,1.26,71.94,0.67
2024-05-07,11:30,May,Summer,V-Shape,77,973.23,39.74,63.07,71.27,1.49,57.02,1.25,71.21,0.67
2024-05-07,11:45,May,Summer,V-Shape,77,963.1,39.95,63.03,71.29,1.48,57.03,1.24,70.48,0.67
2024-05-07,12:00,May,Summer,V-Shape,77,952.96,40.16,62.98,71.3,1.46,57.04,1.22,69.75,0.67
2024-05-07,12:15,May,Summer,V-Shape,77,911.64,40.22,62.01,71.61,1.4,57.29,1.17,66.95,0.67
2024-05-07,12:30,May,Summer,V-Shape,77,870.32,40.28,61.04,71.92,1.33,57.53,1.11,64.13,0.67
2024-05-07,12:45,May,Summer,V-Shape,77,829.0,40.34,60.06,72.22,1.27,57.78,1.06,61.29,0.67
2024-05-07,13:00,May,Summer,V-Shape,77,787.68,40.4,59.09,72.53,1.2,58.03,1.01,58.43,0.67
2024-05-07,13:15,May,Summer,V-Shape,77,751.2,40.32,58.1,72.85,1.15,58.28,0.96,55.91,0.67
2024-05-07,13:30,May,Summer,V-Shape,77,714.73,40.25,57.11,73.16,1.09,58.53,0.91,53.37,0.67
2024-05-07,13:45,May,Summer,V-Shape,77,678.26,40.17,56.12,73.47,1.03,58.78,0.86,50.81,0.67
2024-05-07,14:00,May,Summer,V-Shape,77,641.78,40.09,55.13,73.79,0.98,59.03,0.82,48.24,0.67
2024-05-07,14:15,May,Summer,V-Shape,77,604.49,39.91,54.02,74.14,0.92,59.31,0.77,45.61,0.67
2024-05-07,14:30,May,Summer,V-Shape,77,567.19,39.73,52.91,74.49,0.86,59.59,0.72,42.95,0.67
2024-05-07,14:45,May,Summer,V-Shape,77,529.9,39.55,51.8,74.84,0.8,59.87,0.67,40.27,0.67
2024-05-07,15:00,May,Summer,V-Shape,77,492.61,39.37,50.69,75.19,0.75,60.16,0.62,37.57,0.67
2024-05-07,15:15,May,Summer,V-Shape,77,433.01,39.09,48.92,75.75,0.65,60.6,0.55,33.21,0.67
2024-05-07,15:30,May,Summer,V-Shape,77,373.41,38.82,47.16,76.31,0.56,61.05,0.47,28.8,0.67
2024-05-07,15:45,May,Summer,V-Shape,77,313.81,38.55,45.39,76.87,0.47,61.5,0.4,24.34,0.67
2024-05-07,16:00,May,Summer,V-Shape,77,254.21,38.27,43.63,77.43,0.38,61.94,0.32,19.83,0.67
2024-05-07,16:15,May,Summer,V-Shape,77,203.39,37.85,41.93,77.97,0.31,62.37,0.26,15.95,0.67
2024-05-07,16:30,May,Summer,V-Shape,77,152.58,37.42,40.24,78.5,0.23,62.8,0.19,12.03,0.67
2024-05-07,16:45,May,Summer,V-Shape,77,101.77,37.0,38.55,79.04,0.15,63.23,0.13,8.06,0.67
2024-05-07,17:00,May,Summer,V-Shape,77,50.96,36.58,36.85,79.57,0.08,63.66,0.06,4.06,0.67
2024-05-07,17:15,May,Summer,V-Shape,77,38.22,36.09,36.05,79.83,0.06,63.86,0.05,3.05,0.67
2024-05-07,17:30,May,Summer,V-Shape,77,25.48,35.61,35.25,80.08,0.04,64.07,0.03,2.04,0.67
2024-05-07,17:45,May,Summer,V-Shape,77,12.74,35.12,34.44,80.34,0.02,64.27,0.02,1.02,0.67
2024-05-08,05:00,May,Summer,V-Shape,77,5.74,29.96,29.1,82.03,0.01,65.62,0.01,0.47,0.67
2024-05-08,05:15,May,Summer,V-Shape,77,34.31,30.15,30.01,81.74,0.05,65.39,0.04,2.79,0.67
2024-05-08,05:30,May,Summer,V-Shape,77,62.88,30.34,30.92,81.45,0.09,65.16,0.08,5.1,0.67
2024-05-08,05:45,May,Summer,V-Shape,77,91.45,30.54,31.82,81.17,0.14,64.93,0.11,7.39,0.67
2024-05-08,06:00,May,Summer,V-Shape,77,120.02,30.73,32.73,80.88,0.18,64.7,0.15,9.67,0.67
2024-05-08,06:15,May,Summer,V-Shape,77,171.47,31.11,34.39,80.35,0.26,64.28,0.21,13.75,0.67
2024-05-08,06:30,May,Summer,V-Shape,77,222.93,31.48,36.06,79.83,0.33,63.86,0.28,17.79,0.67
2024-05-08,06:45,May,Summer,V-Shape,77,274.39,31.86,37.72,79.3,0.41,63.44,0.34,21.79,0.67
2024-05-08,07:00,May,Summer,V-Shape,77,325.85,32.24,39.39,78.77,0.49,63.02,0.41,25.75,0.67
2024-05-08,07:15,May,Summer,V-Shape,77,386.78,32.61,41.27,78.17,0.58,62.54,0.49,30.39,0.67
2024-05-08,07:30,May,Summer,V-Shape,77,447.71,32.97,43.16,77.58,0.67,62.06,0.56,34.97,0.67
2024-05-08,07:45,May,Summer,V-Shape,77,508.64,33.34,45.05,76.98,0.77,61.58,0.64,39.5,0.67
2024-05-08,08:00,May,Summer,V-Shape,77,569.57,33.7,46.94,76.38,0.86,61.1,0.72,43.97,0.67
2024-05-08,08:15,May,Summer,V-Shape,77,618.59,34.05,48.52,75.88,0.93,60.7,0.78,47.51,0.67
2024-05-08,08:30,May,Summer,V-Shape,77,667.6,34.41,50.1,75.38,1.01,60.3,0.85,51.02,0.67
2024-05-08,08:45,May,Summer,V-Shape,77,716.61,34.77,51.68,74.88,1.09,59.9,0.91,54.48,0.67
2024-05-08,09:00,May,Summer,V-Shape,77,765.63,35.12,53.26,74.38,1.16,59.5,0.97,57.91,0.67
2024-05-08,09:15,May,Summer,V-Shape,77,788.33,35.46,54.17,74.09,1.2,59.27,1.0,59.45,0.67
2024-05-08,09:30,May,Summer,V-Shape,77,811.04,35.8,55.07,73.81,1.23,59.04,1.03,60.98,0.67
2024-05-08,09:45,May,Summer,V-Shape,77,833.75,36.13,55.98,73.52,1.27,58.82,1.06,62.5,0.67
2024-05-08,10:00,May,Summer,V-Shape,77,856.45,36.47,56.88,73.23,1.3,58.59,1.09,64.0,0.67
2024-05-08,10:15,May,Summer,V-Shape,77,857.76,36.74,57.18,73.14,1.31,58.51,1.09,64.04,0.67
2024-05-08,10:30,May,Summer,V-Shape,77,859.07,37.01,57.49,73.04,1.31,58.43,1.1,64.07,0.67
2024-05-08,10:45,May,Summer,V-Shape,77,860.38,37.28,57.79,72.95,1.31,58.36,1.1,64.1,0.67
2024-05-08,11:00,May,Summer,V-Shape,77,861.68,37.55,58.09,72.85,1.31,58.28,1.1,64.13,0.67
2024-05-08,11:15,May,Summer,V-Shape,77,815.43,37.71,57.09,73.17,1.24,58.53,1.04,60.89,0.67
2024-05-08,11:30,May,Summer,V-Shape,77,769.18,37.86,56.09,73.48,1.17,58.79,0.98,57.63,0.67
2024-05-08,11:45,May,Summer,V-Shape,77,722.93,38.02,55.1,73.8,1.1,59.04,0.92,54.35,0.67
2024-05-08,12:00,May,Summer,V-Shape,77,676.67,38.18,54.1,74.11,1.03,59.29,0.86,51.04,0.67
2024-05-08,12:15,May,Summer,V-Shape,77,711.37,38.24,55.02,73.82,1.08,59.06,0.91,53.49,0.67
2024-05-08,12:30,May,Summer,V-Shape,77,746.06,38.3,55.95,73.53,1.14,58.82,0.95,55.93,0.67
2024-05-08,12:45,May,Summer,V-Shape,77,780.76,38.35,56.87,73.24,1.19,58.59,1.0,58.35,0.67
2024-05-08,13:00,May,Summer,V-Shape,77,815.45,38.41,57.8,72.94,1.24,58.35,1.04,60.75,0.67
2024-05-08,13:15,May,Summer,V-Shape,77,766.54,38.37,56.53,73.34,1.17,58.68,0.98,57.35,0.67
2024-05-08,13:30,May,Summer,V-Shape,77,717.62,38.33,55.27,73.74,1.09,59.0,0.91,53.92,0.67
2024-05-08,13:45,May,Summer,V-Shape,77,668.71,38.28,54.0,74.15,1.02,59.32,0.85,50.45,0.67
2024-05-08,14:00,May,Summer,V-Shape,77,619.79,38.24,52.73,74.55,0.94,59.64,0.79,46.96,0.67
2024-05-08,14:15,May,Summer,V-Shape,77,560.09,38.06,51.06,75.08,0.85,60.06,0.71,42.67,0.67
2024-05-08,14:30,May,Summer,V-Shape,77,500.38,37.88,49.39,75.61,0.76,60.48,0.63,38.32,0.67
2024-05-08,14:45,May,Summer,V-Shape,77,440.68,37.7,47.72,76.13,0.67,60.91,0.56,33.93,0.67
2024-05-08,15:00,May,Summer,V-Shape,77,380.97,37.52,46.04,76.66,0.57,61.33,0.48,29.49,0.67
2024-05-08,15:15,May,Summer,V-Shape,77,332.1,37.27,44.57,77.13,0.5,61.7,0.42,25.83,0.67
2024-05-08,15:30,May,Summer,V-Shape,77,283.23,37.02,43.1,77.6,0.43,62.08,0.36,22.13,0.67
2024-05-08,15:45,May,Summer,V-Shape,77,234.35,36.76,41.62,78.06,0.35,62.45,0.29,18.39,0.67
2024-05-08,16:00,May,Summer,V-Shape,77,185.48,36.51,40.15,78.53,0.28,62.83,0.23,14.62,0.67
2024-05-08,16:15,May,Summer,V-Shape,77,149.01,36.15,38.88,78.93,0.22,63.15,0.19,11.79,0.67
2024-05-08,16:30,May,Summer,V-Shape,77,112.54,35.8,37.61,79.34,0.17,63.47,0.14,8.94,0.67
2024-05-08,16:45,May,Summer,V-Shape,77,76.08,35.44,36.34,79.74,0.11,63.79,0.1,6.07,0.67
2024-05-08,17:00,May,Summer,V-Shape,77,39.61,35.08,35.07,80.14,0.06,64.11,0.05,3.17,0.67
2024-05-08,17:15,May,Summer,V-Shape,77,29.7,34.62,34.37,80.36,0.04,64.29,0.04,2.38,0.67
2024-05-08,17:30,May,Summer,V-Shape,77,19.8,34.17,33.67,80.58,0.03,64.47,0.02,1.59,0.67
2024-05-08,17:45,May,Summer,V-Shape,77,9.9,33.71,32.96,80.81,0.01,64.65,0.01,0.8,0.67
2024-05-09,05:00,May,Summer,V-Shape,77,5.54,28.61,27.75,82.46,0.01,65.97,0.01,0.45,0.67
2024-05-09,05:15,May,Summer,V-Shape,77,29.1,28.77,28.5,82.22,0.04,65.78,0.04,2.37,0.67
2024-05-09,05:30,May,Summer,V-Shape,77,52.66,28.92,29.24,81.98,0.08,65.59,0.07,4.29,0.67
2024-05-09,05:45,May,Summer,V-Shape,77,76.22,29.08,29.99,81.75,0.11,65.4,0.09,6.19,0.67
2024-05-09,06:00,May,Summer,V-Shape,77,99.78,29.24,30.73,81.51,0.15,65.21,0.12,8.09,0.67
2024-05-09,06:15,May,Summer,V-Shape,77,139.36,29.63,32.12,81.07,0.21,64.86,0.17,11.25,0.67
2024-05-09,06:30,May,Summer,V-Shape,77,178.94,30.02,33.5,80.64,0.27,64.51,0.22,14.39,0.67
2024-05-09,06:45,May,Summer,V-Shape,77,218.51,30.42,34.88,80.2,0.33,64.16,0.27,17.5,0.67
2024-05-09,07:00,May,Summer,V-Shape,77,258.09,30.81,36.26,79.76,0.39,63.81,0.32,20.59,0.67
2024-05-09,07:15,May,Summer,V-Shape,77,298.02,31.26,37.71,79.3,0.45,63.44,0.37,23.67,0.67
2024-05-09,07:30,May,Summer,V-Shape,77,337.95,31.71,39.16,78.84,0.51,63.07,0.42,26.72,0.67
2024-05-09,07:45,May,Summer,V-Shape,77,377.88,32.17,40.61,78.38,0.57,62.71,0.47,29.75,0.67
2024-05-09,08:00,May,Summer,V-Shape,77,417.82,32.62,42.07,77.92,0.63,62.34,0.53,32.75,0.67
2024-05-09,08:15,May,Summer,V-Shape,77,455.66,33.06,43.46,77.48,0.68,61.99,0.57,35.56,0.67
2024-05-09,08:30,May,Summer,V-Shape,77,493.51,33.51,44.85,77.04,0.74,61.63,0.62,38.35,0.67
2024-05-09,08:45,May,Summer,V-Shape,77,531.36,33.95,46.24,76.6,0.8,61.28,0.67,41.11,0.67
2024-05-09,09:00,May,Summer,V-Shape,77,569.21,34.4,47.63,76.16,0.86,60.93,0.72,43.84,0.67
2024-05-09,09:15,May,Summer,V-Shape,77,600.3,34.71,48.71,75.82,0.91,60.65,0.76,46.08,0.67
2024-05-09,09:30,May,Summer,V-Shape,77,631.39,35.02,49.8,75.48,0.96,60.38,0.8,48.3,0.67
2024-05-09,09:45,May,Summer,V-Shape,77,662.48,35.32,50.88,75.13,1.0,60.11,0.84,50.5,0.67
2024-05-09,10:00,May,Summer,V-Shape,77,693.58,35.63,51.97,74.79,1.05,59.83,0.88,52.68,0.67
2024-05-09,10:15,May,Summer,V-Shape,77,718.26,35.83,52.78,74.53,1.09,59.62,0.91,54.41,0.67
2024-05-09,10:30,May,Summer,V-Shape,77,742.94,36.03,53.6,74.27,1.13,59.42,0.94,56.13,0.67
2024-05-09,10:45,May,Summer,V-Shape,77,767.63,36.22,54.41,74.01,1.17,59.21,0.98,57.84,0.67
2024-05-09,11:00,May,Summer,V-Shape,77,792.31,36.42,55.23,73.76,1.2,59.01,1.01,59.54,0.67
2024-05-09,11:15,May,Summer,V-Shape,77,794.02,36.55,55.4,73.7,1.21,58.96,1.01,59.63,0.67
2024-05-09,11:30,May,Summer,V-Shape,77,795.73,36.69,55.58,73.65,1.21,58.92,1.01,59.72,0.67
2024-05-09,11:45,May,Summer,V-Shape,77,797.44,36.82,55.75,73.59,1.21,58.87,1.02,59.82,0.67
2024-05-09,12:00,May,Summer,V-Shape,77,799.16,36.95,55.93,73.53,1.22,58.83,1.02,59.91,0.67
2024-05-09,12:15,May,Summer,V-Shape,77,741.5,36.97,54.51,73.98,1.13,59.19,0.94,55.85,0.67
2024-05-09,12:30,May,Summer,V-Shape,77,683.84,36.99,53.09,74.43,1.04,59.55,0.87,51.75,0.67
2024-05-09,12:45,May,Summer,V-Shape,77,626.18,37.01,51.66,74.88,0.95,59.91,0.79,47.61,0.67
2024-05-09,13:00,May,Summer,V-Shape,77,568.52,37.03,50.24,75.33,0.86,60.27,0.72,43.42,0.67
2024-05-09,13:15,May,Summer,V-Shape,77,534.69,36.98,49.35,75.62,0.81,60.49,0.68,40.96,0.67
2024-05-09,13:30,May,Summer,V-Shape,77,500.87,36.93,48.45,75.9,0.76,60.72,0.63,38.48,0.67
2024-05-09,13:45,May,Summer,V-Shape,77,467.04,36.88,47.56,76.19,0.7,60.95,0.59,35.98,0.67
2024-05-09,14:00,May,Summer,V-Shape,77,433.21,36.83,46.66,76.47,0.65,61.18,0.55,33.47,0.67
2024-05-09,14:15,May,Summer,V-Shape,77,393.42,36.66,45.5,76.84,0.59,61.47,0.5,30.51,0.67
2024-05-09,14:30,May,Summer,V-Shape,77,353.64,36.5,44.34,77.2,0.53,61.76,0.45,27.52,0.67
2024-05-09,14:45,May,Summer,V-Shape,77,313.86,36.34,43.18,77.57,0.47,62.06,0.4,24.51,0.67
2024-05-09,15:00,May,Summer,V-Shape,77,274.07,36.17,42.02,77.94,0.41,62.35,0.34,21.48,0.67
2024-05-09,15:15,May,Summer,V-Shape,77,239.96,35.95,40.95,78.28,0.36,62.62,0.3,18.87,0.67
2024-05-09,15:30,May,Summer,V-Shape,77,205.85,35.73,39.87,78.62,0.31,62.9,0.26,16.24,0.67
2024-05-09,15:45,May,Summer,V-Shape,77,171.74,35.5,38.8,78.96,0.26,63.17,0.22,13.59,0.67
2024-05-09,16:00,May,Summer,V-Shape,77,137.62,35.28,37.72,79.3,0.21,63.44,0.17,10.93,0.67
2024-05-09,16:15,May,Summer,V-Shape,77,111.09,34.95,36.73,79.61,0.17,63.69,0.14,8.85,0.67
2024-05-09,16:30,May,Summer,V-Shape,77,84.55,34.62,35.74,79.93,0.13,63.94,0.11,6.75,0.67
2024-05-09,16:45,May,Summer,V-Shape,77,58.02,34.3,34.75,80.24,0.09,64.19,0.07,4.65,0.67
2024-05-09,17:00,May,Summer,V-Shape,77,31.48,33.97,33.76,80.56,0.05,64.44,0.04,2.53,0.67
2024-05-09,17:15,May,Summer,V-Shape,77,23.61,33.62,33.21,80.73,0.04,64.58,0.03,1.9,0.67
2024-05-09,17:30,May,Summer,V-Shape,77,15.74,33.27,32.66,80.9,0.02,64.72,0.02,1.27,0.67
2024-05-09,17:45,May,Summer,V-Shape,77,7.87,32.91,32.11,81.08,0.01,64.86,0.01,0.64,0.67
2024-05-10,05:15,May,Summer,V-Shape,77,21.97,28.18,27.73,82.46,0.03,65.97,0.03,1.8,0.67
2024-05-10,05:30,May,Summer,V-Shape,77,40.15,28.28,28.28,82.29,0.06,65.83,0.05,3.28,0.67
2024-05-10,05:45,May,Summer,V-Shape,77,58.34,28.38,28.83,82.11,0.09,65.69,0.07,4.76,0.67
2024-05-10,06:00,May,Summer,V-Shape,77,76.52,28.47,29.38,81.94,0.11,65.55,0.1,6.23,0.67
2024-05-10,06:15,May,Summer,V-Shape,77,105.14,28.7,30.32,81.64,0.16,65.31,0.13,8.53,0.67
2024-05-10,06:30,May,Summer,V-Shape,77,133.76,28.92,31.26,81.34,0.2,65.08,0.17,10.83,0.67
2024-05-10,06:45,May,Summer,V-Shape,77,162.38,29.14,32.2,81.05,0.24,64.84,0.2,13.11,0.67
2024-05-10,07:00,May,Summer,V-Shape,77,191.0,29.37,33.14,80.75,0.28,64.6,0.24,15.38,0.67
2024-05-10,07:15,May,Summer,V-Shape,77,222.38,29.64,34.2,80.42,0.33,64.33,0.28,17.85,0.67
2024-05-10,07:30,May,Summer,V-Shape,77,253.76,29.91,35.25,80.08,0.38,64.07,0.32,20.3,0.67
2024-05-10,07:45,May,Summer,V-Shape,77,285.14,30.17,36.3,79.75,0.43,63.8,0.36,22.74,0.67
2024-05-10,08:00,May,Summer,V-Shape,77,316.52,30.44,37.35,79.42,0.47,63.53,0.4,25.17,0.67
2024-05-10,08:15,May,Summer,V-Shape,77,373.54,30.73,39.06,78.87,0.56,63.1,0.47,29.55,0.67
2024-05-10,08:30,May,Summer,V-Shape,77,430.55,31.01,40.77,78.33,0.65,62.67,0.54,33.88,0.67
2024-05-10,08:45,May,Summer,V-Shape,77,487.57,31.29,42.48,77.79,0.73,62.23,0.61,38.16,0.67
2024-05-10,09:00,May,Summer,V-Shape,77,544.58,31.58,44.19,77.25,0.82,61.8,0.69,42.4,0.67
2024-05-10,09:15,May,Summer,V-Shape,77,582.05,31.82,45.37,76.88,0.88,61.5,0.73,45.15,0.67
2024-05-10,09:30,May,Summer,V-Shape,77,619.52,32.06,46.55,76.5,0.93,61.2,0.78,47.88,0.67
2024-05-10,09:45,May,Summer,V-Shape,77,656.98,32.31,47.73,76.13,0.99,60.9,0.83,50.59,0.67
2024-05-10,10:00,May,Summer,V-Shape,77,694.45,32.55,48.91,75.76,1.05,60.61,0.88,53.27,0.67
2024-05-10,10:15,May,Summer,V-Shape,77,728.23,32.73,49.94,75.43,1.1,60.35,0.92,55.68,0.67
2024-05-10,10:30,May,Summer,V-Shape,77,762.02,32.91,50.97,75.11,1.15,60.08,0.97,58.07,0.67
2024-05-10,10:45,May,Summer,V-Shape,77,795.8,33.1,51.99,74.78,1.21,59.82,1.01,60.44,0.67
2024-05-10,11:00,May,Summer,V-Shape,77,829.58,33.28,53.02,74.46,1.26,59.56,1.05,62.79,0.67
2024-05-10,11:15,May,Summer,V-Shape,77,828.84,33.42,53.14,74.42,1.26,59.53,1.05,62.71,0.67
2024-05-10,11:30,May,Summer,V-Shape,77,828.1,33.55,53.26,74.38,1.26,59.5,1.05,62.63,0.67
2024-05-10,11:45,May,Summer,V-Shape,77,827.36,33.69,53.38,74.34,1.26,59.47,1.05,62.55,0.67
2024-05-10,12:00,May,Summer,V-Shape,77,826.61,33.83,53.5,74.31,1.25,59.44,1.05,62.47,0.67
2024-05-10,12:15,May,Summer,V-Shape,77,803.73,33.94,53.03,74.45,1.22,59.56,1.02,60.84,0.67
2024-05-10,12:30,May,Summer,V-Shape,77,780.85,34.04,52.56,74.6,1.18,59.68,0.99,59.19,0.67
2024-05-10,12:45,May,Summer,V-Shape,77,757.97,34.14,52.09,74.75,1.15,59.8,0.96,57.55,0.67
2024-05-10,13:00,May,Summer,V-Shape,77,735.08,34.25,51.63,74.9,1.11,59.92,0.93,55.9,0.67
2024-05-10,13:15,May,Summer,V-Shape,77,674.43,34.29,50.15,75.36,1.02,60.29,0.85,51.53,0.67
2024-05-10,13:30,May,Summer,V-Shape,77,613.77,34.33,48.67,75.83,0.93,60.67,0.78,47.12,0.67
2024-05-10,13:45,May,Summer,V-Shape,77,553.11,34.36,47.19,76.3,0.83,61.04,0.7,42.66,0.67
2024-05-10,14:00,May,Summer,V-Shape,77,492.45,34.4,45.71,76.77,0.74,61.42,0.62,38.16,0.67
2024-05-10,14:15,May,Summer,V-Shape,77,443.15,34.34,44.42,77.18,0.67,61.74,0.56,34.48,0.67
2024-05-10,14:30,May,Summer,V-Shape,77,393.86,34.27,43.12,77.59,0.59,62.07,0.5,30.77,0.67
2024-05-10,14:45,May,Summer,V-Shape,77,344.56,34.21,41.83,78.0,0.52,62.4,0.43,27.02,0.67
2024-05-10,15:00,May,Summer,V-Shape,77,295.26,34.15,40.53,78.41,0.44,62.73,0.37,23.25,0.67
2024-05-10,15:15,May,Summer,V-Shape,77,254.17,33.98,39.33,78.79,0.38,63.03,0.32,20.09,0.67
2024-05-10,15:30,May,Summer,V-Shape,77,213.09,33.8,38.13,79.17,0.32,63.34,0.27,16.9,0.67
2024-05-10,15:45,May,Summer,V-Shape,77,172.0,33.63,36.93,79.55,0.26,63.64,0.22,13.69,0.67
2024-05-10,16:00,May,Summer,V-Shape,77,130.91,33.46,35.73,79.93,0.2,63.94,0.16,10.46,0.67
2024-05-10,16:15,May,Summer,V-Shape,77,105.57,33.09,34.72,80.25,0.16,64.2,0.13,8.46,0.67
2024-05-10,16:30,May,Summer,V-Shape,77,80.24,32.71,33.72,80.57,0.12,64.45,0.1,6.45,0.67
2024-05-10,16:45,May,Summer,V-Shape,77,54.9,32.34,32.71,80.89,0.08,64.71,0.07,4.43,0.67
2024-05-10,17:00,May,Summer,V-Shape,77,29.56,31.96,31.7,81.21,0.04,64.97,0.04,2.39,0.67
2024-05-10,17:15,May,Summer,V-Shape,77,22.17,31.56,31.12,81.39,0.03,65.11,0.03,1.8,0.67
2024-05-10,17:30,May,Summer,V-Shape,77,14.78,31.16,30.53,81.58,0.02,65.26,0.02,1.2,0.67
2024-05-10,17:45,May,Summer,V-Shape,77,7.39,30.77,29.95,81.76,0.01,65.41,0.01,0.6,0.67
2024-05-11,04:45,May,Summer,V-Shape,77,5.54,26.83,25.97,83.02,0.01,66.42,0.01,0.45,0.67
2024-05-11,05:00,May,Summer,V-Shape,77,7.38,26.79,25.97,83.02,0.01,66.42,0.01,0.61,0.67
2024-05-11,05:15,May,Summer,V-Shape,77,37.12,27.17,27.1,82.66,0.05,66.13,0.05,3.04,0.67
2024-05-11,05:30,May,Summer,V-Shape,77,66.86,27.55,28.22,82.31,0.1,65.85,0.08,5.46,0.67
2024-05-11,05:45,May,Summer,V-Shape,77,96.6,27.92,29.34,81.95,0.14,65.56,0.12,7.86,0.67
2024-05-11,06:00,May,Summer,V-Shape,77,126.34,28.3,30.46,81.6,0.19,65.28,0.16,10.25,0.67
2024-05-11,06:15,May,Summer,V-Shape,77,179.02,28.81,32.28,81.02,0.27,64.82,0.22,14.45,0.67
2024-05-11,06:30,May,Summer,V-Shape,77,231.7,29.31,34.11,80.44,0.35,64.36,0.29,18.6,0.67
2024-05-11,06:45,May,Summer,V-Shape,77,284.39,29.82,35.93,79.87,0.42,63.89,0.36,22.71,0.67
2024-05-11,07:00,May,Summer,V-Shape,77,337.07,30.33,37.76,79.29,0.5,63.43,0.42,26.77,0.67
2024-05-11,07:15,May,Summer,V-Shape,77,386.86,30.85,39.52,78.73,0.58,62.98,0.49,30.56,0.67
2024-05-11,07:30,May,Summer,V-Shape,77,436.65,31.38,41.29,78.17,0.65,62.54,0.55,34.3,0.67
2024-05-11,07:45,May,Summer,V-Shape,77,486.44,31.9,43.06,77.61,0.73,62.09,0.61,38.01,0.67
2024-05-11,08:00,May,Summer,V-Shape,77,536.24,32.42,44.83,77.05,0.81,61.64,0.68,41.67,0.67
2024-05-11,08:15,May,Summer,V-Shape,77,564.17,32.89,46.0,76.68,0.85,61.34,0.71,43.68,0.67
2024-05-11,08:30,May,Summer,V-Shape,77,592.11,33.37,47.17,76.31,0.89,61.05,0.75,45.67,0.67
2024-05-11,08:45,May,Summer,V-Shape,77,620.04,33.84,48.34,75.94,0.94,60.75,0.78,47.65,0.67
2024-05-11,09:00,May,Summer,V-Shape,77,647.98,34.31,49.51,75.57,0.98,60.45,0.82,49.61,0.67
2024-05-11,09:15,May,Summer,V-Shape,77,665.83,34.72,50.36,75.3,1.01,60.24,0.84,50.84,0.67
2024-05-11,09:30,May,Summer,V-Shape,77,683.69,35.12,51.22,75.03,1.04,60.02,0.87,52.06,0.67
2024-05-11,09:45,May,Summer,V-Shape,77,701.55,35.53,52.07,74.76,1.06,59.8,0.89,53.27,0.67
2024-05-11,10:00,May,Summer,V-Shape,77,719.41,35.94,52.93,74.49,1.09,59.59,0.91,54.47,0.67
2024-05-11,10:15,May,Summer,V-Shape,77,755.05,36.24,54.12,74.11,1.15,59.29,0.96,56.95,0.67
2024-05-11,10:30,May,Summer,V-Shape,77,790.69,36.54,55.31,73.73,1.2,58.99,1.01,59.4,0.67
2024-05-11,10:45,May,Summer,V-Shape,77,826.33,36.84,56.5,73.35,1.26,58.68,1.05,61.83,0.67
2024-05-11,11:00,May,Summer,V-Shape,77,861.97,37.14,57.69,72.98,1.31,58.38,1.1,64.24,0.67
2024-05-11,11:15,May,Summer,V-Shape,77,847.92,37.33,57.53,73.03,1.29,58.42,1.08,63.23,0.67
2024-05-11,11:30,May,Summer,V-Shape,77,833.88,37.52,57.37,73.08,1.27,58.46,1.06,62.21,0.67
2024-05-11,11:45,May,Summer,V-Shape,77,819.83,37.71,57.21,73.13,1.25,58.5,1.05,61.2,0.67
2024-05-11,12:00,May,Summer,V-Shape,77,805.79,37.9,57.04,73.18,1.23,58.54,1.03,60.18,0.67
2024-05-11,12:15,May,Summer,V-Shape,77,798.21,37.96,56.92,73.22,1.22,58.58,1.02,59.64,0.67
2024-05-11,12:30,May,Summer,V-Shape,77,790.63,38.03,56.8,73.26,1.2,58.61,1.01,59.1,0.67
2024-05-11,12:45,May,Summer,V-Shape,77,783.06,38.09,56.67,73.3,1.19,58.64,1.0,58.56,0.67
2024-05-11,13:00,May,Summer,V-Shape,77,775.48,38.16,56.55,73.34,1.18,58.67,0.99,58.02,0.67
2024-05-11,13:15,May,Summer,V-Shape,77,701.04,38.09,54.61,73.95,1.07,59.16,0.89,52.79,0.67
2024-05-11,13:30,May,Summer,V-Shape,77,626.6,38.02,52.68,74.56,0.95,59.65,0.8,47.48,0.67
2024-05-11,13:45,May,Summer,V-Shape,77,552.17,37.94,50.75,75.18,0.84,60.14,0.7,42.11,0.67
2024-05-11,14:00,May,Summer,V-Shape,77,477.73,37.87,48.81,75.79,0.72,60.63,0.6,36.66,0.67
2024-05-11,14:15,May,Summer,V-Shape,77,429.37,37.64,47.37,76.24,0.65,60.99,0.54,33.1,0.67
2024-05-11,14:30,May,Summer,V-Shape,77,381.01,37.41,45.94,76.7,0.57,61.36,0.48,29.5,0.67
2024-05-11,14:45,May,Summer,V-Shape,77,332.65,37.18,44.5,77.15,0.5,61.72,0.42,25.88,0.67
2024-05-11,15:00,May,Summer,V-Shape,77,284.29,36.95,43.06,77.61,0.43,62.09,0.36,22.21,0.67
2024-05-11,15:15,May,Summer,V-Shape,77,249.44,36.56,41.8,78.01,0.37,62.41,0.31,19.57,0.67
2024-05-11,15:30,May,Summer,V-Shape,77,214.58,36.17,40.53,78.41,0.32,62.73,0.27,16.9,0.67
2024-05-11,15:45,May,Summer,V-Shape,77,179.73,35.78,39.27,78.81,0.27,63.05,0.23,14.21,0.67
2024-05-11,16:00,May,Summer,V-Shape,77,144.88,35.39,38.01,79.21,0.22,63.37,0.18,11.5,0.67
2024-05-11,16:15,May,Summer,V-Shape,77,117.37,34.81,36.75,79.61,0.18,63.69,0.15,9.35,0.67
2024-05-11,16:30,May,Summer,V-Shape,77,89.85,34.23,35.48,80.01,0.13,64.01,0.11,7.18,0.67
2024-05-11,16:45,May,Summer,V-Shape,77,62.34,33.66,34.22,80.41,0.09,64.33,0.08,5.0,0.67
2024-05-11,17:00,May,Summer,V-Shape,77,34.83,33.08,32.95,80.81,0.05,64.65,0.04,2.81,0.67
2024-05-11,17:15,May,Summer,V-Shape,77,26.12,32.48,32.13,81.07,0.04,64.86,0.03,2.11,0.67
2024-05-11,17:30,May,Summer,V-Shape,77,17.41,31.88,31.31,81.33,0.03,65.06,0.02,1.41,0.67
2024-05-11,17:45,May,Summer,V-Shape,77,8.71,31.27,30.49,81.59,0.01,65.27,0.01,0.71,0.67
2024-05-12,05:00,May,Summer,V-Shape,77,6.83,26.6,25.77,83.08,0.01,66.47,0.01,0.56,0.67
2024-05-12,05:15,May,Summer,V-Shape,77,36.05,26.96,26.86,82.74,0.05,66.19,0.04,2.96,0.67
2024-05-12,05:30,May,Summer,V-Shape,77,65.28,27.31,27.94,82.4,0.1,65.92,0.08,5.34,0.67
2024-05-12,05:45,May,Summer,V-Shape,77,94.51,27.66,29.03,82.05,0.14,65.64,0.12,7.7,0.67
2024-05-12,06:00,May,Summer,V-Shape,77,123.74,28.02,30.11,81.71,0.18,65.37,0.15,10.05,0.67
2024-05-12,06:15,May,Summer,V-Shape,77,170.81,28.57,31.84,81.16,0.25,64.93,0.21,13.8,0.67
2024-05-12,06:30,May,Summer,V-Shape,77,217.89,29.12,33.57,80.61,0.32,64.49,0.27,17.52,0.67
2024-05-12,06:45,May,Summer,V-Shape,77,264.96,29.68,35.3,80.07,0.4,64.05,0.33,21.2,0.67
2024-05-12,07:00,May,Summer,V-Shape,77,312.03,30.23,37.03,79.52,0.47,63.61,0.39,24.83,0.67
2024-05-12,07:15,May,Summer,V-Shape,77,363.33,30.86,38.94,78.91,0.54,63.13,0.46,28.75,0.67
2024-05-12,07:30,May,Summer,V-Shape,77,414.63,31.48,40.85,78.31,0.62,62.65,0.52,32.62,0.67
2024-05-12,07:45,May,Summer,V-Shape,77,465.93,32.11,42.76,77.7,0.7,62.16,0.59,36.44,0.67
2024-05-12,08:00,May,Summer,V-Shape,77,517.23,32.74,44.67,77.1,0.78,61.68,0.65,40.21,0.67
2024-05-12,08:15,May,Summer,V-Shape,77,552.36,33.23,46.04,76.66,0.83,61.33,0.7,42.76,0.67
2024-05-12,08:30,May,Summer,V-Shape,77,587.49,33.73,47.42,76.23,0.89,60.98,0.74,45.28,0.67
2024-05-12,08:45,May,Summer,V-Shape,77,622.61,34.23,48.79,75.79,0.94,60.64,0.79,47.78,0.67
2024-05-12,09:00,May,Summer,V-Shape,77,657.74,34.72,50.16,75.36,1.0,60.29,0.83,50.25,0.67
2024-05-12,09:15,May,Summer,V-Shape,77,679.61,35.11,51.1,75.06,1.03,60.05,0.86,51.77,0.67
2024-05-12,09:30,May,Summer,V-Shape,77,701.47,35.5,52.03,74.77,1.06,59.81,0.89,53.27,0.67
2024-05-12,09:45,May,Summer,V-Shape,77,723.34,35.88,52.97,74.47,1.1,59.58,0.92,54.76,0.67
2024-05-12,10:00,May,Summer,V-Shape,77,745.21,36.27,53.9,74.18,1.13,59.34,0.95,56.24,0.67
2024-05-12,10:15,May,Summer,V-Shape,77,748.2,36.56,54.26,74.06,1.14,59.25,0.95,56.4,0.67
2024-05-12,10:30,May,Summer,V-Shape,77,751.19,36.85,54.63,73.95,1.14,59.16,0.96,56.56,0.67
2024-05-12,10:45,May,Summer,V-Shape,77,754.18,37.14,54.99,73.83,1.15,59.06,0.96,56.72,0.67
2024-05-12,11:00,May,Summer,V-Shape,77,757.18,37.43,55.36,73.71,1.15,58.97,0.96,56.87,0.67
2024-05-12,11:15,May,Summer,V-Shape,77,768.39,37.61,55.82,73.57,1.17,58.86,0.98,57.63,0.67
2024-05-12,11:30,May,Summer,V-Shape,77,779.61,37.79,56.28,73.42,1.19,58.74,0.99,58.38,0.67
2024-05-12,11:45,May,Summer,V-Shape,77,790.83,37.97,56.74,73.28,1.2,58.62,1.01,59.13,0.67
2024-05-12,12:00,May,Summer,V-Shape,77,802.04,38.15,57.2,73.13,1.22,58.51,1.02,59.87,0.67
2024-05-12,12:15,May,Summer,V-Shape,77,742.95,38.21,55.78,73.58,1.13,58.86,0.95,55.73,0.67
2024-05-12,12:30,May,Summer,V-Shape,77,683.87,38.27,54.37,74.03,1.04,59.22,0.87,51.54,0.67
2024-05-12,12:45,May,Summer,V-Shape,77,624.78,38.33,52.95,74.48,0.95,59.58,0.79,47.3,0.67
2024-05-12,13:00,May,Summer,V-Shape,77,565.69,38.39,51.53,74.93,0.86,59.94,0.72,43.03,0.67
2024-05-12,13:15,May,Summer,V-Shape,77,531.85,38.31,50.61,75.22,0.81,60.17,0.67,40.57,0.67
2024-05-12,13:30,May,Summer,V-Shape,77,498.02,38.24,49.69,75.51,0.75,60.41,0.63,38.11,0.67
2024-05-12,13:45,May,Summer,V-Shape,77,464.18,38.17,48.77,75.8,0.7,60.64,0.59,35.62,0.67
2024-05-12,14:00,May,Summer,V-Shape,77,430.34,38.09,47.85,76.09,0.65,60.87,0.54,33.12,0.67
2024-05-12,14:15,May,Summer,V-Shape,77,393.63,37.86,46.7,76.46,0.59,61.17,0.5,30.41,0.67
2024-05-12,14:30,May,Summer,V-Shape,77,356.92,37.63,45.55,76.82,0.54,61.46,0.45,27.67,0.67
2024-05-12,14:45,May,Summer,V-Shape,77,320.21,37.4,44.41,77.18,0.48,61.75,0.4,24.92,0.67
2024-05-12,15:00,May,Summer,V-Shape,77,283.5,37.17,43.26,77.55,0.43,62.04,0.36,22.14,0.67
2024-05-12,15:15,May,Summer,V-Shape,77,251.69,36.73,42.02,77.94,0.38,62.35,0.32,19.73,0.67
2024-05-12,15:30,May,Summer,V-Shape,77,219.87,36.3,40.79,78.33,0.33,62.66,0.28,17.3,0.67
2024-05-12,15:45,May,Summer,V-Shape,77,188.06,35.86,39.56,78.72,0.28,62.97,0.24,14.85,0.67
2024-05-12,16:00,May,Summer,V-Shape,77,156.24,35.42,38.33,79.11,0.23,63.29,0.2,12.39,0.67
2024-05-12,16:15,May,Summer,V-Shape,77,125.62,34.88,37.02,79.52,0.19,63.62,0.16,10.0,0.67
2024-05-12,16:30,May,Summer,V-Shape,77,95.0,34.34,35.71,79.94,0.14,63.95,0.12,7.59,0.67
2024-05-12,16:45,May,Summer,V-Shape,77,64.38,33.79,34.4,80.35,0.1,64.28,0.08,5.16,0.67
2024-05-12,17:00,May,Summer,V-Shape,77,33.76,33.25,33.09,80.77,0.05,64.61,0.04,2.72,0.67
2024-05-12,17:15,May,Summer,V-Shape,77,25.32,32.74,32.37,80.99,0.04,64.8,0.03,2.04,0.67
2024-05-12,17:30,May,Summer,V-Shape,77,16.88,32.23,31.65,81.22,0.03,64.98,0.02,1.36,0.67
2024-05-12,17:45,May,Summer,V-Shape,77,8.44,31.71,30.92,81.45,0.01,65.16,0.01,0.68,0.67
2024-05-13,04:45,May,Summer,V-Shape,77,5.29,27.31,26.44,82.87,0.01,66.3,0.01,0.43,0.67
2024-05-13,05:00,May,Summer,V-Shape,77,7.06,27.31,26.49,82.86,0.01,66.29,0.01,0.58,0.67
2024-05-13,05:15,May,Summer,V-Shape,77,37.91,27.45,27.4,82.57,0.06,66.05,0.05,3.1,0.67
2024-05-13,05:30,May,Summer,V-Shape,77,68.76,27.59,28.31,82.28,0.1,65.82,0.09,5.61,0.67
2024-05-13,05:45,May,Summer,V-Shape,77,99.61,27.74,29.23,81.99,0.15,65.59,0.12,8.11,0.67
2024-05-13,06:00,May,Summer,V-Shape,77,130.46,27.88,30.14,81.7,0.19,65.36,0.16,10.59,0.67
2024-05-13,06:15,May,Summer,V-Shape,77,186.97,28.09,31.77,81.18,0.28,64.95,0.23,15.11,0.67
2024-05-13,06:30,May,Summer,V-Shape,77,243.47,28.31,33.4,80.67,0.36,64.54,0.3,19.59,0.67
2024-05-13,06:45,May,Summer,V-Shape,77,299.97,28.52,35.02,80.15,0.45,64.12,0.37,24.02,0.67
2024-05-13,07:00,May,Summer,V-Shape,77,356.48,28.74,36.65,79.64,0.53,63.71,0.45,28.4,0.67
2024-05-13,07:15,May,Summer,V-Shape,77,414.32,28.98,38.34,79.11,0.62,63.28,0.52,32.84,0.67
2024-05-13,07:30,May,Summer,V-Shape,77,472.17,29.21,40.02,78.57,0.71,62.86,0.59,37.24,0.67
2024-05-13,07:45,May,Summer,V-Shape,77,530.02,29.45,41.7,78.04,0.8,62.43,0.67,41.59,0.67
2024-05-13,08:00,May,Summer,V-Shape,77,587.87,29.69,43.39,77.51,0.88,62.0,0.74,45.89,0.67
2024-05-13,08:15,May,Summer,V-Shape,77,612.05,29.85,44.15,77.26,0.92,61.81,0.77,47.66,0.67
2024-05-13,08:30,May,Summer,V-Shape,77,636.22,30.01,44.91,77.02,0.96,61.62,0.8,49.43,0.67
2024-05-13,08:45,May,Summer,V-Shape,77,660.39,30.16,45.67,76.78,0.99,61.43,0.83,51.18,0.67
2024-05-13,09:00,May,Summer,V-Shape,77,684.57,30.32,46.43,76.54,1.03,61.23,0.86,52.93,0.67
2024-05-13,09:15,May,Summer,V-Shape,77,709.86,30.45,47.19,76.3,1.07,61.04,0.9,54.75,0.67
2024-05-13,09:30,May,Summer,V-Shape,77,735.14,30.57,47.95,76.06,1.11,60.85,0.93,56.57,0.67
2024-05-13,09:45,May,Summer,V-Shape,77,760.43,30.7,48.71,75.82,1.15,60.66,0.96,58.37,0.67
2024-05-13,10:00,May,Summer,V-Shape,77,785.72,30.82,49.46,75.58,1.19,60.47,1.0,60.16,0.67
2024-05-13,10:15,May,Summer,V-Shape,77,772.77,30.91,49.23,75.66,1.17,60.52,0.98,59.22,0.67
2024-05-13,10:30,May,Summer,V-Shape,77,759.82,31.01,49.0,75.73,1.15,60.58,0.96,58.27,0.67
2024-05-13,10:45,May,Summer,V-Shape,77,746.87,31.1,48.77,75.8,1.13,60.64,0.95,57.32,0.67
2024-05-13,11:00,May,Summer,V-Shape,77,733.92,31.19,48.54,75.87,1.11,60.7,0.93,56.37,0.67
2024-05-13,11:15,May,Summer,V-Shape,77,732.15,31.23,48.53,75.88,1.11,60.7,0.93,56.23,0.67
2024-05-13,11:30,May,Summer,V-Shape,77,730.39,31.27,48.52,75.88,1.1,60.7,0.92,56.1,0.67
2024-05-13,11:45,May,Summer,V-Shape,77,728.63,31.3,48.52,75.88,1.1,60.7,0.92,55.96,0.67
2024-05-13,12:00,May,Summer,V-Shape,77,726.86,31.34,48.51,75.88,1.1,60.71,0.92,55.83,0.67
2024-05-13,12:15,May,Summer,V-Shape,77,663.88,31.3,46.89,76.4,1.0,61.12,0.84,51.25,0.67
2024-05-13,12:30,May,Summer,V-Shape,77,600.9,31.25,45.27,76.91,0.9,61.53,0.76,46.63,0.67
2024-05-13,12:45,May,Summer,V-Shape,77,537.93,31.2,43.65,77.42,0.81,61.94,0.68,41.95,0.67
2024-05-13,13:00,May,Summer,V-Shape,77,474.95,31.16,42.03,77.93,0.71,62.35,0.6,37.23,0.67
2024-05-13,13:15,May,Summer,V-Shape,77,384.07,31.03,39.63,78.69,0.58,62.96,0.48,30.33,0.67
2024-05-13,13:30,May,Summer,V-Shape,77,293.19,30.91,37.23,79.45,0.44,63.56,0.37,23.32,0.67
2024-05-13,13:45,May,Summer,V-Shape,77,202.31,30.78,34.84,80.21,0.3,64.17,0.25,16.21,0.67
2024-05-13,14:00,May,Summer,V-Shape,77,111.43,30.65,32.44,80.97,0.17,64.78,0.14,8.99,0.67
2024-05-13,14:15,May,Summer,V-Shape,77,92.63,30.52,31.84,81.16,0.14,64.93,0.12,7.49,0.67
2024-05-13,14:30,May,Summer,V-Shape,77,73.84,30.39,31.24,81.35,0.11,65.08,0.09,5.98,0.67
2024-05-13,14:45,May,Summer,V-Shape,77,55.05,30.26,30.64,81.54,0.08,65.23,0.07,4.46,0.67
2024-05-13,15:00,May,Summer,V-Shape,77,36.26,30.13,30.04,81.73,0.05,65.39,0.05,2.95,0.67
2024-05-13,15:15,May,Summer,V-Shape,77,32.61,29.98,29.8,81.81,0.05,65.45,0.04,2.65,0.67
2024-05-13,15:30,May,Summer,V-Shape,77,28.97,29.83,29.55,81.89,0.04,65.51,0.04,2.36,0.67
2024-05-13,15:45,May,Summer,V-Shape,77,25.33,29.68,29.31,81.96,0.04,65.57,0.03,2.06,0.67
2024-05-13,16:00,May,Summer,V-Shape,77,21.68,29.53,29.07,82.04,0.03,65.63,0.03,1.77,0.67
2024-05-13,16:15,May,Summer,V-Shape,77,17.9,29.33,28.78,82.13,0.03,65.71,0.02,1.46,0.67
2024-05-13,16:30,May,Summer,V-Shape,77,14.12,29.12,28.48,82.23,0.02,65.78,0.02,1.15,0.67
2024-05-13,16:45,May,Summer,V-Shape,77,10.34,28.92,28.18,82.32,0.02,65.86,0.01,0.84,0.67
2024-05-13,17:00,May,Summer,V-Shape,77,6.56,28.72,27.88,82.41,0.01,65.93,0.01,0.54,0.67
2024-05-14,04:45,May,Summer,V-Shape,77,5.87,26.25,25.4,83.2,0.01,66.56,0.01,0.48,0.67
2024-05-14,05:00,May,Summer,V-Shape,77,7.82,26.25,25.45,83.19,0.01,66.55,0.01,0.64,0.67
2024-05-14,05:15,May,Summer,V-Shape,77,36.66,26.45,26.37,82.89,0.05,66.32,0.05,3.01,0.67
2024-05-14,05:30,May,Summer,V-Shape,77,65.5,26.66,27.29,82.6,0.1,66.08,0.08,5.36,0.67
2024-05-14,05:45,May,Summer,V-Shape,77,94.35,26.86,28.22,82.31,0.14,65.85,0.12,7.7,0.67
2024-05-14,06:00,May,Summer,V-Shape,77,123.19,27.06,29.14,82.02,0.18,65.61,0.15,10.03,0.67
2024-05-14,06:15,May,Summer,V-Shape,77,170.42,27.42,30.68,81.53,0.25,65.22,0.21,13.82,0.67
2024-05-14,06:30,May,Summer,V-Shape,77,217.65,27.78,32.22,81.04,0.32,64.83,0.27,17.57,0.67
2024-05-14,06:45,May,Summer,V-Shape,77,264.88,28.14,33.76,80.55,0.39,64.44,0.33,21.29,0.67
2024-05-14,07:00,May,Summer,V-Shape,77,312.11,28.5,35.3,80.07,0.47,64.05,0.39,24.97,0.67
2024-05-14,07:15,May,Summer,V-Shape,77,359.14,28.87,36.85,79.58,0.54,63.66,0.45,28.6,0.67
2024-05-14,07:30,May,Summer,V-Shape,77,406.18,29.23,38.39,79.09,0.61,63.27,0.51,32.19,0.67
2024-05-14,07:45,May,Summer,V-Shape,77,453.21,29.6,39.93,78.6,0.68,62.88,0.57,35.75,0.67
2024-05-14,08:00,May,Summer,V-Shape,77,500.24,29.97,41.48,78.11,0.75,62.49,0.63,39.28,0.67
2024-05-14,08:15,May,Summer,V-Shape,77,543.66,30.31,42.9,77.66,0.82,62.13,0.68,42.5,0.67
2024-05-14,08:30,May,Summer,V-Shape,77,587.08,30.66,44.33,77.21,0.88,61.77,0.74,45.69,0.67
2024-05-14,08:45,May,Summer,V-Shape,77,630.5,31.0,45.76,76.75,0.95,61.4,0.8,48.85,0.67
2024-05-14,09:00,May,Summer,V-Shape,77,673.92,31.34,47.19,76.3,1.02,61.04,0.85,51.98,0.67
2024-05-14,09:15,May,Summer,V-Shape,77,703.51,31.62,48.21,75.98,1.06,60.78,0.89,54.09,0.67
2024-05-14,09:30,May,Summer,V-Shape,77,733.1,31.91,49.23,75.65,1.11,60.52,0.93,56.18,0.67
2024-05-14,09:45,May,Summer,V-Shape,77,762.69,32.19,50.25,75.33,1.15,60.26,0.97,58.25,0.67
2024-05-14,10:00,May,Summer,V-Shape,77,792.28,32.47,51.28,75.01,1.2,60.01,1.01,60.31,0.67
2024-05-14,10:15,May,Summer,V-Shape,77,805.27,32.7,51.83,74.83,1.22,59.87,1.02,61.19,0.67
2024-05-14,10:30,May,Summer,V-Shape,77,818.25,32.92,52.38,74.66,1.24,59.73,1.04,62.07,0.67
2024-05-14,10:45,May,Summer,V-Shape,77,831.24,33.15,52.93,74.48,1.26,59.59,1.06,62.94,0.67
2024-05-14,11:00,May,Summer,V-Shape,77,844.23,33.38,53.49,74.31,1.28,59.45,1.07,63.81,0.67
2024-05-14,11:15,May,Summer,V-Shape,77,812.34,33.49,52.8,74.52,1.23,59.62,1.03,61.53,0.67
2024-05-14,11:30,May,Summer,V-Shape,77,780.45,33.61,52.12,74.74,1.18,59.79,0.99,59.25,0.67
2024-05-14,11:45,May,Summer,V-Shape,77,748.57,33.72,51.43,74.96,1.13,59.97,0.95,56.96,0.67
2024-05-14,12:00,May,Summer,V-Shape,77,716.68,33.83,50.75,75.18,1.09,60.14,0.91,54.65,0.67
2024-05-14,12:15,May,Summer,V-Shape,77,674.34,33.83,49.68,75.51,1.02,60.41,0.85,51.6,0.67
2024-05-14,12:30,May,Summer,V-Shape,77,632.0,33.82,48.62,75.85,0.95,60.68,0.8,48.52,0.67
2024-05-14,12:45,May,Summer,V-Shape,77,589.65,33.81,47.56,76.19,0.89,60.95,0.75,45.43,0.67
2024-05-14,13:00,May,Summer,V-Shape,77,547.31,33.81,46.49,76.52,0.83,61.22,0.69,42.31,0.67
2024-05-14,13:15,May,Summer,V-Shape,77,516.42,33.68,45.59,76.81,0.78,61.45,0.65,40.03,0.67
2024-05-14,13:30,May,Summer,V-Shape,77,485.54,33.55,44.69,77.09,0.73,61.67,0.61,37.75,0.67
2024-05-14,13:45,May,Summer,V-Shape,77,454.65,33.43,43.79,77.38,0.68,61.9,0.57,35.44,0.67
2024-05-14,14:00,May,Summer,V-Shape,77,423.76,33.3,42.89,77.66,0.64,62.13,0.53,33.13,0.67
2024-05-14,14:15,May,Summer,V-Shape,77,348.06,33.06,40.76,78.34,0.52,62.67,0.44,27.39,0.67
2024-05-14,14:30,May,Summer,V-Shape,77,272.36,32.82,38.63,79.01,0.41,63.21,0.34,21.57,0.67
2024-05-14,14:45,May,Summer,V-Shape,77,196.66,32.58,36.5,79.69,0.29,63.75,0.25,15.68,0.67
2024-05-14,15:00,May,Summer,V-Shape,77,120.96,32.34,34.36,80.36,0.18,64.29,0.15,9.7,0.67
2024-05-14,15:15,May,Summer,V-Shape,77,106.3,32.05,33.71,80.57,0.16,64.46,0.13,8.54,0.67
2024-05-14,15:30,May,Summer,V-Shape,77,91.64,31.76,33.05,80.78,0.14,64.62,0.11,7.38,0.67
2024-05-14,15:45,May,Summer,V-Shape,77,76.98,31.47,32.39,80.99,0.11,64.79,0.1,6.21,0.67
2024-05-14,16:00,May,Summer,V-Shape,77,62.32,31.18,31.74,81.19,0.09,64.96,0.08,5.04,0.67
2024-05-14,16:15,May,Summer,V-Shape,77,50.36,30.88,31.13,81.39,0.07,65.11,0.06,4.08,0.67
2024-05-14,16:30,May,Summer,V-Shape,77,38.4,30.57,30.53,81.58,0.06,65.26,0.05,3.12,0.67
2024-05-14,16:45,May,Summer,V-Shape,77,26.45,30.27,29.93,81.77,0.04,65.41,0.03,2.15,0.67
2024-05-14,17:00,May,Summer,V-Shape,77,14.49,29.96,29.32,81.96,0.02,65.57,0.02,1.18,0.67
2024-05-14,17:15,May,Summer,V-Shape,77,10.87,29.71,28.98,82.07,0.02,65.66,0.01,0.89,0.67
2024-05-14,17:30,May,Summer,V-Shape,77,7.25,29.45,28.63,82.18,0.01,65.74,0.01,0.59,0.67
2024-05-15,05:00,May,Summer,V-Shape,77,5.32,25.68,24.81,83.39,0.01,66.71,0.01,0.44,0.67
2024-05-15,05:15,May,Summer,V-Shape,77,25.42,25.98,25.62,83.13,0.04,66.51,0.03,2.09,0.67
2024-05-15,05:30,May,Summer,V-Shape,77,45.51,26.29,26.42,82.88,0.07,66.3,0.06,3.74,0.67
2024-05-15,05:45,May,Summer,V-Shape,77,65.61,26.59,27.23,82.62,0.1,66.1,0.08,5.37,0.67
2024-05-15,06:00,May,Summer,V-Shape,77,85.7,26.89,28.03,82.37,0.13,65.89,0.11,7.0,0.67
2024-05-15,06:15,May,Summer,V-Shape,77,122.57,27.38,29.44,81.92,0.18,65.54,0.15,9.97,0.67
2024-05-15,06:30,May,Summer,V-Shape,77,159.44,27.87,30.85,81.48,0.24,65.18,0.2,12.92,0.67
2024-05-15,06:45,May,Summer,V-Shape,77,196.31,28.35,32.26,81.03,0.29,64.82,0.24,15.84,0.67
2024-05-15,07:00,May,Summer,V-Shape,77,233.17,28.84,33.67,80.58,0.35,64.47,0.29,18.74,0.67
2024-05-15,07:15,May,Summer,V-Shape,77,268.47,29.31,35.03,80.15,0.4,64.12,0.34,21.49,0.67
2024-05-15,07:30,May,Summer,V-Shape,77,303.76,29.79,36.38,79.72,0.45,63.78,0.38,24.22,0.67
2024-05-15,07:45,May,Summer,V-Shape,77,339.05,30.27,37.74,79.29,0.51,63.43,0.42,26.93,0.67
2024-05-15,08:00,May,Summer,V-Shape,77,374.35,30.74,39.1,78.86,0.56,63.09,0.47,29.61,0.67
2024-05-15,08:15,May,Summer,V-Shape,77,417.48,31.14,40.57,78.4,0.63,62.72,0.52,32.87,0.67
2024-05-15,08:30,May,Summer,V-Shape,77,460.61,31.53,42.05,77.93,0.69,62.34,0.58,36.1,0.67
2024-05-15,08:45,May,Summer,V-Shape,77,503.74,31.93,43.53,77.46,0.76,61.97,0.63,39.3,0.67
2024-05-15,09:00,May,Summer,V-Shape,77,546.87,32.33,45.0,76.99,0.82,61.6,0.69,42.47,0.67
2024-05-15,09:15,May,Summer,V-Shape,77,600.06,32.66,46.66,76.47,0.9,61.17,0.76,46.36,0.67
2024-05-15,09:30,May,Summer,V-Shape,77,653.26,32.99,48.33,75.94,0.99,60.75,0.83,50.2,0.67
2024-05-15,09:45,May,Summer,V-Shape,77,706.45,33.33,49.99,75.42,1.07,60.33,0.9,54.0,0.67
2024-05-15,10:00,May,Summer,V-Shape,77,759.64,33.66,51.65,74.89,1.15,59.91,0.96,57.76,0.67
2024-05-15,10:15,May,Summer,V-Shape,77,781.27,33.9,52.43,74.64,1.18,59.71,0.99,59.25,0.67
2024-05-15,10:30,May,Summer,V-Shape,77,802.89,34.13,53.21,74.4,1.22,59.52,1.02,60.74,0.67
2024-05-15,10:45,May,Summer,V-Shape,77,824.52,34.37,53.99,74.15,1.25,59.32,1.05,62.21,0.67
2024-05-15,11:00,May,Summer,V-Shape,77,846.14,34.61,54.76,73.9,1.29,59.12,1.08,63.68,0.67
2024-05-15,11:15,May,Summer,V-Shape,77,808.26,34.71,53.92,74.17,1.23,59.34,1.03,61.0,0.67
2024-05-15,11:30,May,Summer,V-Shape,77,770.39,34.81,53.07,74.44,1.17,59.55,0.98,58.3,0.67
2024-05-15,11:45,May,Summer,V-Shape,77,732.51,34.91,52.22,74.71,1.11,59.77,0.93,55.59,0.67
2024-05-15,12:00,May,Summer,V-Shape,77,694.63,35.01,51.38,74.98,1.05,59.98,0.88,52.86,0.67
2024-05-15,12:15,May,Summer,V-Shape,77,616.89,34.99,49.42,75.6,0.93,60.48,0.78,47.24,0.67
2024-05-15,12:30,May,Summer,V-Shape,77,539.16,34.98,47.46,76.22,0.81,60.97,0.68,41.55,0.67
2024-05-15,12:45,May,Summer,V-Shape,77,461.43,34.97,45.5,76.84,0.7,61.47,0.58,35.78,0.67
2024-05-15,13:00,May,Summer,V-Shape,77,383.69,34.95,43.54,77.46,0.58,61.97,0.48,29.94,0.67
2024-05-15,13:15,May,Summer,V-Shape,77,341.18,34.8,42.33,77.84,0.51,62.27,0.43,26.72,0.67
2024-05-15,13:30,May,Summer,V-Shape,77,298.67,34.66,41.12,78.22,0.45,62.58,0.38,23.48,0.67
2024-05-15,13:45,May,Summer,V-Shape,77,256.16,34.51,39.91,78.61,0.38,62.89,0.32,20.21,0.67
2024-05-15,14:00,May,Summer,V-Shape,77,213.65,34.36,38.7,78.99,0.32,63.19,0.27,16.92,0.67
2024-05-15,14:15,May,Summer,V-Shape,77,185.66,34.15,37.79,79.28,0.28,63.42,0.23,14.74,0.67
2024-05-15,14:30,May,Summer,V-Shape,77,157.66,33.95,36.89,79.56,0.24,63.65,0.2,12.55,0.67
2024-05-15,14:45,May,Summer,V-Shape,77,129.66,33.74,35.98,79.85,0.19,63.88,0.16,10.35,0.67
2024-05-15,15:00,May,Summer,V-Shape,77,101.66,33.53,35.07,80.14,0.15,64.11,0.13,8.14,0.67
2024-05-15,15:15,May,Summer,V-Shape,77,96.4,33.26,34.67,80.27,0.14,64.21,0.12,7.73,0.67
2024-05-15,15:30,May,Summer,V-Shape,77,91.14,32.98,34.26,80.39,0.14,64.32,0.11,7.31,0.67
2024-05-15,15:45,May,Summer,V-Shape,77,85.88,32.71,33.86,80.52,0.13,64.42,0.11,6.9,0.67
2024-05-15,16:00,May,Summer,V-Shape,77,80.62,32.44,33.46,80.65,0.12,64.52,0.1,6.48,0.67
2024-05-15,16:15,May,Summer,V-Shape,77,63.93,32.08,32.68,80.9,0.1,64.72,0.08,5.15,0.67
2024-05-15,16:30,May,Summer,V-Shape,77,47.24,31.73,31.91,81.14,0.07,64.91,0.06,3.82,0.67
2024-05-15,16:45,May,Summer,V-Shape,77,30.55,31.37,31.13,81.39,0.05,65.11,0.04,2.47,0.67
2024-05-15,17:00,May,Summer,V-Shape,77,13.86,31.01,30.36,81.63,0.02,65.31,0.02,1.12,0.67
2024-05-15,17:15,May,Summer,V-Shape,77,10.39,30.63,29.89,81.78,0.02,65.42,0.01,0.84,0.67
2024-05-15,17:30,May,Summer,V-Shape,77,6.93,30.26,29.43,81.93,0.01,65.54,0.01,0.56,0.67
2024-05-16,05:15,May,Summer,V-Shape,77,24.24,26.61,26.21,82.94,0.04,66.35,0.03,1.99,0.67
2024-05-16,05:30,May,Summer,V-Shape,77,43.95,26.8,26.9,82.73,0.06,66.18,0.05,3.6,0.67
2024-05-16,05:45,May,Summer,V-Shape,77,63.66,27.0,27.59,82.51,0.09,66.01,0.08,5.21,0.67
2024-05-16,06:00,May,Summer,V-Shape,77,83.37,27.2,28.28,82.29,0.12,65.83,0.1,6.81,0.67
2024-05-16,06:15,May,Summer,V-Shape,77,110.89,27.57,29.35,81.95,0.16,65.56,0.14,9.03,0.67
2024-05-16,06:30,May,Summer,V-Shape,77,138.42,27.95,30.41,81.61,0.21,65.29,0.17,11.23,0.67
2024-05-16,06:45,May,Summer,V-Shape,77,165.94,28.32,31.47,81.28,0.25,65.02,0.21,13.42,0.67
2024-05-16,07:00,May,Summer,V-Shape,77,193.46,28.7,32.54,80.94,0.29,64.75,0.24,15.6,0.67
2024-05-16,07:15,May,Summer,V-Shape,77,223.95,28.95,33.55,80.62,0.33,64.5,0.28,18.01,0.67
2024-05-16,07:30,May,Summer,V-Shape,77,254.44,29.2,34.56,80.3,0.38,64.24,0.32,20.4,0.67
2024-05-16,07:45,May,Summer,V-Shape,77,284.93,29.44,35.57,79.98,0.43,63.99,0.36,22.78,0.67
2024-05-16,08:00,May,Summer,V-Shape,77,315.42,29.69,36.58,79.66,0.47,63.73,0.39,25.14,0.67
2024-05-16,08:15,May,Summer,V-Shape,77,343.32,29.94,37.52,79.36,0.51,63.49,0.43,27.28,0.67
2024-05-16,08:30,May,Summer,V-Shape,77,371.21,30.19,38.47,79.06,0.56,63.25,0.47,29.41,0.67
2024-05-16,08:45,May,Summer,V-Shape,77,399.11,30.44,39.42,78.76,0.6,63.01,0.5,31.53,0.67
2024-05-16,09:00,May,Summer,V-Shape,77,427.0,30.69,40.37,78.46,0.64,62.77,0.54,33.64,0.67
2024-05-16,09:15,May,Summer,V-Shape,77,453.17,30.95,41.28,78.17,0.68,62.54,0.57,35.6,0.67
2024-05-16,09:30,May,Summer,V-Shape,77,479.34,31.21,42.19,77.88,0.72,62.31,0.6,37.55,0.67
2024-05-16,09:45,May,Summer,V-Shape,77,505.5,31.47,43.11,77.59,0.76,62.08,0.64,39.49,0.67
2024-05-16,10:00,May,Summer,V-Shape,77,531.67,31.73,44.02,77.3,0.8,61.84,0.67,41.42,0.67
2024-05-16,10:15,May,Summer,V-Shape,77,526.3,31.96,44.12,77.28,0.79,61.82,0.66,40.99,0.67
2024-05-16,10:30,May,Summer,V-Shape,77,520.94,32.19,44.21,77.25,0.78,61.8,0.66,40.56,0.67
2024-05-16,10:45,May,Summer,V-Shape,77,515.58,32.41,44.3,77.22,0.78,61.77,0.65,40.13,0.67
2024-05-16,11:00,May,Summer,V-Shape,77,510.22,32.64,44.4,77.19,0.77,61.75,0.64,39.7,0.67
2024-05-16,11:15,May,Summer,V-Shape,77,521.3,32.79,44.82,77.05,0.78,61.64,0.66,40.51,0.67
2024-05-16,11:30,May,Summer,V-Shape,77,532.39,32.94,45.25,76.92,0.8,61.53,0.67,41.32,0.67
2024-05-16,11:45,May,Summer,V-Shape,77,543.47,33.09,45.68,76.78,0.82,61.42,0.69,42.12,0.67
2024-05-16,12:00,May,Summer,V-Shape,77,554.56,33.24,46.1,76.65,0.84,61.32,0.7,42.92,0.67
2024-05-16,12:15,May,Summer,V-Shape,77,538.81,33.27,45.74,76.76,0.81,61.41,0.68,41.75,0.67
2024-05-16,12:30,May,Summer,V-Shape,77,523.06,33.3,45.37,76.88,0.79,61.5,0.66,40.58,0.67
2024-05-16,12:45,May,Summer,V-Shape,77,507.31,33.32,45.01,76.99,0.76,61.59,0.64,39.4,0.67
2024-05-16,13:00,May,Summer,V-Shape,77,491.56,33.35,44.64,77.11,0.74,61.69,0.62,38.22,0.67
2024-05-16,13:15,May,Summer,V-Shape,77,474.79,33.3,44.17,77.26,0.71,61.81,0.6,36.97,0.67
2024-05-16,13:30,May,Summer,V-Shape,77,458.02,33.26,43.71,77.4,0.69,61.92,0.58,35.72,0.67
2024-05-16,13:45,May,Summer,V-Shape,77,441.25,33.22,43.25,77.55,0.66,62.04,0.56,34.46,0.67
2024-05-16,14:00,May,Summer,V-Shape,77,424.48,33.17,42.78,77.7,0.64,62.16,0.53,33.2,0.67
2024-05-16,14:15,May,Summer,V-Shape,77,393.42,33.03,41.87,77.99,0.59,62.39,0.49,30.85,0.67
2024-05-16,14:30,May,Summer,V-Shape,77,362.35,32.89,40.95,78.28,0.54,62.62,0.46,28.5,0.67
2024-05-16,14:45,May,Summer,V-Shape,77,331.28,32.76,40.04,78.57,0.5,62.85,0.42,26.13,0.67
2024-05-16,15:00,May,Summer,V-Shape,77,300.22,32.62,39.13,78.86,0.45,63.08,0.38,23.74,0.67
2024-05-16,15:15,May,Summer,V-Shape,77,261.38,32.44,37.98,79.22,0.39,63.38,0.33,20.74,0.67
2024-05-16,15:30,May,Summer,V-Shape,77,222.55,32.27,36.83,79.58,0.33,63.67,0.28,17.72,0.67
2024-05-16,15:45,May,Summer,V-Shape,77,183.71,32.09,35.68,79.95,0.27,63.96,0.23,14.68,0.67
2024-05-16,16:00,May,Summer,V-Shape,77,144.88,31.91,34.53,80.31,0.22,64.25,0.18,11.62,0.67
2024-05-16,16:15,May,Summer,V-Shape,77,116.72,31.57,33.49,80.64,0.17,64.51,0.15,9.39,0.67
2024-05-16,16:30,May,Summer,V-Shape,77,88.56,31.24,32.45,80.97,0.13,64.77,0.11,7.14,0.67
2024-05-16,16:45,May,Summer,V-Shape,77,60.4,30.91,31.41,81.3,0.09,65.04,0.08,4.89,0.67
2024-05-16,17:00,May,Summer,V-Shape,77,32.23,30.57,30.38,81.63,0.05,65.3,0.04,2.62,0.67
2024-05-16,17:15,May,Summer,V-Shape,77,24.18,30.19,29.79,81.81,0.04,65.45,0.03,1.97,0.67
2024-05-16,17:30,May,Summer,V-Shape,77,16.12,29.8,29.21,82.0,0.02,65.6,0.02,1.31,0.67
2024-05-16,17:45,May,Summer,V-Shape,77,8.06,29.42,28.62,82.18,0.01,65.74,0.01,0.66,0.67
2024-05-17,05:00,May,Summer,V-Shape,77,6.75,25.83,25.0,83.33,0.01,66.66,0.01,0.56,0.67
2024-05-17,05:15,May,Summer,V-Shape,77,27.03,25.95,25.63,83.13,0.04,66.5,0.03,2.22,0.67
2024-05-17,05:30,May,Summer,V-Shape,77,47.31,26.07,26.26,82.93,0.07,66.34,0.06,3.88,0.67
2024-05-17,05:45,May,Summer,V-Shape,77,67.59,26.2,26.89,82.73,0.1,66.18,0.08,5.54,0.67
2024-05-17,06:00,May,Summer,V-Shape,77,87.86,26.32,27.52,82.53,0.13,66.02,0.11,7.19,0.67
2024-05-17,06:15,May,Summer,V-Shape,77,123.04,26.62,28.7,82.16,0.18,65.73,0.15,10.03,0.67
2024-05-17,06:30,May,Summer,V-Shape,77,158.21,26.92,29.88,81.78,0.23,65.43,0.2,12.86,0.67
2024-05-17,06:45,May,Summer,V-Shape,77,193.39,27.22,31.05,81.41,0.29,65.13,0.24,15.66,0.67
2024-05-17,07:00,May,Summer,V-Shape,77,228.56,27.52,32.23,81.04,0.34,64.83,0.28,18.45,0.67
2024-05-17,07:15,May,Summer,V-Shape,77,265.04,27.87,33.49,80.64,0.39,64.51,0.33,21.32,0.67
2024-05-17,07:30,May,Summer,V-Shape,77,301.52,28.21,34.75,80.24,0.45,64.19,0.38,24.16,0.67
2024-05-17,07:45,May,Summer,V-Shape,77,338.0,28.56,36.01,79.84,0.5,63.87,0.42,26.98,0.67
2024-05-17,08:00,May,Summer,V-Shape,77,374.48,28.91,37.27,79.44,0.56,63.55,0.47,29.78,0.67
2024-05-17,08:15,May,Summer,V-Shape,77,397.65,29.19,38.13,79.17,0.59,63.34,0.5,31.54,0.67
2024-05-17,08:30,May,Summer,V-Shape,77,420.81,29.46,38.99,78.9,0.63,63.12,0.53,33.29,0.67
2024-05-17,08:45,May,Summer,V-Shape,77,443.98,29.74,39.84,78.63,0.67,62.9,0.56,35.03,0.67
2024-05-17,09:00,May,Summer,V-Shape,77,467.14,30.02,40.7,78.36,0.7,62.69,0.59,36.77,0.67
2024-05-17,09:15,May,Summer,V-Shape,77,483.89,30.18,41.28,78.17,0.73,62.54,0.61,38.02,0.67
2024-05-17,09:30,May,Summer,V-Shape,77,500.64,30.35,41.87,77.99,0.75,62.39,0.63,39.26,0.67
2024-05-17,09:45,May,Summer,V-Shape,77,517.39,30.52,42.45,77.8,0.78,62.24,0.65,40.5,0.67
2024-05-17,10:00,May,Summer,V-Shape,77,534.13,30.68,43.03,77.62,0.8,62.09,0.67,41.74,0.67
2024-05-17,10:15,May,Summer,V-Shape,77,519.85,30.79,42.78,77.7,0.78,62.16,0.65,40.65,0.67
2024-05-17,10:30,May,Summer,V-Shape,77,505.56,30.89,42.53,77.78,0.76,62.22,0.64,39.57,0.67
2024-05-17,10:45,May,Summer,V-Shape,77,491.27,31.0,42.28,77.86,0.74,62.29,0.62,38.48,0.67
2024-05-17,11:00,May,Summer,V-Shape,77,476.98,31.1,42.02,77.94,0.72,62.35,0.6,37.39,0.67
2024-05-17,11:15,May,Summer,V-Shape,77,421.56,31.18,40.71,78.35,0.63,62.68,0.53,33.18,0.67
2024-05-17,11:30,May,Summer,V-Shape,77,366.15,31.25,39.4,78.77,0.55,63.01,0.46,28.93,0.67
2024-05-17,11:45,May,Summer,V-Shape,77,310.73,31.32,38.09,79.18,0.46,63.35,0.39,24.65,0.67
2024-05-17,12:00,May,Summer,V-Shape,77,255.31,31.4,36.78,79.6,0.38,63.68,0.32,20.33,0.67
2024-05-17,12:15,May,Summer,V-Shape,77,239.37,31.4,36.39,79.72,0.36,63.78,0.3,19.09,0.67
2024-05-17,12:30,May,Summer,V-Shape,77,223.43,31.41,35.99,79.85,0.33,63.88,0.28,17.84,0.67
2024-05-17,12:45,May,Summer,V-Shape,77,207.49,31.41,35.59,79.97,0.31,63.98,0.26,16.58,0.67
2024-05-17,13:00,May,Summer,V-Shape,77,191.55,31.41,35.2,80.1,0.29,64.08,0.24,15.33,0.67
2024-05-17,13:15,May,Summer,V-Shape,77,185.59,31.36,34.99,80.16,0.28,64.13,0.23,14.86,0.67
2024-05-17,13:30,May,Summer,V-Shape,77,179.63,31.3,34.79,80.23,0.27,64.18,0.22,14.39,0.67
2024-05-17,13:45,May,Summer,V-Shape,77,173.68,31.25,34.59,80.29,0.26,64.23,0.22,13.92,0.67
2024-05-17,14:00,May,Summer,V-Shape,77,167.72,31.19,34.38,80.36,0.25,64.29,0.21,13.45,0.67
2024-05-17,14:15,May,Summer,V-Shape,77,148.44,31.08,33.79,80.54,0.22,64.44,0.19,11.93,0.67
2024-05-17,14:30,May,Summer,V-Shape,77,129.17,30.97,33.2,80.73,0.19,64.59,0.16,10.4,0.67
2024-05-17,14:45,May,Summer,V-Shape,77,109.89,30.86,32.61,80.92,0.16,64.74,0.14,8.86,0.67
2024-05-17,15:00,May,Summer,V-Shape,77,90.61,30.75,32.02,81.11,0.13,64.89,0.11,7.32,0.67
2024-05-17,15:15,May,Summer,V-Shape,77,84.92,30.55,31.68,81.21,0.13,64.97,0.11,6.87,0.67
2024-05-17,15:30,May,Summer,V-Shape,77,79.23,30.36,31.34,81.32,0.12,65.06,0.1,6.41,0.67
2024-05-17,15:45,May,Summer,V-Shape,77,73.54,30.16,31.0,81.43,0.11,65.14,0.09,5.96,0.67
2024-05-17,16:00,May,Summer,V-Shape,77,67.85,29.97,30.67,81.53,0.1,65.23,0.08,5.5,0.67
2024-05-17,16:15,May,Summer,V-Shape,77,54.25,29.66,30.02,81.74,0.08,65.39,0.07,4.41,0.67
2024-05-17,16:30,May,Summer,V-Shape,77,40.66,29.36,29.38,81.94,0.06,65.55,0.05,3.31,0.67
2024-05-17,16:45,May,Summer,V-Shape,77,27.06,29.05,28.73,82.15,0.04,65.72,0.03,2.21,0.67
2024-05-17,17:00,May,Summer,V-Shape,77,13.46,28.75,28.09,82.35,0.02,65.88,0.02,1.1,0.67
2024-05-17,17:15,May,Summer,V-Shape,77,10.1,28.45,27.7,82.47,0.01,65.98,0.01,0.83,0.67
2024-05-17,17:30,May,Summer,V-Shape,77,6.73,28.14,27.31,82.6,0.01,66.08,0.01,0.55,0.67
2024-05-18,04:45,May,Summer,V-Shape,77,5.47,25.12,24.26,83.56,0.01,66.85,0.01,0.45,0.67
2024-05-18,05:00,May,Summer,V-Shape,77,7.3,25.11,24.29,83.55,0.01,66.84,0.01,0.6,0.67
2024-05-18,05:15,May,Summer,V-Shape,77,37.34,25.34,25.27,83.24,0.06,66.59,0.05,3.07,0.67
2024-05-18,05:30,May,Summer,V-Shape,77,67.38,25.57,26.25,82.93,0.1,66.34,0.08,5.53,0.67
2024-05-18,05:45,May,Summer,V-Shape,77,97.43,25.8,27.24,82.62,0.14,66.1,0.12,7.98,0.67
2024-05-18,06:00,May,Summer,V-Shape,77,127.47,26.03,28.22,82.31,0.19,65.85,0.16,10.41,0.67
2024-05-18,06:15,May,Summer,V-Shape,77,183.11,26.47,30.05,81.73,0.27,65.38,0.23,14.87,0.67
2024-05-18,06:30,May,Summer,V-Shape,77,238.74,26.91,31.88,81.15,0.35,64.92,0.3,19.29,0.67
2024-05-18,06:45,May,Summer,V-Shape,77,294.38,27.35,33.71,80.57,0.44,64.46,0.37,23.66,0.67
2024-05-18,07:00,May,Summer,V-Shape,77,350.02,27.79,35.54,79.99,0.52,63.99,0.44,27.98,0.67
2024-05-18,07:15,May,Summer,V-Shape,77,404.99,28.37,37.49,79.37,0.61,63.5,0.51,32.19,0.67
2024-05-18,07:30,May,Summer,V-Shape,77,459.97,28.95,39.45,78.75,0.69,63.0,0.58,36.34,0.67
2024-05-18,07:45,May,Summer,V-Shape,77,514.94,29.53,41.4,78.13,0.77,62.51,0.65,40.44,0.67
2024-05-18,08:00,May,Summer,V-Shape,77,569.92,30.11,43.36,77.52,0.86,62.01,0.72,44.49,0.67
2024-05-18,08:15,May,Summer,V-Shape,77,589.97,30.58,44.33,77.21,0.89,61.77,0.74,45.92,0.67
2024-05-18,08:30,May,Summer,V-Shape,77,610.02,31.05,45.31,76.9,0.92,61.52,0.77,47.33,0.67
2024-05-18,08:45,May,Summer,V-Shape,77,630.08,31.53,46.28,76.59,0.95,61.27,0.8,48.74,0.67
2024-05-18,09:00,May,Summer,V-Shape,77,650.13,32.0,47.25,76.28,0.98,61.03,0.82,50.13,0.67
2024-05-18,09:15,May,Summer,V-Shape,77,662.25,32.3,47.86,76.09,1.0,60.87,0.84,50.97,0.67
2024-05-18,09:30,May,Summer,V-Shape,77,674.36,32.61,48.46,75.9,1.02,60.72,0.85,51.8,0.67
2024-05-18,09:45,May,Summer,V-Shape,77,686.48,32.91,49.07,75.71,1.04,60.57,0.87,52.63,0.67
2024-05-18,10:00,May,Summer,V-Shape,77,698.6,33.21,49.67,75.51,1.06,60.41,0.88,53.46,0.67
2024-05-18,10:15,May,Summer,V-Shape,77,682.96,33.4,49.47,75.58,1.03,60.46,0.86,52.29,0.67
2024-05-18,10:30,May,Summer,V-Shape,77,667.33,33.59,49.27,75.64,1.01,60.51,0.84,51.13,0.67
2024-05-18,10:45,May,Summer,V-Shape,77,651.7,33.78,49.07,75.71,0.99,60.56,0.82,49.97,0.67
2024-05-18,11:00,May,Summer,V-Shape,77,636.07,33.97,48.87,75.77,0.96,60.62,0.81,48.8,0.67
2024-05-18,11:15,May,Summer,V-Shape,77,629.75,34.08,48.82,75.79,0.95,60.63,0.8,48.32,0.67
2024-05-18,11:30,May,Summer,V-Shape,77,623.43,34.19,48.77,75.8,0.94,60.64,0.79,47.84,0.67
2024-05-18,11:45,May,Summer,V-Shape,77,617.11,34.29,48.72,75.82,0.93,60.65,0.78,47.37,0.67
2024-05-18,12:00,May,Summer,V-Shape,77,610.79,34.4,48.67,75.83,0.92,60.67,0.77,46.89,0.67
2024-05-18,12:15,May,Summer,V-Shape,77,555.52,34.39,47.28,76.27,0.84,61.02,0.7,42.83,0.67
2024-05-18,12:30,May,Summer,V-Shape,77,500.25,34.39,45.9,76.71,0.75,61.37,0.63,38.74,0.67
2024-05-18,12:45,May,Summer,V-Shape,77,444.98,34.39,44.51,77.15,0.67,61.72,0.56,34.61,0.67
2024-05-18,13:00,May,Summer,V-Shape,77,389.71,34.38,43.12,77.59,0.59,62.07,0.49,30.44,0.67
2024-05-18,13:15,May,Summer,V-Shape,77,336.64,34.23,41.64,78.06,0.51,62.45,0.42,26.42,0.67
2024-05-18,13:30,May,Summer,V-Shape,77,283.57,34.08,40.16,78.53,0.42,62.82,0.36,22.35,0.67
2024-05-18,13:45,May,Summer,V-Shape,77,230.5,33.92,38.68,78.99,0.34,63.2,0.29,18.25,0.67
2024-05-18,14:00,May,Summer,V-Shape,77,177.43,33.77,37.21,79.46,0.27,63.57,0.22,14.11,0.67
2024-05-18,14:15,May,Summer,V-Shape,77,155.23,33.53,36.41,79.72,0.23,63.77,0.19,12.38,0.67
2024-05-18,14:30,May,Summer,V-Shape,77,133.02,33.28,35.61,79.97,0.2,63.98,0.17,10.63,0.67
2024-05-18,14:45,May,Summer,V-Shape,77,110.82,33.03,34.81,80.22,0.17,64.18,0.14,8.88,0.67
2024-05-18,15:00,May,Summer,V-Shape,77,88.62,32.79,34.01,80.48,0.13,64.38,0.11,7.12,0.67
2024-05-18,15:15,May,Summer,V-Shape,77,79.24,32.46,33.44,80.66,0.12,64.52,0.1,6.37,0.67
2024-05-18,15:30,May,Summer,V-Shape,77,69.85,32.12,32.87,80.84,0.1,64.67,0.09,5.63,0.67
2024-05-18,15:45,May,Summer,V-Shape,77,60.47,31.79,32.3,81.02,0.09,64.81,0.08,4.88,0.67
2024-05-18,16:00,May,Summer,V-Shape,77,51.08,31.46,31.74,81.19,0.08,64.96,0.06,4.13,0.67
2024-05-18,16:15,May,Summer,V-Shape,77,41.49,31.05,31.08,81.4,0.06,65.12,0.05,3.36,0.67
2024-05-18,16:30,May,Summer,V-Shape,77,31.9,30.63,30.43,81.61,0.05,65.29,0.04,2.59,0.67
2024-05-18,16:45,May,Summer,V-Shape,77,22.32,30.21,29.77,81.82,0.03,65.45,0.03,1.81,0.67
2024-05-18,17:00,May,Summer,V-Shape,77,12.73,29.8,29.12,82.02,0.02,65.62,0.02,1.04,0.67
2024-05-18,17:15,May,Summer,V-Shape,77,9.54,29.45,28.69,82.16,0.01,65.73,0.01,0.78,0.67
2024-05-18,17:30,May,Summer,V-Shape,77,6.36,29.09,28.25,82.3,0.01,65.84,0.01,0.52,0.67
2024-05-19,05:00,May,Summer,V-Shape,77,6.27,26.23,25.39,83.21,0.01,66.56,0.01,0.52,0.67
2024-05-19,05:15,May,Summer,V-Shape,77,24.0,26.37,25.97,83.02,0.04,66.42,0.03,1.97,0.67
2024-05-19,05:30,May,Summer,V-Shape,77,41.74,26.52,26.56,82.83,0.06,66.27,0.05,3.42,0.67
2024-05-19,05:45,May,Summer,V-Shape,77,59.47,26.66,27.14,82.65,0.09,66.12,0.07,4.87,0.67
2024-05-19,06:00,May,Summer,V-Shape,77,77.21,26.8,27.73,82.46,0.11,65.97,0.1,6.31,0.67
2024-05-19,06:15,May,Summer,V-Shape,77,108.11,27.05,28.75,82.14,0.16,65.71,0.13,8.82,0.67
2024-05-19,06:30,May,Summer,V-Shape,77,139.02,27.29,29.77,81.82,0.21,65.46,0.17,11.3,0.67
2024-05-19,06:45,May,Summer,V-Shape,77,169.93,27.54,30.78,81.5,0.25,65.2,0.21,13.77,0.67
2024-05-19,07:00,May,Summer,V-Shape,77,200.83,27.78,31.8,81.17,0.3,64.94,0.25,16.23,0.67
2024-05-19,07:15,May,Summer,V-Shape,77,233.59,28.17,33.01,80.79,0.35,64.63,0.29,18.81,0.67
2024-05-19,07:30,May,Summer,V-Shape,77,266.34,28.56,34.22,80.41,0.4,64.33,0.33,21.37,0.67
2024-05-19,07:45,May,Summer,V-Shape,77,299.1,28.95,35.43,80.03,0.45,64.02,0.37,23.92,0.67
2024-05-19,08:00,May,Summer,V-Shape,77,331.85,29.34,36.64,79.64,0.5,63.71,0.41,26.44,0.67
2024-05-19,08:15,May,Summer,V-Shape,77,366.78,29.63,37.8,79.27,0.55,63.42,0.46,29.12,0.67
2024-05-19,08:30,May,Summer,V-Shape,77,401.7,29.93,38.97,78.91,0.6,63.12,0.5,31.78,0.67
2024-05-19,08:45,May,Summer,V-Shape,77,436.63,30.22,40.13,78.54,0.65,62.83,0.55,34.42,0.67
2024-05-19,09:00,May,Summer,V-Shape,77,471.56,30.51,41.3,78.17,0.71,62.53,0.59,37.05,0.67
2024-05-19,09:15,May,Summer,V-Shape,77,499.39,30.65,42.13,77.9,0.75,62.32,0.63,39.13,0.67
2024-05-19,09:30,May,Summer,V-Shape,77,527.23,30.78,42.96,77.64,0.79,62.11,0.66,41.21,0.67
2024-05-19,09:45,May,Summer,V-Shape,77,555.07,30.91,43.79,77.38,0.83,61.9,0.7,43.27,0.67
2024-05-19,10:00,May,Summer,V-Shape,77,582.91,31.05,44.62,77.11,0.88,61.69,0.73,45.32,0.67
2024-05-19,10:15,May,Summer,V-Shape,77,602.18,31.12,45.18,76.94,0.91,61.55,0.76,46.74,0.67
2024-05-19,10:30,May,Summer,V-Shape,77,621.44,31.2,45.74,76.76,0.94,61.41,0.78,48.15,0.67
2024-05-19,10:45,May,Summer,V-Shape,77,640.71,31.28,46.29,76.59,0.97,61.27,0.81,49.56,0.67
2024-05-19,11:00,May,Summer,V-Shape,77,659.98,31.35,46.85,76.41,1.0,61.13,0.83,50.96,0.67
2024-05-19,11:15,May,Summer,V-Shape,77,651.26,31.38,46.66,76.47,0.98,61.18,0.82,50.32,0.67
2024-05-19,11:30,May,Summer,V-Shape,77,642.54,31.4,46.46,76.53,0.97,61.23,0.81,49.67,0.67
2024-05-19,11:45,May,Summer,V-Shape,77,633.82,31.43,46.27,76.59,0.96,61.27,0.8,49.03,0.67
2024-05-19,12:00,May,Summer,V-Shape,77,625.1,31.45,46.08,76.65,0.94,61.32,0.79,48.38,0.67
2024-05-19,12:15,May,Summer,V-Shape,77,607.07,31.45,45.63,76.8,0.91,61.44,0.77,47.05,0.67
2024-05-19,12:30,May,Summer,V-Shape,77,589.05,31.46,45.19,76.94,0.89,61.55,0.74,45.72,0.67
2024-05-19,12:45,May,Summer,V-Shape,77,571.03,31.46,44.74,77.08,0.86,61.66,0.72,44.38,0.67
2024-05-19,13:00,May,Summer,V-Shape,77,553.0,31.47,44.3,77.22,0.83,61.77,0.7,43.04,0.67
2024-05-19,13:15,May,Summer,V-Shape,77,503.39,31.44,43.02,77.62,0.76,62.1,0.63,39.34,0.67
2024-05-19,13:30,May,Summer,V-Shape,77,453.78,31.41,41.75,78.02,0.68,62.42,0.57,35.6,0.67
2024-05-19,13:45,May,Summer,V-Shape,77,404.17,31.37,40.48,78.43,0.61,62.74,0.51,31.83,0.67
2024-05-19,14:00,May,Summer,V-Shape,77,354.55,31.34,39.2,78.83,0.53,63.06,0.44,28.03,0.67
2024-05-19,14:15,May,Summer,V-Shape,77,324.58,31.26,38.37,79.09,0.49,63.28,0.41,25.73,0.67
2024-05-19,14:30,May,Summer,V-Shape,77,294.6,31.18,37.54,79.36,0.44,63.49,0.37,23.41,0.67
2024-05-19,14:45,May,Summer,V-Shape,77,264.63,31.09,36.71,79.62,0.4,63.7,0.33,21.08,0.67
2024-05-19,15:00,May,Summer,V-Shape,77,234.65,31.01,35.88,79.88,0.35,63.91,0.29,18.74,0.67
2024-05-19,15:15,May,Summer,V-Shape,77,207.18,30.86,35.04,80.15,0.31,64.12,0.26,16.59,0.67
2024-05-19,15:30,May,Summer,V-Shape,77,179.7,30.7,34.2,80.42,0.27,64.33,0.22,14.42,0.67
2024-05-19,15:45,May,Summer,V-Shape,77,152.22,30.55,33.36,80.68,0.23,64.55,0.19,12.25,0.67
2024-05-19,16:00,May,Summer,V-Shape,77,124.74,30.4,32.52,80.95,0.19,64.76,0.16,10.06,0.67
2024-05-19,16:15,May,Summer,V-Shape,77,101.17,30.1,31.63,81.23,0.15,64.98,0.13,8.18,0.67
2024-05-19,16:30,May,Summer,V-Shape,77,77.6,29.8,30.74,81.51,0.12,65.21,0.1,6.29,0.67
2024-05-19,16:45,May,Summer,V-Shape,77,54.02,29.51,29.86,81.79,0.08,65.43,0.07,4.39,0.67
2024-05-19,17:00,May,Summer,V-Shape,77,30.45,29.21,28.97,82.07,0.05,65.66,0.04,2.48,0.67
2024-05-19,17:15,May,Summer,V-Shape,77,22.84,28.9,28.47,82.23,0.03,65.78,0.03,1.86,0.67
2024-05-19,17:30,May,Summer,V-Shape,77,15.23,28.59,27.98,82.39,0.02,65.91,0.02,1.24,0.67
2024-05-19,17:45,May,Summer,V-Shape,77,7.61,28.29,27.48,82.54,0.01,66.03,0.01,0.62,0.67
2024-05-20,05:15,May,Summer,V-Shape,77,17.57,25.54,24.98,83.33,0.03,66.67,0.02,1.45,0.67
2024-05-20,05:30,May,Summer,V-Shape,77,30.57,25.68,25.44,83.19,0.05,66.55,0.04,2.52,0.67
2024-05-20,05:45,May,Summer,V-Shape,77,43.57,25.82,25.91,83.04,0.06,66.43,0.05,3.58,0.67
2024-05-20,06:00,May,Summer,V-Shape,77,56.57,25.96,26.37,82.89,0.08,66.31,0.07,4.64,0.67
2024-05-20,06:15,May,Summer,V-Shape,77,79.53,26.19,27.18,82.64,0.12,66.11,0.1,6.51,0.67
2024-05-20,06:30,May,Summer,V-Shape,77,102.48,26.43,27.99,82.38,0.15,65.91,0.13,8.37,0.67
2024-05-20,06:45,May,Summer,V-Shape,77,125.43,26.66,28.79,82.13,0.19,65.7,0.16,10.23,0.67
2024-05-20,07:00,May,Summer,V-Shape,77,148.39,26.89,29.6,81.87,0.22,65.5,0.18,12.07,0.67
2024-05-20,07:15,May,Summer,V-Shape,77,173.6,27.22,30.56,81.57,0.26,65.25,0.22,14.08,0.67
2024-05-20,07:30,May,Summer,V-Shape,77,198.82,27.55,31.52,81.26,0.3,65.01,0.25,16.08,0.67
2024-05-20,07:45,May,Summer,V-Shape,77,224.03,27.88,32.48,80.96,0.33,64.77,0.28,18.07,0.67
2024-05-20,08:00,May,Summer,V-Shape,77,249.25,28.21,33.44,80.66,0.37,64.52,0.31,20.05,0.67
2024-05-20,08:15,May,Summer,V-Shape,77,261.09,28.52,34.05,80.46,0.39,64.37,0.33,20.96,0.67
2024-05-20,08:30,May,Summer,V-Shape,77,272.93,28.84,34.66,80.27,0.41,64.22,0.34,21.87,0.67
2024-05-20,08:45,May,Summer,V-Shape,77,284.77,29.15,35.27,80.08,0.42,64.06,0.36,22.78,0.67
2024-05-20,09:00,May,Summer,V-Shape,77,296.6,29.46,35.88,79.88,0.44,63.91,0.37,23.69,0.67
2024-05-20,09:15,May,Summer,V-Shape,77,329.62,29.73,36.98,79.54,0.49,63.63,0.41,26.24,0.67
2024-05-20,09:30,May,Summer,V-Shape,77,362.63,30.01,38.08,79.19,0.54,63.35,0.45,28.77,0.67
2024-05-20,09:45,May,Summer,V-Shape,77,395.65,30.29,39.18,78.84,0.59,63.07,0.5,31.28,0.67
2024-05-20,10:00,May,Summer,V-Shape,77,428.66,30.56,40.28,78.49,0.64,62.79,0.54,33.78,0.67
2024-05-20,10:15,May,Summer,V-Shape,77,432.51,30.77,40.58,78.39,0.65,62.72,0.54,34.05,0.67
2024-05-20,10:30,May,Summer,V-Shape,77,436.35,30.98,40.88,78.3,0.65,62.64,0.55,34.32,0.67
2024-05-20,10:45,May,Summer,V-Shape,77,440.2,31.18,41.19,78.2,0.66,62.56,0.55,34.59,0.67
2024-05-20,11:00,May,Summer,V-Shape,77,444.05,31.39,41.49,78.11,0.67,62.48,0.56,34.86,0.67
2024-05-20,11:15,May,Summer,V-Shape,77,431.09,31.49,41.26,78.18,0.65,62.54,0.54,33.87,0.67
2024-05-20,11:30,May,Summer,V-Shape,77,418.14,31.59,41.04,78.25,0.63,62.6,0.53,32.88,0.67
2024-05-20,11:45,May,Summer,V-Shape,77,405.18,31.68,40.81,78.32,0.61,62.66,0.51,31.88,0.67
2024-05-20,12:00,May,Summer,V-Shape,77,392.23,31.78,40.59,78.39,0.59,62.71,0.49,30.88,0.67
2024-05-20,12:15,May,Summer,V-Shape,77,373.95,31.8,40.15,78.53,0.56,62.83,0.47,29.48,0.67
2024-05-20,12:30,May,Summer,V-Shape,77,355.67,31.82,39.71,78.67,0.53,62.94,0.45,28.08,0.67
2024-05-20,12:45,May,Summer,V-Shape,77,337.39,31.83,39.27,78.81,0.51,63.05,0.42,26.67,0.67
2024-05-20,13:00,May,Summer,V-Shape,77,319.12,31.85,38.83,78.95,0.48,63.16,0.4,25.26,0.67
2024-05-20,13:15,May,Summer,V-Shape,77,286.89,31.83,38.0,79.21,0.43,63.37,0.36,22.77,0.67
2024-05-20,13:30,May,Summer,V-Shape,77,254.66,31.8,37.17,79.48,0.38,63.58,0.32,20.26,0.67
2024-05-20,13:45,May,Summer,V-Shape,77,222.43,31.77,36.34,79.74,0.33,63.79,0.28,17.74,0.67
2024-05-20,14:00,May,Summer,V-Shape,77,190.21,31.75,35.51,80.0,0.28,64.0,0.24,15.21,0.67
2024-05-20,14:15,May,Summer,V-Shape,77,160.18,31.64,34.64,80.27,0.24,64.22,0.2,12.84,0.67
2024-05-20,14:30,May,Summer,V-Shape,77,130.15,31.52,33.78,80.55,0.19,64.44,0.16,10.46,0.67
2024-05-20,14:45,May,Summer,V-Shape,77,100.12,31.41,32.92,80.82,0.15,64.66,0.12,8.07,0.67
2024-05-20,15:00,May,Summer,V-Shape,77,70.09,31.3,32.05,81.09,0.1,64.88,0.09,5.66,0.67
2024-05-20,15:15,May,Summer,V-Shape,77,63.43,31.06,31.65,81.22,0.09,64.98,0.08,5.13,0.67
2024-05-20,15:30,May,Summer,V-Shape,77,56.78,30.82,31.24,81.35,0.08,65.08,0.07,4.6,0.67
2024-05-20,15:45,May,Summer,V-Shape,77,50.12,30.58,30.83,81.48,0.07,65.18,0.06,4.06,0.67
2024-05-20,16:00,May,Summer,V-Shape,77,43.47,30.34,30.43,81.61,0.06,65.29,0.05,3.53,0.67
2024-05-20,16:15,May,Summer,V-Shape,77,35.87,29.98,29.87,81.78,0.05,65.43,0.04,2.91,0.67
2024-05-20,16:30,May,Summer,V-Shape,77,28.26,29.62,29.32,81.96,0.04,65.57,0.04,2.3,0.67
2024-05-20,16:45,May,Summer,V-Shape,77,20.66,29.25,28.77,82.13,0.03,65.71,0.03,1.68,0.67
2024-05-20,17:00,May,Summer,V-Shape,77,13.05,28.89,28.22,82.31,0.02,65.85,0.02,1.07,0.67
2024-05-20,17:15,May,Summer,V-Shape,77,9.79,28.56,27.8,82.44,0.01,65.95,0.01,0.8,0.67
2024-05-20,17:30,May,Summer,V-Shape,77,6.53,28.23,27.39,82.57,0.01,66.06,0.01,0.53,0.67
2024-05-21,05:00,May,Summer,V-Shape,77,6.49,25.39,24.55,83.47,0.01,66.78,0.01,0.54,0.67
2024-05-21,05:15,May,Summer,V-Shape,77,32.51,25.62,25.43,83.19,0.05,66.55,0.04,2.68,0.67
2024-05-21,05:30,May,Summer,V-Shape,77,58.53,25.84,26.31,82.91,0.09,66.33,0.07,4.81,0.67
2024-05-21,05:45,May,Summer,V-Shape,77,84.55,26.07,27.19,82.64,0.13,66.11,0.1,6.92,0.67
2024-05-21,06:00,May,Summer,V-Shape,77,110.56,26.3,28.06,82.36,0.16,65.89,0.14,9.03,0.67
2024-05-21,06:15,May,Summer,V-Shape,77,159.36,26.66,29.65,81.86,0.24,65.48,0.2,12.96,0.67
2024-05-21,06:30,May,Summer,V-Shape,77,208.15,27.03,31.23,81.35,0.31,65.08,0.26,16.85,0.67
2024-05-21,06:45,May,Summer,V-Shape,77,256.94,27.4,32.82,80.85,0.38,64.68,0.32,20.7,0.67
2024-05-21,07:00,May,Summer,V-Shape,77,305.73,27.76,34.4,80.35,0.46,64.28,0.38,24.52,0.67
2024-05-21,07:15,May,Summer,V-Shape,77,359.69,28.3,36.29,79.75,0.54,63.8,0.45,28.69,0.67
2024-05-21,07:30,May,Summer,V-Shape,77,413.66,28.84,38.18,79.16,0.62,63.32,0.52,32.81,0.67
2024-05-21,07:45,May,Summer,V-Shape,77,467.62,29.37,40.06,78.56,0.7,62.85,0.59,36.88,0.67
2024-05-21,08:00,May,Summer,V-Shape,77,521.59,29.91,41.95,77.96,0.78,62.37,0.66,40.89,0.67
2024-05-21,08:15,May,Summer,V-Shape,77,533.1,30.4,42.73,77.71,0.8,62.17,0.67,41.7,0.67
2024-05-21,08:30,May,Summer,V-Shape,77,544.61,30.89,43.51,77.47,0.82,61.97,0.69,42.49,0.67
2024-05-21,08:45,May,Summer,V-Shape,77,556.12,31.38,44.28,77.22,0.84,61.78,0.7,43.29,0.67
2024-05-21,09:00,May,Summer,V-Shape,77,567.63,31.87,45.06,76.98,0.85,61.58,0.72,44.08,0.67
2024-05-21,09:15,May,Summer,V-Shape,77,590.96,32.24,46.01,76.67,0.89,61.34,0.75,45.75,0.67
2024-05-21,09:30,May,Summer,V-Shape,77,614.29,32.61,46.97,76.37,0.93,61.1,0.78,47.41,0.67
2024-05-21,09:45,May,Summer,V-Shape,77,637.62,32.98,47.92,76.07,0.96,60.86,0.81,49.07,0.67
2024-05-21,10:00,May,Summer,V-Shape,77,660.94,33.35,48.87,75.77,1.0,60.61,0.84,50.71,0.67
2024-05-21,10:15,May,Summer,V-Shape,77,642.43,33.56,48.62,75.85,0.97,60.68,0.81,49.33,0.67
2024-05-21,10:30,May,Summer,V-Shape,77,623.92,33.78,48.37,75.93,0.94,60.74,0.79,47.94,0.67
2024-05-21,10:45,May,Summer,V-Shape,77,605.41,33.99,48.12,76.01,0.91,60.81,0.77,46.56,0.67
2024-05-21,11:00,May,Summer,V-Shape,77,586.9,34.2,47.87,76.09,0.89,60.87,0.74,45.17,0.67
2024-05-21,11:15,May,Summer,V-Shape,77,578.05,34.29,47.74,76.13,0.87,60.9,0.73,44.51,0.67
2024-05-21,11:30,May,Summer,V-Shape,77,569.21,34.39,47.62,76.17,0.86,60.93,0.72,43.84,0.67
2024-05-21,11:45,May,Summer,V-Shape,77,560.36,34.48,47.49,76.21,0.85,60.97,0.71,43.18,0.67
2024-05-21,12:00,May,Summer,V-Shape,77,551.51,34.57,47.36,76.25,0.83,61.0,0.7,42.52,0.67
2024-05-21,12:15,May,Summer,V-Shape,77,534.94,34.44,46.82,76.42,0.81,61.14,0.68,41.31,0.67
2024-05-21,12:30,May,Summer,V-Shape,77,518.36,34.31,46.27,76.59,0.78,61.27,0.65,40.1,0.67
2024-05-21,12:45,May,Summer,V-Shape,77,501.78,34.19,45.73,76.76,0.76,61.41,0.63,38.88,0.67
2024-05-21,13:00,May,Summer,V-Shape,77,485.21,34.06,45.19,76.93,0.73,61.55,0.61,37.66,0.67
2024-05-21,13:15,May,Summer,V-Shape,77,466.27,33.88,44.53,77.14,0.7,61.71,0.59,36.27,0.67
2024-05-21,13:30,May,Summer,V-Shape,77,447.34,33.7,43.88,77.35,0.67,61.88,0.56,34.86,0.67
2024-05-21,13:45,May,Summer,V-Shape,77,428.41,33.51,43.22,77.56,0.64,62.05,0.54,33.46,0.67
2024-05-21,14:00,May,Summer,V-Shape,77,409.48,33.33,42.57,77.77,0.62,62.21,0.52,32.04,0.67
2024-05-21,14:15,May,Summer,V-Shape,77,379.59,33.14,41.63,78.06,0.57,62.45,0.48,29.79,0.67
2024-05-21,14:30,May,Summer,V-Shape,77,349.7,32.96,40.7,78.36,0.52,62.68,0.44,27.52,0.67
2024-05-21,14:45,May,Summer,V-Shape,77,319.81,32.78,39.77,78.65,0.48,62.92,0.4,25.24,0.67
2024-05-21,15:00,May,Summer,V-Shape,77,289.93,32.59,38.84,78.95,0.43,63.16,0.36,22.95,0.67
2024-05-21,15:15,May,Summer,V-Shape,77,254.04,32.37,37.72,79.3,0.38,63.44,0.32,20.18,0.67
2024-05-21,15:30,May,Summer,V-Shape,77,218.16,32.15,36.6,79.66,0.33,63.72,0.27,17.38,0.67
2024-05-21,15:45,May,Summer,V-Shape,77,182.28,31.92,35.48,80.01,0.27,64.01,0.23,14.57,0.67
2024-05-21,16:00,May,Summer,V-Shape,77,146.4,31.7,34.36,80.36,0.22,64.29,0.18,11.74,0.67
2024-05-21,16:15,May,Summer,V-Shape,77,118.28,31.4,33.35,80.68,0.18,64.55,0.15,9.52,0.67
2024-05-21,16:30,May,Summer,V-Shape,77,90.16,31.09,32.35,81.0,0.13,64.8,0.11,7.28,0.67
2024-05-21,16:45,May,Summer,V-Shape,77,62.04,30.79,31.34,81.32,0.09,65.06,0.08,5.02,0.67
2024-05-21,17:00,May,Summer,V-Shape,77,33.91,30.49,30.34,81.64,0.05,65.31,0.04,2.75,0.67
2024-05-21,17:15,May,Summer,V-Shape,77,25.44,30.16,29.8,81.81,0.04,65.45,0.03,2.07,0.67
2024-05-21,17:30,May,Summer,V-Shape,77,16.96,29.84,29.26,81.98,0.03,65.58,0.02,1.38,0.67
2024-05-21,17:45,May,Summer,V-Shape,77,8.48,29.51,28.72,82.15,0.01,65.72,0.01,0.69,0.67
2024-05-22,05:00,May,Summer,V-Shape,77,5.88,26.59,25.74,83.09,0.01,66.48,0.01,0.48,0.67
2024-05-22,05:15,May,Summer,V-Shape,77,29.05,26.77,26.5,82.85,0.04,66.28,0.04,2.38,0.67
2024-05-22,05:30,May,Summer,V-Shape,77,52.23,26.95,27.26,82.61,0.08,66.09,0.06,4.28,0.67
2024-05-22,05:45,May,Summer,V-Shape,77,75.4,27.14,28.02,82.37,0.11,65.9,0.09,6.16,0.67
2024-05-22,06:00,May,Summer,V-Shape,77,98.57,27.32,28.78,82.13,0.15,65.7,0.12,8.04,0.67
2024-05-22,06:15,May,Summer,V-Shape,77,138.49,27.6,30.06,81.73,0.21,65.38,0.17,11.25,0.67
2024-05-22,06:30,May,Summer,V-Shape,77,178.41,27.88,31.34,81.32,0.27,65.06,0.22,14.44,0.67
2024-05-22,06:45,May,Summer,V-Shape,77,218.33,28.16,32.62,80.92,0.32,64.73,0.27,17.6,0.67
2024-05-22,07:00,May,Summer,V-Shape,77,258.25,28.44,33.9,80.51,0.38,64.41,0.32,20.74,0.67
2024-05-22,07:15,May,Summer,V-Shape,77,301.25,28.71,35.24,80.08,0.45,64.07,0.38,24.1,0.67
2024-05-22,07:30,May,Summer,V-Shape,77,344.24,28.98,36.59,79.66,0.51,63.73,0.43,27.43,0.67
2024-05-22,07:45,May,Summer,V-Shape,77,387.24,29.26,37.94,79.23,0.58,63.38,0.48,30.73,0.67
2024-05-22,08:00,May,Summer,V-Shape,77,430.24,29.53,39.29,78.8,0.64,63.04,0.54,34.01,0.67
2024-05-22,08:15,May,Summer,V-Shape,77,461.09,29.73,40.26,78.5,0.69,62.8,0.58,36.34,0.67
2024-05-22,08:30,May,Summer,V-Shape,77,491.94,29.94,41.23,78.19,0.74,62.55,0.62,38.66,0.67
2024-05-22,08:45,May,Summer,V-Shape,77,522.79,30.14,42.21,77.88,0.78,62.3,0.66,40.96,0.67
2024-05-22,09:00,May,Summer,V-Shape,77,553.64,30.34,43.18,77.57,0.83,62.06,0.7,43.24,0.67
2024-05-22,09:15,May,Summer,V-Shape,77,566.75,30.46,43.63,77.43,0.85,61.94,0.71,44.21,0.67
2024-05-22,09:30,May,Summer,V-Shape,77,579.85,30.57,44.07,77.29,0.87,61.83,0.73,45.16,0.67
2024-05-22,09:45,May,Summer,V-Shape,77,592.96,30.69,44.52,77.15,0.89,61.72,0.75,46.12,0.67
2024-05-22,10:00,May,Summer,V-Shape,77,606.06,30.81,44.96,77.01,0.91,61.61,0.76,47.08,0.67
2024-05-22,10:15,May,Summer,V-Shape,77,596.46,30.86,44.78,77.07,0.9,61.65,0.75,46.36,0.67
2024-05-22,10:30,May,Summer,V-Shape,77,586.86,30.92,44.59,77.12,0.88,61.7,0.74,45.64,0.67
2024-05-22,10:45,May,Summer,V-Shape,77,577.25,30.98,44.41,77.18,0.87,61.75,0.73,44.92,0.67
2024-05-22,11:00,May,Summer,V-Shape,77,567.65,31.03,44.22,77.24,0.85,61.79,0.72,44.19,0.67
2024-05-22,11:15,May,Summer,V-Shape,77,539.11,31.08,43.56,77.45,0.81,61.96,0.68,42.06,0.67
2024-05-22,11:30,May,Summer,V-Shape,77,510.56,31.13,42.89,77.66,0.77,62.13,0.64,39.91,0.67
2024-05-22,11:45,May,Summer,V-Shape,77,482.02,31.18,42.23,77.87,0.72,62.3,0.61,37.76,0.67
2024-05-22,12:00,May,Summer,V-Shape,77,453.47,31.23,41.57,78.08,0.68,62.47,0.57,35.6,0.67
2024-05-22,12:15,May,Summer,V-Shape,77,442.23,31.21,41.27,78.18,0.66,62.54,0.56,34.75,0.67
2024-05-22,12:30,May,Summer,V-Shape,77,430.99,31.2,40.97,78.27,0.65,62.62,0.54,33.89,0.67
2024-05-22,12:45,May,Summer,V-Shape,77,419.75,31.18,40.67,78.37,0.63,62.69,0.53,33.04,0.67
2024-05-22,13:00,May,Summer,V-Shape,77,408.5,31.16,40.37,78.46,0.61,62.77,0.51,32.18,0.67
2024-05-22,13:15,May,Summer,V-Shape,77,366.29,31.02,39.17,78.84,0.55,63.07,0.46,28.96,0.67
2024-05-22,13:30,May,Summer,V-Shape,77,324.07,30.88,37.98,79.22,0.48,63.38,0.41,25.72,0.67
2024-05-22,13:45,May,Summer,V-Shape,77,281.86,30.73,36.78,79.6,0.42,63.68,0.35,22.45,0.67
2024-05-22,14:00,May,Summer,V-Shape,77,239.64,30.59,35.58,79.98,0.36,63.98,0.3,19.15,0.67
2024-05-22,14:15,May,Summer,V-Shape,77,228.37,30.43,35.14,80.12,0.34,64.09,0.29,18.28,0.67
2024-05-22,14:30,May,Summer,V-Shape,77,217.1,30.28,34.71,80.25,0.32,64.2,0.27,17.4,0.67
2024-05-22,14:45,May,Summer,V-Shape,77,205.83,30.12,34.27,80.39,0.31,64.31,0.26,16.52,0.67
2024-05-22,15:00,May,Summer,V-Shape,77,194.57,29.97,33.83,80.53,0.29,64.42,0.24,15.63,0.67
2024-05-22,15:15,May,Summer,V-Shape,77,167.67,29.8,33.0,80.8,0.25,64.64,0.21,13.5,0.67
2024-05-22,15:30,May,Summer,V-Shape,77,140.78,29.64,32.16,81.06,0.21,64.85,0.18,11.37,0.67
2024-05-22,15:45,May,Summer,V-Shape,77,113.89,29.47,31.32,81.33,0.17,65.06,0.14,9.22,0.67
2024-05-22,16:00,May,Summer,V-Shape,77,86.99,29.31,30.48,81.59,0.13,65.27,0.11,7.06,0.67
2024-05-22,16:15,May,Summer,V-Shape,77,70.13,29.1,29.86,81.79,0.1,65.43,0.09,5.7,0.67
2024-05-22,16:30,May,Summer,V-Shape,77,53.27,28.89,29.23,81.99,0.08,65.59,0.07,4.34,0.67
2024-05-22,16:45,May,Summer,V-Shape,77,36.41,28.69,28.6,82.19,0.05,65.75,0.05,2.97,0.67
2024-05-22,17:00,May,Summer,V-Shape,77,19.55,28.48,27.97,82.39,0.03,65.91,0.02,1.6,0.67
2024-05-22,17:15,May,Summer,V-Shape,77,14.66,28.3,27.67,82.48,0.02,65.99,0.02,1.2,0.67
2024-05-22,17:30,May,Summer,V-Shape,77,9.78,28.13,27.37,82.58,0.01,66.06,0.01,0.8,0.67
2024-05-23,05:15,May,Summer,V-Shape,77,13.74,26.15,25.49,83.17,0.02,66.54,0.02,1.13,0.67
2024-05-23,05:30,May,Summer,V-Shape,77,23.06,26.34,25.92,83.04,0.03,66.43,0.03,1.9,0.67
2024-05-23,05:45,May,Summer,V-Shape,77,32.37,26.53,26.34,82.9,0.05,66.32,0.04,2.66,0.67
2024-05-23,06:00,May,Summer,V-Shape,77,41.69,26.72,26.76,82.77,0.06,66.22,0.05,3.42,0.67
2024-05-23,06:15,May,Summer,V-Shape,77,53.3,26.97,27.3,82.6,0.08,66.08,0.07,4.36,0.67
2024-05-23,06:30,May,Summer,V-Shape,77,64.92,27.22,27.84,82.43,0.1,65.94,0.08,5.31,0.67
2024-05-23,06:45,May,Summer,V-Shape,77,76.53,27.47,28.38,82.26,0.11,65.81,0.09,6.25,0.67
2024-05-23,07:00,May,Summer,V-Shape,77,88.15,27.72,28.92,82.09,0.13,65.67,0.11,7.18,0.67
2024-05-23,07:15,May,Summer,V-Shape,77,124.36,28.02,30.13,81.7,0.18,65.36,0.15,10.1,0.67
2024-05-23,07:30,May,Summer,V-Shape,77,160.57,28.31,31.33,81.32,0.24,65.06,0.2,13.0,0.67
2024-05-23,07:45,May,Summer,V-Shape,77,196.78,28.61,32.53,80.94,0.29,64.75,0.25,15.87,0.67
2024-05-23,08:00,May,Summer,V-Shape,77,233.0,28.91,33.73,80.56,0.35,64.45,0.29,18.72,0.67
2024-05-23,08:15,May,Summer,V-Shape,77,252.24,29.14,34.45,80.34,0.38,64.27,0.31,20.23,0.67
2024-05-23,08:30,May,Summer,V-Shape,77,271.49,29.38,35.16,80.11,0.4,64.09,0.34,21.73,0.67
2024-05-23,08:45,May,Summer,V-Shape,77,290.74,29.61,35.88,79.88,0.43,63.91,0.36,23.22,0.67
2024-05-23,09:00,May,Summer,V-Shape,77,309.99,29.84,36.59,79.66,0.46,63.73,0.39,24.7,0.67
2024-05-23,09:15,May,Summer,V-Shape,77,336.37,30.03,37.44,79.39,0.5,63.51,0.42,26.74,0.67
2024-05-23,09:30,May,Summer,V-Shape,77,362.75,30.21,38.28,79.12,0.54,63.3,0.45,28.76,0.67
2024-05-23,09:45,May,Summer,V-Shape,77,389.14,30.4,39.13,78.85,0.58,63.08,0.49,30.77,0.67
2024-05-23,10:00,May,Summer,V-Shape,77,415.52,30.59,39.98,78.59,0.62,62.87,0.52,32.78,0.67
2024-05-23,10:15,May,Summer,V-Shape,77,438.39,30.75,40.71,78.35,0.66,62.68,0.55,34.5,0.67
2024-05-23,10:30,May,Summer,V-Shape,77,461.25,30.92,41.45,78.12,0.69,62.49,0.58,36.22,0.67
2024-05-23,10:45,May,Summer,V-Shape,77,484.12,31.09,42.19,77.89,0.73,62.31,0.61,37.93,0.67
2024-05-23,11:00,May,Summer,V-Shape,77,506.99,31.25,42.92,77.65,0.76,62.12,0.64,39.63,0.67
2024-05-23,11:15,May,Summer,V-Shape,77,552.3,31.36,44.16,77.26,0.83,61.81,0.7,43.01,0.67
2024-05-23,11:30,May,Summer,V-Shape,77,597.61,31.46,45.4,76.87,0.9,61.49,0.75,46.35,0.67
2024-05-23,11:45,May,Summer,V-Shape,77,642.92,31.57,46.64,76.48,0.97,61.18,0.81,49.68,0.67
2024-05-23,12:00,May,Summer,V-Shape,77,688.22,31.67,47.88,76.08,1.04,60.87,0.87,52.97,0.67
2024-05-23,12:15,May,Summer,V-Shape,77,646.41,31.67,46.83,76.42,0.97,61.13,0.82,49.91,0.67
2024-05-23,12:30,May,Summer,V-Shape,77,604.59,31.67,45.78,76.75,0.91,61.4,0.76,46.84,0.67
2024-05-23,12:45,May,Summer,V-Shape,77,562.77,31.67,44.74,77.08,0.85,61.66,0.71,43.74,0.67
2024-05-23,13:00,May,Summer,V-Shape,77,520.96,31.67,43.69,77.41,0.78,61.93,0.66,40.63,0.67
2024-05-23,13:15,May,Summer,V-Shape,77,471.58,31.62,42.4,77.82,0.71,62.25,0.59,36.92,0.67
2024-05-23,13:30,May,Summer,V-Shape,77,422.21,31.56,41.12,78.23,0.63,62.58,0.53,33.19,0.67
2024-05-23,13:45,May,Summer,V-Shape,77,372.83,31.5,39.83,78.63,0.56,62.91,0.47,29.42,0.67
2024-05-23,14:00,May,Summer,V-Shape,77,323.45,31.45,38.54,79.04,0.48,63.23,0.41,25.63,0.67
2024-05-23,14:15,May,Summer,V-Shape,77,299.52,31.32,37.81,79.27,0.45,63.42,0.37,23.78,0.67
2024-05-23,14:30,May,Summer,V-Shape,77,275.59,31.19,37.07,79.5,0.41,63.6,0.34,21.93,0.67
2024-05-23,14:45,May,Summer,V-Shape,77,251.66,31.05,36.34,79.74,0.38,63.79,0.31,20.07,0.67
2024-05-23,15:00,May,Summer,V-Shape,77,227.72,30.92,35.61,79.97,0.34,63.97,0.28,18.2,0.67
2024-05-23,15:15,May,Summer,V-Shape,77,200.5,30.69,34.7,80.26,0.3,64.21,0.25,16.07,0.67
2024-05-23,15:30,May,Summer,V-Shape,77,173.28,30.45,33.79,80.55,0.26,64.44,0.22,13.92,0.67
2024-05-23,15:45,May,Summer,V-Shape,77,146.06,30.22,32.87,80.83,0.22,64.67,0.18,11.77,0.67
2024-05-23,16:00,May,Summer,V-Shape,77,118.84,29.99,31.96,81.12,0.18,64.9,0.15,9.6,0.67
2024-05-23,16:15,May,Summer,V-Shape,77,96.58,29.67,31.09,81.4,0.14,65.12,0.12,7.82,0.67
2024-05-23,16:30,May,Summer,V-Shape,77,74.33,29.36,30.22,81.68,0.11,65.34,0.09,6.03,0.67
2024-05-23,16:45,May,Summer,V-Shape,77,52.07,29.05,29.35,81.95,0.08,65.56,0.06,4.24,0.67
2024-05-23,17:00,May,Summer,V-Shape,77,29.82,28.73,28.48,82.23,0.04,65.78,0.04,2.43,0.67
2024-05-23,17:15,May,Summer,V-Shape,77,22.36,28.49,28.05,82.36,0.03,65.89,0.03,1.83,0.67
2024-05-23,17:30,May,Summer,V-Shape,77,14.91,28.25,27.62,82.5,0.02,66.0,0.02,1.22,0.67
2024-05-23,17:45,May,Summer,V-Shape,77,7.46,28.01,27.2,82.63,0.01,66.11,0.01,0.61,0.67
2024-05-24,05:15,May,Summer,V-Shape,77,18.12,25.76,25.21,83.26,0.03,66.61,0.02,1.49,0.67
2024-05-24,05:30,May,Summer,V-Shape,77,31.71,25.95,25.74,83.09,0.05,66.47,0.04,2.61,0.67
2024-05-24,05:45,May,Summer,V-Shape,77,45.3,26.14,26.27,82.93,0.07,66.34,0.06,3.72,0.67
2024-05-24,06:00,May,Summer,V-Shape,77,58.88,26.33,26.8,82.76,0.09,66.21,0.07,4.83,0.67
2024-05-24,06:15,May,Summer,V-Shape,77,78.33,26.66,27.62,82.5,0.12,66.0,0.1,6.41,0.67
2024-05-24,06:30,May,Summer,V-Shape,77,97.77,26.99,28.43,82.24,0.14,65.79,0.12,7.98,0.67
2024-05-24,06:45,May,Summer,V-Shape,77,117.21,27.32,29.25,81.98,0.17,65.59,0.15,9.54,0.67
2024-05-24,07:00,May,Summer,V-Shape,77,136.66,27.65,30.07,81.72,0.2,65.38,0.17,11.1,0.67
2024-05-24,07:15,May,Summer,V-Shape,77,171.03,28.11,31.39,81.3,0.25,65.04,0.21,13.84,0.67
2024-05-24,07:30,May,Summer,V-Shape,77,205.41,28.58,32.72,80.89,0.31,64.71,0.26,16.56,0.67
2024-05-24,07:45,May,Summer,V-Shape,77,239.78,29.05,34.04,80.47,0.36,64.37,0.3,19.25,0.67
2024-05-24,08:00,May,Summer,V-Shape,77,274.16,29.51,35.36,80.05,0.41,64.04,0.34,21.93,0.67
2024-05-24,08:15,May,Summer,V-Shape,77,264.73,29.9,35.52,80.0,0.39,64.0,0.33,21.16,0.67
2024-05-24,08:30,May,Summer,V-Shape,77,255.3,30.3,35.68,79.95,0.38,63.96,0.32,20.4,0.67
2024-05-24,08:45,May,Summer,V-Shape,77,245.87,30.69,35.83,79.9,0.37,63.92,0.31,19.64,0.67
2024-05-24,09:00,May,Summer,V-Shape,77,236.44,31.08,35.99,79.85,0.35,63.88,0.3,18.88,0.67
2024-05-24,09:15,May,Summer,V-Shape,77,288.45,31.37,37.58,79.35,0.43,63.48,0.36,22.92,0.67
2024-05-24,09:30,May,Summer,V-Shape,77,340.45,31.65,39.17,78.84,0.51,63.07,0.43,26.92,0.67
2024-05-24,09:45,May,Summer,V-Shape,77,392.46,31.94,40.75,78.34,0.59,62.67,0.49,30.88,0.67
2024-05-24,10:00,May,Summer,V-Shape,77,444.47,32.23,42.34,77.84,0.67,62.27,0.56,34.81,0.67
2024-05-24,10:15,May,Summer,V-Shape,77,468.76,32.47,43.19,77.57,0.7,62.05,0.59,36.61,0.67
2024-05-24,10:30,May,Summer,V-Shape,77,493.05,32.71,44.04,77.3,0.74,61.84,0.62,38.41,0.67
2024-05-24,10:45,May,Summer,V-Shape,77,517.35,32.95,44.88,77.03,0.78,61.63,0.65,40.19,0.67
2024-05-24,11:00,May,Summer,V-Shape,77,541.64,33.19,45.73,76.76,0.82,61.41,0.68,41.97,0.67
2024-05-24,11:15,May,Summer,V-Shape,77,551.46,33.38,46.16,76.63,0.83,61.3,0.7,42.67,0.67
2024-05-24,11:30,May,Summer,V-Shape,77,561.28,33.56,46.59,76.49,0.85,61.19,0.71,43.37,0.67
2024-05-24,11:45,May,Summer,V-Shape,77,571.1,33.74,47.02,76.35,0.86,61.08,0.72,44.07,0.67
2024-05-24,12:00,May,Summer,V-Shape,77,580.91,33.93,47.45,76.22,0.88,60.97,0.73,44.77,0.67
2024-05-24,12:15,May,Summer,V-Shape,77,562.09,33.97,47.02,76.35,0.85,61.08,0.71,43.38,0.67
2024-05-24,12:30,May,Summer,V-Shape,77,543.27,34.01,46.59,76.49,0.82,61.19,0.69,41.98,0.67
2024-05-24,12:45,May,Summer,V-Shape,77,524.45,34.05,46.16,76.63,0.79,61.3,0.66,40.58,0.67
2024-05-24,13:00,May,Summer,V-Shape,77,505.63,34.09,45.73,76.76,0.76,61.41,0.64,39.18,0.67
2024-05-24,13:15,May,Summer,V-Shape,77,477.68,33.88,44.82,77.05,0.72,61.64,0.6,37.12,0.67
2024-05-24,13:30,May,Summer,V-Shape,77,449.73,33.66,43.9,77.34,0.68,61.87,0.57,35.05,0.67
2024-05-24,13:45,May,Summer,V-Shape,77,421.78,33.45,42.99,77.63,0.63,62.11,0.53,32.96,0.67
2024-05-24,14:00,May,Summer,V-Shape,77,393.83,33.23,42.08,77.92,0.59,62.34,0.5,30.87,0.67
2024-05-24,14:15,May,Summer,V-Shape,77,362.15,33.0,41.06,78.24,0.54,62.59,0.45,28.47,0.67
2024-05-24,14:30,May,Summer,V-Shape,77,330.47,32.78,40.04,78.57,0.5,62.85,0.41,26.06,0.67
2024-05-24,14:45,May,Summer,V-Shape,77,298.78,32.55,39.02,78.89,0.45,63.11,0.37,23.64,0.67
2024-05-24,15:00,May,Summer,V-Shape,77,267.1,32.33,38.01,79.21,0.4,63.37,0.33,21.19,0.67
2024-05-24,15:15,May,Summer,V-Shape,77,233.79,32.03,36.87,79.57,0.35,63.65,0.29,18.61,0.67
2024-05-24,15:30,May,Summer,V-Shape,77,200.49,31.73,35.74,79.93,0.3,63.94,0.25,16.02,0.67
2024-05-24,15:45,May,Summer,V-Shape,77,167.18,31.42,34.6,80.29,0.25,64.23,0.21,13.4,0.67
2024-05-24,16:00,May,Summer,V-Shape,77,133.88,31.12,33.47,80.65,0.2,64.52,0.17,10.77,0.67
2024-05-24,16:15,May,Summer,V-Shape,77,107.42,30.75,32.44,80.97,0.16,64.78,0.13,8.67,0.67
2024-05-24,16:30,May,Summer,V-Shape,77,80.97,30.38,31.41,81.3,0.12,65.04,0.1,6.55,0.67
2024-05-24,16:45,May,Summer,V-Shape,77,54.52,30.02,30.38,81.62,0.08,65.3,0.07,4.42,0.67
2024-05-24,17:00,May,Summer,V-Shape,77,28.07,29.65,29.35,81.95,0.04,65.56,0.03,2.28,0.67
2024-05-24,17:15,May,Summer,V-Shape,77,21.05,29.36,28.89,82.1,0.03,65.68,0.03,1.72,0.67
2024-05-24,17:30,May,Summer,V-Shape,77,14.03,29.07,28.42,82.24,0.02,65.8,0.02,1.15,0.67
2024-05-24,17:45,May,Summer,V-Shape,77,7.02,28.78,27.96,82.39,0.01,65.91,0.01,0.57,0.67
2024-05-25,05:15,May,Summer,V-Shape,77,22.0,25.86,25.41,83.2,0.03,66.56,0.03,1.81,0.67
2024-05-25,05:30,May,Summer,V-Shape,77,41.12,25.98,26.0,83.01,0.06,66.41,0.05,3.38,0.67
2024-05-25,05:45,May,Summer,V-Shape,77,60.23,26.09,26.6,82.82,0.09,66.26,0.07,4.94,0.67
2024-05-25,06:00,May,Summer,V-Shape,77,79.35,26.21,27.19,82.63,0.12,66.11,0.1,6.5,0.67
2024-05-25,06:15,May,Summer,V-Shape,77,100.06,26.5,28.0,82.38,0.15,65.9,0.12,8.18,0.67
2024-05-25,06:30,May,Summer,V-Shape,77,120.78,26.78,28.8,82.12,0.18,65.7,0.15,9.85,0.67
2024-05-25,06:45,May,Summer,V-Shape,77,141.49,27.07,29.6,81.87,0.21,65.5,0.18,11.51,0.67
2024-05-25,07:00,May,Summer,V-Shape,77,162.2,27.35,30.41,81.62,0.24,65.29,0.2,13.16,0.67
2024-05-25,07:15,May,Summer,V-Shape,77,191.18,27.84,31.61,81.23,0.28,64.99,0.24,15.46,0.67
2024-05-25,07:30,May,Summer,V-Shape,77,220.16,28.32,32.82,80.85,0.33,64.68,0.27,17.74,0.67
2024-05-25,07:45,May,Summer,V-Shape,77,249.14,28.8,34.03,80.47,0.37,64.37,0.31,20.0,0.67
2024-05-25,08:00,May,Summer,V-Shape,77,278.12,29.29,35.24,80.08,0.41,64.07,0.35,22.25,0.67
2024-05-25,08:15,May,Summer,V-Shape,77,328.78,29.7,36.92,79.55,0.49,63.64,0.41,26.17,0.67
2024-05-25,08:30,May,Summer,V-Shape,77,379.43,30.11,38.6,79.02,0.57,63.22,0.48,30.05,0.67
2024-05-25,08:45,May,Summer,V-Shape,77,430.09,30.52,40.27,78.49,0.64,62.79,0.54,33.89,0.67
2024-05-25,09:00,May,Summer,V-Shape,77,480.74,30.93,41.95,77.96,0.72,62.37,0.6,37.69,0.67
2024-05-25,09:15,May,Summer,V-Shape,77,500.11,31.22,42.73,77.72,0.75,62.17,0.63,39.12,0.67
2024-05-25,09:30,May,Summer,V-Shape,77,519.47,31.52,43.5,77.47,0.78,61.98,0.65,40.53,0.67
2024-05-25,09:45,May,Summer,V-Shape,77,538.84,31.81,44.28,77.22,0.81,61.78,0.68,41.94,0.67
2024-05-25,10:00,May,Summer,V-Shape,77,558.2,32.1,45.06,76.98,0.84,61.58,0.7,43.35,0.67
2024-05-25,10:15,May,Summer,V-Shape,77,556.23,32.31,45.22,76.93,0.84,61.54,0.7,43.17,0.67
2024-05-25,10:30,May,Summer,V-Shape,77,554.25,32.52,45.38,76.88,0.83,61.5,0.7,43.0,0.67
2024-05-25,10:45,May,Summer,V-Shape,77,552.28,32.73,45.54,76.83,0.83,61.46,0.7,42.82,0.67
2024-05-25,11:00,May,Summer,V-Shape,77,550.31,32.94,45.7,76.77,0.83,61.42,0.69,42.65,0.67
2024-05-25,11:15,May,Summer,V-Shape,77,502.29,33.0,44.56,77.13,0.76,61.71,0.63,39.06,0.67
2024-05-25,11:30,May,Summer,V-Shape,77,454.27,33.06,43.42,77.49,0.68,62.0,0.57,35.45,0.67
2024-05-25,11:45,May,Summer,V-Shape,77,406.25,33.13,42.28,77.86,0.61,62.28,0.51,31.82,0.67
2024-05-25,12:00,May,Summer,V-Shape,77,358.23,33.19,41.15,78.22,0.54,62.57,0.45,28.16,0.67
2024-05-25,12:15,May,Summer,V-Shape,77,356.73,33.16,41.08,78.24,0.53,62.59,0.45,28.04,0.67
2024-05-25,12:30,May,Summer,V-Shape,77,355.23,33.12,41.01,78.26,0.53,62.61,0.45,27.93,0.67
2024-05-25,12:45,May,Summer,V-Shape,77,353.72,33.09,40.94,78.28,0.53,62.63,0.44,27.82,0.67
2024-05-25,13:00,May,Summer,V-Shape,77,352.22,33.06,40.87,78.3,0.53,62.64,0.44,27.71,0.67
2024-05-25,13:15,May,Summer,V-Shape,77,348.38,32.99,40.7,78.36,0.52,62.69,0.44,27.42,0.67
2024-05-25,13:30,May,Summer,V-Shape,77,344.53,32.92,40.53,78.41,0.52,62.73,0.43,27.13,0.67
2024-05-25,13:45,May,Summer,V-Shape,77,340.69,32.85,40.37,78.46,0.51,62.77,0.43,26.84,0.67
2024-05-25,14:00,May,Summer,V-Shape,77,336.84,32.78,40.2,78.51,0.5,62.81,0.42,26.55,0.67
2024-05-25,14:15,May,Summer,V-Shape,77,307.64,32.7,39.39,78.77,0.46,63.02,0.39,24.31,0.67
2024-05-25,14:30,May,Summer,V-Shape,77,278.43,32.62,38.58,79.03,0.42,63.22,0.35,22.06,0.67
2024-05-25,14:45,May,Summer,V-Shape,77,249.23,32.54,37.77,79.28,0.37,63.43,0.31,19.79,0.67
2024-05-25,15:00,May,Summer,V-Shape,77,220.03,32.46,36.96,79.54,0.33,63.63,0.28,17.51,0.67
2024-05-25,15:15,May,Summer,V-Shape,77,193.02,32.29,36.11,79.81,0.29,63.85,0.24,15.4,0.67
2024-05-25,15:30,May,Summer,V-Shape,77,166.01,32.12,35.27,80.08,0.25,64.06,0.21,13.28,0.67
2024-05-25,15:45,May,Summer,V-Shape,77,138.99,31.94,34.42,80.35,0.21,64.28,0.17,11.15,0.67
2024-05-25,16:00,May,Summer,V-Shape,77,111.98,31.77,33.57,80.61,0.17,64.49,0.14,9.0,0.67
2024-05-25,16:15,May,Summer,V-Shape,77,91.13,31.36,32.64,80.91,0.14,64.73,0.11,7.35,0.67
2024-05-25,16:30,May,Summer,V-Shape,77,70.27,30.96,31.72,81.2,0.1,64.96,0.09,5.68,0.67
2024-05-25,16:45,May,Summer,V-Shape,77,49.42,30.55,30.79,81.49,0.07,65.2,0.06,4.01,0.67
2024-05-25,17:00,May,Summer,V-Shape,77,28.56,30.15,29.86,81.79,0.04,65.43,0.04,2.32,0.67
2024-05-25,17:15,May,Summer,V-Shape,77,21.42,29.77,29.31,81.96,0.03,65.57,0.03,1.74,0.67
2024-05-25,17:30,May,Summer,V-Shape,77,14.28,29.39,28.75,82.14,0.02,65.71,0.02,1.16,0.67
2024-05-25,17:45,May,Summer,V-Shape,77,7.14,29.02,28.2,82.32,0.01,65.85,0.01,0.58,0.67
2024-05-26,05:00,May,Summer,V-Shape,77,6.3,25.28,24.44,83.51,0.01,66.8,0.01,0.52,0.67
2024-05-26,05:15,May,Summer,V-Shape,77,29.65,25.56,25.3,83.23,0.04,66.59,0.04,2.44,0.67
2024-05-26,05:30,May,Summer,V-Shape,77,53.01,25.84,26.16,82.96,0.08,66.37,0.07,4.35,0.67
2024-05-26,05:45,May,Summer,V-Shape,77,76.36,26.11,27.02,82.69,0.11,66.15,0.09,6.26,0.67
2024-05-26,06:00,May,Summer,V-Shape,77,99.72,26.39,27.88,82.42,0.15,65.93,0.12,8.15,0.67
2024-05-26,06:15,May,Summer,V-Shape,77,137.91,26.83,29.28,81.97,0.2,65.58,0.17,11.23,0.67
2024-05-26,06:30,May,Summer,V-Shape,77,176.1,27.27,30.67,81.53,0.26,65.23,0.22,14.28,0.67
2024-05-26,06:45,May,Summer,V-Shape,77,214.28,27.7,32.06,81.09,0.32,64.87,0.27,17.31,0.67
2024-05-26,07:00,May,Summer,V-Shape,77,252.47,28.14,33.45,80.65,0.38,64.52,0.31,20.31,0.67
2024-05-26,07:15,May,Summer,V-Shape,77,295.33,28.59,34.97,80.17,0.44,64.14,0.37,23.65,0.67
2024-05-26,07:30,May,Summer,V-Shape,77,338.19,29.04,36.49,79.69,0.5,63.75,0.42,26.96,0.67
2024-05-26,07:45,May,Summer,V-Shape,77,381.06,29.49,38.02,79.21,0.57,63.37,0.48,30.24,0.67
2024-05-26,08:00,May,Summer,V-Shape,77,423.92,29.94,39.54,78.72,0.63,62.98,0.53,33.48,0.67
2024-05-26,08:15,May,Summer,V-Shape,77,461.82,30.26,40.8,78.32,0.69,62.66,0.58,36.34,0.67
2024-05-26,08:30,May,Summer,V-Shape,77,499.72,30.57,42.06,77.93,0.75,62.34,0.63,39.17,0.67
2024-05-26,08:45,May,Summer,V-Shape,77,537.62,30.88,43.33,77.53,0.81,62.02,0.68,41.97,0.67
2024-05-26,09:00,May,Summer,V-Shape,77,575.53,31.2,44.59,77.13,0.87,61.7,0.73,44.76,0.67
2024-05-26,09:15,May,Summer,V-Shape,77,583.82,31.49,45.09,76.97,0.88,61.57,0.74,45.33,0.67
2024-05-26,09:30,May,Summer,V-Shape,77,592.12,31.78,45.59,76.81,0.89,61.45,0.75,45.9,0.67
2024-05-26,09:45,May,Summer,V-Shape,77,600.41,32.08,46.09,76.65,0.9,61.32,0.76,46.47,0.67
2024-05-26,10:00,May,Summer,V-Shape,77,608.71,32.37,46.59,76.49,0.92,61.19,0.77,47.04,0.67
2024-05-26,10:15,May,Summer,V-Shape,77,610.98,32.67,46.94,76.38,0.92,61.1,0.77,47.16,0.67
2024-05-26,10:30,May,Summer,V-Shape,77,613.25,32.97,47.3,76.27,0.93,61.01,0.77,47.28,0.67
2024-05-26,10:45,May,Summer,V-Shape,77,615.53,33.27,47.66,76.15,0.93,60.92,0.78,47.41,0.67
2024-05-26,11:00,May,Summer,V-Shape,77,617.8,33.57,48.01,76.04,0.93,60.83,0.78,47.53,0.67
2024-05-26,11:15,May,Summer,V-Shape,77,612.54,33.84,48.16,76.0,0.93,60.8,0.77,47.1,0.67
2024-05-26,11:30,May,Summer,V-Shape,77,607.27,34.11,48.3,75.95,0.92,60.76,0.77,46.67,0.67
2024-05-26,11:45,May,Summer,V-Shape,77,602.01,34.39,48.44,75.91,0.91,60.73,0.76,46.25,0.67
2024-05-26,12:00,May,Summer,V-Shape,77,596.75,34.66,48.58,75.86,0.9,60.69,0.76,45.82,0.67
2024-05-26,12:15,May,Summer,V-Shape,77,575.58,34.86,48.25,75.97,0.87,60.77,0.73,44.25,0.67
2024-05-26,12:30,May,Summer,V-Shape,77,554.42,35.06,47.93,76.07,0.84,60.86,0.7,42.66,0.67
2024-05-26,12:45,May,Summer,V-Shape,77,533.25,35.27,47.6,76.17,0.8,60.94,0.67,41.08,0.67
2024-05-26,13:00,May,Summer,V-Shape,77,512.09,35.47,47.27,76.28,0.77,61.02,0.65,39.49,0.67
2024-05-26,13:15,May,Summer,V-Shape,77,487.27,35.51,46.69,76.46,0.73,61.17,0.62,37.64,0.67
2024-05-26,13:30,May,Summer,V-Shape,77,462.45,35.55,46.12,76.64,0.7,61.31,0.58,35.79,0.67
2024-05-26,13:45,May,Summer,V-Shape,77,437.63,35.6,45.54,76.82,0.66,61.46,0.55,33.93,0.67
2024-05-26,14:00,May,Summer,V-Shape,77,412.81,35.64,44.96,77.01,0.62,61.61,0.52,32.06,0.67
2024-05-26,14:15,May,Summer,V-Shape,77,372.08,35.51,43.81,77.37,0.56,61.9,0.47,29.0,0.67
2024-05-26,14:30,May,Summer,V-Shape,77,331.35,35.39,42.67,77.73,0.5,62.19,0.42,25.92,0.67
2024-05-26,14:45,May,Summer,V-Shape,77,290.63,35.26,41.52,78.1,0.44,62.48,0.37,22.82,0.67
2024-05-26,15:00,May,Summer,V-Shape,77,249.9,35.13,40.38,78.46,0.37,62.77,0.31,19.69,0.67
2024-05-26,15:15,May,Summer,V-Shape,77,222.76,34.8,39.37,78.78,0.33,63.02,0.28,17.6,0.67
2024-05-26,15:30,May,Summer,V-Shape,77,195.63,34.47,38.36,79.1,0.29,63.28,0.25,15.51,0.67
2024-05-26,15:45,May,Summer,V-Shape,77,168.49,34.13,37.34,79.42,0.25,63.54,0.21,13.4,0.67
2024-05-26,16:00,May,Summer,V-Shape,77,141.35,33.8,36.33,79.74,0.21,63.79,0.18,11.27,0.67
2024-05-26,16:15,May,Summer,V-Shape,77,113.81,33.24,35.09,80.13,0.17,64.11,0.14,9.11,0.67
2024-05-26,16:30,May,Summer,V-Shape,77,86.27,32.68,33.84,80.53,0.13,64.42,0.11,6.93,0.67
2024-05-26,16:45,May,Summer,V-Shape,77,58.73,32.12,32.59,80.93,0.09,64.74,0.07,4.74,0.67
2024-05-26,17:00,May,Summer,V-Shape,77,31.19,31.56,31.34,81.32,0.05,65.06,0.04,2.52,0.67
2024-05-26,17:15,May,Summer,V-Shape,77,23.39,31.03,30.61,81.55,0.03,65.24,0.03,1.9,0.67
2024-05-26,17:30,May,Summer,V-Shape,77,15.59,30.5,29.89,81.78,0.02,65.42,0.02,1.27,0.67
2024-05-26,17:45,May,Summer,V-Shape,77,7.8,29.97,29.16,82.01,0.01,65.61,0.01,0.63,0.67
2024-05-27,05:00,May,Summer,V-Shape,77,6.23,25.97,25.13,83.29,0.01,66.63,0.01,0.51,0.67
2024-05-27,05:15,May,Summer,V-Shape,77,26.5,26.2,25.86,83.05,0.04,66.44,0.03,2.18,0.67
2024-05-27,05:30,May,Summer,V-Shape,77,46.77,26.43,26.6,82.82,0.07,66.26,0.06,3.84,0.67
2024-05-27,05:45,May,Summer,V-Shape,77,67.04,26.66,27.34,82.59,0.1,66.07,0.08,5.49,0.67
2024-05-27,06:00,May,Summer,V-Shape,77,87.31,26.89,28.07,82.36,0.13,65.88,0.11,7.13,0.67
2024-05-27,06:15,May,Summer,V-Shape,77,120.78,27.34,29.36,81.95,0.18,65.56,0.15,9.83,0.67
2024-05-27,06:30,May,Summer,V-Shape,77,154.25,27.79,30.64,81.54,0.23,65.23,0.19,12.51,0.67
2024-05-27,06:45,May,Summer,V-Shape,77,187.71,28.23,31.93,81.14,0.28,64.91,0.23,15.17,0.67
2024-05-27,07:00,May,Summer,V-Shape,77,221.18,28.68,33.21,80.73,0.33,64.58,0.28,17.8,0.67
2024-05-27,07:15,May,Summer,V-Shape,77,258.9,29.22,34.69,80.26,0.39,64.21,0.32,20.75,0.67
2024-05-27,07:30,May,Summer,V-Shape,77,296.62,29.75,36.17,79.79,0.44,63.83,0.37,23.67,0.67
2024-05-27,07:45,May,Summer,V-Shape,77,334.35,30.29,37.65,79.32,0.5,63.46,0.42,26.56,0.67
2024-05-27,08:00,May,Summer,V-Shape,77,372.07,30.83,39.13,78.85,0.56,63.08,0.47,29.42,0.67
2024-05-27,08:15,May,Summer,V-Shape,77,397.82,31.33,40.27,78.49,0.6,62.79,0.5,31.35,0.67
2024-05-27,08:30,May,Summer,V-Shape,77,423.57,31.82,41.41,78.13,0.64,62.5,0.53,33.26,0.67
2024-05-27,08:45,May,Summer,V-Shape,77,449.32,32.32,42.56,77.77,0.67,62.22,0.57,35.16,0.67
2024-05-27,09:00,May,Summer,V-Shape,77,475.07,32.82,43.7,77.41,0.71,61.93,0.6,37.05,0.67
2024-05-27,09:15,May,Summer,V-Shape,77,515.63,33.22,45.11,76.96,0.78,61.57,0.65,40.03,0.67
2024-05-27,09:30,May,Summer,V-Shape,77,556.2,33.61,46.52,76.51,0.84,61.21,0.7,42.99,0.67
2024-05-27,09:45,May,Summer,V-Shape,77,596.76,34.01,47.93,76.07,0.9,60.85,0.75,45.92,0.67
2024-05-27,10:00,May,Summer,V-Shape,77,637.32,34.41,49.34,75.62,0.96,60.5,0.81,48.82,0.67
2024-05-27,10:15,May,Summer,V-Shape,77,643.1,34.64,49.72,75.5,0.97,60.4,0.81,49.2,0.67
2024-05-27,10:30,May,Summer,V-Shape,77,648.88,34.87,50.09,75.38,0.98,60.31,0.82,49.59,0.67
2024-05-27,10:45,May,Summer,V-Shape,77,654.67,35.1,50.47,75.26,0.99,60.21,0.83,49.97,0.67
2024-05-27,11:00,May,Summer,V-Shape,77,660.45,35.33,50.84,75.15,1.0,60.12,0.84,50.35,0.67
2024-05-27,11:15,May,Summer,V-Shape,77,667.08,35.41,51.08,75.07,1.01,60.06,0.85,50.81,0.67
2024-05-27,11:30,May,Summer,V-Shape,77,673.71,35.48,51.32,74.99,1.02,59.99,0.85,51.28,0.67
2024-05-27,11:45,May,Summer,V-Shape,77,680.33,35.55,51.56,74.92,1.03,59.93,0.86,51.74,0.67
2024-05-27,12:00,May,Summer,V-Shape,77,686.96,35.63,51.8,74.84,1.04,59.87,0.87,52.21,0.67
2024-05-27,12:15,May,Summer,V-Shape,77,685.28,35.51,51.64,74.89,1.04,59.91,0.87,52.11,0.67
2024-05-27,12:30,May,Summer,V-Shape,77,683.6,35.39,51.48,74.94,1.04,59.95,0.87,52.01,0.67
2024-05-27,12:45,May,Summer,V-Shape,77,681.92,35.27,51.32,74.99,1.03,60.0,0.87,51.9,0.67
2024-05-27,13:00,May,Summer,V-Shape,77,680.24,35.15,51.16,75.05,1.03,60.04,0.86,51.8,0.67
2024-05-27,13:15,May,Summer,V-Shape,77,619.7,34.92,49.42,75.6,0.94,60.48,0.78,47.46,0.67
2024-05-27,13:30,May,Summer,V-Shape,77,559.17,34.7,47.68,76.15,0.84,60.92,0.71,43.06,0.67
2024-05-27,13:45,May,Summer,V-Shape,77,498.63,34.48,45.94,76.7,0.75,61.36,0.63,38.61,0.67
2024-05-27,14:00,May,Summer,V-Shape,77,438.09,34.25,44.2,77.25,0.66,61.8,0.55,34.11,0.67
2024-05-27,14:15,May,Summer,V-Shape,77,411.72,33.98,43.28,77.54,0.62,62.03,0.52,32.15,0.67
2024-05-27,14:30,May,Summer,V-Shape,77,385.35,33.72,42.35,77.83,0.58,62.27,0.48,30.18,0.67
2024-05-27,14:45,May,Summer,V-Shape,77,358.98,33.45,41.43,78.13,0.54,62.5,0.45,28.19,0.67
2024-05-27,15:00,May,Summer,V-Shape,77,332.61,33.19,40.51,78.42,0.5,62.73,0.42,26.19,0.67
2024-05-27,15:15,May,Summer,V-Shape,77,293.76,32.86,39.2,78.83,0.44,63.06,0.37,23.23,0.67
2024-05-27,15:30,May,Summer,V-Shape,77,254.91,32.52,37.9,79.24,0.38,63.4,0.32,20.23,0.67
2024-05-27,15:45,May,Summer,V-Shape,77,216.06,32.19,36.59,79.66,0.32,63.73,0.27,17.22,0.67
2024-05-27,16:00,May,Summer,V-Shape,77,177.21,31.86,35.29,80.07,0.26,64.06,0.22,14.18,0.67
2024-05-27,16:15,May,Summer,V-Shape,77,144.44,31.45,34.06,80.46,0.22,64.37,0.18,11.6,0.67
2024-05-27,16:30,May,Summer,V-Shape,77,111.66,31.04,32.83,80.85,0.17,64.68,0.14,9.0,0.67
2024-05-27,16:45,May,Summer,V-Shape,77,78.89,30.63,31.6,81.24,0.12,64.99,0.1,6.38,0.67
2024-05-27,17:00,May,Summer,V-Shape,77,46.12,30.22,30.37,81.63,0.07,65.3,0.06,3.74,0.67
2024-05-27,17:15,May,Summer,V-Shape,77,34.59,29.88,29.74,81.83,0.05,65.46,0.04,2.81,0.67
2024-05-27,17:30,May,Summer,V-Shape,77,23.06,29.54,29.11,82.03,0.03,65.62,0.03,1.88,0.67
2024-05-27,17:45,May,Summer,V-Shape,77,11.53,29.19,28.48,82.23,0.02,65.78,0.01,0.94,0.67
2024-05-28,05:15,May,Summer,V-Shape,77,18.37,25.9,25.36,83.21,0.03,66.57,0.02,1.51,0.67
2024-05-28,05:30,May,Summer,V-Shape,77,32.64,26.05,25.87,83.05,0.05,66.44,0.04,2.68,0.67
2024-05-28,05:45,May,Summer,V-Shape,77,46.92,26.21,26.38,82.89,0.07,66.31,0.06,3.85,0.67
2024-05-28,06:00,May,Summer,V-Shape,77,61.19,26.36,26.89,82.73,0.09,66.18,0.08,5.02,0.67
2024-05-28,06:15,May,Summer,V-Shape,77,83.8,26.69,27.79,82.45,0.12,65.96,0.1,6.85,0.67
2024-05-28,06:30,May,Summer,V-Shape,77,106.41,27.02,28.68,82.16,0.16,65.73,0.13,8.68,0.67
2024-05-28,06:45,May,Summer,V-Shape,77,129.01,27.35,29.58,81.88,0.19,65.5,0.16,10.49,0.67
2024-05-28,07:00,May,Summer,V-Shape,77,151.62,27.68,30.47,81.6,0.23,65.28,0.19,12.3,0.67
2024-05-28,07:15,May,Summer,V-Shape,77,178.01,28.07,31.52,81.26,0.26,65.01,0.22,14.4,0.67
2024-05-28,07:30,May,Summer,V-Shape,77,204.4,28.45,32.56,80.93,0.3,64.75,0.25,16.48,0.67
2024-05-28,07:45,May,Summer,V-Shape,77,230.79,28.84,33.61,80.6,0.34,64.48,0.29,18.55,0.67
2024-05-28,08:00,May,Summer,V-Shape,77,257.18,29.23,34.66,80.27,0.38,64.22,0.32,20.61,0.67
2024-05-28,08:15,May,Summer,V-Shape,77,277.11,29.58,35.51,80.0,0.41,64.0,0.35,22.15,0.67
2024-05-28,08:30,May,Summer,V-Shape,77,297.05,29.94,36.36,79.73,0.44,63.78,0.37,23.69,0.67
2024-05-28,08:45,May,Summer,V-Shape,77,316.99,30.29,37.21,79.46,0.47,63.57,0.4,25.21,0.67
2024-05-28,09:00,May,Summer,V-Shape,77,336.92,30.64,38.06,79.19,0.5,63.35,0.42,26.73,0.67
2024-05-28,09:15,May,Summer,V-Shape,77,372.87,30.95,39.27,78.81,0.56,63.05,0.47,29.48,0.67
2024-05-28,09:30,May,Summer,V-Shape,77,408.82,31.25,40.47,78.43,0.61,62.74,0.51,32.2,0.67
2024-05-28,09:45,May,Summer,V-Shape,77,444.77,31.55,41.67,78.05,0.67,62.44,0.56,34.9,0.67
2024-05-28,10:00,May,Summer,V-Shape,77,480.72,31.86,42.88,77.67,0.72,62.13,0.6,37.58,0.67
2024-05-28,10:15,May,Summer,V-Shape,77,477.55,32.1,43.04,77.62,0.72,62.09,0.6,37.32,0.67
2024-05-28,10:30,May,Summer,V-Shape,77,474.37,32.34,43.19,77.57,0.71,62.05,0.6,37.05,0.67
2024-05-28,10:45,May,Summer,V-Shape,77,471.19,32.57,43.35,77.52,0.71,62.01,0.59,36.78,0.67
2024-05-28,11:00,May,Summer,V-Shape,77,468.02,32.81,43.51,77.47,0.7,61.97,0.59,36.52,0.67
2024-05-28,11:15,May,Summer,V-Shape,77,515.83,32.91,44.81,77.06,0.78,61.65,0.65,40.09,0.67
2024-05-28,11:30,May,Summer,V-Shape,77,563.65,33.01,46.1,76.65,0.85,61.32,0.71,43.62,0.67
2024-05-28,11:45,May,Summer,V-Shape,77,611.46,33.11,47.4,76.24,0.92,60.99,0.77,47.13,0.67
2024-05-28,12:00,May,Summer,V-Shape,77,659.27,33.21,48.69,75.83,1.0,60.66,0.83,50.61,0.67
2024-05-28,12:15,May,Summer,V-Shape,77,619.98,33.2,47.7,76.14,0.94,60.91,0.78,47.74,0.67
2024-05-28,12:30,May,Summer,V-Shape,77,580.69,33.19,46.71,76.45,0.88,61.16,0.73,44.86,0.67
2024-05-28,12:45,May,Summer,V-Shape,77,541.4,33.18,45.72,76.77,0.82,61.41,0.68,41.95,0.67
2024-05-28,13:00,May,Summer,V-Shape,77,502.11,33.17,44.72,77.08,0.76,61.67,0.63,39.03,0.67
2024-05-28,13:15,May,Summer,V-Shape,77,479.35,33.08,44.06,77.29,0.72,61.83,0.6,37.34,0.67
2024-05-28,13:30,May,Summer,V-Shape,77,456.59,32.98,43.4,77.5,0.69,62.0,0.57,35.64,0.67
2024-05-28,13:45,May,Summer,V-Shape,77,433.83,32.89,42.74,77.71,0.65,62.17,0.55,33.93,0.67
2024-05-28,14:00,May,Summer,V-Shape,77,411.08,32.8,42.08,77.92,0.62,62.34,0.52,32.22,0.67
2024-05-28,14:15,May,Summer,V-Shape,77,376.88,32.66,41.08,78.24,0.57,62.59,0.47,29.63,0.67
2024-05-28,14:30,May,Summer,V-Shape,77,342.68,32.52,40.09,78.55,0.51,62.84,0.43,27.02,0.67
2024-05-28,14:45,May,Summer,V-Shape,77,308.49,32.38,39.09,78.87,0.46,63.09,0.39,24.4,0.67
2024-05-28,15:00,May,Summer,V-Shape,77,274.29,32.24,38.1,79.18,0.41,63.34,0.34,21.76,0.67
2024-05-28,15:15,May,Summer,V-Shape,77,242.71,32.02,37.08,79.5,0.36,63.6,0.3,19.31,0.67
2024-05-28,15:30,May,Summer,V-Shape,77,211.13,31.79,36.07,79.82,0.32,63.86,0.26,16.85,0.67
2024-05-28,15:45,May,Summer,V-Shape,77,179.56,31.57,35.05,80.14,0.27,64.12,0.22,14.37,0.67
2024-05-28,16:00,May,Summer,V-Shape,77,147.98,31.34,34.04,80.47,0.22,64.37,0.18,11.88,0.67
2024-05-28,16:15,May,Summer,V-Shape,77,121.29,30.95,32.98,80.8,0.18,64.64,0.15,9.77,0.67
2024-05-28,16:30,May,Summer,V-Shape,77,94.59,30.55,31.91,81.14,0.14,64.91,0.12,7.64,0.67
2024-05-28,16:45,May,Summer,V-Shape,77,67.9,30.16,30.85,81.47,0.1,65.18,0.08,5.5,0.67
2024-05-28,17:00,May,Summer,V-Shape,77,41.21,29.76,29.79,81.81,0.06,65.45,0.05,3.35,0.67
2024-05-28,17:15,May,Summer,V-Shape,77,30.91,29.37,29.14,82.02,0.05,65.61,0.04,2.52,0.67
2024-05-28,17:30,May,Summer,V-Shape,77,20.61,28.98,28.49,82.22,0.03,65.78,0.03,1.68,0.67
2024-05-28,17:45,May,Summer,V-Shape,77,10.3,28.58,27.84,82.43,0.02,65.94,0.01,0.84,0.67
2024-05-29,05:00,May,Summer,V-Shape,77,6.46,25.06,24.22,83.57,0.01,66.86,0.01,0.53,0.67
2024-05-29,05:15,May,Summer,V-Shape,77,28.63,25.28,25.0,83.33,0.04,66.66,0.04,2.36,0.67
2024-05-29,05:30,May,Summer,V-Shape,77,50.8,25.5,25.77,83.08,0.08,66.47,0.06,4.18,0.67
2024-05-29,05:45,May,Summer,V-Shape,77,72.98,25.72,26.54,82.84,0.11,66.27,0.09,5.99,0.67
2024-05-29,06:00,May,Summer,V-Shape,77,95.15,25.94,27.32,82.59,0.14,66.08,0.12,7.79,0.67
2024-05-29,06:15,May,Summer,V-Shape,77,131.72,26.34,28.64,82.18,0.2,65.74,0.16,10.74,0.67
2024-05-29,06:30,May,Summer,V-Shape,77,168.29,26.75,29.96,81.76,0.25,65.41,0.21,13.67,0.67
2024-05-29,06:45,May,Summer,V-Shape,77,204.86,27.16,31.28,81.34,0.3,65.07,0.25,16.58,0.67
2024-05-29,07:00,May,Summer,V-Shape,77,241.43,27.56,32.6,80.92,0.36,64.74,0.3,19.47,0.67
2024-05-29,07:15,May,Summer,V-Shape,77,284.92,28.16,34.28,80.39,0.42,64.31,0.36,22.86,0.67
2024-05-29,07:30,May,Summer,V-Shape,77,328.41,28.75,35.96,79.86,0.49,63.89,0.41,26.22,0.67
2024-05-29,07:45,May,Summer,V-Shape,77,371.91,29.34,37.64,79.32,0.56,63.46,0.47,29.54,0.67
2024-05-29,08:00,May,Summer,V-Shape,77,415.4,29.94,39.33,78.79,0.62,63.03,0.52,32.83,0.67
2024-05-29,08:15,May,Summer,V-Shape,77,459.8,30.52,41.01,78.26,0.69,62.61,0.58,36.15,0.67
2024-05-29,08:30,May,Summer,V-Shape,77,504.19,31.09,42.69,77.72,0.76,62.18,0.63,39.44,0.67
2024-05-29,08:45,May,Summer,V-Shape,77,548.59,31.67,44.38,77.19,0.83,61.75,0.69,42.69,0.67
2024-05-29,09:00,May,Summer,V-Shape,77,592.99,32.24,46.06,76.66,0.89,61.33,0.75,45.9,0.67
2024-05-29,09:15,May,Summer,V-Shape,77,614.56,32.68,47.04,76.35,0.93,61.08,0.78,47.42,0.67
2024-05-29,09:30,May,Summer,V-Shape,77,636.13,33.12,48.02,76.04,0.96,60.83,0.8,48.94,0.67
2024-05-29,09:45,May,Summer,V-Shape,77,657.7,33.55,48.99,75.73,0.99,60.58,0.83,50.44,0.67
2024-05-29,10:00,May,Summer,V-Shape,77,679.27,33.99,49.97,75.42,1.03,60.34,0.86,51.93,0.67
2024-05-29,10:15,May,Summer,V-Shape,77,687.56,34.31,50.5,75.25,1.04,60.2,0.87,52.47,0.67
2024-05-29,10:30,May,Summer,V-Shape,77,695.85,34.62,51.02,75.09,1.05,60.07,0.88,53.02,0.67
2024-05-29,10:45,May,Summer,V-Shape,77,704.14,34.94,51.55,74.92,1.07,59.94,0.89,53.56,0.67
2024-05-29,11:00,May,Summer,V-Shape,77,712.43,35.26,52.07,74.76,1.08,59.8,0.9,54.09,0.67
2024-05-29,11:15,May,Summer,V-Shape,77,708.18,35.43,52.13,74.74,1.07,59.79,0.9,53.76,0.67
2024-05-29,11:30,May,Summer,V-Shape,77,703.94,35.6,52.2,74.72,1.07,59.77,0.89,53.43,0.67
2024-05-29,11:45,May,Summer,V-Shape,77,699.69,35.77,52.26,74.7,1.06,59.76,0.89,53.09,0.67
2024-05-29,12:00,May,Summer,V-Shape,77,695.45,35.94,52.33,74.68,1.05,59.74,0.88,52.76,0.67
2024-05-29,12:15,May,Summer,V-Shape,77,686.3,35.94,52.1,74.75,1.04,59.8,0.87,52.11,0.67
2024-05-29,12:30,May,Summer,V-Shape,77,677.16,35.94,51.87,74.82,1.03,59.86,0.86,51.45,0.67
2024-05-29,12:45,May,Summer,V-Shape,77,668.02,35.94,51.64,74.89,1.01,59.91,0.85,50.79,0.67
2024-05-29,13:00,May,Summer,V-Shape,77,658.88,35.94,51.41,74.96,1.0,59.97,0.84,50.14,0.67
2024-05-29,13:15,May,Summer,V-Shape,77,625.07,35.83,50.46,75.27,0.95,60.21,0.79,47.71,0.67
2024-05-29,13:30,May,Summer,V-Shape,77,591.27,35.72,49.51,75.57,0.89,60.45,0.75,45.27,0.67
2024-05-29,13:45,May,Summer,V-Shape,77,557.47,35.62,48.55,75.87,0.84,60.7,0.71,42.81,0.67
2024-05-29,14:00,May,Summer,V-Shape,77,523.67,35.51,47.6,76.17,0.79,60.94,0.66,40.34,0.67
2024-05-29,14:15,May,Summer,V-Shape,77,484.72,35.34,46.45,76.53,0.73,61.23,0.61,37.47,0.67
2024-05-29,14:30,May,Summer,V-Shape,77,445.78,35.16,45.3,76.9,0.67,61.52,0.56,34.59,0.67
2024-05-29,14:45,May,Summer,V-Shape,77,406.84,34.98,44.16,77.26,0.61,61.81,0.51,31.68,0.67
2024-05-29,15:00,May,Summer,V-Shape,77,367.9,34.81,43.01,77.63,0.55,62.1,0.46,28.75,0.67
2024-05-29,15:15,May,Summer,V-Shape,77,324.24,34.53,41.64,78.06,0.49,62.45,0.41,25.45,0.67
2024-05-29,15:30,May,Summer,V-Shape,77,280.58,34.25,40.26,78.49,0.42,62.8,0.35,22.11,0.67
2024-05-29,15:45,May,Summer,V-Shape,77,236.91,33.97,38.89,78.93,0.35,63.14,0.3,18.75,0.67
2024-05-29,16:00,May,Summer,V-Shape,77,193.25,33.69,37.52,79.36,0.29,63.49,0.24,15.36,0.67
2024-05-29,16:15,May,Summer,V-Shape,77,156.27,33.2,36.1,79.81,0.23,63.85,0.2,12.47,0.67
2024-05-29,16:30,May,Summer,V-Shape,77,119.28,32.7,34.69,80.26,0.18,64.21,0.15,9.56,0.67
2024-05-29,16:45,May,Summer,V-Shape,77,82.29,32.21,33.27,80.71,0.12,64.57,0.1,6.62,0.67
2024-05-29,17:00,May,Summer,V-Shape,77,45.31,31.72,31.85,81.16,0.07,64.93,0.06,3.66,0.67
2024-05-29,17:15,May,Summer,V-Shape,77,33.98,31.22,31.07,81.41,0.05,65.12,0.04,2.75,0.67
2024-05-29,17:30,May,Summer,V-Shape,77,22.65,30.72,30.29,81.65,0.03,65.32,0.03,1.84,0.67
2024-05-29,17:45,May,Summer,V-Shape,77,11.33,30.22,29.5,81.9,0.02,65.52,0.01,0.92,0.67
2024-05-30,05:00,May,Summer,V-Shape,77,6.37,25.25,24.41,83.52,0.01,66.81,0.01,0.53,0.67
2024-05-30,05:15,May,Summer,V-Shape,77,27.29,25.45,25.13,83.29,0.04,66.63,0.03,2.25,0.67
2024-05-30,05:30,May,Summer,V-Shape,77,48.21,25.64,25.85,83.06,0.07,66.45,0.06,3.96,0.67
2024-05-30,05:45,May,Summer,V-Shape,77,69.12,25.84,26.57,82.83,0.1,66.26,0.09,5.67,0.67
2024-05-30,06:00,May,Summer,V-Shape,77,90.04,26.04,27.29,82.6,0.13,66.08,0.11,7.37,0.67
2024-05-30,06:15,May,Summer,V-Shape,77,128.93,26.53,28.75,82.14,0.19,65.71,0.16,10.51,0.67
2024-05-30,06:30,May,Summer,V-Shape,77,167.83,27.02,30.21,81.68,0.25,65.34,0.21,13.63,0.67
2024-05-30,06:45,May,Summer,V-Shape,77,206.73,27.5,31.67,81.22,0.31,64.97,0.26,16.71,0.67
2024-05-30,07:00,May,Summer,V-Shape,77,245.63,27.99,33.13,80.75,0.37,64.6,0.31,19.77,0.67
2024-05-30,07:15,May,Summer,V-Shape,77,287.36,28.75,34.93,80.18,0.43,64.15,0.36,23.01,0.67
2024-05-30,07:30,May,Summer,V-Shape,77,329.1,29.51,36.74,79.61,0.49,63.69,0.41,26.21,0.67
2024-05-30,07:45,May,Summer,V-Shape,77,370.83,30.27,38.54,79.04,0.55,63.23,0.46,29.38,0.67
2024-05-30,08:00,May,Summer,V-Shape,77,412.57,31.03,40.34,78.47,0.62,62.78,0.52,32.51,0.67
2024-05-30,08:15,May,Summer,V-Shape,77,450.66,31.62,41.89,77.98,0.68,62.38,0.57,35.34,0.67
2024-05-30,08:30,May,Summer,V-Shape,77,488.76,32.22,43.44,77.49,0.73,61.99,0.62,38.14,0.67
2024-05-30,08:45,May,Summer,V-Shape,77,526.86,32.81,44.99,77.0,0.79,61.6,0.66,40.92,0.67
2024-05-30,09:00,May,Summer,V-Shape,77,564.95,33.41,46.53,76.51,0.85,61.21,0.71,43.67,0.67
2024-05-30,09:15,May,Summer,V-Shape,77,597.48,33.78,47.72,76.13,0.9,60.91,0.76,46.01,0.67
2024-05-30,09:30,May,Summer,V-Shape,77,630.0,34.16,48.91,75.76,0.95,60.61,0.8,48.33,0.67
2024-05-30,09:45,May,Summer,V-Shape,77,662.52,34.53,50.1,75.38,1.0,60.3,0.84,50.63,0.67
2024-05-30,10:00,May,Summer,V-Shape,77,695.05,34.91,51.29,75.0,1.05,60.0,0.88,52.91,0.67
2024-05-30,10:15,May,Summer,V-Shape,77,708.4,35.17,51.88,74.81,1.07,59.85,0.9,53.82,0.67
2024-05-30,10:30,May,Summer,V-Shape,77,721.74,35.44,52.48,74.63,1.09,59.7,0.92,54.73,0.67
2024-05-30,10:45,May,Summer,V-Shape,77,735.09,35.7,53.08,74.44,1.12,59.55,0.93,55.63,0.67
2024-05-30,11:00,May,Summer,V-Shape,77,748.44,35.97,53.68,74.25,1.14,59.4,0.95,56.53,0.67
2024-05-30,11:15,May,Summer,V-Shape,77,735.08,36.08,53.46,74.32,1.12,59.45,0.93,55.56,0.67
2024-05-30,11:30,May,Summer,V-Shape,77,721.73,36.2,53.24,74.39,1.1,59.51,0.92,54.59,0.67
2024-05-30,11:45,May,Summer,V-Shape,77,708.37,36.31,53.02,74.46,1.07,59.57,0.9,53.62,0.67
2024-05-30,12:00,May,Summer,V-Shape,77,695.02,36.42,52.8,74.53,1.05,59.62,0.88,52.65,0.67
2024-05-30,12:15,May,Summer,V-Shape,77,702.95,36.42,53.0,74.46,1.07,59.57,0.89,53.21,0.67
2024-05-30,12:30,May,Summer,V-Shape,77,710.89,36.43,53.2,74.4,1.08,59.52,0.9,53.78,0.67
2024-05-30,12:45,May,Summer,V-Shape,77,718.82,36.44,53.41,74.33,1.09,59.47,0.91,54.34,0.67
2024-05-30,13:00,May,Summer,V-Shape,77,726.76,36.44,53.61,74.27,1.1,59.42,0.92,54.9,0.67
2024-05-30,13:15,May,Summer,V-Shape,77,681.25,36.38,52.41,74.65,1.03,59.72,0.87,51.67,0.67
2024-05-30,13:30,May,Summer,V-Shape,77,635.74,36.33,51.22,75.03,0.96,60.02,0.81,48.41,0.67
2024-05-30,13:45,May,Summer,V-Shape,77,590.23,36.27,50.02,75.4,0.89,60.32,0.75,45.11,0.67
2024-05-30,14:00,May,Summer,V-Shape,77,544.72,36.21,48.83,75.78,0.82,60.63,0.69,41.8,0.67
2024-05-30,14:15,May,Summer,V-Shape,77,503.59,36.1,47.69,76.14,0.76,60.91,0.64,38.78,0.67
2024-05-30,14:30,May,Summer,V-Shape,77,462.46,35.99,46.55,76.5,0.7,61.2,0.58,35.74,0.67
2024-05-30,14:45,May,Summer,V-Shape,77,421.33,35.88,45.41,76.86,0.63,61.49,0.53,32.68,0.67
2024-05-30,15:00,May,Summer,V-Shape,77,380.21,35.77,44.28,77.22,0.57,61.78,0.48,29.6,0.67
2024-05-30,15:15,May,Summer,V-Shape,77,334.95,35.59,42.96,77.64,0.5,62.11,0.42,26.18,0.67
2024-05-30,15:30,May,Summer,V-Shape,77,289.69,35.41,41.65,78.06,0.43,62.45,0.36,22.73,0.67
2024-05-30,15:45,May,Summer,V-Shape,77,244.44,35.22,40.33,78.47,0.37,62.78,0.31,19.26,0.67
2024-05-30,16:00,May,Summer,V-Shape,77,199.19,35.04,39.02,78.89,0.3,63.11,0.25,15.76,0.67
2024-05-30,16:15,May,Summer,V-Shape,77,160.72,34.6,37.62,79.33,0.24,63.47,0.2,12.77,0.67
2024-05-30,16:30,May,Summer,V-Shape,77,122.26,34.16,36.22,79.78,0.18,63.82,0.15,9.75,0.67
2024-05-30,16:45,May,Summer,V-Shape,77,83.79,33.72,34.81,80.22,0.12,64.18,0.1,6.71,0.67
2024-05-30,17:00,May,Summer,V-Shape,77,45.33,33.28,33.41,80.66,0.07,64.53,0.06,3.65,0.67
2024-05-30,17:15,May,Summer,V-Shape,77,34.0,32.74,32.59,80.92,0.05,64.74,0.04,2.74,0.67
2024-05-30,17:30,May,Summer,V-Shape,77,22.66,32.2,31.77,81.18,0.03,64.95,0.03,1.83,0.67
2024-05-30,17:45,May,Summer,V-Shape,77,11.33,31.67,30.95,81.44,0.02,65.15,0.01,0.92,0.67
2024-05-31,05:00,May,Summer,V-Shape,77,6.51,26.6,25.76,83.09,0.01,66.47,0.01,0.54,0.67
2024-05-31,05:15,May,Summer,V-Shape,77,28.63,26.79,26.5,82.85,0.04,66.28,0.04,2.35,0.67
2024-05-31,05:30,May,Summer,V-Shape,77,50.75,26.98,27.24,82.62,0.08,66.09,0.06,4.16,0.67
2024-05-31,05:45,May,Summer,V-Shape,77,72.87,27.16,27.98,82.38,0.11,65.91,0.09,5.95,0.67
2024-05-31,06:00,May,Summer,V-Shape,77,94.99,27.35,28.72,82.15,0.14,65.72,0.12,7.75,0.67
2024-05-31,06:15,May,Summer,V-Shape,77,131.46,27.61,29.89,81.78,0.19,65.42,0.16,10.68,0.67
2024-05-31,06:30,May,Summer,V-Shape,77,167.92,27.86,31.06,81.41,0.25,65.13,0.21,13.6,0.67
2024-05-31,06:45,May,Summer,V-Shape,77,204.39,28.12,32.22,81.04,0.3,64.83,0.25,16.5,0.67
2024-05-31,07:00,May,Summer,V-Shape,77,240.85,28.37,33.39,80.67,0.36,64.54,0.3,19.38,0.67
2024-05-31,07:15,May,Summer,V-Shape,77,300.54,28.71,35.22,80.09,0.45,64.07,0.38,24.05,0.67
2024-05-31,07:30,May,Summer,V-Shape,77,360.23,29.04,37.05,79.51,0.54,63.61,0.45,28.67,0.67
2024-05-31,07:45,May,Summer,V-Shape,77,419.92,29.38,38.87,78.94,0.63,63.15,0.53,33.23,0.67
2024-05-31,08:00,May,Summer,V-Shape,77,479.61,29.71,40.7,78.36,0.72,62.69,0.6,37.75,0.67
2024-05-31,08:15,May,Summer,V-Shape,77,524.71,30.12,42.24,77.87,0.79,62.3,0.66,41.1,0.67
2024-05-31,08:30,May,Summer,V-Shape,77,569.82,30.54,43.78,77.38,0.86,61.9,0.72,44.42,0.67
2024-05-31,08:45,May,Summer,V-Shape,77,614.92,30.95,45.32,76.89,0.93,61.51,0.78,47.71,0.67
2024-05-31,09:00,May,Summer,V-Shape,77,660.03,31.36,46.86,76.41,1.0,61.12,0.83,50.96,0.67
2024-05-31,09:15,May,Summer,V-Shape,77,663.35,31.8,47.39,76.24,1.0,60.99,0.84,51.13,0.67
2024-05-31,09:30,May,Summer,V-Shape,77,666.67,32.25,47.91,76.07,1.01,60.86,0.84,51.3,0.67
2024-05-31,09:45,May,Summer,V-Shape,77,669.99,32.69,48.44,75.91,1.01,60.73,0.85,51.47,0.67
2024-05-31,10:00,May,Summer,V-Shape,77,673.31,33.13,48.96,75.74,1.02,60.59,0.85,51.64,0.67
2024-05-31,10:15,May,Summer,V-Shape,77,675.0,33.42,49.3,75.63,1.02,60.51,0.85,51.71,0.67
2024-05-31,10:30,May,Summer,V-Shape,77,676.68,33.72,49.63,75.53,1.02,60.42,0.86,51.79,0.67
2024-05-31,10:45,May,Summer,V-Shape,77,678.37,34.01,49.97,75.42,1.03,60.34,0.86,51.86,0.67
2024-05-31,11:00,May,Summer,V-Shape,77,680.05,34.3,50.3,75.32,1.03,60.25,0.86,51.93,0.67
2024-05-31,11:15,May,Summer,V-Shape,77,667.57,34.42,50.11,75.38,1.01,60.3,0.85,51.01,0.67
2024-05-31,11:30,May,Summer,V-Shape,77,655.09,34.55,49.93,75.43,0.99,60.35,0.83,50.09,0.67
2024-05-31,11:45,May,Summer,V-Shape,77,642.61,34.67,49.74,75.49,0.97,60.4,0.81,49.16,0.67
2024-05-31,12:00,May,Summer,V-Shape,77,630.13,34.8,49.55,75.55,0.95,60.44,0.8,48.24,0.67
2024-05-31,12:15,May,Summer,V-Shape,77,612.38,34.85,49.16,75.68,0.93,60.54,0.78,46.94,0.67
2024-05-31,12:30,May,Summer,V-Shape,77,594.63,34.89,48.76,75.8,0.9,60.64,0.75,45.63,0.67
2024-05-31,12:45,May,Summer,V-Shape,77,576.88,34.94,48.36,75.93,0.87,60.74,0.73,44.33,0.67
2024-05-31,13:00,May,Summer,V-Shape,77,559.12,34.99,47.97,76.06,0.84,60.84,0.71,43.02,0.67
2024-05-31,13:15,May,Summer,V-Shape,77,552.62,34.97,47.78,76.11,0.83,60.89,0.7,42.54,0.67
2024-05-31,13:30,May,Summer,V-Shape,77,546.12,34.95,47.6,76.17,0.82,60.94,0.69,42.07,0.67
2024-05-31,13:45,May,Summer,V-Shape,77,539.62,34.92,47.41,76.23,0.81,60.98,0.68,41.59,0.67
2024-05-31,14:00,May,Summer,V-Shape,77,533.12,34.9,47.23,76.29,0.8,61.03,0.67,41.11,0.67
2024-05-31,14:15,May,Summer,V-Shape,77,496.71,34.84,46.26,76.6,0.75,61.28,0.63,38.42,0.67
2024-05-31,14:30,May,Summer,V-Shape,77,460.31,34.78,45.29,76.9,0.69,61.52,0.58,35.72,0.67
2024-05-31,14:45,May,Summer,V-Shape,77,423.91,34.73,44.33,77.21,0.64,61.77,0.53,32.99,0.67
2024-05-31,15:00,May,Summer,V-Shape,77,387.5,34.67,43.36,77.52,0.58,62.01,0.49,30.25,0.67
2024-05-31,15:15,May,Summer,V-Shape,77,338.39,34.53,41.99,77.95,0.51,62.36,0.43,26.53,0.67
2024-05-31,15:30,May,Summer,V-Shape,77,289.28,34.39,40.62,78.38,0.43,62.71,0.36,22.77,0.67
2024-05-31,15:45,May,Summer,V-Shape,77,240.16,34.25,39.25,78.81,0.36,63.05,0.3,18.99,0.67
2024-05-31,16:00,May,Summer,V-Shape,77,191.05,34.11,37.89,79.25,0.29,63.4,0.24,15.17,0.67
2024-05-31,16:15,May,Summer,V-Shape,77,154.06,33.69,36.54,79.67,0.23,63.74,0.19,12.28,0.67
2024-05-31,16:30,May,Summer,V-Shape,77,117.08,33.26,35.19,80.1,0.17,64.08,0.15,9.37,0.67
2024-05-31,16:45,May,Summer,V-Shape,77,80.09,32.83,33.84,80.53,0.12,64.42,0.1,6.43,0.67
2024-05-31,17:00,May,Summer,V-Shape,77,43.1,32.41,32.49,80.96,0.06,64.77,0.05,3.48,0.67
2024-05-31,17:15,May,Summer,V-Shape,77,32.33,31.89,31.7,81.21,0.05,64.97,0.04,2.61,0.67
2024-05-31,17:30,May,Summer,V-Shape,77,21.55,31.37,30.91,81.46,0.03,65.17,0.03,1.75,0.67
2024-05-31,17:45,May,Summer,V-Shape,77,10.78,30.85,30.12,81.71,0.02,65.37,0.01,0.88,0.67
2024-06-01,05:00,June,Summer,V-Shape,77,5.48,26.73,25.87,83.05,0.01,66.44,0.01,0.45,0.67
2024-06-01,05:15,June,Summer,V-Shape,77,28.33,26.94,26.65,82.81,0.04,66.24,0.04,2.32,0.67
2024-06-01,05:30,June,Summer,V-Shape,77,51.17,27.15,27.43,82.56,0.08,66.05,0.06,4.19,0.67
2024-06-01,05:45,June,Summer,V-Shape,77,74.02,27.36,28.21,82.31,0.11,65.85,0.09,6.04,0.67
2024-06-01,06:00,June,Summer,V-Shape,77,96.86,27.57,28.99,82.06,0.14,65.65,0.12,7.89,0.67
2024-06-01,06:15,June,Summer,V-Shape,77,138.51,27.9,30.36,81.63,0.21,65.3,0.17,11.24,0.67
2024-06-01,06:30,June,Summer,V-Shape,77,180.15,28.23,31.73,81.2,0.27,64.96,0.22,14.56,0.67
2024-06-01,06:45,June,Summer,V-Shape,77,221.8,28.55,33.1,80.76,0.33,64.61,0.28,17.86,0.67
2024-06-01,07:00,June,Summer,V-Shape,77,263.44,28.88,34.47,80.33,0.39,64.26,0.33,21.13,0.67
2024-06-01,07:15,June,Summer,V-Shape,77,311.03,29.37,36.14,79.8,0.46,63.84,0.39,24.82,0.67
2024-06-01,07:30,June,Summer,V-Shape,77,358.61,29.85,37.82,79.27,0.54,63.41,0.45,28.47,0.67
2024-06-01,07:45,June,Summer,V-Shape,77,406.2,30.34,39.5,78.74,0.61,62.99,0.51,32.09,0.67
2024-06-01,08:00,June,Summer,V-Shape,77,453.78,30.83,41.17,78.21,0.68,62.57,0.57,35.66,0.67
2024-06-01,08:15,June,Summer,V-Shape,77,484.37,31.23,42.34,77.84,0.73,62.27,0.61,37.93,0.67
2024-06-01,08:30,June,Summer,V-Shape,77,514.97,31.62,43.5,77.47,0.77,61.98,0.65,40.18,0.67
2024-06-01,08:45,June,Summer,V-Shape,77,545.56,32.02,44.66,77.1,0.82,61.68,0.69,42.42,0.67
2024-06-01,09:00,June,Summer,V-Shape,77,576.16,32.42,45.82,76.73,0.87,61.39,0.73,44.63,0.67
2024-06-01,09:15,June,Summer,V-Shape,77,608.96,32.68,46.9,76.39,0.92,61.11,0.77,47.01,0.67
2024-06-01,09:30,June,Summer,V-Shape,77,641.77,32.94,47.98,76.05,0.97,60.84,0.81,49.38,0.67
2024-06-01,09:45,June,Summer,V-Shape,77,674.58,33.2,49.06,75.71,1.02,60.57,0.85,51.72,0.67
2024-06-01,10:00,June,Summer,V-Shape,77,707.39,33.46,50.14,75.37,1.07,60.29,0.9,54.05,0.67
2024-06-01,10:15,June,Summer,V-Shape,77,707.53,33.6,50.29,75.32,1.07,60.26,0.9,54.03,0.67
2024-06-01,10:30,June,Summer,V-Shape,77,707.67,33.74,50.43,75.28,1.07,60.22,0.9,54.02,0.67
2024-06-01,10:45,June,Summer,V-Shape,77,707.82,33.88,50.58,75.23,1.07,60.18,0.9,54.01,0.67
2024-06-01,11:00,June,Summer,V-Shape,77,707.96,34.02,50.72,75.18,1.07,60.15,0.9,53.99,0.67
2024-06-01,11:15,June,Summer,V-Shape,77,710.59,34.1,50.86,75.14,1.08,60.11,0.9,54.17,0.67
2024-06-01,11:30,June,Summer,V-Shape,77,713.21,34.18,51.01,75.09,1.08,60.07,0.9,54.34,0.67
2024-06-01,11:45,June,Summer,V-Shape,77,715.84,34.26,51.16,75.05,1.08,60.04,0.91,54.51,0.67
2024-06-01,12:00,June,Summer,V-Shape,77,718.46,34.34,51.3,75.0,1.09,60.0,0.91,54.69,0.67
2024-06-01,12:15,June,Summer,V-Shape,77,693.46,34.41,50.74,75.18,1.05,60.14,0.88,52.88,0.67
2024-06-01,12:30,June,Summer,V-Shape,77,668.46,34.47,50.18,75.35,1.01,60.28,0.85,51.07,0.67
2024-06-01,12:45,June,Summer,V-Shape,77,643.45,34.54,49.62,75.53,0.97,60.43,0.81,49.25,0.67
2024-06-01,13:00,June,Summer,V-Shape,77,618.45,34.6,49.06,75.71,0.93,60.57,0.78,47.42,0.67
2024-06-01,13:15,June,Summer,V-Shape,77,562.69,34.59,47.65,76.15,0.85,60.92,0.71,43.34,0.67
2024-06-01,13:30,June,Summer,V-Shape,77,506.93,34.58,46.25,76.6,0.76,61.28,0.64,39.22,0.67
2024-06-01,13:45,June,Summer,V-Shape,77,451.17,34.56,44.84,77.05,0.68,61.64,0.57,35.06,0.67
2024-06-01,14:00,June,Summer,V-Shape,77,395.41,34.55,43.44,77.49,0.59,61.99,0.5,30.86,0.67
2024-06-01,14:15,June,Summer,V-Shape,77,307.95,34.47,41.17,78.21,0.46,62.57,0.39,24.2,0.67
2024-06-01,14:30,June,Summer,V-Shape,77,220.49,34.4,38.91,78.92,0.33,63.14,0.28,17.45,0.67
2024-06-01,14:45,June,Summer,V-Shape,77,133.03,34.33,36.65,79.64,0.2,63.71,0.17,10.6,0.67
2024-06-01,15:00,June,Summer,V-Shape,77,45.57,34.25,34.39,80.35,0.07,64.28,0.06,3.66,0.67
2024-06-01,15:15,June,Summer,V-Shape,77,39.68,34.05,34.04,80.46,0.06,64.37,0.05,3.19,0.67
2024-06-01,15:30,June,Summer,V-Shape,77,33.78,33.86,33.7,80.57,0.05,64.46,0.04,2.72,0.67
2024-06-01,15:45,June,Summer,V-Shape,77,27.89,33.66,33.35,80.68,0.04,64.55,0.03,2.24,0.67
2024-06-01,16:00,June,Summer,V-Shape,77,22.0,33.46,33.01,80.79,0.03,64.63,0.03,1.77,0.67
2024-06-01,16:15,June,Summer,V-Shape,77,17.53,33.03,32.47,80.96,0.03,64.77,0.02,1.41,0.67
2024-06-01,16:30,June,Summer,V-Shape,77,13.06,32.61,31.93,81.13,0.02,64.91,0.02,1.05,0.67
2024-06-01,16:45,June,Summer,V-Shape,77,8.59,32.18,31.39,81.3,0.01,65.04,0.01,0.69,0.67
2024-06-02,05:00,June,Summer,V-Shape,77,6.3,26.01,25.17,83.27,0.01,66.62,0.01,0.52,0.67
2024-06-02,05:15,June,Summer,V-Shape,77,28.75,26.21,25.93,83.03,0.04,66.43,0.04,2.36,0.67
2024-06-02,05:30,June,Summer,V-Shape,77,51.2,26.41,26.7,82.79,0.08,66.23,0.06,4.2,0.67
2024-06-02,05:45,June,Summer,V-Shape,77,73.65,26.62,27.46,82.55,0.11,66.04,0.09,6.03,0.67
2024-06-02,06:00,June,Summer,V-Shape,77,96.11,26.82,28.22,82.31,0.14,65.85,0.12,7.85,0.67
2024-06-02,06:15,June,Summer,V-Shape,77,136.76,27.07,29.49,81.91,0.2,65.52,0.17,11.13,0.67
2024-06-02,06:30,June,Summer,V-Shape,77,177.41,27.32,30.76,81.5,0.26,65.2,0.22,14.38,0.67
2024-06-02,06:45,June,Summer,V-Shape,77,218.07,27.58,32.03,81.1,0.32,64.88,0.27,17.61,0.67
2024-06-02,07:00,June,Summer,V-Shape,77,258.72,27.83,33.3,80.7,0.39,64.56,0.32,20.82,0.67
2024-06-02,07:15,June,Summer,V-Shape,77,301.06,28.36,34.89,80.2,0.45,64.16,0.38,24.11,0.67
2024-06-02,07:30,June,Summer,V-Shape,77,343.4,28.9,36.49,79.69,0.51,63.75,0.43,27.37,0.67
2024-06-02,07:45,June,Summer,V-Shape,77,385.74,29.43,38.08,79.19,0.58,63.35,0.48,30.6,0.67
2024-06-02,08:00,June,Summer,V-Shape,77,428.08,29.97,39.67,78.68,0.64,62.95,0.54,33.8,0.67
2024-06-02,08:15,June,Summer,V-Shape,77,473.37,30.48,41.31,78.16,0.71,62.53,0.59,37.19,0.67
2024-06-02,08:30,June,Summer,V-Shape,77,518.65,30.99,42.96,77.64,0.78,62.11,0.65,40.54,0.67
2024-06-02,08:45,June,Summer,V-Shape,77,563.93,31.5,44.6,77.12,0.85,61.7,0.71,43.85,0.67
2024-06-02,09:00,June,Summer,V-Shape,77,609.21,32.01,46.24,76.6,0.92,61.28,0.77,47.13,0.67
2024-06-02,09:15,June,Summer,V-Shape,77,650.93,32.22,47.5,76.2,0.98,60.96,0.82,50.16,0.67
2024-06-02,09:30,June,Summer,V-Shape,77,692.66,32.44,48.76,75.81,1.05,60.64,0.88,53.16,0.67
2024-06-02,09:45,June,Summer,V-Shape,77,734.38,32.66,50.01,75.41,1.11,60.33,0.93,56.13,0.67
2024-06-02,10:00,June,Summer,V-Shape,77,776.11,32.87,51.27,75.01,1.18,60.01,0.98,59.08,0.67
2024-06-02,10:15,June,Summer,V-Shape,77,793.06,32.85,51.67,74.88,1.2,59.91,1.01,60.29,0.67
2024-06-02,10:30,June,Summer,V-Shape,77,810.02,32.83,52.08,74.75,1.23,59.8,1.03,61.5,0.67
2024-06-02,10:45,June,Summer,V-Shape,77,826.98,32.8,52.48,74.63,1.25,59.7,1.05,62.71,0.67
2024-06-02,11:00,June,Summer,V-Shape,77,843.94,32.78,52.88,74.5,1.28,59.6,1.07,63.91,0.67
2024-06-02,11:15,June,Summer,V-Shape,77,824.94,32.71,52.33,74.67,1.25,59.74,1.05,62.58,0.67
2024-06-02,11:30,June,Summer,V-Shape,77,805.94,32.64,51.79,74.85,1.22,59.88,1.02,61.25,0.67
2024-06-02,11:45,June,Summer,V-Shape,77,786.95,32.57,51.24,75.02,1.19,60.01,1.0,59.91,0.67
2024-06-02,12:00,June,Summer,V-Shape,77,767.95,32.5,50.7,75.19,1.16,60.15,0.97,58.57,0.67
2024-06-02,12:15,June,Summer,V-Shape,77,743.65,32.41,50.0,75.41,1.13,60.33,0.94,56.85,0.67
2024-06-02,12:30,June,Summer,V-Shape,77,719.34,32.31,49.29,75.64,1.09,60.51,0.91,55.11,0.67
2024-06-02,12:45,June,Summer,V-Shape,77,695.04,32.21,48.59,75.86,1.05,60.69,0.88,53.37,0.67
2024-06-02,13:00,June,Summer,V-Shape,77,670.74,32.12,47.89,76.08,1.01,60.86,0.85,51.62,0.67
2024-06-02,13:15,June,Summer,V-Shape,77,631.67,32.06,46.86,76.41,0.95,61.13,0.8,48.77,0.67
2024-06-02,13:30,June,Summer,V-Shape,77,592.59,32.01,45.82,76.73,0.89,61.39,0.75,45.9,0.67
2024-06-02,13:45,June,Summer,V-Shape,77,553.52,31.95,44.79,77.06,0.83,61.65,0.7,43.02,0.67
2024-06-02,14:00,June,Summer,V-Shape,77,514.45,31.9,43.76,77.39,0.77,61.91,0.65,40.11,0.67
2024-06-02,14:15,June,Summer,V-Shape,77,426.16,31.87,41.52,78.1,0.64,62.48,0.54,33.46,0.67
2024-06-02,14:30,June,Summer,V-Shape,77,337.86,31.84,39.29,78.8,0.51,63.04,0.42,26.71,0.67
2024-06-02,14:45,June,Summer,V-Shape,77,249.57,31.81,37.05,79.51,0.37,63.61,0.31,19.86,0.67
2024-06-02,15:00,June,Summer,V-Shape,77,161.28,31.78,34.81,80.22,0.24,64.18,0.2,12.92,0.67
2024-06-02,15:15,June,Summer,V-Shape,77,138.26,31.64,34.1,80.45,0.21,64.36,0.17,11.1,0.67
2024-06-02,15:30,June,Summer,V-Shape,77,115.24,31.5,33.38,80.67,0.17,64.54,0.14,9.27,0.67
2024-06-02,15:45,June,Summer,V-Shape,77,92.22,31.36,32.67,80.9,0.14,64.72,0.11,7.43,0.67
2024-06-02,16:00,June,Summer,V-Shape,77,69.2,31.22,31.95,81.13,0.1,64.9,0.09,5.59,0.67
2024-06-02,16:15,June,Summer,V-Shape,77,54.7,30.87,31.24,81.35,0.08,65.08,0.07,4.43,0.67
2024-06-02,16:30,June,Summer,V-Shape,77,40.2,30.52,30.53,81.58,0.06,65.26,0.05,3.26,0.67
2024-06-02,16:45,June,Summer,V-Shape,77,25.71,30.18,29.82,81.8,0.04,65.44,0.03,2.09,0.67
2024-06-02,17:00,June,Summer,V-Shape,77,11.21,29.83,29.11,82.03,0.02,65.62,0.01,0.91,0.67
2024-06-02,17:15,June,Summer,V-Shape,77,8.41,29.46,28.67,82.17,0.01,65.73,0.01,0.69,0.67
2024-06-02,17:30,June,Summer,V-Shape,77,5.61,29.09,28.23,82.31,0.01,65.85,0.01,0.46,0.67
2024-06-03,05:00,June,Summer,V-Shape,77,6.04,25.57,24.72,83.42,0.01,66.73,0.01,0.5,0.67
2024-06-03,05:15,June,Summer,V-Shape,77,28.42,25.75,25.47,83.18,0.04,66.54,0.04,2.34,0.67
2024-06-03,05:30,June,Summer,V-Shape,77,50.81,25.94,26.21,82.94,0.08,66.36,0.06,4.17,0.67
2024-06-03,05:45,June,Summer,V-Shape,77,73.2,26.12,26.95,82.71,0.11,66.17,0.09,6.0,0.67
2024-06-03,06:00,June,Summer,V-Shape,77,95.58,26.31,27.7,82.47,0.14,65.98,0.12,7.82,0.67
2024-06-03,06:15,June,Summer,V-Shape,77,133.41,26.66,29.0,82.06,0.2,65.65,0.17,10.87,0.67
2024-06-03,06:30,June,Summer,V-Shape,77,171.23,27.01,30.29,81.65,0.25,65.32,0.21,13.9,0.67
2024-06-03,06:45,June,Summer,V-Shape,77,209.05,27.36,31.59,81.24,0.31,64.99,0.26,16.91,0.67
2024-06-03,07:00,June,Summer,V-Shape,77,246.88,27.71,32.88,80.83,0.37,64.67,0.31,19.89,0.67
2024-06-03,07:15,June,Summer,V-Shape,77,284.51,28.14,34.26,80.4,0.42,64.32,0.35,22.83,0.67
2024-06-03,07:30,June,Summer,V-Shape,77,322.14,28.58,35.63,79.96,0.48,63.97,0.4,25.74,0.67
2024-06-03,07:45,June,Summer,V-Shape,77,359.77,29.01,37.0,79.53,0.54,63.62,0.45,28.63,0.67
2024-06-03,08:00,June,Summer,V-Shape,77,397.4,29.44,38.38,79.09,0.59,63.27,0.5,31.5,0.67
2024-06-03,08:15,June,Summer,V-Shape,77,431.7,29.86,39.65,78.69,0.65,62.95,0.54,34.09,0.67
2024-06-03,08:30,June,Summer,V-Shape,77,466.01,30.27,40.92,78.29,0.7,62.63,0.59,36.65,0.67
2024-06-03,08:45,June,Summer,V-Shape,77,500.31,30.69,42.19,77.88,0.75,62.31,0.63,39.2,0.67
2024-06-03,09:00,June,Summer,V-Shape,77,534.61,31.1,43.47,77.48,0.8,61.98,0.67,41.72,0.67
2024-06-03,09:15,June,Summer,V-Shape,77,548.87,31.4,44.12,77.27,0.83,61.82,0.69,42.75,0.67
2024-06-03,09:30,June,Summer,V-Shape,77,563.14,31.69,44.77,77.07,0.85,61.65,0.71,43.77,0.67
2024-06-03,09:45,June,Summer,V-Shape,77,577.41,31.98,45.42,76.86,0.87,61.49,0.73,44.79,0.67
2024-06-03,10:00,June,Summer,V-Shape,77,591.68,32.28,46.07,76.66,0.89,61.32,0.75,45.8,0.67
2024-06-03,10:15,June,Summer,V-Shape,77,610.68,32.51,46.78,76.43,0.92,61.15,0.77,47.16,0.67
2024-06-03,10:30,June,Summer,V-Shape,77,629.69,32.75,47.49,76.21,0.95,60.97,0.8,48.52,0.67
2024-06-03,10:45,June,Summer,V-Shape,77,648.69,32.98,48.19,75.98,0.98,60.79,0.82,49.87,0.67
2024-06-03,11:00,June,Summer,V-Shape,77,667.7,33.21,48.9,75.76,1.01,60.61,0.85,51.22,0.67
2024-06-03,11:15,June,Summer,V-Shape,77,653.55,33.32,48.66,75.84,0.99,60.67,0.83,50.17,0.67
2024-06-03,11:30,June,Summer,V-Shape,77,639.41,33.43,48.42,75.91,0.97,60.73,0.81,49.13,0.67
2024-06-03,11:45,June,Summer,V-Shape,77,625.27,33.54,48.17,75.99,0.94,60.79,0.79,48.08,0.67
2024-06-03,12:00,June,Summer,V-Shape,77,611.13,33.65,47.93,76.07,0.92,60.85,0.77,47.03,0.67
2024-06-03,12:15,June,Summer,V-Shape,77,594.18,33.72,47.57,76.18,0.9,60.94,0.75,45.77,0.67
2024-06-03,12:30,June,Summer,V-Shape,77,577.24,33.79,47.22,76.29,0.87,61.03,0.73,44.52,0.67
2024-06-03,12:45,June,Summer,V-Shape,77,560.29,33.86,46.87,76.4,0.85,61.12,0.71,43.26,0.67
2024-06-03,13:00,June,Summer,V-Shape,77,543.34,33.93,46.51,76.52,0.82,61.21,0.69,42.0,0.67
2024-06-03,13:15,June,Summer,V-Shape,77,517.18,33.94,45.86,76.72,0.78,61.38,0.65,40.06,0.67
2024-06-03,13:30,June,Summer,V-Shape,77,491.02,33.94,45.22,76.93,0.74,61.54,0.62,38.11,0.67
2024-06-03,13:45,June,Summer,V-Shape,77,464.85,33.95,44.57,77.13,0.7,61.71,0.59,36.15,0.67
2024-06-03,14:00,June,Summer,V-Shape,77,438.69,33.95,43.92,77.34,0.66,61.87,0.55,34.19,0.67
2024-06-03,14:15,June,Summer,V-Shape,77,402.59,33.9,42.96,77.64,0.6,62.11,0.51,31.47,0.67
2024-06-03,14:30,June,Summer,V-Shape,77,366.49,33.84,42.01,77.94,0.55,62.35,0.46,28.73,0.67
2024-06-03,14:45,June,Summer,V-Shape,77,330.39,33.79,41.05,78.25,0.5,62.6,0.41,25.97,0.67
2024-06-03,15:00,June,Summer,V-Shape,77,294.28,33.74,40.1,78.55,0.44,62.84,0.37,23.2,0.67
2024-06-03,15:15,June,Summer,V-Shape,77,260.68,33.56,39.08,78.87,0.39,63.1,0.33,20.62,0.67
2024-06-03,15:30,June,Summer,V-Shape,77,227.07,33.39,38.07,79.19,0.34,63.35,0.28,18.02,0.67
2024-06-03,15:45,June,Summer,V-Shape,77,193.47,33.22,37.05,79.51,0.29,63.61,0.24,15.4,0.67
2024-06-03,16:00,June,Summer,V-Shape,77,159.86,33.04,36.04,79.83,0.24,63.87,0.2,12.76,0.67
2024-06-03,16:15,June,Summer,V-Shape,77,130.02,32.69,34.94,80.18,0.19,64.14,0.16,10.41,0.67
2024-06-03,16:30,June,Summer,V-Shape,77,100.19,32.34,33.84,80.53,0.15,64.42,0.12,8.05,0.67
2024-06-03,16:45,June,Summer,V-Shape,77,70.35,31.98,32.74,80.88,0.1,64.7,0.09,5.67,0.67
2024-06-03,17:00,June,Summer,V-Shape,77,40.51,31.63,31.64,81.22,0.06,64.98,0.05,3.28,0.67
2024-06-03,17:15,June,Summer,V-Shape,77,30.38,31.17,30.93,81.45,0.05,65.16,0.04,2.46,0.67
2024-06-03,17:30,June,Summer,V-Shape,77,20.25,30.7,30.21,81.68,0.03,65.34,0.03,1.64,0.67
2024-06-03,17:45,June,Summer,V-Shape,77,10.13,30.24,29.5,81.9,0.02,65.52,0.01,0.82,0.67
2024-06-04,04:45,June,Summer,V-Shape,77,5.59,26.01,25.15,83.28,0.01,66.63,0.01,0.46,0.67
2024-06-04,05:00,June,Summer,V-Shape,77,7.46,25.99,25.18,83.27,0.01,66.62,0.01,0.61,0.67
2024-06-04,05:15,June,Summer,V-Shape,77,34.85,26.17,26.04,83.0,0.05,66.4,0.04,2.86,0.67
2024-06-04,05:30,June,Summer,V-Shape,77,62.25,26.34,26.9,82.73,0.09,66.18,0.08,5.1,0.67
2024-06-04,05:45,June,Summer,V-Shape,77,89.65,26.52,27.76,82.45,0.13,65.96,0.11,7.33,0.67
2024-06-04,06:00,June,Summer,V-Shape,77,117.04,26.7,28.63,82.18,0.17,65.74,0.15,9.55,0.67
2024-06-04,06:15,June,Summer,V-Shape,77,160.38,27.01,30.02,81.74,0.24,65.39,0.2,13.03,0.67
2024-06-04,06:30,June,Summer,V-Shape,77,203.71,27.32,31.42,81.3,0.3,65.04,0.25,16.48,0.67
2024-06-04,06:45,June,Summer,V-Shape,77,247.04,27.64,32.81,80.85,0.37,64.68,0.31,19.91,0.67
2024-06-04,07:00,June,Summer,V-Shape,77,290.38,27.95,34.21,80.41,0.43,64.33,0.36,23.3,0.67
2024-06-04,07:15,June,Summer,V-Shape,77,336.3,28.41,35.82,79.9,0.5,63.92,0.42,26.86,0.67
2024-06-04,07:30,June,Summer,V-Shape,77,382.22,28.87,37.43,79.39,0.57,63.51,0.48,30.38,0.67
2024-06-04,07:45,June,Summer,V-Shape,77,428.13,29.33,39.03,78.88,0.64,63.11,0.54,33.87,0.67
2024-06-04,08:00,June,Summer,V-Shape,77,474.05,29.79,40.64,78.38,0.71,62.7,0.6,37.32,0.67
2024-06-04,08:15,June,Summer,V-Shape,77,515.87,30.21,42.11,77.91,0.77,62.33,0.65,40.43,0.67
2024-06-04,08:30,June,Summer,V-Shape,77,557.69,30.64,43.58,77.44,0.84,61.96,0.7,43.5,0.67
2024-06-04,08:45,June,Summer,V-Shape,77,599.5,31.06,45.05,76.98,0.9,61.58,0.76,46.55,0.67
2024-06-04,09:00,June,Summer,V-Shape,77,641.32,31.49,46.52,76.51,0.97,61.21,0.81,49.57,0.67
2024-06-04,09:15,June,Summer,V-Shape,77,671.99,31.76,47.56,76.19,1.01,60.95,0.85,51.77,0.67
2024-06-04,09:30,June,Summer,V-Shape,77,702.66,32.02,48.59,75.86,1.06,60.69,0.89,53.96,0.67
2024-06-04,09:45,June,Summer,V-Shape,77,733.33,32.29,49.63,75.53,1.11,60.42,0.93,56.12,0.67
2024-06-04,10:00,June,Summer,V-Shape,77,764.0,32.56,50.66,75.2,1.16,60.16,0.97,58.28,0.67
2024-06-04,10:15,June,Summer,V-Shape,77,755.49,32.72,50.61,75.22,1.14,60.18,0.96,57.64,0.67
2024-06-04,10:30,June,Summer,V-Shape,77,746.98,32.89,50.56,75.23,1.13,60.19,0.95,57.0,0.67
2024-06-04,10:45,June,Summer,V-Shape,77,738.47,33.05,50.51,75.25,1.12,60.2,0.94,56.36,0.67
2024-06-04,11:00,June,Summer,V-Shape,77,729.96,33.21,50.46,75.27,1.1,60.21,0.93,55.72,0.67
2024-06-04,11:15,June,Summer,V-Shape,77,743.62,33.27,50.86,75.14,1.13,60.11,0.94,56.68,0.67
2024-06-04,11:30,June,Summer,V-Shape,77,757.29,33.34,51.27,75.01,1.15,60.01,0.96,57.65,0.67
2024-06-04,11:45,June,Summer,V-Shape,77,770.95,33.4,51.67,74.88,1.17,59.91,0.98,58.61,0.67
2024-06-04,12:00,June,Summer,V-Shape,77,784.61,33.46,52.08,74.75,1.19,59.8,1.0,59.57,0.67
2024-06-04,12:15,June,Summer,V-Shape,77,747.89,33.47,51.17,75.04,1.13,60.03,0.95,56.95,0.67
2024-06-04,12:30,June,Summer,V-Shape,77,711.16,33.48,50.26,75.33,1.08,60.26,0.9,54.32,0.67
2024-06-04,12:45,June,Summer,V-Shape,77,674.44,33.49,49.35,75.62,1.02,60.49,0.85,51.66,0.67
2024-06-04,13:00,June,Summer,V-Shape,77,637.72,33.5,48.44,75.9,0.96,60.72,0.81,48.99,0.67
2024-06-04,13:15,June,Summer,V-Shape,77,617.58,33.47,47.91,76.07,0.93,60.86,0.78,47.53,0.67
2024-06-04,13:30,June,Summer,V-Shape,77,597.43,33.44,47.37,76.24,0.9,61.0,0.76,46.05,0.67
2024-06-04,13:45,June,Summer,V-Shape,77,577.29,33.4,46.83,76.41,0.87,61.13,0.73,44.58,0.67
2024-06-04,14:00,June,Summer,V-Shape,77,557.15,33.37,46.3,76.58,0.84,61.27,0.7,43.09,0.67
2024-06-04,14:15,June,Summer,V-Shape,77,522.68,33.3,45.36,76.88,0.79,61.5,0.66,40.55,0.67
2024-06-04,14:30,June,Summer,V-Shape,77,488.21,33.22,44.43,77.18,0.73,61.74,0.62,37.98,0.67
2024-06-04,14:45,June,Summer,V-Shape,77,453.74,33.15,43.5,77.47,0.68,61.98,0.57,35.41,0.67
2024-06-04,15:00,June,Summer,V-Shape,77,419.27,33.08,42.56,77.77,0.63,62.21,0.53,32.81,0.67
2024-06-04,15:15,June,Summer,V-Shape,77,370.52,32.88,41.14,78.22,0.56,62.57,0.47,29.12,0.67
2024-06-04,15:30,June,Summer,V-Shape,77,321.77,32.67,39.71,78.67,0.48,62.94,0.4,25.4,0.67
2024-06-04,15:45,June,Summer,V-Shape,77,273.03,32.46,38.29,79.12,0.41,63.3,0.34,21.65,0.67
2024-06-04,16:00,June,Summer,V-Shape,77,224.28,32.26,36.87,79.57,0.33,63.66,0.28,17.86,0.67
2024-06-04,16:15,June,Summer,V-Shape,77,182.15,31.89,35.45,80.02,0.27,64.02,0.23,14.57,0.67
2024-06-04,16:30,June,Summer,V-Shape,77,140.03,31.52,34.03,80.47,0.21,64.38,0.17,11.24,0.67
2024-06-04,16:45,June,Summer,V-Shape,77,97.9,31.16,32.61,80.92,0.15,64.74,0.12,7.89,0.67
2024-06-04,17:00,June,Summer,V-Shape,77,55.78,30.79,31.18,81.37,0.08,65.1,0.07,4.52,0.67
2024-06-04,17:15,June,Summer,V-Shape,77,41.83,30.41,30.46,81.6,0.06,65.28,0.05,3.39,0.67
2024-06-04,17:30,June,Summer,V-Shape,77,27.89,30.04,29.73,81.83,0.04,65.46,0.03,2.27,0.67
2024-06-04,17:45,June,Summer,V-Shape,77,13.94,29.66,29.01,82.06,0.02,65.65,0.02,1.14,0.67
2024-06-05,04:45,June,Summer,V-Shape,77,5.29,25.75,24.89,83.36,0.01,66.69,0.01,0.44,0.67
2024-06-05,05:00,June,Summer,V-Shape,77,7.06,25.74,24.92,83.35,0.01,66.68,0.01,0.58,0.67
2024-06-05,05:15,June,Summer,V-Shape,77,31.34,25.91,25.69,83.11,0.05,66.49,0.04,2.58,0.67
2024-06-05,05:30,June,Summer,V-Shape,77,55.62,26.07,26.47,82.86,0.08,66.29,0.07,4.56,0.67
2024-06-05,05:45,June,Summer,V-Shape,77,79.9,26.24,27.24,82.62,0.12,66.09,0.1,6.54,0.67
2024-06-05,06:00,June,Summer,V-Shape,77,104.18,26.41,28.01,82.37,0.15,65.9,0.13,8.51,0.67
2024-06-05,06:15,June,Summer,V-Shape,77,149.3,26.82,29.55,81.89,0.22,65.51,0.19,12.15,0.67
2024-06-05,06:30,June,Summer,V-Shape,77,194.42,27.23,31.09,81.4,0.29,65.12,0.24,15.75,0.67
2024-06-05,06:45,June,Summer,V-Shape,77,239.54,27.63,32.62,80.91,0.36,64.73,0.3,19.31,0.67
2024-06-05,07:00,June,Summer,V-Shape,77,284.66,28.04,34.16,80.43,0.42,64.34,0.36,22.85,0.67
2024-06-05,07:15,June,Summer,V-Shape,77,328.03,28.48,35.69,79.94,0.49,63.96,0.41,26.21,0.67
2024-06-05,07:30,June,Summer,V-Shape,77,371.4,28.93,37.22,79.46,0.55,63.57,0.46,29.54,0.67
2024-06-05,07:45,June,Summer,V-Shape,77,414.77,29.38,38.74,78.98,0.62,63.18,0.52,32.84,0.67
2024-06-05,08:00,June,Summer,V-Shape,77,458.15,29.82,40.27,78.49,0.69,62.79,0.57,36.11,0.67
2024-06-05,08:15,June,Summer,V-Shape,77,494.67,30.22,41.59,78.08,0.74,62.46,0.62,38.83,0.67
2024-06-05,08:30,June,Summer,V-Shape,77,531.2,30.62,42.9,77.66,0.8,62.13,0.67,41.53,0.67
2024-06-05,08:45,June,Summer,V-Shape,77,567.72,31.03,44.22,77.24,0.85,61.79,0.72,44.2,0.67
2024-06-05,09:00,June,Summer,V-Shape,77,604.24,31.43,45.54,76.83,0.91,61.46,0.76,46.85,0.67
2024-06-05,09:15,June,Summer,V-Shape,77,641.63,31.8,46.84,76.41,0.97,61.13,0.81,49.54,0.67
2024-06-05,09:30,June,Summer,V-Shape,77,679.02,32.17,48.15,76.0,1.03,60.8,0.86,52.21,0.67
2024-06-05,09:45,June,Summer,V-Shape,77,716.41,32.55,49.46,75.58,1.08,60.47,0.91,54.86,0.67
2024-06-05,10:00,June,Summer,V-Shape,77,753.79,32.92,50.76,75.17,1.14,60.14,0.96,57.48,0.67
2024-06-05,10:15,June,Summer,V-Shape,77,746.8,33.2,50.86,75.14,1.13,60.11,0.95,56.93,0.67
2024-06-05,10:30,June,Summer,V-Shape,77,739.8,33.47,50.97,75.11,1.12,60.08,0.94,56.37,0.67
2024-06-05,10:45,June,Summer,V-Shape,77,732.81,33.75,51.07,75.07,1.11,60.06,0.93,55.82,0.67
2024-06-05,11:00,June,Summer,V-Shape,77,725.81,34.02,51.17,75.04,1.1,60.03,0.92,55.27,0.67
2024-06-05,11:15,June,Summer,V-Shape,77,714.49,34.15,51.01,75.09,1.08,60.07,0.91,54.44,0.67
2024-06-05,11:30,June,Summer,V-Shape,77,703.16,34.28,50.85,75.14,1.06,60.11,0.89,53.6,0.67
2024-06-05,11:45,June,Summer,V-Shape,77,691.83,34.4,50.7,75.19,1.05,60.15,0.88,52.76,0.67
2024-06-05,12:00,June,Summer,V-Shape,77,680.51,34.53,50.54,75.24,1.03,60.19,0.86,51.93,0.67
2024-06-05,12:15,June,Summer,V-Shape,77,669.29,34.46,50.19,75.35,1.01,60.28,0.85,51.13,0.67
2024-06-05,12:30,June,Summer,V-Shape,77,658.08,34.39,49.85,75.46,1.0,60.37,0.83,50.33,0.67
2024-06-05,12:45,June,Summer,V-Shape,77,646.86,34.33,49.5,75.57,0.98,60.46,0.82,49.53,0.67
2024-06-05,13:00,June,Summer,V-Shape,77,635.65,34.26,49.15,75.68,0.96,60.54,0.8,48.72,0.67
2024-06-05,13:15,June,Summer,V-Shape,77,593.94,34.02,47.87,76.09,0.9,60.87,0.75,45.71,0.67
2024-06-05,13:30,June,Summer,V-Shape,77,552.23,33.78,46.59,76.49,0.83,61.19,0.7,42.68,0.67
2024-06-05,13:45,June,Summer,V-Shape,77,510.52,33.54,45.3,76.9,0.77,61.52,0.64,39.61,0.67
2024-06-05,14:00,June,Summer,V-Shape,77,468.8,33.3,44.02,77.31,0.71,61.84,0.59,36.52,0.67
2024-06-05,14:15,June,Summer,V-Shape,77,421.34,33.01,42.55,77.77,0.63,62.22,0.53,32.97,0.67
2024-06-05,14:30,June,Summer,V-Shape,77,373.87,32.72,41.07,78.24,0.56,62.59,0.47,29.39,0.67
2024-06-05,14:45,June,Summer,V-Shape,77,326.4,32.44,39.6,78.71,0.49,62.96,0.41,25.78,0.67
2024-06-05,15:00,June,Summer,V-Shape,77,278.93,32.15,38.12,79.17,0.42,63.34,0.35,22.13,0.67
2024-06-05,15:15,June,Summer,V-Shape,77,244.25,31.79,36.89,79.56,0.36,63.65,0.31,19.45,0.67
2024-06-05,15:30,June,Summer,V-Shape,77,209.56,31.42,35.66,79.95,0.31,63.96,0.26,16.75,0.67
2024-06-05,15:45,June,Summer,V-Shape,77,174.88,31.06,34.43,80.34,0.26,64.27,0.22,14.03,0.67
2024-06-05,16:00,June,Summer,V-Shape,77,140.2,30.7,33.2,80.73,0.21,64.58,0.17,11.28,0.67
2024-06-05,16:15,June,Summer,V-Shape,77,114.47,30.33,32.19,81.05,0.17,64.84,0.14,9.24,0.67
2024-06-05,16:30,June,Summer,V-Shape,77,88.75,29.96,31.18,81.37,0.13,65.1,0.11,7.19,0.67
2024-06-05,16:45,June,Summer,V-Shape,77,63.03,29.6,30.17,81.69,0.09,65.35,0.08,5.12,0.67
2024-06-05,17:00,June,Summer,V-Shape,77,37.31,29.23,29.16,82.01,0.06,65.61,0.05,3.04,0.67
2024-06-05,17:15,June,Summer,V-Shape,77,27.98,28.99,28.69,82.16,0.04,65.73,0.03,2.28,0.67
2024-06-05,17:30,June,Summer,V-Shape,77,18.65,28.76,28.22,82.31,0.03,65.85,0.02,1.52,0.67
2024-06-05,17:45,June,Summer,V-Shape,77,9.33,28.52,27.75,82.46,0.01,65.97,0.01,0.76,0.67
2024-06-06,05:00,June,Summer,V-Shape,77,6.25,25.99,25.15,83.28,0.01,66.63,0.01,0.51,0.67
2024-06-06,05:15,June,Summer,V-Shape,77,33.49,26.16,26.0,83.01,0.05,66.41,0.04,2.75,0.67
2024-06-06,05:30,June,Summer,V-Shape,77,60.73,26.34,26.86,82.74,0.09,66.19,0.08,4.98,0.67
2024-06-06,05:45,June,Summer,V-Shape,77,87.97,26.52,27.71,82.47,0.13,65.97,0.11,7.19,0.67
2024-06-06,06:00,June,Summer,V-Shape,77,115.21,26.69,28.57,82.2,0.17,65.76,0.14,9.4,0.67
2024-06-06,06:15,June,Summer,V-Shape,77,161.7,26.94,29.98,81.75,0.24,65.4,0.2,13.14,0.67
2024-06-06,06:30,June,Summer,V-Shape,77,208.2,27.19,31.39,81.3,0.31,65.04,0.26,16.85,0.67
2024-06-06,06:45,June,Summer,V-Shape,77,254.7,27.44,32.81,80.86,0.38,64.68,0.32,20.52,0.67
2024-06-06,07:00,June,Summer,V-Shape,77,301.19,27.69,34.22,80.41,0.45,64.33,0.38,24.17,0.67
2024-06-06,07:15,June,Summer,V-Shape,77,346.82,27.99,35.66,79.95,0.52,63.96,0.43,27.71,0.67
2024-06-06,07:30,June,Summer,V-Shape,77,392.45,28.29,37.1,79.5,0.59,63.6,0.49,31.23,0.67
2024-06-06,07:45,June,Summer,V-Shape,77,438.08,28.58,38.53,79.04,0.66,63.23,0.55,34.71,0.67
2024-06-06,08:00,June,Summer,V-Shape,77,483.7,28.88,39.97,78.59,0.72,62.87,0.61,38.15,0.67
2024-06-06,08:15,June,Summer,V-Shape,77,522.31,29.11,41.17,78.21,0.78,62.57,0.66,41.05,0.67
2024-06-06,08:30,June,Summer,V-Shape,77,560.92,29.34,42.36,77.83,0.84,62.27,0.71,43.92,0.67
2024-06-06,08:45,June,Summer,V-Shape,77,599.53,29.56,43.55,77.45,0.9,61.96,0.75,46.77,0.67
2024-06-06,09:00,June,Summer,V-Shape,77,638.14,29.79,44.74,77.08,0.96,61.66,0.8,49.6,0.67
2024-06-06,09:15,June,Summer,V-Shape,77,677.22,29.93,45.86,76.72,1.02,61.38,0.85,52.45,0.67
2024-06-06,09:30,June,Summer,V-Shape,77,716.29,30.06,46.97,76.37,1.08,61.1,0.9,55.29,0.67
2024-06-06,09:45,June,Summer,V-Shape,77,755.37,30.2,48.09,76.02,1.14,60.81,0.96,58.1,0.67
2024-06-06,10:00,June,Summer,V-Shape,77,794.45,30.34,49.2,75.66,1.2,60.53,1.01,60.88,0.67
2024-06-06,10:15,June,Summer,V-Shape,77,801.76,30.44,49.48,75.58,1.21,60.46,1.02,61.39,0.67
2024-06-06,10:30,June,Summer,V-Shape,77,809.06,30.54,49.76,75.49,1.22,60.39,1.02,61.89,0.67
2024-06-06,10:45,June,Summer,V-Shape,77,816.37,30.63,50.04,75.4,1.24,60.32,1.03,62.4,0.67
2024-06-06,11:00,June,Summer,V-Shape,77,823.67,30.73,50.32,75.31,1.25,60.25,1.04,62.9,0.67
2024-06-06,11:15,June,Summer,V-Shape,77,811.33,30.79,50.08,75.39,1.23,60.31,1.03,62.0,0.67
2024-06-06,11:30,June,Summer,V-Shape,77,798.98,30.86,49.83,75.47,1.21,60.37,1.01,61.11,0.67
2024-06-06,11:45,June,Summer,V-Shape,77,786.64,30.92,49.58,75.54,1.19,60.44,1.0,60.21,0.67
2024-06-06,12:00,June,Summer,V-Shape,77,774.29,30.98,49.34,75.62,1.17,60.5,0.98,59.31,0.67
2024-06-06,12:15,June,Summer,V-Shape,77,756.79,30.98,48.89,75.76,1.14,60.61,0.96,58.06,0.67
2024-06-06,12:30,June,Summer,V-Shape,77,739.29,30.97,48.45,75.9,1.12,60.72,0.94,56.79,0.67
2024-06-06,12:45,June,Summer,V-Shape,77,721.79,30.96,48.01,76.04,1.09,60.83,0.91,55.53,0.67
2024-06-06,13:00,June,Summer,V-Shape,77,704.29,30.96,47.57,76.18,1.06,60.95,0.89,54.26,0.67
2024-06-06,13:15,June,Summer,V-Shape,77,652.4,30.94,46.25,76.6,0.98,61.28,0.82,50.47,0.67
2024-06-06,13:30,June,Summer,V-Shape,77,600.52,30.91,44.92,77.02,0.9,61.62,0.76,46.65,0.67
2024-06-06,13:45,June,Summer,V-Shape,77,548.64,30.88,43.6,77.44,0.82,61.95,0.69,42.8,0.67
2024-06-06,14:00,June,Summer,V-Shape,77,496.76,30.86,42.28,77.86,0.75,62.29,0.62,38.91,0.67
2024-06-06,14:15,June,Summer,V-Shape,77,446.13,30.77,40.92,78.29,0.67,62.63,0.56,35.09,0.67
2024-06-06,14:30,June,Summer,V-Shape,77,395.5,30.68,39.57,78.72,0.59,62.97,0.5,31.24,0.67
2024-06-06,14:45,June,Summer,V-Shape,77,344.87,30.59,38.21,79.14,0.52,63.32,0.43,27.35,0.67
2024-06-06,15:00,June,Summer,V-Shape,77,294.24,30.5,36.86,79.57,0.44,63.66,0.37,23.43,0.67
2024-06-06,15:15,June,Summer,V-Shape,77,259.89,30.3,35.8,79.91,0.39,63.93,0.32,20.76,0.67
2024-06-06,15:30,June,Summer,V-Shape,77,225.55,30.11,34.74,80.24,0.34,64.19,0.28,18.07,0.67
2024-06-06,15:45,June,Summer,V-Shape,77,191.2,29.91,33.69,80.58,0.28,64.46,0.24,15.37,0.67
2024-06-06,16:00,June,Summer,V-Shape,77,156.85,29.71,32.63,80.91,0.23,64.73,0.2,12.65,0.67
2024-06-06,16:15,June,Summer,V-Shape,77,126.75,29.42,31.59,81.24,0.19,64.99,0.16,10.25,0.67
2024-06-06,16:30,June,Summer,V-Shape,77,96.65,29.12,30.54,81.57,0.14,65.26,0.12,7.84,0.67
2024-06-06,16:45,June,Summer,V-Shape,77,66.55,28.83,29.5,81.9,0.1,65.52,0.08,5.41,0.67
2024-06-06,17:00,June,Summer,V-Shape,77,36.46,28.54,28.45,82.24,0.05,65.79,0.05,2.97,0.67
2024-06-06,17:15,June,Summer,V-Shape,77,27.34,28.28,27.97,82.39,0.04,65.91,0.03,2.23,0.67
2024-06-06,17:30,June,Summer,V-Shape,77,18.23,28.02,27.48,82.54,0.03,66.03,0.02,1.49,0.67
2024-06-06,17:45,June,Summer,V-Shape,77,9.11,27.77,27.0,82.7,0.01,66.16,0.01,0.75,0.67
2024-06-07,05:15,June,Summer,V-Shape,77,21.04,25.08,24.61,83.45,0.03,66.76,0.03,1.74,0.67
2024-06-07,05:30,June,Summer,V-Shape,77,38.07,25.26,25.21,83.26,0.06,66.61,0.05,3.14,0.67
2024-06-07,05:45,June,Summer,V-Shape,77,55.09,25.43,25.8,83.07,0.08,66.46,0.07,4.53,0.67
2024-06-07,06:00,June,Summer,V-Shape,77,72.11,25.6,26.4,82.88,0.11,66.31,0.09,5.92,0.67
2024-06-07,06:15,June,Summer,V-Shape,77,99.88,25.87,27.37,82.58,0.15,66.06,0.12,8.18,0.67
2024-06-07,06:30,June,Summer,V-Shape,77,127.64,26.15,28.34,82.27,0.19,65.82,0.16,10.42,0.67
2024-06-07,06:45,June,Summer,V-Shape,77,155.41,26.42,29.3,81.97,0.23,65.57,0.19,12.65,0.67
2024-06-07,07:00,June,Summer,V-Shape,77,183.17,26.69,30.27,81.66,0.27,65.33,0.23,14.87,0.67
2024-06-07,07:15,June,Summer,V-Shape,77,217.67,27.09,31.53,81.26,0.32,65.01,0.27,17.61,0.67
2024-06-07,07:30,June,Summer,V-Shape,77,252.17,27.49,32.79,80.86,0.38,64.69,0.31,20.32,0.67
2024-06-07,07:45,June,Summer,V-Shape,77,286.67,27.89,34.06,80.46,0.43,64.37,0.36,23.02,0.67
2024-06-07,08:00,June,Summer,V-Shape,77,321.17,28.29,35.32,80.06,0.48,64.05,0.4,25.69,0.67
2024-06-07,08:15,June,Summer,V-Shape,77,357.23,28.68,36.61,79.65,0.53,63.72,0.45,28.47,0.67
2024-06-07,08:30,June,Summer,V-Shape,77,393.28,29.07,37.9,79.24,0.59,63.39,0.49,31.22,0.67
2024-06-07,08:45,June,Summer,V-Shape,77,429.34,29.46,39.19,78.83,0.64,63.07,0.54,33.95,0.67
2024-06-07,09:00,June,Summer,V-Shape,77,465.39,29.85,40.48,78.42,0.7,62.74,0.58,36.65,0.67
2024-06-07,09:15,June,Summer,V-Shape,77,505.81,30.15,41.79,78.01,0.76,62.41,0.64,39.68,0.67
2024-06-07,09:30,June,Summer,V-Shape,77,546.24,30.45,43.1,77.6,0.82,62.08,0.69,42.68,0.67
2024-06-07,09:45,June,Summer,V-Shape,77,586.66,30.74,44.41,77.18,0.88,61.75,0.74,45.65,0.67
2024-06-07,10:00,June,Summer,V-Shape,77,627.08,31.04,45.72,76.77,0.94,61.41,0.79,48.59,0.67
2024-06-07,10:15,June,Summer,V-Shape,77,641.94,31.19,46.24,76.6,0.97,61.28,0.81,49.66,0.67
2024-06-07,10:30,June,Summer,V-Shape,77,656.8,31.34,46.76,76.44,0.99,61.15,0.83,50.73,0.67
2024-06-07,10:45,June,Summer,V-Shape,77,671.66,31.49,47.28,76.27,1.01,61.02,0.85,51.79,0.67
2024-06-07,11:00,June,Summer,V-Shape,77,686.52,31.64,47.8,76.11,1.04,60.89,0.87,52.85,0.67
2024-06-07,11:15,June,Summer,V-Shape,77,690.18,31.72,47.97,76.05,1.04,60.84,0.87,53.1,0.67
2024-06-07,11:30,June,Summer,V-Shape,77,693.83,31.8,48.14,76.0,1.05,60.8,0.88,53.35,0.67
2024-06-07,11:45,June,Summer,V-Shape,77,697.48,31.87,48.31,75.95,1.05,60.76,0.88,53.61,0.67
2024-06-07,12:00,June,Summer,V-Shape,77,701.14,31.95,48.48,75.89,1.06,60.71,0.89,53.86,0.67
2024-06-07,12:15,June,Summer,V-Shape,77,687.09,31.97,48.14,76.0,1.04,60.8,0.87,52.84,0.67
2024-06-07,12:30,June,Summer,V-Shape,77,673.05,31.98,47.81,76.1,1.02,60.88,0.85,51.81,0.67
2024-06-07,12:45,June,Summer,V-Shape,77,659.01,32.0,47.48,76.21,0.99,60.97,0.83,50.78,0.67
2024-06-07,13:00,June,Summer,V-Shape,77,644.96,32.02,47.14,76.32,0.97,61.05,0.81,49.75,0.67
2024-06-07,13:15,June,Summer,V-Shape,77,603.82,31.97,46.07,76.66,0.91,61.33,0.76,46.74,0.67
2024-06-07,13:30,June,Summer,V-Shape,77,562.68,31.93,44.99,77.0,0.85,61.6,0.71,43.7,0.67
2024-06-07,13:45,June,Summer,V-Shape,77,521.54,31.88,43.92,77.34,0.78,61.87,0.66,40.64,0.67
2024-06-07,14:00,June,Summer,V-Shape,77,480.4,31.83,42.84,77.68,0.72,62.14,0.6,37.56,0.67
2024-06-07,14:15,June,Summer,V-Shape,77,438.82,31.69,41.66,78.05,0.66,62.44,0.55,34.44,0.67
2024-06-07,14:30,June,Summer,V-Shape,77,397.25,31.55,40.49,78.42,0.6,62.74,0.5,31.29,0.67
2024-06-07,14:45,June,Summer,V-Shape,77,355.68,31.42,39.31,78.8,0.53,63.04,0.45,28.11,0.67
2024-06-07,15:00,June,Summer,V-Shape,77,314.11,31.28,38.13,79.17,0.47,63.34,0.39,24.92,0.67
2024-06-07,15:15,June,Summer,V-Shape,77,277.74,31.04,36.98,79.54,0.41,63.63,0.35,22.11,0.67
2024-06-07,15:30,June,Summer,V-Shape,77,241.37,30.79,35.82,79.9,0.36,63.92,0.3,19.28,0.67
2024-06-07,15:45,June,Summer,V-Shape,77,205.0,30.55,34.67,80.27,0.31,64.21,0.26,16.43,0.67
2024-06-07,16:00,June,Summer,V-Shape,77,168.63,30.3,33.52,80.63,0.25,64.51,0.21,13.56,0.67
2024-06-07,16:15,June,Summer,V-Shape,77,138.73,29.95,32.41,80.98,0.21,64.78,0.17,11.19,0.67
2024-06-07,16:30,June,Summer,V-Shape,77,108.83,29.59,31.31,81.33,0.16,65.06,0.14,8.81,0.67
2024-06-07,16:45,June,Summer,V-Shape,77,78.93,29.23,30.21,81.68,0.12,65.34,0.1,6.41,0.67
2024-06-07,17:00,June,Summer,V-Shape,77,49.04,28.88,29.11,82.03,0.07,65.62,0.06,3.99,0.67
2024-06-07,17:15,June,Summer,V-Shape,77,36.78,28.58,28.5,82.22,0.05,65.78,0.05,3.0,0.67
2024-06-07,17:30,June,Summer,V-Shape,77,24.52,28.28,27.89,82.41,0.04,65.93,0.03,2.0,0.67
2024-06-07,17:45,June,Summer,V-Shape,77,12.26,27.98,27.29,82.6,0.02,66.08,0.02,1.0,0.67
2024-06-08,04:45,June,Summer,V-Shape,77,5.28,24.98,24.11,83.61,0.01,66.89,0.01,0.44,0.67
2024-06-08,05:00,June,Summer,V-Shape,77,7.04,25.01,24.19,83.59,0.01,66.87,0.01,0.58,0.67
2024-06-08,05:15,June,Summer,V-Shape,77,27.32,25.23,24.92,83.35,0.04,66.68,0.03,2.25,0.67
2024-06-08,05:30,June,Summer,V-Shape,77,47.6,25.45,25.65,83.12,0.07,66.5,0.06,3.92,0.67
2024-06-08,05:45,June,Summer,V-Shape,77,67.89,25.68,26.37,82.89,0.1,66.31,0.08,5.57,0.67
2024-06-08,06:00,June,Summer,V-Shape,77,88.17,25.9,27.1,82.66,0.13,66.13,0.11,7.22,0.67
2024-06-08,06:15,June,Summer,V-Shape,77,127.43,26.17,28.36,82.26,0.19,65.81,0.16,10.4,0.67
2024-06-08,06:30,June,Summer,V-Shape,77,166.68,26.45,29.61,81.87,0.25,65.49,0.21,13.56,0.67
2024-06-08,06:45,June,Summer,V-Shape,77,205.94,26.72,30.87,81.47,0.31,65.18,0.26,16.69,0.67
2024-06-08,07:00,June,Summer,V-Shape,77,245.2,26.99,32.12,81.07,0.36,64.86,0.31,19.8,0.67
2024-06-08,07:15,June,Summer,V-Shape,77,284.76,27.34,33.46,80.65,0.42,64.52,0.35,22.9,0.67
2024-06-08,07:30,June,Summer,V-Shape,77,324.33,27.7,34.81,80.22,0.48,64.18,0.4,25.98,0.67
2024-06-08,07:45,June,Summer,V-Shape,77,363.9,28.05,36.15,79.8,0.54,63.84,0.45,29.04,0.67
2024-06-08,08:00,June,Summer,V-Shape,77,403.46,28.41,37.5,79.37,0.6,63.5,0.5,32.06,0.67
2024-06-08,08:15,June,Summer,V-Shape,77,414.93,28.76,38.13,79.17,0.62,63.34,0.52,32.91,0.67
2024-06-08,08:30,June,Summer,V-Shape,77,426.39,29.11,38.77,78.97,0.64,63.17,0.53,33.76,0.67
2024-06-08,08:45,June,Summer,V-Shape,77,437.85,29.46,39.41,78.77,0.66,63.01,0.55,34.6,0.67
2024-06-08,09:00,June,Summer,V-Shape,77,449.32,29.81,40.04,78.56,0.67,62.85,0.56,35.43,0.67
2024-06-08,09:15,June,Summer,V-Shape,77,463.73,30.05,40.64,78.37,0.7,62.7,0.58,36.5,0.67
2024-06-08,09:30,June,Summer,V-Shape,77,478.14,30.29,41.24,78.18,0.72,62.55,0.6,37.57,0.67
2024-06-08,09:45,June,Summer,V-Shape,77,492.56,30.53,41.84,77.99,0.74,62.4,0.62,38.63,0.67
2024-06-08,10:00,June,Summer,V-Shape,77,506.97,30.77,42.44,77.8,0.76,62.24,0.64,39.69,0.67
2024-06-08,10:15,June,Summer,V-Shape,77,514.51,30.9,42.77,77.7,0.77,62.16,0.65,40.24,0.67
2024-06-08,10:30,June,Summer,V-Shape,77,522.05,31.04,43.09,77.6,0.78,62.08,0.66,40.79,0.67
2024-06-08,10:45,June,Summer,V-Shape,77,529.59,31.17,43.41,77.5,0.8,62.0,0.67,41.34,0.67
2024-06-08,11:00,June,Summer,V-Shape,77,537.13,31.3,43.73,77.4,0.81,61.92,0.68,41.88,0.67
2024-06-08,11:15,June,Summer,V-Shape,77,527.83,31.35,43.55,77.46,0.79,61.96,0.66,41.18,0.67
2024-06-08,11:30,June,Summer,V-Shape,77,518.53,31.4,43.36,77.51,0.78,62.01,0.65,40.48,0.67
2024-06-08,11:45,June,Summer,V-Shape,77,509.23,31.45,43.18,77.57,0.77,62.06,0.64,39.77,0.67
2024-06-08,12:00,June,Summer,V-Shape,77,499.93,31.5,43.0,77.63,0.75,62.1,0.63,39.07,0.67
2024-06-08,12:15,June,Summer,V-Shape,77,495.39,31.41,42.8,77.69,0.74,62.15,0.62,38.74,0.67
2024-06-08,12:30,June,Summer,V-Shape,77,490.86,31.32,42.6,77.76,0.74,62.2,0.62,38.41,0.67
2024-06-08,12:45,June,Summer,V-Shape,77,486.33,31.24,42.4,77.82,0.73,62.26,0.61,38.08,0.67
2024-06-08,13:00,June,Summer,V-Shape,77,481.79,31.15,42.19,77.88,0.72,62.31,0.61,37.75,0.67
2024-06-08,13:15,June,Summer,V-Shape,77,469.28,31.02,41.75,78.02,0.7,62.42,0.59,36.82,0.67
2024-06-08,13:30,June,Summer,V-Shape,77,456.76,30.88,41.3,78.17,0.69,62.53,0.57,35.88,0.67
2024-06-08,13:45,June,Summer,V-Shape,77,444.24,30.75,40.86,78.31,0.67,62.65,0.56,34.95,0.67
2024-06-08,14:00,June,Summer,V-Shape,77,431.73,30.62,40.41,78.45,0.65,62.76,0.54,34.01,0.67
2024-06-08,14:15,June,Summer,V-Shape,77,388.71,30.46,39.18,78.84,0.58,63.07,0.49,30.74,0.67
2024-06-08,14:30,June,Summer,V-Shape,77,345.7,30.31,37.95,79.23,0.52,63.38,0.43,27.44,0.67
2024-06-08,14:45,June,Summer,V-Shape,77,302.68,30.16,36.72,79.62,0.45,63.69,0.38,24.11,0.67
2024-06-08,15:00,June,Summer,V-Shape,77,259.67,30.0,35.49,80.01,0.39,64.0,0.32,20.76,0.67
2024-06-08,15:15,June,Summer,V-Shape,77,230.84,29.79,34.56,80.3,0.34,64.24,0.29,18.51,0.67
2024-06-08,15:30,June,Summer,V-Shape,77,202.01,29.58,33.63,80.6,0.3,64.48,0.25,16.24,0.67
2024-06-08,15:45,June,Summer,V-Shape,77,173.18,29.37,32.7,80.89,0.26,64.71,0.22,13.96,0.67
2024-06-08,16:00,June,Summer,V-Shape,77,144.35,29.16,31.77,81.18,0.21,64.95,0.18,11.67,0.67
2024-06-08,16:15,June,Summer,V-Shape,77,119.11,28.88,30.86,81.47,0.18,65.18,0.15,9.65,0.67
2024-06-08,16:30,June,Summer,V-Shape,77,93.88,28.61,29.95,81.76,0.14,65.41,0.12,7.63,0.67
2024-06-08,16:45,June,Summer,V-Shape,77,68.64,28.33,29.04,82.05,0.1,65.64,0.09,5.59,0.67
2024-06-08,17:00,June,Summer,V-Shape,77,43.4,28.05,28.13,82.34,0.06,65.87,0.05,3.54,0.67
2024-06-08,17:15,June,Summer,V-Shape,77,32.55,27.84,27.65,82.49,0.05,65.99,0.04,2.66,0.67
2024-06-08,17:30,June,Summer,V-Shape,77,21.7,27.62,27.16,82.64,0.03,66.11,0.03,1.78,0.67
2024-06-08,17:45,June,Summer,V-Shape,77,10.85,27.41,26.68,82.8,0.02,66.24,0.01,0.89,0.67
2024-06-09,05:00,June,Summer,V-Shape,77,5.99,25.3,24.45,83.5,0.01,66.8,0.01,0.49,0.67
2024-06-09,05:15,June,Summer,V-Shape,77,26.47,25.53,25.19,83.27,0.04,66.61,0.03,2.18,0.67
2024-06-09,05:30,June,Summer,V-Shape,77,46.95,25.76,25.93,83.03,0.07,66.43,0.06,3.86,0.67
2024-06-09,05:45,June,Summer,V-Shape,77,67.43,25.99,26.68,82.8,0.1,66.24,0.08,5.53,0.67
2024-06-09,06:00,June,Summer,V-Shape,77,87.91,26.22,27.42,82.56,0.13,66.05,0.11,7.19,0.67
2024-06-09,06:15,June,Summer,V-Shape,77,123.94,26.53,28.63,82.18,0.18,65.74,0.15,10.11,0.67
2024-06-09,06:30,June,Summer,V-Shape,77,159.97,26.84,29.84,81.8,0.24,65.44,0.2,13.0,0.67
2024-06-09,06:45,June,Summer,V-Shape,77,196.0,27.15,31.05,81.41,0.29,65.13,0.24,15.88,0.67
2024-06-09,07:00,June,Summer,V-Shape,77,232.03,27.46,32.26,81.03,0.34,64.82,0.29,18.73,0.67
2024-06-09,07:15,June,Summer,V-Shape,77,273.24,27.83,33.66,80.59,0.41,64.47,0.34,21.96,0.67
2024-06-09,07:30,June,Summer,V-Shape,77,314.45,28.2,35.06,80.14,0.47,64.11,0.39,25.17,0.67
2024-06-09,07:45,June,Summer,V-Shape,77,355.67,28.56,36.45,79.7,0.53,63.76,0.44,28.35,0.67
2024-06-09,08:00,June,Summer,V-Shape,77,396.88,28.93,37.85,79.26,0.59,63.41,0.5,31.51,0.67
2024-06-09,08:15,June,Summer,V-Shape,77,416.47,29.24,38.65,79.01,0.62,63.2,0.52,32.98,0.67
2024-06-09,08:30,June,Summer,V-Shape,77,436.05,29.55,39.45,78.75,0.65,63.0,0.55,34.45,0.67
2024-06-09,08:45,June,Summer,V-Shape,77,455.64,29.85,40.24,78.5,0.68,62.8,0.57,35.91,0.67
2024-06-09,09:00,June,Summer,V-Shape,77,475.23,30.16,41.04,78.25,0.71,62.6,0.6,37.36,0.67
2024-06-09,09:15,June,Summer,V-Shape,77,505.87,30.35,42.0,77.95,0.76,62.36,0.64,39.66,0.67
2024-06-09,09:30,June,Summer,V-Shape,77,536.51,30.54,42.95,77.64,0.81,62.11,0.68,41.93,0.67
2024-06-09,09:45,June,Summer,V-Shape,77,567.15,30.73,43.91,77.34,0.85,61.87,0.71,44.2,0.67
2024-06-09,10:00,June,Summer,V-Shape,77,597.8,30.92,44.86,77.04,0.9,61.63,0.75,46.45,0.67
2024-06-09,10:15,June,Summer,V-Shape,77,597.68,31.05,44.99,77.0,0.9,61.6,0.75,46.42,0.67
2024-06-09,10:30,June,Summer,V-Shape,77,597.56,31.18,45.11,76.96,0.9,61.57,0.75,46.39,0.67
2024-06-09,10:45,June,Summer,V-Shape,77,597.44,31.3,45.24,76.92,0.9,61.54,0.75,46.37,0.67
2024-06-09,11:00,June,Summer,V-Shape,77,597.32,31.43,45.36,76.88,0.9,61.5,0.75,46.34,0.67
2024-06-09,11:15,June,Summer,V-Shape,77,617.86,31.54,45.98,76.68,0.93,61.35,0.78,47.84,0.67
2024-06-09,11:30,June,Summer,V-Shape,77,638.39,31.64,46.6,76.49,0.96,61.19,0.81,49.33,0.67
2024-06-09,11:45,June,Summer,V-Shape,77,658.92,31.75,47.23,76.29,0.99,61.03,0.83,50.82,0.67
2024-06-09,12:00,June,Summer,V-Shape,77,679.46,31.86,47.85,76.09,1.03,60.88,0.86,52.3,0.67
2024-06-09,12:15,June,Summer,V-Shape,77,660.98,31.86,47.38,76.24,1.0,60.99,0.84,50.95,0.67
2024-06-09,12:30,June,Summer,V-Shape,77,642.51,31.85,46.91,76.39,0.97,61.11,0.81,49.6,0.67
2024-06-09,12:45,June,Summer,V-Shape,77,624.03,31.84,46.45,76.54,0.94,61.23,0.79,48.25,0.67
2024-06-09,13:00,June,Summer,V-Shape,77,605.56,31.84,45.98,76.69,0.91,61.35,0.76,46.89,0.67
2024-06-09,13:15,June,Summer,V-Shape,77,596.95,31.78,45.71,76.77,0.9,61.42,0.75,46.26,0.67
2024-06-09,13:30,June,Summer,V-Shape,77,588.35,31.73,45.43,76.86,0.89,61.49,0.74,45.63,0.67
2024-06-09,13:45,June,Summer,V-Shape,77,579.75,31.67,45.16,76.94,0.87,61.56,0.73,45.0,0.67
2024-06-09,14:00,June,Summer,V-Shape,77,571.15,31.61,44.89,77.03,0.86,61.62,0.72,44.37,0.67
2024-06-09,14:15,June,Summer,V-Shape,77,534.21,31.49,43.84,77.36,0.8,61.89,0.67,41.64,0.67
2024-06-09,14:30,June,Summer,V-Shape,77,497.28,31.37,42.8,77.69,0.75,62.15,0.63,38.89,0.67
2024-06-09,14:45,June,Summer,V-Shape,77,460.35,31.24,41.75,78.02,0.69,62.42,0.58,36.11,0.67
2024-06-09,15:00,June,Summer,V-Shape,77,423.41,31.12,40.71,78.35,0.63,62.68,0.53,33.32,0.67
2024-06-09,15:15,June,Summer,V-Shape,77,376.92,30.91,39.33,78.79,0.56,63.03,0.47,29.79,0.67
2024-06-09,15:30,June,Summer,V-Shape,77,330.44,30.7,37.96,79.22,0.49,63.38,0.41,26.22,0.67
2024-06-09,15:45,June,Summer,V-Shape,77,283.95,30.49,36.59,79.66,0.42,63.73,0.36,22.63,0.67
2024-06-09,16:00,June,Summer,V-Shape,77,237.46,30.28,35.22,80.09,0.35,64.07,0.3,19.0,0.67
2024-06-09,16:15,June,Summer,V-Shape,77,193.48,29.9,33.74,80.56,0.29,64.45,0.24,15.55,0.67
2024-06-09,16:30,June,Summer,V-Shape,77,149.5,29.52,32.26,81.03,0.22,64.82,0.19,12.07,0.67
2024-06-09,16:45,June,Summer,V-Shape,77,105.53,29.14,30.78,81.5,0.16,65.2,0.13,8.55,0.67
2024-06-09,17:00,June,Summer,V-Shape,77,61.55,28.76,29.3,81.97,0.09,65.57,0.08,5.01,0.67
2024-06-09,17:15,June,Summer,V-Shape,77,46.16,28.4,28.55,82.2,0.07,65.76,0.06,3.77,0.67
2024-06-09,17:30,June,Summer,V-Shape,77,30.78,28.04,27.81,82.44,0.05,65.95,0.04,2.52,0.67
2024-06-09,17:45,June,Summer,V-Shape,77,15.39,27.68,27.06,82.67,0.02,66.14,0.02,1.26,0.67
2024-06-10,04:45,June,Summer,V-Shape,77,5.39,24.7,23.83,83.7,0.01,66.96,0.01,0.45,0.67
2024-06-10,05:00,June,Summer,V-Shape,77,7.19,24.73,23.91,83.67,0.01,66.94,0.01,0.59,0.67
2024-06-10,05:15,June,Summer,V-Shape,77,34.48,25.03,24.89,83.36,0.05,66.69,0.04,2.84,0.67
2024-06-10,05:30,June,Summer,V-Shape,77,61.78,25.34,25.88,83.05,0.09,66.44,0.08,5.08,0.67
2024-06-10,05:45,June,Summer,V-Shape,77,89.07,25.64,26.86,82.74,0.13,66.19,0.11,7.3,0.67
2024-06-10,06:00,June,Summer,V-Shape,77,116.36,25.94,27.85,82.43,0.17,65.94,0.14,9.51,0.67
2024-06-10,06:15,June,Summer,V-Shape,77,162.21,26.23,29.29,81.97,0.24,65.58,0.2,13.21,0.67
2024-06-10,06:30,June,Summer,V-Shape,77,208.07,26.52,30.73,81.51,0.31,65.21,0.26,16.87,0.67
2024-06-10,06:45,June,Summer,V-Shape,77,253.92,26.82,32.17,81.06,0.38,64.85,0.32,20.5,0.67
2024-06-10,07:00,June,Summer,V-Shape,77,299.78,27.11,33.6,80.6,0.45,64.48,0.37,24.1,0.67
2024-06-10,07:15,June,Summer,V-Shape,77,359.23,27.48,35.46,80.02,0.54,64.01,0.45,28.72,0.67
2024-06-10,07:30,June,Summer,V-Shape,77,418.68,27.84,37.31,79.43,0.63,63.54,0.52,33.29,0.67
2024-06-10,07:45,June,Summer,V-Shape,77,478.13,28.21,39.17,78.84,0.72,63.07,0.6,37.81,0.67
2024-06-10,08:00,June,Summer,V-Shape,77,537.58,28.58,41.02,78.26,0.81,62.6,0.68,42.27,0.67
2024-06-10,08:15,June,Summer,V-Shape,77,567.61,28.96,42.15,77.9,0.85,62.32,0.71,44.48,0.67
2024-06-10,08:30,June,Summer,V-Shape,77,597.64,29.34,43.28,77.54,0.9,62.03,0.75,46.66,0.67
2024-06-10,08:45,June,Summer,V-Shape,77,627.67,29.72,44.41,77.18,0.94,61.75,0.79,48.84,0.67
2024-06-10,09:00,June,Summer,V-Shape,77,657.7,30.1,45.54,76.82,0.99,61.46,0.83,50.99,0.67
2024-06-10,09:15,June,Summer,V-Shape,77,688.06,30.46,46.66,76.47,1.04,61.18,0.87,53.16,0.67
2024-06-10,09:30,June,Summer,V-Shape,77,718.43,30.82,47.78,76.11,1.08,60.89,0.91,55.31,0.67
2024-06-10,09:45,June,Summer,V-Shape,77,748.79,31.18,48.9,75.76,1.13,60.61,0.95,57.44,0.67
2024-06-10,10:00,June,Summer,V-Shape,77,779.15,31.54,50.02,75.41,1.18,60.32,0.99,59.56,0.67
2024-06-10,10:15,June,Summer,V-Shape,77,793.04,31.84,50.66,75.2,1.2,60.16,1.01,60.49,0.67
2024-06-10,10:30,June,Summer,V-Shape,77,806.94,32.13,51.31,75.0,1.22,60.0,1.02,61.42,0.67
2024-06-10,10:45,June,Summer,V-Shape,77,820.83,32.43,51.95,74.79,1.24,59.83,1.04,62.35,0.67
2024-06-10,11:00,June,Summer,V-Shape,77,834.72,32.73,52.6,74.59,1.27,59.67,1.06,63.27,0.67
2024-06-10,11:15,June,Summer,V-Shape,77,814.34,32.92,52.28,74.69,1.23,59.75,1.03,61.79,0.67
2024-06-10,11:30,June,Summer,V-Shape,77,793.96,33.12,51.97,74.79,1.2,59.83,1.01,60.3,0.67
2024-06-10,11:45,June,Summer,V-Shape,77,773.58,33.31,51.65,74.89,1.17,59.91,0.98,58.82,0.67
2024-06-10,12:00,June,Summer,V-Shape,77,753.2,33.51,51.34,74.99,1.14,59.99,0.96,57.33,0.67
2024-06-10,12:15,June,Summer,V-Shape,77,739.56,33.6,51.09,75.07,1.12,60.05,0.94,56.33,0.67
2024-06-10,12:30,June,Summer,V-Shape,77,725.93,33.7,50.85,75.14,1.1,60.11,0.92,55.34,0.67
2024-06-10,12:45,June,Summer,V-Shape,77,712.3,33.8,50.6,75.22,1.08,60.18,0.9,54.34,0.67
2024-06-10,13:00,June,Summer,V-Shape,77,698.67,33.89,50.36,75.3,1.06,60.24,0.89,53.35,0.67
2024-06-10,13:15,June,Summer,V-Shape,77,679.76,33.88,49.87,75.45,1.03,60.36,0.86,51.98,0.67
2024-06-10,13:30,June,Summer,V-Shape,77,660.84,33.87,49.39,75.61,1.0,60.48,0.84,50.62,0.67
2024-06-10,13:45,June,Summer,V-Shape,77,641.93,33.85,48.9,75.76,0.97,60.61,0.81,49.24,0.67
2024-06-10,14:00,June,Summer,V-Shape,77,623.02,33.84,48.42,75.91,0.94,60.73,0.79,47.87,0.67
2024-06-10,14:15,June,Summer,V-Shape,77,582.3,33.71,47.27,76.28,0.88,61.02,0.74,44.9,0.67
2024-06-10,14:30,June,Summer,V-Shape,77,541.59,33.58,46.11,76.64,0.82,61.31,0.68,41.92,0.67
2024-06-10,14:45,June,Summer,V-Shape,77,500.88,33.44,44.96,77.01,0.75,61.61,0.63,38.9,0.67
2024-06-10,15:00,June,Summer,V-Shape,77,460.16,33.31,43.81,77.37,0.69,61.9,0.58,35.87,0.67
2024-06-10,15:15,June,Summer,V-Shape,77,407.26,33.03,42.21,77.88,0.61,62.3,0.51,31.9,0.67
2024-06-10,15:30,June,Summer,V-Shape,77,354.35,32.76,40.61,78.38,0.53,62.71,0.44,27.9,0.67
2024-06-10,15:45,June,Summer,V-Shape,77,301.44,32.48,39.01,78.89,0.45,63.11,0.38,23.85,0.67
2024-06-10,16:00,June,Summer,V-Shape,77,248.53,32.2,37.41,79.4,0.37,63.52,0.31,19.76,0.67
2024-06-10,16:15,June,Summer,V-Shape,77,202.22,31.7,35.76,79.92,0.3,63.94,0.25,16.15,0.67
2024-06-10,16:30,June,Summer,V-Shape,77,155.9,31.2,34.1,80.45,0.23,64.36,0.19,12.52,0.67
2024-06-10,16:45,June,Summer,V-Shape,77,109.58,30.7,32.44,80.97,0.16,64.78,0.14,8.84,0.67
2024-06-10,17:00,June,Summer,V-Shape,77,63.26,30.2,30.78,81.5,0.09,65.2,0.08,5.13,0.67
2024-06-10,17:15,June,Summer,V-Shape,77,47.45,29.74,29.93,81.77,0.07,65.41,0.06,3.86,0.67
2024-06-10,17:30,June,Summer,V-Shape,77,31.63,29.29,29.08,82.04,0.05,65.63,0.04,2.58,0.67
2024-06-10,17:45,June,Summer,V-Shape,77,15.82,28.84,28.23,82.31,0.02,65.84,0.02,1.29,0.67
2024-06-11,05:00,June,Summer,V-Shape,77,6.62,24.74,23.91,83.67,0.01,66.94,0.01,0.55,0.67
2024-06-11,05:15,June,Summer,V-Shape,77,32.83,25.0,24.82,83.38,0.05,66.71,0.04,2.71,0.67
2024-06-11,05:30,June,Summer,V-Shape,77,59.05,25.26,25.74,83.09,0.09,66.48,0.07,4.86,0.67
2024-06-11,05:45,June,Summer,V-Shape,77,85.27,25.52,26.65,82.8,0.13,66.24,0.11,6.99,0.67
2024-06-11,06:00,June,Summer,V-Shape,77,111.49,25.78,27.57,82.52,0.16,66.01,0.14,9.12,0.67
2024-06-11,06:15,June,Summer,V-Shape,77,153.97,26.08,28.93,82.08,0.23,65.67,0.19,12.55,0.67
2024-06-11,06:30,June,Summer,V-Shape,77,196.44,26.38,30.29,81.65,0.29,65.32,0.24,15.95,0.67
2024-06-11,06:45,June,Summer,V-Shape,77,238.92,26.67,31.65,81.22,0.35,64.98,0.3,19.32,0.67
2024-06-11,07:00,June,Summer,V-Shape,77,281.4,26.97,33.01,80.79,0.42,64.63,0.35,22.66,0.67
2024-06-11,07:15,June,Summer,V-Shape,77,327.25,27.39,34.57,80.3,0.49,64.24,0.41,26.23,0.67
2024-06-11,07:30,June,Summer,V-Shape,77,373.1,27.81,36.14,79.8,0.56,63.84,0.47,29.77,0.67
2024-06-11,07:45,June,Summer,V-Shape,77,418.95,28.24,37.71,79.3,0.63,63.44,0.52,33.27,0.67
2024-06-11,08:00,June,Summer,V-Shape,77,464.8,28.66,39.28,78.81,0.7,63.05,0.58,36.74,0.67
2024-06-11,08:15,June,Summer,V-Shape,77,495.7,29.09,40.49,78.42,0.74,62.74,0.62,39.04,0.67
2024-06-11,08:30,June,Summer,V-Shape,77,526.6,29.52,41.69,78.04,0.79,62.43,0.66,41.32,0.67
2024-06-11,08:45,June,Summer,V-Shape,77,557.5,29.96,42.9,77.66,0.84,62.13,0.7,43.58,0.67
2024-06-11,09:00,June,Summer,V-Shape,77,588.4,30.39,44.1,77.28,0.89,61.82,0.74,45.83,0.67
2024-06-11,09:15,June,Summer,V-Shape,77,605.71,30.74,44.88,77.03,0.91,61.63,0.76,47.06,0.67
2024-06-11,09:30,June,Summer,V-Shape,77,623.02,31.09,45.67,76.78,0.94,61.43,0.79,48.29,0.67
2024-06-11,09:45,June,Summer,V-Shape,77,640.33,31.44,46.45,76.54,0.97,61.23,0.81,49.51,0.67
2024-06-11,10:00,June,Summer,V-Shape,77,657.65,31.79,47.23,76.29,0.99,61.03,0.83,50.72,0.67
2024-06-11,10:15,June,Summer,V-Shape,77,684.36,32.09,48.2,75.98,1.03,60.79,0.87,52.62,0.67
2024-06-11,10:30,June,Summer,V-Shape,77,711.08,32.38,49.16,75.68,1.07,60.54,0.9,54.5,0.67
2024-06-11,10:45,June,Summer,V-Shape,77,737.79,32.68,50.13,75.37,1.12,60.3,0.93,56.37,0.67
2024-06-11,11:00,June,Summer,V-Shape,77,764.51,32.98,51.09,75.07,1.16,60.05,0.97,58.23,0.67
2024-06-11,11:15,June,Summer,V-Shape,77,750.26,33.16,50.91,75.12,1.14,60.1,0.95,57.18,0.67
2024-06-11,11:30,June,Summer,V-Shape,77,736.01,33.33,50.74,75.18,1.11,60.14,0.93,56.13,0.67
2024-06-11,11:45,June,Summer,V-Shape,77,721.77,33.51,50.56,75.24,1.09,60.19,0.92,55.07,0.67
2024-06-11,12:00,June,Summer,V-Shape,77,707.52,33.69,50.38,75.29,1.07,60.23,0.9,54.02,0.67
2024-06-11,12:15,June,Summer,V-Shape,77,675.37,33.76,49.64,75.52,1.02,60.42,0.86,51.68,0.67
2024-06-11,12:30,June,Summer,V-Shape,77,643.21,33.83,48.91,75.76,0.97,60.61,0.81,49.34,0.67
2024-06-11,12:45,June,Summer,V-Shape,77,611.05,33.9,48.18,75.99,0.92,60.79,0.77,46.98,0.67
2024-06-11,13:00,June,Summer,V-Shape,77,578.9,33.97,47.44,76.22,0.87,60.98,0.73,44.61,0.67
2024-06-11,13:15,June,Summer,V-Shape,77,556.33,33.98,46.89,76.4,0.84,61.12,0.7,42.95,0.67
2024-06-11,13:30,June,Summer,V-Shape,77,533.77,34.0,46.34,76.57,0.8,61.26,0.67,41.28,0.67
2024-06-11,13:45,June,Summer,V-Shape,77,511.21,34.02,45.8,76.74,0.77,61.39,0.65,39.6,0.67
2024-06-11,14:00,June,Summer,V-Shape,77,488.65,34.03,45.25,76.92,0.74,61.53,0.62,37.92,0.67
2024-06-11,14:15,June,Summer,V-Shape,77,460.66,33.89,44.4,77.18,0.69,61.75,0.58,35.84,0.67
2024-06-11,14:30,June,Summer,V-Shape,77,432.68,33.75,43.56,77.45,0.65,61.96,0.54,33.75,0.67
2024-06-11,14:45,June,Summer,V-Shape,77,404.69,33.6,42.72,77.72,0.61,62.17,0.51,31.65,0.67
2024-06-11,15:00,June,Summer,V-Shape,77,376.71,33.46,41.88,77.98,0.57,62.39,0.47,29.54,0.67
2024-06-11,15:15,June,Summer,V-Shape,77,333.38,33.16,40.49,78.42,0.5,62.74,0.42,26.26,0.67
2024-06-11,15:30,June,Summer,V-Shape,77,290.05,32.86,39.11,78.86,0.43,63.09,0.36,22.94,0.67
2024-06-11,15:45,June,Summer,V-Shape,77,246.72,32.55,37.72,79.3,0.37,63.44,0.31,19.59,0.67
2024-06-11,16:00,June,Summer,V-Shape,77,203.38,32.25,36.33,79.74,0.3,63.79,0.25,16.22,0.67
2024-06-11,16:15,June,Summer,V-Shape,77,165.57,31.72,34.86,80.21,0.25,64.17,0.21,13.26,0.67
2024-06-11,16:30,June,Summer,V-Shape,77,127.76,31.19,33.38,80.67,0.19,64.54,0.16,10.28,0.67
2024-06-11,16:45,June,Summer,V-Shape,77,89.95,30.65,31.9,81.14,0.13,64.91,0.11,7.27,0.67
2024-06-11,17:00,June,Summer,V-Shape,77,52.13,30.12,30.42,81.61,0.08,65.29,0.06,4.23,0.67
2024-06-11,17:15,June,Summer,V-Shape,77,39.1,29.6,29.57,81.88,0.06,65.5,0.05,3.18,0.67
2024-06-11,17:30,June,Summer,V-Shape,77,26.07,29.08,28.73,82.15,0.04,65.72,0.03,2.13,0.67
2024-06-11,17:45,June,Summer,V-Shape,77,13.03,28.55,27.88,82.42,0.02,65.93,0.02,1.07,0.67
2024-06-12,05:15,June,Summer,V-Shape,77,25.37,24.68,24.32,83.54,0.04,66.84,0.03,2.09,0.67
2024-06-12,05:30,June,Summer,V-Shape,77,45.73,24.91,25.05,83.31,0.07,66.65,0.06,3.77,0.67
2024-06-12,05:45,June,Summer,V-Shape,77,66.08,25.13,25.78,83.08,0.1,66.46,0.08,5.43,0.67
2024-06-12,06:00,June,Summer,V-Shape,77,86.44,25.35,26.51,82.85,0.13,66.28,0.11,7.09,0.67
2024-06-12,06:15,June,Summer,V-Shape,77,118.0,25.7,27.65,82.49,0.17,65.99,0.15,9.65,0.67
2024-06-12,06:30,June,Summer,V-Shape,77,149.57,26.05,28.78,82.13,0.22,65.7,0.19,12.19,0.67
2024-06-12,06:45,June,Summer,V-Shape,77,181.13,26.39,29.92,81.77,0.27,65.42,0.23,14.72,0.67
2024-06-12,07:00,June,Summer,V-Shape,77,212.7,26.74,31.06,81.41,0.32,65.13,0.26,17.23,0.67
2024-06-12,07:15,June,Summer,V-Shape,77,263.59,27.21,32.8,80.86,0.39,64.69,0.33,21.24,0.67
2024-06-12,07:30,June,Summer,V-Shape,77,314.49,27.67,34.54,80.31,0.47,64.25,0.39,25.21,0.67
2024-06-12,07:45,June,Summer,V-Shape,77,365.38,28.14,36.28,79.76,0.55,63.81,0.46,29.14,0.67
2024-06-12,08:00,June,Summer,V-Shape,77,416.27,28.61,38.02,79.21,0.62,63.37,0.52,33.03,0.67
2024-06-12,08:15,June,Summer,V-Shape,77,431.11,29.02,38.79,78.96,0.65,63.17,0.54,34.13,0.67
2024-06-12,08:30,June,Summer,V-Shape,77,445.95,29.42,39.57,78.71,0.67,62.97,0.56,35.22,0.67
2024-06-12,08:45,June,Summer,V-Shape,77,460.79,29.82,40.34,78.47,0.69,62.78,0.58,36.31,0.67
2024-06-12,09:00,June,Summer,V-Shape,77,475.63,30.23,41.12,78.22,0.71,62.58,0.6,37.39,0.67
2024-06-12,09:15,June,Summer,V-Shape,77,487.08,30.54,41.71,78.04,0.73,62.43,0.61,38.22,0.67
2024-06-12,09:30,June,Summer,V-Shape,77,498.53,30.84,42.3,77.85,0.75,62.28,0.63,39.04,0.67
2024-06-12,09:45,June,Summer,V-Shape,77,509.98,31.14,42.89,77.66,0.77,62.13,0.64,39.87,0.67
2024-06-12,10:00,June,Summer,V-Shape,77,521.43,31.45,43.49,77.47,0.78,61.98,0.66,40.69,0.67
2024-06-12,10:15,June,Summer,V-Shape,77,539.08,31.66,44.14,77.27,0.81,61.81,0.68,41.98,0.67
2024-06-12,10:30,June,Summer,V-Shape,77,556.73,31.88,44.8,77.06,0.84,61.65,0.7,43.27,0.67
2024-06-12,10:45,June,Summer,V-Shape,77,574.37,32.09,45.45,76.85,0.87,61.48,0.72,44.55,0.67
2024-06-12,11:00,June,Summer,V-Shape,77,592.02,32.31,46.11,76.64,0.89,61.31,0.75,45.82,0.67
2024-06-12,11:15,June,Summer,V-Shape,77,579.34,32.43,45.91,76.71,0.87,61.37,0.73,44.87,0.67
2024-06-12,11:30,June,Summer,V-Shape,77,566.66,32.54,45.71,76.77,0.85,61.42,0.71,43.91,0.67
2024-06-12,11:45,June,Summer,V-Shape,77,553.99,32.66,45.5,76.84,0.83,61.47,0.7,42.96,0.67
2024-06-12,12:00,June,Summer,V-Shape,77,541.31,32.77,45.3,76.9,0.82,61.52,0.68,42.0,0.67
2024-06-12,12:15,June,Summer,V-Shape,77,537.49,32.8,45.24,76.92,0.81,61.53,0.68,41.71,0.67
2024-06-12,12:30,June,Summer,V-Shape,77,533.68,32.84,45.18,76.94,0.8,61.55,0.67,41.42,0.67
2024-06-12,12:45,June,Summer,V-Shape,77,529.86,32.88,45.12,76.96,0.8,61.57,0.67,41.14,0.67
2024-06-12,13:00,June,Summer,V-Shape,77,526.05,32.91,45.06,76.98,0.79,61.58,0.66,40.85,0.67
2024-06-12,13:15,June,Summer,V-Shape,77,480.72,32.84,43.86,77.36,0.72,61.88,0.61,37.47,0.67
2024-06-12,13:30,June,Summer,V-Shape,77,435.4,32.78,42.66,77.73,0.65,62.19,0.55,34.06,0.67
2024-06-12,13:45,June,Summer,V-Shape,77,390.07,32.71,41.47,78.11,0.59,62.49,0.49,30.63,0.67
2024-06-12,14:00,June,Summer,V-Shape,77,344.75,32.65,40.27,78.49,0.52,62.79,0.43,27.17,0.67
2024-06-12,14:15,June,Summer,V-Shape,77,316.86,32.45,39.37,78.78,0.47,63.02,0.4,25.04,0.67
2024-06-12,14:30,June,Summer,V-Shape,77,288.98,32.24,38.47,79.06,0.43,63.25,0.36,22.9,0.67
2024-06-12,14:45,June,Summer,V-Shape,77,261.09,32.04,37.57,79.35,0.39,63.48,0.33,20.74,0.67
2024-06-12,15:00,June,Summer,V-Shape,77,233.21,31.84,36.67,79.63,0.35,63.71,0.29,18.58,0.67
2024-06-12,15:15,June,Summer,V-Shape,77,212.15,31.52,35.82,79.9,0.32,63.92,0.27,16.94,0.67
2024-06-12,15:30,June,Summer,V-Shape,77,191.09,31.2,34.97,80.17,0.28,64.14,0.24,15.3,0.67
2024-06-12,15:45,June,Summer,V-Shape,77,170.03,30.87,34.12,80.44,0.25,64.35,0.21,13.65,0.67
2024-06-12,16:00,June,Summer,V-Shape,77,148.97,30.55,33.27,80.71,0.22,64.57,0.19,11.99,0.67
2024-06-12,16:15,June,Summer,V-Shape,77,120.51,30.05,32.07,81.09,0.18,64.87,0.15,9.73,0.67
2024-06-12,16:30,June,Summer,V-Shape,77,92.05,29.56,30.86,81.47,0.14,65.18,0.11,7.46,0.67
2024-06-12,16:45,June,Summer,V-Shape,77,63.59,29.07,29.65,81.85,0.09,65.48,0.08,5.17,0.67
2024-06-12,17:00,June,Summer,V-Shape,77,35.12,28.57,28.45,82.24,0.05,65.79,0.04,2.87,0.67
2024-06-12,17:15,June,Summer,V-Shape,77,26.34,28.19,27.84,82.43,0.04,65.94,0.03,2.15,0.67
2024-06-12,17:30,June,Summer,V-Shape,77,17.56,27.8,27.24,82.62,0.03,66.1,0.02,1.44,0.67
2024-06-12,17:45,June,Summer,V-Shape,77,8.78,27.41,26.63,82.81,0.01,66.25,0.01,0.72,0.67
2024-06-13,04:45,June,Summer,V-Shape,77,5.39,23.21,22.34,84.17,0.01,67.34,0.01,0.45,0.67
2024-06-13,05:00,June,Summer,V-Shape,77,7.19,23.17,22.35,84.17,0.01,67.33,0.01,0.6,0.67
2024-06-13,05:15,June,Summer,V-Shape,77,37.49,23.57,23.5,83.8,0.06,67.04,0.05,3.1,0.67
2024-06-13,05:30,June,Summer,V-Shape,77,67.79,23.96,24.65,83.44,0.1,66.75,0.08,5.59,0.67
2024-06-13,05:45,June,Summer,V-Shape,77,98.09,24.36,25.81,83.07,0.14,66.46,0.12,8.07,0.67
2024-06-13,06:00,June,Summer,V-Shape,77,128.39,24.75,26.96,82.71,0.19,66.17,0.16,10.52,0.67
2024-06-13,06:15,June,Summer,V-Shape,77,173.95,25.24,28.59,82.19,0.26,65.75,0.22,14.19,0.67
2024-06-13,06:30,June,Summer,V-Shape,77,219.51,25.73,30.22,81.67,0.33,65.34,0.27,17.82,0.67
2024-06-13,06:45,June,Summer,V-Shape,77,265.06,26.23,31.85,81.16,0.39,64.93,0.33,21.42,0.67
2024-06-13,07:00,June,Summer,V-Shape,77,310.62,26.72,33.49,80.64,0.46,64.51,0.39,24.98,0.67
2024-06-13,07:15,June,Summer,V-Shape,77,358.32,27.31,35.27,80.08,0.53,64.06,0.45,28.67,0.67
2024-06-13,07:30,June,Summer,V-Shape,77,406.01,27.91,37.06,79.51,0.61,63.61,0.51,32.31,0.67
2024-06-13,07:45,June,Summer,V-Shape,77,453.7,28.5,38.84,78.95,0.68,63.16,0.57,35.91,0.67
2024-06-13,08:00,June,Summer,V-Shape,77,501.4,29.09,40.62,78.38,0.75,62.7,0.63,39.47,0.67
2024-06-13,08:15,June,Summer,V-Shape,77,542.72,29.64,42.21,77.88,0.81,62.3,0.68,42.52,0.67
2024-06-13,08:30,June,Summer,V-Shape,77,584.05,30.2,43.8,77.38,0.88,61.9,0.74,45.53,0.67
2024-06-13,08:45,June,Summer,V-Shape,77,625.37,30.75,45.38,76.87,0.94,61.5,0.79,48.51,0.67
2024-06-13,09:00,June,Summer,V-Shape,77,666.7,31.3,46.97,76.37,1.01,61.1,0.84,51.46,0.67
2024-06-13,09:15,June,Summer,V-Shape,77,678.72,31.77,47.74,76.13,1.02,60.9,0.86,52.26,0.67
2024-06-13,09:30,June,Summer,V-Shape,77,690.74,32.24,48.51,75.88,1.04,60.71,0.87,53.05,0.67
2024-06-13,09:45,June,Summer,V-Shape,77,702.76,32.72,49.29,75.64,1.06,60.51,0.89,53.84,0.67
2024-06-13,10:00,June,Summer,V-Shape,77,714.79,33.19,50.06,75.39,1.08,60.31,0.91,54.63,0.67
2024-06-13,10:15,June,Summer,V-Shape,77,736.65,33.55,50.97,75.11,1.12,60.08,0.93,56.13,0.67
2024-06-13,10:30,June,Summer,V-Shape,77,758.52,33.91,51.87,74.82,1.15,59.86,0.96,57.63,0.67
2024-06-13,10:45,June,Summer,V-Shape,77,780.39,34.27,52.78,74.53,1.18,59.63,0.99,59.12,0.67
2024-06-13,11:00,June,Summer,V-Shape,77,802.25,34.63,53.69,74.24,1.22,59.4,1.02,60.59,0.67
2024-06-13,11:15,June,Summer,V-Shape,77,804.5,34.88,53.99,74.15,1.22,59.32,1.02,60.7,0.67
2024-06-13,11:30,June,Summer,V-Shape,77,806.75,35.12,54.29,74.05,1.23,59.24,1.03,60.81,0.67
2024-06-13,11:45,June,Summer,V-Shape,77,809.0,35.37,54.59,73.96,1.23,59.17,1.03,60.92,0.67
2024-06-13,12:00,June,Summer,V-Shape,77,811.25,35.61,54.89,73.86,1.23,59.09,1.03,61.03,0.67
2024-06-13,12:15,June,Summer,V-Shape,77,803.2,35.72,54.8,73.89,1.22,59.11,1.02,60.44,0.67
2024-06-13,12:30,June,Summer,V-Shape,77,795.15,35.82,54.7,73.92,1.21,59.14,1.01,59.86,0.67
2024-06-13,12:45,June,Summer,V-Shape,77,787.1,35.92,54.6,73.95,1.2,59.16,1.0,59.27,0.67
2024-06-13,13:00,June,Summer,V-Shape,77,779.05,36.03,54.51,73.98,1.18,59.19,0.99,58.68,0.67
2024-06-13,13:15,June,Summer,V-Shape,77,738.79,36.02,53.49,74.31,1.12,59.45,0.94,55.84,0.67
2024-06-13,13:30,June,Summer,V-Shape,77,698.53,36.01,52.47,74.63,1.06,59.7,0.89,52.97,0.67
2024-06-13,13:45,June,Summer,V-Shape,77,658.27,36.0,51.46,74.95,1.0,59.96,0.84,50.08,0.67
2024-06-13,14:00,June,Summer,V-Shape,77,618.01,35.99,50.44,75.27,0.94,60.22,0.78,47.17,0.67
2024-06-13,14:15,June,Summer,V-Shape,77,566.36,35.86,49.01,75.72,0.86,60.58,0.72,43.43,0.67
2024-06-13,14:30,June,Summer,V-Shape,77,514.72,35.72,47.59,76.18,0.78,60.94,0.65,39.65,0.67
2024-06-13,14:45,June,Summer,V-Shape,77,463.07,35.59,46.16,76.63,0.7,61.3,0.58,35.83,0.67
2024-06-13,15:00,June,Summer,V-Shape,77,411.42,35.45,44.74,77.08,0.62,61.66,0.52,31.98,0.67
2024-06-13,15:15,June,Summer,V-Shape,77,363.48,35.18,43.26,77.55,0.55,62.04,0.46,28.38,0.67
2024-06-13,15:30,June,Summer,V-Shape,77,315.53,34.9,41.79,78.01,0.47,62.41,0.4,24.75,0.67
2024-06-13,15:45,June,Summer,V-Shape,77,267.58,34.62,40.31,78.48,0.4,62.78,0.34,21.09,0.67
2024-06-13,16:00,June,Summer,V-Shape,77,219.64,34.35,38.84,78.95,0.33,63.16,0.28,17.38,0.67
2024-06-13,16:15,June,Summer,V-Shape,77,179.88,33.61,37.1,79.5,0.27,63.6,0.23,14.31,0.67
2024-06-13,16:30,June,Summer,V-Shape,77,140.11,32.86,35.36,80.05,0.21,64.04,0.17,11.21,0.67
2024-06-13,16:45,June,Summer,V-Shape,77,100.35,32.12,33.62,80.6,0.15,64.48,0.13,8.07,0.67
2024-06-13,17:00,June,Summer,V-Shape,77,60.59,31.37,31.88,81.15,0.09,64.92,0.08,4.9,0.67
2024-06-13,17:15,June,Summer,V-Shape,77,45.44,30.74,30.88,81.47,0.07,65.17,0.06,3.68,0.67
2024-06-13,17:30,June,Summer,V-Shape,77,30.29,30.12,29.87,81.79,0.04,65.43,0.04,2.46,0.67
2024-06-13,17:45,June,Summer,V-Shape,77,15.15,29.49,28.87,82.1,0.02,65.68,0.02,1.23,0.67
2024-06-14,04:45,June,Summer,V-Shape,77,5.49,23.65,22.79,84.03,0.01,67.22,0.01,0.46,0.67
2024-06-14,05:00,June,Summer,V-Shape,77,7.32,23.63,22.81,84.02,0.01,67.22,0.01,0.61,0.67
2024-06-14,05:15,June,Summer,V-Shape,77,34.66,23.93,23.8,83.71,0.05,66.97,0.04,2.87,0.67
2024-06-14,05:30,June,Summer,V-Shape,77,62.0,24.23,24.78,83.4,0.09,66.72,0.08,5.11,0.67
2024-06-14,05:45,June,Summer,V-Shape,77,89.34,24.54,25.77,83.08,0.13,66.47,0.11,7.35,0.67
2024-06-14,06:00,June,Summer,V-Shape,77,116.68,24.84,26.76,82.77,0.17,66.22,0.14,9.57,0.67
2024-06-14,06:15,June,Summer,V-Shape,77,157.86,25.27,28.22,82.31,0.23,65.85,0.2,12.89,0.67
2024-06-14,06:30,June,Summer,V-Shape,77,199.04,25.7,29.68,81.85,0.3,65.48,0.25,16.19,0.67
2024-06-14,06:45,June,Summer,V-Shape,77,240.22,26.13,31.14,81.39,0.36,65.11,0.3,19.45,0.67
2024-06-14,07:00,June,Summer,V-Shape,77,281.4,26.56,32.59,80.92,0.42,64.74,0.35,22.69,0.67
2024-06-14,07:15,June,Summer,V-Shape,77,322.94,27.24,34.32,80.38,0.48,64.3,0.4,25.91,0.67
2024-06-14,07:30,June,Summer,V-Shape,77,364.48,27.93,36.04,79.83,0.54,63.87,0.46,29.09,0.67
2024-06-14,07:45,June,Summer,V-Shape,77,406.02,28.62,37.77,79.29,0.61,63.43,0.51,32.24,0.67
2024-06-14,08:00,June,Summer,V-Shape,77,447.56,29.3,39.49,78.74,0.67,62.99,0.56,35.36,0.67
2024-06-14,08:15,June,Summer,V-Shape,77,490.39,29.91,41.17,78.21,0.74,62.57,0.62,38.54,0.67
2024-06-14,08:30,June,Summer,V-Shape,77,533.22,30.52,42.85,77.68,0.8,62.14,0.67,41.69,0.67
2024-06-14,08:45,June,Summer,V-Shape,77,576.04,31.13,44.53,77.14,0.87,61.71,0.73,44.8,0.67
2024-06-14,09:00,June,Summer,V-Shape,77,618.87,31.74,46.21,76.61,0.93,61.29,0.78,47.88,0.67
2024-06-14,09:15,June,Summer,V-Shape,77,656.8,32.2,47.62,76.17,0.99,60.93,0.83,50.59,0.67
2024-06-14,09:30,June,Summer,V-Shape,77,694.73,32.66,49.03,75.72,1.05,60.58,0.88,53.27,0.67
2024-06-14,09:45,June,Summer,V-Shape,77,732.66,33.12,50.44,75.27,1.11,60.22,0.93,55.93,0.67
2024-06-14,10:00,June,Summer,V-Shape,77,770.6,33.58,51.84,74.83,1.17,59.86,0.98,58.55,0.67
2024-06-14,10:15,June,Summer,V-Shape,77,770.77,33.83,52.1,74.75,1.17,59.8,0.98,58.52,0.67
2024-06-14,10:30,June,Summer,V-Shape,77,770.94,34.08,52.35,74.67,1.17,59.73,0.98,58.48,0.67
2024-06-14,10:45,June,Summer,V-Shape,77,771.11,34.33,52.61,74.59,1.17,59.67,0.98,58.45,0.67
2024-06-14,11:00,June,Summer,V-Shape,77,771.28,34.58,52.86,74.51,1.17,59.6,0.98,58.41,0.67
2024-06-14,11:15,June,Summer,V-Shape,77,782.56,34.72,53.29,74.37,1.19,59.5,0.99,59.18,0.67
2024-06-14,11:30,June,Summer,V-Shape,77,793.85,34.86,53.71,74.24,1.21,59.39,1.01,59.95,0.67
2024-06-14,11:45,June,Summer,V-Shape,77,805.14,35.01,54.14,74.1,1.22,59.28,1.02,60.72,0.67
2024-06-14,12:00,June,Summer,V-Shape,77,816.43,35.15,54.56,73.97,1.24,59.17,1.04,61.49,0.67
2024-06-14,12:15,June,Summer,V-Shape,77,787.87,35.2,53.89,74.18,1.2,59.34,1.0,59.47,0.67
2024-06-14,12:30,June,Summer,V-Shape,77,759.31,35.25,53.23,74.39,1.15,59.51,0.97,57.44,0.67
2024-06-14,12:45,June,Summer,V-Shape,77,730.75,35.29,52.56,74.6,1.11,59.68,0.93,55.4,0.67
2024-06-14,13:00,June,Summer,V-Shape,77,702.19,35.34,51.89,74.81,1.06,59.85,0.89,53.35,0.67
2024-06-14,13:15,June,Summer,V-Shape,77,675.6,35.29,51.18,75.04,1.02,60.03,0.86,51.45,0.67
2024-06-14,13:30,June,Summer,V-Shape,77,649.02,35.23,50.46,75.27,0.98,60.21,0.82,49.54,0.67
2024-06-14,13:45,June,Summer,V-Shape,77,622.43,35.18,49.74,75.49,0.94,60.39,0.79,47.62,0.67
2024-06-14,14:00,June,Summer,V-Shape,77,595.84,35.13,49.03,75.72,0.9,60.58,0.75,45.69,0.67
2024-06-14,14:15,June,Summer,V-Shape,77,551.1,35.02,47.8,76.11,0.83,60.89,0.7,42.42,0.67
2024-06-14,14:30,June,Summer,V-Shape,77,506.35,34.91,46.57,76.5,0.76,61.2,0.64,39.13,0.67
2024-06-14,14:45,June,Summer,V-Shape,77,461.6,34.8,45.34,76.89,0.7,61.51,0.58,35.81,0.67
2024-06-14,15:00,June,Summer,V-Shape,77,416.85,34.69,44.11,77.28,0.63,61.82,0.53,32.46,0.67
2024-06-14,15:15,June,Summer,V-Shape,77,369.33,34.47,42.71,77.72,0.55,62.18,0.46,28.89,0.67
2024-06-14,15:30,June,Summer,V-Shape,77,321.81,34.25,41.3,78.17,0.48,62.53,0.4,25.28,0.67
2024-06-14,15:45,June,Summer,V-Shape,77,274.3,34.04,39.89,78.61,0.41,62.89,0.34,21.64,0.67
2024-06-14,16:00,June,Summer,V-Shape,77,226.78,33.82,38.49,79.06,0.34,63.25,0.28,17.97,0.67
2024-06-14,16:15,June,Summer,V-Shape,77,186.18,33.19,36.84,79.58,0.28,63.66,0.23,14.82,0.67
2024-06-14,16:30,June,Summer,V-Shape,77,145.57,32.55,35.19,80.1,0.22,64.08,0.18,11.65,0.67
2024-06-14,16:45,June,Summer,V-Shape,77,104.97,31.91,33.54,80.62,0.16,64.5,0.13,8.44,0.67
2024-06-14,17:00,June,Summer,V-Shape,77,64.36,31.28,31.89,81.15,0.1,64.92,0.08,5.2,0.67
2024-06-14,17:15,June,Summer,V-Shape,77,48.27,30.76,30.96,81.44,0.07,65.15,0.06,3.91,0.67
2024-06-14,17:30,June,Summer,V-Shape,77,32.18,30.23,30.04,81.73,0.05,65.39,0.04,2.61,0.67
2024-06-14,17:45,June,Summer,V-Shape,77,16.09,29.71,29.11,82.03,0.02,65.62,0.02,1.31,0.67
2024-06-15,04:45,June,Summer,V-Shape,77,5.29,24.39,23.52,83.8,0.01,67.04,0.01,0.44,0.67
2024-06-15,05:00,June,Summer,V-Shape,77,7.06,24.37,23.55,83.79,0.01,67.03,0.01,0.58,0.67
2024-06-15,05:15,June,Summer,V-Shape,77,37.41,24.61,24.55,83.47,0.06,66.78,0.05,3.09,0.67
2024-06-15,05:30,June,Summer,V-Shape,77,67.76,24.86,25.55,83.15,0.1,66.52,0.08,5.58,0.67
2024-06-15,05:45,June,Summer,V-Shape,77,98.11,25.1,26.55,82.84,0.15,66.27,0.12,8.05,0.67
2024-06-15,06:00,June,Summer,V-Shape,77,128.47,25.34,27.55,82.52,0.19,66.02,0.16,10.51,0.67
2024-06-15,06:15,June,Summer,V-Shape,77,181.99,25.81,29.36,81.95,0.27,65.56,0.23,14.81,0.67
2024-06-15,06:30,June,Summer,V-Shape,77,235.52,26.29,31.18,81.37,0.35,65.1,0.29,19.07,0.67
2024-06-15,06:45,June,Summer,V-Shape,77,289.04,26.77,32.99,80.8,0.43,64.64,0.36,23.28,0.67
2024-06-15,07:00,June,Summer,V-Shape,77,342.56,27.24,34.8,80.22,0.51,64.18,0.43,27.44,0.67
2024-06-15,07:15,June,Summer,V-Shape,77,396.64,28.0,36.92,79.55,0.59,63.64,0.5,31.58,0.67
2024-06-15,07:30,June,Summer,V-Shape,77,450.71,28.76,39.03,78.89,0.67,63.11,0.56,35.65,0.67
2024-06-15,07:45,June,Summer,V-Shape,77,504.79,29.52,41.14,78.22,0.76,62.57,0.63,39.68,0.67
2024-06-15,08:00,June,Summer,V-Shape,77,558.86,30.28,43.25,77.55,0.84,62.04,0.7,43.64,0.67
2024-06-15,08:15,June,Summer,V-Shape,77,607.27,30.92,45.1,76.96,0.91,61.57,0.77,47.15,0.67
2024-06-15,08:30,June,Summer,V-Shape,77,655.67,31.56,46.95,76.38,0.99,61.1,0.83,50.61,0.67
2024-06-15,08:45,June,Summer,V-Shape,77,704.08,32.2,48.8,75.79,1.06,60.63,0.89,54.03,0.67
2024-06-15,09:00,June,Summer,V-Shape,77,752.48,32.84,50.65,75.21,1.14,60.16,0.95,57.4,0.67
2024-06-15,09:15,June,Summer,V-Shape,77,775.62,33.27,51.66,74.89,1.18,59.91,0.98,58.97,0.67
2024-06-15,09:30,June,Summer,V-Shape,77,798.75,33.7,52.67,74.57,1.21,59.65,1.01,60.53,0.67
2024-06-15,09:45,June,Summer,V-Shape,77,821.88,34.14,53.68,74.25,1.25,59.4,1.05,62.08,0.67
2024-06-15,10:00,June,Summer,V-Shape,77,845.02,34.57,54.7,73.93,1.28,59.14,1.08,63.61,0.67
2024-06-15,10:15,June,Summer,V-Shape,77,853.34,34.89,55.22,73.76,1.3,59.01,1.09,64.12,0.67
2024-06-15,10:30,June,Summer,V-Shape,77,861.66,35.21,55.75,73.59,1.31,58.87,1.1,64.64,0.67
2024-06-15,10:45,June,Summer,V-Shape,77,869.97,35.53,56.28,73.42,1.32,58.74,1.11,65.14,0.67
2024-06-15,11:00,June,Summer,V-Shape,77,878.29,35.85,56.81,73.26,1.34,58.61,1.12,65.65,0.67
2024-06-15,11:15,June,Summer,V-Shape,77,871.58,36.05,56.84,73.25,1.33,58.6,1.11,65.14,0.67
2024-06-15,11:30,June,Summer,V-Shape,77,864.87,36.25,56.88,73.23,1.32,58.59,1.1,64.63,0.67
2024-06-15,11:45,June,Summer,V-Shape,77,858.16,36.46,56.91,73.22,1.31,58.58,1.09,64.12,0.67
2024-06-15,12:00,June,Summer,V-Shape,77,851.45,36.66,56.95,73.21,1.3,58.57,1.09,63.61,0.67
2024-06-15,12:15,June,Summer,V-Shape,77,839.53,36.71,56.7,73.29,1.28,58.63,1.07,62.78,0.67
2024-06-15,12:30,June,Summer,V-Shape,77,827.61,36.77,56.46,73.37,1.26,58.69,1.06,61.94,0.67
2024-06-15,12:45,June,Summer,V-Shape,77,815.69,36.82,56.21,73.45,1.24,58.76,1.04,61.09,0.67
2024-06-15,13:00,June,Summer,V-Shape,77,803.77,36.87,55.96,73.52,1.22,58.82,1.02,60.25,0.67
2024-06-15,13:15,June,Summer,V-Shape,77,770.5,36.78,55.04,73.82,1.17,59.05,0.98,57.93,0.67
2024-06-15,13:30,June,Summer,V-Shape,77,737.23,36.69,54.12,74.11,1.12,59.29,0.94,55.6,0.67
2024-06-15,13:45,June,Summer,V-Shape,77,703.96,36.6,53.2,74.4,1.07,59.52,0.89,53.25,0.67
2024-06-15,14:00,June,Summer,V-Shape,77,670.69,36.51,52.28,74.69,1.02,59.75,0.85,50.89,0.67
2024-06-15,14:15,June,Summer,V-Shape,77,623.4,36.31,50.9,75.13,0.94,60.1,0.79,47.51,0.67
2024-06-15,14:30,June,Summer,V-Shape,77,576.12,36.12,49.52,75.56,0.87,60.45,0.73,44.11,0.67
2024-06-15,14:45,June,Summer,V-Shape,77,528.84,35.92,48.15,76.0,0.8,60.8,0.67,40.67,0.67
2024-06-15,15:00,June,Summer,V-Shape,77,481.55,35.73,46.77,76.43,0.73,61.15,0.61,37.19,0.67
2024-06-15,15:15,June,Summer,V-Shape,77,427.9,35.41,45.11,76.96,0.64,61.57,0.54,33.22,0.67
2024-06-15,15:30,June,Summer,V-Shape,77,374.25,35.09,43.45,77.49,0.56,61.99,0.47,29.21,0.67
2024-06-15,15:45,June,Summer,V-Shape,77,320.59,34.77,41.78,78.01,0.48,62.41,0.4,25.15,0.67
2024-06-15,16:00,June,Summer,V-Shape,77,266.94,34.45,40.12,78.54,0.4,62.83,0.33,21.05,0.67
2024-06-15,16:15,June,Summer,V-Shape,77,218.07,33.82,38.27,79.13,0.33,63.3,0.27,17.29,0.67
2024-06-15,16:30,June,Summer,V-Shape,77,169.2,33.19,36.42,79.71,0.25,63.77,0.21,13.49,0.67
2024-06-15,16:45,June,Summer,V-Shape,77,120.32,32.56,34.57,80.3,0.18,64.24,0.15,9.65,0.67
2024-06-15,17:00,June,Summer,V-Shape,77,71.45,31.93,32.72,80.88,0.11,64.71,0.09,5.76,0.67
2024-06-15,17:15,June,Summer,V-Shape,77,53.59,31.38,31.72,81.2,0.08,64.96,0.07,4.33,0.67
2024-06-15,17:30,June,Summer,V-Shape,77,35.73,30.82,30.72,81.52,0.05,65.21,0.04,2.9,0.67
2024-06-15,17:45,June,Summer,V-Shape,77,17.86,30.27,29.72,81.83,0.03,65.47,0.02,1.45,0.67
2024-06-16,04:45,June,Summer,V-Shape,77,5.43,24.51,23.64,83.76,0.01,67.01,0.01,0.45,0.67
2024-06-16,05:00,June,Summer,V-Shape,77,7.25,24.47,23.65,83.76,0.01,67.0,0.01,0.6,0.67
2024-06-16,05:15,June,Summer,V-Shape,77,40.09,24.69,24.69,83.43,0.06,66.74,0.05,3.31,0.67
2024-06-16,05:30,June,Summer,V-Shape,77,72.93,24.91,25.73,83.1,0.11,66.48,0.09,6.0,0.67
2024-06-16,05:45,June,Summer,V-Shape,77,105.78,25.13,26.77,82.77,0.16,66.21,0.13,8.67,0.67
2024-06-16,06:00,June,Summer,V-Shape,77,138.62,25.35,27.82,82.44,0.21,65.95,0.17,11.33,0.67
2024-06-16,06:15,June,Summer,V-Shape,77,196.27,25.77,29.68,81.85,0.29,65.48,0.24,15.96,0.67
2024-06-16,06:30,June,Summer,V-Shape,77,253.93,26.2,31.54,81.26,0.38,65.0,0.32,20.54,0.67
2024-06-16,06:45,June,Summer,V-Shape,77,311.58,26.62,33.41,80.67,0.46,64.53,0.39,25.06,0.67
2024-06-16,07:00,June,Summer,V-Shape,77,369.23,27.04,35.27,80.08,0.55,64.06,0.46,29.54,0.67
2024-06-16,07:15,June,Summer,V-Shape,77,425.58,27.69,37.33,79.42,0.64,63.54,0.53,33.84,0.67
2024-06-16,07:30,June,Summer,V-Shape,77,481.92,28.34,39.39,78.77,0.72,63.02,0.6,38.08,0.67
2024-06-16,07:45,June,Summer,V-Shape,77,538.27,29.0,41.45,78.12,0.81,62.49,0.68,42.27,0.67
2024-06-16,08:00,June,Summer,V-Shape,77,594.62,29.65,43.52,77.47,0.89,61.97,0.75,46.39,0.67
2024-06-16,08:15,June,Summer,V-Shape,77,634.03,30.27,45.12,76.96,0.95,61.57,0.8,49.22,0.67
2024-06-16,08:30,June,Summer,V-Shape,77,673.45,30.88,46.72,76.45,1.02,61.16,0.85,52.02,0.67
2024-06-16,08:45,June,Summer,V-Shape,77,712.87,31.5,48.32,75.94,1.08,60.75,0.9,54.79,0.67
2024-06-16,09:00,June,Summer,V-Shape,77,752.29,32.12,49.93,75.43,1.14,60.35,0.95,57.52,0.67
2024-06-16,09:15,June,Summer,V-Shape,77,755.38,32.55,50.44,75.27,1.14,60.22,0.96,57.66,0.67
2024-06-16,09:30,June,Summer,V-Shape,77,758.46,32.99,50.95,75.11,1.15,60.09,0.96,57.8,0.67
2024-06-16,09:45,June,Summer,V-Shape,77,761.55,33.42,51.46,74.95,1.15,59.96,0.97,57.94,0.67
2024-06-16,10:00,June,Summer,V-Shape,77,764.63,33.86,51.98,74.79,1.16,59.83,0.97,58.08,0.67
2024-06-16,10:15,June,Summer,V-Shape,77,774.38,34.17,52.53,74.61,1.17,59.69,0.98,58.71,0.67
2024-06-16,10:30,June,Summer,V-Shape,77,784.12,34.48,53.08,74.44,1.19,59.55,1.0,59.34,0.67
2024-06-16,10:45,June,Summer,V-Shape,77,793.87,34.79,53.64,74.26,1.21,59.41,1.01,59.97,0.67
2024-06-16,11:00,June,Summer,V-Shape,77,803.62,35.1,54.19,74.08,1.22,59.27,1.02,60.59,0.67
2024-06-16,11:15,June,Summer,V-Shape,77,795.51,35.35,54.24,74.07,1.21,59.26,1.01,59.97,0.67
2024-06-16,11:30,June,Summer,V-Shape,77,787.4,35.59,54.28,74.06,1.2,59.25,1.0,59.35,0.67
2024-06-16,11:45,June,Summer,V-Shape,77,779.28,35.84,54.32,74.04,1.18,59.23,0.99,58.73,0.67
2024-06-16,12:00,June,Summer,V-Shape,77,771.17,36.09,54.37,74.03,1.17,59.22,0.98,58.11,0.67
2024-06-16,12:15,June,Summer,V-Shape,77,768.47,36.19,54.4,74.02,1.17,59.21,0.98,57.9,0.67
2024-06-16,12:30,June,Summer,V-Shape,77,765.78,36.3,54.44,74.01,1.16,59.2,0.97,57.69,0.67
2024-06-16,12:45,June,Summer,V-Shape,77,763.08,36.4,54.47,74.0,1.16,59.2,0.97,57.48,0.67
2024-06-16,13:00,June,Summer,V-Shape,77,760.38,36.5,54.51,73.98,1.16,59.19,0.97,57.27,0.67
2024-06-16,13:15,June,Summer,V-Shape,77,724.74,36.42,53.54,74.29,1.1,59.43,0.92,54.77,0.67
2024-06-16,13:30,June,Summer,V-Shape,77,689.1,36.34,52.56,74.6,1.05,59.68,0.88,52.24,0.67
2024-06-16,13:45,June,Summer,V-Shape,77,653.46,36.25,51.59,74.91,0.99,59.93,0.83,49.69,0.67
2024-06-16,14:00,June,Summer,V-Shape,77,617.82,36.17,50.62,75.22,0.94,60.17,0.78,47.13,0.67
2024-06-16,14:15,June,Summer,V-Shape,77,567.18,35.99,49.17,75.67,0.86,60.54,0.72,43.47,0.67
2024-06-16,14:30,June,Summer,V-Shape,77,516.54,35.81,47.72,76.13,0.78,60.91,0.65,39.77,0.67
2024-06-16,14:45,June,Summer,V-Shape,77,465.9,35.63,46.28,76.59,0.7,61.27,0.59,36.04,0.67
2024-06-16,15:00,June,Summer,V-Shape,77,415.25,35.45,44.83,77.05,0.63,61.64,0.52,32.27,0.67
2024-06-16,15:15,June,Summer,V-Shape,77,367.5,35.2,43.39,77.5,0.55,62.0,0.46,28.69,0.67
2024-06-16,15:30,June,Summer,V-Shape,77,319.74,34.96,41.95,77.96,0.48,62.37,0.4,25.07,0.67
2024-06-16,15:45,June,Summer,V-Shape,77,271.98,34.72,40.51,78.42,0.41,62.73,0.34,21.42,0.67
2024-06-16,16:00,June,Summer,V-Shape,77,224.23,34.47,39.08,78.87,0.34,63.1,0.28,17.74,0.67
2024-06-16,16:15,June,Summer,V-Shape,77,183.44,33.94,37.52,79.36,0.27,63.49,0.23,14.58,0.67
2024-06-16,16:30,June,Summer,V-Shape,77,142.65,33.41,35.97,79.85,0.21,63.88,0.18,11.39,0.67
2024-06-16,16:45,June,Summer,V-Shape,77,101.87,32.87,34.42,80.35,0.15,64.28,0.13,8.17,0.67
2024-06-16,17:00,June,Summer,V-Shape,77,61.08,32.34,32.87,80.84,0.09,64.67,0.08,4.92,0.67
2024-06-16,17:15,June,Summer,V-Shape,77,45.81,31.76,31.91,81.14,0.07,64.91,0.06,3.7,0.67
2024-06-16,17:30,June,Summer,V-Shape,77,30.54,31.19,30.95,81.44,0.05,65.16,0.04,2.47,0.67
2024-06-16,17:45,June,Summer,V-Shape,77,15.27,30.61,29.99,81.75,0.02,65.4,0.02,1.24,0.67
2024-06-17,04:45,June,Summer,V-Shape,77,5.47,24.05,23.18,83.9,0.01,67.12,0.01,0.45,0.67
2024-06-17,05:00,June,Summer,V-Shape,77,7.3,24.0,23.18,83.9,0.01,67.12,0.01,0.6,0.67
2024-06-17,05:15,June,Summer,V-Shape,77,39.93,24.25,24.24,83.57,0.06,66.85,0.05,3.3,0.67
2024-06-17,05:30,June,Summer,V-Shape,77,72.57,24.49,25.3,83.23,0.11,66.59,0.09,5.97,0.67
2024-06-17,05:45,June,Summer,V-Shape,77,105.2,24.73,26.36,82.9,0.16,66.32,0.13,8.64,0.67
2024-06-17,06:00,June,Summer,V-Shape,77,137.83,24.98,27.43,82.56,0.2,66.05,0.17,11.28,0.67
2024-06-17,06:15,June,Summer,V-Shape,77,193.97,25.43,29.28,81.97,0.29,65.58,0.24,15.79,0.67
2024-06-17,06:30,June,Summer,V-Shape,77,250.1,25.88,31.13,81.39,0.37,65.11,0.31,20.25,0.67
2024-06-17,06:45,June,Summer,V-Shape,77,306.24,26.32,32.98,80.8,0.46,64.64,0.38,24.67,0.67
2024-06-17,07:00,June,Summer,V-Shape,77,362.38,26.77,34.83,80.22,0.54,64.17,0.45,29.03,0.67
2024-06-17,07:15,June,Summer,V-Shape,77,417.11,27.45,36.88,79.57,0.62,63.65,0.52,33.21,0.67
2024-06-17,07:30,June,Summer,V-Shape,77,471.84,28.13,38.93,78.92,0.71,63.13,0.59,37.34,0.67
2024-06-17,07:45,June,Summer,V-Shape,77,526.57,28.81,40.97,78.27,0.79,62.62,0.66,41.41,0.67
2024-06-17,08:00,June,Summer,V-Shape,77,581.3,29.49,43.02,77.62,0.87,62.1,0.73,45.43,0.67
2024-06-17,08:15,June,Summer,V-Shape,77,605.51,30.14,44.28,77.22,0.91,61.78,0.76,47.13,0.67
2024-06-17,08:30,June,Summer,V-Shape,77,629.72,30.8,45.54,76.82,0.95,61.46,0.79,48.82,0.67
2024-06-17,08:45,June,Summer,V-Shape,77,653.93,31.45,46.8,76.43,0.99,61.14,0.83,50.5,0.67
2024-06-17,09:00,June,Summer,V-Shape,77,678.14,32.1,48.05,76.03,1.02,60.82,0.86,52.16,0.67
2024-06-17,09:15,June,Summer,V-Shape,77,699.43,32.54,49.02,75.72,1.06,60.58,0.89,53.63,0.67
2024-06-17,09:30,June,Summer,V-Shape,77,720.72,32.97,49.99,75.42,1.09,60.33,0.91,55.09,0.67
2024-06-17,09:45,June,Summer,V-Shape,77,742.01,33.41,50.96,75.11,1.12,60.09,0.94,56.54,0.67
2024-06-17,10:00,June,Summer,V-Shape,77,763.3,33.84,51.92,74.8,1.16,59.84,0.97,57.98,0.67
2024-06-17,10:15,June,Summer,V-Shape,77,776.38,34.13,52.54,74.61,1.18,59.69,0.99,58.86,0.67
2024-06-17,10:30,June,Summer,V-Shape,77,789.46,34.42,53.16,74.41,1.2,59.53,1.0,59.73,0.67
2024-06-17,10:45,June,Summer,V-Shape,77,802.54,34.72,53.78,74.21,1.22,59.37,1.02,60.6,0.67
2024-06-17,11:00,June,Summer,V-Shape,77,815.62,35.01,54.4,74.02,1.24,59.21,1.04,61.46,0.67
2024-06-17,11:15,June,Summer,V-Shape,77,812.78,35.19,54.51,73.98,1.24,59.19,1.03,61.22,0.67
2024-06-17,11:30,June,Summer,V-Shape,77,809.94,35.38,54.62,73.95,1.23,59.16,1.03,60.98,0.67
2024-06-17,11:45,June,Summer,V-Shape,77,807.11,35.56,54.74,73.91,1.23,59.13,1.03,60.75,0.67
2024-06-17,12:00,June,Summer,V-Shape,77,804.27,35.74,54.85,73.88,1.22,59.1,1.02,60.51,0.67
2024-06-17,12:15,June,Summer,V-Shape,77,779.68,35.76,54.25,74.07,1.18,59.25,0.99,58.78,0.67
2024-06-17,12:30,June,Summer,V-Shape,77,755.09,35.77,53.65,74.26,1.15,59.41,0.96,57.04,0.67
2024-06-17,12:45,June,Summer,V-Shape,77,730.5,35.78,53.05,74.45,1.11,59.56,0.93,55.29,0.67
2024-06-17,13:00,June,Summer,V-Shape,77,705.91,35.8,52.45,74.64,1.07,59.71,0.9,53.53,0.67
2024-06-17,13:15,June,Summer,V-Shape,77,698.01,35.66,52.12,74.74,1.06,59.79,0.89,52.99,0.67
2024-06-17,13:30,June,Summer,V-Shape,77,690.11,35.53,51.78,74.85,1.05,59.88,0.88,52.45,0.67
2024-06-17,13:45,June,Summer,V-Shape,77,682.21,35.39,51.45,74.95,1.03,59.96,0.87,51.9,0.67
2024-06-17,14:00,June,Summer,V-Shape,77,674.31,35.26,51.12,75.06,1.02,60.05,0.86,51.36,0.67
2024-06-17,14:15,June,Summer,V-Shape,77,621.16,35.03,49.56,75.55,0.94,60.44,0.79,47.55,0.67
2024-06-17,14:30,June,Summer,V-Shape,77,568.01,34.81,48.01,76.04,0.86,60.83,0.72,43.7,0.67
2024-06-17,14:45,June,Summer,V-Shape,77,514.86,34.59,46.46,76.53,0.78,61.23,0.65,39.8,0.67
2024-06-17,15:00,June,Summer,V-Shape,77,461.72,34.36,44.9,77.03,0.7,61.62,0.58,35.87,0.67
2024-06-17,15:15,June,Summer,V-Shape,77,411.43,34.01,43.3,77.53,0.62,62.03,0.52,32.12,0.67
2024-06-17,15:30,June,Summer,V-Shape,77,361.14,33.66,41.69,78.04,0.54,62.43,0.45,28.34,0.67
2024-06-17,15:45,June,Summer,V-Shape,77,310.85,33.32,40.09,78.55,0.47,62.84,0.39,24.51,0.67
2024-06-17,16:00,June,Summer,V-Shape,77,260.56,32.97,38.48,79.06,0.39,63.25,0.33,20.65,0.67
2024-06-17,16:15,June,Summer,V-Shape,77,211.55,32.43,36.72,79.62,0.32,63.69,0.26,16.85,0.67
2024-06-17,16:30,June,Summer,V-Shape,77,162.55,31.89,34.96,80.17,0.24,64.14,0.2,13.02,0.67
2024-06-17,16:45,June,Summer,V-Shape,77,113.55,31.36,33.2,80.73,0.17,64.59,0.14,9.14,0.67
2024-06-17,17:00,June,Summer,V-Shape,77,64.54,30.82,31.43,81.29,0.1,65.03,0.08,5.22,0.67
2024-06-17,17:15,June,Summer,V-Shape,77,48.41,30.38,30.6,81.56,0.07,65.25,0.06,3.93,0.67
2024-06-17,17:30,June,Summer,V-Shape,77,32.27,29.95,29.76,81.82,0.05,65.46,0.04,2.62,0.67
2024-06-17,17:45,June,Summer,V-Shape,77,16.14,29.52,28.92,82.09,0.02,65.67,0.02,1.32,0.67
2024-06-18,05:00,June,Summer,V-Shape,77,5.62,24.49,23.63,83.76,0.01,67.01,0.01,0.46,0.67
2024-06-18,05:15,June,Summer,V-Shape,77,28.87,24.75,24.47,83.5,0.04,66.8,0.04,2.38,0.67
2024-06-18,05:30,June,Summer,V-Shape,77,52.12,25.01,25.31,83.23,0.08,66.58,0.06,4.29,0.67
2024-06-18,05:45,June,Summer,V-Shape,77,75.37,25.27,26.15,82.96,0.11,66.37,0.09,6.19,0.67
2024-06-18,06:00,June,Summer,V-Shape,77,98.63,25.53,27.0,82.7,0.15,66.16,0.12,8.08,0.67
2024-06-18,06:15,June,Summer,V-Shape,77,142.44,25.89,28.45,82.24,0.21,65.79,0.18,11.62,0.67
2024-06-18,06:30,June,Summer,V-Shape,77,186.26,26.25,29.91,81.77,0.28,65.42,0.23,15.14,0.67
2024-06-18,06:45,June,Summer,V-Shape,77,230.08,26.61,31.36,81.31,0.34,65.05,0.29,18.62,0.67
2024-06-18,07:00,June,Summer,V-Shape,77,273.89,26.97,32.82,80.85,0.41,64.68,0.34,22.07,0.67
2024-06-18,07:15,June,Summer,V-Shape,77,323.08,27.48,34.55,80.3,0.48,64.24,0.4,25.9,0.67
2024-06-18,07:30,June,Summer,V-Shape,77,372.27,27.98,36.29,79.75,0.56,63.8,0.47,29.69,0.67
2024-06-18,07:45,June,Summer,V-Shape,77,421.45,28.49,38.03,79.2,0.63,63.36,0.53,33.44,0.67
2024-06-18,08:00,June,Summer,V-Shape,77,470.64,29.0,39.77,78.65,0.7,62.92,0.59,37.15,0.67
2024-06-18,08:15,June,Summer,V-Shape,77,500.32,29.45,40.96,78.27,0.75,62.62,0.63,39.35,0.67
2024-06-18,08:30,June,Summer,V-Shape,77,530.0,29.91,42.16,77.89,0.8,62.32,0.67,41.53,0.67
2024-06-18,08:45,June,Summer,V-Shape,77,559.68,30.37,43.36,77.52,0.84,62.01,0.7,43.69,0.67
2024-06-18,09:00,June,Summer,V-Shape,77,589.37,30.82,44.55,77.14,0.89,61.71,0.74,45.84,0.67
2024-06-18,09:15,June,Summer,V-Shape,77,605.09,31.2,45.33,76.89,0.91,61.51,0.76,46.95,0.67
2024-06-18,09:30,June,Summer,V-Shape,77,620.82,31.58,46.1,76.65,0.94,61.32,0.78,48.05,0.67
2024-06-18,09:45,June,Summer,V-Shape,77,636.55,31.96,46.87,76.4,0.96,61.12,0.8,49.15,0.67
2024-06-18,10:00,June,Summer,V-Shape,77,652.28,32.34,47.65,76.16,0.98,60.93,0.82,50.24,0.67
2024-06-18,10:15,June,Summer,V-Shape,77,658.83,32.61,48.08,76.02,0.99,60.82,0.83,50.67,0.67
2024-06-18,10:30,June,Summer,V-Shape,77,665.37,32.89,48.52,75.88,1.01,60.7,0.84,51.1,0.67
2024-06-18,10:45,June,Summer,V-Shape,77,671.91,33.16,48.96,75.74,1.02,60.59,0.85,51.53,0.67
2024-06-18,11:00,June,Summer,V-Shape,77,678.46,33.43,49.39,75.6,1.03,60.48,0.86,51.96,0.67
2024-06-18,11:15,June,Summer,V-Shape,77,682.51,33.55,49.61,75.54,1.03,60.43,0.86,52.24,0.67
2024-06-18,11:30,June,Summer,V-Shape,77,686.56,33.66,49.83,75.47,1.04,60.37,0.87,52.51,0.67
2024-06-18,11:45,June,Summer,V-Shape,77,690.61,33.78,50.05,75.4,1.04,60.32,0.88,52.78,0.67
2024-06-18,12:00,June,Summer,V-Shape,77,694.66,33.9,50.27,75.33,1.05,60.26,0.88,53.05,0.67
2024-06-18,12:15,June,Summer,V-Shape,77,666.66,33.91,49.58,75.55,1.01,60.44,0.84,51.03,0.67
2024-06-18,12:30,June,Summer,V-Shape,77,638.65,33.92,48.89,75.76,0.97,60.61,0.81,48.99,0.67
2024-06-18,12:45,June,Summer,V-Shape,77,610.65,33.93,48.2,75.98,0.92,60.79,0.77,46.95,0.67
2024-06-18,13:00,June,Summer,V-Shape,77,582.64,33.94,47.51,76.2,0.88,60.96,0.74,44.89,0.67
2024-06-18,13:15,June,Summer,V-Shape,77,566.97,33.82,47.0,76.36,0.86,61.09,0.72,43.76,0.67
2024-06-18,13:30,June,Summer,V-Shape,77,551.3,33.7,46.49,76.52,0.83,61.22,0.7,42.62,0.67
2024-06-18,13:45,June,Summer,V-Shape,77,535.63,33.59,45.98,76.69,0.81,61.35,0.68,41.47,0.67
2024-06-18,14:00,June,Summer,V-Shape,77,519.96,33.47,45.47,76.85,0.78,61.48,0.66,40.32,0.67
2024-06-18,14:15,June,Summer,V-Shape,77,475.4,33.29,44.17,77.26,0.72,61.81,0.6,37.02,0.67
2024-06-18,14:30,June,Summer,V-Shape,77,430.84,33.11,42.88,77.67,0.65,62.13,0.54,33.68,0.67
2024-06-18,14:45,June,Summer,V-Shape,77,386.28,32.92,41.58,78.08,0.58,62.46,0.49,30.32,0.67
2024-06-18,15:00,June,Summer,V-Shape,77,341.72,32.74,40.28,78.49,0.51,62.79,0.43,26.93,0.67
2024-06-18,15:15,June,Summer,V-Shape,77,303.92,32.45,39.05,78.88,0.45,63.1,0.38,24.04,0.67
2024-06-18,15:30,June,Summer,V-Shape,77,266.12,32.16,37.81,79.27,0.4,63.42,0.33,21.13,0.67
2024-06-18,15:45,June,Summer,V-Shape,77,228.32,31.87,36.58,79.66,0.34,63.73,0.29,18.2,0.67
2024-06-18,16:00,June,Summer,V-Shape,77,190.52,31.58,35.34,80.05,0.28,64.04,0.24,15.24,0.67
2024-06-18,16:15,June,Summer,V-Shape,77,155.97,31.12,34.02,80.47,0.23,64.38,0.19,12.52,0.67
2024-06-18,16:30,June,Summer,V-Shape,77,121.42,30.66,32.7,80.89,0.18,64.71,0.15,9.79,0.67
2024-06-18,16:45,June,Summer,V-Shape,77,86.87,30.21,31.38,81.31,0.13,65.05,0.11,7.03,0.67
2024-06-18,17:00,June,Summer,V-Shape,77,52.32,29.75,30.06,81.73,0.08,65.38,0.07,4.25,0.67
2024-06-18,17:15,June,Summer,V-Shape,77,39.24,29.36,29.34,81.96,0.06,65.56,0.05,3.19,0.67
2024-06-18,17:30,June,Summer,V-Shape,77,26.16,28.96,28.61,82.18,0.04,65.75,0.03,2.13,0.67
2024-06-18,17:45,June,Summer,V-Shape,77,13.08,28.57,27.89,82.41,0.02,65.93,0.02,1.07,0.67
2024-06-19,05:15,June,Summer,V-Shape,77,27.28,24.94,24.62,83.45,0.04,66.76,0.03,2.25,0.67
2024-06-19,05:30,June,Summer,V-Shape,77,49.58,25.11,25.35,83.22,0.07,66.57,0.06,4.08,0.67
2024-06-19,05:45,June,Summer,V-Shape,77,71.87,25.29,26.08,82.99,0.11,66.39,0.09,5.9,0.67
2024-06-19,06:00,June,Summer,V-Shape,77,94.16,25.46,26.81,82.75,0.14,66.2,0.12,7.72,0.67
2024-06-19,06:15,June,Summer,V-Shape,77,130.83,25.76,28.03,82.37,0.19,65.89,0.16,10.69,0.67
2024-06-19,06:30,June,Summer,V-Shape,77,167.49,26.06,29.25,81.98,0.25,65.59,0.21,13.64,0.67
2024-06-19,06:45,June,Summer,V-Shape,77,204.15,26.36,30.46,81.6,0.3,65.28,0.25,16.56,0.67
2024-06-19,07:00,June,Summer,V-Shape,77,240.82,26.66,31.68,81.21,0.36,64.97,0.3,19.47,0.67
2024-06-19,07:15,June,Summer,V-Shape,77,282.26,27.1,33.15,80.75,0.42,64.6,0.35,22.72,0.67
2024-06-19,07:30,June,Summer,V-Shape,77,323.7,27.54,34.63,80.28,0.48,64.22,0.4,25.95,0.67
2024-06-19,07:45,June,Summer,V-Shape,77,365.15,27.97,36.1,79.81,0.54,63.85,0.46,29.14,0.67
2024-06-19,08:00,June,Summer,V-Shape,77,406.59,28.41,37.57,79.35,0.61,63.48,0.51,32.31,0.67
2024-06-19,08:15,June,Summer,V-Shape,77,429.79,28.85,38.59,79.02,0.64,63.22,0.54,34.04,0.67
2024-06-19,08:30,June,Summer,V-Shape,77,452.99,29.29,39.61,78.7,0.68,62.96,0.57,35.77,0.67
2024-06-19,08:45,June,Summer,V-Shape,77,476.18,29.73,40.63,78.38,0.71,62.7,0.6,37.49,0.67
2024-06-19,09:00,June,Summer,V-Shape,77,499.38,30.17,41.65,78.05,0.75,62.44,0.63,39.19,0.67
2024-06-19,09:15,June,Summer,V-Shape,77,524.53,30.52,42.63,77.75,0.79,62.2,0.66,41.04,0.67
2024-06-19,09:30,June,Summer,V-Shape,77,549.69,30.87,43.61,77.44,0.83,61.95,0.69,42.88,0.67
2024-06-19,09:45,June,Summer,V-Shape,77,574.84,31.21,44.58,77.13,0.87,61.7,0.72,44.7,0.67
2024-06-19,10:00,June,Summer,V-Shape,77,599.99,31.56,45.56,76.82,0.9,61.45,0.76,46.52,0.67
2024-06-19,10:15,June,Summer,V-Shape,77,608.17,31.83,46.04,76.67,0.92,61.33,0.77,47.08,0.67
2024-06-19,10:30,June,Summer,V-Shape,77,616.35,32.1,46.51,76.52,0.93,61.21,0.78,47.64,0.67
2024-06-19,10:45,June,Summer,V-Shape,77,624.53,32.38,46.99,76.36,0.94,61.09,0.79,48.2,0.67
2024-06-19,11:00,June,Summer,V-Shape,77,632.71,32.65,47.47,76.21,0.95,60.97,0.8,48.76,0.67
2024-06-19,11:15,June,Summer,V-Shape,77,625.86,32.85,47.5,76.2,0.94,60.96,0.79,48.23,0.67
2024-06-19,11:30,June,Summer,V-Shape,77,619.02,33.06,47.54,76.19,0.93,60.95,0.78,47.69,0.67
2024-06-19,11:45,June,Summer,V-Shape,77,612.17,33.27,47.57,76.18,0.92,60.95,0.77,47.16,0.67
2024-06-19,12:00,June,Summer,V-Shape,77,605.33,33.47,47.6,76.17,0.91,60.94,0.77,46.63,0.67
2024-06-19,12:15,June,Summer,V-Shape,77,582.32,33.55,47.1,76.33,0.88,61.06,0.74,44.93,0.67
2024-06-19,12:30,June,Summer,V-Shape,77,559.32,33.62,46.6,76.49,0.84,61.19,0.71,43.22,0.67
2024-06-19,12:45,June,Summer,V-Shape,77,536.32,33.7,46.1,76.65,0.81,61.32,0.68,41.51,0.67
2024-06-19,13:00,June,Summer,V-Shape,77,513.32,33.77,45.6,76.8,0.77,61.44,0.65,39.79,0.67
2024-06-19,13:15,June,Summer,V-Shape,77,474.11,33.73,44.59,77.13,0.71,61.7,0.6,36.87,0.67
2024-06-19,13:30,June,Summer,V-Shape,77,434.9,33.7,43.57,77.45,0.65,61.96,0.55,33.93,0.67
2024-06-19,13:45,June,Summer,V-Shape,77,395.69,33.66,42.55,77.77,0.59,62.22,0.5,30.97,0.67
2024-06-19,14:00,June,Summer,V-Shape,77,356.48,33.62,41.53,78.09,0.53,62.47,0.45,27.98,0.67
2024-06-19,14:15,June,Summer,V-Shape,77,307.74,33.45,40.15,78.53,0.46,62.83,0.39,24.26,0.67
2024-06-19,14:30,June,Summer,V-Shape,77,259.01,33.29,38.77,78.97,0.39,63.18,0.32,20.51,0.67
2024-06-19,14:45,June,Summer,V-Shape,77,210.28,33.12,37.38,79.41,0.31,63.53,0.26,16.72,0.67
2024-06-19,15:00,June,Summer,V-Shape,77,161.54,32.96,36.0,79.85,0.24,63.88,0.2,12.9,0.67
2024-06-19,15:15,June,Summer,V-Shape,77,141.05,32.68,35.2,80.1,0.21,64.08,0.18,11.29,0.67
2024-06-19,15:30,June,Summer,V-Shape,77,120.56,32.39,34.41,80.35,0.18,64.28,0.15,9.67,0.67
2024-06-19,15:45,June,Summer,V-Shape,77,100.06,32.11,33.61,80.6,0.15,64.48,0.12,8.04,0.67
2024-06-19,16:00,June,Summer,V-Shape,77,79.57,31.83,32.82,80.85,0.12,64.68,0.1,6.41,0.67
2024-06-19,16:15,June,Summer,V-Shape,77,64.57,31.35,31.97,81.12,0.1,64.9,0.08,5.22,0.67
2024-06-19,16:30,June,Summer,V-Shape,77,49.58,30.88,31.12,81.39,0.07,65.11,0.06,4.01,0.67
2024-06-19,16:45,June,Summer,V-Shape,77,34.58,30.41,30.27,81.66,0.05,65.33,0.04,2.81,0.67
2024-06-19,17:00,June,Summer,V-Shape,77,19.58,29.93,29.42,81.93,0.03,65.54,0.02,1.59,0.67
2024-06-19,17:15,June,Summer,V-Shape,77,14.69,29.46,28.83,82.11,0.02,65.69,0.02,1.2,0.67
2024-06-19,17:30,June,Summer,V-Shape,77,9.79,29.0,28.24,82.3,0.01,65.84,0.01,0.8,0.67
2024-06-20,05:15,June,Summer,V-Shape,77,23.13,24.96,24.54,83.47,0.03,66.78,0.03,1.91,0.67
2024-06-20,05:30,June,Summer,V-Shape,77,41.27,25.18,25.21,83.26,0.06,66.61,0.05,3.4,0.67
2024-06-20,05:45,June,Summer,V-Shape,77,59.4,25.4,25.89,83.05,0.09,66.44,0.07,4.88,0.67
2024-06-20,06:00,June,Summer,V-Shape,77,77.54,25.62,26.56,82.83,0.11,66.27,0.1,6.36,0.67
2024-06-20,06:15,June,Summer,V-Shape,77,108.8,25.94,27.66,82.49,0.16,65.99,0.13,8.9,0.67
2024-06-20,06:30,June,Summer,V-Shape,77,140.06,26.25,28.75,82.14,0.21,65.71,0.17,11.42,0.67
2024-06-20,06:45,June,Summer,V-Shape,77,171.32,26.56,29.85,81.79,0.25,65.43,0.21,13.92,0.67
2024-06-20,07:00,June,Summer,V-Shape,77,202.58,26.88,30.94,81.45,0.3,65.16,0.25,16.41,0.67
2024-06-20,07:15,June,Summer,V-Shape,77,244.97,27.32,32.44,80.97,0.36,64.78,0.31,19.76,0.67
2024-06-20,07:30,June,Summer,V-Shape,77,287.36,27.76,33.94,80.5,0.43,64.4,0.36,23.08,0.67
2024-06-20,07:45,June,Summer,V-Shape,77,329.75,28.2,35.44,80.02,0.49,64.02,0.41,26.37,0.67
2024-06-20,08:00,June,Summer,V-Shape,77,372.14,28.64,36.94,79.55,0.56,63.64,0.47,29.62,0.67
2024-06-20,08:15,June,Summer,V-Shape,77,394.88,29.04,37.91,79.24,0.59,63.39,0.49,31.34,0.67
2024-06-20,08:30,June,Summer,V-Shape,77,417.62,29.45,38.89,78.93,0.62,63.14,0.52,33.05,0.67
2024-06-20,08:45,June,Summer,V-Shape,77,440.36,29.85,39.86,78.62,0.66,62.9,0.55,34.75,0.67
2024-06-20,09:00,June,Summer,V-Shape,77,463.1,30.25,40.83,78.32,0.69,62.65,0.58,36.43,0.67
2024-06-20,09:15,June,Summer,V-Shape,77,485.51,30.55,41.69,78.04,0.73,62.43,0.61,38.1,0.67
2024-06-20,09:30,June,Summer,V-Shape,77,507.92,30.86,42.56,77.77,0.76,62.21,0.64,39.75,0.67
2024-06-20,09:45,June,Summer,V-Shape,77,530.33,31.16,43.42,77.49,0.8,62.0,0.67,41.39,0.67
2024-06-20,10:00,June,Summer,V-Shape,77,552.74,31.47,44.29,77.22,0.83,61.78,0.7,43.02,0.67
2024-06-20,10:15,June,Summer,V-Shape,77,559.59,31.69,44.68,77.1,0.84,61.68,0.71,43.5,0.67
2024-06-20,10:30,June,Summer,V-Shape,77,566.43,31.91,45.07,76.97,0.85,61.58,0.71,43.98,0.67
2024-06-20,10:45,June,Summer,V-Shape,77,573.28,32.13,45.46,76.85,0.86,61.48,0.72,44.46,0.67
2024-06-20,11:00,June,Summer,V-Shape,77,580.12,32.35,45.85,76.72,0.87,61.38,0.73,44.93,0.67
2024-06-20,11:15,June,Summer,V-Shape,77,642.33,32.51,47.57,76.18,0.97,60.95,0.81,49.48,0.67
2024-06-20,11:30,June,Summer,V-Shape,77,704.53,32.66,49.28,75.64,1.07,60.51,0.89,53.98,0.67
2024-06-20,11:45,June,Summer,V-Shape,77,766.74,32.82,50.99,75.1,1.16,60.08,0.97,58.42,0.67
2024-06-20,12:00,June,Summer,V-Shape,77,828.94,32.98,52.7,74.56,1.26,59.64,1.05,62.81,0.67
2024-06-20,12:15,June,Summer,V-Shape,77,722.9,33.17,50.25,75.33,1.09,60.27,0.92,55.21,0.67
2024-06-20,12:30,June,Summer,V-Shape,77,616.86,33.37,47.79,76.11,0.93,60.89,0.78,47.49,0.67
2024-06-20,12:45,June,Summer,V-Shape,77,510.82,33.56,45.34,76.89,0.77,61.51,0.64,39.63,0.67
2024-06-20,13:00,June,Summer,V-Shape,77,404.78,33.76,42.88,77.67,0.61,62.13,0.51,31.65,0.67
2024-06-20,13:15,June,Summer,V-Shape,77,406.5,33.8,42.96,77.64,0.61,62.11,0.51,31.77,0.67
2024-06-20,13:30,June,Summer,V-Shape,77,408.23,33.84,43.05,77.61,0.61,62.09,0.51,31.9,0.67
2024-06-20,13:45,June,Summer,V-Shape,77,409.96,33.88,43.13,77.59,0.62,62.07,0.52,32.03,0.67
2024-06-20,14:00,June,Summer,V-Shape,77,411.68,33.92,43.21,77.56,0.62,62.05,0.52,32.15,0.67
2024-06-20,14:15,June,Summer,V-Shape,77,382.64,33.68,42.24,77.87,0.57,62.29,0.48,29.97,0.67
2024-06-20,14:30,June,Summer,V-Shape,77,353.59,33.44,41.27,78.17,0.53,62.54,0.44,27.78,0.67
2024-06-20,14:45,June,Summer,V-Shape,77,324.54,33.19,40.31,78.48,0.49,62.79,0.41,25.57,0.67
2024-06-20,15:00,June,Summer,V-Shape,77,295.49,32.95,39.34,78.79,0.44,63.03,0.37,23.35,0.67
2024-06-20,15:15,June,Summer,V-Shape,77,263.93,32.55,38.14,79.17,0.39,63.33,0.33,20.93,0.67
2024-06-20,15:30,June,Summer,V-Shape,77,232.37,32.14,36.95,79.54,0.35,63.64,0.29,18.5,0.67
2024-06-20,15:45,June,Summer,V-Shape,77,200.8,31.73,35.76,79.92,0.3,63.94,0.25,16.04,0.67
2024-06-20,16:00,June,Summer,V-Shape,77,169.24,31.33,34.56,80.3,0.25,64.24,0.21,13.57,0.67
2024-06-20,16:15,June,Summer,V-Shape,77,138.43,30.82,33.28,80.71,0.21,64.56,0.17,11.14,0.67
2024-06-20,16:30,June,Summer,V-Shape,77,107.63,30.31,32.0,81.11,0.16,64.89,0.13,8.69,0.67
2024-06-20,16:45,June,Summer,V-Shape,77,76.83,29.8,30.72,81.52,0.11,65.21,0.1,6.23,0.67
2024-06-20,17:00,June,Summer,V-Shape,77,46.02,29.29,29.44,81.92,0.07,65.54,0.06,3.74,0.67
2024-06-20,17:15,June,Summer,V-Shape,77,34.52,28.84,28.7,82.16,0.05,65.73,0.04,2.81,0.67
2024-06-20,17:30,June,Summer,V-Shape,77,23.01,28.38,27.96,82.39,0.03,65.91,0.03,1.88,0.67
2024-06-20,17:45,June,Summer,V-Shape,77,11.51,27.93,27.22,82.63,0.02,66.1,0.01,0.94,0.67
2024-06-21,05:15,June,Summer,V-Shape,77,18.63,24.19,23.66,83.75,0.03,67.0,0.02,1.54,0.67
2024-06-21,05:30,June,Summer,V-Shape,77,33.09,24.52,24.35,83.53,0.05,66.83,0.04,2.73,0.67
2024-06-21,05:45,June,Summer,V-Shape,77,47.54,24.85,25.04,83.32,0.07,66.65,0.06,3.92,0.67
2024-06-21,06:00,June,Summer,V-Shape,77,62.0,25.18,25.73,83.1,0.09,66.48,0.08,5.1,0.67
2024-06-21,06:15,June,Summer,V-Shape,77,90.99,25.68,26.96,82.71,0.13,66.17,0.11,7.46,0.67
2024-06-21,06:30,June,Summer,V-Shape,77,119.98,26.19,28.19,82.32,0.18,65.85,0.15,9.8,0.67
2024-06-21,06:45,June,Summer,V-Shape,77,148.97,26.7,29.42,81.93,0.22,65.54,0.18,12.12,0.67
2024-06-21,07:00,June,Summer,V-Shape,77,177.95,27.2,30.65,81.54,0.26,65.23,0.22,14.43,0.67
2024-06-21,07:15,June,Summer,V-Shape,77,204.91,27.79,31.91,81.14,0.3,64.91,0.26,16.56,0.67
2024-06-21,07:30,June,Summer,V-Shape,77,231.87,28.37,33.17,80.74,0.35,64.59,0.29,18.67,0.67
2024-06-21,07:45,June,Summer,V-Shape,77,258.82,28.95,34.43,80.34,0.39,64.27,0.32,20.76,0.67
2024-06-21,08:00,June,Summer,V-Shape,77,285.78,29.54,35.68,79.94,0.43,63.96,0.36,22.83,0.67
2024-06-21,08:15,June,Summer,V-Shape,77,319.28,30.02,37.0,79.53,0.48,63.62,0.4,25.41,0.67
2024-06-21,08:30,June,Summer,V-Shape,77,352.78,30.5,38.32,79.11,0.53,63.29,0.44,27.97,0.67
2024-06-21,08:45,June,Summer,V-Shape,77,386.29,30.98,39.64,78.69,0.58,62.95,0.48,30.5,0.67
2024-06-21,09:00,June,Summer,V-Shape,77,419.79,31.46,40.95,78.28,0.63,62.62,0.53,33.01,0.67
2024-06-21,09:15,June,Summer,V-Shape,77,435.43,31.83,41.71,78.04,0.65,62.43,0.55,34.16,0.67
2024-06-21,09:30,June,Summer,V-Shape,77,451.07,32.2,42.47,77.8,0.68,62.24,0.57,35.31,0.67
2024-06-21,09:45,June,Summer,V-Shape,77,466.71,32.56,43.23,77.56,0.7,62.04,0.59,36.45,0.67
2024-06-21,10:00,June,Summer,V-Shape,77,482.35,32.93,43.99,77.32,0.73,61.85,0.61,37.58,0.67
2024-06-21,10:15,June,Summer,V-Shape,77,501.65,33.14,44.68,77.1,0.76,61.68,0.63,39.0,0.67
2024-06-21,10:30,June,Summer,V-Shape,77,520.95,33.36,45.38,76.88,0.78,61.5,0.66,40.41,0.67
2024-06-21,10:45,June,Summer,V-Shape,77,540.25,33.57,46.07,76.66,0.81,61.32,0.68,41.82,0.67
2024-06-21,11:00,June,Summer,V-Shape,77,559.54,33.78,46.77,76.44,0.84,61.15,0.71,43.22,0.67
2024-06-21,11:15,June,Summer,V-Shape,77,543.62,33.86,46.45,76.54,0.82,61.23,0.69,42.03,0.67
2024-06-21,11:30,June,Summer,V-Shape,77,527.69,33.93,46.12,76.64,0.8,61.31,0.67,40.84,0.67
2024-06-21,11:45,June,Summer,V-Shape,77,511.77,34.0,45.8,76.74,0.77,61.39,0.65,39.65,0.67
2024-06-21,12:00,June,Summer,V-Shape,77,495.84,34.08,45.48,76.84,0.75,61.48,0.63,38.45,0.67
2024-06-21,12:15,June,Summer,V-Shape,77,480.13,34.02,45.03,76.99,0.72,61.59,0.61,37.29,0.67
2024-06-21,12:30,June,Summer,V-Shape,77,464.42,33.97,44.58,77.13,0.7,61.7,0.59,36.12,0.67
2024-06-21,12:45,June,Summer,V-Shape,77,448.71,33.91,44.13,77.27,0.67,61.82,0.57,34.94,0.67
2024-06-21,13:00,June,Summer,V-Shape,77,433.0,33.86,43.68,77.41,0.65,61.93,0.55,33.77,0.67
2024-06-21,13:15,June,Summer,V-Shape,77,412.63,33.74,43.06,77.61,0.62,62.09,0.52,32.24,0.67
2024-06-21,13:30,June,Summer,V-Shape,77,392.27,33.63,42.44,77.81,0.59,62.25,0.49,30.71,0.67
2024-06-21,13:45,June,Summer,V-Shape,77,371.9,33.52,41.81,78.0,0.56,62.4,0.47,29.17,0.67
2024-06-21,14:00,June,Summer,V-Shape,77,351.54,33.4,41.19,78.2,0.53,62.56,0.44,27.63,0.67
2024-06-21,14:15,June,Summer,V-Shape,77,323.42,33.23,40.32,78.48,0.48,62.78,0.41,25.48,0.67
2024-06-21,14:30,June,Summer,V-Shape,77,295.3,33.06,39.44,78.75,0.44,63.0,0.37,23.33,0.67
2024-06-21,14:45,June,Summer,V-Shape,77,267.18,32.89,38.57,79.03,0.4,63.22,0.33,21.17,0.67
2024-06-21,15:00,June,Summer,V-Shape,77,239.06,32.72,37.7,79.31,0.36,63.45,0.3,18.99,0.67
2024-06-21,15:15,June,Summer,V-Shape,77,213.34,32.41,36.74,79.61,0.32,63.69,0.27,16.99,0.67
2024-06-21,15:30,June,Summer,V-Shape,77,187.62,32.1,35.79,79.91,0.28,63.93,0.23,14.99,0.67
2024-06-21,15:45,June,Summer,V-Shape,77,161.9,31.79,34.84,80.21,0.24,64.17,0.2,12.97,0.67
2024-06-21,16:00,June,Summer,V-Shape,77,136.19,31.48,33.88,80.51,0.2,64.41,0.17,10.94,0.67
2024-06-21,16:15,June,Summer,V-Shape,77,112.17,30.99,32.79,80.86,0.17,64.69,0.14,9.04,0.67
2024-06-21,16:30,June,Summer,V-Shape,77,88.16,30.5,31.7,81.21,0.13,64.96,0.11,7.13,0.67
2024-06-21,16:45,June,Summer,V-Shape,77,64.14,30.01,30.61,81.55,0.1,65.24,0.08,5.2,0.67
2024-06-21,17:00,June,Summer,V-Shape,77,40.13,29.52,29.52,81.9,0.06,65.52,0.05,3.26,0.67
2024-06-21,17:15,June,Summer,V-Shape,77,30.1,29.0,28.75,82.14,0.04,65.71,0.04,2.45,0.67
2024-06-21,17:30,June,Summer,V-Shape,77,20.07,28.48,27.98,82.38,0.03,65.91,0.02,1.64,0.67
2024-06-21,17:45,June,Summer,V-Shape,77,10.03,27.96,27.21,82.63,0.01,66.1,0.01,0.82,0.67
2024-06-22,05:15,June,Summer,V-Shape,77,25.82,23.79,23.44,83.82,0.04,67.06,0.03,2.14,0.67
2024-06-22,05:30,June,Summer,V-Shape,77,46.4,24.0,24.16,83.59,0.07,66.87,0.06,3.83,0.67
2024-06-22,05:45,June,Summer,V-Shape,77,66.97,24.22,24.89,83.36,0.1,66.69,0.08,5.52,0.67
2024-06-22,06:00,June,Summer,V-Shape,77,87.55,24.43,25.62,83.13,0.13,66.51,0.11,7.2,0.67
2024-06-22,06:15,June,Summer,V-Shape,77,122.33,24.88,26.94,82.71,0.18,66.17,0.15,10.03,0.67
2024-06-22,06:30,June,Summer,V-Shape,77,157.11,25.34,28.26,82.29,0.23,65.84,0.19,12.83,0.67
2024-06-22,06:45,June,Summer,V-Shape,77,191.89,25.79,29.58,81.88,0.28,65.5,0.24,15.61,0.67
2024-06-22,07:00,June,Summer,V-Shape,77,226.67,26.24,30.91,81.46,0.34,65.17,0.28,18.37,0.67
2024-06-22,07:15,June,Summer,V-Shape,77,268.29,26.86,32.57,80.93,0.4,64.74,0.33,21.64,0.67
2024-06-22,07:30,June,Summer,V-Shape,77,309.91,27.48,34.23,80.4,0.46,64.32,0.39,24.87,0.67
2024-06-22,07:45,June,Summer,V-Shape,77,351.52,28.11,35.9,79.88,0.52,63.9,0.44,28.07,0.67
2024-06-22,08:00,June,Summer,V-Shape,77,393.14,28.73,37.56,79.35,0.59,63.48,0.49,31.24,0.67
2024-06-22,08:15,June,Summer,V-Shape,77,435.14,29.3,39.18,78.84,0.65,63.07,0.55,34.41,0.67
2024-06-22,08:30,June,Summer,V-Shape,77,477.13,29.87,40.79,78.33,0.72,62.66,0.6,37.54,0.67
2024-06-22,08:45,June,Summer,V-Shape,77,519.13,30.43,42.41,77.81,0.78,62.25,0.65,40.64,0.67
2024-06-22,09:00,June,Summer,V-Shape,77,561.12,31.0,44.03,77.3,0.84,61.84,0.71,43.71,0.67
2024-06-22,09:15,June,Summer,V-Shape,77,604.24,31.45,45.55,76.82,0.91,61.46,0.76,46.85,0.67
2024-06-22,09:30,June,Summer,V-Shape,77,647.35,31.89,47.08,76.34,0.98,61.07,0.82,49.95,0.67
2024-06-22,09:45,June,Summer,V-Shape,77,690.47,32.34,48.6,75.85,1.04,60.68,0.87,53.02,0.67
2024-06-22,10:00,June,Summer,V-Shape,77,733.58,32.79,50.13,75.37,1.11,60.3,0.93,56.05,0.67
2024-06-22,10:15,June,Summer,V-Shape,77,727.18,33.09,50.27,75.33,1.1,60.26,0.92,55.54,0.67
2024-06-22,10:30,June,Summer,V-Shape,77,720.77,33.39,50.41,75.28,1.09,60.23,0.91,55.02,0.67
2024-06-22,10:45,June,Summer,V-Shape,77,714.37,33.69,50.55,75.24,1.08,60.19,0.91,54.51,0.67
2024-06-22,11:00,June,Summer,V-Shape,77,707.96,33.99,50.69,75.19,1.07,60.15,0.9,54.0,0.67
2024-06-22,11:15,June,Summer,V-Shape,77,720.27,34.12,51.12,75.06,1.09,60.04,0.91,54.86,0.67
2024-06-22,11:30,June,Summer,V-Shape,77,732.59,34.25,51.56,74.92,1.11,59.93,0.93,55.72,0.67
2024-06-22,11:45,June,Summer,V-Shape,77,744.9,34.37,51.99,74.78,1.13,59.82,0.95,56.57,0.67
2024-06-22,12:00,June,Summer,V-Shape,77,757.21,34.5,52.43,74.64,1.15,59.71,0.96,57.43,0.67
2024-06-22,12:15,June,Summer,V-Shape,77,728.07,34.49,51.69,74.88,1.1,59.9,0.92,55.35,0.67
2024-06-22,12:30,June,Summer,V-Shape,77,698.93,34.48,50.96,75.11,1.06,60.09,0.89,53.26,0.67
2024-06-22,12:45,June,Summer,V-Shape,77,669.79,34.48,50.22,75.34,1.01,60.27,0.85,51.16,0.67
2024-06-22,13:00,June,Summer,V-Shape,77,640.66,34.47,49.49,75.57,0.97,60.46,0.81,49.05,0.67
2024-06-22,13:15,June,Summer,V-Shape,77,593.36,34.32,48.16,76.0,0.9,60.8,0.75,45.63,0.67
2024-06-22,13:30,June,Summer,V-Shape,77,546.07,34.17,46.83,76.42,0.82,61.13,0.69,42.17,0.67
2024-06-22,13:45,June,Summer,V-Shape,77,498.77,34.03,45.5,76.84,0.75,61.47,0.63,38.68,0.67
2024-06-22,14:00,June,Summer,V-Shape,77,451.48,33.88,44.17,77.26,0.68,61.81,0.57,35.16,0.67
2024-06-22,14:15,June,Summer,V-Shape,77,411.78,33.57,42.86,77.67,0.62,62.14,0.52,32.19,0.67
2024-06-22,14:30,June,Summer,V-Shape,77,372.07,33.26,41.56,78.09,0.56,62.47,0.47,29.21,0.67
2024-06-22,14:45,June,Summer,V-Shape,77,332.37,32.94,40.25,78.5,0.5,62.8,0.42,26.19,0.67
2024-06-22,15:00,June,Summer,V-Shape,77,292.67,32.63,38.95,78.91,0.44,63.13,0.37,23.16,0.67
2024-06-22,15:15,June,Summer,V-Shape,77,259.9,32.23,37.72,79.3,0.39,63.44,0.33,20.64,0.67
2024-06-22,15:30,June,Summer,V-Shape,77,227.13,31.83,36.5,79.69,0.34,63.75,0.28,18.1,0.67
2024-06-22,15:45,June,Summer,V-Shape,77,194.36,31.42,35.28,80.07,0.29,64.06,0.24,15.55,0.67
2024-06-22,16:00,June,Summer,V-Shape,77,161.59,31.02,34.06,80.46,0.24,64.37,0.2,12.97,0.67
2024-06-22,16:15,June,Summer,V-Shape,77,132.43,30.56,32.87,80.83,0.2,64.67,0.16,10.67,0.67
2024-06-22,16:30,June,Summer,V-Shape,77,103.27,30.11,31.69,81.21,0.15,64.97,0.13,8.35,0.67
2024-06-22,16:45,June,Summer,V-Shape,77,74.1,29.65,30.5,81.59,0.11,65.27,0.09,6.01,0.67
2024-06-22,17:00,June,Summer,V-Shape,77,44.94,29.19,29.31,81.96,0.07,65.57,0.06,3.66,0.67
2024-06-22,17:15,June,Summer,V-Shape,77,33.7,28.82,28.67,82.17,0.05,65.73,0.04,2.75,0.67
2024-06-22,17:30,June,Summer,V-Shape,77,22.47,28.45,28.02,82.37,0.03,65.9,0.03,1.84,0.67
2024-06-22,17:45,June,Summer,V-Shape,77,11.24,28.09,27.37,82.58,0.02,66.06,0.01,0.92,0.67
2024-06-23,05:15,June,Summer,V-Shape,77,25.65,24.7,24.34,83.54,0.04,66.83,0.03,2.12,0.67
2024-06-23,05:30,June,Summer,V-Shape,77,46.6,24.95,25.12,83.29,0.07,66.63,0.06,3.84,0.67
2024-06-23,05:45,June,Summer,V-Shape,77,67.56,25.2,25.89,83.05,0.1,66.44,0.08,5.55,0.67
2024-06-23,06:00,June,Summer,V-Shape,77,88.52,25.45,26.66,82.8,0.13,66.24,0.11,7.26,0.67
2024-06-23,06:15,June,Summer,V-Shape,77,121.79,25.82,27.86,82.42,0.18,65.94,0.15,9.96,0.67
2024-06-23,06:30,June,Summer,V-Shape,77,155.06,26.19,29.07,82.04,0.23,65.63,0.19,12.63,0.67
2024-06-23,06:45,June,Summer,V-Shape,77,188.33,26.56,30.27,81.66,0.28,65.33,0.23,15.29,0.67
2024-06-23,07:00,June,Summer,V-Shape,77,221.6,26.93,31.47,81.28,0.33,65.02,0.28,17.93,0.67
2024-06-23,07:15,June,Summer,V-Shape,77,260.11,27.34,32.85,80.84,0.39,64.67,0.32,20.96,0.67
2024-06-23,07:30,June,Summer,V-Shape,77,298.61,27.76,34.23,80.41,0.44,64.33,0.37,23.96,0.67
2024-06-23,07:45,June,Summer,V-Shape,77,337.11,28.18,35.6,79.97,0.5,63.98,0.42,26.94,0.67
2024-06-23,08:00,June,Summer,V-Shape,77,375.62,28.59,36.98,79.53,0.56,63.63,0.47,29.9,0.67
2024-06-23,08:15,June,Summer,V-Shape,77,412.28,29.02,38.32,79.11,0.62,63.29,0.52,32.68,0.67
2024-06-23,08:30,June,Summer,V-Shape,77,448.94,29.45,39.67,78.68,0.67,62.95,0.56,35.45,0.67
2024-06-23,08:45,June,Summer,V-Shape,77,485.61,29.87,41.01,78.26,0.73,62.61,0.61,38.18,0.67
2024-06-23,09:00,June,Summer,V-Shape,77,522.27,30.3,42.36,77.83,0.78,62.27,0.66,40.9,0.67
2024-06-23,09:15,June,Summer,V-Shape,77,541.32,30.71,43.24,77.55,0.81,62.04,0.68,42.27,0.67
2024-06-23,09:30,June,Summer,V-Shape,77,560.37,31.11,44.12,77.27,0.84,61.82,0.71,43.64,0.67
2024-06-23,09:45,June,Summer,V-Shape,77,579.42,31.52,45.0,76.99,0.87,61.6,0.73,45.0,0.67
2024-06-23,10:00,June,Summer,V-Shape,77,598.47,31.92,45.88,76.72,0.9,61.37,0.76,46.35,0.67
2024-06-23,10:15,June,Summer,V-Shape,77,575.25,32.25,45.63,76.8,0.87,61.44,0.73,44.59,0.67
2024-06-23,10:30,June,Summer,V-Shape,77,552.02,32.58,45.38,76.88,0.83,61.5,0.7,42.82,0.67
2024-06-23,10:45,June,Summer,V-Shape,77,528.8,32.9,45.12,76.96,0.8,61.57,0.67,41.05,0.67
2024-06-23,11:00,June,Summer,V-Shape,77,505.58,33.23,44.87,77.04,0.76,61.63,0.64,39.28,0.67
2024-06-23,11:15,June,Summer,V-Shape,77,483.56,33.43,44.52,77.15,0.73,61.72,0.61,37.61,0.67
2024-06-23,11:30,June,Summer,V-Shape,77,461.55,33.64,44.18,77.26,0.69,61.8,0.58,35.94,0.67
2024-06-23,11:45,June,Summer,V-Shape,77,439.54,33.84,43.83,77.36,0.66,61.89,0.55,34.26,0.67
2024-06-23,12:00,June,Summer,V-Shape,77,417.53,34.05,43.49,77.47,0.63,61.98,0.53,32.58,0.67
2024-06-23,12:15,June,Summer,V-Shape,77,396.52,34.08,42.99,77.63,0.6,62.11,0.5,30.99,0.67
2024-06-23,12:30,June,Summer,V-Shape,77,375.51,34.1,42.49,77.79,0.56,62.23,0.47,29.39,0.67
2024-06-23,12:45,June,Summer,V-Shape,77,354.49,34.13,41.99,77.95,0.53,62.36,0.45,27.79,0.67
2024-06-23,13:00,June,Summer,V-Shape,77,333.48,34.16,41.5,78.1,0.5,62.48,0.42,26.18,0.67
2024-06-23,13:15,June,Summer,V-Shape,77,328.06,33.98,41.18,78.2,0.49,62.56,0.41,25.78,0.67
2024-06-23,13:30,June,Summer,V-Shape,77,322.64,33.8,40.87,78.3,0.48,62.64,0.41,25.38,0.67
2024-06-23,13:45,June,Summer,V-Shape,77,317.22,33.62,40.55,78.4,0.48,62.72,0.4,24.98,0.67
2024-06-23,14:00,June,Summer,V-Shape,77,311.8,33.44,40.23,78.5,0.47,62.8,0.39,24.57,0.67
2024-06-23,14:15,June,Summer,V-Shape,77,296.98,33.13,39.56,78.72,0.44,62.97,0.37,23.46,0.67
2024-06-23,14:30,June,Summer,V-Shape,77,282.17,32.83,38.88,78.93,0.42,63.15,0.35,22.33,0.67
2024-06-23,14:45,June,Summer,V-Shape,77,267.36,32.52,38.2,79.15,0.4,63.32,0.33,21.2,0.67
2024-06-23,15:00,June,Summer,V-Shape,77,252.55,32.21,37.52,79.36,0.38,63.49,0.32,20.07,0.67
2024-06-23,15:15,June,Summer,V-Shape,77,223.48,31.83,36.41,79.71,0.33,63.77,0.28,17.82,0.67
2024-06-23,15:30,June,Summer,V-Shape,77,194.42,31.44,35.3,80.07,0.29,64.05,0.24,15.55,0.67
2024-06-23,15:45,June,Summer,V-Shape,77,165.35,31.05,34.19,80.42,0.25,64.33,0.21,13.27,0.67
2024-06-23,16:00,June,Summer,V-Shape,77,136.29,30.67,33.08,80.77,0.2,64.62,0.17,10.97,0.67
2024-06-23,16:15,June,Summer,V-Shape,77,110.59,30.25,32.01,81.11,0.16,64.89,0.14,8.93,0.67
2024-06-23,16:30,June,Summer,V-Shape,77,84.89,29.82,30.94,81.45,0.13,65.16,0.11,6.88,0.67
2024-06-23,16:45,June,Summer,V-Shape,77,59.19,29.39,29.87,81.78,0.09,65.43,0.07,4.81,0.67
2024-06-23,17:00,June,Summer,V-Shape,77,33.49,28.97,28.81,82.12,0.05,65.7,0.04,2.73,0.67
2024-06-23,17:15,June,Summer,V-Shape,77,25.12,28.61,28.24,82.3,0.04,65.84,0.03,2.05,0.67
2024-06-23,17:30,June,Summer,V-Shape,77,16.75,28.25,27.67,82.48,0.02,65.99,0.02,1.37,0.67
2024-06-23,17:45,June,Summer,V-Shape,77,8.37,27.89,27.1,82.66,0.01,66.13,0.01,0.69,0.67
2024-06-24,05:15,June,Summer,V-Shape,77,18.91,24.84,24.31,83.55,0.03,66.84,0.02,1.56,0.67
2024-06-24,05:30,June,Summer,V-Shape,77,35.28,25.09,24.97,83.34,0.05,66.67,0.04,2.91,0.67
2024-06-24,05:45,June,Summer,V-Shape,77,51.65,25.33,25.62,83.13,0.08,66.5,0.06,4.25,0.67
2024-06-24,06:00,June,Summer,V-Shape,77,68.02,25.58,26.28,82.92,0.1,66.34,0.08,5.58,0.67
2024-06-24,06:15,June,Summer,V-Shape,77,97.82,25.99,27.44,82.56,0.14,66.04,0.12,8.01,0.67
2024-06-24,06:30,June,Summer,V-Shape,77,127.63,26.41,28.6,82.19,0.19,65.75,0.16,10.41,0.67
2024-06-24,06:45,June,Summer,V-Shape,77,157.43,26.82,29.75,81.82,0.23,65.46,0.2,12.8,0.67
2024-06-24,07:00,June,Summer,V-Shape,77,187.24,27.23,30.91,81.46,0.28,65.17,0.23,15.17,0.67
2024-06-24,07:15,June,Summer,V-Shape,77,210.09,27.62,31.87,81.15,0.31,64.92,0.26,16.98,0.67
2024-06-24,07:30,June,Summer,V-Shape,77,232.95,28.01,32.83,80.85,0.35,64.68,0.29,18.77,0.67
2024-06-24,07:45,June,Summer,V-Shape,77,255.81,28.39,33.79,80.55,0.38,64.44,0.32,20.56,0.67
2024-06-24,08:00,June,Summer,V-Shape,77,278.67,28.78,34.75,80.24,0.42,64.19,0.35,22.33,0.67
2024-06-24,08:15,June,Summer,V-Shape,77,300.23,29.12,35.63,79.96,0.45,63.97,0.38,23.99,0.67
2024-06-24,08:30,June,Summer,V-Shape,77,321.78,29.46,36.5,79.69,0.48,63.75,0.4,25.65,0.67
2024-06-24,08:45,June,Summer,V-Shape,77,343.34,29.8,37.38,79.41,0.51,63.53,0.43,27.3,0.67
2024-06-24,09:00,June,Summer,V-Shape,77,364.9,30.14,38.26,79.13,0.55,63.3,0.46,28.93,0.67
2024-06-24,09:15,June,Summer,V-Shape,77,377.82,30.41,38.85,78.94,0.57,63.15,0.47,29.9,0.67
2024-06-24,09:30,June,Summer,V-Shape,77,390.75,30.68,39.44,78.75,0.59,63.0,0.49,30.87,0.67
2024-06-24,09:45,June,Summer,V-Shape,77,403.68,30.94,40.03,78.57,0.6,62.85,0.51,31.84,0.67
2024-06-24,10:00,June,Summer,V-Shape,77,416.61,31.21,40.63,78.38,0.62,62.7,0.52,32.8,0.67
2024-06-24,10:15,June,Summer,V-Shape,77,422.35,31.41,40.97,78.27,0.63,62.62,0.53,33.21,0.67
2024-06-24,10:30,June,Summer,V-Shape,77,428.1,31.61,41.31,78.16,0.64,62.53,0.54,33.63,0.67
2024-06-24,10:45,June,Summer,V-Shape,77,433.84,31.8,41.65,78.06,0.65,62.45,0.55,34.05,0.67
2024-06-24,11:00,June,Summer,V-Shape,77,439.58,32.0,41.99,77.95,0.66,62.36,0.55,34.46,0.67
2024-06-24,11:15,June,Summer,V-Shape,77,461.82,32.18,42.72,77.72,0.69,62.17,0.58,36.12,0.67
2024-06-24,11:30,June,Summer,V-Shape,77,484.05,32.36,43.46,77.48,0.73,61.99,0.61,37.78,0.67
2024-06-24,11:45,June,Summer,V-Shape,77,506.28,32.53,44.19,77.25,0.76,61.8,0.64,39.42,0.67
2024-06-24,12:00,June,Summer,V-Shape,77,528.52,32.71,44.92,77.02,0.8,61.62,0.67,41.06,0.67
2024-06-24,12:15,June,Summer,V-Shape,77,512.79,32.77,44.59,77.13,0.77,61.7,0.65,39.88,0.67
2024-06-24,12:30,June,Summer,V-Shape,77,497.05,32.83,44.25,77.23,0.75,61.79,0.63,38.69,0.67
2024-06-24,12:45,June,Summer,V-Shape,77,481.32,32.88,43.92,77.34,0.72,61.87,0.61,37.51,0.67
2024-06-24,13:00,June,Summer,V-Shape,77,465.59,32.94,43.58,77.44,0.7,61.96,0.59,36.32,0.67
2024-06-24,13:15,June,Summer,V-Shape,77,426.78,32.86,42.53,77.78,0.64,62.22,0.54,33.4,0.67
2024-06-24,13:30,June,Summer,V-Shape,77,387.98,32.78,41.48,78.11,0.58,62.49,0.49,30.46,0.67
2024-06-24,13:45,June,Summer,V-Shape,77,349.17,32.7,40.43,78.44,0.52,62.75,0.44,27.5,0.67
2024-06-24,14:00,June,Summer,V-Shape,77,310.36,32.62,39.38,78.77,0.46,63.02,0.39,24.53,0.67
2024-06-24,14:15,June,Summer,V-Shape,77,284.64,32.39,38.51,79.05,0.43,63.24,0.36,22.55,0.67
2024-06-24,14:30,June,Summer,V-Shape,77,258.93,32.17,37.64,79.32,0.39,63.46,0.32,20.57,0.67
2024-06-24,14:45,June,Summer,V-Shape,77,233.22,31.95,36.78,79.6,0.35,63.68,0.29,18.57,0.67
2024-06-24,15:00,June,Summer,V-Shape,77,207.5,31.72,35.91,79.87,0.31,63.9,0.26,16.57,0.67
2024-06-24,15:15,June,Summer,V-Shape,77,183.3,31.41,35.0,80.16,0.27,64.13,0.23,14.68,0.67
2024-06-24,15:30,June,Summer,V-Shape,77,159.1,31.1,34.08,80.45,0.24,64.36,0.2,12.77,0.67
2024-06-24,15:45,June,Summer,V-Shape,77,134.9,30.8,33.17,80.74,0.2,64.59,0.17,10.86,0.67
2024-06-24,16:00,June,Summer,V-Shape,77,110.7,30.49,32.26,81.03,0.16,64.82,0.14,8.94,0.67
2024-06-24,16:15,June,Summer,V-Shape,77,88.22,30.06,31.27,81.34,0.13,65.07,0.11,7.14,0.67
2024-06-24,16:30,June,Summer,V-Shape,77,65.75,29.64,30.28,81.65,0.1,65.32,0.08,5.34,0.67
2024-06-24,16:45,June,Summer,V-Shape,77,43.27,29.21,29.3,81.97,0.06,65.57,0.05,3.52,0.67
2024-06-24,17:00,June,Summer,V-Shape,77,20.79,28.79,28.31,82.28,0.03,65.82,0.03,1.7,0.67
2024-06-24,17:15,June,Summer,V-Shape,77,15.59,28.34,27.73,82.46,0.02,65.97,0.02,1.28,0.67
2024-06-24,17:30,June,Summer,V-Shape,77,10.4,27.9,27.16,82.64,0.02,66.12,0.01,0.85,0.67
2024-06-25,05:15,June,Summer,V-Shape,77,20.28,24.36,23.87,83.69,0.03,66.95,0.03,1.68,0.67
2024-06-25,05:30,June,Summer,V-Shape,77,36.55,24.53,24.44,83.5,0.05,66.8,0.05,3.02,0.67
2024-06-25,05:45,June,Summer,V-Shape,77,52.81,24.7,25.02,83.32,0.08,66.66,0.07,4.35,0.67
2024-06-25,06:00,June,Summer,V-Shape,77,69.07,24.86,25.59,83.14,0.1,66.51,0.09,5.68,0.67
2024-06-25,06:15,June,Summer,V-Shape,77,91.76,25.16,26.45,82.87,0.14,66.29,0.11,7.53,0.67
2024-06-25,06:30,June,Summer,V-Shape,77,114.46,25.46,27.32,82.59,0.17,66.07,0.14,9.37,0.67
2024-06-25,06:45,June,Summer,V-Shape,77,137.15,25.76,28.19,82.32,0.2,65.85,0.17,11.2,0.67
2024-06-25,07:00,June,Summer,V-Shape,77,159.84,26.06,29.06,82.04,0.24,65.63,0.2,13.02,0.67
2024-06-25,07:15,June,Summer,V-Shape,77,185.84,26.45,30.1,81.71,0.28,65.37,0.23,15.09,0.67
2024-06-25,07:30,June,Summer,V-Shape,77,211.84,26.84,31.14,81.39,0.31,65.11,0.26,17.15,0.67
2024-06-25,07:45,June,Summer,V-Shape,77,237.84,27.23,32.18,81.06,0.35,64.84,0.3,19.2,0.67
2024-06-25,08:00,June,Summer,V-Shape,77,263.83,27.62,33.22,80.73,0.39,64.58,0.33,21.24,0.67
2024-06-25,08:15,June,Summer,V-Shape,77,294.47,27.98,34.34,80.37,0.44,64.3,0.37,23.62,0.67
2024-06-25,08:30,June,Summer,V-Shape,77,325.11,28.34,35.46,80.02,0.48,64.01,0.41,25.99,0.67
2024-06-25,08:45,June,Summer,V-Shape,77,355.74,28.69,36.59,79.66,0.53,63.73,0.44,28.35,0.67
2024-06-25,09:00,June,Summer,V-Shape,77,386.38,29.05,37.71,79.3,0.58,63.44,0.48,30.69,0.67
2024-06-25,09:15,June,Summer,V-Shape,77,400.38,29.34,38.35,79.1,0.6,63.28,0.5,31.74,0.67
2024-06-25,09:30,June,Summer,V-Shape,77,414.37,29.64,39.0,78.9,0.62,63.12,0.52,32.78,0.67
2024-06-25,09:45,June,Summer,V-Shape,77,428.37,29.94,39.64,78.69,0.64,62.95,0.54,33.82,0.67
2024-06-25,10:00,June,Summer,V-Shape,77,442.37,30.23,40.29,78.49,0.66,62.79,0.56,34.86,0.67
2024-06-25,10:15,June,Summer,V-Shape,77,438.79,30.49,40.46,78.43,0.66,62.75,0.55,34.56,0.67
2024-06-25,10:30,June,Summer,V-Shape,77,435.21,30.75,40.63,78.38,0.65,62.7,0.55,34.26,0.67
2024-06-25,10:45,June,Summer,V-Shape,77,431.63,31.0,40.79,78.33,0.65,62.66,0.54,33.96,0.67
2024-06-25,11:00,June,Summer,V-Shape,77,428.05,31.26,40.96,78.27,0.64,62.62,0.54,33.66,0.67
2024-06-25,11:15,June,Summer,V-Shape,77,444.31,31.44,41.55,78.09,0.67,62.47,0.56,34.88,0.67
2024-06-25,11:30,June,Summer,V-Shape,77,460.57,31.62,42.13,77.9,0.69,62.32,0.58,36.09,0.67
2024-06-25,11:45,June,Summer,V-Shape,77,476.82,31.8,42.72,77.72,0.72,62.17,0.6,37.3,0.67
2024-06-25,12:00,June,Summer,V-Shape,77,493.08,31.98,43.31,77.53,0.74,62.02,0.62,38.5,0.67
2024-06-25,12:15,June,Summer,V-Shape,77,467.13,32.09,42.77,77.7,0.7,62.16,0.59,36.53,0.67
2024-06-25,12:30,June,Summer,V-Shape,77,441.18,32.2,42.23,77.87,0.66,62.3,0.55,34.56,0.67
2024-06-25,12:45,June,Summer,V-Shape,77,415.24,32.32,41.7,78.04,0.62,62.43,0.52,32.58,0.67
2024-06-25,13:00,June,Summer,V-Shape,77,389.29,32.43,41.16,78.21,0.58,62.57,0.49,30.6,0.67
2024-06-25,13:15,June,Summer,V-Shape,77,334.2,32.33,39.68,78.68,0.5,62.94,0.42,26.38,0.67
2024-06-25,13:30,June,Summer,V-Shape,77,279.11,32.22,38.2,79.15,0.42,63.32,0.35,22.13,0.67
2024-06-25,13:45,June,Summer,V-Shape,77,224.01,32.11,36.72,79.62,0.33,63.69,0.28,17.84,0.67
2024-06-25,14:00,June,Summer,V-Shape,77,168.92,32.01,35.23,80.09,0.25,64.07,0.21,13.52,0.67
2024-06-25,14:15,June,Summer,V-Shape,77,180.31,31.65,35.16,80.11,0.27,64.09,0.23,14.43,0.67
2024-06-25,14:30,June,Summer,V-Shape,77,191.69,31.28,35.08,80.14,0.29,64.11,0.24,15.34,0.67
2024-06-25,14:45,June,Summer,V-Shape,77,203.08,30.92,35.0,80.16,0.3,64.13,0.25,16.26,0.67
2024-06-25,15:00,June,Summer,V-Shape,77,214.46,30.56,34.92,80.19,0.32,64.15,0.27,17.18,0.67
2024-06-25,15:15,June,Summer,V-Shape,77,188.92,30.17,33.9,80.51,0.28,64.41,0.24,15.18,0.67
2024-06-25,15:30,June,Summer,V-Shape,77,163.38,29.79,32.87,80.84,0.24,64.67,0.2,13.16,0.67
2024-06-25,15:45,June,Summer,V-Shape,77,137.84,29.4,31.84,81.16,0.2,64.93,0.17,11.14,0.67
2024-06-25,16:00,June,Summer,V-Shape,77,112.3,29.01,30.82,81.49,0.17,65.19,0.14,9.1,0.67
2024-06-25,16:15,June,Summer,V-Shape,77,91.59,28.65,29.94,81.76,0.14,65.41,0.11,7.44,0.67
2024-06-25,16:30,June,Summer,V-Shape,77,70.88,28.3,29.07,82.04,0.11,65.63,0.09,5.77,0.67
2024-06-25,16:45,June,Summer,V-Shape,77,50.16,27.94,28.19,82.32,0.07,65.85,0.06,4.1,0.67
2024-06-25,17:00,June,Summer,V-Shape,77,29.45,27.58,27.32,82.59,0.04,66.08,0.04,2.41,0.67
2024-06-25,17:15,June,Summer,V-Shape,77,22.09,27.31,26.86,82.74,0.03,66.19,0.03,1.81,0.67
2024-06-25,17:30,June,Summer,V-Shape,77,14.73,27.04,26.41,82.88,0.02,66.31,0.02,1.21,0.67
2024-06-25,17:45,June,Summer,V-Shape,77,7.36,26.77,25.95,83.03,0.01,66.42,0.01,0.61,0.67
2024-06-26,05:15,June,Summer,V-Shape,77,14.76,23.6,22.97,83.97,0.02,67.18,0.02,1.22,0.67
2024-06-26,05:30,June,Summer,V-Shape,77,26.44,23.74,23.41,83.83,0.04,67.07,0.03,2.19,0.67
2024-06-26,05:45,June,Summer,V-Shape,77,38.13,23.89,23.85,83.69,0.06,66.95,0.05,3.15,0.67
2024-06-26,06:00,June,Summer,V-Shape,77,49.82,24.04,24.29,83.55,0.07,66.84,0.06,4.11,0.67
2024-06-26,06:15,June,Summer,V-Shape,77,66.66,24.41,25.08,83.3,0.1,66.64,0.08,5.49,0.67
2024-06-26,06:30,June,Summer,V-Shape,77,83.5,24.78,25.87,83.05,0.12,66.44,0.1,6.86,0.67
2024-06-26,06:45,June,Summer,V-Shape,77,100.34,25.15,26.66,82.8,0.15,66.24,0.12,8.23,0.67
2024-06-26,07:00,June,Summer,V-Shape,77,117.18,25.52,27.45,82.55,0.17,66.04,0.15,9.59,0.67
2024-06-26,07:15,June,Summer,V-Shape,77,137.27,26.04,28.47,82.23,0.2,65.78,0.17,11.2,0.67
2024-06-26,07:30,June,Summer,V-Shape,77,157.37,26.56,29.49,81.9,0.23,65.52,0.2,12.8,0.67
2024-06-26,07:45,June,Summer,V-Shape,77,177.46,27.08,30.52,81.58,0.26,65.26,0.22,14.4,0.67
2024-06-26,08:00,June,Summer,V-Shape,77,197.56,27.6,31.54,81.26,0.29,65.01,0.25,15.98,0.67
2024-06-26,08:15,June,Summer,V-Shape,77,218.13,28.05,32.5,80.95,0.32,64.76,0.27,17.59,0.67
2024-06-26,08:30,June,Summer,V-Shape,77,238.7,28.49,33.46,80.65,0.36,64.52,0.3,19.2,0.67
2024-06-26,08:45,June,Summer,V-Shape,77,259.27,28.93,34.42,80.35,0.39,64.28,0.32,20.79,0.67
2024-06-26,09:00,June,Summer,V-Shape,77,279.85,29.38,35.38,80.04,0.42,64.03,0.35,22.38,0.67
2024-06-26,09:15,June,Summer,V-Shape,77,301.16,29.74,36.27,79.76,0.45,63.81,0.38,24.02,0.67
2024-06-26,09:30,June,Summer,V-Shape,77,322.48,30.1,37.16,79.48,0.48,63.58,0.4,25.65,0.67
2024-06-26,09:45,June,Summer,V-Shape,77,343.8,30.46,38.05,79.19,0.51,63.36,0.43,27.28,0.67
2024-06-26,10:00,June,Summer,V-Shape,77,365.12,30.82,38.95,78.91,0.55,63.13,0.46,28.89,0.67
2024-06-26,10:15,June,Summer,V-Shape,77,385.31,31.12,39.75,78.66,0.58,62.93,0.48,30.41,0.67
2024-06-26,10:30,June,Summer,V-Shape,77,405.5,31.41,40.55,78.4,0.61,62.72,0.51,31.93,0.67
2024-06-26,10:45,June,Summer,V-Shape,77,425.69,31.7,41.35,78.15,0.64,62.52,0.53,33.44,0.67
2024-06-26,11:00,June,Summer,V-Shape,77,445.88,32.0,42.15,77.9,0.67,62.32,0.56,34.94,0.67
2024-06-26,11:15,June,Summer,V-Shape,77,449.47,32.23,42.47,77.8,0.68,62.24,0.57,35.18,0.67
2024-06-26,11:30,June,Summer,V-Shape,77,453.06,32.47,42.8,77.69,0.68,62.15,0.57,35.43,0.67
2024-06-26,11:45,June,Summer,V-Shape,77,456.66,32.7,43.12,77.59,0.69,62.07,0.57,35.67,0.67
2024-06-26,12:00,June,Summer,V-Shape,77,460.25,32.94,43.45,77.49,0.69,61.99,0.58,35.92,0.67
2024-06-26,12:15,June,Summer,V-Shape,77,418.76,33.03,42.5,77.79,0.63,62.23,0.53,32.78,0.67
2024-06-26,12:30,June,Summer,V-Shape,77,377.26,33.12,41.56,78.09,0.57,62.47,0.47,29.61,0.67
2024-06-26,12:45,June,Summer,V-Shape,77,335.77,33.22,40.61,78.38,0.5,62.71,0.42,26.43,0.67
2024-06-26,13:00,June,Summer,V-Shape,77,294.28,33.31,39.67,78.68,0.44,62.95,0.37,23.23,0.67
2024-06-26,13:15,June,Summer,V-Shape,77,288.77,33.26,39.47,78.74,0.43,63.0,0.36,22.81,0.67
2024-06-26,13:30,June,Summer,V-Shape,77,283.26,33.2,39.28,78.81,0.42,63.04,0.36,22.39,0.67
2024-06-26,13:45,June,Summer,V-Shape,77,277.75,33.15,39.09,78.87,0.42,63.09,0.35,21.97,0.67
2024-06-26,14:00,June,Summer,V-Shape,77,272.23,33.09,38.9,78.93,0.41,63.14,0.34,21.54,0.67
2024-06-26,14:15,June,Summer,V-Shape,77,240.92,32.88,37.91,79.24,0.36,63.39,0.3,19.12,0.67
2024-06-26,14:30,June,Summer,V-Shape,77,209.61,32.67,36.92,79.56,0.31,63.64,0.26,16.69,0.67
2024-06-26,14:45,June,Summer,V-Shape,77,178.29,32.47,35.92,79.87,0.27,63.89,0.22,14.24,0.67
2024-06-26,15:00,June,Summer,V-Shape,77,146.98,32.26,34.93,80.18,0.22,64.15,0.18,11.77,0.67
2024-06-26,15:15,June,Summer,V-Shape,77,129.08,31.9,34.13,80.44,0.19,64.35,0.16,10.36,0.67
2024-06-26,15:30,June,Summer,V-Shape,77,111.18,31.54,33.32,80.69,0.17,64.55,0.14,8.95,0.67
2024-06-26,15:45,June,Summer,V-Shape,77,93.29,31.18,32.51,80.95,0.14,64.76,0.12,7.52,0.67
2024-06-26,16:00,June,Summer,V-Shape,77,75.39,30.82,31.7,81.2,0.11,64.96,0.09,6.09,0.67
2024-06-26,16:15,June,Summer,V-Shape,77,62.66,30.27,30.84,81.48,0.09,65.18,0.08,5.08,0.67
2024-06-26,16:30,June,Summer,V-Shape,77,49.93,29.73,29.98,81.75,0.07,65.4,0.06,4.06,0.67
2024-06-26,16:45,June,Summer,V-Shape,77,37.2,29.19,29.11,82.03,0.06,65.62,0.05,3.03,0.67
2024-06-26,17:00,June,Summer,V-Shape,77,24.47,28.64,28.25,82.3,0.04,65.84,0.03,2.0,0.67
2024-06-26,17:15,June,Summer,V-Shape,77,18.35,28.22,27.68,82.48,0.03,65.98,0.02,1.5,0.67
2024-06-26,17:30,June,Summer,V-Shape,77,12.23,27.8,27.11,82.66,0.02,66.13,0.02,1.0,0.67
2024-06-26,17:45,June,Summer,V-Shape,77,6.12,27.39,26.54,82.84,0.01,66.27,0.01,0.5,0.67
2024-06-27,05:15,June,Summer,V-Shape,77,18.73,24.67,24.14,83.6,0.03,66.88,0.02,1.55,0.67
2024-06-27,05:30,June,Summer,V-Shape,77,33.96,25.01,24.85,83.37,0.05,66.7,0.04,2.8,0.67
2024-06-27,05:45,June,Summer,V-Shape,77,49.19,25.34,25.57,83.15,0.07,66.52,0.06,4.05,0.67
2024-06-27,06:00,June,Summer,V-Shape,77,64.42,25.67,26.28,82.92,0.1,66.34,0.08,5.29,0.67
2024-06-27,06:15,June,Summer,V-Shape,77,90.24,26.21,27.46,82.55,0.13,66.04,0.11,7.38,0.67
2024-06-27,06:30,June,Summer,V-Shape,77,116.07,26.74,28.64,82.17,0.17,65.74,0.14,9.47,0.67
2024-06-27,06:45,June,Summer,V-Shape,77,141.89,27.27,29.82,81.8,0.21,65.44,0.18,11.53,0.67
2024-06-27,07:00,June,Summer,V-Shape,77,167.72,27.81,31.0,81.43,0.25,65.14,0.21,13.59,0.67
2024-06-27,07:15,June,Summer,V-Shape,77,168.25,28.38,31.58,81.24,0.25,64.99,0.21,13.61,0.67
2024-06-27,07:30,June,Summer,V-Shape,77,168.78,28.95,32.16,81.06,0.25,64.85,0.21,13.63,0.67
2024-06-27,07:45,June,Summer,V-Shape,77,169.31,29.51,32.75,80.88,0.25,64.7,0.21,13.65,0.67
2024-06-27,08:00,June,Summer,V-Shape,77,169.84,30.08,33.33,80.69,0.25,64.55,0.21,13.67,0.67
2024-06-27,08:15,June,Summer,V-Shape,77,211.09,30.54,34.82,80.22,0.31,64.17,0.26,16.91,0.67
2024-06-27,08:30,June,Summer,V-Shape,77,252.34,31.01,36.32,79.74,0.38,63.8,0.32,20.12,0.67
2024-06-27,08:45,June,Summer,V-Shape,77,293.59,31.48,37.81,79.27,0.44,63.42,0.37,23.31,0.67
2024-06-27,09:00,June,Summer,V-Shape,77,334.84,31.94,39.31,78.8,0.5,63.04,0.42,26.47,0.67
2024-06-27,09:15,June,Summer,V-Shape,77,346.35,32.33,39.99,78.58,0.52,62.86,0.43,27.32,0.67
2024-06-27,09:30,June,Summer,V-Shape,77,357.86,32.73,40.67,78.37,0.54,62.69,0.45,28.17,0.67
2024-06-27,09:45,June,Summer,V-Shape,77,369.36,33.12,41.35,78.15,0.55,62.52,0.46,29.01,0.67
2024-06-27,10:00,June,Summer,V-Shape,77,380.87,33.51,42.03,77.93,0.57,62.35,0.48,29.85,0.67
2024-06-27,10:15,June,Summer,V-Shape,77,385.5,33.77,42.41,77.82,0.58,62.25,0.48,30.18,0.67
2024-06-27,10:30,June,Summer,V-Shape,77,390.13,34.03,42.79,77.7,0.59,62.16,0.49,30.51,0.67
2024-06-27,10:45,June,Summer,V-Shape,77,394.77,34.3,43.17,77.58,0.59,62.06,0.5,30.84,0.67
2024-06-27,11:00,June,Summer,V-Shape,77,399.4,34.56,43.54,77.46,0.6,61.96,0.5,31.16,0.67
2024-06-27,11:15,June,Summer,V-Shape,77,402.05,34.64,43.69,77.41,0.6,61.93,0.51,31.35,0.67
2024-06-27,11:30,June,Summer,V-Shape,77,404.7,34.71,43.83,77.37,0.61,61.89,0.51,31.55,0.67
2024-06-27,11:45,June,Summer,V-Shape,77,407.35,34.78,43.97,77.32,0.61,61.86,0.51,31.74,0.67
2024-06-27,12:00,June,Summer,V-Shape,77,410.0,34.86,44.11,77.28,0.62,61.82,0.52,31.93,0.67
2024-06-27,12:15,June,Summer,V-Shape,77,417.69,34.81,44.25,77.23,0.63,61.79,0.53,32.52,0.67
2024-06-27,12:30,June,Summer,V-Shape,77,425.38,34.75,44.39,77.19,0.64,61.75,0.54,33.1,0.67
2024-06-27,12:45,June,Summer,V-Shape,77,433.07,34.7,44.53,77.14,0.65,61.72,0.55,33.68,0.67
2024-06-27,13:00,June,Summer,V-Shape,77,440.76,34.65,44.67,77.1,0.66,61.68,0.56,34.27,0.67
2024-06-27,13:15,June,Summer,V-Shape,77,408.77,34.52,43.74,77.4,0.61,61.92,0.51,31.87,0.67
2024-06-27,13:30,June,Summer,V-Shape,77,376.79,34.38,42.8,77.69,0.57,62.15,0.47,29.46,0.67
2024-06-27,13:45,June,Summer,V-Shape,77,344.8,34.25,41.87,77.99,0.52,62.39,0.43,27.04,0.67
2024-06-27,14:00,June,Summer,V-Shape,77,312.82,34.12,40.94,78.28,0.47,62.62,0.39,24.6,0.67
2024-06-27,14:15,June,Summer,V-Shape,77,299.17,33.92,40.4,78.45,0.45,62.76,0.38,23.57,0.67
2024-06-27,14:30,June,Summer,V-Shape,77,285.53,33.72,39.86,78.62,0.43,62.9,0.36,22.53,0.67
2024-06-27,14:45,June,Summer,V-Shape,77,271.89,33.52,39.32,78.79,0.41,63.04,0.34,21.49,0.67
2024-06-27,15:00,June,Summer,V-Shape,77,258.25,33.32,38.78,78.97,0.39,63.17,0.32,20.44,0.67
2024-06-27,15:15,June,Summer,V-Shape,77,228.88,33.02,37.74,79.29,0.34,63.43,0.29,18.18,0.67
2024-06-27,15:30,June,Summer,V-Shape,77,199.51,32.73,36.71,79.62,0.3,63.7,0.25,15.89,0.67
2024-06-27,15:45,June,Summer,V-Shape,77,170.14,32.43,35.68,79.95,0.25,63.96,0.21,13.6,0.67
2024-06-27,16:00,June,Summer,V-Shape,77,140.77,32.13,34.65,80.27,0.21,64.22,0.18,11.28,0.67
2024-06-27,16:15,June,Summer,V-Shape,77,114.73,31.56,33.43,80.66,0.17,64.53,0.14,9.23,0.67
2024-06-27,16:30,June,Summer,V-Shape,77,88.68,31.0,32.21,81.04,0.13,64.84,0.11,7.16,0.67
2024-06-27,16:45,June,Summer,V-Shape,77,62.64,30.43,30.99,81.43,0.09,65.14,0.08,5.07,0.67
2024-06-27,17:00,June,Summer,V-Shape,77,36.59,29.86,29.77,81.82,0.05,65.45,0.05,2.97,0.67
2024-06-27,17:15,June,Summer,V-Shape,77,27.44,29.24,28.93,82.08,0.04,65.67,0.03,2.24,0.67
2024-06-27,17:30,June,Summer,V-Shape,77,18.3,28.62,28.08,82.35,0.03,65.88,0.02,1.49,0.67
2024-06-27,17:45,June,Summer,V-Shape,77,9.15,28.01,27.24,82.62,0.01,66.1,0.01,0.75,0.67
2024-06-28,05:15,June,Summer,V-Shape,77,27.02,24.49,24.17,83.59,0.04,66.87,0.03,2.23,0.67
2024-06-28,05:30,June,Summer,V-Shape,77,49.2,24.87,25.1,83.3,0.07,66.64,0.06,4.05,0.67
2024-06-28,05:45,June,Summer,V-Shape,77,71.39,25.25,26.03,83.0,0.11,66.4,0.09,5.87,0.67
2024-06-28,06:00,June,Summer,V-Shape,77,93.58,25.63,26.97,82.7,0.14,66.16,0.12,7.67,0.67
2024-06-28,06:15,June,Summer,V-Shape,77,134.43,26.2,28.57,82.2,0.2,65.76,0.17,10.97,0.67
2024-06-28,06:30,June,Summer,V-Shape,77,175.28,26.78,30.16,81.69,0.26,65.35,0.22,14.23,0.67
2024-06-28,06:45,June,Summer,V-Shape,77,216.13,27.36,31.76,81.19,0.32,64.95,0.27,17.47,0.67
2024-06-28,07:00,June,Summer,V-Shape,77,256.99,27.93,33.35,80.68,0.38,64.55,0.32,20.68,0.67
2024-06-28,07:15,June,Summer,V-Shape,77,296.72,28.57,34.99,80.17,0.44,64.13,0.37,23.76,0.67
2024-06-28,07:30,June,Summer,V-Shape,77,336.46,29.21,36.62,79.65,0.5,63.72,0.42,26.81,0.67
2024-06-28,07:45,June,Summer,V-Shape,77,376.19,29.85,38.25,79.13,0.56,63.3,0.47,29.83,0.67
2024-06-28,08:00,June,Summer,V-Shape,77,415.93,30.49,39.89,78.61,0.62,62.89,0.52,32.82,0.67
2024-06-28,08:15,June,Summer,V-Shape,77,465.68,31.02,41.66,78.05,0.7,62.44,0.59,36.54,0.67
2024-06-28,08:30,June,Summer,V-Shape,77,515.44,31.55,43.43,77.49,0.77,61.99,0.65,40.23,0.67
2024-06-28,08:45,June,Summer,V-Shape,77,565.2,32.07,45.2,76.93,0.85,61.54,0.71,43.87,0.67
2024-06-28,09:00,June,Summer,V-Shape,77,614.95,32.6,46.97,76.37,0.93,61.1,0.78,47.46,0.67
2024-06-28,09:15,June,Summer,V-Shape,77,637.59,33.0,47.93,76.07,0.96,60.85,0.81,49.06,0.67
2024-06-28,09:30,June,Summer,V-Shape,77,660.22,33.39,48.9,75.76,1.0,60.61,0.84,50.65,0.67
2024-06-28,09:45,June,Summer,V-Shape,77,682.86,33.78,49.86,75.46,1.03,60.37,0.87,52.22,0.67
2024-06-28,10:00,June,Summer,V-Shape,77,705.5,34.18,50.82,75.15,1.07,60.12,0.89,53.79,0.67
2024-06-28,10:15,June,Summer,V-Shape,77,701.25,34.46,50.99,75.1,1.06,60.08,0.89,53.43,0.67
2024-06-28,10:30,June,Summer,V-Shape,77,697.0,34.75,51.17,75.04,1.06,60.03,0.88,53.08,0.67
2024-06-28,10:45,June,Summer,V-Shape,77,692.75,35.03,51.35,74.99,1.05,59.99,0.88,52.72,0.67
2024-06-28,11:00,June,Summer,V-Shape,77,688.51,35.31,51.52,74.93,1.04,59.94,0.87,52.37,0.67
2024-06-28,11:15,June,Summer,V-Shape,77,678.2,35.49,51.45,74.95,1.03,59.96,0.86,51.6,0.67
2024-06-28,11:30,June,Summer,V-Shape,77,667.9,35.67,51.37,74.98,1.01,59.98,0.85,50.83,0.67
2024-06-28,11:45,June,Summer,V-Shape,77,657.6,35.85,51.29,75.0,1.0,60.0,0.83,50.06,0.67
2024-06-28,12:00,June,Summer,V-Shape,77,647.29,36.03,51.21,75.03,0.98,60.02,0.82,49.29,0.67
2024-06-28,12:15,June,Summer,V-Shape,77,645.74,36.09,51.23,75.02,0.98,60.02,0.82,49.16,0.67
2024-06-28,12:30,June,Summer,V-Shape,77,644.19,36.15,51.25,75.01,0.98,60.01,0.82,49.04,0.67
2024-06-28,12:45,June,Summer,V-Shape,77,642.63,36.21,51.28,75.01,0.97,60.01,0.82,48.92,0.67
2024-06-28,13:00,June,Summer,V-Shape,77,641.08,36.27,51.3,75.0,0.97,60.0,0.81,48.8,0.67
2024-06-28,13:15,June,Summer,V-Shape,77,622.09,36.11,50.66,75.2,0.94,60.16,0.79,47.45,0.67
2024-06-28,13:30,June,Summer,V-Shape,77,603.09,35.95,50.03,75.4,0.91,60.32,0.76,46.1,0.67
2024-06-28,13:45,June,Summer,V-Shape,77,584.1,35.79,49.39,75.6,0.88,60.48,0.74,44.74,0.67
2024-06-28,14:00,June,Summer,V-Shape,77,565.11,35.63,48.76,75.81,0.85,60.64,0.72,43.37,0.67
2024-06-28,14:15,June,Summer,V-Shape,77,521.92,35.33,47.38,76.24,0.79,60.99,0.66,40.23,0.67
2024-06-28,14:30,June,Summer,V-Shape,77,478.72,35.03,46.0,76.68,0.72,61.34,0.6,37.06,0.67
2024-06-28,14:45,June,Summer,V-Shape,77,435.53,34.73,44.62,77.12,0.66,61.69,0.55,33.87,0.67
2024-06-28,15:00,June,Summer,V-Shape,77,392.33,34.43,43.24,77.55,0.59,62.04,0.49,30.64,0.67
2024-06-28,15:15,June,Summer,V-Shape,77,351.05,34.02,41.79,78.01,0.53,62.41,0.44,27.54,0.67
2024-06-28,15:30,June,Summer,V-Shape,77,309.78,33.61,40.35,78.47,0.46,62.77,0.39,24.41,0.67
2024-06-28,15:45,June,Summer,V-Shape,77,268.5,33.19,38.9,78.93,0.4,63.14,0.34,21.25,0.67
2024-06-28,16:00,June,Summer,V-Shape,77,227.22,32.78,37.46,79.38,0.34,63.51,0.28,18.06,0.67
2024-06-28,16:15,June,Summer,V-Shape,77,186.77,32.21,35.88,79.88,0.28,63.91,0.23,14.91,0.67
2024-06-28,16:30,June,Summer,V-Shape,77,146.32,31.65,34.3,80.38,0.22,64.31,0.18,11.74,0.67
2024-06-28,16:45,June,Summer,V-Shape,77,105.87,31.08,32.72,80.88,0.16,64.71,0.13,8.53,0.67
2024-06-28,17:00,June,Summer,V-Shape,77,65.42,30.51,31.15,81.38,0.1,65.11,0.08,5.3,0.67
2024-06-28,17:15,June,Summer,V-Shape,77,49.06,30.05,30.27,81.66,0.07,65.33,0.06,3.98,0.67
2024-06-28,17:30,June,Summer,V-Shape,77,32.71,29.58,29.4,81.94,0.05,65.55,0.04,2.66,0.67
2024-06-28,17:45,June,Summer,V-Shape,77,16.35,29.11,28.52,82.21,0.02,65.77,0.02,1.33,0.67
2024-06-29,05:15,June,Summer,V-Shape,77,24.38,23.74,23.35,83.85,0.04,67.08,0.03,2.02,0.67
2024-06-29,05:30,June,Summer,V-Shape,77,44.71,24.04,24.16,83.59,0.07,66.88,0.06,3.69,0.67
2024-06-29,05:45,June,Summer,V-Shape,77,65.05,24.34,24.96,83.34,0.1,66.67,0.08,5.36,0.67
2024-06-29,06:00,June,Summer,V-Shape,77,85.39,24.63,25.76,83.09,0.13,66.47,0.11,7.02,0.67
2024-06-29,06:15,June,Summer,V-Shape,77,122.79,25.11,27.18,82.64,0.18,66.11,0.15,10.06,0.67
2024-06-29,06:30,June,Summer,V-Shape,77,160.19,25.59,28.6,82.19,0.24,65.75,0.2,13.07,0.67
2024-06-29,06:45,June,Summer,V-Shape,77,197.59,26.08,30.02,81.74,0.29,65.39,0.25,16.05,0.67
2024-06-29,07:00,June,Summer,V-Shape,77,234.99,26.56,31.43,81.29,0.35,65.03,0.29,19.01,0.67
2024-06-29,07:15,June,Summer,V-Shape,77,279.15,27.33,33.31,80.7,0.42,64.56,0.35,22.46,0.67
2024-06-29,07:30,June,Summer,V-Shape,77,323.31,28.1,35.19,80.1,0.48,64.08,0.4,25.87,0.67
2024-06-29,07:45,June,Summer,V-Shape,77,367.46,28.88,37.06,79.51,0.55,63.61,0.46,29.24,0.67
2024-06-29,08:00,June,Summer,V-Shape,77,411.62,29.65,38.94,78.91,0.62,63.13,0.52,32.57,0.67
2024-06-29,08:15,June,Summer,V-Shape,77,475.24,30.26,41.14,78.22,0.71,62.57,0.6,37.35,0.67
2024-06-29,08:30,June,Summer,V-Shape,77,538.86,30.86,43.34,77.52,0.81,62.02,0.68,42.07,0.67
2024-06-29,08:45,June,Summer,V-Shape,77,602.48,31.47,45.53,76.83,0.91,61.46,0.76,46.71,0.67
2024-06-29,09:00,June,Summer,V-Shape,77,666.1,32.08,47.73,76.13,1.01,60.9,0.84,51.29,0.67
2024-06-29,09:15,June,Summer,V-Shape,77,674.58,32.49,48.36,75.93,1.02,60.75,0.85,51.84,0.67
2024-06-29,09:30,June,Summer,V-Shape,77,683.07,32.91,48.98,75.73,1.03,60.59,0.86,52.39,0.67
2024-06-29,09:45,June,Summer,V-Shape,77,691.55,33.32,49.61,75.54,1.05,60.43,0.88,52.93,0.67
2024-06-29,10:00,June,Summer,V-Shape,77,700.04,33.73,50.23,75.34,1.06,60.27,0.89,53.47,0.67
2024-06-29,10:15,June,Summer,V-Shape,77,714.49,34.02,50.88,75.13,1.08,60.11,0.91,54.46,0.67
2024-06-29,10:30,June,Summer,V-Shape,77,728.94,34.3,51.53,74.93,1.1,59.94,0.92,55.45,0.67
2024-06-29,10:45,June,Summer,V-Shape,77,743.39,34.59,52.18,74.72,1.13,59.78,0.94,56.43,0.67
2024-06-29,11:00,June,Summer,V-Shape,77,757.84,34.88,52.83,74.52,1.15,59.61,0.96,57.4,0.67
2024-06-29,11:15,June,Summer,V-Shape,77,723.14,35.1,52.18,74.72,1.1,59.78,0.92,54.89,0.67
2024-06-29,11:30,June,Summer,V-Shape,77,688.45,35.33,51.54,74.93,1.04,59.94,0.87,52.36,0.67
2024-06-29,11:45,June,Summer,V-Shape,77,653.75,35.55,50.89,75.13,0.99,60.1,0.83,49.83,0.67
2024-06-29,12:00,June,Summer,V-Shape,77,619.06,35.77,50.25,75.33,0.94,60.27,0.78,47.28,0.67
2024-06-29,12:15,June,Summer,V-Shape,77,621.78,35.92,50.46,75.27,0.94,60.21,0.79,47.46,0.67
2024-06-29,12:30,June,Summer,V-Shape,77,624.5,36.06,50.67,75.2,0.95,60.16,0.79,47.63,0.67
2024-06-29,12:45,June,Summer,V-Shape,77,627.23,36.2,50.89,75.13,0.95,60.11,0.8,47.81,0.67
2024-06-29,13:00,June,Summer,V-Shape,77,629.95,36.35,51.1,75.06,0.95,60.05,0.8,47.98,0.67
2024-06-29,13:15,June,Summer,V-Shape,77,599.19,36.38,50.36,75.3,0.91,60.24,0.76,45.75,0.67
2024-06-29,13:30,June,Summer,V-Shape,77,568.43,36.41,49.62,75.53,0.86,60.43,0.72,43.5,0.67
2024-06-29,13:45,June,Summer,V-Shape,77,537.67,36.44,48.88,75.77,0.81,60.61,0.68,41.25,0.67
2024-06-29,14:00,June,Summer,V-Shape,77,506.91,36.47,48.14,76.0,0.77,60.8,0.64,38.98,0.67
2024-06-29,14:15,June,Summer,V-Shape,77,488.93,36.38,47.6,76.17,0.74,60.94,0.62,37.66,0.67
2024-06-29,14:30,June,Summer,V-Shape,77,470.95,36.28,47.06,76.34,0.71,61.07,0.6,36.34,0.67
2024-06-29,14:45,June,Summer,V-Shape,77,452.96,36.19,46.52,76.51,0.68,61.21,0.57,35.01,0.67
2024-06-29,15:00,June,Summer,V-Shape,77,434.98,36.1,45.97,76.69,0.66,61.35,0.55,33.68,0.67
2024-06-29,15:15,June,Summer,V-Shape,77,377.5,35.83,44.27,77.23,0.57,61.78,0.48,29.39,0.67
2024-06-29,15:30,June,Summer,V-Shape,77,320.02,35.56,42.56,77.77,0.48,62.21,0.4,25.04,0.67
2024-06-29,15:45,June,Summer,V-Shape,77,262.54,35.29,40.85,78.31,0.39,62.65,0.33,20.65,0.67
2024-06-29,16:00,June,Summer,V-Shape,77,205.07,35.02,39.15,78.85,0.31,63.08,0.26,16.22,0.67
2024-06-29,16:15,June,Summer,V-Shape,77,168.54,34.4,37.62,79.33,0.25,63.47,0.21,13.39,0.67
2024-06-29,16:30,June,Summer,V-Shape,77,132.02,33.78,36.09,79.82,0.2,63.85,0.17,10.54,0.67
2024-06-29,16:45,June,Summer,V-Shape,77,95.5,33.17,34.56,80.3,0.14,64.24,0.12,7.66,0.67
2024-06-29,17:00,June,Summer,V-Shape,77,58.98,32.55,33.02,80.79,0.09,64.63,0.07,4.75,0.67
2024-06-29,17:15,June,Summer,V-Shape,77,44.23,31.93,32.03,81.1,0.07,64.88,0.06,3.57,0.67
2024-06-29,17:30,June,Summer,V-Shape,77,29.49,31.3,31.04,81.41,0.04,65.13,0.04,2.39,0.67
2024-06-29,17:45,June,Summer,V-Shape,77,14.74,30.68,30.05,81.73,0.02,65.38,0.02,1.2,0.67
2024-06-30,05:15,June,Summer,V-Shape,77,29.95,25.29,25.03,83.32,0.04,66.65,0.04,2.47,0.67
2024-06-30,05:30,June,Summer,V-Shape,77,55.14,25.4,25.78,83.08,0.08,66.47,0.07,4.53,0.67
2024-06-30,05:45,June,Summer,V-Shape,77,80.33,25.52,26.52,82.85,0.12,66.28,0.1,6.59,0.67
2024-06-30,06:00,June,Summer,V-Shape,77,105.53,25.63,27.27,82.61,0.16,66.09,0.13,8.64,0.67
2024-06-30,06:15,June,Summer,V-Shape,77,151.65,25.83,28.62,82.18,0.22,65.75,0.19,12.37,0.67
2024-06-30,06:30,June,Summer,V-Shape,77,197.78,26.03,29.97,81.75,0.29,65.4,0.25,16.07,0.67
2024-06-30,06:45,June,Summer,V-Shape,77,243.91,26.23,31.33,81.32,0.36,65.06,0.3,19.74,0.67
2024-06-30,07:00,June,Summer,V-Shape,77,290.04,26.43,32.68,80.9,0.43,64.72,0.36,23.38,0.67
2024-06-30,07:15,June,Summer,V-Shape,77,335.95,26.79,34.19,80.42,0.5,64.33,0.42,26.96,0.67
2024-06-30,07:30,June,Summer,V-Shape,77,381.86,27.16,35.7,79.94,0.57,63.95,0.48,30.51,0.67
2024-06-30,07:45,June,Summer,V-Shape,77,427.77,27.52,37.21,79.46,0.64,63.57,0.54,34.02,0.67
2024-06-30,08:00,June,Summer,V-Shape,77,473.68,27.88,38.72,78.98,0.71,63.19,0.59,37.51,0.67
2024-06-30,08:15,June,Summer,V-Shape,77,519.48,28.23,40.21,78.51,0.78,62.81,0.65,40.95,0.67
2024-06-30,08:30,June,Summer,V-Shape,77,565.29,28.57,41.71,78.04,0.85,62.43,0.71,44.35,0.67
2024-06-30,08:45,June,Summer,V-Shape,77,611.09,28.92,43.2,77.57,0.92,62.05,0.77,47.73,0.67
2024-06-30,09:00,June,Summer,V-Shape,77,656.9,29.27,44.69,77.09,0.99,61.67,0.83,51.07,0.67
2024-06-30,09:15,June,Summer,V-Shape,77,656.55,29.63,45.04,76.98,0.99,61.58,0.83,50.98,0.67
2024-06-30,09:30,June,Summer,V-Shape,77,656.21,29.99,45.4,76.87,0.99,61.5,0.83,50.9,0.67
2024-06-30,09:45,June,Summer,V-Shape,77,655.86,30.35,45.75,76.76,0.99,61.41,0.83,50.82,0.67
2024-06-30,10:00,June,Summer,V-Shape,77,655.51,30.71,46.1,76.65,0.99,61.32,0.83,50.74,0.67
2024-06-30,10:15,June,Summer,V-Shape,77,674.06,31.05,46.9,76.39,1.02,61.12,0.85,52.04,0.67
2024-06-30,10:30,June,Summer,V-Shape,77,692.61,31.39,47.7,76.14,1.05,60.91,0.88,53.33,0.67
2024-06-30,10:45,June,Summer,V-Shape,77,711.15,31.72,48.5,75.89,1.07,60.71,0.9,54.62,0.67
2024-06-30,11:00,June,Summer,V-Shape,77,729.7,32.06,49.3,75.63,1.1,60.51,0.92,55.9,0.67
2024-06-30,11:15,June,Summer,V-Shape,77,717.85,32.28,49.23,75.66,1.09,60.52,0.91,55.01,0.67
2024-06-30,11:30,June,Summer,V-Shape,77,705.99,32.51,49.15,75.68,1.07,60.54,0.89,54.11,0.67
2024-06-30,11:45,June,Summer,V-Shape,77,694.14,32.73,49.08,75.7,1.05,60.56,0.88,53.22,0.67
2024-06-30,12:00,June,Summer,V-Shape,77,682.29,32.95,49.01,75.73,1.03,60.58,0.86,52.32,0.67
2024-06-30,12:15,June,Summer,V-Shape,77,673.28,33.06,48.9,75.76,1.02,60.61,0.85,51.65,0.67
2024-06-30,12:30,June,Summer,V-Shape,77,664.27,33.18,48.79,75.8,1.0,60.64,0.84,50.98,0.67
2024-06-30,12:45,June,Summer,V-Shape,77,655.26,33.3,48.68,75.83,0.99,60.66,0.83,50.3,0.67
2024-06-30,13:00,June,Summer,V-Shape,77,646.24,33.41,48.57,75.87,0.98,60.69,0.82,49.63,0.67
2024-06-30,13:15,June,Summer,V-Shape,77,615.68,33.54,47.93,76.07,0.93,60.85,0.78,47.38,0.67
2024-06-30,13:30,June,Summer,V-Shape,77,585.11,33.66,47.29,76.27,0.88,61.02,0.74,45.11,0.67
2024-06-30,13:45,June,Summer,V-Shape,77,554.54,33.79,46.66,76.47,0.84,61.18,0.7,42.84,0.67
2024-06-30,14:00,June,Summer,V-Shape,77,523.97,33.92,46.02,76.67,0.79,61.34,0.66,40.56,0.67
2024-06-30,14:15,June,Summer,V-Shape,77,454.97,33.97,44.34,77.2,0.68,61.76,0.57,35.41,0.67
2024-06-30,14:30,June,Summer,V-Shape,77,385.96,34.01,42.66,77.74,0.58,62.19,0.49,30.19,0.67
2024-06-30,14:45,June,Summer,V-Shape,77,316.96,34.05,40.98,78.27,0.48,62.61,0.4,24.93,0.67
2024-06-30,15:00,June,Summer,V-Shape,77,247.96,34.1,39.3,78.8,0.37,63.04,0.31,19.6,0.67
2024-06-30,15:15,June,Summer,V-Shape,77,229.91,33.94,38.69,78.99,0.34,63.2,0.29,18.21,0.67
2024-06-30,15:30,June,Summer,V-Shape,77,211.86,33.78,38.07,79.19,0.32,63.35,0.27,16.81,0.67
2024-06-30,15:45,June,Summer,V-Shape,77,193.82,33.61,37.46,79.38,0.29,63.51,0.24,15.4,0.67
2024-06-30,16:00,June,Summer,V-Shape,77,175.77,33.45,36.84,79.58,0.26,63.66,0.22,14.0,0.67
2024-06-30,16:15,June,Summer,V-Shape,77,147.15,32.97,35.65,79.96,0.22,63.96,0.18,11.76,0.67
2024-06-30,16:30,June,Summer,V-Shape,77,118.53,32.5,34.46,80.33,0.18,64.27,0.15,9.51,0.67
2024-06-30,16:45,June,Summer,V-Shape,77,89.92,32.02,33.27,80.71,0.13,64.57,0.11,7.24,0.67
2024-06-30,17:00,June,Summer,V-Shape,77,61.3,31.54,32.07,81.09,0.09,64.87,0.08,4.95,0.67
2024-06-30,17:15,June,Summer,V-Shape,77,45.97,31.05,31.2,81.37,0.07,65.09,0.06,3.72,0.67
2024-06-30,17:30,June,Summer,V-Shape,77,30.65,30.55,30.32,81.64,0.05,65.31,0.04,2.49,0.67
2024-06-30,17:45,June,Summer,V-Shape,77,15.32,30.06,29.45,81.92,0.02,65.54,0.02,1.25,0.67
