Date,Time,Month,Season,Shape,Spacing_cm,Irradiation_Wm2,AmbientTemp_C,CellTemp_C,Voc_V,Isc_A,Vm_V,Im_A,Pm_W,FF
2025-01-01,06:00,January,LateWinter,Inverted-V,93,35.86,21.74,17.64,85.66,0.05,68.53,0.04,3.02,0.67
2025-01-01,06:15,January,LateWinter,Inverted-V,93,35.86,21.74,17.64,85.66,0.05,68.53,0.04,3.02,0.67
2025-01-01,06:30,January,LateWinter,Inverted-V,93,35.86,21.74,17.64,85.66,0.05,68.53,0.04,3.02,0.67
2025-01-01,06:45,January,LateWinter,Inverted-V,93,35.86,21.74,17.64,85.66,0.05,68.53,0.04,3.02,0.67
2025-01-01,07:00,January,LateWinter,Inverted-V,93,225.97,23.01,23.66,83.75,0.33,67.0,0.28,18.69,0.67
2025-01-01,07:15,January,LateWinter,Inverted-V,93,225.97,23.01,23.66,83.75,0.33,67.0,0.28,18.69,0.67
2025-01-01,07:30,January,LateWinter,Inverted-V,93,225.97,23.01,23.66,83.75,0.33,67.0,0.28,18.69,0.67
2025-01-01,07:45,January,LateWinter,Inverted-V,93,225.97,23.01,23.66,83.75,0.33,67.0,0.28,18.69,0.67
2025-01-01,08:00,January,LateWinter,Inverted-V,93,470.79,24.88,31.65,81.22,0.7,64.98,0.59,38.07,0.67
2025-01-01,08:15,January,LateWinter,Inverted-V,93,470.79,24.88,31.65,81.22,0.7,64.98,0.59,38.07,0.67
2025-01-01,08:30,January,LateWinter,Inverted-V,93,470.79,24.88,31.65,81.22,0.7,64.98,0.59,38.07,0.67
2025-01-01,08:45,January,LateWinter,Inverted-V,93,470.79,24.88,31.65,81.22,0.7,64.98,0.59,38.07,0.67
2025-01-01,09:00,January,LateWinter,Inverted-V,93,686.52,26.4,38.56,79.03,1.03,63.23,0.86,54.38,0.67
2025-01-01,09:15,January,LateWinter,Inverted-V,93,686.52,26.4,38.56,79.03,1.03,63.23,0.86,54.38,0.67
2025-01-01,09:30,January,LateWinter,Inverted-V,93,686.52,26.4,38.56,79.03,1.03,63.23,0.86,54.38,0.67
2025-01-01,09:45,January,LateWinter,Inverted-V,93,686.52,26.4,38.56,79.03,1.03,63.23,0.86,54.38,0.67
2025-01-01,10:00,January,LateWinter,Inverted-V,93,854.19,27.43,43.78,77.38,1.28,61.9,1.08,66.59,0.67
2025-01-01,10:15,January,LateWinter,Inverted-V,93,854.19,27.43,43.78,77.38,1.28,61.9,1.08,66.59,0.67
2025-01-01,10:30,January,LateWinter,Inverted-V,93,854.19,27.43,43.78,77.38,1.28,61.9,1.08,66.59,0.67
2025-01-01,10:45,January,LateWinter,Inverted-V,93,854.19,27.43,43.78,77.38,1.28,61.9,1.08,66.59,0.67
2025-01-01,11:00,January,LateWinter,Inverted-V,93,907.15,28.19,45.87,76.72,1.37,61.38,1.14,70.26,0.67
2025-01-01,11:15,January,LateWinter,Inverted-V,93,907.15,28.19,45.87,76.72,1.37,61.38,1.14,70.26,0.67
2025-01-01,11:30,January,LateWinter,Inverted-V,93,907.15,28.19,45.87,76.72,1.37,61.38,1.14,70.26,0.67
2025-01-01,11:45,January,LateWinter,Inverted-V,93,907.15,28.19,45.87,76.72,1.37,61.38,1.14,70.26,0.67
2025-01-01,12:00,January,LateWinter,Inverted-V,93,889.11,28.67,45.9,76.71,1.34,61.37,1.12,68.86,0.67
2025-01-01,12:15,January,LateWinter,Inverted-V,93,889.11,28.67,45.9,76.71,1.34,61.37,1.12,68.86,0.67
2025-01-01,12:30,January,LateWinter,Inverted-V,93,889.11,28.67,45.9,76.71,1.34,61.37,1.12,68.86,0.67
2025-01-01,12:45,January,LateWinter,Inverted-V,93,889.11,28.67,45.9,76.71,1.34,61.37,1.12,68.86,0.67
2025-01-01,13:00,January,LateWinter,Inverted-V,93,779.89,28.85,43.35,77.52,1.17,62.01,0.98,60.88,0.67
2025-01-01,13:15,January,LateWinter,Inverted-V,93,779.89,28.85,43.35,77.52,1.17,62.01,0.98,60.88,0.67
2025-01-01,13:30,January,LateWinter,Inverted-V,93,779.89,28.85,43.35,77.52,1.17,62.01,0.98,60.88,0.67
2025-01-01,13:45,January,LateWinter,Inverted-V,93,779.89,28.85,43.35,77.52,1.17,62.01,0.98,60.88,0.67
2025-01-01,14:00,January,LateWinter,Inverted-V,93,639.0,28.65,39.63,78.7,0.96,62.96,0.8,50.46,0.67
2025-01-01,14:15,January,LateWinter,Inverted-V,93,639.0,28.65,39.63,78.7,0.96,62.96,0.8,50.46,0.67
2025-01-01,14:30,January,LateWinter,Inverted-V,93,639.0,28.65,39.63,78.7,0.96,62.96,0.8,50.46,0.67
2025-01-01,14:45,January,LateWinter,Inverted-V,93,639.0,28.65,39.63,78.7,0.96,62.96,0.8,50.46,0.67
2025-01-01,15:00,January,LateWinter,Inverted-V,93,408.53,28.01,33.22,80.72,0.61,64.58,0.51,32.88,0.67
2025-01-01,15:15,January,LateWinter,Inverted-V,93,408.53,28.01,33.22,80.72,0.61,64.58,0.51,32.88,0.67
2025-01-01,15:30,January,LateWinter,Inverted-V,93,408.53,28.01,33.22,80.72,0.61,64.58,0.51,32.88,0.67
2025-01-01,15:45,January,LateWinter,Inverted-V,93,408.53,28.01,33.22,80.72,0.61,64.58,0.51,32.88,0.67
2025-01-01,16:00,January,LateWinter,Inverted-V,93,196.4,26.63,26.54,82.84,0.29,66.27,0.24,16.11,0.67
2025-01-01,16:15,January,LateWinter,Inverted-V,93,196.4,26.63,26.54,82.84,0.29,66.27,0.24,16.11,0.67
2025-01-01,16:30,January,LateWinter,Inverted-V,93,196.4,26.63,26.54,82.84,0.29,66.27,0.24,16.11,0.67
2025-01-01,16:45,January,LateWinter,Inverted-V,93,196.4,26.63,26.54,82.84,0.29,66.27,0.24,16.11,0.67
2025-01-01,17:00,January,LateWinter,Inverted-V,93,18.2,24.22,19.67,85.01,0.03,68.01,0.02,1.52,0.67
2025-01-01,17:15,January,LateWinter,Inverted-V,93,18.2,24.22,19.67,85.01,0.03,68.01,0.02,1.52,0.67
2025-01-01,17:30,January,LateWinter,Inverted-V,93,18.2,24.22,19.67,85.01,0.03,68.01,0.02,1.52,0.67
2025-01-01,17:45,January,LateWinter,Inverted-V,93,18.2,24.22,19.67,85.01,0.03,68.01,0.02,1.52,0.67
2025-01-02,06:00,January,LateWinter,Inverted-V,93,35.21,19.82,15.7,86.27,0.05,69.02,0.04,2.98,0.67
2025-01-02,06:15,January,LateWinter,Inverted-V,93,35.21,19.82,15.7,86.27,0.05,69.02,0.04,2.98,0.67
2025-01-02,06:30,January,LateWinter,Inverted-V,93,35.21,19.82,15.7,86.27,0.05,69.02,0.04,2.98,0.67
2025-01-02,06:45,January,LateWinter,Inverted-V,93,35.21,19.82,15.7,86.27,0.05,69.02,0.04,2.98,0.67
2025-01-02,07:00,January,LateWinter,Inverted-V,93,214.9,22.07,22.44,84.14,0.32,67.31,0.26,17.84,0.67
2025-01-02,07:15,January,LateWinter,Inverted-V,93,214.9,22.07,22.44,84.14,0.32,67.31,0.26,17.84,0.67
2025-01-02,07:30,January,LateWinter,Inverted-V,93,214.9,22.07,22.44,84.14,0.32,67.31,0.26,17.84,0.67
2025-01-02,07:45,January,LateWinter,Inverted-V,93,214.9,22.07,22.44,84.14,0.32,67.31,0.26,17.84,0.67
2025-01-02,08:00,January,LateWinter,Inverted-V,93,427.16,24.62,30.3,81.65,0.63,65.32,0.53,34.67,0.67
2025-01-02,08:15,January,LateWinter,Inverted-V,93,427.16,24.62,30.3,81.65,0.63,65.32,0.53,34.67,0.67
2025-01-02,08:30,January,LateWinter,Inverted-V,93,427.16,24.62,30.3,81.65,0.63,65.32,0.53,34.67,0.67
2025-01-02,08:45,January,LateWinter,Inverted-V,93,427.16,24.62,30.3,81.65,0.63,65.32,0.53,34.67,0.67
2025-01-02,09:00,January,LateWinter,Inverted-V,93,622.8,26.13,36.7,79.62,0.93,63.7,0.78,49.61,0.67
2025-01-02,09:15,January,LateWinter,Inverted-V,93,622.8,26.13,36.7,79.62,0.93,63.7,0.78,49.61,0.67
2025-01-02,09:30,January,LateWinter,Inverted-V,93,622.8,26.13,36.7,79.62,0.93,63.7,0.78,49.61,0.67
2025-01-02,09:45,January,LateWinter,Inverted-V,93,622.8,26.13,36.7,79.62,0.93,63.7,0.78,49.61,0.67
2025-01-02,10:00,January,LateWinter,Inverted-V,93,717.55,27.22,40.16,78.53,1.08,62.82,0.9,56.57,0.67
2025-01-02,10:15,January,LateWinter,Inverted-V,93,717.55,27.22,40.16,78.53,1.08,62.82,0.9,56.57,0.67
2025-01-02,10:30,January,LateWinter,Inverted-V,93,717.55,27.22,40.16,78.53,1.08,62.82,0.9,56.57,0.67
2025-01-02,10:45,January,LateWinter,Inverted-V,93,717.55,27.22,40.16,78.53,1.08,62.82,0.9,56.57,0.67
2025-01-02,11:00,January,LateWinter,Inverted-V,93,846.9,28.02,44.19,77.25,1.27,61.8,1.07,65.94,0.67
2025-01-02,11:15,January,LateWinter,Inverted-V,93,846.9,28.02,44.19,77.25,1.27,61.8,1.07,65.94,0.67
2025-01-02,11:30,January,LateWinter,Inverted-V,93,846.9,28.02,44.19,77.25,1.27,61.8,1.07,65.94,0.67
2025-01-02,11:45,January,LateWinter,Inverted-V,93,846.9,28.02,44.19,77.25,1.27,61.8,1.07,65.94,0.67
2025-01-02,12:00,January,LateWinter,Inverted-V,93,754.08,28.49,42.34,77.84,1.13,62.27,0.95,59.05,0.67
2025-01-02,12:15,January,LateWinter,Inverted-V,93,754.08,28.49,42.34,77.84,1.13,62.27,0.95,59.05,0.67
2025-01-02,12:30,January,LateWinter,Inverted-V,93,754.08,28.49,42.34,77.84,1.13,62.27,0.95,59.05,0.67
2025-01-02,12:45,January,LateWinter,Inverted-V,93,754.08,28.49,42.34,77.84,1.13,62.27,0.95,59.05,0.67
2025-01-02,13:00,January,LateWinter,Inverted-V,93,745.36,28.55,42.18,77.89,1.12,62.31,0.94,58.4,0.67
2025-01-02,13:15,January,LateWinter,Inverted-V,93,745.36,28.55,42.18,77.89,1.12,62.31,0.94,58.4,0.67
2025-01-02,13:30,January,LateWinter,Inverted-V,93,745.36,28.55,42.18,77.89,1.12,62.31,0.94,58.4,0.67
2025-01-02,13:45,January,LateWinter,Inverted-V,93,745.36,28.55,42.18,77.89,1.12,62.31,0.94,58.4,0.67
2025-01-02,14:00,January,LateWinter,Inverted-V,93,601.72,28.07,38.11,79.18,0.9,63.34,0.75,47.73,0.67
2025-01-02,14:15,January,LateWinter,Inverted-V,93,601.72,28.07,38.11,79.18,0.9,63.34,0.75,47.73,0.67
2025-01-02,14:30,January,LateWinter,Inverted-V,93,601.72,28.07,38.11,79.18,0.9,63.34,0.75,47.73,0.67
2025-01-02,14:45,January,LateWinter,Inverted-V,93,601.72,28.07,38.11,79.18,0.9,63.34,0.75,47.73,0.67
2025-01-02,15:00,January,LateWinter,Inverted-V,93,370.57,27.17,31.43,81.29,0.55,65.03,0.46,29.98,0.67
2025-01-02,15:15,January,LateWinter,Inverted-V,93,370.57,27.17,31.43,81.29,0.55,65.03,0.46,29.98,0.67
2025-01-02,15:30,January,LateWinter,Inverted-V,93,370.57,27.17,31.43,81.29,0.55,65.03,0.46,29.98,0.67
2025-01-02,15:45,January,LateWinter,Inverted-V,93,370.57,27.17,31.43,81.29,0.55,65.03,0.46,29.98,0.67
2025-01-02,16:00,January,LateWinter,Inverted-V,93,180.09,25.84,25.34,83.22,0.27,66.58,0.22,14.83,0.67
2025-01-02,16:15,January,LateWinter,Inverted-V,93,180.09,25.84,25.34,83.22,0.27,66.58,0.22,14.83,0.67
2025-01-02,16:30,January,LateWinter,Inverted-V,93,180.09,25.84,25.34,83.22,0.27,66.58,0.22,14.83,0.67
2025-01-02,16:45,January,LateWinter,Inverted-V,93,180.09,25.84,25.34,83.22,0.27,66.58,0.22,14.83,0.67
2025-01-02,17:00,January,LateWinter,Inverted-V,93,18.36,24.33,19.79,84.98,0.03,67.98,0.02,1.53,0.67
2025-01-02,17:15,January,LateWinter,Inverted-V,93,18.36,24.33,19.79,84.98,0.03,67.98,0.02,1.53,0.67
2025-01-02,17:30,January,LateWinter,Inverted-V,93,18.36,24.33,19.79,84.98,0.03,67.98,0.02,1.53,0.67
2025-01-02,17:45,January,LateWinter,Inverted-V,93,18.36,24.33,19.79,84.98,0.03,67.98,0.02,1.53,0.67
2025-01-03,06:00,January,LateWinter,Inverted-V,93,37.08,19.94,15.87,86.22,0.05,68.98,0.05,3.13,0.67
2025-01-03,06:15,January,LateWinter,Inverted-V,93,37.08,19.94,15.87,86.22,0.05,68.98,0.05,3.13,0.67
2025-01-03,06:30,January,LateWinter,Inverted-V,93,37.08,19.94,15.87,86.22,0.05,68.98,0.05,3.13,0.67
2025-01-03,06:45,January,LateWinter,Inverted-V,93,37.08,19.94,15.87,86.22,0.05,68.98,0.05,3.13,0.67
2025-01-03,07:00,January,LateWinter,Inverted-V,93,240.52,21.26,22.27,84.19,0.35,67.35,0.3,19.97,0.67
2025-01-03,07:15,January,LateWinter,Inverted-V,93,240.52,21.26,22.27,84.19,0.35,67.35,0.3,19.97,0.67
2025-01-03,07:30,January,LateWinter,Inverted-V,93,240.52,21.26,22.27,84.19,0.35,67.35,0.3,19.97,0.67
2025-01-03,07:45,January,LateWinter,Inverted-V,93,240.52,21.26,22.27,84.19,0.35,67.35,0.3,19.97,0.67
2025-01-03,08:00,January,LateWinter,Inverted-V,93,485.19,23.47,30.6,81.55,0.72,65.24,0.6,39.35,0.67
2025-01-03,08:15,January,LateWinter,Inverted-V,93,485.19,23.47,30.6,81.55,0.72,65.24,0.6,39.35,0.67
2025-01-03,08:30,January,LateWinter,Inverted-V,93,485.19,23.47,30.6,81.55,0.72,65.24,0.6,39.35,0.67
2025-01-03,08:45,January,LateWinter,Inverted-V,93,485.19,23.47,30.6,81.55,0.72,65.24,0.6,39.35,0.67
2025-01-03,09:00,January,LateWinter,Inverted-V,93,707.08,25.5,38.18,79.16,1.06,63.32,0.89,56.08,0.67
2025-01-03,09:15,January,LateWinter,Inverted-V,93,707.08,25.5,38.18,79.16,1.06,63.32,0.89,56.08,0.67
2025-01-03,09:30,January,LateWinter,Inverted-V,93,707.08,25.5,38.18,79.16,1.06,63.32,0.89,56.08,0.67
2025-01-03,09:45,January,LateWinter,Inverted-V,93,707.08,25.5,38.18,79.16,1.06,63.32,0.89,56.08,0.67
2025-01-03,10:00,January,LateWinter,Inverted-V,93,848.58,26.86,43.07,77.6,1.28,62.08,1.07,66.3,0.67
2025-01-03,10:15,January,LateWinter,Inverted-V,93,848.58,26.86,43.07,77.6,1.28,62.08,1.07,66.3,0.67
2025-01-03,10:30,January,LateWinter,Inverted-V,93,848.58,26.86,43.07,77.6,1.28,62.08,1.07,66.3,0.67
2025-01-03,10:45,January,LateWinter,Inverted-V,93,848.58,26.86,43.07,77.6,1.28,62.08,1.07,66.3,0.67
2025-01-03,11:00,January,LateWinter,Inverted-V,93,856.26,27.82,44.23,77.24,1.29,61.79,1.08,66.66,0.67
2025-01-03,11:15,January,LateWinter,Inverted-V,93,856.26,27.82,44.23,77.24,1.29,61.79,1.08,66.66,0.67
2025-01-03,11:30,January,LateWinter,Inverted-V,93,856.26,27.82,44.23,77.24,1.29,61.79,1.08,66.66,0.67
2025-01-03,11:45,January,LateWinter,Inverted-V,93,856.26,27.82,44.23,77.24,1.29,61.79,1.08,66.66,0.67
2025-01-03,12:00,January,LateWinter,Inverted-V,93,847.42,28.38,44.57,77.13,1.28,61.71,1.07,65.9,0.67
2025-01-03,12:15,January,LateWinter,Inverted-V,93,847.42,28.38,44.57,77.13,1.28,61.71,1.07,65.9,0.67
2025-01-03,12:30,January,LateWinter,Inverted-V,93,847.42,28.38,44.57,77.13,1.28,61.71,1.07,65.9,0.67
2025-01-03,12:45,January,LateWinter,Inverted-V,93,847.42,28.38,44.57,77.13,1.28,61.71,1.07,65.9,0.67
2025-01-03,13:00,January,LateWinter,Inverted-V,93,714.06,28.55,41.4,78.13,1.07,62.51,0.9,56.08,0.67
2025-01-03,13:15,January,LateWinter,Inverted-V,93,714.06,28.55,41.4,78.13,1.07,62.51,0.9,56.08,0.67
2025-01-03,13:30,January,LateWinter,Inverted-V,93,714.06,28.55,41.4,78.13,1.07,62.51,0.9,56.08,0.67
2025-01-03,13:45,January,LateWinter,Inverted-V,93,714.06,28.55,41.4,78.13,1.07,62.51,0.9,56.08,0.67
2025-01-03,14:00,January,LateWinter,Inverted-V,93,537.19,28.26,36.69,79.63,0.8,63.7,0.67,42.8,0.67
2025-01-03,14:15,January,LateWinter,Inverted-V,93,537.19,28.26,36.69,79.63,0.8,63.7,0.67,42.8,0.67
2025-01-03,14:30,January,LateWinter,Inverted-V,93,537.19,28.26,36.69,79.63,0.8,63.7,0.67,42.8,0.67
2025-01-03,14:45,January,LateWinter,Inverted-V,93,537.19,28.26,36.69,79.63,0.8,63.7,0.67,42.8,0.67
2025-01-03,15:00,January,LateWinter,Inverted-V,93,335.52,27.54,30.93,81.45,0.5,65.16,0.42,27.19,0.67
2025-01-03,15:15,January,LateWinter,Inverted-V,93,335.52,27.54,30.93,81.45,0.5,65.16,0.42,27.19,0.67
2025-01-03,15:30,January,LateWinter,Inverted-V,93,335.52,27.54,30.93,81.45,0.5,65.16,0.42,27.19,0.67
2025-01-03,15:45,January,LateWinter,Inverted-V,93,335.52,27.54,30.93,81.45,0.5,65.16,0.42,27.19,0.67
2025-01-03,16:00,January,LateWinter,Inverted-V,93,168.13,26.23,25.43,83.19,0.25,66.55,0.21,13.84,0.67
2025-01-03,16:15,January,LateWinter,Inverted-V,93,168.13,26.23,25.43,83.19,0.25,66.55,0.21,13.84,0.67
2025-01-03,16:30,January,LateWinter,Inverted-V,93,168.13,26.23,25.43,83.19,0.25,66.55,0.21,13.84,0.67
2025-01-03,16:45,January,LateWinter,Inverted-V,93,168.13,26.23,25.43,83.19,0.25,66.55,0.21,13.84,0.67
2025-01-03,17:00,January,LateWinter,Inverted-V,93,18.38,24.39,19.85,84.96,0.03,67.97,0.02,1.54,0.67
2025-01-03,17:15,January,LateWinter,Inverted-V,93,18.38,24.39,19.85,84.96,0.03,67.97,0.02,1.54,0.67
2025-01-03,17:30,January,LateWinter,Inverted-V,93,18.38,24.39,19.85,84.96,0.03,67.97,0.02,1.54,0.67
2025-01-03,17:45,January,LateWinter,Inverted-V,93,18.38,24.39,19.85,84.96,0.03,67.97,0.02,1.54,0.67
2025-01-04,06:00,January,LateWinter,Inverted-V,93,34.78,19.2,15.07,86.47,0.05,69.18,0.04,2.94,0.67
2025-01-04,06:15,January,LateWinter,Inverted-V,93,34.78,19.2,15.07,86.47,0.05,69.18,0.04,2.94,0.67
2025-01-04,06:30,January,LateWinter,Inverted-V,93,34.78,19.2,15.07,86.47,0.05,69.18,0.04,2.94,0.67
2025-01-04,06:45,January,LateWinter,Inverted-V,93,34.78,19.2,15.07,86.47,0.05,69.18,0.04,2.94,0.67
2025-01-04,07:00,January,LateWinter,Inverted-V,93,235.44,21.34,22.23,84.21,0.35,67.37,0.29,19.55,0.67
2025-01-04,07:15,January,LateWinter,Inverted-V,93,235.44,21.34,22.23,84.21,0.35,67.37,0.29,19.55,0.67
2025-01-04,07:30,January,LateWinter,Inverted-V,93,235.44,21.34,22.23,84.21,0.35,67.37,0.29,19.55,0.67
2025-01-04,07:45,January,LateWinter,Inverted-V,93,235.44,21.34,22.23,84.21,0.35,67.37,0.29,19.55,0.67
2025-01-04,08:00,January,LateWinter,Inverted-V,93,464.72,23.98,30.6,81.56,0.69,65.24,0.58,37.69,0.67
2025-01-04,08:15,January,LateWinter,Inverted-V,93,464.72,23.98,30.6,81.56,0.69,65.24,0.58,37.69,0.67
2025-01-04,08:30,January,LateWinter,Inverted-V,93,464.72,23.98,30.6,81.56,0.69,65.24,0.58,37.69,0.67
2025-01-04,08:45,January,LateWinter,Inverted-V,93,464.72,23.98,30.6,81.56,0.69,65.24,0.58,37.69,0.67
2025-01-04,09:00,January,LateWinter,Inverted-V,93,674.82,25.74,37.61,79.33,1.01,63.47,0.84,53.61,0.67
2025-01-04,09:15,January,LateWinter,Inverted-V,93,674.82,25.74,37.61,79.33,1.01,63.47,0.84,53.61,0.67
2025-01-04,09:30,January,LateWinter,Inverted-V,93,674.82,25.74,37.61,79.33,1.01,63.47,0.84,53.61,0.67
2025-01-04,09:45,January,LateWinter,Inverted-V,93,674.82,25.74,37.61,79.33,1.01,63.47,0.84,53.61,0.67
2025-01-04,10:00,January,LateWinter,Inverted-V,93,817.61,26.92,42.36,77.83,1.23,62.26,1.03,64.02,0.67
2025-01-04,10:15,January,LateWinter,Inverted-V,93,817.61,26.92,42.36,77.83,1.23,62.26,1.03,64.02,0.67
2025-01-04,10:30,January,LateWinter,Inverted-V,93,817.61,26.92,42.36,77.83,1.23,62.26,1.03,64.02,0.67
2025-01-04,10:45,January,LateWinter,Inverted-V,93,817.61,26.92,42.36,77.83,1.23,62.26,1.03,64.02,0.67
2025-01-04,11:00,January,LateWinter,Inverted-V,93,891.45,27.76,45.05,76.98,1.34,61.58,1.12,69.22,0.67
2025-01-04,11:15,January,LateWinter,Inverted-V,93,891.45,27.76,45.05,76.98,1.34,61.58,1.12,69.22,0.67
2025-01-04,11:30,January,LateWinter,Inverted-V,93,891.45,27.76,45.05,76.98,1.34,61.58,1.12,69.22,0.67
2025-01-04,11:45,January,LateWinter,Inverted-V,93,891.45,27.76,45.05,76.98,1.34,61.58,1.12,69.22,0.67
2025-01-04,12:00,January,LateWinter,Inverted-V,93,891.24,28.29,45.57,76.81,1.34,61.45,1.12,69.09,0.67
2025-01-04,12:15,January,LateWinter,Inverted-V,93,891.24,28.29,45.57,76.81,1.34,61.45,1.12,69.09,0.67
2025-01-04,12:30,January,LateWinter,Inverted-V,93,891.24,28.29,45.57,76.81,1.34,61.45,1.12,69.09,0.67
2025-01-04,12:45,January,LateWinter,Inverted-V,93,891.24,28.29,45.57,76.81,1.34,61.45,1.12,69.09,0.67
2025-01-04,13:00,January,LateWinter,Inverted-V,93,789.39,28.5,43.23,77.55,1.19,62.04,0.99,61.65,0.67
2025-01-04,13:15,January,LateWinter,Inverted-V,93,789.39,28.5,43.23,77.55,1.19,62.04,0.99,61.65,0.67
2025-01-04,13:30,January,LateWinter,Inverted-V,93,789.39,28.5,43.23,77.55,1.19,62.04,0.99,61.65,0.67
2025-01-04,13:45,January,LateWinter,Inverted-V,93,789.39,28.5,43.23,77.55,1.19,62.04,0.99,61.65,0.67
2025-01-04,14:00,January,LateWinter,Inverted-V,93,659.72,28.3,39.79,78.64,0.99,62.92,0.83,52.07,0.67
2025-01-04,14:15,January,LateWinter,Inverted-V,93,659.72,28.3,39.79,78.64,0.99,62.92,0.83,52.07,0.67
2025-01-04,14:30,January,LateWinter,Inverted-V,93,659.72,28.3,39.79,78.64,0.99,62.92,0.83,52.07,0.67
2025-01-04,14:45,January,LateWinter,Inverted-V,93,659.72,28.3,39.79,78.64,0.99,62.92,0.83,52.07,0.67
2025-01-04,15:00,January,LateWinter,Inverted-V,93,446.2,27.77,33.93,80.5,0.66,64.4,0.56,35.84,0.67
2025-01-04,15:15,January,LateWinter,Inverted-V,93,446.2,27.77,33.93,80.5,0.66,64.4,0.56,35.84,0.67
2025-01-04,15:30,January,LateWinter,Inverted-V,93,446.2,27.77,33.93,80.5,0.66,64.4,0.56,35.84,0.67
2025-01-04,15:45,January,LateWinter,Inverted-V,93,446.2,27.77,33.93,80.5,0.66,64.4,0.56,35.84,0.67
2025-01-04,16:00,January,LateWinter,Inverted-V,93,209.23,26.57,26.8,82.76,0.31,66.21,0.26,17.15,0.67
2025-01-04,16:15,January,LateWinter,Inverted-V,93,209.23,26.57,26.8,82.76,0.31,66.21,0.26,17.15,0.67
2025-01-04,16:30,January,LateWinter,Inverted-V,93,209.23,26.57,26.8,82.76,0.31,66.21,0.26,17.15,0.67
2025-01-04,16:45,January,LateWinter,Inverted-V,93,209.23,26.57,26.8,82.76,0.31,66.21,0.26,17.15,0.67
2025-01-04,17:00,January,LateWinter,Inverted-V,93,21.96,24.09,19.64,85.03,0.03,68.02,0.03,1.84,0.67
2025-01-04,17:15,January,LateWinter,Inverted-V,93,21.96,24.09,19.64,85.03,0.03,68.02,0.03,1.84,0.67
2025-01-04,17:30,January,LateWinter,Inverted-V,93,21.96,24.09,19.64,85.03,0.03,68.02,0.03,1.84,0.67
2025-01-04,17:45,January,LateWinter,Inverted-V,93,21.96,24.09,19.64,85.03,0.03,68.02,0.03,1.84,0.67
2025-01-05,06:00,January,LateWinter,Inverted-V,93,35.69,19.02,14.91,86.52,0.05,69.22,0.04,3.02,0.67
2025-01-05,06:15,January,LateWinter,Inverted-V,93,35.69,19.02,14.91,86.52,0.05,69.22,0.04,3.02,0.67
2025-01-05,06:30,January,LateWinter,Inverted-V,93,35.69,19.02,14.91,86.52,0.05,69.22,0.04,3.02,0.67
2025-01-05,06:45,January,LateWinter,Inverted-V,93,35.69,19.02,14.91,86.52,0.05,69.22,0.04,3.02,0.67
2025-01-05,07:00,January,LateWinter,Inverted-V,93,218.45,21.35,21.81,84.34,0.32,67.47,0.27,18.16,0.67
2025-01-05,07:15,January,LateWinter,Inverted-V,93,218.45,21.35,21.81,84.34,0.32,67.47,0.27,18.16,0.67
2025-01-05,07:30,January,LateWinter,Inverted-V,93,218.45,21.35,21.81,84.34,0.32,67.47,0.27,18.16,0.67
2025-01-05,07:45,January,LateWinter,Inverted-V,93,218.45,21.35,21.81,84.34,0.32,67.47,0.27,18.16,0.67
2025-01-05,08:00,January,LateWinter,Inverted-V,93,452.11,24.53,30.83,81.48,0.67,65.18,0.56,36.64,0.67
2025-01-05,08:15,January,LateWinter,Inverted-V,93,452.11,24.53,30.83,81.48,0.67,65.18,0.56,36.64,0.67
2025-01-05,08:30,January,LateWinter,Inverted-V,93,452.11,24.53,30.83,81.48,0.67,65.18,0.56,36.64,0.67
2025-01-05,08:45,January,LateWinter,Inverted-V,93,452.11,24.53,30.83,81.48,0.67,65.18,0.56,36.64,0.67
2025-01-05,09:00,January,LateWinter,Inverted-V,93,635.61,26.5,37.39,79.4,0.95,63.52,0.8,50.53,0.67
2025-01-05,09:15,January,LateWinter,Inverted-V,93,635.61,26.5,37.39,79.4,0.95,63.52,0.8,50.53,0.67
2025-01-05,09:30,January,LateWinter,Inverted-V,93,635.61,26.5,37.39,79.4,0.95,63.52,0.8,50.53,0.67
2025-01-05,09:45,January,LateWinter,Inverted-V,93,635.61,26.5,37.39,79.4,0.95,63.52,0.8,50.53,0.67
2025-01-05,10:00,January,LateWinter,Inverted-V,93,737.75,27.59,41.03,78.25,1.11,62.6,0.93,58.01,0.67
2025-01-05,10:15,January,LateWinter,Inverted-V,93,737.75,27.59,41.03,78.25,1.11,62.6,0.93,58.01,0.67
2025-01-05,10:30,January,LateWinter,Inverted-V,93,737.75,27.59,41.03,78.25,1.11,62.6,0.93,58.01,0.67
2025-01-05,10:45,January,LateWinter,Inverted-V,93,737.75,27.59,41.03,78.25,1.11,62.6,0.93,58.01,0.67
2025-01-05,11:00,January,LateWinter,Inverted-V,93,791.05,28.42,43.2,77.57,1.19,62.05,1.0,61.78,0.67
2025-01-05,11:15,January,LateWinter,Inverted-V,93,791.05,28.42,43.2,77.57,1.19,62.05,1.0,61.78,0.67
2025-01-05,11:30,January,LateWinter,Inverted-V,93,791.05,28.42,43.2,77.57,1.19,62.05,1.0,61.78,0.67
2025-01-05,11:45,January,LateWinter,Inverted-V,93,791.05,28.42,43.2,77.57,1.19,62.05,1.0,61.78,0.67
2025-01-05,12:00,January,LateWinter,Inverted-V,93,830.3,28.92,44.68,77.1,1.25,61.68,1.05,64.55,0.67
2025-01-05,12:15,January,LateWinter,Inverted-V,93,830.3,28.92,44.68,77.1,1.25,61.68,1.05,64.55,0.67
2025-01-05,12:30,January,LateWinter,Inverted-V,93,830.3,28.92,44.68,77.1,1.25,61.68,1.05,64.55,0.67
2025-01-05,12:45,January,LateWinter,Inverted-V,93,830.3,28.92,44.68,77.1,1.25,61.68,1.05,64.55,0.67
2025-01-05,13:00,January,LateWinter,Inverted-V,93,737.26,29.09,42.52,77.78,1.11,62.22,0.93,57.7,0.67
2025-01-05,13:15,January,LateWinter,Inverted-V,93,737.26,29.09,42.52,77.78,1.11,62.22,0.93,57.7,0.67
2025-01-05,13:30,January,LateWinter,Inverted-V,93,737.26,29.09,42.52,77.78,1.11,62.22,0.93,57.7,0.67
2025-01-05,13:45,January,LateWinter,Inverted-V,93,737.26,29.09,42.52,77.78,1.11,62.22,0.93,57.7,0.67
2025-01-05,14:00,January,LateWinter,Inverted-V,93,587.3,28.87,38.55,79.04,0.88,63.23,0.74,46.53,0.67
2025-01-05,14:15,January,LateWinter,Inverted-V,93,587.3,28.87,38.55,79.04,0.88,63.23,0.74,46.53,0.67
2025-01-05,14:30,January,LateWinter,Inverted-V,93,587.3,28.87,38.55,79.04,0.88,63.23,0.74,46.53,0.67
2025-01-05,14:45,January,LateWinter,Inverted-V,93,587.3,28.87,38.55,79.04,0.88,63.23,0.74,46.53,0.67
2025-01-05,15:00,January,LateWinter,Inverted-V,93,375.21,28.3,32.68,80.9,0.56,64.72,0.47,30.25,0.67
2025-01-05,15:15,January,LateWinter,Inverted-V,93,375.21,28.3,32.68,80.9,0.56,64.72,0.47,30.25,0.67
2025-01-05,15:30,January,LateWinter,Inverted-V,93,375.21,28.3,32.68,80.9,0.56,64.72,0.47,30.25,0.67
2025-01-05,15:45,January,LateWinter,Inverted-V,93,375.21,28.3,32.68,80.9,0.56,64.72,0.47,30.25,0.67
2025-01-05,16:00,January,LateWinter,Inverted-V,93,175.85,26.87,26.27,82.93,0.26,66.34,0.22,14.44,0.67
2025-01-05,16:15,January,LateWinter,Inverted-V,93,175.85,26.87,26.27,82.93,0.26,66.34,0.22,14.44,0.67
2025-01-05,16:30,January,LateWinter,Inverted-V,93,175.85,26.87,26.27,82.93,0.26,66.34,0.22,14.44,0.67
2025-01-05,16:45,January,LateWinter,Inverted-V,93,175.85,26.87,26.27,82.93,0.26,66.34,0.22,14.44,0.67
2025-01-05,17:00,January,LateWinter,Inverted-V,93,17.64,24.03,19.47,85.08,0.03,68.06,0.02,1.48,0.67
2025-01-05,17:15,January,LateWinter,Inverted-V,93,17.64,24.03,19.47,85.08,0.03,68.06,0.02,1.48,0.67
2025-01-05,17:30,January,LateWinter,Inverted-V,93,17.64,24.03,19.47,85.08,0.03,68.06,0.02,1.48,0.67
2025-01-05,17:45,January,LateWinter,Inverted-V,93,17.64,24.03,19.47,85.08,0.03,68.06,0.02,1.48,0.67
2025-01-06,06:00,January,LateWinter,Inverted-V,93,35.37,19.08,14.96,86.51,0.05,69.2,0.04,3.0,0.67
2025-01-06,06:15,January,LateWinter,Inverted-V,93,35.37,19.08,14.96,86.51,0.05,69.2,0.04,3.0,0.67
2025-01-06,06:30,January,LateWinter,Inverted-V,93,35.37,19.08,14.96,86.51,0.05,69.2,0.04,3.0,0.67
2025-01-06,06:45,January,LateWinter,Inverted-V,93,35.37,19.08,14.96,86.51,0.05,69.2,0.04,3.0,0.67
2025-01-06,07:00,January,LateWinter,Inverted-V,93,214.57,21.34,21.7,84.37,0.32,67.5,0.26,17.84,0.67
2025-01-06,07:15,January,LateWinter,Inverted-V,93,214.57,21.34,21.7,84.37,0.32,67.5,0.26,17.84,0.67
2025-01-06,07:30,January,LateWinter,Inverted-V,93,214.57,21.34,21.7,84.37,0.32,67.5,0.26,17.84,0.67
2025-01-06,07:45,January,LateWinter,Inverted-V,93,214.57,21.34,21.7,84.37,0.32,67.5,0.26,17.84,0.67
2025-01-06,08:00,January,LateWinter,Inverted-V,93,435.91,24.44,30.34,81.64,0.65,65.31,0.54,35.38,0.67
2025-01-06,08:15,January,LateWinter,Inverted-V,93,435.91,24.44,30.34,81.64,0.65,65.31,0.54,35.38,0.67
2025-01-06,08:30,January,LateWinter,Inverted-V,93,435.91,24.44,30.34,81.64,0.65,65.31,0.54,35.38,0.67
2025-01-06,08:45,January,LateWinter,Inverted-V,93,435.91,24.44,30.34,81.64,0.65,65.31,0.54,35.38,0.67
2025-01-06,09:00,January,LateWinter,Inverted-V,93,616.63,26.47,36.89,79.56,0.92,63.65,0.77,49.09,0.67
2025-01-06,09:15,January,LateWinter,Inverted-V,93,616.63,26.47,36.89,79.56,0.92,63.65,0.77,49.09,0.67
2025-01-06,09:30,January,LateWinter,Inverted-V,93,616.63,26.47,36.89,79.56,0.92,63.65,0.77,49.09,0.67
2025-01-06,09:45,January,LateWinter,Inverted-V,93,616.63,26.47,36.89,79.56,0.92,63.65,0.77,49.09,0.67
2025-01-06,10:00,January,LateWinter,Inverted-V,93,741.66,27.53,41.07,78.24,1.11,62.59,0.93,58.31,0.67
2025-01-06,10:15,January,LateWinter,Inverted-V,93,741.66,27.53,41.07,78.24,1.11,62.59,0.93,58.31,0.67
2025-01-06,10:30,January,LateWinter,Inverted-V,93,741.66,27.53,41.07,78.24,1.11,62.59,0.93,58.31,0.67
2025-01-06,10:45,January,LateWinter,Inverted-V,93,741.66,27.53,41.07,78.24,1.11,62.59,0.93,58.31,0.67
2025-01-06,11:00,January,LateWinter,Inverted-V,93,839.16,28.3,44.28,77.22,1.26,61.78,1.06,65.32,0.67
2025-01-06,11:15,January,LateWinter,Inverted-V,93,839.16,28.3,44.28,77.22,1.26,61.78,1.06,65.32,0.67
2025-01-06,11:30,January,LateWinter,Inverted-V,93,839.16,28.3,44.28,77.22,1.26,61.78,1.06,65.32,0.67
2025-01-06,11:45,January,LateWinter,Inverted-V,93,839.16,28.3,44.28,77.22,1.26,61.78,1.06,65.32,0.67
2025-01-06,12:00,January,LateWinter,Inverted-V,93,891.86,28.76,46.06,76.66,1.34,61.33,1.13,69.04,0.67
2025-01-06,12:15,January,LateWinter,Inverted-V,93,891.86,28.76,46.06,76.66,1.34,61.33,1.13,69.04,0.67
2025-01-06,12:30,January,LateWinter,Inverted-V,93,891.86,28.76,46.06,76.66,1.34,61.33,1.13,69.04,0.67
2025-01-06,12:45,January,LateWinter,Inverted-V,93,891.86,28.76,46.06,76.66,1.34,61.33,1.13,69.04,0.67
2025-01-06,13:00,January,LateWinter,Inverted-V,93,798.25,28.8,43.76,77.39,1.2,61.91,1.01,62.24,0.67
2025-01-06,13:15,January,LateWinter,Inverted-V,93,798.25,28.8,43.76,77.39,1.2,61.91,1.01,62.24,0.67
2025-01-06,13:30,January,LateWinter,Inverted-V,93,798.25,28.8,43.76,77.39,1.2,61.91,1.01,62.24,0.67
2025-01-06,13:45,January,LateWinter,Inverted-V,93,798.25,28.8,43.76,77.39,1.2,61.91,1.01,62.24,0.67
2025-01-06,14:00,January,LateWinter,Inverted-V,93,653.35,28.41,39.74,78.66,0.98,62.93,0.82,51.57,0.67
2025-01-06,14:15,January,LateWinter,Inverted-V,93,653.35,28.41,39.74,78.66,0.98,62.93,0.82,51.57,0.67
2025-01-06,14:30,January,LateWinter,Inverted-V,93,653.35,28.41,39.74,78.66,0.98,62.93,0.82,51.57,0.67
2025-01-06,14:45,January,LateWinter,Inverted-V,93,653.35,28.41,39.74,78.66,0.98,62.93,0.82,51.57,0.67
2025-01-06,15:00,January,LateWinter,Inverted-V,93,430.13,27.54,33.29,80.7,0.64,64.56,0.54,34.61,0.67
2025-01-06,15:15,January,LateWinter,Inverted-V,93,430.13,27.54,33.29,80.7,0.64,64.56,0.54,34.61,0.67
2025-01-06,15:30,January,LateWinter,Inverted-V,93,430.13,27.54,33.29,80.7,0.64,64.56,0.54,34.61,0.67
2025-01-06,15:45,January,LateWinter,Inverted-V,93,430.13,27.54,33.29,80.7,0.64,64.56,0.54,34.61,0.67
2025-01-06,16:00,January,LateWinter,Inverted-V,93,209.98,26.03,26.28,82.92,0.31,66.34,0.26,17.24,0.67
2025-01-06,16:15,January,LateWinter,Inverted-V,93,209.98,26.03,26.28,82.92,0.31,66.34,0.26,17.24,0.67
2025-01-06,16:30,January,LateWinter,Inverted-V,93,209.98,26.03,26.28,82.92,0.31,66.34,0.26,17.24,0.67
2025-01-06,16:45,January,LateWinter,Inverted-V,93,209.98,26.03,26.28,82.92,0.31,66.34,0.26,17.24,0.67
2025-01-06,17:00,January,LateWinter,Inverted-V,93,20.65,23.5,19.02,85.22,0.03,68.18,0.03,1.73,0.67
2025-01-06,17:15,January,LateWinter,Inverted-V,93,20.65,23.5,19.02,85.22,0.03,68.18,0.03,1.73,0.67
2025-01-06,17:30,January,LateWinter,Inverted-V,93,20.65,23.5,19.02,85.22,0.03,68.18,0.03,1.73,0.67
2025-01-06,17:45,January,LateWinter,Inverted-V,93,20.65,23.5,19.02,85.22,0.03,68.18,0.03,1.73,0.67
2025-01-07,06:00,January,LateWinter,Inverted-V,93,35.61,19.58,15.47,86.35,0.05,69.08,0.04,3.01,0.67
2025-01-07,06:15,January,LateWinter,Inverted-V,93,35.61,19.58,15.47,86.35,0.05,69.08,0.04,3.01,0.67
2025-01-07,06:30,January,LateWinter,Inverted-V,93,35.61,19.58,15.47,86.35,0.05,69.08,0.04,3.01,0.67
2025-01-07,06:45,January,LateWinter,Inverted-V,93,35.61,19.58,15.47,86.35,0.05,69.08,0.04,3.01,0.67
2025-01-07,07:00,January,LateWinter,Inverted-V,93,239.06,21.94,22.92,83.99,0.35,67.19,0.29,19.81,0.67
2025-01-07,07:15,January,LateWinter,Inverted-V,93,239.06,21.94,22.92,83.99,0.35,67.19,0.29,19.81,0.67
2025-01-07,07:30,January,LateWinter,Inverted-V,93,239.06,21.94,22.92,83.99,0.35,67.19,0.29,19.81,0.67
2025-01-07,07:45,January,LateWinter,Inverted-V,93,239.06,21.94,22.92,83.99,0.35,67.19,0.29,19.81,0.67
2025-01-07,08:00,January,LateWinter,Inverted-V,93,471.24,25.08,31.86,81.16,0.7,64.92,0.59,38.08,0.67
2025-01-07,08:15,January,LateWinter,Inverted-V,93,471.24,25.08,31.86,81.16,0.7,64.92,0.59,38.08,0.67
2025-01-07,08:30,January,LateWinter,Inverted-V,93,471.24,25.08,31.86,81.16,0.7,64.92,0.59,38.08,0.67
2025-01-07,08:45,January,LateWinter,Inverted-V,93,471.24,25.08,31.86,81.16,0.7,64.92,0.59,38.08,0.67
2025-01-07,09:00,January,LateWinter,Inverted-V,93,688.2,27.05,39.25,78.81,1.03,63.05,0.86,54.4,0.67
2025-01-07,09:15,January,LateWinter,Inverted-V,93,688.2,27.05,39.25,78.81,1.03,63.05,0.86,54.4,0.67
2025-01-07,09:30,January,LateWinter,Inverted-V,93,688.2,27.05,39.25,78.81,1.03,63.05,0.86,54.4,0.67
2025-01-07,09:45,January,LateWinter,Inverted-V,93,688.2,27.05,39.25,78.81,1.03,63.05,0.86,54.4,0.67
2025-01-07,10:00,January,LateWinter,Inverted-V,93,824.42,28.23,43.84,77.36,1.24,61.89,1.04,64.26,0.67
2025-01-07,10:15,January,LateWinter,Inverted-V,93,824.42,28.23,43.84,77.36,1.24,61.89,1.04,64.26,0.67
2025-01-07,10:30,January,LateWinter,Inverted-V,93,824.42,28.23,43.84,77.36,1.24,61.89,1.04,64.26,0.67
2025-01-07,10:45,January,LateWinter,Inverted-V,93,824.42,28.23,43.84,77.36,1.24,61.89,1.04,64.26,0.67
2025-01-07,11:00,January,LateWinter,Inverted-V,93,889.97,29.0,46.25,76.6,1.34,61.28,1.12,68.85,0.67
2025-01-07,11:15,January,LateWinter,Inverted-V,93,889.97,29.0,46.25,76.6,1.34,61.28,1.12,68.85,0.67
2025-01-07,11:30,January,LateWinter,Inverted-V,93,889.97,29.0,46.25,76.6,1.34,61.28,1.12,68.85,0.67
2025-01-07,11:45,January,LateWinter,Inverted-V,93,889.97,29.0,46.25,76.6,1.34,61.28,1.12,68.85,0.67
2025-01-07,12:00,January,LateWinter,Inverted-V,93,870.43,29.45,46.21,76.61,1.31,61.29,1.1,67.34,0.67
2025-01-07,12:15,January,LateWinter,Inverted-V,93,870.43,29.45,46.21,76.61,1.31,61.29,1.1,67.34,0.67
2025-01-07,12:30,January,LateWinter,Inverted-V,93,870.43,29.45,46.21,76.61,1.31,61.29,1.1,67.34,0.67
2025-01-07,12:45,January,LateWinter,Inverted-V,93,870.43,29.45,46.21,76.61,1.31,61.29,1.1,67.34,0.67
2025-01-07,13:00,January,LateWinter,Inverted-V,93,767.23,29.65,43.83,77.37,1.15,61.89,0.97,59.8,0.67
2025-01-07,13:15,January,LateWinter,Inverted-V,93,767.23,29.65,43.83,77.37,1.15,61.89,0.97,59.8,0.67
2025-01-07,13:30,January,LateWinter,Inverted-V,93,767.23,29.65,43.83,77.37,1.15,61.89,0.97,59.8,0.67
2025-01-07,13:45,January,LateWinter,Inverted-V,93,767.23,29.65,43.83,77.37,1.15,61.89,0.97,59.8,0.67
2025-01-07,14:00,January,LateWinter,Inverted-V,93,609.48,29.46,39.7,78.67,0.91,62.94,0.76,48.12,0.67
2025-01-07,14:15,January,LateWinter,Inverted-V,93,609.48,29.46,39.7,78.67,0.91,62.94,0.76,48.12,0.67
2025-01-07,14:30,January,LateWinter,Inverted-V,93,609.48,29.46,39.7,78.67,0.91,62.94,0.76,48.12,0.67
2025-01-07,14:45,January,LateWinter,Inverted-V,93,609.48,29.46,39.7,78.67,0.91,62.94,0.76,48.12,0.67
2025-01-07,15:00,January,LateWinter,Inverted-V,93,401.04,28.95,33.98,80.49,0.6,64.39,0.5,32.21,0.67
2025-01-07,15:15,January,LateWinter,Inverted-V,93,401.04,28.95,33.98,80.49,0.6,64.39,0.5,32.21,0.67
2025-01-07,15:30,January,LateWinter,Inverted-V,93,401.04,28.95,33.98,80.49,0.6,64.39,0.5,32.21,0.67
2025-01-07,15:45,January,LateWinter,Inverted-V,93,401.04,28.95,33.98,80.49,0.6,64.39,0.5,32.21,0.67
2025-01-07,16:00,January,LateWinter,Inverted-V,93,198.56,27.85,27.81,82.44,0.29,65.95,0.25,16.23,0.67
2025-01-07,16:15,January,LateWinter,Inverted-V,93,198.56,27.85,27.81,82.44,0.29,65.95,0.25,16.23,0.67
2025-01-07,16:30,January,LateWinter,Inverted-V,93,198.56,27.85,27.81,82.44,0.29,65.95,0.25,16.23,0.67
2025-01-07,16:45,January,LateWinter,Inverted-V,93,198.56,27.85,27.81,82.44,0.29,65.95,0.25,16.23,0.67
2025-01-07,17:00,January,LateWinter,Inverted-V,93,22.9,25.3,20.87,84.63,0.03,67.71,0.03,1.91,0.67
2025-01-07,17:15,January,LateWinter,Inverted-V,93,22.9,25.3,20.87,84.63,0.03,67.71,0.03,1.91,0.67
2025-01-07,17:30,January,LateWinter,Inverted-V,93,22.9,25.3,20.87,84.63,0.03,67.71,0.03,1.91,0.67
2025-01-07,17:45,January,LateWinter,Inverted-V,93,22.9,25.3,20.87,84.63,0.03,67.71,0.03,1.91,0.67
2025-01-08,06:00,January,LateWinter,Inverted-V,93,33.53,20.63,16.47,86.03,0.05,68.82,0.04,2.83,0.67
2025-01-08,06:15,January,LateWinter,Inverted-V,93,33.53,20.63,16.47,86.03,0.05,68.82,0.04,2.83,0.67
2025-01-08,06:30,January,LateWinter,Inverted-V,93,33.53,20.63,16.47,86.03,0.05,68.82,0.04,2.83,0.67
2025-01-08,06:45,January,LateWinter,Inverted-V,93,33.53,20.63,16.47,86.03,0.05,68.82,0.04,2.83,0.67
2025-01-08,07:00,January,LateWinter,Inverted-V,93,223.94,22.98,23.58,83.78,0.33,67.02,0.28,18.53,0.67
2025-01-08,07:15,January,LateWinter,Inverted-V,93,223.94,22.98,23.58,83.78,0.33,67.02,0.28,18.53,0.67
2025-01-08,07:30,January,LateWinter,Inverted-V,93,223.94,22.98,23.58,83.78,0.33,67.02,0.28,18.53,0.67
2025-01-08,07:45,January,LateWinter,Inverted-V,93,223.94,22.98,23.58,83.78,0.33,67.02,0.28,18.53,0.67
2025-01-08,08:00,January,LateWinter,Inverted-V,93,428.85,25.17,30.89,81.46,0.64,65.17,0.53,34.75,0.67
2025-01-08,08:15,January,LateWinter,Inverted-V,93,428.85,25.17,30.89,81.46,0.64,65.17,0.53,34.75,0.67
2025-01-08,08:30,January,LateWinter,Inverted-V,93,428.85,25.17,30.89,81.46,0.64,65.17,0.53,34.75,0.67
2025-01-08,08:45,January,LateWinter,Inverted-V,93,428.85,25.17,30.89,81.46,0.64,65.17,0.53,34.75,0.67
2025-01-08,09:00,January,LateWinter,Inverted-V,93,619.29,26.78,37.26,79.45,0.93,63.56,0.77,49.25,0.67
2025-01-08,09:15,January,LateWinter,Inverted-V,93,619.29,26.78,37.26,79.45,0.93,63.56,0.77,49.25,0.67
2025-01-08,09:30,January,LateWinter,Inverted-V,93,619.29,26.78,37.26,79.45,0.93,63.56,0.77,49.25,0.67
2025-01-08,09:45,January,LateWinter,Inverted-V,93,619.29,26.78,37.26,79.45,0.93,63.56,0.77,49.25,0.67
2025-01-08,10:00,January,LateWinter,Inverted-V,93,739.39,27.89,41.37,78.14,1.11,62.51,0.93,58.07,0.67
2025-01-08,10:15,January,LateWinter,Inverted-V,93,739.39,27.89,41.37,78.14,1.11,62.51,0.93,58.07,0.67
2025-01-08,10:30,January,LateWinter,Inverted-V,93,739.39,27.89,41.37,78.14,1.11,62.51,0.93,58.07,0.67
2025-01-08,10:45,January,LateWinter,Inverted-V,93,739.39,27.89,41.37,78.14,1.11,62.51,0.93,58.07,0.67
2025-01-08,11:00,January,LateWinter,Inverted-V,93,790.53,28.69,43.45,77.48,1.19,61.99,1.0,61.69,0.67
2025-01-08,11:15,January,LateWinter,Inverted-V,93,790.53,28.69,43.45,77.48,1.19,61.99,1.0,61.69,0.67
2025-01-08,11:30,January,LateWinter,Inverted-V,93,790.53,28.69,43.45,77.48,1.19,61.99,1.0,61.69,0.67
2025-01-08,11:45,January,LateWinter,Inverted-V,93,790.53,28.69,43.45,77.48,1.19,61.99,1.0,61.69,0.67
2025-01-08,12:00,January,LateWinter,Inverted-V,93,807.6,29.2,44.39,77.19,1.22,61.75,1.02,62.84,0.67
2025-01-08,12:15,January,LateWinter,Inverted-V,93,807.6,29.2,44.39,77.19,1.22,61.75,1.02,62.84,0.67
2025-01-08,12:30,January,LateWinter,Inverted-V,93,807.6,29.2,44.39,77.19,1.22,61.75,1.02,62.84,0.67
2025-01-08,12:45,January,LateWinter,Inverted-V,93,807.6,29.2,44.39,77.19,1.22,61.75,1.02,62.84,0.67
2025-01-08,13:00,January,LateWinter,Inverted-V,93,704.67,29.4,42.02,77.94,1.06,62.35,0.89,55.24,0.67
2025-01-08,13:15,January,LateWinter,Inverted-V,93,704.67,29.4,42.02,77.94,1.06,62.35,0.89,55.24,0.67
2025-01-08,13:30,January,LateWinter,Inverted-V,93,704.67,29.4,42.02,77.94,1.06,62.35,0.89,55.24,0.67
2025-01-08,13:45,January,LateWinter,Inverted-V,93,704.67,29.4,42.02,77.94,1.06,62.35,0.89,55.24,0.67
2025-01-08,14:00,January,LateWinter,Inverted-V,93,581.9,29.24,38.79,78.96,0.87,63.17,0.73,46.07,0.67
2025-01-08,14:15,January,LateWinter,Inverted-V,93,581.9,29.24,38.79,78.96,0.87,63.17,0.73,46.07,0.67
2025-01-08,14:30,January,LateWinter,Inverted-V,93,581.9,29.24,38.79,78.96,0.87,63.17,0.73,46.07,0.67
2025-01-08,14:45,January,LateWinter,Inverted-V,93,581.9,29.24,38.79,78.96,0.87,63.17,0.73,46.07,0.67
2025-01-08,15:00,January,LateWinter,Inverted-V,93,386.28,28.71,33.37,80.68,0.57,64.54,0.48,31.08,0.67
2025-01-08,15:15,January,LateWinter,Inverted-V,93,386.28,28.71,33.37,80.68,0.57,64.54,0.48,31.08,0.67
2025-01-08,15:30,January,LateWinter,Inverted-V,93,386.28,28.71,33.37,80.68,0.57,64.54,0.48,31.08,0.67
2025-01-08,15:45,January,LateWinter,Inverted-V,93,386.28,28.71,33.37,80.68,0.57,64.54,0.48,31.08,0.67
2025-01-08,16:00,January,LateWinter,Inverted-V,93,194.48,27.25,27.11,82.66,0.29,66.13,0.24,15.93,0.67
2025-01-08,16:15,January,LateWinter,Inverted-V,93,194.48,27.25,27.11,82.66,0.29,66.13,0.24,15.93,0.67
2025-01-08,16:30,January,LateWinter,Inverted-V,93,194.48,27.25,27.11,82.66,0.29,66.13,0.24,15.93,0.67
2025-01-08,16:45,January,LateWinter,Inverted-V,93,194.48,27.25,27.11,82.66,0.29,66.13,0.24,15.93,0.67
2025-01-08,17:00,January,LateWinter,Inverted-V,93,23.44,24.96,20.55,84.74,0.03,67.79,0.03,1.96,0.67
2025-01-08,17:15,January,LateWinter,Inverted-V,93,23.44,24.96,20.55,84.74,0.03,67.79,0.03,1.96,0.67
2025-01-08,17:30,January,LateWinter,Inverted-V,93,23.44,24.96,20.55,84.74,0.03,67.79,0.03,1.96,0.67
2025-01-08,17:45,January,LateWinter,Inverted-V,93,23.44,24.96,20.55,84.74,0.03,67.79,0.03,1.96,0.67
2025-01-09,06:00,January,LateWinter,Inverted-V,93,29.29,19.38,15.11,86.46,0.04,69.17,0.04,2.48,0.67
2025-01-09,06:15,January,LateWinter,Inverted-V,93,29.29,19.38,15.11,86.46,0.04,69.17,0.04,2.48,0.67
2025-01-09,06:30,January,LateWinter,Inverted-V,93,29.29,19.38,15.11,86.46,0.04,69.17,0.04,2.48,0.67
2025-01-09,06:45,January,LateWinter,Inverted-V,93,29.29,19.38,15.11,86.46,0.04,69.17,0.04,2.48,0.67
2025-01-09,07:00,January,LateWinter,Inverted-V,93,197.12,21.92,21.85,84.33,0.29,67.46,0.24,16.39,0.67
2025-01-09,07:15,January,LateWinter,Inverted-V,93,197.12,21.92,21.85,84.33,0.29,67.46,0.24,16.39,0.67
2025-01-09,07:30,January,LateWinter,Inverted-V,93,197.12,21.92,21.85,84.33,0.29,67.46,0.24,16.39,0.67
2025-01-09,07:45,January,LateWinter,Inverted-V,93,197.12,21.92,21.85,84.33,0.29,67.46,0.24,16.39,0.67
2025-01-09,08:00,January,LateWinter,Inverted-V,93,388.82,24.68,29.4,81.93,0.58,65.55,0.48,31.64,0.67
2025-01-09,08:15,January,LateWinter,Inverted-V,93,388.82,24.68,29.4,81.93,0.58,65.55,0.48,31.64,0.67
2025-01-09,08:30,January,LateWinter,Inverted-V,93,388.82,24.68,29.4,81.93,0.58,65.55,0.48,31.64,0.67
2025-01-09,08:45,January,LateWinter,Inverted-V,93,388.82,24.68,29.4,81.93,0.58,65.55,0.48,31.64,0.67
2025-01-09,09:00,January,LateWinter,Inverted-V,93,622.13,26.44,36.99,79.53,0.93,63.62,0.78,49.52,0.67
2025-01-09,09:15,January,LateWinter,Inverted-V,93,622.13,26.44,36.99,79.53,0.93,63.62,0.78,49.52,0.67
2025-01-09,09:30,January,LateWinter,Inverted-V,93,622.13,26.44,36.99,79.53,0.93,63.62,0.78,49.52,0.67
2025-01-09,09:45,January,LateWinter,Inverted-V,93,622.13,26.44,36.99,79.53,0.93,63.62,0.78,49.52,0.67
2025-01-09,10:00,January,LateWinter,Inverted-V,93,775.01,27.83,42.21,77.88,1.16,62.3,0.97,60.72,0.67
2025-01-09,10:15,January,LateWinter,Inverted-V,93,775.01,27.83,42.21,77.88,1.16,62.3,0.97,60.72,0.67
2025-01-09,10:30,January,LateWinter,Inverted-V,93,775.01,27.83,42.21,77.88,1.16,62.3,0.97,60.72,0.67
2025-01-09,10:45,January,LateWinter,Inverted-V,93,775.01,27.83,42.21,77.88,1.16,62.3,0.97,60.72,0.67
2025-01-09,11:00,January,LateWinter,Inverted-V,93,832.73,28.87,44.69,77.09,1.25,61.68,1.05,64.74,0.67
2025-01-09,11:15,January,LateWinter,Inverted-V,93,832.73,28.87,44.69,77.09,1.25,61.68,1.05,64.74,0.67
2025-01-09,11:30,January,LateWinter,Inverted-V,93,832.73,28.87,44.69,77.09,1.25,61.68,1.05,64.74,0.67
2025-01-09,11:45,January,LateWinter,Inverted-V,93,832.73,28.87,44.69,77.09,1.25,61.68,1.05,64.74,0.67
2025-01-09,12:00,January,LateWinter,Inverted-V,93,788.81,29.5,44.22,77.24,1.19,61.79,0.99,61.41,0.67
2025-01-09,12:15,January,LateWinter,Inverted-V,93,788.81,29.5,44.22,77.24,1.19,61.79,0.99,61.41,0.67
2025-01-09,12:30,January,LateWinter,Inverted-V,93,788.81,29.5,44.22,77.24,1.19,61.79,0.99,61.41,0.67
2025-01-09,12:45,January,LateWinter,Inverted-V,93,788.81,29.5,44.22,77.24,1.19,61.79,0.99,61.41,0.67
2025-01-09,13:00,January,LateWinter,Inverted-V,93,656.73,29.65,41.07,78.24,0.98,62.59,0.82,51.63,0.67
2025-01-09,13:15,January,LateWinter,Inverted-V,93,656.73,29.65,41.07,78.24,0.98,62.59,0.82,51.63,0.67
2025-01-09,13:30,January,LateWinter,Inverted-V,93,656.73,29.65,41.07,78.24,0.98,62.59,0.82,51.63,0.67
2025-01-09,13:45,January,LateWinter,Inverted-V,93,656.73,29.65,41.07,78.24,0.98,62.59,0.82,51.63,0.67
2025-01-09,14:00,January,LateWinter,Inverted-V,93,529.25,29.4,37.63,79.33,0.79,63.46,0.66,42.04,0.67
2025-01-09,14:15,January,LateWinter,Inverted-V,93,529.25,29.4,37.63,79.33,0.79,63.46,0.66,42.04,0.67
2025-01-09,14:30,January,LateWinter,Inverted-V,93,529.25,29.4,37.63,79.33,0.79,63.46,0.66,42.04,0.67
2025-01-09,14:45,January,LateWinter,Inverted-V,93,529.25,29.4,37.63,79.33,0.79,63.46,0.66,42.04,0.67
2025-01-09,15:00,January,LateWinter,Inverted-V,93,337.75,28.86,32.3,81.02,0.5,64.81,0.42,27.26,0.67
2025-01-09,15:15,January,LateWinter,Inverted-V,93,337.75,28.86,32.3,81.02,0.5,64.81,0.42,27.26,0.67
2025-01-09,15:30,January,LateWinter,Inverted-V,93,337.75,28.86,32.3,81.02,0.5,64.81,0.42,27.26,0.67
2025-01-09,15:45,January,LateWinter,Inverted-V,93,337.75,28.86,32.3,81.02,0.5,64.81,0.42,27.26,0.67
2025-01-09,16:00,January,LateWinter,Inverted-V,93,156.6,27.68,26.59,82.82,0.23,66.26,0.19,12.85,0.67
2025-01-09,16:15,January,LateWinter,Inverted-V,93,156.6,27.68,26.59,82.82,0.23,66.26,0.19,12.85,0.67
2025-01-09,16:30,January,LateWinter,Inverted-V,93,156.6,27.68,26.59,82.82,0.23,66.26,0.19,12.85,0.67
2025-01-09,16:45,January,LateWinter,Inverted-V,93,156.6,27.68,26.59,82.82,0.23,66.26,0.19,12.85,0.67
2025-01-09,17:00,January,LateWinter,Inverted-V,93,17.44,25.55,20.99,84.6,0.03,67.68,0.02,1.45,0.67
2025-01-09,17:15,January,LateWinter,Inverted-V,93,17.44,25.55,20.99,84.6,0.03,67.68,0.02,1.45,0.67
2025-01-09,17:30,January,LateWinter,Inverted-V,93,17.44,25.55,20.99,84.6,0.03,67.68,0.02,1.45,0.67
2025-01-09,17:45,January,LateWinter,Inverted-V,93,17.44,25.55,20.99,84.6,0.03,67.68,0.02,1.45,0.67
2025-01-10,06:00,January,LateWinter,Inverted-V,93,31.1,21.03,16.81,85.92,0.05,68.74,0.04,2.62,0.67
2025-01-10,06:15,January,LateWinter,Inverted-V,93,31.1,21.03,16.81,85.92,0.05,68.74,0.04,2.62,0.67
2025-01-10,06:30,January,LateWinter,Inverted-V,93,31.1,21.03,16.81,85.92,0.05,68.74,0.04,2.62,0.67
2025-01-10,06:45,January,LateWinter,Inverted-V,93,31.1,21.03,16.81,85.92,0.05,68.74,0.04,2.62,0.67
2025-01-10,07:00,January,LateWinter,Inverted-V,93,221.11,23.22,23.75,83.72,0.33,66.98,0.27,18.28,0.67
2025-01-10,07:15,January,LateWinter,Inverted-V,93,221.11,23.22,23.75,83.72,0.33,66.98,0.27,18.28,0.67
2025-01-10,07:30,January,LateWinter,Inverted-V,93,221.11,23.22,23.75,83.72,0.33,66.98,0.27,18.28,0.67
2025-01-10,07:45,January,LateWinter,Inverted-V,93,221.11,23.22,23.75,83.72,0.33,66.98,0.27,18.28,0.67
2025-01-10,08:00,January,LateWinter,Inverted-V,93,435.46,25.63,31.52,81.26,0.65,65.01,0.54,35.22,0.67
2025-01-10,08:15,January,LateWinter,Inverted-V,93,435.46,25.63,31.52,81.26,0.65,65.01,0.54,35.22,0.67
2025-01-10,08:30,January,LateWinter,Inverted-V,93,435.46,25.63,31.52,81.26,0.65,65.01,0.54,35.22,0.67
2025-01-10,08:45,January,LateWinter,Inverted-V,93,435.46,25.63,31.52,81.26,0.65,65.01,0.54,35.22,0.67
2025-01-10,09:00,January,LateWinter,Inverted-V,93,652.19,27.34,38.64,79.01,0.98,63.21,0.82,51.65,0.67
2025-01-10,09:15,January,LateWinter,Inverted-V,93,652.19,27.34,38.64,79.01,0.98,63.21,0.82,51.65,0.67
2025-01-10,09:30,January,LateWinter,Inverted-V,93,652.19,27.34,38.64,79.01,0.98,63.21,0.82,51.65,0.67
2025-01-10,09:45,January,LateWinter,Inverted-V,93,652.19,27.34,38.64,79.01,0.98,63.21,0.82,51.65,0.67
2025-01-10,10:00,January,LateWinter,Inverted-V,93,747.85,28.66,42.36,77.83,1.12,62.27,0.94,58.56,0.67
2025-01-10,10:15,January,LateWinter,Inverted-V,93,747.85,28.66,42.36,77.83,1.12,62.27,0.94,58.56,0.67
2025-01-10,10:30,January,LateWinter,Inverted-V,93,747.85,28.66,42.36,77.83,1.12,62.27,0.94,58.56,0.67
2025-01-10,10:45,January,LateWinter,Inverted-V,93,747.85,28.66,42.36,77.83,1.12,62.27,0.94,58.56,0.67
2025-01-10,11:00,January,LateWinter,Inverted-V,93,818.75,29.62,45.09,76.97,1.23,61.57,1.03,63.57,0.67
2025-01-10,11:15,January,LateWinter,Inverted-V,93,818.75,29.62,45.09,76.97,1.23,61.57,1.03,63.57,0.67
2025-01-10,11:30,January,LateWinter,Inverted-V,93,818.75,29.62,45.09,76.97,1.23,61.57,1.03,63.57,0.67
2025-01-10,11:45,January,LateWinter,Inverted-V,93,818.75,29.62,45.09,76.97,1.23,61.57,1.03,63.57,0.67
2025-01-10,12:00,January,LateWinter,Inverted-V,93,774.2,30.13,44.48,77.16,1.16,61.73,0.98,60.22,0.67
2025-01-10,12:15,January,LateWinter,Inverted-V,93,774.2,30.13,44.48,77.16,1.16,61.73,0.98,60.22,0.67
2025-01-10,12:30,January,LateWinter,Inverted-V,93,774.2,30.13,44.48,77.16,1.16,61.73,0.98,60.22,0.67
2025-01-10,12:45,January,LateWinter,Inverted-V,93,774.2,30.13,44.48,77.16,1.16,61.73,0.98,60.22,0.67
2025-01-10,13:00,January,LateWinter,Inverted-V,93,565.81,30.31,39.46,78.75,0.85,63.0,0.71,44.7,0.67
2025-01-10,13:15,January,LateWinter,Inverted-V,93,565.81,30.31,39.46,78.75,0.85,63.0,0.71,44.7,0.67
2025-01-10,13:30,January,LateWinter,Inverted-V,93,565.81,30.31,39.46,78.75,0.85,63.0,0.71,44.7,0.67
2025-01-10,13:45,January,LateWinter,Inverted-V,93,565.81,30.31,39.46,78.75,0.85,63.0,0.71,44.7,0.67
2025-01-10,14:00,January,LateWinter,Inverted-V,93,357.64,30.15,34.09,80.45,0.53,64.36,0.45,28.71,0.67
2025-01-10,14:15,January,LateWinter,Inverted-V,93,357.64,30.15,34.09,80.45,0.53,64.36,0.45,28.71,0.67
2025-01-10,14:30,January,LateWinter,Inverted-V,93,357.64,30.15,34.09,80.45,0.53,64.36,0.45,28.71,0.67
2025-01-10,14:45,January,LateWinter,Inverted-V,93,357.64,30.15,34.09,80.45,0.53,64.36,0.45,28.71,0.67
2025-01-10,15:00,January,LateWinter,Inverted-V,93,235.28,29.56,30.44,81.6,0.35,65.28,0.29,19.09,0.67
2025-01-10,15:15,January,LateWinter,Inverted-V,93,235.28,29.56,30.44,81.6,0.35,65.28,0.29,19.09,0.67
2025-01-10,15:30,January,LateWinter,Inverted-V,93,235.28,29.56,30.44,81.6,0.35,65.28,0.29,19.09,0.67
2025-01-10,15:45,January,LateWinter,Inverted-V,93,235.28,29.56,30.44,81.6,0.35,65.28,0.29,19.09,0.67
2025-01-10,16:00,January,LateWinter,Inverted-V,93,109.3,28.35,26.08,82.99,0.16,66.39,0.14,8.98,0.67
2025-01-10,16:15,January,LateWinter,Inverted-V,93,109.3,28.35,26.08,82.99,0.16,66.39,0.14,8.98,0.67
2025-01-10,16:30,January,LateWinter,Inverted-V,93,109.3,28.35,26.08,82.99,0.16,66.39,0.14,8.98,0.67
2025-01-10,16:45,January,LateWinter,Inverted-V,93,109.3,28.35,26.08,82.99,0.16,66.39,0.14,8.98,0.67
2025-01-10,17:00,January,LateWinter,Inverted-V,93,12.5,26.31,21.62,84.4,0.02,67.52,0.02,1.04,0.67
2025-01-10,17:15,January,LateWinter,Inverted-V,93,12.5,26.31,21.62,84.4,0.02,67.52,0.02,1.04,0.67
2025-01-10,17:30,January,LateWinter,Inverted-V,93,12.5,26.31,21.62,84.4,0.02,67.52,0.02,1.04,0.67
2025-01-10,17:45,January,LateWinter,Inverted-V,93,12.5,26.31,21.62,84.4,0.02,67.52,0.02,1.04,0.67
2025-01-11,06:00,January,LateWinter,Inverted-V,93,29.07,21.9,17.63,85.66,0.04,68.53,0.04,2.44,0.67
2025-01-11,06:15,January,LateWinter,Inverted-V,93,29.07,21.9,17.63,85.66,0.04,68.53,0.04,2.44,0.67
2025-01-11,06:30,January,LateWinter,Inverted-V,93,29.07,21.9,17.63,85.66,0.04,68.53,0.04,2.44,0.67
2025-01-11,06:45,January,LateWinter,Inverted-V,93,29.07,21.9,17.63,85.66,0.04,68.53,0.04,2.44,0.67
2025-01-11,07:00,January,LateWinter,Inverted-V,93,197.89,23.66,23.61,83.77,0.29,67.02,0.24,16.37,0.67
2025-01-11,07:15,January,LateWinter,Inverted-V,93,197.89,23.66,23.61,83.77,0.29,67.02,0.24,16.37,0.67
2025-01-11,07:30,January,LateWinter,Inverted-V,93,197.89,23.66,23.61,83.77,0.29,67.02,0.24,16.37,0.67
2025-01-11,07:45,January,LateWinter,Inverted-V,93,197.89,23.66,23.61,83.77,0.29,67.02,0.24,16.37,0.67
2025-01-11,08:00,January,LateWinter,Inverted-V,93,377.95,25.37,29.82,81.8,0.56,65.44,0.47,30.72,0.67
2025-01-11,08:15,January,LateWinter,Inverted-V,93,377.95,25.37,29.82,81.8,0.56,65.44,0.47,30.72,0.67
2025-01-11,08:30,January,LateWinter,Inverted-V,93,377.95,25.37,29.82,81.8,0.56,65.44,0.47,30.72,0.67
2025-01-11,08:45,January,LateWinter,Inverted-V,93,377.95,25.37,29.82,81.8,0.56,65.44,0.47,30.72,0.67
2025-01-11,09:00,January,LateWinter,Inverted-V,93,534.33,26.8,35.16,80.11,0.8,64.09,0.67,42.76,0.67
2025-01-11,09:15,January,LateWinter,Inverted-V,93,534.33,26.8,35.16,80.11,0.8,64.09,0.67,42.76,0.67
2025-01-11,09:30,January,LateWinter,Inverted-V,93,534.33,26.8,35.16,80.11,0.8,64.09,0.67,42.76,0.67
2025-01-11,09:45,January,LateWinter,Inverted-V,93,534.33,26.8,35.16,80.11,0.8,64.09,0.67,42.76,0.67
2025-01-11,10:00,January,LateWinter,Inverted-V,93,646.51,28.04,39.2,78.83,0.97,63.06,0.81,51.12,0.67
2025-01-11,10:15,January,LateWinter,Inverted-V,93,646.51,28.04,39.2,78.83,0.97,63.06,0.81,51.12,0.67
2025-01-11,10:30,January,LateWinter,Inverted-V,93,646.51,28.04,39.2,78.83,0.97,63.06,0.81,51.12,0.67
2025-01-11,10:45,January,LateWinter,Inverted-V,93,646.51,28.04,39.2,78.83,0.97,63.06,0.81,51.12,0.67
2025-01-11,11:00,January,LateWinter,Inverted-V,93,667.47,29.09,40.78,78.33,1.0,62.67,0.84,52.52,0.67
2025-01-11,11:15,January,LateWinter,Inverted-V,93,667.47,29.09,40.78,78.33,1.0,62.67,0.84,52.52,0.67
2025-01-11,11:30,January,LateWinter,Inverted-V,93,667.47,29.09,40.78,78.33,1.0,62.67,0.84,52.52,0.67
2025-01-11,11:45,January,LateWinter,Inverted-V,93,667.47,29.09,40.78,78.33,1.0,62.67,0.84,52.52,0.67
2025-01-11,12:00,January,LateWinter,Inverted-V,93,721.6,29.83,42.87,77.67,1.08,62.14,0.91,56.42,0.67
2025-01-11,12:15,January,LateWinter,Inverted-V,93,721.6,29.83,42.87,77.67,1.08,62.14,0.91,56.42,0.67
2025-01-11,12:30,January,LateWinter,Inverted-V,93,721.6,29.83,42.87,77.67,1.08,62.14,0.91,56.42,0.67
2025-01-11,12:45,January,LateWinter,Inverted-V,93,721.6,29.83,42.87,77.67,1.08,62.14,0.91,56.42,0.67
2025-01-11,13:00,January,LateWinter,Inverted-V,93,535.01,30.23,38.61,79.02,0.8,63.22,0.67,42.38,0.67
2025-01-11,13:15,January,LateWinter,Inverted-V,93,535.01,30.23,38.61,79.02,0.8,63.22,0.67,42.38,0.67
2025-01-11,13:30,January,LateWinter,Inverted-V,93,535.01,30.23,38.61,79.02,0.8,63.22,0.67,42.38,0.67
2025-01-11,13:45,January,LateWinter,Inverted-V,93,535.01,30.23,38.61,79.02,0.8,63.22,0.67,42.38,0.67
2025-01-11,14:00,January,LateWinter,Inverted-V,93,426.04,30.15,35.8,79.91,0.64,63.93,0.53,34.03,0.67
2025-01-11,14:15,January,LateWinter,Inverted-V,93,426.04,30.15,35.8,79.91,0.64,63.93,0.53,34.03,0.67
2025-01-11,14:30,January,LateWinter,Inverted-V,93,426.04,30.15,35.8,79.91,0.64,63.93,0.53,34.03,0.67
2025-01-11,14:45,January,LateWinter,Inverted-V,93,426.04,30.15,35.8,79.91,0.64,63.93,0.53,34.03,0.67
2025-01-11,15:00,January,LateWinter,Inverted-V,93,242.03,29.33,30.38,81.62,0.36,65.3,0.3,19.64,0.67
2025-01-11,15:15,January,LateWinter,Inverted-V,93,242.03,29.33,30.38,81.62,0.36,65.3,0.3,19.64,0.67
2025-01-11,15:30,January,LateWinter,Inverted-V,93,242.03,29.33,30.38,81.62,0.36,65.3,0.3,19.64,0.67
2025-01-11,15:45,January,LateWinter,Inverted-V,93,242.03,29.33,30.38,81.62,0.36,65.3,0.3,19.64,0.67
2025-01-11,16:00,January,LateWinter,Inverted-V,93,130.14,27.89,26.14,82.97,0.19,66.37,0.16,10.69,0.67
2025-01-11,16:15,January,LateWinter,Inverted-V,93,130.14,27.89,26.14,82.97,0.19,66.37,0.16,10.69,0.67
2025-01-11,16:30,January,LateWinter,Inverted-V,93,130.14,27.89,26.14,82.97,0.19,66.37,0.16,10.69,0.67
2025-01-11,16:45,January,LateWinter,Inverted-V,93,130.14,27.89,26.14,82.97,0.19,66.37,0.16,10.69,0.67
2025-01-11,17:00,January,LateWinter,Inverted-V,93,17.73,25.67,21.11,84.56,0.03,67.65,0.02,1.48,0.67
2025-01-11,17:15,January,LateWinter,Inverted-V,93,17.73,25.67,21.11,84.56,0.03,67.65,0.02,1.48,0.67
2025-01-11,17:30,January,LateWinter,Inverted-V,93,17.73,25.67,21.11,84.56,0.03,67.65,0.02,1.48,0.67
2025-01-11,17:45,January,LateWinter,Inverted-V,93,17.73,25.67,21.11,84.56,0.03,67.65,0.02,1.48,0.67
2025-01-12,06:00,January,LateWinter,Inverted-V,93,22.66,21.65,17.22,85.79,0.03,68.63,0.03,1.91,0.67
2025-01-12,06:15,January,LateWinter,Inverted-V,93,22.66,21.65,17.22,85.79,0.03,68.63,0.03,1.91,0.67
2025-01-12,06:30,January,LateWinter,Inverted-V,93,22.66,21.65,17.22,85.79,0.03,68.63,0.03,1.91,0.67
2025-01-12,06:45,January,LateWinter,Inverted-V,93,22.66,21.65,17.22,85.79,0.03,68.63,0.03,1.91,0.67
2025-01-12,07:00,January,LateWinter,Inverted-V,93,152.77,23.25,22.07,84.26,0.22,67.4,0.19,12.69,0.67
2025-01-12,07:15,January,LateWinter,Inverted-V,93,152.77,23.25,22.07,84.26,0.22,67.4,0.19,12.69,0.67
2025-01-12,07:30,January,LateWinter,Inverted-V,93,152.77,23.25,22.07,84.26,0.22,67.4,0.19,12.69,0.67
2025-01-12,07:45,January,LateWinter,Inverted-V,93,152.77,23.25,22.07,84.26,0.22,67.4,0.19,12.69,0.67
2025-01-12,08:00,January,LateWinter,Inverted-V,93,331.27,25.28,28.56,82.2,0.49,65.76,0.41,27.02,0.67
2025-01-12,08:15,January,LateWinter,Inverted-V,93,331.27,25.28,28.56,82.2,0.49,65.76,0.41,27.02,0.67
2025-01-12,08:30,January,LateWinter,Inverted-V,93,331.27,25.28,28.56,82.2,0.49,65.76,0.41,27.02,0.67
2025-01-12,08:45,January,LateWinter,Inverted-V,93,331.27,25.28,28.56,82.2,0.49,65.76,0.41,27.02,0.67
2025-01-12,09:00,January,LateWinter,Inverted-V,93,463.73,27.01,33.6,80.6,0.69,64.48,0.58,37.28,0.67
2025-01-12,09:15,January,LateWinter,Inverted-V,93,463.73,27.01,33.6,80.6,0.69,64.48,0.58,37.28,0.67
2025-01-12,09:30,January,LateWinter,Inverted-V,93,463.73,27.01,33.6,80.6,0.69,64.48,0.58,37.28,0.67
2025-01-12,09:45,January,LateWinter,Inverted-V,93,463.73,27.01,33.6,80.6,0.69,64.48,0.58,37.28,0.67
2025-01-12,10:00,January,LateWinter,Inverted-V,93,581.26,28.42,37.95,79.23,0.87,63.38,0.73,46.13,0.67
2025-01-12,10:15,January,LateWinter,Inverted-V,93,581.26,28.42,37.95,79.23,0.87,63.38,0.73,46.13,0.67
2025-01-12,10:30,January,LateWinter,Inverted-V,93,581.26,28.42,37.95,79.23,0.87,63.38,0.73,46.13,0.67
2025-01-12,10:45,January,LateWinter,Inverted-V,93,581.26,28.42,37.95,79.23,0.87,63.38,0.73,46.13,0.67
2025-01-12,11:00,January,LateWinter,Inverted-V,93,596.43,29.54,39.45,78.75,0.89,63.0,0.75,47.12,0.67
2025-01-12,11:15,January,LateWinter,Inverted-V,93,596.43,29.54,39.45,78.75,0.89,63.0,0.75,47.12,0.67
2025-01-12,11:30,January,LateWinter,Inverted-V,93,596.43,29.54,39.45,78.75,0.89,63.0,0.75,47.12,0.67
2025-01-12,11:45,January,LateWinter,Inverted-V,93,596.43,29.54,39.45,78.75,0.89,63.0,0.75,47.12,0.67
2025-01-12,12:00,January,LateWinter,Inverted-V,93,544.48,29.98,38.59,79.02,0.81,63.22,0.68,43.13,0.67
2025-01-12,12:15,January,LateWinter,Inverted-V,93,544.48,29.98,38.59,79.02,0.81,63.22,0.68,43.13,0.67
2025-01-12,12:30,January,LateWinter,Inverted-V,93,544.48,29.98,38.59,79.02,0.81,63.22,0.68,43.13,0.67
2025-01-12,12:45,January,LateWinter,Inverted-V,93,544.48,29.98,38.59,79.02,0.81,63.22,0.68,43.13,0.67
2025-01-12,13:00,January,LateWinter,Inverted-V,93,495.23,29.98,37.36,79.41,0.74,63.53,0.62,39.37,0.67
2025-01-12,13:15,January,LateWinter,Inverted-V,93,495.23,29.98,37.36,79.41,0.74,63.53,0.62,39.37,0.67
2025-01-12,13:30,January,LateWinter,Inverted-V,93,495.23,29.98,37.36,79.41,0.74,63.53,0.62,39.37,0.67
2025-01-12,13:45,January,LateWinter,Inverted-V,93,495.23,29.98,37.36,79.41,0.74,63.53,0.62,39.37,0.67
2025-01-12,14:00,January,LateWinter,Inverted-V,93,398.14,29.63,34.58,80.29,0.59,64.23,0.5,31.92,0.67
2025-01-12,14:15,January,LateWinter,Inverted-V,93,398.14,29.63,34.58,80.29,0.59,64.23,0.5,31.92,0.67
2025-01-12,14:30,January,LateWinter,Inverted-V,93,398.14,29.63,34.58,80.29,0.59,64.23,0.5,31.92,0.67
2025-01-12,14:45,January,LateWinter,Inverted-V,93,398.14,29.63,34.58,80.29,0.59,64.23,0.5,31.92,0.67
2025-01-12,15:00,January,LateWinter,Inverted-V,93,253.93,28.99,30.34,81.64,0.38,65.31,0.32,20.61,0.67
2025-01-12,15:15,January,LateWinter,Inverted-V,93,253.93,28.99,30.34,81.64,0.38,65.31,0.32,20.61,0.67
2025-01-12,15:30,January,LateWinter,Inverted-V,93,253.93,28.99,30.34,81.64,0.38,65.31,0.32,20.61,0.67
2025-01-12,15:45,January,LateWinter,Inverted-V,93,253.93,28.99,30.34,81.64,0.38,65.31,0.32,20.61,0.67
2025-01-12,16:00,January,LateWinter,Inverted-V,93,115.18,27.95,25.83,83.07,0.17,66.45,0.14,9.47,0.67
2025-01-12,16:15,January,LateWinter,Inverted-V,93,115.18,27.95,25.83,83.07,0.17,66.45,0.14,9.47,0.67
2025-01-12,16:30,January,LateWinter,Inverted-V,93,115.18,27.95,25.83,83.07,0.17,66.45,0.14,9.47,0.67
2025-01-12,16:45,January,LateWinter,Inverted-V,93,115.18,27.95,25.83,83.07,0.17,66.45,0.14,9.47,0.67
2025-01-12,17:00,January,LateWinter,Inverted-V,93,16.12,26.29,21.69,84.38,0.02,67.5,0.02,1.34,0.67
2025-01-12,17:15,January,LateWinter,Inverted-V,93,16.12,26.29,21.69,84.38,0.02,67.5,0.02,1.34,0.67
2025-01-12,17:30,January,LateWinter,Inverted-V,93,16.12,26.29,21.69,84.38,0.02,67.5,0.02,1.34,0.67
2025-01-12,17:45,January,LateWinter,Inverted-V,93,16.12,26.29,21.69,84.38,0.02,67.5,0.02,1.34,0.67
2025-01-13,06:00,January,LateWinter,Inverted-V,93,18.95,23.42,18.89,85.26,0.03,68.21,0.02,1.59,0.67
2025-01-13,06:15,January,LateWinter,Inverted-V,93,18.95,23.42,18.89,85.26,0.03,68.21,0.02,1.59,0.67
2025-01-13,06:30,January,LateWinter,Inverted-V,93,18.95,23.42,18.89,85.26,0.03,68.21,0.02,1.59,0.67
2025-01-13,06:45,January,LateWinter,Inverted-V,93,18.95,23.42,18.89,85.26,0.03,68.21,0.02,1.59,0.67
2025-01-13,07:00,January,LateWinter,Inverted-V,93,122.74,25.38,23.45,83.82,0.18,67.06,0.15,10.16,0.67
2025-01-13,07:15,January,LateWinter,Inverted-V,93,122.74,25.38,23.45,83.82,0.18,67.06,0.15,10.16,0.67
2025-01-13,07:30,January,LateWinter,Inverted-V,93,122.74,25.38,23.45,83.82,0.18,67.06,0.15,10.16,0.67
2025-01-13,07:45,January,LateWinter,Inverted-V,93,122.74,25.38,23.45,83.82,0.18,67.06,0.15,10.16,0.67
2025-01-13,08:00,January,LateWinter,Inverted-V,93,250.02,27.29,28.54,82.21,0.37,65.77,0.31,20.4,0.67
2025-01-13,08:15,January,LateWinter,Inverted-V,93,250.02,27.29,28.54,82.21,0.37,65.77,0.31,20.4,0.67
2025-01-13,08:30,January,LateWinter,Inverted-V,93,250.02,27.29,28.54,82.21,0.37,65.77,0.31,20.4,0.67
2025-01-13,08:45,January,LateWinter,Inverted-V,93,250.02,27.29,28.54,82.21,0.37,65.77,0.31,20.4,0.67
2025-01-13,09:00,January,LateWinter,Inverted-V,93,341.03,28.77,32.3,81.02,0.51,64.81,0.42,27.52,0.67
2025-01-13,09:15,January,LateWinter,Inverted-V,93,341.03,28.77,32.3,81.02,0.51,64.81,0.42,27.52,0.67
2025-01-13,09:30,January,LateWinter,Inverted-V,93,341.03,28.77,32.3,81.02,0.51,64.81,0.42,27.52,0.67
2025-01-13,09:45,January,LateWinter,Inverted-V,93,341.03,28.77,32.3,81.02,0.51,64.81,0.42,27.52,0.67
2025-01-13,10:00,January,LateWinter,Inverted-V,93,449.91,29.91,36.16,79.79,0.67,63.84,0.56,35.9,0.67
2025-01-13,10:15,January,LateWinter,Inverted-V,93,449.91,29.91,36.16,79.79,0.67,63.84,0.56,35.9,0.67
2025-01-13,10:30,January,LateWinter,Inverted-V,93,449.91,29.91,36.16,79.79,0.67,63.84,0.56,35.9,0.67
2025-01-13,10:45,January,LateWinter,Inverted-V,93,449.91,29.91,36.16,79.79,0.67,63.84,0.56,35.9,0.67
2025-01-13,11:00,January,LateWinter,Inverted-V,93,511.51,30.7,38.49,79.06,0.77,63.25,0.64,40.53,0.67
2025-01-13,11:15,January,LateWinter,Inverted-V,93,511.51,30.7,38.49,79.06,0.77,63.25,0.64,40.53,0.67
2025-01-13,11:30,January,LateWinter,Inverted-V,93,511.51,30.7,38.49,79.06,0.77,63.25,0.64,40.53,0.67
2025-01-13,11:45,January,LateWinter,Inverted-V,93,511.51,30.7,38.49,79.06,0.77,63.25,0.64,40.53,0.67
2025-01-13,12:00,January,LateWinter,Inverted-V,93,497.47,31.07,38.51,79.05,0.74,63.24,0.62,39.42,0.67
2025-01-13,12:15,January,LateWinter,Inverted-V,93,497.47,31.07,38.51,79.05,0.74,63.24,0.62,39.42,0.67
2025-01-13,12:30,January,LateWinter,Inverted-V,93,497.47,31.07,38.51,79.05,0.74,63.24,0.62,39.42,0.67
2025-01-13,12:45,January,LateWinter,Inverted-V,93,497.47,31.07,38.51,79.05,0.74,63.24,0.62,39.42,0.67
2025-01-13,13:00,January,LateWinter,Inverted-V,93,406.75,31.03,36.2,79.78,0.61,63.83,0.51,32.45,0.67
2025-01-13,13:15,January,LateWinter,Inverted-V,93,406.75,31.03,36.2,79.78,0.61,63.83,0.51,32.45,0.67
2025-01-13,13:30,January,LateWinter,Inverted-V,93,406.75,31.03,36.2,79.78,0.61,63.83,0.51,32.45,0.67
2025-01-13,13:45,January,LateWinter,Inverted-V,93,406.75,31.03,36.2,79.78,0.61,63.83,0.51,32.45,0.67
2025-01-13,14:00,January,LateWinter,Inverted-V,93,387.43,30.53,35.22,80.09,0.58,64.07,0.48,31.0,0.67
2025-01-13,14:15,January,LateWinter,Inverted-V,93,387.43,30.53,35.22,80.09,0.58,64.07,0.48,31.0,0.67
2025-01-13,14:30,January,LateWinter,Inverted-V,93,387.43,30.53,35.22,80.09,0.58,64.07,0.48,31.0,0.67
2025-01-13,14:45,January,LateWinter,Inverted-V,93,387.43,30.53,35.22,80.09,0.58,64.07,0.48,31.0,0.67
2025-01-13,15:00,January,LateWinter,Inverted-V,93,249.05,29.68,30.91,81.46,0.37,65.17,0.31,20.18,0.67
2025-01-13,15:15,January,LateWinter,Inverted-V,93,249.05,29.68,30.91,81.46,0.37,65.17,0.31,20.18,0.67
2025-01-13,15:30,January,LateWinter,Inverted-V,93,249.05,29.68,30.91,81.46,0.37,65.17,0.31,20.18,0.67
2025-01-13,15:45,January,LateWinter,Inverted-V,93,249.05,29.68,30.91,81.46,0.37,65.17,0.31,20.18,0.67
2025-01-13,16:00,January,LateWinter,Inverted-V,93,122.66,28.46,26.53,82.84,0.18,66.28,0.15,10.06,0.67
2025-01-13,16:15,January,LateWinter,Inverted-V,93,122.66,28.46,26.53,82.84,0.18,66.28,0.15,10.06,0.67
2025-01-13,16:30,January,LateWinter,Inverted-V,93,122.66,28.46,26.53,82.84,0.18,66.28,0.15,10.06,0.67
2025-01-13,16:45,January,LateWinter,Inverted-V,93,122.66,28.46,26.53,82.84,0.18,66.28,0.15,10.06,0.67
2025-01-13,17:00,January,LateWinter,Inverted-V,93,17.82,26.61,22.06,84.26,0.03,67.41,0.02,1.48,0.67
2025-01-13,17:15,January,LateWinter,Inverted-V,93,17.82,26.61,22.06,84.26,0.03,67.41,0.02,1.48,0.67
2025-01-13,17:30,January,LateWinter,Inverted-V,93,17.82,26.61,22.06,84.26,0.03,67.41,0.02,1.48,0.67
2025-01-13,17:45,January,LateWinter,Inverted-V,93,17.82,26.61,22.06,84.26,0.03,67.41,0.02,1.48,0.67
2025-01-14,06:00,January,LateWinter,Inverted-V,93,25.81,22.56,18.21,85.48,0.04,68.38,0.03,2.17,0.67
2025-01-14,06:15,January,LateWinter,Inverted-V,93,25.81,22.56,18.21,85.48,0.04,68.38,0.03,2.17,0.67
2025-01-14,06:30,January,LateWinter,Inverted-V,93,25.81,22.56,18.21,85.48,0.04,68.38,0.03,2.17,0.67
2025-01-14,06:45,January,LateWinter,Inverted-V,93,25.81,22.56,18.21,85.48,0.04,68.38,0.03,2.17,0.67
2025-01-14,07:00,January,LateWinter,Inverted-V,93,165.73,24.02,23.16,83.91,0.24,67.13,0.2,13.73,0.67
2025-01-14,07:15,January,LateWinter,Inverted-V,93,165.73,24.02,23.16,83.91,0.24,67.13,0.2,13.73,0.67
2025-01-14,07:30,January,LateWinter,Inverted-V,93,165.73,24.02,23.16,83.91,0.24,67.13,0.2,13.73,0.67
2025-01-14,07:45,January,LateWinter,Inverted-V,93,165.73,24.02,23.16,83.91,0.24,67.13,0.2,13.73,0.67
2025-01-14,08:00,January,LateWinter,Inverted-V,93,357.12,25.96,29.89,81.78,0.53,65.42,0.44,29.02,0.67
2025-01-14,08:15,January,LateWinter,Inverted-V,93,357.12,25.96,29.89,81.78,0.53,65.42,0.44,29.02,0.67
2025-01-14,08:30,January,LateWinter,Inverted-V,93,357.12,25.96,29.89,81.78,0.53,65.42,0.44,29.02,0.67
2025-01-14,08:45,January,LateWinter,Inverted-V,93,357.12,25.96,29.89,81.78,0.53,65.42,0.44,29.02,0.67
2025-01-14,09:00,January,LateWinter,Inverted-V,93,536.71,27.64,36.06,79.83,0.8,63.86,0.67,42.84,0.67
2025-01-14,09:15,January,LateWinter,Inverted-V,93,536.71,27.64,36.06,79.83,0.8,63.86,0.67,42.84,0.67
2025-01-14,09:30,January,LateWinter,Inverted-V,93,536.71,27.64,36.06,79.83,0.8,63.86,0.67,42.84,0.67
2025-01-14,09:45,January,LateWinter,Inverted-V,93,536.71,27.64,36.06,79.83,0.8,63.86,0.67,42.84,0.67
2025-01-14,10:00,January,LateWinter,Inverted-V,93,682.4,28.3,40.36,78.46,1.02,62.77,0.86,53.76,0.67
2025-01-14,10:15,January,LateWinter,Inverted-V,93,682.4,28.3,40.36,78.46,1.02,62.77,0.86,53.76,0.67
2025-01-14,10:30,January,LateWinter,Inverted-V,93,682.4,28.3,40.36,78.46,1.02,62.77,0.86,53.76,0.67
2025-01-14,10:45,January,LateWinter,Inverted-V,93,682.4,28.3,40.36,78.46,1.02,62.77,0.86,53.76,0.67
2025-01-14,11:00,January,LateWinter,Inverted-V,93,699.66,28.66,41.15,78.21,1.05,62.57,0.88,54.99,0.67
2025-01-14,11:15,January,LateWinter,Inverted-V,93,699.66,28.66,41.15,78.21,1.05,62.57,0.88,54.99,0.67
2025-01-14,11:30,January,LateWinter,Inverted-V,93,699.66,28.66,41.15,78.21,1.05,62.57,0.88,54.99,0.67
2025-01-14,11:45,January,LateWinter,Inverted-V,93,699.66,28.66,41.15,78.21,1.05,62.57,0.88,54.99,0.67
2025-01-14,12:00,January,LateWinter,Inverted-V,93,475.07,29.04,35.92,79.87,0.71,63.9,0.59,37.93,0.67
2025-01-14,12:15,January,LateWinter,Inverted-V,93,475.07,29.04,35.92,79.87,0.71,63.9,0.59,37.93,0.67
2025-01-14,12:30,January,LateWinter,Inverted-V,93,475.07,29.04,35.92,79.87,0.71,63.9,0.59,37.93,0.67
2025-01-14,12:45,January,LateWinter,Inverted-V,93,475.07,29.04,35.92,79.87,0.71,63.9,0.59,37.93,0.67
2025-01-14,13:00,January,LateWinter,Inverted-V,93,315.41,29.21,32.1,81.08,0.47,64.87,0.39,25.47,0.67
2025-01-14,13:15,January,LateWinter,Inverted-V,93,315.41,29.21,32.1,81.08,0.47,64.87,0.39,25.47,0.67
2025-01-14,13:30,January,LateWinter,Inverted-V,93,315.41,29.21,32.1,81.08,0.47,64.87,0.39,25.47,0.67
2025-01-14,13:45,January,LateWinter,Inverted-V,93,315.41,29.21,32.1,81.08,0.47,64.87,0.39,25.47,0.67
2025-01-14,14:00,January,LateWinter,Inverted-V,93,326.43,28.87,32.03,81.1,0.49,64.88,0.41,26.36,0.67
2025-01-14,14:15,January,LateWinter,Inverted-V,93,326.43,28.87,32.03,81.1,0.49,64.88,0.41,26.36,0.67
2025-01-14,14:30,January,LateWinter,Inverted-V,93,326.43,28.87,32.03,81.1,0.49,64.88,0.41,26.36,0.67
2025-01-14,14:45,January,LateWinter,Inverted-V,93,326.43,28.87,32.03,81.1,0.49,64.88,0.41,26.36,0.67
2025-01-14,15:00,January,LateWinter,Inverted-V,93,205.72,27.93,28.07,82.35,0.3,65.88,0.26,16.81,0.67
2025-01-14,15:15,January,LateWinter,Inverted-V,93,205.72,27.93,28.07,82.35,0.3,65.88,0.26,16.81,0.67
2025-01-14,15:30,January,LateWinter,Inverted-V,93,205.72,27.93,28.07,82.35,0.3,65.88,0.26,16.81,0.67
2025-01-14,15:45,January,LateWinter,Inverted-V,93,205.72,27.93,28.07,82.35,0.3,65.88,0.26,16.81,0.67
2025-01-14,16:00,January,LateWinter,Inverted-V,93,96.69,26.68,24.1,83.61,0.14,66.89,0.12,7.99,0.67
2025-01-14,16:15,January,LateWinter,Inverted-V,93,96.69,26.68,24.1,83.61,0.14,66.89,0.12,7.99,0.67
2025-01-14,16:30,January,LateWinter,Inverted-V,93,96.69,26.68,24.1,83.61,0.14,66.89,0.12,7.99,0.67
2025-01-14,16:45,January,LateWinter,Inverted-V,93,96.69,26.68,24.1,83.61,0.14,66.89,0.12,7.99,0.67
2025-01-14,17:00,January,LateWinter,Inverted-V,93,12.42,25.39,20.7,84.69,0.02,67.75,0.02,1.04,0.67
2025-01-14,17:15,January,LateWinter,Inverted-V,93,12.42,25.39,20.7,84.69,0.02,67.75,0.02,1.04,0.67
2025-01-14,17:30,January,LateWinter,Inverted-V,93,12.42,25.39,20.7,84.69,0.02,67.75,0.02,1.04,0.67
2025-01-14,17:45,January,LateWinter,Inverted-V,93,12.42,25.39,20.7,84.69,0.02,67.75,0.02,1.04,0.67
2025-01-15,06:00,January,LateWinter,Inverted-V,93,16.42,22.11,17.52,85.7,0.02,68.56,0.02,1.38,0.67
2025-01-15,06:15,January,LateWinter,Inverted-V,93,16.42,22.11,17.52,85.7,0.02,68.56,0.02,1.38,0.67
2025-01-15,06:30,January,LateWinter,Inverted-V,93,16.42,22.11,17.52,85.7,0.02,68.56,0.02,1.38,0.67
2025-01-15,06:45,January,LateWinter,Inverted-V,93,16.42,22.11,17.52,85.7,0.02,68.56,0.02,1.38,0.67
2025-01-15,07:00,January,LateWinter,Inverted-V,93,103.17,23.27,20.85,84.64,0.15,67.71,0.13,8.6,0.67
2025-01-15,07:15,January,LateWinter,Inverted-V,93,103.17,23.27,20.85,84.64,0.15,67.71,0.13,8.6,0.67
2025-01-15,07:30,January,LateWinter,Inverted-V,93,103.17,23.27,20.85,84.64,0.15,67.71,0.13,8.6,0.67
2025-01-15,07:45,January,LateWinter,Inverted-V,93,103.17,23.27,20.85,84.64,0.15,67.71,0.13,8.6,0.67
2025-01-15,08:00,January,LateWinter,Inverted-V,93,208.25,25.08,25.29,83.24,0.31,66.59,0.26,17.15,0.67
2025-01-15,08:15,January,LateWinter,Inverted-V,93,208.25,25.08,25.29,83.24,0.31,66.59,0.26,17.15,0.67
2025-01-15,08:30,January,LateWinter,Inverted-V,93,208.25,25.08,25.29,83.24,0.31,66.59,0.26,17.15,0.67
2025-01-15,08:45,January,LateWinter,Inverted-V,93,208.25,25.08,25.29,83.24,0.31,66.59,0.26,17.15,0.67
2025-01-15,09:00,January,LateWinter,Inverted-V,93,329.81,26.91,30.16,81.7,0.49,65.36,0.41,26.78,0.67
2025-01-15,09:15,January,LateWinter,Inverted-V,93,329.81,26.91,30.16,81.7,0.49,65.36,0.41,26.78,0.67
2025-01-15,09:30,January,LateWinter,Inverted-V,93,329.81,26.91,30.16,81.7,0.49,65.36,0.41,26.78,0.67
2025-01-15,09:45,January,LateWinter,Inverted-V,93,329.81,26.91,30.16,81.7,0.49,65.36,0.41,26.78,0.67
2025-01-15,10:00,January,LateWinter,Inverted-V,93,359.69,28.0,31.99,81.11,0.53,64.89,0.45,29.05,0.67
2025-01-15,10:15,January,LateWinter,Inverted-V,93,359.69,28.0,31.99,81.11,0.53,64.89,0.45,29.05,0.67
2025-01-15,10:30,January,LateWinter,Inverted-V,93,359.69,28.0,31.99,81.11,0.53,64.89,0.45,29.05,0.67
2025-01-15,10:45,January,LateWinter,Inverted-V,93,359.69,28.0,31.99,81.11,0.53,64.89,0.45,29.05,0.67
2025-01-15,11:00,January,LateWinter,Inverted-V,93,409.59,28.75,33.99,80.48,0.61,64.39,0.51,32.89,0.67
2025-01-15,11:15,January,LateWinter,Inverted-V,93,409.59,28.75,33.99,80.48,0.61,64.39,0.51,32.89,0.67
2025-01-15,11:30,January,LateWinter,Inverted-V,93,409.59,28.75,33.99,80.48,0.61,64.39,0.51,32.89,0.67
2025-01-15,11:45,January,LateWinter,Inverted-V,93,409.59,28.75,33.99,80.48,0.61,64.39,0.51,32.89,0.67
2025-01-15,12:00,January,LateWinter,Inverted-V,93,505.28,29.19,36.82,79.58,0.75,63.67,0.63,40.24,0.67
2025-01-15,12:15,January,LateWinter,Inverted-V,93,505.28,29.19,36.82,79.58,0.75,63.67,0.63,40.24,0.67
2025-01-15,12:30,January,LateWinter,Inverted-V,93,505.28,29.19,36.82,79.58,0.75,63.67,0.63,40.24,0.67
2025-01-15,12:45,January,LateWinter,Inverted-V,93,505.28,29.19,36.82,79.58,0.75,63.67,0.63,40.24,0.67
2025-01-15,13:00,January,LateWinter,Inverted-V,93,507.73,29.17,36.86,79.57,0.76,63.66,0.64,40.43,0.67
2025-01-15,13:15,January,LateWinter,Inverted-V,93,507.73,29.17,36.86,79.57,0.76,63.66,0.64,40.43,0.67
2025-01-15,13:30,January,LateWinter,Inverted-V,93,507.73,29.17,36.86,79.57,0.76,63.66,0.64,40.43,0.67
2025-01-15,13:45,January,LateWinter,Inverted-V,93,507.73,29.17,36.86,79.57,0.76,63.66,0.64,40.43,0.67
2025-01-15,14:00,January,LateWinter,Inverted-V,93,461.29,28.62,35.15,80.11,0.69,64.09,0.58,36.92,0.67
2025-01-15,14:15,January,LateWinter,Inverted-V,93,461.29,28.62,35.15,80.11,0.69,64.09,0.58,36.92,0.67
2025-01-15,14:30,January,LateWinter,Inverted-V,93,461.29,28.62,35.15,80.11,0.69,64.09,0.58,36.92,0.67
2025-01-15,14:45,January,LateWinter,Inverted-V,93,461.29,28.62,35.15,80.11,0.69,64.09,0.58,36.92,0.67
2025-01-15,15:00,January,LateWinter,Inverted-V,93,312.12,27.64,30.44,81.6,0.46,65.28,0.39,25.33,0.67
2025-01-15,15:15,January,LateWinter,Inverted-V,93,312.12,27.64,30.44,81.6,0.46,65.28,0.39,25.33,0.67
2025-01-15,15:30,January,LateWinter,Inverted-V,93,312.12,27.64,30.44,81.6,0.46,65.28,0.39,25.33,0.67
2025-01-15,15:45,January,LateWinter,Inverted-V,93,312.12,27.64,30.44,81.6,0.46,65.28,0.39,25.33,0.67
2025-01-15,16:00,January,LateWinter,Inverted-V,93,149.87,26.31,25.06,83.31,0.22,66.65,0.19,12.35,0.67
2025-01-15,16:15,January,LateWinter,Inverted-V,93,149.87,26.31,25.06,83.31,0.22,66.65,0.19,12.35,0.67
2025-01-15,16:30,January,LateWinter,Inverted-V,93,149.87,26.31,25.06,83.31,0.22,66.65,0.19,12.35,0.67
2025-01-15,16:45,January,LateWinter,Inverted-V,93,149.87,26.31,25.06,83.31,0.22,66.65,0.19,12.35,0.67
2025-01-15,17:00,January,LateWinter,Inverted-V,93,17.8,25.03,20.47,84.76,0.03,67.81,0.02,1.49,0.67
2025-01-15,17:15,January,LateWinter,Inverted-V,93,17.8,25.03,20.47,84.76,0.03,67.81,0.02,1.49,0.67
2025-01-15,17:30,January,LateWinter,Inverted-V,93,17.8,25.03,20.47,84.76,0.03,67.81,0.02,1.49,0.67
2025-01-15,17:45,January,LateWinter,Inverted-V,93,17.8,25.03,20.47,84.76,0.03,67.81,0.02,1.49,0.67
2025-01-16,06:00,January,LateWinter,Inverted-V,93,25.51,21.54,17.18,85.8,0.04,68.64,0.03,2.15,0.67
2025-01-16,06:15,January,LateWinter,Inverted-V,93,25.51,21.54,17.18,85.8,0.04,68.64,0.03,2.15,0.67
2025-01-16,06:30,January,LateWinter,Inverted-V,93,25.51,21.54,17.18,85.8,0.04,68.64,0.03,2.15,0.67
2025-01-16,06:45,January,LateWinter,Inverted-V,93,25.51,21.54,17.18,85.8,0.04,68.64,0.03,2.15,0.67
2025-01-16,07:00,January,LateWinter,Inverted-V,93,176.29,22.85,22.26,84.2,0.26,67.36,0.22,14.64,0.67
2025-01-16,07:15,January,LateWinter,Inverted-V,93,176.29,22.85,22.26,84.2,0.26,67.36,0.22,14.64,0.67
2025-01-16,07:30,January,LateWinter,Inverted-V,93,176.29,22.85,22.26,84.2,0.26,67.36,0.22,14.64,0.67
2025-01-16,07:45,January,LateWinter,Inverted-V,93,176.29,22.85,22.26,84.2,0.26,67.36,0.22,14.64,0.67
2025-01-16,08:00,January,LateWinter,Inverted-V,93,351.99,24.68,28.48,82.23,0.52,65.78,0.44,28.72,0.67
2025-01-16,08:15,January,LateWinter,Inverted-V,93,351.99,24.68,28.48,82.23,0.52,65.78,0.44,28.72,0.67
2025-01-16,08:30,January,LateWinter,Inverted-V,93,351.99,24.68,28.48,82.23,0.52,65.78,0.44,28.72,0.67
2025-01-16,08:45,January,LateWinter,Inverted-V,93,351.99,24.68,28.48,82.23,0.52,65.78,0.44,28.72,0.67
2025-01-16,09:00,January,LateWinter,Inverted-V,93,496.21,26.52,33.93,80.5,0.74,64.4,0.62,39.86,0.67
2025-01-16,09:15,January,LateWinter,Inverted-V,93,496.21,26.52,33.93,80.5,0.74,64.4,0.62,39.86,0.67
2025-01-16,09:30,January,LateWinter,Inverted-V,93,496.21,26.52,33.93,80.5,0.74,64.4,0.62,39.86,0.67
2025-01-16,09:45,January,LateWinter,Inverted-V,93,496.21,26.52,33.93,80.5,0.74,64.4,0.62,39.86,0.67
2025-01-16,10:00,January,LateWinter,Inverted-V,93,565.74,28.03,37.17,79.47,0.85,63.58,0.71,45.0,0.67
2025-01-16,10:15,January,LateWinter,Inverted-V,93,565.74,28.03,37.17,79.47,0.85,63.58,0.71,45.0,0.67
2025-01-16,10:30,January,LateWinter,Inverted-V,93,565.74,28.03,37.17,79.47,0.85,63.58,0.71,45.0,0.67
2025-01-16,10:45,January,LateWinter,Inverted-V,93,565.74,28.03,37.17,79.47,0.85,63.58,0.71,45.0,0.67
2025-01-16,11:00,January,LateWinter,Inverted-V,93,617.13,28.98,39.41,78.77,0.92,63.01,0.77,48.76,0.67
2025-01-16,11:15,January,LateWinter,Inverted-V,93,617.13,28.98,39.41,78.77,0.92,63.01,0.77,48.76,0.67
2025-01-16,11:30,January,LateWinter,Inverted-V,93,617.13,28.98,39.41,78.77,0.92,63.01,0.77,48.76,0.67
2025-01-16,11:45,January,LateWinter,Inverted-V,93,617.13,28.98,39.41,78.77,0.92,63.01,0.77,48.76,0.67
2025-01-16,12:00,January,LateWinter,Inverted-V,93,644.35,29.31,40.42,78.45,0.97,62.76,0.81,50.76,0.67
2025-01-16,12:15,January,LateWinter,Inverted-V,93,644.35,29.31,40.42,78.45,0.97,62.76,0.81,50.76,0.67
2025-01-16,12:30,January,LateWinter,Inverted-V,93,644.35,29.31,40.42,78.45,0.97,62.76,0.81,50.76,0.67
2025-01-16,12:45,January,LateWinter,Inverted-V,93,644.35,29.31,40.42,78.45,0.97,62.76,0.81,50.76,0.67
2025-01-16,13:00,January,LateWinter,Inverted-V,93,563.46,29.25,38.34,79.11,0.84,63.28,0.71,44.67,0.67
2025-01-16,13:15,January,LateWinter,Inverted-V,93,563.46,29.25,38.34,79.11,0.84,63.28,0.71,44.67,0.67
2025-01-16,13:30,January,LateWinter,Inverted-V,93,563.46,29.25,38.34,79.11,0.84,63.28,0.71,44.67,0.67
2025-01-16,13:45,January,LateWinter,Inverted-V,93,563.46,29.25,38.34,79.11,0.84,63.28,0.71,44.67,0.67
2025-01-16,14:00,January,LateWinter,Inverted-V,93,577.98,28.58,38.03,79.2,0.86,63.36,0.72,45.86,0.67
2025-01-16,14:15,January,LateWinter,Inverted-V,93,577.98,28.58,38.03,79.2,0.86,63.36,0.72,45.86,0.67
2025-01-16,14:30,January,LateWinter,Inverted-V,93,577.98,28.58,38.03,79.2,0.86,63.36,0.72,45.86,0.67
2025-01-16,14:45,January,LateWinter,Inverted-V,93,577.98,28.58,38.03,79.2,0.86,63.36,0.72,45.86,0.67
2025-01-16,15:00,January,LateWinter,Inverted-V,93,408.13,27.67,32.87,80.83,0.61,64.67,0.51,32.88,0.67
2025-01-16,15:15,January,LateWinter,Inverted-V,93,408.13,27.67,32.87,80.83,0.61,64.67,0.51,32.88,0.67
2025-01-16,15:30,January,LateWinter,Inverted-V,93,408.13,27.67,32.87,80.83,0.61,64.67,0.51,32.88,0.67
2025-01-16,15:45,January,LateWinter,Inverted-V,93,408.13,27.67,32.87,80.83,0.61,64.67,0.51,32.88,0.67
2025-01-16,16:00,January,LateWinter,Inverted-V,93,194.05,26.5,26.35,82.9,0.29,66.32,0.24,15.93,0.67
2025-01-16,16:15,January,LateWinter,Inverted-V,93,194.05,26.5,26.35,82.9,0.29,66.32,0.24,15.93,0.67
2025-01-16,16:30,January,LateWinter,Inverted-V,93,194.05,26.5,26.35,82.9,0.29,66.32,0.24,15.93,0.67
2025-01-16,16:45,January,LateWinter,Inverted-V,93,194.05,26.5,26.35,82.9,0.29,66.32,0.24,15.93,0.67
2025-01-16,17:00,January,LateWinter,Inverted-V,93,25.13,24.93,20.56,84.73,0.04,67.79,0.03,2.1,0.67
2025-01-16,17:15,January,LateWinter,Inverted-V,93,25.13,24.93,20.56,84.73,0.04,67.79,0.03,2.1,0.67
2025-01-16,17:30,January,LateWinter,Inverted-V,93,25.13,24.93,20.56,84.73,0.04,67.79,0.03,2.1,0.67
2025-01-16,17:45,January,LateWinter,Inverted-V,93,25.13,24.93,20.56,84.73,0.04,67.79,0.03,2.1,0.67
2025-01-17,06:00,January,LateWinter,Inverted-V,93,27.99,20.84,16.54,86.01,0.04,68.81,0.03,2.36,0.67
2025-01-17,06:15,January,LateWinter,Inverted-V,93,27.99,20.84,16.54,86.01,0.04,68.81,0.03,2.36,0.67
2025-01-17,06:30,January,LateWinter,Inverted-V,93,27.99,20.84,16.54,86.01,0.04,68.81,0.03,2.36,0.67
2025-01-17,06:45,January,LateWinter,Inverted-V,93,27.99,20.84,16.54,86.01,0.04,68.81,0.03,2.36,0.67
2025-01-17,07:00,January,LateWinter,Inverted-V,93,204.5,23.21,23.32,83.86,0.3,67.09,0.25,16.93,0.67
2025-01-17,07:15,January,LateWinter,Inverted-V,93,204.5,23.21,23.32,83.86,0.3,67.09,0.25,16.93,0.67
2025-01-17,07:30,January,LateWinter,Inverted-V,93,204.5,23.21,23.32,83.86,0.3,67.09,0.25,16.93,0.67
2025-01-17,07:45,January,LateWinter,Inverted-V,93,204.5,23.21,23.32,83.86,0.3,67.09,0.25,16.93,0.67
2025-01-17,08:00,January,LateWinter,Inverted-V,93,410.89,25.66,30.93,81.45,0.61,65.16,0.51,33.29,0.67
2025-01-17,08:15,January,LateWinter,Inverted-V,93,410.89,25.66,30.93,81.45,0.61,65.16,0.51,33.29,0.67
2025-01-17,08:30,January,LateWinter,Inverted-V,93,410.89,25.66,30.93,81.45,0.61,65.16,0.51,33.29,0.67
2025-01-17,08:45,January,LateWinter,Inverted-V,93,410.89,25.66,30.93,81.45,0.61,65.16,0.51,33.29,0.67
2025-01-17,09:00,January,LateWinter,Inverted-V,93,602.61,27.21,37.28,79.44,0.9,63.55,0.75,47.92,0.67
2025-01-17,09:15,January,LateWinter,Inverted-V,93,602.61,27.21,37.28,79.44,0.9,63.55,0.75,47.92,0.67
2025-01-17,09:30,January,LateWinter,Inverted-V,93,602.61,27.21,37.28,79.44,0.9,63.55,0.75,47.92,0.67
2025-01-17,09:45,January,LateWinter,Inverted-V,93,602.61,27.21,37.28,79.44,0.9,63.55,0.75,47.92,0.67
2025-01-17,10:00,January,LateWinter,Inverted-V,93,732.37,28.42,41.73,78.03,1.1,62.42,0.92,57.46,0.67
2025-01-17,10:15,January,LateWinter,Inverted-V,93,732.37,28.42,41.73,78.03,1.1,62.42,0.92,57.46,0.67
2025-01-17,10:30,January,LateWinter,Inverted-V,93,732.37,28.42,41.73,78.03,1.1,62.42,0.92,57.46,0.67
2025-01-17,10:45,January,LateWinter,Inverted-V,93,732.37,28.42,41.73,78.03,1.1,62.42,0.92,57.46,0.67
2025-01-17,11:00,January,LateWinter,Inverted-V,93,843.86,29.27,45.37,76.88,1.27,61.5,1.06,65.46,0.67
2025-01-17,11:15,January,LateWinter,Inverted-V,93,843.86,29.27,45.37,76.88,1.27,61.5,1.06,65.46,0.67
2025-01-17,11:30,January,LateWinter,Inverted-V,93,843.86,29.27,45.37,76.88,1.27,61.5,1.06,65.46,0.67
2025-01-17,11:45,January,LateWinter,Inverted-V,93,843.86,29.27,45.37,76.88,1.27,61.5,1.06,65.46,0.67
2025-01-17,12:00,January,LateWinter,Inverted-V,93,857.82,29.6,46.05,76.66,1.29,61.33,1.08,66.4,0.67
2025-01-17,12:15,January,LateWinter,Inverted-V,93,857.82,29.6,46.05,76.66,1.29,61.33,1.08,66.4,0.67
2025-01-17,12:30,January,LateWinter,Inverted-V,93,857.82,29.6,46.05,76.66,1.29,61.33,1.08,66.4,0.67
2025-01-17,12:45,January,LateWinter,Inverted-V,93,857.82,29.6,46.05,76.66,1.29,61.33,1.08,66.4,0.67
2025-01-17,13:00,January,LateWinter,Inverted-V,93,759.91,29.51,43.51,77.47,1.14,61.97,0.96,59.29,0.67
2025-01-17,13:15,January,LateWinter,Inverted-V,93,759.91,29.51,43.51,77.47,1.14,61.97,0.96,59.29,0.67
2025-01-17,13:30,January,LateWinter,Inverted-V,93,759.91,29.51,43.51,77.47,1.14,61.97,0.96,59.29,0.67
2025-01-17,13:45,January,LateWinter,Inverted-V,93,759.91,29.51,43.51,77.47,1.14,61.97,0.96,59.29,0.67
2025-01-17,14:00,January,LateWinter,Inverted-V,93,668.49,29.03,40.74,78.34,1.0,62.67,0.84,52.61,0.67
2025-01-17,14:15,January,LateWinter,Inverted-V,93,668.49,29.03,40.74,78.34,1.0,62.67,0.84,52.61,0.67
2025-01-17,14:30,January,LateWinter,Inverted-V,93,668.49,29.03,40.74,78.34,1.0,62.67,0.84,52.61,0.67
2025-01-17,14:45,January,LateWinter,Inverted-V,93,668.49,29.03,40.74,78.34,1.0,62.67,0.84,52.61,0.67
2025-01-17,15:00,January,LateWinter,Inverted-V,93,455.4,28.43,34.82,80.22,0.68,64.18,0.57,36.48,0.67
2025-01-17,15:15,January,LateWinter,Inverted-V,93,455.4,28.43,34.82,80.22,0.68,64.18,0.57,36.48,0.67
2025-01-17,15:30,January,LateWinter,Inverted-V,93,455.4,28.43,34.82,80.22,0.68,64.18,0.57,36.48,0.67
2025-01-17,15:45,January,LateWinter,Inverted-V,93,455.4,28.43,34.82,80.22,0.68,64.18,0.57,36.48,0.67
2025-01-17,16:00,January,LateWinter,Inverted-V,93,227.99,27.27,27.97,82.39,0.34,65.91,0.28,18.63,0.67
2025-01-17,16:15,January,LateWinter,Inverted-V,93,227.99,27.27,27.97,82.39,0.34,65.91,0.28,18.63,0.67
2025-01-17,16:30,January,LateWinter,Inverted-V,93,227.99,27.27,27.97,82.39,0.34,65.91,0.28,18.63,0.67
2025-01-17,16:45,January,LateWinter,Inverted-V,93,227.99,27.27,27.97,82.39,0.34,65.91,0.28,18.63,0.67
2025-01-17,17:00,January,LateWinter,Inverted-V,93,29.75,25.27,21.01,84.59,0.04,67.67,0.04,2.48,0.67
2025-01-17,17:15,January,LateWinter,Inverted-V,93,29.75,25.27,21.01,84.59,0.04,67.67,0.04,2.48,0.67
2025-01-17,17:30,January,LateWinter,Inverted-V,93,29.75,25.27,21.01,84.59,0.04,67.67,0.04,2.48,0.67
2025-01-17,17:45,January,LateWinter,Inverted-V,93,29.75,25.27,21.01,84.59,0.04,67.67,0.04,2.48,0.67
2025-01-18,06:00,January,LateWinter,Inverted-V,93,22.25,20.94,16.5,86.02,0.03,68.82,0.03,1.88,0.67
2025-01-18,06:15,January,LateWinter,Inverted-V,93,22.25,20.94,16.5,86.02,0.03,68.82,0.03,1.88,0.67
2025-01-18,06:30,January,LateWinter,Inverted-V,93,22.25,20.94,16.5,86.02,0.03,68.82,0.03,1.88,0.67
2025-01-18,06:45,January,LateWinter,Inverted-V,93,22.25,20.94,16.5,86.02,0.03,68.82,0.03,1.88,0.67
2025-01-18,07:00,January,LateWinter,Inverted-V,93,146.12,22.18,20.83,84.65,0.21,67.72,0.18,12.18,0.67
2025-01-18,07:15,January,LateWinter,Inverted-V,93,146.12,22.18,20.83,84.65,0.21,67.72,0.18,12.18,0.67
2025-01-18,07:30,January,LateWinter,Inverted-V,93,146.12,22.18,20.83,84.65,0.21,67.72,0.18,12.18,0.67
2025-01-18,07:45,January,LateWinter,Inverted-V,93,146.12,22.18,20.83,84.65,0.21,67.72,0.18,12.18,0.67
2025-01-18,08:00,January,LateWinter,Inverted-V,93,295.36,23.66,26.04,83.0,0.44,66.4,0.37,24.27,0.67
2025-01-18,08:15,January,LateWinter,Inverted-V,93,295.36,23.66,26.04,83.0,0.44,66.4,0.37,24.27,0.67
2025-01-18,08:30,January,LateWinter,Inverted-V,93,295.36,23.66,26.04,83.0,0.44,66.4,0.37,24.27,0.67
2025-01-18,08:45,January,LateWinter,Inverted-V,93,295.36,23.66,26.04,83.0,0.44,66.4,0.37,24.27,0.67
2025-01-18,09:00,January,LateWinter,Inverted-V,93,490.54,24.56,31.82,81.17,0.73,64.93,0.61,39.64,0.67
2025-01-18,09:15,January,LateWinter,Inverted-V,93,490.54,24.56,31.82,81.17,0.73,64.93,0.61,39.64,0.67
2025-01-18,09:30,January,LateWinter,Inverted-V,93,490.54,24.56,31.82,81.17,0.73,64.93,0.61,39.64,0.67
2025-01-18,09:45,January,LateWinter,Inverted-V,93,490.54,24.56,31.82,81.17,0.73,64.93,0.61,39.64,0.67
2025-01-18,10:00,January,LateWinter,Inverted-V,93,534.71,25.06,33.43,80.66,0.8,64.53,0.67,43.01,0.67
2025-01-18,10:15,January,LateWinter,Inverted-V,93,534.71,25.06,33.43,80.66,0.8,64.53,0.67,43.01,0.67
2025-01-18,10:30,January,LateWinter,Inverted-V,93,534.71,25.06,33.43,80.66,0.8,64.53,0.67,43.01,0.67
2025-01-18,10:45,January,LateWinter,Inverted-V,93,534.71,25.06,33.43,80.66,0.8,64.53,0.67,43.01,0.67
2025-01-18,11:00,January,LateWinter,Inverted-V,93,482.85,25.48,32.55,80.94,0.72,64.75,0.6,38.94,0.67
2025-01-18,11:15,January,LateWinter,Inverted-V,93,482.85,25.48,32.55,80.94,0.72,64.75,0.6,38.94,0.67
2025-01-18,11:30,January,LateWinter,Inverted-V,93,482.85,25.48,32.55,80.94,0.72,64.75,0.6,38.94,0.67
2025-01-18,11:45,January,LateWinter,Inverted-V,93,482.85,25.48,32.55,80.94,0.72,64.75,0.6,38.94,0.67
2025-01-18,12:00,January,LateWinter,Inverted-V,93,357.91,26.17,30.12,81.71,0.53,65.37,0.44,29.07,0.67
2025-01-18,12:15,January,LateWinter,Inverted-V,93,357.91,26.17,30.12,81.71,0.53,65.37,0.44,29.07,0.67
2025-01-18,12:30,January,LateWinter,Inverted-V,93,357.91,26.17,30.12,81.71,0.53,65.37,0.44,29.07,0.67
2025-01-18,12:45,January,LateWinter,Inverted-V,93,357.91,26.17,30.12,81.71,0.53,65.37,0.44,29.07,0.67
2025-01-18,13:00,January,LateWinter,Inverted-V,93,286.02,26.63,28.78,82.13,0.42,65.7,0.35,23.32,0.67
2025-01-18,13:15,January,LateWinter,Inverted-V,93,286.02,26.63,28.78,82.13,0.42,65.7,0.35,23.32,0.67
2025-01-18,13:30,January,LateWinter,Inverted-V,93,286.02,26.63,28.78,82.13,0.42,65.7,0.35,23.32,0.67
2025-01-18,13:45,January,LateWinter,Inverted-V,93,286.02,26.63,28.78,82.13,0.42,65.7,0.35,23.32,0.67
2025-01-18,14:00,January,LateWinter,Inverted-V,93,192.89,26.63,26.45,82.87,0.29,66.29,0.24,15.83,0.67
2025-01-18,14:15,January,LateWinter,Inverted-V,93,192.89,26.63,26.45,82.87,0.29,66.29,0.24,15.83,0.67
2025-01-18,14:30,January,LateWinter,Inverted-V,93,192.89,26.63,26.45,82.87,0.29,66.29,0.24,15.83,0.67
2025-01-18,14:45,January,LateWinter,Inverted-V,93,192.89,26.63,26.45,82.87,0.29,66.29,0.24,15.83,0.67
2025-01-18,15:00,January,LateWinter,Inverted-V,93,146.45,26.09,24.75,83.41,0.22,66.73,0.18,12.08,0.67
2025-01-18,15:15,January,LateWinter,Inverted-V,93,146.45,26.09,24.75,83.41,0.22,66.73,0.18,12.08,0.67
2025-01-18,15:30,January,LateWinter,Inverted-V,93,146.45,26.09,24.75,83.41,0.22,66.73,0.18,12.08,0.67
2025-01-18,15:45,January,LateWinter,Inverted-V,93,146.45,26.09,24.75,83.41,0.22,66.73,0.18,12.08,0.67
2025-01-18,16:00,January,LateWinter,Inverted-V,93,101.17,25.27,22.8,84.02,0.15,67.22,0.12,8.39,0.67
2025-01-18,16:15,January,LateWinter,Inverted-V,93,101.17,25.27,22.8,84.02,0.15,67.22,0.12,8.39,0.67
2025-01-18,16:30,January,LateWinter,Inverted-V,93,101.17,25.27,22.8,84.02,0.15,67.22,0.12,8.39,0.67
2025-01-18,16:45,January,LateWinter,Inverted-V,93,101.17,25.27,22.8,84.02,0.15,67.22,0.12,8.39,0.67
2025-01-18,17:00,January,LateWinter,Inverted-V,93,17.15,24.17,19.6,85.04,0.03,68.03,0.02,1.43,0.67
2025-01-18,17:15,January,LateWinter,Inverted-V,93,17.15,24.17,19.6,85.04,0.03,68.03,0.02,1.43,0.67
2025-01-18,17:30,January,LateWinter,Inverted-V,93,17.15,24.17,19.6,85.04,0.03,68.03,0.02,1.43,0.67
2025-01-18,17:45,January,LateWinter,Inverted-V,93,17.15,24.17,19.6,85.04,0.03,68.03,0.02,1.43,0.67
2025-01-19,06:00,January,LateWinter,Inverted-V,93,14.83,22.18,17.55,85.69,0.02,68.55,0.02,1.25,0.67
2025-01-19,06:15,January,LateWinter,Inverted-V,93,14.83,22.18,17.55,85.69,0.02,68.55,0.02,1.25,0.67
2025-01-19,06:30,January,LateWinter,Inverted-V,93,14.83,22.18,17.55,85.69,0.02,68.55,0.02,1.25,0.67
2025-01-19,06:45,January,LateWinter,Inverted-V,93,14.83,22.18,17.55,85.69,0.02,68.55,0.02,1.25,0.67
2025-01-19,07:00,January,LateWinter,Inverted-V,93,90.69,22.98,20.25,84.83,0.13,67.87,0.11,7.57,0.67
2025-01-19,07:15,January,LateWinter,Inverted-V,93,90.69,22.98,20.25,84.83,0.13,67.87,0.11,7.57,0.67
2025-01-19,07:30,January,LateWinter,Inverted-V,93,90.69,22.98,20.25,84.83,0.13,67.87,0.11,7.57,0.67
2025-01-19,07:45,January,LateWinter,Inverted-V,93,90.69,22.98,20.25,84.83,0.13,67.87,0.11,7.57,0.67
2025-01-19,08:00,January,LateWinter,Inverted-V,93,175.93,24.41,23.81,83.71,0.26,66.96,0.22,14.55,0.67
2025-01-19,08:15,January,LateWinter,Inverted-V,93,175.93,24.41,23.81,83.71,0.26,66.96,0.22,14.55,0.67
2025-01-19,08:30,January,LateWinter,Inverted-V,93,175.93,24.41,23.81,83.71,0.26,66.96,0.22,14.55,0.67
2025-01-19,08:45,January,LateWinter,Inverted-V,93,175.93,24.41,23.81,83.71,0.26,66.96,0.22,14.55,0.67
2025-01-19,09:00,January,LateWinter,Inverted-V,93,286.79,25.97,28.14,82.33,0.42,65.87,0.36,23.42,0.67
2025-01-19,09:15,January,LateWinter,Inverted-V,93,286.79,25.97,28.14,82.33,0.42,65.87,0.36,23.42,0.67
2025-01-19,09:30,January,LateWinter,Inverted-V,93,286.79,25.97,28.14,82.33,0.42,65.87,0.36,23.42,0.67
2025-01-19,09:45,January,LateWinter,Inverted-V,93,286.79,25.97,28.14,82.33,0.42,65.87,0.36,23.42,0.67
2025-01-19,10:00,January,LateWinter,Inverted-V,93,312.01,26.6,29.4,81.93,0.46,65.55,0.39,25.39,0.67
2025-01-19,10:15,January,LateWinter,Inverted-V,93,312.01,26.6,29.4,81.93,0.46,65.55,0.39,25.39,0.67
2025-01-19,10:30,January,LateWinter,Inverted-V,93,312.01,26.6,29.4,81.93,0.46,65.55,0.39,25.39,0.67
2025-01-19,10:45,January,LateWinter,Inverted-V,93,312.01,26.6,29.4,81.93,0.46,65.55,0.39,25.39,0.67
2025-01-19,11:00,January,LateWinter,Inverted-V,93,280.69,27.03,29.05,82.05,0.42,65.64,0.35,22.87,0.67
2025-01-19,11:15,January,LateWinter,Inverted-V,93,280.69,27.03,29.05,82.05,0.42,65.64,0.35,22.87,0.67
2025-01-19,11:30,January,LateWinter,Inverted-V,93,280.69,27.03,29.05,82.05,0.42,65.64,0.35,22.87,0.67
2025-01-19,11:45,January,LateWinter,Inverted-V,93,280.69,27.03,29.05,82.05,0.42,65.64,0.35,22.87,0.67
2025-01-19,12:00,January,LateWinter,Inverted-V,93,362.75,27.45,31.52,81.26,0.54,65.01,0.45,29.34,0.67
2025-01-19,12:15,January,LateWinter,Inverted-V,93,362.75,27.45,31.52,81.26,0.54,65.01,0.45,29.34,0.67
2025-01-19,12:30,January,LateWinter,Inverted-V,93,362.75,27.45,31.52,81.26,0.54,65.01,0.45,29.34,0.67
2025-01-19,12:45,January,LateWinter,Inverted-V,93,362.75,27.45,31.52,81.26,0.54,65.01,0.45,29.34,0.67
2025-01-19,13:00,January,LateWinter,Inverted-V,93,273.83,27.54,29.39,81.94,0.41,65.55,0.34,22.29,0.67
2025-01-19,13:15,January,LateWinter,Inverted-V,93,273.83,27.54,29.39,81.94,0.41,65.55,0.34,22.29,0.67
2025-01-19,13:30,January,LateWinter,Inverted-V,93,273.83,27.54,29.39,81.94,0.41,65.55,0.34,22.29,0.67
2025-01-19,13:45,January,LateWinter,Inverted-V,93,273.83,27.54,29.39,81.94,0.41,65.55,0.34,22.29,0.67
2025-01-19,14:00,January,LateWinter,Inverted-V,93,235.52,27.24,28.13,82.34,0.35,65.87,0.29,19.24,0.67
2025-01-19,14:15,January,LateWinter,Inverted-V,93,235.52,27.24,28.13,82.34,0.35,65.87,0.29,19.24,0.67
2025-01-19,14:30,January,LateWinter,Inverted-V,93,235.52,27.24,28.13,82.34,0.35,65.87,0.29,19.24,0.67
2025-01-19,14:45,January,LateWinter,Inverted-V,93,235.52,27.24,28.13,82.34,0.35,65.87,0.29,19.24,0.67
2025-01-19,15:00,January,LateWinter,Inverted-V,93,183.44,26.67,26.26,82.93,0.27,66.34,0.23,15.06,0.67
2025-01-19,15:15,January,LateWinter,Inverted-V,93,183.44,26.67,26.26,82.93,0.27,66.34,0.23,15.06,0.67
2025-01-19,15:30,January,LateWinter,Inverted-V,93,183.44,26.67,26.26,82.93,0.27,66.34,0.23,15.06,0.67
2025-01-19,15:45,January,LateWinter,Inverted-V,93,183.44,26.67,26.26,82.93,0.27,66.34,0.23,15.06,0.67
2025-01-19,16:00,January,LateWinter,Inverted-V,93,84.21,25.8,22.91,83.99,0.12,67.19,0.1,6.98,0.67
2025-01-19,16:15,January,LateWinter,Inverted-V,93,84.21,25.8,22.91,83.99,0.12,67.19,0.1,6.98,0.67
2025-01-19,16:30,January,LateWinter,Inverted-V,93,84.21,25.8,22.91,83.99,0.12,67.19,0.1,6.98,0.67
2025-01-19,16:45,January,LateWinter,Inverted-V,93,84.21,25.8,22.91,83.99,0.12,67.19,0.1,6.98,0.67
2025-01-19,17:00,January,LateWinter,Inverted-V,93,13.96,24.54,19.89,84.95,0.02,67.96,0.02,1.17,0.67
2025-01-19,17:15,January,LateWinter,Inverted-V,93,13.96,24.54,19.89,84.95,0.02,67.96,0.02,1.17,0.67
2025-01-19,17:30,January,LateWinter,Inverted-V,93,13.96,24.54,19.89,84.95,0.02,67.96,0.02,1.17,0.67
2025-01-19,17:45,January,LateWinter,Inverted-V,93,13.96,24.54,19.89,84.95,0.02,67.96,0.02,1.17,0.67
2025-01-20,06:00,January,LateWinter,Inverted-V,93,24.59,22.51,18.12,85.51,0.04,68.4,0.03,2.07,0.67
2025-01-20,06:15,January,LateWinter,Inverted-V,93,24.59,22.51,18.12,85.51,0.04,68.4,0.03,2.07,0.67
2025-01-20,06:30,January,LateWinter,Inverted-V,93,24.59,22.51,18.12,85.51,0.04,68.4,0.03,2.07,0.67
2025-01-20,06:45,January,LateWinter,Inverted-V,93,24.59,22.51,18.12,85.51,0.04,68.4,0.03,2.07,0.67
2025-01-20,07:00,January,LateWinter,Inverted-V,93,155.17,23.26,22.14,84.23,0.23,67.39,0.19,12.89,0.67
2025-01-20,07:15,January,LateWinter,Inverted-V,93,155.17,23.26,22.14,84.23,0.23,67.39,0.19,12.89,0.67
2025-01-20,07:30,January,LateWinter,Inverted-V,93,155.17,23.26,22.14,84.23,0.23,67.39,0.19,12.89,0.67
2025-01-20,07:45,January,LateWinter,Inverted-V,93,155.17,23.26,22.14,84.23,0.23,67.39,0.19,12.89,0.67
2025-01-20,08:00,January,LateWinter,Inverted-V,93,271.6,24.64,26.43,82.88,0.4,66.3,0.34,22.29,0.67
2025-01-20,08:15,January,LateWinter,Inverted-V,93,271.6,24.64,26.43,82.88,0.4,66.3,0.34,22.29,0.67
2025-01-20,08:30,January,LateWinter,Inverted-V,93,271.6,24.64,26.43,82.88,0.4,66.3,0.34,22.29,0.67
2025-01-20,08:45,January,LateWinter,Inverted-V,93,271.6,24.64,26.43,82.88,0.4,66.3,0.34,22.29,0.67
2025-01-20,09:00,January,LateWinter,Inverted-V,93,418.68,26.62,32.09,81.08,0.62,64.87,0.52,33.81,0.67
2025-01-20,09:15,January,LateWinter,Inverted-V,93,418.68,26.62,32.09,81.08,0.62,64.87,0.52,33.81,0.67
2025-01-20,09:30,January,LateWinter,Inverted-V,93,418.68,26.62,32.09,81.08,0.62,64.87,0.52,33.81,0.67
2025-01-20,09:45,January,LateWinter,Inverted-V,93,418.68,26.62,32.09,81.08,0.62,64.87,0.52,33.81,0.67
2025-01-20,10:00,January,LateWinter,Inverted-V,93,552.67,28.15,36.97,79.54,0.83,63.63,0.69,43.99,0.67
2025-01-20,10:15,January,LateWinter,Inverted-V,93,552.67,28.15,36.97,79.54,0.83,63.63,0.69,43.99,0.67
2025-01-20,10:30,January,LateWinter,Inverted-V,93,552.67,28.15,36.97,79.54,0.83,63.63,0.69,43.99,0.67
2025-01-20,10:45,January,LateWinter,Inverted-V,93,552.67,28.15,36.97,79.54,0.83,63.63,0.69,43.99,0.67
2025-01-20,11:00,January,LateWinter,Inverted-V,93,706.35,29.07,41.73,78.03,1.06,62.42,0.89,55.42,0.67
2025-01-20,11:15,January,LateWinter,Inverted-V,93,706.35,29.07,41.73,78.03,1.06,62.42,0.89,55.42,0.67
2025-01-20,11:30,January,LateWinter,Inverted-V,93,706.35,29.07,41.73,78.03,1.06,62.42,0.89,55.42,0.67
2025-01-20,11:45,January,LateWinter,Inverted-V,93,706.35,29.07,41.73,78.03,1.06,62.42,0.89,55.42,0.67
2025-01-20,12:00,January,LateWinter,Inverted-V,93,677.79,29.73,41.67,78.05,1.02,62.44,0.85,53.19,0.67
2025-01-20,12:15,January,LateWinter,Inverted-V,93,677.79,29.73,41.67,78.05,1.02,62.44,0.85,53.19,0.67
2025-01-20,12:30,January,LateWinter,Inverted-V,93,677.79,29.73,41.67,78.05,1.02,62.44,0.85,53.19,0.67
2025-01-20,12:45,January,LateWinter,Inverted-V,93,677.79,29.73,41.67,78.05,1.02,62.44,0.85,53.19,0.67
2025-01-20,13:00,January,LateWinter,Inverted-V,93,550.64,30.04,38.81,78.96,0.82,63.17,0.69,43.59,0.67
2025-01-20,13:15,January,LateWinter,Inverted-V,93,550.64,30.04,38.81,78.96,0.82,63.17,0.69,43.59,0.67
2025-01-20,13:30,January,LateWinter,Inverted-V,93,550.64,30.04,38.81,78.96,0.82,63.17,0.69,43.59,0.67
2025-01-20,13:45,January,LateWinter,Inverted-V,93,550.64,30.04,38.81,78.96,0.82,63.17,0.69,43.59,0.67
2025-01-20,14:00,January,LateWinter,Inverted-V,93,475.47,30.1,36.99,79.53,0.71,63.63,0.59,37.84,0.67
2025-01-20,14:15,January,LateWinter,Inverted-V,93,475.47,30.1,36.99,79.53,0.71,63.63,0.59,37.84,0.67
2025-01-20,14:30,January,LateWinter,Inverted-V,93,475.47,30.1,36.99,79.53,0.71,63.63,0.59,37.84,0.67
2025-01-20,14:45,January,LateWinter,Inverted-V,93,475.47,30.1,36.99,79.53,0.71,63.63,0.59,37.84,0.67
2025-01-20,15:00,January,LateWinter,Inverted-V,93,309.8,29.68,32.42,80.98,0.46,64.78,0.39,24.99,0.67
2025-01-20,15:15,January,LateWinter,Inverted-V,93,309.8,29.68,32.42,80.98,0.46,64.78,0.39,24.99,0.67
2025-01-20,15:30,January,LateWinter,Inverted-V,93,309.8,29.68,32.42,80.98,0.46,64.78,0.39,24.99,0.67
2025-01-20,15:45,January,LateWinter,Inverted-V,93,309.8,29.68,32.42,80.98,0.46,64.78,0.39,24.99,0.67
2025-01-20,16:00,January,LateWinter,Inverted-V,93,144.77,28.47,27.09,82.67,0.21,66.13,0.18,11.86,0.67
2025-01-20,16:15,January,LateWinter,Inverted-V,93,144.77,28.47,27.09,82.67,0.21,66.13,0.18,11.86,0.67
2025-01-20,16:30,January,LateWinter,Inverted-V,93,144.77,28.47,27.09,82.67,0.21,66.13,0.18,11.86,0.67
2025-01-20,16:45,January,LateWinter,Inverted-V,93,144.77,28.47,27.09,82.67,0.21,66.13,0.18,11.86,0.67
2025-01-20,17:00,January,LateWinter,Inverted-V,93,22.57,26.24,21.8,84.34,0.03,67.47,0.03,1.88,0.67
2025-01-20,17:15,January,LateWinter,Inverted-V,93,22.57,26.24,21.8,84.34,0.03,67.47,0.03,1.88,0.67
2025-01-20,17:30,January,LateWinter,Inverted-V,93,22.57,26.24,21.8,84.34,0.03,67.47,0.03,1.88,0.67
2025-01-20,17:45,January,LateWinter,Inverted-V,93,22.57,26.24,21.8,84.34,0.03,67.47,0.03,1.88,0.67
2025-01-21,06:00,January,LateWinter,Inverted-V,93,24.08,20.07,15.67,86.28,0.04,69.03,0.03,2.04,0.67
2025-01-21,06:15,January,LateWinter,Inverted-V,93,24.08,20.07,15.67,86.28,0.04,69.03,0.03,2.04,0.67
2025-01-21,06:30,January,LateWinter,Inverted-V,93,24.08,20.07,15.67,86.28,0.04,69.03,0.03,2.04,0.67
2025-01-21,06:45,January,LateWinter,Inverted-V,93,24.08,20.07,15.67,86.28,0.04,69.03,0.03,2.04,0.67
2025-01-21,07:00,January,LateWinter,Inverted-V,93,184.14,22.53,22.13,84.24,0.27,67.39,0.23,15.3,0.67
2025-01-21,07:15,January,LateWinter,Inverted-V,93,184.14,22.53,22.13,84.24,0.27,67.39,0.23,15.3,0.67
2025-01-21,07:30,January,LateWinter,Inverted-V,93,184.14,22.53,22.13,84.24,0.27,67.39,0.23,15.3,0.67
2025-01-21,07:45,January,LateWinter,Inverted-V,93,184.14,22.53,22.13,84.24,0.27,67.39,0.23,15.3,0.67
2025-01-21,08:00,January,LateWinter,Inverted-V,93,386.05,24.64,29.29,81.97,0.57,65.58,0.48,31.43,0.67
2025-01-21,08:15,January,LateWinter,Inverted-V,93,386.05,24.64,29.29,81.97,0.57,65.58,0.48,31.43,0.67
2025-01-21,08:30,January,LateWinter,Inverted-V,93,386.05,24.64,29.29,81.97,0.57,65.58,0.48,31.43,0.67
2025-01-21,08:45,January,LateWinter,Inverted-V,93,386.05,24.64,29.29,81.97,0.57,65.58,0.48,31.43,0.67
2025-01-21,09:00,January,LateWinter,Inverted-V,93,548.66,26.27,34.99,80.17,0.82,64.13,0.69,43.93,0.67
2025-01-21,09:15,January,LateWinter,Inverted-V,93,548.66,26.27,34.99,80.17,0.82,64.13,0.69,43.93,0.67
2025-01-21,09:30,January,LateWinter,Inverted-V,93,548.66,26.27,34.99,80.17,0.82,64.13,0.69,43.93,0.67
2025-01-21,09:45,January,LateWinter,Inverted-V,93,548.66,26.27,34.99,80.17,0.82,64.13,0.69,43.93,0.67
2025-01-21,10:00,January,LateWinter,Inverted-V,93,687.01,27.68,39.86,78.62,1.03,62.9,0.86,54.21,0.67
2025-01-21,10:15,January,LateWinter,Inverted-V,93,687.01,27.68,39.86,78.62,1.03,62.9,0.86,54.21,0.67
2025-01-21,10:30,January,LateWinter,Inverted-V,93,687.01,27.68,39.86,78.62,1.03,62.9,0.86,54.21,0.67
2025-01-21,10:45,January,LateWinter,Inverted-V,93,687.01,27.68,39.86,78.62,1.03,62.9,0.86,54.21,0.67
2025-01-21,11:00,January,LateWinter,Inverted-V,93,805.77,28.82,43.96,77.32,1.21,61.86,1.01,62.78,0.67
2025-01-21,11:15,January,LateWinter,Inverted-V,93,805.77,28.82,43.96,77.32,1.21,61.86,1.01,62.78,0.67
2025-01-21,11:30,January,LateWinter,Inverted-V,93,805.77,28.82,43.96,77.32,1.21,61.86,1.01,62.78,0.67
2025-01-21,11:45,January,LateWinter,Inverted-V,93,805.77,28.82,43.96,77.32,1.21,61.86,1.01,62.78,0.67
2025-01-21,12:00,January,LateWinter,Inverted-V,93,786.42,29.57,44.23,77.24,1.18,61.79,0.99,61.22,0.67
2025-01-21,12:15,January,LateWinter,Inverted-V,93,786.42,29.57,44.23,77.24,1.18,61.79,0.99,61.22,0.67
2025-01-21,12:30,January,LateWinter,Inverted-V,93,786.42,29.57,44.23,77.24,1.18,61.79,0.99,61.22,0.67
2025-01-21,12:45,January,LateWinter,Inverted-V,93,786.42,29.57,44.23,77.24,1.18,61.79,0.99,61.22,0.67
2025-01-21,13:00,January,LateWinter,Inverted-V,93,729.45,29.9,43.14,77.59,1.1,62.07,0.92,56.98,0.67
2025-01-21,13:15,January,LateWinter,Inverted-V,93,729.45,29.9,43.14,77.59,1.1,62.07,0.92,56.98,0.67
2025-01-21,13:30,January,LateWinter,Inverted-V,93,729.45,29.9,43.14,77.59,1.1,62.07,0.92,56.98,0.67
2025-01-21,13:45,January,LateWinter,Inverted-V,93,729.45,29.9,43.14,77.59,1.1,62.07,0.92,56.98,0.67
2025-01-21,14:00,January,LateWinter,Inverted-V,93,585.6,29.83,39.47,78.75,0.88,63.0,0.73,46.26,0.67
2025-01-21,14:15,January,LateWinter,Inverted-V,93,585.6,29.83,39.47,78.75,0.88,63.0,0.73,46.26,0.67
2025-01-21,14:30,January,LateWinter,Inverted-V,93,585.6,29.83,39.47,78.75,0.88,63.0,0.73,46.26,0.67
2025-01-21,14:45,January,LateWinter,Inverted-V,93,585.6,29.83,39.47,78.75,0.88,63.0,0.73,46.26,0.67
2025-01-21,15:00,January,LateWinter,Inverted-V,93,396.81,29.26,34.18,80.42,0.59,64.34,0.5,31.85,0.67
2025-01-21,15:15,January,LateWinter,Inverted-V,93,396.81,29.26,34.18,80.42,0.59,64.34,0.5,31.85,0.67
2025-01-21,15:30,January,LateWinter,Inverted-V,93,396.81,29.26,34.18,80.42,0.59,64.34,0.5,31.85,0.67
2025-01-21,15:45,January,LateWinter,Inverted-V,93,396.81,29.26,34.18,80.42,0.59,64.34,0.5,31.85,0.67
2025-01-21,16:00,January,LateWinter,Inverted-V,93,194.18,27.91,27.76,82.45,0.29,65.96,0.24,15.88,0.67
2025-01-21,16:15,January,LateWinter,Inverted-V,93,194.18,27.91,27.76,82.45,0.29,65.96,0.24,15.88,0.67
2025-01-21,16:30,January,LateWinter,Inverted-V,93,194.18,27.91,27.76,82.45,0.29,65.96,0.24,15.88,0.67
2025-01-21,16:45,January,LateWinter,Inverted-V,93,194.18,27.91,27.76,82.45,0.29,65.96,0.24,15.88,0.67
2025-01-21,17:00,January,LateWinter,Inverted-V,93,31.41,25.04,20.83,84.65,0.05,67.72,0.04,2.62,0.67
2025-01-21,17:15,January,LateWinter,Inverted-V,93,31.41,25.04,20.83,84.65,0.05,67.72,0.04,2.62,0.67
2025-01-21,17:30,January,LateWinter,Inverted-V,93,31.41,25.04,20.83,84.65,0.05,67.72,0.04,2.62,0.67
2025-01-21,17:45,January,LateWinter,Inverted-V,93,31.41,25.04,20.83,84.65,0.05,67.72,0.04,2.62,0.67
2025-01-22,06:00,January,LateWinter,Inverted-V,93,26.3,20.66,16.32,86.08,0.04,68.86,0.03,2.22,0.67
2025-01-22,06:15,January,LateWinter,Inverted-V,93,26.3,20.66,16.32,86.08,0.04,68.86,0.03,2.22,0.67
2025-01-22,06:30,January,LateWinter,Inverted-V,93,26.3,20.66,16.32,86.08,0.04,68.86,0.03,2.22,0.67
2025-01-22,06:45,January,LateWinter,Inverted-V,93,26.3,20.66,16.32,86.08,0.04,68.86,0.03,2.22,0.67
2025-01-22,07:00,January,LateWinter,Inverted-V,93,174.34,22.88,22.24,84.2,0.26,67.36,0.21,14.48,0.67
2025-01-22,07:15,January,LateWinter,Inverted-V,93,174.34,22.88,22.24,84.2,0.26,67.36,0.21,14.48,0.67
2025-01-22,07:30,January,LateWinter,Inverted-V,93,174.34,22.88,22.24,84.2,0.26,67.36,0.21,14.48,0.67
2025-01-22,07:45,January,LateWinter,Inverted-V,93,174.34,22.88,22.24,84.2,0.26,67.36,0.21,14.48,0.67
2025-01-22,08:00,January,LateWinter,Inverted-V,93,330.7,25.66,28.93,82.08,0.49,65.67,0.41,26.95,0.67
2025-01-22,08:15,January,LateWinter,Inverted-V,93,330.7,25.66,28.93,82.08,0.49,65.67,0.41,26.95,0.67
2025-01-22,08:30,January,LateWinter,Inverted-V,93,330.7,25.66,28.93,82.08,0.49,65.67,0.41,26.95,0.67
2025-01-22,08:45,January,LateWinter,Inverted-V,93,330.7,25.66,28.93,82.08,0.49,65.67,0.41,26.95,0.67
2025-01-22,09:00,January,LateWinter,Inverted-V,93,466.88,27.66,34.33,80.37,0.7,64.3,0.58,37.46,0.67
2025-01-22,09:15,January,LateWinter,Inverted-V,93,466.88,27.66,34.33,80.37,0.7,64.3,0.58,37.46,0.67
2025-01-22,09:30,January,LateWinter,Inverted-V,93,466.88,27.66,34.33,80.37,0.7,64.3,0.58,37.46,0.67
2025-01-22,09:45,January,LateWinter,Inverted-V,93,466.88,27.66,34.33,80.37,0.7,64.3,0.58,37.46,0.67
2025-01-22,10:00,January,LateWinter,Inverted-V,93,612.33,29.17,39.48,78.74,0.92,62.99,0.77,48.37,0.67
2025-01-22,10:15,January,LateWinter,Inverted-V,93,612.33,29.17,39.48,78.74,0.92,62.99,0.77,48.37,0.67
2025-01-22,10:30,January,LateWinter,Inverted-V,93,612.33,29.17,39.48,78.74,0.92,62.99,0.77,48.37,0.67
2025-01-22,10:45,January,LateWinter,Inverted-V,93,612.33,29.17,39.48,78.74,0.92,62.99,0.77,48.37,0.67
2025-01-22,11:00,January,LateWinter,Inverted-V,93,706.37,30.27,42.93,77.65,1.06,62.12,0.89,55.22,0.67
2025-01-22,11:15,January,LateWinter,Inverted-V,93,706.37,30.27,42.93,77.65,1.06,62.12,0.89,55.22,0.67
2025-01-22,11:30,January,LateWinter,Inverted-V,93,706.37,30.27,42.93,77.65,1.06,62.12,0.89,55.22,0.67
2025-01-22,11:45,January,LateWinter,Inverted-V,93,706.37,30.27,42.93,77.65,1.06,62.12,0.89,55.22,0.67
2025-01-22,12:00,January,LateWinter,Inverted-V,93,575.51,30.98,40.37,78.46,0.86,62.77,0.72,45.34,0.67
2025-01-22,12:15,January,LateWinter,Inverted-V,93,575.51,30.98,40.37,78.46,0.86,62.77,0.72,45.34,0.67
2025-01-22,12:30,January,LateWinter,Inverted-V,93,575.51,30.98,40.37,78.46,0.86,62.77,0.72,45.34,0.67
2025-01-22,12:45,January,LateWinter,Inverted-V,93,575.51,30.98,40.37,78.46,0.86,62.77,0.72,45.34,0.67
2025-01-22,13:00,January,LateWinter,Inverted-V,93,376.6,31.15,35.56,79.98,0.56,63.99,0.47,30.1,0.67
2025-01-22,13:15,January,LateWinter,Inverted-V,93,376.6,31.15,35.56,79.98,0.56,63.99,0.47,30.1,0.67
2025-01-22,13:30,January,LateWinter,Inverted-V,93,376.6,31.15,35.56,79.98,0.56,63.99,0.47,30.1,0.67
2025-01-22,13:45,January,LateWinter,Inverted-V,93,376.6,31.15,35.56,79.98,0.56,63.99,0.47,30.1,0.67
2025-01-22,14:00,January,LateWinter,Inverted-V,93,366.5,30.68,34.84,80.21,0.55,64.17,0.46,29.36,0.67
2025-01-22,14:15,January,LateWinter,Inverted-V,93,366.5,30.68,34.84,80.21,0.55,64.17,0.46,29.36,0.67
2025-01-22,14:30,January,LateWinter,Inverted-V,93,366.5,30.68,34.84,80.21,0.55,64.17,0.46,29.36,0.67
2025-01-22,14:45,January,LateWinter,Inverted-V,93,366.5,30.68,34.84,80.21,0.55,64.17,0.46,29.36,0.67
2025-01-22,15:00,January,LateWinter,Inverted-V,93,217.54,29.76,30.2,81.68,0.32,65.35,0.27,17.66,0.67
2025-01-22,15:15,January,LateWinter,Inverted-V,93,217.54,29.76,30.2,81.68,0.32,65.35,0.27,17.66,0.67
2025-01-22,15:30,January,LateWinter,Inverted-V,93,217.54,29.76,30.2,81.68,0.32,65.35,0.27,17.66,0.67
2025-01-22,15:45,January,LateWinter,Inverted-V,93,217.54,29.76,30.2,81.68,0.32,65.35,0.27,17.66,0.67
2025-01-22,16:00,January,LateWinter,Inverted-V,93,123.66,28.29,26.38,82.89,0.18,66.31,0.15,10.15,0.67
2025-01-22,16:15,January,LateWinter,Inverted-V,93,123.66,28.29,26.38,82.89,0.18,66.31,0.15,10.15,0.67
2025-01-22,16:30,January,LateWinter,Inverted-V,93,123.66,28.29,26.38,82.89,0.18,66.31,0.15,10.15,0.67
2025-01-22,16:45,January,LateWinter,Inverted-V,93,123.66,28.29,26.38,82.89,0.18,66.31,0.15,10.15,0.67
2025-01-22,17:00,January,LateWinter,Inverted-V,93,15.31,26.26,21.64,84.39,0.02,67.51,0.02,1.27,0.67
2025-01-22,17:15,January,LateWinter,Inverted-V,93,15.31,26.26,21.64,84.39,0.02,67.51,0.02,1.27,0.67
2025-01-22,17:30,January,LateWinter,Inverted-V,93,15.31,26.26,21.64,84.39,0.02,67.51,0.02,1.27,0.67
2025-01-22,17:45,January,LateWinter,Inverted-V,93,15.31,26.26,21.64,84.39,0.02,67.51,0.02,1.27,0.67
2025-01-23,06:00,January,LateWinter,Inverted-V,93,19.98,21.49,16.99,85.86,0.03,68.69,0.02,1.68,0.67
2025-01-23,06:15,January,LateWinter,Inverted-V,93,19.98,21.49,16.99,85.86,0.03,68.69,0.02,1.68,0.67
2025-01-23,06:30,January,LateWinter,Inverted-V,93,19.98,21.49,16.99,85.86,0.03,68.69,0.02,1.68,0.67
2025-01-23,06:45,January,LateWinter,Inverted-V,93,19.98,21.49,16.99,85.86,0.03,68.69,0.02,1.68,0.67
2025-01-23,07:00,January,LateWinter,Inverted-V,93,127.63,23.35,21.54,84.42,0.19,67.54,0.16,10.62,0.67
2025-01-23,07:15,January,LateWinter,Inverted-V,93,127.63,23.35,21.54,84.42,0.19,67.54,0.16,10.62,0.67
2025-01-23,07:30,January,LateWinter,Inverted-V,93,127.63,23.35,21.54,84.42,0.19,67.54,0.16,10.62,0.67
2025-01-23,07:45,January,LateWinter,Inverted-V,93,127.63,23.35,21.54,84.42,0.19,67.54,0.16,10.62,0.67
2025-01-23,08:00,January,LateWinter,Inverted-V,93,244.1,25.73,26.83,82.75,0.36,66.2,0.3,20.01,0.67
2025-01-23,08:15,January,LateWinter,Inverted-V,93,244.1,25.73,26.83,82.75,0.36,66.2,0.3,20.01,0.67
2025-01-23,08:30,January,LateWinter,Inverted-V,93,244.1,25.73,26.83,82.75,0.36,66.2,0.3,20.01,0.67
2025-01-23,08:45,January,LateWinter,Inverted-V,93,244.1,25.73,26.83,82.75,0.36,66.2,0.3,20.01,0.67
2025-01-23,09:00,January,LateWinter,Inverted-V,93,409.16,27.68,32.91,80.82,0.61,64.66,0.51,32.96,0.67
2025-01-23,09:15,January,LateWinter,Inverted-V,93,409.16,27.68,32.91,80.82,0.61,64.66,0.51,32.96,0.67
2025-01-23,09:30,January,LateWinter,Inverted-V,93,409.16,27.68,32.91,80.82,0.61,64.66,0.51,32.96,0.67
2025-01-23,09:45,January,LateWinter,Inverted-V,93,409.16,27.68,32.91,80.82,0.61,64.66,0.51,32.96,0.67
2025-01-23,10:00,January,LateWinter,Inverted-V,93,476.8,29.11,36.03,79.84,0.71,63.87,0.6,38.06,0.67
2025-01-23,10:15,January,LateWinter,Inverted-V,93,476.8,29.11,36.03,79.84,0.71,63.87,0.6,38.06,0.67
2025-01-23,10:30,January,LateWinter,Inverted-V,93,476.8,29.11,36.03,79.84,0.71,63.87,0.6,38.06,0.67
2025-01-23,10:45,January,LateWinter,Inverted-V,93,476.8,29.11,36.03,79.84,0.71,63.87,0.6,38.06,0.67
2025-01-23,11:00,January,LateWinter,Inverted-V,93,590.6,30.13,39.89,78.61,0.88,62.89,0.74,46.6,0.67
2025-01-23,11:15,January,LateWinter,Inverted-V,93,590.6,30.13,39.89,78.61,0.88,62.89,0.74,46.6,0.67
2025-01-23,11:30,January,LateWinter,Inverted-V,93,590.6,30.13,39.89,78.61,0.88,62.89,0.74,46.6,0.67
2025-01-23,11:45,January,LateWinter,Inverted-V,93,590.6,30.13,39.89,78.61,0.88,62.89,0.74,46.6,0.67
2025-01-23,12:00,January,LateWinter,Inverted-V,93,639.04,30.72,41.7,78.04,0.96,62.43,0.8,50.14,0.67
2025-01-23,12:15,January,LateWinter,Inverted-V,93,639.04,30.72,41.7,78.04,0.96,62.43,0.8,50.14,0.67
2025-01-23,12:30,January,LateWinter,Inverted-V,93,639.04,30.72,41.7,78.04,0.96,62.43,0.8,50.14,0.67
2025-01-23,12:45,January,LateWinter,Inverted-V,93,639.04,30.72,41.7,78.04,0.96,62.43,0.8,50.14,0.67
2025-01-23,13:00,January,LateWinter,Inverted-V,93,634.74,30.86,41.73,78.03,0.95,62.42,0.8,49.8,0.67
2025-01-23,13:15,January,LateWinter,Inverted-V,93,634.74,30.86,41.73,78.03,0.95,62.42,0.8,49.8,0.67
2025-01-23,13:30,January,LateWinter,Inverted-V,93,634.74,30.86,41.73,78.03,0.95,62.42,0.8,49.8,0.67
2025-01-23,13:45,January,LateWinter,Inverted-V,93,634.74,30.86,41.73,78.03,0.95,62.42,0.8,49.8,0.67
2025-01-23,14:00,January,LateWinter,Inverted-V,93,561.71,30.53,39.57,78.71,0.84,62.97,0.7,44.36,0.67
2025-01-23,14:15,January,LateWinter,Inverted-V,93,561.71,30.53,39.57,78.71,0.84,62.97,0.7,44.36,0.67
2025-01-23,14:30,January,LateWinter,Inverted-V,93,561.71,30.53,39.57,78.71,0.84,62.97,0.7,44.36,0.67
2025-01-23,14:45,January,LateWinter,Inverted-V,93,561.71,30.53,39.57,78.71,0.84,62.97,0.7,44.36,0.67
2025-01-23,15:00,January,LateWinter,Inverted-V,93,352.21,29.84,33.65,80.59,0.52,64.47,0.44,28.31,0.67
2025-01-23,15:15,January,LateWinter,Inverted-V,93,352.21,29.84,33.65,80.59,0.52,64.47,0.44,28.31,0.67
2025-01-23,15:30,January,LateWinter,Inverted-V,93,352.21,29.84,33.65,80.59,0.52,64.47,0.44,28.31,0.67
2025-01-23,15:45,January,LateWinter,Inverted-V,93,352.21,29.84,33.65,80.59,0.52,64.47,0.44,28.31,0.67
2025-01-23,16:00,January,LateWinter,Inverted-V,93,165.32,28.42,27.55,82.52,0.24,66.02,0.2,13.53,0.67
2025-01-23,16:15,January,LateWinter,Inverted-V,93,165.32,28.42,27.55,82.52,0.24,66.02,0.2,13.53,0.67
2025-01-23,16:30,January,LateWinter,Inverted-V,93,165.32,28.42,27.55,82.52,0.24,66.02,0.2,13.53,0.67
2025-01-23,16:45,January,LateWinter,Inverted-V,93,165.32,28.42,27.55,82.52,0.24,66.02,0.2,13.53,0.67
2025-01-23,17:00,January,LateWinter,Inverted-V,93,29.11,26.09,21.82,84.34,0.04,67.47,0.04,2.42,0.67
2025-01-23,17:15,January,LateWinter,Inverted-V,93,29.11,26.09,21.82,84.34,0.04,67.47,0.04,2.42,0.67
2025-01-23,17:30,January,LateWinter,Inverted-V,93,29.11,26.09,21.82,84.34,0.04,67.47,0.04,2.42,0.67
2025-01-23,17:45,January,LateWinter,Inverted-V,93,29.11,26.09,21.82,84.34,0.04,67.47,0.04,2.42,0.67
2025-01-24,06:00,January,LateWinter,Inverted-V,93,22.32,20.23,15.79,86.24,0.03,69.0,0.03,1.89,0.67
2025-01-24,06:15,January,LateWinter,Inverted-V,93,22.32,20.23,15.79,86.24,0.03,69.0,0.03,1.89,0.67
2025-01-24,06:30,January,LateWinter,Inverted-V,93,22.32,20.23,15.79,86.24,0.03,69.0,0.03,1.89,0.67
2025-01-24,06:45,January,LateWinter,Inverted-V,93,22.32,20.23,15.79,86.24,0.03,69.0,0.03,1.89,0.67
2025-01-24,07:00,January,LateWinter,Inverted-V,93,157.01,22.98,21.91,84.31,0.23,67.45,0.19,13.05,0.67
2025-01-24,07:15,January,LateWinter,Inverted-V,93,157.01,22.98,21.91,84.31,0.23,67.45,0.19,13.05,0.67
2025-01-24,07:30,January,LateWinter,Inverted-V,93,157.01,22.98,21.91,84.31,0.23,67.45,0.19,13.05,0.67
2025-01-24,07:45,January,LateWinter,Inverted-V,93,157.01,22.98,21.91,84.31,0.23,67.45,0.19,13.05,0.67
2025-01-24,08:00,January,LateWinter,Inverted-V,93,350.95,25.41,29.18,82.0,0.52,65.6,0.44,28.58,0.67
2025-01-24,08:15,January,LateWinter,Inverted-V,93,350.95,25.41,29.18,82.0,0.52,65.6,0.44,28.58,0.67
2025-01-24,08:30,January,LateWinter,Inverted-V,93,350.95,25.41,29.18,82.0,0.52,65.6,0.44,28.58,0.67
2025-01-24,08:45,January,LateWinter,Inverted-V,93,350.95,25.41,29.18,82.0,0.52,65.6,0.44,28.58,0.67
2025-01-24,09:00,January,LateWinter,Inverted-V,93,496.51,27.15,34.56,80.3,0.74,64.24,0.62,39.8,0.67
2025-01-24,09:15,January,LateWinter,Inverted-V,93,496.51,27.15,34.56,80.3,0.74,64.24,0.62,39.8,0.67
2025-01-24,09:30,January,LateWinter,Inverted-V,93,496.51,27.15,34.56,80.3,0.74,64.24,0.62,39.8,0.67
2025-01-24,09:45,January,LateWinter,Inverted-V,93,496.51,27.15,34.56,80.3,0.74,64.24,0.62,39.8,0.67
2025-01-24,10:00,January,LateWinter,Inverted-V,93,659.04,28.56,40.04,78.57,0.99,62.85,0.83,51.97,0.67
2025-01-24,10:15,January,LateWinter,Inverted-V,93,659.04,28.56,40.04,78.57,0.99,62.85,0.83,51.97,0.67
2025-01-24,10:30,January,LateWinter,Inverted-V,93,659.04,28.56,40.04,78.57,0.99,62.85,0.83,51.97,0.67
2025-01-24,10:45,January,LateWinter,Inverted-V,93,659.04,28.56,40.04,78.57,0.99,62.85,0.83,51.97,0.67
2025-01-24,11:00,January,LateWinter,Inverted-V,93,849.72,29.59,45.83,76.73,1.28,61.39,1.07,65.82,0.67
2025-01-24,11:15,January,LateWinter,Inverted-V,93,849.72,29.59,45.83,76.73,1.28,61.39,1.07,65.82,0.67
2025-01-24,11:30,January,LateWinter,Inverted-V,93,849.72,29.59,45.83,76.73,1.28,61.39,1.07,65.82,0.67
2025-01-24,11:45,January,LateWinter,Inverted-V,93,849.72,29.59,45.83,76.73,1.28,61.39,1.07,65.82,0.67
2025-01-24,12:00,January,LateWinter,Inverted-V,93,880.15,30.22,47.22,76.29,1.33,61.03,1.11,67.88,0.67
2025-01-24,12:15,January,LateWinter,Inverted-V,93,880.15,30.22,47.22,76.29,1.33,61.03,1.11,67.88,0.67
2025-01-24,12:30,January,LateWinter,Inverted-V,93,880.15,30.22,47.22,76.29,1.33,61.03,1.11,67.88,0.67
2025-01-24,12:45,January,LateWinter,Inverted-V,93,880.15,30.22,47.22,76.29,1.33,61.03,1.11,67.88,0.67
2025-01-24,13:00,January,LateWinter,Inverted-V,93,829.87,30.28,46.03,76.67,1.25,61.34,1.05,64.24,0.67
2025-01-24,13:15,January,LateWinter,Inverted-V,93,829.87,30.28,46.03,76.67,1.25,61.34,1.05,64.24,0.67
2025-01-24,13:30,January,LateWinter,Inverted-V,93,829.87,30.28,46.03,76.67,1.25,61.34,1.05,64.24,0.67
2025-01-24,13:45,January,LateWinter,Inverted-V,93,829.87,30.28,46.03,76.67,1.25,61.34,1.05,64.24,0.67
2025-01-24,14:00,January,LateWinter,Inverted-V,93,696.82,29.79,42.21,77.88,1.05,62.3,0.88,54.59,0.67
2025-01-24,14:15,January,LateWinter,Inverted-V,93,696.82,29.79,42.21,77.88,1.05,62.3,0.88,54.59,0.67
2025-01-24,14:30,January,LateWinter,Inverted-V,93,696.82,29.79,42.21,77.88,1.05,62.3,0.88,54.59,0.67
2025-01-24,14:45,January,LateWinter,Inverted-V,93,696.82,29.79,42.21,77.88,1.05,62.3,0.88,54.59,0.67
2025-01-24,15:00,January,LateWinter,Inverted-V,93,498.98,28.85,36.32,79.74,0.74,63.79,0.62,39.79,0.67
2025-01-24,15:15,January,LateWinter,Inverted-V,93,498.98,28.85,36.32,79.74,0.74,63.79,0.62,39.79,0.67
2025-01-24,15:30,January,LateWinter,Inverted-V,93,498.98,28.85,36.32,79.74,0.74,63.79,0.62,39.79,0.67
2025-01-24,15:45,January,LateWinter,Inverted-V,93,498.98,28.85,36.32,79.74,0.74,63.79,0.62,39.79,0.67
2025-01-24,16:00,January,LateWinter,Inverted-V,93,248.83,27.47,28.69,82.16,0.37,65.73,0.31,20.29,0.67
2025-01-24,16:15,January,LateWinter,Inverted-V,93,248.83,27.47,28.69,82.16,0.37,65.73,0.31,20.29,0.67
2025-01-24,16:30,January,LateWinter,Inverted-V,93,248.83,27.47,28.69,82.16,0.37,65.73,0.31,20.29,0.67
2025-01-24,16:45,January,LateWinter,Inverted-V,93,248.83,27.47,28.69,82.16,0.37,65.73,0.31,20.29,0.67
2025-01-24,17:00,January,LateWinter,Inverted-V,93,38.16,25.56,21.51,84.43,0.06,67.55,0.05,3.17,0.67
2025-01-24,17:15,January,LateWinter,Inverted-V,93,38.16,25.56,21.51,84.43,0.06,67.55,0.05,3.17,0.67
2025-01-24,17:30,January,LateWinter,Inverted-V,93,38.16,25.56,21.51,84.43,0.06,67.55,0.05,3.17,0.67
2025-01-24,17:45,January,LateWinter,Inverted-V,93,38.16,25.56,21.51,84.43,0.06,67.55,0.05,3.17,0.67
2025-01-25,06:00,January,LateWinter,Inverted-V,93,25.79,21.22,16.86,85.9,0.04,68.72,0.03,2.17,0.67
2025-01-25,06:15,January,LateWinter,Inverted-V,93,25.79,21.22,16.86,85.9,0.04,68.72,0.03,2.17,0.67
2025-01-25,06:30,January,LateWinter,Inverted-V,93,25.79,21.22,16.86,85.9,0.04,68.72,0.03,2.17,0.67
2025-01-25,06:45,January,LateWinter,Inverted-V,93,25.79,21.22,16.86,85.9,0.04,68.72,0.03,2.17,0.67
2025-01-25,07:00,January,LateWinter,Inverted-V,93,201.98,23.53,23.58,83.78,0.3,67.02,0.25,16.71,0.67
2025-01-25,07:15,January,LateWinter,Inverted-V,93,201.98,23.53,23.58,83.78,0.3,67.02,0.25,16.71,0.67
2025-01-25,07:30,January,LateWinter,Inverted-V,93,201.98,23.53,23.58,83.78,0.3,67.02,0.25,16.71,0.67
2025-01-25,07:45,January,LateWinter,Inverted-V,93,201.98,23.53,23.58,83.78,0.3,67.02,0.25,16.71,0.67
2025-01-25,08:00,January,LateWinter,Inverted-V,93,406.49,25.83,30.99,81.43,0.6,65.14,0.51,32.93,0.67
2025-01-25,08:15,January,LateWinter,Inverted-V,93,406.49,25.83,30.99,81.43,0.6,65.14,0.51,32.93,0.67
2025-01-25,08:30,January,LateWinter,Inverted-V,93,406.49,25.83,30.99,81.43,0.6,65.14,0.51,32.93,0.67
2025-01-25,08:45,January,LateWinter,Inverted-V,93,406.49,25.83,30.99,81.43,0.6,65.14,0.51,32.93,0.67
2025-01-25,09:00,January,LateWinter,Inverted-V,93,607.55,27.58,37.77,79.28,0.91,63.43,0.76,48.24,0.67
2025-01-25,09:15,January,LateWinter,Inverted-V,93,607.55,27.58,37.77,79.28,0.91,63.43,0.76,48.24,0.67
2025-01-25,09:30,January,LateWinter,Inverted-V,93,607.55,27.58,37.77,79.28,0.91,63.43,0.76,48.24,0.67
2025-01-25,09:45,January,LateWinter,Inverted-V,93,607.55,27.58,37.77,79.28,0.91,63.43,0.76,48.24,0.67
2025-01-25,10:00,January,LateWinter,Inverted-V,93,740.79,28.94,42.46,77.8,1.11,62.24,0.93,57.99,0.67
2025-01-25,10:15,January,LateWinter,Inverted-V,93,740.79,28.94,42.46,77.8,1.11,62.24,0.93,57.99,0.67
2025-01-25,10:30,January,LateWinter,Inverted-V,93,740.79,28.94,42.46,77.8,1.11,62.24,0.93,57.99,0.67
2025-01-25,10:45,January,LateWinter,Inverted-V,93,740.79,28.94,42.46,77.8,1.11,62.24,0.93,57.99,0.67
2025-01-25,11:00,January,LateWinter,Inverted-V,93,905.8,29.89,47.53,76.19,1.37,60.95,1.14,69.79,0.67
2025-01-25,11:15,January,LateWinter,Inverted-V,93,905.8,29.89,47.53,76.19,1.37,60.95,1.14,69.79,0.67
2025-01-25,11:30,January,LateWinter,Inverted-V,93,905.8,29.89,47.53,76.19,1.37,60.95,1.14,69.79,0.67
2025-01-25,11:45,January,LateWinter,Inverted-V,93,905.8,29.89,47.53,76.19,1.37,60.95,1.14,69.79,0.67
2025-01-25,12:00,January,LateWinter,Inverted-V,93,905.31,30.46,48.09,76.02,1.37,60.81,1.14,69.63,0.67
2025-01-25,12:15,January,LateWinter,Inverted-V,93,905.31,30.46,48.09,76.02,1.37,60.81,1.14,69.63,0.67
2025-01-25,12:30,January,LateWinter,Inverted-V,93,905.31,30.46,48.09,76.02,1.37,60.81,1.14,69.63,0.67
2025-01-25,12:45,January,LateWinter,Inverted-V,93,905.31,30.46,48.09,76.02,1.37,60.81,1.14,69.63,0.67
2025-01-25,13:00,January,LateWinter,Inverted-V,93,679.48,30.36,42.35,77.84,1.02,62.27,0.85,53.21,0.67
2025-01-25,13:15,January,LateWinter,Inverted-V,93,679.48,30.36,42.35,77.84,1.02,62.27,0.85,53.21,0.67
2025-01-25,13:30,January,LateWinter,Inverted-V,93,679.48,30.36,42.35,77.84,1.02,62.27,0.85,53.21,0.67
2025-01-25,13:45,January,LateWinter,Inverted-V,93,679.48,30.36,42.35,77.84,1.02,62.27,0.85,53.21,0.67
2025-01-25,14:00,January,LateWinter,Inverted-V,93,575.32,29.83,39.21,78.83,0.86,63.06,0.72,45.49,0.67
2025-01-25,14:15,January,LateWinter,Inverted-V,93,575.32,29.83,39.21,78.83,0.86,63.06,0.72,45.49,0.67
2025-01-25,14:30,January,LateWinter,Inverted-V,93,575.32,29.83,39.21,78.83,0.86,63.06,0.72,45.49,0.67
2025-01-25,14:45,January,LateWinter,Inverted-V,93,575.32,29.83,39.21,78.83,0.86,63.06,0.72,45.49,0.67
2025-01-25,15:00,January,LateWinter,Inverted-V,93,374.06,28.85,33.2,80.73,0.56,64.58,0.47,30.11,0.67
2025-01-25,15:15,January,LateWinter,Inverted-V,93,374.06,28.85,33.2,80.73,0.56,64.58,0.47,30.11,0.67
2025-01-25,15:30,January,LateWinter,Inverted-V,93,374.06,28.85,33.2,80.73,0.56,64.58,0.47,30.11,0.67
2025-01-25,15:45,January,LateWinter,Inverted-V,93,374.06,28.85,33.2,80.73,0.56,64.58,0.47,30.11,0.67
2025-01-25,16:00,January,LateWinter,Inverted-V,93,188.05,27.52,27.22,82.62,0.28,66.1,0.23,15.4,0.67
2025-01-25,16:15,January,LateWinter,Inverted-V,93,188.05,27.52,27.22,82.62,0.28,66.1,0.23,15.4,0.67
2025-01-25,16:30,January,LateWinter,Inverted-V,93,188.05,27.52,27.22,82.62,0.28,66.1,0.23,15.4,0.67
2025-01-25,16:45,January,LateWinter,Inverted-V,93,188.05,27.52,27.22,82.62,0.28,66.1,0.23,15.4,0.67
2025-01-25,17:00,January,LateWinter,Inverted-V,93,30.65,25.62,21.39,84.47,0.05,67.58,0.04,2.55,0.67
2025-01-25,17:15,January,LateWinter,Inverted-V,93,30.65,25.62,21.39,84.47,0.05,67.58,0.04,2.55,0.67
2025-01-25,17:30,January,LateWinter,Inverted-V,93,30.65,25.62,21.39,84.47,0.05,67.58,0.04,2.55,0.67
2025-01-25,17:45,January,LateWinter,Inverted-V,93,30.65,25.62,21.39,84.47,0.05,67.58,0.04,2.55,0.67
2025-01-26,06:00,January,LateWinter,Inverted-V,93,28.8,20.83,16.55,86.0,0.04,68.8,0.04,2.43,0.67
2025-01-26,06:15,January,LateWinter,Inverted-V,93,28.8,20.83,16.55,86.0,0.04,68.8,0.04,2.43,0.67
2025-01-26,06:30,January,LateWinter,Inverted-V,93,28.8,20.83,16.55,86.0,0.04,68.8,0.04,2.43,0.67
2025-01-26,06:45,January,LateWinter,Inverted-V,93,28.8,20.83,16.55,86.0,0.04,68.8,0.04,2.43,0.67
2025-01-26,07:00,January,LateWinter,Inverted-V,93,226.88,22.69,23.36,83.85,0.33,67.08,0.28,18.78,0.67
2025-01-26,07:15,January,LateWinter,Inverted-V,93,226.88,22.69,23.36,83.85,0.33,67.08,0.28,18.78,0.67
2025-01-26,07:30,January,LateWinter,Inverted-V,93,226.88,22.69,23.36,83.85,0.33,67.08,0.28,18.78,0.67
2025-01-26,07:45,January,LateWinter,Inverted-V,93,226.88,22.69,23.36,83.85,0.33,67.08,0.28,18.78,0.67
2025-01-26,08:00,January,LateWinter,Inverted-V,93,469.89,24.92,31.67,81.22,0.7,64.97,0.58,37.99,0.67
2025-01-26,08:15,January,LateWinter,Inverted-V,93,469.89,24.92,31.67,81.22,0.7,64.97,0.58,37.99,0.67
2025-01-26,08:30,January,LateWinter,Inverted-V,93,469.89,24.92,31.67,81.22,0.7,64.97,0.58,37.99,0.67
2025-01-26,08:45,January,LateWinter,Inverted-V,93,469.89,24.92,31.67,81.22,0.7,64.97,0.58,37.99,0.67
2025-01-26,09:00,January,LateWinter,Inverted-V,93,655.78,26.71,38.1,79.18,0.98,63.34,0.82,52.02,0.67
2025-01-26,09:15,January,LateWinter,Inverted-V,93,655.78,26.71,38.1,79.18,0.98,63.34,0.82,52.02,0.67
2025-01-26,09:30,January,LateWinter,Inverted-V,93,655.78,26.71,38.1,79.18,0.98,63.34,0.82,52.02,0.67
2025-01-26,09:45,January,LateWinter,Inverted-V,93,655.78,26.71,38.1,79.18,0.98,63.34,0.82,52.02,0.67
2025-01-26,10:00,January,LateWinter,Inverted-V,93,838.92,28.2,44.17,77.26,1.26,61.81,1.06,65.32,0.67
2025-01-26,10:15,January,LateWinter,Inverted-V,93,838.92,28.2,44.17,77.26,1.26,61.81,1.06,65.32,0.67
2025-01-26,10:30,January,LateWinter,Inverted-V,93,838.92,28.2,44.17,77.26,1.26,61.81,1.06,65.32,0.67
2025-01-26,10:45,January,LateWinter,Inverted-V,93,838.92,28.2,44.17,77.26,1.26,61.81,1.06,65.32,0.67
2025-01-26,11:00,January,LateWinter,Inverted-V,93,885.42,29.41,46.55,76.51,1.34,61.2,1.12,68.43,0.67
2025-01-26,11:15,January,LateWinter,Inverted-V,93,885.42,29.41,46.55,76.51,1.34,61.2,1.12,68.43,0.67
2025-01-26,11:30,January,LateWinter,Inverted-V,93,885.42,29.41,46.55,76.51,1.34,61.2,1.12,68.43,0.67
2025-01-26,11:45,January,LateWinter,Inverted-V,93,885.42,29.41,46.55,76.51,1.34,61.2,1.12,68.43,0.67
2025-01-26,12:00,January,LateWinter,Inverted-V,93,852.5,30.2,46.51,76.52,1.29,61.21,1.08,65.89,0.67
2025-01-26,12:15,January,LateWinter,Inverted-V,93,852.5,30.2,46.51,76.52,1.29,61.21,1.08,65.89,0.67
2025-01-26,12:30,January,LateWinter,Inverted-V,93,852.5,30.2,46.51,76.52,1.29,61.21,1.08,65.89,0.67
2025-01-26,12:45,January,LateWinter,Inverted-V,93,852.5,30.2,46.51,76.52,1.29,61.21,1.08,65.89,0.67
2025-01-26,13:00,January,LateWinter,Inverted-V,93,777.84,30.47,44.92,77.02,1.17,61.62,0.98,60.43,0.67
2025-01-26,13:15,January,LateWinter,Inverted-V,93,777.84,30.47,44.92,77.02,1.17,61.62,0.98,60.43,0.67
2025-01-26,13:30,January,LateWinter,Inverted-V,93,777.84,30.47,44.92,77.02,1.17,61.62,0.98,60.43,0.67
2025-01-26,13:45,January,LateWinter,Inverted-V,93,777.84,30.47,44.92,77.02,1.17,61.62,0.98,60.43,0.67
2025-01-26,14:00,January,LateWinter,Inverted-V,93,589.25,30.14,39.87,78.62,0.88,62.9,0.74,46.49,0.67
2025-01-26,14:15,January,LateWinter,Inverted-V,93,589.25,30.14,39.87,78.62,0.88,62.9,0.74,46.49,0.67
2025-01-26,14:30,January,LateWinter,Inverted-V,93,589.25,30.14,39.87,78.62,0.88,62.9,0.74,46.49,0.67
2025-01-26,14:45,January,LateWinter,Inverted-V,93,589.25,30.14,39.87,78.62,0.88,62.9,0.74,46.49,0.67
2025-01-26,15:00,January,LateWinter,Inverted-V,93,398.88,29.28,34.25,80.4,0.59,64.32,0.5,32.01,0.67
2025-01-26,15:15,January,LateWinter,Inverted-V,93,398.88,29.28,34.25,80.4,0.59,64.32,0.5,32.01,0.67
2025-01-26,15:30,January,LateWinter,Inverted-V,93,398.88,29.28,34.25,80.4,0.59,64.32,0.5,32.01,0.67
2025-01-26,15:45,January,LateWinter,Inverted-V,93,398.88,29.28,34.25,80.4,0.59,64.32,0.5,32.01,0.67
2025-01-26,16:00,January,LateWinter,Inverted-V,93,206.5,27.76,27.92,82.4,0.31,65.92,0.26,16.88,0.67
2025-01-26,16:15,January,LateWinter,Inverted-V,93,206.5,27.76,27.92,82.4,0.31,65.92,0.26,16.88,0.67
2025-01-26,16:30,January,LateWinter,Inverted-V,93,206.5,27.76,27.92,82.4,0.31,65.92,0.26,16.88,0.67
2025-01-26,16:45,January,LateWinter,Inverted-V,93,206.5,27.76,27.92,82.4,0.31,65.92,0.26,16.88,0.67
2025-01-26,17:00,January,LateWinter,Inverted-V,93,39.06,25.17,21.15,84.55,0.06,67.64,0.05,3.25,0.67
2025-01-26,17:15,January,LateWinter,Inverted-V,93,39.06,25.17,21.15,84.55,0.06,67.64,0.05,3.25,0.67
2025-01-26,17:30,January,LateWinter,Inverted-V,93,39.06,25.17,21.15,84.55,0.06,67.64,0.05,3.25,0.67
2025-01-26,17:45,January,LateWinter,Inverted-V,93,39.06,25.17,21.15,84.55,0.06,67.64,0.05,3.25,0.67
2025-01-27,06:00,January,LateWinter,Inverted-V,93,31.5,19.49,15.28,86.41,0.05,69.13,0.04,2.67,0.67
2025-01-27,06:15,January,LateWinter,Inverted-V,93,31.5,19.49,15.28,86.41,0.05,69.13,0.04,2.67,0.67
2025-01-27,06:30,January,LateWinter,Inverted-V,93,31.5,19.49,15.28,86.41,0.05,69.13,0.04,2.67,0.67
2025-01-27,06:45,January,LateWinter,Inverted-V,93,31.5,19.49,15.28,86.41,0.05,69.13,0.04,2.67,0.67
2025-01-27,07:00,January,LateWinter,Inverted-V,93,242.3,22.52,23.58,83.78,0.36,67.02,0.3,20.05,0.67
2025-01-27,07:15,January,LateWinter,Inverted-V,93,242.3,22.52,23.58,83.78,0.36,67.02,0.3,20.05,0.67
2025-01-27,07:30,January,LateWinter,Inverted-V,93,242.3,22.52,23.58,83.78,0.36,67.02,0.3,20.05,0.67
2025-01-27,07:45,January,LateWinter,Inverted-V,93,242.3,22.52,23.58,83.78,0.36,67.02,0.3,20.05,0.67
2025-01-27,08:00,January,LateWinter,Inverted-V,93,481.66,25.26,32.3,81.02,0.72,64.81,0.6,38.87,0.67
2025-01-27,08:15,January,LateWinter,Inverted-V,93,481.66,25.26,32.3,81.02,0.72,64.81,0.6,38.87,0.67
2025-01-27,08:30,January,LateWinter,Inverted-V,93,481.66,25.26,32.3,81.02,0.72,64.81,0.6,38.87,0.67
2025-01-27,08:45,January,LateWinter,Inverted-V,93,481.66,25.26,32.3,81.02,0.72,64.81,0.6,38.87,0.67
2025-01-27,09:00,January,LateWinter,Inverted-V,93,739.5,27.08,40.57,78.4,1.11,62.72,0.93,58.23,0.67
2025-01-27,09:15,January,LateWinter,Inverted-V,93,739.5,27.08,40.57,78.4,1.11,62.72,0.93,58.23,0.67
2025-01-27,09:30,January,LateWinter,Inverted-V,93,739.5,27.08,40.57,78.4,1.11,62.72,0.93,58.23,0.67
2025-01-27,09:45,January,LateWinter,Inverted-V,93,739.5,27.08,40.57,78.4,1.11,62.72,0.93,58.23,0.67
2025-01-27,10:00,January,LateWinter,Inverted-V,93,912.78,28.7,46.52,76.51,1.38,61.21,1.15,70.55,0.67
2025-01-27,10:15,January,LateWinter,Inverted-V,93,912.78,28.7,46.52,76.51,1.38,61.21,1.15,70.55,0.67
2025-01-27,10:30,January,LateWinter,Inverted-V,93,912.78,28.7,46.52,76.51,1.38,61.21,1.15,70.55,0.67
2025-01-27,10:45,January,LateWinter,Inverted-V,93,912.78,28.7,46.52,76.51,1.38,61.21,1.15,70.55,0.67
2025-01-27,11:00,January,LateWinter,Inverted-V,93,999.78,29.93,49.92,75.44,1.51,60.35,1.27,76.44,0.67
2025-01-27,11:15,January,LateWinter,Inverted-V,93,999.78,29.93,49.92,75.44,1.51,60.35,1.27,76.44,0.67
2025-01-27,11:30,January,LateWinter,Inverted-V,93,999.78,29.93,49.92,75.44,1.51,60.35,1.27,76.44,0.67
2025-01-27,11:45,January,LateWinter,Inverted-V,93,999.78,29.93,49.92,75.44,1.51,60.35,1.27,76.44,0.67
2025-01-27,12:00,January,LateWinter,Inverted-V,93,996.27,30.6,50.51,75.25,1.51,60.2,1.26,76.03,0.67
2025-01-27,12:15,January,LateWinter,Inverted-V,93,996.27,30.6,50.51,75.25,1.51,60.2,1.26,76.03,0.67
2025-01-27,12:30,January,LateWinter,Inverted-V,93,996.27,30.6,50.51,75.25,1.51,60.2,1.26,76.03,0.67
2025-01-27,12:45,January,LateWinter,Inverted-V,93,996.27,30.6,50.51,75.25,1.51,60.2,1.26,76.03,0.67
2025-01-27,13:00,January,LateWinter,Inverted-V,93,895.64,30.74,48.13,76.0,1.35,60.8,1.13,68.88,0.67
2025-01-27,13:15,January,LateWinter,Inverted-V,93,895.64,30.74,48.13,76.0,1.35,60.8,1.13,68.88,0.67
2025-01-27,13:30,January,LateWinter,Inverted-V,93,895.64,30.74,48.13,76.0,1.35,60.8,1.13,68.88,0.67
2025-01-27,13:45,January,LateWinter,Inverted-V,93,895.64,30.74,48.13,76.0,1.35,60.8,1.13,68.88,0.67
2025-01-27,14:00,January,LateWinter,Inverted-V,93,707.45,30.42,43.11,77.59,1.06,62.08,0.89,55.27,0.67
2025-01-27,14:15,January,LateWinter,Inverted-V,93,707.45,30.42,43.11,77.59,1.06,62.08,0.89,55.27,0.67
2025-01-27,14:30,January,LateWinter,Inverted-V,93,707.45,30.42,43.11,77.59,1.06,62.08,0.89,55.27,0.67
2025-01-27,14:45,January,LateWinter,Inverted-V,93,707.45,30.42,43.11,77.59,1.06,62.08,0.89,55.27,0.67
2025-01-27,15:00,January,LateWinter,Inverted-V,93,477.88,29.6,36.55,79.67,0.71,63.74,0.6,38.09,0.67
2025-01-27,15:15,January,LateWinter,Inverted-V,93,477.88,29.6,36.55,79.67,0.71,63.74,0.6,38.09,0.67
2025-01-27,15:30,January,LateWinter,Inverted-V,93,477.88,29.6,36.55,79.67,0.71,63.74,0.6,38.09,0.67
2025-01-27,15:45,January,LateWinter,Inverted-V,93,477.88,29.6,36.55,79.67,0.71,63.74,0.6,38.09,0.67
2025-01-27,16:00,January,LateWinter,Inverted-V,93,247.27,28.14,29.32,81.96,0.37,65.57,0.31,20.13,0.67
2025-01-27,16:15,January,LateWinter,Inverted-V,93,247.27,28.14,29.32,81.96,0.37,65.57,0.31,20.13,0.67
2025-01-27,16:30,January,LateWinter,Inverted-V,93,247.27,28.14,29.32,81.96,0.37,65.57,0.31,20.13,0.67
2025-01-27,16:45,January,LateWinter,Inverted-V,93,247.27,28.14,29.32,81.96,0.37,65.57,0.31,20.13,0.67
2025-01-27,17:00,January,LateWinter,Inverted-V,93,42.34,25.27,21.33,84.49,0.06,67.59,0.05,3.52,0.67
2025-01-27,17:15,January,LateWinter,Inverted-V,93,42.34,25.27,21.33,84.49,0.06,67.59,0.05,3.52,0.67
2025-01-27,17:30,January,LateWinter,Inverted-V,93,42.34,25.27,21.33,84.49,0.06,67.59,0.05,3.52,0.67
2025-01-27,17:45,January,LateWinter,Inverted-V,93,42.34,25.27,21.33,84.49,0.06,67.59,0.05,3.52,0.67
2025-01-28,06:00,January,LateWinter,Inverted-V,93,26.59,20.24,15.9,86.21,0.04,68.97,0.03,2.25,0.67
2025-01-28,06:15,January,LateWinter,Inverted-V,93,26.59,20.24,15.9,86.21,0.04,68.97,0.03,2.25,0.67
2025-01-28,06:30,January,LateWinter,Inverted-V,93,26.59,20.24,15.9,86.21,0.04,68.97,0.03,2.25,0.67
2025-01-28,06:45,January,LateWinter,Inverted-V,93,26.59,20.24,15.9,86.21,0.04,68.97,0.03,2.25,0.67
2025-01-28,07:00,January,LateWinter,Inverted-V,93,200.69,22.18,22.2,84.22,0.3,67.37,0.25,16.67,0.67
2025-01-28,07:15,January,LateWinter,Inverted-V,93,200.69,22.18,22.2,84.22,0.3,67.37,0.25,16.67,0.67
2025-01-28,07:30,January,LateWinter,Inverted-V,93,200.69,22.18,22.2,84.22,0.3,67.37,0.25,16.67,0.67
2025-01-28,07:45,January,LateWinter,Inverted-V,93,200.69,22.18,22.2,84.22,0.3,67.37,0.25,16.67,0.67
2025-01-28,08:00,January,LateWinter,Inverted-V,93,416.32,26.01,31.42,81.3,0.62,65.04,0.52,33.68,0.67
2025-01-28,08:15,January,LateWinter,Inverted-V,93,416.32,26.01,31.42,81.3,0.62,65.04,0.52,33.68,0.67
2025-01-28,08:30,January,LateWinter,Inverted-V,93,416.32,26.01,31.42,81.3,0.62,65.04,0.52,33.68,0.67
2025-01-28,08:45,January,LateWinter,Inverted-V,93,416.32,26.01,31.42,81.3,0.62,65.04,0.52,33.68,0.67
2025-01-28,09:00,January,LateWinter,Inverted-V,93,596.48,28.53,38.44,79.07,0.89,63.26,0.75,47.27,0.67
2025-01-28,09:15,January,LateWinter,Inverted-V,93,596.48,28.53,38.44,79.07,0.89,63.26,0.75,47.27,0.67
2025-01-28,09:30,January,LateWinter,Inverted-V,93,596.48,28.53,38.44,79.07,0.89,63.26,0.75,47.27,0.67
2025-01-28,09:45,January,LateWinter,Inverted-V,93,596.48,28.53,38.44,79.07,0.89,63.26,0.75,47.27,0.67
2025-01-28,10:00,January,LateWinter,Inverted-V,93,835.02,29.96,45.84,76.73,1.26,61.38,1.05,64.68,0.67
2025-01-28,10:15,January,LateWinter,Inverted-V,93,835.02,29.96,45.84,76.73,1.26,61.38,1.05,64.68,0.67
2025-01-28,10:30,January,LateWinter,Inverted-V,93,835.02,29.96,45.84,76.73,1.26,61.38,1.05,64.68,0.67
2025-01-28,10:45,January,LateWinter,Inverted-V,93,835.02,29.96,45.84,76.73,1.26,61.38,1.05,64.68,0.67
2025-01-28,11:00,January,LateWinter,Inverted-V,93,927.81,30.69,48.89,75.76,1.4,60.61,1.17,71.18,0.67
2025-01-28,11:15,January,LateWinter,Inverted-V,93,927.81,30.69,48.89,75.76,1.4,60.61,1.17,71.18,0.67
2025-01-28,11:30,January,LateWinter,Inverted-V,93,927.81,30.69,48.89,75.76,1.4,60.61,1.17,71.18,0.67
2025-01-28,11:45,January,LateWinter,Inverted-V,93,927.81,30.69,48.89,75.76,1.4,60.61,1.17,71.18,0.67
2025-01-28,12:00,January,LateWinter,Inverted-V,93,941.27,30.93,49.46,75.58,1.42,60.47,1.19,72.08,0.67
2025-01-28,12:15,January,LateWinter,Inverted-V,93,941.27,30.93,49.46,75.58,1.42,60.47,1.19,72.08,0.67
2025-01-28,12:30,January,LateWinter,Inverted-V,93,941.27,30.93,49.46,75.58,1.42,60.47,1.19,72.08,0.67
2025-01-28,12:45,January,LateWinter,Inverted-V,93,941.27,30.93,49.46,75.58,1.42,60.47,1.19,72.08,0.67
2025-01-28,13:00,January,LateWinter,Inverted-V,93,834.3,30.9,46.76,76.44,1.26,61.15,1.05,64.44,0.67
2025-01-28,13:15,January,LateWinter,Inverted-V,93,834.3,30.9,46.76,76.44,1.26,61.15,1.05,64.44,0.67
2025-01-28,13:30,January,LateWinter,Inverted-V,93,834.3,30.9,46.76,76.44,1.26,61.15,1.05,64.44,0.67
2025-01-28,13:45,January,LateWinter,Inverted-V,93,834.3,30.9,46.76,76.44,1.26,61.15,1.05,64.44,0.67
2025-01-28,14:00,January,LateWinter,Inverted-V,93,660.87,30.95,42.47,77.8,0.99,62.24,0.83,51.73,0.67
2025-01-28,14:15,January,LateWinter,Inverted-V,93,660.87,30.95,42.47,77.8,0.99,62.24,0.83,51.73,0.67
2025-01-28,14:30,January,LateWinter,Inverted-V,93,660.87,30.95,42.47,77.8,0.99,62.24,0.83,51.73,0.67
2025-01-28,14:45,January,LateWinter,Inverted-V,93,660.87,30.95,42.47,77.8,0.99,62.24,0.83,51.73,0.67
2025-01-28,15:00,January,LateWinter,Inverted-V,93,429.75,30.54,36.28,79.76,0.64,63.8,0.54,34.28,0.67
2025-01-28,15:15,January,LateWinter,Inverted-V,93,429.75,30.54,36.28,79.76,0.64,63.8,0.54,34.28,0.67
2025-01-28,15:30,January,LateWinter,Inverted-V,93,429.75,30.54,36.28,79.76,0.64,63.8,0.54,34.28,0.67
2025-01-28,15:45,January,LateWinter,Inverted-V,93,429.75,30.54,36.28,79.76,0.64,63.8,0.54,34.28,0.67
2025-01-28,16:00,January,LateWinter,Inverted-V,93,223.13,28.92,29.5,81.9,0.33,65.52,0.28,18.15,0.67
2025-01-28,16:15,January,LateWinter,Inverted-V,93,223.13,28.92,29.5,81.9,0.33,65.52,0.28,18.15,0.67
2025-01-28,16:30,January,LateWinter,Inverted-V,93,223.13,28.92,29.5,81.9,0.33,65.52,0.28,18.15,0.67
2025-01-28,16:45,January,LateWinter,Inverted-V,93,223.13,28.92,29.5,81.9,0.33,65.52,0.28,18.15,0.67
2025-01-28,17:00,January,LateWinter,Inverted-V,93,37.75,25.66,21.6,84.4,0.06,67.52,0.05,3.14,0.67
2025-01-28,17:15,January,LateWinter,Inverted-V,93,37.75,25.66,21.6,84.4,0.06,67.52,0.05,3.14,0.67
2025-01-28,17:30,January,LateWinter,Inverted-V,93,37.75,25.66,21.6,84.4,0.06,67.52,0.05,3.14,0.67
2025-01-28,17:45,January,LateWinter,Inverted-V,93,37.75,25.66,21.6,84.4,0.06,67.52,0.05,3.14,0.67
2025-01-29,06:00,January,LateWinter,Inverted-V,93,18.92,20.03,15.5,86.34,0.03,69.07,0.02,1.6,0.67
2025-01-29,06:15,January,LateWinter,Inverted-V,93,18.92,20.03,15.5,86.34,0.03,69.07,0.02,1.6,0.67
2025-01-29,06:30,January,LateWinter,Inverted-V,93,18.92,20.03,15.5,86.34,0.03,69.07,0.02,1.6,0.67
2025-01-29,06:45,January,LateWinter,Inverted-V,93,18.92,20.03,15.5,86.34,0.03,69.07,0.02,1.6,0.67
2025-01-29,07:00,January,LateWinter,Inverted-V,93,129.92,21.72,19.97,84.92,0.19,67.94,0.16,10.86,0.67
2025-01-29,07:15,January,LateWinter,Inverted-V,93,129.92,21.72,19.97,84.92,0.19,67.94,0.16,10.86,0.67
2025-01-29,07:30,January,LateWinter,Inverted-V,93,129.92,21.72,19.97,84.92,0.19,67.94,0.16,10.86,0.67
2025-01-29,07:45,January,LateWinter,Inverted-V,93,129.92,21.72,19.97,84.92,0.19,67.94,0.16,10.86,0.67
2025-01-29,08:00,January,LateWinter,Inverted-V,93,305.75,24.71,27.35,82.58,0.45,66.07,0.38,25.03,0.67
2025-01-29,08:15,January,LateWinter,Inverted-V,93,305.75,24.71,27.35,82.58,0.45,66.07,0.38,25.03,0.67
2025-01-29,08:30,January,LateWinter,Inverted-V,93,305.75,24.71,27.35,82.58,0.45,66.07,0.38,25.03,0.67
2025-01-29,08:45,January,LateWinter,Inverted-V,93,305.75,24.71,27.35,82.58,0.45,66.07,0.38,25.03,0.67
2025-01-29,09:00,January,LateWinter,Inverted-V,93,402.28,26.54,31.6,81.24,0.6,64.99,0.5,32.53,0.67
2025-01-29,09:15,January,LateWinter,Inverted-V,93,402.28,26.54,31.6,81.24,0.6,64.99,0.5,32.53,0.67
2025-01-29,09:30,January,LateWinter,Inverted-V,93,402.28,26.54,31.6,81.24,0.6,64.99,0.5,32.53,0.67
2025-01-29,09:45,January,LateWinter,Inverted-V,93,402.28,26.54,31.6,81.24,0.6,64.99,0.5,32.53,0.67
2025-01-29,10:00,January,LateWinter,Inverted-V,93,591.97,27.15,36.95,79.54,0.88,63.64,0.74,47.12,0.67
2025-01-29,10:15,January,LateWinter,Inverted-V,93,591.97,27.15,36.95,79.54,0.88,63.64,0.74,47.12,0.67
2025-01-29,10:30,January,LateWinter,Inverted-V,93,591.97,27.15,36.95,79.54,0.88,63.64,0.74,47.12,0.67
2025-01-29,10:45,January,LateWinter,Inverted-V,93,591.97,27.15,36.95,79.54,0.88,63.64,0.74,47.12,0.67
2025-01-29,11:00,January,LateWinter,Inverted-V,93,638.46,28.56,39.52,78.73,0.96,62.98,0.8,50.43,0.67
2025-01-29,11:15,January,LateWinter,Inverted-V,93,638.46,28.56,39.52,78.73,0.96,62.98,0.8,50.43,0.67
2025-01-29,11:30,January,LateWinter,Inverted-V,93,638.46,28.56,39.52,78.73,0.96,62.98,0.8,50.43,0.67
2025-01-29,11:45,January,LateWinter,Inverted-V,93,638.46,28.56,39.52,78.73,0.96,62.98,0.8,50.43,0.67
2025-01-29,12:00,January,LateWinter,Inverted-V,93,617.87,29.56,40.01,78.58,0.93,62.86,0.78,48.73,0.67
2025-01-29,12:15,January,LateWinter,Inverted-V,93,617.87,29.56,40.01,78.58,0.93,62.86,0.78,48.73,0.67
2025-01-29,12:30,January,LateWinter,Inverted-V,93,617.87,29.56,40.01,78.58,0.93,62.86,0.78,48.73,0.67
2025-01-29,12:45,January,LateWinter,Inverted-V,93,617.87,29.56,40.01,78.58,0.93,62.86,0.78,48.73,0.67
2025-01-29,13:00,January,LateWinter,Inverted-V,93,613.31,29.88,40.21,78.51,0.92,62.81,0.77,48.34,0.67
2025-01-29,13:15,January,LateWinter,Inverted-V,93,613.31,29.88,40.21,78.51,0.92,62.81,0.77,48.34,0.67
2025-01-29,13:30,January,LateWinter,Inverted-V,93,613.31,29.88,40.21,78.51,0.92,62.81,0.77,48.34,0.67
2025-01-29,13:45,January,LateWinter,Inverted-V,93,613.31,29.88,40.21,78.51,0.92,62.81,0.77,48.34,0.67
2025-01-29,14:00,January,LateWinter,Inverted-V,93,492.39,29.47,36.78,79.6,0.74,63.68,0.62,39.22,0.67
2025-01-29,14:15,January,LateWinter,Inverted-V,93,492.39,29.47,36.78,79.6,0.74,63.68,0.62,39.22,0.67
2025-01-29,14:30,January,LateWinter,Inverted-V,93,492.39,29.47,36.78,79.6,0.74,63.68,0.62,39.22,0.67
2025-01-29,14:45,January,LateWinter,Inverted-V,93,492.39,29.47,36.78,79.6,0.74,63.68,0.62,39.22,0.67
2025-01-29,15:00,January,LateWinter,Inverted-V,93,306.31,28.44,31.1,81.4,0.45,65.12,0.38,24.81,0.67
2025-01-29,15:15,January,LateWinter,Inverted-V,93,306.31,28.44,31.1,81.4,0.45,65.12,0.38,24.81,0.67
2025-01-29,15:30,January,LateWinter,Inverted-V,93,306.31,28.44,31.1,81.4,0.45,65.12,0.38,24.81,0.67
2025-01-29,15:45,January,LateWinter,Inverted-V,93,306.31,28.44,31.1,81.4,0.45,65.12,0.38,24.81,0.67
2025-01-29,16:00,January,LateWinter,Inverted-V,93,153.25,26.99,25.82,83.07,0.23,66.45,0.19,12.6,0.67
2025-01-29,16:15,January,LateWinter,Inverted-V,93,153.25,26.99,25.82,83.07,0.23,66.45,0.19,12.6,0.67
2025-01-29,16:30,January,LateWinter,Inverted-V,93,153.25,26.99,25.82,83.07,0.23,66.45,0.19,12.6,0.67
2025-01-29,16:45,January,LateWinter,Inverted-V,93,153.25,26.99,25.82,83.07,0.23,66.45,0.19,12.6,0.67
2025-01-29,17:00,January,LateWinter,Inverted-V,93,27.72,25.15,20.84,84.64,0.04,67.72,0.03,2.31,0.67
2025-01-29,17:15,January,LateWinter,Inverted-V,93,27.72,25.15,20.84,84.64,0.04,67.72,0.03,2.31,0.67
2025-01-29,17:30,January,LateWinter,Inverted-V,93,27.72,25.15,20.84,84.64,0.04,67.72,0.03,2.31,0.67
2025-01-29,17:45,January,LateWinter,Inverted-V,93,27.72,25.15,20.84,84.64,0.04,67.72,0.03,2.31,0.67
2025-01-30,06:00,January,LateWinter,Inverted-V,93,17.06,21.79,17.22,85.79,0.02,68.63,0.02,1.44,0.67
2025-01-30,06:15,January,LateWinter,Inverted-V,93,17.06,21.79,17.22,85.79,0.02,68.63,0.02,1.44,0.67
2025-01-30,06:30,January,LateWinter,Inverted-V,93,17.06,21.79,17.22,85.79,0.02,68.63,0.02,1.44,0.67
2025-01-30,06:45,January,LateWinter,Inverted-V,93,17.06,21.79,17.22,85.79,0.02,68.63,0.02,1.44,0.67
2025-01-30,07:00,January,LateWinter,Inverted-V,93,135.76,23.52,21.91,84.31,0.2,67.44,0.17,11.28,0.67
2025-01-30,07:15,January,LateWinter,Inverted-V,93,135.76,23.52,21.91,84.31,0.2,67.44,0.17,11.28,0.67
2025-01-30,07:30,January,LateWinter,Inverted-V,93,135.76,23.52,21.91,84.31,0.2,67.44,0.17,11.28,0.67
2025-01-30,07:45,January,LateWinter,Inverted-V,93,135.76,23.52,21.91,84.31,0.2,67.44,0.17,11.28,0.67
2025-01-30,08:00,January,LateWinter,Inverted-V,93,287.66,25.82,28.01,82.37,0.43,65.9,0.36,23.5,0.67
2025-01-30,08:15,January,LateWinter,Inverted-V,93,287.66,25.82,28.01,82.37,0.43,65.9,0.36,23.5,0.67
2025-01-30,08:30,January,LateWinter,Inverted-V,93,287.66,25.82,28.01,82.37,0.43,65.9,0.36,23.5,0.67
2025-01-30,08:45,January,LateWinter,Inverted-V,93,287.66,25.82,28.01,82.37,0.43,65.9,0.36,23.5,0.67
2025-01-30,09:00,January,LateWinter,Inverted-V,93,416.05,27.87,33.27,80.71,0.62,64.57,0.52,33.48,0.67
2025-01-30,09:15,January,LateWinter,Inverted-V,93,416.05,27.87,33.27,80.71,0.62,64.57,0.52,33.48,0.67
2025-01-30,09:30,January,LateWinter,Inverted-V,93,416.05,27.87,33.27,80.71,0.62,64.57,0.52,33.48,0.67
2025-01-30,09:45,January,LateWinter,Inverted-V,93,416.05,27.87,33.27,80.71,0.62,64.57,0.52,33.48,0.67
2025-01-30,10:00,January,LateWinter,Inverted-V,93,486.7,29.45,36.62,79.65,0.73,63.72,0.61,38.78,0.67
2025-01-30,10:15,January,LateWinter,Inverted-V,93,486.7,29.45,36.62,79.65,0.73,63.72,0.61,38.78,0.67
2025-01-30,10:30,January,LateWinter,Inverted-V,93,486.7,29.45,36.62,79.65,0.73,63.72,0.61,38.78,0.67
2025-01-30,10:45,January,LateWinter,Inverted-V,93,486.7,29.45,36.62,79.65,0.73,63.72,0.61,38.78,0.67
2025-01-30,11:00,January,LateWinter,Inverted-V,93,635.49,29.91,40.8,78.33,0.95,62.66,0.8,50.0,0.67
2025-01-30,11:15,January,LateWinter,Inverted-V,93,635.49,29.91,40.8,78.33,0.95,62.66,0.8,50.0,0.67
2025-01-30,11:30,January,LateWinter,Inverted-V,93,635.49,29.91,40.8,78.33,0.95,62.66,0.8,50.0,0.67
2025-01-30,11:45,January,LateWinter,Inverted-V,93,635.49,29.91,40.8,78.33,0.95,62.66,0.8,50.0,0.67
2025-01-30,12:00,January,LateWinter,Inverted-V,93,660.1,29.55,41.05,78.25,0.99,62.6,0.83,51.9,0.67
2025-01-30,12:15,January,LateWinter,Inverted-V,93,660.1,29.55,41.05,78.25,0.99,62.6,0.83,51.9,0.67
2025-01-30,12:30,January,LateWinter,Inverted-V,93,660.1,29.55,41.05,78.25,0.99,62.6,0.83,51.9,0.67
2025-01-30,12:45,January,LateWinter,Inverted-V,93,660.1,29.55,41.05,78.25,0.99,62.6,0.83,51.9,0.67
2025-01-30,13:00,January,LateWinter,Inverted-V,93,647.3,29.19,40.37,78.46,0.97,62.77,0.81,51.0,0.67
2025-01-30,13:15,January,LateWinter,Inverted-V,93,647.3,29.19,40.37,78.46,0.97,62.77,0.81,51.0,0.67
2025-01-30,13:30,January,LateWinter,Inverted-V,93,647.3,29.19,40.37,78.46,0.97,62.77,0.81,51.0,0.67
2025-01-30,13:45,January,LateWinter,Inverted-V,93,647.3,29.19,40.37,78.46,0.97,62.77,0.81,51.0,0.67
2025-01-30,14:00,January,LateWinter,Inverted-V,93,452.47,28.86,35.17,80.11,0.67,64.09,0.57,36.21,0.67
2025-01-30,14:15,January,LateWinter,Inverted-V,93,452.47,28.86,35.17,80.11,0.67,64.09,0.57,36.21,0.67
2025-01-30,14:30,January,LateWinter,Inverted-V,93,452.47,28.86,35.17,80.11,0.67,64.09,0.57,36.21,0.67
2025-01-30,14:45,January,LateWinter,Inverted-V,93,452.47,28.86,35.17,80.11,0.67,64.09,0.57,36.21,0.67
2025-01-30,15:00,January,LateWinter,Inverted-V,93,270.38,28.46,30.22,81.68,0.4,65.34,0.34,21.95,0.67
2025-01-30,15:15,January,LateWinter,Inverted-V,93,270.38,28.46,30.22,81.68,0.4,65.34,0.34,21.95,0.67
2025-01-30,15:30,January,LateWinter,Inverted-V,93,270.38,28.46,30.22,81.68,0.4,65.34,0.34,21.95,0.67
2025-01-30,15:45,January,LateWinter,Inverted-V,93,270.38,28.46,30.22,81.68,0.4,65.34,0.34,21.95,0.67
2025-01-30,16:00,January,LateWinter,Inverted-V,93,134.97,27.66,26.03,83.0,0.2,66.4,0.17,11.09,0.67
2025-01-30,16:15,January,LateWinter,Inverted-V,93,134.97,27.66,26.03,83.0,0.2,66.4,0.17,11.09,0.67
2025-01-30,16:30,January,LateWinter,Inverted-V,93,134.97,27.66,26.03,83.0,0.2,66.4,0.17,11.09,0.67
2025-01-30,16:45,January,LateWinter,Inverted-V,93,134.97,27.66,26.03,83.0,0.2,66.4,0.17,11.09,0.67
2025-01-30,17:00,January,LateWinter,Inverted-V,93,23.54,26.16,21.75,84.36,0.03,67.49,0.03,1.96,0.67
2025-01-30,17:15,January,LateWinter,Inverted-V,93,23.54,26.16,21.75,84.36,0.03,67.49,0.03,1.96,0.67
2025-01-30,17:30,January,LateWinter,Inverted-V,93,23.54,26.16,21.75,84.36,0.03,67.49,0.03,1.96,0.67
2025-01-30,17:45,January,LateWinter,Inverted-V,93,23.54,26.16,21.75,84.36,0.03,67.49,0.03,1.96,0.67
2025-01-31,06:00,January,LateWinter,Inverted-V,93,14.85,23.29,18.66,85.34,0.02,68.27,0.02,1.25,0.67
2025-01-31,06:15,January,LateWinter,Inverted-V,93,14.85,23.29,18.66,85.34,0.02,68.27,0.02,1.25,0.67
2025-01-31,06:30,January,LateWinter,Inverted-V,93,14.85,23.29,18.66,85.34,0.02,68.27,0.02,1.25,0.67
2025-01-31,06:45,January,LateWinter,Inverted-V,93,14.85,23.29,18.66,85.34,0.02,68.27,0.02,1.25,0.67
2025-01-31,07:00,January,LateWinter,Inverted-V,93,123.61,24.75,22.84,84.01,0.18,67.21,0.15,10.25,0.67
2025-01-31,07:15,January,LateWinter,Inverted-V,93,123.61,24.75,22.84,84.01,0.18,67.21,0.15,10.25,0.67
2025-01-31,07:30,January,LateWinter,Inverted-V,93,123.61,24.75,22.84,84.01,0.18,67.21,0.15,10.25,0.67
2025-01-31,07:45,January,LateWinter,Inverted-V,93,123.61,24.75,22.84,84.01,0.18,67.21,0.15,10.25,0.67
2025-01-31,08:00,January,LateWinter,Inverted-V,93,276.02,26.62,28.52,82.21,0.41,65.77,0.34,22.52,0.67
2025-01-31,08:15,January,LateWinter,Inverted-V,93,276.02,26.62,28.52,82.21,0.41,65.77,0.34,22.52,0.67
2025-01-31,08:30,January,LateWinter,Inverted-V,93,276.02,26.62,28.52,82.21,0.41,65.77,0.34,22.52,0.67
2025-01-31,08:45,January,LateWinter,Inverted-V,93,276.02,26.62,28.52,82.21,0.41,65.77,0.34,22.52,0.67
2025-01-31,09:00,January,LateWinter,Inverted-V,93,431.17,28.46,34.24,80.4,0.64,64.32,0.54,34.6,0.67
2025-01-31,09:15,January,LateWinter,Inverted-V,93,431.17,28.46,34.24,80.4,0.64,64.32,0.54,34.6,0.67
2025-01-31,09:30,January,LateWinter,Inverted-V,93,431.17,28.46,34.24,80.4,0.64,64.32,0.54,34.6,0.67
2025-01-31,09:45,January,LateWinter,Inverted-V,93,431.17,28.46,34.24,80.4,0.64,64.32,0.54,34.6,0.67
2025-01-31,10:00,January,LateWinter,Inverted-V,93,597.73,29.89,39.83,78.63,0.9,62.9,0.75,47.17,0.67
2025-01-31,10:15,January,LateWinter,Inverted-V,93,597.73,29.89,39.83,78.63,0.9,62.9,0.75,47.17,0.67
2025-01-31,10:30,January,LateWinter,Inverted-V,93,597.73,29.89,39.83,78.63,0.9,62.9,0.75,47.17,0.67
2025-01-31,10:45,January,LateWinter,Inverted-V,93,597.73,29.89,39.83,78.63,0.9,62.9,0.75,47.17,0.67
2025-01-31,11:00,January,LateWinter,Inverted-V,93,594.81,30.84,40.71,78.35,0.89,62.68,0.75,46.81,0.67
2025-01-31,11:15,January,LateWinter,Inverted-V,93,594.81,30.84,40.71,78.35,0.89,62.68,0.75,46.81,0.67
2025-01-31,11:30,January,LateWinter,Inverted-V,93,594.81,30.84,40.71,78.35,0.89,62.68,0.75,46.81,0.67
2025-01-31,11:45,January,LateWinter,Inverted-V,93,594.81,30.84,40.71,78.35,0.89,62.68,0.75,46.81,0.67
2025-01-31,12:00,January,LateWinter,Inverted-V,93,562.27,31.31,40.37,78.46,0.84,62.77,0.71,44.3,0.67
2025-01-31,12:15,January,LateWinter,Inverted-V,93,562.27,31.31,40.37,78.46,0.84,62.77,0.71,44.3,0.67
2025-01-31,12:30,January,LateWinter,Inverted-V,93,562.27,31.31,40.37,78.46,0.84,62.77,0.71,44.3,0.67
2025-01-31,12:45,January,LateWinter,Inverted-V,93,562.27,31.31,40.37,78.46,0.84,62.77,0.71,44.3,0.67
2025-01-31,13:00,January,LateWinter,Inverted-V,93,541.19,31.3,39.83,78.63,0.81,62.91,0.68,42.71,0.67
2025-01-31,13:15,January,LateWinter,Inverted-V,93,541.19,31.3,39.83,78.63,0.81,62.91,0.68,42.71,0.67
2025-01-31,13:30,January,LateWinter,Inverted-V,93,541.19,31.3,39.83,78.63,0.81,62.91,0.68,42.71,0.67
2025-01-31,13:45,January,LateWinter,Inverted-V,93,541.19,31.3,39.83,78.63,0.81,62.91,0.68,42.71,0.67
2025-01-31,14:00,January,LateWinter,Inverted-V,93,601.07,30.89,40.92,78.29,0.9,62.63,0.75,47.28,0.67
2025-01-31,14:15,January,LateWinter,Inverted-V,93,601.07,30.89,40.92,78.29,0.9,62.63,0.75,47.28,0.67
2025-01-31,14:30,January,LateWinter,Inverted-V,93,601.07,30.89,40.92,78.29,0.9,62.63,0.75,47.28,0.67
2025-01-31,14:45,January,LateWinter,Inverted-V,93,601.07,30.89,40.92,78.29,0.9,62.63,0.75,47.28,0.67
2025-01-31,15:00,January,LateWinter,Inverted-V,93,427.77,30.32,36.01,79.84,0.64,63.87,0.53,34.15,0.67
2025-01-31,15:15,January,LateWinter,Inverted-V,93,427.77,30.32,36.01,79.84,0.64,63.87,0.53,34.15,0.67
2025-01-31,15:30,January,LateWinter,Inverted-V,93,427.77,30.32,36.01,79.84,0.64,63.87,0.53,34.15,0.67
2025-01-31,15:45,January,LateWinter,Inverted-V,93,427.77,30.32,36.01,79.84,0.64,63.87,0.53,34.15,0.67
2025-01-31,16:00,January,LateWinter,Inverted-V,93,213.41,29.32,29.66,81.85,0.32,65.48,0.27,17.36,0.67
2025-01-31,16:15,January,LateWinter,Inverted-V,93,213.41,29.32,29.66,81.85,0.32,65.48,0.27,17.36,0.67
2025-01-31,16:30,January,LateWinter,Inverted-V,93,213.41,29.32,29.66,81.85,0.32,65.48,0.27,17.36,0.67
2025-01-31,16:45,January,LateWinter,Inverted-V,93,213.41,29.32,29.66,81.85,0.32,65.48,0.27,17.36,0.67
2025-01-31,17:00,January,LateWinter,Inverted-V,93,40.23,27.34,23.35,83.85,0.06,67.08,0.05,3.33,0.67
2025-01-31,17:15,January,LateWinter,Inverted-V,93,40.23,27.34,23.35,83.85,0.06,67.08,0.05,3.33,0.67
2025-01-31,17:30,January,LateWinter,Inverted-V,93,40.23,27.34,23.35,83.85,0.06,67.08,0.05,3.33,0.67
2025-01-31,17:45,January,LateWinter,Inverted-V,93,40.23,27.34,23.35,83.85,0.06,67.08,0.05,3.33,0.67
2025-02-01,06:00,February,LateWinter,Inverted-V,93,25.16,23.73,19.36,85.11,0.04,68.09,0.03,2.11,0.67
2025-02-01,06:15,February,LateWinter,Inverted-V,93,25.16,23.73,19.36,85.11,0.04,68.09,0.03,2.11,0.67
2025-02-01,06:30,February,LateWinter,Inverted-V,93,25.16,23.73,19.36,85.11,0.04,68.09,0.03,2.11,0.67
2025-02-01,06:45,February,LateWinter,Inverted-V,93,25.16,23.73,19.36,85.11,0.04,68.09,0.03,2.11,0.67
2025-02-01,07:00,February,LateWinter,Inverted-V,93,172.18,25.9,25.2,83.26,0.25,66.61,0.21,14.18,0.67
2025-02-01,07:15,February,LateWinter,Inverted-V,93,172.18,25.9,25.2,83.26,0.25,66.61,0.21,14.18,0.67
2025-02-01,07:30,February,LateWinter,Inverted-V,93,172.18,25.9,25.2,83.26,0.25,66.61,0.21,14.18,0.67
2025-02-01,07:45,February,LateWinter,Inverted-V,93,172.18,25.9,25.2,83.26,0.25,66.61,0.21,14.18,0.67
2025-02-01,08:00,February,LateWinter,Inverted-V,93,348.86,28.13,31.85,81.16,0.52,64.93,0.43,28.19,0.67
2025-02-01,08:15,February,LateWinter,Inverted-V,93,348.86,28.13,31.85,81.16,0.52,64.93,0.43,28.19,0.67
2025-02-01,08:30,February,LateWinter,Inverted-V,93,348.86,28.13,31.85,81.16,0.52,64.93,0.43,28.19,0.67
2025-02-01,08:45,February,LateWinter,Inverted-V,93,348.86,28.13,31.85,81.16,0.52,64.93,0.43,28.19,0.67
2025-02-01,09:00,February,LateWinter,Inverted-V,93,586.17,29.91,39.56,78.72,0.88,62.97,0.74,46.29,0.67
2025-02-01,09:15,February,LateWinter,Inverted-V,93,586.17,29.91,39.56,78.72,0.88,62.97,0.74,46.29,0.67
2025-02-01,09:30,February,LateWinter,Inverted-V,93,586.17,29.91,39.56,78.72,0.88,62.97,0.74,46.29,0.67
2025-02-01,09:45,February,LateWinter,Inverted-V,93,586.17,29.91,39.56,78.72,0.88,62.97,0.74,46.29,0.67
2025-02-01,10:00,February,LateWinter,Inverted-V,93,802.44,31.3,46.36,76.56,1.21,61.25,1.01,62.06,0.67
2025-02-01,10:15,February,LateWinter,Inverted-V,93,802.44,31.3,46.36,76.56,1.21,61.25,1.01,62.06,0.67
2025-02-01,10:30,February,LateWinter,Inverted-V,93,802.44,31.3,46.36,76.56,1.21,61.25,1.01,62.06,0.67
2025-02-01,10:45,February,LateWinter,Inverted-V,93,802.44,31.3,46.36,76.56,1.21,61.25,1.01,62.06,0.67
2025-02-01,11:00,February,LateWinter,Inverted-V,93,937.62,32.3,50.74,75.18,1.42,60.14,1.19,71.5,0.67
2025-02-01,11:15,February,LateWinter,Inverted-V,93,937.62,32.3,50.74,75.18,1.42,60.14,1.19,71.5,0.67
2025-02-01,11:30,February,LateWinter,Inverted-V,93,937.62,32.3,50.74,75.18,1.42,60.14,1.19,71.5,0.67
2025-02-01,11:45,February,LateWinter,Inverted-V,93,937.62,32.3,50.74,75.18,1.42,60.14,1.19,71.5,0.67
2025-02-01,12:00,February,LateWinter,Inverted-V,93,936.27,32.98,51.39,74.97,1.42,59.98,1.19,71.25,0.67
2025-02-01,12:15,February,LateWinter,Inverted-V,93,936.27,32.98,51.39,74.97,1.42,59.98,1.19,71.25,0.67
2025-02-01,12:30,February,LateWinter,Inverted-V,93,936.27,32.98,51.39,74.97,1.42,59.98,1.19,71.25,0.67
2025-02-01,12:45,February,LateWinter,Inverted-V,93,936.27,32.98,51.39,74.97,1.42,59.98,1.19,71.25,0.67
2025-02-01,13:00,February,LateWinter,Inverted-V,93,854.95,33.14,49.51,75.57,1.29,60.45,1.08,65.46,0.67
2025-02-01,13:15,February,LateWinter,Inverted-V,93,854.95,33.14,49.51,75.57,1.29,60.45,1.08,65.46,0.67
2025-02-01,13:30,February,LateWinter,Inverted-V,93,854.95,33.14,49.51,75.57,1.29,60.45,1.08,65.46,0.67
2025-02-01,13:45,February,LateWinter,Inverted-V,93,854.95,33.14,49.51,75.57,1.29,60.45,1.08,65.46,0.67
2025-02-01,14:00,February,LateWinter,Inverted-V,93,703.4,32.81,45.4,76.87,1.06,61.5,0.89,54.56,0.67
2025-02-01,14:15,February,LateWinter,Inverted-V,93,703.4,32.81,45.4,76.87,1.06,61.5,0.89,54.56,0.67
2025-02-01,14:30,February,LateWinter,Inverted-V,93,703.4,32.81,45.4,76.87,1.06,61.5,0.89,54.56,0.67
2025-02-01,14:45,February,LateWinter,Inverted-V,93,703.4,32.81,45.4,76.87,1.06,61.5,0.89,54.56,0.67
2025-02-01,15:00,February,LateWinter,Inverted-V,93,508.23,32.09,39.8,78.64,0.76,62.91,0.64,40.11,0.67
2025-02-01,15:15,February,LateWinter,Inverted-V,93,508.23,32.09,39.8,78.64,0.76,62.91,0.64,40.11,0.67
2025-02-01,15:30,February,LateWinter,Inverted-V,93,508.23,32.09,39.8,78.64,0.76,62.91,0.64,40.11,0.67
2025-02-01,15:45,February,LateWinter,Inverted-V,93,508.23,32.09,39.8,78.64,0.76,62.91,0.64,40.11,0.67
2025-02-01,16:00,February,LateWinter,Inverted-V,93,253.24,30.78,32.11,81.08,0.38,64.86,0.32,20.45,0.67
2025-02-01,16:15,February,LateWinter,Inverted-V,93,253.24,30.78,32.11,81.08,0.38,64.86,0.32,20.45,0.67
2025-02-01,16:30,February,LateWinter,Inverted-V,93,253.24,30.78,32.11,81.08,0.38,64.86,0.32,20.45,0.67
2025-02-01,16:45,February,LateWinter,Inverted-V,93,253.24,30.78,32.11,81.08,0.38,64.86,0.32,20.45,0.67
2025-02-01,17:00,February,LateWinter,Inverted-V,93,43.77,28.32,24.41,83.51,0.06,66.81,0.05,3.61,0.67
2025-02-01,17:15,February,LateWinter,Inverted-V,93,43.77,28.32,24.41,83.51,0.06,66.81,0.05,3.61,0.67
2025-02-01,17:30,February,LateWinter,Inverted-V,93,43.77,28.32,24.41,83.51,0.06,66.81,0.05,3.61,0.67
2025-02-01,17:45,February,LateWinter,Inverted-V,93,43.77,28.32,24.41,83.51,0.06,66.81,0.05,3.61,0.67
2025-02-02,06:00,February,LateWinter,Inverted-V,93,26.35,23.58,19.24,85.15,0.04,68.12,0.03,2.21,0.67
2025-02-02,06:15,February,LateWinter,Inverted-V,93,26.35,23.58,19.24,85.15,0.04,68.12,0.03,2.21,0.67
2025-02-02,06:30,February,LateWinter,Inverted-V,93,26.35,23.58,19.24,85.15,0.04,68.12,0.03,2.21,0.67
2025-02-02,06:45,February,LateWinter,Inverted-V,93,26.35,23.58,19.24,85.15,0.04,68.12,0.03,2.21,0.67
2025-02-02,07:00,February,LateWinter,Inverted-V,93,195.13,25.98,25.86,83.06,0.29,66.44,0.24,16.04,0.67
2025-02-02,07:15,February,LateWinter,Inverted-V,93,195.13,25.98,25.86,83.06,0.29,66.44,0.24,16.04,0.67
2025-02-02,07:30,February,LateWinter,Inverted-V,93,195.13,25.98,25.86,83.06,0.29,66.44,0.24,16.04,0.67
2025-02-02,07:45,February,LateWinter,Inverted-V,93,195.13,25.98,25.86,83.06,0.29,66.44,0.24,16.04,0.67
2025-02-02,08:00,February,LateWinter,Inverted-V,93,393.82,27.94,32.79,80.86,0.59,64.69,0.49,31.74,0.67
2025-02-02,08:15,February,LateWinter,Inverted-V,93,393.82,27.94,32.79,80.86,0.59,64.69,0.49,31.74,0.67
2025-02-02,08:30,February,LateWinter,Inverted-V,93,393.82,27.94,32.79,80.86,0.59,64.69,0.49,31.74,0.67
2025-02-02,08:45,February,LateWinter,Inverted-V,93,393.82,27.94,32.79,80.86,0.59,64.69,0.49,31.74,0.67
2025-02-02,09:00,February,LateWinter,Inverted-V,93,590.31,29.81,39.57,78.72,0.88,62.97,0.74,46.62,0.67
2025-02-02,09:15,February,LateWinter,Inverted-V,93,590.31,29.81,39.57,78.72,0.88,62.97,0.74,46.62,0.67
2025-02-02,09:30,February,LateWinter,Inverted-V,93,590.31,29.81,39.57,78.72,0.88,62.97,0.74,46.62,0.67
2025-02-02,09:45,February,LateWinter,Inverted-V,93,590.31,29.81,39.57,78.72,0.88,62.97,0.74,46.62,0.67
2025-02-02,10:00,February,LateWinter,Inverted-V,93,784.19,31.42,46.02,76.67,1.18,61.34,0.99,60.71,0.67
2025-02-02,10:15,February,LateWinter,Inverted-V,93,784.19,31.42,46.02,76.67,1.18,61.34,0.99,60.71,0.67
2025-02-02,10:30,February,LateWinter,Inverted-V,93,784.19,31.42,46.02,76.67,1.18,61.34,0.99,60.71,0.67
2025-02-02,10:45,February,LateWinter,Inverted-V,93,784.19,31.42,46.02,76.67,1.18,61.34,0.99,60.71,0.67
2025-02-02,11:00,February,LateWinter,Inverted-V,93,941.0,32.64,51.17,75.04,1.43,60.03,1.19,71.66,0.67
2025-02-02,11:15,February,LateWinter,Inverted-V,93,941.0,32.64,51.17,75.04,1.43,60.03,1.19,71.66,0.67
2025-02-02,11:30,February,LateWinter,Inverted-V,93,941.0,32.64,51.17,75.04,1.43,60.03,1.19,71.66,0.67
2025-02-02,11:45,February,LateWinter,Inverted-V,93,941.0,32.64,51.17,75.04,1.43,60.03,1.19,71.66,0.67
2025-02-02,12:00,February,LateWinter,Inverted-V,93,970.25,33.43,52.69,74.56,1.47,59.65,1.23,73.52,0.67
2025-02-02,12:15,February,LateWinter,Inverted-V,93,970.25,33.43,52.69,74.56,1.47,59.65,1.23,73.52,0.67
2025-02-02,12:30,February,LateWinter,Inverted-V,93,970.25,33.43,52.69,74.56,1.47,59.65,1.23,73.52,0.67
2025-02-02,12:45,February,LateWinter,Inverted-V,93,970.25,33.43,52.69,74.56,1.47,59.65,1.23,73.52,0.67
2025-02-02,13:00,February,LateWinter,Inverted-V,93,898.59,33.67,51.13,75.05,1.36,60.04,1.14,68.44,0.67
2025-02-02,13:15,February,LateWinter,Inverted-V,93,898.59,33.67,51.13,75.05,1.36,60.04,1.14,68.44,0.67
2025-02-02,13:30,February,LateWinter,Inverted-V,93,898.59,33.67,51.13,75.05,1.36,60.04,1.14,68.44,0.67
2025-02-02,13:45,February,LateWinter,Inverted-V,93,898.59,33.67,51.13,75.05,1.36,60.04,1.14,68.44,0.67
2025-02-02,14:00,February,LateWinter,Inverted-V,93,757.49,33.41,47.35,76.25,1.14,61.0,0.96,58.4,0.67
2025-02-02,14:15,February,LateWinter,Inverted-V,93,757.49,33.41,47.35,76.25,1.14,61.0,0.96,58.4,0.67
2025-02-02,14:30,February,LateWinter,Inverted-V,93,757.49,33.41,47.35,76.25,1.14,61.0,0.96,58.4,0.67
2025-02-02,14:45,February,LateWinter,Inverted-V,93,757.49,33.41,47.35,76.25,1.14,61.0,0.96,58.4,0.67
2025-02-02,15:00,February,LateWinter,Inverted-V,93,545.96,32.61,41.26,78.18,0.82,62.54,0.69,42.9,0.67
2025-02-02,15:15,February,LateWinter,Inverted-V,93,545.96,32.61,41.26,78.18,0.82,62.54,0.69,42.9,0.67
2025-02-02,15:30,February,LateWinter,Inverted-V,93,545.96,32.61,41.26,78.18,0.82,62.54,0.69,42.9,0.67
2025-02-02,15:45,February,LateWinter,Inverted-V,93,545.96,32.61,41.26,78.18,0.82,62.54,0.69,42.9,0.67
2025-02-02,16:00,February,LateWinter,Inverted-V,93,284.06,31.1,33.2,80.73,0.42,64.58,0.35,22.86,0.67
2025-02-02,16:15,February,LateWinter,Inverted-V,93,284.06,31.1,33.2,80.73,0.42,64.58,0.35,22.86,0.67
2025-02-02,16:30,February,LateWinter,Inverted-V,93,284.06,31.1,33.2,80.73,0.42,64.58,0.35,22.86,0.67
2025-02-02,16:45,February,LateWinter,Inverted-V,93,284.06,31.1,33.2,80.73,0.42,64.58,0.35,22.86,0.67
2025-02-02,17:00,February,LateWinter,Inverted-V,93,50.94,27.98,24.25,83.56,0.08,66.85,0.06,4.21,0.67
2025-02-02,17:15,February,LateWinter,Inverted-V,93,50.94,27.98,24.25,83.56,0.08,66.85,0.06,4.21,0.67
2025-02-02,17:30,February,LateWinter,Inverted-V,93,50.94,27.98,24.25,83.56,0.08,66.85,0.06,4.21,0.67
2025-02-02,17:45,February,LateWinter,Inverted-V,93,50.94,27.98,24.25,83.56,0.08,66.85,0.06,4.21,0.67
2025-02-03,06:00,February,LateWinter,Inverted-V,93,29.59,22.75,18.49,85.39,0.04,68.31,0.04,2.48,0.67
2025-02-03,06:15,February,LateWinter,Inverted-V,93,29.59,22.75,18.49,85.39,0.04,68.31,0.04,2.48,0.67
2025-02-03,06:30,February,LateWinter,Inverted-V,93,29.59,22.75,18.49,85.39,0.04,68.31,0.04,2.48,0.67
2025-02-03,06:45,February,LateWinter,Inverted-V,93,29.59,22.75,18.49,85.39,0.04,68.31,0.04,2.48,0.67
2025-02-03,07:00,February,LateWinter,Inverted-V,93,229.39,25.03,25.76,83.09,0.34,66.47,0.28,18.86,0.67
2025-02-03,07:15,February,LateWinter,Inverted-V,93,229.39,25.03,25.76,83.09,0.34,66.47,0.28,18.86,0.67
2025-02-03,07:30,February,LateWinter,Inverted-V,93,229.39,25.03,25.76,83.09,0.34,66.47,0.28,18.86,0.67
2025-02-03,07:45,February,LateWinter,Inverted-V,93,229.39,25.03,25.76,83.09,0.34,66.47,0.28,18.86,0.67
2025-02-03,08:00,February,LateWinter,Inverted-V,93,470.77,27.17,33.94,80.5,0.7,64.4,0.59,37.81,0.67
2025-02-03,08:15,February,LateWinter,Inverted-V,93,470.77,27.17,33.94,80.5,0.7,64.4,0.59,37.81,0.67
2025-02-03,08:30,February,LateWinter,Inverted-V,93,470.77,27.17,33.94,80.5,0.7,64.4,0.59,37.81,0.67
2025-02-03,08:45,February,LateWinter,Inverted-V,93,470.77,27.17,33.94,80.5,0.7,64.4,0.59,37.81,0.67
2025-02-03,09:00,February,LateWinter,Inverted-V,93,705.33,29.13,41.76,78.02,1.06,62.42,0.89,55.33,0.67
2025-02-03,09:15,February,LateWinter,Inverted-V,93,705.33,29.13,41.76,78.02,1.06,62.42,0.89,55.33,0.67
2025-02-03,09:30,February,LateWinter,Inverted-V,93,705.33,29.13,41.76,78.02,1.06,62.42,0.89,55.33,0.67
2025-02-03,09:45,February,LateWinter,Inverted-V,93,705.33,29.13,41.76,78.02,1.06,62.42,0.89,55.33,0.67
2025-02-03,10:00,February,LateWinter,Inverted-V,93,873.59,30.83,47.67,76.15,1.32,60.92,1.1,67.28,0.67
2025-02-03,10:15,February,LateWinter,Inverted-V,93,873.59,30.83,47.67,76.15,1.32,60.92,1.1,67.28,0.67
2025-02-03,10:30,February,LateWinter,Inverted-V,93,873.59,30.83,47.67,76.15,1.32,60.92,1.1,67.28,0.67
2025-02-03,10:45,February,LateWinter,Inverted-V,93,873.59,30.83,47.67,76.15,1.32,60.92,1.1,67.28,0.67
2025-02-03,11:00,February,LateWinter,Inverted-V,93,996.52,32.14,52.05,74.76,1.51,59.81,1.27,75.67,0.67
2025-02-03,11:15,February,LateWinter,Inverted-V,93,996.52,32.14,52.05,74.76,1.51,59.81,1.27,75.67,0.67
2025-02-03,11:30,February,LateWinter,Inverted-V,93,996.52,32.14,52.05,74.76,1.51,59.81,1.27,75.67,0.67
2025-02-03,11:45,February,LateWinter,Inverted-V,93,996.52,32.14,52.05,74.76,1.51,59.81,1.27,75.67,0.67
2025-02-03,12:00,February,LateWinter,Inverted-V,93,998.89,32.95,52.92,74.49,1.52,59.59,1.27,75.63,0.67
2025-02-03,12:15,February,LateWinter,Inverted-V,93,998.89,32.95,52.92,74.49,1.52,59.59,1.27,75.63,0.67
2025-02-03,12:30,February,LateWinter,Inverted-V,93,998.89,32.95,52.92,74.49,1.52,59.59,1.27,75.63,0.67
2025-02-03,12:45,February,LateWinter,Inverted-V,93,998.89,32.95,52.92,74.49,1.52,59.59,1.27,75.63,0.67
2025-02-03,13:00,February,LateWinter,Inverted-V,93,882.99,33.23,50.3,75.32,1.34,60.25,1.12,67.43,0.67
2025-02-03,13:15,February,LateWinter,Inverted-V,93,882.99,33.23,50.3,75.32,1.34,60.25,1.12,67.43,0.67
2025-02-03,13:30,February,LateWinter,Inverted-V,93,882.99,33.23,50.3,75.32,1.34,60.25,1.12,67.43,0.67
2025-02-03,13:45,February,LateWinter,Inverted-V,93,882.99,33.23,50.3,75.32,1.34,60.25,1.12,67.43,0.67
2025-02-03,14:00,February,LateWinter,Inverted-V,93,704.21,32.93,45.54,76.83,1.06,61.46,0.89,54.6,0.67
2025-02-03,14:15,February,LateWinter,Inverted-V,93,704.21,32.93,45.54,76.83,1.06,61.46,0.89,54.6,0.67
2025-02-03,14:30,February,LateWinter,Inverted-V,93,704.21,32.93,45.54,76.83,1.06,61.46,0.89,54.6,0.67
2025-02-03,14:45,February,LateWinter,Inverted-V,93,704.21,32.93,45.54,76.83,1.06,61.46,0.89,54.6,0.67
2025-02-03,15:00,February,LateWinter,Inverted-V,93,478.03,32.07,39.02,78.89,0.72,63.11,0.6,37.82,0.67
2025-02-03,15:15,February,LateWinter,Inverted-V,93,478.03,32.07,39.02,78.89,0.72,63.11,0.6,37.82,0.67
2025-02-03,15:30,February,LateWinter,Inverted-V,93,478.03,32.07,39.02,78.89,0.72,63.11,0.6,37.82,0.67
2025-02-03,15:45,February,LateWinter,Inverted-V,93,478.03,32.07,39.02,78.89,0.72,63.11,0.6,37.82,0.67
2025-02-03,16:00,February,LateWinter,Inverted-V,93,247.45,30.45,31.64,81.23,0.37,64.98,0.31,20.01,0.67
2025-02-03,16:15,February,LateWinter,Inverted-V,93,247.45,30.45,31.64,81.23,0.37,64.98,0.31,20.01,0.67
2025-02-03,16:30,February,LateWinter,Inverted-V,93,247.45,30.45,31.64,81.23,0.37,64.98,0.31,20.01,0.67
2025-02-03,16:45,February,LateWinter,Inverted-V,93,247.45,30.45,31.64,81.23,0.37,64.98,0.31,20.01,0.67
2025-02-03,17:00,February,LateWinter,Inverted-V,93,46.85,26.91,23.08,83.94,0.07,67.15,0.06,3.88,0.67
2025-02-03,17:15,February,LateWinter,Inverted-V,93,46.85,26.91,23.08,83.94,0.07,67.15,0.06,3.88,0.67
2025-02-03,17:30,February,LateWinter,Inverted-V,93,46.85,26.91,23.08,83.94,0.07,67.15,0.06,3.88,0.67
2025-02-03,17:45,February,LateWinter,Inverted-V,93,46.85,26.91,23.08,83.94,0.07,67.15,0.06,3.88,0.67
2025-02-04,06:00,February,LateWinter,Inverted-V,93,35.61,20.6,16.49,86.02,0.05,68.82,0.04,3.0,0.67
2025-02-04,06:15,February,LateWinter,Inverted-V,93,35.61,20.6,16.49,86.02,0.05,68.82,0.04,3.0,0.67
2025-02-04,06:30,February,LateWinter,Inverted-V,93,35.61,20.6,16.49,86.02,0.05,68.82,0.04,3.0,0.67
2025-02-04,06:45,February,LateWinter,Inverted-V,93,35.61,20.6,16.49,86.02,0.05,68.82,0.04,3.0,0.67
2025-02-04,07:00,February,LateWinter,Inverted-V,93,259.72,23.6,25.09,83.3,0.38,66.64,0.32,21.4,0.67
2025-02-04,07:15,February,LateWinter,Inverted-V,93,259.72,23.6,25.09,83.3,0.38,66.64,0.32,21.4,0.67
2025-02-04,07:30,February,LateWinter,Inverted-V,93,259.72,23.6,25.09,83.3,0.38,66.64,0.32,21.4,0.67
2025-02-04,07:45,February,LateWinter,Inverted-V,93,259.72,23.6,25.09,83.3,0.38,66.64,0.32,21.4,0.67
2025-02-04,08:00,February,LateWinter,Inverted-V,93,522.4,26.26,34.32,80.38,0.78,64.3,0.65,41.91,0.67
2025-02-04,08:15,February,LateWinter,Inverted-V,93,522.4,26.26,34.32,80.38,0.78,64.3,0.65,41.91,0.67
2025-02-04,08:30,February,LateWinter,Inverted-V,93,522.4,26.26,34.32,80.38,0.78,64.3,0.65,41.91,0.67
2025-02-04,08:45,February,LateWinter,Inverted-V,93,522.4,26.26,34.32,80.38,0.78,64.3,0.65,41.91,0.67
2025-02-04,09:00,February,LateWinter,Inverted-V,93,753.89,28.55,42.4,77.82,1.13,62.26,0.95,59.03,0.67
2025-02-04,09:15,February,LateWinter,Inverted-V,93,753.89,28.55,42.4,77.82,1.13,62.26,0.95,59.03,0.67
2025-02-04,09:30,February,LateWinter,Inverted-V,93,753.89,28.55,42.4,77.82,1.13,62.26,0.95,59.03,0.67
2025-02-04,09:45,February,LateWinter,Inverted-V,93,753.89,28.55,42.4,77.82,1.13,62.26,0.95,59.03,0.67
2025-02-04,10:00,February,LateWinter,Inverted-V,93,922.89,30.49,48.56,75.87,1.39,60.69,1.17,70.87,0.67
2025-02-04,10:15,February,LateWinter,Inverted-V,93,922.89,30.49,48.56,75.87,1.39,60.69,1.17,70.87,0.67
2025-02-04,10:30,February,LateWinter,Inverted-V,93,922.89,30.49,48.56,75.87,1.39,60.69,1.17,70.87,0.67
2025-02-04,10:45,February,LateWinter,Inverted-V,93,922.89,30.49,48.56,75.87,1.39,60.69,1.17,70.87,0.67
2025-02-04,11:00,February,LateWinter,Inverted-V,93,1004.02,31.88,51.98,74.78,1.52,59.83,1.27,76.26,0.67
2025-02-04,11:15,February,LateWinter,Inverted-V,93,1004.02,31.88,51.98,74.78,1.52,59.83,1.27,76.26,0.67
2025-02-04,11:30,February,LateWinter,Inverted-V,93,1004.02,31.88,51.98,74.78,1.52,59.83,1.27,76.26,0.67
2025-02-04,11:45,February,LateWinter,Inverted-V,93,1004.02,31.88,51.98,74.78,1.52,59.83,1.27,76.26,0.67
2025-02-04,12:00,February,LateWinter,Inverted-V,93,1006.34,32.65,52.81,74.52,1.53,59.62,1.28,76.23,0.67
2025-02-04,12:15,February,LateWinter,Inverted-V,93,1006.34,32.65,52.81,74.52,1.53,59.62,1.28,76.23,0.67
2025-02-04,12:30,February,LateWinter,Inverted-V,93,1006.34,32.65,52.81,74.52,1.53,59.62,1.28,76.23,0.67
2025-02-04,12:45,February,LateWinter,Inverted-V,93,1006.34,32.65,52.81,74.52,1.53,59.62,1.28,76.23,0.67
2025-02-04,13:00,February,LateWinter,Inverted-V,93,922.59,32.83,50.89,75.13,1.4,60.1,1.17,70.32,0.67
2025-02-04,13:15,February,LateWinter,Inverted-V,93,922.59,32.83,50.89,75.13,1.4,60.1,1.17,70.32,0.67
2025-02-04,13:30,February,LateWinter,Inverted-V,93,922.59,32.83,50.89,75.13,1.4,60.1,1.17,70.32,0.67
2025-02-04,13:45,February,LateWinter,Inverted-V,93,922.59,32.83,50.89,75.13,1.4,60.1,1.17,70.32,0.67
2025-02-04,14:00,February,LateWinter,Inverted-V,93,759.69,32.38,46.37,76.56,1.15,61.25,0.96,58.75,0.67
2025-02-04,14:15,February,LateWinter,Inverted-V,93,759.69,32.38,46.37,76.56,1.15,61.25,0.96,58.75,0.67
2025-02-04,14:30,February,LateWinter,Inverted-V,93,759.69,32.38,46.37,76.56,1.15,61.25,0.96,58.75,0.67
2025-02-04,14:45,February,LateWinter,Inverted-V,93,759.69,32.38,46.37,76.56,1.15,61.25,0.96,58.75,0.67
2025-02-04,15:00,February,LateWinter,Inverted-V,93,528.39,31.5,39.71,78.67,0.79,62.94,0.66,41.71,0.67
2025-02-04,15:15,February,LateWinter,Inverted-V,93,528.39,31.5,39.71,78.67,0.79,62.94,0.66,41.71,0.67
2025-02-04,15:30,February,LateWinter,Inverted-V,93,528.39,31.5,39.71,78.67,0.79,62.94,0.66,41.71,0.67
2025-02-04,15:45,February,LateWinter,Inverted-V,93,528.39,31.5,39.71,78.67,0.79,62.94,0.66,41.71,0.67
2025-02-04,16:00,February,LateWinter,Inverted-V,93,269.03,29.94,31.67,81.22,0.4,64.97,0.33,21.75,0.67
2025-02-04,16:15,February,LateWinter,Inverted-V,93,269.03,29.94,31.67,81.22,0.4,64.97,0.33,21.75,0.67
2025-02-04,16:30,February,LateWinter,Inverted-V,93,269.03,29.94,31.67,81.22,0.4,64.97,0.33,21.75,0.67
2025-02-04,16:45,February,LateWinter,Inverted-V,93,269.03,29.94,31.67,81.22,0.4,64.97,0.33,21.75,0.67
2025-02-04,17:00,February,LateWinter,Inverted-V,93,46.74,26.38,22.55,84.1,0.07,67.28,0.06,3.88,0.67
2025-02-04,17:15,February,LateWinter,Inverted-V,93,46.74,26.38,22.55,84.1,0.07,67.28,0.06,3.88,0.67
2025-02-04,17:30,February,LateWinter,Inverted-V,93,46.74,26.38,22.55,84.1,0.07,67.28,0.06,3.88,0.67
2025-02-04,17:45,February,LateWinter,Inverted-V,93,46.74,26.38,22.55,84.1,0.07,67.28,0.06,3.88,0.67
2025-02-05,06:00,February,LateWinter,Inverted-V,93,27.38,21.1,16.78,85.93,0.04,68.74,0.03,2.31,0.67
2025-02-05,06:15,February,LateWinter,Inverted-V,93,27.38,21.1,16.78,85.93,0.04,68.74,0.03,2.31,0.67
2025-02-05,06:30,February,LateWinter,Inverted-V,93,27.38,21.1,16.78,85.93,0.04,68.74,0.03,2.31,0.67
2025-02-05,06:45,February,LateWinter,Inverted-V,93,27.38,21.1,16.78,85.93,0.04,68.74,0.03,2.31,0.67
2025-02-05,07:00,February,LateWinter,Inverted-V,93,229.07,24.13,24.86,83.37,0.34,66.7,0.28,18.88,0.67
2025-02-05,07:15,February,LateWinter,Inverted-V,93,229.07,24.13,24.86,83.37,0.34,66.7,0.28,18.88,0.67
2025-02-05,07:30,February,LateWinter,Inverted-V,93,229.07,24.13,24.86,83.37,0.34,66.7,0.28,18.88,0.67
2025-02-05,07:45,February,LateWinter,Inverted-V,93,229.07,24.13,24.86,83.37,0.34,66.7,0.28,18.88,0.67
2025-02-05,08:00,February,LateWinter,Inverted-V,93,464.67,26.82,33.44,80.66,0.69,64.53,0.58,37.38,0.67
2025-02-05,08:15,February,LateWinter,Inverted-V,93,464.67,26.82,33.44,80.66,0.69,64.53,0.58,37.38,0.67
2025-02-05,08:30,February,LateWinter,Inverted-V,93,464.67,26.82,33.44,80.66,0.69,64.53,0.58,37.38,0.67
2025-02-05,08:45,February,LateWinter,Inverted-V,93,464.67,26.82,33.44,80.66,0.69,64.53,0.58,37.38,0.67
2025-02-05,09:00,February,LateWinter,Inverted-V,93,644.17,28.78,39.88,78.61,0.96,62.89,0.81,50.83,0.67
2025-02-05,09:15,February,LateWinter,Inverted-V,93,644.17,28.78,39.88,78.61,0.96,62.89,0.81,50.83,0.67
2025-02-05,09:30,February,LateWinter,Inverted-V,93,644.17,28.78,39.88,78.61,0.96,62.89,0.81,50.83,0.67
2025-02-05,09:45,February,LateWinter,Inverted-V,93,644.17,28.78,39.88,78.61,0.96,62.89,0.81,50.83,0.67
2025-02-05,10:00,February,LateWinter,Inverted-V,93,808.43,30.26,45.47,76.85,1.22,61.48,1.02,62.69,0.67
2025-02-05,10:15,February,LateWinter,Inverted-V,93,808.43,30.26,45.47,76.85,1.22,61.48,1.02,62.69,0.67
2025-02-05,10:30,February,LateWinter,Inverted-V,93,808.43,30.26,45.47,76.85,1.22,61.48,1.02,62.69,0.67
2025-02-05,10:45,February,LateWinter,Inverted-V,93,808.43,30.26,45.47,76.85,1.22,61.48,1.02,62.69,0.67
2025-02-05,11:00,February,LateWinter,Inverted-V,93,911.9,31.41,49.21,75.66,1.38,60.53,1.15,69.88,0.67
2025-02-05,11:15,February,LateWinter,Inverted-V,93,911.9,31.41,49.21,75.66,1.38,60.53,1.15,69.88,0.67
2025-02-05,11:30,February,LateWinter,Inverted-V,93,911.9,31.41,49.21,75.66,1.38,60.53,1.15,69.88,0.67
2025-02-05,11:45,February,LateWinter,Inverted-V,93,911.9,31.41,49.21,75.66,1.38,60.53,1.15,69.88,0.67
2025-02-05,12:00,February,LateWinter,Inverted-V,93,931.74,32.14,50.43,75.27,1.41,60.22,1.18,71.12,0.67
2025-02-05,12:15,February,LateWinter,Inverted-V,93,931.74,32.14,50.43,75.27,1.41,60.22,1.18,71.12,0.67
2025-02-05,12:30,February,LateWinter,Inverted-V,93,931.74,32.14,50.43,75.27,1.41,60.22,1.18,71.12,0.67
2025-02-05,12:45,February,LateWinter,Inverted-V,93,931.74,32.14,50.43,75.27,1.41,60.22,1.18,71.12,0.67
2025-02-05,13:00,February,LateWinter,Inverted-V,93,853.56,32.36,48.7,75.82,1.29,60.66,1.08,65.52,0.67
2025-02-05,13:15,February,LateWinter,Inverted-V,93,853.56,32.36,48.7,75.82,1.29,60.66,1.08,65.52,0.67
2025-02-05,13:30,February,LateWinter,Inverted-V,93,853.56,32.36,48.7,75.82,1.29,60.66,1.08,65.52,0.67
2025-02-05,13:45,February,LateWinter,Inverted-V,93,853.56,32.36,48.7,75.82,1.29,60.66,1.08,65.52,0.67
2025-02-05,14:00,February,LateWinter,Inverted-V,93,724.95,32.05,45.17,76.94,1.09,61.55,0.91,56.27,0.67
2025-02-05,14:15,February,LateWinter,Inverted-V,93,724.95,32.05,45.17,76.94,1.09,61.55,0.91,56.27,0.67
2025-02-05,14:30,February,LateWinter,Inverted-V,93,724.95,32.05,45.17,76.94,1.09,61.55,0.91,56.27,0.67
2025-02-05,14:45,February,LateWinter,Inverted-V,93,724.95,32.05,45.17,76.94,1.09,61.55,0.91,56.27,0.67
2025-02-05,15:00,February,LateWinter,Inverted-V,93,506.23,31.23,38.89,78.93,0.76,63.14,0.63,40.06,0.67
2025-02-05,15:15,February,LateWinter,Inverted-V,93,506.23,31.23,38.89,78.93,0.76,63.14,0.63,40.06,0.67
2025-02-05,15:30,February,LateWinter,Inverted-V,93,506.23,31.23,38.89,78.93,0.76,63.14,0.63,40.06,0.67
2025-02-05,15:45,February,LateWinter,Inverted-V,93,506.23,31.23,38.89,78.93,0.76,63.14,0.63,40.06,0.67
2025-02-05,16:00,February,LateWinter,Inverted-V,93,258.74,29.78,31.25,81.35,0.38,65.08,0.32,20.94,0.67
2025-02-05,16:15,February,LateWinter,Inverted-V,93,258.74,29.78,31.25,81.35,0.38,65.08,0.32,20.94,0.67
2025-02-05,16:30,February,LateWinter,Inverted-V,93,258.74,29.78,31.25,81.35,0.38,65.08,0.32,20.94,0.67
2025-02-05,16:45,February,LateWinter,Inverted-V,93,258.74,29.78,31.25,81.35,0.38,65.08,0.32,20.94,0.67
2025-02-05,17:00,February,LateWinter,Inverted-V,93,48.01,27.31,23.51,83.8,0.07,67.04,0.06,3.97,0.67
2025-02-05,17:15,February,LateWinter,Inverted-V,93,48.01,27.31,23.51,83.8,0.07,67.04,0.06,3.97,0.67
2025-02-05,17:30,February,LateWinter,Inverted-V,93,48.01,27.31,23.51,83.8,0.07,67.04,0.06,3.97,0.67
2025-02-05,17:45,February,LateWinter,Inverted-V,93,48.01,27.31,23.51,83.8,0.07,67.04,0.06,3.97,0.67
2025-02-06,06:00,February,LateWinter,Inverted-V,93,28.84,20.87,16.59,85.99,0.04,68.79,0.04,2.43,0.67
2025-02-06,06:15,February,LateWinter,Inverted-V,93,28.84,20.87,16.59,85.99,0.04,68.79,0.04,2.43,0.67
2025-02-06,06:30,February,LateWinter,Inverted-V,93,28.84,20.87,16.59,85.99,0.04,68.79,0.04,2.43,0.67
2025-02-06,06:45,February,LateWinter,Inverted-V,93,28.84,20.87,16.59,85.99,0.04,68.79,0.04,2.43,0.67
2025-02-06,07:00,February,LateWinter,Inverted-V,93,210.79,24.05,24.32,83.54,0.31,66.83,0.26,17.4,0.67
2025-02-06,07:15,February,LateWinter,Inverted-V,93,210.79,24.05,24.32,83.54,0.31,66.83,0.26,17.4,0.67
2025-02-06,07:30,February,LateWinter,Inverted-V,93,210.79,24.05,24.32,83.54,0.31,66.83,0.26,17.4,0.67
2025-02-06,07:45,February,LateWinter,Inverted-V,93,210.79,24.05,24.32,83.54,0.31,66.83,0.26,17.4,0.67
2025-02-06,08:00,February,LateWinter,Inverted-V,93,458.78,27.04,33.51,80.63,0.68,64.51,0.57,36.89,0.67
2025-02-06,08:15,February,LateWinter,Inverted-V,93,458.78,27.04,33.51,80.63,0.68,64.51,0.57,36.89,0.67
2025-02-06,08:30,February,LateWinter,Inverted-V,93,458.78,27.04,33.51,80.63,0.68,64.51,0.57,36.89,0.67
2025-02-06,08:45,February,LateWinter,Inverted-V,93,458.78,27.04,33.51,80.63,0.68,64.51,0.57,36.89,0.67
2025-02-06,09:00,February,LateWinter,Inverted-V,93,668.63,29.13,40.85,78.31,1.0,62.65,0.84,52.6,0.67
2025-02-06,09:15,February,LateWinter,Inverted-V,93,668.63,29.13,40.85,78.31,1.0,62.65,0.84,52.6,0.67
2025-02-06,09:30,February,LateWinter,Inverted-V,93,668.63,29.13,40.85,78.31,1.0,62.65,0.84,52.6,0.67
2025-02-06,09:45,February,LateWinter,Inverted-V,93,668.63,29.13,40.85,78.31,1.0,62.65,0.84,52.6,0.67
2025-02-06,10:00,February,LateWinter,Inverted-V,93,821.23,30.82,46.35,76.57,1.24,61.25,1.04,63.51,0.67
2025-02-06,10:15,February,LateWinter,Inverted-V,93,821.23,30.82,46.35,76.57,1.24,61.25,1.04,63.51,0.67
2025-02-06,10:30,February,LateWinter,Inverted-V,93,821.23,30.82,46.35,76.57,1.24,61.25,1.04,63.51,0.67
2025-02-06,10:45,February,LateWinter,Inverted-V,93,821.23,30.82,46.35,76.57,1.24,61.25,1.04,63.51,0.67
2025-02-06,11:00,February,LateWinter,Inverted-V,93,975.91,32.06,51.46,74.95,1.48,59.96,1.24,74.25,0.67
2025-02-06,11:15,February,LateWinter,Inverted-V,93,975.91,32.06,51.46,74.95,1.48,59.96,1.24,74.25,0.67
2025-02-06,11:30,February,LateWinter,Inverted-V,93,975.91,32.06,51.46,74.95,1.48,59.96,1.24,74.25,0.67
2025-02-06,11:45,February,LateWinter,Inverted-V,93,975.91,32.06,51.46,74.95,1.48,59.96,1.24,74.25,0.67
2025-02-06,12:00,February,LateWinter,Inverted-V,93,963.99,32.85,51.95,74.79,1.46,59.84,1.22,73.22,0.67
2025-02-06,12:15,February,LateWinter,Inverted-V,93,963.99,32.85,51.95,74.79,1.46,59.84,1.22,73.22,0.67
2025-02-06,12:30,February,LateWinter,Inverted-V,93,963.99,32.85,51.95,74.79,1.46,59.84,1.22,73.22,0.67
2025-02-06,12:45,February,LateWinter,Inverted-V,93,963.99,32.85,51.95,74.79,1.46,59.84,1.22,73.22,0.67
2025-02-06,13:00,February,LateWinter,Inverted-V,93,861.19,33.1,49.63,75.53,1.3,60.42,1.09,65.91,0.67
2025-02-06,13:15,February,LateWinter,Inverted-V,93,861.19,33.1,49.63,75.53,1.3,60.42,1.09,65.91,0.67
2025-02-06,13:30,February,LateWinter,Inverted-V,93,861.19,33.1,49.63,75.53,1.3,60.42,1.09,65.91,0.67
2025-02-06,13:45,February,LateWinter,Inverted-V,93,861.19,33.1,49.63,75.53,1.3,60.42,1.09,65.91,0.67
2025-02-06,14:00,February,LateWinter,Inverted-V,93,709.32,32.8,45.53,76.83,1.07,61.46,0.89,55.0,0.67
2025-02-06,14:15,February,LateWinter,Inverted-V,93,709.32,32.8,45.53,76.83,1.07,61.46,0.89,55.0,0.67
2025-02-06,14:30,February,LateWinter,Inverted-V,93,709.32,32.8,45.53,76.83,1.07,61.46,0.89,55.0,0.67
2025-02-06,14:45,February,LateWinter,Inverted-V,93,709.32,32.8,45.53,76.83,1.07,61.46,0.89,55.0,0.67
2025-02-06,15:00,February,LateWinter,Inverted-V,93,510.48,31.96,39.72,78.67,0.76,62.93,0.64,40.3,0.67
2025-02-06,15:15,February,LateWinter,Inverted-V,93,510.48,31.96,39.72,78.67,0.76,62.93,0.64,40.3,0.67
2025-02-06,15:30,February,LateWinter,Inverted-V,93,510.48,31.96,39.72,78.67,0.76,62.93,0.64,40.3,0.67
2025-02-06,15:45,February,LateWinter,Inverted-V,93,510.48,31.96,39.72,78.67,0.76,62.93,0.64,40.3,0.67
2025-02-06,16:00,February,LateWinter,Inverted-V,93,262.55,30.4,31.96,81.12,0.39,64.9,0.33,21.21,0.67
2025-02-06,16:15,February,LateWinter,Inverted-V,93,262.55,30.4,31.96,81.12,0.39,64.9,0.33,21.21,0.67
2025-02-06,16:30,February,LateWinter,Inverted-V,93,262.55,30.4,31.96,81.12,0.39,64.9,0.33,21.21,0.67
2025-02-06,16:45,February,LateWinter,Inverted-V,93,262.55,30.4,31.96,81.12,0.39,64.9,0.33,21.21,0.67
2025-02-06,17:00,February,LateWinter,Inverted-V,93,49.84,27.02,23.27,83.88,0.07,67.1,0.06,4.13,0.67
2025-02-06,17:15,February,LateWinter,Inverted-V,93,49.84,27.02,23.27,83.88,0.07,67.1,0.06,4.13,0.67
2025-02-06,17:30,February,LateWinter,Inverted-V,93,49.84,27.02,23.27,83.88,0.07,67.1,0.06,4.13,0.67
2025-02-06,17:45,February,LateWinter,Inverted-V,93,49.84,27.02,23.27,83.88,0.07,67.1,0.06,4.13,0.67
2025-02-07,06:00,February,LateWinter,Inverted-V,93,33.93,20.71,16.56,86.0,0.05,68.8,0.04,2.86,0.67
2025-02-07,06:15,February,LateWinter,Inverted-V,93,33.93,20.71,16.56,86.0,0.05,68.8,0.04,2.86,0.67
2025-02-07,06:30,February,LateWinter,Inverted-V,93,33.93,20.71,16.56,86.0,0.05,68.8,0.04,2.86,0.67
2025-02-07,06:45,February,LateWinter,Inverted-V,93,33.93,20.71,16.56,86.0,0.05,68.8,0.04,2.86,0.67
2025-02-07,07:00,February,LateWinter,Inverted-V,93,242.38,23.93,24.99,83.33,0.36,66.67,0.3,19.97,0.67
2025-02-07,07:15,February,LateWinter,Inverted-V,93,242.38,23.93,24.99,83.33,0.36,66.67,0.3,19.97,0.67
2025-02-07,07:30,February,LateWinter,Inverted-V,93,242.38,23.93,24.99,83.33,0.36,66.67,0.3,19.97,0.67
2025-02-07,07:45,February,LateWinter,Inverted-V,93,242.38,23.93,24.99,83.33,0.36,66.67,0.3,19.97,0.67
2025-02-07,08:00,February,LateWinter,Inverted-V,93,498.31,26.98,34.44,80.34,0.74,64.27,0.62,39.96,0.67
2025-02-07,08:15,February,LateWinter,Inverted-V,93,498.31,26.98,34.44,80.34,0.74,64.27,0.62,39.96,0.67
2025-02-07,08:30,February,LateWinter,Inverted-V,93,498.31,26.98,34.44,80.34,0.74,64.27,0.62,39.96,0.67
2025-02-07,08:45,February,LateWinter,Inverted-V,93,498.31,26.98,34.44,80.34,0.74,64.27,0.62,39.96,0.67
2025-02-07,09:00,February,LateWinter,Inverted-V,93,715.86,28.98,41.88,77.98,1.07,62.39,0.9,56.14,0.67
2025-02-07,09:15,February,LateWinter,Inverted-V,93,715.86,28.98,41.88,77.98,1.07,62.39,0.9,56.14,0.67
2025-02-07,09:30,February,LateWinter,Inverted-V,93,715.86,28.98,41.88,77.98,1.07,62.39,0.9,56.14,0.67
2025-02-07,09:45,February,LateWinter,Inverted-V,93,715.86,28.98,41.88,77.98,1.07,62.39,0.9,56.14,0.67
2025-02-07,10:00,February,LateWinter,Inverted-V,93,888.0,30.63,47.83,76.1,1.34,60.88,1.12,68.35,0.67
2025-02-07,10:15,February,LateWinter,Inverted-V,93,888.0,30.63,47.83,76.1,1.34,60.88,1.12,68.35,0.67
2025-02-07,10:30,February,LateWinter,Inverted-V,93,888.0,30.63,47.83,76.1,1.34,60.88,1.12,68.35,0.67
2025-02-07,10:45,February,LateWinter,Inverted-V,93,888.0,30.63,47.83,76.1,1.34,60.88,1.12,68.35,0.67
2025-02-07,11:00,February,LateWinter,Inverted-V,93,1033.47,31.9,52.74,74.55,1.57,59.64,1.31,78.3,0.67
2025-02-07,11:15,February,LateWinter,Inverted-V,93,1033.47,31.9,52.74,74.55,1.57,59.64,1.31,78.3,0.67
2025-02-07,11:30,February,LateWinter,Inverted-V,93,1033.47,31.9,52.74,74.55,1.57,59.64,1.31,78.3,0.67
2025-02-07,11:45,February,LateWinter,Inverted-V,93,1033.47,31.9,52.74,74.55,1.57,59.64,1.31,78.3,0.67
2025-02-07,12:00,February,LateWinter,Inverted-V,93,1032.99,32.68,53.5,74.3,1.57,59.44,1.31,78.07,0.67
2025-02-07,12:15,February,LateWinter,Inverted-V,93,1032.99,32.68,53.5,74.3,1.57,59.44,1.31,78.07,0.67
2025-02-07,12:30,February,LateWinter,Inverted-V,93,1032.99,32.68,53.5,74.3,1.57,59.44,1.31,78.07,0.67
2025-02-07,12:45,February,LateWinter,Inverted-V,93,1032.99,32.68,53.5,74.3,1.57,59.44,1.31,78.07,0.67
2025-02-07,13:00,February,LateWinter,Inverted-V,93,939.76,32.91,51.4,74.97,1.42,59.97,1.19,71.51,0.67
2025-02-07,13:15,February,LateWinter,Inverted-V,93,939.76,32.91,51.4,74.97,1.42,59.97,1.19,71.51,0.67
2025-02-07,13:30,February,LateWinter,Inverted-V,93,939.76,32.91,51.4,74.97,1.42,59.97,1.19,71.51,0.67
2025-02-07,13:45,February,LateWinter,Inverted-V,93,939.76,32.91,51.4,74.97,1.42,59.97,1.19,71.51,0.67
2025-02-07,14:00,February,LateWinter,Inverted-V,93,804.28,32.56,47.67,76.15,1.21,60.92,1.02,61.94,0.67
2025-02-07,14:15,February,LateWinter,Inverted-V,93,804.28,32.56,47.67,76.15,1.21,60.92,1.02,61.94,0.67
2025-02-07,14:30,February,LateWinter,Inverted-V,93,804.28,32.56,47.67,76.15,1.21,60.92,1.02,61.94,0.67
2025-02-07,14:45,February,LateWinter,Inverted-V,93,804.28,32.56,47.67,76.15,1.21,60.92,1.02,61.94,0.67
2025-02-07,15:00,February,LateWinter,Inverted-V,93,568.24,31.69,40.9,78.29,0.85,62.64,0.71,44.7,0.67
2025-02-07,15:15,February,LateWinter,Inverted-V,93,568.24,31.69,40.9,78.29,0.85,62.64,0.71,44.7,0.67
2025-02-07,15:30,February,LateWinter,Inverted-V,93,568.24,31.69,40.9,78.29,0.85,62.64,0.71,44.7,0.67
2025-02-07,15:45,February,LateWinter,Inverted-V,93,568.24,31.69,40.9,78.29,0.85,62.64,0.71,44.7,0.67
2025-02-07,16:00,February,LateWinter,Inverted-V,93,301.88,30.16,32.71,80.89,0.45,64.71,0.38,24.33,0.67
2025-02-07,16:15,February,LateWinter,Inverted-V,93,301.88,30.16,32.71,80.89,0.45,64.71,0.38,24.33,0.67
2025-02-07,16:30,February,LateWinter,Inverted-V,93,301.88,30.16,32.71,80.89,0.45,64.71,0.38,24.33,0.67
2025-02-07,16:45,February,LateWinter,Inverted-V,93,301.88,30.16,32.71,80.89,0.45,64.71,0.38,24.33,0.67
2025-02-07,17:00,February,LateWinter,Inverted-V,93,55.21,26.51,22.89,84.0,0.08,67.2,0.07,4.58,0.67
2025-02-07,17:15,February,LateWinter,Inverted-V,93,55.21,26.51,22.89,84.0,0.08,67.2,0.07,4.58,0.67
2025-02-07,17:30,February,LateWinter,Inverted-V,93,55.21,26.51,22.89,84.0,0.08,67.2,0.07,4.58,0.67
2025-02-07,17:45,February,LateWinter,Inverted-V,93,55.21,26.51,22.89,84.0,0.08,67.2,0.07,4.58,0.67
2025-02-08,06:00,February,LateWinter,Inverted-V,93,33.46,20.68,16.52,86.01,0.05,68.81,0.04,2.82,0.67
2025-02-08,06:15,February,LateWinter,Inverted-V,93,33.46,20.68,16.52,86.01,0.05,68.81,0.04,2.82,0.67
2025-02-08,06:30,February,LateWinter,Inverted-V,93,33.46,20.68,16.52,86.01,0.05,68.81,0.04,2.82,0.67
2025-02-08,06:45,February,LateWinter,Inverted-V,93,33.46,20.68,16.52,86.01,0.05,68.81,0.04,2.82,0.67
2025-02-08,07:00,February,LateWinter,Inverted-V,93,240.49,23.75,24.76,83.4,0.35,66.72,0.3,19.83,0.67
2025-02-08,07:15,February,LateWinter,Inverted-V,93,240.49,23.75,24.76,83.4,0.35,66.72,0.3,19.83,0.67
2025-02-08,07:30,February,LateWinter,Inverted-V,93,240.49,23.75,24.76,83.4,0.35,66.72,0.3,19.83,0.67
2025-02-08,07:45,February,LateWinter,Inverted-V,93,240.49,23.75,24.76,83.4,0.35,66.72,0.3,19.83,0.67
2025-02-08,08:00,February,LateWinter,Inverted-V,93,503.06,26.73,34.31,80.38,0.75,64.3,0.63,40.36,0.67
2025-02-08,08:15,February,LateWinter,Inverted-V,93,503.06,26.73,34.31,80.38,0.75,64.3,0.63,40.36,0.67
2025-02-08,08:30,February,LateWinter,Inverted-V,93,503.06,26.73,34.31,80.38,0.75,64.3,0.63,40.36,0.67
2025-02-08,08:45,February,LateWinter,Inverted-V,93,503.06,26.73,34.31,80.38,0.75,64.3,0.63,40.36,0.67
2025-02-08,09:00,February,LateWinter,Inverted-V,93,675.59,28.85,40.74,78.34,1.01,62.68,0.85,53.17,0.67
2025-02-08,09:15,February,LateWinter,Inverted-V,93,675.59,28.85,40.74,78.34,1.01,62.68,0.85,53.17,0.67
2025-02-08,09:30,February,LateWinter,Inverted-V,93,675.59,28.85,40.74,78.34,1.01,62.68,0.85,53.17,0.67
2025-02-08,09:45,February,LateWinter,Inverted-V,93,675.59,28.85,40.74,78.34,1.01,62.68,0.85,53.17,0.67
2025-02-08,10:00,February,LateWinter,Inverted-V,93,915.57,30.57,48.46,75.9,1.38,60.72,1.16,70.33,0.67
2025-02-08,10:15,February,LateWinter,Inverted-V,93,915.57,30.57,48.46,75.9,1.38,60.72,1.16,70.33,0.67
2025-02-08,10:30,February,LateWinter,Inverted-V,93,915.57,30.57,48.46,75.9,1.38,60.72,1.16,70.33,0.67
2025-02-08,10:45,February,LateWinter,Inverted-V,93,915.57,30.57,48.46,75.9,1.38,60.72,1.16,70.33,0.67
2025-02-08,11:00,February,LateWinter,Inverted-V,93,987.21,31.9,51.58,74.91,1.5,59.93,1.25,75.08,0.67
2025-02-08,11:15,February,LateWinter,Inverted-V,93,987.21,31.9,51.58,74.91,1.5,59.93,1.25,75.08,0.67
2025-02-08,11:30,February,LateWinter,Inverted-V,93,987.21,31.9,51.58,74.91,1.5,59.93,1.25,75.08,0.67
2025-02-08,11:45,February,LateWinter,Inverted-V,93,987.21,31.9,51.58,74.91,1.5,59.93,1.25,75.08,0.67
2025-02-08,12:00,February,LateWinter,Inverted-V,93,866.52,32.67,49.33,75.62,1.31,60.5,1.1,66.38,0.67
2025-02-08,12:15,February,LateWinter,Inverted-V,93,866.52,32.67,49.33,75.62,1.31,60.5,1.1,66.38,0.67
2025-02-08,12:30,February,LateWinter,Inverted-V,93,866.52,32.67,49.33,75.62,1.31,60.5,1.1,66.38,0.67
2025-02-08,12:45,February,LateWinter,Inverted-V,93,866.52,32.67,49.33,75.62,1.31,60.5,1.1,66.38,0.67
2025-02-08,13:00,February,LateWinter,Inverted-V,93,854.39,32.82,49.18,75.67,1.29,60.54,1.08,65.48,0.67
2025-02-08,13:15,February,LateWinter,Inverted-V,93,854.39,32.82,49.18,75.67,1.29,60.54,1.08,65.48,0.67
2025-02-08,13:30,February,LateWinter,Inverted-V,93,854.39,32.82,49.18,75.67,1.29,60.54,1.08,65.48,0.67
2025-02-08,13:45,February,LateWinter,Inverted-V,93,854.39,32.82,49.18,75.67,1.29,60.54,1.08,65.48,0.67
2025-02-08,14:00,February,LateWinter,Inverted-V,93,689.61,32.36,44.6,77.12,1.04,61.7,0.87,53.63,0.67
2025-02-08,14:15,February,LateWinter,Inverted-V,93,689.61,32.36,44.6,77.12,1.04,61.7,0.87,53.63,0.67
2025-02-08,14:30,February,LateWinter,Inverted-V,93,689.61,32.36,44.6,77.12,1.04,61.7,0.87,53.63,0.67
2025-02-08,14:45,February,LateWinter,Inverted-V,93,689.61,32.36,44.6,77.12,1.04,61.7,0.87,53.63,0.67
2025-02-08,15:00,February,LateWinter,Inverted-V,93,477.58,31.54,38.48,79.06,0.71,63.25,0.6,37.84,0.67
2025-02-08,15:15,February,LateWinter,Inverted-V,93,477.58,31.54,38.48,79.06,0.71,63.25,0.6,37.84,0.67
2025-02-08,15:30,February,LateWinter,Inverted-V,93,477.58,31.54,38.48,79.06,0.71,63.25,0.6,37.84,0.67
2025-02-08,15:45,February,LateWinter,Inverted-V,93,477.58,31.54,38.48,79.06,0.71,63.25,0.6,37.84,0.67
2025-02-08,16:00,February,LateWinter,Inverted-V,93,245.18,30.14,31.27,81.34,0.36,65.07,0.3,19.85,0.67
2025-02-08,16:15,February,LateWinter,Inverted-V,93,245.18,30.14,31.27,81.34,0.36,65.07,0.3,19.85,0.67
2025-02-08,16:30,February,LateWinter,Inverted-V,93,245.18,30.14,31.27,81.34,0.36,65.07,0.3,19.85,0.67
2025-02-08,16:45,February,LateWinter,Inverted-V,93,245.18,30.14,31.27,81.34,0.36,65.07,0.3,19.85,0.67
2025-02-08,17:00,February,LateWinter,Inverted-V,93,41.49,27.14,23.18,83.91,0.06,67.12,0.05,3.44,0.67
2025-02-08,17:15,February,LateWinter,Inverted-V,93,41.49,27.14,23.18,83.91,0.06,67.12,0.05,3.44,0.67
2025-02-08,17:30,February,LateWinter,Inverted-V,93,41.49,27.14,23.18,83.91,0.06,67.12,0.05,3.44,0.67
2025-02-08,17:45,February,LateWinter,Inverted-V,93,41.49,27.14,23.18,83.91,0.06,67.12,0.05,3.44,0.67
2025-02-09,06:00,February,LateWinter,Inverted-V,93,27.99,21.74,17.44,85.72,0.04,68.58,0.03,2.36,0.67
2025-02-09,06:15,February,LateWinter,Inverted-V,93,27.99,21.74,17.44,85.72,0.04,68.58,0.03,2.36,0.67
2025-02-09,06:30,February,LateWinter,Inverted-V,93,27.99,21.74,17.44,85.72,0.04,68.58,0.03,2.36,0.67
2025-02-09,06:45,February,LateWinter,Inverted-V,93,27.99,21.74,17.44,85.72,0.04,68.58,0.03,2.36,0.67
2025-02-09,07:00,February,LateWinter,Inverted-V,93,234.14,24.72,25.57,83.15,0.35,66.52,0.29,19.26,0.67
2025-02-09,07:15,February,LateWinter,Inverted-V,93,234.14,24.72,25.57,83.15,0.35,66.52,0.29,19.26,0.67
2025-02-09,07:30,February,LateWinter,Inverted-V,93,234.14,24.72,25.57,83.15,0.35,66.52,0.29,19.26,0.67
2025-02-09,07:45,February,LateWinter,Inverted-V,93,234.14,24.72,25.57,83.15,0.35,66.52,0.29,19.26,0.67
2025-02-09,08:00,February,LateWinter,Inverted-V,93,443.97,27.44,33.54,80.62,0.66,64.5,0.55,35.7,0.67
2025-02-09,08:15,February,LateWinter,Inverted-V,93,443.97,27.44,33.54,80.62,0.66,64.5,0.55,35.7,0.67
2025-02-09,08:30,February,LateWinter,Inverted-V,93,443.97,27.44,33.54,80.62,0.66,64.5,0.55,35.7,0.67
2025-02-09,08:45,February,LateWinter,Inverted-V,93,443.97,27.44,33.54,80.62,0.66,64.5,0.55,35.7,0.67
2025-02-09,09:00,February,LateWinter,Inverted-V,93,641.49,29.55,40.59,78.39,0.96,62.71,0.81,50.51,0.67
2025-02-09,09:15,February,LateWinter,Inverted-V,93,641.49,29.55,40.59,78.39,0.96,62.71,0.81,50.51,0.67
2025-02-09,09:30,February,LateWinter,Inverted-V,93,641.49,29.55,40.59,78.39,0.96,62.71,0.81,50.51,0.67
2025-02-09,09:45,February,LateWinter,Inverted-V,93,641.49,29.55,40.59,78.39,0.96,62.71,0.81,50.51,0.67
2025-02-09,10:00,February,LateWinter,Inverted-V,93,800.31,31.21,46.22,76.61,1.21,61.29,1.01,61.92,0.67
2025-02-09,10:15,February,LateWinter,Inverted-V,93,800.31,31.21,46.22,76.61,1.21,61.29,1.01,61.92,0.67
2025-02-09,10:30,February,LateWinter,Inverted-V,93,800.31,31.21,46.22,76.61,1.21,61.29,1.01,61.92,0.67
2025-02-09,10:45,February,LateWinter,Inverted-V,93,800.31,31.21,46.22,76.61,1.21,61.29,1.01,61.92,0.67
2025-02-09,11:00,February,LateWinter,Inverted-V,93,938.76,32.47,50.94,75.11,1.42,60.09,1.19,71.54,0.67
2025-02-09,11:15,February,LateWinter,Inverted-V,93,938.76,32.47,50.94,75.11,1.42,60.09,1.19,71.54,0.67
2025-02-09,11:30,February,LateWinter,Inverted-V,93,938.76,32.47,50.94,75.11,1.42,60.09,1.19,71.54,0.67
2025-02-09,11:45,February,LateWinter,Inverted-V,93,938.76,32.47,50.94,75.11,1.42,60.09,1.19,71.54,0.67
2025-02-09,12:00,February,LateWinter,Inverted-V,93,908.69,33.23,50.95,75.11,1.38,60.09,1.15,69.25,0.67
2025-02-09,12:15,February,LateWinter,Inverted-V,93,908.69,33.23,50.95,75.11,1.38,60.09,1.15,69.25,0.67
2025-02-09,12:30,February,LateWinter,Inverted-V,93,908.69,33.23,50.95,75.11,1.38,60.09,1.15,69.25,0.67
2025-02-09,12:45,February,LateWinter,Inverted-V,93,908.69,33.23,50.95,75.11,1.38,60.09,1.15,69.25,0.67
2025-02-09,13:00,February,LateWinter,Inverted-V,93,836.24,33.44,49.35,75.62,1.26,60.5,1.06,64.06,0.67
2025-02-09,13:15,February,LateWinter,Inverted-V,93,836.24,33.44,49.35,75.62,1.26,60.5,1.06,64.06,0.67
2025-02-09,13:30,February,LateWinter,Inverted-V,93,836.24,33.44,49.35,75.62,1.26,60.5,1.06,64.06,0.67
2025-02-09,13:45,February,LateWinter,Inverted-V,93,836.24,33.44,49.35,75.62,1.26,60.5,1.06,64.06,0.67
2025-02-09,14:00,February,LateWinter,Inverted-V,93,679.08,33.04,45.02,76.99,1.02,61.59,0.86,52.74,0.67
2025-02-09,14:15,February,LateWinter,Inverted-V,93,679.08,33.04,45.02,76.99,1.02,61.59,0.86,52.74,0.67
2025-02-09,14:30,February,LateWinter,Inverted-V,93,679.08,33.04,45.02,76.99,1.02,61.59,0.86,52.74,0.67
2025-02-09,14:45,February,LateWinter,Inverted-V,93,679.08,33.04,45.02,76.99,1.02,61.59,0.86,52.74,0.67
2025-02-09,15:00,February,LateWinter,Inverted-V,93,467.51,32.2,38.89,78.93,0.7,63.14,0.59,37.0,0.67
2025-02-09,15:15,February,LateWinter,Inverted-V,93,467.51,32.2,38.89,78.93,0.7,63.14,0.59,37.0,0.67
2025-02-09,15:30,February,LateWinter,Inverted-V,93,467.51,32.2,38.89,78.93,0.7,63.14,0.59,37.0,0.67
2025-02-09,15:45,February,LateWinter,Inverted-V,93,467.51,32.2,38.89,78.93,0.7,63.14,0.59,37.0,0.67
2025-02-09,16:00,February,LateWinter,Inverted-V,93,237.28,30.69,31.62,81.23,0.35,64.98,0.3,19.19,0.67
2025-02-09,16:15,February,LateWinter,Inverted-V,93,237.28,30.69,31.62,81.23,0.35,64.98,0.3,19.19,0.67
2025-02-09,16:30,February,LateWinter,Inverted-V,93,237.28,30.69,31.62,81.23,0.35,64.98,0.3,19.19,0.67
2025-02-09,16:45,February,LateWinter,Inverted-V,93,237.28,30.69,31.62,81.23,0.35,64.98,0.3,19.19,0.67
2025-02-09,17:00,February,LateWinter,Inverted-V,93,42.12,27.38,23.43,83.82,0.06,67.06,0.05,3.49,0.67
2025-02-09,17:15,February,LateWinter,Inverted-V,93,42.12,27.38,23.43,83.82,0.06,67.06,0.05,3.49,0.67
2025-02-09,17:30,February,LateWinter,Inverted-V,93,42.12,27.38,23.43,83.82,0.06,67.06,0.05,3.49,0.67
2025-02-09,17:45,February,LateWinter,Inverted-V,93,42.12,27.38,23.43,83.82,0.06,67.06,0.05,3.49,0.67
2025-02-10,06:00,February,LateWinter,Inverted-V,93,28.08,21.71,17.41,85.73,0.04,68.58,0.03,2.36,0.67
2025-02-10,06:15,February,LateWinter,Inverted-V,93,28.08,21.71,17.41,85.73,0.04,68.58,0.03,2.36,0.67
2025-02-10,06:30,February,LateWinter,Inverted-V,93,28.08,21.71,17.41,85.73,0.04,68.58,0.03,2.36,0.67
2025-02-10,06:45,February,LateWinter,Inverted-V,93,28.08,21.71,17.41,85.73,0.04,68.58,0.03,2.36,0.67
2025-02-10,07:00,February,LateWinter,Inverted-V,93,211.81,24.76,25.06,83.31,0.31,66.65,0.26,17.45,0.67
2025-02-10,07:15,February,LateWinter,Inverted-V,93,211.81,24.76,25.06,83.31,0.31,66.65,0.26,17.45,0.67
2025-02-10,07:30,February,LateWinter,Inverted-V,93,211.81,24.76,25.06,83.31,0.31,66.65,0.26,17.45,0.67
2025-02-10,07:45,February,LateWinter,Inverted-V,93,211.81,24.76,25.06,83.31,0.31,66.65,0.26,17.45,0.67
2025-02-10,08:00,February,LateWinter,Inverted-V,93,457.79,27.24,33.68,80.58,0.68,64.46,0.57,36.8,0.67
2025-02-10,08:15,February,LateWinter,Inverted-V,93,457.79,27.24,33.68,80.58,0.68,64.46,0.57,36.8,0.67
2025-02-10,08:30,February,LateWinter,Inverted-V,93,457.79,27.24,33.68,80.58,0.68,64.46,0.57,36.8,0.67
2025-02-10,08:45,February,LateWinter,Inverted-V,93,457.79,27.24,33.68,80.58,0.68,64.46,0.57,36.8,0.67
2025-02-10,09:00,February,LateWinter,Inverted-V,93,669.78,29.27,41.01,78.26,1.0,62.61,0.84,52.66,0.67
2025-02-10,09:15,February,LateWinter,Inverted-V,93,669.78,29.27,41.01,78.26,1.0,62.61,0.84,52.66,0.67
2025-02-10,09:30,February,LateWinter,Inverted-V,93,669.78,29.27,41.01,78.26,1.0,62.61,0.84,52.66,0.67
2025-02-10,09:45,February,LateWinter,Inverted-V,93,669.78,29.27,41.01,78.26,1.0,62.61,0.84,52.66,0.67
2025-02-10,10:00,February,LateWinter,Inverted-V,93,798.63,31.06,46.03,76.67,1.2,61.34,1.01,61.83,0.67
2025-02-10,10:15,February,LateWinter,Inverted-V,93,798.63,31.06,46.03,76.67,1.2,61.34,1.01,61.83,0.67
2025-02-10,10:30,February,LateWinter,Inverted-V,93,798.63,31.06,46.03,76.67,1.2,61.34,1.01,61.83,0.67
2025-02-10,10:45,February,LateWinter,Inverted-V,93,798.63,31.06,46.03,76.67,1.2,61.34,1.01,61.83,0.67
2025-02-10,11:00,February,LateWinter,Inverted-V,93,923.91,32.49,50.59,75.23,1.4,60.18,1.17,70.49,0.67
2025-02-10,11:15,February,LateWinter,Inverted-V,93,923.91,32.49,50.59,75.23,1.4,60.18,1.17,70.49,0.67
2025-02-10,11:30,February,LateWinter,Inverted-V,93,923.91,32.49,50.59,75.23,1.4,60.18,1.17,70.49,0.67
2025-02-10,11:45,February,LateWinter,Inverted-V,93,923.91,32.49,50.59,75.23,1.4,60.18,1.17,70.49,0.67
2025-02-10,12:00,February,LateWinter,Inverted-V,93,926.13,33.37,51.52,74.93,1.4,59.94,1.18,70.45,0.67
2025-02-10,12:15,February,LateWinter,Inverted-V,93,926.13,33.37,51.52,74.93,1.4,59.94,1.18,70.45,0.67
2025-02-10,12:30,February,LateWinter,Inverted-V,93,926.13,33.37,51.52,74.93,1.4,59.94,1.18,70.45,0.67
2025-02-10,12:45,February,LateWinter,Inverted-V,93,926.13,33.37,51.52,74.93,1.4,59.94,1.18,70.45,0.67
2025-02-10,13:00,February,LateWinter,Inverted-V,93,778.55,33.78,48.24,75.97,1.18,60.77,0.98,59.85,0.67
2025-02-10,13:15,February,LateWinter,Inverted-V,93,778.55,33.78,48.24,75.97,1.18,60.77,0.98,59.85,0.67
2025-02-10,13:30,February,LateWinter,Inverted-V,93,778.55,33.78,48.24,75.97,1.18,60.77,0.98,59.85,0.67
2025-02-10,13:45,February,LateWinter,Inverted-V,93,778.55,33.78,48.24,75.97,1.18,60.77,0.98,59.85,0.67
2025-02-10,14:00,February,LateWinter,Inverted-V,93,719.91,33.51,46.51,76.52,1.09,61.21,0.91,55.65,0.67
2025-02-10,14:15,February,LateWinter,Inverted-V,93,719.91,33.51,46.51,76.52,1.09,61.21,0.91,55.65,0.67
2025-02-10,14:30,February,LateWinter,Inverted-V,93,719.91,33.51,46.51,76.52,1.09,61.21,0.91,55.65,0.67
2025-02-10,14:45,February,LateWinter,Inverted-V,93,719.91,33.51,46.51,76.52,1.09,61.21,0.91,55.65,0.67
2025-02-10,15:00,February,LateWinter,Inverted-V,93,517.88,32.67,40.62,78.38,0.78,62.71,0.65,40.77,0.67
2025-02-10,15:15,February,LateWinter,Inverted-V,93,517.88,32.67,40.62,78.38,0.78,62.71,0.65,40.77,0.67
2025-02-10,15:30,February,LateWinter,Inverted-V,93,517.88,32.67,40.62,78.38,0.78,62.71,0.65,40.77,0.67
2025-02-10,15:45,February,LateWinter,Inverted-V,93,517.88,32.67,40.62,78.38,0.78,62.71,0.65,40.77,0.67
2025-02-10,16:00,February,LateWinter,Inverted-V,93,265.52,31.18,32.82,80.85,0.39,64.68,0.33,21.4,0.67
2025-02-10,16:15,February,LateWinter,Inverted-V,93,265.52,31.18,32.82,80.85,0.39,64.68,0.33,21.4,0.67
2025-02-10,16:30,February,LateWinter,Inverted-V,93,265.52,31.18,32.82,80.85,0.39,64.68,0.33,21.4,0.67
2025-02-10,16:45,February,LateWinter,Inverted-V,93,265.52,31.18,32.82,80.85,0.39,64.68,0.33,21.4,0.67
2025-02-10,17:00,February,LateWinter,Inverted-V,93,49.14,27.65,23.88,83.68,0.07,66.95,0.06,4.06,0.67
2025-02-10,17:15,February,LateWinter,Inverted-V,93,49.14,27.65,23.88,83.68,0.07,66.95,0.06,4.06,0.67
2025-02-10,17:30,February,LateWinter,Inverted-V,93,49.14,27.65,23.88,83.68,0.07,66.95,0.06,4.06,0.67
2025-02-10,17:45,February,LateWinter,Inverted-V,93,49.14,27.65,23.88,83.68,0.07,66.95,0.06,4.06,0.67
2025-02-11,06:00,February,LateWinter,Inverted-V,93,34.02,20.82,16.67,85.97,0.05,68.77,0.04,2.87,0.67
2025-02-11,06:15,February,LateWinter,Inverted-V,93,34.02,20.82,16.67,85.97,0.05,68.77,0.04,2.87,0.67
2025-02-11,06:30,February,LateWinter,Inverted-V,93,34.02,20.82,16.67,85.97,0.05,68.77,0.04,2.87,0.67
2025-02-11,06:45,February,LateWinter,Inverted-V,93,34.02,20.82,16.67,85.97,0.05,68.77,0.04,2.87,0.67
2025-02-11,07:00,February,LateWinter,Inverted-V,93,245.78,24.19,25.33,83.22,0.36,66.58,0.3,20.23,0.67
2025-02-11,07:15,February,LateWinter,Inverted-V,93,245.78,24.19,25.33,83.22,0.36,66.58,0.3,20.23,0.67
2025-02-11,07:30,February,LateWinter,Inverted-V,93,245.78,24.19,25.33,83.22,0.36,66.58,0.3,20.23,0.67
2025-02-11,07:45,February,LateWinter,Inverted-V,93,245.78,24.19,25.33,83.22,0.36,66.58,0.3,20.23,0.67
2025-02-11,08:00,February,LateWinter,Inverted-V,93,512.24,26.94,34.75,80.24,0.76,64.19,0.64,41.04,0.67
2025-02-11,08:15,February,LateWinter,Inverted-V,93,512.24,26.94,34.75,80.24,0.76,64.19,0.64,41.04,0.67
2025-02-11,08:30,February,LateWinter,Inverted-V,93,512.24,26.94,34.75,80.24,0.76,64.19,0.64,41.04,0.67
2025-02-11,08:45,February,LateWinter,Inverted-V,93,512.24,26.94,34.75,80.24,0.76,64.19,0.64,41.04,0.67
2025-02-11,09:00,February,LateWinter,Inverted-V,93,757.8,29.13,43.08,77.6,1.14,62.08,0.95,59.21,0.67
2025-02-11,09:15,February,LateWinter,Inverted-V,93,757.8,29.13,43.08,77.6,1.14,62.08,0.95,59.21,0.67
2025-02-11,09:30,February,LateWinter,Inverted-V,93,757.8,29.13,43.08,77.6,1.14,62.08,0.95,59.21,0.67
2025-02-11,09:45,February,LateWinter,Inverted-V,93,757.8,29.13,43.08,77.6,1.14,62.08,0.95,59.21,0.67
2025-02-11,10:00,February,LateWinter,Inverted-V,93,935.5,31.07,49.46,75.58,1.41,60.47,1.18,71.63,0.67
2025-02-11,10:15,February,LateWinter,Inverted-V,93,935.5,31.07,49.46,75.58,1.41,60.47,1.18,71.63,0.67
2025-02-11,10:30,February,LateWinter,Inverted-V,93,935.5,31.07,49.46,75.58,1.41,60.47,1.18,71.63,0.67
2025-02-11,10:45,February,LateWinter,Inverted-V,93,935.5,31.07,49.46,75.58,1.41,60.47,1.18,71.63,0.67
2025-02-11,11:00,February,LateWinter,Inverted-V,93,1049.52,32.54,53.78,74.22,1.59,59.37,1.33,79.24,0.67
2025-02-11,11:15,February,LateWinter,Inverted-V,93,1049.52,32.54,53.78,74.22,1.59,59.37,1.33,79.24,0.67
2025-02-11,11:30,February,LateWinter,Inverted-V,93,1049.52,32.54,53.78,74.22,1.59,59.37,1.33,79.24,0.67
2025-02-11,11:45,February,LateWinter,Inverted-V,93,1049.52,32.54,53.78,74.22,1.59,59.37,1.33,79.24,0.67
2025-02-11,12:00,February,LateWinter,Inverted-V,93,1056.96,33.48,54.9,73.86,1.61,59.09,1.35,79.51,0.67
2025-02-11,12:15,February,LateWinter,Inverted-V,93,1056.96,33.48,54.9,73.86,1.61,59.09,1.35,79.51,0.67
2025-02-11,12:30,February,LateWinter,Inverted-V,93,1056.96,33.48,54.9,73.86,1.61,59.09,1.35,79.51,0.67
2025-02-11,12:45,February,LateWinter,Inverted-V,93,1056.96,33.48,54.9,73.86,1.61,59.09,1.35,79.51,0.67
2025-02-11,13:00,February,LateWinter,Inverted-V,93,975.56,33.88,53.27,74.38,1.48,59.5,1.24,73.78,0.67
2025-02-11,13:15,February,LateWinter,Inverted-V,93,975.56,33.88,53.27,74.38,1.48,59.5,1.24,73.78,0.67
2025-02-11,13:30,February,LateWinter,Inverted-V,93,975.56,33.88,53.27,74.38,1.48,59.5,1.24,73.78,0.67
2025-02-11,13:45,February,LateWinter,Inverted-V,93,975.56,33.88,53.27,74.38,1.48,59.5,1.24,73.78,0.67
2025-02-11,14:00,February,LateWinter,Inverted-V,93,812.19,33.79,49.09,75.7,1.23,60.56,1.03,62.27,0.67
2025-02-11,14:15,February,LateWinter,Inverted-V,93,812.19,33.79,49.09,75.7,1.23,60.56,1.03,62.27,0.67
2025-02-11,14:30,February,LateWinter,Inverted-V,93,812.19,33.79,49.09,75.7,1.23,60.56,1.03,62.27,0.67
2025-02-11,14:45,February,LateWinter,Inverted-V,93,812.19,33.79,49.09,75.7,1.23,60.56,1.03,62.27,0.67
2025-02-11,15:00,February,LateWinter,Inverted-V,93,582.71,33.16,42.73,77.71,0.88,62.17,0.73,45.58,0.67
2025-02-11,15:15,February,LateWinter,Inverted-V,93,582.71,33.16,42.73,77.71,0.88,62.17,0.73,45.58,0.67
2025-02-11,15:30,February,LateWinter,Inverted-V,93,582.71,33.16,42.73,77.71,0.88,62.17,0.73,45.58,0.67
2025-02-11,15:45,February,LateWinter,Inverted-V,93,582.71,33.16,42.73,77.71,0.88,62.17,0.73,45.58,0.67
2025-02-11,16:00,February,LateWinter,Inverted-V,93,314.73,31.67,34.54,80.31,0.47,64.25,0.39,25.23,0.67
2025-02-11,16:15,February,LateWinter,Inverted-V,93,314.73,31.67,34.54,80.31,0.47,64.25,0.39,25.23,0.67
2025-02-11,16:30,February,LateWinter,Inverted-V,93,314.73,31.67,34.54,80.31,0.47,64.25,0.39,25.23,0.67
2025-02-11,16:45,February,LateWinter,Inverted-V,93,314.73,31.67,34.54,80.31,0.47,64.25,0.39,25.23,0.67
2025-02-11,17:00,February,LateWinter,Inverted-V,93,63.67,27.75,24.34,83.54,0.09,66.83,0.08,5.26,0.67
2025-02-11,17:15,February,LateWinter,Inverted-V,93,63.67,27.75,24.34,83.54,0.09,66.83,0.08,5.26,0.67
2025-02-11,17:30,February,LateWinter,Inverted-V,93,63.67,27.75,24.34,83.54,0.09,66.83,0.08,5.26,0.67
2025-02-11,17:45,February,LateWinter,Inverted-V,93,63.67,27.75,24.34,83.54,0.09,66.83,0.08,5.26,0.67
2025-02-12,06:00,February,LateWinter,Inverted-V,93,30.67,21.97,17.74,85.63,0.04,68.5,0.04,2.58,0.67
2025-02-12,06:15,February,LateWinter,Inverted-V,93,30.67,21.97,17.74,85.63,0.04,68.5,0.04,2.58,0.67
2025-02-12,06:30,February,LateWinter,Inverted-V,93,30.67,21.97,17.74,85.63,0.04,68.5,0.04,2.58,0.67
2025-02-12,06:45,February,LateWinter,Inverted-V,93,30.67,21.97,17.74,85.63,0.04,68.5,0.04,2.58,0.67
2025-02-12,07:00,February,LateWinter,Inverted-V,93,235.46,24.65,25.54,83.16,0.35,66.53,0.29,19.37,0.67
2025-02-12,07:15,February,LateWinter,Inverted-V,93,235.46,24.65,25.54,83.16,0.35,66.53,0.29,19.37,0.67
2025-02-12,07:30,February,LateWinter,Inverted-V,93,235.46,24.65,25.54,83.16,0.35,66.53,0.29,19.37,0.67
2025-02-12,07:45,February,LateWinter,Inverted-V,93,235.46,24.65,25.54,83.16,0.35,66.53,0.29,19.37,0.67
2025-02-12,08:00,February,LateWinter,Inverted-V,93,470.72,27.05,33.82,80.54,0.7,64.43,0.59,37.82,0.67
2025-02-12,08:15,February,LateWinter,Inverted-V,93,470.72,27.05,33.82,80.54,0.7,64.43,0.59,37.82,0.67
2025-02-12,08:30,February,LateWinter,Inverted-V,93,470.72,27.05,33.82,80.54,0.7,64.43,0.59,37.82,0.67
2025-02-12,08:45,February,LateWinter,Inverted-V,93,470.72,27.05,33.82,80.54,0.7,64.43,0.59,37.82,0.67
2025-02-12,09:00,February,LateWinter,Inverted-V,93,721.89,29.34,42.39,77.82,1.08,62.26,0.91,56.52,0.67
2025-02-12,09:15,February,LateWinter,Inverted-V,93,721.89,29.34,42.39,77.82,1.08,62.26,0.91,56.52,0.67
2025-02-12,09:30,February,LateWinter,Inverted-V,93,721.89,29.34,42.39,77.82,1.08,62.26,0.91,56.52,0.67
2025-02-12,09:45,February,LateWinter,Inverted-V,93,721.89,29.34,42.39,77.82,1.08,62.26,0.91,56.52,0.67
2025-02-12,10:00,February,LateWinter,Inverted-V,93,898.88,31.34,48.81,75.79,1.36,60.63,1.14,68.97,0.67
2025-02-12,10:15,February,LateWinter,Inverted-V,93,898.88,31.34,48.81,75.79,1.36,60.63,1.14,68.97,0.67
2025-02-12,10:30,February,LateWinter,Inverted-V,93,898.88,31.34,48.81,75.79,1.36,60.63,1.14,68.97,0.67
2025-02-12,10:45,February,LateWinter,Inverted-V,93,898.88,31.34,48.81,75.79,1.36,60.63,1.14,68.97,0.67
2025-02-12,11:00,February,LateWinter,Inverted-V,93,1010.64,32.91,53.18,74.41,1.53,59.52,1.28,76.46,0.67
2025-02-12,11:15,February,LateWinter,Inverted-V,93,1010.64,32.91,53.18,74.41,1.53,59.52,1.28,76.46,0.67
2025-02-12,11:30,February,LateWinter,Inverted-V,93,1010.64,32.91,53.18,74.41,1.53,59.52,1.28,76.46,0.67
2025-02-12,11:45,February,LateWinter,Inverted-V,93,1010.64,32.91,53.18,74.41,1.53,59.52,1.28,76.46,0.67
2025-02-12,12:00,February,LateWinter,Inverted-V,93,1015.09,33.99,54.37,74.03,1.54,59.22,1.29,76.5,0.67
2025-02-12,12:15,February,LateWinter,Inverted-V,93,1015.09,33.99,54.37,74.03,1.54,59.22,1.29,76.5,0.67
2025-02-12,12:30,February,LateWinter,Inverted-V,93,1015.09,33.99,54.37,74.03,1.54,59.22,1.29,76.5,0.67
2025-02-12,12:45,February,LateWinter,Inverted-V,93,1015.09,33.99,54.37,74.03,1.54,59.22,1.29,76.5,0.67
2025-02-12,13:00,February,LateWinter,Inverted-V,93,920.52,34.49,52.5,74.62,1.4,59.7,1.17,69.8,0.67
2025-02-12,13:15,February,LateWinter,Inverted-V,93,920.52,34.49,52.5,74.62,1.4,59.7,1.17,69.8,0.67
2025-02-12,13:30,February,LateWinter,Inverted-V,93,920.52,34.49,52.5,74.62,1.4,59.7,1.17,69.8,0.67
2025-02-12,13:45,February,LateWinter,Inverted-V,93,920.52,34.49,52.5,74.62,1.4,59.7,1.17,69.8,0.67
2025-02-12,14:00,February,LateWinter,Inverted-V,93,779.46,34.3,48.79,75.8,1.18,60.64,0.99,59.81,0.67
2025-02-12,14:15,February,LateWinter,Inverted-V,93,779.46,34.3,48.79,75.8,1.18,60.64,0.99,59.81,0.67
2025-02-12,14:30,February,LateWinter,Inverted-V,93,779.46,34.3,48.79,75.8,1.18,60.64,0.99,59.81,0.67
2025-02-12,14:45,February,LateWinter,Inverted-V,93,779.46,34.3,48.79,75.8,1.18,60.64,0.99,59.81,0.67
2025-02-12,15:00,February,LateWinter,Inverted-V,93,560.65,33.46,42.48,77.79,0.84,62.24,0.71,43.89,0.67
2025-02-12,15:15,February,LateWinter,Inverted-V,93,560.65,33.46,42.48,77.79,0.84,62.24,0.71,43.89,0.67
2025-02-12,15:30,February,LateWinter,Inverted-V,93,560.65,33.46,42.48,77.79,0.84,62.24,0.71,43.89,0.67
2025-02-12,15:45,February,LateWinter,Inverted-V,93,560.65,33.46,42.48,77.79,0.84,62.24,0.71,43.89,0.67
2025-02-12,16:00,February,LateWinter,Inverted-V,93,293.6,31.88,34.22,80.41,0.44,64.33,0.37,23.56,0.67
2025-02-12,16:15,February,LateWinter,Inverted-V,93,293.6,31.88,34.22,80.41,0.44,64.33,0.37,23.56,0.67
2025-02-12,16:30,February,LateWinter,Inverted-V,93,293.6,31.88,34.22,80.41,0.44,64.33,0.37,23.56,0.67
2025-02-12,16:45,February,LateWinter,Inverted-V,93,293.6,31.88,34.22,80.41,0.44,64.33,0.37,23.56,0.67
2025-02-12,17:00,February,LateWinter,Inverted-V,93,57.42,28.37,24.81,83.39,0.08,66.71,0.07,4.73,0.67
2025-02-12,17:15,February,LateWinter,Inverted-V,93,57.42,28.37,24.81,83.39,0.08,66.71,0.07,4.73,0.67
2025-02-12,17:30,February,LateWinter,Inverted-V,93,57.42,28.37,24.81,83.39,0.08,66.71,0.07,4.73,0.67
2025-02-12,17:45,February,LateWinter,Inverted-V,93,57.42,28.37,24.81,83.39,0.08,66.71,0.07,4.73,0.67
2025-02-13,06:00,February,LateWinter,Inverted-V,93,32.02,20.51,16.31,86.08,0.05,68.86,0.04,2.7,0.67
2025-02-13,06:15,February,LateWinter,Inverted-V,93,32.02,20.51,16.31,86.08,0.05,68.86,0.04,2.7,0.67
2025-02-13,06:30,February,LateWinter,Inverted-V,93,32.02,20.51,16.31,86.08,0.05,68.86,0.04,2.7,0.67
2025-02-13,06:45,February,LateWinter,Inverted-V,93,32.02,20.51,16.31,86.08,0.05,68.86,0.04,2.7,0.67
2025-02-13,07:00,February,LateWinter,Inverted-V,93,254.5,23.68,25.04,83.31,0.38,66.65,0.31,20.97,0.67
2025-02-13,07:15,February,LateWinter,Inverted-V,93,254.5,23.68,25.04,83.31,0.38,66.65,0.31,20.97,0.67
2025-02-13,07:30,February,LateWinter,Inverted-V,93,254.5,23.68,25.04,83.31,0.38,66.65,0.31,20.97,0.67
2025-02-13,07:45,February,LateWinter,Inverted-V,93,254.5,23.68,25.04,83.31,0.38,66.65,0.31,20.97,0.67
2025-02-13,08:00,February,LateWinter,Inverted-V,93,489.76,26.42,33.66,80.58,0.73,64.47,0.61,39.37,0.67
2025-02-13,08:15,February,LateWinter,Inverted-V,93,489.76,26.42,33.66,80.58,0.73,64.47,0.61,39.37,0.67
2025-02-13,08:30,February,LateWinter,Inverted-V,93,489.76,26.42,33.66,80.58,0.73,64.47,0.61,39.37,0.67
2025-02-13,08:45,February,LateWinter,Inverted-V,93,489.76,26.42,33.66,80.58,0.73,64.47,0.61,39.37,0.67
2025-02-13,09:00,February,LateWinter,Inverted-V,93,751.59,28.98,42.77,77.7,1.13,62.16,0.95,58.78,0.67
2025-02-13,09:15,February,LateWinter,Inverted-V,93,751.59,28.98,42.77,77.7,1.13,62.16,0.95,58.78,0.67
2025-02-13,09:30,February,LateWinter,Inverted-V,93,751.59,28.98,42.77,77.7,1.13,62.16,0.95,58.78,0.67
2025-02-13,09:45,February,LateWinter,Inverted-V,93,751.59,28.98,42.77,77.7,1.13,62.16,0.95,58.78,0.67
2025-02-13,10:00,February,LateWinter,Inverted-V,93,947.13,31.16,49.84,75.46,1.43,60.37,1.2,72.44,0.67
2025-02-13,10:15,February,LateWinter,Inverted-V,93,947.13,31.16,49.84,75.46,1.43,60.37,1.2,72.44,0.67
2025-02-13,10:30,February,LateWinter,Inverted-V,93,947.13,31.16,49.84,75.46,1.43,60.37,1.2,72.44,0.67
2025-02-13,10:45,February,LateWinter,Inverted-V,93,947.13,31.16,49.84,75.46,1.43,60.37,1.2,72.44,0.67
2025-02-13,11:00,February,LateWinter,Inverted-V,93,1071.27,32.9,54.68,73.93,1.63,59.14,1.36,80.65,0.67
2025-02-13,11:15,February,LateWinter,Inverted-V,93,1071.27,32.9,54.68,73.93,1.63,59.14,1.36,80.65,0.67
2025-02-13,11:30,February,LateWinter,Inverted-V,93,1071.27,32.9,54.68,73.93,1.63,59.14,1.36,80.65,0.67
2025-02-13,11:45,February,LateWinter,Inverted-V,93,1071.27,32.9,54.68,73.93,1.63,59.14,1.36,80.65,0.67
2025-02-13,12:00,February,LateWinter,Inverted-V,93,1081.44,34.08,56.12,73.48,1.65,58.78,1.38,81.02,0.67
2025-02-13,12:15,February,LateWinter,Inverted-V,93,1081.44,34.08,56.12,73.48,1.65,58.78,1.38,81.02,0.67
2025-02-13,12:30,February,LateWinter,Inverted-V,93,1081.44,34.08,56.12,73.48,1.65,58.78,1.38,81.02,0.67
2025-02-13,12:45,February,LateWinter,Inverted-V,93,1081.44,34.08,56.12,73.48,1.65,58.78,1.38,81.02,0.67
2025-02-13,13:00,February,LateWinter,Inverted-V,93,992.79,34.61,54.43,74.01,1.51,59.21,1.26,74.8,0.67
2025-02-13,13:15,February,LateWinter,Inverted-V,93,992.79,34.61,54.43,74.01,1.51,59.21,1.26,74.8,0.67
2025-02-13,13:30,February,LateWinter,Inverted-V,93,992.79,34.61,54.43,74.01,1.51,59.21,1.26,74.8,0.67
2025-02-13,13:45,February,LateWinter,Inverted-V,93,992.79,34.61,54.43,74.01,1.51,59.21,1.26,74.8,0.67
2025-02-13,14:00,February,LateWinter,Inverted-V,93,829.35,34.49,50.22,75.34,1.26,60.27,1.05,63.35,0.67
2025-02-13,14:15,February,LateWinter,Inverted-V,93,829.35,34.49,50.22,75.34,1.26,60.27,1.05,63.35,0.67
2025-02-13,14:30,February,LateWinter,Inverted-V,93,829.35,34.49,50.22,75.34,1.26,60.27,1.05,63.35,0.67
2025-02-13,14:45,February,LateWinter,Inverted-V,93,829.35,34.49,50.22,75.34,1.26,60.27,1.05,63.35,0.67
2025-02-13,15:00,February,LateWinter,Inverted-V,93,592.2,33.65,43.45,77.48,0.89,61.99,0.75,46.21,0.67
2025-02-13,15:15,February,LateWinter,Inverted-V,93,592.2,33.65,43.45,77.48,0.89,61.99,0.75,46.21,0.67
2025-02-13,15:30,February,LateWinter,Inverted-V,93,592.2,33.65,43.45,77.48,0.89,61.99,0.75,46.21,0.67
2025-02-13,15:45,February,LateWinter,Inverted-V,93,592.2,33.65,43.45,77.48,0.89,61.99,0.75,46.21,0.67
2025-02-13,16:00,February,LateWinter,Inverted-V,93,315.85,32.03,34.93,80.18,0.47,64.15,0.39,25.29,0.67
2025-02-13,16:15,February,LateWinter,Inverted-V,93,315.85,32.03,34.93,80.18,0.47,64.15,0.39,25.29,0.67
2025-02-13,16:30,February,LateWinter,Inverted-V,93,315.85,32.03,34.93,80.18,0.47,64.15,0.39,25.29,0.67
2025-02-13,16:45,February,LateWinter,Inverted-V,93,315.85,32.03,34.93,80.18,0.47,64.15,0.39,25.29,0.67
2025-02-13,17:00,February,LateWinter,Inverted-V,93,63.45,27.62,24.21,83.58,0.09,66.86,0.08,5.24,0.67
2025-02-13,17:15,February,LateWinter,Inverted-V,93,63.45,27.62,24.21,83.58,0.09,66.86,0.08,5.24,0.67
2025-02-13,17:30,February,LateWinter,Inverted-V,93,63.45,27.62,24.21,83.58,0.09,66.86,0.08,5.24,0.67
2025-02-13,17:45,February,LateWinter,Inverted-V,93,63.45,27.62,24.21,83.58,0.09,66.86,0.08,5.24,0.67
2025-02-14,06:00,February,LateWinter,Inverted-V,93,36.15,19.73,15.63,86.29,0.05,69.04,0.04,3.06,0.67
2025-02-14,06:15,February,LateWinter,Inverted-V,93,36.15,19.73,15.63,86.29,0.05,69.04,0.04,3.06,0.67
2025-02-14,06:30,February,LateWinter,Inverted-V,93,36.15,19.73,15.63,86.29,0.05,69.04,0.04,3.06,0.67
2025-02-14,06:45,February,LateWinter,Inverted-V,93,36.15,19.73,15.63,86.29,0.05,69.04,0.04,3.06,0.67
2025-02-14,07:00,February,LateWinter,Inverted-V,93,256.79,23.23,24.65,83.44,0.38,66.75,0.32,21.18,0.67
2025-02-14,07:15,February,LateWinter,Inverted-V,93,256.79,23.23,24.65,83.44,0.38,66.75,0.32,21.18,0.67
2025-02-14,07:30,February,LateWinter,Inverted-V,93,256.79,23.23,24.65,83.44,0.38,66.75,0.32,21.18,0.67
2025-02-14,07:45,February,LateWinter,Inverted-V,93,256.79,23.23,24.65,83.44,0.38,66.75,0.32,21.18,0.67
2025-02-14,08:00,February,LateWinter,Inverted-V,93,514.03,26.3,34.15,80.43,0.77,64.34,0.64,41.26,0.67
2025-02-14,08:15,February,LateWinter,Inverted-V,93,514.03,26.3,34.15,80.43,0.77,64.34,0.64,41.26,0.67
2025-02-14,08:30,February,LateWinter,Inverted-V,93,514.03,26.3,34.15,80.43,0.77,64.34,0.64,41.26,0.67
2025-02-14,08:45,February,LateWinter,Inverted-V,93,514.03,26.3,34.15,80.43,0.77,64.34,0.64,41.26,0.67
2025-02-14,09:00,February,LateWinter,Inverted-V,93,765.15,28.94,43.07,77.61,1.15,62.09,0.96,59.78,0.67
2025-02-14,09:15,February,LateWinter,Inverted-V,93,765.15,28.94,43.07,77.61,1.15,62.09,0.96,59.78,0.67
2025-02-14,09:30,February,LateWinter,Inverted-V,93,765.15,28.94,43.07,77.61,1.15,62.09,0.96,59.78,0.67
2025-02-14,09:45,February,LateWinter,Inverted-V,93,765.15,28.94,43.07,77.61,1.15,62.09,0.96,59.78,0.67
2025-02-14,10:00,February,LateWinter,Inverted-V,93,953.01,31.58,50.41,75.28,1.44,60.23,1.21,72.75,0.67
2025-02-14,10:15,February,LateWinter,Inverted-V,93,953.01,31.58,50.41,75.28,1.44,60.23,1.21,72.75,0.67
2025-02-14,10:30,February,LateWinter,Inverted-V,93,953.01,31.58,50.41,75.28,1.44,60.23,1.21,72.75,0.67
2025-02-14,10:45,February,LateWinter,Inverted-V,93,953.01,31.58,50.41,75.28,1.44,60.23,1.21,72.75,0.67
2025-02-14,11:00,February,LateWinter,Inverted-V,93,1082.46,33.42,55.48,73.68,1.65,58.94,1.38,81.27,0.67
2025-02-14,11:15,February,LateWinter,Inverted-V,93,1082.46,33.42,55.48,73.68,1.65,58.94,1.38,81.27,0.67
2025-02-14,11:30,February,LateWinter,Inverted-V,93,1082.46,33.42,55.48,73.68,1.65,58.94,1.38,81.27,0.67
2025-02-14,11:45,February,LateWinter,Inverted-V,93,1082.46,33.42,55.48,73.68,1.65,58.94,1.38,81.27,0.67
2025-02-14,12:00,February,LateWinter,Inverted-V,93,1092.06,34.44,56.74,73.28,1.66,58.62,1.39,81.65,0.67
2025-02-14,12:15,February,LateWinter,Inverted-V,93,1092.06,34.44,56.74,73.28,1.66,58.62,1.39,81.65,0.67
2025-02-14,12:30,February,LateWinter,Inverted-V,93,1092.06,34.44,56.74,73.28,1.66,58.62,1.39,81.65,0.67
2025-02-14,12:45,February,LateWinter,Inverted-V,93,1092.06,34.44,56.74,73.28,1.66,58.62,1.39,81.65,0.67
2025-02-14,13:00,February,LateWinter,Inverted-V,93,1007.73,34.85,55.04,73.81,1.53,59.05,1.28,75.77,0.67
2025-02-14,13:15,February,LateWinter,Inverted-V,93,1007.73,34.85,55.04,73.81,1.53,59.05,1.28,75.77,0.67
2025-02-14,13:30,February,LateWinter,Inverted-V,93,1007.73,34.85,55.04,73.81,1.53,59.05,1.28,75.77,0.67
2025-02-14,13:45,February,LateWinter,Inverted-V,93,1007.73,34.85,55.04,73.81,1.53,59.05,1.28,75.77,0.67
2025-02-14,14:00,February,LateWinter,Inverted-V,93,842.27,34.63,50.69,75.19,1.28,60.16,1.07,64.24,0.67
2025-02-14,14:15,February,LateWinter,Inverted-V,93,842.27,34.63,50.69,75.19,1.28,60.16,1.07,64.24,0.67
2025-02-14,14:30,February,LateWinter,Inverted-V,93,842.27,34.63,50.69,75.19,1.28,60.16,1.07,64.24,0.67
2025-02-14,14:45,February,LateWinter,Inverted-V,93,842.27,34.63,50.69,75.19,1.28,60.16,1.07,64.24,0.67
2025-02-14,15:00,February,LateWinter,Inverted-V,93,610.17,33.83,44.08,77.29,0.92,61.83,0.77,47.52,0.67
2025-02-14,15:15,February,LateWinter,Inverted-V,93,610.17,33.83,44.08,77.29,0.92,61.83,0.77,47.52,0.67
2025-02-14,15:30,February,LateWinter,Inverted-V,93,610.17,33.83,44.08,77.29,0.92,61.83,0.77,47.52,0.67
2025-02-14,15:45,February,LateWinter,Inverted-V,93,610.17,33.83,44.08,77.29,0.92,61.83,0.77,47.52,0.67
2025-02-14,16:00,February,LateWinter,Inverted-V,93,333.18,32.15,35.48,80.01,0.5,64.01,0.42,26.64,0.67
2025-02-14,16:15,February,LateWinter,Inverted-V,93,333.18,32.15,35.48,80.01,0.5,64.01,0.42,26.64,0.67
2025-02-14,16:30,February,LateWinter,Inverted-V,93,333.18,32.15,35.48,80.01,0.5,64.01,0.42,26.64,0.67
2025-02-14,16:45,February,LateWinter,Inverted-V,93,333.18,32.15,35.48,80.01,0.5,64.01,0.42,26.64,0.67
2025-02-14,17:00,February,LateWinter,Inverted-V,93,70.31,27.54,24.3,83.55,0.1,66.84,0.09,5.81,0.67
2025-02-14,17:15,February,LateWinter,Inverted-V,93,70.31,27.54,24.3,83.55,0.1,66.84,0.09,5.81,0.67
2025-02-14,17:30,February,LateWinter,Inverted-V,93,70.31,27.54,24.3,83.55,0.1,66.84,0.09,5.81,0.67
2025-02-14,17:45,February,LateWinter,Inverted-V,93,70.31,27.54,24.3,83.55,0.1,66.84,0.09,5.81,0.67
2025-02-15,06:00,February,LateWinter,Inverted-V,93,39.58,20.75,16.74,85.94,0.06,68.75,0.05,3.34,0.67
2025-02-15,06:15,February,LateWinter,Inverted-V,93,39.58,20.75,16.74,85.94,0.06,68.75,0.05,3.34,0.67
2025-02-15,06:30,February,LateWinter,Inverted-V,93,39.58,20.75,16.74,85.94,0.06,68.75,0.05,3.34,0.67
2025-02-15,06:45,February,LateWinter,Inverted-V,93,39.58,20.75,16.74,85.94,0.06,68.75,0.05,3.34,0.67
2025-02-15,07:00,February,LateWinter,Inverted-V,93,270.73,24.4,26.17,82.96,0.4,66.37,0.34,22.24,0.67
2025-02-15,07:15,February,LateWinter,Inverted-V,93,270.73,24.4,26.17,82.96,0.4,66.37,0.34,22.24,0.67
2025-02-15,07:30,February,LateWinter,Inverted-V,93,270.73,24.4,26.17,82.96,0.4,66.37,0.34,22.24,0.67
2025-02-15,07:45,February,LateWinter,Inverted-V,93,270.73,24.4,26.17,82.96,0.4,66.37,0.34,22.24,0.67
2025-02-15,08:00,February,LateWinter,Inverted-V,93,538.65,27.54,36.01,79.84,0.8,63.87,0.67,43.0,0.67
2025-02-15,08:15,February,LateWinter,Inverted-V,93,538.65,27.54,36.01,79.84,0.8,63.87,0.67,43.0,0.67
2025-02-15,08:30,February,LateWinter,Inverted-V,93,538.65,27.54,36.01,79.84,0.8,63.87,0.67,43.0,0.67
2025-02-15,08:45,February,LateWinter,Inverted-V,93,538.65,27.54,36.01,79.84,0.8,63.87,0.67,43.0,0.67
2025-02-15,09:00,February,LateWinter,Inverted-V,93,772.77,30.21,44.53,77.14,1.16,61.72,0.97,60.11,0.67
2025-02-15,09:15,February,LateWinter,Inverted-V,93,772.77,30.21,44.53,77.14,1.16,61.72,0.97,60.11,0.67
2025-02-15,09:30,February,LateWinter,Inverted-V,93,772.77,30.21,44.53,77.14,1.16,61.72,0.97,60.11,0.67
2025-02-15,09:45,February,LateWinter,Inverted-V,93,772.77,30.21,44.53,77.14,1.16,61.72,0.97,60.11,0.67
2025-02-15,10:00,February,LateWinter,Inverted-V,93,944.51,32.37,50.98,75.1,1.43,60.08,1.2,71.97,0.67
2025-02-15,10:15,February,LateWinter,Inverted-V,93,944.51,32.37,50.98,75.1,1.43,60.08,1.2,71.97,0.67
2025-02-15,10:30,February,LateWinter,Inverted-V,93,944.51,32.37,50.98,75.1,1.43,60.08,1.2,71.97,0.67
2025-02-15,10:45,February,LateWinter,Inverted-V,93,944.51,32.37,50.98,75.1,1.43,60.08,1.2,71.97,0.67
2025-02-15,11:00,February,LateWinter,Inverted-V,93,1053.72,33.91,55.25,73.75,1.6,59.0,1.34,79.17,0.67
2025-02-15,11:15,February,LateWinter,Inverted-V,93,1053.72,33.91,55.25,73.75,1.6,59.0,1.34,79.17,0.67
2025-02-15,11:30,February,LateWinter,Inverted-V,93,1053.72,33.91,55.25,73.75,1.6,59.0,1.34,79.17,0.67
2025-02-15,11:45,February,LateWinter,Inverted-V,93,1053.72,33.91,55.25,73.75,1.6,59.0,1.34,79.17,0.67
2025-02-15,12:00,February,LateWinter,Inverted-V,93,1060.59,34.86,56.37,73.39,1.61,58.71,1.35,79.39,0.67
2025-02-15,12:15,February,LateWinter,Inverted-V,93,1060.59,34.86,56.37,73.39,1.61,58.71,1.35,79.39,0.67
2025-02-15,12:30,February,LateWinter,Inverted-V,93,1060.59,34.86,56.37,73.39,1.61,58.71,1.35,79.39,0.67
2025-02-15,12:45,February,LateWinter,Inverted-V,93,1060.59,34.86,56.37,73.39,1.61,58.71,1.35,79.39,0.67
2025-02-15,13:00,February,LateWinter,Inverted-V,93,984.45,35.27,54.88,73.87,1.5,59.09,1.25,74.06,0.67
2025-02-15,13:15,February,LateWinter,Inverted-V,93,984.45,35.27,54.88,73.87,1.5,59.09,1.25,74.06,0.67
2025-02-15,13:30,February,LateWinter,Inverted-V,93,984.45,35.27,54.88,73.87,1.5,59.09,1.25,74.06,0.67
2025-02-15,13:45,February,LateWinter,Inverted-V,93,984.45,35.27,54.88,73.87,1.5,59.09,1.25,74.06,0.67
2025-02-15,14:00,February,LateWinter,Inverted-V,93,820.83,35.05,50.57,75.23,1.24,60.18,1.04,62.63,0.67
2025-02-15,14:15,February,LateWinter,Inverted-V,93,820.83,35.05,50.57,75.23,1.24,60.18,1.04,62.63,0.67
2025-02-15,14:30,February,LateWinter,Inverted-V,93,820.83,35.05,50.57,75.23,1.24,60.18,1.04,62.63,0.67
2025-02-15,14:45,February,LateWinter,Inverted-V,93,820.83,35.05,50.57,75.23,1.24,60.18,1.04,62.63,0.67
2025-02-15,15:00,February,LateWinter,Inverted-V,93,590.65,34.28,44.05,77.3,0.89,61.84,0.74,46.01,0.67
2025-02-15,15:15,February,LateWinter,Inverted-V,93,590.65,34.28,44.05,77.3,0.89,61.84,0.74,46.01,0.67
2025-02-15,15:30,February,LateWinter,Inverted-V,93,590.65,34.28,44.05,77.3,0.89,61.84,0.74,46.01,0.67
2025-02-15,15:45,February,LateWinter,Inverted-V,93,590.65,34.28,44.05,77.3,0.89,61.84,0.74,46.01,0.67
2025-02-15,16:00,February,LateWinter,Inverted-V,93,319.66,32.65,35.64,79.96,0.48,63.97,0.4,25.55,0.67
2025-02-15,16:15,February,LateWinter,Inverted-V,93,319.66,32.65,35.64,79.96,0.48,63.97,0.4,25.55,0.67
2025-02-15,16:30,February,LateWinter,Inverted-V,93,319.66,32.65,35.64,79.96,0.48,63.97,0.4,25.55,0.67
2025-02-15,16:45,February,LateWinter,Inverted-V,93,319.66,32.65,35.64,79.96,0.48,63.97,0.4,25.55,0.67
2025-02-15,17:00,February,LateWinter,Inverted-V,93,65.79,28.29,24.93,83.35,0.1,66.68,0.08,5.42,0.67
2025-02-15,17:15,February,LateWinter,Inverted-V,93,65.79,28.29,24.93,83.35,0.1,66.68,0.08,5.42,0.67
2025-02-15,17:30,February,LateWinter,Inverted-V,93,65.79,28.29,24.93,83.35,0.1,66.68,0.08,5.42,0.67
2025-02-15,17:45,February,LateWinter,Inverted-V,93,65.79,28.29,24.93,83.35,0.1,66.68,0.08,5.42,0.67
2025-02-16,06:00,February,LateWinter,Inverted-V,93,42.03,21.0,17.05,85.85,0.06,68.68,0.05,3.54,0.67
2025-02-16,06:15,February,LateWinter,Inverted-V,93,42.03,21.0,17.05,85.85,0.06,68.68,0.05,3.54,0.67
2025-02-16,06:30,February,LateWinter,Inverted-V,93,42.03,21.0,17.05,85.85,0.06,68.68,0.05,3.54,0.67
2025-02-16,06:45,February,LateWinter,Inverted-V,93,42.03,21.0,17.05,85.85,0.06,68.68,0.05,3.54,0.67
2025-02-16,07:00,February,LateWinter,Inverted-V,93,273.46,24.51,26.35,82.9,0.4,66.32,0.34,22.45,0.67
2025-02-16,07:15,February,LateWinter,Inverted-V,93,273.46,24.51,26.35,82.9,0.4,66.32,0.34,22.45,0.67
2025-02-16,07:30,February,LateWinter,Inverted-V,93,273.46,24.51,26.35,82.9,0.4,66.32,0.34,22.45,0.67
2025-02-16,07:45,February,LateWinter,Inverted-V,93,273.46,24.51,26.35,82.9,0.4,66.32,0.34,22.45,0.67
2025-02-16,08:00,February,LateWinter,Inverted-V,93,543.53,27.51,36.1,79.81,0.81,63.85,0.68,43.38,0.67
2025-02-16,08:15,February,LateWinter,Inverted-V,93,543.53,27.51,36.1,79.81,0.81,63.85,0.68,43.38,0.67
2025-02-16,08:30,February,LateWinter,Inverted-V,93,543.53,27.51,36.1,79.81,0.81,63.85,0.68,43.38,0.67
2025-02-16,08:45,February,LateWinter,Inverted-V,93,543.53,27.51,36.1,79.81,0.81,63.85,0.68,43.38,0.67
2025-02-16,09:00,February,LateWinter,Inverted-V,93,780.19,29.96,44.46,77.16,1.17,61.73,0.98,60.69,0.67
2025-02-16,09:15,February,LateWinter,Inverted-V,93,780.19,29.96,44.46,77.16,1.17,61.73,0.98,60.69,0.67
2025-02-16,09:30,February,LateWinter,Inverted-V,93,780.19,29.96,44.46,77.16,1.17,61.73,0.98,60.69,0.67
2025-02-16,09:45,February,LateWinter,Inverted-V,93,780.19,29.96,44.46,77.16,1.17,61.73,0.98,60.69,0.67
2025-02-16,10:00,February,LateWinter,Inverted-V,93,953.32,31.98,50.81,75.15,1.44,60.12,1.21,72.68,0.67
2025-02-16,10:15,February,LateWinter,Inverted-V,93,953.32,31.98,50.81,75.15,1.44,60.12,1.21,72.68,0.67
2025-02-16,10:30,February,LateWinter,Inverted-V,93,953.32,31.98,50.81,75.15,1.44,60.12,1.21,72.68,0.67
2025-02-16,10:45,February,LateWinter,Inverted-V,93,953.32,31.98,50.81,75.15,1.44,60.12,1.21,72.68,0.67
2025-02-16,11:00,February,LateWinter,Inverted-V,93,1056.56,33.52,54.93,73.85,1.61,59.08,1.35,79.47,0.67
2025-02-16,11:15,February,LateWinter,Inverted-V,93,1056.56,33.52,54.93,73.85,1.61,59.08,1.35,79.47,0.67
2025-02-16,11:30,February,LateWinter,Inverted-V,93,1056.56,33.52,54.93,73.85,1.61,59.08,1.35,79.47,0.67
2025-02-16,11:45,February,LateWinter,Inverted-V,93,1056.56,33.52,54.93,73.85,1.61,59.08,1.35,79.47,0.67
2025-02-16,12:00,February,LateWinter,Inverted-V,93,1063.04,34.53,56.11,73.48,1.62,58.78,1.35,79.65,0.67
2025-02-16,12:15,February,LateWinter,Inverted-V,93,1063.04,34.53,56.11,73.48,1.62,58.78,1.35,79.65,0.67
2025-02-16,12:30,February,LateWinter,Inverted-V,93,1063.04,34.53,56.11,73.48,1.62,58.78,1.35,79.65,0.67
2025-02-16,12:45,February,LateWinter,Inverted-V,93,1063.04,34.53,56.11,73.48,1.62,58.78,1.35,79.65,0.67
2025-02-16,13:00,February,LateWinter,Inverted-V,93,980.82,35.02,54.54,73.97,1.49,59.18,1.25,73.87,0.67
2025-02-16,13:15,February,LateWinter,Inverted-V,93,980.82,35.02,54.54,73.97,1.49,59.18,1.25,73.87,0.67
2025-02-16,13:30,February,LateWinter,Inverted-V,93,980.82,35.02,54.54,73.97,1.49,59.18,1.25,73.87,0.67
2025-02-16,13:45,February,LateWinter,Inverted-V,93,980.82,35.02,54.54,73.97,1.49,59.18,1.25,73.87,0.67
2025-02-16,14:00,February,LateWinter,Inverted-V,93,816.48,34.9,50.31,75.31,1.24,60.25,1.03,62.35,0.67
2025-02-16,14:15,February,LateWinter,Inverted-V,93,816.48,34.9,50.31,75.31,1.24,60.25,1.03,62.35,0.67
2025-02-16,14:30,February,LateWinter,Inverted-V,93,816.48,34.9,50.31,75.31,1.24,60.25,1.03,62.35,0.67
2025-02-16,14:45,February,LateWinter,Inverted-V,93,816.48,34.9,50.31,75.31,1.24,60.25,1.03,62.35,0.67
2025-02-16,15:00,February,LateWinter,Inverted-V,93,586.33,34.12,43.78,77.38,0.88,61.91,0.74,45.71,0.67
2025-02-16,15:15,February,LateWinter,Inverted-V,93,586.33,34.12,43.78,77.38,0.88,61.91,0.74,45.71,0.67
2025-02-16,15:30,February,LateWinter,Inverted-V,93,586.33,34.12,43.78,77.38,0.88,61.91,0.74,45.71,0.67
2025-02-16,15:45,February,LateWinter,Inverted-V,93,586.33,34.12,43.78,77.38,0.88,61.91,0.74,45.71,0.67
2025-02-16,16:00,February,LateWinter,Inverted-V,93,315.72,32.56,35.45,80.02,0.47,64.01,0.39,25.24,0.67
2025-02-16,16:15,February,LateWinter,Inverted-V,93,315.72,32.56,35.45,80.02,0.47,64.01,0.39,25.24,0.67
2025-02-16,16:30,February,LateWinter,Inverted-V,93,315.72,32.56,35.45,80.02,0.47,64.01,0.39,25.24,0.67
2025-02-16,16:45,February,LateWinter,Inverted-V,93,315.72,32.56,35.45,80.02,0.47,64.01,0.39,25.24,0.67
2025-02-16,17:00,February,LateWinter,Inverted-V,93,65.5,28.57,25.21,83.26,0.1,66.61,0.08,5.39,0.67
2025-02-16,17:15,February,LateWinter,Inverted-V,93,65.5,28.57,25.21,83.26,0.1,66.61,0.08,5.39,0.67
2025-02-16,17:30,February,LateWinter,Inverted-V,93,65.5,28.57,25.21,83.26,0.1,66.61,0.08,5.39,0.67
2025-02-16,17:45,February,LateWinter,Inverted-V,93,65.5,28.57,25.21,83.26,0.1,66.61,0.08,5.39,0.67
2025-02-17,06:00,February,LateWinter,Inverted-V,93,40.12,20.77,16.77,85.93,0.06,68.75,0.05,3.38,0.67
2025-02-17,06:15,February,LateWinter,Inverted-V,93,40.12,20.77,16.77,85.93,0.06,68.75,0.05,3.38,0.67
2025-02-17,06:30,February,LateWinter,Inverted-V,93,40.12,20.77,16.77,85.93,0.06,68.75,0.05,3.38,0.67
2025-02-17,06:45,February,LateWinter,Inverted-V,93,40.12,20.77,16.77,85.93,0.06,68.75,0.05,3.38,0.67
2025-02-17,07:00,February,LateWinter,Inverted-V,93,262.42,24.11,25.67,83.12,0.39,66.49,0.32,21.58,0.67
2025-02-17,07:15,February,LateWinter,Inverted-V,93,262.42,24.11,25.67,83.12,0.39,66.49,0.32,21.58,0.67
2025-02-17,07:30,February,LateWinter,Inverted-V,93,262.42,24.11,25.67,83.12,0.39,66.49,0.32,21.58,0.67
2025-02-17,07:45,February,LateWinter,Inverted-V,93,262.42,24.11,25.67,83.12,0.39,66.49,0.32,21.58,0.67
2025-02-17,08:00,February,LateWinter,Inverted-V,93,525.2,26.88,35.01,80.16,0.78,64.13,0.66,42.05,0.67
2025-02-17,08:15,February,LateWinter,Inverted-V,93,525.2,26.88,35.01,80.16,0.78,64.13,0.66,42.05,0.67
2025-02-17,08:30,February,LateWinter,Inverted-V,93,525.2,26.88,35.01,80.16,0.78,64.13,0.66,42.05,0.67
2025-02-17,08:45,February,LateWinter,Inverted-V,93,525.2,26.88,35.01,80.16,0.78,64.13,0.66,42.05,0.67
2025-02-17,09:00,February,LateWinter,Inverted-V,93,779.89,29.31,43.81,77.37,1.17,61.9,0.98,60.8,0.67
2025-02-17,09:15,February,LateWinter,Inverted-V,93,779.89,29.31,43.81,77.37,1.17,61.9,0.98,60.8,0.67
2025-02-17,09:30,February,LateWinter,Inverted-V,93,779.89,29.31,43.81,77.37,1.17,61.9,0.98,60.8,0.67
2025-02-17,09:45,February,LateWinter,Inverted-V,93,779.89,29.31,43.81,77.37,1.17,61.9,0.98,60.8,0.67
2025-02-17,10:00,February,LateWinter,Inverted-V,93,959.49,31.51,50.5,75.25,1.45,60.2,1.22,73.23,0.67
2025-02-17,10:15,February,LateWinter,Inverted-V,93,959.49,31.51,50.5,75.25,1.45,60.2,1.22,73.23,0.67
2025-02-17,10:30,February,LateWinter,Inverted-V,93,959.49,31.51,50.5,75.25,1.45,60.2,1.22,73.23,0.67
2025-02-17,10:45,February,LateWinter,Inverted-V,93,959.49,31.51,50.5,75.25,1.45,60.2,1.22,73.23,0.67
2025-02-17,11:00,February,LateWinter,Inverted-V,93,1065.99,33.27,54.92,73.85,1.62,59.08,1.36,80.18,0.67
2025-02-17,11:15,February,LateWinter,Inverted-V,93,1065.99,33.27,54.92,73.85,1.62,59.08,1.36,80.18,0.67
2025-02-17,11:30,February,LateWinter,Inverted-V,93,1065.99,33.27,54.92,73.85,1.62,59.08,1.36,80.18,0.67
2025-02-17,11:45,February,LateWinter,Inverted-V,93,1065.99,33.27,54.92,73.85,1.62,59.08,1.36,80.18,0.67
2025-02-17,12:00,February,LateWinter,Inverted-V,93,1074.06,34.45,56.3,73.42,1.63,58.73,1.37,80.42,0.67
2025-02-17,12:15,February,LateWinter,Inverted-V,93,1074.06,34.45,56.3,73.42,1.63,58.73,1.37,80.42,0.67
2025-02-17,12:30,February,LateWinter,Inverted-V,93,1074.06,34.45,56.3,73.42,1.63,58.73,1.37,80.42,0.67
2025-02-17,12:45,February,LateWinter,Inverted-V,93,1074.06,34.45,56.3,73.42,1.63,58.73,1.37,80.42,0.67
2025-02-17,13:00,February,LateWinter,Inverted-V,93,990.9,35.02,54.79,73.89,1.51,59.12,1.26,74.57,0.67
2025-02-17,13:15,February,LateWinter,Inverted-V,93,990.9,35.02,54.79,73.89,1.51,59.12,1.26,74.57,0.67
2025-02-17,13:30,February,LateWinter,Inverted-V,93,990.9,35.02,54.79,73.89,1.51,59.12,1.26,74.57,0.67
2025-02-17,13:45,February,LateWinter,Inverted-V,93,990.9,35.02,54.79,73.89,1.51,59.12,1.26,74.57,0.67
2025-02-17,14:00,February,LateWinter,Inverted-V,93,826.33,34.84,50.5,75.25,1.25,60.2,1.05,63.06,0.67
2025-02-17,14:15,February,LateWinter,Inverted-V,93,826.33,34.84,50.5,75.25,1.25,60.2,1.05,63.06,0.67
2025-02-17,14:30,February,LateWinter,Inverted-V,93,826.33,34.84,50.5,75.25,1.25,60.2,1.05,63.06,0.67
2025-02-17,14:45,February,LateWinter,Inverted-V,93,826.33,34.84,50.5,75.25,1.25,60.2,1.05,63.06,0.67
2025-02-17,15:00,February,LateWinter,Inverted-V,93,595.26,34.07,43.95,77.33,0.9,61.86,0.75,46.38,0.67
2025-02-17,15:15,February,LateWinter,Inverted-V,93,595.26,34.07,43.95,77.33,0.9,61.86,0.75,46.38,0.67
2025-02-17,15:30,February,LateWinter,Inverted-V,93,595.26,34.07,43.95,77.33,0.9,61.86,0.75,46.38,0.67
2025-02-17,15:45,February,LateWinter,Inverted-V,93,595.26,34.07,43.95,77.33,0.9,61.86,0.75,46.38,0.67
2025-02-17,16:00,February,LateWinter,Inverted-V,93,322.83,32.49,35.56,79.98,0.48,63.99,0.4,25.81,0.67
2025-02-17,16:15,February,LateWinter,Inverted-V,93,322.83,32.49,35.56,79.98,0.48,63.99,0.4,25.81,0.67
2025-02-17,16:30,February,LateWinter,Inverted-V,93,322.83,32.49,35.56,79.98,0.48,63.99,0.4,25.81,0.67
2025-02-17,16:45,February,LateWinter,Inverted-V,93,322.83,32.49,35.56,79.98,0.48,63.99,0.4,25.81,0.67
2025-02-17,17:00,February,LateWinter,Inverted-V,93,67.34,28.45,25.13,83.29,0.1,66.63,0.08,5.55,0.67
2025-02-17,17:15,February,LateWinter,Inverted-V,93,67.34,28.45,25.13,83.29,0.1,66.63,0.08,5.55,0.67
2025-02-17,17:30,February,LateWinter,Inverted-V,93,67.34,28.45,25.13,83.29,0.1,66.63,0.08,5.55,0.67
2025-02-17,17:45,February,LateWinter,Inverted-V,93,67.34,28.45,25.13,83.29,0.1,66.63,0.08,5.55,0.67
2025-02-18,06:00,February,LateWinter,Inverted-V,93,40.8,20.69,16.71,85.95,0.06,68.76,0.05,3.44,0.67
2025-02-18,06:15,February,LateWinter,Inverted-V,93,40.8,20.69,16.71,85.95,0.06,68.76,0.05,3.44,0.67
2025-02-18,06:30,February,LateWinter,Inverted-V,93,40.8,20.69,16.71,85.95,0.06,68.76,0.05,3.44,0.67
2025-02-18,06:45,February,LateWinter,Inverted-V,93,40.8,20.69,16.71,85.95,0.06,68.76,0.05,3.44,0.67
2025-02-18,07:00,February,LateWinter,Inverted-V,93,267.11,24.29,25.97,83.02,0.39,66.42,0.33,21.95,0.67
2025-02-18,07:15,February,LateWinter,Inverted-V,93,267.11,24.29,25.97,83.02,0.39,66.42,0.33,21.95,0.67
2025-02-18,07:30,February,LateWinter,Inverted-V,93,267.11,24.29,25.97,83.02,0.39,66.42,0.33,21.95,0.67
2025-02-18,07:45,February,LateWinter,Inverted-V,93,267.11,24.29,25.97,83.02,0.39,66.42,0.33,21.95,0.67
2025-02-18,08:00,February,LateWinter,Inverted-V,93,534.22,27.39,35.75,79.93,0.8,63.94,0.67,42.68,0.67
2025-02-18,08:15,February,LateWinter,Inverted-V,93,534.22,27.39,35.75,79.93,0.8,63.94,0.67,42.68,0.67
2025-02-18,08:30,February,LateWinter,Inverted-V,93,534.22,27.39,35.75,79.93,0.8,63.94,0.67,42.68,0.67
2025-02-18,08:45,February,LateWinter,Inverted-V,93,534.22,27.39,35.75,79.93,0.8,63.94,0.67,42.68,0.67
2025-02-18,09:00,February,LateWinter,Inverted-V,93,784.67,29.92,44.54,77.14,1.18,61.71,0.99,61.03,0.67
2025-02-18,09:15,February,LateWinter,Inverted-V,93,784.67,29.92,44.54,77.14,1.18,61.71,0.99,61.03,0.67
2025-02-18,09:30,February,LateWinter,Inverted-V,93,784.67,29.92,44.54,77.14,1.18,61.71,0.99,61.03,0.67
2025-02-18,09:45,February,LateWinter,Inverted-V,93,784.67,29.92,44.54,77.14,1.18,61.71,0.99,61.03,0.67
2025-02-18,10:00,February,LateWinter,Inverted-V,93,957.64,32.1,51.04,75.08,1.45,60.07,1.21,72.96,0.67
2025-02-18,10:15,February,LateWinter,Inverted-V,93,957.64,32.1,51.04,75.08,1.45,60.07,1.21,72.96,0.67
2025-02-18,10:30,February,LateWinter,Inverted-V,93,957.64,32.1,51.04,75.08,1.45,60.07,1.21,72.96,0.67
2025-02-18,10:45,February,LateWinter,Inverted-V,93,957.64,32.1,51.04,75.08,1.45,60.07,1.21,72.96,0.67
2025-02-18,11:00,February,LateWinter,Inverted-V,93,1063.04,33.76,55.34,73.72,1.62,58.98,1.35,79.85,0.67
2025-02-18,11:15,February,LateWinter,Inverted-V,93,1063.04,33.76,55.34,73.72,1.62,58.98,1.35,79.85,0.67
2025-02-18,11:30,February,LateWinter,Inverted-V,93,1063.04,33.76,55.34,73.72,1.62,58.98,1.35,79.85,0.67
2025-02-18,11:45,February,LateWinter,Inverted-V,93,1063.04,33.76,55.34,73.72,1.62,58.98,1.35,79.85,0.67
2025-02-18,12:00,February,LateWinter,Inverted-V,93,1070.01,34.8,56.55,73.34,1.63,58.67,1.36,80.05,0.67
2025-02-18,12:15,February,LateWinter,Inverted-V,93,1070.01,34.8,56.55,73.34,1.63,58.67,1.36,80.05,0.67
2025-02-18,12:30,February,LateWinter,Inverted-V,93,1070.01,34.8,56.55,73.34,1.63,58.67,1.36,80.05,0.67
2025-02-18,12:45,February,LateWinter,Inverted-V,93,1070.01,34.8,56.55,73.34,1.63,58.67,1.36,80.05,0.67
2025-02-18,13:00,February,LateWinter,Inverted-V,93,987.63,35.19,54.88,73.87,1.5,59.09,1.26,74.3,0.67
2025-02-18,13:15,February,LateWinter,Inverted-V,93,987.63,35.19,54.88,73.87,1.5,59.09,1.26,74.3,0.67
2025-02-18,13:30,February,LateWinter,Inverted-V,93,987.63,35.19,54.88,73.87,1.5,59.09,1.26,74.3,0.67
2025-02-18,13:45,February,LateWinter,Inverted-V,93,987.63,35.19,54.88,73.87,1.5,59.09,1.26,74.3,0.67
2025-02-18,14:00,February,LateWinter,Inverted-V,93,821.16,34.95,50.48,75.26,1.24,60.21,1.04,62.67,0.67
2025-02-18,14:15,February,LateWinter,Inverted-V,93,821.16,34.95,50.48,75.26,1.24,60.21,1.04,62.67,0.67
2025-02-18,14:30,February,LateWinter,Inverted-V,93,821.16,34.95,50.48,75.26,1.24,60.21,1.04,62.67,0.67
2025-02-18,14:45,February,LateWinter,Inverted-V,93,821.16,34.95,50.48,75.26,1.24,60.21,1.04,62.67,0.67
2025-02-18,15:00,February,LateWinter,Inverted-V,93,588.6,34.0,43.72,77.4,0.89,61.92,0.74,45.9,0.67
2025-02-18,15:15,February,LateWinter,Inverted-V,93,588.6,34.0,43.72,77.4,0.89,61.92,0.74,45.9,0.67
2025-02-18,15:30,February,LateWinter,Inverted-V,93,588.6,34.0,43.72,77.4,0.89,61.92,0.74,45.9,0.67
2025-02-18,15:45,February,LateWinter,Inverted-V,93,588.6,34.0,43.72,77.4,0.89,61.92,0.74,45.9,0.67
2025-02-18,16:00,February,LateWinter,Inverted-V,93,316.73,32.34,35.26,80.08,0.47,64.06,0.4,25.34,0.67
2025-02-18,16:15,February,LateWinter,Inverted-V,93,316.73,32.34,35.26,80.08,0.47,64.06,0.4,25.34,0.67
2025-02-18,16:30,February,LateWinter,Inverted-V,93,316.73,32.34,35.26,80.08,0.47,64.06,0.4,25.34,0.67
2025-02-18,16:45,February,LateWinter,Inverted-V,93,316.73,32.34,35.26,80.08,0.47,64.06,0.4,25.34,0.67
2025-02-18,17:00,February,LateWinter,Inverted-V,93,65.39,29.09,25.72,83.1,0.1,66.48,0.08,5.38,0.67
2025-02-18,17:15,February,LateWinter,Inverted-V,93,65.39,29.09,25.72,83.1,0.1,66.48,0.08,5.38,0.67
2025-02-18,17:30,February,LateWinter,Inverted-V,93,65.39,29.09,25.72,83.1,0.1,66.48,0.08,5.38,0.67
2025-02-18,17:45,February,LateWinter,Inverted-V,93,65.39,29.09,25.72,83.1,0.1,66.48,0.08,5.38,0.67
2025-02-19,06:00,February,LateWinter,Inverted-V,93,40.28,21.35,17.36,85.75,0.06,68.6,0.05,3.39,0.67
2025-02-19,06:15,February,LateWinter,Inverted-V,93,40.28,21.35,17.36,85.75,0.06,68.6,0.05,3.39,0.67
2025-02-19,06:30,February,LateWinter,Inverted-V,93,40.28,21.35,17.36,85.75,0.06,68.6,0.05,3.39,0.67
2025-02-19,06:45,February,LateWinter,Inverted-V,93,40.28,21.35,17.36,85.75,0.06,68.6,0.05,3.39,0.67
2025-02-19,07:00,February,LateWinter,Inverted-V,93,256.18,24.73,26.13,82.97,0.38,66.38,0.32,21.04,0.67
2025-02-19,07:15,February,LateWinter,Inverted-V,93,256.18,24.73,26.13,82.97,0.38,66.38,0.32,21.04,0.67
2025-02-19,07:30,February,LateWinter,Inverted-V,93,256.18,24.73,26.13,82.97,0.38,66.38,0.32,21.04,0.67
2025-02-19,07:45,February,LateWinter,Inverted-V,93,256.18,24.73,26.13,82.97,0.38,66.38,0.32,21.04,0.67
2025-02-19,08:00,February,LateWinter,Inverted-V,93,501.28,27.62,35.15,80.11,0.75,64.09,0.63,40.12,0.67
2025-02-19,08:15,February,LateWinter,Inverted-V,93,501.28,27.62,35.15,80.11,0.75,64.09,0.63,40.12,0.67
2025-02-19,08:30,February,LateWinter,Inverted-V,93,501.28,27.62,35.15,80.11,0.75,64.09,0.63,40.12,0.67
2025-02-19,08:45,February,LateWinter,Inverted-V,93,501.28,27.62,35.15,80.11,0.75,64.09,0.63,40.12,0.67
2025-02-19,09:00,February,LateWinter,Inverted-V,93,748.93,30.17,43.89,77.35,1.13,61.88,0.94,58.37,0.67
2025-02-19,09:15,February,LateWinter,Inverted-V,93,748.93,30.17,43.89,77.35,1.13,61.88,0.94,58.37,0.67
2025-02-19,09:30,February,LateWinter,Inverted-V,93,748.93,30.17,43.89,77.35,1.13,61.88,0.94,58.37,0.67
2025-02-19,09:45,February,LateWinter,Inverted-V,93,748.93,30.17,43.89,77.35,1.13,61.88,0.94,58.37,0.67
2025-02-19,10:00,February,LateWinter,Inverted-V,93,948.4,32.33,51.04,75.08,1.44,60.07,1.2,72.25,0.67
2025-02-19,10:15,February,LateWinter,Inverted-V,93,948.4,32.33,51.04,75.08,1.44,60.07,1.2,72.25,0.67
2025-02-19,10:30,February,LateWinter,Inverted-V,93,948.4,32.33,51.04,75.08,1.44,60.07,1.2,72.25,0.67
2025-02-19,10:45,February,LateWinter,Inverted-V,93,948.4,32.33,51.04,75.08,1.44,60.07,1.2,72.25,0.67
2025-02-19,11:00,February,LateWinter,Inverted-V,93,1040.55,34.0,55.01,73.82,1.58,59.06,1.32,78.25,0.67
2025-02-19,11:15,February,LateWinter,Inverted-V,93,1040.55,34.0,55.01,73.82,1.58,59.06,1.32,78.25,0.67
2025-02-19,11:30,February,LateWinter,Inverted-V,93,1040.55,34.0,55.01,73.82,1.58,59.06,1.32,78.25,0.67
2025-02-19,11:45,February,LateWinter,Inverted-V,93,1040.55,34.0,55.01,73.82,1.58,59.06,1.32,78.25,0.67
2025-02-19,12:00,February,LateWinter,Inverted-V,93,1047.22,35.12,56.3,73.42,1.59,58.73,1.34,78.41,0.67
2025-02-19,12:15,February,LateWinter,Inverted-V,93,1047.22,35.12,56.3,73.42,1.59,58.73,1.34,78.41,0.67
2025-02-19,12:30,February,LateWinter,Inverted-V,93,1047.22,35.12,56.3,73.42,1.59,58.73,1.34,78.41,0.67
2025-02-19,12:45,February,LateWinter,Inverted-V,93,1047.22,35.12,56.3,73.42,1.59,58.73,1.34,78.41,0.67
2025-02-19,13:00,February,LateWinter,Inverted-V,93,963.81,35.67,54.77,73.9,1.46,59.12,1.23,72.54,0.67
2025-02-19,13:15,February,LateWinter,Inverted-V,93,963.81,35.67,54.77,73.9,1.46,59.12,1.23,72.54,0.67
2025-02-19,13:30,February,LateWinter,Inverted-V,93,963.81,35.67,54.77,73.9,1.46,59.12,1.23,72.54,0.67
2025-02-19,13:45,February,LateWinter,Inverted-V,93,963.81,35.67,54.77,73.9,1.46,59.12,1.23,72.54,0.67
2025-02-19,14:00,February,LateWinter,Inverted-V,93,795.85,35.56,50.46,75.27,1.2,60.21,1.01,60.75,0.67
2025-02-19,14:15,February,LateWinter,Inverted-V,93,795.85,35.56,50.46,75.27,1.2,60.21,1.01,60.75,0.67
2025-02-19,14:30,February,LateWinter,Inverted-V,93,795.85,35.56,50.46,75.27,1.2,60.21,1.01,60.75,0.67
2025-02-19,14:45,February,LateWinter,Inverted-V,93,795.85,35.56,50.46,75.27,1.2,60.21,1.01,60.75,0.67
2025-02-19,15:00,February,LateWinter,Inverted-V,93,562.63,34.74,43.81,77.37,0.85,61.9,0.71,43.86,0.67
2025-02-19,15:15,February,LateWinter,Inverted-V,93,562.63,34.74,43.81,77.37,0.85,61.9,0.71,43.86,0.67
2025-02-19,15:30,February,LateWinter,Inverted-V,93,562.63,34.74,43.81,77.37,0.85,61.9,0.71,43.86,0.67
2025-02-19,15:45,February,LateWinter,Inverted-V,93,562.63,34.74,43.81,77.37,0.85,61.9,0.71,43.86,0.67
2025-02-19,16:00,February,LateWinter,Inverted-V,93,297.43,33.22,35.66,79.95,0.44,63.96,0.37,23.77,0.67
2025-02-19,16:15,February,LateWinter,Inverted-V,93,297.43,33.22,35.66,79.95,0.44,63.96,0.37,23.77,0.67
2025-02-19,16:30,February,LateWinter,Inverted-V,93,297.43,33.22,35.66,79.95,0.44,63.96,0.37,23.77,0.67
2025-02-19,16:45,February,LateWinter,Inverted-V,93,297.43,33.22,35.66,79.95,0.44,63.96,0.37,23.77,0.67
2025-02-19,17:00,February,LateWinter,Inverted-V,93,60.43,29.66,26.17,82.96,0.09,66.37,0.07,4.96,0.67
2025-02-19,17:15,February,LateWinter,Inverted-V,93,60.43,29.66,26.17,82.96,0.09,66.37,0.07,4.96,0.67
2025-02-19,17:30,February,LateWinter,Inverted-V,93,60.43,29.66,26.17,82.96,0.09,66.37,0.07,4.96,0.67
2025-02-19,17:45,February,LateWinter,Inverted-V,93,60.43,29.66,26.17,82.96,0.09,66.37,0.07,4.96,0.67
2025-02-20,06:00,February,LateWinter,Inverted-V,93,36.27,21.7,17.61,85.67,0.05,68.54,0.04,3.05,0.67
2025-02-20,06:15,February,LateWinter,Inverted-V,93,36.27,21.7,17.61,85.67,0.05,68.54,0.04,3.05,0.67
2025-02-20,06:30,February,LateWinter,Inverted-V,93,36.27,21.7,17.61,85.67,0.05,68.54,0.04,3.05,0.67
2025-02-20,06:45,February,LateWinter,Inverted-V,93,36.27,21.7,17.61,85.67,0.05,68.54,0.04,3.05,0.67
2025-02-20,07:00,February,LateWinter,Inverted-V,93,249.43,24.99,26.23,82.94,0.37,66.35,0.31,20.48,0.67
2025-02-20,07:15,February,LateWinter,Inverted-V,93,249.43,24.99,26.23,82.94,0.37,66.35,0.31,20.48,0.67
2025-02-20,07:30,February,LateWinter,Inverted-V,93,249.43,24.99,26.23,82.94,0.37,66.35,0.31,20.48,0.67
2025-02-20,07:45,February,LateWinter,Inverted-V,93,249.43,24.99,26.23,82.94,0.37,66.35,0.31,20.48,0.67
2025-02-20,08:00,February,LateWinter,Inverted-V,93,493.92,27.99,35.34,80.05,0.74,64.04,0.62,39.51,0.67
2025-02-20,08:15,February,LateWinter,Inverted-V,93,493.92,27.99,35.34,80.05,0.74,64.04,0.62,39.51,0.67
2025-02-20,08:30,February,LateWinter,Inverted-V,93,493.92,27.99,35.34,80.05,0.74,64.04,0.62,39.51,0.67
2025-02-20,08:45,February,LateWinter,Inverted-V,93,493.92,27.99,35.34,80.05,0.74,64.04,0.62,39.51,0.67
2025-02-20,09:00,February,LateWinter,Inverted-V,93,744.57,30.55,44.16,77.26,1.12,61.81,0.94,57.98,0.67
2025-02-20,09:15,February,LateWinter,Inverted-V,93,744.57,30.55,44.16,77.26,1.12,61.81,0.94,57.98,0.67
2025-02-20,09:30,February,LateWinter,Inverted-V,93,744.57,30.55,44.16,77.26,1.12,61.81,0.94,57.98,0.67
2025-02-20,09:45,February,LateWinter,Inverted-V,93,744.57,30.55,44.16,77.26,1.12,61.81,0.94,57.98,0.67
2025-02-20,10:00,February,LateWinter,Inverted-V,93,922.32,32.66,50.72,75.18,1.4,60.15,1.17,70.34,0.67
2025-02-20,10:15,February,LateWinter,Inverted-V,93,922.32,32.66,50.72,75.18,1.4,60.15,1.17,70.34,0.67
2025-02-20,10:30,February,LateWinter,Inverted-V,93,922.32,32.66,50.72,75.18,1.4,60.15,1.17,70.34,0.67
2025-02-20,10:45,February,LateWinter,Inverted-V,93,922.32,32.66,50.72,75.18,1.4,60.15,1.17,70.34,0.67
2025-02-20,11:00,February,LateWinter,Inverted-V,93,1035.56,34.27,55.16,73.78,1.57,59.02,1.32,77.83,0.67
2025-02-20,11:15,February,LateWinter,Inverted-V,93,1035.56,34.27,55.16,73.78,1.57,59.02,1.32,77.83,0.67
2025-02-20,11:30,February,LateWinter,Inverted-V,93,1035.56,34.27,55.16,73.78,1.57,59.02,1.32,77.83,0.67
2025-02-20,11:45,February,LateWinter,Inverted-V,93,1035.56,34.27,55.16,73.78,1.57,59.02,1.32,77.83,0.67
2025-02-20,12:00,February,LateWinter,Inverted-V,93,1038.51,35.33,56.29,73.42,1.58,58.74,1.32,77.76,0.67
2025-02-20,12:15,February,LateWinter,Inverted-V,93,1038.51,35.33,56.29,73.42,1.58,58.74,1.32,77.76,0.67
2025-02-20,12:30,February,LateWinter,Inverted-V,93,1038.51,35.33,56.29,73.42,1.58,58.74,1.32,77.76,0.67
2025-02-20,12:45,February,LateWinter,Inverted-V,93,1038.51,35.33,56.29,73.42,1.58,58.74,1.32,77.76,0.67
2025-02-20,13:00,February,LateWinter,Inverted-V,93,957.96,35.81,54.76,73.9,1.46,59.12,1.22,72.1,0.67
2025-02-20,13:15,February,LateWinter,Inverted-V,93,957.96,35.81,54.76,73.9,1.46,59.12,1.22,72.1,0.67
2025-02-20,13:30,February,LateWinter,Inverted-V,93,957.96,35.81,54.76,73.9,1.46,59.12,1.22,72.1,0.67
2025-02-20,13:45,February,LateWinter,Inverted-V,93,957.96,35.81,54.76,73.9,1.46,59.12,1.22,72.1,0.67
2025-02-20,14:00,February,LateWinter,Inverted-V,93,793.29,35.62,50.45,75.27,1.2,60.21,1.01,60.55,0.67
2025-02-20,14:15,February,LateWinter,Inverted-V,93,793.29,35.62,50.45,75.27,1.2,60.21,1.01,60.55,0.67
2025-02-20,14:30,February,LateWinter,Inverted-V,93,793.29,35.62,50.45,75.27,1.2,60.21,1.01,60.55,0.67
2025-02-20,14:45,February,LateWinter,Inverted-V,93,793.29,35.62,50.45,75.27,1.2,60.21,1.01,60.55,0.67
2025-02-20,15:00,February,LateWinter,Inverted-V,93,567.09,34.8,43.98,77.32,0.85,61.86,0.71,44.18,0.67
2025-02-20,15:15,February,LateWinter,Inverted-V,93,567.09,34.8,43.98,77.32,0.85,61.86,0.71,44.18,0.67
2025-02-20,15:30,February,LateWinter,Inverted-V,93,567.09,34.8,43.98,77.32,0.85,61.86,0.71,44.18,0.67
2025-02-20,15:45,February,LateWinter,Inverted-V,93,567.09,34.8,43.98,77.32,0.85,61.86,0.71,44.18,0.67
2025-02-20,16:00,February,LateWinter,Inverted-V,93,304.56,33.28,35.89,79.88,0.45,63.9,0.38,24.32,0.67
2025-02-20,16:15,February,LateWinter,Inverted-V,93,304.56,33.28,35.89,79.88,0.45,63.9,0.38,24.32,0.67
2025-02-20,16:30,February,LateWinter,Inverted-V,93,304.56,33.28,35.89,79.88,0.45,63.9,0.38,24.32,0.67
2025-02-20,16:45,February,LateWinter,Inverted-V,93,304.56,33.28,35.89,79.88,0.45,63.9,0.38,24.32,0.67
2025-02-20,17:00,February,LateWinter,Inverted-V,93,63.61,30.13,26.72,82.78,0.09,66.23,0.08,5.22,0.67
2025-02-20,17:15,February,LateWinter,Inverted-V,93,63.61,30.13,26.72,82.78,0.09,66.23,0.08,5.22,0.67
2025-02-20,17:30,February,LateWinter,Inverted-V,93,63.61,30.13,26.72,82.78,0.09,66.23,0.08,5.22,0.67
2025-02-20,17:45,February,LateWinter,Inverted-V,93,63.61,30.13,26.72,82.78,0.09,66.23,0.08,5.22,0.67
2025-02-21,06:00,February,LateWinter,Inverted-V,93,39.37,22.23,18.21,85.48,0.06,68.38,0.05,3.31,0.67
2025-02-21,06:15,February,LateWinter,Inverted-V,93,39.37,22.23,18.21,85.48,0.06,68.38,0.05,3.31,0.67
2025-02-21,06:30,February,LateWinter,Inverted-V,93,39.37,22.23,18.21,85.48,0.06,68.38,0.05,3.31,0.67
2025-02-21,06:45,February,LateWinter,Inverted-V,93,39.37,22.23,18.21,85.48,0.06,68.38,0.05,3.31,0.67
2025-02-21,07:00,February,LateWinter,Inverted-V,93,245.97,25.57,26.72,82.78,0.36,66.23,0.3,20.17,0.67
2025-02-21,07:15,February,LateWinter,Inverted-V,93,245.97,25.57,26.72,82.78,0.36,66.23,0.3,20.17,0.67
2025-02-21,07:30,February,LateWinter,Inverted-V,93,245.97,25.57,26.72,82.78,0.36,66.23,0.3,20.17,0.67
2025-02-21,07:45,February,LateWinter,Inverted-V,93,245.97,25.57,26.72,82.78,0.36,66.23,0.3,20.17,0.67
2025-02-21,08:00,February,LateWinter,Inverted-V,93,498.31,28.4,35.86,79.89,0.74,63.91,0.62,39.8,0.67
2025-02-21,08:15,February,LateWinter,Inverted-V,93,498.31,28.4,35.86,79.89,0.74,63.91,0.62,39.8,0.67
2025-02-21,08:30,February,LateWinter,Inverted-V,93,498.31,28.4,35.86,79.89,0.74,63.91,0.62,39.8,0.67
2025-02-21,08:45,February,LateWinter,Inverted-V,93,498.31,28.4,35.86,79.89,0.74,63.91,0.62,39.8,0.67
2025-02-21,09:00,February,LateWinter,Inverted-V,93,755.3,30.92,44.8,77.06,1.14,61.65,0.95,58.7,0.67
2025-02-21,09:15,February,LateWinter,Inverted-V,93,755.3,30.92,44.8,77.06,1.14,61.65,0.95,58.7,0.67
2025-02-21,09:30,February,LateWinter,Inverted-V,93,755.3,30.92,44.8,77.06,1.14,61.65,0.95,58.7,0.67
2025-02-21,09:45,February,LateWinter,Inverted-V,93,755.3,30.92,44.8,77.06,1.14,61.65,0.95,58.7,0.67
2025-02-21,10:00,February,LateWinter,Inverted-V,93,950.64,33.1,51.87,74.82,1.44,59.86,1.21,72.23,0.67
2025-02-21,10:15,February,LateWinter,Inverted-V,93,950.64,33.1,51.87,74.82,1.44,59.86,1.21,72.23,0.67
2025-02-21,10:30,February,LateWinter,Inverted-V,93,950.64,33.1,51.87,74.82,1.44,59.86,1.21,72.23,0.67
2025-02-21,10:45,February,LateWinter,Inverted-V,93,950.64,33.1,51.87,74.82,1.44,59.86,1.21,72.23,0.67
2025-02-21,11:00,February,LateWinter,Inverted-V,93,1051.51,34.83,56.12,73.47,1.6,58.78,1.34,78.78,0.67
2025-02-21,11:15,February,LateWinter,Inverted-V,93,1051.51,34.83,56.12,73.47,1.6,58.78,1.34,78.78,0.67
2025-02-21,11:30,February,LateWinter,Inverted-V,93,1051.51,34.83,56.12,73.47,1.6,58.78,1.34,78.78,0.67
2025-02-21,11:45,February,LateWinter,Inverted-V,93,1051.51,34.83,56.12,73.47,1.6,58.78,1.34,78.78,0.67
2025-02-21,12:00,February,LateWinter,Inverted-V,93,1058.37,35.96,57.42,73.06,1.61,58.45,1.35,78.95,0.67
2025-02-21,12:15,February,LateWinter,Inverted-V,93,1058.37,35.96,57.42,73.06,1.61,58.45,1.35,78.95,0.67
2025-02-21,12:30,February,LateWinter,Inverted-V,93,1058.37,35.96,57.42,73.06,1.61,58.45,1.35,78.95,0.67
2025-02-21,12:45,February,LateWinter,Inverted-V,93,1058.37,35.96,57.42,73.06,1.61,58.45,1.35,78.95,0.67
2025-02-21,13:00,February,LateWinter,Inverted-V,93,973.73,36.45,55.79,73.58,1.48,58.86,1.24,73.03,0.67
2025-02-21,13:15,February,LateWinter,Inverted-V,93,973.73,36.45,55.79,73.58,1.48,58.86,1.24,73.03,0.67
2025-02-21,13:30,February,LateWinter,Inverted-V,93,973.73,36.45,55.79,73.58,1.48,58.86,1.24,73.03,0.67
2025-02-21,13:45,February,LateWinter,Inverted-V,93,973.73,36.45,55.79,73.58,1.48,58.86,1.24,73.03,0.67
2025-02-21,14:00,February,LateWinter,Inverted-V,93,806.87,36.28,51.45,74.95,1.22,59.96,1.02,61.39,0.67
2025-02-21,14:15,February,LateWinter,Inverted-V,93,806.87,36.28,51.45,74.95,1.22,59.96,1.02,61.39,0.67
2025-02-21,14:30,February,LateWinter,Inverted-V,93,806.87,36.28,51.45,74.95,1.22,59.96,1.02,61.39,0.67
2025-02-21,14:45,February,LateWinter,Inverted-V,93,806.87,36.28,51.45,74.95,1.22,59.96,1.02,61.39,0.67
2025-02-21,15:00,February,LateWinter,Inverted-V,93,577.37,35.43,44.86,77.04,0.87,61.63,0.73,44.86,0.67
2025-02-21,15:15,February,LateWinter,Inverted-V,93,577.37,35.43,44.86,77.04,0.87,61.63,0.73,44.86,0.67
2025-02-21,15:30,February,LateWinter,Inverted-V,93,577.37,35.43,44.86,77.04,0.87,61.63,0.73,44.86,0.67
2025-02-21,15:45,February,LateWinter,Inverted-V,93,577.37,35.43,44.86,77.04,0.87,61.63,0.73,44.86,0.67
2025-02-21,16:00,February,LateWinter,Inverted-V,93,312.17,33.87,36.67,79.63,0.47,63.71,0.39,24.87,0.67
2025-02-21,16:15,February,LateWinter,Inverted-V,93,312.17,33.87,36.67,79.63,0.47,63.71,0.39,24.87,0.67
2025-02-21,16:30,February,LateWinter,Inverted-V,93,312.17,33.87,36.67,79.63,0.47,63.71,0.39,24.87,0.67
2025-02-21,16:45,February,LateWinter,Inverted-V,93,312.17,33.87,36.67,79.63,0.47,63.71,0.39,24.87,0.67
2025-02-21,17:00,February,LateWinter,Inverted-V,93,65.83,30.65,27.3,82.6,0.1,66.08,0.08,5.39,0.67
2025-02-21,17:15,February,LateWinter,Inverted-V,93,65.83,30.65,27.3,82.6,0.1,66.08,0.08,5.39,0.67
2025-02-21,17:30,February,LateWinter,Inverted-V,93,65.83,30.65,27.3,82.6,0.1,66.08,0.08,5.39,0.67
2025-02-21,17:45,February,LateWinter,Inverted-V,93,65.83,30.65,27.3,82.6,0.1,66.08,0.08,5.39,0.67
2025-02-22,06:00,February,LateWinter,Inverted-V,93,41.28,22.97,19.0,85.23,0.06,68.18,0.05,3.46,0.67
2025-02-22,06:15,February,LateWinter,Inverted-V,93,41.28,22.97,19.0,85.23,0.06,68.18,0.05,3.46,0.67
2025-02-22,06:30,February,LateWinter,Inverted-V,93,41.28,22.97,19.0,85.23,0.06,68.18,0.05,3.46,0.67
2025-02-22,06:45,February,LateWinter,Inverted-V,93,41.28,22.97,19.0,85.23,0.06,68.18,0.05,3.46,0.67
2025-02-22,07:00,February,LateWinter,Inverted-V,93,248.92,26.07,27.29,82.6,0.37,66.08,0.31,20.38,0.67
2025-02-22,07:15,February,LateWinter,Inverted-V,93,248.92,26.07,27.29,82.6,0.37,66.08,0.31,20.38,0.67
2025-02-22,07:30,February,LateWinter,Inverted-V,93,248.92,26.07,27.29,82.6,0.37,66.08,0.31,20.38,0.67
2025-02-22,07:45,February,LateWinter,Inverted-V,93,248.92,26.07,27.29,82.6,0.37,66.08,0.31,20.38,0.67
2025-02-22,08:00,February,LateWinter,Inverted-V,93,496.69,28.94,36.36,79.73,0.74,63.79,0.62,39.61,0.67
2025-02-22,08:15,February,LateWinter,Inverted-V,93,496.69,28.94,36.36,79.73,0.74,63.79,0.62,39.61,0.67
2025-02-22,08:30,February,LateWinter,Inverted-V,93,496.69,28.94,36.36,79.73,0.74,63.79,0.62,39.61,0.67
2025-02-22,08:45,February,LateWinter,Inverted-V,93,496.69,28.94,36.36,79.73,0.74,63.79,0.62,39.61,0.67
2025-02-22,09:00,February,LateWinter,Inverted-V,93,735.43,31.55,44.94,77.02,1.11,61.61,0.93,57.13,0.67
2025-02-22,09:15,February,LateWinter,Inverted-V,93,735.43,31.55,44.94,77.02,1.11,61.61,0.93,57.13,0.67
2025-02-22,09:30,February,LateWinter,Inverted-V,93,735.43,31.55,44.94,77.02,1.11,61.61,0.93,57.13,0.67
2025-02-22,09:45,February,LateWinter,Inverted-V,93,735.43,31.55,44.94,77.02,1.11,61.61,0.93,57.13,0.67
2025-02-22,10:00,February,LateWinter,Inverted-V,93,928.1,33.76,51.96,74.79,1.41,59.83,1.18,70.49,0.67
2025-02-22,10:15,February,LateWinter,Inverted-V,93,928.1,33.76,51.96,74.79,1.41,59.83,1.18,70.49,0.67
2025-02-22,10:30,February,LateWinter,Inverted-V,93,928.1,33.76,51.96,74.79,1.41,59.83,1.18,70.49,0.67
2025-02-22,10:45,February,LateWinter,Inverted-V,93,928.1,33.76,51.96,74.79,1.41,59.83,1.18,70.49,0.67
2025-02-22,11:00,February,LateWinter,Inverted-V,93,1045.28,35.31,56.44,73.37,1.59,58.7,1.33,78.23,0.67
2025-02-22,11:15,February,LateWinter,Inverted-V,93,1045.28,35.31,56.44,73.37,1.59,58.7,1.33,78.23,0.67
2025-02-22,11:30,February,LateWinter,Inverted-V,93,1045.28,35.31,56.44,73.37,1.59,58.7,1.33,78.23,0.67
2025-02-22,11:45,February,LateWinter,Inverted-V,93,1045.28,35.31,56.44,73.37,1.59,58.7,1.33,78.23,0.67
2025-02-22,12:00,February,LateWinter,Inverted-V,93,1054.13,36.26,57.61,73.0,1.61,58.4,1.35,78.58,0.67
2025-02-22,12:15,February,LateWinter,Inverted-V,93,1054.13,36.26,57.61,73.0,1.61,58.4,1.35,78.58,0.67
2025-02-22,12:30,February,LateWinter,Inverted-V,93,1054.13,36.26,57.61,73.0,1.61,58.4,1.35,78.58,0.67
2025-02-22,12:45,February,LateWinter,Inverted-V,93,1054.13,36.26,57.61,73.0,1.61,58.4,1.35,78.58,0.67
2025-02-22,13:00,February,LateWinter,Inverted-V,93,969.35,36.61,55.84,73.56,1.47,58.85,1.24,72.69,0.67
2025-02-22,13:15,February,LateWinter,Inverted-V,93,969.35,36.61,55.84,73.56,1.47,58.85,1.24,72.69,0.67
2025-02-22,13:30,February,LateWinter,Inverted-V,93,969.35,36.61,55.84,73.56,1.47,58.85,1.24,72.69,0.67
2025-02-22,13:45,February,LateWinter,Inverted-V,93,969.35,36.61,55.84,73.56,1.47,58.85,1.24,72.69,0.67
2025-02-22,14:00,February,LateWinter,Inverted-V,93,792.29,36.39,51.2,75.03,1.2,60.03,1.01,60.33,0.67
2025-02-22,14:15,February,LateWinter,Inverted-V,93,792.29,36.39,51.2,75.03,1.2,60.03,1.01,60.33,0.67
2025-02-22,14:30,February,LateWinter,Inverted-V,93,792.29,36.39,51.2,75.03,1.2,60.03,1.01,60.33,0.67
2025-02-22,14:45,February,LateWinter,Inverted-V,93,792.29,36.39,51.2,75.03,1.2,60.03,1.01,60.33,0.67
2025-02-22,15:00,February,LateWinter,Inverted-V,93,543.67,35.58,44.17,77.26,0.82,61.81,0.68,42.33,0.67
2025-02-22,15:15,February,LateWinter,Inverted-V,93,543.67,35.58,44.17,77.26,0.82,61.81,0.68,42.33,0.67
2025-02-22,15:30,February,LateWinter,Inverted-V,93,543.67,35.58,44.17,77.26,0.82,61.81,0.68,42.33,0.67
2025-02-22,15:45,February,LateWinter,Inverted-V,93,543.67,35.58,44.17,77.26,0.82,61.81,0.68,42.33,0.67
2025-02-22,16:00,February,LateWinter,Inverted-V,93,289.22,34.13,36.36,79.73,0.43,63.78,0.36,23.06,0.67
2025-02-22,16:15,February,LateWinter,Inverted-V,93,289.22,34.13,36.36,79.73,0.43,63.78,0.36,23.06,0.67
2025-02-22,16:30,February,LateWinter,Inverted-V,93,289.22,34.13,36.36,79.73,0.43,63.78,0.36,23.06,0.67
2025-02-22,16:45,February,LateWinter,Inverted-V,93,289.22,34.13,36.36,79.73,0.43,63.78,0.36,23.06,0.67
2025-02-22,17:00,February,LateWinter,Inverted-V,93,60.43,30.89,27.4,82.57,0.09,66.05,0.07,4.95,0.67
2025-02-22,17:15,February,LateWinter,Inverted-V,93,60.43,30.89,27.4,82.57,0.09,66.05,0.07,4.95,0.67
2025-02-22,17:30,February,LateWinter,Inverted-V,93,60.43,30.89,27.4,82.57,0.09,66.05,0.07,4.95,0.67
2025-02-22,17:45,February,LateWinter,Inverted-V,93,60.43,30.89,27.4,82.57,0.09,66.05,0.07,4.95,0.67
2025-02-23,06:00,February,LateWinter,Inverted-V,93,43.52,22.4,18.49,85.39,0.06,68.31,0.05,3.65,0.67
2025-02-23,06:15,February,LateWinter,Inverted-V,93,43.52,22.4,18.49,85.39,0.06,68.31,0.05,3.65,0.67
2025-02-23,06:30,February,LateWinter,Inverted-V,93,43.52,22.4,18.49,85.39,0.06,68.31,0.05,3.65,0.67
2025-02-23,06:45,February,LateWinter,Inverted-V,93,43.52,22.4,18.49,85.39,0.06,68.31,0.05,3.65,0.67
2025-02-23,07:00,February,LateWinter,Inverted-V,93,264.44,25.63,27.24,82.62,0.39,66.09,0.33,21.65,0.67
2025-02-23,07:15,February,LateWinter,Inverted-V,93,264.44,25.63,27.24,82.62,0.39,66.09,0.33,21.65,0.67
2025-02-23,07:30,February,LateWinter,Inverted-V,93,264.44,25.63,27.24,82.62,0.39,66.09,0.33,21.65,0.67
2025-02-23,07:45,February,LateWinter,Inverted-V,93,264.44,25.63,27.24,82.62,0.39,66.09,0.33,21.65,0.67
2025-02-23,08:00,February,LateWinter,Inverted-V,93,521.46,28.83,36.87,79.57,0.78,63.66,0.65,41.52,0.67
2025-02-23,08:15,February,LateWinter,Inverted-V,93,521.46,28.83,36.87,79.57,0.78,63.66,0.65,41.52,0.67
2025-02-23,08:30,February,LateWinter,Inverted-V,93,521.46,28.83,36.87,79.57,0.78,63.66,0.65,41.52,0.67
2025-02-23,08:45,February,LateWinter,Inverted-V,93,521.46,28.83,36.87,79.57,0.78,63.66,0.65,41.52,0.67
2025-02-23,09:00,February,LateWinter,Inverted-V,93,772.65,32.01,46.33,76.58,1.16,61.26,0.98,59.76,0.67
2025-02-23,09:15,February,LateWinter,Inverted-V,93,772.65,32.01,46.33,76.58,1.16,61.26,0.98,59.76,0.67
2025-02-23,09:30,February,LateWinter,Inverted-V,93,772.65,32.01,46.33,76.58,1.16,61.26,0.98,59.76,0.67
2025-02-23,09:45,February,LateWinter,Inverted-V,93,772.65,32.01,46.33,76.58,1.16,61.26,0.98,59.76,0.67
2025-02-23,10:00,February,LateWinter,Inverted-V,93,963.52,34.39,53.48,74.31,1.46,59.45,1.22,72.82,0.67
2025-02-23,10:15,February,LateWinter,Inverted-V,93,963.52,34.39,53.48,74.31,1.46,59.45,1.22,72.82,0.67
2025-02-23,10:30,February,LateWinter,Inverted-V,93,963.52,34.39,53.48,74.31,1.46,59.45,1.22,72.82,0.67
2025-02-23,10:45,February,LateWinter,Inverted-V,93,963.52,34.39,53.48,74.31,1.46,59.45,1.22,72.82,0.67
2025-02-23,11:00,February,LateWinter,Inverted-V,93,1068.3,36.01,57.72,72.97,1.63,58.37,1.36,79.61,0.67
2025-02-23,11:15,February,LateWinter,Inverted-V,93,1068.3,36.01,57.72,72.97,1.63,58.37,1.36,79.61,0.67
2025-02-23,11:30,February,LateWinter,Inverted-V,93,1068.3,36.01,57.72,72.97,1.63,58.37,1.36,79.61,0.67
2025-02-23,11:45,February,LateWinter,Inverted-V,93,1068.3,36.01,57.72,72.97,1.63,58.37,1.36,79.61,0.67
2025-02-23,12:00,February,LateWinter,Inverted-V,93,1074.33,36.91,58.77,72.64,1.64,58.11,1.37,79.78,0.67
2025-02-23,12:15,February,LateWinter,Inverted-V,93,1074.33,36.91,58.77,72.64,1.64,58.11,1.37,79.78,0.67
2025-02-23,12:30,February,LateWinter,Inverted-V,93,1074.33,36.91,58.77,72.64,1.64,58.11,1.37,79.78,0.67
2025-02-23,12:45,February,LateWinter,Inverted-V,93,1074.33,36.91,58.77,72.64,1.64,58.11,1.37,79.78,0.67
2025-02-23,13:00,February,LateWinter,Inverted-V,93,988.87,37.19,56.91,73.22,1.51,58.58,1.26,73.89,0.67
2025-02-23,13:15,February,LateWinter,Inverted-V,93,988.87,37.19,56.91,73.22,1.51,58.58,1.26,73.89,0.67
2025-02-23,13:30,February,LateWinter,Inverted-V,93,988.87,37.19,56.91,73.22,1.51,58.58,1.26,73.89,0.67
2025-02-23,13:45,February,LateWinter,Inverted-V,93,988.87,37.19,56.91,73.22,1.51,58.58,1.26,73.89,0.67
2025-02-23,14:00,February,LateWinter,Inverted-V,93,820.15,36.9,52.4,74.65,1.24,59.72,1.04,62.21,0.67
2025-02-23,14:15,February,LateWinter,Inverted-V,93,820.15,36.9,52.4,74.65,1.24,59.72,1.04,62.21,0.67
2025-02-23,14:30,February,LateWinter,Inverted-V,93,820.15,36.9,52.4,74.65,1.24,59.72,1.04,62.21,0.67
2025-02-23,14:45,February,LateWinter,Inverted-V,93,820.15,36.9,52.4,74.65,1.24,59.72,1.04,62.21,0.67
2025-02-23,15:00,February,LateWinter,Inverted-V,93,583.58,36.0,45.59,76.81,0.88,61.45,0.74,45.24,0.67
2025-02-23,15:15,February,LateWinter,Inverted-V,93,583.58,36.0,45.59,76.81,0.88,61.45,0.74,45.24,0.67
2025-02-23,15:30,February,LateWinter,Inverted-V,93,583.58,36.0,45.59,76.81,0.88,61.45,0.74,45.24,0.67
2025-02-23,15:45,February,LateWinter,Inverted-V,93,583.58,36.0,45.59,76.81,0.88,61.45,0.74,45.24,0.67
2025-02-23,16:00,February,LateWinter,Inverted-V,93,312.14,34.45,37.25,79.45,0.47,63.56,0.39,24.82,0.67
2025-02-23,16:15,February,LateWinter,Inverted-V,93,312.14,34.45,37.25,79.45,0.47,63.56,0.39,24.82,0.67
2025-02-23,16:30,February,LateWinter,Inverted-V,93,312.14,34.45,37.25,79.45,0.47,63.56,0.39,24.82,0.67
2025-02-23,16:45,February,LateWinter,Inverted-V,93,312.14,34.45,37.25,79.45,0.47,63.56,0.39,24.82,0.67
2025-02-23,17:00,February,LateWinter,Inverted-V,93,67.66,31.55,28.24,82.3,0.1,65.84,0.08,5.52,0.67
2025-02-23,17:15,February,LateWinter,Inverted-V,93,67.66,31.55,28.24,82.3,0.1,65.84,0.08,5.52,0.67
2025-02-23,17:30,February,LateWinter,Inverted-V,93,67.66,31.55,28.24,82.3,0.1,65.84,0.08,5.52,0.67
2025-02-23,17:45,February,LateWinter,Inverted-V,93,67.66,31.55,28.24,82.3,0.1,65.84,0.08,5.52,0.67
2025-02-24,06:00,February,LateWinter,Inverted-V,93,46.44,23.17,19.33,85.12,0.07,68.1,0.06,3.89,0.67
2025-02-24,06:15,February,LateWinter,Inverted-V,93,46.44,23.17,19.33,85.12,0.07,68.1,0.06,3.89,0.67
2025-02-24,06:30,February,LateWinter,Inverted-V,93,46.44,23.17,19.33,85.12,0.07,68.1,0.06,3.89,0.67
2025-02-24,06:45,February,LateWinter,Inverted-V,93,46.44,23.17,19.33,85.12,0.07,68.1,0.06,3.89,0.67
2025-02-24,07:00,February,LateWinter,Inverted-V,93,278.96,26.3,28.27,82.29,0.41,65.83,0.35,22.78,0.67
2025-02-24,07:15,February,LateWinter,Inverted-V,93,278.96,26.3,28.27,82.29,0.41,65.83,0.35,22.78,0.67
2025-02-24,07:30,February,LateWinter,Inverted-V,93,278.96,26.3,28.27,82.29,0.41,65.83,0.35,22.78,0.67
2025-02-24,07:45,February,LateWinter,Inverted-V,93,278.96,26.3,28.27,82.29,0.41,65.83,0.35,22.78,0.67
2025-02-24,08:00,February,LateWinter,Inverted-V,93,547.56,29.3,37.99,79.22,0.82,63.37,0.69,43.45,0.67
2025-02-24,08:15,February,LateWinter,Inverted-V,93,547.56,29.3,37.99,79.22,0.82,63.37,0.69,43.45,0.67
2025-02-24,08:30,February,LateWinter,Inverted-V,93,547.56,29.3,37.99,79.22,0.82,63.37,0.69,43.45,0.67
2025-02-24,08:45,February,LateWinter,Inverted-V,93,547.56,29.3,37.99,79.22,0.82,63.37,0.69,43.45,0.67
2025-02-24,09:00,February,LateWinter,Inverted-V,93,771.15,32.2,46.48,76.53,1.16,61.22,0.97,59.61,0.67
2025-02-24,09:15,February,LateWinter,Inverted-V,93,771.15,32.2,46.48,76.53,1.16,61.22,0.97,59.61,0.67
2025-02-24,09:30,February,LateWinter,Inverted-V,93,771.15,32.2,46.48,76.53,1.16,61.22,0.97,59.61,0.67
2025-02-24,09:45,February,LateWinter,Inverted-V,93,771.15,32.2,46.48,76.53,1.16,61.22,0.97,59.61,0.67
2025-02-24,10:00,February,LateWinter,Inverted-V,93,952.43,34.26,53.07,74.44,1.45,59.55,1.21,72.08,0.67
2025-02-24,10:15,February,LateWinter,Inverted-V,93,952.43,34.26,53.07,74.44,1.45,59.55,1.21,72.08,0.67
2025-02-24,10:30,February,LateWinter,Inverted-V,93,952.43,34.26,53.07,74.44,1.45,59.55,1.21,72.08,0.67
2025-02-24,10:45,February,LateWinter,Inverted-V,93,952.43,34.26,53.07,74.44,1.45,59.55,1.21,72.08,0.67
2025-02-24,11:00,February,LateWinter,Inverted-V,93,1032.99,35.62,56.44,73.37,1.57,58.7,1.32,77.31,0.67
2025-02-24,11:15,February,LateWinter,Inverted-V,93,1032.99,35.62,56.44,73.37,1.57,58.7,1.32,77.31,0.67
2025-02-24,11:30,February,LateWinter,Inverted-V,93,1032.99,35.62,56.44,73.37,1.57,58.7,1.32,77.31,0.67
2025-02-24,11:45,February,LateWinter,Inverted-V,93,1032.99,35.62,56.44,73.37,1.57,58.7,1.32,77.31,0.67
2025-02-24,12:00,February,LateWinter,Inverted-V,93,1023.54,36.4,56.99,73.2,1.56,58.56,1.31,76.46,0.67
2025-02-24,12:15,February,LateWinter,Inverted-V,93,1023.54,36.4,56.99,73.2,1.56,58.56,1.31,76.46,0.67
2025-02-24,12:30,February,LateWinter,Inverted-V,93,1023.54,36.4,56.99,73.2,1.56,58.56,1.31,76.46,0.67
2025-02-24,12:45,February,LateWinter,Inverted-V,93,1023.54,36.4,56.99,73.2,1.56,58.56,1.31,76.46,0.67
2025-02-24,13:00,February,LateWinter,Inverted-V,93,921.62,36.63,54.67,73.93,1.4,59.15,1.17,69.38,0.67
2025-02-24,13:15,February,LateWinter,Inverted-V,93,921.62,36.63,54.67,73.93,1.4,59.15,1.17,69.38,0.67
2025-02-24,13:30,February,LateWinter,Inverted-V,93,921.62,36.63,54.67,73.93,1.4,59.15,1.17,69.38,0.67
2025-02-24,13:45,February,LateWinter,Inverted-V,93,921.62,36.63,54.67,73.93,1.4,59.15,1.17,69.38,0.67
2025-02-24,14:00,February,LateWinter,Inverted-V,93,757.17,36.22,50.15,75.36,1.15,60.29,0.96,57.85,0.67
2025-02-24,14:15,February,LateWinter,Inverted-V,93,757.17,36.22,50.15,75.36,1.15,60.29,0.96,57.85,0.67
2025-02-24,14:30,February,LateWinter,Inverted-V,93,757.17,36.22,50.15,75.36,1.15,60.29,0.96,57.85,0.67
2025-02-24,14:45,February,LateWinter,Inverted-V,93,757.17,36.22,50.15,75.36,1.15,60.29,0.96,57.85,0.67
2025-02-24,15:00,February,LateWinter,Inverted-V,93,545.65,35.21,43.85,77.36,0.82,61.89,0.69,42.53,0.67
2025-02-24,15:15,February,LateWinter,Inverted-V,93,545.65,35.21,43.85,77.36,0.82,61.89,0.69,42.53,0.67
2025-02-24,15:30,February,LateWinter,Inverted-V,93,545.65,35.21,43.85,77.36,0.82,61.89,0.69,42.53,0.67
2025-02-24,15:45,February,LateWinter,Inverted-V,93,545.65,35.21,43.85,77.36,0.82,61.89,0.69,42.53,0.67
2025-02-24,16:00,February,LateWinter,Inverted-V,93,278.69,33.62,35.59,79.98,0.42,63.98,0.35,22.28,0.67
2025-02-24,16:15,February,LateWinter,Inverted-V,93,278.69,33.62,35.59,79.98,0.42,63.98,0.35,22.28,0.67
2025-02-24,16:30,February,LateWinter,Inverted-V,93,278.69,33.62,35.59,79.98,0.42,63.98,0.35,22.28,0.67
2025-02-24,16:45,February,LateWinter,Inverted-V,93,278.69,33.62,35.59,79.98,0.42,63.98,0.35,22.28,0.67
2025-02-24,17:00,February,LateWinter,Inverted-V,93,56.92,30.98,27.4,82.57,0.08,66.05,0.07,4.66,0.67
2025-02-24,17:15,February,LateWinter,Inverted-V,93,56.92,30.98,27.4,82.57,0.08,66.05,0.07,4.66,0.67
2025-02-24,17:30,February,LateWinter,Inverted-V,93,56.92,30.98,27.4,82.57,0.08,66.05,0.07,4.66,0.67
2025-02-24,17:45,February,LateWinter,Inverted-V,93,56.92,30.98,27.4,82.57,0.08,66.05,0.07,4.66,0.67
2025-02-25,06:00,February,LateWinter,Inverted-V,93,46.85,23.25,19.42,85.09,0.07,68.08,0.06,3.92,0.67
2025-02-25,06:15,February,LateWinter,Inverted-V,93,46.85,23.25,19.42,85.09,0.07,68.08,0.06,3.92,0.67
2025-02-25,06:30,February,LateWinter,Inverted-V,93,46.85,23.25,19.42,85.09,0.07,68.08,0.06,3.92,0.67
2025-02-25,06:45,February,LateWinter,Inverted-V,93,46.85,23.25,19.42,85.09,0.07,68.08,0.06,3.92,0.67
2025-02-25,07:00,February,LateWinter,Inverted-V,93,272.81,25.99,27.81,82.44,0.4,65.95,0.34,22.3,0.67
2025-02-25,07:15,February,LateWinter,Inverted-V,93,272.81,25.99,27.81,82.44,0.4,65.95,0.34,22.3,0.67
2025-02-25,07:30,February,LateWinter,Inverted-V,93,272.81,25.99,27.81,82.44,0.4,65.95,0.34,22.3,0.67
2025-02-25,07:45,February,LateWinter,Inverted-V,93,272.81,25.99,27.81,82.44,0.4,65.95,0.34,22.3,0.67
2025-02-25,08:00,February,LateWinter,Inverted-V,93,539.28,28.78,37.26,79.45,0.81,63.56,0.67,42.89,0.67
2025-02-25,08:15,February,LateWinter,Inverted-V,93,539.28,28.78,37.26,79.45,0.81,63.56,0.67,42.89,0.67
2025-02-25,08:30,February,LateWinter,Inverted-V,93,539.28,28.78,37.26,79.45,0.81,63.56,0.67,42.89,0.67
2025-02-25,08:45,February,LateWinter,Inverted-V,93,539.28,28.78,37.26,79.45,0.81,63.56,0.67,42.89,0.67
2025-02-25,09:00,February,LateWinter,Inverted-V,93,757.62,31.27,45.21,76.93,1.14,61.54,0.96,58.8,0.67
2025-02-25,09:15,February,LateWinter,Inverted-V,93,757.62,31.27,45.21,76.93,1.14,61.54,0.96,58.8,0.67
2025-02-25,09:30,February,LateWinter,Inverted-V,93,757.62,31.27,45.21,76.93,1.14,61.54,0.96,58.8,0.67
2025-02-25,09:45,February,LateWinter,Inverted-V,93,757.62,31.27,45.21,76.93,1.14,61.54,0.96,58.8,0.67
2025-02-25,10:00,February,LateWinter,Inverted-V,93,916.38,33.33,51.24,75.02,1.39,60.02,1.16,69.77,0.67
2025-02-25,10:15,February,LateWinter,Inverted-V,93,916.38,33.33,51.24,75.02,1.39,60.02,1.16,69.77,0.67
2025-02-25,10:30,February,LateWinter,Inverted-V,93,916.38,33.33,51.24,75.02,1.39,60.02,1.16,69.77,0.67
2025-02-25,10:45,February,LateWinter,Inverted-V,93,916.38,33.33,51.24,75.02,1.39,60.02,1.16,69.77,0.67
2025-02-25,11:00,February,LateWinter,Inverted-V,93,968.89,34.85,54.07,74.12,1.47,59.3,1.23,73.09,0.67
2025-02-25,11:15,February,LateWinter,Inverted-V,93,968.89,34.85,54.07,74.12,1.47,59.3,1.23,73.09,0.67
2025-02-25,11:30,February,LateWinter,Inverted-V,93,968.89,34.85,54.07,74.12,1.47,59.3,1.23,73.09,0.67
2025-02-25,11:45,February,LateWinter,Inverted-V,93,968.89,34.85,54.07,74.12,1.47,59.3,1.23,73.09,0.67
2025-02-25,12:00,February,LateWinter,Inverted-V,93,693.0,35.74,48.07,76.02,1.05,60.82,0.88,53.3,0.67
2025-02-25,12:15,February,LateWinter,Inverted-V,93,693.0,35.74,48.07,76.02,1.05,60.82,0.88,53.3,0.67
2025-02-25,12:30,February,LateWinter,Inverted-V,93,693.0,35.74,48.07,76.02,1.05,60.82,0.88,53.3,0.67
2025-02-25,12:45,February,LateWinter,Inverted-V,93,693.0,35.74,48.07,76.02,1.05,60.82,0.88,53.3,0.67
2025-02-25,13:00,February,LateWinter,Inverted-V,93,616.09,35.91,46.31,76.58,0.93,61.26,0.78,47.65,0.67
2025-02-25,13:15,February,LateWinter,Inverted-V,93,616.09,35.91,46.31,76.58,0.93,61.26,0.78,47.65,0.67
2025-02-25,13:30,February,LateWinter,Inverted-V,93,616.09,35.91,46.31,76.58,0.93,61.26,0.78,47.65,0.67
2025-02-25,13:45,February,LateWinter,Inverted-V,93,616.09,35.91,46.31,76.58,0.93,61.26,0.78,47.65,0.67
2025-02-25,14:00,February,LateWinter,Inverted-V,93,412.54,35.45,40.76,78.34,0.62,62.67,0.52,32.46,0.67
2025-02-25,14:15,February,LateWinter,Inverted-V,93,412.54,35.45,40.76,78.34,0.62,62.67,0.52,32.46,0.67
2025-02-25,14:30,February,LateWinter,Inverted-V,93,412.54,35.45,40.76,78.34,0.62,62.67,0.52,32.46,0.67
2025-02-25,14:45,February,LateWinter,Inverted-V,93,412.54,35.45,40.76,78.34,0.62,62.67,0.52,32.46,0.67
2025-02-25,15:00,February,LateWinter,Inverted-V,93,344.93,34.51,38.13,79.17,0.52,63.34,0.43,27.36,0.67
2025-02-25,15:15,February,LateWinter,Inverted-V,93,344.93,34.51,38.13,79.17,0.52,63.34,0.43,27.36,0.67
2025-02-25,15:30,February,LateWinter,Inverted-V,93,344.93,34.51,38.13,79.17,0.52,63.34,0.43,27.36,0.67
2025-02-25,15:45,February,LateWinter,Inverted-V,93,344.93,34.51,38.13,79.17,0.52,63.34,0.43,27.36,0.67
2025-02-25,16:00,February,LateWinter,Inverted-V,93,177.07,32.77,32.2,81.05,0.26,64.84,0.22,14.29,0.67
2025-02-25,16:15,February,LateWinter,Inverted-V,93,177.07,32.77,32.2,81.05,0.26,64.84,0.22,14.29,0.67
2025-02-25,16:30,February,LateWinter,Inverted-V,93,177.07,32.77,32.2,81.05,0.26,64.84,0.22,14.29,0.67
2025-02-25,16:45,February,LateWinter,Inverted-V,93,177.07,32.77,32.2,81.05,0.26,64.84,0.22,14.29,0.67
2025-02-25,17:00,February,LateWinter,Inverted-V,93,28.98,30.73,26.45,82.87,0.04,66.29,0.04,2.38,0.67
2025-02-25,17:15,February,LateWinter,Inverted-V,93,28.98,30.73,26.45,82.87,0.04,66.29,0.04,2.38,0.67
2025-02-25,17:30,February,LateWinter,Inverted-V,93,28.98,30.73,26.45,82.87,0.04,66.29,0.04,2.38,0.67
2025-02-25,17:45,February,LateWinter,Inverted-V,93,28.98,30.73,26.45,82.87,0.04,66.29,0.04,2.38,0.67
2025-02-26,06:00,February,LateWinter,Inverted-V,93,32.85,23.49,19.31,85.13,0.05,68.1,0.04,2.75,0.67
2025-02-26,06:15,February,LateWinter,Inverted-V,93,32.85,23.49,19.31,85.13,0.05,68.1,0.04,2.75,0.67
2025-02-26,06:30,February,LateWinter,Inverted-V,93,32.85,23.49,19.31,85.13,0.05,68.1,0.04,2.75,0.67
2025-02-26,06:45,February,LateWinter,Inverted-V,93,32.85,23.49,19.31,85.13,0.05,68.1,0.04,2.75,0.67
2025-02-26,07:00,February,LateWinter,Inverted-V,93,214.97,25.67,26.04,83.0,0.32,66.4,0.27,17.66,0.67
2025-02-26,07:15,February,LateWinter,Inverted-V,93,214.97,25.67,26.04,83.0,0.32,66.4,0.27,17.66,0.67
2025-02-26,07:30,February,LateWinter,Inverted-V,93,214.97,25.67,26.04,83.0,0.32,66.4,0.27,17.66,0.67
2025-02-26,07:45,February,LateWinter,Inverted-V,93,214.97,25.67,26.04,83.0,0.32,66.4,0.27,17.66,0.67
2025-02-26,08:00,February,LateWinter,Inverted-V,93,465.35,28.64,35.27,80.07,0.69,64.06,0.58,37.23,0.67
2025-02-26,08:15,February,LateWinter,Inverted-V,93,465.35,28.64,35.27,80.07,0.69,64.06,0.58,37.23,0.67
2025-02-26,08:30,February,LateWinter,Inverted-V,93,465.35,28.64,35.27,80.07,0.69,64.06,0.58,37.23,0.67
2025-02-26,08:45,February,LateWinter,Inverted-V,93,465.35,28.64,35.27,80.07,0.69,64.06,0.58,37.23,0.67
2025-02-26,09:00,February,LateWinter,Inverted-V,93,588.78,31.05,40.77,78.33,0.88,62.67,0.74,46.33,0.67
2025-02-26,09:15,February,LateWinter,Inverted-V,93,588.78,31.05,40.77,78.33,0.88,62.67,0.74,46.33,0.67
2025-02-26,09:30,February,LateWinter,Inverted-V,93,588.78,31.05,40.77,78.33,0.88,62.67,0.74,46.33,0.67
2025-02-26,09:45,February,LateWinter,Inverted-V,93,588.78,31.05,40.77,78.33,0.88,62.67,0.74,46.33,0.67
2025-02-26,10:00,February,LateWinter,Inverted-V,93,628.69,32.87,43.59,77.44,0.95,61.95,0.79,49.04,0.67
2025-02-26,10:15,February,LateWinter,Inverted-V,93,628.69,32.87,43.59,77.44,0.95,61.95,0.79,49.04,0.67
2025-02-26,10:30,February,LateWinter,Inverted-V,93,628.69,32.87,43.59,77.44,0.95,61.95,0.79,49.04,0.67
2025-02-26,10:45,February,LateWinter,Inverted-V,93,628.69,32.87,43.59,77.44,0.95,61.95,0.79,49.04,0.67
2025-02-26,11:00,February,LateWinter,Inverted-V,93,709.02,33.98,46.71,76.46,1.07,61.16,0.9,54.77,0.67
2025-02-26,11:15,February,LateWinter,Inverted-V,93,709.02,33.98,46.71,76.46,1.07,61.16,0.9,54.77,0.67
2025-02-26,11:30,February,LateWinter,Inverted-V,93,709.02,33.98,46.71,76.46,1.07,61.16,0.9,54.77,0.67
2025-02-26,11:45,February,LateWinter,Inverted-V,93,709.02,33.98,46.71,76.46,1.07,61.16,0.9,54.77,0.67
2025-02-26,12:00,February,LateWinter,Inverted-V,93,625.68,34.61,45.25,76.92,0.94,61.53,0.79,48.55,0.67
2025-02-26,12:15,February,LateWinter,Inverted-V,93,625.68,34.61,45.25,76.92,0.94,61.53,0.79,48.55,0.67
2025-02-26,12:30,February,LateWinter,Inverted-V,93,625.68,34.61,45.25,76.92,0.94,61.53,0.79,48.55,0.67
2025-02-26,12:45,February,LateWinter,Inverted-V,93,625.68,34.61,45.25,76.92,0.94,61.53,0.79,48.55,0.67
2025-02-26,13:00,February,LateWinter,Inverted-V,93,384.53,34.67,39.28,78.81,0.58,63.04,0.48,30.4,0.67
2025-02-26,13:15,February,LateWinter,Inverted-V,93,384.53,34.67,39.28,78.81,0.58,63.04,0.48,30.4,0.67
2025-02-26,13:30,February,LateWinter,Inverted-V,93,384.53,34.67,39.28,78.81,0.58,63.04,0.48,30.4,0.67
2025-02-26,13:45,February,LateWinter,Inverted-V,93,384.53,34.67,39.28,78.81,0.58,63.04,0.48,30.4,0.67
2025-02-26,14:00,February,LateWinter,Inverted-V,93,421.69,34.44,39.98,78.58,0.63,62.87,0.53,33.26,0.67
2025-02-26,14:15,February,LateWinter,Inverted-V,93,421.69,34.44,39.98,78.58,0.63,62.87,0.53,33.26,0.67
2025-02-26,14:30,February,LateWinter,Inverted-V,93,421.69,34.44,39.98,78.58,0.63,62.87,0.53,33.26,0.67
2025-02-26,14:45,February,LateWinter,Inverted-V,93,421.69,34.44,39.98,78.58,0.63,62.87,0.53,33.26,0.67
2025-02-26,15:00,February,LateWinter,Inverted-V,93,274.07,33.7,35.55,79.99,0.41,63.99,0.34,21.91,0.67
2025-02-26,15:15,February,LateWinter,Inverted-V,93,274.07,33.7,35.55,79.99,0.41,63.99,0.34,21.91,0.67
2025-02-26,15:30,February,LateWinter,Inverted-V,93,274.07,33.7,35.55,79.99,0.41,63.99,0.34,21.91,0.67
2025-02-26,15:45,February,LateWinter,Inverted-V,93,274.07,33.7,35.55,79.99,0.41,63.99,0.34,21.91,0.67
2025-02-26,16:00,February,LateWinter,Inverted-V,93,159.05,32.54,31.52,81.26,0.24,65.01,0.2,12.87,0.67
2025-02-26,16:15,February,LateWinter,Inverted-V,93,159.05,32.54,31.52,81.26,0.24,65.01,0.2,12.87,0.67
2025-02-26,16:30,February,LateWinter,Inverted-V,93,159.05,32.54,31.52,81.26,0.24,65.01,0.2,12.87,0.67
2025-02-26,16:45,February,LateWinter,Inverted-V,93,159.05,32.54,31.52,81.26,0.24,65.01,0.2,12.87,0.67
2025-02-26,17:00,February,LateWinter,Inverted-V,93,33.5,30.77,26.61,82.82,0.05,66.26,0.04,2.75,0.67
2025-02-26,17:15,February,LateWinter,Inverted-V,93,33.5,30.77,26.61,82.82,0.05,66.26,0.04,2.75,0.67
2025-02-26,17:30,February,LateWinter,Inverted-V,93,33.5,30.77,26.61,82.82,0.05,66.26,0.04,2.75,0.67
2025-02-26,17:45,February,LateWinter,Inverted-V,93,33.5,30.77,26.61,82.82,0.05,66.26,0.04,2.75,0.67
2025-02-27,06:00,February,LateWinter,Inverted-V,93,50.31,23.47,19.73,85.0,0.07,68.0,0.06,4.21,0.67
2025-02-27,06:15,February,LateWinter,Inverted-V,93,50.31,23.47,19.73,85.0,0.07,68.0,0.06,4.21,0.67
2025-02-27,06:30,February,LateWinter,Inverted-V,93,50.31,23.47,19.73,85.0,0.07,68.0,0.06,4.21,0.67
2025-02-27,06:45,February,LateWinter,Inverted-V,93,50.31,23.47,19.73,85.0,0.07,68.0,0.06,4.21,0.67
2025-02-27,07:00,February,LateWinter,Inverted-V,93,290.68,25.57,27.84,82.43,0.43,65.94,0.36,23.76,0.67
2025-02-27,07:15,February,LateWinter,Inverted-V,93,290.68,25.57,27.84,82.43,0.43,65.94,0.36,23.76,0.67
2025-02-27,07:30,February,LateWinter,Inverted-V,93,290.68,25.57,27.84,82.43,0.43,65.94,0.36,23.76,0.67
2025-02-27,07:45,February,LateWinter,Inverted-V,93,290.68,25.57,27.84,82.43,0.43,65.94,0.36,23.76,0.67
2025-02-27,08:00,February,LateWinter,Inverted-V,93,565.38,28.37,37.5,79.37,0.84,63.49,0.71,44.93,0.67
2025-02-27,08:15,February,LateWinter,Inverted-V,93,565.38,28.37,37.5,79.37,0.84,63.49,0.71,44.93,0.67
2025-02-27,08:30,February,LateWinter,Inverted-V,93,565.38,28.37,37.5,79.37,0.84,63.49,0.71,44.93,0.67
2025-02-27,08:45,February,LateWinter,Inverted-V,93,565.38,28.37,37.5,79.37,0.84,63.49,0.71,44.93,0.67
2025-02-27,09:00,February,LateWinter,Inverted-V,93,793.53,31.0,45.84,76.73,1.2,61.38,1.0,61.47,0.67
2025-02-27,09:15,February,LateWinter,Inverted-V,93,793.53,31.0,45.84,76.73,1.2,61.38,1.0,61.47,0.67
2025-02-27,09:30,February,LateWinter,Inverted-V,93,793.53,31.0,45.84,76.73,1.2,61.38,1.0,61.47,0.67
2025-02-27,09:45,February,LateWinter,Inverted-V,93,793.53,31.0,45.84,76.73,1.2,61.38,1.0,61.47,0.67
2025-02-27,10:00,February,LateWinter,Inverted-V,93,910.08,33.29,51.04,75.08,1.38,60.07,1.15,69.33,0.67
2025-02-27,10:15,February,LateWinter,Inverted-V,93,910.08,33.29,51.04,75.08,1.38,60.07,1.15,69.33,0.67
2025-02-27,10:30,February,LateWinter,Inverted-V,93,910.08,33.29,51.04,75.08,1.38,60.07,1.15,69.33,0.67
2025-02-27,10:45,February,LateWinter,Inverted-V,93,910.08,33.29,51.04,75.08,1.38,60.07,1.15,69.33,0.67
2025-02-27,11:00,February,LateWinter,Inverted-V,93,968.76,35.03,54.25,74.07,1.47,59.25,1.23,73.03,0.67
2025-02-27,11:15,February,LateWinter,Inverted-V,93,968.76,35.03,54.25,74.07,1.47,59.25,1.23,73.03,0.67
2025-02-27,11:30,February,LateWinter,Inverted-V,93,968.76,35.03,54.25,74.07,1.47,59.25,1.23,73.03,0.67
2025-02-27,11:45,February,LateWinter,Inverted-V,93,968.76,35.03,54.25,74.07,1.47,59.25,1.23,73.03,0.67
2025-02-27,12:00,February,LateWinter,Inverted-V,93,977.56,36.07,55.51,73.67,1.49,58.93,1.25,73.39,0.67
2025-02-27,12:15,February,LateWinter,Inverted-V,93,977.56,36.07,55.51,73.67,1.49,58.93,1.25,73.39,0.67
2025-02-27,12:30,February,LateWinter,Inverted-V,93,977.56,36.07,55.51,73.67,1.49,58.93,1.25,73.39,0.67
2025-02-27,12:45,February,LateWinter,Inverted-V,93,977.56,36.07,55.51,73.67,1.49,58.93,1.25,73.39,0.67
2025-02-27,13:00,February,LateWinter,Inverted-V,93,826.31,36.39,52.05,74.76,1.25,59.81,1.05,62.75,0.67
2025-02-27,13:15,February,LateWinter,Inverted-V,93,826.31,36.39,52.05,74.76,1.25,59.81,1.05,62.75,0.67
2025-02-27,13:30,February,LateWinter,Inverted-V,93,826.31,36.39,52.05,74.76,1.25,59.81,1.05,62.75,0.67
2025-02-27,13:45,February,LateWinter,Inverted-V,93,826.31,36.39,52.05,74.76,1.25,59.81,1.05,62.75,0.67
2025-02-27,14:00,February,LateWinter,Inverted-V,93,713.04,36.06,48.89,75.76,1.08,60.61,0.9,54.7,0.67
2025-02-27,14:15,February,LateWinter,Inverted-V,93,713.04,36.06,48.89,75.76,1.08,60.61,0.9,54.7,0.67
2025-02-27,14:30,February,LateWinter,Inverted-V,93,713.04,36.06,48.89,75.76,1.08,60.61,0.9,54.7,0.67
2025-02-27,14:45,February,LateWinter,Inverted-V,93,713.04,36.06,48.89,75.76,1.08,60.61,0.9,54.7,0.67
2025-02-27,15:00,February,LateWinter,Inverted-V,93,506.81,35.13,42.8,77.69,0.76,62.15,0.64,39.63,0.67
2025-02-27,15:15,February,LateWinter,Inverted-V,93,506.81,35.13,42.8,77.69,0.76,62.15,0.64,39.63,0.67
2025-02-27,15:30,February,LateWinter,Inverted-V,93,506.81,35.13,42.8,77.69,0.76,62.15,0.64,39.63,0.67
2025-02-27,15:45,February,LateWinter,Inverted-V,93,506.81,35.13,42.8,77.69,0.76,62.15,0.64,39.63,0.67
2025-02-27,16:00,February,LateWinter,Inverted-V,93,264.55,33.67,35.28,80.07,0.39,64.06,0.33,21.16,0.67
2025-02-27,16:15,February,LateWinter,Inverted-V,93,264.55,33.67,35.28,80.07,0.39,64.06,0.33,21.16,0.67
2025-02-27,16:30,February,LateWinter,Inverted-V,93,264.55,33.67,35.28,80.07,0.39,64.06,0.33,21.16,0.67
2025-02-27,16:45,February,LateWinter,Inverted-V,93,264.55,33.67,35.28,80.07,0.39,64.06,0.33,21.16,0.67
2025-02-27,17:00,February,LateWinter,Inverted-V,93,55.62,31.55,27.94,82.4,0.08,65.92,0.07,4.55,0.67
2025-02-27,17:15,February,LateWinter,Inverted-V,93,55.62,31.55,27.94,82.4,0.08,65.92,0.07,4.55,0.67
2025-02-27,17:30,February,LateWinter,Inverted-V,93,55.62,31.55,27.94,82.4,0.08,65.92,0.07,4.55,0.67
2025-02-27,17:45,February,LateWinter,Inverted-V,93,55.62,31.55,27.94,82.4,0.08,65.92,0.07,4.55,0.67
2025-02-28,06:00,February,LateWinter,Inverted-V,93,40.53,23.25,19.26,85.14,0.06,68.12,0.05,3.39,0.67
2025-02-28,06:15,February,LateWinter,Inverted-V,93,40.53,23.25,19.26,85.14,0.06,68.12,0.05,3.39,0.67
2025-02-28,06:30,February,LateWinter,Inverted-V,93,40.53,23.25,19.26,85.14,0.06,68.12,0.05,3.39,0.67
2025-02-28,06:45,February,LateWinter,Inverted-V,93,40.53,23.25,19.26,85.14,0.06,68.12,0.05,3.39,0.67
2025-02-28,07:00,February,LateWinter,Inverted-V,93,235.01,25.14,26.02,83.01,0.35,66.41,0.29,19.31,0.67
2025-02-28,07:15,February,LateWinter,Inverted-V,93,235.01,25.14,26.02,83.01,0.35,66.41,0.29,19.31,0.67
2025-02-28,07:30,February,LateWinter,Inverted-V,93,235.01,25.14,26.02,83.01,0.35,66.41,0.29,19.31,0.67
2025-02-28,07:45,February,LateWinter,Inverted-V,93,235.01,25.14,26.02,83.01,0.35,66.41,0.29,19.31,0.67
2025-02-28,08:00,February,LateWinter,Inverted-V,93,501.77,27.82,35.36,80.05,0.75,64.04,0.63,40.13,0.67
2025-02-28,08:15,February,LateWinter,Inverted-V,93,501.77,27.82,35.36,80.05,0.75,64.04,0.63,40.13,0.67
2025-02-28,08:30,February,LateWinter,Inverted-V,93,501.77,27.82,35.36,80.05,0.75,64.04,0.63,40.13,0.67
2025-02-28,08:45,February,LateWinter,Inverted-V,93,501.77,27.82,35.36,80.05,0.75,64.04,0.63,40.13,0.67
2025-02-28,09:00,February,LateWinter,Inverted-V,93,680.94,30.15,42.17,77.89,1.02,62.31,0.86,53.35,0.67
2025-02-28,09:15,February,LateWinter,Inverted-V,93,680.94,30.15,42.17,77.89,1.02,62.31,0.86,53.35,0.67
2025-02-28,09:30,February,LateWinter,Inverted-V,93,680.94,30.15,42.17,77.89,1.02,62.31,0.86,53.35,0.67
2025-02-28,09:45,February,LateWinter,Inverted-V,93,680.94,30.15,42.17,77.89,1.02,62.31,0.86,53.35,0.67
2025-02-28,10:00,February,LateWinter,Inverted-V,93,631.89,32.27,43.07,77.61,0.95,62.09,0.8,49.37,0.67
2025-02-28,10:15,February,LateWinter,Inverted-V,93,631.89,32.27,43.07,77.61,0.95,62.09,0.8,49.37,0.67
2025-02-28,10:30,February,LateWinter,Inverted-V,93,631.89,32.27,43.07,77.61,0.95,62.09,0.8,49.37,0.67
2025-02-28,10:45,February,LateWinter,Inverted-V,93,631.89,32.27,43.07,77.61,0.95,62.09,0.8,49.37,0.67
2025-02-28,11:00,February,LateWinter,Inverted-V,93,568.65,33.62,42.84,77.68,0.85,62.14,0.72,44.46,0.67
2025-02-28,11:15,February,LateWinter,Inverted-V,93,568.65,33.62,42.84,77.68,0.85,62.14,0.72,44.46,0.67
2025-02-28,11:30,February,LateWinter,Inverted-V,93,568.65,33.62,42.84,77.68,0.85,62.14,0.72,44.46,0.67
2025-02-28,11:45,February,LateWinter,Inverted-V,93,568.65,33.62,42.84,77.68,0.85,62.14,0.72,44.46,0.67
2025-02-28,12:00,February,LateWinter,Inverted-V,93,611.25,33.93,44.21,77.24,0.92,61.8,0.77,47.59,0.67
2025-02-28,12:15,February,LateWinter,Inverted-V,93,611.25,33.93,44.21,77.24,0.92,61.8,0.77,47.59,0.67
2025-02-28,12:30,February,LateWinter,Inverted-V,93,611.25,33.93,44.21,77.24,0.92,61.8,0.77,47.59,0.67
2025-02-28,12:45,February,LateWinter,Inverted-V,93,611.25,33.93,44.21,77.24,0.92,61.8,0.77,47.59,0.67
2025-02-28,13:00,February,LateWinter,Inverted-V,93,550.35,33.72,42.48,77.79,0.83,62.23,0.69,43.08,0.67
2025-02-28,13:15,February,LateWinter,Inverted-V,93,550.35,33.72,42.48,77.79,0.83,62.23,0.69,43.08,0.67
2025-02-28,13:30,February,LateWinter,Inverted-V,93,550.35,33.72,42.48,77.79,0.83,62.23,0.69,43.08,0.67
2025-02-28,13:45,February,LateWinter,Inverted-V,93,550.35,33.72,42.48,77.79,0.83,62.23,0.69,43.08,0.67
2025-02-28,14:00,February,LateWinter,Inverted-V,93,427.36,32.6,38.28,79.12,0.64,63.3,0.54,33.88,0.67
2025-02-28,14:15,February,LateWinter,Inverted-V,93,427.36,32.6,38.28,79.12,0.64,63.3,0.54,33.88,0.67
2025-02-28,14:30,February,LateWinter,Inverted-V,93,427.36,32.6,38.28,79.12,0.64,63.3,0.54,33.88,0.67
2025-02-28,14:45,February,LateWinter,Inverted-V,93,427.36,32.6,38.28,79.12,0.64,63.3,0.54,33.88,0.67
2025-02-28,15:00,February,LateWinter,Inverted-V,93,318.6,31.52,34.48,80.32,0.47,64.26,0.4,25.55,0.67
2025-02-28,15:15,February,LateWinter,Inverted-V,93,318.6,31.52,34.48,80.32,0.47,64.26,0.4,25.55,0.67
2025-02-28,15:30,February,LateWinter,Inverted-V,93,318.6,31.52,34.48,80.32,0.47,64.26,0.4,25.55,0.67
2025-02-28,15:45,February,LateWinter,Inverted-V,93,318.6,31.52,34.48,80.32,0.47,64.26,0.4,25.55,0.67
2025-02-28,16:00,February,LateWinter,Inverted-V,93,176.83,30.33,29.75,81.82,0.26,65.46,0.22,14.38,0.67
2025-02-28,16:15,February,LateWinter,Inverted-V,93,176.83,30.33,29.75,81.82,0.26,65.46,0.22,14.38,0.67
2025-02-28,16:30,February,LateWinter,Inverted-V,93,176.83,30.33,29.75,81.82,0.26,65.46,0.22,14.38,0.67
2025-02-28,16:45,February,LateWinter,Inverted-V,93,176.83,30.33,29.75,81.82,0.26,65.46,0.22,14.38,0.67
2025-02-28,17:00,February,LateWinter,Inverted-V,93,37.56,28.76,24.7,83.42,0.06,66.74,0.05,3.1,0.67
2025-02-28,17:15,February,LateWinter,Inverted-V,93,37.56,28.76,24.7,83.42,0.06,66.74,0.05,3.1,0.67
2025-02-28,17:30,February,LateWinter,Inverted-V,93,37.56,28.76,24.7,83.42,0.06,66.74,0.05,3.1,0.67
2025-02-28,17:45,February,LateWinter,Inverted-V,93,37.56,28.76,24.7,83.42,0.06,66.74,0.05,3.1,0.67
