Date,Time,Month,Season,Shape,Spacing_cm,Irradiation_Wm2,AmbientTemp_C,CellTemp_C,Voc_V,Isc_A,Vm_V,Im_A,Pm_W,FF
2024-10-01,05:15,October,Winter,Inverted-V,93,30.42,25.97,21.74,84.36,0.04,67.49,0.04,2.53,0.67
2024-10-01,05:30,October,Winter,Inverted-V,93,57.38,26.14,22.57,84.1,0.08,67.28,0.07,4.76,0.67
2024-10-01,05:45,October,Winter,Inverted-V,93,84.33,26.3,23.41,83.83,0.12,67.06,0.1,6.98,0.67
2024-10-01,06:00,October,Winter,Inverted-V,93,111.29,26.47,24.25,83.56,0.16,66.85,0.14,9.19,0.67
2024-10-01,06:15,October,Winter,Inverted-V,93,168.82,26.76,25.98,83.02,0.25,66.41,0.21,13.87,0.67
2024-10-01,06:30,October,Winter,Inverted-V,93,226.34,27.05,27.71,82.47,0.33,65.98,0.28,18.51,0.67
2024-10-01,06:45,October,Winter,Inverted-V,93,283.86,27.35,29.44,81.92,0.42,65.54,0.35,23.1,0.67
2024-10-01,07:00,October,Winter,Inverted-V,93,341.39,27.64,31.17,81.37,0.51,65.1,0.42,27.64,0.67
2024-10-01,07:15,October,Winter,Inverted-V,93,400.12,27.95,32.95,80.81,0.6,64.65,0.5,32.23,0.67
2024-10-01,07:30,October,Winter,Inverted-V,93,458.85,28.25,34.72,80.25,0.68,64.2,0.57,36.77,0.67
2024-10-01,07:45,October,Winter,Inverted-V,93,517.58,28.55,36.49,79.69,0.77,63.75,0.65,41.26,0.67
2024-10-01,08:00,October,Winter,Inverted-V,93,576.31,28.86,38.27,79.13,0.86,63.3,0.72,45.69,0.67
2024-10-01,08:15,October,Winter,Inverted-V,93,583.78,29.09,38.68,79.0,0.87,63.2,0.73,46.23,0.67
2024-10-01,08:30,October,Winter,Inverted-V,93,591.26,29.31,39.1,78.86,0.88,63.09,0.74,46.76,0.67
2024-10-01,08:45,October,Winter,Inverted-V,93,598.73,29.54,39.51,78.73,0.9,62.99,0.75,47.29,0.67
2024-10-01,09:00,October,Winter,Inverted-V,93,606.2,29.77,39.93,78.6,0.91,62.88,0.76,47.82,0.67
2024-10-01,09:15,October,Winter,Inverted-V,93,607.73,29.98,40.18,78.52,0.91,62.82,0.76,47.91,0.67
2024-10-01,09:30,October,Winter,Inverted-V,93,609.25,30.2,40.43,78.44,0.91,62.75,0.76,47.99,0.67
2024-10-01,09:45,October,Winter,Inverted-V,93,610.78,30.41,40.68,78.36,0.92,62.69,0.77,48.07,0.67
2024-10-01,10:00,October,Winter,Inverted-V,93,612.31,30.62,40.93,78.28,0.92,62.63,0.77,48.16,0.67
2024-10-01,10:15,October,Winter,Inverted-V,93,631.54,30.8,41.58,78.08,0.95,62.46,0.79,49.57,0.67
2024-10-01,10:30,October,Winter,Inverted-V,93,650.76,30.97,42.24,77.87,0.98,62.3,0.82,50.98,0.67
2024-10-01,10:45,October,Winter,Inverted-V,93,669.99,31.14,42.89,77.66,1.01,62.13,0.84,52.38,0.67
2024-10-01,11:00,October,Winter,Inverted-V,93,689.22,31.32,43.55,77.45,1.04,61.96,0.87,53.77,0.67
2024-10-01,11:15,October,Winter,Inverted-V,93,699.7,31.44,43.93,77.33,1.05,61.87,0.88,54.52,0.67
2024-10-01,11:30,October,Winter,Inverted-V,93,710.18,31.56,44.31,77.21,1.07,61.77,0.89,55.27,0.67
2024-10-01,11:45,October,Winter,Inverted-V,93,720.65,31.68,44.7,77.09,1.08,61.67,0.91,56.02,0.67
2024-10-01,12:00,October,Winter,Inverted-V,93,731.13,31.8,45.08,76.97,1.1,61.58,0.92,56.77,0.67
2024-10-01,12:15,October,Winter,Inverted-V,93,708.75,31.85,44.57,77.13,1.07,61.7,0.89,55.12,0.67
2024-10-01,12:30,October,Winter,Inverted-V,93,686.38,31.91,44.06,77.29,1.03,61.83,0.86,53.46,0.67
2024-10-01,12:45,October,Winter,Inverted-V,93,664.0,31.96,43.56,77.45,1.0,61.96,0.84,51.8,0.67
2024-10-01,13:00,October,Winter,Inverted-V,93,641.63,32.01,43.05,77.61,0.96,62.09,0.81,50.14,0.67
2024-10-01,13:15,October,Winter,Inverted-V,93,607.93,31.97,42.17,77.89,0.91,62.31,0.76,47.63,0.67
2024-10-01,13:30,October,Winter,Inverted-V,93,574.24,31.94,41.3,78.17,0.86,62.53,0.72,45.11,0.67
2024-10-01,13:45,October,Winter,Inverted-V,93,540.54,31.91,40.42,78.45,0.81,62.76,0.68,42.58,0.67
2024-10-01,14:00,October,Winter,Inverted-V,93,506.84,31.87,39.54,78.72,0.76,62.98,0.64,40.03,0.67
2024-10-01,14:15,October,Winter,Inverted-V,93,454.58,31.77,38.14,79.17,0.68,63.33,0.57,36.06,0.67
2024-10-01,14:30,October,Winter,Inverted-V,93,402.32,31.68,36.73,79.61,0.6,63.69,0.5,32.05,0.67
2024-10-01,14:45,October,Winter,Inverted-V,93,350.05,31.58,35.33,80.06,0.52,64.05,0.44,28.0,0.67
2024-10-01,15:00,October,Winter,Inverted-V,93,297.79,31.48,33.92,80.5,0.44,64.4,0.37,23.92,0.67
2024-10-01,15:15,October,Winter,Inverted-V,93,259.08,31.27,32.74,80.88,0.39,64.7,0.32,20.88,0.67
2024-10-01,15:30,October,Winter,Inverted-V,93,220.36,31.05,31.56,81.25,0.33,65.0,0.27,17.82,0.67
2024-10-01,15:45,October,Winter,Inverted-V,93,181.65,30.84,30.38,81.63,0.27,65.3,0.23,14.74,0.67
2024-10-01,16:00,October,Winter,Inverted-V,93,142.94,30.62,29.19,82.0,0.21,65.6,0.18,11.64,0.67
2024-10-01,16:15,October,Winter,Inverted-V,93,110.61,30.24,28.01,82.38,0.16,65.9,0.14,9.04,0.67
2024-10-01,16:30,October,Winter,Inverted-V,93,78.28,29.86,26.82,82.75,0.12,66.2,0.1,6.42,0.67
2024-10-01,16:45,October,Winter,Inverted-V,93,45.96,29.48,25.63,83.13,0.07,66.5,0.06,3.78,0.67
2024-10-01,17:00,October,Winter,Inverted-V,93,13.63,29.1,24.44,83.51,0.02,66.8,0.02,1.12,0.67
2024-10-01,17:15,October,Winter,Inverted-V,93,10.22,28.82,24.08,83.62,0.02,66.9,0.01,0.84,0.67
2024-10-01,17:30,October,Winter,Inverted-V,93,6.81,28.54,23.71,83.74,0.01,66.99,0.01,0.56,0.67
2024-10-02,05:15,October,Winter,Inverted-V,93,32.32,24.88,20.69,84.69,0.05,67.75,0.04,2.7,0.67
2024-10-02,05:30,October,Winter,Inverted-V,93,60.51,25.06,21.58,84.41,0.09,67.53,0.07,5.03,0.67
2024-10-02,05:45,October,Winter,Inverted-V,93,88.69,25.25,22.46,84.13,0.13,67.3,0.11,7.36,0.67
2024-10-02,06:00,October,Winter,Inverted-V,93,116.88,25.43,23.35,83.85,0.17,67.08,0.14,9.68,0.67
2024-10-02,06:15,October,Winter,Inverted-V,93,171.49,25.71,24.99,83.33,0.25,66.66,0.21,14.13,0.67
2024-10-02,06:30,October,Winter,Inverted-V,93,226.11,25.98,26.64,82.81,0.33,66.25,0.28,18.55,0.67
2024-10-02,06:45,October,Winter,Inverted-V,93,280.72,26.26,28.28,82.29,0.42,65.83,0.35,22.92,0.67
2024-10-02,07:00,October,Winter,Inverted-V,93,335.34,26.54,29.92,81.77,0.5,65.42,0.42,27.25,0.67
2024-10-02,07:15,October,Winter,Inverted-V,93,394.9,26.87,31.74,81.19,0.59,64.95,0.49,31.92,0.67
2024-10-02,07:30,October,Winter,Inverted-V,93,454.45,27.2,33.56,80.62,0.68,64.49,0.57,36.54,0.67
2024-10-02,07:45,October,Winter,Inverted-V,93,514.01,27.53,35.38,80.04,0.77,64.03,0.64,41.11,0.67
2024-10-02,08:00,October,Winter,Inverted-V,93,573.57,27.86,37.2,79.47,0.86,63.57,0.72,45.62,0.67
2024-10-02,08:15,October,Winter,Inverted-V,93,591.78,28.18,37.97,79.22,0.88,63.38,0.74,46.96,0.67
2024-10-02,08:30,October,Winter,Inverted-V,93,610.0,28.49,38.75,78.98,0.91,63.18,0.76,48.3,0.67
2024-10-02,08:45,October,Winter,Inverted-V,93,628.22,28.81,39.52,78.73,0.94,62.98,0.79,49.62,0.67
2024-10-02,09:00,October,Winter,Inverted-V,93,646.43,29.13,40.29,78.49,0.97,62.79,0.81,50.94,0.67
2024-10-02,09:15,October,Winter,Inverted-V,93,674.86,29.37,41.24,78.19,1.01,62.55,0.85,53.03,0.67
2024-10-02,09:30,October,Winter,Inverted-V,93,703.29,29.61,42.19,77.88,1.06,62.31,0.88,55.1,0.67
2024-10-02,09:45,October,Winter,Inverted-V,93,731.71,29.85,43.14,77.58,1.1,62.07,0.92,57.16,0.67
2024-10-02,10:00,October,Winter,Inverted-V,93,760.14,30.09,44.09,77.28,1.14,61.83,0.96,59.2,0.67
2024-10-02,10:15,October,Winter,Inverted-V,93,770.33,30.23,44.49,77.16,1.16,61.73,0.97,59.92,0.67
2024-10-02,10:30,October,Winter,Inverted-V,93,780.52,30.37,44.88,77.03,1.17,61.63,0.98,60.64,0.67
2024-10-02,10:45,October,Winter,Inverted-V,93,790.71,30.5,45.27,76.91,1.19,61.53,1.0,61.36,0.67
2024-10-02,11:00,October,Winter,Inverted-V,93,800.91,30.64,45.66,76.79,1.21,61.43,1.01,62.07,0.67
2024-10-02,11:15,October,Winter,Inverted-V,93,783.77,30.74,45.33,76.89,1.18,61.51,0.99,60.81,0.67
2024-10-02,11:30,October,Winter,Inverted-V,93,766.64,30.84,45.01,76.99,1.15,61.59,0.97,59.54,0.67
2024-10-02,11:45,October,Winter,Inverted-V,93,749.5,30.94,44.68,77.1,1.13,61.68,0.94,58.27,0.67
2024-10-02,12:00,October,Winter,Inverted-V,93,732.37,31.04,44.35,77.2,1.1,61.76,0.92,57.0,0.67
2024-10-02,12:15,October,Winter,Inverted-V,93,701.68,31.14,43.68,77.41,1.06,61.93,0.88,54.72,0.67
2024-10-02,12:30,October,Winter,Inverted-V,93,670.99,31.24,43.01,77.62,1.01,62.1,0.84,52.44,0.67
2024-10-02,12:45,October,Winter,Inverted-V,93,640.3,31.34,42.35,77.84,0.96,62.27,0.81,50.14,0.67
2024-10-02,13:00,October,Winter,Inverted-V,93,609.61,31.44,41.68,78.05,0.91,62.44,0.77,47.84,0.67
2024-10-02,13:15,October,Winter,Inverted-V,93,589.47,31.46,41.2,78.2,0.88,62.56,0.74,46.32,0.67
2024-10-02,13:30,October,Winter,Inverted-V,93,569.34,31.48,40.72,78.35,0.85,62.68,0.71,44.81,0.67
2024-10-02,13:45,October,Winter,Inverted-V,93,549.2,31.51,40.24,78.5,0.82,62.8,0.69,43.29,0.67
2024-10-02,14:00,October,Winter,Inverted-V,93,529.07,31.53,39.76,78.66,0.79,62.92,0.66,41.76,0.67
2024-10-02,14:15,October,Winter,Inverted-V,93,485.23,31.48,38.61,79.02,0.73,63.22,0.61,38.43,0.67
2024-10-02,14:30,October,Winter,Inverted-V,93,441.4,31.43,37.46,79.38,0.66,63.51,0.55,35.08,0.67
2024-10-02,14:45,October,Winter,Inverted-V,93,397.56,31.37,36.31,79.75,0.59,63.8,0.5,31.71,0.67
2024-10-02,15:00,October,Winter,Inverted-V,93,353.72,31.32,35.16,80.11,0.53,64.09,0.44,28.31,0.67
2024-10-02,15:15,October,Winter,Inverted-V,93,307.52,31.13,33.82,80.53,0.46,64.43,0.38,24.71,0.67
2024-10-02,15:30,October,Winter,Inverted-V,93,261.32,30.95,32.48,80.96,0.39,64.77,0.33,21.08,0.67
2024-10-02,15:45,October,Winter,Inverted-V,93,215.11,30.77,31.14,81.38,0.32,65.11,0.27,17.42,0.67
2024-10-02,16:00,October,Winter,Inverted-V,93,168.91,30.58,29.8,81.81,0.25,65.45,0.21,13.73,0.67
2024-10-02,16:15,October,Winter,Inverted-V,93,131.27,30.17,28.45,82.23,0.19,65.79,0.16,10.71,0.67
2024-10-02,16:30,October,Winter,Inverted-V,93,93.63,29.77,27.11,82.66,0.14,66.13,0.12,7.67,0.67
2024-10-02,16:45,October,Winter,Inverted-V,93,55.98,29.36,25.76,83.09,0.08,66.47,0.07,4.6,0.67
2024-10-02,17:00,October,Winter,Inverted-V,93,18.34,28.95,24.41,83.52,0.03,66.81,0.02,1.51,0.67
2024-10-02,17:15,October,Winter,Inverted-V,93,13.75,28.68,24.02,83.64,0.02,66.91,0.02,1.14,0.67
2024-10-02,17:30,October,Winter,Inverted-V,93,9.17,28.41,23.64,83.76,0.01,67.01,0.01,0.76,0.67
2024-10-03,05:15,October,Winter,Inverted-V,93,30.64,25.23,21.0,84.6,0.05,67.68,0.04,2.55,0.67
2024-10-03,05:30,October,Winter,Inverted-V,93,57.91,25.37,21.81,84.34,0.09,67.47,0.07,4.81,0.67
2024-10-03,05:45,October,Winter,Inverted-V,93,85.18,25.5,22.63,84.08,0.13,67.26,0.11,7.07,0.67
2024-10-03,06:00,October,Winter,Inverted-V,93,112.45,25.63,23.44,83.82,0.17,67.06,0.14,9.31,0.67
2024-10-03,06:15,October,Winter,Inverted-V,93,164.8,25.93,25.05,83.31,0.24,66.65,0.2,13.58,0.67
2024-10-03,06:30,October,Winter,Inverted-V,93,217.16,26.23,26.66,82.8,0.32,66.24,0.27,17.81,0.67
2024-10-03,06:45,October,Winter,Inverted-V,93,269.51,26.53,28.27,82.29,0.4,65.83,0.33,22.0,0.67
2024-10-03,07:00,October,Winter,Inverted-V,93,321.86,26.83,29.88,81.78,0.48,65.43,0.4,26.16,0.67
2024-10-03,07:15,October,Winter,Inverted-V,93,376.25,27.22,31.63,81.23,0.56,64.98,0.47,30.42,0.67
2024-10-03,07:30,October,Winter,Inverted-V,93,430.63,27.61,33.38,80.67,0.64,64.54,0.54,34.64,0.67
2024-10-03,07:45,October,Winter,Inverted-V,93,485.02,28.01,35.13,80.12,0.72,64.1,0.61,38.82,0.67
2024-10-03,08:00,October,Winter,Inverted-V,93,539.41,28.4,36.89,79.56,0.81,63.65,0.67,42.95,0.67
2024-10-03,08:15,October,Winter,Inverted-V,93,563.0,28.8,37.88,79.25,0.84,63.4,0.7,44.69,0.67
2024-10-03,08:30,October,Winter,Inverted-V,93,586.6,29.2,38.87,78.94,0.88,63.15,0.74,46.43,0.67
2024-10-03,08:45,October,Winter,Inverted-V,93,610.2,29.6,39.86,78.62,0.91,62.9,0.77,48.15,0.67
2024-10-03,09:00,October,Winter,Inverted-V,93,633.8,30.0,40.84,78.31,0.95,62.65,0.8,49.86,0.67
2024-10-03,09:15,October,Winter,Inverted-V,93,661.05,30.35,41.88,77.98,0.99,62.39,0.83,51.84,0.67
2024-10-03,09:30,October,Winter,Inverted-V,93,688.3,30.7,42.91,77.66,1.03,62.12,0.87,53.81,0.67
2024-10-03,09:45,October,Winter,Inverted-V,93,715.55,31.06,43.95,77.33,1.08,61.86,0.9,55.76,0.67
2024-10-03,10:00,October,Winter,Inverted-V,93,742.8,31.41,44.98,77.0,1.12,61.6,0.94,57.69,0.67
2024-10-03,10:15,October,Winter,Inverted-V,93,770.87,31.68,45.95,76.69,1.16,61.35,0.97,59.69,0.67
2024-10-03,10:30,October,Winter,Inverted-V,93,798.95,31.95,46.92,76.39,1.21,61.11,1.01,61.68,0.67
2024-10-03,10:45,October,Winter,Inverted-V,93,827.02,32.22,47.9,76.08,1.25,60.86,1.05,63.65,0.67
2024-10-03,11:00,October,Winter,Inverted-V,93,855.09,32.49,48.87,75.77,1.29,60.62,1.08,65.6,0.67
2024-10-03,11:15,October,Winter,Inverted-V,93,860.54,32.65,49.16,75.68,1.3,60.54,1.09,65.96,0.67
2024-10-03,11:30,October,Winter,Inverted-V,93,866.0,32.8,49.45,75.59,1.31,60.47,1.1,66.31,0.67
2024-10-03,11:45,October,Winter,Inverted-V,93,871.45,32.95,49.74,75.49,1.32,60.4,1.1,66.67,0.67
2024-10-03,12:00,October,Winter,Inverted-V,93,876.91,33.11,50.03,75.4,1.33,60.32,1.11,67.02,0.67
2024-10-03,12:15,October,Winter,Inverted-V,93,850.41,33.14,49.41,75.6,1.29,60.48,1.08,65.13,0.67
2024-10-03,12:30,October,Winter,Inverted-V,93,823.91,33.18,48.78,75.8,1.24,60.64,1.04,63.23,0.67
2024-10-03,12:45,October,Winter,Inverted-V,93,797.4,33.22,48.15,76.0,1.2,60.8,1.01,61.32,0.67
2024-10-03,13:00,October,Winter,Inverted-V,93,770.9,33.25,47.52,76.2,1.16,60.96,0.97,59.4,0.67
2024-10-03,13:15,October,Winter,Inverted-V,93,735.53,33.22,46.61,76.49,1.11,61.19,0.93,56.84,0.67
2024-10-03,13:30,October,Winter,Inverted-V,93,700.15,33.2,45.7,76.77,1.05,61.42,0.88,54.26,0.67
2024-10-03,13:45,October,Winter,Inverted-V,93,664.78,33.17,44.79,77.06,1.0,61.65,0.84,51.66,0.67
2024-10-03,14:00,October,Winter,Inverted-V,93,629.4,33.14,43.88,77.35,0.95,61.88,0.79,49.05,0.67
2024-10-03,14:15,October,Winter,Inverted-V,93,568.12,33.04,42.24,77.87,0.85,62.3,0.71,44.5,0.67
2024-10-03,14:30,October,Winter,Inverted-V,93,506.83,32.94,40.61,78.39,0.76,62.71,0.64,39.9,0.67
2024-10-03,14:45,October,Winter,Inverted-V,93,445.55,32.83,38.97,78.9,0.67,63.12,0.56,35.25,0.67
2024-10-03,15:00,October,Winter,Inverted-V,93,384.26,32.73,37.34,79.42,0.57,63.54,0.48,30.55,0.67
2024-10-03,15:15,October,Winter,Inverted-V,93,331.99,32.53,35.83,79.9,0.5,63.92,0.41,26.52,0.67
2024-10-03,15:30,October,Winter,Inverted-V,93,279.71,32.33,34.32,80.38,0.42,64.3,0.35,22.44,0.67
2024-10-03,15:45,October,Winter,Inverted-V,93,227.43,32.13,32.82,80.85,0.34,64.68,0.28,18.33,0.67
2024-10-03,16:00,October,Winter,Inverted-V,93,175.15,31.93,31.31,81.33,0.26,65.06,0.22,14.18,0.67
2024-10-03,16:15,October,Winter,Inverted-V,93,135.41,31.46,29.85,81.79,0.2,65.44,0.17,11.01,0.67
2024-10-03,16:30,October,Winter,Inverted-V,93,95.67,30.99,28.38,82.26,0.14,65.81,0.12,7.81,0.67
2024-10-03,16:45,October,Winter,Inverted-V,93,55.92,30.52,26.92,82.72,0.08,66.18,0.07,4.58,0.67
2024-10-03,17:00,October,Winter,Inverted-V,93,16.18,30.05,25.45,83.18,0.02,66.55,0.02,1.33,0.67
2024-10-03,17:15,October,Winter,Inverted-V,93,12.13,29.69,24.99,83.33,0.02,66.66,0.01,1.0,0.67
2024-10-03,17:30,October,Winter,Inverted-V,93,8.09,29.33,24.53,83.48,0.01,66.78,0.01,0.67,0.67
2024-10-04,05:15,October,Winter,Inverted-V,93,33.84,25.43,21.27,84.51,0.05,67.61,0.04,2.82,0.67
2024-10-04,05:30,October,Winter,Inverted-V,93,63.75,25.55,22.14,84.23,0.09,67.39,0.08,5.29,0.67
2024-10-04,05:45,October,Winter,Inverted-V,93,93.65,25.68,23.02,83.96,0.14,67.16,0.12,7.76,0.67
2024-10-04,06:00,October,Winter,Inverted-V,93,123.55,25.8,23.89,83.68,0.18,66.94,0.15,10.21,0.67
2024-10-04,06:15,October,Winter,Inverted-V,93,181.79,26.14,25.69,83.11,0.27,66.49,0.22,14.95,0.67
2024-10-04,06:30,October,Winter,Inverted-V,93,240.02,26.49,27.49,82.54,0.36,66.03,0.3,19.64,0.67
2024-10-04,06:45,October,Winter,Inverted-V,93,298.25,26.84,29.29,81.97,0.44,65.58,0.37,24.28,0.67
2024-10-04,07:00,October,Winter,Inverted-V,93,356.49,27.18,31.09,81.4,0.53,65.12,0.44,28.87,0.67
2024-10-04,07:15,October,Winter,Inverted-V,93,411.67,27.62,32.92,80.82,0.61,64.66,0.51,33.16,0.67
2024-10-04,07:30,October,Winter,Inverted-V,93,466.86,28.07,34.74,80.24,0.7,64.19,0.58,37.41,0.67
2024-10-04,07:45,October,Winter,Inverted-V,93,522.04,28.52,36.57,79.67,0.78,63.73,0.65,41.6,0.67
2024-10-04,08:00,October,Winter,Inverted-V,93,577.23,28.96,38.39,79.09,0.86,63.27,0.72,45.75,0.67
2024-10-04,08:15,October,Winter,Inverted-V,93,633.5,29.37,40.2,78.51,0.95,62.81,0.8,49.94,0.67
2024-10-04,08:30,October,Winter,Inverted-V,93,689.78,29.77,42.01,77.94,1.04,62.35,0.87,54.07,0.67
2024-10-04,08:45,October,Winter,Inverted-V,93,746.06,30.17,43.83,77.37,1.12,61.89,0.94,58.15,0.67
2024-10-04,09:00,October,Winter,Inverted-V,93,802.33,30.58,45.64,76.79,1.21,61.43,1.01,62.19,0.67
2024-10-04,09:15,October,Winter,Inverted-V,93,803.72,30.89,45.98,76.68,1.21,61.35,1.01,62.23,0.67
2024-10-04,09:30,October,Winter,Inverted-V,93,805.11,31.2,46.33,76.57,1.21,61.26,1.02,62.27,0.67
2024-10-04,09:45,October,Winter,Inverted-V,93,806.5,31.51,46.67,76.47,1.22,61.17,1.02,62.31,0.67
2024-10-04,10:00,October,Winter,Inverted-V,93,807.89,31.82,47.02,76.36,1.22,61.09,1.02,62.35,0.67
2024-10-04,10:15,October,Winter,Inverted-V,93,804.75,32.04,47.16,76.31,1.21,61.05,1.02,62.08,0.67
2024-10-04,10:30,October,Winter,Inverted-V,93,801.6,32.26,47.3,76.27,1.21,61.01,1.01,61.81,0.67
2024-10-04,10:45,October,Winter,Inverted-V,93,798.46,32.48,47.44,76.22,1.2,60.98,1.01,61.54,0.67
2024-10-04,11:00,October,Winter,Inverted-V,93,795.31,32.7,47.58,76.18,1.2,60.94,1.01,61.27,0.67
2024-10-04,11:15,October,Winter,Inverted-V,93,786.49,32.8,47.46,76.22,1.19,60.97,0.99,60.61,0.67
2024-10-04,11:30,October,Winter,Inverted-V,93,777.66,32.9,47.34,76.26,1.17,61.0,0.98,59.95,0.67
2024-10-04,11:45,October,Winter,Inverted-V,93,768.84,32.99,47.21,76.29,1.16,61.04,0.97,59.3,0.67
2024-10-04,12:00,October,Winter,Inverted-V,93,760.02,33.09,47.09,76.33,1.15,61.07,0.96,58.64,0.67
2024-10-04,12:15,October,Winter,Inverted-V,93,691.74,33.02,45.31,76.9,1.04,61.52,0.87,53.67,0.67
2024-10-04,12:30,October,Winter,Inverted-V,93,623.47,32.95,43.54,77.46,0.94,61.97,0.78,48.64,0.67
2024-10-04,12:45,October,Winter,Inverted-V,93,555.19,32.88,41.76,78.02,0.83,62.42,0.7,43.55,0.67
2024-10-04,13:00,October,Winter,Inverted-V,93,486.92,32.81,39.98,78.58,0.73,62.87,0.61,38.41,0.67
2024-10-04,13:15,October,Winter,Inverted-V,93,453.45,32.69,39.02,78.89,0.68,63.11,0.57,35.87,0.67
2024-10-04,13:30,October,Winter,Inverted-V,93,419.97,32.56,38.06,79.19,0.63,63.35,0.53,33.32,0.67
2024-10-04,13:45,October,Winter,Inverted-V,93,386.5,32.44,37.1,79.5,0.58,63.6,0.48,30.75,0.67
2024-10-04,14:00,October,Winter,Inverted-V,93,353.03,32.31,36.14,79.8,0.53,63.84,0.44,28.17,0.67
2024-10-04,14:15,October,Winter,Inverted-V,93,310.29,32.15,34.91,80.19,0.46,64.15,0.39,24.85,0.67
2024-10-04,14:30,October,Winter,Inverted-V,93,267.54,31.99,33.68,80.58,0.4,64.46,0.33,21.5,0.67
2024-10-04,14:45,October,Winter,Inverted-V,93,224.8,31.83,32.45,80.97,0.33,64.78,0.28,18.13,0.67
2024-10-04,15:00,October,Winter,Inverted-V,93,182.06,31.67,31.22,81.36,0.27,65.09,0.23,14.74,0.67
2024-10-04,15:15,October,Winter,Inverted-V,93,165.48,31.44,30.58,81.56,0.25,65.25,0.21,13.42,0.67
2024-10-04,15:30,October,Winter,Inverted-V,93,148.91,31.21,29.93,81.77,0.22,65.41,0.18,12.1,0.67
2024-10-04,15:45,October,Winter,Inverted-V,93,132.33,30.98,29.29,81.97,0.2,65.58,0.16,10.77,0.67
2024-10-04,16:00,October,Winter,Inverted-V,93,115.75,30.75,28.64,82.17,0.17,65.74,0.14,9.44,0.67
2024-10-04,16:15,October,Winter,Inverted-V,93,89.13,30.42,27.65,82.49,0.13,65.99,0.11,7.29,0.67
2024-10-04,16:30,October,Winter,Inverted-V,93,62.51,30.09,26.65,82.81,0.09,66.25,0.08,5.13,0.67
2024-10-04,16:45,October,Winter,Inverted-V,93,35.88,29.75,25.65,83.12,0.05,66.5,0.04,2.95,0.67
2024-10-04,17:00,October,Winter,Inverted-V,93,9.26,29.42,24.65,83.44,0.01,66.75,0.01,0.76,0.67
2024-10-04,17:15,October,Winter,Inverted-V,93,6.94,29.17,24.35,83.54,0.01,66.83,0.01,0.57,0.67
2024-10-05,05:15,October,Winter,Inverted-V,93,25.15,25.14,20.77,84.67,0.04,67.73,0.03,2.1,0.67
2024-10-05,05:30,October,Winter,Inverted-V,93,47.55,25.2,21.39,84.47,0.07,67.58,0.06,3.96,0.67
2024-10-05,05:45,October,Winter,Inverted-V,93,69.94,25.26,22.01,84.28,0.1,67.42,0.09,5.81,0.67
2024-10-05,06:00,October,Winter,Inverted-V,93,92.34,25.32,22.63,84.08,0.14,67.26,0.11,7.66,0.67
2024-10-05,06:15,October,Winter,Inverted-V,93,132.53,25.57,23.88,83.68,0.2,66.95,0.16,10.96,0.67
2024-10-05,06:30,October,Winter,Inverted-V,93,172.72,25.82,25.14,83.28,0.25,66.63,0.21,14.23,0.67
2024-10-05,06:45,October,Winter,Inverted-V,93,212.91,26.07,26.39,82.89,0.31,66.31,0.26,17.48,0.67
2024-10-05,07:00,October,Winter,Inverted-V,93,253.1,26.32,27.65,82.49,0.37,65.99,0.31,20.7,0.67
2024-10-05,07:15,October,Winter,Inverted-V,93,296.86,26.66,29.08,82.04,0.44,65.63,0.37,24.18,0.67
2024-10-05,07:30,October,Winter,Inverted-V,93,340.62,27.0,30.51,81.58,0.51,65.27,0.42,27.63,0.67
2024-10-05,07:45,October,Winter,Inverted-V,93,384.37,27.33,31.94,81.13,0.57,64.9,0.48,31.05,0.67
2024-10-05,08:00,October,Winter,Inverted-V,93,428.13,27.67,33.37,80.68,0.64,64.54,0.53,34.44,0.67
2024-10-05,08:15,October,Winter,Inverted-V,93,471.93,28.02,34.81,80.22,0.7,64.18,0.59,37.81,0.67
2024-10-05,08:30,October,Winter,Inverted-V,93,515.72,28.36,36.25,79.76,0.77,63.81,0.64,41.14,0.67
2024-10-05,08:45,October,Winter,Inverted-V,93,559.52,28.71,37.69,79.31,0.84,63.45,0.7,44.44,0.67
2024-10-05,09:00,October,Winter,Inverted-V,93,603.31,29.05,39.13,78.85,0.9,63.08,0.76,47.71,0.67
2024-10-05,09:15,October,Winter,Inverted-V,93,634.9,29.41,40.29,78.49,0.95,62.79,0.8,50.03,0.67
2024-10-05,09:30,October,Winter,Inverted-V,93,666.49,29.78,41.44,78.12,1.0,62.5,0.84,52.34,0.67
2024-10-05,09:45,October,Winter,Inverted-V,93,698.08,30.15,42.6,77.76,1.05,62.2,0.88,54.62,0.67
2024-10-05,10:00,October,Winter,Inverted-V,93,729.67,30.51,43.75,77.39,1.1,61.91,0.92,56.89,0.67
2024-10-05,10:15,October,Winter,Inverted-V,93,740.44,30.87,44.38,77.19,1.11,61.75,0.93,57.62,0.67
2024-10-05,10:30,October,Winter,Inverted-V,93,751.2,31.23,45.01,76.99,1.13,61.59,0.95,58.34,0.67
2024-10-05,10:45,October,Winter,Inverted-V,93,761.97,31.58,45.63,76.8,1.15,61.44,0.96,59.06,0.67
2024-10-05,11:00,October,Winter,Inverted-V,93,772.74,31.94,46.26,76.6,1.16,61.28,0.98,59.78,0.67
2024-10-05,11:15,October,Winter,Inverted-V,93,755.25,32.22,46.1,76.65,1.14,61.32,0.95,58.45,0.67
2024-10-05,11:30,October,Winter,Inverted-V,93,737.76,32.49,45.94,76.7,1.11,61.36,0.93,57.13,0.67
2024-10-05,11:45,October,Winter,Inverted-V,93,720.27,32.77,45.78,76.75,1.09,61.4,0.91,55.8,0.67
2024-10-05,12:00,October,Winter,Inverted-V,93,702.78,33.05,45.62,76.8,1.06,61.44,0.89,54.48,0.67
2024-10-05,12:15,October,Winter,Inverted-V,93,667.44,33.16,44.84,77.04,1.0,61.64,0.84,51.86,0.67
2024-10-05,12:30,October,Winter,Inverted-V,93,632.11,33.27,44.07,77.29,0.95,61.83,0.8,49.24,0.67
2024-10-05,12:45,October,Winter,Inverted-V,93,596.77,33.37,43.29,77.54,0.9,62.03,0.75,46.6,0.67
2024-10-05,13:00,October,Winter,Inverted-V,93,561.44,33.48,42.52,77.78,0.84,62.23,0.71,43.94,0.67
2024-10-05,13:15,October,Winter,Inverted-V,93,504.92,33.43,41.06,78.24,0.76,62.59,0.63,39.7,0.67
2024-10-05,13:30,October,Winter,Inverted-V,93,448.4,33.39,39.6,78.7,0.67,62.96,0.56,35.41,0.67
2024-10-05,13:45,October,Winter,Inverted-V,93,391.88,33.34,38.14,79.17,0.59,63.33,0.49,31.08,0.67
2024-10-05,14:00,October,Winter,Inverted-V,93,335.36,33.3,36.68,79.63,0.5,63.7,0.42,26.72,0.67
2024-10-05,14:15,October,Winter,Inverted-V,93,286.54,33.18,35.34,80.05,0.43,64.04,0.36,22.92,0.67
2024-10-05,14:30,October,Winter,Inverted-V,93,237.72,33.05,34.0,80.48,0.35,64.38,0.3,19.09,0.67
2024-10-05,14:45,October,Winter,Inverted-V,93,188.9,32.93,32.65,80.9,0.28,64.72,0.24,15.23,0.67
2024-10-05,15:00,October,Winter,Inverted-V,93,140.08,32.81,31.31,81.33,0.21,65.06,0.17,11.34,0.67
2024-10-05,15:15,October,Winter,Inverted-V,93,121.14,32.62,30.65,81.54,0.18,65.23,0.15,9.82,0.67
2024-10-05,15:30,October,Winter,Inverted-V,93,102.21,32.43,29.99,81.75,0.15,65.4,0.13,8.3,0.67
2024-10-05,15:45,October,Winter,Inverted-V,93,83.28,32.24,29.32,81.96,0.12,65.57,0.1,6.78,0.67
2024-10-05,16:00,October,Winter,Inverted-V,93,64.35,32.05,28.66,82.17,0.1,65.74,0.08,5.25,0.67
2024-10-05,16:15,October,Winter,Inverted-V,93,49.6,31.62,27.86,82.42,0.07,65.94,0.06,4.05,0.67
2024-10-05,16:30,October,Winter,Inverted-V,93,34.86,31.18,27.06,82.68,0.05,66.14,0.04,2.86,0.67
2024-10-05,16:45,October,Winter,Inverted-V,93,20.11,30.75,26.26,82.93,0.03,66.34,0.02,1.65,0.67
2024-10-06,05:15,October,Winter,Inverted-V,93,12.64,24.88,20.2,84.85,0.02,67.88,0.02,1.06,0.67
2024-10-06,05:30,October,Winter,Inverted-V,93,23.74,24.98,20.58,84.73,0.03,67.78,0.03,1.98,0.67
2024-10-06,05:45,October,Winter,Inverted-V,93,34.85,25.09,20.96,84.61,0.05,67.69,0.04,2.9,0.67
2024-10-06,06:00,October,Winter,Inverted-V,93,45.95,25.19,21.34,84.49,0.07,67.59,0.06,3.83,0.67
2024-10-06,06:15,October,Winter,Inverted-V,93,69.52,25.41,22.15,84.23,0.1,67.38,0.09,5.77,0.67
2024-10-06,06:30,October,Winter,Inverted-V,93,93.08,25.63,22.96,83.97,0.14,67.18,0.11,7.71,0.67
2024-10-06,06:45,October,Winter,Inverted-V,93,116.64,25.86,23.77,83.72,0.17,66.97,0.14,9.64,0.67
2024-10-06,07:00,October,Winter,Inverted-V,93,140.21,26.08,24.59,83.46,0.21,66.77,0.17,11.57,0.67
2024-10-06,07:15,October,Winter,Inverted-V,93,177.16,26.49,25.92,83.04,0.26,66.43,0.22,14.56,0.67
2024-10-06,07:30,October,Winter,Inverted-V,93,214.12,26.89,27.25,82.62,0.32,66.09,0.27,17.53,0.67
2024-10-06,07:45,October,Winter,Inverted-V,93,251.08,27.3,28.58,82.19,0.37,65.76,0.31,20.48,0.67
2024-10-06,08:00,October,Winter,Inverted-V,93,288.04,27.71,29.91,81.77,0.43,65.42,0.36,23.41,0.67
2024-10-06,08:15,October,Winter,Inverted-V,93,332.24,28.09,31.4,81.3,0.49,65.04,0.41,26.88,0.67
2024-10-06,08:30,October,Winter,Inverted-V,93,376.43,28.48,32.89,80.83,0.56,64.66,0.47,30.33,0.67
2024-10-06,08:45,October,Winter,Inverted-V,93,420.63,28.87,34.38,80.36,0.63,64.29,0.52,33.74,0.67
2024-10-06,09:00,October,Winter,Inverted-V,93,464.83,29.25,35.87,79.89,0.69,63.91,0.58,37.12,0.67
2024-10-06,09:15,October,Winter,Inverted-V,93,478.46,29.46,36.43,79.71,0.71,63.77,0.6,38.15,0.67
2024-10-06,09:30,October,Winter,Inverted-V,93,492.09,29.68,36.98,79.53,0.74,63.63,0.62,39.17,0.67
2024-10-06,09:45,October,Winter,Inverted-V,93,505.72,29.89,37.54,79.36,0.76,63.49,0.63,40.19,0.67
2024-10-06,10:00,October,Winter,Inverted-V,93,519.35,30.11,38.09,79.18,0.78,63.35,0.65,41.2,0.67
2024-10-06,10:15,October,Winter,Inverted-V,93,584.49,30.24,39.85,78.62,0.88,62.9,0.73,46.12,0.67
2024-10-06,10:30,October,Winter,Inverted-V,93,649.64,30.38,41.62,78.07,0.97,62.45,0.82,50.99,0.67
2024-10-06,10:45,October,Winter,Inverted-V,93,714.78,30.51,43.38,77.51,1.07,62.01,0.9,55.79,0.67
2024-10-06,11:00,October,Winter,Inverted-V,93,779.92,30.64,45.14,76.95,1.17,61.56,0.98,60.55,0.67
2024-10-06,11:15,October,Winter,Inverted-V,93,716.48,30.66,43.57,77.45,1.08,61.96,0.9,55.89,0.67
2024-10-06,11:30,October,Winter,Inverted-V,93,653.03,30.68,42.0,77.94,0.98,62.36,0.82,51.19,0.67
2024-10-06,11:45,October,Winter,Inverted-V,93,589.59,30.69,40.43,78.44,0.88,62.75,0.74,46.44,0.67
2024-10-06,12:00,October,Winter,Inverted-V,93,526.14,30.71,38.86,78.94,0.79,63.15,0.66,41.64,0.67
2024-10-06,12:15,October,Winter,Inverted-V,93,481.71,30.66,37.7,79.31,0.72,63.45,0.6,38.26,0.67
2024-10-06,12:30,October,Winter,Inverted-V,93,437.28,30.61,36.54,79.67,0.65,63.74,0.55,34.85,0.67
2024-10-06,12:45,October,Winter,Inverted-V,93,392.84,30.55,35.37,80.04,0.59,64.03,0.49,31.42,0.67
2024-10-06,13:00,October,Winter,Inverted-V,93,348.41,30.5,34.21,80.41,0.52,64.33,0.43,27.96,0.67
2024-10-06,13:15,October,Winter,Inverted-V,93,309.43,30.42,33.16,80.75,0.46,64.6,0.39,24.91,0.67
2024-10-06,13:30,October,Winter,Inverted-V,93,270.45,30.34,32.1,81.08,0.4,64.86,0.34,21.84,0.67
2024-10-06,13:45,October,Winter,Inverted-V,93,231.47,30.26,31.05,81.41,0.34,65.13,0.29,18.75,0.67
2024-10-06,14:00,October,Winter,Inverted-V,93,192.49,30.18,29.99,81.75,0.29,65.4,0.24,15.64,0.67
2024-10-06,14:15,October,Winter,Inverted-V,93,170.91,30.06,29.33,81.96,0.25,65.56,0.21,13.91,0.67
2024-10-06,14:30,October,Winter,Inverted-V,93,149.33,29.94,28.67,82.16,0.22,65.73,0.19,12.18,0.67
2024-10-06,14:45,October,Winter,Inverted-V,93,127.75,29.82,28.01,82.37,0.19,65.9,0.16,10.44,0.67
2024-10-06,15:00,October,Winter,Inverted-V,93,106.16,29.7,27.35,82.58,0.16,66.07,0.13,8.69,0.67
2024-10-06,15:15,October,Winter,Inverted-V,93,92.75,29.52,26.84,82.75,0.14,66.2,0.11,7.6,0.67
2024-10-06,15:30,October,Winter,Inverted-V,93,79.34,29.34,26.32,82.91,0.12,66.33,0.1,6.51,0.67
2024-10-06,15:45,October,Winter,Inverted-V,93,65.92,29.15,25.8,83.07,0.1,66.46,0.08,5.42,0.67
2024-10-06,16:00,October,Winter,Inverted-V,93,52.51,28.97,25.28,83.24,0.08,66.59,0.06,4.32,0.67
2024-10-06,16:15,October,Winter,Inverted-V,93,40.88,28.7,24.72,83.42,0.06,66.73,0.05,3.37,0.67
2024-10-06,16:30,October,Winter,Inverted-V,93,29.24,28.43,24.17,83.59,0.04,66.87,0.04,2.42,0.67
2024-10-06,16:45,October,Winter,Inverted-V,93,17.61,28.17,23.61,83.77,0.03,67.02,0.02,1.46,0.67
2024-10-06,17:00,October,Winter,Inverted-V,93,5.97,27.9,23.05,83.95,0.01,67.16,0.01,0.49,0.67
2024-10-07,05:15,October,Winter,Inverted-V,93,22.08,24.25,19.81,84.97,0.03,67.98,0.03,1.85,0.67
2024-10-07,05:30,October,Winter,Inverted-V,93,40.68,24.43,20.45,84.77,0.06,67.82,0.05,3.39,0.67
2024-10-07,05:45,October,Winter,Inverted-V,93,59.29,24.61,21.09,84.57,0.09,67.65,0.07,4.94,0.67
2024-10-07,06:00,October,Winter,Inverted-V,93,77.89,24.78,21.73,84.36,0.11,67.49,0.1,6.48,0.67
2024-10-07,06:15,October,Winter,Inverted-V,93,118.68,25.2,23.17,83.91,0.17,67.13,0.15,9.83,0.67
2024-10-07,06:30,October,Winter,Inverted-V,93,159.46,25.62,24.61,83.45,0.24,66.76,0.2,13.15,0.67
2024-10-07,06:45,October,Winter,Inverted-V,93,200.25,26.05,26.05,82.99,0.3,66.4,0.25,16.45,0.67
2024-10-07,07:00,October,Winter,Inverted-V,93,241.03,26.47,27.5,82.54,0.36,66.03,0.3,19.72,0.67
2024-10-07,07:15,October,Winter,Inverted-V,93,286.12,26.98,29.13,82.02,0.42,65.62,0.36,23.3,0.67
2024-10-07,07:30,October,Winter,Inverted-V,93,331.21,27.49,30.77,81.5,0.49,65.2,0.41,26.85,0.67
2024-10-07,07:45,October,Winter,Inverted-V,93,376.3,28.0,32.41,80.98,0.56,64.79,0.47,30.36,0.67
2024-10-07,08:00,October,Winter,Inverted-V,93,421.38,28.51,34.04,80.46,0.63,64.37,0.53,33.83,0.67
2024-10-07,08:15,October,Winter,Inverted-V,93,458.65,28.96,35.43,80.02,0.68,64.02,0.57,36.68,0.67
2024-10-07,08:30,October,Winter,Inverted-V,93,495.92,29.42,36.82,79.59,0.74,63.67,0.62,39.49,0.67
2024-10-07,08:45,October,Winter,Inverted-V,93,533.19,29.88,38.2,79.15,0.8,63.32,0.67,42.28,0.67
2024-10-07,09:00,October,Winter,Inverted-V,93,570.46,30.33,39.59,78.71,0.85,62.97,0.72,45.05,0.67
2024-10-07,09:15,October,Winter,Inverted-V,93,579.03,30.64,40.12,78.54,0.87,62.83,0.73,45.65,0.67
2024-10-07,09:30,October,Winter,Inverted-V,93,587.61,30.95,40.64,78.38,0.88,62.7,0.74,46.26,0.67
2024-10-07,09:45,October,Winter,Inverted-V,93,596.19,31.26,41.16,78.21,0.89,62.57,0.75,46.86,0.67
2024-10-07,10:00,October,Winter,Inverted-V,93,604.77,31.57,41.69,78.04,0.91,62.43,0.76,47.45,0.67
2024-10-07,10:15,October,Winter,Inverted-V,93,619.48,31.75,42.23,77.87,0.93,62.3,0.78,48.53,0.67
2024-10-07,10:30,October,Winter,Inverted-V,93,634.19,31.92,42.77,77.7,0.95,62.16,0.8,49.6,0.67
2024-10-07,10:45,October,Winter,Inverted-V,93,648.9,32.09,43.32,77.53,0.98,62.02,0.82,50.66,0.67
2024-10-07,11:00,October,Winter,Inverted-V,93,663.61,32.27,43.86,77.36,1.0,61.88,0.84,51.72,0.67
2024-10-07,11:15,October,Winter,Inverted-V,93,664.92,32.25,43.87,77.35,1.0,61.88,0.84,51.82,0.67
2024-10-07,11:30,October,Winter,Inverted-V,93,666.23,32.23,43.88,77.35,1.0,61.88,0.84,51.92,0.67
2024-10-07,11:45,October,Winter,Inverted-V,93,667.53,32.2,43.89,77.35,1.0,61.88,0.84,52.02,0.67
2024-10-07,12:00,October,Winter,Inverted-V,93,668.84,32.18,43.9,77.34,1.01,61.87,0.84,52.12,0.67
2024-10-07,12:15,October,Winter,Inverted-V,93,642.18,31.97,43.02,77.62,0.96,62.1,0.81,50.18,0.67
2024-10-07,12:30,October,Winter,Inverted-V,93,615.51,31.76,42.15,77.9,0.92,62.32,0.77,48.23,0.67
2024-10-07,12:45,October,Winter,Inverted-V,93,588.84,31.55,41.27,78.18,0.88,62.54,0.74,46.26,0.67
2024-10-07,13:00,October,Winter,Inverted-V,93,562.17,31.34,40.39,78.45,0.84,62.76,0.71,44.29,0.67
2024-10-07,13:15,October,Winter,Inverted-V,93,539.77,31.05,39.54,78.72,0.81,62.98,0.68,42.63,0.67
2024-10-07,13:30,October,Winter,Inverted-V,93,517.36,30.76,38.69,78.99,0.77,63.19,0.65,40.97,0.67
2024-10-07,13:45,October,Winter,Inverted-V,93,494.96,30.46,37.84,79.26,0.74,63.41,0.62,39.3,0.67
2024-10-07,14:00,October,Winter,Inverted-V,93,472.55,30.17,36.98,79.53,0.71,63.63,0.59,37.61,0.67
2024-10-07,14:15,October,Winter,Inverted-V,93,426.1,29.85,35.5,80.0,0.64,64.0,0.53,34.06,0.67
2024-10-07,14:30,October,Winter,Inverted-V,93,379.64,29.53,34.02,80.47,0.57,64.38,0.47,30.48,0.67
2024-10-07,14:45,October,Winter,Inverted-V,93,333.18,29.21,32.54,80.94,0.5,64.75,0.41,26.87,0.67
2024-10-07,15:00,October,Winter,Inverted-V,93,286.72,28.89,31.06,81.41,0.43,65.13,0.36,23.22,0.67
2024-10-07,15:15,October,Winter,Inverted-V,93,252.41,28.56,29.87,81.79,0.37,65.43,0.31,20.51,0.67
2024-10-07,15:30,October,Winter,Inverted-V,93,218.1,28.23,28.68,82.16,0.32,65.73,0.27,17.79,0.67
2024-10-07,15:45,October,Winter,Inverted-V,93,183.78,27.89,27.49,82.54,0.27,66.03,0.23,15.04,0.67
2024-10-07,16:00,October,Winter,Inverted-V,93,149.47,27.56,26.3,82.92,0.22,66.33,0.19,12.27,0.67
2024-10-07,16:15,October,Winter,Inverted-V,93,114.05,27.33,25.18,83.27,0.17,66.62,0.14,9.39,0.67
2024-10-07,16:30,October,Winter,Inverted-V,93,78.62,27.1,24.07,83.62,0.12,66.9,0.1,6.5,0.67
2024-10-07,16:45,October,Winter,Inverted-V,93,43.2,26.88,22.96,83.97,0.06,67.18,0.05,3.58,0.67
2024-10-07,17:00,October,Winter,Inverted-V,93,7.78,26.65,21.84,84.33,0.01,67.46,0.01,0.65,0.67
2024-10-07,17:15,October,Winter,Inverted-V,93,5.83,26.54,21.69,84.38,0.01,67.5,0.01,0.49,0.67
2024-10-08,05:15,October,Winter,Inverted-V,93,34.1,24.17,20.02,84.9,0.05,67.92,0.04,2.85,0.67
2024-10-08,05:30,October,Winter,Inverted-V,93,64.1,24.36,20.96,84.61,0.09,67.69,0.08,5.34,0.67
2024-10-08,05:45,October,Winter,Inverted-V,93,94.1,24.54,21.89,84.31,0.14,67.45,0.12,7.82,0.67
2024-10-08,06:00,October,Winter,Inverted-V,93,124.09,24.73,22.83,84.01,0.18,67.21,0.15,10.29,0.67
2024-10-08,06:15,October,Winter,Inverted-V,93,183.29,25.08,24.66,83.43,0.27,66.75,0.23,15.12,0.67
2024-10-08,06:30,October,Winter,Inverted-V,93,242.5,25.43,26.49,82.86,0.36,66.28,0.3,19.9,0.67
2024-10-08,06:45,October,Winter,Inverted-V,93,301.7,25.78,28.32,82.28,0.45,65.82,0.37,24.63,0.67
2024-10-08,07:00,October,Winter,Inverted-V,93,360.9,26.13,30.15,81.7,0.54,65.36,0.45,29.31,0.67
2024-10-08,07:15,October,Winter,Inverted-V,93,419.81,26.51,32.01,81.11,0.62,64.89,0.52,33.91,0.67
2024-10-08,07:30,October,Winter,Inverted-V,93,478.71,26.89,33.86,80.52,0.71,64.42,0.6,38.46,0.67
2024-10-08,07:45,October,Winter,Inverted-V,93,537.61,27.27,35.71,79.94,0.8,63.95,0.67,42.95,0.67
2024-10-08,08:00,October,Winter,Inverted-V,93,596.52,27.65,37.56,79.35,0.89,63.48,0.75,47.4,0.67
2024-10-08,08:15,October,Winter,Inverted-V,93,625.64,27.96,38.61,79.02,0.94,63.22,0.78,49.56,0.67
2024-10-08,08:30,October,Winter,Inverted-V,93,654.77,28.28,39.65,78.69,0.98,62.95,0.82,51.7,0.67
2024-10-08,08:45,October,Winter,Inverted-V,93,683.89,28.59,40.69,78.36,1.03,62.69,0.86,53.83,0.67
2024-10-08,09:00,October,Winter,Inverted-V,93,713.02,28.91,41.74,78.03,1.07,62.42,0.9,55.94,0.67
2024-10-08,09:15,October,Winter,Inverted-V,93,739.73,29.12,42.61,77.75,1.11,62.2,0.93,57.88,0.67
2024-10-08,09:30,October,Winter,Inverted-V,93,766.45,29.32,43.49,77.47,1.15,61.98,0.96,59.81,0.67
2024-10-08,09:45,October,Winter,Inverted-V,93,793.17,29.53,44.36,77.2,1.19,61.76,1.0,61.72,0.67
2024-10-08,10:00,October,Winter,Inverted-V,93,819.88,29.74,45.24,76.92,1.23,61.54,1.03,63.63,0.67
2024-10-08,10:15,October,Winter,Inverted-V,93,784.85,29.89,44.51,77.15,1.18,61.72,0.99,61.05,0.67
2024-10-08,10:30,October,Winter,Inverted-V,93,749.82,30.05,43.79,77.38,1.13,61.9,0.94,58.45,0.67
2024-10-08,10:45,October,Winter,Inverted-V,93,714.78,30.2,43.07,77.61,1.07,62.09,0.9,55.85,0.67
2024-10-08,11:00,October,Winter,Inverted-V,93,679.75,30.35,42.34,77.84,1.02,62.27,0.85,53.23,0.67
2024-10-08,11:15,October,Winter,Inverted-V,93,678.35,30.42,42.38,77.83,1.02,62.26,0.85,53.11,0.67
2024-10-08,11:30,October,Winter,Inverted-V,93,676.94,30.49,42.41,77.81,1.02,62.25,0.85,53.0,0.67
2024-10-08,11:45,October,Winter,Inverted-V,93,675.54,30.56,42.45,77.8,1.01,62.24,0.85,52.88,0.67
2024-10-08,12:00,October,Winter,Inverted-V,93,674.14,30.63,42.48,77.79,1.01,62.23,0.85,52.77,0.67
2024-10-08,12:15,October,Winter,Inverted-V,93,653.23,30.67,42.0,77.94,0.98,62.36,0.82,51.21,0.67
2024-10-08,12:30,October,Winter,Inverted-V,93,632.33,30.71,41.52,78.1,0.95,62.48,0.79,49.64,0.67
2024-10-08,12:45,October,Winter,Inverted-V,93,611.43,30.75,41.04,78.25,0.92,62.6,0.77,48.07,0.67
2024-10-08,13:00,October,Winter,Inverted-V,93,590.52,30.79,40.55,78.4,0.89,62.72,0.74,46.5,0.67
2024-10-08,13:15,October,Winter,Inverted-V,93,553.77,30.75,39.59,78.71,0.83,62.97,0.69,43.73,0.67
2024-10-08,13:30,October,Winter,Inverted-V,93,517.02,30.7,38.63,79.01,0.77,63.21,0.65,40.95,0.67
2024-10-08,13:45,October,Winter,Inverted-V,93,480.27,30.66,37.67,79.32,0.72,63.45,0.6,38.15,0.67
2024-10-08,14:00,October,Winter,Inverted-V,93,443.52,30.62,36.71,79.62,0.66,63.7,0.55,35.33,0.67
2024-10-08,14:15,October,Winter,Inverted-V,93,403.91,30.52,35.62,79.97,0.6,63.97,0.5,32.28,0.67
2024-10-08,14:30,October,Winter,Inverted-V,93,364.29,30.42,34.53,80.31,0.54,64.25,0.45,29.21,0.67
2024-10-08,14:45,October,Winter,Inverted-V,93,324.68,30.32,33.44,80.66,0.48,64.53,0.4,26.12,0.67
2024-10-08,15:00,October,Winter,Inverted-V,93,285.07,30.22,32.35,81.0,0.42,64.8,0.35,23.0,0.67
2024-10-08,15:15,October,Winter,Inverted-V,93,243.05,30.02,31.1,81.4,0.36,65.12,0.3,19.68,0.67
2024-10-08,15:30,October,Winter,Inverted-V,93,201.04,29.83,29.86,81.79,0.3,65.43,0.25,16.34,0.67
2024-10-08,15:45,October,Winter,Inverted-V,93,159.03,29.64,28.61,82.18,0.24,65.75,0.2,12.97,0.67
2024-10-08,16:00,October,Winter,Inverted-V,93,117.02,29.44,27.37,82.58,0.17,66.06,0.14,9.58,0.67
2024-10-08,16:15,October,Winter,Inverted-V,93,90.21,29.09,26.34,82.9,0.13,66.32,0.11,7.41,0.67
2024-10-08,16:30,October,Winter,Inverted-V,93,63.4,28.73,25.32,83.23,0.09,66.58,0.08,5.22,0.67
2024-10-08,16:45,October,Winter,Inverted-V,93,36.59,28.38,24.3,83.55,0.05,66.84,0.05,3.02,0.67
2024-10-08,17:00,October,Winter,Inverted-V,93,9.77,28.03,23.27,83.87,0.01,67.1,0.01,0.81,0.67
2024-10-08,17:15,October,Winter,Inverted-V,93,7.33,27.8,22.98,83.97,0.01,67.17,0.01,0.61,0.67
2024-10-09,05:15,October,Winter,Inverted-V,93,34.49,24.99,20.85,84.64,0.05,67.71,0.04,2.87,0.67
2024-10-09,05:30,October,Winter,Inverted-V,93,65.57,25.12,21.76,84.35,0.1,67.48,0.08,5.45,0.67
2024-10-09,05:45,October,Winter,Inverted-V,93,96.66,25.26,22.68,84.06,0.14,67.25,0.12,8.02,0.67
2024-10-09,06:00,October,Winter,Inverted-V,93,127.74,25.4,23.59,83.77,0.19,67.02,0.16,10.57,0.67
2024-10-09,06:15,October,Winter,Inverted-V,93,183.38,25.72,25.3,83.23,0.27,66.59,0.23,15.1,0.67
2024-10-09,06:30,October,Winter,Inverted-V,93,239.01,26.04,27.01,82.69,0.35,66.15,0.3,19.58,0.67
2024-10-09,06:45,October,Winter,Inverted-V,93,294.64,26.35,28.72,82.15,0.44,65.72,0.37,24.03,0.67
2024-10-09,07:00,October,Winter,Inverted-V,93,350.28,26.67,30.43,81.61,0.52,65.29,0.44,28.42,0.67
2024-10-09,07:15,October,Winter,Inverted-V,93,407.35,27.13,32.32,81.01,0.61,64.81,0.51,32.87,0.67
2024-10-09,07:30,October,Winter,Inverted-V,93,464.43,27.59,34.21,80.41,0.69,64.33,0.58,37.27,0.67
2024-10-09,07:45,October,Winter,Inverted-V,93,521.5,28.06,36.1,79.81,0.78,63.85,0.65,41.62,0.67
2024-10-09,08:00,October,Winter,Inverted-V,93,578.58,28.52,37.98,79.22,0.87,63.37,0.72,45.91,0.67
2024-10-09,08:15,October,Winter,Inverted-V,93,624.13,29.02,39.62,78.7,0.93,62.96,0.78,49.28,0.67
2024-10-09,08:30,October,Winter,Inverted-V,93,669.69,29.52,41.26,78.18,1.0,62.54,0.84,52.62,0.67
2024-10-09,08:45,October,Winter,Inverted-V,93,715.25,30.01,42.89,77.66,1.07,62.13,0.9,55.92,0.67
2024-10-09,09:00,October,Winter,Inverted-V,93,760.81,30.51,44.53,77.14,1.14,61.72,0.96,59.17,0.67
2024-10-09,09:15,October,Winter,Inverted-V,93,745.02,30.94,44.57,77.13,1.12,61.71,0.94,57.94,0.67
2024-10-09,09:30,October,Winter,Inverted-V,93,729.23,31.37,44.6,77.12,1.1,61.7,0.92,56.71,0.67
2024-10-09,09:45,October,Winter,Inverted-V,93,713.44,31.8,44.64,77.11,1.07,61.69,0.9,55.47,0.67
2024-10-09,10:00,October,Winter,Inverted-V,93,697.65,32.23,44.67,77.1,1.05,61.68,0.88,54.24,0.67
2024-10-09,10:15,October,Winter,Inverted-V,93,717.63,32.53,45.47,76.85,1.08,61.48,0.91,55.65,0.67
2024-10-09,10:30,October,Winter,Inverted-V,93,737.61,32.83,46.28,76.59,1.11,61.27,0.93,57.06,0.67
2024-10-09,10:45,October,Winter,Inverted-V,93,757.59,33.14,47.08,76.34,1.14,61.07,0.96,58.45,0.67
2024-10-09,11:00,October,Winter,Inverted-V,93,777.57,33.44,47.88,76.08,1.17,60.87,0.98,59.84,0.67
2024-10-09,11:15,October,Winter,Inverted-V,93,705.6,33.61,46.25,76.6,1.06,61.28,0.89,54.59,0.67
2024-10-09,11:30,October,Winter,Inverted-V,93,633.63,33.78,44.62,77.12,0.95,61.69,0.8,49.27,0.67
2024-10-09,11:45,October,Winter,Inverted-V,93,561.66,33.95,42.99,77.63,0.84,62.1,0.71,43.9,0.67
2024-10-09,12:00,October,Winter,Inverted-V,93,489.69,34.12,41.36,78.15,0.73,62.52,0.62,38.46,0.67
2024-10-09,12:15,October,Winter,Inverted-V,93,462.82,34.17,40.74,78.34,0.69,62.68,0.58,36.42,0.67
2024-10-09,12:30,October,Winter,Inverted-V,93,435.94,34.22,40.11,78.54,0.65,62.83,0.55,34.37,0.67
2024-10-09,12:45,October,Winter,Inverted-V,93,409.07,34.26,39.49,78.74,0.61,62.99,0.51,32.31,0.67
2024-10-09,13:00,October,Winter,Inverted-V,93,382.19,34.31,38.86,78.94,0.57,63.15,0.48,30.25,0.67
2024-10-09,13:15,October,Winter,Inverted-V,93,339.6,34.22,37.71,79.3,0.51,63.44,0.43,26.97,0.67
2024-10-09,13:30,October,Winter,Inverted-V,93,297.0,34.12,36.55,79.67,0.44,63.74,0.37,23.67,0.67
2024-10-09,13:45,October,Winter,Inverted-V,93,254.4,34.03,35.39,80.04,0.38,64.03,0.32,20.35,0.67
2024-10-09,14:00,October,Winter,Inverted-V,93,211.81,33.94,34.24,80.4,0.32,64.32,0.26,17.0,0.67
2024-10-09,14:15,October,Winter,Inverted-V,93,190.52,33.73,33.49,80.64,0.28,64.51,0.24,15.32,0.67
2024-10-09,14:30,October,Winter,Inverted-V,93,169.24,33.52,32.75,80.87,0.25,64.7,0.21,13.64,0.67
2024-10-09,14:45,October,Winter,Inverted-V,93,147.95,33.31,32.01,81.11,0.22,64.89,0.18,11.95,0.67
2024-10-09,15:00,October,Winter,Inverted-V,93,126.66,33.1,31.27,81.34,0.19,65.07,0.16,10.25,0.67
2024-10-09,15:15,October,Winter,Inverted-V,93,109.09,32.75,30.48,81.59,0.16,65.27,0.14,8.85,0.67
2024-10-09,15:30,October,Winter,Inverted-V,93,91.52,32.41,29.69,81.84,0.14,65.47,0.11,7.44,0.67
2024-10-09,15:45,October,Winter,Inverted-V,93,73.95,32.06,28.91,82.09,0.11,65.67,0.09,6.03,0.67
2024-10-09,16:00,October,Winter,Inverted-V,93,56.38,31.71,28.12,82.34,0.08,65.87,0.07,4.6,0.67
2024-10-09,16:15,October,Winter,Inverted-V,93,43.47,31.16,27.24,82.62,0.06,66.09,0.05,3.56,0.67
2024-10-09,16:30,October,Winter,Inverted-V,93,30.56,30.61,26.37,82.89,0.05,66.32,0.04,2.51,0.67
2024-10-09,16:45,October,Winter,Inverted-V,93,17.66,30.05,25.49,83.17,0.03,66.54,0.02,1.45,0.67
2024-10-10,05:15,October,Winter,Inverted-V,93,30.78,24.52,20.29,84.82,0.05,67.86,0.04,2.57,0.67
2024-10-10,05:30,October,Winter,Inverted-V,93,57.78,24.71,21.15,84.55,0.08,67.64,0.07,4.81,0.67
2024-10-10,05:45,October,Winter,Inverted-V,93,84.78,24.9,22.02,84.27,0.12,67.42,0.1,7.04,0.67
2024-10-10,06:00,October,Winter,Inverted-V,93,111.78,25.09,22.88,84.0,0.16,67.2,0.14,9.27,0.67
2024-10-10,06:15,October,Winter,Inverted-V,93,163.65,25.46,24.55,83.47,0.24,66.78,0.2,13.5,0.67
2024-10-10,06:30,October,Winter,Inverted-V,93,215.52,25.82,26.21,82.94,0.32,66.36,0.27,17.7,0.67
2024-10-10,06:45,October,Winter,Inverted-V,93,267.4,26.19,27.88,82.42,0.4,65.93,0.33,21.86,0.67
2024-10-10,07:00,October,Winter,Inverted-V,93,319.27,26.56,29.54,81.89,0.47,65.51,0.4,25.97,0.67
2024-10-10,07:15,October,Winter,Inverted-V,93,375.61,27.15,31.54,81.26,0.56,65.01,0.47,30.38,0.67
2024-10-10,07:30,October,Winter,Inverted-V,93,431.94,27.74,33.54,80.62,0.64,64.5,0.54,34.73,0.67
2024-10-10,07:45,October,Winter,Inverted-V,93,488.28,28.34,35.54,79.99,0.73,63.99,0.61,39.03,0.67
2024-10-10,08:00,October,Winter,Inverted-V,93,544.61,28.93,37.55,79.36,0.81,63.48,0.68,43.28,0.67
2024-10-10,08:15,October,Winter,Inverted-V,93,574.77,29.46,38.83,78.95,0.86,63.16,0.72,45.49,0.67
2024-10-10,08:30,October,Winter,Inverted-V,93,604.92,29.99,40.11,78.54,0.91,62.83,0.76,47.7,0.67
2024-10-10,08:45,October,Winter,Inverted-V,93,635.07,30.52,41.4,78.14,0.95,62.51,0.8,49.88,0.67
2024-10-10,09:00,October,Winter,Inverted-V,93,665.23,31.05,42.68,77.73,1.0,62.18,0.84,52.04,0.67
2024-10-10,09:15,October,Winter,Inverted-V,93,680.74,31.41,43.42,77.49,1.02,62.0,0.86,53.13,0.67
2024-10-10,09:30,October,Winter,Inverted-V,93,696.25,31.76,44.17,77.26,1.05,61.81,0.88,54.22,0.67
2024-10-10,09:45,October,Winter,Inverted-V,93,711.76,32.12,44.91,77.02,1.07,61.62,0.9,55.29,0.67
2024-10-10,10:00,October,Winter,Inverted-V,93,727.27,32.47,45.65,76.79,1.1,61.43,0.92,56.37,0.67
2024-10-10,10:15,October,Winter,Inverted-V,93,737.23,32.68,46.11,76.64,1.11,61.31,0.93,57.06,0.67
2024-10-10,10:30,October,Winter,Inverted-V,93,747.19,32.89,46.57,76.5,1.13,61.2,0.94,57.74,0.67
2024-10-10,10:45,October,Winter,Inverted-V,93,757.14,33.11,47.04,76.35,1.14,61.08,0.96,58.43,0.67
2024-10-10,11:00,October,Winter,Inverted-V,93,767.1,33.32,47.5,76.2,1.16,60.96,0.97,59.11,0.67
2024-10-10,11:15,October,Winter,Inverted-V,93,769.92,33.43,47.68,76.15,1.16,60.92,0.97,59.29,0.67
2024-10-10,11:30,October,Winter,Inverted-V,93,772.74,33.53,47.85,76.09,1.17,60.87,0.98,59.48,0.67
2024-10-10,11:45,October,Winter,Inverted-V,93,775.56,33.64,48.03,76.04,1.17,60.83,0.98,59.66,0.67
2024-10-10,12:00,October,Winter,Inverted-V,93,778.38,33.75,48.21,75.98,1.18,60.78,0.98,59.84,0.67
2024-10-10,12:15,October,Winter,Inverted-V,93,731.05,33.66,46.93,76.38,1.1,61.11,0.92,56.43,0.67
2024-10-10,12:30,October,Winter,Inverted-V,93,683.73,33.56,45.66,76.79,1.03,61.43,0.86,52.99,0.67
2024-10-10,12:45,October,Winter,Inverted-V,93,636.41,33.47,44.38,77.19,0.96,61.75,0.8,49.52,0.67
2024-10-10,13:00,October,Winter,Inverted-V,93,589.09,33.38,43.11,77.59,0.89,62.08,0.74,46.02,0.67
2024-10-10,13:15,October,Winter,Inverted-V,93,570.65,33.18,42.44,77.81,0.86,62.24,0.72,44.67,0.67
2024-10-10,13:30,October,Winter,Inverted-V,93,552.21,32.97,41.78,78.02,0.83,62.41,0.69,43.32,0.67
2024-10-10,13:45,October,Winter,Inverted-V,93,533.78,32.77,41.11,78.23,0.8,62.58,0.67,41.96,0.67
2024-10-10,14:00,October,Winter,Inverted-V,93,515.34,32.56,40.44,78.44,0.77,62.75,0.65,40.59,0.67
2024-10-10,14:15,October,Winter,Inverted-V,93,469.8,32.3,39.05,78.88,0.7,63.1,0.59,37.16,0.67
2024-10-10,14:30,October,Winter,Inverted-V,93,424.25,32.05,37.65,79.32,0.63,63.46,0.53,33.7,0.67
2024-10-10,14:45,October,Winter,Inverted-V,93,378.7,31.79,36.26,79.76,0.57,63.81,0.47,30.21,0.67
2024-10-10,15:00,October,Winter,Inverted-V,93,333.16,31.53,34.86,80.21,0.5,64.16,0.42,26.69,0.67
2024-10-10,15:15,October,Winter,Inverted-V,93,286.46,31.18,33.34,80.69,0.43,64.55,0.36,23.05,0.67
2024-10-10,15:30,October,Winter,Inverted-V,93,239.76,30.82,31.81,81.17,0.36,64.94,0.3,19.38,0.67
2024-10-10,15:45,October,Winter,Inverted-V,93,193.06,30.46,30.29,81.65,0.29,65.32,0.24,15.67,0.67
2024-10-10,16:00,October,Winter,Inverted-V,93,146.36,30.11,28.77,82.13,0.22,65.71,0.18,11.93,0.67
2024-10-10,16:15,October,Winter,Inverted-V,93,112.39,29.71,27.52,82.53,0.17,66.02,0.14,9.2,0.67
2024-10-10,16:30,October,Winter,Inverted-V,93,78.42,29.3,26.27,82.93,0.12,66.34,0.1,6.44,0.67
2024-10-10,16:45,October,Winter,Inverted-V,93,44.45,28.9,25.01,83.32,0.07,66.66,0.05,3.66,0.67
2024-10-10,17:00,October,Winter,Inverted-V,93,10.48,28.5,23.76,83.72,0.02,66.98,0.01,0.87,0.67
2024-10-10,17:15,October,Winter,Inverted-V,93,7.86,28.23,23.42,83.83,0.01,67.06,0.01,0.65,0.67
2024-10-11,05:15,October,Winter,Inverted-V,93,29.72,24.48,20.22,84.84,0.04,67.87,0.04,2.48,0.67
2024-10-11,05:30,October,Winter,Inverted-V,93,55.56,24.55,20.94,84.61,0.08,67.69,0.07,4.63,0.67
2024-10-11,05:45,October,Winter,Inverted-V,93,81.39,24.62,21.65,84.39,0.12,67.51,0.1,6.77,0.67
2024-10-11,06:00,October,Winter,Inverted-V,93,107.22,24.69,22.37,84.16,0.16,67.33,0.13,8.9,0.67
2024-10-11,06:15,October,Winter,Inverted-V,93,159.3,24.98,23.97,83.66,0.23,66.92,0.2,13.17,0.67
2024-10-11,06:30,October,Winter,Inverted-V,93,211.38,25.27,25.56,83.15,0.31,66.52,0.26,17.39,0.67
2024-10-11,06:45,October,Winter,Inverted-V,93,263.46,25.57,27.15,82.65,0.39,66.12,0.33,21.58,0.67
2024-10-11,07:00,October,Winter,Inverted-V,93,315.54,25.86,28.75,82.14,0.47,65.71,0.39,25.73,0.67
2024-10-11,07:15,October,Winter,Inverted-V,93,366.9,26.37,30.54,81.57,0.54,65.26,0.46,29.76,0.67
2024-10-11,07:30,October,Winter,Inverted-V,93,418.26,26.88,32.34,81.0,0.62,64.8,0.52,33.75,0.67
2024-10-11,07:45,October,Winter,Inverted-V,93,469.61,27.39,34.13,80.44,0.7,64.35,0.59,37.7,0.67
2024-10-11,08:00,October,Winter,Inverted-V,93,520.97,27.9,35.92,79.87,0.78,63.9,0.65,41.6,0.67
2024-10-11,08:15,October,Winter,Inverted-V,93,550.94,28.34,37.12,79.49,0.82,63.59,0.69,43.83,0.67
2024-10-11,08:30,October,Winter,Inverted-V,93,580.91,28.79,38.31,79.11,0.87,63.29,0.73,46.05,0.67
2024-10-11,08:45,October,Winter,Inverted-V,93,610.88,29.23,39.51,78.73,0.91,62.99,0.77,48.25,0.67
2024-10-11,09:00,October,Winter,Inverted-V,93,640.85,29.68,40.7,78.36,0.96,62.69,0.8,50.44,0.67
2024-10-11,09:15,October,Winter,Inverted-V,93,649.04,30.0,41.23,78.19,0.97,62.55,0.82,51.0,0.67
2024-10-11,09:30,October,Winter,Inverted-V,93,657.23,30.32,41.76,78.02,0.99,62.42,0.83,51.56,0.67
2024-10-11,09:45,October,Winter,Inverted-V,93,665.43,30.65,42.28,77.86,1.0,62.28,0.84,52.12,0.67
2024-10-11,10:00,October,Winter,Inverted-V,93,673.62,30.97,42.81,77.69,1.01,62.15,0.85,52.67,0.67
2024-10-11,10:15,October,Winter,Inverted-V,93,677.17,31.14,43.07,77.61,1.02,62.09,0.85,52.91,0.67
2024-10-11,10:30,October,Winter,Inverted-V,93,680.72,31.3,43.32,77.53,1.02,62.02,0.86,53.15,0.67
2024-10-11,10:45,October,Winter,Inverted-V,93,684.28,31.47,43.58,77.44,1.03,61.96,0.86,53.38,0.67
2024-10-11,11:00,October,Winter,Inverted-V,93,687.83,31.64,43.84,77.36,1.03,61.89,0.87,53.61,0.67
2024-10-11,11:15,October,Winter,Inverted-V,93,675.72,31.67,43.56,77.45,1.02,61.96,0.85,52.72,0.67
2024-10-11,11:30,October,Winter,Inverted-V,93,663.61,31.7,43.29,77.54,1.0,62.03,0.84,51.82,0.67
2024-10-11,11:45,October,Winter,Inverted-V,93,651.5,31.72,43.01,77.63,0.98,62.1,0.82,50.91,0.67
2024-10-11,12:00,October,Winter,Inverted-V,93,639.39,31.75,42.73,77.71,0.96,62.17,0.8,50.01,0.67
2024-10-11,12:15,October,Winter,Inverted-V,93,589.18,31.66,41.39,78.14,0.88,62.51,0.74,46.27,0.67
2024-10-11,12:30,October,Winter,Inverted-V,93,538.96,31.57,40.05,78.56,0.81,62.85,0.68,42.5,0.67
2024-10-11,12:45,October,Winter,Inverted-V,93,488.75,31.49,38.71,78.99,0.73,63.19,0.61,38.7,0.67
2024-10-11,13:00,October,Winter,Inverted-V,93,438.53,31.4,37.36,79.41,0.66,63.53,0.55,34.87,0.67
2024-10-11,13:15,October,Winter,Inverted-V,93,417.43,31.27,36.7,79.62,0.62,63.7,0.52,33.25,0.67
2024-10-11,13:30,October,Winter,Inverted-V,93,396.33,31.13,36.04,79.83,0.59,63.86,0.5,31.63,0.67
2024-10-11,13:45,October,Winter,Inverted-V,93,375.23,31.0,35.38,80.04,0.56,64.03,0.47,30.01,0.67
2024-10-11,14:00,October,Winter,Inverted-V,93,354.13,30.87,34.72,80.25,0.53,64.2,0.44,28.38,0.67
2024-10-11,14:15,October,Winter,Inverted-V,93,319.9,30.74,33.74,80.56,0.48,64.45,0.4,25.71,0.67
2024-10-11,14:30,October,Winter,Inverted-V,93,285.66,30.62,32.76,80.87,0.42,64.7,0.36,23.02,0.67
2024-10-11,14:45,October,Winter,Inverted-V,93,251.42,30.49,31.77,81.18,0.37,64.95,0.31,20.32,0.67
2024-10-11,15:00,October,Winter,Inverted-V,93,217.19,30.36,30.79,81.49,0.32,65.2,0.27,17.6,0.67
2024-10-11,15:15,October,Winter,Inverted-V,93,186.68,30.15,29.82,81.8,0.28,65.44,0.23,15.17,0.67
2024-10-11,15:30,October,Winter,Inverted-V,93,156.17,29.94,28.84,82.11,0.23,65.69,0.19,12.73,0.67
2024-10-11,15:45,October,Winter,Inverted-V,93,125.66,29.73,27.87,82.42,0.19,65.94,0.16,10.27,0.67
2024-10-11,16:00,October,Winter,Inverted-V,93,95.15,29.52,26.9,82.73,0.14,66.18,0.12,7.8,0.67
2024-10-11,16:15,October,Winter,Inverted-V,93,73.26,29.19,26.02,83.01,0.11,66.4,0.09,6.02,0.67
2024-10-11,16:30,October,Winter,Inverted-V,93,51.37,28.86,25.14,83.28,0.08,66.63,0.06,4.23,0.67
2024-10-11,16:45,October,Winter,Inverted-V,93,29.48,28.52,24.26,83.56,0.04,66.85,0.04,2.43,0.67
2024-10-11,17:00,October,Winter,Inverted-V,93,7.59,28.19,23.38,83.84,0.01,67.07,0.01,0.63,0.67
2024-10-11,17:15,October,Winter,Inverted-V,93,5.69,27.93,23.07,83.94,0.01,67.15,0.01,0.47,0.67
2024-10-12,05:15,October,Winter,Inverted-V,93,26.62,24.14,19.81,84.97,0.04,67.98,0.03,2.23,0.67
2024-10-12,05:30,October,Winter,Inverted-V,93,50.14,24.33,20.58,84.73,0.07,67.78,0.06,4.18,0.67
2024-10-12,05:45,October,Winter,Inverted-V,93,73.65,24.52,21.36,84.48,0.11,67.59,0.09,6.13,0.67
2024-10-12,06:00,October,Winter,Inverted-V,93,97.17,24.7,22.13,84.24,0.14,67.39,0.12,8.07,0.67
2024-10-12,06:15,October,Winter,Inverted-V,93,140.45,24.98,23.5,83.8,0.21,67.04,0.17,11.62,0.67
2024-10-12,06:30,October,Winter,Inverted-V,93,183.73,25.27,24.86,83.37,0.27,66.7,0.23,15.15,0.67
2024-10-12,06:45,October,Winter,Inverted-V,93,227.01,25.55,26.23,82.94,0.34,66.35,0.28,18.64,0.67
2024-10-12,07:00,October,Winter,Inverted-V,93,270.29,25.84,27.6,82.51,0.4,66.0,0.33,22.11,0.67
2024-10-12,07:15,October,Winter,Inverted-V,93,323.11,26.19,29.27,81.98,0.48,65.58,0.4,26.31,0.67
2024-10-12,07:30,October,Winter,Inverted-V,93,375.92,26.54,30.93,81.45,0.56,65.16,0.47,30.46,0.67
2024-10-12,07:45,October,Winter,Inverted-V,93,428.74,26.88,32.6,80.92,0.64,64.74,0.53,34.57,0.67
2024-10-12,08:00,October,Winter,Inverted-V,93,481.55,27.23,34.27,80.39,0.72,64.31,0.6,38.64,0.67
2024-10-12,08:15,October,Winter,Inverted-V,93,538.78,27.57,36.04,79.83,0.8,63.87,0.67,43.0,0.67
2024-10-12,08:30,October,Winter,Inverted-V,93,596.01,27.91,37.82,79.27,0.89,63.42,0.75,47.32,0.67
2024-10-12,08:45,October,Winter,Inverted-V,93,653.25,28.26,39.59,78.71,0.98,62.97,0.82,51.59,0.67
2024-10-12,09:00,October,Winter,Inverted-V,93,710.48,28.6,41.36,78.15,1.07,62.52,0.89,55.8,0.67
2024-10-12,09:15,October,Winter,Inverted-V,93,714.52,28.91,41.77,78.02,1.07,62.41,0.9,56.05,0.67
2024-10-12,09:30,October,Winter,Inverted-V,93,718.57,29.22,42.18,77.89,1.08,62.31,0.9,56.3,0.67
2024-10-12,09:45,October,Winter,Inverted-V,93,722.61,29.53,42.6,77.76,1.09,62.21,0.91,56.54,0.67
2024-10-12,10:00,October,Winter,Inverted-V,93,726.66,29.84,43.01,77.63,1.09,62.1,0.91,56.79,0.67
2024-10-12,10:15,October,Winter,Inverted-V,93,733.22,30.06,43.4,77.5,1.1,62.0,0.92,57.23,0.67
2024-10-12,10:30,October,Winter,Inverted-V,93,739.79,30.29,43.78,77.38,1.11,61.9,0.93,57.67,0.67
2024-10-12,10:45,October,Winter,Inverted-V,93,746.36,30.52,44.17,77.26,1.12,61.81,0.94,58.12,0.67
2024-10-12,11:00,October,Winter,Inverted-V,93,752.92,30.74,44.56,77.13,1.13,61.71,0.95,58.56,0.67
2024-10-12,11:15,October,Winter,Inverted-V,93,732.54,30.8,44.12,77.27,1.1,61.82,0.92,57.05,0.67
2024-10-12,11:30,October,Winter,Inverted-V,93,712.16,30.87,43.67,77.41,1.07,61.93,0.9,55.54,0.67
2024-10-12,11:45,October,Winter,Inverted-V,93,691.78,30.93,43.23,77.56,1.04,62.04,0.87,54.02,0.67
2024-10-12,12:00,October,Winter,Inverted-V,93,671.4,31.0,42.79,77.7,1.01,62.16,0.84,52.51,0.67
2024-10-12,12:15,October,Winter,Inverted-V,93,669.39,31.02,42.75,77.71,1.01,62.17,0.84,52.35,0.67
2024-10-12,12:30,October,Winter,Inverted-V,93,667.37,31.04,42.72,77.72,1.0,62.17,0.84,52.2,0.67
2024-10-12,12:45,October,Winter,Inverted-V,93,665.35,31.05,42.69,77.73,1.0,62.18,0.84,52.05,0.67
2024-10-12,13:00,October,Winter,Inverted-V,93,663.34,31.07,42.65,77.74,1.0,62.19,0.83,51.9,0.67
2024-10-12,13:15,October,Winter,Inverted-V,93,645.25,31.02,42.15,77.9,0.97,62.32,0.81,50.56,0.67
2024-10-12,13:30,October,Winter,Inverted-V,93,627.16,30.96,41.64,78.06,0.94,62.45,0.79,49.22,0.67
2024-10-12,13:45,October,Winter,Inverted-V,93,609.07,30.91,41.13,78.22,0.91,62.58,0.77,47.87,0.67
2024-10-12,14:00,October,Winter,Inverted-V,93,590.98,30.85,40.62,78.38,0.89,62.7,0.74,46.52,0.67
2024-10-12,14:15,October,Winter,Inverted-V,93,533.8,30.71,39.05,78.88,0.8,63.1,0.67,42.22,0.67
2024-10-12,14:30,October,Winter,Inverted-V,93,476.61,30.56,37.48,79.38,0.71,63.5,0.6,37.88,0.67
2024-10-12,14:45,October,Winter,Inverted-V,93,419.43,30.41,35.9,79.88,0.63,63.9,0.52,33.49,0.67
2024-10-12,15:00,October,Winter,Inverted-V,93,362.25,30.27,34.33,80.37,0.54,64.3,0.45,29.06,0.67
2024-10-12,15:15,October,Winter,Inverted-V,93,307.98,30.06,32.76,80.87,0.46,64.7,0.38,24.82,0.67
2024-10-12,15:30,October,Winter,Inverted-V,93,253.7,29.85,31.19,81.37,0.38,65.09,0.32,20.54,0.67
2024-10-12,15:45,October,Winter,Inverted-V,93,199.43,29.64,29.63,81.86,0.3,65.49,0.25,16.22,0.67
2024-10-12,16:00,October,Winter,Inverted-V,93,145.15,29.43,28.06,82.36,0.21,65.89,0.18,11.86,0.67
2024-10-12,16:15,October,Winter,Inverted-V,93,110.97,29.12,26.9,82.73,0.16,66.18,0.14,9.1,0.67
2024-10-12,16:30,October,Winter,Inverted-V,93,76.79,28.81,25.73,83.1,0.11,66.48,0.09,6.31,0.67
2024-10-12,16:45,October,Winter,Inverted-V,93,42.61,28.51,24.57,83.46,0.06,66.77,0.05,3.52,0.67
2024-10-12,17:00,October,Winter,Inverted-V,93,8.42,28.2,23.41,83.83,0.01,67.07,0.01,0.7,0.67
2024-10-12,17:15,October,Winter,Inverted-V,93,6.32,27.93,23.09,83.93,0.01,67.15,0.01,0.52,0.67
2024-10-13,05:15,October,Winter,Inverted-V,93,22.07,24.41,19.96,84.92,0.03,67.94,0.03,1.84,0.67
2024-10-13,05:30,October,Winter,Inverted-V,93,41.49,24.57,20.61,84.72,0.06,67.77,0.05,3.46,0.67
2024-10-13,05:45,October,Winter,Inverted-V,93,60.91,24.74,21.27,84.51,0.09,67.61,0.08,5.07,0.67
2024-10-13,06:00,October,Winter,Inverted-V,93,80.33,24.91,21.92,84.3,0.12,67.44,0.1,6.68,0.67
2024-10-13,06:15,October,Winter,Inverted-V,93,115.75,25.16,23.06,83.94,0.17,67.15,0.14,9.59,0.67
2024-10-13,06:30,October,Winter,Inverted-V,93,151.17,25.42,24.2,83.58,0.22,66.87,0.19,12.49,0.67
2024-10-13,06:45,October,Winter,Inverted-V,93,186.59,25.68,25.34,83.22,0.28,66.58,0.23,15.36,0.67
2024-10-13,07:00,October,Winter,Inverted-V,93,222.02,25.93,26.48,82.86,0.33,66.29,0.27,18.22,0.67
2024-10-13,07:15,October,Winter,Inverted-V,93,259.93,26.3,27.8,82.44,0.38,65.95,0.32,21.25,0.67
2024-10-13,07:30,October,Winter,Inverted-V,93,297.84,26.68,29.12,82.02,0.44,65.62,0.37,24.26,0.67
2024-10-13,07:45,October,Winter,Inverted-V,93,335.75,27.05,30.44,81.61,0.5,65.28,0.42,27.24,0.67
2024-10-13,08:00,October,Winter,Inverted-V,93,373.66,27.42,31.76,81.19,0.56,64.95,0.47,30.2,0.67
2024-10-13,08:15,October,Winter,Inverted-V,93,387.43,27.79,32.47,80.96,0.58,64.77,0.48,31.25,0.67
2024-10-13,08:30,October,Winter,Inverted-V,93,401.21,28.16,33.19,80.74,0.6,64.59,0.5,32.3,0.67
2024-10-13,08:45,October,Winter,Inverted-V,93,414.98,28.52,33.9,80.51,0.62,64.41,0.52,33.33,0.67
2024-10-13,09:00,October,Winter,Inverted-V,93,428.76,28.89,34.61,80.29,0.64,64.23,0.54,34.37,0.67
2024-10-13,09:15,October,Winter,Inverted-V,93,460.79,29.11,35.62,79.96,0.69,63.97,0.58,36.83,0.67
2024-10-13,09:30,October,Winter,Inverted-V,93,492.81,29.32,36.64,79.64,0.74,63.71,0.62,39.27,0.67
2024-10-13,09:45,October,Winter,Inverted-V,93,524.84,29.54,37.66,79.32,0.78,63.46,0.66,41.69,0.67
2024-10-13,10:00,October,Winter,Inverted-V,93,556.87,29.75,38.67,79.0,0.83,63.2,0.7,44.1,0.67
2024-10-13,10:15,October,Winter,Inverted-V,93,570.19,29.87,39.12,78.86,0.85,63.09,0.71,45.09,0.67
2024-10-13,10:30,October,Winter,Inverted-V,93,583.52,29.98,39.57,78.72,0.87,62.97,0.73,46.08,0.67
2024-10-13,10:45,October,Winter,Inverted-V,93,596.84,30.09,40.02,78.57,0.89,62.86,0.75,47.07,0.67
2024-10-13,11:00,October,Winter,Inverted-V,93,610.17,30.21,40.46,78.43,0.91,62.75,0.77,48.06,0.67
2024-10-13,11:15,October,Winter,Inverted-V,93,626.0,30.28,40.93,78.28,0.94,62.63,0.79,49.23,0.67
2024-10-13,11:30,October,Winter,Inverted-V,93,641.83,30.34,41.39,78.14,0.96,62.51,0.81,50.41,0.67
2024-10-13,11:45,October,Winter,Inverted-V,93,657.66,30.41,41.85,77.99,0.99,62.39,0.83,51.58,0.67
2024-10-13,12:00,October,Winter,Inverted-V,93,673.49,30.48,42.32,77.84,1.01,62.28,0.85,52.74,0.67
2024-10-13,12:15,October,Winter,Inverted-V,93,636.47,30.47,41.38,78.14,0.95,62.51,0.8,49.99,0.67
2024-10-13,12:30,October,Winter,Inverted-V,93,599.44,30.45,40.44,78.44,0.9,62.75,0.75,47.22,0.67
2024-10-13,12:45,October,Winter,Inverted-V,93,562.42,30.44,39.5,78.74,0.84,62.99,0.71,44.43,0.67
2024-10-13,13:00,October,Winter,Inverted-V,93,525.4,30.43,38.56,79.03,0.79,63.23,0.66,41.62,0.67
2024-10-13,13:15,October,Winter,Inverted-V,93,465.57,30.38,37.01,79.52,0.7,63.62,0.58,37.05,0.67
2024-10-13,13:30,October,Winter,Inverted-V,93,405.73,30.32,35.46,80.01,0.61,64.01,0.51,32.44,0.67
2024-10-13,13:45,October,Winter,Inverted-V,93,345.9,30.27,33.91,80.51,0.52,64.4,0.43,27.78,0.67
2024-10-13,14:00,October,Winter,Inverted-V,93,286.07,30.21,32.36,81.0,0.43,64.8,0.36,23.08,0.67
2024-10-13,14:15,October,Winter,Inverted-V,93,257.37,30.12,31.56,81.25,0.38,65.0,0.32,20.82,0.67
2024-10-13,14:30,October,Winter,Inverted-V,93,228.68,30.04,30.76,81.51,0.34,65.2,0.28,18.54,0.67
2024-10-13,14:45,October,Winter,Inverted-V,93,199.98,29.96,29.95,81.76,0.3,65.41,0.25,16.25,0.67
2024-10-13,15:00,October,Winter,Inverted-V,93,171.29,29.87,29.15,82.01,0.25,65.61,0.21,13.95,0.67
2024-10-13,15:15,October,Winter,Inverted-V,93,148.24,29.71,28.42,82.25,0.22,65.8,0.18,12.1,0.67
2024-10-13,15:30,October,Winter,Inverted-V,93,125.2,29.55,27.68,82.48,0.19,65.98,0.16,10.24,0.67
2024-10-13,15:45,October,Winter,Inverted-V,93,102.15,29.4,26.95,82.71,0.15,66.17,0.13,8.37,0.67
2024-10-13,16:00,October,Winter,Inverted-V,93,79.11,29.24,26.22,82.94,0.12,66.35,0.1,6.5,0.67
2024-10-13,16:15,October,Winter,Inverted-V,93,61.03,28.94,25.47,83.18,0.09,66.54,0.08,5.02,0.67
2024-10-13,16:30,October,Winter,Inverted-V,93,42.95,28.64,24.72,83.42,0.06,66.73,0.05,3.54,0.67
2024-10-13,16:45,October,Winter,Inverted-V,93,24.86,28.35,23.97,83.65,0.04,66.92,0.03,2.05,0.67
2024-10-13,17:00,October,Winter,Inverted-V,93,6.78,28.05,23.22,83.89,0.01,67.11,0.01,0.56,0.67
2024-10-14,05:15,October,Winter,Inverted-V,93,14.27,24.36,19.71,85.0,0.02,68.0,0.02,1.19,0.67
2024-10-14,05:30,October,Winter,Inverted-V,93,26.47,24.46,20.13,84.87,0.04,67.9,0.03,2.21,0.67
2024-10-14,05:45,October,Winter,Inverted-V,93,38.67,24.57,20.54,84.74,0.06,67.79,0.05,3.23,0.67
2024-10-14,06:00,October,Winter,Inverted-V,93,50.87,24.68,20.95,84.61,0.07,67.69,0.06,4.24,0.67
2024-10-14,06:15,October,Winter,Inverted-V,93,69.18,24.87,21.6,84.4,0.1,67.52,0.09,5.75,0.67
2024-10-14,06:30,October,Winter,Inverted-V,93,87.5,25.06,22.25,84.2,0.13,67.36,0.11,7.27,0.67
2024-10-14,06:45,October,Winter,Inverted-V,93,105.81,25.25,22.9,83.99,0.16,67.2,0.13,8.77,0.67
2024-10-14,07:00,October,Winter,Inverted-V,93,124.12,25.44,23.54,83.79,0.18,67.03,0.15,10.27,0.67
2024-10-14,07:15,October,Winter,Inverted-V,93,159.51,25.7,24.68,83.43,0.24,66.74,0.2,13.16,0.67
2024-10-14,07:30,October,Winter,Inverted-V,93,194.89,25.95,25.82,83.07,0.29,66.45,0.24,16.02,0.67
2024-10-14,07:45,October,Winter,Inverted-V,93,230.27,26.21,26.96,82.71,0.34,66.17,0.29,18.87,0.67
2024-10-14,08:00,October,Winter,Inverted-V,93,265.66,26.46,28.1,82.35,0.39,65.88,0.33,21.7,0.67
2024-10-14,08:15,October,Winter,Inverted-V,93,312.58,26.76,29.57,81.88,0.46,65.5,0.39,25.43,0.67
2024-10-14,08:30,October,Winter,Inverted-V,93,359.49,27.05,31.04,81.41,0.53,65.13,0.45,29.12,0.67
2024-10-14,08:45,October,Winter,Inverted-V,93,406.41,27.35,32.51,80.95,0.6,64.76,0.51,32.78,0.67
2024-10-14,09:00,October,Winter,Inverted-V,93,453.33,27.65,33.98,80.48,0.68,64.39,0.57,36.41,0.67
2024-10-14,09:15,October,Winter,Inverted-V,93,443.32,27.85,33.94,80.5,0.66,64.4,0.55,35.61,0.67
2024-10-14,09:30,October,Winter,Inverted-V,93,433.31,28.06,33.89,80.51,0.65,64.41,0.54,34.81,0.67
2024-10-14,09:45,October,Winter,Inverted-V,93,423.3,28.27,33.85,80.53,0.63,64.42,0.53,34.01,0.67
2024-10-14,10:00,October,Winter,Inverted-V,93,413.28,28.47,33.8,80.54,0.62,64.43,0.52,33.21,0.67
2024-10-14,10:15,October,Winter,Inverted-V,93,424.28,28.58,34.19,80.42,0.63,64.33,0.53,34.05,0.67
2024-10-14,10:30,October,Winter,Inverted-V,93,435.27,28.7,34.58,80.3,0.65,64.24,0.54,34.89,0.67
2024-10-14,10:45,October,Winter,Inverted-V,93,446.26,28.81,34.96,80.17,0.67,64.14,0.56,35.73,0.67
2024-10-14,11:00,October,Winter,Inverted-V,93,457.25,28.92,35.35,80.05,0.68,64.04,0.57,36.57,0.67
2024-10-14,11:15,October,Winter,Inverted-V,93,426.04,29.0,34.65,80.27,0.63,64.22,0.53,34.15,0.67
2024-10-14,11:30,October,Winter,Inverted-V,93,394.82,29.08,33.95,80.49,0.59,64.4,0.49,31.71,0.67
2024-10-14,11:45,October,Winter,Inverted-V,93,363.61,29.16,33.25,80.72,0.54,64.57,0.45,29.26,0.67
2024-10-14,12:00,October,Winter,Inverted-V,93,332.39,29.24,32.55,80.94,0.49,64.75,0.41,26.81,0.67
2024-10-14,12:15,October,Winter,Inverted-V,93,320.11,29.28,32.28,81.02,0.48,64.82,0.4,25.84,0.67
2024-10-14,12:30,October,Winter,Inverted-V,93,307.84,29.32,32.02,81.11,0.46,64.89,0.38,24.86,0.67
2024-10-14,12:45,October,Winter,Inverted-V,93,295.56,29.36,31.75,81.19,0.44,64.95,0.37,23.89,0.67
2024-10-14,13:00,October,Winter,Inverted-V,93,283.28,29.4,31.48,81.28,0.42,65.02,0.35,22.92,0.67
2024-10-14,13:15,October,Winter,Inverted-V,93,254.34,29.34,30.7,81.52,0.38,65.22,0.32,20.62,0.67
2024-10-14,13:30,October,Winter,Inverted-V,93,225.4,29.28,29.91,81.77,0.33,65.42,0.28,18.32,0.67
2024-10-14,13:45,October,Winter,Inverted-V,93,196.45,29.22,29.13,82.02,0.29,65.62,0.24,16.0,0.67
2024-10-14,14:00,October,Winter,Inverted-V,93,167.51,29.16,28.35,82.27,0.25,65.81,0.21,13.67,0.67
2024-10-14,14:15,October,Winter,Inverted-V,93,153.17,28.99,27.82,82.43,0.23,65.95,0.19,12.52,0.67
2024-10-14,14:30,October,Winter,Inverted-V,93,138.83,28.82,27.3,82.6,0.21,66.08,0.17,11.37,0.67
2024-10-14,14:45,October,Winter,Inverted-V,93,124.5,28.66,26.77,82.77,0.18,66.21,0.15,10.21,0.67
2024-10-14,15:00,October,Winter,Inverted-V,93,110.16,28.49,26.24,82.93,0.16,66.35,0.14,9.05,0.67
2024-10-14,15:15,October,Winter,Inverted-V,93,94.59,28.29,25.66,83.12,0.14,66.5,0.12,7.78,0.67
2024-10-14,15:30,October,Winter,Inverted-V,93,79.02,28.1,25.08,83.3,0.12,66.64,0.1,6.51,0.67
2024-10-14,15:45,October,Winter,Inverted-V,93,63.45,27.91,24.49,83.49,0.09,66.79,0.08,5.24,0.67
2024-10-14,16:00,October,Winter,Inverted-V,93,47.88,27.71,23.91,83.67,0.07,66.94,0.06,3.96,0.67
2024-10-14,16:15,October,Winter,Inverted-V,93,36.91,27.49,23.41,83.83,0.05,67.06,0.05,3.05,0.67
2024-10-14,16:30,October,Winter,Inverted-V,93,25.94,27.27,22.92,83.99,0.04,67.19,0.03,2.15,0.67
2024-10-14,16:45,October,Winter,Inverted-V,93,14.97,27.05,22.42,84.14,0.02,67.31,0.02,1.24,0.67
2024-10-15,05:15,October,Winter,Inverted-V,93,25.89,23.99,19.64,85.03,0.04,68.02,0.03,2.17,0.67
2024-10-15,05:30,October,Winter,Inverted-V,93,49.16,24.09,20.31,84.81,0.07,67.85,0.06,4.1,0.67
2024-10-15,05:45,October,Winter,Inverted-V,93,72.44,24.18,20.99,84.6,0.11,67.68,0.09,6.04,0.67
2024-10-15,06:00,October,Winter,Inverted-V,93,95.71,24.27,21.66,84.38,0.14,67.51,0.12,7.96,0.67
2024-10-15,06:15,October,Winter,Inverted-V,93,129.58,24.43,22.67,84.07,0.19,67.25,0.16,10.75,0.67
2024-10-15,06:30,October,Winter,Inverted-V,93,163.44,24.59,23.67,83.75,0.24,67.0,0.2,13.52,0.67
2024-10-15,06:45,October,Winter,Inverted-V,93,197.31,24.74,24.68,83.43,0.29,66.74,0.24,16.27,0.67
2024-10-15,07:00,October,Winter,Inverted-V,93,231.17,24.9,25.68,83.11,0.34,66.49,0.29,19.01,0.67
2024-10-15,07:15,October,Winter,Inverted-V,93,274.69,25.14,27.01,82.69,0.41,66.15,0.34,22.51,0.67
2024-10-15,07:30,October,Winter,Inverted-V,93,318.21,25.38,28.34,82.27,0.47,65.82,0.39,25.98,0.67
2024-10-15,07:45,October,Winter,Inverted-V,93,361.73,25.62,29.66,81.85,0.54,65.48,0.45,29.42,0.67
2024-10-15,08:00,October,Winter,Inverted-V,93,405.25,25.86,30.99,81.43,0.6,65.14,0.5,32.83,0.67
2024-10-15,08:15,October,Winter,Inverted-V,93,447.46,26.2,32.38,80.99,0.67,64.79,0.56,36.1,0.67
2024-10-15,08:30,October,Winter,Inverted-V,93,489.68,26.54,33.78,80.55,0.73,64.44,0.61,39.35,0.67
2024-10-15,08:45,October,Winter,Inverted-V,93,531.89,26.87,35.17,80.11,0.79,64.09,0.66,42.57,0.67
2024-10-15,09:00,October,Winter,Inverted-V,93,574.11,27.21,36.56,79.67,0.86,63.73,0.72,45.75,0.67
2024-10-15,09:15,October,Winter,Inverted-V,93,569.68,27.52,36.76,79.6,0.85,63.68,0.71,45.37,0.67
2024-10-15,09:30,October,Winter,Inverted-V,93,565.26,27.83,36.96,79.54,0.84,63.63,0.71,45.0,0.67
2024-10-15,09:45,October,Winter,Inverted-V,93,560.84,28.13,37.15,79.48,0.84,63.58,0.7,44.62,0.67
2024-10-15,10:00,October,Winter,Inverted-V,93,556.42,28.44,37.35,79.42,0.83,63.53,0.7,44.24,0.67
2024-10-15,10:15,October,Winter,Inverted-V,93,556.15,28.64,37.54,79.36,0.83,63.48,0.7,44.19,0.67
2024-10-15,10:30,October,Winter,Inverted-V,93,555.89,28.84,37.74,79.29,0.83,63.44,0.7,44.15,0.67
2024-10-15,10:45,October,Winter,Inverted-V,93,555.62,29.04,37.93,79.23,0.83,63.39,0.7,44.1,0.67
2024-10-15,11:00,October,Winter,Inverted-V,93,555.36,29.24,38.12,79.17,0.83,63.34,0.7,44.05,0.67
2024-10-15,11:15,October,Winter,Inverted-V,93,558.13,29.36,38.31,79.11,0.83,63.29,0.7,44.25,0.67
2024-10-15,11:30,October,Winter,Inverted-V,93,560.89,29.48,38.5,79.05,0.84,63.24,0.7,44.44,0.67
2024-10-15,11:45,October,Winter,Inverted-V,93,563.66,29.59,38.68,79.0,0.84,63.2,0.71,44.64,0.67
2024-10-15,12:00,October,Winter,Inverted-V,93,566.43,29.71,38.87,78.94,0.85,63.15,0.71,44.83,0.67
2024-10-15,12:15,October,Winter,Inverted-V,93,545.54,29.8,38.44,79.07,0.82,63.26,0.68,43.23,0.67
2024-10-15,12:30,October,Winter,Inverted-V,93,524.66,29.88,38.0,79.21,0.78,63.37,0.66,41.63,0.67
2024-10-15,12:45,October,Winter,Inverted-V,93,503.77,29.97,37.57,79.35,0.75,63.48,0.63,40.03,0.67
2024-10-15,13:00,October,Winter,Inverted-V,93,482.89,30.06,37.13,79.49,0.72,63.59,0.6,38.42,0.67
2024-10-15,13:15,October,Winter,Inverted-V,93,451.67,30.09,36.39,79.72,0.67,63.78,0.56,36.01,0.67
2024-10-15,13:30,October,Winter,Inverted-V,93,420.44,30.13,35.64,79.96,0.63,63.97,0.53,33.6,0.67
2024-10-15,13:45,October,Winter,Inverted-V,93,389.22,30.16,34.9,80.19,0.58,64.16,0.49,31.17,0.67
2024-10-15,14:00,October,Winter,Inverted-V,93,358.0,30.2,34.15,80.43,0.53,64.34,0.45,28.74,0.67
2024-10-15,14:15,October,Winter,Inverted-V,93,325.72,30.18,33.33,80.69,0.48,64.55,0.41,26.21,0.67
2024-10-15,14:30,October,Winter,Inverted-V,93,293.44,30.16,32.5,80.95,0.44,64.76,0.37,23.67,0.67
2024-10-15,14:45,October,Winter,Inverted-V,93,261.16,30.15,31.68,81.21,0.39,64.97,0.32,21.12,0.67
2024-10-15,15:00,October,Winter,Inverted-V,93,228.88,30.13,30.85,81.47,0.34,65.18,0.28,18.55,0.67
2024-10-15,15:15,October,Winter,Inverted-V,93,192.95,30.0,29.83,81.8,0.29,65.44,0.24,15.68,0.67
2024-10-15,15:30,October,Winter,Inverted-V,93,157.02,29.88,28.8,82.12,0.23,65.7,0.19,12.8,0.67
2024-10-15,15:45,October,Winter,Inverted-V,93,121.09,29.75,27.77,82.45,0.18,65.96,0.15,9.9,0.67
2024-10-15,16:00,October,Winter,Inverted-V,93,85.16,29.62,26.75,82.77,0.13,66.22,0.11,6.98,0.67
2024-10-15,16:15,October,Winter,Inverted-V,93,65.32,29.37,26.0,83.01,0.1,66.41,0.08,5.37,0.67
2024-10-15,16:30,October,Winter,Inverted-V,93,45.48,29.12,25.25,83.25,0.07,66.6,0.06,3.75,0.67
2024-10-15,16:45,October,Winter,Inverted-V,93,25.65,28.86,24.5,83.49,0.04,66.79,0.03,2.12,0.67
2024-10-15,17:00,October,Winter,Inverted-V,93,5.81,28.61,23.76,83.72,0.01,66.98,0.01,0.48,0.67
2024-10-16,05:15,October,Winter,Inverted-V,93,22.09,22.63,18.19,85.49,0.03,68.39,0.03,1.85,0.67
2024-10-16,05:30,October,Winter,Inverted-V,93,41.26,22.77,18.8,85.29,0.06,68.23,0.05,3.46,0.67
2024-10-16,05:45,October,Winter,Inverted-V,93,60.43,22.91,19.42,85.1,0.09,68.08,0.07,5.06,0.67
2024-10-16,06:00,October,Winter,Inverted-V,93,79.6,23.04,20.03,84.9,0.12,67.92,0.1,6.65,0.67
2024-10-16,06:15,October,Winter,Inverted-V,93,113.79,23.31,21.16,84.54,0.17,67.64,0.14,9.48,0.67
2024-10-16,06:30,October,Winter,Inverted-V,93,147.99,23.59,22.28,84.19,0.22,67.35,0.18,12.29,0.67
2024-10-16,06:45,October,Winter,Inverted-V,93,182.18,23.86,23.41,83.83,0.27,67.06,0.22,15.08,0.67
2024-10-16,07:00,October,Winter,Inverted-V,93,216.38,24.13,24.54,83.47,0.32,66.78,0.27,17.85,0.67
2024-10-16,07:15,October,Winter,Inverted-V,93,257.85,24.88,26.33,82.91,0.38,66.33,0.32,21.17,0.67
2024-10-16,07:30,October,Winter,Inverted-V,93,299.32,25.64,28.12,82.34,0.44,65.87,0.37,24.45,0.67
2024-10-16,07:45,October,Winter,Inverted-V,93,340.79,26.39,29.91,81.77,0.51,65.42,0.42,27.69,0.67
2024-10-16,08:00,October,Winter,Inverted-V,93,382.27,27.15,31.71,81.2,0.57,64.96,0.48,30.9,0.67
2024-10-16,08:15,October,Winter,Inverted-V,93,390.33,27.8,32.56,80.94,0.58,64.75,0.49,31.48,0.67
2024-10-16,08:30,October,Winter,Inverted-V,93,398.4,28.45,33.41,80.67,0.59,64.53,0.5,32.05,0.67
2024-10-16,08:45,October,Winter,Inverted-V,93,406.47,29.09,34.25,80.4,0.61,64.32,0.51,32.62,0.67
2024-10-16,09:00,October,Winter,Inverted-V,93,414.54,29.74,35.1,80.13,0.62,64.1,0.52,33.18,0.67
2024-10-16,09:15,October,Winter,Inverted-V,93,436.77,30.15,36.07,79.82,0.65,63.86,0.55,34.86,0.67
2024-10-16,09:30,October,Winter,Inverted-V,93,459.0,30.56,37.04,79.52,0.69,63.61,0.57,36.53,0.67
2024-10-16,09:45,October,Winter,Inverted-V,93,481.23,30.98,38.01,79.21,0.72,63.37,0.6,38.19,0.67
2024-10-16,10:00,October,Winter,Inverted-V,93,503.46,31.39,38.98,78.9,0.75,63.12,0.63,39.83,0.67
2024-10-16,10:15,October,Winter,Inverted-V,93,544.01,31.65,40.25,78.5,0.82,62.8,0.68,42.88,0.67
2024-10-16,10:30,October,Winter,Inverted-V,93,584.55,31.91,41.52,78.1,0.88,62.48,0.73,45.89,0.67
2024-10-16,10:45,October,Winter,Inverted-V,93,625.09,32.16,42.79,77.69,0.94,62.16,0.79,48.88,0.67
2024-10-16,11:00,October,Winter,Inverted-V,93,665.64,32.42,44.06,77.29,1.0,61.83,0.84,51.85,0.67
2024-10-16,11:15,October,Winter,Inverted-V,93,666.09,32.55,44.2,77.25,1.0,61.8,0.84,51.86,0.67
2024-10-16,11:30,October,Winter,Inverted-V,93,666.54,32.67,44.33,77.21,1.0,61.76,0.84,51.87,0.67
2024-10-16,11:45,October,Winter,Inverted-V,93,666.99,32.8,44.47,77.16,1.0,61.73,0.84,51.89,0.67
2024-10-16,12:00,October,Winter,Inverted-V,93,667.44,32.92,44.61,77.12,1.0,61.7,0.84,51.9,0.67
2024-10-16,12:15,October,Winter,Inverted-V,93,621.09,32.93,43.46,77.48,0.93,61.99,0.78,48.47,0.67
2024-10-16,12:30,October,Winter,Inverted-V,93,574.74,32.95,42.31,77.85,0.86,62.28,0.72,45.01,0.67
2024-10-16,12:45,October,Winter,Inverted-V,93,528.39,32.96,41.17,78.21,0.79,62.57,0.66,41.53,0.67
2024-10-16,13:00,October,Winter,Inverted-V,93,482.04,32.97,40.02,78.57,0.72,62.86,0.6,38.02,0.67
2024-10-16,13:15,October,Winter,Inverted-V,93,458.52,32.92,39.39,78.77,0.69,63.02,0.57,36.23,0.67
2024-10-16,13:30,October,Winter,Inverted-V,93,435.0,32.88,38.76,78.97,0.65,63.18,0.55,34.44,0.67
2024-10-16,13:45,October,Winter,Inverted-V,93,411.49,32.84,38.12,79.17,0.62,63.34,0.52,32.64,0.67
2024-10-16,14:00,October,Winter,Inverted-V,93,387.97,32.79,37.49,79.37,0.58,63.5,0.49,30.83,0.67
2024-10-16,14:15,October,Winter,Inverted-V,93,348.79,32.62,36.34,79.74,0.52,63.79,0.44,27.82,0.67
2024-10-16,14:30,October,Winter,Inverted-V,93,309.61,32.45,35.19,80.1,0.46,64.08,0.39,24.78,0.67
2024-10-16,14:45,October,Winter,Inverted-V,93,270.43,32.27,34.03,80.47,0.4,64.37,0.34,21.71,0.67
2024-10-16,15:00,October,Winter,Inverted-V,93,231.25,32.1,32.88,80.83,0.34,64.67,0.29,18.63,0.67
2024-10-16,15:15,October,Winter,Inverted-V,93,196.73,31.74,31.66,81.22,0.29,64.98,0.24,15.91,0.67
2024-10-16,15:30,October,Winter,Inverted-V,93,162.22,31.39,30.44,81.61,0.24,65.28,0.2,13.16,0.67
2024-10-16,15:45,October,Winter,Inverted-V,93,127.7,31.03,29.22,81.99,0.19,65.59,0.16,10.4,0.67
2024-10-16,16:00,October,Winter,Inverted-V,93,93.18,30.67,28.0,82.38,0.14,65.9,0.12,7.61,0.67
2024-10-16,16:15,October,Winter,Inverted-V,93,71.86,30.09,26.89,82.73,0.11,66.18,0.09,5.89,0.67
2024-10-16,16:30,October,Winter,Inverted-V,93,50.53,29.52,25.78,83.08,0.07,66.47,0.06,4.16,0.67
2024-10-16,16:45,October,Winter,Inverted-V,93,29.21,28.94,24.67,83.43,0.04,66.75,0.04,2.41,0.67
2024-10-16,17:00,October,Winter,Inverted-V,93,7.88,28.36,23.56,83.78,0.01,67.03,0.01,0.65,0.67
2024-10-16,17:15,October,Winter,Inverted-V,93,5.91,27.98,23.12,83.92,0.01,67.14,0.01,0.49,0.67
2024-10-17,05:15,October,Winter,Inverted-V,93,27.15,23.09,18.77,85.3,0.04,68.24,0.03,2.28,0.67
2024-10-17,05:30,October,Winter,Inverted-V,93,50.88,23.34,19.61,85.04,0.07,68.03,0.06,4.26,0.67
2024-10-17,05:45,October,Winter,Inverted-V,93,74.61,23.58,20.44,84.77,0.11,67.82,0.09,6.23,0.67
2024-10-17,06:00,October,Winter,Inverted-V,93,98.33,23.82,21.28,84.51,0.14,67.61,0.12,8.19,0.67
2024-10-17,06:15,October,Winter,Inverted-V,93,146.61,24.25,22.91,83.99,0.22,67.19,0.18,12.15,0.67
2024-10-17,06:30,October,Winter,Inverted-V,93,194.89,24.67,24.54,83.47,0.29,66.78,0.24,16.08,0.67
2024-10-17,06:45,October,Winter,Inverted-V,93,243.16,25.09,26.17,82.96,0.36,66.36,0.3,19.97,0.67
2024-10-17,07:00,October,Winter,Inverted-V,93,291.44,25.52,27.81,82.44,0.43,65.95,0.36,23.83,0.67
2024-10-17,07:15,October,Winter,Inverted-V,93,347.27,26.09,29.78,81.82,0.52,65.45,0.43,28.23,0.67
2024-10-17,07:30,October,Winter,Inverted-V,93,403.11,26.67,31.75,81.19,0.6,64.95,0.5,32.58,0.67
2024-10-17,07:45,October,Winter,Inverted-V,93,458.95,27.25,33.72,80.57,0.68,64.45,0.57,36.89,0.67
2024-10-17,08:00,October,Winter,Inverted-V,93,514.78,27.82,35.69,79.94,0.77,63.95,0.64,41.13,0.67
2024-10-17,08:15,October,Winter,Inverted-V,93,569.78,28.33,37.57,79.35,0.85,63.48,0.71,45.27,0.67
2024-10-17,08:30,October,Winter,Inverted-V,93,624.78,28.84,39.45,78.75,0.94,63.0,0.78,49.36,0.67
2024-10-17,08:45,October,Winter,Inverted-V,93,679.78,29.34,41.34,78.15,1.02,62.52,0.85,53.4,0.67
2024-10-17,09:00,October,Winter,Inverted-V,93,734.78,29.85,43.22,77.56,1.1,62.05,0.92,57.38,0.67
2024-10-17,09:15,October,Winter,Inverted-V,93,732.4,30.26,43.57,77.45,1.1,61.96,0.92,57.14,0.67
2024-10-17,09:30,October,Winter,Inverted-V,93,730.02,30.67,43.92,77.34,1.1,61.87,0.92,56.89,0.67
2024-10-17,09:45,October,Winter,Inverted-V,93,727.63,31.08,44.27,77.23,1.09,61.78,0.92,56.64,0.67
2024-10-17,10:00,October,Winter,Inverted-V,93,725.25,31.49,44.62,77.11,1.09,61.69,0.91,56.39,0.67
2024-10-17,10:15,October,Winter,Inverted-V,93,719.79,31.8,44.8,77.06,1.08,61.65,0.91,55.94,0.67
2024-10-17,10:30,October,Winter,Inverted-V,93,714.33,32.12,44.98,77.0,1.08,61.6,0.9,55.48,0.67
2024-10-17,10:45,October,Winter,Inverted-V,93,708.87,32.44,45.16,76.95,1.07,61.56,0.89,55.03,0.67
2024-10-17,11:00,October,Winter,Inverted-V,93,703.4,32.75,45.34,76.89,1.06,61.51,0.89,54.57,0.67
2024-10-17,11:15,October,Winter,Inverted-V,93,711.59,32.95,45.74,76.76,1.07,61.41,0.9,55.14,0.67
2024-10-17,11:30,October,Winter,Inverted-V,93,719.77,33.16,46.15,76.63,1.08,61.3,0.91,55.7,0.67
2024-10-17,11:45,October,Winter,Inverted-V,93,727.95,33.37,46.56,76.5,1.1,61.2,0.92,56.26,0.67
2024-10-17,12:00,October,Winter,Inverted-V,93,736.13,33.57,46.97,76.37,1.11,61.1,0.93,56.82,0.67
2024-10-17,12:15,October,Winter,Inverted-V,93,743.63,33.58,47.17,76.31,1.12,61.05,0.94,57.36,0.67
2024-10-17,12:30,October,Winter,Inverted-V,93,751.14,33.59,47.36,76.25,1.13,61.0,0.95,57.9,0.67
2024-10-17,12:45,October,Winter,Inverted-V,93,758.65,33.59,47.56,76.18,1.15,60.95,0.96,58.45,0.67
2024-10-17,13:00,October,Winter,Inverted-V,93,766.15,33.6,47.75,76.12,1.16,60.9,0.97,58.99,0.67
2024-10-17,13:15,October,Winter,Inverted-V,93,726.54,33.44,46.61,76.49,1.1,61.19,0.92,56.14,0.67
2024-10-17,13:30,October,Winter,Inverted-V,93,686.93,33.28,45.46,76.85,1.03,61.48,0.87,53.27,0.67
2024-10-17,13:45,October,Winter,Inverted-V,93,647.33,33.13,44.31,77.21,0.97,61.77,0.82,50.38,0.67
2024-10-17,14:00,October,Winter,Inverted-V,93,607.72,32.97,43.16,77.58,0.91,62.06,0.76,47.47,0.67
2024-10-17,14:15,October,Winter,Inverted-V,93,552.45,32.8,41.61,78.07,0.83,62.45,0.69,43.36,0.67
2024-10-17,14:30,October,Winter,Inverted-V,93,497.19,32.63,40.06,78.56,0.74,62.85,0.62,39.21,0.67
2024-10-17,14:45,October,Winter,Inverted-V,93,441.93,32.47,38.52,79.05,0.66,63.24,0.55,35.01,0.67
2024-10-17,15:00,October,Winter,Inverted-V,93,386.66,32.3,36.97,79.54,0.58,63.63,0.48,30.78,0.67
2024-10-17,15:15,October,Winter,Inverted-V,93,328.84,32.02,35.24,80.09,0.49,64.07,0.41,26.31,0.67
2024-10-17,15:30,October,Winter,Inverted-V,93,271.03,31.73,33.51,80.63,0.4,64.51,0.34,21.8,0.67
2024-10-17,15:45,October,Winter,Inverted-V,93,213.21,31.45,31.78,81.18,0.32,64.94,0.27,17.23,0.67
2024-10-17,16:00,October,Winter,Inverted-V,93,155.39,31.17,30.05,81.73,0.23,65.38,0.19,12.62,0.67
2024-10-17,16:15,October,Winter,Inverted-V,93,119.11,30.65,28.63,82.18,0.18,65.74,0.15,9.72,0.67
2024-10-17,16:30,October,Winter,Inverted-V,93,82.84,30.14,27.21,82.63,0.12,66.1,0.1,6.78,0.67
2024-10-17,16:45,October,Winter,Inverted-V,93,46.56,29.62,25.78,83.08,0.07,66.46,0.06,3.83,0.67
2024-10-17,17:00,October,Winter,Inverted-V,93,10.28,29.1,24.36,83.53,0.02,66.83,0.01,0.85,0.67
2024-10-17,17:15,October,Winter,Inverted-V,93,7.71,28.8,24.0,83.65,0.01,66.92,0.01,0.64,0.67
2024-10-18,05:15,October,Winter,Inverted-V,93,35.28,24.04,19.92,84.94,0.05,67.95,0.04,2.95,0.67
2024-10-18,05:30,October,Winter,Inverted-V,93,66.7,24.25,20.92,84.62,0.1,67.7,0.08,5.56,0.67
2024-10-18,05:45,October,Winter,Inverted-V,93,98.11,24.46,21.91,84.31,0.14,67.44,0.12,8.15,0.67
2024-10-18,06:00,October,Winter,Inverted-V,93,129.52,24.67,22.91,83.99,0.19,67.19,0.16,10.74,0.67
2024-10-18,06:15,October,Winter,Inverted-V,93,189.06,25.05,24.77,83.4,0.28,66.72,0.23,15.59,0.67
2024-10-18,06:30,October,Winter,Inverted-V,93,248.61,25.42,26.64,82.81,0.37,66.25,0.31,20.39,0.67
2024-10-18,06:45,October,Winter,Inverted-V,93,308.15,25.8,28.5,82.22,0.46,65.78,0.38,25.14,0.67
2024-10-18,07:00,October,Winter,Inverted-V,93,367.69,26.17,30.36,81.63,0.55,65.3,0.46,29.84,0.67
2024-10-18,07:15,October,Winter,Inverted-V,93,433.01,26.78,32.6,80.92,0.64,64.74,0.54,34.91,0.67
2024-10-18,07:30,October,Winter,Inverted-V,93,498.33,27.38,34.84,80.21,0.74,64.17,0.62,39.92,0.67
2024-10-18,07:45,October,Winter,Inverted-V,93,563.65,27.98,37.08,79.5,0.84,63.6,0.71,44.85,0.67
2024-10-18,08:00,October,Winter,Inverted-V,93,628.97,28.59,39.31,78.8,0.94,63.04,0.79,49.71,0.67
2024-10-18,08:15,October,Winter,Inverted-V,93,649.1,29.13,40.36,78.46,0.97,62.77,0.81,51.14,0.67
2024-10-18,08:30,October,Winter,Inverted-V,93,669.24,29.68,41.41,78.13,1.0,62.51,0.84,52.56,0.67
2024-10-18,08:45,October,Winter,Inverted-V,93,689.37,30.23,42.46,77.8,1.04,62.24,0.87,53.96,0.67
2024-10-18,09:00,October,Winter,Inverted-V,93,709.51,30.77,43.51,77.47,1.07,61.97,0.89,55.36,0.67
2024-10-18,09:15,October,Winter,Inverted-V,93,729.05,31.14,44.37,77.19,1.1,61.76,0.92,56.73,0.67
2024-10-18,09:30,October,Winter,Inverted-V,93,748.59,31.52,45.23,76.92,1.13,61.54,0.94,58.1,0.67
2024-10-18,09:45,October,Winter,Inverted-V,93,768.13,31.89,46.09,76.65,1.16,61.32,0.97,59.45,0.67
2024-10-18,10:00,October,Winter,Inverted-V,93,787.68,32.26,46.95,76.38,1.19,61.1,1.0,60.8,0.67
2024-10-18,10:15,October,Winter,Inverted-V,93,787.79,32.49,47.18,76.3,1.19,61.04,1.0,60.76,0.67
2024-10-18,10:30,October,Winter,Inverted-V,93,787.9,32.72,47.42,76.23,1.19,60.98,1.0,60.73,0.67
2024-10-18,10:45,October,Winter,Inverted-V,93,788.02,32.95,47.65,76.16,1.19,60.92,1.0,60.69,0.67
2024-10-18,11:00,October,Winter,Inverted-V,93,788.13,33.18,47.88,76.08,1.19,60.87,1.0,60.66,0.67
2024-10-18,11:15,October,Winter,Inverted-V,93,764.39,33.3,47.41,76.23,1.15,60.99,0.97,58.92,0.67
2024-10-18,11:30,October,Winter,Inverted-V,93,740.65,33.41,46.93,76.38,1.12,61.11,0.94,57.17,0.67
2024-10-18,11:45,October,Winter,Inverted-V,93,716.91,33.53,46.46,76.53,1.08,61.23,0.91,55.42,0.67
2024-10-18,12:00,October,Winter,Inverted-V,93,693.18,33.65,45.98,76.68,1.04,61.35,0.87,53.67,0.67
2024-10-18,12:15,October,Winter,Inverted-V,93,676.37,33.66,45.57,76.82,1.02,61.45,0.85,52.44,0.67
2024-10-18,12:30,October,Winter,Inverted-V,93,659.56,33.66,45.15,76.95,0.99,61.56,0.83,51.2,0.67
2024-10-18,12:45,October,Winter,Inverted-V,93,642.75,33.67,44.74,77.08,0.97,61.66,0.81,49.96,0.67
2024-10-18,13:00,October,Winter,Inverted-V,93,625.95,33.68,44.33,77.21,0.94,61.77,0.79,48.72,0.67
2024-10-18,13:15,October,Winter,Inverted-V,93,594.56,33.58,43.44,77.49,0.89,61.99,0.75,46.4,0.67
2024-10-18,13:30,October,Winter,Inverted-V,93,563.17,33.48,42.55,77.77,0.85,62.22,0.71,44.07,0.67
2024-10-18,13:45,October,Winter,Inverted-V,93,531.78,33.37,41.67,78.05,0.8,62.44,0.67,41.73,0.67
2024-10-18,14:00,October,Winter,Inverted-V,93,500.4,33.27,40.78,78.33,0.75,62.67,0.63,39.37,0.67
2024-10-18,14:15,October,Winter,Inverted-V,93,456.81,33.08,39.5,78.74,0.68,62.99,0.57,36.09,0.67
2024-10-18,14:30,October,Winter,Inverted-V,93,413.22,32.88,38.21,79.14,0.62,63.32,0.52,32.77,0.67
2024-10-18,14:45,October,Winter,Inverted-V,93,369.64,32.69,36.93,79.55,0.55,63.64,0.46,29.43,0.67
2024-10-18,15:00,October,Winter,Inverted-V,93,326.05,32.49,35.64,79.96,0.49,63.97,0.41,26.06,0.67
2024-10-18,15:15,October,Winter,Inverted-V,93,277.63,32.16,34.1,80.45,0.41,64.36,0.35,22.29,0.67
2024-10-18,15:30,October,Winter,Inverted-V,93,229.21,31.83,32.56,80.94,0.34,64.75,0.29,18.48,0.67
2024-10-18,15:45,October,Winter,Inverted-V,93,180.79,31.49,31.01,81.42,0.27,65.14,0.22,14.65,0.67
2024-10-18,16:00,October,Winter,Inverted-V,93,132.38,31.16,29.47,81.91,0.2,65.53,0.16,10.77,0.67
2024-10-18,16:15,October,Winter,Inverted-V,93,101.43,30.7,28.23,82.31,0.15,65.84,0.13,8.28,0.67
2024-10-18,16:30,October,Winter,Inverted-V,93,70.48,30.23,26.99,82.7,0.1,66.16,0.09,5.78,0.67
2024-10-18,16:45,October,Winter,Inverted-V,93,39.53,29.77,25.75,83.09,0.06,66.47,0.05,3.25,0.67
2024-10-18,17:00,October,Winter,Inverted-V,93,8.59,29.3,24.51,83.48,0.01,66.79,0.01,0.71,0.67
2024-10-18,17:15,October,Winter,Inverted-V,93,6.44,29.05,24.21,83.58,0.01,66.86,0.01,0.53,0.67
2024-10-19,05:15,October,Winter,Inverted-V,93,25.06,25.14,20.76,84.67,0.04,67.74,0.03,2.09,0.67
2024-10-19,05:30,October,Winter,Inverted-V,93,47.06,25.2,21.38,84.47,0.07,67.58,0.06,3.92,0.67
2024-10-19,05:45,October,Winter,Inverted-V,93,69.06,25.27,22.0,84.28,0.1,67.42,0.09,5.74,0.67
2024-10-19,06:00,October,Winter,Inverted-V,93,91.07,25.34,22.62,84.08,0.13,67.27,0.11,7.55,0.67
2024-10-19,06:15,October,Winter,Inverted-V,93,126.43,25.48,23.65,83.76,0.19,67.01,0.16,10.46,0.67
2024-10-19,06:30,October,Winter,Inverted-V,93,161.79,25.63,24.67,83.43,0.24,66.74,0.2,13.34,0.67
2024-10-19,06:45,October,Winter,Inverted-V,93,197.16,25.78,25.7,83.11,0.29,66.48,0.24,16.21,0.67
2024-10-19,07:00,October,Winter,Inverted-V,93,232.52,25.92,26.73,82.78,0.34,66.22,0.29,19.07,0.67
2024-10-19,07:15,October,Winter,Inverted-V,93,271.42,26.12,27.91,82.41,0.4,65.93,0.34,22.18,0.67
2024-10-19,07:30,October,Winter,Inverted-V,93,310.31,26.33,29.08,82.04,0.46,65.63,0.39,25.28,0.67
2024-10-19,07:45,October,Winter,Inverted-V,93,349.2,26.53,30.26,81.66,0.52,65.33,0.43,28.35,0.67
2024-10-19,08:00,October,Winter,Inverted-V,93,388.1,26.73,31.43,81.29,0.58,65.03,0.48,31.4,0.67
2024-10-19,08:15,October,Winter,Inverted-V,93,427.22,26.89,32.57,80.93,0.64,64.74,0.53,34.45,0.67
2024-10-19,08:30,October,Winter,Inverted-V,93,466.33,27.05,33.71,80.57,0.69,64.46,0.58,37.48,0.67
2024-10-19,08:45,October,Winter,Inverted-V,93,505.45,27.22,34.85,80.21,0.75,64.17,0.63,40.49,0.67
2024-10-19,09:00,October,Winter,Inverted-V,93,544.57,27.38,35.99,79.85,0.81,63.88,0.68,43.47,0.67
2024-10-19,09:15,October,Winter,Inverted-V,93,580.21,27.53,37.04,79.52,0.87,63.61,0.73,46.17,0.67
2024-10-19,09:30,October,Winter,Inverted-V,93,615.84,27.68,38.08,79.19,0.92,63.35,0.77,48.86,0.67
2024-10-19,09:45,October,Winter,Inverted-V,93,651.48,27.83,39.12,78.86,0.98,63.09,0.82,51.52,0.67
2024-10-19,10:00,October,Winter,Inverted-V,93,687.12,27.98,40.16,78.53,1.03,62.82,0.86,54.17,0.67
2024-10-19,10:15,October,Winter,Inverted-V,93,686.17,28.12,40.27,78.49,1.03,62.79,0.86,54.08,0.67
2024-10-19,10:30,October,Winter,Inverted-V,93,685.22,28.25,40.38,78.46,1.03,62.77,0.86,53.98,0.67
2024-10-19,10:45,October,Winter,Inverted-V,93,684.27,28.38,40.49,78.42,1.03,62.74,0.86,53.89,0.67
2024-10-19,11:00,October,Winter,Inverted-V,93,683.32,28.52,40.6,78.39,1.02,62.71,0.86,53.8,0.67
2024-10-19,11:15,October,Winter,Inverted-V,93,673.54,28.63,40.47,78.43,1.01,62.74,0.85,53.05,0.67
2024-10-19,11:30,October,Winter,Inverted-V,93,663.77,28.75,40.34,78.47,0.99,62.78,0.83,52.3,0.67
2024-10-19,11:45,October,Winter,Inverted-V,93,653.99,28.87,40.21,78.51,0.98,62.81,0.82,51.55,0.67
2024-10-19,12:00,October,Winter,Inverted-V,93,644.22,28.98,40.09,78.55,0.97,62.84,0.81,50.8,0.67
2024-10-19,12:15,October,Winter,Inverted-V,93,619.62,29.05,39.54,78.72,0.93,62.98,0.78,48.94,0.67
2024-10-19,12:30,October,Winter,Inverted-V,93,595.02,29.12,39.0,78.89,0.89,63.12,0.75,47.07,0.67
2024-10-19,12:45,October,Winter,Inverted-V,93,570.41,29.2,38.46,79.07,0.85,63.25,0.71,45.2,0.67
2024-10-19,13:00,October,Winter,Inverted-V,93,545.81,29.27,37.92,79.24,0.82,63.39,0.68,43.32,0.67
2024-10-19,13:15,October,Winter,Inverted-V,93,536.2,29.31,37.72,79.3,0.8,63.44,0.67,42.59,0.67
2024-10-19,13:30,October,Winter,Inverted-V,93,526.6,29.35,37.51,79.37,0.79,63.49,0.66,41.85,0.67
2024-10-19,13:45,October,Winter,Inverted-V,93,516.99,29.39,37.31,79.43,0.77,63.54,0.65,41.11,0.67
2024-10-19,14:00,October,Winter,Inverted-V,93,507.38,29.43,37.11,79.49,0.76,63.59,0.63,40.37,0.67
2024-10-19,14:15,October,Winter,Inverted-V,93,458.29,29.45,35.9,79.88,0.68,63.9,0.57,36.6,0.67
2024-10-19,14:30,October,Winter,Inverted-V,93,409.2,29.46,34.7,80.26,0.61,64.21,0.51,32.79,0.67
2024-10-19,14:45,October,Winter,Inverted-V,93,360.11,29.48,33.49,80.64,0.54,64.51,0.45,28.96,0.67
2024-10-19,15:00,October,Winter,Inverted-V,93,311.02,29.5,32.28,81.02,0.46,64.82,0.39,25.1,0.67
2024-10-19,15:15,October,Winter,Inverted-V,93,266.16,29.46,31.11,81.39,0.4,65.11,0.33,21.55,0.67
2024-10-19,15:30,October,Winter,Inverted-V,93,221.31,29.41,29.95,81.76,0.33,65.41,0.27,17.98,0.67
2024-10-19,15:45,October,Winter,Inverted-V,93,176.45,29.37,28.78,82.13,0.26,65.7,0.22,14.39,0.67
2024-10-19,16:00,October,Winter,Inverted-V,93,131.6,29.33,27.62,82.5,0.19,66.0,0.16,10.76,0.67
2024-10-19,16:15,October,Winter,Inverted-V,93,100.74,29.17,26.69,82.79,0.15,66.23,0.12,8.26,0.67
2024-10-19,16:30,October,Winter,Inverted-V,93,69.89,29.01,25.76,83.09,0.1,66.47,0.09,5.75,0.67
2024-10-19,16:45,October,Winter,Inverted-V,93,39.03,28.85,24.83,83.38,0.06,66.71,0.05,3.22,0.67
2024-10-19,17:00,October,Winter,Inverted-V,93,8.18,28.69,23.89,83.68,0.01,66.94,0.01,0.68,0.67
2024-10-19,17:15,October,Winter,Inverted-V,93,6.13,28.59,23.74,83.73,0.01,66.98,0.01,0.51,0.67
2024-10-20,05:15,October,Winter,Inverted-V,93,20.47,24.48,19.99,84.91,0.03,67.93,0.03,1.71,0.67
2024-10-20,05:30,October,Winter,Inverted-V,93,38.89,24.66,20.64,84.71,0.06,67.77,0.05,3.24,0.67
2024-10-20,05:45,October,Winter,Inverted-V,93,57.31,24.85,21.28,84.51,0.08,67.6,0.07,4.77,0.67
2024-10-20,06:00,October,Winter,Inverted-V,93,75.73,25.03,21.92,84.3,0.11,67.44,0.09,6.29,0.67
2024-10-20,06:15,October,Winter,Inverted-V,93,115.11,25.33,23.21,83.9,0.17,67.12,0.14,9.53,0.67
2024-10-20,06:30,October,Winter,Inverted-V,93,154.49,25.63,24.49,83.49,0.23,66.79,0.19,12.75,0.67
2024-10-20,06:45,October,Winter,Inverted-V,93,193.88,25.93,25.78,83.08,0.29,66.47,0.24,15.94,0.67
2024-10-20,07:00,October,Winter,Inverted-V,93,233.26,26.23,27.06,82.68,0.34,66.14,0.29,19.11,0.67
2024-10-20,07:15,October,Winter,Inverted-V,93,279.28,26.77,28.75,82.14,0.41,65.71,0.35,22.77,0.67
2024-10-20,07:30,October,Winter,Inverted-V,93,325.3,27.31,30.45,81.6,0.48,65.28,0.4,26.39,0.67
2024-10-20,07:45,October,Winter,Inverted-V,93,371.31,27.86,32.14,81.07,0.55,64.85,0.46,29.98,0.67
2024-10-20,08:00,October,Winter,Inverted-V,93,417.33,28.4,33.83,80.53,0.62,64.42,0.52,33.53,0.67
2024-10-20,08:15,October,Winter,Inverted-V,93,472.01,28.76,35.56,79.98,0.7,63.99,0.59,37.73,0.67
2024-10-20,08:30,October,Winter,Inverted-V,93,526.68,29.12,37.29,79.44,0.79,63.55,0.66,41.88,0.67
2024-10-20,08:45,October,Winter,Inverted-V,93,581.36,29.48,39.01,78.89,0.87,63.11,0.73,45.99,0.67
2024-10-20,09:00,October,Winter,Inverted-V,93,636.03,29.84,40.74,78.34,0.95,62.67,0.8,50.05,0.67
2024-10-20,09:15,October,Winter,Inverted-V,93,653.63,30.04,41.38,78.14,0.98,62.51,0.82,51.34,0.67
2024-10-20,09:30,October,Winter,Inverted-V,93,671.23,30.24,42.03,77.94,1.01,62.35,0.84,52.61,0.67
2024-10-20,09:45,October,Winter,Inverted-V,93,688.83,30.45,42.67,77.73,1.03,62.19,0.87,53.89,0.67
2024-10-20,10:00,October,Winter,Inverted-V,93,706.43,30.65,43.31,77.53,1.06,62.02,0.89,55.15,0.67
2024-10-20,10:15,October,Winter,Inverted-V,93,717.63,30.8,43.74,77.39,1.08,61.92,0.9,55.95,0.67
2024-10-20,10:30,October,Winter,Inverted-V,93,728.84,30.95,44.17,77.26,1.1,61.81,0.92,56.75,0.67
2024-10-20,10:45,October,Winter,Inverted-V,93,740.04,31.1,44.6,77.12,1.11,61.7,0.93,57.55,0.67
2024-10-20,11:00,October,Winter,Inverted-V,93,751.25,31.25,45.03,76.99,1.13,61.59,0.95,58.34,0.67
2024-10-20,11:15,October,Winter,Inverted-V,93,741.41,31.33,44.87,77.04,1.12,61.63,0.93,57.61,0.67
2024-10-20,11:30,October,Winter,Inverted-V,93,731.58,31.41,44.7,77.09,1.1,61.67,0.92,56.87,0.67
2024-10-20,11:45,October,Winter,Inverted-V,93,721.74,31.5,44.54,77.14,1.09,61.71,0.91,56.13,0.67
2024-10-20,12:00,October,Winter,Inverted-V,93,711.9,31.58,44.38,77.19,1.07,61.75,0.9,55.4,0.67
2024-10-20,12:15,October,Winter,Inverted-V,93,685.17,31.59,43.72,77.4,1.03,61.92,0.86,53.43,0.67
2024-10-20,12:30,October,Winter,Inverted-V,93,658.43,31.6,43.06,77.61,0.99,62.09,0.83,51.45,0.67
2024-10-20,12:45,October,Winter,Inverted-V,93,631.7,31.61,42.4,77.82,0.95,62.25,0.79,49.46,0.67
2024-10-20,13:00,October,Winter,Inverted-V,93,604.96,31.62,41.74,78.03,0.91,62.42,0.76,47.46,0.67
2024-10-20,13:15,October,Winter,Inverted-V,93,565.83,31.55,40.69,78.36,0.85,62.69,0.71,44.53,0.67
2024-10-20,13:30,October,Winter,Inverted-V,93,526.71,31.48,39.64,78.69,0.79,62.95,0.66,41.59,0.67
2024-10-20,13:45,October,Winter,Inverted-V,93,487.58,31.4,38.59,79.02,0.73,63.22,0.61,38.62,0.67
2024-10-20,14:00,October,Winter,Inverted-V,93,448.45,31.33,37.54,79.36,0.67,63.49,0.56,35.63,0.67
2024-10-20,14:15,October,Winter,Inverted-V,93,404.96,31.2,36.33,79.74,0.6,63.79,0.51,32.3,0.67
2024-10-20,14:30,October,Winter,Inverted-V,93,361.48,31.08,35.12,80.12,0.54,64.1,0.45,28.93,0.67
2024-10-20,14:45,October,Winter,Inverted-V,93,318.0,30.95,33.9,80.51,0.47,64.41,0.4,25.54,0.67
2024-10-20,15:00,October,Winter,Inverted-V,93,274.51,30.83,32.69,80.89,0.41,64.71,0.34,22.13,0.67
2024-10-20,15:15,October,Winter,Inverted-V,93,235.33,30.65,31.54,81.26,0.35,65.01,0.29,19.03,0.67
2024-10-20,15:30,October,Winter,Inverted-V,93,196.16,30.48,30.38,81.62,0.29,65.3,0.24,15.92,0.67
2024-10-20,15:45,October,Winter,Inverted-V,93,156.98,30.3,29.22,81.99,0.23,65.59,0.19,12.78,0.67
2024-10-20,16:00,October,Winter,Inverted-V,93,117.8,30.12,28.06,82.36,0.17,65.89,0.15,9.62,0.67
2024-10-20,16:15,October,Winter,Inverted-V,93,89.96,29.79,27.03,82.68,0.13,66.15,0.11,7.37,0.67
2024-10-20,16:30,October,Winter,Inverted-V,93,62.12,29.45,26.0,83.01,0.09,66.41,0.08,5.1,0.67
2024-10-20,16:45,October,Winter,Inverted-V,93,34.28,29.12,24.97,83.34,0.05,66.67,0.04,2.83,0.67
2024-10-20,17:00,October,Winter,Inverted-V,93,6.45,28.78,23.94,83.66,0.01,66.93,0.01,0.53,0.67
2024-10-21,05:15,October,Winter,Inverted-V,93,16.78,25.51,20.93,84.62,0.02,67.69,0.02,1.4,0.67
2024-10-21,05:30,October,Winter,Inverted-V,93,31.09,25.59,21.37,84.48,0.05,67.58,0.04,2.59,0.67
2024-10-21,05:45,October,Winter,Inverted-V,93,45.41,25.68,21.82,84.34,0.07,67.47,0.06,3.78,0.67
2024-10-21,06:00,October,Winter,Inverted-V,93,59.72,25.77,22.26,84.19,0.09,67.36,0.07,4.96,0.67
2024-10-21,06:15,October,Winter,Inverted-V,93,91.08,26.05,23.32,83.86,0.13,67.09,0.11,7.54,0.67
2024-10-21,06:30,October,Winter,Inverted-V,93,122.45,26.32,24.38,83.52,0.18,66.82,0.15,10.11,0.67
2024-10-21,06:45,October,Winter,Inverted-V,93,153.81,26.59,25.44,83.19,0.23,66.55,0.19,12.66,0.67
2024-10-21,07:00,October,Winter,Inverted-V,93,185.17,26.87,26.5,82.85,0.27,66.28,0.23,15.19,0.67
2024-10-21,07:15,October,Winter,Inverted-V,93,218.49,27.23,27.7,82.47,0.32,65.98,0.27,17.87,0.67
2024-10-21,07:30,October,Winter,Inverted-V,93,251.82,27.6,28.9,82.09,0.37,65.68,0.31,20.52,0.67
2024-10-21,07:45,October,Winter,Inverted-V,93,285.14,27.96,30.09,81.72,0.42,65.37,0.35,23.16,0.67
2024-10-21,08:00,October,Winter,Inverted-V,93,318.47,28.33,31.29,81.34,0.47,65.07,0.4,25.78,0.67
2024-10-21,08:15,October,Winter,Inverted-V,93,367.48,28.65,32.84,80.85,0.55,64.68,0.46,29.61,0.67
2024-10-21,08:30,October,Winter,Inverted-V,93,416.49,28.97,34.38,80.36,0.62,64.29,0.52,33.41,0.67
2024-10-21,08:45,October,Winter,Inverted-V,93,465.5,29.29,35.93,79.87,0.69,63.89,0.58,37.17,0.67
2024-10-21,09:00,October,Winter,Inverted-V,93,514.51,29.61,37.47,79.38,0.77,63.5,0.64,40.89,0.67
2024-10-21,09:15,October,Winter,Inverted-V,93,540.43,29.76,38.27,79.13,0.81,63.3,0.68,42.85,0.67
2024-10-21,09:30,October,Winter,Inverted-V,93,566.35,29.91,39.06,78.87,0.85,63.1,0.71,44.8,0.67
2024-10-21,09:45,October,Winter,Inverted-V,93,592.27,30.05,39.86,78.62,0.89,62.9,0.74,46.73,0.67
2024-10-21,10:00,October,Winter,Inverted-V,93,618.19,30.2,40.65,78.37,0.93,62.7,0.78,48.66,0.67
2024-10-21,10:15,October,Winter,Inverted-V,93,636.19,30.3,41.21,78.2,0.95,62.56,0.8,49.99,0.67
2024-10-21,10:30,October,Winter,Inverted-V,93,654.18,30.41,41.76,78.02,0.98,62.42,0.82,51.32,0.67
2024-10-21,10:45,October,Winter,Inverted-V,93,672.18,30.51,42.31,77.85,1.01,62.28,0.85,52.64,0.67
2024-10-21,11:00,October,Winter,Inverted-V,93,690.17,30.61,42.86,77.67,1.04,62.14,0.87,53.96,0.67
2024-10-21,11:15,October,Winter,Inverted-V,93,681.99,30.67,42.72,77.72,1.02,62.17,0.86,53.34,0.67
2024-10-21,11:30,October,Winter,Inverted-V,93,673.81,30.73,42.57,77.76,1.01,62.21,0.85,52.73,0.67
2024-10-21,11:45,October,Winter,Inverted-V,93,665.63,30.78,42.42,77.81,1.0,62.25,0.84,52.11,0.67
2024-10-21,12:00,October,Winter,Inverted-V,93,657.45,30.84,42.28,77.86,0.99,62.29,0.83,51.49,0.67
2024-10-21,12:15,October,Winter,Inverted-V,93,625.72,30.85,41.5,78.1,0.94,62.48,0.79,49.13,0.67
2024-10-21,12:30,October,Winter,Inverted-V,93,593.99,30.87,40.71,78.35,0.89,62.68,0.75,46.75,0.67
2024-10-21,12:45,October,Winter,Inverted-V,93,562.26,30.88,39.93,78.6,0.84,62.88,0.71,44.36,0.67
2024-10-21,13:00,October,Winter,Inverted-V,93,530.53,30.89,39.15,78.85,0.79,63.08,0.67,41.95,0.67
2024-10-21,13:15,October,Winter,Inverted-V,93,504.68,30.84,38.45,79.07,0.75,63.25,0.63,39.99,0.67
2024-10-21,13:30,October,Winter,Inverted-V,93,478.83,30.79,37.76,79.29,0.72,63.43,0.6,38.02,0.67
2024-10-21,13:45,October,Winter,Inverted-V,93,452.99,30.73,37.06,79.51,0.68,63.61,0.57,36.05,0.67
2024-10-21,14:00,October,Winter,Inverted-V,93,427.14,30.68,36.36,79.73,0.64,63.79,0.53,34.06,0.67
2024-10-21,14:15,October,Winter,Inverted-V,93,385.68,30.61,35.25,80.08,0.58,64.07,0.48,30.86,0.67
2024-10-21,14:30,October,Winter,Inverted-V,93,344.21,30.53,34.14,80.44,0.51,64.35,0.43,27.63,0.67
2024-10-21,14:45,October,Winter,Inverted-V,93,302.75,30.45,33.02,80.79,0.45,64.63,0.38,24.38,0.67
2024-10-21,15:00,October,Winter,Inverted-V,93,261.28,30.38,31.91,81.14,0.39,64.91,0.33,21.11,0.67
2024-10-21,15:15,October,Winter,Inverted-V,93,223.17,30.25,30.83,81.48,0.33,65.18,0.28,18.09,0.67
2024-10-21,15:30,October,Winter,Inverted-V,93,185.05,30.13,29.76,81.82,0.27,65.46,0.23,15.04,0.67
2024-10-21,15:45,October,Winter,Inverted-V,93,146.93,30.0,28.68,82.16,0.22,65.73,0.18,11.98,0.67
2024-10-21,16:00,October,Winter,Inverted-V,93,108.81,29.88,27.6,82.5,0.16,66.0,0.13,8.9,0.67
2024-10-21,16:15,October,Winter,Inverted-V,93,83.5,29.58,26.66,82.8,0.12,66.24,0.1,6.85,0.67
2024-10-21,16:30,October,Winter,Inverted-V,93,58.19,29.27,25.73,83.1,0.09,66.48,0.07,4.78,0.67
2024-10-21,16:45,October,Winter,Inverted-V,93,32.87,28.97,24.79,83.39,0.05,66.71,0.04,2.71,0.67
2024-10-21,17:00,October,Winter,Inverted-V,93,7.56,28.67,23.86,83.69,0.01,66.95,0.01,0.62,0.67
2024-10-21,17:15,October,Winter,Inverted-V,93,5.67,28.48,23.63,83.76,0.01,67.01,0.01,0.47,0.67
2024-10-22,05:15,October,Winter,Inverted-V,93,28.79,25.42,21.14,84.55,0.04,67.64,0.04,2.4,0.67
2024-10-22,05:30,October,Winter,Inverted-V,93,53.91,25.46,21.81,84.34,0.08,67.47,0.07,4.48,0.67
2024-10-22,05:45,October,Winter,Inverted-V,93,79.03,25.51,22.48,84.12,0.12,67.3,0.1,6.56,0.67
2024-10-22,06:00,October,Winter,Inverted-V,93,104.14,25.55,23.15,83.91,0.15,67.13,0.13,8.63,0.67
2024-10-22,06:15,October,Winter,Inverted-V,93,155.5,25.86,24.75,83.41,0.23,66.73,0.19,12.82,0.67
2024-10-22,06:30,October,Winter,Inverted-V,93,206.86,26.17,26.34,82.9,0.31,66.32,0.26,16.98,0.67
2024-10-22,06:45,October,Winter,Inverted-V,93,258.22,26.48,27.94,82.4,0.38,65.92,0.32,21.1,0.67
2024-10-22,07:00,October,Winter,Inverted-V,93,309.58,26.79,29.53,81.89,0.46,65.51,0.38,25.19,0.67
2024-10-22,07:15,October,Winter,Inverted-V,93,362.03,27.18,31.23,81.35,0.54,65.08,0.45,29.31,0.67
2024-10-22,07:30,October,Winter,Inverted-V,93,414.48,27.57,32.94,80.81,0.62,64.65,0.52,33.39,0.67
2024-10-22,07:45,October,Winter,Inverted-V,93,466.92,27.97,34.64,80.28,0.7,64.22,0.58,37.42,0.67
2024-10-22,08:00,October,Winter,Inverted-V,93,519.37,28.36,36.34,79.74,0.78,63.79,0.65,41.42,0.67
2024-10-22,08:15,October,Winter,Inverted-V,93,529.55,28.73,36.97,79.54,0.79,63.63,0.66,42.15,0.67
2024-10-22,08:30,October,Winter,Inverted-V,93,539.72,29.11,37.6,79.34,0.81,63.47,0.68,42.88,0.67
2024-10-22,08:45,October,Winter,Inverted-V,93,549.89,29.48,38.22,79.14,0.82,63.31,0.69,43.61,0.67
2024-10-22,09:00,October,Winter,Inverted-V,93,560.07,29.85,38.85,78.94,0.84,63.15,0.7,44.33,0.67
2024-10-22,09:15,October,Winter,Inverted-V,93,546.59,30.15,38.82,78.95,0.82,63.16,0.68,43.27,0.67
2024-10-22,09:30,October,Winter,Inverted-V,93,533.1,30.45,38.78,78.96,0.8,63.17,0.67,42.2,0.67
2024-10-22,09:45,October,Winter,Inverted-V,93,519.62,30.76,38.75,78.97,0.78,63.18,0.65,41.14,0.67
2024-10-22,10:00,October,Winter,Inverted-V,93,506.14,31.06,38.71,78.99,0.76,63.19,0.63,40.08,0.67
2024-10-22,10:15,October,Winter,Inverted-V,93,485.6,31.3,38.44,79.07,0.73,63.26,0.61,38.48,0.67
2024-10-22,10:30,October,Winter,Inverted-V,93,465.06,31.54,38.17,79.16,0.7,63.33,0.58,36.89,0.67
2024-10-22,10:45,October,Winter,Inverted-V,93,444.53,31.78,37.89,79.25,0.66,63.4,0.56,35.29,0.67
2024-10-22,11:00,October,Winter,Inverted-V,93,423.99,32.02,37.62,79.33,0.63,63.47,0.53,33.68,0.67
2024-10-22,11:15,October,Winter,Inverted-V,93,441.1,32.14,38.16,79.16,0.66,63.33,0.55,34.98,0.67
2024-10-22,11:30,October,Winter,Inverted-V,93,458.21,32.26,38.71,78.99,0.69,63.19,0.57,36.28,0.67
2024-10-22,11:45,October,Winter,Inverted-V,93,475.32,32.37,39.26,78.81,0.71,63.05,0.6,37.57,0.67
2024-10-22,12:00,October,Winter,Inverted-V,93,492.43,32.49,39.8,78.64,0.74,62.91,0.62,38.86,0.67
2024-10-22,12:15,October,Winter,Inverted-V,93,512.21,32.5,40.31,78.48,0.77,62.78,0.64,40.36,0.67
2024-10-22,12:30,October,Winter,Inverted-V,93,531.99,32.52,40.81,78.32,0.8,62.66,0.67,41.86,0.67
2024-10-22,12:45,October,Winter,Inverted-V,93,551.77,32.53,41.32,78.16,0.83,62.53,0.69,43.34,0.67
2024-10-22,13:00,October,Winter,Inverted-V,93,571.56,32.54,41.83,78.0,0.86,62.4,0.72,44.83,0.67
2024-10-22,13:15,October,Winter,Inverted-V,93,554.3,32.47,41.33,78.16,0.83,62.53,0.7,43.54,0.67
2024-10-22,13:30,October,Winter,Inverted-V,93,537.04,32.41,40.83,78.32,0.81,62.65,0.67,42.25,0.67
2024-10-22,13:45,October,Winter,Inverted-V,93,519.78,32.34,40.33,78.47,0.78,62.78,0.65,40.96,0.67
2024-10-22,14:00,October,Winter,Inverted-V,93,502.52,32.27,39.83,78.63,0.75,62.9,0.63,39.66,0.67
2024-10-22,14:15,October,Winter,Inverted-V,93,452.06,32.17,38.47,79.06,0.68,63.25,0.57,35.82,0.67
2024-10-22,14:30,October,Winter,Inverted-V,93,401.59,32.06,37.1,79.5,0.6,63.6,0.5,31.95,0.67
2024-10-22,14:45,October,Winter,Inverted-V,93,351.12,31.96,35.74,79.93,0.52,63.94,0.44,28.05,0.67
2024-10-22,15:00,October,Winter,Inverted-V,93,300.65,31.86,34.38,80.36,0.45,64.29,0.38,24.12,0.67
2024-10-22,15:15,October,Winter,Inverted-V,93,253.24,31.7,33.03,80.78,0.38,64.63,0.32,20.39,0.67
2024-10-22,15:30,October,Winter,Inverted-V,93,205.84,31.55,31.69,81.21,0.31,64.97,0.26,16.64,0.67
2024-10-22,15:45,October,Winter,Inverted-V,93,158.43,31.39,30.35,81.63,0.24,65.31,0.2,12.86,0.67
2024-10-22,16:00,October,Winter,Inverted-V,93,111.02,31.23,29.01,82.06,0.16,65.65,0.14,9.05,0.67
2024-10-22,16:15,October,Winter,Inverted-V,93,84.81,30.83,27.95,82.39,0.13,65.92,0.11,6.93,0.67
2024-10-22,16:30,October,Winter,Inverted-V,93,58.6,30.43,26.9,82.73,0.09,66.18,0.07,4.8,0.67
2024-10-22,16:45,October,Winter,Inverted-V,93,32.39,30.03,25.84,83.06,0.05,66.45,0.04,2.66,0.67
2024-10-22,17:00,October,Winter,Inverted-V,93,6.18,29.63,24.78,83.4,0.01,66.72,0.01,0.51,0.67
2024-10-23,05:15,October,Winter,Inverted-V,93,24.18,24.62,20.23,84.84,0.04,67.87,0.03,2.02,0.67
2024-10-23,05:30,October,Winter,Inverted-V,93,45.51,24.83,20.96,84.61,0.07,67.69,0.06,3.79,0.67
2024-10-23,05:45,October,Winter,Inverted-V,93,66.83,25.03,21.7,84.37,0.1,67.5,0.08,5.56,0.67
2024-10-23,06:00,October,Winter,Inverted-V,93,88.15,25.23,22.43,84.14,0.13,67.31,0.11,7.32,0.67
2024-10-23,06:15,October,Winter,Inverted-V,93,136.55,25.66,24.08,83.62,0.2,66.9,0.17,11.28,0.67
2024-10-23,06:30,October,Winter,Inverted-V,93,184.95,26.09,25.72,83.1,0.27,66.48,0.23,15.21,0.67
2024-10-23,06:45,October,Winter,Inverted-V,93,233.35,26.53,27.36,82.58,0.35,66.06,0.29,19.1,0.67
2024-10-23,07:00,October,Winter,Inverted-V,93,281.75,26.96,29.0,82.06,0.42,65.65,0.35,22.96,0.67
2024-10-23,07:15,October,Winter,Inverted-V,93,333.83,27.62,30.96,81.44,0.5,65.15,0.42,27.05,0.67
2024-10-23,07:30,October,Winter,Inverted-V,93,385.91,28.27,32.92,80.82,0.57,64.66,0.48,31.09,0.67
2024-10-23,07:45,October,Winter,Inverted-V,93,437.99,28.92,34.87,80.2,0.65,64.16,0.55,35.08,0.67
2024-10-23,08:00,October,Winter,Inverted-V,93,490.07,29.58,36.83,79.58,0.73,63.67,0.61,39.02,0.67
2024-10-23,08:15,October,Winter,Inverted-V,93,535.17,29.95,38.32,79.11,0.8,63.29,0.67,42.43,0.67
2024-10-23,08:30,October,Winter,Inverted-V,93,580.27,30.31,39.82,78.64,0.87,62.91,0.73,45.79,0.67
2024-10-23,08:45,October,Winter,Inverted-V,93,625.37,30.67,41.31,78.16,0.94,62.53,0.79,49.13,0.67
2024-10-23,09:00,October,Winter,Inverted-V,93,670.46,31.04,42.8,77.69,1.01,62.15,0.84,52.43,0.67
2024-10-23,09:15,October,Winter,Inverted-V,93,687.89,31.24,43.43,77.49,1.03,61.99,0.87,53.69,0.67
2024-10-23,09:30,October,Winter,Inverted-V,93,705.31,31.43,44.07,77.29,1.06,61.83,0.89,54.94,0.67
2024-10-23,09:45,October,Winter,Inverted-V,93,722.73,31.63,44.7,77.09,1.09,61.67,0.91,56.18,0.67
2024-10-23,10:00,October,Winter,Inverted-V,93,740.16,31.83,45.33,76.89,1.11,61.51,0.93,57.42,0.67
2024-10-23,10:15,October,Winter,Inverted-V,93,760.76,31.93,45.95,76.69,1.15,61.35,0.96,58.91,0.67
2024-10-23,10:30,October,Winter,Inverted-V,93,781.37,32.04,46.57,76.5,1.18,61.2,0.99,60.39,0.67
2024-10-23,10:45,October,Winter,Inverted-V,93,801.98,32.14,47.19,76.3,1.21,61.04,1.01,61.86,0.67
2024-10-23,11:00,October,Winter,Inverted-V,93,822.58,32.25,47.81,76.1,1.24,60.88,1.04,63.32,0.67
2024-10-23,11:15,October,Winter,Inverted-V,93,809.32,32.21,47.44,76.22,1.22,60.98,1.02,62.37,0.67
2024-10-23,11:30,October,Winter,Inverted-V,93,796.06,32.16,47.07,76.34,1.2,61.07,1.01,61.42,0.67
2024-10-23,11:45,October,Winter,Inverted-V,93,782.79,32.12,46.69,76.46,1.18,61.17,0.99,60.47,0.67
2024-10-23,12:00,October,Winter,Inverted-V,93,769.53,32.08,46.32,76.58,1.16,61.26,0.97,59.52,0.67
2024-10-23,12:15,October,Winter,Inverted-V,93,742.83,31.97,45.54,76.82,1.12,61.46,0.94,57.59,0.67
2024-10-23,12:30,October,Winter,Inverted-V,93,716.12,31.86,44.77,77.07,1.08,61.65,0.9,55.66,0.67
2024-10-23,12:45,October,Winter,Inverted-V,93,689.42,31.76,43.99,77.31,1.04,61.85,0.87,53.71,0.67
2024-10-23,13:00,October,Winter,Inverted-V,93,662.71,31.65,43.22,77.56,1.0,62.05,0.83,51.76,0.67
2024-10-23,13:15,October,Winter,Inverted-V,93,578.84,31.53,41.0,78.26,0.87,62.61,0.73,45.52,0.67
2024-10-23,13:30,October,Winter,Inverted-V,93,494.96,31.41,38.78,78.96,0.74,63.17,0.62,39.18,0.67
2024-10-23,13:45,October,Winter,Inverted-V,93,411.09,31.28,36.56,79.67,0.61,63.73,0.51,32.76,0.67
2024-10-23,14:00,October,Winter,Inverted-V,93,327.22,31.16,34.34,80.37,0.49,64.3,0.41,26.25,0.67
2024-10-23,14:15,October,Winter,Inverted-V,93,295.88,31.0,33.4,80.67,0.44,64.53,0.37,23.8,0.67
2024-10-23,14:30,October,Winter,Inverted-V,93,264.55,30.84,32.46,80.97,0.39,64.77,0.33,21.34,0.67
2024-10-23,14:45,October,Winter,Inverted-V,93,233.22,30.69,31.52,81.26,0.35,65.01,0.29,18.86,0.67
2024-10-23,15:00,October,Winter,Inverted-V,93,201.88,30.53,30.58,81.56,0.3,65.25,0.25,16.37,0.67
2024-10-23,15:15,October,Winter,Inverted-V,93,170.58,30.28,29.54,81.89,0.25,65.51,0.21,13.88,0.67
2024-10-23,15:30,October,Winter,Inverted-V,93,139.28,30.02,28.51,82.22,0.21,65.77,0.17,11.36,0.67
2024-10-23,15:45,October,Winter,Inverted-V,93,107.98,29.77,27.47,82.55,0.16,66.04,0.13,8.84,0.67
2024-10-23,16:00,October,Winter,Inverted-V,93,76.68,29.52,26.44,82.87,0.11,66.3,0.09,6.29,0.67
2024-10-23,16:15,October,Winter,Inverted-V,93,58.35,29.12,25.58,83.14,0.09,66.52,0.07,4.8,0.67
2024-10-23,16:30,October,Winter,Inverted-V,93,40.01,28.73,24.73,83.41,0.06,66.73,0.05,3.3,0.67
2024-10-23,16:45,October,Winter,Inverted-V,93,21.68,28.33,23.87,83.69,0.03,66.95,0.03,1.79,0.67
2024-10-24,05:15,October,Winter,Inverted-V,93,25.45,24.41,20.05,84.9,0.04,67.92,0.03,2.13,0.67
2024-10-24,05:30,October,Winter,Inverted-V,93,47.71,24.51,20.7,84.69,0.07,67.75,0.06,3.98,0.67
2024-10-24,05:45,October,Winter,Inverted-V,93,69.97,24.61,21.36,84.48,0.1,67.58,0.09,5.82,0.67
2024-10-24,06:00,October,Winter,Inverted-V,93,92.23,24.71,22.02,84.27,0.14,67.42,0.11,7.66,0.67
2024-10-24,06:15,October,Winter,Inverted-V,93,131.19,24.95,23.23,83.89,0.19,67.11,0.16,10.86,0.67
2024-10-24,06:30,October,Winter,Inverted-V,93,170.14,25.2,24.45,83.5,0.25,66.8,0.21,14.04,0.67
2024-10-24,06:45,October,Winter,Inverted-V,93,209.1,25.44,25.66,83.12,0.31,66.49,0.26,17.2,0.67
2024-10-24,07:00,October,Winter,Inverted-V,93,248.05,25.68,26.88,82.73,0.37,66.19,0.31,20.33,0.67
2024-10-24,07:15,October,Winter,Inverted-V,93,295.17,26.08,28.46,82.23,0.44,65.79,0.37,24.09,0.67
2024-10-24,07:30,October,Winter,Inverted-V,93,342.28,26.48,30.04,81.73,0.51,65.39,0.43,27.8,0.67
2024-10-24,07:45,October,Winter,Inverted-V,93,389.39,26.88,31.61,81.23,0.58,64.99,0.48,31.49,0.67
2024-10-24,08:00,October,Winter,Inverted-V,93,436.5,27.28,33.19,80.73,0.65,64.59,0.54,35.14,0.67
2024-10-24,08:15,October,Winter,Inverted-V,93,457.26,27.64,34.07,80.46,0.68,64.37,0.57,36.71,0.67
2024-10-24,08:30,October,Winter,Inverted-V,93,478.02,27.99,34.94,80.18,0.71,64.14,0.6,38.28,0.67
2024-10-24,08:45,October,Winter,Inverted-V,93,498.78,28.34,35.81,79.9,0.74,63.92,0.62,39.84,0.67
2024-10-24,09:00,October,Winter,Inverted-V,93,519.53,28.7,36.69,79.63,0.78,63.7,0.65,41.39,0.67
2024-10-24,09:15,October,Winter,Inverted-V,93,529.56,28.94,37.18,79.47,0.79,63.58,0.66,42.13,0.67
2024-10-24,09:30,October,Winter,Inverted-V,93,539.6,29.18,37.67,79.32,0.81,63.45,0.68,42.86,0.67
2024-10-24,09:45,October,Winter,Inverted-V,93,549.63,29.42,38.16,79.16,0.82,63.33,0.69,43.59,0.67
2024-10-24,10:00,October,Winter,Inverted-V,93,559.66,29.66,38.65,79.01,0.84,63.2,0.7,44.32,0.67
2024-10-24,10:15,October,Winter,Inverted-V,93,588.42,29.82,39.53,78.73,0.88,62.98,0.74,46.48,0.67
2024-10-24,10:30,October,Winter,Inverted-V,93,617.19,29.98,40.41,78.45,0.93,62.76,0.77,48.62,0.67
2024-10-24,10:45,October,Winter,Inverted-V,93,645.96,30.15,41.3,78.17,0.97,62.53,0.81,50.75,0.67
2024-10-24,11:00,October,Winter,Inverted-V,93,674.73,30.31,42.18,77.89,1.01,62.31,0.85,52.86,0.67
2024-10-24,11:15,October,Winter,Inverted-V,93,700.4,30.39,42.9,77.66,1.05,62.13,0.88,54.75,0.67
2024-10-24,11:30,October,Winter,Inverted-V,93,726.07,30.46,43.62,77.43,1.09,61.95,0.91,56.63,0.67
2024-10-24,11:45,October,Winter,Inverted-V,93,751.74,30.54,44.34,77.21,1.13,61.76,0.95,58.51,0.67
2024-10-24,12:00,October,Winter,Inverted-V,93,777.42,30.62,45.06,76.98,1.17,61.58,0.98,60.37,0.67
2024-10-24,12:15,October,Winter,Inverted-V,93,753.26,30.61,44.44,77.17,1.13,61.74,0.95,58.6,0.67
2024-10-24,12:30,October,Winter,Inverted-V,93,729.11,30.59,43.82,77.37,1.1,61.89,0.92,56.83,0.67
2024-10-24,12:45,October,Winter,Inverted-V,93,704.96,30.58,43.21,77.56,1.06,62.05,0.89,55.06,0.67
2024-10-24,13:00,October,Winter,Inverted-V,93,680.81,30.57,42.59,77.76,1.02,62.21,0.86,53.27,0.67
2024-10-24,13:15,October,Winter,Inverted-V,93,642.45,30.5,41.56,78.08,0.96,62.47,0.81,50.43,0.67
2024-10-24,13:30,October,Winter,Inverted-V,93,604.09,30.43,40.53,78.41,0.91,62.73,0.76,47.57,0.67
2024-10-24,13:45,October,Winter,Inverted-V,93,565.73,30.36,39.5,78.74,0.85,62.99,0.71,44.69,0.67
2024-10-24,14:00,October,Winter,Inverted-V,93,527.36,30.29,38.47,79.06,0.79,63.25,0.66,41.79,0.67
2024-10-24,14:15,October,Winter,Inverted-V,93,476.02,30.2,37.11,79.49,0.71,63.6,0.6,37.87,0.67
2024-10-24,14:30,October,Winter,Inverted-V,93,424.67,30.12,35.74,79.93,0.63,63.94,0.53,33.93,0.67
2024-10-24,14:45,October,Winter,Inverted-V,93,373.32,30.04,34.37,80.36,0.56,64.29,0.47,29.95,0.67
2024-10-24,15:00,October,Winter,Inverted-V,93,321.97,29.95,33.0,80.8,0.48,64.64,0.4,25.93,0.67
2024-10-24,15:15,October,Winter,Inverted-V,93,272.83,29.74,31.56,81.25,0.41,65.0,0.34,22.07,0.67
2024-10-24,15:30,October,Winter,Inverted-V,93,223.69,29.54,30.13,81.7,0.33,65.36,0.28,18.17,0.67
2024-10-24,15:45,October,Winter,Inverted-V,93,174.55,29.33,28.69,82.16,0.26,65.73,0.22,14.23,0.67
2024-10-24,16:00,October,Winter,Inverted-V,93,125.41,29.12,27.26,82.61,0.19,66.09,0.16,10.27,0.67
2024-10-24,16:15,October,Winter,Inverted-V,93,95.88,28.78,26.18,82.96,0.14,66.36,0.12,7.87,0.67
2024-10-24,16:30,October,Winter,Inverted-V,93,66.35,28.44,25.1,83.3,0.1,66.64,0.08,5.47,0.67
2024-10-24,16:45,October,Winter,Inverted-V,93,36.82,28.1,24.02,83.64,0.05,66.91,0.05,3.04,0.67
2024-10-24,17:00,October,Winter,Inverted-V,93,7.29,27.76,22.94,83.98,0.01,67.18,0.01,0.6,0.67
2024-10-24,17:15,October,Winter,Inverted-V,93,5.47,27.58,22.72,84.05,0.01,67.24,0.01,0.45,0.67
2024-10-25,05:15,October,Winter,Inverted-V,93,26.73,24.23,19.9,84.94,0.04,67.95,0.03,2.23,0.67
2024-10-25,05:30,October,Winter,Inverted-V,93,50.11,24.44,20.69,84.69,0.07,67.75,0.06,4.18,0.67
2024-10-25,05:45,October,Winter,Inverted-V,93,73.49,24.64,21.47,84.44,0.11,67.56,0.09,6.12,0.67
2024-10-25,06:00,October,Winter,Inverted-V,93,96.88,24.84,22.26,84.2,0.14,67.36,0.12,8.04,0.67
2024-10-25,06:15,October,Winter,Inverted-V,93,141.98,25.39,23.94,83.66,0.21,66.93,0.18,11.73,0.67
2024-10-25,06:30,October,Winter,Inverted-V,93,187.09,25.94,25.61,83.13,0.28,66.51,0.23,15.39,0.67
2024-10-25,06:45,October,Winter,Inverted-V,93,232.2,26.48,27.29,82.6,0.34,66.08,0.29,19.01,0.67
2024-10-25,07:00,October,Winter,Inverted-V,93,277.31,27.03,28.96,82.07,0.41,65.66,0.34,22.6,0.67
2024-10-25,07:15,October,Winter,Inverted-V,93,328.2,27.49,30.69,81.53,0.49,65.22,0.41,26.61,0.67
2024-10-25,07:30,October,Winter,Inverted-V,93,379.09,27.95,32.42,80.98,0.56,64.78,0.47,30.58,0.67
2024-10-25,07:45,October,Winter,Inverted-V,93,429.98,28.4,34.15,80.43,0.64,64.34,0.54,34.51,0.67
2024-10-25,08:00,October,Winter,Inverted-V,93,480.87,28.86,35.88,79.88,0.72,63.91,0.6,38.4,0.67
2024-10-25,08:15,October,Winter,Inverted-V,93,505.23,29.06,36.7,79.62,0.75,63.7,0.63,40.25,0.67
2024-10-25,08:30,October,Winter,Inverted-V,93,529.59,29.27,37.51,79.37,0.79,63.49,0.66,42.09,0.67
2024-10-25,08:45,October,Winter,Inverted-V,93,553.95,29.48,38.32,79.11,0.83,63.29,0.69,43.91,0.67
2024-10-25,09:00,October,Winter,Inverted-V,93,578.31,29.68,39.14,78.85,0.87,63.08,0.72,45.73,0.67
2024-10-25,09:15,October,Winter,Inverted-V,93,597.63,29.87,39.81,78.64,0.9,62.91,0.75,47.16,0.67
2024-10-25,09:30,October,Winter,Inverted-V,93,616.96,30.06,40.49,78.42,0.92,62.74,0.77,48.59,0.67
2024-10-25,09:45,October,Winter,Inverted-V,93,636.29,30.26,41.16,78.21,0.95,62.57,0.8,50.01,0.67
2024-10-25,10:00,October,Winter,Inverted-V,93,655.61,30.45,41.84,78.0,0.98,62.4,0.82,51.42,0.67
2024-10-25,10:15,October,Winter,Inverted-V,93,647.2,30.52,41.7,78.04,0.97,62.43,0.81,50.78,0.67
2024-10-25,10:30,October,Winter,Inverted-V,93,638.79,30.58,41.55,78.09,0.96,62.47,0.8,50.15,0.67
2024-10-25,10:45,October,Winter,Inverted-V,93,630.38,30.64,41.4,78.13,0.95,62.51,0.79,49.51,0.67
2024-10-25,11:00,October,Winter,Inverted-V,93,621.97,30.71,41.26,78.18,0.93,62.54,0.78,48.87,0.67
2024-10-25,11:15,October,Winter,Inverted-V,93,585.13,30.74,40.37,78.46,0.88,62.77,0.73,46.1,0.67
2024-10-25,11:30,October,Winter,Inverted-V,93,548.29,30.77,39.48,78.74,0.82,62.99,0.69,43.31,0.67
2024-10-25,11:45,October,Winter,Inverted-V,93,511.45,30.81,38.59,79.02,0.77,63.22,0.64,40.51,0.67
2024-10-25,12:00,October,Winter,Inverted-V,93,474.61,30.84,37.71,79.3,0.71,63.44,0.59,37.69,0.67
2024-10-25,12:15,October,Winter,Inverted-V,93,388.37,30.74,35.45,80.02,0.58,64.01,0.49,31.05,0.67
2024-10-25,12:30,October,Winter,Inverted-V,93,302.14,30.64,33.2,80.73,0.45,64.59,0.38,24.32,0.67
2024-10-25,12:45,October,Winter,Inverted-V,93,215.91,30.55,30.95,81.45,0.32,65.16,0.27,17.49,0.67
2024-10-25,13:00,October,Winter,Inverted-V,93,129.68,30.45,28.69,82.16,0.19,65.73,0.16,10.57,0.67
2024-10-25,13:15,October,Winter,Inverted-V,93,121.28,30.31,28.34,82.27,0.18,65.82,0.15,9.9,0.67
2024-10-25,13:30,October,Winter,Inverted-V,93,112.88,30.16,27.99,82.38,0.17,65.91,0.14,9.22,0.67
2024-10-25,13:45,October,Winter,Inverted-V,93,104.48,30.02,27.63,82.49,0.15,66.0,0.13,8.55,0.67
2024-10-25,14:00,October,Winter,Inverted-V,93,96.09,29.88,27.28,82.61,0.14,66.08,0.12,7.87,0.67
2024-10-25,14:15,October,Winter,Inverted-V,93,91.27,29.67,26.95,82.71,0.13,66.17,0.11,7.48,0.67
2024-10-25,14:30,October,Winter,Inverted-V,93,86.45,29.46,26.63,82.81,0.13,66.25,0.11,7.09,0.67
2024-10-25,14:45,October,Winter,Inverted-V,93,81.63,29.26,26.3,82.92,0.12,66.33,0.1,6.7,0.67
2024-10-25,15:00,October,Winter,Inverted-V,93,76.81,29.05,25.97,83.02,0.11,66.42,0.1,6.31,0.67
2024-10-25,15:15,October,Winter,Inverted-V,93,66.34,28.83,25.49,83.17,0.1,66.54,0.08,5.46,0.67
2024-10-25,15:30,October,Winter,Inverted-V,93,55.86,28.62,25.01,83.32,0.08,66.66,0.07,4.6,0.67
2024-10-25,15:45,October,Winter,Inverted-V,93,45.39,28.4,24.53,83.48,0.07,66.78,0.06,3.75,0.67
2024-10-25,16:00,October,Winter,Inverted-V,93,34.92,28.18,24.05,83.63,0.05,66.9,0.04,2.88,0.67
2024-10-25,16:15,October,Winter,Inverted-V,93,27.08,27.93,23.61,83.77,0.04,67.02,0.03,2.24,0.67
2024-10-25,16:30,October,Winter,Inverted-V,93,19.24,27.68,23.16,83.91,0.03,67.13,0.02,1.59,0.67
2024-10-25,16:45,October,Winter,Inverted-V,93,11.4,27.43,22.72,84.05,0.02,67.24,0.01,0.95,0.67
2024-10-26,05:15,October,Winter,Inverted-V,93,33.57,23.68,19.52,85.06,0.05,68.05,0.04,2.81,0.67
2024-10-26,05:30,October,Winter,Inverted-V,93,63.48,23.87,20.46,84.77,0.09,67.81,0.08,5.3,0.67
2024-10-26,05:45,October,Winter,Inverted-V,93,93.4,24.06,21.39,84.47,0.14,67.58,0.12,7.77,0.67
2024-10-26,06:00,October,Winter,Inverted-V,93,123.31,24.25,22.33,84.17,0.18,67.34,0.15,10.24,0.67
2024-10-26,06:15,October,Winter,Inverted-V,93,181.3,24.63,24.17,83.59,0.27,66.87,0.22,14.98,0.67
2024-10-26,06:30,October,Winter,Inverted-V,93,239.29,25.02,26.0,83.01,0.35,66.41,0.3,19.66,0.67
2024-10-26,06:45,October,Winter,Inverted-V,93,297.28,25.4,27.83,82.43,0.44,65.95,0.37,24.3,0.67
2024-10-26,07:00,October,Winter,Inverted-V,93,355.27,25.78,29.66,81.85,0.53,65.48,0.44,28.89,0.67
2024-10-26,07:15,October,Winter,Inverted-V,93,417.79,26.38,31.82,81.17,0.62,64.93,0.52,33.76,0.67
2024-10-26,07:30,October,Winter,Inverted-V,93,480.32,26.98,33.99,80.48,0.72,64.39,0.6,38.57,0.67
2024-10-26,07:45,October,Winter,Inverted-V,93,542.85,27.58,36.15,79.8,0.81,63.84,0.68,43.32,0.67
2024-10-26,08:00,October,Winter,Inverted-V,93,605.37,28.18,38.31,79.11,0.91,63.29,0.76,47.99,0.67
2024-10-26,08:15,October,Winter,Inverted-V,93,646.67,28.63,39.79,78.64,0.97,62.91,0.81,51.04,0.67
2024-10-26,08:30,October,Winter,Inverted-V,93,687.98,29.07,41.27,78.17,1.03,62.54,0.86,54.05,0.67
2024-10-26,08:45,October,Winter,Inverted-V,93,729.28,29.52,42.75,77.71,1.1,62.16,0.92,57.04,0.67
2024-10-26,09:00,October,Winter,Inverted-V,93,770.58,29.97,44.23,77.24,1.16,61.79,0.97,59.99,0.67
2024-10-26,09:15,October,Winter,Inverted-V,93,785.27,30.27,44.9,77.03,1.18,61.62,0.99,61.01,0.67
2024-10-26,09:30,October,Winter,Inverted-V,93,799.97,30.56,45.56,76.82,1.21,61.45,1.01,62.02,0.67
2024-10-26,09:45,October,Winter,Inverted-V,93,814.66,30.86,46.23,76.61,1.23,61.28,1.03,63.03,0.67
2024-10-26,10:00,October,Winter,Inverted-V,93,829.35,31.16,46.89,76.4,1.25,61.12,1.05,64.03,0.67
2024-10-26,10:15,October,Winter,Inverted-V,93,783.3,31.33,45.91,76.71,1.18,61.37,0.99,60.66,0.67
2024-10-26,10:30,October,Winter,Inverted-V,93,737.25,31.49,44.93,77.02,1.11,61.61,0.93,57.27,0.67
2024-10-26,10:45,October,Winter,Inverted-V,93,691.19,31.66,43.94,77.33,1.04,61.86,0.87,53.86,0.67
2024-10-26,11:00,October,Winter,Inverted-V,93,645.14,31.83,42.96,77.64,0.97,62.11,0.81,50.42,0.67
2024-10-26,11:15,October,Winter,Inverted-V,93,667.52,31.88,43.57,77.45,1.0,61.96,0.84,52.07,0.67
2024-10-26,11:30,October,Winter,Inverted-V,93,689.9,31.93,44.18,77.25,1.04,61.8,0.87,53.72,0.67
2024-10-26,11:45,October,Winter,Inverted-V,93,712.29,31.99,44.79,77.06,1.07,61.65,0.9,55.36,0.67
2024-10-26,12:00,October,Winter,Inverted-V,93,734.67,32.04,45.41,76.87,1.11,61.49,0.93,56.99,0.67
2024-10-26,12:15,October,Winter,Inverted-V,93,671.97,32.02,43.82,77.37,1.01,61.9,0.85,52.38,0.67
2024-10-26,12:30,October,Winter,Inverted-V,93,609.27,32.0,42.23,77.87,0.91,62.3,0.77,47.73,0.67
2024-10-26,12:45,October,Winter,Inverted-V,93,546.56,31.98,40.64,78.37,0.82,62.7,0.69,43.02,0.67
2024-10-26,13:00,October,Winter,Inverted-V,93,483.86,31.96,39.06,78.88,0.72,63.1,0.61,38.27,0.67
2024-10-26,13:15,October,Winter,Inverted-V,93,463.9,31.92,38.52,79.05,0.69,63.24,0.58,36.75,0.67
2024-10-26,13:30,October,Winter,Inverted-V,93,443.94,31.88,37.97,79.22,0.66,63.38,0.56,35.23,0.67
2024-10-26,13:45,October,Winter,Inverted-V,93,423.99,31.83,37.43,79.39,0.63,63.51,0.53,33.7,0.67
2024-10-26,14:00,October,Winter,Inverted-V,93,404.03,31.79,36.89,79.56,0.6,63.65,0.51,32.17,0.67
2024-10-26,14:15,October,Winter,Inverted-V,93,365.39,31.65,35.78,79.91,0.55,63.93,0.46,29.19,0.67
2024-10-26,14:30,October,Winter,Inverted-V,93,326.74,31.51,34.68,80.26,0.49,64.21,0.41,26.19,0.67
2024-10-26,14:45,October,Winter,Inverted-V,93,288.1,31.37,33.57,80.61,0.43,64.49,0.36,23.16,0.67
2024-10-26,15:00,October,Winter,Inverted-V,93,249.46,31.23,32.47,80.96,0.37,64.77,0.31,20.12,0.67
2024-10-26,15:15,October,Winter,Inverted-V,93,211.75,30.99,31.28,81.34,0.31,65.07,0.26,17.14,0.67
2024-10-26,15:30,October,Winter,Inverted-V,93,174.04,30.75,30.1,81.71,0.26,65.37,0.22,14.14,0.67
2024-10-26,15:45,October,Winter,Inverted-V,93,136.33,30.51,28.92,82.09,0.2,65.67,0.17,11.11,0.67
2024-10-26,16:00,October,Winter,Inverted-V,93,98.63,30.27,27.74,82.46,0.15,65.97,0.12,8.06,0.67
2024-10-26,16:15,October,Winter,Inverted-V,93,75.37,29.83,26.71,82.79,0.11,66.23,0.09,6.18,0.67
2024-10-26,16:30,October,Winter,Inverted-V,93,52.11,29.39,25.69,83.11,0.08,66.49,0.06,4.29,0.67
2024-10-26,16:45,October,Winter,Inverted-V,93,28.85,28.95,24.67,83.43,0.04,66.75,0.04,2.38,0.67
2024-10-26,17:00,October,Winter,Inverted-V,93,5.59,28.51,23.65,83.76,0.01,67.0,0.01,0.46,0.67
2024-10-27,05:15,October,Winter,Inverted-V,93,29.24,24.15,19.88,84.95,0.04,67.96,0.04,2.44,0.67
2024-10-27,05:30,October,Winter,Inverted-V,93,55.53,24.3,20.69,84.69,0.08,67.75,0.07,4.63,0.67
2024-10-27,05:45,October,Winter,Inverted-V,93,81.83,24.45,21.5,84.44,0.12,67.55,0.1,6.81,0.67
2024-10-27,06:00,October,Winter,Inverted-V,93,108.13,24.6,22.3,84.18,0.16,67.35,0.13,8.98,0.67
2024-10-27,06:15,October,Winter,Inverted-V,93,162.22,24.86,23.91,83.67,0.24,66.94,0.2,13.41,0.67
2024-10-27,06:30,October,Winter,Inverted-V,93,216.31,25.12,25.52,83.16,0.32,66.53,0.27,17.8,0.67
2024-10-27,06:45,October,Winter,Inverted-V,93,270.4,25.37,27.13,82.65,0.4,66.12,0.33,22.15,0.67
2024-10-27,07:00,October,Winter,Inverted-V,93,324.49,25.63,28.74,82.14,0.48,65.71,0.4,26.46,0.67
2024-10-27,07:15,October,Winter,Inverted-V,93,388.11,26.04,30.74,81.51,0.58,65.21,0.48,31.46,0.67
2024-10-27,07:30,October,Winter,Inverted-V,93,451.74,26.44,32.73,80.88,0.67,64.7,0.56,36.41,0.67
2024-10-27,07:45,October,Winter,Inverted-V,93,515.36,26.84,34.73,80.25,0.77,64.2,0.64,41.3,0.67
2024-10-27,08:00,October,Winter,Inverted-V,93,578.99,27.25,36.72,79.62,0.86,63.69,0.72,46.12,0.67
2024-10-27,08:15,October,Winter,Inverted-V,93,632.37,27.65,38.46,79.07,0.95,63.25,0.79,50.11,0.67
2024-10-27,08:30,October,Winter,Inverted-V,93,685.75,28.05,40.2,78.52,1.03,62.81,0.86,54.05,0.67
2024-10-27,08:45,October,Winter,Inverted-V,93,739.12,28.46,41.94,77.97,1.11,62.37,0.93,57.95,0.67
2024-10-27,09:00,October,Winter,Inverted-V,93,792.5,28.86,43.67,77.42,1.19,61.93,1.0,61.81,0.67
2024-10-27,09:15,October,Winter,Inverted-V,93,792.23,29.05,43.86,77.36,1.19,61.88,1.0,61.75,0.67
2024-10-27,09:30,October,Winter,Inverted-V,93,791.96,29.25,44.05,77.3,1.19,61.84,1.0,61.69,0.67
2024-10-27,09:45,October,Winter,Inverted-V,93,791.69,29.45,44.24,77.24,1.19,61.79,1.0,61.63,0.67
2024-10-27,10:00,October,Winter,Inverted-V,93,791.42,29.64,44.43,77.18,1.19,61.74,1.0,61.58,0.67
2024-10-27,10:15,October,Winter,Inverted-V,93,798.87,29.73,44.7,77.09,1.2,61.67,1.01,62.1,0.67
2024-10-27,10:30,October,Winter,Inverted-V,93,806.32,29.81,44.97,77.01,1.21,61.6,1.02,62.63,0.67
2024-10-27,10:45,October,Winter,Inverted-V,93,813.76,29.89,45.24,76.92,1.23,61.54,1.03,63.15,0.67
2024-10-27,11:00,October,Winter,Inverted-V,93,821.21,29.98,45.51,76.83,1.24,61.47,1.04,63.68,0.67
2024-10-27,11:15,October,Winter,Inverted-V,93,782.71,30.01,44.58,77.13,1.18,61.7,0.99,60.87,0.67
2024-10-27,11:30,October,Winter,Inverted-V,93,744.21,30.04,43.64,77.43,1.12,61.94,0.94,58.04,0.67
2024-10-27,11:45,October,Winter,Inverted-V,93,705.7,30.06,42.71,77.72,1.06,62.18,0.89,55.2,0.67
2024-10-27,12:00,October,Winter,Inverted-V,93,667.2,30.09,41.77,78.02,1.0,62.41,0.84,52.34,0.67
2024-10-27,12:15,October,Winter,Inverted-V,93,630.54,30.09,40.85,78.31,0.95,62.65,0.79,49.6,0.67
2024-10-27,12:30,October,Winter,Inverted-V,93,593.88,30.08,39.93,78.6,0.89,62.88,0.75,46.85,0.67
2024-10-27,12:45,October,Winter,Inverted-V,93,557.22,30.07,39.01,78.89,0.83,63.11,0.7,44.08,0.67
2024-10-27,13:00,October,Winter,Inverted-V,93,520.56,30.07,38.08,79.18,0.78,63.35,0.65,41.3,0.67
2024-10-27,13:15,October,Winter,Inverted-V,93,488.23,29.99,37.19,79.47,0.73,63.57,0.61,38.84,0.67
2024-10-27,13:30,October,Winter,Inverted-V,93,455.9,29.91,36.3,79.75,0.68,63.8,0.57,36.36,0.67
2024-10-27,13:45,October,Winter,Inverted-V,93,423.56,29.82,35.41,80.03,0.63,64.02,0.53,33.87,0.67
2024-10-27,14:00,October,Winter,Inverted-V,93,391.23,29.74,34.52,80.31,0.58,64.25,0.49,31.37,0.67
2024-10-27,14:15,October,Winter,Inverted-V,93,353.37,29.6,33.43,80.66,0.53,64.53,0.44,28.42,0.67
2024-10-27,14:30,October,Winter,Inverted-V,93,315.51,29.46,32.35,81.0,0.47,64.8,0.39,25.46,0.67
2024-10-27,14:45,October,Winter,Inverted-V,93,277.64,29.32,31.26,81.35,0.41,65.08,0.35,22.47,0.67
2024-10-27,15:00,October,Winter,Inverted-V,93,239.78,29.18,30.17,81.69,0.36,65.35,0.3,19.47,0.67
2024-10-27,15:15,October,Winter,Inverted-V,93,205.2,28.96,29.09,82.03,0.3,65.63,0.25,16.71,0.67
2024-10-27,15:30,October,Winter,Inverted-V,93,170.61,28.73,28.0,82.38,0.25,65.9,0.21,13.94,0.67
2024-10-27,15:45,October,Winter,Inverted-V,93,136.03,28.51,26.91,82.72,0.2,66.18,0.17,11.15,0.67
2024-10-27,16:00,October,Winter,Inverted-V,93,101.44,28.29,25.83,83.07,0.15,66.45,0.13,8.34,0.67
2024-10-27,16:15,October,Winter,Inverted-V,93,77.69,27.95,24.89,83.36,0.11,66.69,0.1,6.4,0.67
2024-10-27,16:30,October,Winter,Inverted-V,93,53.94,27.62,23.96,83.66,0.08,66.92,0.07,4.46,0.67
2024-10-27,16:45,October,Winter,Inverted-V,93,30.18,27.28,23.03,83.95,0.04,67.16,0.04,2.5,0.67
2024-10-27,17:00,October,Winter,Inverted-V,93,6.43,26.94,22.1,84.25,0.01,67.4,0.01,0.53,0.67
2024-10-28,05:15,October,Winter,Inverted-V,93,31.5,23.55,19.34,85.12,0.05,68.1,0.04,2.64,0.67
2024-10-28,05:30,October,Winter,Inverted-V,93,59.64,23.81,20.3,84.82,0.09,67.85,0.07,4.98,0.67
2024-10-28,05:45,October,Winter,Inverted-V,93,87.79,24.07,21.26,84.51,0.13,67.61,0.11,7.31,0.67
2024-10-28,06:00,October,Winter,Inverted-V,93,115.94,24.32,22.22,84.21,0.17,67.37,0.14,9.63,0.67
2024-10-28,06:15,October,Winter,Inverted-V,93,171.51,24.71,24.0,83.65,0.25,66.92,0.21,14.17,0.67
2024-10-28,06:30,October,Winter,Inverted-V,93,227.08,25.1,25.78,83.08,0.34,66.47,0.28,18.67,0.67
2024-10-28,06:45,October,Winter,Inverted-V,93,282.65,25.49,27.56,82.52,0.42,66.01,0.35,23.12,0.67
2024-10-28,07:00,October,Winter,Inverted-V,93,338.22,25.88,29.34,81.96,0.5,65.56,0.42,27.53,0.67
2024-10-28,07:15,October,Winter,Inverted-V,93,398.18,26.48,31.44,81.29,0.59,65.03,0.5,32.22,0.67
2024-10-28,07:30,October,Winter,Inverted-V,93,458.13,27.09,33.54,80.62,0.68,64.5,0.57,36.84,0.67
2024-10-28,07:45,October,Winter,Inverted-V,93,518.08,27.69,35.64,79.96,0.77,63.97,0.65,41.4,0.67
2024-10-28,08:00,October,Winter,Inverted-V,93,578.04,28.29,37.74,79.29,0.86,63.43,0.72,45.9,0.67
2024-10-28,08:15,October,Winter,Inverted-V,93,623.28,28.77,39.35,78.78,0.93,63.03,0.78,49.26,0.67
2024-10-28,08:30,October,Winter,Inverted-V,93,668.52,29.25,40.96,78.27,1.0,62.62,0.84,52.57,0.67
2024-10-28,08:45,October,Winter,Inverted-V,93,713.76,29.73,42.57,77.76,1.07,62.21,0.9,55.85,0.67
2024-10-28,09:00,October,Winter,Inverted-V,93,759.0,30.21,44.19,77.25,1.14,61.8,0.96,59.1,0.67
2024-10-28,09:15,October,Winter,Inverted-V,93,764.78,30.51,44.62,77.11,1.15,61.69,0.96,59.47,0.67
2024-10-28,09:30,October,Winter,Inverted-V,93,770.55,30.8,45.06,76.97,1.16,61.58,0.97,59.83,0.67
2024-10-28,09:45,October,Winter,Inverted-V,93,776.33,31.09,45.5,76.84,1.17,61.47,0.98,60.2,0.67
2024-10-28,10:00,October,Winter,Inverted-V,93,782.1,31.39,45.94,76.7,1.18,61.36,0.99,60.56,0.67
2024-10-28,10:15,October,Winter,Inverted-V,93,773.78,31.57,45.91,76.71,1.17,61.36,0.98,59.92,0.67
2024-10-28,10:30,October,Winter,Inverted-V,93,765.46,31.75,45.89,76.71,1.15,61.37,0.97,59.28,0.67
2024-10-28,10:45,October,Winter,Inverted-V,93,757.14,31.93,45.86,76.72,1.14,61.38,0.96,58.64,0.67
2024-10-28,11:00,October,Winter,Inverted-V,93,748.82,32.11,45.83,76.73,1.13,61.39,0.94,58.01,0.67
2024-10-28,11:15,October,Winter,Inverted-V,93,737.33,32.19,45.62,76.8,1.11,61.44,0.93,57.15,0.67
2024-10-28,11:30,October,Winter,Inverted-V,93,725.84,32.26,45.41,76.87,1.09,61.49,0.92,56.3,0.67
2024-10-28,11:45,October,Winter,Inverted-V,93,714.35,32.33,45.19,76.93,1.08,61.55,0.9,55.45,0.67
2024-10-28,12:00,October,Winter,Inverted-V,93,702.86,32.41,44.98,77.0,1.06,61.6,0.89,54.59,0.67
2024-10-28,12:15,October,Winter,Inverted-V,93,695.84,32.4,44.8,77.06,1.05,61.65,0.88,54.08,0.67
2024-10-28,12:30,October,Winter,Inverted-V,93,688.81,32.39,44.61,77.12,1.04,61.69,0.87,53.56,0.67
2024-10-28,12:45,October,Winter,Inverted-V,93,681.79,32.38,44.42,77.18,1.03,61.74,0.86,53.05,0.67
2024-10-28,13:00,October,Winter,Inverted-V,93,674.76,32.37,44.24,77.24,1.02,61.79,0.85,52.53,0.67
2024-10-28,13:15,October,Winter,Inverted-V,93,655.15,32.3,43.68,77.41,0.99,61.93,0.82,51.09,0.67
2024-10-28,13:30,October,Winter,Inverted-V,93,635.54,32.22,43.11,77.59,0.96,62.07,0.8,49.65,0.67
2024-10-28,13:45,October,Winter,Inverted-V,93,615.93,32.15,42.55,77.77,0.93,62.22,0.77,48.2,0.67
2024-10-28,14:00,October,Winter,Inverted-V,93,596.32,32.08,41.99,77.95,0.9,62.36,0.75,46.75,0.67
2024-10-28,14:15,October,Winter,Inverted-V,93,533.15,31.93,40.26,78.49,0.8,62.8,0.67,42.02,0.67
2024-10-28,14:30,October,Winter,Inverted-V,93,469.97,31.79,38.54,79.04,0.7,63.23,0.59,37.23,0.67
2024-10-28,14:45,October,Winter,Inverted-V,93,406.8,31.64,36.81,79.59,0.61,63.67,0.51,32.4,0.67
2024-10-28,15:00,October,Winter,Inverted-V,93,343.62,31.5,35.09,80.13,0.51,64.11,0.43,27.51,0.67
2024-10-28,15:15,October,Winter,Inverted-V,93,291.14,31.23,33.51,80.63,0.43,64.51,0.36,23.41,0.67
2024-10-28,15:30,October,Winter,Inverted-V,93,238.65,30.96,31.93,81.13,0.35,64.91,0.3,19.28,0.67
2024-10-28,15:45,October,Winter,Inverted-V,93,186.17,30.7,30.35,81.63,0.28,65.31,0.23,15.11,0.67
2024-10-28,16:00,October,Winter,Inverted-V,93,133.68,30.43,28.77,82.13,0.2,65.71,0.17,10.9,0.67
2024-10-28,16:15,October,Winter,Inverted-V,93,101.88,29.96,27.5,82.53,0.15,66.03,0.13,8.34,0.67
2024-10-28,16:30,October,Winter,Inverted-V,93,70.08,29.48,26.24,82.94,0.1,66.35,0.09,5.75,0.67
2024-10-28,16:45,October,Winter,Inverted-V,93,38.28,29.01,24.97,83.34,0.06,66.67,0.05,3.15,0.67
2024-10-28,17:00,October,Winter,Inverted-V,93,6.48,28.54,23.7,83.74,0.01,66.99,0.01,0.54,0.67
2024-10-29,05:15,October,Winter,Inverted-V,93,24.77,24.38,20.0,84.91,0.04,67.93,0.03,2.07,0.67
2024-10-29,05:30,October,Winter,Inverted-V,93,46.73,24.54,20.7,84.69,0.07,67.75,0.06,3.9,0.67
2024-10-29,05:45,October,Winter,Inverted-V,93,68.69,24.69,21.41,84.46,0.1,67.57,0.08,5.72,0.67
2024-10-29,06:00,October,Winter,Inverted-V,93,90.64,24.85,22.12,84.24,0.13,67.39,0.11,7.53,0.67
2024-10-29,06:15,October,Winter,Inverted-V,93,136.92,25.13,23.55,83.79,0.2,67.03,0.17,11.33,0.67
2024-10-29,06:30,October,Winter,Inverted-V,93,183.2,25.41,24.99,83.33,0.27,66.66,0.23,15.1,0.67
2024-10-29,06:45,October,Winter,Inverted-V,93,229.47,25.69,26.43,82.88,0.34,66.3,0.28,18.83,0.67
2024-10-29,07:00,October,Winter,Inverted-V,93,275.75,25.97,27.86,82.42,0.41,65.94,0.34,22.54,0.67
2024-10-29,07:15,October,Winter,Inverted-V,93,326.9,26.48,29.66,81.85,0.48,65.48,0.41,26.58,0.67
2024-10-29,07:30,October,Winter,Inverted-V,93,378.05,27.0,31.45,81.29,0.56,65.03,0.47,30.59,0.67
2024-10-29,07:45,October,Winter,Inverted-V,93,429.2,27.52,33.25,80.72,0.64,64.57,0.53,34.54,0.67
2024-10-29,08:00,October,Winter,Inverted-V,93,480.35,28.03,35.04,80.15,0.72,64.12,0.6,38.46,0.67
2024-10-29,08:15,October,Winter,Inverted-V,93,495.41,28.59,35.97,79.85,0.74,63.88,0.62,39.55,0.67
2024-10-29,08:30,October,Winter,Inverted-V,93,510.47,29.14,36.9,79.56,0.76,63.65,0.64,40.64,0.67
2024-10-29,08:45,October,Winter,Inverted-V,93,525.53,29.7,37.83,79.26,0.79,63.41,0.66,41.72,0.67
2024-10-29,09:00,October,Winter,Inverted-V,93,540.59,30.25,38.76,78.97,0.81,63.18,0.68,42.8,0.67
2024-10-29,09:15,October,Winter,Inverted-V,93,581.96,30.57,40.12,78.54,0.87,62.83,0.73,45.88,0.67
2024-10-29,09:30,October,Winter,Inverted-V,93,623.32,30.9,41.48,78.11,0.94,62.49,0.78,48.94,0.67
2024-10-29,09:45,October,Winter,Inverted-V,93,664.69,31.23,42.84,77.68,1.0,62.14,0.84,51.97,0.67
2024-10-29,10:00,October,Winter,Inverted-V,93,706.05,31.55,44.2,77.25,1.06,61.8,0.89,54.97,0.67
2024-10-29,10:15,October,Winter,Inverted-V,93,722.67,31.71,44.78,77.06,1.09,61.65,0.91,56.16,0.67
2024-10-29,10:30,October,Winter,Inverted-V,93,739.29,31.88,45.36,76.88,1.11,61.5,0.93,57.35,0.67
2024-10-29,10:45,October,Winter,Inverted-V,93,755.91,32.05,45.94,76.7,1.14,61.36,0.95,58.53,0.67
2024-10-29,11:00,October,Winter,Inverted-V,93,772.52,32.21,46.52,76.51,1.16,61.21,0.98,59.71,0.67
2024-10-29,11:15,October,Winter,Inverted-V,93,765.8,32.28,46.43,76.54,1.15,61.23,0.97,59.21,0.67
2024-10-29,11:30,October,Winter,Inverted-V,93,759.07,32.36,46.33,76.57,1.14,61.26,0.96,58.71,0.67
2024-10-29,11:45,October,Winter,Inverted-V,93,752.34,32.43,46.24,76.6,1.13,61.28,0.95,58.2,0.67
2024-10-29,12:00,October,Winter,Inverted-V,93,745.61,32.5,46.14,76.63,1.12,61.31,0.94,57.7,0.67
2024-10-29,12:15,October,Winter,Inverted-V,93,724.57,32.53,45.64,76.79,1.09,61.43,0.91,56.16,0.67
2024-10-29,12:30,October,Winter,Inverted-V,93,703.54,32.56,45.15,76.95,1.06,61.56,0.89,54.61,0.67
2024-10-29,12:45,October,Winter,Inverted-V,93,682.5,32.59,44.65,77.11,1.03,61.68,0.86,53.06,0.67
2024-10-29,13:00,October,Winter,Inverted-V,93,661.47,32.62,44.16,77.26,1.0,61.81,0.83,51.51,0.67
2024-10-29,13:15,October,Winter,Inverted-V,93,642.72,32.61,43.68,77.41,0.97,61.93,0.81,50.12,0.67
2024-10-29,13:30,October,Winter,Inverted-V,93,623.98,32.61,43.2,77.56,0.94,62.05,0.79,48.73,0.67
2024-10-29,13:45,October,Winter,Inverted-V,93,605.24,32.6,42.73,77.71,0.91,62.17,0.76,47.34,0.67
2024-10-29,14:00,October,Winter,Inverted-V,93,586.49,32.59,42.25,77.87,0.88,62.29,0.74,45.94,0.67
2024-10-29,14:15,October,Winter,Inverted-V,93,533.24,32.48,40.82,78.32,0.8,62.66,0.67,41.95,0.67
2024-10-29,14:30,October,Winter,Inverted-V,93,479.98,32.38,39.38,78.77,0.72,63.02,0.6,37.93,0.67
2024-10-29,14:45,October,Winter,Inverted-V,93,426.72,32.28,37.94,79.23,0.64,63.38,0.53,33.87,0.67
2024-10-29,15:00,October,Winter,Inverted-V,93,373.46,32.17,36.51,79.68,0.56,63.75,0.47,29.77,0.67
2024-10-29,15:15,October,Winter,Inverted-V,93,315.77,32.04,34.93,80.18,0.47,64.15,0.39,25.29,0.67
2024-10-29,15:30,October,Winter,Inverted-V,93,258.08,31.9,33.35,80.68,0.38,64.55,0.32,20.76,0.67
2024-10-29,15:45,October,Winter,Inverted-V,93,200.38,31.77,31.77,81.18,0.3,64.95,0.25,16.2,0.67
2024-10-29,16:00,October,Winter,Inverted-V,93,142.69,31.63,30.2,81.68,0.21,65.35,0.18,11.59,0.67
2024-10-29,16:15,October,Winter,Inverted-V,93,108.75,31.14,28.86,82.1,0.16,65.68,0.13,8.86,0.67
2024-10-29,16:30,October,Winter,Inverted-V,93,74.8,30.66,27.53,82.53,0.11,66.02,0.09,6.12,0.67
2024-10-29,16:45,October,Winter,Inverted-V,93,40.86,30.18,26.2,82.95,0.06,66.36,0.05,3.36,0.67
2024-10-29,17:00,October,Winter,Inverted-V,93,6.91,29.69,24.86,83.37,0.01,66.7,0.01,0.57,0.67
2024-10-30,05:15,October,Winter,Inverted-V,93,31.93,24.61,20.41,84.78,0.05,67.83,0.04,2.66,0.67
2024-10-30,05:30,October,Winter,Inverted-V,93,63.86,24.77,21.37,84.48,0.09,67.58,0.08,5.32,0.67
2024-10-30,05:45,October,Winter,Inverted-V,93,95.78,24.93,22.32,84.18,0.14,67.34,0.12,7.95,0.67
2024-10-30,06:00,October,Winter,Inverted-V,93,127.71,25.09,23.28,83.87,0.19,67.1,0.16,10.57,0.67
2024-10-30,06:15,October,Winter,Inverted-V,93,183.45,25.42,25.01,83.33,0.27,66.66,0.23,15.12,0.67
2024-10-30,06:30,October,Winter,Inverted-V,93,239.19,25.75,26.73,82.78,0.35,66.22,0.3,19.61,0.67
2024-10-30,06:45,October,Winter,Inverted-V,93,294.93,26.08,28.45,82.23,0.44,65.79,0.37,24.07,0.67
2024-10-30,07:00,October,Winter,Inverted-V,93,350.68,26.41,30.18,81.69,0.52,65.35,0.44,28.48,0.67
2024-10-30,07:15,October,Winter,Inverted-V,93,411.82,26.95,32.24,81.03,0.61,64.83,0.51,33.24,0.67
2024-10-30,07:30,October,Winter,Inverted-V,93,472.97,27.48,34.31,80.38,0.7,64.3,0.59,37.95,0.67
2024-10-30,07:45,October,Winter,Inverted-V,93,534.12,28.02,36.38,79.73,0.8,63.78,0.67,42.59,0.67
2024-10-30,08:00,October,Winter,Inverted-V,93,595.26,28.56,38.44,79.07,0.89,63.26,0.75,47.17,0.67
2024-10-30,08:15,October,Winter,Inverted-V,93,642.39,29.01,40.07,78.56,0.96,62.84,0.81,50.66,0.67
2024-10-30,08:30,October,Winter,Inverted-V,93,689.52,29.46,41.7,78.04,1.03,62.43,0.87,54.1,0.67
2024-10-30,08:45,October,Winter,Inverted-V,93,736.65,29.92,43.33,77.52,1.11,62.02,0.93,57.51,0.67
2024-10-30,09:00,October,Winter,Inverted-V,93,783.78,30.37,44.96,77.01,1.18,61.61,0.99,60.88,0.67
2024-10-30,09:15,October,Winter,Inverted-V,93,812.58,30.63,45.95,76.7,1.22,61.36,1.03,62.92,0.67
2024-10-30,09:30,October,Winter,Inverted-V,93,841.37,30.9,46.93,76.38,1.27,61.11,1.06,64.95,0.67
2024-10-30,09:45,October,Winter,Inverted-V,93,870.17,31.16,47.91,76.07,1.31,60.86,1.1,66.96,0.67
2024-10-30,10:00,October,Winter,Inverted-V,93,898.97,31.42,48.89,75.76,1.36,60.61,1.14,68.96,0.67
2024-10-30,10:15,October,Winter,Inverted-V,93,906.61,31.54,49.21,75.66,1.37,60.53,1.15,69.48,0.67
2024-10-30,10:30,October,Winter,Inverted-V,93,914.25,31.66,49.52,75.57,1.38,60.45,1.16,69.99,0.67
2024-10-30,10:45,October,Winter,Inverted-V,93,921.89,31.78,49.83,75.47,1.39,60.37,1.17,70.51,0.67
2024-10-30,11:00,October,Winter,Inverted-V,93,929.52,31.9,50.14,75.37,1.41,60.29,1.18,71.02,0.67
2024-10-30,11:15,October,Winter,Inverted-V,93,905.04,31.95,49.58,75.55,1.37,60.44,1.15,69.28,0.67
2024-10-30,11:30,October,Winter,Inverted-V,93,880.56,32.0,49.01,75.72,1.33,60.58,1.11,67.52,0.67
2024-10-30,11:45,October,Winter,Inverted-V,93,856.08,32.05,48.45,75.9,1.29,60.72,1.08,65.77,0.67
2024-10-30,12:00,October,Winter,Inverted-V,93,831.6,32.1,47.89,76.08,1.26,60.86,1.05,64.0,0.67
2024-10-30,12:15,October,Winter,Inverted-V,93,791.49,32.09,46.88,76.4,1.19,61.12,1.0,61.11,0.67
2024-10-30,12:30,October,Winter,Inverted-V,93,751.38,32.08,45.86,76.72,1.13,61.38,0.95,58.2,0.67
2024-10-30,12:45,October,Winter,Inverted-V,93,711.27,32.07,44.85,77.04,1.07,61.63,0.9,55.27,0.67
2024-10-30,13:00,October,Winter,Inverted-V,93,671.17,32.06,43.84,77.36,1.01,61.89,0.85,52.32,0.67
2024-10-30,13:15,October,Winter,Inverted-V,93,622.98,32.01,42.58,77.76,0.94,62.21,0.78,48.75,0.67
2024-10-30,13:30,October,Winter,Inverted-V,93,574.79,31.96,41.33,78.16,0.86,62.53,0.72,45.15,0.67
2024-10-30,13:45,October,Winter,Inverted-V,93,526.61,31.91,40.08,78.55,0.79,62.84,0.66,41.53,0.67
2024-10-30,14:00,October,Winter,Inverted-V,93,478.42,31.86,38.82,78.95,0.72,63.16,0.6,37.87,0.67
2024-10-30,14:15,October,Winter,Inverted-V,93,431.51,31.77,37.55,79.35,0.64,63.48,0.54,34.29,0.67
2024-10-30,14:30,October,Winter,Inverted-V,93,384.6,31.67,36.29,79.75,0.57,63.8,0.48,30.68,0.67
2024-10-30,14:45,October,Winter,Inverted-V,93,337.7,31.57,35.02,80.16,0.5,64.12,0.42,27.04,0.67
2024-10-30,15:00,October,Winter,Inverted-V,93,290.79,31.48,33.75,80.56,0.43,64.45,0.36,23.37,0.67
2024-10-30,15:15,October,Winter,Inverted-V,93,244.47,31.29,32.4,80.99,0.36,64.79,0.3,19.72,0.67
2024-10-30,15:30,October,Winter,Inverted-V,93,198.14,31.09,31.05,81.41,0.29,65.13,0.25,16.05,0.67
2024-10-30,15:45,October,Winter,Inverted-V,93,151.82,30.9,29.7,81.84,0.23,65.47,0.19,12.34,0.67
2024-10-30,16:00,October,Winter,Inverted-V,93,105.49,30.71,28.35,82.27,0.16,65.81,0.13,8.61,0.67
2024-10-30,16:15,October,Winter,Inverted-V,93,80.46,30.3,27.31,82.6,0.12,66.08,0.1,6.59,0.67
2024-10-30,16:30,October,Winter,Inverted-V,93,55.43,29.88,26.27,82.93,0.08,66.34,0.07,4.55,0.67
2024-10-30,16:45,October,Winter,Inverted-V,93,30.4,29.47,25.23,83.25,0.04,66.6,0.04,2.5,0.67
2024-10-31,05:15,October,Winter,Inverted-V,93,23.23,24.69,20.27,84.82,0.03,67.86,0.03,1.94,0.67
2024-10-31,05:30,October,Winter,Inverted-V,93,46.47,24.84,21.0,84.6,0.07,67.68,0.06,3.87,0.67
2024-10-31,05:45,October,Winter,Inverted-V,93,69.7,24.98,21.72,84.37,0.1,67.49,0.09,5.8,0.67
2024-10-31,06:00,October,Winter,Inverted-V,93,92.93,25.12,22.44,84.14,0.14,67.31,0.11,7.71,0.67
2024-10-31,06:15,October,Winter,Inverted-V,93,135.9,25.52,23.92,83.67,0.2,66.94,0.17,11.23,0.67
2024-10-31,06:30,October,Winter,Inverted-V,93,178.88,25.93,25.4,83.2,0.26,66.56,0.22,14.72,0.67
2024-10-31,06:45,October,Winter,Inverted-V,93,221.85,26.34,26.88,82.73,0.33,66.19,0.27,18.18,0.67
2024-10-31,07:00,October,Winter,Inverted-V,93,264.82,26.74,28.36,82.26,0.39,65.81,0.33,21.62,0.67
2024-10-31,07:15,October,Winter,Inverted-V,93,324.9,27.18,30.3,81.65,0.48,65.32,0.4,26.37,0.67
2024-10-31,07:30,October,Winter,Inverted-V,93,384.99,27.62,32.24,81.03,0.57,64.83,0.48,31.08,0.67
2024-10-31,07:45,October,Winter,Inverted-V,93,445.08,28.06,34.19,80.42,0.66,64.34,0.56,35.72,0.67
2024-10-31,08:00,October,Winter,Inverted-V,93,505.17,28.5,36.13,79.8,0.75,63.84,0.63,40.31,0.67
2024-10-31,08:15,October,Winter,Inverted-V,93,554.56,28.87,37.73,79.3,0.83,63.44,0.69,44.04,0.67
2024-10-31,08:30,October,Winter,Inverted-V,93,603.95,29.23,39.33,78.79,0.9,63.03,0.76,47.73,0.67
2024-10-31,08:45,October,Winter,Inverted-V,93,653.34,29.59,40.93,78.28,0.98,62.63,0.82,51.38,0.67
2024-10-31,09:00,October,Winter,Inverted-V,93,702.72,29.96,42.53,77.78,1.06,62.22,0.88,55.0,0.67
2024-10-31,09:15,October,Winter,Inverted-V,93,735.38,30.2,43.58,77.44,1.11,61.96,0.93,57.37,0.67
2024-10-31,09:30,October,Winter,Inverted-V,93,768.04,30.44,44.64,77.11,1.16,61.69,0.97,59.72,0.67
2024-10-31,09:45,October,Winter,Inverted-V,93,800.69,30.67,45.69,76.78,1.21,61.42,1.01,62.05,0.67
2024-10-31,10:00,October,Winter,Inverted-V,93,833.35,30.91,46.74,76.44,1.26,61.15,1.05,64.37,0.67
2024-10-31,10:15,October,Winter,Inverted-V,93,843.01,31.06,47.13,76.32,1.27,61.06,1.07,65.03,0.67
2024-10-31,10:30,October,Winter,Inverted-V,93,852.67,31.2,47.52,76.2,1.29,60.96,1.08,65.7,0.67
2024-10-31,10:45,October,Winter,Inverted-V,93,862.33,31.35,47.91,76.07,1.3,60.86,1.09,66.36,0.67
2024-10-31,11:00,October,Winter,Inverted-V,93,871.99,31.5,48.3,75.95,1.32,60.76,1.1,67.02,0.67
2024-10-31,11:15,October,Winter,Inverted-V,93,856.2,31.57,47.98,76.05,1.29,60.84,1.08,65.87,0.67
2024-10-31,11:30,October,Winter,Inverted-V,93,840.41,31.65,47.66,76.15,1.27,60.92,1.06,64.72,0.67
2024-10-31,11:45,October,Winter,Inverted-V,93,824.62,31.73,47.34,76.25,1.24,61.0,1.04,63.57,0.67
2024-10-31,12:00,October,Winter,Inverted-V,93,808.83,31.8,47.02,76.36,1.22,61.08,1.02,62.42,0.67
2024-10-31,12:15,October,Winter,Inverted-V,93,771.54,31.77,46.06,76.66,1.16,61.33,0.97,59.72,0.67
2024-10-31,12:30,October,Winter,Inverted-V,93,734.25,31.75,45.11,76.96,1.11,61.57,0.93,57.01,0.67
2024-10-31,12:45,October,Winter,Inverted-V,93,696.96,31.73,44.15,77.26,1.05,61.81,0.88,54.27,0.67
2024-10-31,13:00,October,Winter,Inverted-V,93,659.66,31.7,43.19,77.57,0.99,62.05,0.83,51.52,0.67
2024-10-31,13:15,October,Winter,Inverted-V,93,600.49,31.62,41.63,78.06,0.9,62.45,0.75,47.13,0.67
2024-10-31,13:30,October,Winter,Inverted-V,93,541.32,31.54,40.07,78.56,0.81,62.84,0.68,42.69,0.67
2024-10-31,13:45,October,Winter,Inverted-V,93,482.15,31.46,38.51,79.05,0.72,63.24,0.6,38.2,0.67
2024-10-31,14:00,October,Winter,Inverted-V,93,422.98,31.38,36.95,79.54,0.63,63.63,0.53,33.67,0.67
2024-10-31,14:15,October,Winter,Inverted-V,93,379.09,31.25,35.73,79.93,0.57,63.94,0.47,30.29,0.67
2024-10-31,14:30,October,Winter,Inverted-V,93,335.21,31.12,34.51,80.32,0.5,64.25,0.42,26.88,0.67
2024-10-31,14:45,October,Winter,Inverted-V,93,291.32,31.0,33.28,80.71,0.43,64.56,0.36,23.44,0.67
2024-10-31,15:00,October,Winter,Inverted-V,93,247.43,30.87,32.06,81.09,0.37,64.88,0.31,19.98,0.67
2024-10-31,15:15,October,Winter,Inverted-V,93,206.51,30.66,30.82,81.49,0.31,65.19,0.26,16.74,0.67
2024-10-31,15:30,October,Winter,Inverted-V,93,165.59,30.45,29.58,81.88,0.25,65.5,0.21,13.47,0.67
2024-10-31,15:45,October,Winter,Inverted-V,93,124.67,30.23,28.35,82.27,0.18,65.81,0.15,10.18,0.67
2024-10-31,16:00,October,Winter,Inverted-V,93,83.75,30.02,27.11,82.66,0.12,66.13,0.1,6.86,0.67
2024-10-31,16:15,October,Winter,Inverted-V,93,63.84,29.62,26.22,82.94,0.09,66.35,0.08,5.24,0.67
2024-10-31,16:30,October,Winter,Inverted-V,93,43.92,29.23,25.32,83.23,0.06,66.58,0.05,3.62,0.67
2024-10-31,16:45,October,Winter,Inverted-V,93,24.0,28.83,24.43,83.51,0.04,66.81,0.03,1.98,0.67
2024-11-01,05:15,November,Winter,Inverted-V,93,24.14,25.08,20.68,84.7,0.04,67.76,0.03,2.01,0.67
2024-11-01,05:30,November,Winter,Inverted-V,93,48.28,25.21,21.42,84.46,0.07,67.57,0.06,4.02,0.67
2024-11-01,05:45,November,Winter,Inverted-V,93,72.41,25.34,22.16,84.23,0.11,67.38,0.09,6.01,0.67
2024-11-01,06:00,November,Winter,Inverted-V,93,96.55,25.48,22.89,83.99,0.14,67.2,0.12,8.0,0.67
2024-11-01,06:15,November,Winter,Inverted-V,93,145.79,25.72,24.36,83.53,0.22,66.82,0.18,12.03,0.67
2024-11-01,06:30,November,Winter,Inverted-V,93,195.02,25.95,25.83,83.07,0.29,66.45,0.24,16.03,0.67
2024-11-01,06:45,November,Winter,Inverted-V,93,244.26,26.19,27.3,82.6,0.36,66.08,0.3,20.0,0.67
2024-11-01,07:00,November,Winter,Inverted-V,93,293.49,26.43,28.77,82.14,0.43,65.71,0.36,23.93,0.67
2024-11-01,07:15,November,Winter,Inverted-V,93,350.65,26.75,30.52,81.58,0.52,65.27,0.44,28.45,0.67
2024-11-01,07:30,November,Winter,Inverted-V,93,407.81,27.07,32.27,81.03,0.61,64.82,0.51,32.91,0.67
2024-11-01,07:45,November,Winter,Inverted-V,93,464.97,27.39,34.01,80.47,0.69,64.38,0.58,37.34,0.67
2024-11-01,08:00,November,Winter,Inverted-V,93,522.13,27.71,35.76,79.92,0.78,63.94,0.65,41.71,0.67
2024-11-01,08:15,November,Winter,Inverted-V,93,568.68,28.06,37.27,79.44,0.85,63.55,0.71,45.22,0.67
2024-11-01,08:30,November,Winter,Inverted-V,93,615.24,28.41,38.79,78.96,0.92,63.17,0.77,48.7,0.67
2024-11-01,08:45,November,Winter,Inverted-V,93,661.79,28.75,40.3,78.48,0.99,62.79,0.83,52.15,0.67
2024-11-01,09:00,November,Winter,Inverted-V,93,708.35,29.1,41.81,78.01,1.06,62.4,0.89,55.56,0.67
2024-11-01,09:15,November,Winter,Inverted-V,93,736.35,29.41,42.81,77.69,1.11,62.15,0.93,57.58,0.67
2024-11-01,09:30,November,Winter,Inverted-V,93,764.35,29.71,43.82,77.37,1.15,61.9,0.96,59.58,0.67
2024-11-01,09:45,November,Winter,Inverted-V,93,792.35,30.02,44.82,77.05,1.19,61.64,1.0,61.57,0.67
2024-11-01,10:00,November,Winter,Inverted-V,93,820.35,30.32,45.83,76.73,1.24,61.39,1.04,63.55,0.67
2024-11-01,10:15,November,Winter,Inverted-V,93,818.79,30.55,46.01,76.67,1.23,61.34,1.03,63.39,0.67
2024-11-01,10:30,November,Winter,Inverted-V,93,817.23,30.77,46.2,76.61,1.23,61.29,1.03,63.23,0.67
2024-11-01,10:45,November,Winter,Inverted-V,93,815.66,30.99,46.39,76.56,1.23,61.24,1.03,63.07,0.67
2024-11-01,11:00,November,Winter,Inverted-V,93,814.1,31.22,46.57,76.5,1.23,61.2,1.03,62.92,0.67
2024-11-01,11:15,November,Winter,Inverted-V,93,787.27,31.34,46.02,76.67,1.19,61.34,0.99,60.95,0.67
2024-11-01,11:30,November,Winter,Inverted-V,93,760.43,31.46,45.47,76.85,1.15,61.48,0.96,58.97,0.67
2024-11-01,11:45,November,Winter,Inverted-V,93,733.59,31.58,44.92,77.02,1.1,61.62,0.92,56.99,0.67
2024-11-01,12:00,November,Winter,Inverted-V,93,706.75,31.7,44.37,77.19,1.06,61.76,0.89,55.0,0.67
2024-11-01,12:15,November,Winter,Inverted-V,93,645.65,31.73,42.87,77.67,0.97,62.13,0.81,50.48,0.67
2024-11-01,12:30,November,Winter,Inverted-V,93,584.54,31.77,41.38,78.14,0.88,62.51,0.73,45.91,0.67
2024-11-01,12:45,November,Winter,Inverted-V,93,523.43,31.8,39.88,78.62,0.78,62.89,0.66,41.3,0.67
2024-11-01,13:00,November,Winter,Inverted-V,93,462.33,31.83,38.39,79.09,0.69,63.27,0.58,36.64,0.67
2024-11-01,13:15,November,Winter,Inverted-V,93,420.97,31.74,37.26,79.44,0.63,63.56,0.53,33.48,0.67
2024-11-01,13:30,November,Winter,Inverted-V,93,379.61,31.65,36.14,79.8,0.57,63.84,0.47,30.29,0.67
2024-11-01,13:45,November,Winter,Inverted-V,93,338.25,31.56,35.02,80.16,0.5,64.13,0.42,27.08,0.67
2024-11-01,14:00,November,Winter,Inverted-V,93,296.89,31.47,33.89,80.51,0.44,64.41,0.37,23.85,0.67
2024-11-01,14:15,November,Winter,Inverted-V,93,268.03,31.36,33.06,80.78,0.4,64.62,0.33,21.58,0.67
2024-11-01,14:30,November,Winter,Inverted-V,93,239.18,31.24,32.22,81.04,0.36,64.83,0.3,19.31,0.67
2024-11-01,14:45,November,Winter,Inverted-V,93,210.32,31.12,31.38,81.31,0.31,65.05,0.26,17.02,0.67
2024-11-01,15:00,November,Winter,Inverted-V,93,181.46,31.01,30.55,81.57,0.27,65.26,0.23,14.72,0.67
2024-11-01,15:15,November,Winter,Inverted-V,93,154.45,30.81,29.67,81.85,0.23,65.48,0.19,12.56,0.67
2024-11-01,15:30,November,Winter,Inverted-V,93,127.43,30.61,28.79,82.13,0.19,65.7,0.16,10.39,0.67
2024-11-01,15:45,November,Winter,Inverted-V,93,100.42,30.4,27.91,82.41,0.15,65.92,0.12,8.21,0.67
2024-11-01,16:00,November,Winter,Inverted-V,93,73.41,30.2,27.04,82.68,0.11,66.15,0.09,6.01,0.67
2024-11-01,16:15,November,Winter,Inverted-V,93,55.94,29.85,26.25,82.93,0.08,66.35,0.07,4.59,0.67
2024-11-01,16:30,November,Winter,Inverted-V,93,38.48,29.49,25.46,83.18,0.06,66.55,0.05,3.17,0.67
2024-11-01,16:45,November,Winter,Inverted-V,93,21.01,29.14,24.67,83.43,0.03,66.75,0.03,1.73,0.67
2024-11-02,05:15,November,Winter,Inverted-V,93,21.74,24.96,20.5,84.75,0.03,67.8,0.03,1.81,0.67
2024-11-02,05:30,November,Winter,Inverted-V,93,43.47,25.05,21.13,84.55,0.06,67.64,0.05,3.62,0.67
2024-11-02,05:45,November,Winter,Inverted-V,93,65.2,25.13,21.76,84.35,0.1,67.48,0.08,5.42,0.67
2024-11-02,06:00,November,Winter,Inverted-V,93,86.94,25.22,22.39,84.15,0.13,67.32,0.11,7.22,0.67
2024-11-02,06:15,November,Winter,Inverted-V,93,130.86,25.39,23.66,83.75,0.19,67.0,0.16,10.82,0.67
2024-11-02,06:30,November,Winter,Inverted-V,93,174.77,25.56,24.93,83.35,0.26,66.68,0.22,14.4,0.67
2024-11-02,06:45,November,Winter,Inverted-V,93,218.69,25.74,26.2,82.95,0.32,66.36,0.27,17.96,0.67
2024-11-02,07:00,November,Winter,Inverted-V,93,262.6,25.91,27.48,82.54,0.39,66.04,0.33,21.49,0.67
2024-11-02,07:15,November,Winter,Inverted-V,93,319.32,26.11,29.09,82.03,0.47,65.63,0.4,26.01,0.67
2024-11-02,07:30,November,Winter,Inverted-V,93,376.05,26.3,30.71,81.52,0.56,65.22,0.47,30.49,0.67
2024-11-02,07:45,November,Winter,Inverted-V,93,432.77,26.5,32.32,81.01,0.64,64.81,0.54,34.92,0.67
2024-11-02,08:00,November,Winter,Inverted-V,93,489.49,26.7,33.94,80.5,0.73,64.4,0.61,39.31,0.67
2024-11-02,08:15,November,Winter,Inverted-V,93,521.38,26.86,34.9,80.19,0.78,64.16,0.65,41.76,0.67
2024-11-02,08:30,November,Winter,Inverted-V,93,553.26,27.02,35.86,79.89,0.83,63.91,0.69,44.19,0.67
2024-11-02,08:45,November,Winter,Inverted-V,93,585.15,27.19,36.82,79.59,0.87,63.67,0.73,46.6,0.67
2024-11-02,09:00,November,Winter,Inverted-V,93,617.04,27.35,37.78,79.28,0.92,63.43,0.77,49.0,0.67
2024-11-02,09:15,November,Winter,Inverted-V,93,638.48,27.5,38.46,79.07,0.96,63.25,0.8,50.6,0.67
2024-11-02,09:30,November,Winter,Inverted-V,93,659.92,27.64,39.14,78.85,0.99,63.08,0.83,52.19,0.67
2024-11-02,09:45,November,Winter,Inverted-V,93,681.37,27.79,39.82,78.64,1.02,62.91,0.85,53.77,0.67
2024-11-02,10:00,November,Winter,Inverted-V,93,702.81,27.93,40.5,78.42,1.05,62.74,0.88,55.35,0.67
2024-11-02,10:15,November,Winter,Inverted-V,93,703.47,28.04,40.62,78.38,1.05,62.7,0.88,55.38,0.67
2024-11-02,10:30,November,Winter,Inverted-V,93,704.13,28.14,40.75,78.34,1.06,62.67,0.88,55.41,0.67
2024-11-02,10:45,November,Winter,Inverted-V,93,704.79,28.25,40.87,78.3,1.06,62.64,0.89,55.44,0.67
2024-11-02,11:00,November,Winter,Inverted-V,93,705.46,28.36,41.0,78.26,1.06,62.61,0.89,55.47,0.67
2024-11-02,11:15,November,Winter,Inverted-V,93,677.71,28.41,40.36,78.46,1.02,62.77,0.85,53.4,0.67
2024-11-02,11:30,November,Winter,Inverted-V,93,649.97,28.47,39.72,78.67,0.97,62.93,0.82,51.31,0.67
2024-11-02,11:45,November,Winter,Inverted-V,93,622.23,28.52,39.08,78.87,0.93,63.1,0.78,49.21,0.67
2024-11-02,12:00,November,Winter,Inverted-V,93,594.49,28.58,38.44,79.07,0.89,63.26,0.74,47.11,0.67
2024-11-02,12:15,November,Winter,Inverted-V,93,572.64,28.58,37.9,79.24,0.86,63.39,0.72,45.45,0.67
2024-11-02,12:30,November,Winter,Inverted-V,93,550.8,28.59,37.36,79.42,0.82,63.53,0.69,43.79,0.67
2024-11-02,12:45,November,Winter,Inverted-V,93,528.96,28.59,36.81,79.59,0.79,63.67,0.66,42.12,0.67
2024-11-02,13:00,November,Winter,Inverted-V,93,507.11,28.59,36.27,79.76,0.76,63.81,0.63,40.45,0.67
2024-11-02,13:15,November,Winter,Inverted-V,93,459.42,28.57,35.05,80.14,0.68,64.12,0.57,36.78,0.67
2024-11-02,13:30,November,Winter,Inverted-V,93,411.72,28.55,33.84,80.53,0.61,64.42,0.51,33.08,0.67
2024-11-02,13:45,November,Winter,Inverted-V,93,364.03,28.52,32.62,80.91,0.54,64.73,0.45,29.35,0.67
2024-11-02,14:00,November,Winter,Inverted-V,93,316.33,28.5,31.41,81.3,0.47,65.04,0.39,25.6,0.67
2024-11-02,14:15,November,Winter,Inverted-V,93,281.68,28.42,30.46,81.6,0.42,65.28,0.35,22.85,0.67
2024-11-02,14:30,November,Winter,Inverted-V,93,247.02,28.34,29.52,81.9,0.37,65.52,0.31,20.1,0.67
2024-11-02,14:45,November,Winter,Inverted-V,93,212.37,28.27,28.58,82.2,0.31,65.76,0.26,17.32,0.67
2024-11-02,15:00,November,Winter,Inverted-V,93,177.71,28.19,27.63,82.49,0.26,66.0,0.22,14.54,0.67
2024-11-02,15:15,November,Winter,Inverted-V,93,152.39,28.04,26.84,82.74,0.23,66.2,0.19,12.49,0.67
2024-11-02,15:30,November,Winter,Inverted-V,93,127.06,27.88,26.06,82.99,0.19,66.39,0.16,10.44,0.67
2024-11-02,15:45,November,Winter,Inverted-V,93,101.74,27.73,25.27,83.24,0.15,66.59,0.13,8.38,0.67
2024-11-02,16:00,November,Winter,Inverted-V,93,76.41,27.57,24.48,83.49,0.11,66.79,0.09,6.31,0.67
2024-11-02,16:15,November,Winter,Inverted-V,93,58.4,27.29,23.74,83.73,0.09,66.98,0.07,4.83,0.67
2024-11-02,16:30,November,Winter,Inverted-V,93,40.38,27.0,23.01,83.96,0.06,67.17,0.05,3.35,0.67
2024-11-02,16:45,November,Winter,Inverted-V,93,22.37,26.71,22.27,84.19,0.03,67.35,0.03,1.86,0.67
2024-11-03,05:15,November,Winter,Inverted-V,93,26.2,24.19,19.84,84.96,0.04,67.97,0.03,2.19,0.67
2024-11-03,05:30,November,Winter,Inverted-V,93,52.41,24.31,20.63,84.71,0.08,67.77,0.06,4.37,0.67
2024-11-03,05:45,November,Winter,Inverted-V,93,78.61,24.44,21.41,84.47,0.12,67.57,0.1,6.54,0.67
2024-11-03,06:00,November,Winter,Inverted-V,93,104.81,24.57,22.19,84.22,0.15,67.37,0.13,8.7,0.67
2024-11-03,06:15,November,Winter,Inverted-V,93,153.79,24.9,23.74,83.73,0.23,66.98,0.19,12.72,0.67
2024-11-03,06:30,November,Winter,Inverted-V,93,202.77,25.23,25.3,83.23,0.3,66.59,0.25,16.7,0.67
2024-11-03,06:45,November,Winter,Inverted-V,93,251.75,25.56,26.85,82.74,0.37,66.19,0.31,20.64,0.67
2024-11-03,07:00,November,Winter,Inverted-V,93,300.73,25.89,28.41,82.25,0.45,65.8,0.37,24.54,0.67
2024-11-03,07:15,November,Winter,Inverted-V,93,355.39,26.14,30.02,81.74,0.53,65.39,0.44,28.87,0.67
2024-11-03,07:30,November,Winter,Inverted-V,93,410.06,26.39,31.64,81.22,0.61,64.98,0.51,33.16,0.67
2024-11-03,07:45,November,Winter,Inverted-V,93,464.73,26.64,33.26,80.71,0.69,64.57,0.58,37.4,0.67
2024-11-03,08:00,November,Winter,Inverted-V,93,519.39,26.89,34.87,80.2,0.77,64.16,0.65,41.6,0.67
2024-11-03,08:15,November,Winter,Inverted-V,93,551.72,27.1,35.89,79.88,0.82,63.9,0.69,44.06,0.67
2024-11-03,08:30,November,Winter,Inverted-V,93,584.05,27.31,36.91,79.56,0.87,63.65,0.73,46.5,0.67
2024-11-03,08:45,November,Winter,Inverted-V,93,616.37,27.52,37.93,79.23,0.92,63.39,0.77,48.92,0.67
2024-11-03,09:00,November,Winter,Inverted-V,93,648.7,27.73,38.95,78.91,0.97,63.13,0.81,51.33,0.67
2024-11-03,09:15,November,Winter,Inverted-V,93,669.83,27.89,39.64,78.69,1.0,62.95,0.84,52.89,0.67
2024-11-03,09:30,November,Winter,Inverted-V,93,690.97,28.05,40.32,78.48,1.04,62.78,0.87,54.45,0.67
2024-11-03,09:45,November,Winter,Inverted-V,93,712.1,28.21,41.01,78.26,1.07,62.61,0.89,55.99,0.67
2024-11-03,10:00,November,Winter,Inverted-V,93,733.23,28.37,41.7,78.04,1.1,62.43,0.92,57.53,0.67
2024-11-03,10:15,November,Winter,Inverted-V,93,722.63,28.44,41.51,78.1,1.08,62.48,0.91,56.73,0.67
2024-11-03,10:30,November,Winter,Inverted-V,93,712.03,28.52,41.32,78.16,1.07,62.53,0.89,55.93,0.67
2024-11-03,10:45,November,Winter,Inverted-V,93,701.42,28.59,41.12,78.22,1.05,62.58,0.88,55.13,0.67
2024-11-03,11:00,November,Winter,Inverted-V,93,690.82,28.66,40.93,78.28,1.04,62.63,0.87,54.33,0.67
2024-11-03,11:15,November,Winter,Inverted-V,93,682.43,28.66,40.73,78.35,1.02,62.68,0.86,53.71,0.67
2024-11-03,11:30,November,Winter,Inverted-V,93,674.03,28.67,40.52,78.41,1.01,62.73,0.85,53.08,0.67
2024-11-03,11:45,November,Winter,Inverted-V,93,665.63,28.68,40.32,78.48,1.0,62.78,0.84,52.45,0.67
2024-11-03,12:00,November,Winter,Inverted-V,93,657.23,28.68,40.11,78.54,0.98,62.83,0.82,51.82,0.67
2024-11-03,12:15,November,Winter,Inverted-V,93,625.1,28.64,39.27,78.81,0.94,63.05,0.78,49.41,0.67
2024-11-03,12:30,November,Winter,Inverted-V,93,592.97,28.61,38.43,79.07,0.89,63.26,0.74,46.99,0.67
2024-11-03,12:45,November,Winter,Inverted-V,93,560.84,28.57,37.6,79.34,0.84,63.47,0.7,44.56,0.67
2024-11-03,13:00,November,Winter,Inverted-V,93,528.71,28.54,36.76,79.6,0.79,63.68,0.66,42.11,0.67
2024-11-03,13:15,November,Winter,Inverted-V,93,503.64,28.49,36.08,79.82,0.75,63.86,0.63,40.19,0.67
2024-11-03,13:30,November,Winter,Inverted-V,93,478.56,28.44,35.4,80.03,0.71,64.03,0.6,38.27,0.67
2024-11-03,13:45,November,Winter,Inverted-V,93,453.48,28.39,34.73,80.25,0.68,64.2,0.57,36.34,0.67
2024-11-03,14:00,November,Winter,Inverted-V,93,428.4,28.34,34.05,80.46,0.64,64.37,0.53,34.4,0.67
2024-11-03,14:15,November,Winter,Inverted-V,93,385.92,28.26,32.91,80.82,0.57,64.66,0.48,31.09,0.67
2024-11-03,14:30,November,Winter,Inverted-V,93,343.43,28.18,31.77,81.19,0.51,64.95,0.43,27.76,0.67
2024-11-03,14:45,November,Winter,Inverted-V,93,300.95,28.1,30.62,81.55,0.45,65.24,0.37,24.41,0.67
2024-11-03,15:00,November,Winter,Inverted-V,93,258.47,28.02,29.48,81.91,0.38,65.53,0.32,21.03,0.67
2024-11-03,15:15,November,Winter,Inverted-V,93,217.53,27.9,28.34,82.27,0.32,65.82,0.27,17.76,0.67
2024-11-03,15:30,November,Winter,Inverted-V,93,176.59,27.79,27.2,82.63,0.26,66.11,0.22,14.46,0.67
2024-11-03,15:45,November,Winter,Inverted-V,93,135.65,27.67,26.06,82.99,0.2,66.39,0.17,11.15,0.67
2024-11-03,16:00,November,Winter,Inverted-V,93,94.72,27.55,24.92,83.35,0.14,66.68,0.12,7.81,0.67
2024-11-03,16:15,November,Winter,Inverted-V,93,72.37,27.31,24.12,83.61,0.11,66.88,0.09,5.98,0.67
2024-11-03,16:30,November,Winter,Inverted-V,93,50.03,27.08,23.33,83.86,0.07,67.09,0.06,4.14,0.67
2024-11-03,16:45,November,Winter,Inverted-V,93,27.69,26.84,22.53,84.11,0.04,67.29,0.03,2.3,0.67
2024-11-04,05:15,November,Winter,Inverted-V,93,29.01,23.48,19.21,85.16,0.04,68.13,0.04,2.43,0.67
2024-11-04,05:30,November,Winter,Inverted-V,93,58.02,23.72,20.17,84.86,0.09,67.89,0.07,4.85,0.67
2024-11-04,05:45,November,Winter,Inverted-V,93,87.03,23.96,21.13,84.55,0.13,67.64,0.11,7.25,0.67
2024-11-04,06:00,November,Winter,Inverted-V,93,116.05,24.19,22.09,84.25,0.17,67.4,0.14,9.64,0.67
2024-11-04,06:15,November,Winter,Inverted-V,93,169.45,24.57,23.8,83.71,0.25,66.97,0.21,14.01,0.67
2024-11-04,06:30,November,Winter,Inverted-V,93,222.86,24.94,25.51,83.17,0.33,66.53,0.28,18.34,0.67
2024-11-04,06:45,November,Winter,Inverted-V,93,276.26,25.32,27.22,82.62,0.41,66.1,0.34,22.62,0.67
2024-11-04,07:00,November,Winter,Inverted-V,93,329.67,25.69,28.93,82.08,0.49,65.67,0.41,26.87,0.67
2024-11-04,07:15,November,Winter,Inverted-V,93,385.63,26.08,30.72,81.52,0.57,65.21,0.48,31.26,0.67
2024-11-04,07:30,November,Winter,Inverted-V,93,441.59,26.47,32.51,80.95,0.66,64.76,0.55,35.62,0.67
2024-11-04,07:45,November,Winter,Inverted-V,93,497.54,26.86,34.3,80.38,0.74,64.31,0.62,39.92,0.67
2024-11-04,08:00,November,Winter,Inverted-V,93,553.5,27.25,36.09,79.82,0.83,63.85,0.69,44.17,0.67
2024-11-04,08:15,November,Winter,Inverted-V,93,598.51,27.59,37.55,79.35,0.89,63.48,0.75,47.56,0.67
2024-11-04,08:30,November,Winter,Inverted-V,93,643.53,27.93,39.02,78.89,0.96,63.11,0.81,50.91,0.67
2024-11-04,08:45,November,Winter,Inverted-V,93,688.54,28.27,40.48,78.43,1.03,62.74,0.86,54.23,0.67
2024-11-04,09:00,November,Winter,Inverted-V,93,733.56,28.61,41.95,77.96,1.1,62.37,0.92,57.51,0.67
2024-11-04,09:15,November,Winter,Inverted-V,93,731.2,28.85,42.13,77.9,1.1,62.32,0.92,57.3,0.67
2024-11-04,09:30,November,Winter,Inverted-V,93,728.85,29.09,42.32,77.84,1.09,62.28,0.92,57.08,0.67
2024-11-04,09:45,November,Winter,Inverted-V,93,726.49,29.34,42.5,77.79,1.09,62.23,0.91,56.86,0.67
2024-11-04,10:00,November,Winter,Inverted-V,93,724.14,29.58,42.68,77.73,1.09,62.18,0.91,56.65,0.67
2024-11-04,10:15,November,Winter,Inverted-V,93,754.0,29.71,43.56,77.45,1.13,61.96,0.95,58.82,0.67
2024-11-04,10:30,November,Winter,Inverted-V,93,783.85,29.84,44.44,77.17,1.18,61.74,0.99,60.99,0.67
2024-11-04,10:45,November,Winter,Inverted-V,93,813.71,29.97,45.31,76.9,1.23,61.52,1.03,63.13,0.67
2024-11-04,11:00,November,Winter,Inverted-V,93,843.57,30.1,46.19,76.62,1.27,61.29,1.06,65.27,0.67
2024-11-04,11:15,November,Winter,Inverted-V,93,782.58,30.17,44.73,77.08,1.18,61.66,0.99,60.83,0.67
2024-11-04,11:30,November,Winter,Inverted-V,93,721.59,30.24,43.28,77.54,1.08,62.03,0.91,56.34,0.67
2024-11-04,11:45,November,Winter,Inverted-V,93,660.6,30.31,41.83,78.0,0.99,62.4,0.83,51.81,0.67
2024-11-04,12:00,November,Winter,Inverted-V,93,599.62,30.38,40.37,78.46,0.9,62.77,0.75,47.24,0.67
2024-11-04,12:15,November,Winter,Inverted-V,93,555.01,30.4,39.27,78.81,0.83,63.05,0.7,43.87,0.67
2024-11-04,12:30,November,Winter,Inverted-V,93,510.4,30.41,38.17,79.16,0.76,63.32,0.64,40.48,0.67
2024-11-04,12:45,November,Winter,Inverted-V,93,465.79,30.43,37.08,79.5,0.7,63.6,0.58,37.06,0.67
2024-11-04,13:00,November,Winter,Inverted-V,93,421.18,30.45,35.98,79.85,0.63,63.88,0.53,33.62,0.67
2024-11-04,13:15,November,Winter,Inverted-V,93,380.14,30.39,34.9,80.19,0.57,64.15,0.47,30.45,0.67
2024-11-04,13:30,November,Winter,Inverted-V,93,339.11,30.34,33.82,80.54,0.5,64.43,0.42,27.25,0.67
2024-11-04,13:45,November,Winter,Inverted-V,93,298.07,30.29,32.74,80.88,0.44,64.7,0.37,24.03,0.67
2024-11-04,14:00,November,Winter,Inverted-V,93,257.04,30.23,31.66,81.22,0.38,64.98,0.32,20.78,0.67
2024-11-04,14:15,November,Winter,Inverted-V,93,231.46,30.11,30.9,81.46,0.34,65.17,0.29,18.76,0.67
2024-11-04,14:30,November,Winter,Inverted-V,93,205.89,30.0,30.14,81.7,0.31,65.36,0.26,16.72,0.67
2024-11-04,14:45,November,Winter,Inverted-V,93,180.31,29.88,29.39,81.94,0.27,65.55,0.22,14.67,0.67
2024-11-04,15:00,November,Winter,Inverted-V,93,154.73,29.76,28.63,82.18,0.23,65.74,0.19,12.62,0.67
2024-11-04,15:15,November,Winter,Inverted-V,93,132.76,29.53,27.84,82.43,0.2,65.94,0.16,10.85,0.67
2024-11-04,15:30,November,Winter,Inverted-V,93,110.78,29.29,27.06,82.68,0.16,66.14,0.14,9.08,0.67
2024-11-04,15:45,November,Winter,Inverted-V,93,88.81,29.05,26.28,82.92,0.13,66.34,0.11,7.29,0.67
2024-11-04,16:00,November,Winter,Inverted-V,93,66.83,28.82,25.49,83.17,0.1,66.54,0.08,5.5,0.67
2024-11-04,16:15,November,Winter,Inverted-V,93,51.11,28.41,24.69,83.43,0.08,66.74,0.06,4.22,0.67
2024-11-04,16:30,November,Winter,Inverted-V,93,35.4,28.01,23.89,83.68,0.05,66.94,0.04,2.93,0.67
2024-11-04,16:45,November,Winter,Inverted-V,93,19.68,27.6,23.09,83.93,0.03,67.15,0.02,1.63,0.67
2024-11-05,05:15,November,Winter,Inverted-V,93,28.26,23.35,19.06,85.21,0.04,68.17,0.03,2.37,0.67
2024-11-05,05:30,November,Winter,Inverted-V,93,56.53,23.5,19.91,84.94,0.08,67.95,0.07,4.72,0.67
2024-11-05,05:45,November,Winter,Inverted-V,93,84.79,23.64,20.76,84.67,0.12,67.74,0.1,7.07,0.67
2024-11-05,06:00,November,Winter,Inverted-V,93,113.05,23.78,21.61,84.4,0.17,67.52,0.14,9.4,0.67
2024-11-05,06:15,November,Winter,Inverted-V,93,169.09,24.07,23.3,83.87,0.25,67.09,0.21,14.0,0.67
2024-11-05,06:30,November,Winter,Inverted-V,93,225.13,24.36,24.99,83.33,0.33,66.67,0.28,18.55,0.67
2024-11-05,06:45,November,Winter,Inverted-V,93,281.17,24.65,26.68,82.8,0.42,66.24,0.35,23.06,0.67
2024-11-05,07:00,November,Winter,Inverted-V,93,337.21,24.94,28.37,82.26,0.5,65.81,0.42,27.52,0.67
2024-11-05,07:15,November,Winter,Inverted-V,93,395.78,25.38,30.27,81.66,0.59,65.33,0.49,32.13,0.67
2024-11-05,07:30,November,Winter,Inverted-V,93,454.35,25.82,32.18,81.05,0.68,64.84,0.57,36.68,0.67
2024-11-05,07:45,November,Winter,Inverted-V,93,512.91,26.26,34.08,80.45,0.76,64.36,0.64,41.18,0.67
2024-11-05,08:00,November,Winter,Inverted-V,93,571.48,26.7,35.99,79.85,0.85,63.88,0.71,45.62,0.67
2024-11-05,08:15,November,Winter,Inverted-V,93,619.26,27.09,37.57,79.35,0.93,63.48,0.78,49.2,0.67
2024-11-05,08:30,November,Winter,Inverted-V,93,667.04,27.48,39.16,78.85,1.0,63.08,0.84,52.75,0.67
2024-11-05,08:45,November,Winter,Inverted-V,93,714.81,27.87,40.74,78.34,1.07,62.68,0.9,56.25,0.67
2024-11-05,09:00,November,Winter,Inverted-V,93,762.59,28.26,42.32,77.84,1.15,62.27,0.96,59.72,0.67
2024-11-05,09:15,November,Winter,Inverted-V,93,794.8,28.55,43.42,77.5,1.19,62.0,1.0,62.03,0.67
2024-11-05,09:30,November,Winter,Inverted-V,93,827.02,28.84,44.52,77.15,1.24,61.72,1.04,64.33,0.67
2024-11-05,09:45,November,Winter,Inverted-V,93,859.24,29.13,45.61,76.8,1.29,61.44,1.08,66.6,0.67
2024-11-05,10:00,November,Winter,Inverted-V,93,891.45,29.42,46.71,76.45,1.34,61.16,1.13,68.86,0.67
2024-11-05,10:15,November,Winter,Inverted-V,93,898.38,29.62,47.08,76.34,1.36,61.07,1.14,69.32,0.67
2024-11-05,10:30,November,Winter,Inverted-V,93,905.31,29.83,47.46,76.22,1.37,60.97,1.14,69.77,0.67
2024-11-05,10:45,November,Winter,Inverted-V,93,912.24,30.04,47.84,76.1,1.38,60.88,1.15,70.22,0.67
2024-11-05,11:00,November,Winter,Inverted-V,93,919.17,30.24,48.22,75.98,1.39,60.78,1.16,70.66,0.67
2024-11-05,11:15,November,Winter,Inverted-V,93,915.66,30.37,48.26,75.96,1.38,60.77,1.16,70.38,0.67
2024-11-05,11:30,November,Winter,Inverted-V,93,912.15,30.5,48.31,75.95,1.38,60.76,1.15,70.1,0.67
2024-11-05,11:45,November,Winter,Inverted-V,93,908.64,30.64,48.35,75.93,1.37,60.75,1.15,69.82,0.67
2024-11-05,12:00,November,Winter,Inverted-V,93,905.13,30.77,48.4,75.92,1.37,60.74,1.15,69.54,0.67
2024-11-05,12:15,November,Winter,Inverted-V,93,849.4,30.81,47.05,76.35,1.28,61.08,1.07,65.54,0.67
2024-11-05,12:30,November,Winter,Inverted-V,93,793.67,30.86,45.7,76.77,1.2,61.42,1.0,61.5,0.67
2024-11-05,12:45,November,Winter,Inverted-V,93,737.93,30.91,44.35,77.2,1.11,61.76,0.93,57.43,0.67
2024-11-05,13:00,November,Winter,Inverted-V,93,682.2,30.95,43.01,77.63,1.03,62.1,0.86,53.31,0.67
2024-11-05,13:15,November,Winter,Inverted-V,93,658.23,30.9,42.36,77.83,0.99,62.27,0.83,51.54,0.67
2024-11-05,13:30,November,Winter,Inverted-V,93,634.26,30.85,41.71,78.04,0.95,62.43,0.8,49.77,0.67
2024-11-05,13:45,November,Winter,Inverted-V,93,610.28,30.8,41.06,78.24,0.92,62.59,0.77,47.98,0.67
2024-11-05,14:00,November,Winter,Inverted-V,93,586.31,30.75,40.41,78.45,0.88,62.76,0.74,46.19,0.67
2024-11-05,14:15,November,Winter,Inverted-V,93,532.46,30.64,38.95,78.91,0.8,63.13,0.67,42.13,0.67
2024-11-05,14:30,November,Winter,Inverted-V,93,478.62,30.52,37.49,79.37,0.72,63.5,0.6,38.04,0.67
2024-11-05,14:45,November,Winter,Inverted-V,93,424.77,30.41,36.03,79.83,0.63,63.87,0.53,33.91,0.67
2024-11-05,15:00,November,Winter,Inverted-V,93,370.93,30.3,34.57,80.3,0.55,64.24,0.46,29.74,0.67
2024-11-05,15:15,November,Winter,Inverted-V,93,312.12,30.06,32.86,80.84,0.46,64.67,0.39,25.15,0.67
2024-11-05,15:30,November,Winter,Inverted-V,93,253.31,29.81,31.15,81.38,0.38,65.11,0.32,20.51,0.67
2024-11-05,15:45,November,Winter,Inverted-V,93,194.51,29.57,29.44,81.92,0.29,65.54,0.24,15.83,0.67
2024-11-05,16:00,November,Winter,Inverted-V,93,135.7,29.33,27.72,82.47,0.2,65.97,0.17,11.1,0.67
2024-11-05,16:15,November,Winter,Inverted-V,93,103.23,28.85,26.44,82.87,0.15,66.3,0.13,8.47,0.67
2024-11-05,16:30,November,Winter,Inverted-V,93,70.76,28.38,25.15,83.28,0.1,66.62,0.09,5.83,0.67
2024-11-05,16:45,November,Winter,Inverted-V,93,38.28,27.91,23.86,83.69,0.06,66.95,0.05,3.16,0.67
2024-11-05,17:00,November,Winter,Inverted-V,93,5.81,27.43,22.58,84.1,0.01,67.28,0.01,0.48,0.67
2024-11-06,05:15,November,Winter,Inverted-V,93,27.86,23.05,18.75,85.31,0.04,68.25,0.03,2.34,0.67
2024-11-06,05:30,November,Winter,Inverted-V,93,55.72,23.27,19.66,85.02,0.08,68.02,0.07,4.66,0.67
2024-11-06,05:45,November,Winter,Inverted-V,93,83.58,23.48,20.57,84.73,0.12,67.79,0.1,6.97,0.67
2024-11-06,06:00,November,Winter,Inverted-V,93,111.43,23.69,21.48,84.44,0.16,67.56,0.14,9.27,0.67
2024-11-06,06:15,November,Winter,Inverted-V,93,165.63,24.19,23.33,83.86,0.24,67.09,0.2,13.71,0.67
2024-11-06,06:30,November,Winter,Inverted-V,93,219.82,24.69,25.18,83.27,0.32,66.62,0.27,18.11,0.67
2024-11-06,06:45,November,Winter,Inverted-V,93,274.02,25.18,27.03,82.68,0.41,66.15,0.34,22.45,0.67
2024-11-06,07:00,November,Winter,Inverted-V,93,328.21,25.68,28.89,82.1,0.49,65.68,0.41,26.75,0.67
2024-11-06,07:15,November,Winter,Inverted-V,93,384.95,26.29,30.91,81.46,0.57,65.17,0.48,31.19,0.67
2024-11-06,07:30,November,Winter,Inverted-V,93,441.68,26.89,32.93,80.82,0.66,64.65,0.55,35.58,0.67
2024-11-06,07:45,November,Winter,Inverted-V,93,498.42,27.5,34.96,80.18,0.74,64.14,0.62,39.91,0.67
2024-11-06,08:00,November,Winter,Inverted-V,93,555.15,28.1,36.98,79.53,0.83,63.63,0.69,44.19,0.67
2024-11-06,08:15,November,Winter,Inverted-V,93,602.72,28.48,38.55,79.04,0.9,63.23,0.76,47.75,0.67
2024-11-06,08:30,November,Winter,Inverted-V,93,650.3,28.87,40.12,78.54,0.97,62.83,0.82,51.27,0.67
2024-11-06,08:45,November,Winter,Inverted-V,93,697.87,29.25,41.69,78.04,1.05,62.43,0.88,54.76,0.67
2024-11-06,09:00,November,Winter,Inverted-V,93,745.44,29.63,43.27,77.54,1.12,62.04,0.94,58.21,0.67
2024-11-06,09:15,November,Winter,Inverted-V,93,760.47,29.89,43.9,77.34,1.14,61.87,0.96,59.26,0.67
2024-11-06,09:30,November,Winter,Inverted-V,93,775.5,30.15,44.54,77.14,1.17,61.71,0.98,60.32,0.67
2024-11-06,09:45,November,Winter,Inverted-V,93,790.54,30.41,45.17,76.94,1.19,61.55,1.0,61.36,0.67
2024-11-06,10:00,November,Winter,Inverted-V,93,805.57,30.67,45.81,76.74,1.21,61.39,1.02,62.41,0.67
2024-11-06,10:15,November,Winter,Inverted-V,93,799.46,30.85,45.84,76.73,1.2,61.38,1.01,61.93,0.67
2024-11-06,10:30,November,Winter,Inverted-V,93,793.36,31.04,45.87,76.72,1.2,61.38,1.0,61.45,0.67
2024-11-06,10:45,November,Winter,Inverted-V,93,787.25,31.22,45.9,76.71,1.19,61.37,0.99,60.97,0.67
2024-11-06,11:00,November,Winter,Inverted-V,93,781.14,31.4,45.93,76.7,1.18,61.36,0.99,60.49,0.67
2024-11-06,11:15,November,Winter,Inverted-V,93,767.44,31.49,45.68,76.78,1.16,61.42,0.97,59.48,0.67
2024-11-06,11:30,November,Winter,Inverted-V,93,753.74,31.58,45.42,76.86,1.14,61.49,0.95,58.46,0.67
2024-11-06,11:45,November,Winter,Inverted-V,93,740.03,31.67,45.17,76.94,1.11,61.55,0.93,57.44,0.67
2024-11-06,12:00,November,Winter,Inverted-V,93,726.33,31.76,44.92,77.02,1.09,61.62,0.92,56.42,0.67
2024-11-06,12:15,November,Winter,Inverted-V,93,692.58,31.78,44.09,77.28,1.04,61.83,0.87,53.94,0.67
2024-11-06,12:30,November,Winter,Inverted-V,93,658.83,31.8,43.27,77.54,0.99,62.03,0.83,51.44,0.67
2024-11-06,12:45,November,Winter,Inverted-V,93,625.08,31.82,42.45,77.8,0.94,62.24,0.79,48.93,0.67
2024-11-06,13:00,November,Winter,Inverted-V,93,591.33,31.84,41.62,78.06,0.89,62.45,0.74,46.41,0.67
2024-11-06,13:15,November,Winter,Inverted-V,93,551.58,31.77,40.56,78.4,0.83,62.72,0.69,43.43,0.67
2024-11-06,13:30,November,Winter,Inverted-V,93,511.83,31.71,39.51,78.73,0.77,62.99,0.64,40.43,0.67
2024-11-06,13:45,November,Winter,Inverted-V,93,472.08,31.64,38.45,79.07,0.71,63.26,0.59,37.41,0.67
2024-11-06,14:00,November,Winter,Inverted-V,93,432.32,31.58,37.39,79.41,0.65,63.52,0.54,34.37,0.67
2024-11-06,14:15,November,Winter,Inverted-V,93,387.15,31.47,36.15,79.8,0.58,63.84,0.48,30.89,0.67
2024-11-06,14:30,November,Winter,Inverted-V,93,341.97,31.36,34.91,80.19,0.51,64.15,0.43,27.39,0.67
2024-11-06,14:45,November,Winter,Inverted-V,93,296.79,31.25,33.67,80.58,0.44,64.47,0.37,23.86,0.67
2024-11-06,15:00,November,Winter,Inverted-V,93,251.62,31.14,32.43,80.98,0.37,64.78,0.31,20.3,0.67
2024-11-06,15:15,November,Winter,Inverted-V,93,209.74,30.9,31.14,81.38,0.31,65.11,0.26,16.98,0.67
2024-11-06,15:30,November,Winter,Inverted-V,93,167.86,30.66,29.85,81.79,0.25,65.43,0.21,13.64,0.67
2024-11-06,15:45,November,Winter,Inverted-V,93,125.99,30.41,28.56,82.2,0.19,65.76,0.16,10.28,0.67
2024-11-06,16:00,November,Winter,Inverted-V,93,84.11,30.17,27.27,82.61,0.12,66.09,0.1,6.89,0.67
2024-11-06,16:15,November,Winter,Inverted-V,93,64.09,29.71,26.31,82.91,0.09,66.33,0.08,5.26,0.67
2024-11-06,16:30,November,Winter,Inverted-V,93,44.06,29.25,25.35,83.22,0.07,66.57,0.05,3.63,0.67
2024-11-06,16:45,November,Winter,Inverted-V,93,24.04,28.78,24.38,83.52,0.04,66.82,0.03,1.98,0.67
2024-11-07,05:15,November,Winter,Inverted-V,93,20.62,23.23,18.75,85.31,0.03,68.25,0.03,1.73,0.67
2024-11-07,05:30,November,Winter,Inverted-V,93,41.25,23.45,19.48,85.08,0.06,68.06,0.05,3.45,0.67
2024-11-07,05:45,November,Winter,Inverted-V,93,61.87,23.67,20.22,84.84,0.09,67.87,0.08,5.17,0.67
2024-11-07,06:00,November,Winter,Inverted-V,93,82.49,23.89,20.95,84.61,0.12,67.69,0.1,6.87,0.67
2024-11-07,06:15,November,Winter,Inverted-V,93,124.32,24.32,22.43,84.14,0.18,67.31,0.15,10.32,0.67
2024-11-07,06:30,November,Winter,Inverted-V,93,166.15,24.75,23.9,83.68,0.24,66.94,0.21,13.73,0.67
2024-11-07,06:45,November,Winter,Inverted-V,93,207.98,25.17,25.37,83.21,0.31,66.57,0.26,17.12,0.67
2024-11-07,07:00,November,Winter,Inverted-V,93,249.8,25.6,26.85,82.74,0.37,66.2,0.31,20.48,0.67
2024-11-07,07:15,November,Winter,Inverted-V,93,297.47,26.13,28.56,82.2,0.44,65.76,0.37,24.27,0.67
2024-11-07,07:30,November,Winter,Inverted-V,93,345.13,26.66,30.28,81.66,0.51,65.32,0.43,28.02,0.67
2024-11-07,07:45,November,Winter,Inverted-V,93,392.79,27.18,32.0,81.11,0.58,64.89,0.49,31.73,0.67
2024-11-07,08:00,November,Winter,Inverted-V,93,440.46,27.71,33.72,80.57,0.66,64.45,0.55,35.4,0.67
2024-11-07,08:15,November,Winter,Inverted-V,93,482.04,28.0,35.05,80.15,0.72,64.12,0.6,38.59,0.67
2024-11-07,08:30,November,Winter,Inverted-V,93,523.63,28.29,36.38,79.72,0.78,63.78,0.65,41.75,0.67
2024-11-07,08:45,November,Winter,Inverted-V,93,565.21,28.58,37.71,79.3,0.84,63.44,0.71,44.89,0.67
2024-11-07,09:00,November,Winter,Inverted-V,93,606.8,28.87,39.04,78.88,0.91,63.11,0.76,48.0,0.67
2024-11-07,09:15,November,Winter,Inverted-V,93,631.37,29.01,39.79,78.64,0.95,62.92,0.79,49.83,0.67
2024-11-07,09:30,November,Winter,Inverted-V,93,655.94,29.15,40.54,78.41,0.98,62.72,0.82,51.65,0.67
2024-11-07,09:45,November,Winter,Inverted-V,93,680.51,29.28,41.3,78.17,1.02,62.53,0.85,53.46,0.67
2024-11-07,10:00,November,Winter,Inverted-V,93,705.08,29.42,42.05,77.93,1.06,62.34,0.89,55.26,0.67
2024-11-07,10:15,November,Winter,Inverted-V,93,716.55,29.52,42.43,77.81,1.08,62.25,0.9,56.1,0.67
2024-11-07,10:30,November,Winter,Inverted-V,93,728.02,29.61,42.81,77.69,1.09,62.15,0.92,56.93,0.67
2024-11-07,10:45,November,Winter,Inverted-V,93,739.49,29.71,43.19,77.57,1.11,62.05,0.93,57.76,0.67
2024-11-07,11:00,November,Winter,Inverted-V,93,750.96,29.8,43.57,77.45,1.13,61.96,0.95,58.58,0.67
2024-11-07,11:15,November,Winter,Inverted-V,93,744.58,29.84,43.45,77.49,1.12,61.99,0.94,58.11,0.67
2024-11-07,11:30,November,Winter,Inverted-V,93,738.2,29.87,43.32,77.53,1.11,62.02,0.93,57.63,0.67
2024-11-07,11:45,November,Winter,Inverted-V,93,731.82,29.91,43.2,77.56,1.1,62.05,0.92,57.16,0.67
2024-11-07,12:00,November,Winter,Inverted-V,93,725.44,29.94,43.08,77.6,1.09,62.08,0.91,56.68,0.67
2024-11-07,12:15,November,Winter,Inverted-V,93,687.32,29.94,42.12,77.91,1.03,62.33,0.86,53.86,0.67
2024-11-07,12:30,November,Winter,Inverted-V,93,649.2,29.93,41.16,78.21,0.97,62.57,0.82,51.02,0.67
2024-11-07,12:45,November,Winter,Inverted-V,93,611.09,29.93,40.2,78.51,0.92,62.81,0.77,48.17,0.67
2024-11-07,13:00,November,Winter,Inverted-V,93,572.97,29.92,39.24,78.82,0.86,63.05,0.72,45.3,0.67
2024-11-07,13:15,November,Winter,Inverted-V,93,540.95,29.87,38.39,79.09,0.81,63.27,0.68,42.87,0.67
2024-11-07,13:30,November,Winter,Inverted-V,93,508.92,29.82,37.54,79.36,0.76,63.49,0.64,40.44,0.67
2024-11-07,13:45,November,Winter,Inverted-V,93,476.9,29.77,36.69,79.63,0.71,63.7,0.6,37.99,0.67
2024-11-07,14:00,November,Winter,Inverted-V,93,444.87,29.72,35.84,79.89,0.66,63.92,0.56,35.53,0.67
2024-11-07,14:15,November,Winter,Inverted-V,93,398.76,29.61,34.58,80.29,0.59,64.24,0.5,31.97,0.67
2024-11-07,14:30,November,Winter,Inverted-V,93,352.64,29.5,33.32,80.69,0.52,64.56,0.44,28.38,0.67
2024-11-07,14:45,November,Winter,Inverted-V,93,306.53,29.39,32.05,81.09,0.46,64.88,0.38,24.76,0.67
2024-11-07,15:00,November,Winter,Inverted-V,93,260.41,29.28,30.79,81.49,0.39,65.2,0.32,21.11,0.67
2024-11-07,15:15,November,Winter,Inverted-V,93,217.28,29.09,29.52,81.9,0.32,65.52,0.27,17.68,0.67
2024-11-07,15:30,November,Winter,Inverted-V,93,174.15,28.9,28.25,82.3,0.26,65.84,0.22,14.22,0.67
2024-11-07,15:45,November,Winter,Inverted-V,93,131.02,28.71,26.99,82.7,0.19,66.16,0.16,10.74,0.67
2024-11-07,16:00,November,Winter,Inverted-V,93,87.89,28.52,25.72,83.1,0.13,66.48,0.11,7.23,0.67
2024-11-07,16:15,November,Winter,Inverted-V,93,67.03,28.17,24.85,83.38,0.1,66.7,0.08,5.53,0.67
2024-11-07,16:30,November,Winter,Inverted-V,93,46.17,27.82,23.97,83.65,0.07,66.92,0.06,3.82,0.67
2024-11-07,16:45,November,Winter,Inverted-V,93,25.31,27.47,23.1,83.93,0.04,67.14,0.03,2.1,0.67
2024-11-08,05:15,November,Winter,Inverted-V,93,21.32,24.19,19.72,85.0,0.03,68.0,0.03,1.78,0.67
2024-11-08,05:30,November,Winter,Inverted-V,93,42.63,24.34,20.41,84.78,0.06,67.83,0.05,3.56,0.67
2024-11-08,05:45,November,Winter,Inverted-V,93,63.95,24.49,21.09,84.57,0.09,67.65,0.08,5.33,0.67
2024-11-08,06:00,November,Winter,Inverted-V,93,85.27,24.64,21.77,84.35,0.13,67.48,0.11,7.09,0.67
2024-11-08,06:15,November,Winter,Inverted-V,93,134.33,24.95,23.31,83.86,0.2,67.09,0.17,11.12,0.67
2024-11-08,06:30,November,Winter,Inverted-V,93,183.38,25.27,24.85,83.38,0.27,66.7,0.23,15.12,0.67
2024-11-08,06:45,November,Winter,Inverted-V,93,232.44,25.58,26.39,82.89,0.34,66.31,0.29,19.08,0.67
2024-11-08,07:00,November,Winter,Inverted-V,93,281.5,25.89,27.93,82.4,0.42,65.92,0.35,23.01,0.67
2024-11-08,07:15,November,Winter,Inverted-V,93,336.27,26.21,29.61,81.87,0.5,65.49,0.42,27.35,0.67
2024-11-08,07:30,November,Winter,Inverted-V,93,391.04,26.52,31.3,81.33,0.58,65.07,0.49,31.65,0.67
2024-11-08,07:45,November,Winter,Inverted-V,93,445.81,26.84,32.99,80.8,0.66,64.64,0.56,35.91,0.67
2024-11-08,08:00,November,Winter,Inverted-V,93,500.58,27.16,34.67,80.26,0.75,64.21,0.62,40.12,0.67
2024-11-08,08:15,November,Winter,Inverted-V,93,534.59,27.42,35.79,79.91,0.8,63.93,0.67,42.7,0.67
2024-11-08,08:30,November,Winter,Inverted-V,93,568.59,27.69,36.9,79.56,0.85,63.65,0.71,45.27,0.67
2024-11-08,08:45,November,Winter,Inverted-V,93,602.6,27.95,38.01,79.21,0.9,63.37,0.75,47.82,0.67
2024-11-08,09:00,November,Winter,Inverted-V,93,636.61,28.21,39.13,78.86,0.95,63.08,0.8,50.34,0.67
2024-11-08,09:15,November,Winter,Inverted-V,93,613.56,28.4,38.74,78.98,0.92,63.18,0.77,48.58,0.67
2024-11-08,09:30,November,Winter,Inverted-V,93,590.51,28.59,38.36,79.1,0.88,63.28,0.74,46.81,0.67
2024-11-08,09:45,November,Winter,Inverted-V,93,567.46,28.79,37.97,79.22,0.85,63.38,0.71,45.03,0.67
2024-11-08,10:00,November,Winter,Inverted-V,93,544.41,28.98,37.59,79.34,0.81,63.47,0.68,43.25,0.67
2024-11-08,10:15,November,Winter,Inverted-V,93,558.18,29.09,38.04,79.2,0.83,63.36,0.7,44.29,0.67
2024-11-08,10:30,November,Winter,Inverted-V,93,571.96,29.19,38.49,79.06,0.86,63.25,0.72,45.32,0.67
2024-11-08,10:45,November,Winter,Inverted-V,93,585.73,29.29,38.94,78.91,0.88,63.13,0.73,46.35,0.67
2024-11-08,11:00,November,Winter,Inverted-V,93,599.51,29.4,39.39,78.77,0.9,63.02,0.75,47.37,0.67
2024-11-08,11:15,November,Winter,Inverted-V,93,575.46,29.46,38.85,78.94,0.86,63.15,0.72,45.55,0.67
2024-11-08,11:30,November,Winter,Inverted-V,93,551.42,29.53,38.32,79.11,0.82,63.29,0.69,43.71,0.67
2024-11-08,11:45,November,Winter,Inverted-V,93,527.38,29.59,37.78,79.28,0.79,63.43,0.66,41.88,0.67
2024-11-08,12:00,November,Winter,Inverted-V,93,503.33,29.66,37.24,79.45,0.75,63.56,0.63,40.03,0.67
2024-11-08,12:15,November,Winter,Inverted-V,93,462.6,29.66,36.22,79.77,0.69,63.82,0.58,36.9,0.67
2024-11-08,12:30,November,Winter,Inverted-V,93,421.86,29.66,35.2,80.1,0.63,64.08,0.53,33.76,0.67
2024-11-08,12:45,November,Winter,Inverted-V,93,381.12,29.65,34.18,80.42,0.57,64.34,0.48,30.59,0.67
2024-11-08,13:00,November,Winter,Inverted-V,93,340.38,29.65,33.16,80.74,0.51,64.6,0.42,27.4,0.67
2024-11-08,13:15,November,Winter,Inverted-V,93,319.84,29.6,32.6,80.92,0.48,64.74,0.4,25.79,0.67
2024-11-08,13:30,November,Winter,Inverted-V,93,299.29,29.55,32.03,81.1,0.44,64.88,0.37,24.17,0.67
2024-11-08,13:45,November,Winter,Inverted-V,93,278.74,29.5,31.47,81.28,0.41,65.02,0.35,22.55,0.67
2024-11-08,14:00,November,Winter,Inverted-V,93,258.2,29.45,30.9,81.46,0.38,65.17,0.32,20.92,0.67
2024-11-08,14:15,November,Winter,Inverted-V,93,231.52,29.32,30.11,81.71,0.34,65.37,0.29,18.8,0.67
2024-11-08,14:30,November,Winter,Inverted-V,93,204.84,29.2,29.32,81.96,0.3,65.57,0.25,16.67,0.67
2024-11-08,14:45,November,Winter,Inverted-V,93,178.17,29.07,28.53,82.21,0.26,65.77,0.22,14.54,0.67
2024-11-08,15:00,November,Winter,Inverted-V,93,151.49,28.95,27.74,82.46,0.22,65.97,0.19,12.39,0.67
2024-11-08,15:15,November,Winter,Inverted-V,93,129.23,28.78,27.01,82.69,0.19,66.15,0.16,10.59,0.67
2024-11-08,15:30,November,Winter,Inverted-V,93,106.97,28.61,26.28,82.92,0.16,66.34,0.13,8.78,0.67
2024-11-08,15:45,November,Winter,Inverted-V,93,84.72,28.43,25.55,83.15,0.13,66.52,0.1,6.97,0.67
2024-11-08,16:00,November,Winter,Inverted-V,93,62.46,28.26,24.82,83.38,0.09,66.71,0.08,5.15,0.67
2024-11-08,16:15,November,Winter,Inverted-V,93,47.67,27.92,24.11,83.61,0.07,66.89,0.06,3.94,0.67
2024-11-08,16:30,November,Winter,Inverted-V,93,32.89,27.59,23.41,83.83,0.05,67.07,0.04,2.72,0.67
2024-11-08,16:45,November,Winter,Inverted-V,93,18.11,27.25,22.7,84.06,0.03,67.24,0.02,1.5,0.67
2024-11-09,05:15,November,Winter,Inverted-V,93,26.18,23.92,19.57,85.05,0.04,68.04,0.03,2.19,0.67
2024-11-09,05:30,November,Winter,Inverted-V,93,52.36,23.99,20.3,84.81,0.08,67.85,0.06,4.37,0.67
2024-11-09,05:45,November,Winter,Inverted-V,93,78.55,24.07,21.04,84.58,0.12,67.67,0.1,6.54,0.67
2024-11-09,06:00,November,Winter,Inverted-V,93,104.73,24.15,21.77,84.35,0.15,67.48,0.13,8.71,0.67
2024-11-09,06:15,November,Winter,Inverted-V,93,161.09,24.4,23.43,83.83,0.24,67.06,0.2,13.33,0.67
2024-11-09,06:30,November,Winter,Inverted-V,93,217.46,24.65,25.09,83.3,0.32,66.64,0.27,17.92,0.67
2024-11-09,06:45,November,Winter,Inverted-V,93,273.82,24.9,26.75,82.78,0.4,66.22,0.34,22.45,0.67
2024-11-09,07:00,November,Winter,Inverted-V,93,330.19,25.15,28.4,82.25,0.49,65.8,0.41,26.95,0.67
2024-11-09,07:15,November,Winter,Inverted-V,93,389.18,25.48,30.21,81.68,0.58,65.34,0.48,31.6,0.67
2024-11-09,07:30,November,Winter,Inverted-V,93,448.17,25.81,32.02,81.11,0.67,64.88,0.56,36.2,0.67
2024-11-09,07:45,November,Winter,Inverted-V,93,507.17,26.15,33.83,80.53,0.76,64.43,0.63,40.75,0.67
2024-11-09,08:00,November,Winter,Inverted-V,93,566.16,26.48,35.63,79.96,0.84,63.97,0.71,45.24,0.67
2024-11-09,08:15,November,Winter,Inverted-V,93,615.08,26.89,37.26,79.45,0.92,63.56,0.77,48.92,0.67
2024-11-09,08:30,November,Winter,Inverted-V,93,664.01,27.29,38.89,78.93,0.99,63.14,0.83,52.55,0.67
2024-11-09,08:45,November,Winter,Inverted-V,93,712.93,27.7,40.52,78.41,1.07,62.73,0.89,56.14,0.67
2024-11-09,09:00,November,Winter,Inverted-V,93,761.85,28.1,42.15,77.9,1.14,62.32,0.96,59.7,0.67
2024-11-09,09:15,November,Winter,Inverted-V,93,789.81,28.46,43.2,77.56,1.19,62.05,0.99,61.69,0.67
2024-11-09,09:30,November,Winter,Inverted-V,93,817.76,28.81,44.25,77.23,1.23,61.79,1.03,63.66,0.67
2024-11-09,09:45,November,Winter,Inverted-V,93,845.71,29.16,45.31,76.9,1.27,61.52,1.07,65.62,0.67
2024-11-09,10:00,November,Winter,Inverted-V,93,873.67,29.52,46.36,76.56,1.32,61.25,1.1,67.56,0.67
2024-11-09,10:15,November,Winter,Inverted-V,93,851.34,29.78,46.06,76.66,1.28,61.33,1.07,65.9,0.67
2024-11-09,10:30,November,Winter,Inverted-V,93,829.01,30.04,45.76,76.75,1.25,61.4,1.05,64.23,0.67
2024-11-09,10:45,November,Winter,Inverted-V,93,806.68,30.29,45.46,76.85,1.22,61.48,1.02,62.56,0.67
2024-11-09,11:00,November,Winter,Inverted-V,93,784.35,30.55,45.16,76.94,1.18,61.56,0.99,60.89,0.67
2024-11-09,11:15,November,Winter,Inverted-V,93,750.53,30.69,44.45,77.17,1.13,61.74,0.95,58.39,0.67
2024-11-09,11:30,November,Winter,Inverted-V,93,716.72,30.83,43.74,77.39,1.08,61.91,0.9,55.88,0.67
2024-11-09,11:45,November,Winter,Inverted-V,93,682.9,30.96,43.03,77.62,1.03,62.09,0.86,53.36,0.67
2024-11-09,12:00,November,Winter,Inverted-V,93,649.08,31.1,42.33,77.84,0.97,62.27,0.82,50.83,0.67
2024-11-09,12:15,November,Winter,Inverted-V,93,639.25,31.14,42.12,77.91,0.96,62.33,0.8,50.09,0.67
2024-11-09,12:30,November,Winter,Inverted-V,93,629.41,31.17,41.91,77.97,0.94,62.38,0.79,49.36,0.67
2024-11-09,12:45,November,Winter,Inverted-V,93,619.58,31.2,41.69,78.04,0.93,62.43,0.78,48.62,0.67
2024-11-09,13:00,November,Winter,Inverted-V,93,609.75,31.24,41.48,78.11,0.91,62.49,0.77,47.88,0.67
2024-11-09,13:15,November,Winter,Inverted-V,93,561.06,31.18,40.21,78.51,0.84,62.81,0.7,44.23,0.67
2024-11-09,13:30,November,Winter,Inverted-V,93,512.38,31.12,38.93,78.92,0.77,63.13,0.64,40.54,0.67
2024-11-09,13:45,November,Winter,Inverted-V,93,463.7,31.06,37.65,79.32,0.69,63.46,0.58,36.83,0.67
2024-11-09,14:00,November,Winter,Inverted-V,93,415.01,31.0,36.38,79.73,0.62,63.78,0.52,33.09,0.67
2024-11-09,14:15,November,Winter,Inverted-V,93,373.22,30.89,35.22,80.09,0.56,64.07,0.47,29.86,0.67
2024-11-09,14:30,November,Winter,Inverted-V,93,331.44,30.77,34.06,80.46,0.49,64.37,0.41,26.61,0.67
2024-11-09,14:45,November,Winter,Inverted-V,93,289.65,30.66,32.9,80.83,0.43,64.66,0.36,23.33,0.67
2024-11-09,15:00,November,Winter,Inverted-V,93,247.86,30.55,31.75,81.19,0.37,64.95,0.31,20.04,0.67
2024-11-09,15:15,November,Winter,Inverted-V,93,212.78,30.25,30.57,81.56,0.32,65.25,0.26,17.26,0.67
2024-11-09,15:30,November,Winter,Inverted-V,93,177.7,29.95,29.4,81.94,0.26,65.55,0.22,14.46,0.67
2024-11-09,15:45,November,Winter,Inverted-V,93,142.62,29.66,28.22,82.31,0.21,65.85,0.18,11.65,0.67
2024-11-09,16:00,November,Winter,Inverted-V,93,107.54,29.36,27.05,82.68,0.16,66.14,0.13,8.81,0.67
2024-11-09,16:15,November,Winter,Inverted-V,93,82.03,28.85,25.9,83.04,0.12,66.43,0.1,6.74,0.67
2024-11-09,16:30,November,Winter,Inverted-V,93,56.52,28.34,24.75,83.41,0.08,66.72,0.07,4.66,0.67
2024-11-09,16:45,November,Winter,Inverted-V,93,31.01,27.83,23.61,83.77,0.05,67.02,0.04,2.57,0.67
2024-11-09,17:00,November,Winter,Inverted-V,93,5.51,27.32,22.46,84.13,0.01,67.31,0.01,0.46,0.67
2024-11-10,05:15,November,Winter,Inverted-V,93,28.68,22.25,17.96,85.56,0.04,68.44,0.04,2.41,0.67
2024-11-10,05:30,November,Winter,Inverted-V,93,57.36,22.52,18.96,85.24,0.08,68.19,0.07,4.81,0.67
2024-11-10,05:45,November,Winter,Inverted-V,93,86.04,22.8,19.95,84.93,0.13,67.94,0.11,7.19,0.67
2024-11-10,06:00,November,Winter,Inverted-V,93,114.72,23.08,20.95,84.61,0.17,67.69,0.14,9.56,0.67
2024-11-10,06:15,November,Winter,Inverted-V,93,174.83,23.64,23.01,83.96,0.26,67.17,0.22,14.49,0.67
2024-11-10,06:30,November,Winter,Inverted-V,93,234.94,24.2,25.08,83.3,0.35,66.64,0.29,19.36,0.67
2024-11-10,06:45,November,Winter,Inverted-V,93,295.05,24.77,27.14,82.65,0.44,66.12,0.37,24.17,0.67
2024-11-10,07:00,November,Winter,Inverted-V,93,355.16,25.33,29.21,82.0,0.53,65.6,0.44,28.92,0.67
2024-11-10,07:15,November,Winter,Inverted-V,93,416.62,25.88,31.29,81.34,0.62,65.07,0.52,33.72,0.67
2024-11-10,07:30,November,Winter,Inverted-V,93,478.09,26.42,33.37,80.68,0.71,64.54,0.6,38.46,0.67
2024-11-10,07:45,November,Winter,Inverted-V,93,539.55,26.96,35.45,80.02,0.8,64.01,0.67,43.14,0.67
2024-11-10,08:00,November,Winter,Inverted-V,93,601.02,27.51,37.54,79.36,0.9,63.49,0.75,47.76,0.67
2024-11-10,08:15,November,Winter,Inverted-V,93,651.46,27.86,39.15,78.85,0.98,63.08,0.82,51.52,0.67
2024-11-10,08:30,November,Winter,Inverted-V,93,701.91,28.21,40.76,78.34,1.05,62.67,0.88,55.23,0.67
2024-11-10,08:45,November,Winter,Inverted-V,93,752.35,28.56,42.37,77.83,1.13,62.26,0.95,58.91,0.67
2024-11-10,09:00,November,Winter,Inverted-V,93,802.8,28.91,43.98,77.32,1.21,61.85,1.01,62.55,0.67
2024-11-10,09:15,November,Winter,Inverted-V,93,812.96,29.18,44.5,77.15,1.22,61.72,1.02,63.24,0.67
2024-11-10,09:30,November,Winter,Inverted-V,93,823.12,29.45,45.02,76.99,1.24,61.59,1.04,63.92,0.67
2024-11-10,09:45,November,Winter,Inverted-V,93,833.28,29.71,45.54,76.82,1.26,61.46,1.05,64.61,0.67
2024-11-10,10:00,November,Winter,Inverted-V,93,843.45,29.98,46.07,76.66,1.27,61.33,1.06,65.29,0.67
2024-11-10,10:15,November,Winter,Inverted-V,93,860.74,30.18,46.69,76.46,1.3,61.17,1.09,66.49,0.67
2024-11-10,10:30,November,Winter,Inverted-V,93,878.04,30.37,47.32,76.26,1.32,61.01,1.11,67.7,0.67
2024-11-10,10:45,November,Winter,Inverted-V,93,895.34,30.57,47.95,76.06,1.35,60.85,1.13,68.89,0.67
2024-11-10,11:00,November,Winter,Inverted-V,93,912.63,30.76,48.58,75.86,1.38,60.69,1.15,70.08,0.67
2024-11-10,11:15,November,Winter,Inverted-V,93,910.41,30.87,48.63,75.84,1.38,60.68,1.15,69.9,0.67
2024-11-10,11:30,November,Winter,Inverted-V,93,908.19,30.98,48.69,75.83,1.37,60.66,1.15,69.72,0.67
2024-11-10,11:45,November,Winter,Inverted-V,93,905.97,31.1,48.75,75.81,1.37,60.65,1.15,69.53,0.67
2024-11-10,12:00,November,Winter,Inverted-V,93,903.74,31.21,48.8,75.79,1.37,60.63,1.14,69.35,0.67
2024-11-10,12:15,November,Winter,Inverted-V,93,881.24,31.23,48.26,75.96,1.33,60.77,1.11,67.74,0.67
2024-11-10,12:30,November,Winter,Inverted-V,93,858.75,31.26,47.72,76.13,1.3,60.91,1.09,66.12,0.67
2024-11-10,12:45,November,Winter,Inverted-V,93,836.25,31.28,47.18,76.3,1.26,61.04,1.06,64.5,0.67
2024-11-10,13:00,November,Winter,Inverted-V,93,813.75,31.3,46.64,76.47,1.23,61.18,1.03,62.87,0.67
2024-11-10,13:15,November,Winter,Inverted-V,93,765.46,31.25,45.38,76.87,1.15,61.5,0.97,59.38,0.67
2024-11-10,13:30,November,Winter,Inverted-V,93,717.17,31.19,44.12,77.27,1.08,61.82,0.9,55.85,0.67
2024-11-10,13:45,November,Winter,Inverted-V,93,668.88,31.13,42.86,77.67,1.0,62.14,0.84,52.3,0.67
2024-11-10,14:00,November,Winter,Inverted-V,93,620.59,31.08,41.59,78.07,0.93,62.46,0.78,48.71,0.67
2024-11-10,14:15,November,Winter,Inverted-V,93,559.89,30.94,39.93,78.6,0.84,62.88,0.7,44.17,0.67
2024-11-10,14:30,November,Winter,Inverted-V,93,499.19,30.8,38.27,79.12,0.75,63.3,0.63,39.58,0.67
2024-11-10,14:45,November,Winter,Inverted-V,93,438.49,30.65,36.61,79.65,0.65,63.72,0.55,34.94,0.67
2024-11-10,15:00,November,Winter,Inverted-V,93,377.78,30.51,34.95,80.18,0.56,64.14,0.47,30.25,0.67
2024-11-10,15:15,November,Winter,Inverted-V,93,318.17,30.19,33.15,80.75,0.47,64.6,0.4,25.61,0.67
2024-11-10,15:30,November,Winter,Inverted-V,93,258.55,29.88,31.34,81.32,0.38,65.06,0.32,20.92,0.67
2024-11-10,15:45,November,Winter,Inverted-V,93,198.94,29.56,29.53,81.89,0.29,65.51,0.25,16.18,0.67
2024-11-10,16:00,November,Winter,Inverted-V,93,139.32,29.24,27.72,82.47,0.21,65.97,0.17,11.39,0.67
2024-11-10,16:15,November,Winter,Inverted-V,93,105.79,28.66,26.31,82.91,0.16,66.33,0.13,8.69,0.67
2024-11-10,16:30,November,Winter,Inverted-V,93,72.26,28.09,24.9,83.36,0.11,66.69,0.09,5.96,0.67
2024-11-10,16:45,November,Winter,Inverted-V,93,38.73,27.52,23.48,83.81,0.06,67.05,0.05,3.21,0.67
2024-11-11,05:15,November,Winter,Inverted-V,93,28.29,21.96,17.66,85.65,0.04,68.52,0.03,2.38,0.67
2024-11-11,05:30,November,Winter,Inverted-V,93,56.58,22.23,18.64,85.34,0.08,68.27,0.07,4.74,0.67
2024-11-11,05:45,November,Winter,Inverted-V,93,84.87,22.49,19.61,85.03,0.12,68.03,0.1,7.1,0.67
2024-11-11,06:00,November,Winter,Inverted-V,93,113.16,22.76,20.59,84.72,0.17,67.78,0.14,9.44,0.67
2024-11-11,06:15,November,Winter,Inverted-V,93,169.64,23.36,22.6,84.09,0.25,67.27,0.21,14.07,0.67
2024-11-11,06:30,November,Winter,Inverted-V,93,226.11,23.95,24.6,83.45,0.33,66.76,0.28,18.65,0.67
2024-11-11,06:45,November,Winter,Inverted-V,93,282.59,24.55,26.61,82.82,0.42,66.25,0.35,23.18,0.67
2024-11-11,07:00,November,Winter,Inverted-V,93,339.07,25.14,28.62,82.18,0.5,65.75,0.42,27.66,0.67
2024-11-11,07:15,November,Winter,Inverted-V,93,396.99,25.75,30.67,81.53,0.59,65.22,0.49,32.19,0.67
2024-11-11,07:30,November,Winter,Inverted-V,93,454.92,26.36,32.73,80.88,0.68,64.7,0.57,36.67,0.67
2024-11-11,07:45,November,Winter,Inverted-V,93,512.85,26.97,34.79,80.23,0.76,64.18,0.64,41.09,0.67
2024-11-11,08:00,November,Winter,Inverted-V,93,570.78,27.58,36.85,79.58,0.85,63.66,0.71,45.45,0.67
2024-11-11,08:15,November,Winter,Inverted-V,93,621.57,27.95,38.49,79.06,0.93,63.24,0.78,49.25,0.67
2024-11-11,08:30,November,Winter,Inverted-V,93,672.35,28.32,40.13,78.54,1.01,62.83,0.84,53.01,0.67
2024-11-11,08:45,November,Winter,Inverted-V,93,723.14,28.7,41.78,78.02,1.09,62.41,0.91,56.73,0.67
2024-11-11,09:00,November,Winter,Inverted-V,93,773.93,29.07,43.42,77.5,1.16,62.0,0.97,60.4,0.67
2024-11-11,09:15,November,Winter,Inverted-V,93,800.7,29.34,44.36,77.2,1.2,61.76,1.01,62.31,0.67
2024-11-11,09:30,November,Winter,Inverted-V,93,827.47,29.61,45.3,76.9,1.25,61.52,1.04,64.21,0.67
2024-11-11,09:45,November,Winter,Inverted-V,93,854.24,29.88,46.24,76.6,1.29,61.28,1.08,66.09,0.67
2024-11-11,10:00,November,Winter,Inverted-V,93,881.01,30.15,47.18,76.31,1.33,61.05,1.11,67.96,0.67
2024-11-11,10:15,November,Winter,Inverted-V,93,883.13,30.35,47.43,76.23,1.33,60.98,1.12,68.07,0.67
2024-11-11,10:30,November,Winter,Inverted-V,93,885.26,30.55,47.68,76.15,1.34,60.92,1.12,68.17,0.67
2024-11-11,10:45,November,Winter,Inverted-V,93,887.38,30.75,47.93,76.07,1.34,60.85,1.12,68.28,0.67
2024-11-11,11:00,November,Winter,Inverted-V,93,889.51,30.95,48.19,75.99,1.34,60.79,1.13,68.39,0.67
2024-11-11,11:15,November,Winter,Inverted-V,93,884.29,31.09,48.19,75.98,1.34,60.79,1.12,67.99,0.67
2024-11-11,11:30,November,Winter,Inverted-V,93,879.07,31.22,48.2,75.98,1.33,60.79,1.11,67.59,0.67
2024-11-11,11:45,November,Winter,Inverted-V,93,873.84,31.35,48.2,75.98,1.32,60.79,1.11,67.18,0.67
2024-11-11,12:00,November,Winter,Inverted-V,93,868.62,31.49,48.21,75.98,1.31,60.78,1.1,66.78,0.67
2024-11-11,12:15,November,Winter,Inverted-V,93,816.19,31.54,46.95,76.38,1.23,61.1,1.03,63.0,0.67
2024-11-11,12:30,November,Winter,Inverted-V,93,763.77,31.6,45.69,76.78,1.15,61.42,0.96,59.19,0.67
2024-11-11,12:45,November,Winter,Inverted-V,93,711.34,31.66,44.44,77.17,1.07,61.74,0.9,55.34,0.67
2024-11-11,13:00,November,Winter,Inverted-V,93,658.91,31.71,43.18,77.57,0.99,62.06,0.83,51.46,0.67
2024-11-11,13:15,November,Winter,Inverted-V,93,623.48,31.68,42.26,77.86,0.94,62.29,0.78,48.84,0.67
2024-11-11,13:30,November,Winter,Inverted-V,93,588.05,31.64,41.34,78.15,0.88,62.52,0.74,46.19,0.67
2024-11-11,13:45,November,Winter,Inverted-V,93,552.62,31.61,40.42,78.45,0.83,62.76,0.69,43.53,0.67
2024-11-11,14:00,November,Winter,Inverted-V,93,517.19,31.57,39.5,78.74,0.77,62.99,0.65,40.85,0.67
2024-11-11,14:15,November,Winter,Inverted-V,93,467.7,31.43,38.12,79.17,0.7,63.34,0.59,37.1,0.67
2024-11-11,14:30,November,Winter,Inverted-V,93,418.22,31.29,36.74,79.61,0.62,63.69,0.52,33.31,0.67
2024-11-11,14:45,November,Winter,Inverted-V,93,368.73,31.14,35.36,80.05,0.55,64.04,0.46,29.49,0.67
2024-11-11,15:00,November,Winter,Inverted-V,93,319.25,31.0,33.98,80.48,0.48,64.39,0.4,25.64,0.67
2024-11-11,15:15,November,Winter,Inverted-V,93,266.87,30.68,32.35,81.0,0.4,64.8,0.33,21.53,0.67
2024-11-11,15:30,November,Winter,Inverted-V,93,214.49,30.35,30.71,81.52,0.32,65.22,0.27,17.39,0.67
2024-11-11,15:45,November,Winter,Inverted-V,93,162.11,30.02,29.08,82.04,0.24,65.63,0.2,13.21,0.67
2024-11-11,16:00,November,Winter,Inverted-V,93,109.73,29.7,27.44,82.55,0.16,66.04,0.14,8.98,0.67
2024-11-11,16:15,November,Winter,Inverted-V,93,83.44,29.07,26.16,82.96,0.12,66.37,0.1,6.85,0.67
2024-11-11,16:30,November,Winter,Inverted-V,93,57.16,28.45,24.88,83.37,0.08,66.69,0.07,4.71,0.67
2024-11-11,16:45,November,Winter,Inverted-V,93,30.87,27.82,23.6,83.77,0.05,67.02,0.04,2.55,0.67
2024-11-12,05:15,November,Winter,Inverted-V,93,24.29,23.06,18.67,85.33,0.04,68.27,0.03,2.04,0.67
2024-11-12,05:30,November,Winter,Inverted-V,93,48.57,23.24,19.45,85.08,0.07,68.07,0.06,4.06,0.67
2024-11-12,05:45,November,Winter,Inverted-V,93,72.86,23.42,20.24,84.83,0.11,67.87,0.09,6.08,0.67
2024-11-12,06:00,November,Winter,Inverted-V,93,97.15,23.6,21.03,84.59,0.14,67.67,0.12,8.09,0.67
2024-11-12,06:15,November,Winter,Inverted-V,93,150.52,24.06,22.83,84.02,0.22,67.21,0.19,12.48,0.67
2024-11-12,06:30,November,Winter,Inverted-V,93,203.89,24.52,24.62,83.45,0.3,66.76,0.25,16.82,0.67
2024-11-12,06:45,November,Winter,Inverted-V,93,257.26,24.99,26.42,82.88,0.38,66.3,0.32,21.11,0.67
2024-11-12,07:00,November,Winter,Inverted-V,93,310.63,25.45,28.22,82.31,0.46,65.85,0.39,25.37,0.67
2024-11-12,07:15,November,Winter,Inverted-V,93,367.76,26.0,30.2,81.68,0.55,65.35,0.46,29.86,0.67
2024-11-12,07:30,November,Winter,Inverted-V,93,424.9,26.55,32.18,81.06,0.63,64.84,0.53,34.3,0.67
2024-11-12,07:45,November,Winter,Inverted-V,93,482.03,27.11,34.16,80.43,0.72,64.34,0.6,38.69,0.67
2024-11-12,08:00,November,Winter,Inverted-V,93,539.17,27.66,36.14,79.8,0.8,63.84,0.67,43.02,0.67
2024-11-12,08:15,November,Winter,Inverted-V,93,587.26,28.06,37.74,79.29,0.88,63.43,0.74,46.64,0.67
2024-11-12,08:30,November,Winter,Inverted-V,93,635.35,28.46,39.34,78.79,0.95,63.03,0.8,50.21,0.67
2024-11-12,08:45,November,Winter,Inverted-V,93,683.45,28.86,40.95,78.28,1.02,62.62,0.86,53.75,0.67
2024-11-12,09:00,November,Winter,Inverted-V,93,731.54,29.26,42.55,77.77,1.1,62.22,0.92,57.25,0.67
2024-11-12,09:15,November,Winter,Inverted-V,93,758.08,29.56,43.51,77.47,1.14,61.97,0.95,59.15,0.67
2024-11-12,09:30,November,Winter,Inverted-V,93,784.62,29.86,44.47,77.16,1.18,61.73,0.99,61.04,0.67
2024-11-12,09:45,November,Winter,Inverted-V,93,811.16,30.15,45.43,76.86,1.22,61.49,1.02,62.91,0.67
2024-11-12,10:00,November,Winter,Inverted-V,93,837.7,30.45,46.39,76.55,1.26,61.24,1.06,64.78,0.67
2024-11-12,10:15,November,Winter,Inverted-V,93,843.57,30.67,46.76,76.44,1.27,61.15,1.07,65.15,0.67
2024-11-12,10:30,November,Winter,Inverted-V,93,849.44,30.89,47.13,76.32,1.28,61.06,1.07,65.53,0.67
2024-11-12,10:45,November,Winter,Inverted-V,93,855.3,31.11,47.49,76.21,1.29,60.96,1.08,65.91,0.67
2024-11-12,11:00,November,Winter,Inverted-V,93,861.17,31.33,47.86,76.09,1.3,60.87,1.09,66.28,0.67
2024-11-12,11:15,November,Winter,Inverted-V,93,840.67,31.49,47.51,76.2,1.27,60.96,1.06,64.78,0.67
2024-11-12,11:30,November,Winter,Inverted-V,93,820.18,31.66,47.16,76.31,1.24,61.05,1.04,63.27,0.67
2024-11-12,11:45,November,Winter,Inverted-V,93,799.68,31.82,46.81,76.42,1.21,61.14,1.01,61.75,0.67
2024-11-12,12:00,November,Winter,Inverted-V,93,779.19,31.98,46.46,76.53,1.17,61.23,0.98,60.24,0.67
2024-11-12,12:15,November,Winter,Inverted-V,93,733.82,32.05,45.4,76.87,1.11,61.5,0.93,56.92,0.67
2024-11-12,12:30,November,Winter,Inverted-V,93,688.46,32.12,44.33,77.21,1.04,61.77,0.87,53.58,0.67
2024-11-12,12:45,November,Winter,Inverted-V,93,643.09,32.19,43.27,77.54,0.97,62.03,0.81,50.22,0.67
2024-11-12,13:00,November,Winter,Inverted-V,93,597.73,32.26,42.2,77.88,0.9,62.3,0.75,46.83,0.67
2024-11-12,13:15,November,Winter,Inverted-V,93,562.71,32.26,41.33,78.16,0.84,62.53,0.71,44.2,0.67
2024-11-12,13:30,November,Winter,Inverted-V,93,527.69,32.26,40.45,78.44,0.79,62.75,0.66,41.56,0.67
2024-11-12,13:45,November,Winter,Inverted-V,93,492.67,32.26,39.58,78.71,0.74,62.97,0.62,38.91,0.67
2024-11-12,14:00,November,Winter,Inverted-V,93,457.65,32.26,38.7,78.99,0.68,63.19,0.57,36.24,0.67
2024-11-12,14:15,November,Winter,Inverted-V,93,405.38,32.16,37.3,79.43,0.61,63.55,0.51,32.24,0.67
2024-11-12,14:30,November,Winter,Inverted-V,93,353.11,32.07,35.9,79.88,0.53,63.9,0.44,28.2,0.67
2024-11-12,14:45,November,Winter,Inverted-V,93,300.83,31.97,34.5,80.32,0.45,64.26,0.38,24.12,0.67
2024-11-12,15:00,November,Winter,Inverted-V,93,248.56,31.88,33.09,80.77,0.37,64.61,0.31,20.01,0.67
2024-11-12,15:15,November,Winter,Inverted-V,93,207.98,31.63,31.83,81.17,0.31,64.93,0.26,16.81,0.67
2024-11-12,15:30,November,Winter,Inverted-V,93,167.4,31.38,30.56,81.57,0.25,65.25,0.21,13.58,0.67
2024-11-12,15:45,November,Winter,Inverted-V,93,126.82,31.12,29.29,81.97,0.19,65.57,0.16,10.32,0.67
2024-11-12,16:00,November,Winter,Inverted-V,93,86.24,30.87,28.03,82.37,0.13,65.9,0.11,7.05,0.67
2024-11-12,16:15,November,Winter,Inverted-V,93,65.62,30.3,26.94,82.71,0.1,66.17,0.08,5.38,0.67
2024-11-12,16:30,November,Winter,Inverted-V,93,44.99,29.73,25.85,83.06,0.07,66.45,0.06,3.7,0.67
2024-11-12,16:45,November,Winter,Inverted-V,93,24.37,29.16,24.77,83.4,0.04,66.72,0.03,2.01,0.67
2024-11-13,05:15,November,Winter,Inverted-V,93,20.41,24.09,19.61,85.04,0.03,68.03,0.03,1.71,0.67
2024-11-13,05:30,November,Winter,Inverted-V,93,40.82,24.24,20.26,84.83,0.06,67.86,0.05,3.41,0.67
2024-11-13,05:45,November,Winter,Inverted-V,93,61.24,24.39,20.92,84.62,0.09,67.7,0.08,5.1,0.67
2024-11-13,06:00,November,Winter,Inverted-V,93,81.65,24.53,21.57,84.41,0.12,67.53,0.1,6.79,0.67
2024-11-13,06:15,November,Winter,Inverted-V,93,124.48,24.85,22.96,83.97,0.18,67.18,0.15,10.32,0.67
2024-11-13,06:30,November,Winter,Inverted-V,93,167.31,25.17,24.35,83.53,0.25,66.83,0.21,13.81,0.67
2024-11-13,06:45,November,Winter,Inverted-V,93,210.14,25.49,25.74,83.09,0.31,66.47,0.26,17.28,0.67
2024-11-13,07:00,November,Winter,Inverted-V,93,252.97,25.81,27.13,82.65,0.37,66.12,0.31,20.72,0.67
2024-11-13,07:15,November,Winter,Inverted-V,93,294.45,26.12,28.48,82.23,0.44,65.78,0.37,24.03,0.67
2024-11-13,07:30,November,Winter,Inverted-V,93,335.94,26.42,29.82,81.8,0.5,65.44,0.42,27.31,0.67
2024-11-13,07:45,November,Winter,Inverted-V,93,377.42,26.73,31.17,81.37,0.56,65.1,0.47,30.56,0.67
2024-11-13,08:00,November,Winter,Inverted-V,93,418.91,27.04,32.51,80.95,0.62,64.76,0.52,33.79,0.67
2024-11-13,08:15,November,Winter,Inverted-V,93,447.08,27.3,33.48,80.64,0.67,64.51,0.56,35.96,0.67
2024-11-13,08:30,November,Winter,Inverted-V,93,475.26,27.57,34.45,80.34,0.71,64.27,0.59,38.11,0.67
2024-11-13,08:45,November,Winter,Inverted-V,93,503.43,27.84,35.42,80.03,0.75,64.02,0.63,40.26,0.67
2024-11-13,09:00,November,Winter,Inverted-V,93,531.61,28.1,36.39,79.72,0.79,63.78,0.66,42.39,0.67
2024-11-13,09:15,November,Winter,Inverted-V,93,544.29,28.3,36.91,79.56,0.81,63.64,0.68,43.33,0.67
2024-11-13,09:30,November,Winter,Inverted-V,93,556.97,28.51,37.43,79.39,0.83,63.51,0.7,44.27,0.67
2024-11-13,09:45,November,Winter,Inverted-V,93,569.65,28.72,37.96,79.23,0.85,63.38,0.71,45.21,0.67
2024-11-13,10:00,November,Winter,Inverted-V,93,582.34,28.92,38.48,79.06,0.87,63.25,0.73,46.14,0.67
2024-11-13,10:15,November,Winter,Inverted-V,93,589.9,29.05,38.79,78.96,0.88,63.17,0.74,46.7,0.67
2024-11-13,10:30,November,Winter,Inverted-V,93,597.46,29.18,39.11,78.86,0.89,63.09,0.75,47.25,0.67
2024-11-13,10:45,November,Winter,Inverted-V,93,605.02,29.3,39.43,78.76,0.91,63.01,0.76,47.8,0.67
2024-11-13,11:00,November,Winter,Inverted-V,93,612.58,29.43,39.74,78.66,0.92,62.93,0.77,48.35,0.67
2024-11-13,11:15,November,Winter,Inverted-V,93,603.67,29.49,39.58,78.71,0.9,62.97,0.76,47.67,0.67
2024-11-13,11:30,November,Winter,Inverted-V,93,594.77,29.55,39.41,78.76,0.89,63.01,0.75,46.99,0.67
2024-11-13,11:45,November,Winter,Inverted-V,93,585.86,29.6,39.25,78.82,0.88,63.05,0.73,46.31,0.67
2024-11-13,12:00,November,Winter,Inverted-V,93,576.96,29.66,39.08,78.87,0.86,63.09,0.72,45.63,0.67
2024-11-13,12:15,November,Winter,Inverted-V,93,561.72,29.66,38.71,78.99,0.84,63.19,0.7,44.48,0.67
2024-11-13,12:30,November,Winter,Inverted-V,93,546.49,29.66,38.33,79.11,0.82,63.29,0.68,43.32,0.67
2024-11-13,12:45,November,Winter,Inverted-V,93,531.26,29.67,37.95,79.23,0.79,63.38,0.67,42.16,0.67
2024-11-13,13:00,November,Winter,Inverted-V,93,516.02,29.67,37.57,79.35,0.77,63.48,0.65,41.0,0.67
2024-11-13,13:15,November,Winter,Inverted-V,93,489.89,29.64,36.88,79.57,0.73,63.65,0.61,39.0,0.67
2024-11-13,13:30,November,Winter,Inverted-V,93,463.75,29.6,36.19,79.78,0.69,63.83,0.58,37.0,0.67
2024-11-13,13:45,November,Winter,Inverted-V,93,437.62,29.57,35.51,80.0,0.65,64.0,0.55,34.99,0.67
2024-11-13,14:00,November,Winter,Inverted-V,93,411.48,29.53,34.82,80.22,0.61,64.18,0.51,32.96,0.67
2024-11-13,14:15,November,Winter,Inverted-V,93,368.91,29.43,33.65,80.59,0.55,64.47,0.46,29.65,0.67
2024-11-13,14:30,November,Winter,Inverted-V,93,326.33,29.32,32.48,80.96,0.49,64.77,0.41,26.32,0.67
2024-11-13,14:45,November,Winter,Inverted-V,93,283.76,29.21,31.31,81.33,0.42,65.06,0.35,22.97,0.67
2024-11-13,15:00,November,Winter,Inverted-V,93,241.19,29.11,30.14,81.7,0.36,65.36,0.3,19.59,0.67
2024-11-13,15:15,November,Winter,Inverted-V,93,203.52,28.92,29.01,82.06,0.3,65.65,0.25,16.58,0.67
2024-11-13,15:30,November,Winter,Inverted-V,93,165.86,28.73,27.88,82.42,0.25,65.93,0.21,13.56,0.67
2024-11-13,15:45,November,Winter,Inverted-V,93,128.19,28.54,26.74,82.78,0.19,66.22,0.16,10.51,0.67
2024-11-13,16:00,November,Winter,Inverted-V,93,90.53,28.35,25.61,83.13,0.13,66.51,0.11,7.45,0.67
2024-11-13,16:15,November,Winter,Inverted-V,93,69.01,28.01,24.73,83.41,0.1,66.73,0.09,5.69,0.67
2024-11-13,16:30,November,Winter,Inverted-V,93,47.49,27.66,23.85,83.69,0.07,66.95,0.06,3.93,0.67
2024-11-13,16:45,November,Winter,Inverted-V,93,25.97,27.31,22.96,83.97,0.04,67.18,0.03,2.15,0.67
2024-11-14,05:15,November,Winter,Inverted-V,93,19.07,25.43,20.9,84.62,0.03,67.7,0.02,1.59,0.67
2024-11-14,05:30,November,Winter,Inverted-V,93,38.13,25.51,21.46,84.45,0.06,67.56,0.05,3.17,0.67
2024-11-14,05:45,November,Winter,Inverted-V,93,57.2,25.58,22.01,84.27,0.08,67.42,0.07,4.75,0.67
2024-11-14,06:00,November,Winter,Inverted-V,93,76.27,25.66,22.57,84.1,0.11,67.28,0.09,6.33,0.67
2024-11-14,06:15,November,Winter,Inverted-V,93,110.59,25.84,23.61,83.77,0.16,67.01,0.14,9.15,0.67
2024-11-14,06:30,November,Winter,Inverted-V,93,144.91,26.03,24.65,83.44,0.21,66.75,0.18,11.95,0.67
2024-11-14,06:45,November,Winter,Inverted-V,93,179.23,26.21,25.7,83.11,0.26,66.49,0.22,14.74,0.67
2024-11-14,07:00,November,Winter,Inverted-V,93,213.55,26.4,26.74,82.78,0.32,66.22,0.26,17.51,0.67
2024-11-14,07:15,November,Winter,Inverted-V,93,247.31,26.66,27.84,82.43,0.37,65.94,0.31,20.22,0.67
2024-11-14,07:30,November,Winter,Inverted-V,93,281.07,26.91,28.94,82.08,0.42,65.67,0.35,22.9,0.67
2024-11-14,07:45,November,Winter,Inverted-V,93,314.83,27.16,30.04,81.73,0.47,65.39,0.39,25.58,0.67
2024-11-14,08:00,November,Winter,Inverted-V,93,348.59,27.42,31.13,81.39,0.52,65.11,0.43,28.23,0.67
2024-11-14,08:15,November,Winter,Inverted-V,93,378.8,27.66,32.13,81.07,0.56,64.86,0.47,30.59,0.67
2024-11-14,08:30,November,Winter,Inverted-V,93,409.01,27.91,33.13,80.75,0.61,64.6,0.51,32.93,0.67
2024-11-14,08:45,November,Winter,Inverted-V,93,439.21,28.15,34.13,80.44,0.65,64.35,0.55,35.26,0.67
2024-11-14,09:00,November,Winter,Inverted-V,93,469.42,28.39,35.13,80.12,0.7,64.1,0.59,37.57,0.67
2024-11-14,09:15,November,Winter,Inverted-V,93,496.28,28.63,36.04,79.83,0.74,63.87,0.62,39.61,0.67
2024-11-14,09:30,November,Winter,Inverted-V,93,523.14,28.87,36.95,79.54,0.78,63.64,0.65,41.64,0.67
2024-11-14,09:45,November,Winter,Inverted-V,93,549.99,29.11,37.86,79.26,0.82,63.4,0.69,43.66,0.67
2024-11-14,10:00,November,Winter,Inverted-V,93,576.85,29.35,38.77,78.97,0.86,63.17,0.72,45.67,0.67
2024-11-14,10:15,November,Winter,Inverted-V,93,594.63,29.49,39.36,78.78,0.89,63.03,0.75,46.99,0.67
2024-11-14,10:30,November,Winter,Inverted-V,93,612.41,29.63,39.94,78.6,0.92,62.88,0.77,48.31,0.67
2024-11-14,10:45,November,Winter,Inverted-V,93,630.19,29.77,40.52,78.41,0.94,62.73,0.79,49.63,0.67
2024-11-14,11:00,November,Winter,Inverted-V,93,647.97,29.91,41.11,78.23,0.97,62.58,0.81,50.93,0.67
2024-11-14,11:15,November,Winter,Inverted-V,93,638.94,29.96,40.93,78.28,0.96,62.63,0.8,50.25,0.67
2024-11-14,11:30,November,Winter,Inverted-V,93,629.92,30.01,40.75,78.34,0.94,62.67,0.79,49.57,0.67
2024-11-14,11:45,November,Winter,Inverted-V,93,620.9,30.05,40.57,78.4,0.93,62.72,0.78,48.89,0.67
2024-11-14,12:00,November,Winter,Inverted-V,93,611.87,30.1,40.4,78.45,0.92,62.76,0.77,48.2,0.67
2024-11-14,12:15,November,Winter,Inverted-V,93,596.17,30.12,40.03,78.57,0.89,62.86,0.75,47.02,0.67
2024-11-14,12:30,November,Winter,Inverted-V,93,580.47,30.15,39.66,78.69,0.87,62.95,0.73,45.83,0.67
2024-11-14,12:45,November,Winter,Inverted-V,93,564.77,30.18,39.29,78.8,0.85,63.04,0.71,44.64,0.67
2024-11-14,13:00,November,Winter,Inverted-V,93,549.07,30.2,38.93,78.92,0.82,63.13,0.69,43.45,0.67
2024-11-14,13:15,November,Winter,Inverted-V,93,518.25,30.14,38.1,79.18,0.77,63.34,0.65,41.11,0.67
2024-11-14,13:30,November,Winter,Inverted-V,93,487.42,30.08,37.27,79.44,0.73,63.56,0.61,38.76,0.67
2024-11-14,13:45,November,Winter,Inverted-V,93,456.59,30.02,36.43,79.71,0.68,63.77,0.57,36.4,0.67
2024-11-14,14:00,November,Winter,Inverted-V,93,425.77,29.96,35.6,79.97,0.64,63.98,0.53,34.03,0.67
2024-11-14,14:15,November,Winter,Inverted-V,93,382.97,29.82,34.39,80.35,0.57,64.28,0.48,30.72,0.67
2024-11-14,14:30,November,Winter,Inverted-V,93,340.18,29.67,33.17,80.74,0.51,64.59,0.42,27.38,0.67
2024-11-14,14:45,November,Winter,Inverted-V,93,297.38,29.52,31.96,81.12,0.44,64.9,0.37,24.02,0.67
2024-11-14,15:00,November,Winter,Inverted-V,93,254.59,29.38,30.74,81.51,0.38,65.21,0.32,20.64,0.67
2024-11-14,15:15,November,Winter,Inverted-V,93,214.76,29.12,29.49,81.9,0.32,65.52,0.27,17.47,0.67
2024-11-14,15:30,November,Winter,Inverted-V,93,174.93,28.87,28.24,82.3,0.26,65.84,0.22,14.28,0.67
2024-11-14,15:45,November,Winter,Inverted-V,93,135.11,28.61,26.99,82.7,0.2,66.16,0.17,11.07,0.67
2024-11-14,16:00,November,Winter,Inverted-V,93,95.28,28.36,25.74,83.09,0.14,66.47,0.12,7.83,0.67
2024-11-14,16:15,November,Winter,Inverted-V,93,72.36,28.0,24.81,83.39,0.11,66.71,0.09,5.97,0.67
2024-11-14,16:30,November,Winter,Inverted-V,93,49.44,27.63,23.87,83.69,0.07,66.95,0.06,4.09,0.67
2024-11-14,16:45,November,Winter,Inverted-V,93,26.52,27.27,22.94,83.98,0.04,67.19,0.03,2.2,0.67
2024-11-15,05:15,November,Winter,Inverted-V,93,18.98,24.23,19.7,85.01,0.03,68.0,0.02,1.59,0.67
2024-11-15,05:30,November,Winter,Inverted-V,93,37.96,24.3,20.25,84.83,0.06,67.86,0.05,3.17,0.67
2024-11-15,05:45,November,Winter,Inverted-V,93,56.94,24.38,20.81,84.66,0.08,67.72,0.07,4.75,0.67
2024-11-15,06:00,November,Winter,Inverted-V,93,75.92,24.46,21.36,84.48,0.11,67.58,0.09,6.32,0.67
2024-11-15,06:15,November,Winter,Inverted-V,93,108.55,24.66,22.37,84.16,0.16,67.33,0.13,9.01,0.67
2024-11-15,06:30,November,Winter,Inverted-V,93,141.18,24.86,23.38,83.84,0.21,67.07,0.17,11.69,0.67
2024-11-15,06:45,November,Winter,Inverted-V,93,173.81,25.05,24.4,83.52,0.26,66.81,0.21,14.35,0.67
2024-11-15,07:00,November,Winter,Inverted-V,93,206.44,25.25,25.41,83.2,0.3,66.56,0.26,16.99,0.67
2024-11-15,07:15,November,Winter,Inverted-V,93,218.51,25.5,25.96,83.02,0.32,66.42,0.27,17.96,0.67
2024-11-15,07:30,November,Winter,Inverted-V,93,230.58,25.74,26.5,82.85,0.34,66.28,0.29,18.92,0.67
2024-11-15,07:45,November,Winter,Inverted-V,93,242.65,25.98,27.05,82.68,0.36,66.14,0.3,19.88,0.67
2024-11-15,08:00,November,Winter,Inverted-V,93,254.72,26.23,27.6,82.51,0.38,66.0,0.32,20.84,0.67
2024-11-15,08:15,November,Winter,Inverted-V,93,282.05,26.48,28.54,82.21,0.42,65.77,0.35,23.01,0.67
2024-11-15,08:30,November,Winter,Inverted-V,93,309.38,26.74,29.47,81.91,0.46,65.53,0.38,25.17,0.67
2024-11-15,08:45,November,Winter,Inverted-V,93,336.71,27.0,30.41,81.61,0.5,65.29,0.42,27.32,0.67
2024-11-15,09:00,November,Winter,Inverted-V,93,364.05,27.25,31.35,81.32,0.54,65.05,0.45,29.46,0.67
2024-11-15,09:15,November,Winter,Inverted-V,93,384.71,27.46,32.08,81.09,0.57,64.87,0.48,31.07,0.67
2024-11-15,09:30,November,Winter,Inverted-V,93,405.37,27.66,32.8,80.86,0.6,64.69,0.51,32.67,0.67
2024-11-15,09:45,November,Winter,Inverted-V,93,426.03,27.87,33.52,80.63,0.63,64.5,0.53,34.26,0.67
2024-11-15,10:00,November,Winter,Inverted-V,93,446.69,28.08,34.25,80.4,0.67,64.32,0.56,35.84,0.67
2024-11-15,10:15,November,Winter,Inverted-V,93,472.55,28.21,35.02,80.15,0.7,64.12,0.59,37.83,0.67
2024-11-15,10:30,November,Winter,Inverted-V,93,498.41,28.34,35.8,79.91,0.74,63.93,0.62,39.81,0.67
2024-11-15,10:45,November,Winter,Inverted-V,93,524.27,28.46,36.57,79.66,0.78,63.73,0.66,41.78,0.67
2024-11-15,11:00,November,Winter,Inverted-V,93,550.13,28.59,37.34,79.42,0.82,63.54,0.69,43.74,0.67
2024-11-15,11:15,November,Winter,Inverted-V,93,563.0,28.63,37.71,79.3,0.84,63.44,0.7,44.71,0.67
2024-11-15,11:30,November,Winter,Inverted-V,93,575.86,28.68,38.07,79.19,0.86,63.35,0.72,45.69,0.67
2024-11-15,11:45,November,Winter,Inverted-V,93,588.73,28.72,38.44,79.07,0.88,63.26,0.74,46.66,0.67
2024-11-15,12:00,November,Winter,Inverted-V,93,601.59,28.76,38.8,78.96,0.9,63.17,0.75,47.62,0.67
2024-11-15,12:15,November,Winter,Inverted-V,93,582.82,28.72,38.29,79.12,0.87,63.3,0.73,46.21,0.67
2024-11-15,12:30,November,Winter,Inverted-V,93,564.06,28.68,37.78,79.28,0.84,63.43,0.71,44.79,0.67
2024-11-15,12:45,November,Winter,Inverted-V,93,545.29,28.63,37.26,79.44,0.81,63.56,0.68,43.37,0.67
2024-11-15,13:00,November,Winter,Inverted-V,93,526.52,28.59,36.75,79.61,0.79,63.69,0.66,41.94,0.67
2024-11-15,13:15,November,Winter,Inverted-V,93,479.16,28.5,35.48,80.01,0.71,64.01,0.6,38.31,0.67
2024-11-15,13:30,November,Winter,Inverted-V,93,431.81,28.41,34.21,80.41,0.64,64.33,0.54,34.65,0.67
2024-11-15,13:45,November,Winter,Inverted-V,93,384.45,28.33,32.94,80.81,0.57,64.65,0.48,30.97,0.67
2024-11-15,14:00,November,Winter,Inverted-V,93,337.09,28.24,31.67,81.22,0.5,64.97,0.42,27.25,0.67
2024-11-15,14:15,November,Winter,Inverted-V,93,299.66,28.12,30.61,81.55,0.44,65.24,0.37,24.3,0.67
2024-11-15,14:30,November,Winter,Inverted-V,93,262.22,28.0,29.56,81.88,0.39,65.51,0.33,21.33,0.67
2024-11-15,14:45,November,Winter,Inverted-V,93,224.79,27.89,28.51,82.22,0.33,65.77,0.28,18.34,0.67
2024-11-15,15:00,November,Winter,Inverted-V,93,187.36,27.77,27.45,82.55,0.28,66.04,0.23,15.33,0.67
2024-11-15,15:15,November,Winter,Inverted-V,93,160.22,27.59,26.6,82.82,0.24,66.26,0.2,13.14,0.67
2024-11-15,15:30,November,Winter,Inverted-V,93,133.07,27.42,25.75,83.09,0.2,66.47,0.16,10.94,0.67
2024-11-15,15:45,November,Winter,Inverted-V,93,105.93,27.25,24.89,83.36,0.16,66.69,0.13,8.73,0.67
2024-11-15,16:00,November,Winter,Inverted-V,93,78.79,27.07,24.04,83.63,0.12,66.91,0.1,6.51,0.67
2024-11-15,16:15,November,Winter,Inverted-V,93,59.72,26.79,23.29,83.87,0.09,67.1,0.07,4.95,0.67
2024-11-15,16:30,November,Winter,Inverted-V,93,40.66,26.52,22.53,84.11,0.06,67.29,0.05,3.37,0.67
2024-11-15,16:45,November,Winter,Inverted-V,93,21.6,26.24,21.78,84.35,0.03,67.48,0.03,1.8,0.67
2024-11-16,05:15,November,Winter,Inverted-V,93,23.36,23.13,18.71,85.32,0.03,68.25,0.03,1.96,0.67
2024-11-16,05:30,November,Winter,Inverted-V,93,46.73,23.31,19.48,85.08,0.07,68.06,0.06,3.91,0.67
2024-11-16,05:45,November,Winter,Inverted-V,93,70.09,23.49,20.24,84.83,0.1,67.87,0.09,5.85,0.67
2024-11-16,06:00,November,Winter,Inverted-V,93,93.45,23.67,21.01,84.59,0.14,67.67,0.12,7.79,0.67
2024-11-16,06:15,November,Winter,Inverted-V,93,138.3,24.04,22.49,84.12,0.2,67.3,0.17,11.48,0.67
2024-11-16,06:30,November,Winter,Inverted-V,93,183.14,24.41,23.98,83.65,0.27,66.92,0.23,15.13,0.67
2024-11-16,06:45,November,Winter,Inverted-V,93,227.99,24.77,25.47,83.18,0.34,66.54,0.28,18.76,0.67
2024-11-16,07:00,November,Winter,Inverted-V,93,272.83,25.14,26.96,82.71,0.4,66.17,0.34,22.36,0.67
2024-11-16,07:15,November,Winter,Inverted-V,93,320.21,25.62,28.62,82.18,0.47,65.74,0.4,26.12,0.67
2024-11-16,07:30,November,Winter,Inverted-V,93,367.59,26.09,30.28,81.65,0.55,65.32,0.46,29.84,0.67
2024-11-16,07:45,November,Winter,Inverted-V,93,414.97,26.57,31.95,81.13,0.62,64.9,0.52,33.52,0.67
2024-11-16,08:00,November,Winter,Inverted-V,93,462.35,27.05,33.61,80.6,0.69,64.48,0.58,37.17,0.67
2024-11-16,08:15,November,Winter,Inverted-V,93,479.6,27.48,34.47,80.33,0.71,64.26,0.6,38.46,0.67
2024-11-16,08:30,November,Winter,Inverted-V,93,496.84,27.91,35.33,80.06,0.74,64.05,0.62,39.74,0.67
2024-11-16,08:45,November,Winter,Inverted-V,93,514.09,28.34,36.19,79.78,0.77,63.83,0.64,41.02,0.67
2024-11-16,09:00,November,Winter,Inverted-V,93,531.34,28.77,37.05,79.51,0.79,63.61,0.66,42.28,0.67
2024-11-16,09:15,November,Winter,Inverted-V,93,543.74,29.01,37.6,79.34,0.81,63.47,0.68,43.2,0.67
2024-11-16,09:30,November,Winter,Inverted-V,93,556.15,29.25,38.15,79.16,0.83,63.33,0.7,44.11,0.67
2024-11-16,09:45,November,Winter,Inverted-V,93,568.55,29.49,38.7,78.99,0.85,63.19,0.71,45.02,0.67
2024-11-16,10:00,November,Winter,Inverted-V,93,580.95,29.73,39.25,78.81,0.87,63.05,0.73,45.93,0.67
2024-11-16,10:15,November,Winter,Inverted-V,93,586.81,29.85,39.52,78.73,0.88,62.98,0.74,46.35,0.67
2024-11-16,10:30,November,Winter,Inverted-V,93,592.66,29.97,39.79,78.65,0.89,62.92,0.74,46.78,0.67
2024-11-16,10:45,November,Winter,Inverted-V,93,598.51,30.09,40.05,78.56,0.9,62.85,0.75,47.2,0.67
2024-11-16,11:00,November,Winter,Inverted-V,93,604.37,30.21,40.32,78.48,0.91,62.78,0.76,47.62,0.67
2024-11-16,11:15,November,Winter,Inverted-V,93,616.07,30.2,40.6,78.39,0.92,62.71,0.77,48.5,0.67
2024-11-16,11:30,November,Winter,Inverted-V,93,627.78,30.19,40.88,78.3,0.94,62.64,0.79,49.38,0.67
2024-11-16,11:45,November,Winter,Inverted-V,93,639.48,30.17,41.16,78.21,0.96,62.57,0.8,50.26,0.67
2024-11-16,12:00,November,Winter,Inverted-V,93,651.19,30.16,41.44,78.12,0.98,62.5,0.82,51.14,0.67
2024-11-16,12:15,November,Winter,Inverted-V,93,612.63,30.09,40.4,78.45,0.92,62.76,0.77,48.26,0.67
2024-11-16,12:30,November,Winter,Inverted-V,93,574.07,30.02,39.37,78.78,0.86,63.02,0.72,45.37,0.67
2024-11-16,12:45,November,Winter,Inverted-V,93,535.52,29.94,38.33,79.11,0.8,63.29,0.67,42.45,0.67
2024-11-16,13:00,November,Winter,Inverted-V,93,496.96,29.87,37.29,79.44,0.74,63.55,0.62,39.52,0.67
2024-11-16,13:15,November,Winter,Inverted-V,93,448.96,29.76,35.98,79.85,0.67,63.88,0.56,35.84,0.67
2024-11-16,13:30,November,Winter,Inverted-V,93,400.97,29.64,34.66,80.27,0.6,64.21,0.5,32.14,0.67
2024-11-16,13:45,November,Winter,Inverted-V,93,352.97,29.52,33.35,80.68,0.53,64.55,0.44,28.4,0.67
2024-11-16,14:00,November,Winter,Inverted-V,93,304.97,29.41,32.03,81.1,0.45,64.88,0.38,24.63,0.67
2024-11-16,14:15,November,Winter,Inverted-V,93,277.16,29.28,31.21,81.36,0.41,65.09,0.34,22.44,0.67
2024-11-16,14:30,November,Winter,Inverted-V,93,249.35,29.14,30.38,81.62,0.37,65.3,0.31,20.24,0.67
2024-11-16,14:45,November,Winter,Inverted-V,93,221.54,29.01,29.55,81.89,0.33,65.51,0.28,18.02,0.67
2024-11-16,15:00,November,Winter,Inverted-V,93,193.73,28.88,28.72,82.15,0.29,65.72,0.24,15.8,0.67
2024-11-16,15:15,November,Winter,Inverted-V,93,164.82,28.68,27.8,82.44,0.24,65.95,0.2,13.47,0.67
2024-11-16,15:30,November,Winter,Inverted-V,93,135.91,28.48,26.88,82.73,0.2,66.19,0.17,11.14,0.67
2024-11-16,15:45,November,Winter,Inverted-V,93,107.0,28.29,25.96,83.02,0.16,66.42,0.13,8.79,0.67
2024-11-16,16:00,November,Winter,Inverted-V,93,78.08,28.09,25.04,83.31,0.12,66.65,0.1,6.43,0.67
2024-11-16,16:15,November,Winter,Inverted-V,93,59.6,27.75,24.24,83.57,0.09,66.86,0.07,4.92,0.67
2024-11-16,16:30,November,Winter,Inverted-V,93,41.12,27.41,23.43,83.82,0.06,67.06,0.05,3.4,0.67
2024-11-16,16:45,November,Winter,Inverted-V,93,22.64,27.06,22.63,84.08,0.03,67.26,0.03,1.88,0.67
2024-11-17,05:15,November,Winter,Inverted-V,93,26.79,23.95,19.62,85.03,0.04,68.02,0.03,2.24,0.67
2024-11-17,05:30,November,Winter,Inverted-V,93,53.58,24.1,20.44,84.77,0.08,67.82,0.07,4.47,0.67
2024-11-17,05:45,November,Winter,Inverted-V,93,80.37,24.25,21.25,84.51,0.12,67.61,0.1,6.69,0.67
2024-11-17,06:00,November,Winter,Inverted-V,93,107.16,24.39,22.07,84.26,0.16,67.4,0.13,8.9,0.67
2024-11-17,06:15,November,Winter,Inverted-V,93,162.88,24.7,23.78,83.72,0.24,66.97,0.2,13.47,0.67
2024-11-17,06:30,November,Winter,Inverted-V,93,218.6,25.02,25.49,83.17,0.32,66.54,0.27,17.99,0.67
2024-11-17,06:45,November,Winter,Inverted-V,93,274.33,25.34,27.19,82.63,0.41,66.11,0.34,22.47,0.67
2024-11-17,07:00,November,Winter,Inverted-V,93,330.05,25.65,28.9,82.09,0.49,65.67,0.41,26.9,0.67
2024-11-17,07:15,November,Winter,Inverted-V,93,386.6,26.06,30.73,81.51,0.57,65.21,0.48,31.34,0.67
2024-11-17,07:30,November,Winter,Inverted-V,93,443.15,26.48,32.55,80.94,0.66,64.75,0.55,35.74,0.67
2024-11-17,07:45,November,Winter,Inverted-V,93,499.7,26.89,34.38,80.36,0.74,64.29,0.62,40.08,0.67
2024-11-17,08:00,November,Winter,Inverted-V,93,556.25,27.3,36.21,79.78,0.83,63.82,0.7,44.38,0.67
2024-11-17,08:15,November,Winter,Inverted-V,93,558.64,27.7,36.66,79.64,0.83,63.71,0.7,44.51,0.67
2024-11-17,08:30,November,Winter,Inverted-V,93,561.02,28.09,37.12,79.49,0.84,63.59,0.7,44.64,0.67
2024-11-17,08:45,November,Winter,Inverted-V,93,563.41,28.48,37.57,79.35,0.84,63.48,0.71,44.77,0.67
2024-11-17,09:00,November,Winter,Inverted-V,93,565.79,28.88,38.02,79.2,0.85,63.36,0.71,44.89,0.67
2024-11-17,09:15,November,Winter,Inverted-V,93,582.44,29.13,38.69,78.99,0.87,63.19,0.73,46.12,0.67
2024-11-17,09:30,November,Winter,Inverted-V,93,599.09,29.38,39.35,78.78,0.9,63.03,0.75,47.35,0.67
2024-11-17,09:45,November,Winter,Inverted-V,93,615.74,29.62,40.02,78.57,0.92,62.86,0.77,48.56,0.67
2024-11-17,10:00,November,Winter,Inverted-V,93,632.39,29.87,40.68,78.36,0.95,62.69,0.79,49.78,0.67
2024-11-17,10:15,November,Winter,Inverted-V,93,646.75,30.01,41.18,78.21,0.97,62.56,0.81,50.83,0.67
2024-11-17,10:30,November,Winter,Inverted-V,93,661.11,30.15,41.67,78.05,0.99,62.44,0.83,51.88,0.67
2024-11-17,10:45,November,Winter,Inverted-V,93,675.46,30.28,42.17,77.89,1.01,62.31,0.85,52.92,0.67
2024-11-17,11:00,November,Winter,Inverted-V,93,689.82,30.42,42.67,77.73,1.04,62.19,0.87,53.97,0.67
2024-11-17,11:15,November,Winter,Inverted-V,93,698.76,30.5,42.97,77.64,1.05,62.11,0.88,54.61,0.67
2024-11-17,11:30,November,Winter,Inverted-V,93,707.71,30.58,43.27,77.54,1.06,62.03,0.89,55.26,0.67
2024-11-17,11:45,November,Winter,Inverted-V,93,716.65,30.66,43.58,77.45,1.08,61.96,0.9,55.91,0.67
2024-11-17,12:00,November,Winter,Inverted-V,93,725.6,30.74,43.88,77.35,1.09,61.88,0.91,56.55,0.67
2024-11-17,12:15,November,Winter,Inverted-V,93,706.53,30.74,43.4,77.5,1.06,62.0,0.89,55.15,0.67
2024-11-17,12:30,November,Winter,Inverted-V,93,687.46,30.74,42.93,77.65,1.03,62.12,0.87,53.74,0.67
2024-11-17,12:45,November,Winter,Inverted-V,93,668.39,30.74,42.45,77.8,1.0,62.24,0.84,52.32,0.67
2024-11-17,13:00,November,Winter,Inverted-V,93,649.32,30.74,41.97,77.95,0.97,62.36,0.82,50.91,0.67
2024-11-17,13:15,November,Winter,Inverted-V,93,612.65,30.7,41.01,78.26,0.92,62.61,0.77,48.17,0.67
2024-11-17,13:30,November,Winter,Inverted-V,93,575.97,30.66,40.05,78.56,0.86,62.85,0.72,45.42,0.67
2024-11-17,13:45,November,Winter,Inverted-V,93,539.3,30.61,39.1,78.86,0.81,63.09,0.68,42.65,0.67
2024-11-17,14:00,November,Winter,Inverted-V,93,502.63,30.57,38.14,79.17,0.75,63.33,0.63,39.87,0.67
2024-11-17,14:15,November,Winter,Inverted-V,93,451.32,30.42,36.71,79.62,0.67,63.7,0.56,35.95,0.67
2024-11-17,14:30,November,Winter,Inverted-V,93,400.01,30.27,35.28,80.07,0.6,64.06,0.5,32.0,0.67
2024-11-17,14:45,November,Winter,Inverted-V,93,348.69,30.13,33.84,80.53,0.52,64.42,0.43,28.01,0.67
2024-11-17,15:00,November,Winter,Inverted-V,93,297.38,29.98,32.41,80.98,0.44,64.78,0.37,23.99,0.67
2024-11-17,15:15,November,Winter,Inverted-V,93,249.64,29.67,30.91,81.46,0.37,65.17,0.31,20.23,0.67
2024-11-17,15:30,November,Winter,Inverted-V,93,201.9,29.36,29.4,81.93,0.3,65.55,0.25,16.43,0.67
2024-11-17,15:45,November,Winter,Inverted-V,93,154.15,29.04,27.9,82.41,0.23,65.93,0.19,12.6,0.67
2024-11-17,16:00,November,Winter,Inverted-V,93,106.41,28.73,26.39,82.89,0.16,66.31,0.13,8.73,0.67
2024-11-17,16:15,November,Winter,Inverted-V,93,80.84,28.35,25.37,83.21,0.12,66.57,0.1,6.65,0.67
2024-11-17,16:30,November,Winter,Inverted-V,93,55.27,27.97,24.35,83.53,0.08,66.83,0.07,4.56,0.67
2024-11-17,16:45,November,Winter,Inverted-V,93,29.71,27.59,23.33,83.86,0.04,67.08,0.04,2.46,0.67
2024-11-18,05:15,November,Winter,Inverted-V,93,18.78,23.33,18.8,85.29,0.03,68.23,0.02,1.57,0.67
2024-11-18,05:30,November,Winter,Inverted-V,93,37.56,23.38,19.31,85.13,0.06,68.1,0.05,3.14,0.67
2024-11-18,05:45,November,Winter,Inverted-V,93,56.34,23.42,19.83,84.97,0.08,67.97,0.07,4.71,0.67
2024-11-18,06:00,November,Winter,Inverted-V,93,75.11,23.46,20.34,84.8,0.11,67.84,0.09,6.27,0.67
2024-11-18,06:15,November,Winter,Inverted-V,93,112.86,23.73,21.55,84.42,0.17,67.54,0.14,9.39,0.67
2024-11-18,06:30,November,Winter,Inverted-V,93,150.61,23.99,22.76,84.04,0.22,67.23,0.19,12.49,0.67
2024-11-18,06:45,November,Winter,Inverted-V,93,188.35,24.25,23.96,83.66,0.28,66.92,0.23,15.57,0.67
2024-11-18,07:00,November,Winter,Inverted-V,93,226.1,24.52,25.17,83.27,0.33,66.62,0.28,18.62,0.67
2024-11-18,07:15,November,Winter,Inverted-V,93,268.52,24.88,26.59,82.82,0.4,66.26,0.33,22.03,0.67
2024-11-18,07:30,November,Winter,Inverted-V,93,310.95,25.23,28.01,82.38,0.46,65.9,0.39,25.41,0.67
2024-11-18,07:45,November,Winter,Inverted-V,93,353.37,25.59,29.43,81.93,0.52,65.54,0.44,28.76,0.67
2024-11-18,08:00,November,Winter,Inverted-V,93,395.8,25.95,30.84,81.48,0.59,65.18,0.49,32.08,0.67
2024-11-18,08:15,November,Winter,Inverted-V,93,432.83,26.36,32.18,81.06,0.64,64.84,0.54,34.94,0.67
2024-11-18,08:30,November,Winter,Inverted-V,93,469.87,26.76,33.51,80.63,0.7,64.51,0.59,37.79,0.67
2024-11-18,08:45,November,Winter,Inverted-V,93,506.91,27.16,34.84,80.21,0.76,64.17,0.63,40.61,0.67
2024-11-18,09:00,November,Winter,Inverted-V,93,543.94,27.57,36.17,79.79,0.81,63.83,0.68,43.4,0.67
2024-11-18,09:15,November,Winter,Inverted-V,93,540.18,27.91,36.42,79.71,0.81,63.77,0.68,43.07,0.67
2024-11-18,09:30,November,Winter,Inverted-V,93,536.41,28.26,36.67,79.63,0.8,63.71,0.67,42.74,0.67
2024-11-18,09:45,November,Winter,Inverted-V,93,532.64,28.61,36.92,79.55,0.8,63.64,0.67,42.4,0.67
2024-11-18,10:00,November,Winter,Inverted-V,93,528.88,28.95,37.17,79.47,0.79,63.58,0.66,42.07,0.67
2024-11-18,10:15,November,Winter,Inverted-V,93,536.71,29.16,37.58,79.34,0.8,63.47,0.67,42.64,0.67
2024-11-18,10:30,November,Winter,Inverted-V,93,544.55,29.38,37.99,79.21,0.81,63.37,0.68,43.21,0.67
2024-11-18,10:45,November,Winter,Inverted-V,93,552.38,29.59,38.4,79.08,0.83,63.27,0.69,43.78,0.67
2024-11-18,11:00,November,Winter,Inverted-V,93,560.22,29.81,38.82,78.95,0.84,63.16,0.7,44.35,0.67
2024-11-18,11:15,November,Winter,Inverted-V,93,554.66,29.92,38.79,78.96,0.83,63.17,0.7,43.91,0.67
2024-11-18,11:30,November,Winter,Inverted-V,93,549.11,30.03,38.76,78.97,0.82,63.18,0.69,43.47,0.67
2024-11-18,11:45,November,Winter,Inverted-V,93,543.56,30.14,38.73,78.98,0.81,63.18,0.68,43.04,0.67
2024-11-18,12:00,November,Winter,Inverted-V,93,538.0,30.25,38.7,78.99,0.8,63.19,0.67,42.6,0.67
2024-11-18,12:15,November,Winter,Inverted-V,93,506.73,30.3,37.96,79.22,0.76,63.38,0.63,40.21,0.67
2024-11-18,12:30,November,Winter,Inverted-V,93,475.46,30.34,37.23,79.46,0.71,63.57,0.59,37.82,0.67
2024-11-18,12:45,November,Winter,Inverted-V,93,444.19,30.38,36.49,79.69,0.66,63.75,0.56,35.41,0.67
2024-11-18,13:00,November,Winter,Inverted-V,93,412.92,30.43,35.75,79.92,0.62,63.94,0.52,32.99,0.67
2024-11-18,13:15,November,Winter,Inverted-V,93,417.38,30.38,35.81,79.91,0.62,63.92,0.52,33.34,0.67
2024-11-18,13:30,November,Winter,Inverted-V,93,421.84,30.32,35.87,79.89,0.63,63.91,0.53,33.69,0.67
2024-11-18,13:45,November,Winter,Inverted-V,93,426.3,30.27,35.92,79.87,0.64,63.9,0.53,34.04,0.67
2024-11-18,14:00,November,Winter,Inverted-V,93,430.76,30.21,35.98,79.85,0.64,63.88,0.54,34.39,0.67
2024-11-18,14:15,November,Winter,Inverted-V,93,383.81,30.02,34.62,80.28,0.57,64.23,0.48,30.76,0.67
2024-11-18,14:30,November,Winter,Inverted-V,93,336.87,29.84,33.26,80.71,0.5,64.57,0.42,27.11,0.67
2024-11-18,14:45,November,Winter,Inverted-V,93,289.92,29.66,31.9,81.14,0.43,64.91,0.36,23.42,0.67
2024-11-18,15:00,November,Winter,Inverted-V,93,242.98,29.47,30.54,81.57,0.36,65.26,0.3,19.71,0.67
2024-11-18,15:15,November,Winter,Inverted-V,93,204.08,29.2,29.31,81.96,0.3,65.57,0.25,16.61,0.67
2024-11-18,15:30,November,Winter,Inverted-V,93,165.18,28.94,28.07,82.36,0.24,65.88,0.2,13.49,0.67
2024-11-18,15:45,November,Winter,Inverted-V,93,126.27,28.68,26.83,82.75,0.19,66.2,0.16,10.35,0.67
2024-11-18,16:00,November,Winter,Inverted-V,93,87.37,28.41,25.59,83.14,0.13,66.51,0.11,7.19,0.67
2024-11-18,16:15,November,Winter,Inverted-V,93,66.6,28.02,24.68,83.43,0.1,66.74,0.08,5.49,0.67
2024-11-18,16:30,November,Winter,Inverted-V,93,45.82,27.62,23.77,83.72,0.07,66.97,0.06,3.79,0.67
2024-11-18,16:45,November,Winter,Inverted-V,93,25.04,27.23,22.86,84.01,0.04,67.2,0.03,2.08,0.67
2024-11-19,05:15,November,Winter,Inverted-V,93,17.04,23.65,19.07,85.2,0.02,68.16,0.02,1.43,0.67
2024-11-19,05:30,November,Winter,Inverted-V,93,34.07,23.71,19.57,85.05,0.05,68.04,0.04,2.85,0.67
2024-11-19,05:45,November,Winter,Inverted-V,93,51.11,23.78,20.06,84.89,0.08,67.91,0.06,4.27,0.67
2024-11-19,06:00,November,Winter,Inverted-V,93,68.15,23.85,20.55,84.74,0.1,67.79,0.08,5.69,0.67
2024-11-19,06:15,November,Winter,Inverted-V,93,99.53,24.13,21.62,84.4,0.15,67.52,0.12,8.28,0.67
2024-11-19,06:30,November,Winter,Inverted-V,93,130.91,24.41,22.68,84.06,0.19,67.25,0.16,10.86,0.67
2024-11-19,06:45,November,Winter,Inverted-V,93,162.29,24.68,23.74,83.73,0.24,66.98,0.2,13.42,0.67
2024-11-19,07:00,November,Winter,Inverted-V,93,193.67,24.96,24.8,83.39,0.29,66.71,0.24,15.97,0.67
2024-11-19,07:15,November,Winter,Inverted-V,93,228.22,25.33,26.04,83.0,0.34,66.4,0.28,18.75,0.67
2024-11-19,07:30,November,Winter,Inverted-V,93,262.77,25.7,27.27,82.61,0.39,66.09,0.33,21.52,0.67
2024-11-19,07:45,November,Winter,Inverted-V,93,297.33,26.07,28.5,82.22,0.44,65.77,0.37,24.26,0.67
2024-11-19,08:00,November,Winter,Inverted-V,93,331.88,26.44,29.74,81.83,0.49,65.46,0.41,26.98,0.67
2024-11-19,08:15,November,Winter,Inverted-V,93,339.86,26.8,30.29,81.65,0.5,65.32,0.42,27.59,0.67
2024-11-19,08:30,November,Winter,Inverted-V,93,347.83,27.16,30.85,81.48,0.52,65.18,0.43,28.19,0.67
2024-11-19,08:45,November,Winter,Inverted-V,93,355.8,27.51,31.41,81.3,0.53,65.04,0.44,28.79,0.67
2024-11-19,09:00,November,Winter,Inverted-V,93,363.78,27.87,31.96,81.12,0.54,64.9,0.45,29.39,0.67
2024-11-19,09:15,November,Winter,Inverted-V,93,375.53,28.15,32.54,80.94,0.56,64.75,0.47,30.29,0.67
2024-11-19,09:30,November,Winter,Inverted-V,93,387.28,28.43,33.11,80.76,0.58,64.61,0.48,31.18,0.67
2024-11-19,09:45,November,Winter,Inverted-V,93,399.03,28.71,33.69,80.58,0.59,64.46,0.5,32.07,0.67
2024-11-19,10:00,November,Winter,Inverted-V,93,410.78,28.99,34.26,80.4,0.61,64.32,0.51,32.96,0.67
2024-11-19,10:15,November,Winter,Inverted-V,93,410.55,29.2,34.46,80.33,0.61,64.27,0.51,32.92,0.67
2024-11-19,10:30,November,Winter,Inverted-V,93,410.33,29.4,34.66,80.27,0.61,64.22,0.51,32.89,0.67
2024-11-19,10:45,November,Winter,Inverted-V,93,410.11,29.6,34.86,80.21,0.61,64.17,0.51,32.85,0.67
2024-11-19,11:00,November,Winter,Inverted-V,93,409.88,29.81,35.06,80.14,0.61,64.11,0.51,32.81,0.67
2024-11-19,11:15,November,Winter,Inverted-V,93,418.1,29.91,35.37,80.05,0.62,64.04,0.52,33.44,0.67
2024-11-19,11:30,November,Winter,Inverted-V,93,426.31,30.02,35.68,79.95,0.64,63.96,0.53,34.06,0.67
2024-11-19,11:45,November,Winter,Inverted-V,93,434.53,30.12,35.99,79.85,0.65,63.88,0.54,34.69,0.67
2024-11-19,12:00,November,Winter,Inverted-V,93,442.75,30.23,36.3,79.75,0.66,63.8,0.55,35.31,0.67
2024-11-19,12:15,November,Winter,Inverted-V,93,428.73,30.25,35.96,79.86,0.64,63.89,0.54,34.23,0.67
2024-11-19,12:30,November,Winter,Inverted-V,93,414.72,30.26,35.63,79.96,0.62,63.97,0.52,33.14,0.67
2024-11-19,12:45,November,Winter,Inverted-V,93,400.71,30.27,35.29,80.07,0.6,64.06,0.5,32.06,0.67
2024-11-19,13:00,November,Winter,Inverted-V,93,386.69,30.29,34.96,80.18,0.58,64.14,0.48,30.96,0.67
2024-11-19,13:15,November,Winter,Inverted-V,93,382.52,30.2,34.77,80.24,0.57,64.19,0.48,30.65,0.67
2024-11-19,13:30,November,Winter,Inverted-V,93,378.34,30.12,34.58,80.3,0.56,64.24,0.47,30.33,0.67
2024-11-19,13:45,November,Winter,Inverted-V,93,374.16,30.04,34.39,80.35,0.56,64.28,0.47,30.01,0.67
2024-11-19,14:00,November,Winter,Inverted-V,93,369.99,29.95,34.2,80.41,0.55,64.33,0.46,29.69,0.67
2024-11-19,14:15,November,Winter,Inverted-V,93,334.24,29.73,33.09,80.77,0.5,64.61,0.42,26.91,0.67
2024-11-19,14:30,November,Winter,Inverted-V,93,298.5,29.51,31.97,81.12,0.44,64.9,0.37,24.11,0.67
2024-11-19,14:45,November,Winter,Inverted-V,93,262.76,29.29,30.86,81.47,0.39,65.18,0.33,21.29,0.67
2024-11-19,15:00,November,Winter,Inverted-V,93,227.02,29.07,29.75,81.83,0.34,65.46,0.28,18.46,0.67
2024-11-19,15:15,November,Winter,Inverted-V,93,193.43,28.79,28.63,82.18,0.29,65.74,0.24,15.78,0.67
2024-11-19,15:30,November,Winter,Inverted-V,93,159.84,28.51,27.51,82.53,0.24,66.03,0.2,13.08,0.67
2024-11-19,15:45,November,Winter,Inverted-V,93,126.25,28.23,26.39,82.89,0.19,66.31,0.16,10.36,0.67
2024-11-19,16:00,November,Winter,Inverted-V,93,92.66,27.95,25.27,83.24,0.14,66.59,0.11,7.63,0.67
2024-11-19,16:15,November,Winter,Inverted-V,93,70.52,27.57,24.33,83.54,0.1,66.83,0.09,5.82,0.67
2024-11-19,16:30,November,Winter,Inverted-V,93,48.38,27.19,23.4,83.83,0.07,67.07,0.06,4.0,0.67
2024-11-19,16:45,November,Winter,Inverted-V,93,26.24,26.81,22.47,84.13,0.04,67.3,0.03,2.18,0.67
2024-11-20,05:15,November,Winter,Inverted-V,93,8.39,22.83,18.04,85.53,0.01,68.42,0.01,0.7,0.67
2024-11-20,05:30,November,Winter,Inverted-V,93,16.78,22.82,18.24,85.47,0.02,68.37,0.02,1.41,0.67
2024-11-20,05:45,November,Winter,Inverted-V,93,25.17,22.82,18.45,85.4,0.04,68.32,0.03,2.11,0.67
2024-11-20,06:00,November,Winter,Inverted-V,93,33.57,22.81,18.65,85.34,0.05,68.27,0.04,2.81,0.67
2024-11-20,06:15,November,Winter,Inverted-V,93,48.71,22.93,19.15,85.18,0.07,68.15,0.06,4.08,0.67
2024-11-20,06:30,November,Winter,Inverted-V,93,63.86,23.05,19.64,85.02,0.09,68.02,0.08,5.34,0.67
2024-11-20,06:45,November,Winter,Inverted-V,93,79.01,23.16,20.14,84.87,0.12,67.89,0.1,6.6,0.67
2024-11-20,07:00,November,Winter,Inverted-V,93,94.15,23.28,20.63,84.71,0.14,67.77,0.12,7.85,0.67
2024-11-20,07:15,November,Winter,Inverted-V,93,107.55,23.52,21.21,84.53,0.16,67.62,0.13,8.96,0.67
2024-11-20,07:30,November,Winter,Inverted-V,93,120.95,23.77,21.79,84.34,0.18,67.48,0.15,10.06,0.67
2024-11-20,07:45,November,Winter,Inverted-V,93,134.35,24.01,22.37,84.16,0.2,67.33,0.17,11.15,0.67
2024-11-20,08:00,November,Winter,Inverted-V,93,147.74,24.25,22.94,83.98,0.22,67.18,0.18,12.24,0.67
2024-11-20,08:15,November,Winter,Inverted-V,93,163.19,24.57,23.65,83.75,0.24,67.0,0.2,13.5,0.67
2024-11-20,08:30,November,Winter,Inverted-V,93,178.63,24.89,24.36,83.53,0.26,66.82,0.22,14.75,0.67
2024-11-20,08:45,November,Winter,Inverted-V,93,194.08,25.22,25.07,83.31,0.29,66.64,0.24,15.99,0.67
2024-11-20,09:00,November,Winter,Inverted-V,93,209.52,25.54,25.78,83.08,0.31,66.47,0.26,17.23,0.67
2024-11-20,09:15,November,Winter,Inverted-V,93,220.01,25.85,26.35,82.9,0.33,66.32,0.27,18.06,0.67
2024-11-20,09:30,November,Winter,Inverted-V,93,230.5,26.16,26.92,82.72,0.34,66.18,0.29,18.89,0.67
2024-11-20,09:45,November,Winter,Inverted-V,93,240.99,26.47,27.49,82.54,0.36,66.03,0.3,19.72,0.67
2024-11-20,10:00,November,Winter,Inverted-V,93,251.48,26.78,28.07,82.36,0.37,65.89,0.31,20.54,0.67
2024-11-20,10:15,November,Winter,Inverted-V,93,250.2,27.0,28.26,82.3,0.37,65.84,0.31,20.43,0.67
2024-11-20,10:30,November,Winter,Inverted-V,93,248.91,27.23,28.45,82.24,0.37,65.79,0.31,20.31,0.67
2024-11-20,10:45,November,Winter,Inverted-V,93,247.63,27.45,28.64,82.18,0.37,65.74,0.31,20.2,0.67
2024-11-20,11:00,November,Winter,Inverted-V,93,246.35,27.67,28.83,82.12,0.37,65.69,0.31,20.08,0.67
2024-11-20,11:15,November,Winter,Inverted-V,93,226.34,27.78,28.44,82.24,0.34,65.79,0.28,18.47,0.67
2024-11-20,11:30,November,Winter,Inverted-V,93,206.33,27.89,28.05,82.36,0.31,65.89,0.26,16.86,0.67
2024-11-20,11:45,November,Winter,Inverted-V,93,186.33,28.0,27.66,82.49,0.28,65.99,0.23,15.24,0.67
2024-11-20,12:00,November,Winter,Inverted-V,93,166.32,28.11,27.27,82.61,0.25,66.09,0.21,13.62,0.67
2024-11-20,12:15,November,Winter,Inverted-V,93,191.88,28.09,27.89,82.41,0.28,65.93,0.24,15.68,0.67
2024-11-20,12:30,November,Winter,Inverted-V,93,217.45,28.07,28.51,82.22,0.32,65.77,0.27,17.74,0.67
2024-11-20,12:45,November,Winter,Inverted-V,93,243.01,28.05,29.13,82.02,0.36,65.62,0.3,19.79,0.67
2024-11-20,13:00,November,Winter,Inverted-V,93,268.57,28.03,29.74,81.83,0.4,65.46,0.33,21.84,0.67
2024-11-20,13:15,November,Winter,Inverted-V,93,232.07,27.96,28.76,82.14,0.34,65.71,0.29,18.92,0.67
2024-11-20,13:30,November,Winter,Inverted-V,93,195.56,27.88,27.77,82.45,0.29,65.96,0.24,15.99,0.67
2024-11-20,13:45,November,Winter,Inverted-V,93,159.05,27.81,26.79,82.76,0.24,66.21,0.2,13.04,0.67
2024-11-20,14:00,November,Winter,Inverted-V,93,122.55,27.74,25.8,83.07,0.18,66.46,0.15,10.08,0.67
2024-11-20,14:15,November,Winter,Inverted-V,93,119.93,27.63,25.63,83.13,0.18,66.5,0.15,9.87,0.67
2024-11-20,14:30,November,Winter,Inverted-V,93,117.32,27.53,25.46,83.18,0.17,66.55,0.15,9.65,0.67
2024-11-20,14:45,November,Winter,Inverted-V,93,114.7,27.43,25.29,83.24,0.17,66.59,0.14,9.44,0.67
2024-11-20,15:00,November,Winter,Inverted-V,93,112.08,27.32,25.12,83.29,0.17,66.63,0.14,9.23,0.67
2024-11-20,15:15,November,Winter,Inverted-V,93,96.97,27.15,24.57,83.46,0.14,66.77,0.12,8.0,0.67
2024-11-20,15:30,November,Winter,Inverted-V,93,81.85,26.98,24.03,83.64,0.12,66.91,0.1,6.76,0.67
2024-11-20,15:45,November,Winter,Inverted-V,93,66.74,26.81,23.48,83.81,0.1,67.05,0.08,5.52,0.67
2024-11-20,16:00,November,Winter,Inverted-V,93,51.62,26.64,22.93,83.98,0.08,67.19,0.06,4.28,0.67
2024-11-20,16:15,November,Winter,Inverted-V,93,39.55,26.38,22.36,84.16,0.06,67.33,0.05,3.28,0.67
2024-11-20,16:30,November,Winter,Inverted-V,93,27.48,26.11,21.8,84.34,0.04,67.47,0.03,2.28,0.67
2024-11-20,16:45,November,Winter,Inverted-V,93,15.4,25.84,21.23,84.52,0.02,67.62,0.02,1.28,0.67
2024-11-21,05:15,November,Winter,Inverted-V,93,11.1,22.34,17.62,85.67,0.02,68.53,0.01,0.93,0.67
2024-11-21,05:30,November,Winter,Inverted-V,93,22.2,22.41,17.96,85.56,0.03,68.45,0.03,1.87,0.67
2024-11-21,05:45,November,Winter,Inverted-V,93,33.31,22.47,18.31,85.45,0.05,68.36,0.04,2.8,0.67
2024-11-21,06:00,November,Winter,Inverted-V,93,44.41,22.54,18.65,85.34,0.07,68.27,0.05,3.72,0.67
2024-11-21,06:15,November,Winter,Inverted-V,93,66.67,22.83,19.49,85.07,0.1,68.06,0.08,5.58,0.67
2024-11-21,06:30,November,Winter,Inverted-V,93,88.93,23.12,20.34,84.8,0.13,67.84,0.11,7.42,0.67
2024-11-21,06:45,November,Winter,Inverted-V,93,111.19,23.4,21.18,84.54,0.16,67.63,0.14,9.26,0.67
2024-11-21,07:00,November,Winter,Inverted-V,93,133.46,23.69,22.03,84.27,0.2,67.42,0.16,11.09,0.67
2024-11-21,07:15,November,Winter,Inverted-V,93,160.46,24.11,23.12,83.92,0.24,67.14,0.2,13.29,0.67
2024-11-21,07:30,November,Winter,Inverted-V,93,187.47,24.54,24.22,83.57,0.28,66.86,0.23,15.48,0.67
2024-11-21,07:45,November,Winter,Inverted-V,93,214.48,24.96,25.32,83.23,0.32,66.58,0.27,17.66,0.67
2024-11-21,08:00,November,Winter,Inverted-V,93,241.49,25.38,26.42,82.88,0.36,66.3,0.3,19.82,0.67
2024-11-21,08:15,November,Winter,Inverted-V,93,264.96,25.8,27.42,82.56,0.39,66.05,0.33,21.69,0.67
2024-11-21,08:30,November,Winter,Inverted-V,93,288.42,26.21,28.43,82.24,0.43,65.79,0.36,23.54,0.67
2024-11-21,08:45,November,Winter,Inverted-V,93,311.89,26.63,29.43,81.93,0.46,65.54,0.39,25.38,0.67
2024-11-21,09:00,November,Winter,Inverted-V,93,335.36,27.05,30.43,81.61,0.5,65.29,0.42,27.21,0.67
2024-11-21,09:15,November,Winter,Inverted-V,93,333.08,27.35,30.67,81.53,0.49,65.22,0.41,27.01,0.67
2024-11-21,09:30,November,Winter,Inverted-V,93,330.8,27.64,30.92,81.46,0.49,65.16,0.41,26.8,0.67
2024-11-21,09:45,November,Winter,Inverted-V,93,328.53,27.94,31.16,81.38,0.49,65.1,0.41,26.6,0.67
2024-11-21,10:00,November,Winter,Inverted-V,93,326.25,28.24,31.4,81.3,0.48,65.04,0.41,26.4,0.67
2024-11-21,10:15,November,Winter,Inverted-V,93,332.18,28.45,31.76,81.19,0.49,64.95,0.41,26.85,0.67
2024-11-21,10:30,November,Winter,Inverted-V,93,338.11,28.67,32.12,81.07,0.5,64.86,0.42,27.3,0.67
2024-11-21,10:45,November,Winter,Inverted-V,93,344.04,28.89,32.49,80.96,0.51,64.77,0.43,27.75,0.67
2024-11-21,11:00,November,Winter,Inverted-V,93,349.97,29.1,32.85,80.84,0.52,64.67,0.44,28.2,0.67
2024-11-21,11:15,November,Winter,Inverted-V,93,361.64,29.24,33.28,80.71,0.54,64.57,0.45,29.1,0.67
2024-11-21,11:30,November,Winter,Inverted-V,93,373.3,29.38,33.71,80.57,0.56,64.46,0.47,30.0,0.67
2024-11-21,11:45,November,Winter,Inverted-V,93,384.97,29.51,34.14,80.43,0.57,64.35,0.48,30.9,0.67
2024-11-21,12:00,November,Winter,Inverted-V,93,396.63,29.65,34.57,80.3,0.59,64.24,0.49,31.8,0.67
2024-11-21,12:15,November,Winter,Inverted-V,93,386.96,29.7,34.38,80.36,0.58,64.29,0.48,31.04,0.67
2024-11-21,12:30,November,Winter,Inverted-V,93,377.3,29.76,34.19,80.42,0.56,64.33,0.47,30.28,0.67
2024-11-21,12:45,November,Winter,Inverted-V,93,367.63,29.82,34.01,80.48,0.55,64.38,0.46,29.52,0.67
2024-11-21,13:00,November,Winter,Inverted-V,93,357.97,29.87,33.82,80.54,0.53,64.43,0.45,28.76,0.67
2024-11-21,13:15,November,Winter,Inverted-V,93,329.85,29.83,33.07,80.77,0.49,64.62,0.41,26.56,0.67
2024-11-21,13:30,November,Winter,Inverted-V,93,301.73,29.79,32.33,81.01,0.45,64.81,0.38,24.35,0.67
2024-11-21,13:45,November,Winter,Inverted-V,93,273.6,29.74,31.58,81.24,0.41,64.99,0.34,22.13,0.67
2024-11-21,14:00,November,Winter,Inverted-V,93,245.48,29.7,30.84,81.48,0.36,65.18,0.31,19.9,0.67
2024-11-21,14:15,November,Winter,Inverted-V,93,226.03,29.57,30.22,81.68,0.34,65.34,0.28,18.35,0.67
2024-11-21,14:30,November,Winter,Inverted-V,93,206.57,29.44,29.6,81.87,0.31,65.5,0.26,16.8,0.67
2024-11-21,14:45,November,Winter,Inverted-V,93,187.11,29.3,28.98,82.07,0.28,65.65,0.23,15.25,0.67
2024-11-21,15:00,November,Winter,Inverted-V,93,167.65,29.17,28.36,82.26,0.25,65.81,0.21,13.68,0.67
2024-11-21,15:15,November,Winter,Inverted-V,93,141.71,28.89,27.43,82.56,0.21,66.05,0.18,11.6,0.67
2024-11-21,15:30,November,Winter,Inverted-V,93,115.77,28.61,26.5,82.85,0.17,66.28,0.14,9.5,0.67
2024-11-21,15:45,November,Winter,Inverted-V,93,89.82,28.32,25.57,83.15,0.13,66.52,0.11,7.39,0.67
2024-11-21,16:00,November,Winter,Inverted-V,93,63.88,28.04,24.64,83.44,0.09,66.75,0.08,5.27,0.67
2024-11-21,16:15,November,Winter,Inverted-V,93,48.92,27.56,23.79,83.71,0.07,66.97,0.06,4.05,0.67
2024-11-21,16:30,November,Winter,Inverted-V,93,33.97,27.09,22.93,83.98,0.05,67.19,0.04,2.82,0.67
2024-11-21,16:45,November,Winter,Inverted-V,93,19.01,26.61,22.08,84.25,0.03,67.4,0.02,1.58,0.67
2024-11-22,05:15,November,Winter,Inverted-V,93,18.99,22.4,17.87,85.58,0.03,68.47,0.02,1.6,0.67
2024-11-22,05:30,November,Winter,Inverted-V,93,37.99,22.5,18.44,85.4,0.06,68.32,0.05,3.19,0.67
2024-11-22,05:45,November,Winter,Inverted-V,93,56.98,22.59,19.02,85.22,0.08,68.18,0.07,4.77,0.67
2024-11-22,06:00,November,Winter,Inverted-V,93,75.98,22.69,19.59,85.04,0.11,68.03,0.09,6.36,0.67
2024-11-22,06:15,November,Winter,Inverted-V,93,121.47,22.87,20.91,84.62,0.18,67.7,0.15,10.12,0.67
2024-11-22,06:30,November,Winter,Inverted-V,93,166.97,23.05,22.23,84.21,0.25,67.36,0.21,13.87,0.67
2024-11-22,06:45,November,Winter,Inverted-V,93,212.46,23.24,23.55,83.79,0.31,67.03,0.26,17.58,0.67
2024-11-22,07:00,November,Winter,Inverted-V,93,257.96,23.42,24.87,83.37,0.38,66.7,0.32,21.26,0.67
2024-11-22,07:15,November,Winter,Inverted-V,93,308.45,23.64,26.35,82.9,0.46,66.32,0.38,25.32,0.67
2024-11-22,07:30,November,Winter,Inverted-V,93,358.94,23.86,27.83,82.43,0.53,65.95,0.44,29.34,0.67
2024-11-22,07:45,November,Winter,Inverted-V,93,409.43,24.07,29.31,81.96,0.61,65.57,0.51,33.33,0.67
2024-11-22,08:00,November,Winter,Inverted-V,93,459.92,24.29,30.79,81.5,0.68,65.2,0.57,37.28,0.67
2024-11-22,08:15,November,Winter,Inverted-V,93,497.87,24.54,31.98,81.12,0.74,64.89,0.62,40.22,0.67
2024-11-22,08:30,November,Winter,Inverted-V,93,535.83,24.79,33.18,80.74,0.8,64.59,0.67,43.13,0.67
2024-11-22,08:45,November,Winter,Inverted-V,93,573.78,25.03,34.38,80.36,0.85,64.29,0.72,46.02,0.67
2024-11-22,09:00,November,Winter,Inverted-V,93,611.73,25.28,35.57,79.98,0.91,63.98,0.76,48.9,0.67
2024-11-22,09:15,November,Winter,Inverted-V,93,629.83,25.48,36.23,79.77,0.94,63.82,0.79,50.24,0.67
2024-11-22,09:30,November,Winter,Inverted-V,93,647.93,25.69,36.89,79.56,0.97,63.65,0.81,51.59,0.67
2024-11-22,09:45,November,Winter,Inverted-V,93,666.03,25.9,37.55,79.36,1.0,63.48,0.83,52.92,0.67
2024-11-22,10:00,November,Winter,Inverted-V,93,684.13,26.1,38.2,79.15,1.02,63.32,0.86,54.25,0.67
2024-11-22,10:15,November,Winter,Inverted-V,93,716.64,26.27,39.18,78.84,1.07,63.07,0.9,56.66,0.67
2024-11-22,10:30,November,Winter,Inverted-V,93,749.16,26.44,40.16,78.53,1.12,62.82,0.94,59.06,0.67
2024-11-22,10:45,November,Winter,Inverted-V,93,781.67,26.6,41.14,78.22,1.17,62.57,0.98,61.44,0.67
2024-11-22,11:00,November,Winter,Inverted-V,93,814.19,26.77,42.12,77.91,1.22,62.32,1.02,63.8,0.67
2024-11-22,11:15,November,Winter,Inverted-V,93,803.44,26.81,41.9,77.98,1.21,62.38,1.01,63.0,0.67
2024-11-22,11:30,November,Winter,Inverted-V,93,792.68,26.86,41.67,78.05,1.19,62.44,1.0,62.2,0.67
2024-11-22,11:45,November,Winter,Inverted-V,93,781.93,26.9,41.45,78.12,1.17,62.5,0.98,61.4,0.67
2024-11-22,12:00,November,Winter,Inverted-V,93,771.17,26.94,41.22,78.19,1.16,62.55,0.97,60.6,0.67
2024-11-22,12:15,November,Winter,Inverted-V,93,747.34,26.99,40.67,78.37,1.12,62.69,0.94,58.82,0.67
2024-11-22,12:30,November,Winter,Inverted-V,93,723.51,27.04,40.13,78.54,1.08,62.83,0.91,57.04,0.67
2024-11-22,12:45,November,Winter,Inverted-V,93,699.68,27.09,39.58,78.71,1.05,62.97,0.88,55.26,0.67
2024-11-22,13:00,November,Winter,Inverted-V,93,675.84,27.14,39.04,78.88,1.01,63.11,0.85,53.46,0.67
2024-11-22,13:15,November,Winter,Inverted-V,93,627.56,27.14,37.82,79.27,0.94,63.41,0.79,49.82,0.67
2024-11-22,13:30,November,Winter,Inverted-V,93,579.27,27.13,36.61,79.65,0.86,63.72,0.72,46.16,0.67
2024-11-22,13:45,November,Winter,Inverted-V,93,530.99,27.12,35.4,80.03,0.79,64.03,0.66,42.46,0.67
2024-11-22,14:00,November,Winter,Inverted-V,93,482.71,27.12,34.19,80.42,0.72,64.34,0.6,38.74,0.67
2024-11-22,14:15,November,Winter,Inverted-V,93,434.26,27.08,32.94,80.81,0.65,64.65,0.54,34.98,0.67
2024-11-22,14:30,November,Winter,Inverted-V,93,385.81,27.05,31.69,81.21,0.57,64.97,0.48,31.19,0.67
2024-11-22,14:45,November,Winter,Inverted-V,93,337.37,27.01,30.44,81.6,0.5,65.28,0.42,27.37,0.67
2024-11-22,15:00,November,Winter,Inverted-V,93,288.92,26.97,29.19,82.0,0.43,65.6,0.36,23.53,0.67
2024-11-22,15:15,November,Winter,Inverted-V,93,242.44,26.92,27.98,82.38,0.36,65.91,0.3,19.81,0.67
2024-11-22,15:30,November,Winter,Inverted-V,93,195.97,26.87,26.77,82.77,0.29,66.21,0.24,16.07,0.67
2024-11-22,15:45,November,Winter,Inverted-V,93,149.49,26.82,25.56,83.15,0.22,66.52,0.18,12.3,0.67
2024-11-22,16:00,November,Winter,Inverted-V,93,103.01,26.77,24.35,83.54,0.15,66.83,0.13,8.5,0.67
2024-11-22,16:15,November,Winter,Inverted-V,93,78.35,26.51,23.47,83.81,0.12,67.05,0.1,6.48,0.67
2024-11-22,16:30,November,Winter,Inverted-V,93,53.68,26.25,22.6,84.09,0.08,67.27,0.07,4.45,0.67
2024-11-22,16:45,November,Winter,Inverted-V,93,29.02,26.0,21.72,84.37,0.04,67.49,0.04,2.41,0.67
2024-11-23,05:15,November,Winter,Inverted-V,93,16.31,22.52,17.93,85.57,0.02,68.45,0.02,1.37,0.67
2024-11-23,05:30,November,Winter,Inverted-V,93,32.63,22.58,18.4,85.42,0.05,68.34,0.04,2.74,0.67
2024-11-23,05:45,November,Winter,Inverted-V,93,48.94,22.64,18.86,85.27,0.07,68.22,0.06,4.1,0.67
2024-11-23,06:00,November,Winter,Inverted-V,93,65.25,22.7,19.33,85.12,0.1,68.1,0.08,5.46,0.67
2024-11-23,06:15,November,Winter,Inverted-V,93,102.4,22.98,20.54,84.74,0.15,67.79,0.13,8.54,0.67
2024-11-23,06:30,November,Winter,Inverted-V,93,139.55,23.26,21.75,84.36,0.21,67.49,0.17,11.6,0.67
2024-11-23,06:45,November,Winter,Inverted-V,93,176.69,23.54,22.96,83.97,0.26,67.18,0.22,14.64,0.67
2024-11-23,07:00,November,Winter,Inverted-V,93,213.84,23.82,24.17,83.59,0.32,66.87,0.26,17.66,0.67
2024-11-23,07:15,November,Winter,Inverted-V,93,255.15,24.28,25.66,83.12,0.38,66.5,0.32,20.99,0.67
2024-11-23,07:30,November,Winter,Inverted-V,93,296.46,24.73,27.15,82.65,0.44,66.12,0.37,24.28,0.67
2024-11-23,07:45,November,Winter,Inverted-V,93,337.77,25.19,28.64,82.18,0.5,65.74,0.42,27.55,0.67
2024-11-23,08:00,November,Winter,Inverted-V,93,379.08,25.65,30.13,81.7,0.56,65.36,0.47,30.79,0.67
2024-11-23,08:15,November,Winter,Inverted-V,93,416.89,26.09,31.51,81.27,0.62,65.01,0.52,33.72,0.67
2024-11-23,08:30,November,Winter,Inverted-V,93,454.69,26.53,32.9,80.83,0.68,64.66,0.57,36.63,0.67
2024-11-23,08:45,November,Winter,Inverted-V,93,492.5,26.97,34.28,80.39,0.73,64.31,0.61,39.52,0.67
2024-11-23,09:00,November,Winter,Inverted-V,93,530.3,27.41,35.67,79.95,0.79,63.96,0.66,42.38,0.67
2024-11-23,09:15,November,Winter,Inverted-V,93,578.01,27.73,37.18,79.47,0.86,63.58,0.72,45.98,0.67
2024-11-23,09:30,November,Winter,Inverted-V,93,625.71,28.05,38.69,78.99,0.94,63.2,0.78,49.55,0.67
2024-11-23,09:45,November,Winter,Inverted-V,93,673.41,28.36,40.2,78.52,1.01,62.81,0.85,53.08,0.67
2024-11-23,10:00,November,Winter,Inverted-V,93,721.12,28.68,41.71,78.04,1.08,62.43,0.91,56.58,0.67
2024-11-23,10:15,November,Winter,Inverted-V,93,733.44,28.88,42.21,77.88,1.1,62.3,0.92,57.46,0.67
2024-11-23,10:30,November,Winter,Inverted-V,93,745.76,29.07,42.71,77.72,1.12,62.18,0.94,58.33,0.67
2024-11-23,10:45,November,Winter,Inverted-V,93,758.08,29.27,43.22,77.56,1.14,62.05,0.95,59.2,0.67
2024-11-23,11:00,November,Winter,Inverted-V,93,770.4,29.46,43.72,77.4,1.16,61.92,0.97,60.07,0.67
2024-11-23,11:15,November,Winter,Inverted-V,93,742.38,29.57,43.13,77.59,1.12,62.07,0.93,57.99,0.67
2024-11-23,11:30,November,Winter,Inverted-V,93,714.37,29.68,42.53,77.78,1.07,62.22,0.9,55.91,0.67
2024-11-23,11:45,November,Winter,Inverted-V,93,686.36,29.78,41.94,77.96,1.03,62.37,0.86,53.81,0.67
2024-11-23,12:00,November,Winter,Inverted-V,93,658.35,29.89,41.35,78.15,0.99,62.52,0.83,51.71,0.67
2024-11-23,12:15,November,Winter,Inverted-V,93,617.44,29.9,40.34,78.47,0.93,62.78,0.77,48.65,0.67
2024-11-23,12:30,November,Winter,Inverted-V,93,576.54,29.91,39.32,78.79,0.86,63.03,0.72,45.57,0.67
2024-11-23,12:45,November,Winter,Inverted-V,93,535.63,29.92,38.31,79.11,0.8,63.29,0.67,42.46,0.67
2024-11-23,13:00,November,Winter,Inverted-V,93,494.73,29.93,37.3,79.43,0.74,63.55,0.62,39.34,0.67
2024-11-23,13:15,November,Winter,Inverted-V,93,468.48,29.91,36.62,79.65,0.7,63.72,0.59,37.33,0.67
2024-11-23,13:30,November,Winter,Inverted-V,93,442.24,29.88,35.94,79.87,0.66,63.89,0.55,35.31,0.67
2024-11-23,13:45,November,Winter,Inverted-V,93,415.99,29.85,35.25,80.08,0.62,64.06,0.52,33.28,0.67
2024-11-23,14:00,November,Winter,Inverted-V,93,389.75,29.83,34.57,80.3,0.58,64.24,0.49,31.25,0.67
2024-11-23,14:15,November,Winter,Inverted-V,93,349.49,29.72,33.46,80.65,0.52,64.52,0.44,28.11,0.67
2024-11-23,14:30,November,Winter,Inverted-V,93,309.23,29.61,32.35,81.0,0.46,64.8,0.39,24.95,0.67
2024-11-23,14:45,November,Winter,Inverted-V,93,268.97,29.51,31.23,81.35,0.4,65.08,0.33,21.77,0.67
2024-11-23,15:00,November,Winter,Inverted-V,93,228.71,29.4,30.12,81.71,0.34,65.37,0.28,18.57,0.67
2024-11-23,15:15,November,Winter,Inverted-V,93,192.78,29.15,28.97,82.07,0.29,65.66,0.24,15.71,0.67
2024-11-23,15:30,November,Winter,Inverted-V,93,156.84,28.9,27.82,82.43,0.23,65.95,0.19,12.82,0.67
2024-11-23,15:45,November,Winter,Inverted-V,93,120.91,28.65,26.67,82.8,0.18,66.24,0.15,9.92,0.67
2024-11-23,16:00,November,Winter,Inverted-V,93,84.97,28.4,25.52,83.16,0.13,66.53,0.11,6.99,0.67
2024-11-23,16:15,November,Winter,Inverted-V,93,64.96,27.91,24.54,83.47,0.1,66.78,0.08,5.36,0.67
2024-11-23,16:30,November,Winter,Inverted-V,93,44.94,27.43,23.55,83.79,0.07,67.03,0.06,3.72,0.67
2024-11-23,16:45,November,Winter,Inverted-V,93,24.93,26.95,22.57,84.1,0.04,67.28,0.03,2.07,0.67
2024-11-24,05:15,November,Winter,Inverted-V,93,20.53,22.7,18.21,85.48,0.03,68.38,0.03,1.72,0.67
2024-11-24,05:30,November,Winter,Inverted-V,93,41.07,22.88,18.91,85.26,0.06,68.21,0.05,3.44,0.67
2024-11-24,05:45,November,Winter,Inverted-V,93,61.6,23.07,19.61,85.04,0.09,68.03,0.08,5.15,0.67
2024-11-24,06:00,November,Winter,Inverted-V,93,82.13,23.25,20.3,84.82,0.12,67.85,0.1,6.86,0.67
2024-11-24,06:15,November,Winter,Inverted-V,93,130.52,23.71,21.98,84.28,0.19,67.43,0.16,10.85,0.67
2024-11-24,06:30,November,Winter,Inverted-V,93,178.91,24.18,23.65,83.75,0.26,67.0,0.22,14.8,0.67
2024-11-24,06:45,November,Winter,Inverted-V,93,227.3,24.64,25.33,83.22,0.34,66.58,0.28,18.71,0.67
2024-11-24,07:00,November,Winter,Inverted-V,93,275.69,25.11,27.0,82.69,0.41,66.16,0.34,22.59,0.67
2024-11-24,07:15,November,Winter,Inverted-V,93,325.67,25.55,28.7,82.16,0.48,65.73,0.4,26.56,0.67
2024-11-24,07:30,November,Winter,Inverted-V,93,375.65,26.0,30.39,81.62,0.56,65.3,0.47,30.48,0.67
2024-11-24,07:45,November,Winter,Inverted-V,93,425.63,26.45,32.09,81.08,0.63,64.87,0.53,34.37,0.67
2024-11-24,08:00,November,Winter,Inverted-V,93,475.61,26.89,33.78,80.55,0.71,64.44,0.59,38.22,0.67
2024-11-24,08:15,November,Winter,Inverted-V,93,527.32,27.21,35.4,80.04,0.79,64.03,0.66,42.17,0.67
2024-11-24,08:30,November,Winter,Inverted-V,93,579.03,27.54,37.02,79.52,0.86,63.62,0.72,46.08,0.67
2024-11-24,08:45,November,Winter,Inverted-V,93,630.74,27.87,38.63,79.01,0.94,63.21,0.79,49.96,0.67
2024-11-24,09:00,November,Winter,Inverted-V,93,682.45,28.19,40.25,78.5,1.02,62.8,0.86,53.79,0.67
2024-11-24,09:15,November,Winter,Inverted-V,93,691.2,28.44,40.72,78.35,1.04,62.68,0.87,54.4,0.67
2024-11-24,09:30,November,Winter,Inverted-V,93,699.95,28.68,41.18,78.21,1.05,62.56,0.88,55.01,0.67
2024-11-24,09:45,November,Winter,Inverted-V,93,708.7,28.93,41.64,78.06,1.06,62.45,0.89,55.62,0.67
2024-11-24,10:00,November,Winter,Inverted-V,93,717.44,29.17,42.11,77.91,1.08,62.33,0.9,56.22,0.67
2024-11-24,10:15,November,Winter,Inverted-V,93,711.93,29.34,42.14,77.9,1.07,62.32,0.9,55.79,0.67
2024-11-24,10:30,November,Winter,Inverted-V,93,706.42,29.51,42.17,77.89,1.06,62.31,0.89,55.35,0.67
2024-11-24,10:45,November,Winter,Inverted-V,93,700.9,29.67,42.2,77.88,1.05,62.31,0.88,54.91,0.67
2024-11-24,11:00,November,Winter,Inverted-V,93,695.39,29.84,42.22,77.87,1.04,62.3,0.87,54.48,0.67
2024-11-24,11:15,November,Winter,Inverted-V,93,690.31,29.89,42.15,77.9,1.04,62.32,0.87,54.09,0.67
2024-11-24,11:30,November,Winter,Inverted-V,93,685.22,29.94,42.07,77.92,1.03,62.34,0.86,53.7,0.67
2024-11-24,11:45,November,Winter,Inverted-V,93,680.14,29.98,41.99,77.95,1.02,62.36,0.86,53.32,0.67
2024-11-24,12:00,November,Winter,Inverted-V,93,675.05,30.03,41.91,77.97,1.01,62.38,0.85,52.93,0.67
2024-11-24,12:15,November,Winter,Inverted-V,93,638.19,29.96,40.91,78.29,0.96,62.63,0.8,50.2,0.67
2024-11-24,12:30,November,Winter,Inverted-V,93,601.32,29.89,39.92,78.6,0.9,62.88,0.75,47.44,0.67
2024-11-24,12:45,November,Winter,Inverted-V,93,564.45,29.82,38.93,78.92,0.84,63.13,0.71,44.66,0.67
2024-11-24,13:00,November,Winter,Inverted-V,93,527.58,29.75,37.94,79.23,0.79,63.38,0.66,41.87,0.67
2024-11-24,13:15,November,Winter,Inverted-V,93,489.25,29.64,36.88,79.57,0.73,63.65,0.61,38.95,0.67
2024-11-24,13:30,November,Winter,Inverted-V,93,450.93,29.54,35.81,79.9,0.67,63.92,0.56,36.02,0.67
2024-11-24,13:45,November,Winter,Inverted-V,93,412.6,29.43,34.75,80.24,0.61,64.19,0.52,33.06,0.67
2024-11-24,14:00,November,Winter,Inverted-V,93,374.27,29.33,33.69,80.58,0.56,64.46,0.47,30.08,0.67
2024-11-24,14:15,November,Winter,Inverted-V,93,335.63,29.16,32.55,80.94,0.5,64.75,0.42,27.07,0.67
2024-11-24,14:30,November,Winter,Inverted-V,93,296.99,28.98,31.41,81.3,0.44,65.04,0.37,24.03,0.67
2024-11-24,14:45,November,Winter,Inverted-V,93,258.35,28.81,30.27,81.66,0.38,65.33,0.32,20.97,0.67
2024-11-24,15:00,November,Winter,Inverted-V,93,219.7,28.64,29.13,82.02,0.33,65.62,0.27,17.89,0.67
2024-11-24,15:15,November,Winter,Inverted-V,93,186.56,28.37,28.04,82.37,0.28,65.89,0.23,15.24,0.67
2024-11-24,15:30,November,Winter,Inverted-V,93,153.42,28.11,26.94,82.71,0.23,66.17,0.19,12.57,0.67
2024-11-24,15:45,November,Winter,Inverted-V,93,120.28,27.84,25.84,83.06,0.18,66.45,0.15,9.89,0.67
2024-11-24,16:00,November,Winter,Inverted-V,93,87.13,27.57,24.75,83.41,0.13,66.73,0.11,7.19,0.67
2024-11-24,16:15,November,Winter,Inverted-V,93,66.41,27.16,23.82,83.7,0.1,66.96,0.08,5.49,0.67
2024-11-24,16:30,November,Winter,Inverted-V,93,45.68,26.75,22.89,84.0,0.07,67.2,0.06,3.79,0.67
2024-11-24,16:45,November,Winter,Inverted-V,93,24.96,26.33,21.96,84.29,0.04,67.43,0.03,2.07,0.67
2024-11-25,05:15,November,Winter,Inverted-V,93,17.17,22.61,18.04,85.53,0.03,68.43,0.02,1.44,0.67
2024-11-25,05:30,November,Winter,Inverted-V,93,34.34,22.75,18.6,85.35,0.05,68.28,0.04,2.88,0.67
2024-11-25,05:45,November,Winter,Inverted-V,93,51.52,22.88,19.17,85.18,0.08,68.14,0.06,4.31,0.67
2024-11-25,06:00,November,Winter,Inverted-V,93,68.69,23.01,19.73,85.0,0.1,68.0,0.08,5.74,0.67
2024-11-25,06:15,November,Winter,Inverted-V,93,111.62,23.3,21.1,84.56,0.16,67.65,0.14,9.3,0.67
2024-11-25,06:30,November,Winter,Inverted-V,93,154.56,23.6,22.46,84.13,0.23,67.3,0.19,12.83,0.67
2024-11-25,06:45,November,Winter,Inverted-V,93,197.49,23.9,23.83,83.7,0.29,66.96,0.24,16.33,0.67
2024-11-25,07:00,November,Winter,Inverted-V,93,240.43,24.19,25.2,83.26,0.35,66.61,0.3,19.8,0.67
2024-11-25,07:15,November,Winter,Inverted-V,93,286.69,24.44,26.6,82.82,0.42,66.26,0.35,23.52,0.67
2024-11-25,07:30,November,Winter,Inverted-V,93,332.95,24.68,28.0,82.38,0.49,65.9,0.41,27.2,0.67
2024-11-25,07:45,November,Winter,Inverted-V,93,379.21,24.93,29.41,81.93,0.56,65.55,0.47,30.86,0.67
2024-11-25,08:00,November,Winter,Inverted-V,93,425.47,25.17,30.81,81.49,0.63,65.19,0.53,34.49,0.67
2024-11-25,08:15,November,Winter,Inverted-V,93,471.29,25.37,32.15,81.06,0.7,64.85,0.59,38.05,0.67
2024-11-25,08:30,November,Winter,Inverted-V,93,517.1,25.57,33.5,80.64,0.77,64.51,0.64,41.59,0.67
2024-11-25,08:45,November,Winter,Inverted-V,93,562.92,25.77,34.84,80.21,0.84,64.17,0.7,45.09,0.67
2024-11-25,09:00,November,Winter,Inverted-V,93,608.74,25.97,36.19,79.79,0.91,63.83,0.76,48.57,0.67
2024-11-25,09:15,November,Winter,Inverted-V,93,641.67,26.15,37.19,79.47,0.96,63.57,0.8,51.04,0.67
2024-11-25,09:30,November,Winter,Inverted-V,93,674.61,26.32,38.19,79.15,1.01,63.32,0.84,53.5,0.67
2024-11-25,09:45,November,Winter,Inverted-V,93,707.54,26.5,39.19,78.83,1.06,63.07,0.89,55.94,0.67
2024-11-25,10:00,November,Winter,Inverted-V,93,740.47,26.68,40.19,78.52,1.11,62.81,0.93,58.37,0.67
2024-11-25,10:15,November,Winter,Inverted-V,93,728.62,26.83,40.04,78.56,1.09,62.85,0.91,57.46,0.67
2024-11-25,10:30,November,Winter,Inverted-V,93,716.76,26.98,39.89,78.61,1.07,62.89,0.9,56.55,0.67
2024-11-25,10:45,November,Winter,Inverted-V,93,704.91,27.12,39.75,78.66,1.06,62.93,0.88,55.64,0.67
2024-11-25,11:00,November,Winter,Inverted-V,93,693.06,27.27,39.6,78.71,1.04,62.96,0.87,54.73,0.67
2024-11-25,11:15,November,Winter,Inverted-V,93,623.61,27.36,37.95,79.23,0.93,63.38,0.78,49.49,0.67
2024-11-25,11:30,November,Winter,Inverted-V,93,554.16,27.45,36.3,79.75,0.83,63.8,0.69,44.2,0.67
2024-11-25,11:45,November,Winter,Inverted-V,93,484.71,27.54,34.66,80.27,0.72,64.22,0.6,38.85,0.67
2024-11-25,12:00,November,Winter,Inverted-V,93,415.26,27.63,33.01,80.79,0.62,64.63,0.52,33.44,0.67
2024-11-25,12:15,November,Winter,Inverted-V,93,420.55,27.65,33.17,80.74,0.63,64.59,0.52,33.85,0.67
2024-11-25,12:30,November,Winter,Inverted-V,93,425.83,27.67,33.32,80.69,0.63,64.55,0.53,34.26,0.67
2024-11-25,12:45,November,Winter,Inverted-V,93,431.12,27.7,33.48,80.64,0.64,64.52,0.54,34.67,0.67
2024-11-25,13:00,November,Winter,Inverted-V,93,436.41,27.72,33.63,80.6,0.65,64.48,0.54,35.08,0.67
2024-11-25,13:15,November,Winter,Inverted-V,93,401.3,27.68,32.71,80.89,0.6,64.71,0.5,32.35,0.67
2024-11-25,13:30,November,Winter,Inverted-V,93,366.19,27.63,31.79,81.18,0.54,64.94,0.46,29.6,0.67
2024-11-25,13:45,November,Winter,Inverted-V,93,331.08,27.59,30.87,81.47,0.49,65.18,0.41,26.83,0.67
2024-11-25,14:00,November,Winter,Inverted-V,93,295.97,27.55,29.95,81.76,0.44,65.41,0.37,24.05,0.67
2024-11-25,14:15,November,Winter,Inverted-V,93,267.8,27.43,29.13,82.02,0.4,65.62,0.33,21.81,0.67
2024-11-25,14:30,November,Winter,Inverted-V,93,239.63,27.31,28.31,82.28,0.35,65.83,0.3,19.56,0.67
2024-11-25,14:45,November,Winter,Inverted-V,93,211.45,27.2,27.48,82.54,0.31,66.03,0.26,17.3,0.67
2024-11-25,15:00,November,Winter,Inverted-V,93,183.28,27.08,26.66,82.8,0.27,66.24,0.23,15.03,0.67
2024-11-25,15:15,November,Winter,Inverted-V,93,155.71,26.85,25.75,83.09,0.23,66.47,0.19,12.8,0.67
2024-11-25,15:30,November,Winter,Inverted-V,93,128.15,26.62,24.83,83.38,0.19,66.71,0.16,10.57,0.67
2024-11-25,15:45,November,Winter,Inverted-V,93,100.59,26.4,23.91,83.67,0.15,66.94,0.12,8.31,0.67
2024-11-25,16:00,November,Winter,Inverted-V,93,73.03,26.17,23.0,83.96,0.11,67.17,0.09,6.05,0.67
2024-11-25,16:15,November,Winter,Inverted-V,93,55.76,25.84,22.23,84.2,0.08,67.36,0.07,4.63,0.67
2024-11-25,16:30,November,Winter,Inverted-V,93,38.5,25.51,21.47,84.44,0.06,67.56,0.05,3.2,0.67
2024-11-25,16:45,November,Winter,Inverted-V,93,21.23,25.18,20.71,84.69,0.03,67.75,0.03,1.77,0.67
2024-11-26,05:15,November,Winter,Inverted-V,93,11.27,22.25,17.54,85.69,0.02,68.55,0.01,0.95,0.67
2024-11-26,05:30,November,Winter,Inverted-V,93,22.55,22.33,17.89,85.58,0.03,68.46,0.03,1.89,0.67
2024-11-26,05:45,November,Winter,Inverted-V,93,33.82,22.41,18.25,85.47,0.05,68.37,0.04,2.84,0.67
2024-11-26,06:00,November,Winter,Inverted-V,93,45.09,22.48,18.61,85.35,0.07,68.28,0.06,3.78,0.67
2024-11-26,06:15,November,Winter,Inverted-V,93,67.81,22.71,19.41,85.1,0.1,68.08,0.08,5.67,0.67
2024-11-26,06:30,November,Winter,Inverted-V,93,90.53,22.95,20.21,84.85,0.13,67.88,0.11,7.56,0.67
2024-11-26,06:45,November,Winter,Inverted-V,93,113.25,23.18,21.01,84.59,0.17,67.67,0.14,9.44,0.67
2024-11-26,07:00,November,Winter,Inverted-V,93,135.97,23.41,21.81,84.34,0.2,67.47,0.17,11.3,0.67
2024-11-26,07:15,November,Winter,Inverted-V,93,161.98,23.62,22.66,84.07,0.24,67.25,0.2,13.44,0.67
2024-11-26,07:30,November,Winter,Inverted-V,93,187.99,23.82,23.52,83.8,0.28,67.04,0.23,15.56,0.67
2024-11-26,07:45,November,Winter,Inverted-V,93,214.0,24.02,24.37,83.53,0.32,66.82,0.26,17.67,0.67
2024-11-26,08:00,November,Winter,Inverted-V,93,240.01,24.23,25.23,83.26,0.35,66.6,0.3,19.77,0.67
2024-11-26,08:15,November,Winter,Inverted-V,93,247.68,24.47,25.66,83.12,0.37,66.49,0.31,20.37,0.67
2024-11-26,08:30,November,Winter,Inverted-V,93,255.36,24.71,26.1,82.98,0.38,66.38,0.32,20.98,0.67
2024-11-26,08:45,November,Winter,Inverted-V,93,263.03,24.96,26.53,82.84,0.39,66.27,0.33,21.58,0.67
2024-11-26,09:00,November,Winter,Inverted-V,93,270.7,25.2,26.97,82.7,0.4,66.16,0.34,22.18,0.67
2024-11-26,09:15,November,Winter,Inverted-V,93,268.44,25.44,27.15,82.65,0.4,66.12,0.33,21.99,0.67
2024-11-26,09:30,November,Winter,Inverted-V,93,266.18,25.68,27.33,82.59,0.39,66.07,0.33,21.79,0.67
2024-11-26,09:45,November,Winter,Inverted-V,93,263.91,25.92,27.52,82.53,0.39,66.02,0.33,21.59,0.67
2024-11-26,10:00,November,Winter,Inverted-V,93,261.65,26.16,27.7,82.47,0.39,65.98,0.32,21.4,0.67
2024-11-26,10:15,November,Winter,Inverted-V,93,254.22,26.38,27.74,82.46,0.38,65.97,0.32,20.79,0.67
2024-11-26,10:30,November,Winter,Inverted-V,93,246.78,26.61,27.78,82.45,0.37,65.96,0.31,20.18,0.67
2024-11-26,10:45,November,Winter,Inverted-V,93,239.34,26.84,27.82,82.44,0.35,65.95,0.3,19.57,0.67
2024-11-26,11:00,November,Winter,Inverted-V,93,231.91,27.06,27.86,82.42,0.34,65.94,0.29,18.96,0.67
2024-11-26,11:15,November,Winter,Inverted-V,93,219.42,27.17,27.65,82.49,0.32,65.99,0.27,17.95,0.67
2024-11-26,11:30,November,Winter,Inverted-V,93,206.93,27.27,27.45,82.55,0.31,66.04,0.26,16.94,0.67
2024-11-26,11:45,November,Winter,Inverted-V,93,194.45,27.38,27.24,82.62,0.29,66.09,0.24,15.92,0.67
2024-11-26,12:00,November,Winter,Inverted-V,93,181.96,27.49,27.04,82.68,0.27,66.15,0.23,14.91,0.67
2024-11-26,12:15,November,Winter,Inverted-V,93,183.21,27.39,26.97,82.7,0.27,66.16,0.23,15.01,0.67
2024-11-26,12:30,November,Winter,Inverted-V,93,184.45,27.28,26.9,82.73,0.27,66.18,0.23,15.12,0.67
2024-11-26,12:45,November,Winter,Inverted-V,93,185.7,27.18,26.83,82.75,0.27,66.2,0.23,15.22,0.67
2024-11-26,13:00,November,Winter,Inverted-V,93,186.95,27.08,26.75,82.77,0.28,66.22,0.23,15.33,0.67
2024-11-26,13:15,November,Winter,Inverted-V,93,172.03,26.95,26.26,82.93,0.25,66.34,0.21,14.13,0.67
2024-11-26,13:30,November,Winter,Inverted-V,93,157.11,26.83,25.76,83.09,0.23,66.47,0.19,12.92,0.67
2024-11-26,13:45,November,Winter,Inverted-V,93,142.2,26.7,25.26,83.25,0.21,66.6,0.18,11.71,0.67
2024-11-26,14:00,November,Winter,Inverted-V,93,127.28,26.58,24.76,83.4,0.19,66.72,0.16,10.5,0.67
2024-11-26,14:15,November,Winter,Inverted-V,93,115.47,26.48,24.37,83.53,0.17,66.82,0.14,9.53,0.67
2024-11-26,14:30,November,Winter,Inverted-V,93,103.66,26.38,23.98,83.65,0.15,66.92,0.13,8.57,0.67
2024-11-26,14:45,November,Winter,Inverted-V,93,91.86,26.29,23.58,83.78,0.14,67.02,0.11,7.6,0.67
2024-11-26,15:00,November,Winter,Inverted-V,93,80.05,26.19,23.19,83.9,0.12,67.12,0.1,6.63,0.67
2024-11-26,15:15,November,Winter,Inverted-V,93,68.33,26.08,22.78,84.03,0.1,67.22,0.08,5.67,0.67
2024-11-26,15:30,November,Winter,Inverted-V,93,56.6,25.96,22.38,84.16,0.08,67.33,0.07,4.7,0.67
2024-11-26,15:45,November,Winter,Inverted-V,93,44.88,25.84,21.97,84.29,0.07,67.43,0.06,3.73,0.67
2024-11-26,16:00,November,Winter,Inverted-V,93,33.16,25.73,21.56,84.42,0.05,67.53,0.04,2.76,0.67
2024-11-26,16:15,November,Winter,Inverted-V,93,25.34,25.54,21.17,84.54,0.04,67.63,0.03,2.11,0.67
2024-11-26,16:30,November,Winter,Inverted-V,93,17.53,25.34,20.78,84.66,0.03,67.73,0.02,1.46,0.67
2024-11-26,16:45,November,Winter,Inverted-V,93,9.72,25.14,20.39,84.79,0.01,67.83,0.01,0.81,0.67
2024-11-27,05:15,November,Winter,Inverted-V,93,6.89,22.55,17.72,85.63,0.01,68.51,0.01,0.58,0.67
2024-11-27,05:30,November,Winter,Inverted-V,93,13.78,22.6,17.94,85.56,0.02,68.45,0.02,1.16,0.67
2024-11-27,05:45,November,Winter,Inverted-V,93,20.67,22.65,18.17,85.49,0.03,68.39,0.03,1.74,0.67
2024-11-27,06:00,November,Winter,Inverted-V,93,27.56,22.7,18.39,85.42,0.04,68.34,0.03,2.31,0.67
2024-11-27,06:15,November,Winter,Inverted-V,93,41.43,22.88,18.92,85.25,0.06,68.2,0.05,3.47,0.67
2024-11-27,06:30,November,Winter,Inverted-V,93,55.31,23.06,19.45,85.09,0.08,68.07,0.07,4.63,0.67
2024-11-27,06:45,November,Winter,Inverted-V,93,69.18,23.25,19.98,84.92,0.1,67.93,0.09,5.78,0.67
2024-11-27,07:00,November,Winter,Inverted-V,93,83.05,23.43,20.51,84.75,0.12,67.8,0.1,6.93,0.67
2024-11-27,07:15,November,Winter,Inverted-V,93,98.48,23.66,21.12,84.56,0.14,67.64,0.12,8.2,0.67
2024-11-27,07:30,November,Winter,Inverted-V,93,113.91,23.89,21.74,84.36,0.17,67.49,0.14,9.47,0.67
2024-11-27,07:45,November,Winter,Inverted-V,93,129.34,24.12,22.35,84.17,0.19,67.33,0.16,10.74,0.67
2024-11-27,08:00,November,Winter,Inverted-V,93,144.77,24.35,22.97,83.97,0.21,67.18,0.18,12.0,0.67
2024-11-27,08:15,November,Winter,Inverted-V,93,181.1,24.6,24.13,83.6,0.27,66.88,0.22,14.96,0.67
2024-11-27,08:30,November,Winter,Inverted-V,93,217.43,24.86,25.29,83.24,0.32,66.59,0.27,17.9,0.67
2024-11-27,08:45,November,Winter,Inverted-V,93,253.76,25.11,26.45,82.87,0.38,66.29,0.31,20.83,0.67
2024-11-27,09:00,November,Winter,Inverted-V,93,290.09,25.36,27.61,82.5,0.43,66.0,0.36,23.73,0.67
2024-11-27,09:15,November,Winter,Inverted-V,93,291.73,25.55,27.85,82.43,0.43,65.94,0.36,23.85,0.67
2024-11-27,09:30,November,Winter,Inverted-V,93,293.37,25.75,28.08,82.35,0.43,65.88,0.36,23.97,0.67
2024-11-27,09:45,November,Winter,Inverted-V,93,295.0,25.95,28.32,82.28,0.44,65.82,0.37,24.08,0.67
2024-11-27,10:00,November,Winter,Inverted-V,93,296.64,26.14,28.56,82.2,0.44,65.76,0.37,24.2,0.67
2024-11-27,10:15,November,Winter,Inverted-V,93,278.39,26.26,28.21,82.31,0.41,65.85,0.35,22.73,0.67
2024-11-27,10:30,November,Winter,Inverted-V,93,260.14,26.37,27.87,82.42,0.39,65.93,0.32,21.26,0.67
2024-11-27,10:45,November,Winter,Inverted-V,93,241.89,26.48,27.53,82.53,0.36,66.02,0.3,19.79,0.67
2024-11-27,11:00,November,Winter,Inverted-V,93,223.64,26.6,27.19,82.63,0.33,66.11,0.28,18.32,0.67
2024-11-27,11:15,November,Winter,Inverted-V,93,210.0,26.68,26.93,82.72,0.31,66.17,0.26,17.21,0.67
2024-11-27,11:30,November,Winter,Inverted-V,93,196.35,26.76,26.66,82.8,0.29,66.24,0.24,16.11,0.67
2024-11-27,11:45,November,Winter,Inverted-V,93,182.71,26.83,26.4,82.88,0.27,66.31,0.23,15.0,0.67
2024-11-27,12:00,November,Winter,Inverted-V,93,169.07,26.91,26.14,82.97,0.25,66.37,0.21,13.89,0.67
2024-11-27,12:15,November,Winter,Inverted-V,93,172.54,26.97,26.28,82.92,0.25,66.34,0.21,14.17,0.67
2024-11-27,12:30,November,Winter,Inverted-V,93,176.0,27.03,26.43,82.88,0.26,66.3,0.22,14.45,0.67
2024-11-27,12:45,November,Winter,Inverted-V,93,179.47,27.09,26.58,82.83,0.27,66.26,0.22,14.72,0.67
2024-11-27,13:00,November,Winter,Inverted-V,93,182.93,27.15,26.72,82.78,0.27,66.23,0.23,15.0,0.67
2024-11-27,13:15,November,Winter,Inverted-V,93,170.68,27.14,26.41,82.88,0.25,66.31,0.21,14.01,0.67
2024-11-27,13:30,November,Winter,Inverted-V,93,158.43,27.13,26.09,82.98,0.23,66.39,0.2,13.02,0.67
2024-11-27,13:45,November,Winter,Inverted-V,93,146.17,27.12,25.77,83.08,0.22,66.47,0.18,12.02,0.67
2024-11-27,14:00,November,Winter,Inverted-V,93,133.92,27.11,25.46,83.18,0.2,66.55,0.17,11.02,0.67
2024-11-27,14:15,November,Winter,Inverted-V,93,121.82,27.02,25.07,83.31,0.18,66.65,0.15,10.04,0.67
2024-11-27,14:30,November,Winter,Inverted-V,93,109.73,26.93,24.67,83.43,0.16,66.75,0.14,9.05,0.67
2024-11-27,14:45,November,Winter,Inverted-V,93,97.63,26.84,24.28,83.56,0.14,66.84,0.12,8.06,0.67
2024-11-27,15:00,November,Winter,Inverted-V,93,85.54,26.75,23.89,83.68,0.13,66.94,0.11,7.07,0.67
2024-11-27,15:15,November,Winter,Inverted-V,93,73.63,26.56,23.4,83.83,0.11,67.07,0.09,6.09,0.67
2024-11-27,15:30,November,Winter,Inverted-V,93,61.73,26.38,22.92,83.99,0.09,67.19,0.08,5.12,0.67
2024-11-27,15:45,November,Winter,Inverted-V,93,49.83,26.19,22.43,84.14,0.07,67.31,0.06,4.14,0.67
2024-11-27,16:00,November,Winter,Inverted-V,93,37.93,26.0,21.95,84.29,0.06,67.44,0.05,3.15,0.67
2024-11-27,16:15,November,Winter,Inverted-V,93,29.06,25.73,21.46,84.45,0.04,67.56,0.04,2.42,0.67
2024-11-27,16:30,November,Winter,Inverted-V,93,20.2,25.47,20.97,84.6,0.03,67.68,0.02,1.68,0.67
2024-11-27,16:45,November,Winter,Inverted-V,93,11.33,25.21,20.49,84.76,0.02,67.81,0.01,0.95,0.67
2024-11-28,05:15,November,Winter,Inverted-V,93,10.85,22.48,17.75,85.62,0.02,68.5,0.01,0.91,0.67
2024-11-28,05:30,November,Winter,Inverted-V,93,21.71,22.57,18.12,85.51,0.03,68.41,0.03,1.82,0.67
2024-11-28,05:45,November,Winter,Inverted-V,93,32.56,22.67,18.49,85.39,0.05,68.31,0.04,2.73,0.67
2024-11-28,06:00,November,Winter,Inverted-V,93,43.42,22.77,18.86,85.27,0.06,68.22,0.05,3.64,0.67
2024-11-28,06:15,November,Winter,Inverted-V,93,68.22,23.03,19.73,85.0,0.1,68.0,0.08,5.7,0.67
2024-11-28,06:30,November,Winter,Inverted-V,93,93.02,23.29,20.61,84.72,0.14,67.77,0.11,7.76,0.67
2024-11-28,06:45,November,Winter,Inverted-V,93,117.81,23.54,21.49,84.44,0.17,67.55,0.15,9.8,0.67
2024-11-28,07:00,November,Winter,Inverted-V,93,142.61,23.8,22.37,84.16,0.21,67.33,0.18,11.84,0.67
2024-11-28,07:15,November,Winter,Inverted-V,93,159.27,24.05,23.03,83.95,0.23,67.16,0.2,13.2,0.67
2024-11-28,07:30,November,Winter,Inverted-V,93,175.92,24.29,23.69,83.74,0.26,66.99,0.22,14.55,0.67
2024-11-28,07:45,November,Winter,Inverted-V,93,192.57,24.54,24.35,83.53,0.28,66.83,0.24,15.9,0.67
2024-11-28,08:00,November,Winter,Inverted-V,93,209.23,24.78,25.01,83.32,0.31,66.66,0.26,17.24,0.67
2024-11-28,08:15,November,Winter,Inverted-V,93,254.27,25.13,26.49,82.86,0.38,66.29,0.31,20.87,0.67
2024-11-28,08:30,November,Winter,Inverted-V,93,299.31,25.48,27.97,82.39,0.44,65.91,0.37,24.46,0.67
2024-11-28,08:45,November,Winter,Inverted-V,93,344.35,25.84,29.45,81.92,0.51,65.54,0.43,28.02,0.67
2024-11-28,09:00,November,Winter,Inverted-V,93,389.39,26.19,30.92,81.45,0.58,65.16,0.48,31.55,0.67
2024-11-28,09:15,November,Winter,Inverted-V,93,412.82,26.53,31.85,81.16,0.61,64.93,0.51,33.36,0.67
2024-11-28,09:30,November,Winter,Inverted-V,93,436.26,26.87,32.77,80.87,0.65,64.69,0.54,35.16,0.67
2024-11-28,09:45,November,Winter,Inverted-V,93,459.69,27.2,33.69,80.57,0.68,64.46,0.57,36.95,0.67
2024-11-28,10:00,November,Winter,Inverted-V,93,483.12,27.54,34.62,80.28,0.72,64.23,0.6,38.72,0.67
2024-11-28,10:15,November,Winter,Inverted-V,93,500.42,27.75,35.27,80.08,0.75,64.06,0.62,40.04,0.67
2024-11-28,10:30,November,Winter,Inverted-V,93,517.73,27.97,35.91,79.87,0.77,63.9,0.65,41.34,0.67
2024-11-28,10:45,November,Winter,Inverted-V,93,535.03,28.18,36.56,79.67,0.8,63.73,0.67,42.64,0.67
2024-11-28,11:00,November,Winter,Inverted-V,93,552.33,28.4,37.21,79.46,0.83,63.57,0.69,43.93,0.67
2024-11-28,11:15,November,Winter,Inverted-V,93,540.93,28.56,37.09,79.5,0.81,63.6,0.68,43.04,0.67
2024-11-28,11:30,November,Winter,Inverted-V,93,529.53,28.73,36.97,79.54,0.79,63.63,0.66,42.15,0.67
2024-11-28,11:45,November,Winter,Inverted-V,93,518.14,28.89,36.85,79.58,0.77,63.66,0.65,41.26,0.67
2024-11-28,12:00,November,Winter,Inverted-V,93,506.74,29.06,36.73,79.61,0.76,63.69,0.63,40.36,0.67
2024-11-28,12:15,November,Winter,Inverted-V,93,459.9,29.16,35.66,79.95,0.69,63.96,0.57,36.75,0.67
2024-11-28,12:30,November,Winter,Inverted-V,93,413.07,29.26,34.59,80.29,0.62,64.23,0.52,33.11,0.67
2024-11-28,12:45,November,Winter,Inverted-V,93,366.24,29.36,33.52,80.63,0.55,64.51,0.46,29.45,0.67
2024-11-28,13:00,November,Winter,Inverted-V,93,319.41,29.46,32.45,80.97,0.47,64.78,0.4,25.77,0.67
2024-11-28,13:15,November,Winter,Inverted-V,93,300.45,29.45,31.96,81.13,0.45,64.9,0.37,24.27,0.67
2024-11-28,13:30,November,Winter,Inverted-V,93,281.49,29.43,31.47,81.28,0.42,65.02,0.35,22.77,0.67
2024-11-28,13:45,November,Winter,Inverted-V,93,262.52,29.41,30.98,81.44,0.39,65.15,0.33,21.27,0.67
2024-11-28,14:00,November,Winter,Inverted-V,93,243.56,29.4,30.49,81.59,0.36,65.27,0.3,19.76,0.67
2024-11-28,14:15,November,Winter,Inverted-V,93,219.61,29.26,29.75,81.82,0.33,65.46,0.27,17.85,0.67
2024-11-28,14:30,November,Winter,Inverted-V,93,195.66,29.11,29.01,82.06,0.29,65.65,0.24,15.94,0.67
2024-11-28,14:45,November,Winter,Inverted-V,93,171.71,28.97,28.27,82.29,0.25,65.84,0.21,14.02,0.67
2024-11-28,15:00,November,Winter,Inverted-V,93,147.77,28.83,27.52,82.53,0.22,66.02,0.18,12.09,0.67
2024-11-28,15:15,November,Winter,Inverted-V,93,123.06,28.52,26.6,82.82,0.18,66.26,0.15,10.09,0.67
2024-11-28,15:30,November,Winter,Inverted-V,93,98.34,28.21,25.67,83.12,0.15,66.49,0.12,8.09,0.67
2024-11-28,15:45,November,Winter,Inverted-V,93,73.63,27.9,24.74,83.41,0.11,66.73,0.09,6.07,0.67
2024-11-28,16:00,November,Winter,Inverted-V,93,48.92,27.59,23.81,83.7,0.07,66.96,0.06,4.04,0.67
2024-11-28,16:15,November,Winter,Inverted-V,93,37.49,27.18,23.11,83.92,0.06,67.14,0.05,3.11,0.67
2024-11-28,16:30,November,Winter,Inverted-V,93,26.06,26.77,22.42,84.15,0.04,67.32,0.03,2.16,0.67
2024-11-28,16:45,November,Winter,Inverted-V,93,14.62,26.35,21.72,84.37,0.02,67.49,0.02,1.22,0.67
2024-11-29,05:15,November,Winter,Inverted-V,93,8.75,22.95,18.17,85.49,0.01,68.39,0.01,0.73,0.67
2024-11-29,05:30,November,Winter,Inverted-V,93,17.5,23.03,18.47,85.4,0.03,68.32,0.02,1.47,0.67
2024-11-29,05:45,November,Winter,Inverted-V,93,26.24,23.11,18.77,85.3,0.04,68.24,0.03,2.2,0.67
2024-11-29,06:00,November,Winter,Inverted-V,93,34.99,23.19,19.06,85.21,0.05,68.17,0.04,2.93,0.67
2024-11-29,06:15,November,Winter,Inverted-V,93,55.8,23.41,19.81,84.97,0.08,67.98,0.07,4.66,0.67
2024-11-29,06:30,November,Winter,Inverted-V,93,76.6,23.63,20.55,84.74,0.11,67.79,0.09,6.39,0.67
2024-11-29,06:45,November,Winter,Inverted-V,93,97.4,23.86,21.29,84.5,0.14,67.6,0.12,8.11,0.67
2024-11-29,07:00,November,Winter,Inverted-V,93,118.21,24.08,22.04,84.27,0.17,67.41,0.15,9.82,0.67
2024-11-29,07:15,November,Winter,Inverted-V,93,154.19,24.28,23.14,83.92,0.23,67.13,0.19,12.77,0.67
2024-11-29,07:30,November,Winter,Inverted-V,93,190.18,24.49,24.24,83.57,0.28,66.85,0.23,15.7,0.67
2024-11-29,07:45,November,Winter,Inverted-V,93,226.16,24.7,25.35,83.22,0.33,66.57,0.28,18.62,0.67
2024-11-29,08:00,November,Winter,Inverted-V,93,262.15,24.9,26.45,82.87,0.39,66.29,0.32,21.51,0.67
2024-11-29,08:15,November,Winter,Inverted-V,93,293.48,25.16,27.5,82.54,0.43,66.03,0.36,24.01,0.67
2024-11-29,08:30,November,Winter,Inverted-V,93,324.81,25.42,28.55,82.21,0.48,65.76,0.4,26.5,0.67
2024-11-29,08:45,November,Winter,Inverted-V,93,356.14,25.69,29.59,81.87,0.53,65.5,0.44,28.97,0.67
2024-11-29,09:00,November,Winter,Inverted-V,93,387.47,25.95,30.64,81.54,0.58,65.23,0.48,31.42,0.67
2024-11-29,09:15,November,Winter,Inverted-V,93,421.66,26.17,31.71,81.2,0.63,64.96,0.52,34.09,0.67
2024-11-29,09:30,November,Winter,Inverted-V,93,455.84,26.38,32.78,80.86,0.68,64.69,0.57,36.74,0.67
2024-11-29,09:45,November,Winter,Inverted-V,93,490.03,26.6,33.85,80.52,0.73,64.42,0.61,39.37,0.67
2024-11-29,10:00,November,Winter,Inverted-V,93,524.21,26.82,34.93,80.19,0.78,64.15,0.65,41.98,0.67
2024-11-29,10:15,November,Winter,Inverted-V,93,536.91,26.98,35.4,80.04,0.8,64.03,0.67,42.94,0.67
2024-11-29,10:30,November,Winter,Inverted-V,93,549.6,27.13,35.87,79.89,0.82,63.91,0.69,43.89,0.67
2024-11-29,10:45,November,Winter,Inverted-V,93,562.3,27.29,36.34,79.74,0.84,63.79,0.7,44.84,0.67
2024-11-29,11:00,November,Winter,Inverted-V,93,574.99,27.44,36.81,79.59,0.86,63.67,0.72,45.79,0.67
2024-11-29,11:15,November,Winter,Inverted-V,93,558.98,27.6,36.57,79.66,0.83,63.73,0.7,44.55,0.67
2024-11-29,11:30,November,Winter,Inverted-V,93,542.97,27.76,36.33,79.74,0.81,63.79,0.68,43.3,0.67
2024-11-29,11:45,November,Winter,Inverted-V,93,526.96,27.91,36.09,79.82,0.79,63.85,0.66,42.06,0.67
2024-11-29,12:00,November,Winter,Inverted-V,93,510.95,28.07,35.84,79.89,0.76,63.92,0.64,40.81,0.67
2024-11-29,12:15,November,Winter,Inverted-V,93,489.24,28.18,35.41,80.03,0.73,64.03,0.61,39.12,0.67
2024-11-29,12:30,November,Winter,Inverted-V,93,467.53,28.28,34.97,80.17,0.7,64.14,0.58,37.44,0.67
2024-11-29,12:45,November,Winter,Inverted-V,93,445.82,28.38,34.53,80.31,0.66,64.25,0.56,35.74,0.67
2024-11-29,13:00,November,Winter,Inverted-V,93,424.12,28.49,34.09,80.45,0.63,64.36,0.53,34.05,0.67
2024-11-29,13:15,November,Winter,Inverted-V,93,391.12,28.53,33.31,80.7,0.58,64.56,0.49,31.47,0.67
2024-11-29,13:30,November,Winter,Inverted-V,93,358.13,28.56,32.52,80.95,0.53,64.76,0.45,28.88,0.67
2024-11-29,13:45,November,Winter,Inverted-V,93,325.13,28.6,31.73,81.2,0.48,64.96,0.4,26.28,0.67
2024-11-29,14:00,November,Winter,Inverted-V,93,292.14,28.64,30.94,81.45,0.43,65.16,0.36,23.67,0.67
2024-11-29,14:15,November,Winter,Inverted-V,93,264.68,28.57,30.18,81.69,0.39,65.35,0.33,21.49,0.67
2024-11-29,14:30,November,Winter,Inverted-V,93,237.22,28.5,29.43,81.93,0.35,65.54,0.29,19.3,0.67
2024-11-29,14:45,November,Winter,Inverted-V,93,209.76,28.42,28.67,82.17,0.31,65.73,0.26,17.11,0.67
2024-11-29,15:00,November,Winter,Inverted-V,93,182.3,28.35,27.91,82.41,0.27,65.93,0.23,14.9,0.67
2024-11-29,15:15,November,Winter,Inverted-V,93,152.48,28.18,26.99,82.7,0.23,66.16,0.19,12.49,0.67
2024-11-29,15:30,November,Winter,Inverted-V,93,122.65,28.0,26.07,82.99,0.18,66.39,0.15,10.08,0.67
2024-11-29,15:45,November,Winter,Inverted-V,93,92.82,27.82,25.15,83.28,0.14,66.63,0.11,7.65,0.67
2024-11-29,16:00,November,Winter,Inverted-V,93,63.0,27.65,24.22,83.57,0.09,66.86,0.08,5.2,0.67
2024-11-29,16:15,November,Winter,Inverted-V,93,48.25,27.3,23.51,83.8,0.07,67.04,0.06,3.99,0.67
2024-11-29,16:30,November,Winter,Inverted-V,93,33.5,26.95,22.79,84.03,0.05,67.22,0.04,2.78,0.67
2024-11-29,16:45,November,Winter,Inverted-V,93,18.75,26.6,22.07,84.26,0.03,67.4,0.02,1.56,0.67
2024-11-30,05:15,November,Winter,Inverted-V,93,12.8,23.52,18.84,85.28,0.02,68.22,0.02,1.07,0.67
2024-11-30,05:30,November,Winter,Inverted-V,93,25.61,23.61,19.25,85.15,0.04,68.12,0.03,2.14,0.67
2024-11-30,05:45,November,Winter,Inverted-V,93,38.41,23.69,19.65,85.02,0.06,68.02,0.05,3.21,0.67
2024-11-30,06:00,November,Winter,Inverted-V,93,51.21,23.77,20.05,84.9,0.08,67.92,0.06,4.28,0.67
2024-11-30,06:15,November,Winter,Inverted-V,93,84.12,23.98,21.08,84.57,0.12,67.66,0.1,7.01,0.67
2024-11-30,06:30,November,Winter,Inverted-V,93,117.03,24.19,22.11,84.24,0.17,67.39,0.14,9.72,0.67
2024-11-30,06:45,November,Winter,Inverted-V,93,149.94,24.39,23.14,83.92,0.22,67.13,0.18,12.42,0.67
2024-11-30,07:00,November,Winter,Inverted-V,93,182.84,24.6,24.17,83.59,0.27,66.87,0.23,15.1,0.67
2024-11-30,07:15,November,Winter,Inverted-V,93,222.76,24.76,25.33,83.22,0.33,66.58,0.28,18.34,0.67
2024-11-30,07:30,November,Winter,Inverted-V,93,262.68,24.92,26.49,82.86,0.39,66.29,0.33,21.56,0.67
2024-11-30,07:45,November,Winter,Inverted-V,93,302.6,25.08,27.65,82.49,0.45,65.99,0.38,24.75,0.67
2024-11-30,08:00,November,Winter,Inverted-V,93,342.52,25.24,28.8,82.12,0.51,65.7,0.43,27.92,0.67
2024-11-30,08:15,November,Winter,Inverted-V,93,373.4,25.43,29.77,81.82,0.55,65.45,0.46,30.36,0.67
2024-11-30,08:30,November,Winter,Inverted-V,93,404.27,25.63,30.74,81.51,0.6,65.21,0.5,32.77,0.67
2024-11-30,08:45,November,Winter,Inverted-V,93,435.15,25.82,31.7,81.21,0.65,64.96,0.54,35.18,0.67
2024-11-30,09:00,November,Winter,Inverted-V,93,466.02,26.02,32.67,80.9,0.69,64.72,0.58,37.57,0.67
2024-11-30,09:15,November,Winter,Inverted-V,93,475.3,26.2,33.09,80.77,0.71,64.61,0.59,38.27,0.67
2024-11-30,09:30,November,Winter,Inverted-V,93,484.59,26.39,33.5,80.64,0.72,64.51,0.6,38.97,0.67
2024-11-30,09:45,November,Winter,Inverted-V,93,493.87,26.58,33.92,80.5,0.74,64.4,0.62,39.67,0.67
2024-11-30,10:00,November,Winter,Inverted-V,93,503.15,26.76,34.34,80.37,0.75,64.3,0.63,40.36,0.67
2024-11-30,10:15,November,Winter,Inverted-V,93,505.35,26.94,34.57,80.3,0.75,64.24,0.63,40.51,0.67
2024-11-30,10:30,November,Winter,Inverted-V,93,507.55,27.12,34.8,80.22,0.76,64.18,0.63,40.66,0.67
2024-11-30,10:45,November,Winter,Inverted-V,93,509.74,27.29,35.04,80.15,0.76,64.12,0.64,40.81,0.67
2024-11-30,11:00,November,Winter,Inverted-V,93,511.94,27.47,35.27,80.08,0.76,64.06,0.64,40.96,0.67
2024-11-30,11:15,November,Winter,Inverted-V,93,504.81,27.63,35.26,80.08,0.75,64.06,0.63,40.39,0.67
2024-11-30,11:30,November,Winter,Inverted-V,93,497.67,27.8,35.24,80.08,0.74,64.07,0.62,39.82,0.67
2024-11-30,11:45,November,Winter,Inverted-V,93,490.54,27.96,35.23,80.09,0.73,64.07,0.61,39.25,0.67
2024-11-30,12:00,November,Winter,Inverted-V,93,483.41,28.13,35.22,80.09,0.72,64.07,0.6,38.68,0.67
2024-11-30,12:15,November,Winter,Inverted-V,93,480.08,28.32,35.32,80.06,0.72,64.05,0.6,38.4,0.67
2024-11-30,12:30,November,Winter,Inverted-V,93,476.75,28.52,35.43,80.02,0.71,64.02,0.6,38.12,0.67
2024-11-30,12:45,November,Winter,Inverted-V,93,473.42,28.71,35.54,79.99,0.71,63.99,0.59,37.84,0.67
2024-11-30,13:00,November,Winter,Inverted-V,93,470.09,28.9,35.65,79.95,0.7,63.96,0.59,37.57,0.67
2024-11-30,13:15,November,Winter,Inverted-V,93,420.28,28.96,34.47,80.33,0.63,64.26,0.52,33.7,0.67
2024-11-30,13:30,November,Winter,Inverted-V,93,370.48,29.02,33.28,80.71,0.55,64.56,0.46,29.81,0.67
2024-11-30,13:45,November,Winter,Inverted-V,93,320.67,29.08,32.1,81.08,0.48,64.86,0.4,25.89,0.67
2024-11-30,14:00,November,Winter,Inverted-V,93,270.86,29.14,30.91,81.46,0.4,65.16,0.34,21.95,0.67
2024-11-30,14:15,November,Winter,Inverted-V,93,246.05,29.11,30.26,81.66,0.37,65.33,0.31,19.97,0.67
2024-11-30,14:30,November,Winter,Inverted-V,93,221.23,29.08,29.61,81.87,0.33,65.5,0.27,17.99,0.67
2024-11-30,14:45,November,Winter,Inverted-V,93,196.41,29.04,28.95,82.08,0.29,65.66,0.24,16.0,0.67
2024-11-30,15:00,November,Winter,Inverted-V,93,171.59,29.01,28.3,82.28,0.25,65.83,0.21,14.01,0.67
2024-11-30,15:15,November,Winter,Inverted-V,93,144.91,28.8,27.42,82.56,0.21,66.05,0.18,11.86,0.67
2024-11-30,15:30,November,Winter,Inverted-V,93,118.24,28.58,26.54,82.84,0.17,66.27,0.15,9.7,0.67
2024-11-30,15:45,November,Winter,Inverted-V,93,91.56,28.36,25.65,83.12,0.14,66.5,0.11,7.53,0.67
2024-11-30,16:00,November,Winter,Inverted-V,93,64.89,28.15,24.77,83.4,0.1,66.72,0.08,5.35,0.67
2024-11-30,16:15,November,Winter,Inverted-V,93,49.72,27.77,24.01,83.64,0.07,66.91,0.06,4.11,0.67
2024-11-30,16:30,November,Winter,Inverted-V,93,34.55,27.39,23.25,83.88,0.05,67.1,0.04,2.86,0.67
2024-11-30,16:45,November,Winter,Inverted-V,93,19.38,27.01,22.49,84.12,0.03,67.3,0.02,1.61,0.67
2024-12-01,05:15,December,Winter,Inverted-V,93,8.86,24.3,19.52,85.06,0.01,68.05,0.01,0.74,0.67
2024-12-01,05:30,December,Winter,Inverted-V,93,17.71,24.38,19.83,84.97,0.03,67.97,0.02,1.48,0.67
2024-12-01,05:45,December,Winter,Inverted-V,93,26.57,24.47,20.13,84.87,0.04,67.9,0.03,2.22,0.67
2024-12-01,06:00,December,Winter,Inverted-V,93,35.42,24.55,20.44,84.77,0.05,67.82,0.04,2.96,0.67
2024-12-01,06:15,December,Winter,Inverted-V,93,55.38,24.85,21.23,84.52,0.08,67.62,0.07,4.61,0.67
2024-12-01,06:30,December,Winter,Inverted-V,93,75.34,25.14,22.03,84.27,0.11,67.42,0.09,6.26,0.67
2024-12-01,06:45,December,Winter,Inverted-V,93,95.3,25.44,22.82,84.02,0.14,67.21,0.12,7.9,0.67
2024-12-01,07:00,December,Winter,Inverted-V,93,115.26,25.74,23.62,83.76,0.17,67.01,0.14,9.53,0.67
2024-12-01,07:15,December,Winter,Inverted-V,93,140.34,26.22,24.73,83.41,0.21,66.73,0.17,11.57,0.67
2024-12-01,07:30,December,Winter,Inverted-V,93,165.41,26.7,25.84,83.06,0.24,66.45,0.2,13.6,0.67
2024-12-01,07:45,December,Winter,Inverted-V,93,190.49,27.18,26.94,82.71,0.28,66.17,0.24,15.61,0.67
2024-12-01,08:00,December,Winter,Inverted-V,93,215.57,27.66,28.05,82.36,0.32,65.89,0.27,17.61,0.67
2024-12-01,08:15,December,Winter,Inverted-V,93,225.72,28.17,28.81,82.12,0.33,65.7,0.28,18.4,0.67
2024-12-01,08:30,December,Winter,Inverted-V,93,235.87,28.68,29.58,81.88,0.35,65.5,0.29,19.19,0.67
2024-12-01,08:45,December,Winter,Inverted-V,93,246.02,29.19,30.34,81.64,0.37,65.31,0.31,19.97,0.67
2024-12-01,09:00,December,Winter,Inverted-V,93,256.18,29.7,31.1,81.4,0.38,65.12,0.32,20.75,0.67
2024-12-01,09:15,December,Winter,Inverted-V,93,268.46,30.05,31.76,81.19,0.4,64.95,0.33,21.7,0.67
2024-12-01,09:30,December,Winter,Inverted-V,93,280.75,30.41,32.42,80.98,0.42,64.78,0.35,22.65,0.67
2024-12-01,09:45,December,Winter,Inverted-V,93,293.03,30.76,33.08,80.77,0.44,64.61,0.37,23.59,0.67
2024-12-01,10:00,December,Winter,Inverted-V,93,305.32,31.11,33.74,80.56,0.45,64.45,0.38,24.54,0.67
2024-12-01,10:15,December,Winter,Inverted-V,93,348.35,31.28,34.99,80.17,0.52,64.13,0.43,27.89,0.67
2024-12-01,10:30,December,Winter,Inverted-V,93,391.38,31.45,36.23,79.77,0.58,63.82,0.49,31.22,0.67
2024-12-01,10:45,December,Winter,Inverted-V,93,434.41,31.61,37.47,79.38,0.65,63.5,0.54,34.53,0.67
2024-12-01,11:00,December,Winter,Inverted-V,93,477.45,31.78,38.72,78.98,0.71,63.19,0.6,37.8,0.67
2024-12-01,11:15,December,Winter,Inverted-V,93,434.49,31.82,37.68,79.31,0.65,63.45,0.54,34.51,0.67
2024-12-01,11:30,December,Winter,Inverted-V,93,391.54,31.85,36.64,79.64,0.58,63.71,0.49,31.2,0.67
2024-12-01,11:45,December,Winter,Inverted-V,93,348.59,31.89,35.6,79.97,0.52,63.98,0.44,27.86,0.67
2024-12-01,12:00,December,Winter,Inverted-V,93,305.64,31.92,34.56,80.3,0.46,64.24,0.38,24.5,0.67
2024-12-01,12:15,December,Winter,Inverted-V,93,303.95,31.84,34.44,80.34,0.45,64.27,0.38,24.38,0.67
2024-12-01,12:30,December,Winter,Inverted-V,93,302.25,31.76,34.32,80.38,0.45,64.3,0.38,24.25,0.67
2024-12-01,12:45,December,Winter,Inverted-V,93,300.56,31.68,34.19,80.42,0.45,64.33,0.37,24.12,0.67
2024-12-01,13:00,December,Winter,Inverted-V,93,298.87,31.6,34.07,80.46,0.45,64.36,0.37,23.99,0.67
2024-12-01,13:15,December,Winter,Inverted-V,93,260.82,31.45,32.97,80.81,0.39,64.64,0.32,21.01,0.67
2024-12-01,13:30,December,Winter,Inverted-V,93,222.77,31.29,31.86,81.16,0.33,64.92,0.28,18.0,0.67
2024-12-01,13:45,December,Winter,Inverted-V,93,184.72,31.14,30.75,81.51,0.27,65.21,0.23,14.97,0.67
2024-12-01,14:00,December,Winter,Inverted-V,93,146.66,30.98,29.65,81.86,0.22,65.49,0.18,11.93,0.67
2024-12-01,14:15,December,Winter,Inverted-V,93,134.12,30.76,29.12,82.02,0.2,65.62,0.17,10.92,0.67
2024-12-01,14:30,December,Winter,Inverted-V,93,121.58,30.55,28.58,82.19,0.18,65.75,0.15,9.92,0.67
2024-12-01,14:45,December,Winter,Inverted-V,93,109.04,30.33,28.05,82.36,0.16,65.89,0.14,8.91,0.67
2024-12-01,15:00,December,Winter,Inverted-V,93,96.5,30.11,27.52,82.53,0.14,66.02,0.12,7.9,0.67
2024-12-01,15:15,December,Winter,Inverted-V,93,82.97,29.78,26.86,82.74,0.12,66.19,0.1,6.8,0.67
2024-12-01,15:30,December,Winter,Inverted-V,93,69.44,29.45,26.19,82.95,0.1,66.36,0.09,5.7,0.67
2024-12-01,15:45,December,Winter,Inverted-V,93,55.92,29.13,25.53,83.16,0.08,66.53,0.07,4.6,0.67
2024-12-01,16:00,December,Winter,Inverted-V,93,42.39,28.8,24.86,83.37,0.06,66.7,0.05,3.49,0.67
2024-12-01,16:15,December,Winter,Inverted-V,93,32.4,28.42,24.23,83.57,0.05,66.86,0.04,2.68,0.67
2024-12-01,16:30,December,Winter,Inverted-V,93,22.41,28.04,23.6,83.77,0.03,67.02,0.03,1.85,0.67
2024-12-01,16:45,December,Winter,Inverted-V,93,12.42,27.65,22.96,83.97,0.02,67.18,0.02,1.03,0.67
2024-12-02,05:15,December,Winter,Inverted-V,93,9.95,23.94,19.19,85.17,0.01,68.14,0.01,0.83,0.67
2024-12-02,05:30,December,Winter,Inverted-V,93,19.9,24.02,19.52,85.06,0.03,68.05,0.02,1.66,0.67
2024-12-02,05:45,December,Winter,Inverted-V,93,29.85,24.11,19.86,84.96,0.04,67.96,0.04,2.49,0.67
2024-12-02,06:00,December,Winter,Inverted-V,93,39.8,24.2,20.19,84.85,0.06,67.88,0.05,3.32,0.67
2024-12-02,06:15,December,Winter,Inverted-V,93,66.1,24.53,21.18,84.54,0.1,67.63,0.08,5.5,0.67
2024-12-02,06:30,December,Winter,Inverted-V,93,92.4,24.86,22.17,84.22,0.14,67.38,0.11,7.67,0.67
2024-12-02,06:45,December,Winter,Inverted-V,93,118.71,25.19,23.16,83.91,0.17,67.13,0.15,9.83,0.67
2024-12-02,07:00,December,Winter,Inverted-V,93,145.01,25.52,24.15,83.6,0.21,66.88,0.18,11.98,0.67
2024-12-02,07:15,December,Winter,Inverted-V,93,176.1,25.97,25.37,83.21,0.26,66.57,0.22,14.5,0.67
2024-12-02,07:30,December,Winter,Inverted-V,93,207.18,26.41,26.59,82.82,0.31,66.26,0.26,17.0,0.67
2024-12-02,07:45,December,Winter,Inverted-V,93,238.27,26.86,27.82,82.44,0.35,65.95,0.3,19.48,0.67
2024-12-02,08:00,December,Winter,Inverted-V,93,269.35,27.31,29.04,82.05,0.4,65.64,0.33,21.94,0.67
2024-12-02,08:15,December,Winter,Inverted-V,93,313.65,27.62,30.46,81.6,0.47,65.28,0.39,25.45,0.67
2024-12-02,08:30,December,Winter,Inverted-V,93,357.96,27.93,31.88,81.15,0.53,64.92,0.45,28.92,0.67
2024-12-02,08:45,December,Winter,Inverted-V,93,402.26,28.25,33.3,80.7,0.6,64.56,0.5,32.37,0.67
2024-12-02,09:00,December,Winter,Inverted-V,93,446.56,28.56,34.72,80.25,0.67,64.2,0.56,35.78,0.67
2024-12-02,09:15,December,Winter,Inverted-V,93,465.26,28.81,35.44,80.02,0.69,64.02,0.58,37.2,0.67
2024-12-02,09:30,December,Winter,Inverted-V,93,483.95,29.06,36.16,79.79,0.72,63.83,0.6,38.61,0.67
2024-12-02,09:45,December,Winter,Inverted-V,93,502.65,29.32,36.88,79.57,0.75,63.65,0.63,40.02,0.67
2024-12-02,10:00,December,Winter,Inverted-V,93,521.35,29.57,37.6,79.34,0.78,63.47,0.65,41.42,0.67
2024-12-02,10:15,December,Winter,Inverted-V,93,529.86,29.8,38.04,79.2,0.79,63.36,0.66,42.04,0.67
2024-12-02,10:30,December,Winter,Inverted-V,93,538.37,30.02,38.48,79.06,0.81,63.25,0.67,42.66,0.67
2024-12-02,10:45,December,Winter,Inverted-V,93,546.88,30.24,38.92,78.92,0.82,63.14,0.69,43.28,0.67
2024-12-02,11:00,December,Winter,Inverted-V,93,555.39,30.47,39.35,78.78,0.83,63.03,0.7,43.89,0.67
2024-12-02,11:15,December,Winter,Inverted-V,93,531.04,30.59,38.87,78.94,0.79,63.15,0.67,42.03,0.67
2024-12-02,11:30,December,Winter,Inverted-V,93,506.68,30.71,38.38,79.09,0.76,63.27,0.63,40.16,0.67
2024-12-02,11:45,December,Winter,Inverted-V,93,482.33,30.83,37.89,79.25,0.72,63.4,0.6,38.29,0.67
2024-12-02,12:00,December,Winter,Inverted-V,93,457.97,30.95,37.4,79.4,0.68,63.52,0.57,36.41,0.67
2024-12-02,12:15,December,Winter,Inverted-V,93,445.39,30.95,37.08,79.5,0.67,63.6,0.56,35.44,0.67
2024-12-02,12:30,December,Winter,Inverted-V,93,432.81,30.95,36.77,79.6,0.65,63.68,0.54,34.47,0.67
2024-12-02,12:45,December,Winter,Inverted-V,93,420.23,30.95,36.46,79.7,0.63,63.76,0.53,33.5,0.67
2024-12-02,13:00,December,Winter,Inverted-V,93,407.65,30.95,36.14,79.8,0.61,63.84,0.51,32.53,0.67
2024-12-02,13:15,December,Winter,Inverted-V,93,397.56,30.84,35.78,79.91,0.59,63.93,0.5,31.76,0.67
2024-12-02,13:30,December,Winter,Inverted-V,93,387.47,30.73,35.42,80.03,0.58,64.02,0.48,30.98,0.67
2024-12-02,13:45,December,Winter,Inverted-V,93,377.38,30.63,35.06,80.14,0.56,64.11,0.47,30.21,0.67
2024-12-02,14:00,December,Winter,Inverted-V,93,367.29,30.52,34.7,80.26,0.55,64.2,0.46,29.43,0.67
2024-12-02,14:15,December,Winter,Inverted-V,93,325.91,30.36,33.51,80.63,0.49,64.51,0.41,26.21,0.67
2024-12-02,14:30,December,Winter,Inverted-V,93,284.53,30.2,32.31,81.01,0.42,64.81,0.35,22.96,0.67
2024-12-02,14:45,December,Winter,Inverted-V,93,243.15,30.03,31.11,81.39,0.36,65.11,0.3,19.69,0.67
2024-12-02,15:00,December,Winter,Inverted-V,93,201.77,29.87,29.91,81.77,0.3,65.42,0.25,16.4,0.67
2024-12-02,15:15,December,Winter,Inverted-V,93,170.36,29.57,28.83,82.11,0.25,65.69,0.21,13.89,0.67
2024-12-02,15:30,December,Winter,Inverted-V,93,138.95,29.27,27.75,82.46,0.21,65.97,0.17,11.36,0.67
2024-12-02,15:45,December,Winter,Inverted-V,93,107.55,28.98,26.67,82.8,0.16,66.24,0.13,8.82,0.67
2024-12-02,16:00,December,Winter,Inverted-V,93,76.14,28.68,25.58,83.14,0.11,66.51,0.09,6.26,0.67
2024-12-02,16:15,December,Winter,Inverted-V,93,58.13,28.29,24.74,83.41,0.09,66.73,0.07,4.79,0.67
2024-12-02,16:30,December,Winter,Inverted-V,93,40.11,27.89,23.89,83.68,0.06,66.94,0.05,3.32,0.67
2024-12-02,16:45,December,Winter,Inverted-V,93,22.1,27.5,23.05,83.95,0.03,67.16,0.03,1.83,0.67
2024-12-03,05:15,December,Winter,Inverted-V,93,17.26,23.37,18.8,85.29,0.03,68.23,0.02,1.45,0.67
2024-12-03,05:30,December,Winter,Inverted-V,93,34.52,23.48,19.35,85.12,0.05,68.09,0.04,2.89,0.67
2024-12-03,05:45,December,Winter,Inverted-V,93,51.78,23.6,19.89,84.95,0.08,67.96,0.06,4.33,0.67
2024-12-03,06:00,December,Winter,Inverted-V,93,69.03,23.71,20.44,84.77,0.1,67.82,0.08,5.76,0.67
2024-12-03,06:15,December,Winter,Inverted-V,93,117.44,24.03,21.97,84.29,0.17,67.43,0.14,9.76,0.67
2024-12-03,06:30,December,Winter,Inverted-V,93,165.84,24.36,23.5,83.8,0.24,67.04,0.2,13.72,0.67
2024-12-03,06:45,December,Winter,Inverted-V,93,214.25,24.68,25.03,83.32,0.32,66.65,0.26,17.65,0.67
2024-12-03,07:00,December,Winter,Inverted-V,93,262.66,25.0,26.57,82.83,0.39,66.27,0.33,21.55,0.67
2024-12-03,07:15,December,Winter,Inverted-V,93,310.82,25.54,28.31,82.28,0.46,65.83,0.39,25.38,0.67
2024-12-03,07:30,December,Winter,Inverted-V,93,358.99,26.07,30.04,81.73,0.53,65.38,0.45,29.16,0.67
2024-12-03,07:45,December,Winter,Inverted-V,93,407.16,26.61,31.78,81.18,0.61,64.94,0.51,32.91,0.67
2024-12-03,08:00,December,Winter,Inverted-V,93,455.33,27.14,33.52,80.63,0.68,64.5,0.57,36.62,0.67
2024-12-03,08:15,December,Winter,Inverted-V,93,497.9,27.62,35.07,80.14,0.74,64.11,0.62,39.86,0.67
2024-12-03,08:30,December,Winter,Inverted-V,93,540.48,28.09,36.61,79.65,0.81,63.72,0.68,43.07,0.67
2024-12-03,08:45,December,Winter,Inverted-V,93,583.05,28.57,38.15,79.16,0.87,63.33,0.73,46.25,0.67
2024-12-03,09:00,December,Winter,Inverted-V,93,625.62,29.05,39.69,78.68,0.94,62.94,0.78,49.39,0.67
2024-12-03,09:15,December,Winter,Inverted-V,93,656.72,29.37,40.79,78.33,0.98,62.66,0.82,51.67,0.67
2024-12-03,09:30,December,Winter,Inverted-V,93,687.83,29.7,41.89,77.98,1.03,62.38,0.86,53.94,0.67
2024-12-03,09:45,December,Winter,Inverted-V,93,718.93,30.02,42.99,77.63,1.08,62.11,0.9,56.19,0.67
2024-12-03,10:00,December,Winter,Inverted-V,93,750.03,30.34,44.09,77.28,1.13,61.83,0.94,58.42,0.67
2024-12-03,10:15,December,Winter,Inverted-V,93,747.43,30.53,44.22,77.24,1.12,61.79,0.94,58.19,0.67
2024-12-03,10:30,December,Winter,Inverted-V,93,744.83,30.73,44.35,77.2,1.12,61.76,0.94,57.97,0.67
2024-12-03,10:45,December,Winter,Inverted-V,93,742.24,30.92,44.47,77.16,1.12,61.73,0.94,57.74,0.67
2024-12-03,11:00,December,Winter,Inverted-V,93,739.64,31.11,44.6,77.12,1.11,61.7,0.93,57.52,0.67
2024-12-03,11:15,December,Winter,Inverted-V,93,733.52,31.18,44.51,77.15,1.1,61.72,0.92,57.06,0.67
2024-12-03,11:30,December,Winter,Inverted-V,93,727.41,31.24,44.43,77.18,1.09,61.74,0.92,56.6,0.67
2024-12-03,11:45,December,Winter,Inverted-V,93,721.29,31.3,44.34,77.2,1.09,61.76,0.91,56.14,0.67
2024-12-03,12:00,December,Winter,Inverted-V,93,715.18,31.37,44.25,77.23,1.08,61.79,0.9,55.67,0.67
2024-12-03,12:15,December,Winter,Inverted-V,93,701.69,31.38,43.92,77.34,1.06,61.87,0.88,54.68,0.67
2024-12-03,12:30,December,Winter,Inverted-V,93,688.2,31.39,43.6,77.44,1.03,61.95,0.87,53.68,0.67
2024-12-03,12:45,December,Winter,Inverted-V,93,674.72,31.4,43.27,77.54,1.01,62.03,0.85,52.69,0.67
2024-12-03,13:00,December,Winter,Inverted-V,93,661.23,31.41,42.94,77.65,0.99,62.12,0.83,51.68,0.67
2024-12-03,13:15,December,Winter,Inverted-V,93,629.99,31.34,42.08,77.92,0.95,62.33,0.79,49.37,0.67
2024-12-03,13:30,December,Winter,Inverted-V,93,598.75,31.26,41.23,78.19,0.9,62.55,0.75,47.05,0.67
2024-12-03,13:45,December,Winter,Inverted-V,93,567.51,31.18,40.37,78.46,0.85,62.77,0.71,44.71,0.67
2024-12-03,14:00,December,Winter,Inverted-V,93,536.27,31.11,39.52,78.73,0.8,62.99,0.67,42.36,0.67
2024-12-03,14:15,December,Winter,Inverted-V,93,483.95,30.95,38.05,79.2,0.72,63.36,0.61,38.4,0.67
2024-12-03,14:30,December,Winter,Inverted-V,93,431.63,30.8,36.59,79.66,0.64,63.73,0.54,34.4,0.67
2024-12-03,14:45,December,Winter,Inverted-V,93,379.31,30.64,35.12,80.12,0.57,64.1,0.47,30.36,0.67
2024-12-03,15:00,December,Winter,Inverted-V,93,326.99,30.48,33.65,80.59,0.49,64.47,0.41,26.28,0.67
2024-12-03,15:15,December,Winter,Inverted-V,93,274.41,30.24,32.1,81.08,0.41,64.86,0.34,22.16,0.67
2024-12-03,15:30,December,Winter,Inverted-V,93,221.83,30.0,30.54,81.57,0.33,65.26,0.28,17.99,0.67
2024-12-03,15:45,December,Winter,Inverted-V,93,169.25,29.75,28.98,82.07,0.25,65.65,0.21,13.79,0.67
2024-12-03,16:00,December,Winter,Inverted-V,93,116.67,29.51,27.43,82.56,0.17,66.05,0.14,9.55,0.67
2024-12-03,16:15,December,Winter,Inverted-V,93,88.87,29.07,26.29,82.92,0.13,66.34,0.11,7.3,0.67
2024-12-03,16:30,December,Winter,Inverted-V,93,61.06,28.62,25.15,83.28,0.09,66.62,0.08,5.03,0.67
2024-12-03,16:45,December,Winter,Inverted-V,93,33.26,28.18,24.01,83.64,0.05,66.91,0.04,2.75,0.67
2024-12-03,17:00,December,Winter,Inverted-V,93,5.45,27.74,22.88,84.0,0.01,67.2,0.01,0.45,0.67
2024-12-04,05:15,December,Winter,Inverted-V,93,10.98,23.33,18.6,85.35,0.02,68.28,0.01,0.92,0.67
2024-12-04,05:30,December,Winter,Inverted-V,93,21.95,23.59,19.14,85.18,0.03,68.15,0.03,1.84,0.67
2024-12-04,05:45,December,Winter,Inverted-V,93,32.93,23.85,19.67,85.01,0.05,68.01,0.04,2.75,0.67
2024-12-04,06:00,December,Winter,Inverted-V,93,43.9,24.11,20.21,84.85,0.06,67.88,0.05,3.67,0.67
2024-12-04,06:15,December,Winter,Inverted-V,93,73.16,24.58,21.41,84.46,0.11,67.57,0.09,6.09,0.67
2024-12-04,06:30,December,Winter,Inverted-V,93,102.42,25.05,22.62,84.08,0.15,67.27,0.13,8.5,0.67
2024-12-04,06:45,December,Winter,Inverted-V,93,131.68,25.53,23.82,83.7,0.19,66.96,0.16,10.89,0.67
2024-12-04,07:00,December,Winter,Inverted-V,93,160.94,26.0,25.02,83.32,0.24,66.66,0.2,13.26,0.67
2024-12-04,07:15,December,Winter,Inverted-V,93,191.53,26.39,26.18,82.95,0.28,66.36,0.24,15.73,0.67
2024-12-04,07:30,December,Winter,Inverted-V,93,222.11,26.79,27.34,82.59,0.33,66.07,0.28,18.18,0.67
2024-12-04,07:45,December,Winter,Inverted-V,93,252.7,27.18,28.5,82.22,0.37,65.78,0.31,20.62,0.67
2024-12-04,08:00,December,Winter,Inverted-V,93,283.28,27.58,29.66,81.85,0.42,65.48,0.35,23.04,0.67
2024-12-04,08:15,December,Winter,Inverted-V,93,299.34,27.84,30.33,81.64,0.44,65.31,0.37,24.3,0.67
2024-12-04,08:30,December,Winter,Inverted-V,93,315.4,28.11,30.99,81.43,0.47,65.14,0.39,25.55,0.67
2024-12-04,08:45,December,Winter,Inverted-V,93,331.45,28.38,31.66,81.22,0.49,64.97,0.41,26.8,0.67
2024-12-04,09:00,December,Winter,Inverted-V,93,347.51,28.64,32.33,81.01,0.52,64.81,0.43,28.04,0.67
2024-12-04,09:15,December,Winter,Inverted-V,93,353.64,28.88,32.72,80.88,0.53,64.71,0.44,28.5,0.67
2024-12-04,09:30,December,Winter,Inverted-V,93,359.76,29.12,33.11,80.76,0.54,64.61,0.45,28.96,0.67
2024-12-04,09:45,December,Winter,Inverted-V,93,365.88,29.36,33.51,80.63,0.54,64.51,0.46,29.42,0.67
2024-12-04,10:00,December,Winter,Inverted-V,93,372.01,29.6,33.9,80.51,0.55,64.41,0.46,29.88,0.67
2024-12-04,10:15,December,Winter,Inverted-V,93,408.13,29.79,34.99,80.16,0.61,64.13,0.51,32.68,0.67
2024-12-04,10:30,December,Winter,Inverted-V,93,444.25,29.98,36.08,79.82,0.66,63.86,0.56,35.46,0.67
2024-12-04,10:45,December,Winter,Inverted-V,93,480.37,30.16,37.17,79.47,0.72,63.58,0.6,38.21,0.67
2024-12-04,11:00,December,Winter,Inverted-V,93,516.49,30.35,38.26,79.13,0.77,63.3,0.65,40.95,0.67
2024-12-04,11:15,December,Winter,Inverted-V,93,524.89,30.45,38.57,79.03,0.79,63.22,0.66,41.58,0.67
2024-12-04,11:30,December,Winter,Inverted-V,93,533.28,30.55,38.89,78.93,0.8,63.14,0.67,42.2,0.67
2024-12-04,11:45,December,Winter,Inverted-V,93,541.68,30.66,39.2,78.83,0.81,63.07,0.68,42.83,0.67
2024-12-04,12:00,December,Winter,Inverted-V,93,550.08,30.76,39.51,78.73,0.82,62.99,0.69,43.45,0.67
2024-12-04,12:15,December,Winter,Inverted-V,93,531.9,30.78,39.08,78.87,0.8,63.1,0.67,42.07,0.67
2024-12-04,12:30,December,Winter,Inverted-V,93,513.72,30.8,38.65,79.01,0.77,63.21,0.64,40.69,0.67
2024-12-04,12:45,December,Winter,Inverted-V,93,495.54,30.83,38.22,79.14,0.74,63.31,0.62,39.3,0.67
2024-12-04,13:00,December,Winter,Inverted-V,93,477.36,30.85,37.78,79.28,0.71,63.42,0.6,37.9,0.67
2024-12-04,13:15,December,Winter,Inverted-V,93,473.32,30.78,37.61,79.34,0.71,63.47,0.59,37.6,0.67
2024-12-04,13:30,December,Winter,Inverted-V,93,469.27,30.7,37.43,79.39,0.7,63.51,0.59,37.3,0.67
2024-12-04,13:45,December,Winter,Inverted-V,93,465.23,30.62,37.26,79.45,0.7,63.56,0.58,37.0,0.67
2024-12-04,14:00,December,Winter,Inverted-V,93,461.18,30.55,37.08,79.5,0.69,63.6,0.58,36.7,0.67
2024-12-04,14:15,December,Winter,Inverted-V,93,410.8,30.35,35.62,79.97,0.61,63.97,0.51,32.83,0.67
2024-12-04,14:30,December,Winter,Inverted-V,93,360.42,30.15,34.16,80.43,0.54,64.34,0.45,28.93,0.67
2024-12-04,14:45,December,Winter,Inverted-V,93,310.04,29.95,32.7,80.89,0.46,64.71,0.39,24.99,0.67
2024-12-04,15:00,December,Winter,Inverted-V,93,259.66,29.75,31.24,81.35,0.39,65.08,0.32,21.02,0.67
2024-12-04,15:15,December,Winter,Inverted-V,93,218.9,29.46,29.93,81.77,0.32,65.41,0.27,17.79,0.67
2024-12-04,15:30,December,Winter,Inverted-V,93,178.14,29.17,28.62,82.18,0.26,65.74,0.22,14.53,0.67
2024-12-04,15:45,December,Winter,Inverted-V,93,137.37,28.88,27.31,82.6,0.2,66.08,0.17,11.25,0.67
2024-12-04,16:00,December,Winter,Inverted-V,93,96.61,28.59,26.01,83.01,0.14,66.41,0.12,7.94,0.67
2024-12-04,16:15,December,Winter,Inverted-V,93,73.77,28.12,24.97,83.34,0.11,66.67,0.09,6.08,0.67
2024-12-04,16:30,December,Winter,Inverted-V,93,50.94,27.66,23.93,83.67,0.08,66.93,0.06,4.21,0.67
2024-12-04,16:45,December,Winter,Inverted-V,93,28.1,27.19,22.89,84.0,0.04,67.2,0.03,2.33,0.67
2024-12-05,05:15,December,Winter,Inverted-V,93,8.48,22.97,18.18,85.49,0.01,68.39,0.01,0.71,0.67
2024-12-05,05:30,December,Winter,Inverted-V,93,16.97,23.16,18.58,85.36,0.02,68.29,0.02,1.42,0.67
2024-12-05,05:45,December,Winter,Inverted-V,93,25.45,23.34,18.98,85.23,0.04,68.19,0.03,2.13,0.67
2024-12-05,06:00,December,Winter,Inverted-V,93,33.93,23.53,19.38,85.11,0.05,68.09,0.04,2.84,0.67
2024-12-05,06:15,December,Winter,Inverted-V,93,55.44,23.92,20.31,84.81,0.08,67.85,0.07,4.63,0.67
2024-12-05,06:30,December,Winter,Inverted-V,93,76.94,24.32,21.24,84.52,0.11,67.62,0.09,6.41,0.67
2024-12-05,06:45,December,Winter,Inverted-V,93,98.45,24.71,22.17,84.22,0.14,67.38,0.12,8.18,0.67
2024-12-05,07:00,December,Winter,Inverted-V,93,119.96,25.1,23.1,83.93,0.18,67.14,0.15,9.94,0.67
2024-12-05,07:15,December,Winter,Inverted-V,93,143.0,25.41,23.99,83.65,0.21,66.92,0.18,11.82,0.67
2024-12-05,07:30,December,Winter,Inverted-V,93,166.05,25.73,24.88,83.37,0.25,66.69,0.21,13.69,0.67
2024-12-05,07:45,December,Winter,Inverted-V,93,189.1,26.04,25.76,83.09,0.28,66.47,0.23,15.55,0.67
2024-12-05,08:00,December,Winter,Inverted-V,93,212.14,26.35,26.65,82.8,0.31,66.24,0.26,17.4,0.67
2024-12-05,08:15,December,Winter,Inverted-V,93,247.03,26.58,27.76,82.46,0.37,65.96,0.31,20.2,0.67
2024-12-05,08:30,December,Winter,Inverted-V,93,281.91,26.81,28.86,82.11,0.42,65.69,0.35,22.98,0.67
2024-12-05,08:45,December,Winter,Inverted-V,93,316.79,27.04,29.96,81.76,0.47,65.41,0.39,25.74,0.67
2024-12-05,09:00,December,Winter,Inverted-V,93,351.67,27.27,31.06,81.41,0.52,65.13,0.44,28.48,0.67
2024-12-05,09:15,December,Winter,Inverted-V,93,381.0,27.45,31.98,81.12,0.57,64.89,0.47,30.78,0.67
2024-12-05,09:30,December,Winter,Inverted-V,93,410.33,27.64,32.9,80.83,0.61,64.66,0.51,33.06,0.67
2024-12-05,09:45,December,Winter,Inverted-V,93,439.66,27.83,33.82,80.54,0.65,64.43,0.55,35.32,0.67
2024-12-05,10:00,December,Winter,Inverted-V,93,468.99,28.01,34.73,80.25,0.7,64.2,0.59,37.58,0.67
2024-12-05,10:15,December,Winter,Inverted-V,93,481.91,28.16,35.21,80.09,0.72,64.08,0.6,38.56,0.67
2024-12-05,10:30,December,Winter,Inverted-V,93,494.84,28.32,35.69,79.94,0.74,63.95,0.62,39.54,0.67
2024-12-05,10:45,December,Winter,Inverted-V,93,507.76,28.48,36.17,79.79,0.76,63.83,0.63,40.51,0.67
2024-12-05,11:00,December,Winter,Inverted-V,93,520.69,28.63,36.65,79.64,0.78,63.71,0.65,41.49,0.67
2024-12-05,11:15,December,Winter,Inverted-V,93,525.62,28.76,36.9,79.56,0.79,63.65,0.66,41.85,0.67
2024-12-05,11:30,December,Winter,Inverted-V,93,530.55,28.89,37.16,79.48,0.79,63.58,0.66,42.21,0.67
2024-12-05,11:45,December,Winter,Inverted-V,93,535.48,29.03,37.41,79.4,0.8,63.52,0.67,42.57,0.67
2024-12-05,12:00,December,Winter,Inverted-V,93,540.41,29.16,37.67,79.32,0.81,63.45,0.68,42.93,0.67
2024-12-05,12:15,December,Winter,Inverted-V,93,538.84,29.32,37.79,79.28,0.81,63.42,0.67,42.79,0.67
2024-12-05,12:30,December,Winter,Inverted-V,93,537.28,29.47,37.9,79.24,0.8,63.39,0.67,42.65,0.67
2024-12-05,12:45,December,Winter,Inverted-V,93,535.71,29.62,38.02,79.21,0.8,63.36,0.67,42.51,0.67
2024-12-05,13:00,December,Winter,Inverted-V,93,534.15,29.78,38.13,79.17,0.8,63.34,0.67,42.37,0.67
2024-12-05,13:15,December,Winter,Inverted-V,93,538.84,29.84,38.31,79.11,0.81,63.29,0.67,42.72,0.67
2024-12-05,13:30,December,Winter,Inverted-V,93,543.54,29.9,38.48,79.06,0.81,63.25,0.68,43.07,0.67
2024-12-05,13:45,December,Winter,Inverted-V,93,548.24,29.95,38.66,79.0,0.82,63.2,0.69,43.42,0.67
2024-12-05,14:00,December,Winter,Inverted-V,93,552.94,30.01,38.83,78.95,0.83,63.16,0.69,43.77,0.67
2024-12-05,14:15,December,Winter,Inverted-V,93,498.59,29.92,37.39,79.41,0.75,63.52,0.62,39.64,0.67
2024-12-05,14:30,December,Winter,Inverted-V,93,444.25,29.84,35.94,79.86,0.66,63.89,0.56,35.47,0.67
2024-12-05,14:45,December,Winter,Inverted-V,93,389.9,29.75,34.5,80.32,0.58,64.26,0.49,31.26,0.67
2024-12-05,15:00,December,Winter,Inverted-V,93,335.56,29.66,33.05,80.78,0.5,64.62,0.42,27.02,0.67
2024-12-05,15:15,December,Winter,Inverted-V,93,285.63,29.46,31.6,81.24,0.42,64.99,0.36,23.1,0.67
2024-12-05,15:30,December,Winter,Inverted-V,93,235.71,29.26,30.15,81.7,0.35,65.36,0.29,19.14,0.67
2024-12-05,15:45,December,Winter,Inverted-V,93,185.79,29.05,28.7,82.16,0.28,65.73,0.23,15.15,0.67
2024-12-05,16:00,December,Winter,Inverted-V,93,135.86,28.85,27.25,82.62,0.2,66.09,0.17,11.13,0.67
2024-12-05,16:15,December,Winter,Inverted-V,93,103.73,28.38,25.97,83.02,0.15,66.42,0.13,8.52,0.67
2024-12-05,16:30,December,Winter,Inverted-V,93,71.59,27.91,24.69,83.42,0.11,66.74,0.09,5.9,0.67
2024-12-05,16:45,December,Winter,Inverted-V,93,39.46,27.43,23.42,83.83,0.06,67.06,0.05,3.27,0.67
2024-12-05,17:00,December,Winter,Inverted-V,93,7.32,26.96,22.14,84.23,0.01,67.39,0.01,0.61,0.67
2024-12-05,17:15,December,Winter,Inverted-V,93,5.49,26.72,21.86,84.32,0.01,67.46,0.01,0.46,0.67
2024-12-06,05:15,December,Winter,Inverted-V,93,21.38,22.68,18.21,85.48,0.03,68.38,0.03,1.8,0.67
2024-12-06,05:30,December,Winter,Inverted-V,93,42.77,22.93,19.0,85.23,0.06,68.18,0.05,3.58,0.67
2024-12-06,05:45,December,Winter,Inverted-V,93,64.15,23.18,19.78,84.98,0.09,67.98,0.08,5.36,0.67
2024-12-06,06:00,December,Winter,Inverted-V,93,85.54,23.43,20.57,84.73,0.13,67.79,0.11,7.14,0.67
2024-12-06,06:15,December,Winter,Inverted-V,93,144.98,23.89,22.52,84.11,0.21,67.29,0.18,12.03,0.67
2024-12-06,06:30,December,Winter,Inverted-V,93,204.42,24.36,24.47,83.5,0.3,66.8,0.25,16.87,0.67
2024-12-06,06:45,December,Winter,Inverted-V,93,263.86,24.82,26.41,82.88,0.39,66.3,0.33,21.66,0.67
2024-12-06,07:00,December,Winter,Inverted-V,93,323.3,25.28,28.36,82.26,0.48,65.81,0.4,26.39,0.67
2024-12-06,07:15,December,Winter,Inverted-V,93,382.21,25.71,30.27,81.66,0.57,65.33,0.47,31.03,0.67
2024-12-06,07:30,December,Winter,Inverted-V,93,441.13,26.15,32.18,81.06,0.66,64.84,0.55,35.61,0.67
2024-12-06,07:45,December,Winter,Inverted-V,93,500.04,26.59,34.09,80.45,0.74,64.36,0.62,40.14,0.67
2024-12-06,08:00,December,Winter,Inverted-V,93,558.95,27.02,35.99,79.85,0.83,63.88,0.7,44.62,0.67
2024-12-06,08:15,December,Winter,Inverted-V,93,592.09,27.41,37.21,79.46,0.88,63.57,0.74,47.1,0.67
2024-12-06,08:30,December,Winter,Inverted-V,93,625.23,27.79,38.42,79.08,0.94,63.26,0.78,49.55,0.67
2024-12-06,08:45,December,Winter,Inverted-V,93,658.37,28.17,39.63,78.69,0.99,62.96,0.83,51.99,0.67
2024-12-06,09:00,December,Winter,Inverted-V,93,691.5,28.56,40.85,78.31,1.04,62.65,0.87,54.4,0.67
2024-12-06,09:15,December,Winter,Inverted-V,93,722.23,28.84,41.9,77.98,1.08,62.38,0.91,56.64,0.67
2024-12-06,09:30,December,Winter,Inverted-V,93,752.97,29.12,42.94,77.65,1.13,62.12,0.95,58.85,0.67
2024-12-06,09:45,December,Winter,Inverted-V,93,783.7,29.4,43.99,77.31,1.18,61.85,0.99,61.06,0.67
2024-12-06,10:00,December,Winter,Inverted-V,93,814.43,29.68,45.04,76.98,1.23,61.59,1.03,63.24,0.67
2024-12-06,10:15,December,Winter,Inverted-V,93,818.98,29.86,45.34,76.89,1.23,61.51,1.03,63.54,0.67
2024-12-06,10:30,December,Winter,Inverted-V,93,823.53,30.05,45.63,76.79,1.24,61.44,1.04,63.83,0.67
2024-12-06,10:45,December,Winter,Inverted-V,93,828.08,30.23,45.93,76.7,1.25,61.36,1.05,64.12,0.67
2024-12-06,11:00,December,Winter,Inverted-V,93,832.63,30.41,46.23,76.61,1.26,61.29,1.05,64.42,0.67
2024-12-06,11:15,December,Winter,Inverted-V,93,819.53,30.51,46.0,76.68,1.24,61.34,1.03,63.45,0.67
2024-12-06,11:30,December,Winter,Inverted-V,93,806.44,30.62,45.78,76.75,1.22,61.4,1.02,62.48,0.67
2024-12-06,11:45,December,Winter,Inverted-V,93,793.34,30.72,45.55,76.82,1.2,61.46,1.0,61.51,0.67
2024-12-06,12:00,December,Winter,Inverted-V,93,780.25,30.82,45.33,76.89,1.18,61.51,0.98,60.54,0.67
2024-12-06,12:15,December,Winter,Inverted-V,93,751.68,30.84,44.63,77.11,1.13,61.69,0.95,58.45,0.67
2024-12-06,12:30,December,Winter,Inverted-V,93,723.11,30.85,43.93,77.33,1.09,61.87,0.91,56.35,0.67
2024-12-06,12:45,December,Winter,Inverted-V,93,694.55,30.86,43.23,77.56,1.04,62.04,0.87,54.24,0.67
2024-12-06,13:00,December,Winter,Inverted-V,93,665.98,30.88,42.53,77.78,1.0,62.22,0.84,52.12,0.67
2024-12-06,13:15,December,Winter,Inverted-V,93,630.73,30.81,41.58,78.08,0.95,62.46,0.79,49.51,0.67
2024-12-06,13:30,December,Winter,Inverted-V,93,595.49,30.75,40.64,78.38,0.89,62.7,0.75,46.88,0.67
2024-12-06,13:45,December,Winter,Inverted-V,93,560.24,30.69,39.69,78.68,0.84,62.94,0.7,44.23,0.67
2024-12-06,14:00,December,Winter,Inverted-V,93,524.99,30.62,38.74,78.98,0.79,63.18,0.66,41.57,0.67
2024-12-06,14:15,December,Winter,Inverted-V,93,489.97,30.47,37.72,79.3,0.73,63.44,0.61,38.91,0.67
2024-12-06,14:30,December,Winter,Inverted-V,93,454.95,30.32,36.69,79.63,0.68,63.7,0.57,36.24,0.67
2024-12-06,14:45,December,Winter,Inverted-V,93,419.93,30.16,35.66,79.95,0.63,63.96,0.52,33.56,0.67
2024-12-06,15:00,December,Winter,Inverted-V,93,384.91,30.01,34.63,80.28,0.57,64.22,0.48,30.85,0.67
2024-12-06,15:15,December,Winter,Inverted-V,93,326.86,29.73,32.9,80.83,0.49,64.66,0.41,26.33,0.67
2024-12-06,15:30,December,Winter,Inverted-V,93,268.8,29.45,31.17,81.37,0.4,65.1,0.33,21.76,0.67
2024-12-06,15:45,December,Winter,Inverted-V,93,210.75,29.17,29.44,81.92,0.31,65.54,0.26,17.15,0.67
2024-12-06,16:00,December,Winter,Inverted-V,93,152.69,28.89,27.71,82.47,0.23,65.98,0.19,12.49,0.67
2024-12-06,16:15,December,Winter,Inverted-V,93,116.49,28.39,26.3,82.92,0.17,66.33,0.14,9.56,0.67
2024-12-06,16:30,December,Winter,Inverted-V,93,80.3,27.88,24.89,83.36,0.12,66.69,0.1,6.62,0.67
2024-12-06,16:45,December,Winter,Inverted-V,93,44.1,27.38,23.48,83.81,0.06,67.05,0.05,3.65,0.67
2024-12-06,17:00,December,Winter,Inverted-V,93,7.91,26.87,22.07,84.26,0.01,67.41,0.01,0.66,0.67
2024-12-06,17:15,December,Winter,Inverted-V,93,5.93,26.63,21.78,84.35,0.01,67.48,0.01,0.49,0.67
2024-12-07,05:15,December,Winter,Inverted-V,93,18.82,23.06,18.53,85.38,0.03,68.3,0.02,1.58,0.67
2024-12-07,05:30,December,Winter,Inverted-V,93,37.64,23.27,19.22,85.16,0.06,68.13,0.05,3.15,0.67
2024-12-07,05:45,December,Winter,Inverted-V,93,56.46,23.49,19.9,84.94,0.08,67.95,0.07,4.72,0.67
2024-12-07,06:00,December,Winter,Inverted-V,93,75.28,23.7,20.58,84.73,0.11,67.78,0.09,6.28,0.67
2024-12-07,06:15,December,Winter,Inverted-V,93,132.38,24.18,22.49,84.12,0.19,67.3,0.16,10.99,0.67
2024-12-07,06:30,December,Winter,Inverted-V,93,189.49,24.67,24.41,83.52,0.28,66.81,0.23,15.64,0.67
2024-12-07,06:45,December,Winter,Inverted-V,93,246.59,25.16,26.32,82.91,0.36,66.33,0.31,20.25,0.67
2024-12-07,07:00,December,Winter,Inverted-V,93,303.7,25.64,28.23,82.3,0.45,65.84,0.38,24.8,0.67
2024-12-07,07:15,December,Winter,Inverted-V,93,363.23,26.06,30.14,81.7,0.54,65.36,0.45,29.5,0.67
2024-12-07,07:30,December,Winter,Inverted-V,93,422.77,26.48,32.05,81.09,0.63,64.88,0.53,34.14,0.67
2024-12-07,07:45,December,Winter,Inverted-V,93,482.3,26.91,33.97,80.49,0.72,64.39,0.6,38.73,0.67
2024-12-07,08:00,December,Winter,Inverted-V,93,541.84,27.33,35.88,79.88,0.81,63.91,0.68,43.27,0.67
2024-12-07,08:15,December,Winter,Inverted-V,93,576.71,27.66,37.08,79.5,0.86,63.6,0.72,45.89,0.67
2024-12-07,08:30,December,Winter,Inverted-V,93,611.58,27.99,38.28,79.12,0.91,63.3,0.77,48.49,0.67
2024-12-07,08:45,December,Winter,Inverted-V,93,646.45,28.33,39.49,78.74,0.97,62.99,0.81,51.07,0.67
2024-12-07,09:00,December,Winter,Inverted-V,93,681.32,28.66,40.69,78.36,1.02,62.69,0.86,53.62,0.67
2024-12-07,09:15,December,Winter,Inverted-V,93,700.31,28.94,41.45,78.12,1.05,62.5,0.88,54.99,0.67
2024-12-07,09:30,December,Winter,Inverted-V,93,719.31,29.22,42.2,77.88,1.08,62.3,0.9,56.35,0.67
2024-12-07,09:45,December,Winter,Inverted-V,93,738.3,29.5,42.96,77.64,1.11,62.11,0.93,57.71,0.67
2024-12-07,10:00,December,Winter,Inverted-V,93,757.3,29.78,43.71,77.4,1.14,61.92,0.95,59.05,0.67
2024-12-07,10:15,December,Winter,Inverted-V,93,764.9,30.0,44.12,77.27,1.15,61.82,0.96,59.57,0.67
2024-12-07,10:30,December,Winter,Inverted-V,93,772.5,30.21,44.52,77.15,1.16,61.72,0.97,60.09,0.67
2024-12-07,10:45,December,Winter,Inverted-V,93,780.1,30.43,44.93,77.02,1.17,61.61,0.98,60.6,0.67
2024-12-07,11:00,December,Winter,Inverted-V,93,787.7,30.64,45.33,76.89,1.19,61.51,0.99,61.11,0.67
2024-12-07,11:15,December,Winter,Inverted-V,93,772.59,30.74,45.05,76.98,1.16,61.58,0.97,59.99,0.67
2024-12-07,11:30,December,Winter,Inverted-V,93,757.49,30.84,44.78,77.07,1.14,61.65,0.95,58.87,0.67
2024-12-07,11:45,December,Winter,Inverted-V,93,742.38,30.94,44.5,77.15,1.12,61.72,0.94,57.75,0.67
2024-12-07,12:00,December,Winter,Inverted-V,93,727.27,31.04,44.22,77.24,1.09,61.79,0.92,56.62,0.67
2024-12-07,12:15,December,Winter,Inverted-V,93,699.33,31.04,43.52,77.46,1.05,61.97,0.88,54.56,0.67
2024-12-07,12:30,December,Winter,Inverted-V,93,671.38,31.04,42.82,77.69,1.01,62.15,0.84,52.5,0.67
2024-12-07,12:45,December,Winter,Inverted-V,93,643.44,31.03,42.12,77.91,0.97,62.33,0.81,50.42,0.67
2024-12-07,13:00,December,Winter,Inverted-V,93,615.49,31.03,41.42,78.13,0.92,62.5,0.77,48.34,0.67
2024-12-07,13:15,December,Winter,Inverted-V,93,584.05,30.96,40.56,78.4,0.88,62.72,0.73,45.99,0.67
2024-12-07,13:30,December,Winter,Inverted-V,93,552.61,30.89,39.71,78.67,0.83,62.94,0.69,43.63,0.67
2024-12-07,13:45,December,Winter,Inverted-V,93,521.17,30.82,38.85,78.94,0.78,63.15,0.65,41.25,0.67
2024-12-07,14:00,December,Winter,Inverted-V,93,489.73,30.75,37.99,79.21,0.73,63.37,0.61,38.86,0.67
2024-12-07,14:15,December,Winter,Inverted-V,93,445.78,30.6,36.74,79.61,0.67,63.69,0.56,35.51,0.67
2024-12-07,14:30,December,Winter,Inverted-V,93,401.84,30.45,35.49,80.01,0.6,64.0,0.5,32.13,0.67
2024-12-07,14:45,December,Winter,Inverted-V,93,357.9,30.29,34.24,80.4,0.53,64.32,0.45,28.72,0.67
2024-12-07,15:00,December,Winter,Inverted-V,93,313.96,30.14,32.99,80.8,0.47,64.64,0.39,25.29,0.67
2024-12-07,15:15,December,Winter,Inverted-V,93,266.53,29.86,31.52,81.26,0.4,65.01,0.33,21.56,0.67
2024-12-07,15:30,December,Winter,Inverted-V,93,219.11,29.58,30.05,81.73,0.33,65.38,0.27,17.8,0.67
2024-12-07,15:45,December,Winter,Inverted-V,93,171.68,29.29,28.58,82.19,0.25,65.75,0.21,14.0,0.67
2024-12-07,16:00,December,Winter,Inverted-V,93,124.25,29.01,27.12,82.66,0.18,66.13,0.15,10.18,0.67
2024-12-07,16:15,December,Winter,Inverted-V,93,94.98,28.5,25.87,83.05,0.14,66.44,0.12,7.81,0.67
2024-12-07,16:30,December,Winter,Inverted-V,93,65.7,27.98,24.62,83.45,0.1,66.76,0.08,5.42,0.67
2024-12-07,16:45,December,Winter,Inverted-V,93,36.43,27.46,23.38,83.84,0.05,67.07,0.04,3.02,0.67
2024-12-07,17:00,December,Winter,Inverted-V,93,7.15,26.95,22.13,84.24,0.01,67.39,0.01,0.59,0.67
2024-12-08,05:15,December,Winter,Inverted-V,93,18.42,22.13,17.59,85.67,0.03,68.54,0.02,1.55,0.67
2024-12-08,05:30,December,Winter,Inverted-V,93,36.84,22.38,18.31,85.45,0.05,68.36,0.05,3.09,0.67
2024-12-08,05:45,December,Winter,Inverted-V,93,55.26,22.64,19.02,85.22,0.08,68.18,0.07,4.63,0.67
2024-12-08,06:00,December,Winter,Inverted-V,93,73.68,22.9,19.74,84.99,0.11,67.99,0.09,6.16,0.67
2024-12-08,06:15,December,Winter,Inverted-V,93,129.18,23.44,21.67,84.38,0.19,67.51,0.16,10.74,0.67
2024-12-08,06:30,December,Winter,Inverted-V,93,184.69,23.98,23.59,83.77,0.27,67.02,0.23,15.28,0.67
2024-12-08,06:45,December,Winter,Inverted-V,93,240.2,24.51,25.52,83.16,0.35,66.53,0.3,19.76,0.67
2024-12-08,07:00,December,Winter,Inverted-V,93,295.7,25.05,27.44,82.55,0.44,66.04,0.37,24.2,0.67
2024-12-08,07:15,December,Winter,Inverted-V,93,353.51,25.51,29.35,81.95,0.52,65.56,0.44,28.77,0.67
2024-12-08,07:30,December,Winter,Inverted-V,93,411.31,25.98,31.26,81.35,0.61,65.08,0.51,33.29,0.67
2024-12-08,07:45,December,Winter,Inverted-V,93,469.11,26.44,33.17,80.74,0.7,64.59,0.58,37.76,0.67
2024-12-08,08:00,December,Winter,Inverted-V,93,526.91,26.9,35.07,80.14,0.79,64.11,0.66,42.18,0.67
2024-12-08,08:15,December,Winter,Inverted-V,93,572.48,27.2,36.52,79.68,0.85,63.74,0.72,45.63,0.67
2024-12-08,08:30,December,Winter,Inverted-V,93,618.05,27.51,37.96,79.22,0.92,63.38,0.77,49.05,0.67
2024-12-08,08:45,December,Winter,Inverted-V,93,663.61,27.82,39.41,78.77,0.99,63.01,0.83,52.44,0.67
2024-12-08,09:00,December,Winter,Inverted-V,93,709.18,28.12,40.85,78.31,1.06,62.65,0.89,55.79,0.67
2024-12-08,09:15,December,Winter,Inverted-V,93,741.1,28.3,41.83,78.0,1.11,62.4,0.93,58.13,0.67
2024-12-08,09:30,December,Winter,Inverted-V,93,773.03,28.48,42.81,77.69,1.16,62.15,0.97,60.45,0.67
2024-12-08,09:45,December,Winter,Inverted-V,93,804.95,28.66,43.78,77.38,1.21,61.9,1.01,62.75,0.67
2024-12-08,10:00,December,Winter,Inverted-V,93,836.87,28.84,44.76,77.07,1.26,61.66,1.05,65.04,0.67
2024-12-08,10:15,December,Winter,Inverted-V,93,822.14,28.98,44.54,77.14,1.24,61.71,1.04,63.94,0.67
2024-12-08,10:30,December,Winter,Inverted-V,93,807.41,29.12,44.31,77.21,1.21,61.77,1.02,62.84,0.67
2024-12-08,10:45,December,Winter,Inverted-V,93,792.68,29.27,44.08,77.28,1.19,61.83,1.0,61.74,0.67
2024-12-08,11:00,December,Winter,Inverted-V,93,777.96,29.41,43.86,77.36,1.17,61.89,0.98,60.64,0.67
2024-12-08,11:15,December,Winter,Inverted-V,93,769.67,29.51,43.75,77.39,1.16,61.91,0.97,60.01,0.67
2024-12-08,11:30,December,Winter,Inverted-V,93,761.39,29.61,43.64,77.43,1.14,61.94,0.96,59.38,0.67
2024-12-08,11:45,December,Winter,Inverted-V,93,753.11,29.7,43.53,77.46,1.13,61.97,0.95,58.76,0.67
2024-12-08,12:00,December,Winter,Inverted-V,93,744.82,29.8,43.42,77.5,1.12,62.0,0.94,58.13,0.67
2024-12-08,12:15,December,Winter,Inverted-V,93,726.44,29.85,43.01,77.62,1.09,62.1,0.91,56.77,0.67
2024-12-08,12:30,December,Winter,Inverted-V,93,708.05,29.91,42.61,77.75,1.06,62.2,0.89,55.4,0.67
2024-12-08,12:45,December,Winter,Inverted-V,93,689.66,29.96,42.2,77.88,1.04,62.31,0.87,54.03,0.67
2024-12-08,13:00,December,Winter,Inverted-V,93,671.27,30.01,41.79,78.01,1.01,62.41,0.84,52.66,0.67
2024-12-08,13:15,December,Winter,Inverted-V,93,648.03,30.03,41.23,78.19,0.97,62.55,0.81,50.92,0.67
2024-12-08,13:30,December,Winter,Inverted-V,93,624.78,30.05,40.67,78.36,0.94,62.69,0.78,49.18,0.67
2024-12-08,13:45,December,Winter,Inverted-V,93,601.53,30.08,40.12,78.54,0.9,62.83,0.75,47.43,0.67
2024-12-08,14:00,December,Winter,Inverted-V,93,578.29,30.1,39.56,78.72,0.87,62.97,0.73,45.67,0.67
2024-12-08,14:15,December,Winter,Inverted-V,93,523.68,30.0,38.09,79.18,0.78,63.35,0.66,41.54,0.67
2024-12-08,14:30,December,Winter,Inverted-V,93,469.07,29.9,36.63,79.65,0.7,63.72,0.59,37.38,0.67
2024-12-08,14:45,December,Winter,Inverted-V,93,414.46,29.8,35.16,80.11,0.62,64.09,0.52,33.17,0.67
2024-12-08,15:00,December,Winter,Inverted-V,93,359.86,29.7,33.7,80.57,0.54,64.46,0.45,28.92,0.67
2024-12-08,15:15,December,Winter,Inverted-V,93,303.69,29.47,32.06,81.09,0.45,64.87,0.38,24.53,0.67
2024-12-08,15:30,December,Winter,Inverted-V,93,247.53,29.23,30.42,81.61,0.37,65.29,0.31,20.09,0.67
2024-12-08,15:45,December,Winter,Inverted-V,93,191.36,29.0,28.79,82.13,0.28,65.7,0.24,15.6,0.67
2024-12-08,16:00,December,Winter,Inverted-V,93,135.19,28.77,27.15,82.65,0.2,66.12,0.17,11.07,0.67
2024-12-08,16:15,December,Winter,Inverted-V,93,103.27,28.25,25.83,83.06,0.15,66.45,0.13,8.49,0.67
2024-12-08,16:30,December,Winter,Inverted-V,93,71.35,27.73,24.51,83.48,0.11,66.79,0.09,5.89,0.67
2024-12-08,16:45,December,Winter,Inverted-V,93,39.43,27.21,23.2,83.9,0.06,67.12,0.05,3.27,0.67
2024-12-08,17:00,December,Winter,Inverted-V,93,7.51,26.69,21.88,84.32,0.01,67.45,0.01,0.62,0.67
2024-12-08,17:15,December,Winter,Inverted-V,93,5.63,26.43,21.57,84.41,0.01,67.53,0.01,0.47,0.67
2024-12-09,05:15,December,Winter,Inverted-V,93,14.62,22.23,17.6,85.67,0.02,68.54,0.02,1.23,0.67
2024-12-09,05:30,December,Winter,Inverted-V,93,29.24,22.44,18.17,85.49,0.04,68.39,0.04,2.46,0.67
2024-12-09,05:45,December,Winter,Inverted-V,93,43.86,22.65,18.74,85.31,0.06,68.25,0.05,3.68,0.67
2024-12-09,06:00,December,Winter,Inverted-V,93,58.48,22.85,19.31,85.13,0.09,68.1,0.07,4.9,0.67
2024-12-09,06:15,December,Winter,Inverted-V,93,108.53,23.38,21.09,84.57,0.16,67.65,0.13,9.04,0.67
2024-12-09,06:30,December,Winter,Inverted-V,93,158.58,23.91,22.87,84.0,0.23,67.2,0.2,13.15,0.67
2024-12-09,06:45,December,Winter,Inverted-V,93,208.63,24.43,24.65,83.44,0.31,66.75,0.26,17.21,0.67
2024-12-09,07:00,December,Winter,Inverted-V,93,258.68,24.96,26.43,82.88,0.38,66.3,0.32,21.23,0.67
2024-12-09,07:15,December,Winter,Inverted-V,93,315.11,25.46,28.34,82.27,0.47,65.82,0.39,25.72,0.67
2024-12-09,07:30,December,Winter,Inverted-V,93,371.54,25.96,30.25,81.67,0.55,65.33,0.46,30.16,0.67
2024-12-09,07:45,December,Winter,Inverted-V,93,427.97,26.46,32.16,81.06,0.64,64.85,0.53,34.55,0.67
2024-12-09,08:00,December,Winter,Inverted-V,93,484.4,26.96,34.07,80.46,0.72,64.36,0.6,38.89,0.67
2024-12-09,08:15,December,Winter,Inverted-V,93,532.62,27.37,35.68,79.95,0.79,63.96,0.67,42.56,0.67
2024-12-09,08:30,December,Winter,Inverted-V,93,580.83,27.77,37.29,79.44,0.87,63.55,0.73,46.19,0.67
2024-12-09,08:45,December,Winter,Inverted-V,93,629.05,28.17,38.9,78.93,0.94,63.14,0.79,49.78,0.67
2024-12-09,09:00,December,Winter,Inverted-V,93,677.27,28.58,40.51,78.42,1.02,62.73,0.85,53.34,0.67
2024-12-09,09:15,December,Winter,Inverted-V,93,706.78,28.89,41.56,78.08,1.06,62.47,0.89,55.48,0.67
2024-12-09,09:30,December,Winter,Inverted-V,93,736.3,29.2,42.61,77.75,1.11,62.2,0.93,57.61,0.67
2024-12-09,09:45,December,Winter,Inverted-V,93,765.82,29.51,43.66,77.42,1.15,61.94,0.96,59.73,0.67
2024-12-09,10:00,December,Winter,Inverted-V,93,795.33,29.82,44.7,77.09,1.2,61.67,1.0,61.83,0.67
2024-12-09,10:15,December,Winter,Inverted-V,93,796.65,30.04,44.95,77.01,1.2,61.61,1.0,61.88,0.67
2024-12-09,10:30,December,Winter,Inverted-V,93,797.96,30.25,45.2,76.93,1.2,61.55,1.01,61.93,0.67
2024-12-09,10:45,December,Winter,Inverted-V,93,799.27,30.46,45.45,76.85,1.2,61.48,1.01,61.99,0.67
2024-12-09,11:00,December,Winter,Inverted-V,93,800.58,30.68,45.69,76.78,1.21,61.42,1.01,62.04,0.67
2024-12-09,11:15,December,Winter,Inverted-V,93,785.54,30.81,45.45,76.85,1.18,61.48,0.99,60.92,0.67
2024-12-09,11:30,December,Winter,Inverted-V,93,770.5,30.94,45.2,76.93,1.16,61.55,0.97,59.8,0.67
2024-12-09,11:45,December,Winter,Inverted-V,93,755.47,31.06,44.95,77.01,1.14,61.61,0.95,58.68,0.67
2024-12-09,12:00,December,Winter,Inverted-V,93,740.43,31.19,44.7,77.09,1.11,61.67,0.93,57.56,0.67
2024-12-09,12:15,December,Winter,Inverted-V,93,711.64,31.23,44.02,77.31,1.07,61.85,0.9,55.44,0.67
2024-12-09,12:30,December,Winter,Inverted-V,93,682.85,31.26,43.33,77.52,1.03,62.02,0.86,53.31,0.67
2024-12-09,12:45,December,Winter,Inverted-V,93,654.06,31.29,42.65,77.74,0.98,62.19,0.82,51.17,0.67
2024-12-09,13:00,December,Winter,Inverted-V,93,625.27,31.33,41.96,77.96,0.94,62.37,0.79,49.02,0.67
2024-12-09,13:15,December,Winter,Inverted-V,93,592.78,31.27,41.08,78.23,0.89,62.59,0.74,46.6,0.67
2024-12-09,13:30,December,Winter,Inverted-V,93,560.29,31.2,40.21,78.51,0.84,62.81,0.7,44.16,0.67
2024-12-09,13:45,December,Winter,Inverted-V,93,527.8,31.13,39.33,78.79,0.79,63.03,0.66,41.71,0.67
2024-12-09,14:00,December,Winter,Inverted-V,93,495.31,31.07,38.45,79.07,0.74,63.25,0.62,39.25,0.67
2024-12-09,14:15,December,Winter,Inverted-V,93,446.91,30.94,37.11,79.49,0.67,63.59,0.56,35.56,0.67
2024-12-09,14:30,December,Winter,Inverted-V,93,398.52,30.8,35.77,79.92,0.59,63.93,0.5,31.84,0.67
2024-12-09,14:45,December,Winter,Inverted-V,93,350.13,30.67,34.43,80.34,0.52,64.27,0.44,28.08,0.67
2024-12-09,15:00,December,Winter,Inverted-V,93,301.73,30.54,33.08,80.77,0.45,64.61,0.38,24.3,0.67
2024-12-09,15:15,December,Winter,Inverted-V,93,254.7,30.23,31.6,81.24,0.38,64.99,0.32,20.6,0.67
2024-12-09,15:30,December,Winter,Inverted-V,93,207.66,29.92,30.11,81.71,0.31,65.37,0.26,16.87,0.67
2024-12-09,15:45,December,Winter,Inverted-V,93,160.63,29.61,28.63,82.18,0.24,65.74,0.2,13.1,0.67
2024-12-09,16:00,December,Winter,Inverted-V,93,113.59,29.3,27.14,82.65,0.17,66.12,0.14,9.3,0.67
2024-12-09,16:15,December,Winter,Inverted-V,93,86.86,28.72,25.89,83.05,0.13,66.44,0.11,7.14,0.67
2024-12-09,16:30,December,Winter,Inverted-V,93,60.13,28.13,24.64,83.44,0.09,66.75,0.07,4.96,0.67
2024-12-09,16:45,December,Winter,Inverted-V,93,33.4,27.55,23.39,83.84,0.05,67.07,0.04,2.77,0.67
2024-12-09,17:00,December,Winter,Inverted-V,93,6.67,26.97,22.14,84.23,0.01,67.39,0.01,0.55,0.67
2024-12-10,05:15,December,Winter,Inverted-V,93,11.83,22.47,17.76,85.62,0.02,68.5,0.01,0.99,0.67
2024-12-10,05:30,December,Winter,Inverted-V,93,23.67,22.68,18.27,85.46,0.03,68.37,0.03,1.99,0.67
2024-12-10,05:45,December,Winter,Inverted-V,93,35.5,22.88,18.77,85.3,0.05,68.24,0.04,2.98,0.67
2024-12-10,06:00,December,Winter,Inverted-V,93,47.34,23.09,19.27,85.14,0.07,68.11,0.06,3.96,0.67
2024-12-10,06:15,December,Winter,Inverted-V,93,87.91,23.6,20.8,84.66,0.13,67.73,0.11,7.33,0.67
2024-12-10,06:30,December,Winter,Inverted-V,93,128.48,24.12,22.33,84.17,0.19,67.34,0.16,10.67,0.67
2024-12-10,06:45,December,Winter,Inverted-V,93,169.06,24.63,23.85,83.69,0.25,66.95,0.21,13.98,0.67
2024-12-10,07:00,December,Winter,Inverted-V,93,209.63,25.14,25.38,83.21,0.31,66.57,0.26,17.26,0.67
2024-12-10,07:15,December,Winter,Inverted-V,93,255.61,25.57,26.96,82.71,0.38,66.17,0.32,20.95,0.67
2024-12-10,07:30,December,Winter,Inverted-V,93,301.59,26.0,28.54,82.21,0.45,65.77,0.37,24.6,0.67
2024-12-10,07:45,December,Winter,Inverted-V,93,347.57,26.43,30.12,81.71,0.52,65.37,0.43,28.23,0.67
2024-12-10,08:00,December,Winter,Inverted-V,93,393.55,26.86,31.7,81.21,0.58,64.97,0.49,31.82,0.67
2024-12-10,08:15,December,Winter,Inverted-V,93,435.48,27.18,33.07,80.77,0.65,64.62,0.54,35.07,0.67
2024-12-10,08:30,December,Winter,Inverted-V,93,477.41,27.5,34.44,80.34,0.71,64.27,0.6,38.29,0.67
2024-12-10,08:45,December,Winter,Inverted-V,93,519.35,27.83,35.81,79.9,0.77,63.92,0.65,41.48,0.67
2024-12-10,09:00,December,Winter,Inverted-V,93,561.28,28.15,37.18,79.47,0.84,63.58,0.7,44.65,0.67
2024-12-10,09:15,December,Winter,Inverted-V,93,589.91,28.44,38.19,79.15,0.88,63.32,0.74,46.78,0.67
2024-12-10,09:30,December,Winter,Inverted-V,93,618.54,28.73,39.19,78.84,0.93,63.07,0.78,48.91,0.67
2024-12-10,09:45,December,Winter,Inverted-V,93,647.18,29.01,40.19,78.52,0.97,62.81,0.81,51.02,0.67
2024-12-10,10:00,December,Winter,Inverted-V,93,675.81,29.3,41.2,78.2,1.01,62.56,0.85,53.11,0.67
2024-12-10,10:15,December,Winter,Inverted-V,93,704.47,29.52,42.13,77.9,1.06,62.32,0.89,55.2,0.67
2024-12-10,10:30,December,Winter,Inverted-V,93,733.13,29.73,43.06,77.61,1.1,62.09,0.92,57.28,0.67
2024-12-10,10:45,December,Winter,Inverted-V,93,761.79,29.95,44.0,77.31,1.15,61.85,0.96,59.35,0.67
2024-12-10,11:00,December,Winter,Inverted-V,93,790.45,30.17,44.93,77.02,1.19,61.61,1.0,61.4,0.67
2024-12-10,11:15,December,Winter,Inverted-V,93,792.59,30.28,45.09,76.97,1.19,61.57,1.0,61.54,0.67
2024-12-10,11:30,December,Winter,Inverted-V,93,794.72,30.38,45.25,76.92,1.2,61.53,1.0,61.67,0.67
2024-12-10,11:45,December,Winter,Inverted-V,93,796.85,30.48,45.41,76.87,1.2,61.49,1.01,61.81,0.67
2024-12-10,12:00,December,Winter,Inverted-V,93,798.98,30.59,45.56,76.82,1.2,61.45,1.01,61.94,0.67
2024-12-10,12:15,December,Winter,Inverted-V,93,771.01,30.6,44.87,77.04,1.16,61.63,0.97,59.9,0.67
2024-12-10,12:30,December,Winter,Inverted-V,93,743.04,30.61,44.18,77.25,1.12,61.8,0.94,57.86,0.67
2024-12-10,12:45,December,Winter,Inverted-V,93,715.07,30.61,43.49,77.47,1.07,61.98,0.9,55.8,0.67
2024-12-10,13:00,December,Winter,Inverted-V,93,687.1,30.62,42.8,77.69,1.03,62.15,0.86,53.73,0.67
2024-12-10,13:15,December,Winter,Inverted-V,93,634.45,30.52,41.38,78.14,0.95,62.51,0.8,49.83,0.67
2024-12-10,13:30,December,Winter,Inverted-V,93,581.81,30.41,39.96,78.59,0.87,62.87,0.73,45.89,0.67
2024-12-10,13:45,December,Winter,Inverted-V,93,529.17,30.31,38.54,79.04,0.79,63.23,0.66,41.92,0.67
2024-12-10,14:00,December,Winter,Inverted-V,93,476.53,30.21,37.12,79.49,0.71,63.59,0.6,37.91,0.67
2024-12-10,14:15,December,Winter,Inverted-V,93,433.47,29.99,35.83,79.9,0.65,63.92,0.54,34.62,0.67
2024-12-10,14:30,December,Winter,Inverted-V,93,390.42,29.77,34.54,80.31,0.58,64.25,0.49,31.3,0.67
2024-12-10,14:45,December,Winter,Inverted-V,93,347.37,29.56,33.24,80.72,0.52,64.57,0.43,27.96,0.67
2024-12-10,15:00,December,Winter,Inverted-V,93,304.31,29.34,31.95,81.13,0.45,64.9,0.38,24.58,0.67
2024-12-10,15:15,December,Winter,Inverted-V,93,257.91,29.02,30.46,81.6,0.38,65.28,0.32,20.93,0.67
2024-12-10,15:30,December,Winter,Inverted-V,93,211.5,28.69,28.98,82.07,0.31,65.65,0.26,17.23,0.67
2024-12-10,15:45,December,Winter,Inverted-V,93,165.1,28.36,27.49,82.54,0.24,66.03,0.2,13.51,0.67
2024-12-10,16:00,December,Winter,Inverted-V,93,118.69,28.04,26.01,83.01,0.18,66.41,0.15,9.75,0.67
2024-12-10,16:15,December,Winter,Inverted-V,93,90.91,27.61,24.88,83.37,0.13,66.69,0.11,7.49,0.67
2024-12-10,16:30,December,Winter,Inverted-V,93,63.13,27.17,23.75,83.72,0.09,66.98,0.08,5.22,0.67
2024-12-10,16:45,December,Winter,Inverted-V,93,35.34,26.73,22.62,84.08,0.05,67.27,0.04,2.93,0.67
2024-12-10,17:00,December,Winter,Inverted-V,93,7.56,26.3,21.49,84.44,0.01,67.55,0.01,0.63,0.67
2024-12-10,17:15,December,Winter,Inverted-V,93,5.67,26.14,21.28,84.51,0.01,67.6,0.01,0.47,0.67
2024-12-11,05:15,December,Winter,Inverted-V,93,11.14,23.04,18.32,85.44,0.02,68.35,0.01,0.93,0.67
2024-12-11,05:30,December,Winter,Inverted-V,93,22.28,23.18,18.74,85.31,0.03,68.25,0.03,1.87,0.67
2024-12-11,05:45,December,Winter,Inverted-V,93,33.41,23.32,19.16,85.18,0.05,68.14,0.04,2.8,0.67
2024-12-11,06:00,December,Winter,Inverted-V,93,44.55,23.46,19.57,85.05,0.07,68.04,0.05,3.73,0.67
2024-12-11,06:15,December,Winter,Inverted-V,93,76.59,23.85,20.77,84.67,0.11,67.73,0.09,6.39,0.67
2024-12-11,06:30,December,Winter,Inverted-V,93,108.62,24.25,21.96,84.29,0.16,67.43,0.13,9.03,0.67
2024-12-11,06:45,December,Winter,Inverted-V,93,140.66,24.64,23.15,83.91,0.21,67.13,0.17,11.65,0.67
2024-12-11,07:00,December,Winter,Inverted-V,93,172.69,25.03,24.35,83.53,0.25,66.83,0.21,14.26,0.67
2024-12-11,07:15,December,Winter,Inverted-V,93,210.05,25.35,25.6,83.14,0.31,66.51,0.26,17.28,0.67
2024-12-11,07:30,December,Winter,Inverted-V,93,247.4,25.66,26.85,82.74,0.37,66.19,0.31,20.28,0.67
2024-12-11,07:45,December,Winter,Inverted-V,93,284.76,25.98,28.1,82.35,0.42,65.88,0.35,23.26,0.67
2024-12-11,08:00,December,Winter,Inverted-V,93,322.11,26.3,29.35,81.95,0.48,65.56,0.4,26.22,0.67
2024-12-11,08:15,December,Winter,Inverted-V,93,376.83,26.53,30.95,81.44,0.56,65.15,0.47,30.53,0.67
2024-12-11,08:30,December,Winter,Inverted-V,93,431.54,26.77,32.55,80.94,0.64,64.75,0.54,34.8,0.67
2024-12-11,08:45,December,Winter,Inverted-V,93,486.26,27.0,34.15,80.43,0.72,64.34,0.61,39.03,0.67
2024-12-11,09:00,December,Winter,Inverted-V,93,540.97,27.23,35.75,79.92,0.81,63.94,0.68,43.22,0.67
2024-12-11,09:15,December,Winter,Inverted-V,93,558.79,27.44,36.41,79.72,0.83,63.77,0.7,44.55,0.67
2024-12-11,09:30,December,Winter,Inverted-V,93,576.6,27.64,37.06,79.51,0.86,63.61,0.72,45.88,0.67
2024-12-11,09:45,December,Winter,Inverted-V,93,594.42,27.85,37.71,79.3,0.89,63.44,0.74,47.21,0.67
2024-12-11,10:00,December,Winter,Inverted-V,93,612.23,28.06,38.37,79.1,0.92,63.28,0.77,48.53,0.67
2024-12-11,10:15,December,Winter,Inverted-V,93,614.52,28.23,38.59,79.02,0.92,63.22,0.77,48.68,0.67
2024-12-11,10:30,December,Winter,Inverted-V,93,616.8,28.39,38.82,78.95,0.92,63.16,0.77,48.82,0.67
2024-12-11,10:45,December,Winter,Inverted-V,93,619.09,28.56,39.04,78.88,0.93,63.11,0.78,48.97,0.67
2024-12-11,11:00,December,Winter,Inverted-V,93,621.38,28.73,39.26,78.81,0.93,63.05,0.78,49.12,0.67
2024-12-11,11:15,December,Winter,Inverted-V,93,610.01,28.81,39.06,78.88,0.91,63.1,0.76,48.25,0.67
2024-12-11,11:30,December,Winter,Inverted-V,93,598.64,28.88,38.85,78.94,0.9,63.15,0.75,47.38,0.67
2024-12-11,11:45,December,Winter,Inverted-V,93,587.28,28.96,38.64,79.01,0.88,63.21,0.74,46.51,0.67
2024-12-11,12:00,December,Winter,Inverted-V,93,575.91,29.04,38.44,79.07,0.86,63.26,0.72,45.64,0.67
2024-12-11,12:15,December,Winter,Inverted-V,93,567.85,29.05,38.25,79.13,0.85,63.31,0.71,45.03,0.67
2024-12-11,12:30,December,Winter,Inverted-V,93,559.78,29.07,38.06,79.19,0.84,63.35,0.7,44.41,0.67
2024-12-11,12:45,December,Winter,Inverted-V,93,551.72,29.09,37.88,79.25,0.82,63.4,0.69,43.8,0.67
2024-12-11,13:00,December,Winter,Inverted-V,93,543.65,29.1,37.69,79.31,0.81,63.45,0.68,43.18,0.67
2024-12-11,13:15,December,Winter,Inverted-V,93,506.43,29.02,36.68,79.63,0.76,63.7,0.63,40.35,0.67
2024-12-11,13:30,December,Winter,Inverted-V,93,469.21,28.95,35.68,79.95,0.7,63.96,0.59,37.49,0.67
2024-12-11,13:45,December,Winter,Inverted-V,93,431.98,28.87,34.67,80.27,0.64,64.21,0.54,34.62,0.67
2024-12-11,14:00,December,Winter,Inverted-V,93,394.76,28.79,33.66,80.59,0.59,64.47,0.49,31.73,0.67
2024-12-11,14:15,December,Winter,Inverted-V,93,358.14,28.63,32.58,80.93,0.53,64.74,0.45,28.88,0.67
2024-12-11,14:30,December,Winter,Inverted-V,93,321.52,28.47,31.51,81.27,0.48,65.01,0.4,26.01,0.67
2024-12-11,14:45,December,Winter,Inverted-V,93,284.89,28.31,30.43,81.61,0.42,65.29,0.35,23.12,0.67
2024-12-11,15:00,December,Winter,Inverted-V,93,248.27,28.15,29.36,81.95,0.37,65.56,0.31,20.21,0.67
2024-12-11,15:15,December,Winter,Inverted-V,93,208.83,27.92,28.14,82.33,0.31,65.87,0.26,17.06,0.67
2024-12-11,15:30,December,Winter,Inverted-V,93,169.4,27.69,26.92,82.72,0.25,66.17,0.21,13.88,0.67
2024-12-11,15:45,December,Winter,Inverted-V,93,129.96,27.46,25.71,83.1,0.19,66.48,0.16,10.69,0.67
2024-12-11,16:00,December,Winter,Inverted-V,93,90.53,27.23,24.49,83.49,0.13,66.79,0.11,7.47,0.67
2024-12-11,16:15,December,Winter,Inverted-V,93,69.66,26.86,23.6,83.77,0.1,67.02,0.09,5.76,0.67
2024-12-11,16:30,December,Winter,Inverted-V,93,48.79,26.48,22.7,84.06,0.07,67.25,0.06,4.05,0.67
2024-12-11,16:45,December,Winter,Inverted-V,93,27.92,26.11,21.8,84.34,0.04,67.47,0.03,2.32,0.67
2024-12-11,17:00,December,Winter,Inverted-V,93,7.05,25.73,20.91,84.62,0.01,67.7,0.01,0.59,0.67
2024-12-12,05:15,December,Winter,Inverted-V,93,7.55,23.16,18.35,85.43,0.01,68.35,0.01,0.63,0.67
2024-12-12,05:30,December,Winter,Inverted-V,93,15.09,23.23,18.61,85.35,0.02,68.28,0.02,1.27,0.67
2024-12-12,05:45,December,Winter,Inverted-V,93,22.64,23.31,18.87,85.27,0.03,68.21,0.03,1.9,0.67
2024-12-12,06:00,December,Winter,Inverted-V,93,30.19,23.38,19.13,85.19,0.04,68.15,0.04,2.53,0.67
2024-12-12,06:15,December,Winter,Inverted-V,93,48.37,23.56,19.77,84.98,0.07,67.99,0.06,4.04,0.67
2024-12-12,06:30,December,Winter,Inverted-V,93,66.54,23.74,20.4,84.78,0.1,67.83,0.08,5.55,0.67
2024-12-12,06:45,December,Winter,Inverted-V,93,84.72,23.92,21.04,84.58,0.12,67.67,0.1,7.06,0.67
2024-12-12,07:00,December,Winter,Inverted-V,93,102.9,24.1,21.67,84.38,0.15,67.51,0.13,8.56,0.67
2024-12-12,07:15,December,Winter,Inverted-V,93,126.81,24.27,22.44,84.14,0.19,67.31,0.16,10.52,0.67
2024-12-12,07:30,December,Winter,Inverted-V,93,150.71,24.44,23.2,83.9,0.22,67.12,0.19,12.48,0.67
2024-12-12,07:45,December,Winter,Inverted-V,93,174.62,24.6,23.97,83.65,0.26,66.92,0.22,14.43,0.67
2024-12-12,08:00,December,Winter,Inverted-V,93,198.53,24.77,24.73,83.41,0.29,66.73,0.25,16.37,0.67
2024-12-12,08:15,December,Winter,Inverted-V,93,205.75,25.0,25.14,83.28,0.3,66.63,0.25,16.95,0.67
2024-12-12,08:30,December,Winter,Inverted-V,93,212.97,25.22,25.54,83.16,0.31,66.52,0.26,17.52,0.67
2024-12-12,08:45,December,Winter,Inverted-V,93,220.19,25.45,25.95,83.03,0.33,66.42,0.27,18.1,0.67
2024-12-12,09:00,December,Winter,Inverted-V,93,227.42,25.67,26.36,82.9,0.34,66.32,0.28,18.67,0.67
2024-12-12,09:15,December,Winter,Inverted-V,93,228.78,25.88,26.6,82.82,0.34,66.26,0.28,18.77,0.67
2024-12-12,09:30,December,Winter,Inverted-V,93,230.14,26.09,26.84,82.74,0.34,66.2,0.29,18.87,0.67
2024-12-12,09:45,December,Winter,Inverted-V,93,231.51,26.3,27.09,82.67,0.34,66.13,0.29,18.97,0.67
2024-12-12,10:00,December,Winter,Inverted-V,93,232.87,26.51,27.33,82.59,0.34,66.07,0.29,19.06,0.67
2024-12-12,10:15,December,Winter,Inverted-V,93,254.76,26.61,27.98,82.38,0.38,65.91,0.32,20.82,0.67
2024-12-12,10:30,December,Winter,Inverted-V,93,276.65,26.71,28.63,82.18,0.41,65.74,0.34,22.56,0.67
2024-12-12,10:45,December,Winter,Inverted-V,93,298.54,26.81,29.27,81.97,0.44,65.58,0.37,24.31,0.67
2024-12-12,11:00,December,Winter,Inverted-V,93,320.44,26.91,29.92,81.77,0.48,65.42,0.4,26.04,0.67
2024-12-12,11:15,December,Winter,Inverted-V,93,314.94,26.94,29.81,81.81,0.47,65.44,0.39,25.6,0.67
2024-12-12,11:30,December,Winter,Inverted-V,93,309.44,26.96,29.7,81.84,0.46,65.47,0.38,25.16,0.67
2024-12-12,11:45,December,Winter,Inverted-V,93,303.94,26.98,29.58,81.88,0.45,65.5,0.38,24.72,0.67
2024-12-12,12:00,December,Winter,Inverted-V,93,298.44,27.01,29.47,81.91,0.44,65.53,0.37,24.28,0.67
2024-12-12,12:15,December,Winter,Inverted-V,93,277.59,27.01,28.95,82.08,0.41,65.66,0.34,22.62,0.67
2024-12-12,12:30,December,Winter,Inverted-V,93,256.74,27.01,28.43,82.24,0.38,65.79,0.32,20.95,0.67
2024-12-12,12:45,December,Winter,Inverted-V,93,235.9,27.01,27.91,82.41,0.35,65.93,0.29,19.28,0.67
2024-12-12,13:00,December,Winter,Inverted-V,93,215.05,27.01,27.39,82.57,0.32,66.06,0.27,17.6,0.67
2024-12-12,13:15,December,Winter,Inverted-V,93,197.48,26.84,26.77,82.77,0.29,66.21,0.24,16.19,0.67
2024-12-12,13:30,December,Winter,Inverted-V,93,179.91,26.66,26.16,82.96,0.27,66.37,0.22,14.78,0.67
2024-12-12,13:45,December,Winter,Inverted-V,93,162.34,26.49,25.55,83.15,0.24,66.52,0.2,13.36,0.67
2024-12-12,14:00,December,Winter,Inverted-V,93,144.77,26.32,24.94,83.35,0.21,66.68,0.18,11.93,0.67
2024-12-12,14:15,December,Winter,Inverted-V,93,133.76,26.2,24.55,83.47,0.2,66.78,0.17,11.04,0.67
2024-12-12,14:30,December,Winter,Inverted-V,93,122.74,26.09,24.15,83.6,0.18,66.88,0.15,10.14,0.67
2024-12-12,14:45,December,Winter,Inverted-V,93,111.73,25.97,23.76,83.72,0.16,66.98,0.14,9.24,0.67
2024-12-12,15:00,December,Winter,Inverted-V,93,100.71,25.85,23.37,83.84,0.15,67.08,0.12,8.34,0.67
2024-12-12,15:15,December,Winter,Inverted-V,93,83.56,25.72,22.81,84.02,0.12,67.22,0.1,6.93,0.67
2024-12-12,15:30,December,Winter,Inverted-V,93,66.41,25.59,22.26,84.2,0.1,67.36,0.08,5.51,0.67
2024-12-12,15:45,December,Winter,Inverted-V,93,49.26,25.47,21.7,84.37,0.07,67.5,0.06,4.1,0.67
2024-12-12,16:00,December,Winter,Inverted-V,93,32.11,25.34,21.14,84.55,0.05,67.64,0.04,2.67,0.67
2024-12-12,16:15,December,Winter,Inverted-V,93,24.59,25.21,20.82,84.65,0.04,67.72,0.03,2.05,0.67
2024-12-12,16:30,December,Winter,Inverted-V,93,17.07,25.08,20.51,84.75,0.03,67.8,0.02,1.42,0.67
2024-12-12,16:45,December,Winter,Inverted-V,93,9.55,24.95,20.19,84.85,0.01,67.88,0.01,0.8,0.67
2024-12-13,05:30,December,Winter,Inverted-V,93,6.53,24.33,19.49,85.07,0.01,68.06,0.01,0.55,0.67
2024-12-13,05:45,December,Winter,Inverted-V,93,9.8,24.36,19.61,85.03,0.01,68.03,0.01,0.82,0.67
2024-12-13,06:00,December,Winter,Inverted-V,93,13.07,24.4,19.73,85.0,0.02,68.0,0.02,1.09,0.67
2024-12-13,06:15,December,Winter,Inverted-V,93,20.54,24.48,20.0,84.91,0.03,67.93,0.03,1.72,0.67
2024-12-13,06:30,December,Winter,Inverted-V,93,28.02,24.57,20.27,84.83,0.04,67.86,0.03,2.34,0.67
2024-12-13,06:45,December,Winter,Inverted-V,93,35.49,24.65,20.54,84.74,0.05,67.79,0.04,2.96,0.67
2024-12-13,07:00,December,Winter,Inverted-V,93,42.96,24.74,20.81,84.65,0.06,67.72,0.05,3.58,0.67
2024-12-13,07:15,December,Winter,Inverted-V,93,53.69,24.85,21.2,84.53,0.08,67.63,0.07,4.47,0.67
2024-12-13,07:30,December,Winter,Inverted-V,93,64.43,24.97,21.58,84.41,0.09,67.53,0.08,5.36,0.67
2024-12-13,07:45,December,Winter,Inverted-V,93,75.16,25.09,21.96,84.29,0.11,67.43,0.09,6.25,0.67
2024-12-13,08:00,December,Winter,Inverted-V,93,85.89,25.2,22.35,84.17,0.13,67.33,0.11,7.13,0.67
2024-12-13,08:15,December,Winter,Inverted-V,93,102.42,25.34,22.91,83.99,0.15,67.19,0.13,8.49,0.67
2024-12-13,08:30,December,Winter,Inverted-V,93,118.94,25.49,23.46,83.81,0.18,67.05,0.15,9.84,0.67
2024-12-13,08:45,December,Winter,Inverted-V,93,135.46,25.64,24.02,83.64,0.2,66.91,0.17,11.19,0.67
2024-12-13,09:00,December,Winter,Inverted-V,93,151.99,25.78,24.58,83.46,0.22,66.77,0.19,12.54,0.67
2024-12-13,09:15,December,Winter,Inverted-V,93,142.1,25.96,24.51,83.48,0.21,66.79,0.18,11.73,0.67
2024-12-13,09:30,December,Winter,Inverted-V,93,132.21,26.15,24.45,83.5,0.2,66.8,0.16,10.91,0.67
2024-12-13,09:45,December,Winter,Inverted-V,93,122.32,26.33,24.39,83.52,0.18,66.82,0.15,10.1,0.67
2024-12-13,10:00,December,Winter,Inverted-V,93,112.43,26.51,24.32,83.54,0.17,66.83,0.14,9.28,0.67
2024-12-13,10:15,December,Winter,Inverted-V,93,113.24,26.64,24.47,83.49,0.17,66.8,0.14,9.35,0.67
2024-12-13,10:30,December,Winter,Inverted-V,93,114.06,26.77,24.63,83.45,0.17,66.76,0.14,9.41,0.67
2024-12-13,10:45,December,Winter,Inverted-V,93,114.87,26.91,24.78,83.4,0.17,66.72,0.14,9.47,0.67
2024-12-13,11:00,December,Winter,Inverted-V,93,115.69,27.04,24.93,83.35,0.17,66.68,0.14,9.54,0.67
2024-12-13,11:15,December,Winter,Inverted-V,93,154.42,27.09,25.95,83.03,0.23,66.42,0.19,12.69,0.67
2024-12-13,11:30,December,Winter,Inverted-V,93,193.15,27.14,26.97,82.7,0.29,66.16,0.24,15.83,0.67
2024-12-13,11:45,December,Winter,Inverted-V,93,231.88,27.19,27.99,82.38,0.34,65.91,0.29,18.95,0.67
2024-12-13,12:00,December,Winter,Inverted-V,93,270.62,27.24,29.01,82.06,0.4,65.65,0.34,22.05,0.67
2024-12-13,12:15,December,Winter,Inverted-V,93,240.69,27.24,28.26,82.3,0.36,65.84,0.3,19.65,0.67
2024-12-13,12:30,December,Winter,Inverted-V,93,210.76,27.24,27.51,82.53,0.31,66.03,0.26,17.25,0.67
2024-12-13,12:45,December,Winter,Inverted-V,93,180.84,27.25,26.77,82.77,0.27,66.21,0.22,14.83,0.67
2024-12-13,13:00,December,Winter,Inverted-V,93,150.91,27.25,26.02,83.0,0.22,66.4,0.19,12.4,0.67
2024-12-13,13:15,December,Winter,Inverted-V,93,139.53,27.24,25.73,83.1,0.21,66.48,0.17,11.47,0.67
2024-12-13,13:30,December,Winter,Inverted-V,93,128.14,27.23,25.44,83.19,0.19,66.55,0.16,10.55,0.67
2024-12-13,13:45,December,Winter,Inverted-V,93,116.76,27.23,25.15,83.28,0.17,66.63,0.14,9.62,0.67
2024-12-13,14:00,December,Winter,Inverted-V,93,105.38,27.22,24.85,83.37,0.16,66.7,0.13,8.69,0.67
2024-12-13,14:15,December,Winter,Inverted-V,93,94.8,27.18,24.55,83.47,0.14,66.78,0.12,7.82,0.67
2024-12-13,14:30,December,Winter,Inverted-V,93,84.22,27.14,24.25,83.57,0.12,66.85,0.1,6.95,0.67
2024-12-13,14:45,December,Winter,Inverted-V,93,73.65,27.11,23.95,83.66,0.11,66.93,0.09,6.09,0.67
2024-12-13,15:00,December,Winter,Inverted-V,93,63.07,27.07,23.65,83.76,0.09,67.01,0.08,5.22,0.67
2024-12-13,15:15,December,Winter,Inverted-V,93,54.28,26.94,23.3,83.87,0.08,67.09,0.07,4.49,0.67
2024-12-13,15:30,December,Winter,Inverted-V,93,45.5,26.81,22.95,83.98,0.07,67.18,0.06,3.77,0.67
2024-12-13,15:45,December,Winter,Inverted-V,93,36.71,26.69,22.61,84.09,0.05,67.27,0.05,3.05,0.67
2024-12-13,16:00,December,Winter,Inverted-V,93,27.92,26.56,22.26,84.2,0.04,67.36,0.03,2.32,0.67
2024-12-13,16:15,December,Winter,Inverted-V,93,21.9,26.34,21.88,84.32,0.03,67.45,0.03,1.82,0.67
2024-12-13,16:30,December,Winter,Inverted-V,93,15.88,26.11,21.51,84.43,0.02,67.55,0.02,1.32,0.67
2024-12-13,16:45,December,Winter,Inverted-V,93,9.86,25.88,21.13,84.55,0.01,67.64,0.01,0.82,0.67
2024-12-14,05:30,December,Winter,Inverted-V,93,10.75,22.89,18.16,85.49,0.02,68.4,0.01,0.9,0.67
2024-12-14,05:45,December,Winter,Inverted-V,93,16.12,22.93,18.33,85.44,0.02,68.35,0.02,1.35,0.67
2024-12-14,06:00,December,Winter,Inverted-V,93,21.49,22.96,18.5,85.39,0.03,68.31,0.03,1.8,0.67
2024-12-14,06:15,December,Winter,Inverted-V,93,42.68,23.16,19.23,85.15,0.06,68.12,0.05,3.57,0.67
2024-12-14,06:30,December,Winter,Inverted-V,93,63.87,23.37,19.97,84.92,0.09,67.94,0.08,5.34,0.67
2024-12-14,06:45,December,Winter,Inverted-V,93,85.06,23.58,20.7,84.69,0.13,67.75,0.1,7.09,0.67
2024-12-14,07:00,December,Winter,Inverted-V,93,106.25,23.78,21.44,84.46,0.16,67.57,0.13,8.84,0.67
2024-12-14,07:15,December,Winter,Inverted-V,93,129.43,24.02,22.25,84.2,0.19,67.36,0.16,10.75,0.67
2024-12-14,07:30,December,Winter,Inverted-V,93,152.61,24.26,23.07,83.94,0.22,67.15,0.19,12.64,0.67
2024-12-14,07:45,December,Winter,Inverted-V,93,175.79,24.49,23.89,83.68,0.26,66.94,0.22,14.53,0.67
2024-12-14,08:00,December,Winter,Inverted-V,93,198.97,24.73,24.7,83.42,0.29,66.74,0.25,16.41,0.67
2024-12-14,08:15,December,Winter,Inverted-V,93,202.16,24.96,25.02,83.32,0.3,66.66,0.25,16.66,0.67
2024-12-14,08:30,December,Winter,Inverted-V,93,205.35,25.2,25.33,83.22,0.3,66.58,0.25,16.91,0.67
2024-12-14,08:45,December,Winter,Inverted-V,93,208.54,25.43,25.64,83.13,0.31,66.5,0.26,17.15,0.67
2024-12-14,09:00,December,Winter,Inverted-V,93,211.73,25.66,25.95,83.03,0.31,66.42,0.26,17.4,0.67
2024-12-14,09:15,December,Winter,Inverted-V,93,215.7,25.9,26.29,82.92,0.32,66.34,0.27,17.71,0.67
2024-12-14,09:30,December,Winter,Inverted-V,93,219.66,26.14,26.63,82.81,0.32,66.25,0.27,18.02,0.67
2024-12-14,09:45,December,Winter,Inverted-V,93,223.62,26.38,26.97,82.7,0.33,66.16,0.28,18.33,0.67
2024-12-14,10:00,December,Winter,Inverted-V,93,227.59,26.62,27.31,82.6,0.34,66.08,0.28,18.63,0.67
2024-12-14,10:15,December,Winter,Inverted-V,93,260.43,26.85,28.36,82.26,0.39,65.81,0.32,21.26,0.67
2024-12-14,10:30,December,Winter,Inverted-V,93,293.28,27.08,29.41,81.93,0.43,65.55,0.36,23.87,0.67
2024-12-14,10:45,December,Winter,Inverted-V,93,326.12,27.3,30.46,81.6,0.48,65.28,0.41,26.46,0.67
2024-12-14,11:00,December,Winter,Inverted-V,93,358.97,27.53,31.5,81.27,0.53,65.01,0.45,29.04,0.67
2024-12-14,11:15,December,Winter,Inverted-V,93,328.51,27.62,30.84,81.48,0.49,65.18,0.41,26.62,0.67
2024-12-14,11:30,December,Winter,Inverted-V,93,298.04,27.71,30.17,81.69,0.44,65.35,0.37,24.2,0.67
2024-12-14,11:45,December,Winter,Inverted-V,93,267.58,27.81,29.5,81.9,0.4,65.52,0.33,21.77,0.67
2024-12-14,12:00,December,Winter,Inverted-V,93,237.11,27.9,28.83,82.12,0.35,65.69,0.29,19.33,0.67
2024-12-14,12:15,December,Winter,Inverted-V,93,238.78,27.97,28.94,82.08,0.35,65.67,0.3,19.46,0.67
2024-12-14,12:30,December,Winter,Inverted-V,93,240.45,28.04,29.05,82.05,0.36,65.64,0.3,19.59,0.67
2024-12-14,12:45,December,Winter,Inverted-V,93,242.12,28.1,29.16,82.01,0.36,65.61,0.3,19.72,0.67
2024-12-14,13:00,December,Winter,Inverted-V,93,243.79,28.17,29.26,81.98,0.36,65.58,0.3,19.85,0.67
2024-12-14,13:15,December,Winter,Inverted-V,93,240.88,28.18,29.2,82.0,0.36,65.6,0.3,19.61,0.67
2024-12-14,13:30,December,Winter,Inverted-V,93,237.97,28.19,29.14,82.02,0.35,65.61,0.3,19.38,0.67
2024-12-14,13:45,December,Winter,Inverted-V,93,235.06,28.2,29.08,82.04,0.35,65.63,0.29,19.15,0.67
2024-12-14,14:00,December,Winter,Inverted-V,93,232.15,28.21,29.01,82.06,0.34,65.65,0.29,18.91,0.67
2024-12-14,14:15,December,Winter,Inverted-V,93,208.7,28.13,28.35,82.27,0.31,65.81,0.26,17.04,0.67
2024-12-14,14:30,December,Winter,Inverted-V,93,185.26,28.05,27.68,82.48,0.27,65.98,0.23,15.15,0.67
2024-12-14,14:45,December,Winter,Inverted-V,93,161.81,27.97,27.02,82.69,0.24,66.15,0.2,13.26,0.67
2024-12-14,15:00,December,Winter,Inverted-V,93,138.37,27.89,26.35,82.9,0.2,66.32,0.17,11.36,0.67
2024-12-14,15:15,December,Winter,Inverted-V,93,118.98,27.69,25.67,83.12,0.18,66.49,0.15,9.79,0.67
2024-12-14,15:30,December,Winter,Inverted-V,93,99.59,27.5,24.98,83.33,0.15,66.67,0.12,8.21,0.67
2024-12-14,15:45,December,Winter,Inverted-V,93,80.2,27.3,24.3,83.55,0.12,66.84,0.1,6.62,0.67
2024-12-14,16:00,December,Winter,Inverted-V,93,60.8,27.1,23.62,83.76,0.09,67.01,0.08,5.03,0.67
2024-12-14,16:15,December,Winter,Inverted-V,93,46.89,26.74,22.91,83.99,0.07,67.19,0.06,3.89,0.67
2024-12-14,16:30,December,Winter,Inverted-V,93,32.97,26.38,22.2,84.21,0.05,67.37,0.04,2.74,0.67
2024-12-14,16:45,December,Winter,Inverted-V,93,19.05,26.01,21.49,84.44,0.03,67.55,0.02,1.59,0.67
2024-12-15,05:15,December,Winter,Inverted-V,93,13.83,20.79,16.13,86.14,0.02,68.91,0.02,1.17,0.67
2024-12-15,05:30,December,Winter,Inverted-V,93,27.66,20.86,16.55,86.0,0.04,68.8,0.03,2.33,0.67
2024-12-15,05:45,December,Winter,Inverted-V,93,41.49,20.94,16.97,85.87,0.06,68.7,0.05,3.49,0.67
2024-12-15,06:00,December,Winter,Inverted-V,93,55.32,21.01,17.39,85.74,0.08,68.59,0.07,4.65,0.67
2024-12-15,06:15,December,Winter,Inverted-V,93,109.04,21.32,19.05,85.21,0.16,68.17,0.13,9.13,0.67
2024-12-15,06:30,December,Winter,Inverted-V,93,162.76,21.63,20.7,84.69,0.24,67.75,0.2,13.57,0.67
2024-12-15,06:45,December,Winter,Inverted-V,93,216.48,21.94,22.35,84.17,0.32,67.33,0.27,17.97,0.67
2024-12-15,07:00,December,Winter,Inverted-V,93,270.19,22.25,24.0,83.64,0.4,66.91,0.33,22.33,0.67
2024-12-15,07:15,December,Winter,Inverted-V,93,326.68,22.68,25.85,83.06,0.48,66.45,0.4,26.86,0.67
2024-12-15,07:30,December,Winter,Inverted-V,93,383.17,23.12,27.69,82.47,0.57,65.98,0.47,31.34,0.67
2024-12-15,07:45,December,Winter,Inverted-V,93,439.66,23.55,29.54,81.89,0.65,65.51,0.55,35.77,0.67
2024-12-15,08:00,December,Winter,Inverted-V,93,496.15,23.98,31.38,81.31,0.74,65.05,0.62,40.15,0.67
2024-12-15,08:15,December,Winter,Inverted-V,93,549.41,24.39,33.13,80.75,0.82,64.6,0.68,44.23,0.67
2024-12-15,08:30,December,Winter,Inverted-V,93,602.67,24.81,34.88,80.2,0.9,64.16,0.75,48.27,0.67
2024-12-15,08:45,December,Winter,Inverted-V,93,655.92,25.23,36.62,79.65,0.98,63.72,0.82,52.26,0.67
2024-12-15,09:00,December,Winter,Inverted-V,93,709.18,25.64,38.37,79.09,1.06,63.28,0.89,56.21,0.67
2024-12-15,09:15,December,Winter,Inverted-V,93,720.76,25.91,38.93,78.92,1.08,63.13,0.9,57.03,0.67
2024-12-15,09:30,December,Winter,Inverted-V,93,732.34,26.18,39.48,78.74,1.1,62.99,0.92,57.85,0.67
2024-12-15,09:45,December,Winter,Inverted-V,93,743.91,26.44,40.04,78.57,1.11,62.85,0.93,58.67,0.67
2024-12-15,10:00,December,Winter,Inverted-V,93,755.49,26.71,40.6,78.39,1.13,62.71,0.95,59.48,0.67
2024-12-15,10:15,December,Winter,Inverted-V,93,762.19,26.89,40.94,78.28,1.14,62.62,0.96,59.94,0.67
2024-12-15,10:30,December,Winter,Inverted-V,93,768.88,27.07,41.29,78.17,1.15,62.54,0.97,60.41,0.67
2024-12-15,10:45,December,Winter,Inverted-V,93,775.58,27.25,41.64,78.06,1.16,62.45,0.97,60.87,0.67
2024-12-15,11:00,December,Winter,Inverted-V,93,782.28,27.43,41.99,77.95,1.17,62.36,0.98,61.33,0.67
2024-12-15,11:15,December,Winter,Inverted-V,93,784.22,27.54,42.14,77.9,1.18,62.32,0.99,61.45,0.67
2024-12-15,11:30,December,Winter,Inverted-V,93,786.16,27.64,42.3,77.85,1.18,62.28,0.99,61.57,0.67
2024-12-15,11:45,December,Winter,Inverted-V,93,788.11,27.75,42.46,77.8,1.18,62.24,0.99,61.69,0.67
2024-12-15,12:00,December,Winter,Inverted-V,93,790.05,27.86,42.61,77.75,1.19,62.2,0.99,61.82,0.67
2024-12-15,12:15,December,Winter,Inverted-V,93,789.6,27.88,42.62,77.75,1.19,62.2,0.99,61.78,0.67
2024-12-15,12:30,December,Winter,Inverted-V,93,789.15,27.91,42.64,77.74,1.19,62.19,0.99,61.74,0.67
2024-12-15,12:45,December,Winter,Inverted-V,93,788.69,27.94,42.65,77.74,1.18,62.19,0.99,61.7,0.67
2024-12-15,13:00,December,Winter,Inverted-V,93,788.24,27.96,42.67,77.73,1.18,62.19,0.99,61.66,0.67
2024-12-15,13:15,December,Winter,Inverted-V,93,748.24,27.91,41.62,78.07,1.12,62.45,0.94,58.72,0.67
2024-12-15,13:30,December,Winter,Inverted-V,93,708.24,27.87,40.58,78.4,1.06,62.72,0.89,55.76,0.67
2024-12-15,13:45,December,Winter,Inverted-V,93,668.24,27.83,39.53,78.73,1.0,62.98,0.84,52.78,0.67
2024-12-15,14:00,December,Winter,Inverted-V,93,628.24,27.78,38.49,79.06,0.94,63.25,0.79,49.78,0.67
2024-12-15,14:15,December,Winter,Inverted-V,93,571.99,27.65,36.95,79.54,0.85,63.64,0.72,45.53,0.67
2024-12-15,14:30,December,Winter,Inverted-V,93,515.74,27.52,35.41,80.03,0.77,64.03,0.64,41.24,0.67
2024-12-15,14:45,December,Winter,Inverted-V,93,459.5,27.38,33.87,80.52,0.68,64.42,0.57,36.91,0.67
2024-12-15,15:00,December,Winter,Inverted-V,93,403.25,27.25,32.33,81.01,0.6,64.81,0.5,32.54,0.67
2024-12-15,15:15,December,Winter,Inverted-V,93,343.65,26.96,30.56,81.57,0.51,65.25,0.43,27.87,0.67
2024-12-15,15:30,December,Winter,Inverted-V,93,284.06,26.68,28.78,82.13,0.42,65.7,0.35,23.16,0.67
2024-12-15,15:45,December,Winter,Inverted-V,93,224.46,26.39,27.01,82.69,0.33,66.15,0.28,18.39,0.67
2024-12-15,16:00,December,Winter,Inverted-V,93,164.86,26.11,25.23,83.25,0.24,66.6,0.2,13.58,0.67
2024-12-15,16:15,December,Winter,Inverted-V,93,126.14,25.59,23.74,83.73,0.19,66.98,0.16,10.43,0.67
2024-12-15,16:30,December,Winter,Inverted-V,93,87.42,25.06,22.25,84.2,0.13,67.36,0.11,7.26,0.67
2024-12-15,16:45,December,Winter,Inverted-V,93,48.69,24.54,20.75,84.67,0.07,67.74,0.06,4.06,0.67
2024-12-15,17:00,December,Winter,Inverted-V,93,9.97,24.01,19.26,85.15,0.01,68.12,0.01,0.83,0.67
2024-12-15,17:15,December,Winter,Inverted-V,93,7.48,23.78,18.96,85.24,0.01,68.19,0.01,0.63,0.67
2024-12-16,05:15,December,Winter,Inverted-V,93,13.2,21.27,16.6,85.99,0.02,68.79,0.02,1.11,0.67
2024-12-16,05:30,December,Winter,Inverted-V,93,26.4,21.34,17.0,85.86,0.04,68.69,0.03,2.22,0.67
2024-12-16,05:45,December,Winter,Inverted-V,93,39.59,21.42,17.41,85.73,0.06,68.59,0.05,3.33,0.67
2024-12-16,06:00,December,Winter,Inverted-V,93,52.79,21.49,17.81,85.6,0.08,68.48,0.06,4.44,0.67
2024-12-16,06:15,December,Winter,Inverted-V,93,104.63,21.71,19.32,85.13,0.15,68.1,0.13,8.76,0.67
2024-12-16,06:30,December,Winter,Inverted-V,93,156.47,21.92,20.84,84.65,0.23,67.72,0.19,13.04,0.67
2024-12-16,06:45,December,Winter,Inverted-V,93,208.31,22.14,22.35,84.17,0.31,67.33,0.26,17.29,0.67
2024-12-16,07:00,December,Winter,Inverted-V,93,260.15,22.36,23.86,83.69,0.38,66.95,0.32,21.51,0.67
2024-12-16,07:15,December,Winter,Inverted-V,93,320.83,22.57,25.59,83.14,0.47,66.51,0.4,26.39,0.67
2024-12-16,07:30,December,Winter,Inverted-V,93,381.51,22.77,27.31,82.6,0.56,66.08,0.47,31.23,0.67
2024-12-16,07:45,December,Winter,Inverted-V,93,442.19,22.98,29.04,82.05,0.66,65.64,0.55,36.02,0.67
2024-12-16,08:00,December,Winter,Inverted-V,93,502.87,23.19,30.76,81.5,0.75,65.2,0.63,40.77,0.67
2024-12-16,08:15,December,Winter,Inverted-V,93,549.72,23.39,32.13,81.07,0.82,64.86,0.68,44.39,0.67
2024-12-16,08:30,December,Winter,Inverted-V,93,596.58,23.59,33.5,80.64,0.89,64.51,0.74,47.98,0.67
2024-12-16,08:45,December,Winter,Inverted-V,93,643.43,23.79,34.88,80.2,0.96,64.16,0.8,51.54,0.67
2024-12-16,09:00,December,Winter,Inverted-V,93,690.28,23.99,36.25,79.77,1.03,63.81,0.86,55.06,0.67
2024-12-16,09:15,December,Winter,Inverted-V,93,715.34,24.16,37.05,79.51,1.07,63.61,0.89,56.93,0.67
2024-12-16,09:30,December,Winter,Inverted-V,93,740.4,24.34,37.85,79.26,1.11,63.41,0.93,58.78,0.67
2024-12-16,09:45,December,Winter,Inverted-V,93,765.47,24.51,38.64,79.01,1.15,63.21,0.96,60.62,0.67
2024-12-16,10:00,December,Winter,Inverted-V,93,790.53,24.68,39.44,78.75,1.18,63.0,0.99,62.46,0.67
2024-12-16,10:15,December,Winter,Inverted-V,93,791.76,24.82,39.61,78.7,1.19,62.96,0.99,62.52,0.67
2024-12-16,10:30,December,Winter,Inverted-V,93,793.0,24.96,39.79,78.65,1.19,62.92,0.99,62.59,0.67
2024-12-16,10:45,December,Winter,Inverted-V,93,794.24,25.1,39.96,78.59,1.19,62.87,1.0,62.65,0.67
2024-12-16,11:00,December,Winter,Inverted-V,93,795.47,25.24,40.13,78.54,1.19,62.83,1.0,62.72,0.67
2024-12-16,11:15,December,Winter,Inverted-V,93,800.45,25.35,40.36,78.46,1.2,62.77,1.0,63.06,0.67
2024-12-16,11:30,December,Winter,Inverted-V,93,805.42,25.45,40.59,78.39,1.21,62.71,1.01,63.41,0.67
2024-12-16,11:45,December,Winter,Inverted-V,93,810.39,25.56,40.82,78.32,1.22,62.65,1.02,63.76,0.67
2024-12-16,12:00,December,Winter,Inverted-V,93,815.37,25.67,41.05,78.24,1.22,62.6,1.02,64.1,0.67
2024-12-16,12:15,December,Winter,Inverted-V,93,782.65,25.75,40.32,78.48,1.17,62.78,0.98,61.67,0.67
2024-12-16,12:30,December,Winter,Inverted-V,93,749.93,25.84,39.58,78.71,1.12,62.97,0.94,59.22,0.67
2024-12-16,12:45,December,Winter,Inverted-V,93,717.2,25.92,38.85,78.94,1.07,63.15,0.9,56.77,0.67
2024-12-16,13:00,December,Winter,Inverted-V,93,684.48,26.0,38.11,79.18,1.02,63.34,0.86,54.3,0.67
2024-12-16,13:15,December,Winter,Inverted-V,93,615.96,25.98,36.38,79.73,0.92,63.78,0.77,49.12,0.67
2024-12-16,13:30,December,Winter,Inverted-V,93,547.44,25.95,34.64,80.28,0.82,64.22,0.68,43.88,0.67
2024-12-16,13:45,December,Winter,Inverted-V,93,478.92,25.93,32.91,80.82,0.71,64.66,0.6,38.58,0.67
2024-12-16,14:00,December,Winter,Inverted-V,93,410.4,25.91,31.17,81.37,0.61,65.1,0.51,33.23,0.67
2024-12-16,14:15,December,Winter,Inverted-V,93,368.2,25.82,30.02,81.74,0.55,65.39,0.46,29.91,0.67
2024-12-16,14:30,December,Winter,Inverted-V,93,326.0,25.73,28.87,82.1,0.48,65.68,0.4,26.57,0.67
2024-12-16,14:45,December,Winter,Inverted-V,93,283.8,25.63,27.73,82.46,0.42,65.97,0.35,23.21,0.67
2024-12-16,15:00,December,Winter,Inverted-V,93,241.6,25.54,26.58,82.83,0.36,66.26,0.3,19.82,0.67
2024-12-16,15:15,December,Winter,Inverted-V,93,206.7,25.39,25.56,83.15,0.31,66.52,0.26,17.01,0.67
2024-12-16,15:30,December,Winter,Inverted-V,93,171.81,25.23,24.53,83.48,0.25,66.78,0.21,14.18,0.67
2024-12-16,15:45,December,Winter,Inverted-V,93,136.92,25.08,23.51,83.8,0.2,67.04,0.17,11.33,0.67
2024-12-16,16:00,December,Winter,Inverted-V,93,102.03,24.93,22.48,84.13,0.15,67.3,0.13,8.47,0.67
2024-12-16,16:15,December,Winter,Inverted-V,93,78.49,24.66,21.63,84.4,0.12,67.52,0.1,6.53,0.67
2024-12-16,16:30,December,Winter,Inverted-V,93,54.95,24.4,20.77,84.67,0.08,67.73,0.07,4.58,0.67
2024-12-16,16:45,December,Winter,Inverted-V,93,31.4,24.14,19.92,84.94,0.05,67.95,0.04,2.62,0.67
2024-12-16,17:00,December,Winter,Inverted-V,93,7.86,23.87,19.07,85.21,0.01,68.17,0.01,0.66,0.67
2024-12-16,17:15,December,Winter,Inverted-V,93,5.9,23.74,18.89,85.26,0.01,68.21,0.01,0.49,0.67
2024-12-17,05:15,December,Winter,Inverted-V,93,10.68,21.19,16.45,86.03,0.02,68.83,0.01,0.9,0.67
2024-12-17,05:30,December,Winter,Inverted-V,93,21.36,21.3,16.83,85.91,0.03,68.73,0.03,1.8,0.67
2024-12-17,05:45,December,Winter,Inverted-V,93,32.04,21.41,17.22,85.79,0.05,68.63,0.04,2.7,0.67
2024-12-17,06:00,December,Winter,Inverted-V,93,42.71,21.53,17.6,85.67,0.06,68.54,0.05,3.59,0.67
2024-12-17,06:15,December,Winter,Inverted-V,93,83.69,21.9,18.99,85.23,0.12,68.18,0.1,7.01,0.67
2024-12-17,06:30,December,Winter,Inverted-V,93,124.66,22.27,20.39,84.79,0.18,67.83,0.15,10.4,0.67
2024-12-17,06:45,December,Winter,Inverted-V,93,165.63,22.65,21.79,84.34,0.24,67.48,0.2,13.77,0.67
2024-12-17,07:00,December,Winter,Inverted-V,93,206.6,23.02,23.19,83.9,0.3,67.12,0.25,17.11,0.67
2024-12-17,07:15,December,Winter,Inverted-V,93,254.53,23.48,24.84,83.38,0.38,66.7,0.31,20.98,0.67
2024-12-17,07:30,December,Winter,Inverted-V,93,302.45,23.94,26.5,82.85,0.45,66.28,0.37,24.82,0.67
2024-12-17,07:45,December,Winter,Inverted-V,93,350.38,24.4,28.16,82.33,0.52,65.86,0.43,28.62,0.67
2024-12-17,08:00,December,Winter,Inverted-V,93,398.3,24.86,29.82,81.8,0.59,65.44,0.49,32.38,0.67
2024-12-17,08:15,December,Winter,Inverted-V,93,446.65,25.31,31.48,81.28,0.66,65.02,0.56,36.13,0.67
2024-12-17,08:30,December,Winter,Inverted-V,93,494.99,25.76,33.13,80.75,0.74,64.6,0.62,39.85,0.67
2024-12-17,08:45,December,Winter,Inverted-V,93,543.33,26.21,34.79,80.23,0.81,64.18,0.68,43.53,0.67
2024-12-17,09:00,December,Winter,Inverted-V,93,591.68,26.66,36.45,79.7,0.88,63.76,0.74,47.17,0.67
2024-12-17,09:15,December,Winter,Inverted-V,93,636.22,27.02,37.93,79.24,0.95,63.39,0.8,50.5,0.67
2024-12-17,09:30,December,Winter,Inverted-V,93,680.77,27.38,39.4,78.77,1.02,63.01,0.85,53.79,0.67
2024-12-17,09:45,December,Winter,Inverted-V,93,725.31,27.74,40.87,78.3,1.09,62.64,0.91,57.06,0.67
2024-12-17,10:00,December,Winter,Inverted-V,93,769.86,28.1,42.35,77.84,1.16,62.27,0.97,60.29,0.67
2024-12-17,10:15,December,Winter,Inverted-V,93,787.21,28.37,43.05,77.61,1.18,62.09,0.99,61.51,0.67
2024-12-17,10:30,December,Winter,Inverted-V,93,804.57,28.64,43.75,77.39,1.21,61.91,1.01,62.73,0.67
2024-12-17,10:45,December,Winter,Inverted-V,93,821.93,28.9,44.45,77.17,1.24,61.74,1.04,63.94,0.67
2024-12-17,11:00,December,Winter,Inverted-V,93,839.29,29.17,45.15,76.95,1.26,61.56,1.06,65.15,0.67
2024-12-17,11:15,December,Winter,Inverted-V,93,809.28,29.32,44.55,77.14,1.22,61.71,1.02,62.94,0.67
2024-12-17,11:30,December,Winter,Inverted-V,93,779.27,29.47,43.95,77.33,1.17,61.86,0.98,60.72,0.67
2024-12-17,11:45,December,Winter,Inverted-V,93,749.26,29.62,43.35,77.52,1.13,62.01,0.94,58.49,0.67
2024-12-17,12:00,December,Winter,Inverted-V,93,719.25,29.77,42.75,77.71,1.08,62.17,0.9,56.25,0.67
2024-12-17,12:15,December,Winter,Inverted-V,93,697.55,29.8,42.24,77.87,1.05,62.3,0.88,54.64,0.67
2024-12-17,12:30,December,Winter,Inverted-V,93,675.85,29.83,41.73,78.03,1.01,62.43,0.85,53.03,0.67
2024-12-17,12:45,December,Winter,Inverted-V,93,654.15,29.86,41.21,78.19,0.98,62.56,0.82,51.4,0.67
2024-12-17,13:00,December,Winter,Inverted-V,93,632.45,29.89,40.7,78.36,0.95,62.69,0.79,49.78,0.67
2024-12-17,13:15,December,Winter,Inverted-V,93,591.07,29.86,39.64,78.69,0.89,62.95,0.74,46.67,0.67
2024-12-17,13:30,December,Winter,Inverted-V,93,549.68,29.84,38.58,79.03,0.82,63.22,0.69,43.54,0.67
2024-12-17,13:45,December,Winter,Inverted-V,93,508.3,29.81,37.51,79.37,0.76,63.49,0.64,40.39,0.67
2024-12-17,14:00,December,Winter,Inverted-V,93,466.92,29.78,36.45,79.7,0.7,63.76,0.58,37.22,0.67
2024-12-17,14:15,December,Winter,Inverted-V,93,416.24,29.68,35.09,80.13,0.62,64.11,0.52,33.32,0.67
2024-12-17,14:30,December,Winter,Inverted-V,93,365.57,29.59,33.72,80.57,0.54,64.45,0.46,29.38,0.67
2024-12-17,14:45,December,Winter,Inverted-V,93,314.9,29.49,32.36,81.0,0.47,64.8,0.39,25.41,0.67
2024-12-17,15:00,December,Winter,Inverted-V,93,264.22,29.39,31.0,81.43,0.39,65.14,0.33,21.4,0.67
2024-12-17,15:15,December,Winter,Inverted-V,93,224.46,29.22,29.83,81.8,0.33,65.44,0.28,18.24,0.67
2024-12-17,15:30,December,Winter,Inverted-V,93,184.7,29.05,28.67,82.17,0.27,65.73,0.23,15.06,0.67
2024-12-17,15:45,December,Winter,Inverted-V,93,144.93,28.89,27.51,82.53,0.21,66.03,0.18,11.86,0.67
2024-12-17,16:00,December,Winter,Inverted-V,93,105.17,28.72,26.35,82.9,0.16,66.32,0.13,8.63,0.67
2024-12-17,16:15,December,Winter,Inverted-V,93,80.55,28.34,25.36,83.21,0.12,66.57,0.1,6.63,0.67
2024-12-17,16:30,December,Winter,Inverted-V,93,55.92,27.97,24.37,83.53,0.08,66.82,0.07,4.62,0.67
2024-12-17,16:45,December,Winter,Inverted-V,93,31.3,27.59,23.38,83.84,0.05,67.07,0.04,2.59,0.67
2024-12-17,17:00,December,Winter,Inverted-V,93,6.67,27.22,22.39,84.16,0.01,67.32,0.01,0.55,0.67
2024-12-18,05:15,December,Winter,Inverted-V,93,11.69,22.24,17.53,85.69,0.02,68.55,0.01,0.98,0.67
2024-12-18,05:30,December,Winter,Inverted-V,93,23.38,22.36,17.94,85.56,0.03,68.45,0.03,1.96,0.67
2024-12-18,05:45,December,Winter,Inverted-V,93,35.07,22.48,18.36,85.43,0.05,68.35,0.04,2.94,0.67
2024-12-18,06:00,December,Winter,Inverted-V,93,46.76,22.6,18.77,85.3,0.07,68.24,0.06,3.92,0.67
2024-12-18,06:15,December,Winter,Inverted-V,93,95.02,22.91,20.28,84.82,0.14,67.86,0.12,7.93,0.67
2024-12-18,06:30,December,Winter,Inverted-V,93,143.27,23.21,21.8,84.34,0.21,67.47,0.18,11.91,0.67
2024-12-18,06:45,December,Winter,Inverted-V,93,191.53,23.52,23.31,83.86,0.28,67.09,0.24,15.86,0.67
2024-12-18,07:00,December,Winter,Inverted-V,93,239.78,23.83,24.82,83.38,0.35,66.71,0.3,19.77,0.67
2024-12-18,07:15,December,Winter,Inverted-V,93,296.34,24.28,26.69,82.79,0.44,66.24,0.37,24.3,0.67
2024-12-18,07:30,December,Winter,Inverted-V,93,352.89,24.73,28.55,82.2,0.52,65.76,0.44,28.79,0.67
2024-12-18,07:45,December,Winter,Inverted-V,93,409.44,25.17,30.41,81.62,0.61,65.29,0.51,33.23,0.67
2024-12-18,08:00,December,Winter,Inverted-V,93,466.0,25.62,32.27,81.03,0.69,64.82,0.58,37.61,0.67
2024-12-18,08:15,December,Winter,Inverted-V,93,515.54,26.02,33.91,80.51,0.77,64.41,0.64,41.41,0.67
2024-12-18,08:30,December,Winter,Inverted-V,93,565.07,26.42,35.55,79.99,0.84,63.99,0.71,45.17,0.67
2024-12-18,08:45,December,Winter,Inverted-V,93,614.61,26.82,37.19,79.47,0.92,63.58,0.77,48.89,0.67
2024-12-18,09:00,December,Winter,Inverted-V,93,664.15,27.22,38.82,78.95,0.99,63.16,0.83,52.57,0.67
2024-12-18,09:15,December,Winter,Inverted-V,93,696.7,27.54,39.96,78.59,1.04,62.87,0.87,54.96,0.67
2024-12-18,09:30,December,Winter,Inverted-V,93,729.26,27.87,41.1,78.23,1.09,62.58,0.92,57.33,0.67
2024-12-18,09:45,December,Winter,Inverted-V,93,761.82,28.19,42.23,77.87,1.14,62.3,0.96,59.68,0.67
2024-12-18,10:00,December,Winter,Inverted-V,93,794.37,28.51,43.37,77.51,1.19,62.01,1.0,62.01,0.67
2024-12-18,10:15,December,Winter,Inverted-V,93,806.29,28.77,43.92,77.34,1.21,61.87,1.02,62.83,0.67
2024-12-18,10:30,December,Winter,Inverted-V,93,818.21,29.02,44.48,77.16,1.23,61.73,1.03,63.65,0.67
2024-12-18,10:45,December,Winter,Inverted-V,93,830.13,29.28,45.03,76.99,1.25,61.59,1.05,64.47,0.67
2024-12-18,11:00,December,Winter,Inverted-V,93,842.04,29.53,45.58,76.81,1.27,61.45,1.06,65.28,0.67
2024-12-18,11:15,December,Winter,Inverted-V,93,838.21,29.71,45.67,76.78,1.26,61.43,1.06,64.96,0.67
2024-12-18,11:30,December,Winter,Inverted-V,93,834.38,29.9,45.75,76.76,1.26,61.4,1.05,64.65,0.67
2024-12-18,11:45,December,Winter,Inverted-V,93,830.54,30.08,45.84,76.73,1.25,61.38,1.05,64.33,0.67
2024-12-18,12:00,December,Winter,Inverted-V,93,826.71,30.26,45.93,76.7,1.25,61.36,1.04,64.02,0.67
2024-12-18,12:15,December,Winter,Inverted-V,93,799.78,30.38,45.38,76.88,1.2,61.5,1.01,62.04,0.67
2024-12-18,12:30,December,Winter,Inverted-V,93,772.86,30.51,44.83,77.05,1.16,61.64,0.97,60.06,0.67
2024-12-18,12:45,December,Winter,Inverted-V,93,745.93,30.63,44.28,77.22,1.12,61.78,0.94,58.06,0.67
2024-12-18,13:00,December,Winter,Inverted-V,93,719.01,30.75,43.73,77.4,1.08,61.92,0.91,56.06,0.67
2024-12-18,13:15,December,Winter,Inverted-V,93,678.01,30.79,42.74,77.71,1.02,62.17,0.85,53.03,0.67
2024-12-18,13:30,December,Winter,Inverted-V,93,637.0,30.82,41.75,78.03,0.96,62.42,0.8,49.97,0.67
2024-12-18,13:45,December,Winter,Inverted-V,93,596.0,30.86,40.75,78.34,0.89,62.67,0.75,46.9,0.67
2024-12-18,14:00,December,Winter,Inverted-V,93,554.99,30.89,39.76,78.65,0.83,62.92,0.7,43.81,0.67
2024-12-18,14:15,December,Winter,Inverted-V,93,502.45,30.85,38.41,79.08,0.75,63.27,0.63,39.82,0.67
2024-12-18,14:30,December,Winter,Inverted-V,93,449.92,30.81,37.06,79.51,0.67,63.61,0.56,35.8,0.67
2024-12-18,14:45,December,Winter,Inverted-V,93,397.38,30.77,35.7,79.94,0.59,63.95,0.5,31.75,0.67
2024-12-18,15:00,December,Winter,Inverted-V,93,344.84,30.73,34.35,80.37,0.51,64.29,0.43,27.66,0.67
2024-12-18,15:15,December,Winter,Inverted-V,93,291.46,30.66,32.95,80.81,0.43,64.65,0.36,23.48,0.67
2024-12-18,15:30,December,Winter,Inverted-V,93,238.07,30.59,31.55,81.25,0.35,65.0,0.3,19.26,0.67
2024-12-18,15:45,December,Winter,Inverted-V,93,184.68,30.53,30.14,81.7,0.27,65.36,0.23,15.0,0.67
2024-12-18,16:00,December,Winter,Inverted-V,93,131.3,30.46,28.74,82.14,0.19,65.71,0.16,10.71,0.67
2024-12-18,16:15,December,Winter,Inverted-V,93,100.75,30.1,27.62,82.5,0.15,66.0,0.12,8.24,0.67
2024-12-18,16:30,December,Winter,Inverted-V,93,70.2,29.75,26.5,82.85,0.1,66.28,0.09,5.76,0.67
2024-12-18,16:45,December,Winter,Inverted-V,93,39.65,29.39,25.38,83.21,0.06,66.57,0.05,3.26,0.67
2024-12-18,17:00,December,Winter,Inverted-V,93,9.1,29.03,24.26,83.56,0.01,66.85,0.01,0.75,0.67
2024-12-18,17:15,December,Winter,Inverted-V,93,6.83,28.73,23.9,83.68,0.01,66.94,0.01,0.56,0.67
2024-12-19,05:15,December,Winter,Inverted-V,93,10.05,23.23,18.48,85.39,0.01,68.31,0.01,0.84,0.67
2024-12-19,05:30,December,Winter,Inverted-V,93,20.1,23.37,18.87,85.27,0.03,68.22,0.02,1.68,0.67
2024-12-19,05:45,December,Winter,Inverted-V,93,30.15,23.5,19.25,85.15,0.04,68.12,0.04,2.52,0.67
2024-12-19,06:00,December,Winter,Inverted-V,93,40.2,23.63,19.63,85.03,0.06,68.02,0.05,3.36,0.67
2024-12-19,06:15,December,Winter,Inverted-V,93,79.32,24.21,21.19,84.53,0.12,67.63,0.1,6.61,0.67
2024-12-19,06:30,December,Winter,Inverted-V,93,118.43,24.79,22.75,84.04,0.17,67.23,0.15,9.82,0.67
2024-12-19,06:45,December,Winter,Inverted-V,93,157.55,25.37,24.31,83.55,0.23,66.84,0.19,13.01,0.67
2024-12-19,07:00,December,Winter,Inverted-V,93,196.67,25.95,25.87,83.05,0.29,66.44,0.24,16.17,0.67
2024-12-19,07:15,December,Winter,Inverted-V,93,248.29,26.4,27.6,82.5,0.37,66.0,0.31,20.31,0.67
2024-12-19,07:30,December,Winter,Inverted-V,93,299.92,26.84,29.34,81.95,0.44,65.56,0.37,24.41,0.67
2024-12-19,07:45,December,Winter,Inverted-V,93,351.54,27.29,31.08,81.4,0.52,65.12,0.44,28.47,0.67
2024-12-19,08:00,December,Winter,Inverted-V,93,403.16,27.74,32.82,80.85,0.6,64.68,0.5,32.49,0.67
2024-12-19,08:15,December,Winter,Inverted-V,93,453.69,28.04,34.38,80.36,0.68,64.29,0.57,36.39,0.67
2024-12-19,08:30,December,Winter,Inverted-V,93,504.21,28.33,35.94,79.87,0.75,63.89,0.63,40.26,0.67
2024-12-19,08:45,December,Winter,Inverted-V,93,554.73,28.62,37.49,79.37,0.83,63.5,0.69,44.09,0.67
2024-12-19,09:00,December,Winter,Inverted-V,93,605.25,28.92,39.05,78.88,0.91,63.1,0.76,47.88,0.67
2024-12-19,09:15,December,Winter,Inverted-V,93,633.79,29.16,40.01,78.58,0.95,62.86,0.8,49.99,0.67
2024-12-19,09:30,December,Winter,Inverted-V,93,662.32,29.41,40.97,78.27,0.99,62.62,0.83,52.09,0.67
2024-12-19,09:45,December,Winter,Inverted-V,93,690.85,29.66,41.93,77.97,1.04,62.37,0.87,54.17,0.67
2024-12-19,10:00,December,Winter,Inverted-V,93,719.39,29.9,42.88,77.66,1.08,62.13,0.91,56.24,0.67
2024-12-19,10:15,December,Winter,Inverted-V,93,744.53,30.07,43.68,77.41,1.12,61.93,0.94,58.06,0.67
2024-12-19,10:30,December,Winter,Inverted-V,93,769.67,30.23,44.48,77.16,1.16,61.73,0.97,59.87,0.67
2024-12-19,10:45,December,Winter,Inverted-V,93,794.82,30.4,45.27,76.91,1.2,61.53,1.0,61.68,0.67
2024-12-19,11:00,December,Winter,Inverted-V,93,819.96,30.57,46.07,76.66,1.24,61.33,1.03,63.47,0.67
2024-12-19,11:15,December,Winter,Inverted-V,93,815.55,30.68,46.07,76.66,1.23,61.32,1.03,63.13,0.67
2024-12-19,11:30,December,Winter,Inverted-V,93,811.14,30.8,46.07,76.66,1.22,61.32,1.02,62.79,0.67
2024-12-19,11:45,December,Winter,Inverted-V,93,806.74,30.91,46.08,76.65,1.22,61.32,1.02,62.44,0.67
2024-12-19,12:00,December,Winter,Inverted-V,93,802.33,31.02,46.08,76.65,1.21,61.32,1.01,62.1,0.67
2024-12-19,12:15,December,Winter,Inverted-V,93,751.24,31.02,44.8,77.06,1.13,61.65,0.95,58.38,0.67
2024-12-19,12:30,December,Winter,Inverted-V,93,700.15,31.01,43.51,77.47,1.05,61.97,0.88,54.63,0.67
2024-12-19,12:45,December,Winter,Inverted-V,93,649.06,31.0,42.23,77.87,0.97,62.3,0.82,50.84,0.67
2024-12-19,13:00,December,Winter,Inverted-V,93,597.96,31.0,40.95,78.28,0.9,62.62,0.75,47.03,0.67
2024-12-19,13:15,December,Winter,Inverted-V,93,563.38,30.93,40.02,78.57,0.84,62.86,0.71,44.43,0.67
2024-12-19,13:30,December,Winter,Inverted-V,93,528.8,30.87,39.09,78.87,0.79,63.09,0.66,41.82,0.67
2024-12-19,13:45,December,Winter,Inverted-V,93,494.21,30.8,38.16,79.16,0.74,63.33,0.62,39.2,0.67
2024-12-19,14:00,December,Winter,Inverted-V,93,459.63,30.74,37.23,79.46,0.69,63.56,0.58,36.56,0.67
2024-12-19,14:15,December,Winter,Inverted-V,93,416.49,30.64,36.05,79.83,0.62,63.86,0.52,33.24,0.67
2024-12-19,14:30,December,Winter,Inverted-V,93,373.36,30.55,34.88,80.2,0.56,64.16,0.47,29.9,0.67
2024-12-19,14:45,December,Winter,Inverted-V,93,330.23,30.45,33.7,80.57,0.49,64.46,0.41,26.54,0.67
2024-12-19,15:00,December,Winter,Inverted-V,93,287.1,30.35,32.53,80.94,0.43,64.76,0.36,23.15,0.67
2024-12-19,15:15,December,Winter,Inverted-V,93,246.3,30.21,31.37,81.31,0.37,65.05,0.31,19.93,0.67
2024-12-19,15:30,December,Winter,Inverted-V,93,205.51,30.07,30.21,81.68,0.3,65.34,0.26,16.69,0.67
2024-12-19,15:45,December,Winter,Inverted-V,93,164.72,29.93,29.05,82.05,0.24,65.64,0.2,13.42,0.67
2024-12-19,16:00,December,Winter,Inverted-V,93,123.93,29.79,27.89,82.41,0.18,65.93,0.15,10.13,0.67
2024-12-19,16:15,December,Winter,Inverted-V,93,95.32,29.38,26.76,82.77,0.14,66.22,0.12,7.82,0.67
2024-12-19,16:30,December,Winter,Inverted-V,93,66.72,28.96,25.63,83.13,0.1,66.5,0.08,5.49,0.67
2024-12-19,16:45,December,Winter,Inverted-V,93,38.11,28.55,24.51,83.48,0.06,66.79,0.05,3.14,0.67
2024-12-19,17:00,December,Winter,Inverted-V,93,9.5,28.14,23.38,83.84,0.01,67.07,0.01,0.79,0.67
2024-12-19,17:15,December,Winter,Inverted-V,93,7.13,27.86,23.04,83.95,0.01,67.16,0.01,0.59,0.67
2024-12-20,05:15,December,Winter,Inverted-V,93,12.66,23.28,18.6,85.35,0.02,68.28,0.02,1.06,0.67
2024-12-20,05:30,December,Winter,Inverted-V,93,25.32,23.41,19.04,85.22,0.04,68.17,0.03,2.12,0.67
2024-12-20,05:45,December,Winter,Inverted-V,93,37.97,23.53,19.48,85.08,0.06,68.06,0.05,3.18,0.67
2024-12-20,06:00,December,Winter,Inverted-V,93,50.63,23.65,19.92,84.94,0.07,67.95,0.06,4.23,0.67
2024-12-20,06:15,December,Winter,Inverted-V,93,103.89,24.03,21.63,84.4,0.15,67.52,0.13,8.64,0.67
2024-12-20,06:30,December,Winter,Inverted-V,93,157.14,24.41,23.34,83.85,0.23,67.08,0.19,13.01,0.67
2024-12-20,06:45,December,Winter,Inverted-V,93,210.39,24.79,25.05,83.31,0.31,66.65,0.26,17.34,0.67
2024-12-20,07:00,December,Winter,Inverted-V,93,263.65,25.17,26.76,82.77,0.39,66.22,0.33,21.62,0.67
2024-12-20,07:15,December,Winter,Inverted-V,93,324.92,25.73,28.85,82.11,0.48,65.69,0.4,26.48,0.67
2024-12-20,07:30,December,Winter,Inverted-V,93,386.19,26.29,30.94,81.45,0.57,65.16,0.48,31.29,0.67
2024-12-20,07:45,December,Winter,Inverted-V,93,447.46,26.84,33.03,80.79,0.67,64.63,0.56,36.04,0.67
2024-12-20,08:00,December,Winter,Inverted-V,93,508.73,27.4,35.12,80.12,0.76,64.1,0.64,40.72,0.67
2024-12-20,08:15,December,Winter,Inverted-V,93,557.47,27.8,36.74,79.61,0.83,63.69,0.7,44.4,0.67
2024-12-20,08:30,December,Winter,Inverted-V,93,606.2,28.21,38.37,79.1,0.91,63.28,0.76,48.05,0.67
2024-12-20,08:45,December,Winter,Inverted-V,93,654.94,28.61,39.99,78.58,0.98,62.87,0.82,51.66,0.67
2024-12-20,09:00,December,Winter,Inverted-V,93,703.67,29.02,41.61,78.07,1.06,62.45,0.88,55.23,0.67
2024-12-20,09:15,December,Winter,Inverted-V,93,735.44,29.28,42.67,77.73,1.1,62.19,0.93,57.53,0.67
2024-12-20,09:30,December,Winter,Inverted-V,93,767.21,29.55,43.73,77.4,1.15,61.92,0.97,59.82,0.67
2024-12-20,09:45,December,Winter,Inverted-V,93,798.97,29.81,44.78,77.06,1.2,61.65,1.01,62.09,0.67
2024-12-20,10:00,December,Winter,Inverted-V,93,830.74,30.07,45.84,76.73,1.25,61.38,1.05,64.35,0.67
2024-12-20,10:15,December,Winter,Inverted-V,93,843.05,30.25,46.33,76.58,1.27,61.26,1.06,65.2,0.67
2024-12-20,10:30,December,Winter,Inverted-V,93,855.36,30.43,46.81,76.42,1.29,61.14,1.08,66.05,0.67
2024-12-20,10:45,December,Winter,Inverted-V,93,867.67,30.61,47.3,76.27,1.31,61.01,1.1,66.9,0.67
2024-12-20,11:00,December,Winter,Inverted-V,93,879.98,30.79,47.79,76.11,1.33,60.89,1.11,67.74,0.67
2024-12-20,11:15,December,Winter,Inverted-V,93,862.55,30.91,47.47,76.21,1.3,60.97,1.09,66.47,0.67
2024-12-20,11:30,December,Winter,Inverted-V,93,845.11,31.02,47.15,76.31,1.28,61.05,1.07,65.19,0.67
2024-12-20,11:45,December,Winter,Inverted-V,93,827.67,31.14,46.83,76.41,1.25,61.13,1.05,63.91,0.67
2024-12-20,12:00,December,Winter,Inverted-V,93,810.24,31.26,46.52,76.52,1.22,61.21,1.02,62.63,0.67
2024-12-20,12:15,December,Winter,Inverted-V,93,774.13,31.31,45.66,76.79,1.17,61.43,0.98,60.0,0.67
2024-12-20,12:30,December,Winter,Inverted-V,93,738.03,31.36,44.81,77.06,1.11,61.64,0.93,57.35,0.67
2024-12-20,12:45,December,Winter,Inverted-V,93,701.92,31.41,43.96,77.32,1.06,61.86,0.88,54.69,0.67
2024-12-20,13:00,December,Winter,Inverted-V,93,665.82,31.46,43.11,77.59,1.0,62.08,0.84,52.02,0.67
2024-12-20,13:15,December,Winter,Inverted-V,93,637.78,31.41,42.36,77.83,0.96,62.26,0.8,49.94,0.67
2024-12-20,13:30,December,Winter,Inverted-V,93,609.74,31.37,41.61,78.07,0.91,62.45,0.77,47.86,0.67
2024-12-20,13:45,December,Winter,Inverted-V,93,581.7,31.33,40.87,78.3,0.87,62.64,0.73,45.76,0.67
2024-12-20,14:00,December,Winter,Inverted-V,93,553.66,31.28,40.12,78.54,0.83,62.83,0.69,43.65,0.67
2024-12-20,14:15,December,Winter,Inverted-V,93,499.83,31.17,38.67,79.0,0.75,63.2,0.63,39.58,0.67
2024-12-20,14:30,December,Winter,Inverted-V,93,446.0,31.07,37.21,79.46,0.67,63.57,0.56,35.47,0.67
2024-12-20,14:45,December,Winter,Inverted-V,93,392.16,30.96,35.76,79.92,0.59,63.94,0.49,31.33,0.67
2024-12-20,15:00,December,Winter,Inverted-V,93,338.33,30.85,34.31,80.38,0.5,64.3,0.42,27.14,0.67
2024-12-20,15:15,December,Winter,Inverted-V,93,286.51,30.69,32.85,80.84,0.43,64.67,0.36,23.09,0.67
2024-12-20,15:30,December,Winter,Inverted-V,93,234.69,30.52,31.39,81.31,0.35,65.04,0.29,18.99,0.67
2024-12-20,15:45,December,Winter,Inverted-V,93,182.88,30.36,29.93,81.77,0.27,65.41,0.23,14.86,0.67
2024-12-20,16:00,December,Winter,Inverted-V,93,131.06,30.19,28.47,82.23,0.19,65.78,0.16,10.69,0.67
2024-12-20,16:15,December,Winter,Inverted-V,93,100.57,29.7,27.21,82.63,0.15,66.1,0.12,8.24,0.67
2024-12-20,16:30,December,Winter,Inverted-V,93,70.08,29.2,25.96,83.02,0.1,66.42,0.09,5.76,0.67
2024-12-20,16:45,December,Winter,Inverted-V,93,39.59,28.71,24.7,83.42,0.06,66.74,0.05,3.27,0.67
2024-12-20,17:00,December,Winter,Inverted-V,93,9.1,28.22,23.45,83.82,0.01,67.06,0.01,0.75,0.67
2024-12-20,17:15,December,Winter,Inverted-V,93,6.83,27.93,23.1,83.93,0.01,67.14,0.01,0.57,0.67
2024-12-21,05:15,December,Winter,Inverted-V,93,10.56,23.3,18.57,85.36,0.02,68.29,0.01,0.89,0.67
2024-12-21,05:30,December,Winter,Inverted-V,93,21.12,23.41,18.94,85.25,0.03,68.2,0.03,1.77,0.67
2024-12-21,05:45,December,Winter,Inverted-V,93,31.69,23.52,19.31,85.13,0.05,68.1,0.04,2.65,0.67
2024-12-21,06:00,December,Winter,Inverted-V,93,42.25,23.62,19.68,85.01,0.06,68.01,0.05,3.53,0.67
2024-12-21,06:15,December,Winter,Inverted-V,93,89.1,23.93,21.16,84.54,0.13,67.64,0.11,7.42,0.67
2024-12-21,06:30,December,Winter,Inverted-V,93,135.96,24.24,22.64,84.08,0.2,67.26,0.17,11.28,0.67
2024-12-21,06:45,December,Winter,Inverted-V,93,182.81,24.55,24.12,83.61,0.27,66.89,0.23,15.1,0.67
2024-12-21,07:00,December,Winter,Inverted-V,93,229.66,24.86,25.6,83.14,0.34,66.51,0.28,18.89,0.67
2024-12-21,07:15,December,Winter,Inverted-V,93,291.44,25.2,27.49,82.54,0.43,66.03,0.36,23.85,0.67
2024-12-21,07:30,December,Winter,Inverted-V,93,353.21,25.55,29.38,81.94,0.52,65.55,0.44,28.75,0.67
2024-12-21,07:45,December,Winter,Inverted-V,93,414.99,25.89,31.26,81.35,0.62,65.08,0.52,33.59,0.67
2024-12-21,08:00,December,Winter,Inverted-V,93,476.77,26.23,33.15,80.75,0.71,64.6,0.59,38.38,0.67
2024-12-21,08:15,December,Winter,Inverted-V,93,521.22,26.78,34.81,80.22,0.78,64.18,0.65,41.76,0.67
2024-12-21,08:30,December,Winter,Inverted-V,93,565.68,27.33,36.47,79.7,0.84,63.76,0.71,45.09,0.67
2024-12-21,08:45,December,Winter,Inverted-V,93,610.13,27.87,38.13,79.17,0.91,63.34,0.76,48.4,0.67
2024-12-21,09:00,December,Winter,Inverted-V,93,654.59,28.42,39.78,78.65,0.98,62.92,0.82,51.66,0.67
2024-12-21,09:15,December,Winter,Inverted-V,93,691.25,28.75,41.03,78.25,1.04,62.6,0.87,54.35,0.67
2024-12-21,09:30,December,Winter,Inverted-V,93,727.92,29.09,42.28,77.86,1.09,62.28,0.92,57.01,0.67
2024-12-21,09:45,December,Winter,Inverted-V,93,764.59,29.42,43.53,77.46,1.15,61.97,0.96,59.65,0.67
2024-12-21,10:00,December,Winter,Inverted-V,93,801.25,29.75,44.78,77.06,1.21,61.65,1.01,62.27,0.67
2024-12-21,10:15,December,Winter,Inverted-V,93,816.44,29.92,45.33,76.89,1.23,61.51,1.03,63.34,0.67
2024-12-21,10:30,December,Winter,Inverted-V,93,831.64,30.09,45.89,76.71,1.25,61.37,1.05,64.41,0.67
2024-12-21,10:45,December,Winter,Inverted-V,93,846.83,30.27,46.44,76.54,1.28,61.23,1.07,65.47,0.67
2024-12-21,11:00,December,Winter,Inverted-V,93,862.02,30.44,46.99,76.36,1.3,61.09,1.09,66.53,0.67
2024-12-21,11:15,December,Winter,Inverted-V,93,843.23,30.53,46.61,76.49,1.27,61.19,1.06,65.16,0.67
2024-12-21,11:30,December,Winter,Inverted-V,93,824.43,30.61,46.22,76.61,1.24,61.29,1.04,63.78,0.67
2024-12-21,11:45,December,Winter,Inverted-V,93,805.63,30.7,45.84,76.73,1.21,61.38,1.02,62.41,0.67
2024-12-21,12:00,December,Winter,Inverted-V,93,786.83,30.78,45.45,76.85,1.19,61.48,0.99,61.02,0.67
2024-12-21,12:15,December,Winter,Inverted-V,93,761.44,30.8,44.83,77.05,1.15,61.64,0.96,59.17,0.67
2024-12-21,12:30,December,Winter,Inverted-V,93,736.05,30.82,44.22,77.24,1.11,61.79,0.93,57.31,0.67
2024-12-21,12:45,December,Winter,Inverted-V,93,710.65,30.83,43.6,77.44,1.07,61.95,0.89,55.43,0.67
2024-12-21,13:00,December,Winter,Inverted-V,93,685.26,30.85,42.98,77.63,1.03,62.11,0.86,53.56,0.67
2024-12-21,13:15,December,Winter,Inverted-V,93,633.7,30.8,41.64,78.06,0.95,62.45,0.8,49.73,0.67
2024-12-21,13:30,December,Winter,Inverted-V,93,582.13,30.76,40.31,78.48,0.87,62.78,0.73,45.87,0.67
2024-12-21,13:45,December,Winter,Inverted-V,93,530.57,30.71,38.97,78.9,0.79,63.12,0.67,41.98,0.67
2024-12-21,14:00,December,Winter,Inverted-V,93,479.0,30.66,37.64,79.33,0.72,63.46,0.6,38.05,0.67
2024-12-21,14:15,December,Winter,Inverted-V,93,434.94,30.6,36.47,79.7,0.65,63.76,0.54,34.67,0.67
2024-12-21,14:30,December,Winter,Inverted-V,93,390.88,30.54,35.31,80.06,0.58,64.05,0.49,31.27,0.67
2024-12-21,14:45,December,Winter,Inverted-V,93,346.82,30.47,34.14,80.43,0.52,64.35,0.43,27.84,0.67
2024-12-21,15:00,December,Winter,Inverted-V,93,302.76,30.41,32.98,80.8,0.45,64.64,0.38,24.39,0.67
2024-12-21,15:15,December,Winter,Inverted-V,93,257.97,30.2,31.65,81.22,0.38,64.98,0.32,20.86,0.67
2024-12-21,15:30,December,Winter,Inverted-V,93,213.19,30.0,30.33,81.64,0.32,65.31,0.26,17.3,0.67
2024-12-21,15:45,December,Winter,Inverted-V,93,168.41,29.8,29.01,82.06,0.25,65.65,0.21,13.72,0.67
2024-12-21,16:00,December,Winter,Inverted-V,93,123.63,29.59,27.68,82.48,0.18,65.98,0.15,10.11,0.67
2024-12-21,16:15,December,Winter,Inverted-V,93,95.31,29.2,26.58,82.83,0.14,66.26,0.12,7.82,0.67
2024-12-21,16:30,December,Winter,Inverted-V,93,67.0,28.8,25.47,83.18,0.1,66.54,0.08,5.51,0.67
2024-12-21,16:45,December,Winter,Inverted-V,93,38.68,28.41,24.37,83.53,0.06,66.82,0.05,3.19,0.67
2024-12-21,17:00,December,Winter,Inverted-V,93,10.37,28.01,23.27,83.88,0.02,67.1,0.01,0.86,0.67
2024-12-21,17:15,December,Winter,Inverted-V,93,7.78,27.79,22.98,83.97,0.01,67.17,0.01,0.64,0.67
2024-12-22,05:15,December,Winter,Inverted-V,93,9.54,24.02,19.26,85.15,0.01,68.12,0.01,0.8,0.67
2024-12-22,05:30,December,Winter,Inverted-V,93,19.08,24.13,19.61,85.03,0.03,68.03,0.02,1.6,0.67
2024-12-22,05:45,December,Winter,Inverted-V,93,28.62,24.25,19.96,84.92,0.04,67.94,0.04,2.39,0.67
2024-12-22,06:00,December,Winter,Inverted-V,93,38.16,24.36,20.31,84.81,0.06,67.85,0.05,3.19,0.67
2024-12-22,06:15,December,Winter,Inverted-V,93,82.08,24.76,21.81,84.34,0.12,67.47,0.1,6.82,0.67
2024-12-22,06:30,December,Winter,Inverted-V,93,126.0,25.16,23.3,83.86,0.19,67.09,0.16,10.43,0.67
2024-12-22,06:45,December,Winter,Inverted-V,93,169.92,25.55,24.8,83.39,0.25,66.71,0.21,14.01,0.67
2024-12-22,07:00,December,Winter,Inverted-V,93,213.84,25.95,26.3,82.92,0.32,66.33,0.26,17.56,0.67
2024-12-22,07:15,December,Winter,Inverted-V,93,268.14,26.36,28.06,82.36,0.4,65.89,0.33,21.91,0.67
2024-12-22,07:30,December,Winter,Inverted-V,93,322.43,26.76,29.82,81.8,0.48,65.44,0.4,26.21,0.67
2024-12-22,07:45,December,Winter,Inverted-V,93,376.73,27.16,31.58,81.24,0.56,64.99,0.47,30.47,0.67
2024-12-22,08:00,December,Winter,Inverted-V,93,431.03,27.57,33.35,80.69,0.64,64.55,0.54,34.68,0.67
2024-12-22,08:15,December,Winter,Inverted-V,93,476.46,27.77,34.69,80.26,0.71,64.21,0.59,38.18,0.67
2024-12-22,08:30,December,Winter,Inverted-V,93,521.88,27.98,36.03,79.84,0.78,63.87,0.65,41.66,0.67
2024-12-22,08:45,December,Winter,Inverted-V,93,567.31,28.19,37.37,79.41,0.85,63.53,0.71,45.1,0.67
2024-12-22,09:00,December,Winter,Inverted-V,93,612.74,28.39,38.71,78.99,0.92,63.19,0.77,48.52,0.67
2024-12-22,09:15,December,Winter,Inverted-V,93,642.2,28.58,39.63,78.69,0.96,62.96,0.81,50.71,0.67
2024-12-22,09:30,December,Winter,Inverted-V,93,671.65,28.77,40.56,78.4,1.01,62.72,0.84,52.89,0.67
2024-12-22,09:45,December,Winter,Inverted-V,93,701.11,28.95,41.48,78.11,1.05,62.49,0.88,55.05,0.67
2024-12-22,10:00,December,Winter,Inverted-V,93,730.57,29.14,42.4,77.82,1.1,62.25,0.92,57.2,0.67
2024-12-22,10:15,December,Winter,Inverted-V,93,719.73,29.22,42.21,77.88,1.08,62.3,0.91,56.38,0.67
2024-12-22,10:30,December,Winter,Inverted-V,93,708.9,29.3,42.02,77.94,1.06,62.35,0.89,55.57,0.67
2024-12-22,10:45,December,Winter,Inverted-V,93,698.07,29.38,41.83,78.0,1.05,62.4,0.88,54.75,0.67
2024-12-22,11:00,December,Winter,Inverted-V,93,687.24,29.46,41.64,78.06,1.03,62.45,0.86,53.93,0.67
2024-12-22,11:15,December,Winter,Inverted-V,93,690.87,29.49,41.76,78.02,1.04,62.42,0.87,54.2,0.67
2024-12-22,11:30,December,Winter,Inverted-V,93,694.51,29.52,41.88,77.98,1.04,62.39,0.87,54.46,0.67
2024-12-22,11:45,December,Winter,Inverted-V,93,698.15,29.54,42.0,77.95,1.05,62.36,0.88,54.73,0.67
2024-12-22,12:00,December,Winter,Inverted-V,93,701.78,29.57,42.11,77.91,1.05,62.33,0.88,54.99,0.67
2024-12-22,12:15,December,Winter,Inverted-V,93,674.19,29.53,41.38,78.14,1.01,62.51,0.85,52.95,0.67
2024-12-22,12:30,December,Winter,Inverted-V,93,646.6,29.49,40.65,78.37,0.97,62.7,0.81,50.9,0.67
2024-12-22,12:45,December,Winter,Inverted-V,93,619.0,29.45,39.93,78.6,0.93,62.88,0.78,48.83,0.67
2024-12-22,13:00,December,Winter,Inverted-V,93,591.41,29.41,39.2,78.83,0.89,63.07,0.74,46.76,0.67
2024-12-22,13:15,December,Winter,Inverted-V,93,572.32,29.26,38.57,79.03,0.86,63.23,0.72,45.34,0.67
2024-12-22,13:30,December,Winter,Inverted-V,93,553.24,29.11,37.94,79.23,0.83,63.39,0.69,43.91,0.67
2024-12-22,13:45,December,Winter,Inverted-V,93,534.16,28.95,37.31,79.43,0.8,63.54,0.67,42.48,0.67
2024-12-22,14:00,December,Winter,Inverted-V,93,515.07,28.8,36.68,79.63,0.77,63.7,0.64,41.03,0.67
2024-12-22,14:15,December,Winter,Inverted-V,93,469.21,28.59,35.32,80.06,0.7,64.05,0.59,37.53,0.67
2024-12-22,14:30,December,Winter,Inverted-V,93,423.34,28.38,33.96,80.49,0.63,64.39,0.53,34.0,0.67
2024-12-22,14:45,December,Winter,Inverted-V,93,377.48,28.16,32.6,80.92,0.56,64.74,0.47,30.44,0.67
2024-12-22,15:00,December,Winter,Inverted-V,93,331.61,27.95,31.24,81.35,0.49,65.08,0.41,26.85,0.67
2024-12-22,15:15,December,Winter,Inverted-V,93,282.34,27.69,29.75,81.83,0.42,65.46,0.35,22.96,0.67
2024-12-22,15:30,December,Winter,Inverted-V,93,233.07,27.42,28.25,82.3,0.35,65.84,0.29,19.03,0.67
2024-12-22,15:45,December,Winter,Inverted-V,93,183.81,27.16,26.76,82.77,0.27,66.22,0.23,15.07,0.67
2024-12-22,16:00,December,Winter,Inverted-V,93,134.54,26.9,25.26,83.24,0.2,66.6,0.17,11.08,0.67
2024-12-22,16:15,December,Winter,Inverted-V,93,103.66,26.58,24.17,83.59,0.15,66.87,0.13,8.56,0.67
2024-12-22,16:30,December,Winter,Inverted-V,93,72.79,26.25,23.07,83.94,0.11,67.15,0.09,6.03,0.67
2024-12-22,16:45,December,Winter,Inverted-V,93,41.92,25.93,21.98,84.28,0.06,67.43,0.05,3.48,0.67
2024-12-22,17:00,December,Winter,Inverted-V,93,11.05,25.61,20.89,84.63,0.02,67.7,0.01,0.92,0.67
2024-12-22,17:15,December,Winter,Inverted-V,93,8.29,25.44,20.65,84.71,0.01,67.76,0.01,0.69,0.67
2024-12-22,17:30,December,Winter,Inverted-V,93,5.52,25.27,20.41,84.78,0.01,67.82,0.01,0.46,0.67
2024-12-23,05:15,December,Winter,Inverted-V,93,9.82,22.62,17.86,85.59,0.01,68.47,0.01,0.83,0.67
2024-12-23,05:30,December,Winter,Inverted-V,93,19.65,22.77,18.27,85.46,0.03,68.37,0.02,1.65,0.67
2024-12-23,05:45,December,Winter,Inverted-V,93,29.47,22.93,18.67,85.33,0.04,68.27,0.04,2.47,0.67
2024-12-23,06:00,December,Winter,Inverted-V,93,39.29,23.09,19.07,85.2,0.06,68.16,0.05,3.29,0.67
2024-12-23,06:15,December,Winter,Inverted-V,93,83.52,23.42,20.51,84.75,0.12,67.8,0.1,6.97,0.67
2024-12-23,06:30,December,Winter,Inverted-V,93,127.75,23.76,21.95,84.29,0.19,67.44,0.16,10.62,0.67
2024-12-23,06:45,December,Winter,Inverted-V,93,171.98,24.09,23.39,83.84,0.25,67.07,0.21,14.24,0.67
2024-12-23,07:00,December,Winter,Inverted-V,93,216.22,24.42,24.83,83.38,0.32,66.71,0.27,17.83,0.67
2024-12-23,07:15,December,Winter,Inverted-V,93,271.06,24.78,26.55,82.84,0.4,66.27,0.34,22.24,0.67
2024-12-23,07:30,December,Winter,Inverted-V,93,325.91,25.13,28.28,82.29,0.48,65.83,0.4,26.61,0.67
2024-12-23,07:45,December,Winter,Inverted-V,93,380.75,25.48,30.0,81.74,0.56,65.39,0.47,30.93,0.67
2024-12-23,08:00,December,Winter,Inverted-V,93,435.6,25.84,31.73,81.2,0.65,64.96,0.54,35.21,0.67
2024-12-23,08:15,December,Winter,Inverted-V,93,487.06,26.21,33.39,80.67,0.72,64.54,0.61,39.18,0.67
2024-12-23,08:30,December,Winter,Inverted-V,93,538.51,26.58,35.04,80.15,0.8,64.12,0.67,43.11,0.67
2024-12-23,08:45,December,Winter,Inverted-V,93,589.97,26.95,36.7,79.62,0.88,63.7,0.74,47.0,0.67
2024-12-23,09:00,December,Winter,Inverted-V,93,641.43,27.32,38.36,79.1,0.96,63.28,0.8,50.84,0.67
2024-12-23,09:15,December,Winter,Inverted-V,93,677.47,27.6,39.54,78.72,1.01,62.98,0.85,53.51,0.67
2024-12-23,09:30,December,Winter,Inverted-V,93,713.5,27.88,40.72,78.35,1.07,62.68,0.9,56.15,0.67
2024-12-23,09:45,December,Winter,Inverted-V,93,749.54,28.17,41.91,77.97,1.13,62.38,0.94,58.77,0.67
2024-12-23,10:00,December,Winter,Inverted-V,93,785.57,28.45,43.09,77.6,1.18,62.08,0.99,61.38,0.67
2024-12-23,10:15,December,Winter,Inverted-V,93,789.13,28.63,43.36,77.51,1.19,62.01,0.99,61.6,0.67
2024-12-23,10:30,December,Winter,Inverted-V,93,792.68,28.82,43.64,77.43,1.19,61.94,1.0,61.83,0.67
2024-12-23,10:45,December,Winter,Inverted-V,93,796.24,29.01,43.91,77.34,1.2,61.87,1.0,62.05,0.67
2024-12-23,11:00,December,Winter,Inverted-V,93,799.79,29.19,44.18,77.25,1.2,61.8,1.01,62.27,0.67
2024-12-23,11:15,December,Winter,Inverted-V,93,809.99,29.31,44.56,77.13,1.22,61.71,1.02,62.99,0.67
2024-12-23,11:30,December,Winter,Inverted-V,93,820.18,29.43,44.93,77.02,1.23,61.61,1.03,63.71,0.67
2024-12-23,11:45,December,Winter,Inverted-V,93,830.37,29.55,45.31,76.9,1.25,61.52,1.05,64.43,0.67
2024-12-23,12:00,December,Winter,Inverted-V,93,840.56,29.67,45.68,76.78,1.27,61.42,1.06,65.14,0.67
2024-12-23,12:15,December,Winter,Inverted-V,93,811.44,29.74,45.03,76.99,1.22,61.59,1.02,63.01,0.67
2024-12-23,12:30,December,Winter,Inverted-V,93,782.31,29.81,44.37,77.2,1.18,61.76,0.99,60.88,0.67
2024-12-23,12:45,December,Winter,Inverted-V,93,753.18,29.88,43.71,77.4,1.13,61.92,0.95,58.73,0.67
2024-12-23,13:00,December,Winter,Inverted-V,93,724.05,29.95,43.05,77.61,1.09,62.09,0.91,56.58,0.67
2024-12-23,13:15,December,Winter,Inverted-V,93,687.31,29.93,42.11,77.91,1.03,62.33,0.86,53.86,0.67
2024-12-23,13:30,December,Winter,Inverted-V,93,650.58,29.91,41.17,78.21,0.98,62.57,0.82,51.13,0.67
2024-12-23,13:45,December,Winter,Inverted-V,93,613.84,29.89,40.24,78.5,0.92,62.8,0.77,48.38,0.67
2024-12-23,14:00,December,Winter,Inverted-V,93,577.1,29.87,39.3,78.8,0.86,63.04,0.72,45.61,0.67
2024-12-23,14:15,December,Winter,Inverted-V,93,540.98,29.78,38.31,79.11,0.81,63.29,0.68,42.89,0.67
2024-12-23,14:30,December,Winter,Inverted-V,93,504.86,29.7,37.32,79.43,0.75,63.54,0.63,40.14,0.67
2024-12-23,14:45,December,Winter,Inverted-V,93,468.74,29.61,36.33,79.74,0.7,63.79,0.59,37.38,0.67
2024-12-23,15:00,December,Winter,Inverted-V,93,432.63,29.52,35.34,80.06,0.65,64.04,0.54,34.6,0.67
2024-12-23,15:15,December,Winter,Inverted-V,93,372.76,29.36,33.68,80.58,0.55,64.46,0.46,29.96,0.67
2024-12-23,15:30,December,Winter,Inverted-V,93,312.89,29.2,32.02,81.11,0.47,64.88,0.39,25.27,0.67
2024-12-23,15:45,December,Winter,Inverted-V,93,253.03,29.03,30.36,81.63,0.38,65.31,0.31,20.54,0.67
2024-12-23,16:00,December,Winter,Inverted-V,93,193.16,28.87,28.7,82.16,0.29,65.73,0.24,15.75,0.67
2024-12-23,16:15,December,Winter,Inverted-V,93,148.79,28.45,27.17,82.64,0.22,66.11,0.18,12.19,0.67
2024-12-23,16:30,December,Winter,Inverted-V,93,104.42,28.03,25.64,83.13,0.15,66.5,0.13,8.59,0.67
2024-12-23,16:45,December,Winter,Inverted-V,93,60.05,27.61,24.11,83.61,0.09,66.89,0.07,4.96,0.67
2024-12-23,17:00,December,Winter,Inverted-V,93,15.68,27.19,22.58,84.09,0.02,67.27,0.02,1.3,0.67
2024-12-23,17:15,December,Winter,Inverted-V,93,11.76,26.87,22.16,84.23,0.02,67.38,0.01,0.98,0.67
2024-12-23,17:30,December,Winter,Inverted-V,93,7.84,26.55,21.75,84.36,0.01,67.49,0.01,0.65,0.67
2024-12-24,05:15,December,Winter,Inverted-V,93,13.85,21.99,17.34,85.75,0.02,68.6,0.02,1.17,0.67
2024-12-24,05:30,December,Winter,Inverted-V,93,27.69,22.12,17.82,85.6,0.04,68.48,0.03,2.33,0.67
2024-12-24,05:45,December,Winter,Inverted-V,93,41.54,22.26,18.3,85.45,0.06,68.36,0.05,3.49,0.67
2024-12-24,06:00,December,Winter,Inverted-V,93,55.38,22.39,18.77,85.3,0.08,68.24,0.07,4.64,0.67
2024-12-24,06:15,December,Winter,Inverted-V,93,110.82,22.82,20.59,84.72,0.16,67.78,0.14,9.24,0.67
2024-12-24,06:30,December,Winter,Inverted-V,93,166.26,23.26,22.41,84.15,0.24,67.32,0.2,13.8,0.67
2024-12-24,06:45,December,Winter,Inverted-V,93,221.69,23.69,24.23,83.57,0.33,66.86,0.27,18.31,0.67
2024-12-24,07:00,December,Winter,Inverted-V,93,277.13,24.12,26.05,83.0,0.41,66.4,0.34,22.77,0.67
2024-12-24,07:15,December,Winter,Inverted-V,93,320.2,24.58,27.58,82.51,0.47,66.01,0.4,26.19,0.67
2024-12-24,07:30,December,Winter,Inverted-V,93,363.27,25.04,29.12,82.02,0.54,65.62,0.45,29.59,0.67
2024-12-24,07:45,December,Winter,Inverted-V,93,406.34,25.5,30.66,81.54,0.6,65.23,0.51,32.95,0.67
2024-12-24,08:00,December,Winter,Inverted-V,93,449.41,25.96,32.2,81.05,0.67,64.84,0.56,36.28,0.67
2024-12-24,08:15,December,Winter,Inverted-V,93,495.29,26.34,33.73,80.56,0.74,64.45,0.62,39.81,0.67
2024-12-24,08:30,December,Winter,Inverted-V,93,541.17,26.73,35.26,80.08,0.81,64.06,0.68,43.3,0.67
2024-12-24,08:45,December,Winter,Inverted-V,93,587.05,27.12,36.79,79.59,0.88,63.68,0.73,46.75,0.67
2024-12-24,09:00,December,Winter,Inverted-V,93,632.93,27.5,38.32,79.11,0.95,63.29,0.79,50.18,0.67
2024-12-24,09:15,December,Winter,Inverted-V,93,672.35,27.81,39.62,78.7,1.01,62.96,0.84,53.09,0.67
2024-12-24,09:30,December,Winter,Inverted-V,93,711.76,28.12,40.92,78.29,1.07,62.63,0.89,55.98,0.67
2024-12-24,09:45,December,Winter,Inverted-V,93,751.18,28.44,42.22,77.88,1.13,62.3,0.94,58.85,0.67
2024-12-24,10:00,December,Winter,Inverted-V,93,790.59,28.75,43.51,77.47,1.19,61.97,1.0,61.69,0.67
2024-12-24,10:15,December,Winter,Inverted-V,93,793.56,29.0,43.84,77.36,1.19,61.89,1.0,61.85,0.67
2024-12-24,10:30,December,Winter,Inverted-V,93,796.53,29.26,44.17,77.26,1.2,61.81,1.0,62.02,0.67
2024-12-24,10:45,December,Winter,Inverted-V,93,799.5,29.52,44.5,77.15,1.2,61.72,1.01,62.19,0.67
2024-12-24,11:00,December,Winter,Inverted-V,93,802.47,29.77,44.83,77.05,1.21,61.64,1.01,62.36,0.67
2024-12-24,11:15,December,Winter,Inverted-V,93,797.15,29.9,44.83,77.05,1.2,61.64,1.0,61.94,0.67
2024-12-24,11:30,December,Winter,Inverted-V,93,791.83,30.02,44.82,77.05,1.19,61.64,1.0,61.53,0.67
2024-12-24,11:45,December,Winter,Inverted-V,93,786.52,30.15,44.82,77.05,1.18,61.64,0.99,61.12,0.67
2024-12-24,12:00,December,Winter,Inverted-V,93,781.2,30.28,44.81,77.06,1.18,61.64,0.98,60.71,0.67
2024-12-24,12:15,December,Winter,Inverted-V,93,771.3,30.32,44.6,77.12,1.16,61.7,0.97,59.98,0.67
2024-12-24,12:30,December,Winter,Inverted-V,93,761.4,30.35,44.39,77.19,1.15,61.75,0.96,59.25,0.67
2024-12-24,12:45,December,Winter,Inverted-V,93,751.5,30.39,44.17,77.26,1.13,61.81,0.95,58.52,0.67
2024-12-24,13:00,December,Winter,Inverted-V,93,741.6,30.42,43.96,77.32,1.12,61.86,0.93,57.78,0.67
2024-12-24,13:15,December,Winter,Inverted-V,93,713.4,30.36,43.19,77.57,1.07,62.05,0.9,55.72,0.67
2024-12-24,13:30,December,Winter,Inverted-V,93,685.2,30.3,42.43,77.81,1.03,62.25,0.86,53.64,0.67
2024-12-24,13:45,December,Winter,Inverted-V,93,657.0,30.23,41.66,78.05,0.99,62.44,0.83,51.56,0.67
2024-12-24,14:00,December,Winter,Inverted-V,93,628.8,30.17,40.89,78.3,0.94,62.64,0.79,49.46,0.67
2024-12-24,14:15,December,Winter,Inverted-V,93,574.54,30.12,39.48,78.74,0.86,62.99,0.72,45.39,0.67
2024-12-24,14:30,December,Winter,Inverted-V,93,520.27,30.07,38.07,79.19,0.78,63.35,0.65,41.28,0.67
2024-12-24,14:45,December,Winter,Inverted-V,93,466.01,30.01,36.66,79.64,0.7,63.71,0.58,37.13,0.67
2024-12-24,15:00,December,Winter,Inverted-V,93,411.75,29.96,35.25,80.08,0.61,64.06,0.51,32.94,0.67
2024-12-24,15:15,December,Winter,Inverted-V,93,353.5,29.8,33.64,80.59,0.53,64.47,0.44,28.42,0.67
2024-12-24,15:30,December,Winter,Inverted-V,93,295.25,29.64,32.03,81.1,0.44,64.88,0.37,23.85,0.67
2024-12-24,15:45,December,Winter,Inverted-V,93,236.99,29.49,30.41,81.61,0.35,65.29,0.29,19.23,0.67
2024-12-24,16:00,December,Winter,Inverted-V,93,178.74,29.33,28.8,82.13,0.26,65.7,0.22,14.57,0.67
2024-12-24,16:15,December,Winter,Inverted-V,93,137.73,28.85,27.3,82.6,0.2,66.08,0.17,11.28,0.67
2024-12-24,16:30,December,Winter,Inverted-V,93,96.71,28.38,25.79,83.08,0.14,66.46,0.12,7.95,0.67
2024-12-24,16:45,December,Winter,Inverted-V,93,55.7,27.9,24.29,83.55,0.08,66.84,0.07,4.6,0.67
2024-12-24,17:00,December,Winter,Inverted-V,93,14.69,27.42,22.79,84.03,0.02,67.22,0.02,1.22,0.67
2024-12-24,17:15,December,Winter,Inverted-V,93,11.02,27.07,22.34,84.17,0.02,67.34,0.01,0.91,0.67
2024-12-24,17:30,December,Winter,Inverted-V,93,7.34,26.71,21.89,84.31,0.01,67.45,0.01,0.61,0.67
2024-12-25,05:15,December,Winter,Inverted-V,93,13.2,21.83,17.16,85.81,0.02,68.65,0.02,1.11,0.67
2024-12-25,05:30,December,Winter,Inverted-V,93,26.41,21.94,17.6,85.67,0.04,68.54,0.03,2.22,0.67
2024-12-25,05:45,December,Winter,Inverted-V,93,39.61,22.04,18.03,85.54,0.06,68.43,0.05,3.33,0.67
2024-12-25,06:00,December,Winter,Inverted-V,93,52.81,22.14,18.46,85.4,0.08,68.32,0.06,4.43,0.67
2024-12-25,06:15,December,Winter,Inverted-V,93,109.14,22.67,20.4,84.79,0.16,67.83,0.13,9.11,0.67
2024-12-25,06:30,December,Winter,Inverted-V,93,165.47,23.2,22.33,84.17,0.24,67.34,0.2,13.74,0.67
2024-12-25,06:45,December,Winter,Inverted-V,93,221.79,23.72,24.27,83.56,0.33,66.85,0.27,18.31,0.67
2024-12-25,07:00,December,Winter,Inverted-V,93,278.12,24.25,26.2,82.95,0.41,66.36,0.34,22.84,0.67
2024-12-25,07:15,December,Winter,Inverted-V,93,336.65,24.77,28.19,82.32,0.5,65.86,0.42,27.49,0.67
2024-12-25,07:30,December,Winter,Inverted-V,93,395.18,25.29,30.17,81.69,0.59,65.35,0.49,32.09,0.67
2024-12-25,07:45,December,Winter,Inverted-V,93,453.71,25.81,32.15,81.06,0.67,64.85,0.56,36.63,0.67
2024-12-25,08:00,December,Winter,Inverted-V,93,512.24,26.33,34.14,80.44,0.76,64.35,0.64,41.12,0.67
2024-12-25,08:15,December,Winter,Inverted-V,93,556.56,26.7,35.62,79.97,0.83,63.97,0.7,44.48,0.67
2024-12-25,08:30,December,Winter,Inverted-V,93,600.88,27.07,37.1,79.5,0.9,63.6,0.75,47.81,0.67
2024-12-25,08:45,December,Winter,Inverted-V,93,645.21,27.45,38.58,79.03,0.97,63.22,0.81,51.11,0.67
2024-12-25,09:00,December,Winter,Inverted-V,93,689.53,27.82,40.06,78.56,1.03,62.85,0.87,54.38,0.67
2024-12-25,09:15,December,Winter,Inverted-V,93,718.02,28.09,41.04,78.25,1.08,62.6,0.9,56.45,0.67
2024-12-25,09:30,December,Winter,Inverted-V,93,746.51,28.35,42.01,77.94,1.12,62.35,0.94,58.52,0.67
2024-12-25,09:45,December,Winter,Inverted-V,93,775.0,28.61,42.99,77.63,1.16,62.11,0.98,60.57,0.67
2024-12-25,10:00,December,Winter,Inverted-V,93,803.49,28.88,43.97,77.32,1.21,61.86,1.01,62.6,0.67
2024-12-25,10:15,December,Winter,Inverted-V,93,814.58,29.04,44.41,77.18,1.23,61.75,1.03,63.38,0.67
2024-12-25,10:30,December,Winter,Inverted-V,93,825.67,29.2,44.85,77.04,1.24,61.63,1.04,64.16,0.67
2024-12-25,10:45,December,Winter,Inverted-V,93,836.76,29.37,45.29,76.9,1.26,61.52,1.06,64.93,0.67
2024-12-25,11:00,December,Winter,Inverted-V,93,847.85,29.53,45.73,76.77,1.28,61.41,1.07,65.7,0.67
2024-12-25,11:15,December,Winter,Inverted-V,93,837.82,29.63,45.58,76.81,1.26,61.45,1.06,64.95,0.67
2024-12-25,11:30,December,Winter,Inverted-V,93,827.78,29.73,45.43,76.86,1.25,61.49,1.04,64.2,0.67
2024-12-25,11:45,December,Winter,Inverted-V,93,817.75,29.84,45.28,76.91,1.23,61.52,1.03,63.45,0.67
2024-12-25,12:00,December,Winter,Inverted-V,93,807.71,29.94,45.13,76.95,1.22,61.56,1.02,62.7,0.67
2024-12-25,12:15,December,Winter,Inverted-V,93,793.96,29.99,44.84,77.05,1.2,61.64,1.0,61.69,0.67
2024-12-25,12:30,December,Winter,Inverted-V,93,780.21,30.04,44.54,77.14,1.17,61.71,0.98,60.68,0.67
2024-12-25,12:45,December,Winter,Inverted-V,93,766.46,30.08,44.24,77.23,1.15,61.79,0.97,59.67,0.67
2024-12-25,13:00,December,Winter,Inverted-V,93,752.71,30.13,43.95,77.33,1.13,61.86,0.95,58.65,0.67
2024-12-25,13:15,December,Winter,Inverted-V,93,726.33,30.13,43.29,77.54,1.09,62.03,0.91,56.71,0.67
2024-12-25,13:30,December,Winter,Inverted-V,93,699.95,30.12,42.62,77.75,1.05,62.2,0.88,54.76,0.67
2024-12-25,13:45,December,Winter,Inverted-V,93,673.57,30.12,41.96,77.96,1.01,62.37,0.85,52.81,0.67
2024-12-25,14:00,December,Winter,Inverted-V,93,647.19,30.12,41.3,78.17,0.97,62.53,0.81,50.84,0.67
2024-12-25,14:15,December,Winter,Inverted-V,93,591.66,30.03,39.82,78.63,0.89,62.91,0.74,46.69,0.67
2024-12-25,14:30,December,Winter,Inverted-V,93,536.14,29.94,38.34,79.1,0.8,63.28,0.67,42.5,0.67
2024-12-25,14:45,December,Winter,Inverted-V,93,480.61,29.85,36.87,79.57,0.72,63.66,0.6,38.27,0.67
2024-12-25,15:00,December,Winter,Inverted-V,93,425.09,29.76,35.39,80.04,0.63,64.03,0.53,34.0,0.67
2024-12-25,15:15,December,Winter,Inverted-V,93,365.14,29.61,33.74,80.56,0.54,64.45,0.46,29.34,0.67
2024-12-25,15:30,December,Winter,Inverted-V,93,305.19,29.46,32.09,81.08,0.45,64.87,0.38,24.65,0.67
2024-12-25,15:45,December,Winter,Inverted-V,93,245.24,29.31,30.44,81.61,0.36,65.28,0.3,19.9,0.67
2024-12-25,16:00,December,Winter,Inverted-V,93,185.3,29.16,28.79,82.13,0.27,65.7,0.23,15.11,0.67
2024-12-25,16:15,December,Winter,Inverted-V,93,142.71,28.67,27.24,82.62,0.21,66.09,0.18,11.69,0.67
2024-12-25,16:30,December,Winter,Inverted-V,93,100.13,28.19,25.69,83.11,0.15,66.49,0.12,8.24,0.67
2024-12-25,16:45,December,Winter,Inverted-V,93,57.54,27.7,24.14,83.6,0.08,66.88,0.07,4.75,0.67
2024-12-25,17:00,December,Winter,Inverted-V,93,14.96,27.21,22.58,84.09,0.02,67.27,0.02,1.24,0.67
2024-12-25,17:15,December,Winter,Inverted-V,93,11.22,26.86,22.14,84.24,0.02,67.39,0.01,0.93,0.67
2024-12-25,17:30,December,Winter,Inverted-V,93,7.48,26.5,21.69,84.38,0.01,67.5,0.01,0.62,0.67
2024-12-26,05:15,December,Winter,Inverted-V,93,11.52,23.3,18.59,85.36,0.02,68.29,0.01,0.97,0.67
2024-12-26,05:30,December,Winter,Inverted-V,93,23.04,23.38,18.96,85.24,0.03,68.19,0.03,1.93,0.67
2024-12-26,05:45,December,Winter,Inverted-V,93,34.56,23.47,19.33,85.12,0.05,68.1,0.04,2.89,0.67
2024-12-26,06:00,December,Winter,Inverted-V,93,46.08,23.55,19.7,85.01,0.07,68.0,0.06,3.85,0.67
2024-12-26,06:15,December,Winter,Inverted-V,93,98.7,23.86,21.33,84.49,0.15,67.59,0.12,8.22,0.67
2024-12-26,06:30,December,Winter,Inverted-V,93,151.32,24.17,22.95,83.98,0.22,67.18,0.19,12.54,0.67
2024-12-26,06:45,December,Winter,Inverted-V,93,203.94,24.48,24.58,83.46,0.3,66.77,0.25,16.83,0.67
2024-12-26,07:00,December,Winter,Inverted-V,93,256.55,24.79,26.2,82.95,0.38,66.36,0.32,21.07,0.67
2024-12-26,07:15,December,Winter,Inverted-V,93,314.65,25.16,28.02,82.37,0.47,65.9,0.39,25.71,0.67
2024-12-26,07:30,December,Winter,Inverted-V,93,372.75,25.52,29.84,81.8,0.55,65.44,0.46,30.3,0.67
2024-12-26,07:45,December,Winter,Inverted-V,93,430.85,25.88,31.66,81.22,0.64,64.98,0.54,34.84,0.67
2024-12-26,08:00,December,Winter,Inverted-V,93,488.95,26.25,33.47,80.64,0.73,64.52,0.61,39.32,0.67
2024-12-26,08:15,December,Winter,Inverted-V,93,539.92,26.59,35.09,80.13,0.8,64.11,0.67,43.22,0.67
2024-12-26,08:30,December,Winter,Inverted-V,93,590.88,26.93,36.7,79.62,0.88,63.7,0.74,47.07,0.67
2024-12-26,08:45,December,Winter,Inverted-V,93,641.85,27.27,38.32,79.11,0.96,63.29,0.8,50.88,0.67
2024-12-26,09:00,December,Winter,Inverted-V,93,692.82,27.61,39.93,78.6,1.04,62.88,0.87,54.66,0.67
2024-12-26,09:15,December,Winter,Inverted-V,93,695.63,27.87,40.26,78.5,1.04,62.8,0.87,54.82,0.67
2024-12-26,09:30,December,Winter,Inverted-V,93,698.44,28.13,40.59,78.39,1.05,62.71,0.88,54.99,0.67
2024-12-26,09:45,December,Winter,Inverted-V,93,701.24,28.39,40.92,78.29,1.05,62.63,0.88,55.15,0.67
2024-12-26,10:00,December,Winter,Inverted-V,93,704.05,28.65,41.25,78.18,1.06,62.55,0.88,55.32,0.67
2024-12-26,10:15,December,Winter,Inverted-V,93,710.37,28.88,41.64,78.06,1.07,62.45,0.89,55.75,0.67
2024-12-26,10:30,December,Winter,Inverted-V,93,716.69,29.11,42.03,77.93,1.08,62.35,0.9,56.18,0.67
2024-12-26,10:45,December,Winter,Inverted-V,93,723.01,29.35,42.42,77.81,1.09,62.25,0.91,56.6,0.67
2024-12-26,11:00,December,Winter,Inverted-V,93,729.32,29.58,42.81,77.69,1.1,62.15,0.92,57.03,0.67
2024-12-26,11:15,December,Winter,Inverted-V,93,723.96,29.75,42.85,77.67,1.09,62.14,0.91,56.6,0.67
2024-12-26,11:30,December,Winter,Inverted-V,93,718.61,29.93,42.9,77.66,1.08,62.13,0.9,56.18,0.67
2024-12-26,11:45,December,Winter,Inverted-V,93,713.25,30.11,42.94,77.65,1.07,62.12,0.9,55.75,0.67
2024-12-26,12:00,December,Winter,Inverted-V,93,707.89,30.28,42.98,77.64,1.06,62.11,0.89,55.33,0.67
2024-12-26,12:15,December,Winter,Inverted-V,93,693.13,30.4,42.73,77.71,1.04,62.17,0.87,54.21,0.67
2024-12-26,12:30,December,Winter,Inverted-V,93,678.36,30.52,42.48,77.79,1.02,62.23,0.85,53.1,0.67
2024-12-26,12:45,December,Winter,Inverted-V,93,663.6,30.65,42.24,77.87,1.0,62.3,0.83,51.98,0.67
2024-12-26,13:00,December,Winter,Inverted-V,93,648.84,30.77,41.99,77.95,0.97,62.36,0.82,50.87,0.67
2024-12-26,13:15,December,Winter,Inverted-V,93,624.8,30.75,41.37,78.14,0.94,62.52,0.78,49.07,0.67
2024-12-26,13:30,December,Winter,Inverted-V,93,600.76,30.73,40.75,78.34,0.9,62.67,0.75,47.28,0.67
2024-12-26,13:45,December,Winter,Inverted-V,93,576.71,30.71,40.13,78.54,0.86,62.83,0.72,45.47,0.67
2024-12-26,14:00,December,Winter,Inverted-V,93,552.67,30.69,39.51,78.73,0.83,62.99,0.69,43.66,0.67
2024-12-26,14:15,December,Winter,Inverted-V,93,502.83,30.54,38.11,79.18,0.75,63.34,0.63,39.89,0.67
2024-12-26,14:30,December,Winter,Inverted-V,93,453.0,30.4,36.72,79.62,0.68,63.69,0.57,36.08,0.67
2024-12-26,14:45,December,Winter,Inverted-V,93,403.16,30.25,35.33,80.06,0.6,64.05,0.5,32.25,0.67
2024-12-26,15:00,December,Winter,Inverted-V,93,353.32,30.1,33.93,80.5,0.53,64.4,0.44,28.38,0.67
2024-12-26,15:15,December,Winter,Inverted-V,93,301.48,29.84,32.38,80.99,0.45,64.79,0.38,24.33,0.67
2024-12-26,15:30,December,Winter,Inverted-V,93,249.64,29.58,30.82,81.48,0.37,65.19,0.31,20.23,0.67
2024-12-26,15:45,December,Winter,Inverted-V,93,197.8,29.32,29.27,81.98,0.29,65.58,0.25,16.1,0.67
2024-12-26,16:00,December,Winter,Inverted-V,93,145.96,29.06,27.71,82.47,0.22,65.98,0.18,11.94,0.67
2024-12-26,16:15,December,Winter,Inverted-V,93,112.7,28.52,26.34,82.9,0.17,66.32,0.14,9.25,0.67
2024-12-26,16:30,December,Winter,Inverted-V,93,79.43,27.98,24.97,83.34,0.12,66.67,0.1,6.55,0.67
2024-12-26,16:45,December,Winter,Inverted-V,93,46.17,27.44,23.59,83.77,0.07,67.02,0.06,3.82,0.67
2024-12-26,17:00,December,Winter,Inverted-V,93,12.91,26.9,22.22,84.21,0.02,67.37,0.02,1.07,0.67
2024-12-26,17:15,December,Winter,Inverted-V,93,9.68,26.64,21.88,84.32,0.01,67.45,0.01,0.8,0.67
2024-12-26,17:30,December,Winter,Inverted-V,93,6.45,26.38,21.54,84.42,0.01,67.54,0.01,0.54,0.67
2024-12-27,05:15,December,Winter,Inverted-V,93,8.3,22.87,18.07,85.52,0.01,68.42,0.01,0.7,0.67
2024-12-27,05:30,December,Winter,Inverted-V,93,16.61,23.11,18.53,85.38,0.02,68.3,0.02,1.39,0.67
2024-12-27,05:45,December,Winter,Inverted-V,93,24.91,23.36,18.98,85.23,0.04,68.19,0.03,2.09,0.67
2024-12-27,06:00,December,Winter,Inverted-V,93,33.21,23.6,19.43,85.09,0.05,68.07,0.04,2.78,0.67
2024-12-27,06:15,December,Winter,Inverted-V,93,71.43,24.1,20.89,84.63,0.1,67.7,0.09,5.95,0.67
2024-12-27,06:30,December,Winter,Inverted-V,93,109.65,24.61,22.35,84.17,0.16,67.33,0.14,9.1,0.67
2024-12-27,06:45,December,Winter,Inverted-V,93,147.87,25.11,23.8,83.71,0.22,66.97,0.18,12.23,0.67
2024-12-27,07:00,December,Winter,Inverted-V,93,186.08,25.61,25.26,83.25,0.27,66.6,0.23,15.32,0.67
2024-12-27,07:15,December,Winter,Inverted-V,93,235.77,25.99,26.89,82.73,0.35,66.18,0.29,19.33,0.67
2024-12-27,07:30,December,Winter,Inverted-V,93,285.46,26.38,28.52,82.21,0.42,65.77,0.35,23.29,0.67
2024-12-27,07:45,December,Winter,Inverted-V,93,335.15,26.77,30.14,81.7,0.5,65.36,0.42,27.22,0.67
2024-12-27,08:00,December,Winter,Inverted-V,93,384.84,27.15,31.77,81.18,0.57,64.95,0.48,31.11,0.67
2024-12-27,08:15,December,Winter,Inverted-V,93,439.78,27.43,33.42,80.66,0.65,64.53,0.55,35.38,0.67
2024-12-27,08:30,December,Winter,Inverted-V,93,494.73,27.71,35.08,80.14,0.74,64.11,0.62,39.6,0.67
2024-12-27,08:45,December,Winter,Inverted-V,93,549.67,27.99,36.73,79.61,0.82,63.69,0.69,43.78,0.67
2024-12-27,09:00,December,Winter,Inverted-V,93,604.62,28.27,38.39,79.09,0.9,63.27,0.76,47.92,0.67
2024-12-27,09:15,December,Winter,Inverted-V,93,640.25,28.49,39.5,78.74,0.96,62.99,0.8,50.58,0.67
2024-12-27,09:30,December,Winter,Inverted-V,93,675.88,28.71,40.61,78.38,1.01,62.71,0.85,53.21,0.67
2024-12-27,09:45,December,Winter,Inverted-V,93,711.51,28.94,41.73,78.03,1.07,62.43,0.89,55.82,0.67
2024-12-27,10:00,December,Winter,Inverted-V,93,747.14,29.16,42.84,77.68,1.12,62.14,0.94,58.42,0.67
2024-12-27,10:15,December,Winter,Inverted-V,93,743.45,29.32,42.9,77.66,1.12,62.13,0.94,58.12,0.67
2024-12-27,10:30,December,Winter,Inverted-V,93,739.76,29.47,42.96,77.64,1.11,62.11,0.93,57.82,0.67
2024-12-27,10:45,December,Winter,Inverted-V,93,736.06,29.62,43.03,77.62,1.11,62.1,0.93,57.52,0.67
2024-12-27,11:00,December,Winter,Inverted-V,93,732.37,29.78,43.09,77.6,1.1,62.08,0.92,57.22,0.67
2024-12-27,11:15,December,Winter,Inverted-V,93,726.53,29.85,43.01,77.62,1.09,62.1,0.91,56.78,0.67
2024-12-27,11:30,December,Winter,Inverted-V,93,720.69,29.92,42.94,77.65,1.08,62.12,0.91,56.33,0.67
2024-12-27,11:45,December,Winter,Inverted-V,93,714.86,29.99,42.86,77.67,1.07,62.14,0.9,55.89,0.67
2024-12-27,12:00,December,Winter,Inverted-V,93,709.02,30.06,42.79,77.7,1.07,62.16,0.89,55.45,0.67
2024-12-27,12:15,December,Winter,Inverted-V,93,683.07,30.06,42.14,77.9,1.03,62.32,0.86,53.52,0.67
2024-12-27,12:30,December,Winter,Inverted-V,93,657.12,30.07,41.5,78.1,0.99,62.48,0.83,51.59,0.67
2024-12-27,12:45,December,Winter,Inverted-V,93,631.16,30.07,40.85,78.31,0.95,62.65,0.79,49.65,0.67
2024-12-27,13:00,December,Winter,Inverted-V,93,605.21,30.08,40.21,78.51,0.91,62.81,0.76,47.7,0.67
2024-12-27,13:15,December,Winter,Inverted-V,93,600.77,30.02,40.03,78.57,0.9,62.85,0.75,47.38,0.67
2024-12-27,13:30,December,Winter,Inverted-V,93,596.32,29.95,39.86,78.62,0.89,62.9,0.75,47.05,0.67
2024-12-27,13:45,December,Winter,Inverted-V,93,591.88,29.88,39.68,78.68,0.89,62.94,0.74,46.73,0.67
2024-12-27,14:00,December,Winter,Inverted-V,93,587.43,29.82,39.51,78.73,0.88,62.99,0.74,46.4,0.67
2024-12-27,14:15,December,Winter,Inverted-V,93,522.75,29.62,37.69,79.31,0.78,63.45,0.65,41.52,0.67
2024-12-27,14:30,December,Winter,Inverted-V,93,458.07,29.42,35.87,79.89,0.68,63.91,0.57,36.58,0.67
2024-12-27,14:45,December,Winter,Inverted-V,93,393.38,29.22,34.05,80.46,0.59,64.37,0.49,31.58,0.67
2024-12-27,15:00,December,Winter,Inverted-V,93,328.7,29.02,32.24,81.04,0.49,64.83,0.41,26.53,0.67
2024-12-27,15:15,December,Winter,Inverted-V,93,281.38,28.73,30.77,81.5,0.42,65.2,0.35,22.81,0.67
2024-12-27,15:30,December,Winter,Inverted-V,93,234.06,28.45,29.3,81.97,0.35,65.57,0.29,19.05,0.67
2024-12-27,15:45,December,Winter,Inverted-V,93,186.75,28.16,27.83,82.43,0.28,65.94,0.23,15.27,0.67
2024-12-27,16:00,December,Winter,Inverted-V,93,139.43,27.88,26.37,82.9,0.21,66.32,0.17,11.45,0.67
2024-12-27,16:15,December,Winter,Inverted-V,93,107.4,27.52,25.2,83.26,0.16,66.61,0.13,8.85,0.67
2024-12-27,16:30,December,Winter,Inverted-V,93,75.37,27.15,24.03,83.63,0.11,66.91,0.09,6.23,0.67
2024-12-27,16:45,December,Winter,Inverted-V,93,43.35,26.79,22.87,84.0,0.06,67.2,0.05,3.59,0.67
2024-12-27,17:00,December,Winter,Inverted-V,93,11.32,26.42,21.7,84.37,0.02,67.5,0.01,0.94,0.67
2024-12-27,17:15,December,Winter,Inverted-V,93,8.49,26.21,21.42,84.46,0.01,67.57,0.01,0.71,0.67
2024-12-27,17:30,December,Winter,Inverted-V,93,5.66,26.0,21.14,84.55,0.01,67.64,0.01,0.47,0.67
2024-12-28,05:15,December,Winter,Inverted-V,93,9.61,22.48,17.72,85.63,0.01,68.51,0.01,0.81,0.67
2024-12-28,05:30,December,Winter,Inverted-V,93,19.21,22.53,18.01,85.54,0.03,68.43,0.02,1.61,0.67
2024-12-28,05:45,December,Winter,Inverted-V,93,28.82,22.58,18.3,85.45,0.04,68.36,0.04,2.42,0.67
2024-12-28,06:00,December,Winter,Inverted-V,93,38.43,22.63,18.59,85.36,0.06,68.29,0.05,3.22,0.67
2024-12-28,06:15,December,Winter,Inverted-V,93,83.62,22.91,20.0,84.91,0.12,67.93,0.1,6.99,0.67
2024-12-28,06:30,December,Winter,Inverted-V,93,128.82,23.18,21.41,84.47,0.19,67.57,0.16,10.72,0.67
2024-12-28,06:45,December,Winter,Inverted-V,93,174.02,23.46,22.81,84.02,0.26,67.22,0.21,14.43,0.67
2024-12-28,07:00,December,Winter,Inverted-V,93,219.22,23.74,24.22,83.57,0.32,66.86,0.27,18.1,0.67
2024-12-28,07:15,December,Winter,Inverted-V,93,270.75,24.14,25.91,83.04,0.4,66.43,0.33,22.25,0.67
2024-12-28,07:30,December,Winter,Inverted-V,93,322.28,24.55,27.61,82.5,0.48,66.0,0.4,26.36,0.67
2024-12-28,07:45,December,Winter,Inverted-V,93,373.81,24.95,29.3,81.97,0.55,65.57,0.46,30.43,0.67
2024-12-28,08:00,December,Winter,Inverted-V,93,425.34,25.36,30.99,81.43,0.63,65.14,0.53,34.46,0.67
2024-12-28,08:15,December,Winter,Inverted-V,93,460.63,25.73,32.25,81.03,0.68,64.83,0.57,37.18,0.67
2024-12-28,08:30,December,Winter,Inverted-V,93,495.91,26.1,33.5,80.64,0.74,64.51,0.62,39.88,0.67
2024-12-28,08:45,December,Winter,Inverted-V,93,531.2,26.47,34.75,80.24,0.79,64.19,0.66,42.56,0.67
2024-12-28,09:00,December,Winter,Inverted-V,93,566.49,26.84,36.0,79.84,0.85,63.88,0.71,45.22,0.67
2024-12-28,09:15,December,Winter,Inverted-V,93,579.56,27.1,36.59,79.66,0.87,63.73,0.72,46.18,0.67
2024-12-28,09:30,December,Winter,Inverted-V,93,592.62,27.36,37.18,79.47,0.89,63.58,0.74,47.14,0.67
2024-12-28,09:45,December,Winter,Inverted-V,93,605.69,27.62,37.76,79.29,0.91,63.43,0.76,48.1,0.67
2024-12-28,10:00,December,Winter,Inverted-V,93,618.75,27.88,38.35,79.1,0.93,63.28,0.78,49.05,0.67
2024-12-28,10:15,December,Winter,Inverted-V,93,630.46,28.05,38.81,78.95,0.94,63.16,0.79,49.91,0.67
2024-12-28,10:30,December,Winter,Inverted-V,93,642.17,28.23,39.28,78.81,0.96,63.05,0.81,50.76,0.67
2024-12-28,10:45,December,Winter,Inverted-V,93,653.88,28.4,39.74,78.66,0.98,62.93,0.82,51.61,0.67
2024-12-28,11:00,December,Winter,Inverted-V,93,665.58,28.57,40.21,78.51,1.0,62.81,0.84,52.46,0.67
2024-12-28,11:15,December,Winter,Inverted-V,93,672.05,28.67,40.47,78.43,1.01,62.74,0.84,52.93,0.67
2024-12-28,11:30,December,Winter,Inverted-V,93,678.51,28.77,40.74,78.34,1.02,62.68,0.85,53.4,0.67
2024-12-28,11:45,December,Winter,Inverted-V,93,684.97,28.88,41.0,78.26,1.03,62.61,0.86,53.86,0.67
2024-12-28,12:00,December,Winter,Inverted-V,93,691.44,28.98,41.27,78.18,1.04,62.54,0.87,54.33,0.67
2024-12-28,12:15,December,Winter,Inverted-V,93,669.52,28.99,40.73,78.35,1.0,62.68,0.84,52.69,0.67
2024-12-28,12:30,December,Winter,Inverted-V,93,647.6,29.0,40.18,78.52,0.97,62.82,0.81,51.05,0.67
2024-12-28,12:45,December,Winter,Inverted-V,93,625.67,29.0,39.64,78.69,0.94,62.95,0.78,49.4,0.67
2024-12-28,13:00,December,Winter,Inverted-V,93,603.75,29.01,39.1,78.86,0.9,63.09,0.76,47.75,0.67
2024-12-28,13:15,December,Winter,Inverted-V,93,588.19,28.94,38.64,79.01,0.88,63.21,0.74,46.58,0.67
2024-12-28,13:30,December,Winter,Inverted-V,93,572.63,28.87,38.19,79.15,0.86,63.32,0.72,45.41,0.67
2024-12-28,13:45,December,Winter,Inverted-V,93,557.07,28.8,37.73,79.3,0.83,63.44,0.7,44.24,0.67
2024-12-28,14:00,December,Winter,Inverted-V,93,541.51,28.73,37.27,79.44,0.81,63.55,0.68,43.06,0.67
2024-12-28,14:15,December,Winter,Inverted-V,93,499.66,28.59,36.08,79.82,0.75,63.86,0.62,39.88,0.67
2024-12-28,14:30,December,Winter,Inverted-V,93,457.8,28.45,34.9,80.19,0.68,64.16,0.57,36.67,0.67
2024-12-28,14:45,December,Winter,Inverted-V,93,415.95,28.31,33.71,80.57,0.62,64.46,0.52,33.43,0.67
2024-12-28,15:00,December,Winter,Inverted-V,93,374.09,28.17,32.52,80.95,0.56,64.76,0.47,30.17,0.67
2024-12-28,15:15,December,Winter,Inverted-V,93,323.44,27.85,30.93,81.45,0.48,65.16,0.4,26.21,0.67
2024-12-28,15:30,December,Winter,Inverted-V,93,272.8,27.52,29.34,81.95,0.4,65.56,0.34,22.2,0.67
2024-12-28,15:45,December,Winter,Inverted-V,93,222.15,27.2,27.76,82.46,0.33,65.96,0.28,18.16,0.67
2024-12-28,16:00,December,Winter,Inverted-V,93,171.5,26.88,26.17,82.96,0.25,66.37,0.21,14.09,0.67
2024-12-28,16:15,December,Winter,Inverted-V,93,132.75,26.42,24.74,83.41,0.2,66.73,0.16,10.95,0.67
2024-12-28,16:30,December,Winter,Inverted-V,93,94.0,25.96,23.31,83.86,0.14,67.09,0.12,7.78,0.67
2024-12-28,16:45,December,Winter,Inverted-V,93,55.24,25.5,21.88,84.32,0.08,67.45,0.07,4.59,0.67
2024-12-28,17:00,December,Winter,Inverted-V,93,16.49,25.04,20.45,84.77,0.02,67.81,0.02,1.38,0.67
2024-12-28,17:15,December,Winter,Inverted-V,93,12.37,24.77,20.08,84.89,0.02,67.91,0.02,1.03,0.67
2024-12-28,17:30,December,Winter,Inverted-V,93,8.25,24.5,19.71,85.0,0.01,68.0,0.01,0.69,0.67
2024-12-29,05:15,December,Winter,Inverted-V,93,10.39,21.27,16.53,86.01,0.02,68.81,0.01,0.88,0.67
2024-12-29,05:30,December,Winter,Inverted-V,93,20.77,21.38,16.9,85.89,0.03,68.71,0.03,1.75,0.67
2024-12-29,05:45,December,Winter,Inverted-V,93,31.16,21.5,17.28,85.77,0.05,68.62,0.04,2.62,0.67
2024-12-29,06:00,December,Winter,Inverted-V,93,41.55,21.61,17.65,85.66,0.06,68.52,0.05,3.49,0.67
2024-12-29,06:15,December,Winter,Inverted-V,93,94.23,22.01,19.37,85.11,0.14,68.09,0.12,7.89,0.67
2024-12-29,06:30,December,Winter,Inverted-V,93,146.92,22.41,21.08,84.57,0.22,67.65,0.18,12.24,0.67
2024-12-29,06:45,December,Winter,Inverted-V,93,199.6,22.81,22.8,84.02,0.29,67.22,0.25,16.55,0.67
2024-12-29,07:00,December,Winter,Inverted-V,93,252.29,23.21,24.52,83.48,0.37,66.78,0.31,20.82,0.67
2024-12-29,07:15,December,Winter,Inverted-V,93,310.34,23.79,26.55,82.84,0.46,66.27,0.38,25.46,0.67
2024-12-29,07:30,December,Winter,Inverted-V,93,368.4,24.37,28.57,82.2,0.55,65.76,0.46,30.05,0.67
2024-12-29,07:45,December,Winter,Inverted-V,93,426.45,24.94,30.6,81.55,0.63,65.24,0.53,34.59,0.67
2024-12-29,08:00,December,Winter,Inverted-V,93,484.51,25.52,32.63,80.91,0.72,64.73,0.6,39.06,0.67
2024-12-29,08:15,December,Winter,Inverted-V,93,538.45,25.93,34.39,80.36,0.8,64.28,0.67,43.19,0.67
2024-12-29,08:30,December,Winter,Inverted-V,93,592.39,26.33,36.14,79.8,0.88,63.84,0.74,47.27,0.67
2024-12-29,08:45,December,Winter,Inverted-V,93,646.33,26.73,37.89,79.25,0.97,63.4,0.81,51.3,0.67
2024-12-29,09:00,December,Winter,Inverted-V,93,700.27,27.14,39.65,78.69,1.05,62.95,0.88,55.29,0.67
2024-12-29,09:15,December,Winter,Inverted-V,93,718.61,27.4,40.37,78.46,1.08,62.77,0.9,56.62,0.67
2024-12-29,09:30,December,Winter,Inverted-V,93,736.95,27.66,41.09,78.23,1.11,62.59,0.93,57.93,0.67
2024-12-29,09:45,December,Winter,Inverted-V,93,755.3,27.93,41.81,78.01,1.13,62.4,0.95,59.24,0.67
2024-12-29,10:00,December,Winter,Inverted-V,93,773.64,28.19,42.53,77.78,1.16,62.22,0.97,60.55,0.67
2024-12-29,10:15,December,Winter,Inverted-V,93,793.37,28.4,43.23,77.56,1.19,62.04,1.0,61.96,0.67
2024-12-29,10:30,December,Winter,Inverted-V,93,813.09,28.6,43.93,77.33,1.22,61.87,1.02,63.36,0.67
2024-12-29,10:45,December,Winter,Inverted-V,93,832.82,28.8,44.63,77.11,1.25,61.69,1.05,64.76,0.67
2024-12-29,11:00,December,Winter,Inverted-V,93,852.55,29.01,45.32,76.89,1.28,61.51,1.08,66.15,0.67
2024-12-29,11:15,December,Winter,Inverted-V,93,850.01,29.14,45.39,76.87,1.28,61.5,1.07,65.94,0.67
2024-12-29,11:30,December,Winter,Inverted-V,93,847.48,29.27,45.45,76.85,1.28,61.48,1.07,65.73,0.67
2024-12-29,11:45,December,Winter,Inverted-V,93,844.94,29.39,45.52,76.83,1.27,61.47,1.07,65.52,0.67
2024-12-29,12:00,December,Winter,Inverted-V,93,842.4,29.52,45.58,76.81,1.27,61.45,1.06,65.31,0.67
2024-12-29,12:15,December,Winter,Inverted-V,93,835.38,29.58,45.46,76.85,1.26,61.48,1.05,64.79,0.67
2024-12-29,12:30,December,Winter,Inverted-V,93,828.36,29.64,45.35,76.88,1.25,61.51,1.04,64.26,0.67
2024-12-29,12:45,December,Winter,Inverted-V,93,821.34,29.7,45.23,76.92,1.24,61.54,1.04,63.74,0.67
2024-12-29,13:00,December,Winter,Inverted-V,93,814.32,29.76,45.12,76.96,1.23,61.57,1.03,63.22,0.67
2024-12-29,13:15,December,Winter,Inverted-V,93,777.13,29.72,44.15,77.27,1.17,61.81,0.98,60.52,0.67
2024-12-29,13:30,December,Winter,Inverted-V,93,739.94,29.68,43.17,77.57,1.11,62.06,0.93,57.79,0.67
2024-12-29,13:45,December,Winter,Inverted-V,93,702.74,29.63,42.2,77.88,1.06,62.31,0.88,55.06,0.67
2024-12-29,14:00,December,Winter,Inverted-V,93,665.55,29.59,41.23,78.19,1.0,62.55,0.84,52.3,0.67
2024-12-29,14:15,December,Winter,Inverted-V,93,607.54,29.49,39.68,78.68,0.91,62.94,0.76,47.97,0.67
2024-12-29,14:30,December,Winter,Inverted-V,93,549.53,29.38,38.12,79.17,0.82,63.34,0.69,43.59,0.67
2024-12-29,14:45,December,Winter,Inverted-V,93,491.52,29.28,36.57,79.66,0.73,63.73,0.61,39.17,0.67
2024-12-29,15:00,December,Winter,Inverted-V,93,433.51,29.18,35.02,80.16,0.65,64.12,0.54,34.71,0.67
2024-12-29,15:15,December,Winter,Inverted-V,93,371.37,28.91,33.2,80.73,0.55,64.59,0.46,29.89,0.67
2024-12-29,15:30,December,Winter,Inverted-V,93,309.23,28.64,31.38,81.31,0.46,65.05,0.38,25.02,0.67
2024-12-29,15:45,December,Winter,Inverted-V,93,247.09,28.38,29.55,81.89,0.37,65.51,0.31,20.1,0.67
2024-12-29,16:00,December,Winter,Inverted-V,93,184.95,28.11,27.73,82.46,0.27,65.97,0.23,15.12,0.67
2024-12-29,16:15,December,Winter,Inverted-V,93,142.36,27.59,26.15,82.96,0.21,66.37,0.18,11.69,0.67
2024-12-29,16:30,December,Winter,Inverted-V,93,99.77,27.07,24.56,83.47,0.15,66.77,0.12,8.23,0.67
2024-12-29,16:45,December,Winter,Inverted-V,93,57.17,26.55,22.98,83.97,0.08,67.17,0.07,4.74,0.67
2024-12-29,17:00,December,Winter,Inverted-V,93,14.58,26.03,21.39,84.47,0.02,67.58,0.02,1.21,0.67
2024-12-29,17:15,December,Winter,Inverted-V,93,10.94,25.8,21.07,84.57,0.02,67.66,0.01,0.91,0.67
2024-12-29,17:30,December,Winter,Inverted-V,93,7.29,25.56,20.74,84.68,0.01,67.74,0.01,0.61,0.67
2024-12-30,05:15,December,Winter,Inverted-V,93,6.28,22.32,17.47,85.71,0.01,68.57,0.01,0.53,0.67
2024-12-30,05:30,December,Winter,Inverted-V,93,12.57,22.44,17.75,85.62,0.02,68.5,0.02,1.06,0.67
2024-12-30,05:45,December,Winter,Inverted-V,93,18.85,22.55,18.02,85.54,0.03,68.43,0.02,1.58,0.67
2024-12-30,06:00,December,Winter,Inverted-V,93,25.13,22.67,18.3,85.45,0.04,68.36,0.03,2.11,0.67
2024-12-30,06:15,December,Winter,Inverted-V,93,53.36,22.96,19.29,85.14,0.08,68.11,0.07,4.47,0.67
2024-12-30,06:30,December,Winter,Inverted-V,93,81.59,23.25,20.28,84.82,0.12,67.86,0.1,6.81,0.67
2024-12-30,06:45,December,Winter,Inverted-V,93,109.82,23.53,21.28,84.51,0.16,67.61,0.14,9.14,0.67
2024-12-30,07:00,December,Winter,Inverted-V,93,138.05,23.82,22.27,84.19,0.2,67.35,0.17,11.46,0.67
2024-12-30,07:15,December,Winter,Inverted-V,93,172.59,24.13,23.44,83.82,0.25,67.06,0.21,14.28,0.67
2024-12-30,07:30,December,Winter,Inverted-V,93,207.13,24.44,24.61,83.45,0.31,66.76,0.26,17.09,0.67
2024-12-30,07:45,December,Winter,Inverted-V,93,241.67,24.74,25.78,83.08,0.36,66.46,0.3,19.87,0.67
2024-12-30,08:00,December,Winter,Inverted-V,93,276.21,25.05,26.96,82.71,0.41,66.17,0.34,22.64,0.67
2024-12-30,08:15,December,Winter,Inverted-V,93,301.28,25.34,27.87,82.42,0.45,65.94,0.37,24.63,0.67
2024-12-30,08:30,December,Winter,Inverted-V,93,326.35,25.62,28.78,82.13,0.48,65.7,0.4,26.61,0.67
2024-12-30,08:45,December,Winter,Inverted-V,93,351.42,25.91,29.7,81.84,0.52,65.47,0.44,28.58,0.67
2024-12-30,09:00,December,Winter,Inverted-V,93,376.49,26.2,30.61,81.55,0.56,65.24,0.47,30.53,0.67
2024-12-30,09:15,December,Winter,Inverted-V,93,392.44,26.43,31.25,81.35,0.58,65.08,0.49,31.77,0.67
2024-12-30,09:30,December,Winter,Inverted-V,93,408.39,26.67,31.88,81.15,0.61,64.92,0.51,33.0,0.67
2024-12-30,09:45,December,Winter,Inverted-V,93,424.33,26.91,32.51,80.95,0.63,64.76,0.53,34.22,0.67
2024-12-30,10:00,December,Winter,Inverted-V,93,440.28,27.14,33.15,80.75,0.66,64.6,0.55,35.44,0.67
2024-12-30,10:15,December,Winter,Inverted-V,93,448.36,27.35,33.56,80.62,0.67,64.49,0.56,36.05,0.67
2024-12-30,10:30,December,Winter,Inverted-V,93,456.45,27.55,33.97,80.49,0.68,64.39,0.57,36.66,0.67
2024-12-30,10:45,December,Winter,Inverted-V,93,464.53,27.76,34.38,80.36,0.69,64.29,0.58,37.26,0.67
2024-12-30,11:00,December,Winter,Inverted-V,93,472.61,27.97,34.79,80.23,0.7,64.18,0.59,37.86,0.67
2024-12-30,11:15,December,Winter,Inverted-V,93,478.76,28.15,35.12,80.12,0.71,64.1,0.6,38.32,0.67
2024-12-30,11:30,December,Winter,Inverted-V,93,484.91,28.33,35.45,80.02,0.72,64.01,0.61,38.77,0.67
2024-12-30,11:45,December,Winter,Inverted-V,93,491.06,28.51,35.79,79.91,0.73,63.93,0.61,39.23,0.67
2024-12-30,12:00,December,Winter,Inverted-V,93,497.21,28.69,36.12,79.81,0.74,63.85,0.62,39.68,0.67
2024-12-30,12:15,December,Winter,Inverted-V,93,475.54,28.75,35.64,79.96,0.71,63.97,0.59,38.0,0.67
2024-12-30,12:30,December,Winter,Inverted-V,93,453.87,28.8,35.15,80.11,0.68,64.09,0.57,36.32,0.67
2024-12-30,12:45,December,Winter,Inverted-V,93,432.2,28.86,34.67,80.27,0.64,64.21,0.54,34.64,0.67
2024-12-30,13:00,December,Winter,Inverted-V,93,410.53,28.92,34.18,80.42,0.61,64.34,0.51,32.95,0.67
2024-12-30,13:15,December,Winter,Inverted-V,93,406.32,28.89,34.05,80.46,0.61,64.37,0.51,32.62,0.67
2024-12-30,13:30,December,Winter,Inverted-V,93,402.11,28.87,33.92,80.5,0.6,64.4,0.5,32.3,0.67
2024-12-30,13:45,December,Winter,Inverted-V,93,397.89,28.84,33.78,80.55,0.59,64.44,0.5,31.97,0.67
2024-12-30,14:00,December,Winter,Inverted-V,93,393.68,28.81,33.65,80.59,0.59,64.47,0.49,31.65,0.67
2024-12-30,14:15,December,Winter,Inverted-V,93,358.11,28.7,32.66,80.9,0.53,64.72,0.45,28.87,0.67
2024-12-30,14:30,December,Winter,Inverted-V,93,322.54,28.6,31.66,81.22,0.48,64.97,0.4,26.08,0.67
2024-12-30,14:45,December,Winter,Inverted-V,93,286.96,28.5,30.67,81.53,0.43,65.23,0.36,23.27,0.67
2024-12-30,15:00,December,Winter,Inverted-V,93,251.39,28.39,29.67,81.85,0.37,65.48,0.31,20.44,0.67
2024-12-30,15:15,December,Winter,Inverted-V,93,218.49,28.18,28.64,82.18,0.32,65.74,0.27,17.82,0.67
2024-12-30,15:30,December,Winter,Inverted-V,93,185.58,27.96,27.6,82.5,0.27,66.0,0.23,15.18,0.67
2024-12-30,15:45,December,Winter,Inverted-V,93,152.68,27.75,26.56,82.83,0.23,66.27,0.19,12.53,0.67
2024-12-30,16:00,December,Winter,Inverted-V,93,119.77,27.53,25.52,83.16,0.18,66.53,0.15,9.86,0.67
2024-12-30,16:15,December,Winter,Inverted-V,93,92.79,27.15,24.47,83.5,0.14,66.8,0.11,7.66,0.67
2024-12-30,16:30,December,Winter,Inverted-V,93,65.8,26.77,23.41,83.83,0.1,67.07,0.08,5.45,0.67
2024-12-30,16:45,December,Winter,Inverted-V,93,38.81,26.38,22.35,84.17,0.06,67.33,0.05,3.22,0.67
2024-12-30,17:00,December,Winter,Inverted-V,93,11.83,26.0,21.3,84.5,0.02,67.6,0.01,0.98,0.67
2024-12-30,17:15,December,Winter,Inverted-V,93,8.87,25.82,21.04,84.58,0.01,67.67,0.01,0.74,0.67
2024-12-30,17:30,December,Winter,Inverted-V,93,5.91,25.63,20.78,84.66,0.01,67.73,0.01,0.49,0.67
2024-12-31,05:15,December,Winter,Inverted-V,93,7.01,22.68,17.85,85.59,0.01,68.47,0.01,0.59,0.67
2024-12-31,05:30,December,Winter,Inverted-V,93,14.03,22.7,18.05,85.53,0.02,68.42,0.02,1.18,0.67
2024-12-31,05:45,December,Winter,Inverted-V,93,21.04,22.71,18.24,85.47,0.03,68.38,0.03,1.77,0.67
2024-12-31,06:00,December,Winter,Inverted-V,93,28.06,22.73,18.43,85.41,0.04,68.33,0.03,2.35,0.67
2024-12-31,06:15,December,Winter,Inverted-V,93,61.52,22.95,19.49,85.07,0.09,68.06,0.08,5.15,0.67
2024-12-31,06:30,December,Winter,Inverted-V,93,94.99,23.17,20.54,84.74,0.14,67.79,0.12,7.92,0.67
2024-12-31,06:45,December,Winter,Inverted-V,93,128.46,23.39,21.6,84.4,0.19,67.52,0.16,10.69,0.67
2024-12-31,07:00,December,Winter,Inverted-V,93,161.92,23.61,22.66,84.07,0.24,67.26,0.2,13.43,0.67
2024-12-31,07:15,December,Winter,Inverted-V,93,200.95,23.99,24.01,83.64,0.3,66.91,0.25,16.61,0.67
2024-12-31,07:30,December,Winter,Inverted-V,93,239.98,24.37,25.37,83.21,0.35,66.57,0.3,19.76,0.67
2024-12-31,07:45,December,Winter,Inverted-V,93,279.01,24.75,26.73,82.78,0.41,66.23,0.35,22.88,0.67
2024-12-31,08:00,December,Winter,Inverted-V,93,318.04,25.13,28.08,82.35,0.47,65.88,0.39,25.98,0.67
2024-12-31,08:15,December,Winter,Inverted-V,93,356.46,25.51,29.42,81.93,0.53,65.54,0.44,29.01,0.67
2024-12-31,08:30,December,Winter,Inverted-V,93,394.89,25.89,30.76,81.5,0.59,65.2,0.49,32.01,0.67
2024-12-31,08:45,December,Winter,Inverted-V,93,433.32,26.27,32.1,81.08,0.64,64.86,0.54,34.99,0.67
2024-12-31,09:00,December,Winter,Inverted-V,93,471.74,26.65,33.44,80.65,0.7,64.52,0.59,37.94,0.67
2024-12-31,09:15,December,Winter,Inverted-V,93,492.6,26.95,34.26,80.4,0.73,64.32,0.61,39.53,0.67
2024-12-31,09:30,December,Winter,Inverted-V,93,513.46,27.24,35.08,80.14,0.77,64.11,0.64,41.1,0.67
2024-12-31,09:45,December,Winter,Inverted-V,93,534.32,27.54,35.9,79.88,0.8,63.9,0.67,42.67,0.67
2024-12-31,10:00,December,Winter,Inverted-V,93,555.17,27.84,36.72,79.62,0.83,63.69,0.69,44.22,0.67
2024-12-31,10:15,December,Winter,Inverted-V,93,568.85,28.05,37.27,79.44,0.85,63.55,0.71,45.24,0.67
2024-12-31,10:30,December,Winter,Inverted-V,93,582.54,28.27,37.83,79.27,0.87,63.41,0.73,46.25,0.67
2024-12-31,10:45,December,Winter,Inverted-V,93,596.22,28.48,38.38,79.09,0.89,63.27,0.75,47.26,0.67
2024-12-31,11:00,December,Winter,Inverted-V,93,609.9,28.69,38.94,78.91,0.91,63.13,0.76,48.26,0.67
2024-12-31,11:15,December,Winter,Inverted-V,93,597.6,28.79,38.73,78.98,0.89,63.18,0.75,47.32,0.67
2024-12-31,11:30,December,Winter,Inverted-V,93,585.3,28.9,38.53,79.04,0.88,63.24,0.73,46.37,0.67
2024-12-31,11:45,December,Winter,Inverted-V,93,573.0,29.0,38.32,79.11,0.86,63.29,0.72,45.42,0.67
2024-12-31,12:00,December,Winter,Inverted-V,93,560.7,29.1,38.12,79.17,0.84,63.34,0.7,44.48,0.67
2024-12-31,12:15,December,Winter,Inverted-V,93,522.16,29.12,37.17,79.47,0.78,63.58,0.65,41.54,0.67
2024-12-31,12:30,December,Winter,Inverted-V,93,483.62,29.14,36.23,79.77,0.72,63.82,0.6,38.58,0.67
2024-12-31,12:45,December,Winter,Inverted-V,93,445.08,29.16,35.29,80.07,0.66,64.06,0.56,35.61,0.67
2024-12-31,13:00,December,Winter,Inverted-V,93,406.53,29.18,34.34,80.37,0.61,64.3,0.51,32.61,0.67
2024-12-31,13:15,December,Winter,Inverted-V,93,410.28,29.11,34.36,80.36,0.61,64.29,0.51,32.91,0.67
2024-12-31,13:30,December,Winter,Inverted-V,93,414.03,29.04,34.39,80.36,0.62,64.28,0.52,33.21,0.67
2024-12-31,13:45,December,Winter,Inverted-V,93,417.78,28.96,34.41,80.35,0.62,64.28,0.52,33.51,0.67
2024-12-31,14:00,December,Winter,Inverted-V,93,421.52,28.89,34.43,80.34,0.63,64.27,0.53,33.81,0.67
2024-12-31,14:15,December,Winter,Inverted-V,93,386.43,28.73,33.39,80.67,0.58,64.54,0.48,31.09,0.67
2024-12-31,14:30,December,Winter,Inverted-V,93,351.34,28.56,32.35,81.0,0.52,64.8,0.44,28.35,0.67
2024-12-31,14:45,December,Winter,Inverted-V,93,316.25,28.4,31.31,81.33,0.47,65.06,0.39,25.6,0.67
2024-12-31,15:00,December,Winter,Inverted-V,93,281.16,28.24,30.27,81.66,0.42,65.33,0.35,22.82,0.67
2024-12-31,15:15,December,Winter,Inverted-V,93,245.04,27.97,29.09,82.03,0.36,65.63,0.3,19.96,0.67
2024-12-31,15:30,December,Winter,Inverted-V,93,208.93,27.7,27.92,82.4,0.31,65.92,0.26,17.08,0.67
2024-12-31,15:45,December,Winter,Inverted-V,93,172.81,27.42,26.74,82.78,0.26,66.22,0.21,14.17,0.67
2024-12-31,16:00,December,Winter,Inverted-V,93,136.7,27.15,25.57,83.15,0.2,66.52,0.17,11.25,0.67
2024-12-31,16:15,December,Winter,Inverted-V,93,106.18,26.8,24.45,83.5,0.16,66.8,0.13,8.76,0.67
2024-12-31,16:30,December,Winter,Inverted-V,93,75.66,26.45,23.34,83.85,0.11,67.08,0.09,6.26,0.67
2024-12-31,16:45,December,Winter,Inverted-V,93,45.15,26.09,22.22,84.21,0.07,67.37,0.06,3.75,0.67
2024-12-31,17:00,December,Winter,Inverted-V,93,14.63,25.74,21.11,84.56,0.02,67.65,0.02,1.22,0.67
2024-12-31,17:15,December,Winter,Inverted-V,93,10.98,25.55,20.83,84.65,0.02,67.72,0.01,0.91,0.67
2024-12-31,17:30,December,Winter,Inverted-V,93,7.32,25.36,20.55,84.74,0.01,67.79,0.01,0.61,0.67
