Date,Time,Month,Season,Shape,Spacing_cm,Irradiation_Wm2,AmbientTemp_C,CellTemp_C,Voc_V,Isc_A,Vm_V,Im_A,Pm_W,FF
2024-04-01,05:15,April,Summer,Inverted-V,93,25.74,26.55,22.19,84.22,0.04,67.37,0.03,2.14,0.67
2024-04-01,05:30,April,Summer,Inverted-V,93,51.49,26.98,23.27,83.88,0.08,67.1,0.06,4.26,0.67
2024-04-01,05:45,April,Summer,Inverted-V,93,77.23,27.41,24.35,83.54,0.11,66.83,0.1,6.38,0.67
2024-04-01,06:00,April,Summer,Inverted-V,93,102.98,27.85,25.42,83.19,0.15,66.55,0.13,8.48,0.67
2024-04-01,06:15,April,Summer,Inverted-V,93,164.37,28.51,27.62,82.5,0.24,66.0,0.2,13.45,0.67
2024-04-01,06:30,April,Summer,Inverted-V,93,225.76,29.17,29.81,81.8,0.33,65.44,0.28,18.35,0.67
2024-04-01,06:45,April,Summer,Inverted-V,93,287.16,29.83,32.01,81.11,0.43,64.89,0.36,23.19,0.67
2024-04-01,07:00,April,Summer,Inverted-V,93,348.55,30.49,34.2,80.41,0.52,64.33,0.43,27.97,0.67
2024-04-01,07:15,April,Summer,Inverted-V,93,414.68,31.19,36.56,79.67,0.62,63.73,0.52,33.05,0.67
2024-04-01,07:30,April,Summer,Inverted-V,93,480.81,31.89,38.92,78.92,0.72,63.14,0.6,38.05,0.67
2024-04-01,07:45,April,Summer,Inverted-V,93,546.93,32.6,41.27,78.18,0.82,62.54,0.69,42.97,0.67
2024-04-01,08:00,April,Summer,Inverted-V,93,613.06,33.3,43.63,77.43,0.92,61.94,0.77,47.82,0.67
2024-04-01,08:15,April,Summer,Inverted-V,93,663.35,33.94,45.52,76.83,1.0,61.46,0.84,51.43,0.67
2024-04-01,08:30,April,Summer,Inverted-V,93,713.65,34.58,47.42,76.23,1.08,60.98,0.9,55.0,0.67
2024-04-01,08:45,April,Summer,Inverted-V,93,763.94,35.22,49.32,75.63,1.15,60.5,0.97,58.52,0.67
2024-04-01,09:00,April,Summer,Inverted-V,93,814.23,35.86,51.22,75.03,1.23,60.02,1.03,62.0,0.67
2024-04-01,09:15,April,Summer,Inverted-V,93,849.95,36.36,52.61,74.59,1.29,59.67,1.08,64.42,0.67
2024-04-01,09:30,April,Summer,Inverted-V,93,885.66,36.86,54.0,74.15,1.35,59.32,1.13,66.82,0.67
2024-04-01,09:45,April,Summer,Inverted-V,93,921.38,37.35,55.39,73.71,1.4,58.96,1.17,69.2,0.67
2024-04-01,10:00,April,Summer,Inverted-V,93,957.1,37.85,56.78,73.27,1.46,58.61,1.22,71.55,0.67
2024-04-01,10:15,April,Summer,Inverted-V,93,964.29,38.24,57.34,73.09,1.47,58.47,1.23,71.95,0.67
2024-04-01,10:30,April,Summer,Inverted-V,93,971.49,38.62,57.91,72.91,1.48,58.33,1.24,72.35,0.67
2024-04-01,10:45,April,Summer,Inverted-V,93,978.68,39.01,58.48,72.73,1.49,58.18,1.25,72.74,0.67
2024-04-01,11:00,April,Summer,Inverted-V,93,985.88,39.4,59.05,72.55,1.5,58.04,1.26,73.14,0.67
2024-04-01,11:15,April,Summer,Inverted-V,93,969.54,39.63,58.87,72.6,1.48,58.08,1.24,71.97,0.67
2024-04-01,11:30,April,Summer,Inverted-V,93,953.21,39.87,58.7,72.66,1.45,58.13,1.22,70.8,0.67
2024-04-01,11:45,April,Summer,Inverted-V,93,936.87,40.11,58.53,72.71,1.43,58.17,1.2,69.63,0.67
2024-04-01,12:00,April,Summer,Inverted-V,93,920.54,40.34,58.35,72.77,1.4,58.21,1.18,68.45,0.67
2024-04-01,12:15,April,Summer,Inverted-V,93,897.3,40.43,57.86,72.92,1.37,58.34,1.15,66.84,0.67
2024-04-01,12:30,April,Summer,Inverted-V,93,874.06,40.51,57.36,73.08,1.33,58.46,1.12,65.21,0.67
2024-04-01,12:45,April,Summer,Inverted-V,93,850.82,40.59,56.87,73.24,1.3,58.59,1.09,63.59,0.67
2024-04-01,13:00,April,Summer,Inverted-V,93,827.58,40.68,56.37,73.39,1.26,58.72,1.06,61.95,0.67
2024-04-01,13:15,April,Summer,Inverted-V,93,781.43,40.6,55.13,73.79,1.19,59.03,1.0,58.74,0.67
2024-04-01,13:30,April,Summer,Inverted-V,93,735.27,40.52,53.9,74.18,1.12,59.34,0.94,55.5,0.67
2024-04-01,13:45,April,Summer,Inverted-V,93,689.11,40.43,52.66,74.57,1.05,59.66,0.88,52.22,0.67
2024-04-01,14:00,April,Summer,Inverted-V,93,642.96,40.35,51.42,74.96,0.97,59.97,0.82,48.92,0.67
2024-04-01,14:15,April,Summer,Inverted-V,93,582.35,40.07,49.63,75.53,0.88,60.42,0.74,44.57,0.67
2024-04-01,14:30,April,Summer,Inverted-V,93,521.75,39.8,47.84,76.1,0.79,60.88,0.66,40.16,0.67
2024-04-01,14:45,April,Summer,Inverted-V,93,461.15,39.52,46.05,76.66,0.69,61.33,0.58,35.7,0.67
2024-04-01,15:00,April,Summer,Inverted-V,93,400.55,39.24,44.25,77.23,0.6,61.79,0.5,31.18,0.67
2024-04-01,15:15,April,Summer,Inverted-V,93,349.61,38.75,42.49,77.79,0.53,62.23,0.44,27.36,0.67
2024-04-01,15:30,April,Summer,Inverted-V,93,298.66,38.26,40.73,78.35,0.45,62.68,0.37,23.5,0.67
2024-04-01,15:45,April,Summer,Inverted-V,93,247.72,37.77,38.96,78.91,0.37,63.13,0.31,19.6,0.67
2024-04-01,16:00,April,Summer,Inverted-V,93,196.78,37.28,37.2,79.47,0.29,63.57,0.25,15.65,0.67
2024-04-01,16:15,April,Summer,Inverted-V,93,157.71,36.59,35.53,79.99,0.24,63.99,0.2,12.61,0.67
2024-04-01,16:30,April,Summer,Inverted-V,93,118.64,35.9,33.87,80.52,0.18,64.42,0.15,9.53,0.67
2024-04-01,16:45,April,Summer,Inverted-V,93,79.57,35.21,32.2,81.05,0.12,64.84,0.1,6.42,0.67
2024-04-01,17:00,April,Summer,Inverted-V,93,40.5,34.52,30.53,81.58,0.06,65.26,0.05,3.29,0.67
2024-04-01,17:15,April,Summer,Inverted-V,93,30.38,33.9,29.66,81.85,0.05,65.48,0.04,2.47,0.67
2024-04-01,17:30,April,Summer,Inverted-V,93,20.25,33.28,28.79,82.13,0.03,65.7,0.03,1.65,0.67
2024-04-01,17:45,April,Summer,Inverted-V,93,10.12,32.66,27.91,82.41,0.01,65.92,0.01,0.83,0.67
2024-04-02,05:15,April,Summer,Inverted-V,93,24.56,27.26,22.88,84.0,0.04,67.2,0.03,2.04,0.67
2024-04-02,05:30,April,Summer,Inverted-V,93,49.12,27.59,23.82,83.7,0.07,66.96,0.06,4.06,0.67
2024-04-02,05:45,April,Summer,Inverted-V,93,73.69,27.93,24.77,83.4,0.11,66.72,0.09,6.08,0.67
2024-04-02,06:00,April,Summer,Inverted-V,93,98.25,28.26,25.72,83.1,0.15,66.48,0.12,8.08,0.67
2024-04-02,06:15,April,Summer,Inverted-V,93,156.29,28.89,27.8,82.44,0.23,65.95,0.19,12.78,0.67
2024-04-02,06:30,April,Summer,Inverted-V,93,214.34,29.52,29.88,81.78,0.32,65.43,0.27,17.42,0.67
2024-04-02,06:45,April,Summer,Inverted-V,93,272.38,30.16,31.97,81.12,0.4,64.9,0.34,22.0,0.67
2024-04-02,07:00,April,Summer,Inverted-V,93,330.43,30.79,34.05,80.46,0.49,64.37,0.41,26.53,0.67
2024-04-02,07:15,April,Summer,Inverted-V,93,395.43,31.47,36.36,79.73,0.59,63.79,0.49,31.53,0.67
2024-04-02,07:30,April,Summer,Inverted-V,93,460.43,32.16,38.67,79.0,0.69,63.2,0.58,36.46,0.67
2024-04-02,07:45,April,Summer,Inverted-V,93,525.43,32.84,40.97,78.27,0.79,62.62,0.66,41.32,0.67
2024-04-02,08:00,April,Summer,Inverted-V,93,590.44,33.52,43.28,77.54,0.89,62.03,0.74,46.1,0.67
2024-04-02,08:15,April,Summer,Inverted-V,93,638.8,34.14,45.11,76.96,0.96,61.57,0.81,49.59,0.67
2024-04-02,08:30,April,Summer,Inverted-V,93,687.17,34.77,46.94,76.38,1.04,61.1,0.87,53.04,0.67
2024-04-02,08:45,April,Summer,Inverted-V,93,735.53,35.39,48.78,75.8,1.11,60.64,0.93,56.45,0.67
2024-04-02,09:00,April,Summer,Inverted-V,93,783.9,36.01,50.61,75.22,1.19,60.18,0.99,59.8,0.67
2024-04-02,09:15,April,Summer,Inverted-V,93,821.56,36.52,52.06,74.76,1.25,59.81,1.04,62.38,0.67
2024-04-02,09:30,April,Summer,Inverted-V,93,859.23,37.03,53.51,74.3,1.3,59.44,1.09,64.93,0.67
2024-04-02,09:45,April,Summer,Inverted-V,93,896.89,37.54,54.96,73.84,1.36,59.07,1.14,67.46,0.67
2024-04-02,10:00,April,Summer,Inverted-V,93,934.56,38.05,56.41,73.38,1.42,58.7,1.19,69.95,0.67
2024-04-02,10:15,April,Summer,Inverted-V,93,956.91,38.39,57.32,73.1,1.46,58.48,1.22,71.41,0.67
2024-04-02,10:30,April,Summer,Inverted-V,93,979.26,38.73,58.22,72.81,1.49,58.25,1.25,72.85,0.67
2024-04-02,10:45,April,Summer,Inverted-V,93,1001.62,39.08,59.12,72.52,1.53,58.02,1.28,74.29,0.67
2024-04-02,11:00,April,Summer,Inverted-V,93,1023.97,39.42,60.02,72.24,1.56,57.79,1.31,75.71,0.67
2024-04-02,11:15,April,Summer,Inverted-V,93,1014.14,39.62,59.98,72.25,1.55,57.8,1.3,75.0,0.67
2024-04-02,11:30,April,Summer,Inverted-V,93,1004.3,39.83,59.94,72.27,1.53,57.81,1.28,74.28,0.67
2024-04-02,11:45,April,Summer,Inverted-V,93,994.47,40.04,59.9,72.28,1.52,57.82,1.27,73.56,0.67
2024-04-02,12:00,April,Summer,Inverted-V,93,984.64,40.24,59.86,72.29,1.5,57.83,1.26,72.85,0.67
2024-04-02,12:15,April,Summer,Inverted-V,93,946.52,40.29,58.95,72.58,1.44,58.06,1.21,70.24,0.67
2024-04-02,12:30,April,Summer,Inverted-V,93,908.4,40.34,58.05,72.86,1.39,58.29,1.16,67.62,0.67
2024-04-02,12:45,April,Summer,Inverted-V,93,870.29,40.39,57.15,73.15,1.33,58.52,1.11,64.98,0.67
2024-04-02,13:00,April,Summer,Inverted-V,93,832.17,40.44,56.24,73.43,1.27,58.75,1.06,62.32,0.67
2024-04-02,13:15,April,Summer,Inverted-V,93,799.77,40.37,55.36,73.71,1.22,58.97,1.02,60.07,0.67
2024-04-02,13:30,April,Summer,Inverted-V,93,767.37,40.3,54.48,73.99,1.17,59.19,0.98,57.81,0.67
2024-04-02,13:45,April,Summer,Inverted-V,93,734.97,40.22,53.6,74.27,1.12,59.42,0.93,55.53,0.67
2024-04-02,14:00,April,Summer,Inverted-V,93,702.57,40.15,52.71,74.55,1.07,59.64,0.89,53.23,0.67
2024-04-02,14:15,April,Summer,Inverted-V,93,639.1,39.91,50.88,75.13,0.97,60.11,0.81,48.71,0.67
2024-04-02,14:30,April,Summer,Inverted-V,93,575.63,39.66,49.05,75.71,0.87,60.57,0.73,44.14,0.67
2024-04-02,14:45,April,Summer,Inverted-V,93,512.16,39.41,47.22,76.29,0.77,61.03,0.65,39.5,0.67
2024-04-02,15:00,April,Summer,Inverted-V,93,448.69,39.17,45.39,76.87,0.68,61.5,0.57,34.8,0.67
2024-04-02,15:15,April,Summer,Inverted-V,93,391.17,38.72,43.5,77.47,0.59,61.98,0.49,30.52,0.67
2024-04-02,15:30,April,Summer,Inverted-V,93,333.66,38.27,41.61,78.07,0.5,62.45,0.42,26.19,0.67
2024-04-02,15:45,April,Summer,Inverted-V,93,276.14,37.82,39.72,78.67,0.41,62.93,0.35,21.8,0.67
2024-04-02,16:00,April,Summer,Inverted-V,93,218.62,37.37,37.84,79.26,0.33,63.41,0.27,17.36,0.67
2024-04-02,16:15,April,Summer,Inverted-V,93,173.61,36.77,36.11,79.81,0.26,63.85,0.22,13.85,0.67
2024-04-02,16:30,April,Summer,Inverted-V,93,128.59,36.17,34.39,80.35,0.19,64.28,0.16,10.31,0.67
2024-04-02,16:45,April,Summer,Inverted-V,93,83.57,35.58,32.67,80.9,0.12,64.72,0.1,6.74,0.67
2024-04-02,17:00,April,Summer,Inverted-V,93,38.56,34.98,30.94,81.45,0.06,65.16,0.05,3.12,0.67
2024-04-02,17:15,April,Summer,Inverted-V,93,28.92,34.38,30.11,81.71,0.04,65.37,0.04,2.35,0.67
2024-04-02,17:30,April,Summer,Inverted-V,93,19.28,33.78,29.27,81.98,0.03,65.58,0.02,1.57,0.67
2024-04-02,17:45,April,Summer,Inverted-V,93,9.64,33.19,28.43,82.24,0.01,65.79,0.01,0.79,0.67
2024-04-03,05:15,April,Summer,Inverted-V,93,23.8,27.02,22.61,84.08,0.04,67.27,0.03,1.97,0.67
2024-04-03,05:30,April,Summer,Inverted-V,93,47.6,27.24,23.44,83.82,0.07,67.06,0.06,3.94,0.67
2024-04-03,05:45,April,Summer,Inverted-V,93,71.4,27.47,24.26,83.56,0.11,66.85,0.09,5.9,0.67
2024-04-03,06:00,April,Summer,Inverted-V,93,95.2,27.7,25.08,83.3,0.14,66.64,0.12,7.84,0.67
2024-04-03,06:15,April,Summer,Inverted-V,93,146.94,28.18,26.85,82.74,0.22,66.19,0.18,12.05,0.67
2024-04-03,06:30,April,Summer,Inverted-V,93,198.68,28.66,28.63,82.18,0.29,65.74,0.25,16.2,0.67
2024-04-03,06:45,April,Summer,Inverted-V,93,250.41,29.14,30.4,81.62,0.37,65.29,0.31,20.32,0.67
2024-04-03,07:00,April,Summer,Inverted-V,93,302.15,29.62,32.17,81.06,0.45,64.85,0.38,24.39,0.67
2024-04-03,07:15,April,Summer,Inverted-V,93,356.94,30.31,34.23,80.4,0.53,64.32,0.45,28.64,0.67
2024-04-03,07:30,April,Summer,Inverted-V,93,411.73,31.0,36.29,79.75,0.61,63.8,0.51,32.84,0.67
2024-04-03,07:45,April,Summer,Inverted-V,93,466.52,31.69,38.35,79.1,0.7,63.28,0.58,36.98,0.67
2024-04-03,08:00,April,Summer,Inverted-V,93,521.32,32.38,40.41,78.45,0.78,62.76,0.65,41.07,0.67
2024-04-03,08:15,April,Summer,Inverted-V,93,562.87,32.95,42.03,77.94,0.84,62.35,0.71,44.12,0.67
2024-04-03,08:30,April,Summer,Inverted-V,93,604.42,33.53,43.64,77.43,0.91,61.94,0.76,47.14,0.67
2024-04-03,08:45,April,Summer,Inverted-V,93,645.98,34.11,45.25,76.91,0.97,61.53,0.81,50.13,0.67
2024-04-03,09:00,April,Summer,Inverted-V,93,687.53,34.68,46.87,76.4,1.04,61.12,0.87,53.08,0.67
2024-04-03,09:15,April,Summer,Inverted-V,93,719.1,35.16,48.14,76.0,1.09,60.8,0.91,55.3,0.67
2024-04-03,09:30,April,Summer,Inverted-V,93,750.67,35.64,49.41,75.6,1.14,60.48,0.95,57.49,0.67
2024-04-03,09:45,April,Summer,Inverted-V,93,782.24,36.12,50.68,75.2,1.18,60.16,0.99,59.66,0.67
2024-04-03,10:00,April,Summer,Inverted-V,93,813.81,36.6,51.95,74.8,1.23,59.84,1.03,61.82,0.67
2024-04-03,10:15,April,Summer,Inverted-V,93,831.17,36.97,52.75,74.54,1.26,59.63,1.06,62.97,0.67
2024-04-03,10:30,April,Summer,Inverted-V,93,848.52,37.34,53.56,74.29,1.29,59.43,1.08,64.11,0.67
2024-04-03,10:45,April,Summer,Inverted-V,93,865.87,37.72,54.36,74.03,1.32,59.22,1.1,65.25,0.67
2024-04-03,11:00,April,Summer,Inverted-V,93,883.22,38.09,55.17,73.77,1.34,59.02,1.12,66.38,0.67
2024-04-03,11:15,April,Summer,Inverted-V,93,871.13,38.33,55.1,73.8,1.32,59.04,1.11,65.49,0.67
2024-04-03,11:30,April,Summer,Inverted-V,93,859.03,38.56,55.04,73.82,1.31,59.05,1.09,64.59,0.67
2024-04-03,11:45,April,Summer,Inverted-V,93,846.94,38.8,54.97,73.84,1.29,59.07,1.08,63.7,0.67
2024-04-03,12:00,April,Summer,Inverted-V,93,834.84,39.03,54.9,73.86,1.27,59.09,1.06,62.8,0.67
2024-04-03,12:15,April,Summer,Inverted-V,93,817.41,39.12,54.56,73.97,1.24,59.18,1.04,61.56,0.67
2024-04-03,12:30,April,Summer,Inverted-V,93,799.98,39.21,54.21,74.08,1.22,59.26,1.02,60.32,0.67
2024-04-03,12:45,April,Summer,Inverted-V,93,782.55,39.3,53.86,74.19,1.19,59.35,1.0,59.07,0.67
2024-04-03,13:00,April,Summer,Inverted-V,93,765.13,39.39,53.52,74.3,1.16,59.44,0.97,57.82,0.67
2024-04-03,13:15,April,Summer,Inverted-V,93,742.18,39.31,52.86,74.5,1.13,59.6,0.94,56.21,0.67
2024-04-03,13:30,April,Summer,Inverted-V,93,719.24,39.23,52.21,74.71,1.09,59.77,0.91,54.59,0.67
2024-04-03,13:45,April,Summer,Inverted-V,93,696.29,39.15,51.56,74.92,1.06,59.93,0.88,52.96,0.67
2024-04-03,14:00,April,Summer,Inverted-V,93,673.35,39.07,50.9,75.13,1.02,60.1,0.85,51.32,0.67
2024-04-03,14:15,April,Summer,Inverted-V,93,625.44,38.84,49.48,75.58,0.95,60.46,0.79,47.89,0.67
2024-04-03,14:30,April,Summer,Inverted-V,93,577.52,38.61,48.05,76.03,0.87,60.82,0.73,44.42,0.67
2024-04-03,14:45,April,Summer,Inverted-V,93,529.61,38.38,46.62,76.48,0.8,61.19,0.67,40.92,0.67
2024-04-03,15:00,April,Summer,Inverted-V,93,481.7,38.15,45.19,76.93,0.73,61.55,0.61,37.39,0.67
2024-04-03,15:15,April,Summer,Inverted-V,93,423.37,37.76,43.34,77.52,0.64,62.02,0.53,33.05,0.67
2024-04-03,15:30,April,Summer,Inverted-V,93,365.04,37.36,41.49,78.11,0.55,62.48,0.46,28.66,0.67
2024-04-03,15:45,April,Summer,Inverted-V,93,306.71,36.97,39.64,78.69,0.46,62.95,0.38,24.22,0.67
2024-04-03,16:00,April,Summer,Inverted-V,93,248.38,36.58,37.79,79.28,0.37,63.42,0.31,19.72,0.67
2024-04-03,16:15,April,Summer,Inverted-V,93,199.89,36.02,36.02,79.84,0.3,63.87,0.25,15.96,0.67
2024-04-03,16:30,April,Summer,Inverted-V,93,151.39,35.47,34.25,80.4,0.23,64.32,0.19,12.15,0.67
2024-04-03,16:45,April,Summer,Inverted-V,93,102.9,34.91,32.48,80.96,0.15,64.77,0.13,8.3,0.67
2024-04-03,17:00,April,Summer,Inverted-V,93,54.41,34.35,30.71,81.52,0.08,65.22,0.07,4.41,0.67
2024-04-03,17:15,April,Summer,Inverted-V,93,40.81,33.8,29.82,81.8,0.06,65.44,0.05,3.32,0.67
2024-04-03,17:30,April,Summer,Inverted-V,93,27.21,33.25,28.93,82.09,0.04,65.67,0.03,2.22,0.67
2024-04-03,17:45,April,Summer,Inverted-V,93,13.6,32.69,28.03,82.37,0.02,65.89,0.02,1.11,0.67
2024-04-04,05:15,April,Summer,Inverted-V,93,25.02,27.31,22.93,83.98,0.04,67.19,0.03,2.07,0.67
2024-04-04,05:30,April,Summer,Inverted-V,93,50.05,27.64,23.9,83.68,0.07,66.94,0.06,4.14,0.67
2024-04-04,05:45,April,Summer,Inverted-V,93,75.07,27.98,24.86,83.37,0.11,66.7,0.09,6.19,0.67
2024-04-04,06:00,April,Summer,Inverted-V,93,100.09,28.32,25.82,83.07,0.15,66.45,0.12,8.23,0.67
2024-04-04,06:15,April,Summer,Inverted-V,93,151.51,28.93,27.72,82.47,0.22,65.97,0.19,12.39,0.67
2024-04-04,06:30,April,Summer,Inverted-V,93,202.92,29.54,29.61,81.87,0.3,65.5,0.25,16.5,0.67
2024-04-04,06:45,April,Summer,Inverted-V,93,254.33,30.14,31.5,81.27,0.38,65.02,0.32,20.57,0.67
2024-04-04,07:00,April,Summer,Inverted-V,93,305.75,30.75,33.39,80.67,0.46,64.54,0.38,24.6,0.67
2024-04-04,07:15,April,Summer,Inverted-V,93,366.33,31.41,35.57,79.98,0.55,63.98,0.46,29.28,0.67
2024-04-04,07:30,April,Summer,Inverted-V,93,426.91,32.08,37.75,79.29,0.64,63.43,0.53,33.9,0.67
2024-04-04,07:45,April,Summer,Inverted-V,93,487.5,32.74,39.92,78.6,0.73,62.88,0.61,38.46,0.67
2024-04-04,08:00,April,Summer,Inverted-V,93,548.08,33.4,42.1,77.91,0.82,62.33,0.69,42.95,0.67
2024-04-04,08:15,April,Summer,Inverted-V,93,597.06,33.98,43.91,77.34,0.9,61.87,0.75,46.53,0.67
2024-04-04,08:30,April,Summer,Inverted-V,93,646.03,34.57,45.72,76.77,0.97,61.41,0.82,50.06,0.67
2024-04-04,08:45,April,Summer,Inverted-V,93,695.01,35.16,47.53,76.19,1.05,60.96,0.88,53.55,0.67
2024-04-04,09:00,April,Summer,Inverted-V,93,743.99,35.74,49.34,75.62,1.12,60.5,0.94,56.99,0.67
2024-04-04,09:15,April,Summer,Inverted-V,93,785.7,36.2,50.85,75.14,1.19,60.11,1.0,59.9,0.67
2024-04-04,09:30,April,Summer,Inverted-V,93,827.4,36.67,52.36,74.67,1.25,59.73,1.05,62.77,0.67
2024-04-04,09:45,April,Summer,Inverted-V,93,869.11,37.14,53.86,74.19,1.32,59.35,1.11,65.6,0.67
2024-04-04,10:00,April,Summer,Inverted-V,93,910.82,37.6,55.37,73.71,1.39,58.97,1.16,68.41,0.67
2024-04-04,10:15,April,Summer,Inverted-V,93,934.94,37.95,56.32,73.41,1.42,58.73,1.19,70.0,0.67
2024-04-04,10:30,April,Summer,Inverted-V,93,959.07,38.3,57.27,73.11,1.46,58.49,1.22,71.58,0.67
2024-04-04,10:45,April,Summer,Inverted-V,93,983.19,38.64,58.22,72.81,1.5,58.25,1.26,73.14,0.67
2024-04-04,11:00,April,Summer,Inverted-V,93,1007.32,38.99,59.17,72.51,1.54,58.01,1.29,74.7,0.67
2024-04-04,11:15,April,Summer,Inverted-V,93,992.98,39.18,59.0,72.56,1.52,58.05,1.27,73.68,0.67
2024-04-04,11:30,April,Summer,Inverted-V,93,978.64,39.37,58.84,72.61,1.49,58.09,1.25,72.65,0.67
2024-04-04,11:45,April,Summer,Inverted-V,93,964.31,39.56,58.67,72.67,1.47,58.13,1.23,71.63,0.67
2024-04-04,12:00,April,Summer,Inverted-V,93,949.97,39.75,58.5,72.72,1.45,58.18,1.21,70.61,0.67
2024-04-04,12:15,April,Summer,Inverted-V,93,923.44,39.75,57.83,72.93,1.41,58.35,1.18,68.79,0.67
2024-04-04,12:30,April,Summer,Inverted-V,93,896.9,39.75,57.17,73.14,1.37,58.51,1.14,66.96,0.67
2024-04-04,12:45,April,Summer,Inverted-V,93,870.37,39.74,56.5,73.35,1.33,58.68,1.11,65.13,0.67
2024-04-04,13:00,April,Summer,Inverted-V,93,843.84,39.74,55.84,73.56,1.28,58.85,1.08,63.28,0.67
2024-04-04,13:15,April,Summer,Inverted-V,93,799.78,39.53,54.53,73.98,1.22,59.18,1.02,60.24,0.67
2024-04-04,13:30,April,Summer,Inverted-V,93,755.73,39.33,53.22,74.39,1.15,59.51,0.96,57.17,0.67
2024-04-04,13:45,April,Summer,Inverted-V,93,711.68,39.12,51.91,74.81,1.08,59.85,0.9,54.07,0.67
2024-04-04,14:00,April,Summer,Inverted-V,93,667.62,38.91,50.6,75.22,1.01,60.18,0.85,50.93,0.67
2024-04-04,14:15,April,Summer,Inverted-V,93,618.58,38.59,49.06,75.71,0.93,60.57,0.78,47.43,0.67
2024-04-04,14:30,April,Summer,Inverted-V,93,569.53,38.27,47.51,76.2,0.86,60.96,0.72,43.88,0.67
2024-04-04,14:45,April,Summer,Inverted-V,93,520.49,37.96,45.97,76.69,0.78,61.35,0.66,40.3,0.67
2024-04-04,15:00,April,Summer,Inverted-V,93,471.44,37.64,44.43,77.18,0.71,61.74,0.59,36.68,0.67
2024-04-04,15:15,April,Summer,Inverted-V,93,415.55,37.2,42.59,77.76,0.62,62.21,0.52,32.52,0.67
2024-04-04,15:30,April,Summer,Inverted-V,93,359.65,36.76,40.75,78.34,0.54,62.67,0.45,28.3,0.67
2024-04-04,15:45,April,Summer,Inverted-V,93,303.76,36.32,38.91,78.92,0.45,63.14,0.38,24.04,0.67
2024-04-04,16:00,April,Summer,Inverted-V,93,247.86,35.88,37.08,79.5,0.37,63.6,0.31,19.72,0.67
2024-04-04,16:15,April,Summer,Inverted-V,93,199.94,35.34,35.34,80.05,0.3,64.04,0.25,15.99,0.67
2024-04-04,16:30,April,Summer,Inverted-V,93,152.01,34.81,33.61,80.6,0.23,64.48,0.19,12.22,0.67
2024-04-04,16:45,April,Summer,Inverted-V,93,104.09,34.28,31.88,81.15,0.15,64.92,0.13,8.41,0.67
2024-04-04,17:00,April,Summer,Inverted-V,93,56.16,33.74,30.14,81.7,0.08,65.36,0.07,4.56,0.67
2024-04-04,17:15,April,Summer,Inverted-V,93,42.12,33.29,29.34,81.95,0.06,65.56,0.05,3.43,0.67
2024-04-04,17:30,April,Summer,Inverted-V,93,28.08,32.84,28.54,82.21,0.04,65.77,0.03,2.29,0.67
2024-04-04,17:45,April,Summer,Inverted-V,93,14.04,32.38,27.73,82.46,0.02,65.97,0.02,1.15,0.67
2024-04-05,05:15,April,Summer,Inverted-V,93,26.99,26.81,22.48,84.12,0.04,67.3,0.03,2.24,0.67
2024-04-05,05:30,April,Summer,Inverted-V,93,53.98,27.32,23.67,83.75,0.08,67.0,0.07,4.47,0.67
2024-04-05,05:45,April,Summer,Inverted-V,93,80.98,27.83,24.85,83.37,0.12,66.7,0.1,6.68,0.67
2024-04-05,06:00,April,Summer,Inverted-V,93,107.97,28.34,26.04,83.0,0.16,66.4,0.13,8.87,0.67
2024-04-05,06:15,April,Summer,Inverted-V,93,165.85,29.11,28.26,82.3,0.25,65.84,0.21,13.54,0.67
2024-04-05,06:30,April,Summer,Inverted-V,93,223.73,29.88,30.47,81.59,0.33,65.28,0.28,18.15,0.67
2024-04-05,06:45,April,Summer,Inverted-V,93,281.62,30.65,32.69,80.89,0.42,64.71,0.35,22.7,0.67
2024-04-05,07:00,April,Summer,Inverted-V,93,339.5,31.42,34.91,80.19,0.51,64.15,0.42,27.19,0.67
2024-04-05,07:15,April,Summer,Inverted-V,93,402.58,32.13,37.19,79.47,0.6,63.57,0.5,32.02,0.67
2024-04-05,07:30,April,Summer,Inverted-V,93,465.65,32.84,39.48,78.74,0.7,62.99,0.58,36.79,0.67
2024-04-05,07:45,April,Summer,Inverted-V,93,528.73,33.55,41.77,78.02,0.79,62.41,0.66,41.48,0.67
2024-04-05,08:00,April,Summer,Inverted-V,93,591.81,34.26,44.06,77.29,0.89,61.84,0.75,46.1,0.67
2024-04-05,08:15,April,Summer,Inverted-V,93,646.43,34.95,46.11,76.64,0.97,61.32,0.82,50.03,0.67
2024-04-05,08:30,April,Summer,Inverted-V,93,701.06,35.63,48.16,76.0,1.06,60.8,0.89,53.91,0.67
2024-04-05,08:45,April,Summer,Inverted-V,93,755.68,36.31,50.21,75.35,1.14,60.28,0.96,57.73,0.67
2024-04-05,09:00,April,Summer,Inverted-V,93,810.3,37.0,52.26,74.7,1.23,59.76,1.03,61.49,0.67
2024-04-05,09:15,April,Summer,Inverted-V,93,840.33,37.53,53.54,74.29,1.28,59.43,1.07,63.5,0.67
2024-04-05,09:30,April,Summer,Inverted-V,93,870.36,38.06,54.82,73.88,1.32,59.11,1.11,65.49,0.67
2024-04-05,09:45,April,Summer,Inverted-V,93,900.39,38.6,56.11,73.48,1.37,58.78,1.15,67.46,0.67
2024-04-05,10:00,April,Summer,Inverted-V,93,930.42,39.13,57.39,73.07,1.42,58.46,1.19,69.41,0.67
2024-04-05,10:15,April,Summer,Inverted-V,93,939.57,39.51,57.99,72.88,1.43,58.3,1.2,69.95,0.67
2024-04-05,10:30,April,Summer,Inverted-V,93,948.73,39.88,58.6,72.69,1.45,58.15,1.21,70.49,0.67
2024-04-05,10:45,April,Summer,Inverted-V,93,957.88,40.26,59.2,72.5,1.46,58.0,1.22,71.02,0.67
2024-04-05,11:00,April,Summer,Inverted-V,93,967.03,40.63,59.81,72.31,1.48,57.85,1.24,71.56,0.67
2024-04-05,11:15,April,Summer,Inverted-V,93,961.8,40.86,59.9,72.28,1.47,57.82,1.23,71.15,0.67
2024-04-05,11:30,April,Summer,Inverted-V,93,956.57,41.08,59.99,72.25,1.46,57.8,1.22,70.74,0.67
2024-04-05,11:45,April,Summer,Inverted-V,93,951.34,41.3,60.09,72.22,1.45,57.77,1.22,70.33,0.67
2024-04-05,12:00,April,Summer,Inverted-V,93,946.11,41.53,60.18,72.19,1.45,57.75,1.21,69.92,0.67
2024-04-05,12:15,April,Summer,Inverted-V,93,920.92,41.6,59.62,72.36,1.41,57.89,1.18,68.19,0.67
2024-04-05,12:30,April,Summer,Inverted-V,93,895.73,41.67,59.06,72.54,1.37,58.03,1.14,66.45,0.67
2024-04-05,12:45,April,Summer,Inverted-V,93,870.53,41.74,58.5,72.72,1.33,58.18,1.11,64.7,0.67
2024-04-05,13:00,April,Summer,Inverted-V,93,845.34,41.81,57.94,72.9,1.29,58.32,1.08,62.95,0.67
2024-04-05,13:15,April,Summer,Inverted-V,93,810.49,41.7,56.96,73.21,1.23,58.57,1.03,60.55,0.67
2024-04-05,13:30,April,Summer,Inverted-V,93,775.64,41.59,55.98,73.52,1.18,58.82,0.99,58.14,0.67
2024-04-05,13:45,April,Summer,Inverted-V,93,740.79,41.47,54.99,73.83,1.13,59.06,0.94,55.71,0.67
2024-04-05,14:00,April,Summer,Inverted-V,93,705.94,41.36,54.01,74.14,1.07,59.31,0.9,53.26,0.67
2024-04-05,14:15,April,Summer,Inverted-V,93,653.35,41.05,52.38,74.66,0.99,59.73,0.83,49.56,0.67
2024-04-05,14:30,April,Summer,Inverted-V,93,600.77,40.73,50.75,75.17,0.91,60.14,0.76,45.81,0.67
2024-04-05,14:45,April,Summer,Inverted-V,93,548.18,40.42,49.13,75.69,0.83,60.55,0.69,42.02,0.67
2024-04-05,15:00,April,Summer,Inverted-V,93,495.59,40.11,47.5,76.2,0.75,60.96,0.63,38.19,0.67
2024-04-05,15:15,April,Summer,Inverted-V,93,434.95,39.59,45.46,76.85,0.66,61.48,0.55,33.73,0.67
2024-04-05,15:30,April,Summer,Inverted-V,93,374.3,39.07,43.43,77.49,0.56,61.99,0.47,29.21,0.67
2024-04-05,15:45,April,Summer,Inverted-V,93,313.66,38.55,41.39,78.14,0.47,62.51,0.39,24.63,0.67
2024-04-05,16:00,April,Summer,Inverted-V,93,253.01,38.03,39.36,78.78,0.38,63.03,0.32,19.99,0.67
2024-04-05,16:15,April,Summer,Inverted-V,93,203.12,37.3,37.38,79.41,0.3,63.53,0.25,16.15,0.67
2024-04-05,16:30,April,Summer,Inverted-V,93,153.22,36.58,35.41,80.03,0.23,64.03,0.19,12.25,0.67
2024-04-05,16:45,April,Summer,Inverted-V,93,103.32,35.86,33.44,80.66,0.15,64.52,0.13,8.31,0.67
2024-04-05,17:00,April,Summer,Inverted-V,93,53.43,35.13,31.47,81.28,0.08,65.02,0.07,4.32,0.67
2024-04-05,17:15,April,Summer,Inverted-V,93,40.07,34.46,30.46,81.6,0.06,65.28,0.05,3.25,0.67
2024-04-05,17:30,April,Summer,Inverted-V,93,26.71,33.79,29.46,81.92,0.04,65.53,0.03,2.17,0.67
2024-04-05,17:45,April,Summer,Inverted-V,93,13.36,33.12,28.45,82.23,0.02,65.79,0.02,1.09,0.67
2024-04-06,05:15,April,Summer,Inverted-V,93,27.24,27.82,23.5,83.8,0.04,67.04,0.03,2.25,0.67
2024-04-06,05:30,April,Summer,Inverted-V,93,54.48,28.23,24.59,83.46,0.08,66.77,0.07,4.49,0.67
2024-04-06,05:45,April,Summer,Inverted-V,93,81.71,28.63,25.67,83.12,0.12,66.49,0.1,6.72,0.67
2024-04-06,06:00,April,Summer,Inverted-V,93,108.95,29.03,26.75,82.77,0.16,66.22,0.13,8.93,0.67
2024-04-06,06:15,April,Summer,Inverted-V,93,169.75,29.68,28.92,82.09,0.25,65.67,0.21,13.83,0.67
2024-04-06,06:30,April,Summer,Inverted-V,93,230.56,30.32,31.08,81.4,0.34,65.12,0.29,18.67,0.67
2024-04-06,06:45,April,Summer,Inverted-V,93,291.36,30.96,33.25,80.72,0.43,64.57,0.36,23.45,0.67
2024-04-06,07:00,April,Summer,Inverted-V,93,352.17,31.61,35.41,80.03,0.53,64.02,0.44,28.16,0.67
2024-04-06,07:15,April,Summer,Inverted-V,93,420.54,32.23,37.74,79.29,0.63,63.43,0.53,33.4,0.67
2024-04-06,07:30,April,Summer,Inverted-V,93,488.91,32.84,40.07,78.56,0.73,62.85,0.61,38.55,0.67
2024-04-06,07:45,April,Summer,Inverted-V,93,557.27,33.46,42.39,77.82,0.84,62.26,0.7,43.63,0.67
2024-04-06,08:00,April,Summer,Inverted-V,93,625.64,34.08,44.72,77.08,0.94,61.67,0.79,48.63,0.67
2024-04-06,08:15,April,Summer,Inverted-V,93,680.79,34.68,46.7,76.46,1.03,61.16,0.86,52.59,0.67
2024-04-06,08:30,April,Summer,Inverted-V,93,735.94,35.28,48.68,75.83,1.11,60.66,0.93,56.49,0.67
2024-04-06,08:45,April,Summer,Inverted-V,93,791.09,35.89,50.66,75.2,1.2,60.16,1.0,60.34,0.67
2024-04-06,09:00,April,Summer,Inverted-V,93,846.23,36.49,52.65,74.57,1.28,59.66,1.07,64.13,0.67
2024-04-06,09:15,April,Summer,Inverted-V,93,886.93,37.02,54.19,74.08,1.35,59.27,1.13,66.88,0.67
2024-04-06,09:30,April,Summer,Inverted-V,93,927.63,37.55,55.74,73.6,1.41,58.88,1.18,69.59,0.67
2024-04-06,09:45,April,Summer,Inverted-V,93,968.33,38.07,57.28,73.11,1.48,58.49,1.24,72.27,0.67
2024-04-06,10:00,April,Summer,Inverted-V,93,1009.02,38.6,58.83,72.62,1.54,58.09,1.29,74.91,0.67
2024-04-06,10:15,April,Summer,Inverted-V,93,1030.43,38.98,59.74,72.33,1.57,57.86,1.32,76.26,0.67
2024-04-06,10:30,April,Summer,Inverted-V,93,1051.83,39.36,60.65,72.04,1.61,57.63,1.35,77.6,0.67
2024-04-06,10:45,April,Summer,Inverted-V,93,1073.23,39.73,61.56,71.75,1.64,57.4,1.38,78.94,0.67
2024-04-06,11:00,April,Summer,Inverted-V,93,1094.63,40.11,62.48,71.46,1.68,57.17,1.4,80.26,0.67
2024-04-06,11:15,April,Summer,Inverted-V,93,1073.67,40.32,62.16,71.56,1.64,57.25,1.38,78.8,0.67
2024-04-06,11:30,April,Summer,Inverted-V,93,1052.7,40.53,61.85,71.66,1.61,57.33,1.35,77.35,0.67
2024-04-06,11:45,April,Summer,Inverted-V,93,1031.74,40.74,61.53,71.76,1.58,57.41,1.32,75.89,0.67
2024-04-06,12:00,April,Summer,Inverted-V,93,1010.77,40.95,61.22,71.86,1.55,57.49,1.29,74.43,0.67
2024-04-06,12:15,April,Summer,Inverted-V,93,995.75,40.99,60.89,71.96,1.52,57.57,1.28,73.41,0.67
2024-04-06,12:30,April,Summer,Inverted-V,93,980.72,41.03,60.55,72.07,1.5,57.66,1.26,72.38,0.67
2024-04-06,12:45,April,Summer,Inverted-V,93,965.7,41.08,60.22,72.18,1.48,57.74,1.24,71.36,0.67
2024-04-06,13:00,April,Summer,Inverted-V,93,950.67,41.12,59.89,72.28,1.45,57.82,1.22,70.32,0.67
2024-04-06,13:15,April,Summer,Inverted-V,93,912.47,41.0,58.81,72.62,1.39,58.1,1.17,67.75,0.67
2024-04-06,13:30,April,Summer,Inverted-V,93,874.28,40.88,57.74,72.96,1.33,58.37,1.12,65.15,0.67
2024-04-06,13:45,April,Summer,Inverted-V,93,836.08,40.76,56.66,73.3,1.27,58.64,1.07,62.53,0.67
2024-04-06,14:00,April,Summer,Inverted-V,93,797.88,40.64,55.59,73.64,1.21,58.91,1.02,59.88,0.67
2024-04-06,14:15,April,Summer,Inverted-V,93,740.69,40.34,53.86,74.19,1.12,59.35,0.94,55.91,0.67
2024-04-06,14:30,April,Summer,Inverted-V,93,683.49,40.04,52.13,74.74,1.04,59.79,0.87,51.89,0.67
2024-04-06,14:45,April,Summer,Inverted-V,93,626.3,39.74,50.4,75.29,0.95,60.23,0.79,47.81,0.67
2024-04-06,15:00,April,Summer,Inverted-V,93,569.11,39.44,48.67,75.83,0.86,60.67,0.72,43.69,0.67
2024-04-06,15:15,April,Summer,Inverted-V,93,501.48,38.97,46.51,76.52,0.76,61.21,0.63,38.76,0.67
2024-04-06,15:30,April,Summer,Inverted-V,93,433.85,38.5,44.35,77.2,0.65,61.76,0.55,33.76,0.67
2024-04-06,15:45,April,Summer,Inverted-V,93,366.23,38.03,42.19,77.89,0.55,62.31,0.46,28.69,0.67
2024-04-06,16:00,April,Summer,Inverted-V,93,298.6,37.56,40.02,78.57,0.45,62.86,0.37,23.55,0.67
2024-04-06,16:15,April,Summer,Inverted-V,93,239.1,36.94,37.92,79.24,0.36,63.39,0.3,18.98,0.67
2024-04-06,16:30,April,Summer,Inverted-V,93,179.6,36.32,35.81,79.91,0.27,63.92,0.22,14.35,0.67
2024-04-06,16:45,April,Summer,Inverted-V,93,120.11,35.7,33.7,80.57,0.18,64.46,0.15,9.65,0.67
2024-04-06,17:00,April,Summer,Inverted-V,93,60.61,35.08,31.6,81.24,0.09,64.99,0.08,4.9,0.67
2024-04-06,17:15,April,Summer,Inverted-V,93,45.46,34.54,30.67,81.53,0.07,65.23,0.06,3.69,0.67
2024-04-06,17:30,April,Summer,Inverted-V,93,30.3,33.99,29.75,81.82,0.04,65.46,0.04,2.46,0.67
2024-04-06,17:45,April,Summer,Inverted-V,93,15.15,33.45,28.83,82.11,0.02,65.69,0.02,1.24,0.67
2024-04-07,05:15,April,Summer,Inverted-V,93,31.37,27.99,23.77,83.72,0.05,66.97,0.04,2.59,0.67
2024-04-07,05:30,April,Summer,Inverted-V,93,62.74,28.39,24.96,83.34,0.09,66.67,0.08,5.17,0.67
2024-04-07,05:45,April,Summer,Inverted-V,93,94.11,28.8,26.16,82.96,0.14,66.37,0.12,7.73,0.67
2024-04-07,06:00,April,Summer,Inverted-V,93,125.47,29.21,27.35,82.58,0.19,66.07,0.16,10.27,0.67
2024-04-07,06:15,April,Summer,Inverted-V,93,189.23,29.86,29.59,81.88,0.28,65.5,0.23,15.39,0.67
2024-04-07,06:30,April,Summer,Inverted-V,93,253.0,30.5,31.82,81.17,0.38,64.93,0.31,20.45,0.67
2024-04-07,06:45,April,Summer,Inverted-V,93,316.76,31.14,34.06,80.46,0.47,64.37,0.4,25.43,0.67
2024-04-07,07:00,April,Summer,Inverted-V,93,380.52,31.79,36.3,79.75,0.57,63.8,0.48,30.35,0.67
2024-04-07,07:15,April,Summer,Inverted-V,93,446.07,32.37,38.52,79.05,0.67,63.24,0.56,35.34,0.67
2024-04-07,07:30,April,Summer,Inverted-V,93,511.62,32.95,40.74,78.35,0.77,62.68,0.64,40.26,0.67
2024-04-07,07:45,April,Summer,Inverted-V,93,577.18,33.52,42.95,77.64,0.87,62.11,0.73,45.11,0.67
2024-04-07,08:00,April,Summer,Inverted-V,93,642.73,34.1,45.17,76.94,0.97,61.55,0.81,49.89,0.67
2024-04-07,08:15,April,Summer,Inverted-V,93,699.32,34.66,47.15,76.31,1.06,61.05,0.88,53.95,0.67
2024-04-07,08:30,April,Summer,Inverted-V,93,755.91,35.23,49.13,75.69,1.14,60.55,0.96,57.94,0.67
2024-04-07,08:45,April,Summer,Inverted-V,93,812.51,35.8,51.11,75.06,1.23,60.05,1.03,61.89,0.67
2024-04-07,09:00,April,Summer,Inverted-V,93,869.1,36.36,53.09,74.43,1.32,59.55,1.1,65.77,0.67
2024-04-07,09:15,April,Summer,Inverted-V,93,906.91,36.83,54.51,73.99,1.38,59.19,1.15,68.31,0.67
2024-04-07,09:30,April,Summer,Inverted-V,93,944.71,37.3,55.92,73.54,1.44,58.83,1.2,70.83,0.67
2024-04-07,09:45,April,Summer,Inverted-V,93,982.52,37.78,57.34,73.09,1.5,58.47,1.25,73.31,0.67
2024-04-07,10:00,April,Summer,Inverted-V,93,1020.33,38.25,58.76,72.64,1.56,58.11,1.3,75.77,0.67
2024-04-07,10:15,April,Summer,Inverted-V,93,1036.3,38.59,59.5,72.4,1.58,57.92,1.33,76.76,0.67
2024-04-07,10:30,April,Summer,Inverted-V,93,1052.27,38.94,60.24,72.17,1.61,57.74,1.35,77.75,0.67
2024-04-07,10:45,April,Summer,Inverted-V,93,1068.24,39.28,60.98,71.93,1.63,57.55,1.37,78.73,0.67
2024-04-07,11:00,April,Summer,Inverted-V,93,1084.21,39.62,61.73,71.7,1.66,57.36,1.39,79.7,0.67
2024-04-07,11:15,April,Summer,Inverted-V,93,1071.91,39.79,61.59,71.74,1.64,57.39,1.37,78.83,0.67
2024-04-07,11:30,April,Summer,Inverted-V,93,1059.62,39.96,61.45,71.79,1.62,57.43,1.36,77.96,0.67
2024-04-07,11:45,April,Summer,Inverted-V,93,1047.32,40.13,61.31,71.83,1.6,57.46,1.34,77.1,0.67
2024-04-07,12:00,April,Summer,Inverted-V,93,1035.02,40.3,61.18,71.87,1.58,57.5,1.33,76.23,0.67
2024-04-07,12:15,April,Summer,Inverted-V,93,995.83,40.33,60.22,72.17,1.52,57.74,1.27,73.58,0.67
2024-04-07,12:30,April,Summer,Inverted-V,93,956.64,40.35,59.27,72.48,1.46,57.98,1.22,70.92,0.67
2024-04-07,12:45,April,Summer,Inverted-V,93,917.45,40.38,58.32,72.78,1.4,58.22,1.17,68.23,0.67
2024-04-07,13:00,April,Summer,Inverted-V,93,878.26,40.41,57.37,73.08,1.34,58.46,1.12,65.53,0.67
2024-04-07,13:15,April,Summer,Inverted-V,93,847.78,40.28,56.47,73.36,1.29,58.69,1.08,63.44,0.67
2024-04-07,13:30,April,Summer,Inverted-V,93,817.31,40.15,55.58,73.64,1.24,58.92,1.04,61.34,0.67
2024-04-07,13:45,April,Summer,Inverted-V,93,786.83,40.02,54.69,73.93,1.2,59.14,1.0,59.23,0.67
2024-04-07,14:00,April,Summer,Inverted-V,93,756.36,39.89,53.8,74.21,1.15,59.37,0.96,57.11,0.67
2024-04-07,14:15,April,Summer,Inverted-V,93,699.82,39.61,52.11,74.75,1.06,59.8,0.89,53.13,0.67
2024-04-07,14:30,April,Summer,Inverted-V,93,643.28,39.33,50.41,75.28,0.97,60.23,0.82,49.11,0.67
2024-04-07,14:45,April,Summer,Inverted-V,93,586.73,39.05,48.72,75.82,0.89,60.65,0.74,45.04,0.67
2024-04-07,15:00,April,Summer,Inverted-V,93,530.19,38.77,47.02,76.35,0.8,61.08,0.67,40.92,0.67
2024-04-07,15:15,April,Summer,Inverted-V,93,465.67,38.33,44.97,77.01,0.7,61.6,0.59,36.17,0.67
2024-04-07,15:30,April,Summer,Inverted-V,93,401.14,37.88,42.91,77.66,0.6,62.13,0.5,31.36,0.67
2024-04-07,15:45,April,Summer,Inverted-V,93,336.61,37.44,40.85,78.31,0.5,62.65,0.42,26.48,0.67
2024-04-07,16:00,April,Summer,Inverted-V,93,272.08,36.99,38.79,78.96,0.41,63.17,0.34,21.54,0.67
2024-04-07,16:15,April,Summer,Inverted-V,93,217.32,36.39,36.82,79.59,0.32,63.67,0.27,17.31,0.67
2024-04-07,16:30,April,Summer,Inverted-V,93,162.56,35.78,34.85,80.21,0.24,64.17,0.2,13.02,0.67
2024-04-07,16:45,April,Summer,Inverted-V,93,107.79,35.18,32.88,80.83,0.16,64.67,0.13,8.68,0.67
2024-04-07,17:00,April,Summer,Inverted-V,93,53.03,34.58,30.91,81.46,0.08,65.17,0.07,4.3,0.67
2024-04-07,17:15,April,Summer,Inverted-V,93,39.77,34.02,30.01,81.74,0.06,65.39,0.05,3.23,0.67
2024-04-07,17:30,April,Summer,Inverted-V,93,26.51,33.46,29.12,82.02,0.04,65.62,0.03,2.16,0.67
2024-04-07,17:45,April,Summer,Inverted-V,93,13.26,32.9,28.23,82.3,0.02,65.84,0.02,1.08,0.67
2024-04-08,05:15,April,Summer,Inverted-V,93,28.47,27.49,23.2,83.9,0.04,67.12,0.04,2.36,0.67
2024-04-08,05:30,April,Summer,Inverted-V,93,56.94,27.91,24.34,83.54,0.08,66.83,0.07,4.7,0.67
2024-04-08,05:45,April,Summer,Inverted-V,93,85.41,28.34,25.47,83.18,0.13,66.54,0.11,7.03,0.67
2024-04-08,06:00,April,Summer,Inverted-V,93,113.89,28.76,26.61,82.82,0.17,66.26,0.14,9.34,0.67
2024-04-08,06:15,April,Summer,Inverted-V,93,165.81,29.4,28.55,82.21,0.25,65.76,0.21,13.53,0.67
2024-04-08,06:30,April,Summer,Inverted-V,93,217.73,30.04,30.48,81.59,0.32,65.27,0.27,17.66,0.67
2024-04-08,06:45,April,Summer,Inverted-V,93,269.65,30.68,32.42,80.98,0.4,64.78,0.34,21.75,0.67
2024-04-08,07:00,April,Summer,Inverted-V,93,321.57,31.32,34.36,80.36,0.48,64.29,0.4,25.8,0.67
2024-04-08,07:15,April,Summer,Inverted-V,93,391.95,31.93,36.73,79.61,0.59,63.69,0.49,31.22,0.67
2024-04-08,07:30,April,Summer,Inverted-V,93,462.32,32.53,39.09,78.87,0.69,63.09,0.58,36.57,0.67
2024-04-08,07:45,April,Summer,Inverted-V,93,532.7,33.14,41.46,78.12,0.8,62.49,0.67,41.83,0.67
2024-04-08,08:00,April,Summer,Inverted-V,93,603.07,33.75,43.83,77.37,0.91,61.89,0.76,47.01,0.67
2024-04-08,08:15,April,Summer,Inverted-V,93,659.29,34.34,45.82,76.73,0.99,61.39,0.83,51.07,0.67
2024-04-08,08:30,April,Summer,Inverted-V,93,715.5,34.93,47.82,76.1,1.08,60.88,0.9,55.08,0.67
2024-04-08,08:45,April,Summer,Inverted-V,93,771.71,35.52,49.81,75.47,1.17,60.38,0.98,59.03,0.67
2024-04-08,09:00,April,Summer,Inverted-V,93,827.93,36.11,51.81,74.84,1.25,59.87,1.05,62.92,0.67
2024-04-08,09:15,April,Summer,Inverted-V,93,863.22,36.62,53.21,74.4,1.31,59.52,1.1,65.3,0.67
2024-04-08,09:30,April,Summer,Inverted-V,93,898.51,37.14,54.6,73.95,1.37,59.16,1.14,67.66,0.67
2024-04-08,09:45,April,Summer,Inverted-V,93,933.8,37.66,56.0,73.51,1.42,58.81,1.19,69.99,0.67
2024-04-08,10:00,April,Summer,Inverted-V,93,969.08,38.17,57.4,73.07,1.48,58.46,1.24,72.29,0.67
2024-04-08,10:15,April,Summer,Inverted-V,93,992.72,38.55,58.36,72.76,1.51,58.21,1.27,73.82,0.67
2024-04-08,10:30,April,Summer,Inverted-V,93,1016.36,38.92,59.33,72.46,1.55,57.97,1.3,75.33,0.67
2024-04-08,10:45,April,Summer,Inverted-V,93,1040.0,39.3,60.29,72.15,1.59,57.72,1.33,76.83,0.67
2024-04-08,11:00,April,Summer,Inverted-V,93,1063.64,39.67,61.26,71.85,1.63,57.48,1.36,78.31,0.67
2024-04-08,11:15,April,Summer,Inverted-V,93,1054.12,39.87,61.22,71.86,1.61,57.49,1.35,77.62,0.67
2024-04-08,11:30,April,Summer,Inverted-V,93,1044.59,40.06,61.17,71.87,1.6,57.5,1.34,76.93,0.67
2024-04-08,11:45,April,Summer,Inverted-V,93,1035.07,40.26,61.13,71.89,1.58,57.51,1.33,76.24,0.67
2024-04-08,12:00,April,Summer,Inverted-V,93,1025.55,40.45,61.09,71.9,1.57,57.52,1.31,75.55,0.67
2024-04-08,12:15,April,Summer,Inverted-V,93,982.63,40.49,60.06,72.23,1.5,57.78,1.26,72.65,0.67
2024-04-08,12:30,April,Summer,Inverted-V,93,939.71,40.53,59.02,72.55,1.43,58.04,1.2,69.72,0.67
2024-04-08,12:45,April,Summer,Inverted-V,93,896.79,40.57,57.99,72.88,1.37,58.31,1.15,66.77,0.67
2024-04-08,13:00,April,Summer,Inverted-V,93,853.87,40.61,56.96,73.21,1.3,58.57,1.09,63.79,0.67
2024-04-08,13:15,April,Summer,Inverted-V,93,825.74,40.46,56.1,73.48,1.26,58.78,1.05,61.87,0.67
2024-04-08,13:30,April,Summer,Inverted-V,93,797.6,40.3,55.25,73.75,1.21,59.0,1.02,59.93,0.67
2024-04-08,13:45,April,Summer,Inverted-V,93,769.47,40.15,54.39,74.02,1.17,59.22,0.98,57.98,0.67
2024-04-08,14:00,April,Summer,Inverted-V,93,741.33,40.0,53.53,74.29,1.13,59.43,0.94,56.02,0.67
2024-04-08,14:15,April,Summer,Inverted-V,93,683.63,39.66,51.75,74.86,1.04,59.89,0.87,51.96,0.67
2024-04-08,14:30,April,Summer,Inverted-V,93,625.92,39.31,49.96,75.43,0.95,60.34,0.79,47.85,0.67
2024-04-08,14:45,April,Summer,Inverted-V,93,568.22,38.96,48.17,75.99,0.86,60.79,0.72,43.69,0.67
2024-04-08,15:00,April,Summer,Inverted-V,93,510.52,38.62,46.38,76.56,0.77,61.25,0.64,39.48,0.67
2024-04-08,15:15,April,Summer,Inverted-V,93,446.77,38.09,44.26,77.23,0.67,61.78,0.56,34.78,0.67
2024-04-08,15:30,April,Summer,Inverted-V,93,383.03,37.56,42.14,77.9,0.58,62.32,0.48,30.01,0.67
2024-04-08,15:45,April,Summer,Inverted-V,93,319.29,37.04,40.02,78.57,0.48,62.86,0.4,25.18,0.67
2024-04-08,16:00,April,Summer,Inverted-V,93,255.55,36.51,37.9,79.24,0.38,63.39,0.32,20.28,0.67
2024-04-08,16:15,April,Summer,Inverted-V,93,204.65,35.84,35.95,79.86,0.31,63.89,0.26,16.34,0.67
2024-04-08,16:30,April,Summer,Inverted-V,93,153.75,35.16,34.01,80.48,0.23,64.38,0.19,12.35,0.67
2024-04-08,16:45,April,Summer,Inverted-V,93,102.85,34.49,32.06,81.09,0.15,64.87,0.13,8.31,0.67
2024-04-08,17:00,April,Summer,Inverted-V,93,51.95,33.82,30.12,81.71,0.08,65.37,0.06,4.22,0.67
2024-04-08,17:15,April,Summer,Inverted-V,93,38.96,33.31,29.29,81.97,0.06,65.58,0.05,3.17,0.67
2024-04-08,17:30,April,Summer,Inverted-V,93,25.97,32.8,28.45,82.23,0.04,65.79,0.03,2.12,0.67
2024-04-08,17:45,April,Summer,Inverted-V,93,12.99,32.3,27.62,82.5,0.02,66.0,0.02,1.06,0.67
2024-04-09,05:15,April,Summer,Inverted-V,93,26.38,26.98,22.64,84.08,0.04,67.26,0.03,2.19,0.67
2024-04-09,05:30,April,Summer,Inverted-V,93,52.76,27.33,23.65,83.76,0.08,67.0,0.07,4.36,0.67
2024-04-09,05:45,April,Summer,Inverted-V,93,79.14,27.68,24.66,83.44,0.12,66.75,0.1,6.53,0.67
2024-04-09,06:00,April,Summer,Inverted-V,93,105.52,28.03,25.67,83.12,0.16,66.49,0.13,8.68,0.67
2024-04-09,06:15,April,Summer,Inverted-V,93,158.65,28.71,27.67,82.48,0.23,65.99,0.2,12.98,0.67
2024-04-09,06:30,April,Summer,Inverted-V,93,211.79,29.38,29.68,81.85,0.31,65.48,0.26,17.22,0.67
2024-04-09,06:45,April,Summer,Inverted-V,93,264.92,30.06,31.69,81.21,0.39,64.97,0.33,21.42,0.67
2024-04-09,07:00,April,Summer,Inverted-V,93,318.06,30.74,33.69,80.58,0.47,64.46,0.4,25.56,0.67
2024-04-09,07:15,April,Summer,Inverted-V,93,368.44,31.4,35.61,79.97,0.55,63.97,0.46,29.45,0.67
2024-04-09,07:30,April,Summer,Inverted-V,93,418.81,32.06,37.54,79.36,0.63,63.49,0.52,33.28,0.67
2024-04-09,07:45,April,Summer,Inverted-V,93,469.19,32.73,39.46,78.75,0.7,63.0,0.59,37.07,0.67
2024-04-09,08:00,April,Summer,Inverted-V,93,519.57,33.39,41.38,78.14,0.78,62.51,0.65,40.81,0.67
2024-04-09,08:15,April,Summer,Inverted-V,93,567.69,33.99,43.18,77.57,0.85,62.06,0.71,44.34,0.67
2024-04-09,08:30,April,Summer,Inverted-V,93,615.82,34.59,44.99,77.0,0.93,61.6,0.78,47.83,0.67
2024-04-09,08:45,April,Summer,Inverted-V,93,663.95,35.19,46.79,76.43,1.0,61.14,0.84,51.28,0.67
2024-04-09,09:00,April,Summer,Inverted-V,93,712.08,35.79,48.59,75.86,1.08,60.69,0.9,54.68,0.67
2024-04-09,09:15,April,Summer,Inverted-V,93,757.82,36.28,50.23,75.34,1.15,60.27,0.96,57.89,0.67
2024-04-09,09:30,April,Summer,Inverted-V,93,803.56,36.78,51.87,74.82,1.22,59.86,1.02,61.05,0.67
2024-04-09,09:45,April,Summer,Inverted-V,93,849.31,37.28,53.51,74.3,1.29,59.44,1.08,64.18,0.67
2024-04-09,10:00,April,Summer,Inverted-V,93,895.05,37.77,55.15,73.78,1.36,59.03,1.14,67.28,0.67
2024-04-09,10:15,April,Summer,Inverted-V,93,938.53,38.12,56.59,73.33,1.43,58.66,1.2,70.21,0.67
2024-04-09,10:30,April,Summer,Inverted-V,93,982.01,38.48,58.03,72.87,1.5,58.3,1.25,73.1,0.67
2024-04-09,10:45,April,Summer,Inverted-V,93,1025.48,38.84,59.47,72.41,1.57,57.93,1.31,75.97,0.67
2024-04-09,11:00,April,Summer,Inverted-V,93,1068.96,39.19,60.91,71.96,1.63,57.56,1.37,78.8,0.67
2024-04-09,11:15,April,Summer,Inverted-V,93,1059.56,39.39,60.88,71.97,1.62,57.57,1.36,78.11,0.67
2024-04-09,11:30,April,Summer,Inverted-V,93,1050.15,39.59,60.85,71.98,1.61,57.58,1.34,77.43,0.67
2024-04-09,11:45,April,Summer,Inverted-V,93,1040.75,39.8,60.82,71.99,1.59,57.59,1.33,76.74,0.67
2024-04-09,12:00,April,Summer,Inverted-V,93,1031.35,40.0,60.78,72.0,1.58,57.6,1.32,76.06,0.67
2024-04-09,12:15,April,Summer,Inverted-V,93,1000.86,40.04,60.06,72.23,1.53,57.78,1.28,73.99,0.67
2024-04-09,12:30,April,Summer,Inverted-V,93,970.38,40.08,59.34,72.45,1.48,57.96,1.24,71.92,0.67
2024-04-09,12:45,April,Summer,Inverted-V,93,939.9,40.12,58.62,72.68,1.43,58.15,1.2,69.83,0.67
2024-04-09,13:00,April,Summer,Inverted-V,93,909.41,40.16,57.9,72.91,1.39,58.33,1.16,67.73,0.67
2024-04-09,13:15,April,Summer,Inverted-V,93,872.01,40.02,56.83,73.25,1.33,58.6,1.11,65.18,0.67
2024-04-09,13:30,April,Summer,Inverted-V,93,834.61,39.89,55.76,73.59,1.27,58.87,1.06,62.61,0.67
2024-04-09,13:45,April,Summer,Inverted-V,93,797.21,39.75,54.69,73.93,1.21,59.14,1.01,60.01,0.67
2024-04-09,14:00,April,Summer,Inverted-V,93,759.81,39.62,53.62,74.27,1.15,59.41,0.97,57.4,0.67
2024-04-09,14:15,April,Summer,Inverted-V,93,709.73,39.33,52.07,74.76,1.08,59.8,0.9,53.89,0.67
2024-04-09,14:30,April,Summer,Inverted-V,93,659.65,39.04,50.53,75.24,1.0,60.19,0.84,50.34,0.67
2024-04-09,14:45,April,Summer,Inverted-V,93,609.57,38.75,48.99,75.73,0.92,60.59,0.77,46.75,0.67
2024-04-09,15:00,April,Summer,Inverted-V,93,559.49,38.46,47.45,76.22,0.84,60.98,0.71,43.12,0.67
2024-04-09,15:15,April,Summer,Inverted-V,93,492.24,38.02,45.32,76.89,0.74,61.51,0.62,38.19,0.67
2024-04-09,15:30,April,Summer,Inverted-V,93,424.98,37.57,43.19,77.57,0.64,62.05,0.53,33.19,0.67
2024-04-09,15:45,April,Summer,Inverted-V,93,357.72,37.12,41.07,78.24,0.54,62.59,0.45,28.12,0.67
2024-04-09,16:00,April,Summer,Inverted-V,93,290.47,36.68,38.94,78.91,0.43,63.13,0.36,22.98,0.67
2024-04-09,16:15,April,Summer,Inverted-V,93,232.44,36.14,36.96,79.54,0.35,63.63,0.29,18.5,0.67
2024-04-09,16:30,April,Summer,Inverted-V,93,174.42,35.61,34.97,80.17,0.26,64.14,0.22,13.97,0.67
2024-04-09,16:45,April,Summer,Inverted-V,93,116.4,35.08,32.98,80.8,0.17,64.64,0.15,9.37,0.67
2024-04-09,17:00,April,Summer,Inverted-V,93,58.37,34.54,31.0,81.43,0.09,65.14,0.07,4.73,0.67
2024-04-09,17:15,April,Summer,Inverted-V,93,43.78,34.09,30.18,81.69,0.06,65.35,0.05,3.56,0.67
2024-04-09,17:30,April,Summer,Inverted-V,93,29.19,33.63,29.36,81.95,0.04,65.56,0.04,2.38,0.67
2024-04-09,17:45,April,Summer,Inverted-V,93,14.59,33.17,28.54,82.21,0.02,65.77,0.02,1.19,0.67
2024-04-10,05:15,April,Summer,Inverted-V,93,25.33,26.05,21.68,84.38,0.04,67.5,0.03,2.11,0.67
2024-04-10,05:30,April,Summer,Inverted-V,93,50.66,26.36,22.63,84.08,0.07,67.26,0.06,4.2,0.67
2024-04-10,05:45,April,Summer,Inverted-V,93,75.99,26.67,23.57,83.78,0.11,67.02,0.09,6.29,0.67
2024-04-10,06:00,April,Summer,Inverted-V,93,101.33,26.99,24.52,83.48,0.15,66.78,0.13,8.36,0.67
2024-04-10,06:15,April,Summer,Inverted-V,93,153.72,27.59,26.44,82.87,0.23,66.3,0.19,12.62,0.67
2024-04-10,06:30,April,Summer,Inverted-V,93,206.12,28.2,28.35,82.27,0.31,65.81,0.26,16.82,0.67
2024-04-10,06:45,April,Summer,Inverted-V,93,258.51,28.8,30.27,81.66,0.38,65.33,0.32,20.99,0.67
2024-04-10,07:00,April,Summer,Inverted-V,93,310.91,29.41,32.18,81.05,0.46,64.84,0.39,25.1,0.67
2024-04-10,07:15,April,Summer,Inverted-V,93,365.56,30.15,34.29,80.39,0.54,64.31,0.46,29.33,0.67
2024-04-10,07:30,April,Summer,Inverted-V,93,420.22,30.88,36.39,79.72,0.63,63.78,0.53,33.51,0.67
2024-04-10,07:45,April,Summer,Inverted-V,93,474.87,31.62,38.49,79.06,0.71,63.24,0.59,37.63,0.67
2024-04-10,08:00,April,Summer,Inverted-V,93,529.52,32.36,40.6,78.39,0.79,62.71,0.66,41.69,0.67
2024-04-10,08:15,April,Summer,Inverted-V,93,590.7,33.02,42.79,77.69,0.89,62.16,0.74,46.19,0.67
2024-04-10,08:30,April,Summer,Inverted-V,93,651.88,33.69,44.99,77.0,0.98,61.6,0.82,50.63,0.67
2024-04-10,08:45,April,Summer,Inverted-V,93,713.05,34.36,47.18,76.3,1.08,61.04,0.9,55.0,0.67
2024-04-10,09:00,April,Summer,Inverted-V,93,774.23,35.02,49.38,75.61,1.17,60.49,0.98,59.3,0.67
2024-04-10,09:15,April,Summer,Inverted-V,93,822.85,35.55,51.12,75.06,1.25,60.05,1.04,62.67,0.67
2024-04-10,09:30,April,Summer,Inverted-V,93,871.47,36.07,52.86,74.51,1.32,59.61,1.11,66.0,0.67
2024-04-10,09:45,April,Summer,Inverted-V,93,920.09,36.59,54.6,73.96,1.4,59.16,1.17,69.28,0.67
2024-04-10,10:00,April,Summer,Inverted-V,93,968.71,37.12,56.34,73.41,1.47,58.72,1.23,72.52,0.67
2024-04-10,10:15,April,Summer,Inverted-V,93,999.61,37.52,57.51,73.04,1.52,58.43,1.28,74.54,0.67
2024-04-10,10:30,April,Summer,Inverted-V,93,1030.51,37.91,58.67,72.67,1.57,58.13,1.32,76.55,0.67
2024-04-10,10:45,April,Summer,Inverted-V,93,1061.41,38.3,59.84,72.3,1.62,57.84,1.36,78.53,0.67
2024-04-10,11:00,April,Summer,Inverted-V,93,1092.31,38.7,61.01,71.93,1.67,57.54,1.4,80.49,0.67
2024-04-10,11:15,April,Summer,Inverted-V,93,1083.11,38.95,61.03,71.92,1.66,57.53,1.39,79.81,0.67
2024-04-10,11:30,April,Summer,Inverted-V,93,1073.9,39.21,61.06,71.91,1.64,57.53,1.38,79.12,0.67
2024-04-10,11:45,April,Summer,Inverted-V,93,1064.69,39.47,61.08,71.9,1.63,57.52,1.36,78.44,0.67
2024-04-10,12:00,April,Summer,Inverted-V,93,1055.48,39.72,61.11,71.89,1.61,57.52,1.35,77.75,0.67
2024-04-10,12:15,April,Summer,Inverted-V,93,1032.9,39.82,60.65,72.04,1.58,57.63,1.32,76.21,0.67
2024-04-10,12:30,April,Summer,Inverted-V,93,1010.32,39.92,60.18,72.19,1.54,57.75,1.29,74.66,0.67
2024-04-10,12:45,April,Summer,Inverted-V,93,987.74,40.03,59.72,72.33,1.51,57.87,1.26,73.11,0.67
2024-04-10,13:00,April,Summer,Inverted-V,93,965.16,40.13,59.26,72.48,1.47,57.98,1.23,71.55,0.67
2024-04-10,13:15,April,Summer,Inverted-V,93,922.7,40.07,58.14,72.84,1.41,58.27,1.18,68.66,0.67
2024-04-10,13:30,April,Summer,Inverted-V,93,880.24,40.01,57.02,73.19,1.34,58.55,1.12,65.75,0.67
2024-04-10,13:45,April,Summer,Inverted-V,93,837.77,39.95,55.89,73.55,1.27,58.84,1.07,62.81,0.67
2024-04-10,14:00,April,Summer,Inverted-V,93,795.31,39.89,54.77,73.9,1.21,59.12,1.01,59.85,0.67
2024-04-10,14:15,April,Summer,Inverted-V,93,736.53,39.65,53.06,74.44,1.12,59.55,0.94,55.74,0.67
2024-04-10,14:30,April,Summer,Inverted-V,93,677.75,39.41,51.35,74.98,1.03,59.99,0.86,51.58,0.67
2024-04-10,14:45,April,Summer,Inverted-V,93,618.98,39.17,49.64,75.52,0.94,60.42,0.78,47.37,0.67
2024-04-10,15:00,April,Summer,Inverted-V,93,560.2,38.93,47.93,76.07,0.85,60.85,0.71,43.11,0.67
2024-04-10,15:15,April,Summer,Inverted-V,93,493.05,38.52,45.85,76.73,0.74,61.38,0.62,38.19,0.67
2024-04-10,15:30,April,Summer,Inverted-V,93,425.9,38.11,43.76,77.39,0.64,61.91,0.54,33.21,0.67
2024-04-10,15:45,April,Summer,Inverted-V,93,358.75,37.7,41.67,78.05,0.54,62.44,0.45,28.15,0.67
2024-04-10,16:00,April,Summer,Inverted-V,93,291.6,37.29,39.58,78.71,0.44,62.97,0.37,23.03,0.67
2024-04-10,16:15,April,Summer,Inverted-V,93,233.31,36.71,37.54,79.36,0.35,63.49,0.29,18.54,0.67
2024-04-10,16:30,April,Summer,Inverted-V,93,175.02,36.12,35.5,80.0,0.26,64.0,0.22,13.99,0.67
2024-04-10,16:45,April,Summer,Inverted-V,93,116.74,35.54,33.46,80.65,0.17,64.52,0.15,9.39,0.67
2024-04-10,17:00,April,Summer,Inverted-V,93,58.45,34.96,31.42,81.29,0.09,65.04,0.07,4.73,0.67
2024-04-10,17:15,April,Summer,Inverted-V,93,43.84,34.4,30.5,81.59,0.07,65.27,0.05,3.56,0.67
2024-04-10,17:30,April,Summer,Inverted-V,93,29.22,33.84,29.58,81.88,0.04,65.5,0.04,2.38,0.67
2024-04-10,17:45,April,Summer,Inverted-V,93,14.61,33.29,28.65,82.17,0.02,65.74,0.02,1.19,0.67
2024-04-11,05:15,April,Summer,Inverted-V,93,26.78,27.1,22.77,84.04,0.04,67.23,0.03,2.22,0.67
2024-04-11,05:30,April,Summer,Inverted-V,93,53.57,27.38,23.72,83.73,0.08,66.99,0.07,4.43,0.67
2024-04-11,05:45,April,Summer,Inverted-V,93,80.35,27.67,24.68,83.43,0.12,66.74,0.1,6.63,0.67
2024-04-11,06:00,April,Summer,Inverted-V,93,107.14,27.96,25.64,83.13,0.16,66.5,0.13,8.81,0.67
2024-04-11,06:15,April,Summer,Inverted-V,93,163.6,28.57,27.66,82.49,0.24,65.99,0.2,13.38,0.67
2024-04-11,06:30,April,Summer,Inverted-V,93,220.07,29.18,29.68,81.85,0.33,65.48,0.27,17.9,0.67
2024-04-11,06:45,April,Summer,Inverted-V,93,276.53,29.79,31.7,81.21,0.41,64.96,0.34,22.36,0.67
2024-04-11,07:00,April,Summer,Inverted-V,93,333.0,30.4,33.72,80.57,0.5,64.45,0.42,26.76,0.67
2024-04-11,07:15,April,Summer,Inverted-V,93,385.12,31.06,35.69,79.94,0.57,63.95,0.48,30.77,0.67
2024-04-11,07:30,April,Summer,Inverted-V,93,437.24,31.72,37.65,79.32,0.65,63.46,0.55,34.73,0.67
2024-04-11,07:45,April,Summer,Inverted-V,93,489.37,32.38,39.61,78.7,0.73,62.96,0.61,38.64,0.67
2024-04-11,08:00,April,Summer,Inverted-V,93,541.49,33.04,41.58,78.08,0.81,62.46,0.68,42.5,0.67
2024-04-11,08:15,April,Summer,Inverted-V,93,580.76,33.67,43.19,77.57,0.87,62.05,0.73,45.36,0.67
2024-04-11,08:30,April,Summer,Inverted-V,93,620.03,34.3,44.81,77.06,0.93,61.65,0.78,48.18,0.67
2024-04-11,08:45,April,Summer,Inverted-V,93,659.3,34.94,46.42,76.55,0.99,61.24,0.83,50.98,0.67
2024-04-11,09:00,April,Summer,Inverted-V,93,698.58,35.57,48.03,76.03,1.05,60.83,0.88,53.74,0.67
2024-04-11,09:15,April,Summer,Inverted-V,93,736.75,36.08,49.49,75.57,1.11,60.46,0.93,56.41,0.67
2024-04-11,09:30,April,Summer,Inverted-V,93,774.93,36.58,50.95,75.11,1.17,60.09,0.98,59.05,0.67
2024-04-11,09:45,April,Summer,Inverted-V,93,813.1,37.09,52.41,74.65,1.23,59.72,1.03,61.67,0.67
2024-04-11,10:00,April,Summer,Inverted-V,93,851.28,37.59,53.87,74.19,1.29,59.35,1.08,64.26,0.67
2024-04-11,10:15,April,Summer,Inverted-V,93,888.62,37.96,55.18,73.77,1.35,59.02,1.13,66.79,0.67
2024-04-11,10:30,April,Summer,Inverted-V,93,925.97,38.33,56.48,73.36,1.41,58.69,1.18,69.29,0.67
2024-04-11,10:45,April,Summer,Inverted-V,93,963.31,38.7,57.78,72.95,1.47,58.36,1.23,71.77,0.67
2024-04-11,11:00,April,Summer,Inverted-V,93,1000.65,39.07,59.09,72.53,1.53,58.03,1.28,74.22,0.67
2024-04-11,11:15,April,Summer,Inverted-V,93,970.53,39.3,58.56,72.7,1.48,58.16,1.24,72.12,0.67
2024-04-11,11:30,April,Summer,Inverted-V,93,940.4,39.52,58.03,72.87,1.43,58.3,1.2,70.01,0.67
2024-04-11,11:45,April,Summer,Inverted-V,93,910.27,39.74,57.5,73.04,1.39,58.43,1.16,67.88,0.67
2024-04-11,12:00,April,Summer,Inverted-V,93,880.15,39.97,56.97,73.2,1.34,58.56,1.12,65.75,0.67
2024-04-11,12:15,April,Summer,Inverted-V,93,875.12,40.03,56.91,73.22,1.33,58.58,1.12,65.39,0.67
2024-04-11,12:30,April,Summer,Inverted-V,93,870.1,40.09,56.84,73.25,1.33,58.6,1.11,65.03,0.67
2024-04-11,12:45,April,Summer,Inverted-V,93,865.08,40.15,56.78,73.27,1.32,58.61,1.1,64.67,0.67
2024-04-11,13:00,April,Summer,Inverted-V,93,860.06,40.21,56.71,73.29,1.31,58.63,1.1,64.31,0.67
2024-04-11,13:15,April,Summer,Inverted-V,93,811.17,40.12,55.4,73.7,1.23,58.96,1.03,60.92,0.67
2024-04-11,13:30,April,Summer,Inverted-V,93,762.28,40.03,54.09,74.12,1.16,59.29,0.97,57.5,0.67
2024-04-11,13:45,April,Summer,Inverted-V,93,713.39,39.95,52.78,74.53,1.08,59.62,0.91,54.04,0.67
2024-04-11,14:00,April,Summer,Inverted-V,93,664.5,39.86,51.47,74.95,1.01,59.96,0.84,50.55,0.67
2024-04-11,14:15,April,Summer,Inverted-V,93,610.39,39.63,49.89,75.45,0.92,60.36,0.77,46.68,0.67
2024-04-11,14:30,April,Summer,Inverted-V,93,556.29,39.4,48.31,75.95,0.84,60.76,0.7,42.75,0.67
2024-04-11,14:45,April,Summer,Inverted-V,93,502.18,39.17,46.72,76.45,0.76,61.16,0.63,38.79,0.67
2024-04-11,15:00,April,Summer,Inverted-V,93,448.07,38.94,45.14,76.95,0.67,61.56,0.57,34.78,0.67
2024-04-11,15:15,April,Summer,Inverted-V,93,391.17,38.56,43.34,77.52,0.59,62.02,0.49,30.54,0.67
2024-04-11,15:30,April,Summer,Inverted-V,93,334.28,38.17,41.53,78.09,0.5,62.47,0.42,26.24,0.67
2024-04-11,15:45,April,Summer,Inverted-V,93,277.38,37.79,39.73,78.66,0.42,62.93,0.35,21.9,0.67
2024-04-11,16:00,April,Summer,Inverted-V,93,220.48,37.41,37.92,79.24,0.33,63.39,0.28,17.5,0.67
2024-04-11,16:15,April,Summer,Inverted-V,93,175.88,36.86,36.26,79.76,0.26,63.81,0.22,14.03,0.67
2024-04-11,16:30,April,Summer,Inverted-V,93,131.28,36.31,34.59,80.29,0.2,64.23,0.16,10.52,0.67
2024-04-11,16:45,April,Summer,Inverted-V,93,86.69,35.76,32.93,80.82,0.13,64.65,0.11,6.98,0.67
2024-04-11,17:00,April,Summer,Inverted-V,93,42.09,35.21,31.26,81.35,0.06,65.08,0.05,3.41,0.67
2024-04-11,17:15,April,Summer,Inverted-V,93,31.57,34.66,30.45,81.6,0.05,65.28,0.04,2.56,0.67
2024-04-11,17:30,April,Summer,Inverted-V,93,21.04,34.11,29.63,81.86,0.03,65.49,0.03,1.71,0.67
2024-04-11,17:45,April,Summer,Inverted-V,93,10.52,33.55,28.82,82.12,0.02,65.7,0.01,0.86,0.67
2024-04-12,05:15,April,Summer,Inverted-V,93,20.47,27.06,22.57,84.1,0.03,67.28,0.03,1.7,0.67
2024-04-12,05:30,April,Summer,Inverted-V,93,40.94,27.29,23.31,83.86,0.06,67.09,0.05,3.39,0.67
2024-04-12,05:45,April,Summer,Inverted-V,93,61.41,27.51,24.04,83.63,0.09,66.9,0.08,5.07,0.67
2024-04-12,06:00,April,Summer,Inverted-V,93,81.89,27.73,24.78,83.4,0.12,66.72,0.1,6.75,0.67
2024-04-12,06:15,April,Summer,Inverted-V,93,123.68,28.26,26.35,82.9,0.18,66.32,0.15,10.15,0.67
2024-04-12,06:30,April,Summer,Inverted-V,93,165.48,28.79,27.92,82.4,0.24,65.92,0.21,13.52,0.67
2024-04-12,06:45,April,Summer,Inverted-V,93,207.27,29.31,29.49,81.9,0.31,65.52,0.26,16.86,0.67
2024-04-12,07:00,April,Summer,Inverted-V,93,249.07,29.84,31.07,81.41,0.37,65.13,0.31,20.17,0.67
2024-04-12,07:15,April,Summer,Inverted-V,93,297.61,30.45,32.89,80.83,0.44,64.66,0.37,23.98,0.67
2024-04-12,07:30,April,Summer,Inverted-V,93,346.15,31.05,34.71,80.25,0.52,64.2,0.43,27.74,0.67
2024-04-12,07:45,April,Summer,Inverted-V,93,394.69,31.66,36.53,79.68,0.59,63.74,0.49,31.46,0.67
2024-04-12,08:00,April,Summer,Inverted-V,93,443.23,32.27,38.35,79.1,0.66,63.28,0.56,35.13,0.67
2024-04-12,08:15,April,Summer,Inverted-V,93,465.48,32.79,39.43,78.76,0.7,63.01,0.58,36.78,0.67
2024-04-12,08:30,April,Summer,Inverted-V,93,487.73,33.31,40.51,78.42,0.73,62.73,0.61,38.41,0.67
2024-04-12,08:45,April,Summer,Inverted-V,93,509.98,33.84,41.59,78.08,0.77,62.46,0.64,40.03,0.67
2024-04-12,09:00,April,Summer,Inverted-V,93,532.22,34.36,42.67,77.73,0.8,62.19,0.67,41.64,0.67
2024-04-12,09:15,April,Summer,Inverted-V,93,574.85,34.77,44.14,77.27,0.86,61.81,0.72,44.77,0.67
2024-04-12,09:30,April,Summer,Inverted-V,93,617.47,35.17,45.61,76.8,0.93,61.44,0.78,47.86,0.67
2024-04-12,09:45,April,Summer,Inverted-V,93,660.1,35.58,47.08,76.33,1.0,61.07,0.83,50.93,0.67
2024-04-12,10:00,April,Summer,Inverted-V,93,702.72,35.99,48.56,75.87,1.06,60.69,0.89,53.97,0.67
2024-04-12,10:15,April,Summer,Inverted-V,93,731.09,36.25,49.53,75.56,1.11,60.45,0.93,55.97,0.67
2024-04-12,10:30,April,Summer,Inverted-V,93,759.45,36.51,50.5,75.25,1.15,60.2,0.96,57.96,0.67
2024-04-12,10:45,April,Summer,Inverted-V,93,787.81,36.77,51.47,74.95,1.19,59.96,1.0,59.94,0.67
2024-04-12,11:00,April,Summer,Inverted-V,93,816.18,37.03,52.43,74.64,1.24,59.71,1.04,61.9,0.67
2024-04-12,11:15,April,Summer,Inverted-V,93,781.49,37.1,51.64,74.89,1.18,59.91,0.99,59.42,0.67
2024-04-12,11:30,April,Summer,Inverted-V,93,746.8,37.17,50.85,75.14,1.13,60.12,0.95,56.93,0.67
2024-04-12,11:45,April,Summer,Inverted-V,93,712.12,37.25,50.05,75.4,1.08,60.32,0.9,54.43,0.67
2024-04-12,12:00,April,Summer,Inverted-V,93,677.43,37.32,49.26,75.65,1.02,60.52,0.86,51.91,0.67
2024-04-12,12:15,April,Summer,Inverted-V,93,596.34,37.27,47.17,76.31,0.9,61.05,0.75,46.0,0.67
2024-04-12,12:30,April,Summer,Inverted-V,93,515.25,37.21,45.09,76.97,0.78,61.57,0.65,40.01,0.67
2024-04-12,12:45,April,Summer,Inverted-V,93,434.16,37.16,43.01,77.63,0.65,62.1,0.55,33.93,0.67
2024-04-12,13:00,April,Summer,Inverted-V,93,353.07,37.1,40.93,78.28,0.53,62.63,0.44,27.77,0.67
2024-04-12,13:15,April,Summer,Inverted-V,93,326.13,36.94,40.09,78.55,0.49,62.84,0.41,25.72,0.67
2024-04-12,13:30,April,Summer,Inverted-V,93,299.18,36.77,39.25,78.82,0.45,63.05,0.38,23.65,0.67
2024-04-12,13:45,April,Summer,Inverted-V,93,272.24,36.6,38.41,79.08,0.41,63.27,0.34,21.58,0.67
2024-04-12,14:00,April,Summer,Inverted-V,93,245.29,36.44,37.57,79.35,0.37,63.48,0.31,19.49,0.67
2024-04-12,14:15,April,Summer,Inverted-V,93,247.61,36.16,37.35,79.42,0.37,63.53,0.31,19.69,0.67
2024-04-12,14:30,April,Summer,Inverted-V,93,249.94,35.88,37.12,79.49,0.37,63.59,0.31,19.89,0.67
2024-04-12,14:45,April,Summer,Inverted-V,93,252.26,35.59,36.9,79.56,0.38,63.65,0.32,20.08,0.67
2024-04-12,15:00,April,Summer,Inverted-V,93,254.59,35.31,36.67,79.63,0.38,63.7,0.32,20.28,0.67
2024-04-12,15:15,April,Summer,Inverted-V,93,223.31,34.9,35.49,80.01,0.33,64.01,0.28,17.85,0.67
2024-04-12,15:30,April,Summer,Inverted-V,93,192.04,34.5,34.3,80.38,0.29,64.31,0.24,15.41,0.67
2024-04-12,15:45,April,Summer,Inverted-V,93,160.77,34.09,33.11,80.76,0.24,64.61,0.2,12.94,0.67
2024-04-12,16:00,April,Summer,Inverted-V,93,129.49,33.68,31.92,81.14,0.19,64.91,0.16,10.46,0.67
2024-04-12,16:15,April,Summer,Inverted-V,93,103.9,33.23,30.82,81.48,0.15,65.19,0.13,8.42,0.67
2024-04-12,16:30,April,Summer,Inverted-V,93,78.3,32.77,29.73,81.83,0.12,65.46,0.1,6.37,0.67
2024-04-12,16:45,April,Summer,Inverted-V,93,52.7,32.31,28.63,82.18,0.08,65.74,0.07,4.3,0.67
2024-04-12,17:00,April,Summer,Inverted-V,93,27.11,31.86,27.54,82.52,0.04,66.02,0.03,2.22,0.67
2024-04-12,17:15,April,Summer,Inverted-V,93,20.33,31.44,26.95,82.71,0.03,66.17,0.03,1.67,0.67
2024-04-12,17:30,April,Summer,Inverted-V,93,13.55,31.02,26.36,82.9,0.02,66.32,0.02,1.11,0.67
2024-04-12,17:45,April,Summer,Inverted-V,93,6.78,30.61,25.78,83.08,0.01,66.47,0.01,0.56,0.67
2024-04-13,05:15,April,Summer,Inverted-V,93,23.33,26.89,22.48,84.13,0.03,67.3,0.03,1.94,0.67
2024-04-13,05:30,April,Summer,Inverted-V,93,46.66,27.06,23.23,83.89,0.07,67.11,0.06,3.86,0.67
2024-04-13,05:45,April,Summer,Inverted-V,93,69.98,27.23,23.97,83.65,0.1,66.92,0.09,5.78,0.67
2024-04-13,06:00,April,Summer,Inverted-V,93,93.31,27.39,24.72,83.42,0.14,66.73,0.12,7.7,0.67
2024-04-13,06:15,April,Summer,Inverted-V,93,137.42,27.7,26.14,82.97,0.2,66.37,0.17,11.29,0.67
2024-04-13,06:30,April,Summer,Inverted-V,93,181.52,28.02,27.56,82.52,0.27,66.01,0.22,14.85,0.67
2024-04-13,06:45,April,Summer,Inverted-V,93,225.63,28.34,28.98,82.07,0.33,65.66,0.28,18.38,0.67
2024-04-13,07:00,April,Summer,Inverted-V,93,269.73,28.65,30.39,81.62,0.4,65.3,0.34,21.89,0.67
2024-04-13,07:15,April,Summer,Inverted-V,93,318.76,29.11,32.08,81.09,0.47,64.87,0.4,25.74,0.67
2024-04-13,07:30,April,Summer,Inverted-V,93,367.79,29.56,33.76,80.55,0.55,64.44,0.46,29.56,0.67
2024-04-13,07:45,April,Summer,Inverted-V,93,416.83,30.02,35.44,80.02,0.62,64.02,0.52,33.33,0.67
2024-04-13,08:00,April,Summer,Inverted-V,93,465.86,30.48,37.13,79.49,0.7,63.59,0.58,37.06,0.67
2024-04-13,08:15,April,Summer,Inverted-V,93,505.64,31.03,38.67,79.0,0.76,63.2,0.63,40.04,0.67
2024-04-13,08:30,April,Summer,Inverted-V,93,545.43,31.58,40.22,78.51,0.82,62.81,0.68,42.99,0.67
2024-04-13,08:45,April,Summer,Inverted-V,93,585.21,32.13,41.76,78.02,0.88,62.42,0.74,45.91,0.67
2024-04-13,09:00,April,Summer,Inverted-V,93,625.0,32.68,43.3,77.53,0.94,62.03,0.79,48.8,0.67
2024-04-13,09:15,April,Summer,Inverted-V,93,658.29,33.17,44.62,77.11,0.99,61.69,0.83,51.19,0.67
2024-04-13,09:30,April,Summer,Inverted-V,93,691.58,33.66,45.94,76.7,1.04,61.36,0.87,53.55,0.67
2024-04-13,09:45,April,Summer,Inverted-V,93,724.87,34.14,47.26,76.28,1.09,61.02,0.92,55.9,0.67
2024-04-13,10:00,April,Summer,Inverted-V,93,758.16,34.63,48.58,75.86,1.15,60.69,0.96,58.22,0.67
2024-04-13,10:15,April,Summer,Inverted-V,93,809.76,34.94,50.19,75.35,1.23,60.28,1.03,61.86,0.67
2024-04-13,10:30,April,Summer,Inverted-V,93,861.35,35.26,51.79,74.85,1.31,59.88,1.09,65.46,0.67
2024-04-13,10:45,April,Summer,Inverted-V,93,912.95,35.57,53.39,74.34,1.39,59.47,1.16,69.02,0.67
2024-04-13,11:00,April,Summer,Inverted-V,93,964.55,35.88,54.99,73.83,1.47,59.06,1.23,72.54,0.67
2024-04-13,11:15,April,Summer,Inverted-V,93,947.32,36.07,54.75,73.91,1.44,59.13,1.21,71.3,0.67
2024-04-13,11:30,April,Summer,Inverted-V,93,930.09,36.26,54.51,73.98,1.41,59.19,1.18,70.06,0.67
2024-04-13,11:45,April,Summer,Inverted-V,93,912.85,36.44,54.26,74.06,1.39,59.25,1.16,68.81,0.67
2024-04-13,12:00,April,Summer,Inverted-V,93,895.62,36.63,54.02,74.14,1.36,59.31,1.14,67.57,0.67
2024-04-13,12:15,April,Summer,Inverted-V,93,851.99,36.7,53.0,74.46,1.29,59.57,1.08,64.49,0.67
2024-04-13,12:30,April,Summer,Inverted-V,93,808.35,36.78,51.99,74.78,1.23,59.83,1.03,61.39,0.67
2024-04-13,12:45,April,Summer,Inverted-V,93,764.72,36.86,50.97,75.1,1.16,60.08,0.97,58.27,0.67
2024-04-13,13:00,April,Summer,Inverted-V,93,721.08,36.93,49.96,75.43,1.09,60.34,0.91,55.13,0.67
2024-04-13,13:15,April,Summer,Inverted-V,93,683.75,36.84,48.94,75.75,1.03,60.6,0.87,52.44,0.67
2024-04-13,13:30,April,Summer,Inverted-V,93,646.41,36.76,47.92,76.07,0.98,60.86,0.82,49.74,0.67
2024-04-13,13:45,April,Summer,Inverted-V,93,609.07,36.68,46.9,76.39,0.92,61.11,0.77,47.02,0.67
2024-04-13,14:00,April,Summer,Inverted-V,93,571.73,36.59,45.88,76.72,0.86,61.37,0.72,44.28,0.67
2024-04-13,14:15,April,Summer,Inverted-V,93,514.87,36.38,44.25,77.23,0.77,61.79,0.65,40.08,0.67
2024-04-13,14:30,April,Summer,Inverted-V,93,458.0,36.16,42.61,77.75,0.69,62.2,0.58,35.84,0.67
2024-04-13,14:45,April,Summer,Inverted-V,93,401.14,35.95,40.97,78.27,0.6,62.62,0.5,31.55,0.67
2024-04-13,15:00,April,Summer,Inverted-V,93,344.27,35.73,39.34,78.79,0.52,63.03,0.43,27.21,0.67
2024-04-13,15:15,April,Summer,Inverted-V,93,299.41,35.4,37.88,79.25,0.45,63.4,0.37,23.77,0.67
2024-04-13,15:30,April,Summer,Inverted-V,93,254.54,35.06,36.43,79.71,0.38,63.77,0.32,20.29,0.67
2024-04-13,15:45,April,Summer,Inverted-V,93,209.67,34.73,34.97,80.17,0.31,64.14,0.26,16.79,0.67
2024-04-13,16:00,April,Summer,Inverted-V,93,164.81,34.4,33.52,80.63,0.25,64.5,0.21,13.25,0.67
2024-04-13,16:15,April,Summer,Inverted-V,93,132.9,33.85,32.18,81.06,0.2,64.84,0.17,10.73,0.67
2024-04-13,16:30,April,Summer,Inverted-V,93,100.99,33.31,30.83,81.48,0.15,65.18,0.13,8.19,0.67
2024-04-13,16:45,April,Summer,Inverted-V,93,69.08,32.77,29.49,81.91,0.1,65.52,0.09,5.62,0.67
2024-04-13,17:00,April,Summer,Inverted-V,93,37.17,32.22,28.15,82.33,0.06,65.86,0.05,3.04,0.67
2024-04-13,17:15,April,Summer,Inverted-V,93,27.88,31.72,27.42,82.56,0.04,66.05,0.03,2.28,0.67
2024-04-13,17:30,April,Summer,Inverted-V,93,18.59,31.23,26.69,82.79,0.03,66.23,0.02,1.52,0.67
2024-04-13,17:45,April,Summer,Inverted-V,93,9.29,30.73,25.96,83.02,0.01,66.42,0.01,0.76,0.67
2024-04-14,05:15,April,Summer,Inverted-V,93,29.42,25.96,21.7,84.37,0.04,67.5,0.04,2.45,0.67
2024-04-14,05:30,April,Summer,Inverted-V,93,58.84,26.23,22.71,84.05,0.09,67.24,0.07,4.88,0.67
2024-04-14,05:45,April,Summer,Inverted-V,93,88.27,26.51,23.71,83.74,0.13,66.99,0.11,7.3,0.67
2024-04-14,06:00,April,Summer,Inverted-V,93,117.69,26.78,24.72,83.42,0.17,66.73,0.15,9.71,0.67
2024-04-14,06:15,April,Summer,Inverted-V,93,167.34,27.25,26.43,82.87,0.25,66.3,0.21,13.73,0.67
2024-04-14,06:30,April,Summer,Inverted-V,93,216.98,27.71,28.14,82.33,0.32,65.87,0.27,17.72,0.67
2024-04-14,06:45,April,Summer,Inverted-V,93,266.63,28.18,29.85,81.79,0.4,65.43,0.33,21.67,0.67
2024-04-14,07:00,April,Summer,Inverted-V,93,316.28,28.65,31.56,81.25,0.47,65.0,0.39,25.58,0.67
2024-04-14,07:15,April,Summer,Inverted-V,93,375.67,29.24,33.64,80.59,0.56,64.47,0.47,30.2,0.67
2024-04-14,07:30,April,Summer,Inverted-V,93,435.07,29.84,35.72,79.93,0.65,63.95,0.54,34.76,0.67
2024-04-14,07:45,April,Summer,Inverted-V,93,494.46,30.44,37.8,79.28,0.74,63.42,0.62,39.26,0.67
2024-04-14,08:00,April,Summer,Inverted-V,93,553.86,31.03,39.88,78.62,0.83,62.89,0.69,43.7,0.67
2024-04-14,08:15,April,Summer,Inverted-V,93,605.49,31.55,41.68,78.04,0.91,62.44,0.76,47.51,0.67
2024-04-14,08:30,April,Summer,Inverted-V,93,657.12,32.06,43.49,77.47,0.99,61.98,0.83,51.28,0.67
2024-04-14,08:45,April,Summer,Inverted-V,93,708.74,32.58,45.3,76.9,1.07,61.52,0.89,54.99,0.67
2024-04-14,09:00,April,Summer,Inverted-V,93,760.37,33.1,47.11,76.33,1.15,61.06,0.96,58.66,0.67
2024-04-14,09:15,April,Summer,Inverted-V,93,798.82,33.55,48.52,75.88,1.21,60.7,1.01,61.35,0.67
2024-04-14,09:30,April,Summer,Inverted-V,93,837.27,34.0,49.93,75.43,1.27,60.35,1.06,64.02,0.67
2024-04-14,09:45,April,Summer,Inverted-V,93,875.72,34.45,51.34,74.99,1.33,59.99,1.11,66.65,0.67
2024-04-14,10:00,April,Summer,Inverted-V,93,914.17,34.9,52.75,74.54,1.39,59.63,1.16,69.26,0.67
2024-04-14,10:15,April,Summer,Inverted-V,93,948.19,35.24,53.94,74.16,1.44,59.33,1.21,71.55,0.67
2024-04-14,10:30,April,Summer,Inverted-V,93,982.21,35.58,55.14,73.79,1.49,59.03,1.25,73.83,0.67
2024-04-14,10:45,April,Summer,Inverted-V,93,1016.23,35.92,56.33,73.41,1.55,58.73,1.3,76.08,0.67
2024-04-14,11:00,April,Summer,Inverted-V,93,1050.25,36.26,57.52,73.03,1.6,58.43,1.34,78.32,0.67
2024-04-14,11:15,April,Summer,Inverted-V,93,1038.83,36.5,57.47,73.05,1.58,58.44,1.33,77.48,0.67
2024-04-14,11:30,April,Summer,Inverted-V,93,1027.41,36.74,57.43,73.06,1.57,58.45,1.31,76.64,0.67
2024-04-14,11:45,April,Summer,Inverted-V,93,1016.0,36.98,57.38,73.07,1.55,58.46,1.3,75.8,0.67
2024-04-14,12:00,April,Summer,Inverted-V,93,1004.58,37.22,57.33,73.09,1.53,58.47,1.28,74.96,0.67
2024-04-14,12:15,April,Summer,Inverted-V,93,969.9,37.34,56.59,73.33,1.48,58.66,1.24,72.55,0.67
2024-04-14,12:30,April,Summer,Inverted-V,93,935.22,37.45,55.84,73.56,1.42,58.85,1.19,70.13,0.67
2024-04-14,12:45,April,Summer,Inverted-V,93,900.54,37.57,55.09,73.8,1.37,59.04,1.15,67.7,0.67
2024-04-14,13:00,April,Summer,Inverted-V,93,865.86,37.69,54.34,74.04,1.32,59.23,1.1,65.26,0.67
2024-04-14,13:15,April,Summer,Inverted-V,93,833.01,37.66,53.49,74.31,1.26,59.45,1.06,62.96,0.67
2024-04-14,13:30,April,Summer,Inverted-V,93,800.16,37.64,52.64,74.57,1.21,59.66,1.02,60.64,0.67
2024-04-14,13:45,April,Summer,Inverted-V,93,767.3,37.62,51.8,74.84,1.16,59.87,0.97,58.31,0.67
2024-04-14,14:00,April,Summer,Inverted-V,93,734.45,37.59,50.95,75.11,1.11,60.09,0.93,55.97,0.67
2024-04-14,14:15,April,Summer,Inverted-V,93,678.97,37.41,49.38,75.61,1.03,60.49,0.86,52.0,0.67
2024-04-14,14:30,April,Summer,Inverted-V,93,623.48,37.23,47.82,76.1,0.94,60.88,0.79,47.99,0.67
2024-04-14,14:45,April,Summer,Inverted-V,93,568.0,37.05,46.25,76.6,0.86,61.28,0.72,43.94,0.67
2024-04-14,15:00,April,Summer,Inverted-V,93,512.51,36.87,44.68,77.1,0.77,61.68,0.65,39.84,0.67
2024-04-14,15:15,April,Summer,Inverted-V,93,450.93,36.53,42.8,77.69,0.68,62.15,0.57,35.26,0.67
2024-04-14,15:30,April,Summer,Inverted-V,93,389.34,36.19,40.92,78.29,0.58,62.63,0.49,30.62,0.67
2024-04-14,15:45,April,Summer,Inverted-V,93,327.75,35.85,39.04,78.88,0.49,63.1,0.41,25.93,0.67
2024-04-14,16:00,April,Summer,Inverted-V,93,266.17,35.51,37.16,79.48,0.4,63.58,0.33,21.17,0.67
2024-04-14,16:15,April,Summer,Inverted-V,93,213.08,34.88,35.21,80.1,0.32,64.08,0.27,17.05,0.67
2024-04-14,16:30,April,Summer,Inverted-V,93,159.99,34.25,33.25,80.71,0.24,64.57,0.2,12.88,0.67
2024-04-14,16:45,April,Summer,Inverted-V,93,106.9,33.63,31.3,81.33,0.16,65.07,0.13,8.65,0.67
2024-04-14,17:00,April,Summer,Inverted-V,93,53.82,33.0,29.35,81.95,0.08,65.56,0.07,4.38,0.67
2024-04-14,17:15,April,Summer,Inverted-V,93,40.36,32.47,28.48,82.23,0.06,65.78,0.05,3.29,0.67
2024-04-14,17:30,April,Summer,Inverted-V,93,26.91,31.94,27.61,82.5,0.04,66.0,0.03,2.2,0.67
2024-04-14,17:45,April,Summer,Inverted-V,93,13.45,31.4,26.74,82.78,0.02,66.22,0.02,1.1,0.67
2024-04-15,05:15,April,Summer,Inverted-V,93,31.02,25.79,21.57,84.42,0.05,67.53,0.04,2.58,0.67
2024-04-15,05:30,April,Summer,Inverted-V,93,62.05,26.03,22.58,84.09,0.09,67.28,0.08,5.15,0.67
2024-04-15,05:45,April,Summer,Inverted-V,93,93.07,26.27,23.6,83.77,0.14,67.02,0.11,7.7,0.67
2024-04-15,06:00,April,Summer,Inverted-V,93,124.09,26.51,24.61,83.45,0.18,66.76,0.15,10.24,0.67
2024-04-15,06:15,April,Summer,Inverted-V,93,172.22,26.97,26.28,82.92,0.25,66.34,0.21,14.14,0.67
2024-04-15,06:30,April,Summer,Inverted-V,93,220.36,27.43,27.94,82.4,0.33,65.92,0.27,18.01,0.67
2024-04-15,06:45,April,Summer,Inverted-V,93,268.49,27.89,29.6,81.87,0.4,65.5,0.33,21.84,0.67
2024-04-15,07:00,April,Summer,Inverted-V,93,316.62,28.35,31.27,81.34,0.47,65.08,0.39,25.63,0.67
2024-04-15,07:15,April,Summer,Inverted-V,93,374.77,28.98,33.35,80.68,0.56,64.55,0.47,30.15,0.67
2024-04-15,07:30,April,Summer,Inverted-V,93,432.91,29.62,35.44,80.02,0.65,64.02,0.54,34.62,0.67
2024-04-15,07:45,April,Summer,Inverted-V,93,491.06,30.26,37.53,79.36,0.73,63.49,0.61,39.02,0.67
2024-04-15,08:00,April,Summer,Inverted-V,93,549.2,30.89,39.62,78.7,0.82,62.96,0.69,43.37,0.67
2024-04-15,08:15,April,Summer,Inverted-V,93,582.57,31.49,41.05,78.25,0.87,62.6,0.73,45.8,0.67
2024-04-15,08:30,April,Summer,Inverted-V,93,615.95,32.09,42.48,77.79,0.93,62.23,0.77,48.21,0.67
2024-04-15,08:45,April,Summer,Inverted-V,93,649.32,32.68,43.92,77.34,0.98,61.87,0.82,50.6,0.67
2024-04-15,09:00,April,Summer,Inverted-V,93,682.69,33.28,45.35,76.89,1.03,61.51,0.86,52.96,0.67
2024-04-15,09:15,April,Summer,Inverted-V,93,704.14,33.73,46.34,76.57,1.06,61.26,0.89,54.46,0.67
2024-04-15,09:30,April,Summer,Inverted-V,93,725.6,34.19,47.33,76.26,1.09,61.01,0.92,55.94,0.67
2024-04-15,09:45,April,Summer,Inverted-V,93,747.05,34.65,48.32,75.94,1.13,60.75,0.95,57.41,0.67
2024-04-15,10:00,April,Summer,Inverted-V,93,768.51,35.1,49.31,75.63,1.16,60.5,0.97,58.88,0.67
2024-04-15,10:15,April,Summer,Inverted-V,93,778.29,35.41,49.87,75.45,1.18,60.36,0.99,59.52,0.67
2024-04-15,10:30,April,Summer,Inverted-V,93,788.07,35.73,50.43,75.28,1.19,60.22,1.0,60.16,0.67
2024-04-15,10:45,April,Summer,Inverted-V,93,797.84,36.04,50.98,75.1,1.21,60.08,1.01,60.79,0.67
2024-04-15,11:00,April,Summer,Inverted-V,93,807.62,36.35,51.54,74.92,1.22,59.94,1.02,61.43,0.67
2024-04-15,11:15,April,Summer,Inverted-V,93,775.6,36.55,50.94,75.11,1.17,60.09,0.98,59.11,0.67
2024-04-15,11:30,April,Summer,Inverted-V,93,743.58,36.75,50.33,75.31,1.13,60.24,0.94,56.78,0.67
2024-04-15,11:45,April,Summer,Inverted-V,93,711.56,36.94,49.73,75.5,1.08,60.4,0.9,54.44,0.67
2024-04-15,12:00,April,Summer,Inverted-V,93,679.54,37.14,49.13,75.69,1.03,60.55,0.86,52.09,0.67
2024-04-15,12:15,April,Summer,Inverted-V,93,686.82,37.25,49.42,75.6,1.04,60.48,0.87,52.6,0.67
2024-04-15,12:30,April,Summer,Inverted-V,93,694.1,37.35,49.7,75.51,1.05,60.4,0.88,53.11,0.67
2024-04-15,12:45,April,Summer,Inverted-V,93,701.38,37.45,49.99,75.42,1.06,60.33,0.89,53.62,0.67
2024-04-15,13:00,April,Summer,Inverted-V,93,708.66,37.56,50.28,75.32,1.07,60.26,0.9,54.12,0.67
2024-04-15,13:15,April,Summer,Inverted-V,93,668.24,37.52,49.23,75.66,1.01,60.52,0.85,51.21,0.67
2024-04-15,13:30,April,Summer,Inverted-V,93,627.81,37.48,48.18,75.99,0.95,60.79,0.79,48.27,0.67
2024-04-15,13:45,April,Summer,Inverted-V,93,587.39,37.45,47.13,76.32,0.89,61.06,0.74,45.31,0.67
2024-04-15,14:00,April,Summer,Inverted-V,93,546.97,37.41,46.08,76.65,0.82,61.32,0.69,42.34,0.67
2024-04-15,14:15,April,Summer,Inverted-V,93,507.71,37.24,44.94,77.01,0.76,61.61,0.64,39.44,0.67
2024-04-15,14:30,April,Summer,Inverted-V,93,468.45,37.08,43.79,77.38,0.7,61.9,0.59,36.52,0.67
2024-04-15,14:45,April,Summer,Inverted-V,93,429.19,36.91,42.64,77.74,0.64,62.19,0.54,33.58,0.67
2024-04-15,15:00,April,Summer,Inverted-V,93,389.93,36.75,41.5,78.1,0.59,62.48,0.49,30.61,0.67
2024-04-15,15:15,April,Summer,Inverted-V,93,338.78,36.4,39.87,78.62,0.51,62.9,0.43,26.73,0.67
2024-04-15,15:30,April,Summer,Inverted-V,93,287.63,36.05,38.24,79.14,0.43,63.31,0.36,22.81,0.67
2024-04-15,15:45,April,Summer,Inverted-V,93,236.48,35.69,36.6,79.65,0.35,63.72,0.3,18.84,0.67
2024-04-15,16:00,April,Summer,Inverted-V,93,185.33,35.34,34.97,80.17,0.28,64.14,0.23,14.84,0.67
2024-04-15,16:15,April,Summer,Inverted-V,93,148.28,34.77,33.48,80.64,0.22,64.51,0.18,11.93,0.67
2024-04-15,16:30,April,Summer,Inverted-V,93,111.24,34.2,31.99,81.12,0.17,64.89,0.14,8.99,0.67
2024-04-15,16:45,April,Summer,Inverted-V,93,74.2,33.64,30.49,81.59,0.11,65.27,0.09,6.02,0.67
2024-04-15,17:00,April,Summer,Inverted-V,93,37.15,33.07,29.0,82.06,0.06,65.65,0.05,3.03,0.67
2024-04-15,17:15,April,Summer,Inverted-V,93,27.86,32.48,28.18,82.32,0.04,65.86,0.03,2.28,0.67
2024-04-15,17:30,April,Summer,Inverted-V,93,18.58,31.9,27.36,82.58,0.03,66.06,0.02,1.52,0.67
2024-04-15,17:45,April,Summer,Inverted-V,93,9.29,31.32,26.55,82.84,0.01,66.27,0.01,0.76,0.67
2024-04-16,05:15,April,Summer,Inverted-V,93,27.9,26.58,22.28,84.19,0.04,67.35,0.03,2.32,0.67
2024-04-16,05:30,April,Summer,Inverted-V,93,52.62,26.86,23.17,83.91,0.08,67.13,0.06,4.36,0.67
2024-04-16,05:45,April,Summer,Inverted-V,93,77.34,27.13,24.07,83.62,0.11,66.9,0.1,6.39,0.67
2024-04-16,06:00,April,Summer,Inverted-V,93,102.06,27.41,24.96,83.34,0.15,66.67,0.13,8.41,0.67
2024-04-16,06:15,April,Summer,Inverted-V,93,151.36,27.94,26.72,82.78,0.22,66.23,0.19,12.41,0.67
2024-04-16,06:30,April,Summer,Inverted-V,93,200.65,28.46,28.48,82.23,0.3,65.78,0.25,16.37,0.67
2024-04-16,06:45,April,Summer,Inverted-V,93,249.95,28.98,30.23,81.67,0.37,65.34,0.31,20.29,0.67
2024-04-16,07:00,April,Summer,Inverted-V,93,299.25,29.51,31.99,81.11,0.44,64.89,0.37,24.17,0.67
2024-04-16,07:15,April,Summer,Inverted-V,93,346.51,30.09,33.75,80.56,0.52,64.45,0.43,27.85,0.67
2024-04-16,07:30,April,Summer,Inverted-V,93,393.77,30.67,35.51,80.0,0.59,64.0,0.49,31.48,0.67
2024-04-16,07:45,April,Summer,Inverted-V,93,441.03,31.25,37.28,79.44,0.66,63.55,0.55,35.07,0.67
2024-04-16,08:00,April,Summer,Inverted-V,93,488.29,31.83,39.04,78.88,0.73,63.11,0.61,38.63,0.67
2024-04-16,08:15,April,Summer,Inverted-V,93,529.87,32.42,40.67,78.37,0.79,62.69,0.67,41.71,0.67
2024-04-16,08:30,April,Summer,Inverted-V,93,571.45,33.01,42.3,77.85,0.86,62.28,0.72,44.76,0.67
2024-04-16,08:45,April,Summer,Inverted-V,93,613.03,33.6,43.93,77.34,0.92,61.87,0.77,47.77,0.67
2024-04-16,09:00,April,Summer,Inverted-V,93,654.61,34.19,45.56,76.82,0.99,61.46,0.83,50.75,0.67
2024-04-16,09:15,April,Summer,Inverted-V,93,692.76,34.67,46.99,76.36,1.04,61.09,0.88,53.47,0.67
2024-04-16,09:30,April,Summer,Inverted-V,93,730.9,35.16,48.43,75.91,1.1,60.73,0.92,56.15,0.67
2024-04-16,09:45,April,Summer,Inverted-V,93,769.05,35.65,49.87,75.45,1.16,60.36,0.97,58.81,0.67
2024-04-16,10:00,April,Summer,Inverted-V,93,807.19,36.13,51.31,75.0,1.22,60.0,1.02,61.44,0.67
2024-04-16,10:15,April,Summer,Inverted-V,93,828.56,36.46,52.17,74.72,1.26,59.78,1.05,62.89,0.67
2024-04-16,10:30,April,Summer,Inverted-V,93,849.92,36.78,53.03,74.45,1.29,59.56,1.08,64.33,0.67
2024-04-16,10:45,April,Summer,Inverted-V,93,871.29,37.11,53.89,74.18,1.32,59.34,1.11,65.76,0.67
2024-04-16,11:00,April,Summer,Inverted-V,93,892.65,37.44,54.76,73.91,1.36,59.12,1.14,67.18,0.67
2024-04-16,11:15,April,Summer,Inverted-V,93,878.24,37.63,54.59,73.96,1.33,59.17,1.12,66.14,0.67
2024-04-16,11:30,April,Summer,Inverted-V,93,863.83,37.82,54.42,74.01,1.31,59.21,1.1,65.09,0.67
2024-04-16,11:45,April,Summer,Inverted-V,93,849.41,38.01,54.25,74.07,1.29,59.25,1.08,64.04,0.67
2024-04-16,12:00,April,Summer,Inverted-V,93,835.0,38.2,54.08,74.12,1.27,59.3,1.06,62.99,0.67
2024-04-16,12:15,April,Summer,Inverted-V,93,818.81,38.24,53.71,74.24,1.24,59.39,1.04,61.84,0.67
2024-04-16,12:30,April,Summer,Inverted-V,93,802.61,38.28,53.35,74.35,1.22,59.48,1.02,60.69,0.67
2024-04-16,12:45,April,Summer,Inverted-V,93,786.42,38.32,52.98,74.47,1.19,59.57,1.0,59.53,0.67
2024-04-16,13:00,April,Summer,Inverted-V,93,770.22,38.36,52.62,74.58,1.17,59.67,0.98,58.38,0.67
2024-04-16,13:15,April,Summer,Inverted-V,93,731.24,38.25,51.53,74.93,1.11,59.94,0.93,55.62,0.67
2024-04-16,13:30,April,Summer,Inverted-V,93,692.25,38.13,50.44,75.27,1.05,60.22,0.88,52.84,0.67
2024-04-16,13:45,April,Summer,Inverted-V,93,653.27,38.02,49.35,75.62,0.99,60.49,0.83,50.04,0.67
2024-04-16,14:00,April,Summer,Inverted-V,93,614.28,37.91,48.27,75.96,0.93,60.77,0.78,47.22,0.67
2024-04-16,14:15,April,Summer,Inverted-V,93,562.31,37.67,46.73,76.45,0.85,61.16,0.71,43.43,0.67
2024-04-16,14:30,April,Summer,Inverted-V,93,510.34,37.44,45.2,76.93,0.77,61.55,0.64,39.61,0.67
2024-04-16,14:45,April,Summer,Inverted-V,93,458.37,37.2,43.66,77.42,0.69,61.93,0.58,35.75,0.67
2024-04-16,15:00,April,Summer,Inverted-V,93,406.4,36.97,42.13,77.9,0.61,62.32,0.51,31.85,0.67
2024-04-16,15:15,April,Summer,Inverted-V,93,358.54,36.61,40.58,78.4,0.54,62.72,0.45,28.23,0.67
2024-04-16,15:30,April,Summer,Inverted-V,93,310.67,36.25,39.02,78.89,0.46,63.11,0.39,24.58,0.67
2024-04-16,15:45,April,Summer,Inverted-V,93,262.81,35.9,37.47,79.38,0.39,63.5,0.33,20.89,0.67
2024-04-16,16:00,April,Summer,Inverted-V,93,214.94,35.54,35.91,79.87,0.32,63.9,0.27,17.16,0.67
2024-04-16,16:15,April,Summer,Inverted-V,93,173.08,35.0,34.33,80.37,0.26,64.3,0.22,13.89,0.67
2024-04-16,16:30,April,Summer,Inverted-V,93,131.21,34.46,32.74,80.88,0.2,64.7,0.16,10.58,0.67
2024-04-16,16:45,April,Summer,Inverted-V,93,89.35,33.92,31.15,81.38,0.13,65.1,0.11,7.24,0.67
2024-04-16,17:00,April,Summer,Inverted-V,93,47.49,33.38,29.57,81.88,0.07,65.51,0.06,3.86,0.67
2024-04-16,17:15,April,Summer,Inverted-V,93,35.62,32.8,28.69,82.16,0.05,65.73,0.04,2.9,0.67
2024-04-16,17:30,April,Summer,Inverted-V,93,23.74,32.23,27.82,82.44,0.04,65.95,0.03,1.94,0.67
2024-04-16,17:45,April,Summer,Inverted-V,93,11.87,31.65,26.94,82.71,0.02,66.17,0.01,0.97,0.67
2024-04-17,05:15,April,Summer,Inverted-V,93,33.3,26.6,22.43,84.14,0.05,67.31,0.04,2.76,0.67
2024-04-17,05:30,April,Summer,Inverted-V,93,63.08,27.08,23.66,83.75,0.09,67.0,0.08,5.22,0.67
2024-04-17,05:45,April,Summer,Inverted-V,93,92.87,27.56,24.88,83.37,0.14,66.69,0.11,7.66,0.67
2024-04-17,06:00,April,Summer,Inverted-V,93,122.66,28.04,26.11,82.98,0.18,66.38,0.15,10.08,0.67
2024-04-17,06:15,April,Summer,Inverted-V,93,182.16,28.69,28.24,82.3,0.27,65.84,0.23,14.87,0.67
2024-04-17,06:30,April,Summer,Inverted-V,93,241.66,29.34,30.38,81.63,0.36,65.3,0.3,19.61,0.67
2024-04-17,06:45,April,Summer,Inverted-V,93,301.16,29.98,32.51,80.95,0.45,64.76,0.38,24.29,0.67
2024-04-17,07:00,April,Summer,Inverted-V,93,360.67,30.63,34.65,80.27,0.54,64.22,0.45,28.91,0.67
2024-04-17,07:15,April,Summer,Inverted-V,93,424.66,31.24,36.85,79.57,0.63,63.66,0.53,33.81,0.67
2024-04-17,07:30,April,Summer,Inverted-V,93,488.65,31.84,39.06,78.88,0.73,63.1,0.61,38.65,0.67
2024-04-17,07:45,April,Summer,Inverted-V,93,552.64,32.45,41.27,78.18,0.83,62.54,0.69,43.42,0.67
2024-04-17,08:00,April,Summer,Inverted-V,93,616.63,33.06,43.48,77.48,0.93,61.98,0.78,48.12,0.67
2024-04-17,08:15,April,Summer,Inverted-V,93,668.45,33.61,45.32,76.89,1.01,61.52,0.84,51.86,0.67
2024-04-17,08:30,April,Summer,Inverted-V,93,720.27,34.15,47.16,76.31,1.09,61.05,0.91,55.56,0.67
2024-04-17,08:45,April,Summer,Inverted-V,93,772.09,34.7,49.0,75.73,1.17,60.58,0.98,59.21,0.67
2024-04-17,09:00,April,Summer,Inverted-V,93,823.91,35.24,50.84,75.15,1.25,60.12,1.04,62.81,0.67
2024-04-17,09:15,April,Summer,Inverted-V,93,863.4,35.67,52.26,74.7,1.31,59.76,1.1,65.52,0.67
2024-04-17,09:30,April,Summer,Inverted-V,93,902.9,36.11,53.68,74.25,1.37,59.4,1.15,68.19,0.67
2024-04-17,09:45,April,Summer,Inverted-V,93,942.39,36.55,55.1,73.8,1.43,59.04,1.2,70.84,0.67
2024-04-17,10:00,April,Summer,Inverted-V,93,981.88,36.98,56.53,73.35,1.49,58.68,1.25,73.46,0.67
2024-04-17,10:15,April,Summer,Inverted-V,93,997.46,37.32,57.26,73.11,1.52,58.49,1.27,74.45,0.67
2024-04-17,10:30,April,Summer,Inverted-V,93,1013.04,37.66,57.99,72.88,1.54,58.31,1.29,75.42,0.67
2024-04-17,10:45,April,Summer,Inverted-V,93,1028.62,38.01,58.72,72.65,1.57,58.12,1.31,76.39,0.67
2024-04-17,11:00,April,Summer,Inverted-V,93,1044.2,38.35,59.45,72.42,1.59,57.93,1.34,77.36,0.67
2024-04-17,11:15,April,Summer,Inverted-V,93,1013.95,38.58,58.93,72.59,1.55,58.07,1.3,75.25,0.67
2024-04-17,11:30,April,Summer,Inverted-V,93,983.71,38.8,58.4,72.75,1.5,58.2,1.26,73.14,0.67
2024-04-17,11:45,April,Summer,Inverted-V,93,953.46,39.03,57.87,72.92,1.45,58.34,1.22,71.02,0.67
2024-04-17,12:00,April,Summer,Inverted-V,93,923.22,39.26,57.34,73.09,1.41,58.47,1.18,68.89,0.67
2024-04-17,12:15,April,Summer,Inverted-V,93,910.23,39.36,57.12,73.16,1.39,58.53,1.16,67.97,0.67
2024-04-17,12:30,April,Summer,Inverted-V,93,897.25,39.47,56.9,73.23,1.37,58.58,1.14,67.05,0.67
2024-04-17,12:45,April,Summer,Inverted-V,93,884.27,39.57,56.67,73.3,1.35,58.64,1.13,66.13,0.67
2024-04-17,13:00,April,Summer,Inverted-V,93,871.29,39.67,56.45,73.37,1.33,58.7,1.11,65.21,0.67
2024-04-17,13:15,April,Summer,Inverted-V,93,828.85,39.63,55.35,73.72,1.26,58.97,1.06,62.26,0.67
2024-04-17,13:30,April,Summer,Inverted-V,93,786.4,39.59,54.25,74.07,1.19,59.25,1.0,59.29,0.67
2024-04-17,13:45,April,Summer,Inverted-V,93,743.96,39.54,53.14,74.42,1.13,59.53,0.95,56.29,0.67
2024-04-17,14:00,April,Summer,Inverted-V,93,701.51,39.5,52.04,74.77,1.06,59.81,0.89,53.27,0.67
2024-04-17,14:15,April,Summer,Inverted-V,93,641.69,39.29,50.33,75.31,0.97,60.25,0.81,49.0,0.67
2024-04-17,14:30,April,Summer,Inverted-V,93,581.87,39.08,48.63,75.85,0.88,60.68,0.74,44.67,0.67
2024-04-17,14:45,April,Summer,Inverted-V,93,522.04,38.87,46.92,76.39,0.79,61.11,0.66,40.3,0.67
2024-04-17,15:00,April,Summer,Inverted-V,93,462.22,38.66,45.22,76.93,0.7,61.54,0.58,35.87,0.67
2024-04-17,15:15,April,Summer,Inverted-V,93,405.68,38.29,43.43,77.49,0.61,61.99,0.51,31.66,0.67
2024-04-17,15:30,April,Summer,Inverted-V,93,349.14,37.92,41.65,78.06,0.52,62.45,0.44,27.4,0.67
2024-04-17,15:45,April,Summer,Inverted-V,93,292.6,37.55,39.86,78.62,0.44,62.9,0.37,23.09,0.67
2024-04-17,16:00,April,Summer,Inverted-V,93,236.06,37.18,38.08,79.19,0.35,63.35,0.3,18.73,0.67
2024-04-17,16:15,April,Summer,Inverted-V,93,189.66,36.59,36.34,79.74,0.28,63.79,0.24,15.12,0.67
2024-04-17,16:30,April,Summer,Inverted-V,93,143.26,36.01,34.59,80.29,0.21,64.23,0.18,11.48,0.67
2024-04-17,16:45,April,Summer,Inverted-V,93,96.86,35.43,32.85,80.84,0.14,64.67,0.12,7.8,0.67
2024-04-17,17:00,April,Summer,Inverted-V,93,50.46,34.84,31.1,81.4,0.07,65.12,0.06,4.09,0.67
2024-04-17,17:15,April,Summer,Inverted-V,93,37.84,34.2,30.15,81.7,0.06,65.36,0.05,3.07,0.67
2024-04-17,17:30,April,Summer,Inverted-V,93,25.23,33.56,29.2,82.0,0.04,65.6,0.03,2.05,0.67
2024-04-17,17:45,April,Summer,Inverted-V,93,12.61,32.93,28.24,82.3,0.02,65.84,0.02,1.03,0.67
2024-04-18,05:15,April,Summer,Inverted-V,93,33.66,27.59,23.43,83.83,0.05,67.06,0.04,2.79,0.67
2024-04-18,05:30,April,Summer,Inverted-V,93,63.53,27.84,24.42,83.51,0.09,66.81,0.08,5.24,0.67
2024-04-18,05:45,April,Summer,Inverted-V,93,93.41,28.08,25.42,83.2,0.14,66.56,0.12,7.69,0.67
2024-04-18,06:00,April,Summer,Inverted-V,93,123.28,28.33,26.41,82.88,0.18,66.3,0.15,10.12,0.67
2024-04-18,06:15,April,Summer,Inverted-V,93,175.85,28.79,28.18,82.32,0.26,65.86,0.22,14.36,0.67
2024-04-18,06:30,April,Summer,Inverted-V,93,228.42,29.24,29.96,81.76,0.34,65.41,0.28,18.56,0.67
2024-04-18,06:45,April,Summer,Inverted-V,93,280.99,29.7,31.73,81.2,0.42,64.96,0.35,22.71,0.67
2024-04-18,07:00,April,Summer,Inverted-V,93,333.56,30.16,33.5,80.64,0.5,64.51,0.42,26.83,0.67
2024-04-18,07:15,April,Summer,Inverted-V,93,395.01,30.69,35.57,79.98,0.59,63.99,0.49,31.57,0.67
2024-04-18,07:30,April,Summer,Inverted-V,93,456.46,31.23,37.64,79.33,0.68,63.46,0.57,36.26,0.67
2024-04-18,07:45,April,Summer,Inverted-V,93,517.91,31.76,39.71,78.67,0.78,62.94,0.65,40.89,0.67
2024-04-18,08:00,April,Summer,Inverted-V,93,579.37,32.29,41.77,78.02,0.87,62.41,0.73,45.45,0.67
2024-04-18,08:15,April,Summer,Inverted-V,93,621.95,32.79,43.34,77.52,0.93,62.02,0.78,48.55,0.67
2024-04-18,08:30,April,Summer,Inverted-V,93,664.52,33.29,44.9,77.03,1.0,61.62,0.84,51.63,0.67
2024-04-18,08:45,April,Summer,Inverted-V,93,707.1,33.79,46.47,76.53,1.07,61.22,0.89,54.66,0.67
2024-04-18,09:00,April,Summer,Inverted-V,93,749.68,34.29,48.03,76.03,1.13,60.83,0.95,57.67,0.67
2024-04-18,09:15,April,Summer,Inverted-V,93,791.35,34.72,49.5,75.57,1.2,60.46,1.0,60.59,0.67
2024-04-18,09:30,April,Summer,Inverted-V,93,833.01,35.14,50.97,75.11,1.26,60.08,1.06,63.48,0.67
2024-04-18,09:45,April,Summer,Inverted-V,93,874.68,35.56,52.43,74.64,1.33,59.71,1.11,66.34,0.67
2024-04-18,10:00,April,Summer,Inverted-V,93,916.35,35.99,53.9,74.18,1.39,59.34,1.17,69.16,0.67
2024-04-18,10:15,April,Summer,Inverted-V,93,928.42,36.39,54.6,73.95,1.41,59.16,1.18,69.91,0.67
2024-04-18,10:30,April,Summer,Inverted-V,93,940.49,36.8,55.31,73.73,1.43,58.99,1.2,70.65,0.67
2024-04-18,10:45,April,Summer,Inverted-V,93,952.55,37.2,56.01,73.51,1.45,58.81,1.21,71.39,0.67
2024-04-18,11:00,April,Summer,Inverted-V,93,964.62,37.6,56.72,73.29,1.47,58.63,1.23,72.13,0.67
2024-04-18,11:15,April,Summer,Inverted-V,93,943.05,37.92,56.5,73.35,1.44,58.68,1.2,70.57,0.67
2024-04-18,11:30,April,Summer,Inverted-V,93,921.48,38.25,56.28,73.42,1.4,58.74,1.17,69.0,0.67
2024-04-18,11:45,April,Summer,Inverted-V,93,899.91,38.57,56.07,73.49,1.37,58.79,1.15,67.43,0.67
2024-04-18,12:00,April,Summer,Inverted-V,93,878.34,38.89,55.85,73.56,1.34,58.85,1.12,65.87,0.67
2024-04-18,12:15,April,Summer,Inverted-V,93,844.02,39.09,55.19,73.77,1.28,59.01,1.07,63.43,0.67
2024-04-18,12:30,April,Summer,Inverted-V,93,809.69,39.3,54.54,73.98,1.23,59.18,1.03,60.98,0.67
2024-04-18,12:45,April,Summer,Inverted-V,93,775.37,39.5,53.88,74.18,1.18,59.35,0.99,58.52,0.67
2024-04-18,13:00,April,Summer,Inverted-V,93,741.04,39.7,53.23,74.39,1.12,59.51,0.94,56.05,0.67
2024-04-18,13:15,April,Summer,Inverted-V,93,706.99,39.75,52.42,74.64,1.07,59.72,0.9,53.62,0.67
2024-04-18,13:30,April,Summer,Inverted-V,93,672.94,39.8,51.62,74.9,1.02,59.92,0.85,51.17,0.67
2024-04-18,13:45,April,Summer,Inverted-V,93,638.88,39.85,50.82,75.15,0.97,60.12,0.81,48.71,0.67
2024-04-18,14:00,April,Summer,Inverted-V,93,604.83,39.9,50.02,75.41,0.92,60.32,0.77,46.23,0.67
2024-04-18,14:15,April,Summer,Inverted-V,93,557.76,39.79,48.73,75.81,0.84,60.65,0.71,42.81,0.67
2024-04-18,14:30,April,Summer,Inverted-V,93,510.69,39.68,47.45,76.22,0.77,60.98,0.65,39.36,0.67
2024-04-18,14:45,April,Summer,Inverted-V,93,463.63,39.57,46.16,76.63,0.7,61.3,0.59,35.88,0.67
2024-04-18,15:00,April,Summer,Inverted-V,93,416.56,39.46,44.87,77.04,0.63,61.63,0.53,32.36,0.67
2024-04-18,15:15,April,Summer,Inverted-V,93,369.37,39.15,43.38,77.51,0.56,62.01,0.46,28.83,0.67
2024-04-18,15:30,April,Summer,Inverted-V,93,322.18,38.84,41.89,77.98,0.48,62.38,0.4,25.26,0.67
2024-04-18,15:45,April,Summer,Inverted-V,93,274.99,38.52,40.4,78.45,0.41,62.76,0.35,21.66,0.67
2024-04-18,16:00,April,Summer,Inverted-V,93,227.8,38.21,38.91,78.92,0.34,63.14,0.29,18.03,0.67
2024-04-18,16:15,April,Summer,Inverted-V,93,182.15,37.65,37.2,79.47,0.27,63.57,0.23,14.49,0.67
2024-04-18,16:30,April,Summer,Inverted-V,93,136.49,37.08,35.49,80.01,0.2,64.0,0.17,10.91,0.67
2024-04-18,16:45,April,Summer,Inverted-V,93,90.83,36.52,33.79,80.55,0.14,64.44,0.11,7.3,0.67
2024-04-18,17:00,April,Summer,Inverted-V,93,45.18,35.95,32.08,81.09,0.07,64.87,0.06,3.65,0.67
2024-04-18,17:15,April,Summer,Inverted-V,93,33.88,35.3,31.14,81.38,0.05,65.11,0.04,2.74,0.67
2024-04-18,17:30,April,Summer,Inverted-V,93,22.59,34.65,30.21,81.68,0.03,65.34,0.03,1.83,0.67
2024-04-18,17:45,April,Summer,Inverted-V,93,11.29,33.99,29.27,81.97,0.02,65.58,0.01,0.92,0.67
2024-04-19,05:15,April,Summer,Inverted-V,93,27.19,28.34,24.02,83.64,0.04,66.91,0.03,2.25,0.67
2024-04-19,05:30,April,Summer,Inverted-V,93,50.73,28.64,24.91,83.36,0.07,66.69,0.06,4.18,0.67
2024-04-19,05:45,April,Summer,Inverted-V,93,74.27,28.94,25.79,83.08,0.11,66.46,0.09,6.11,0.67
2024-04-19,06:00,April,Summer,Inverted-V,93,97.82,29.23,26.68,82.8,0.14,66.24,0.12,8.02,0.67
2024-04-19,06:15,April,Summer,Inverted-V,93,143.75,29.73,28.33,82.27,0.21,65.82,0.18,11.73,0.67
2024-04-19,06:30,April,Summer,Inverted-V,93,189.69,30.23,29.98,81.75,0.28,65.4,0.24,15.41,0.67
2024-04-19,06:45,April,Summer,Inverted-V,93,235.62,30.74,31.63,81.23,0.35,64.98,0.29,19.05,0.67
2024-04-19,07:00,April,Summer,Inverted-V,93,281.56,31.24,33.28,80.71,0.42,64.57,0.35,22.66,0.67
2024-04-19,07:15,April,Summer,Inverted-V,93,330.73,31.73,35.0,80.16,0.49,64.13,0.41,26.48,0.67
2024-04-19,07:30,April,Summer,Inverted-V,93,379.91,32.23,36.72,79.62,0.57,63.69,0.48,30.26,0.67
2024-04-19,07:45,April,Summer,Inverted-V,93,429.08,32.72,38.44,79.07,0.64,63.26,0.54,34.0,0.67
2024-04-19,08:00,April,Summer,Inverted-V,93,478.26,33.21,40.17,78.53,0.72,62.82,0.6,37.7,0.67
2024-04-19,08:15,April,Summer,Inverted-V,93,523.25,33.6,41.68,78.05,0.79,62.44,0.66,41.06,0.67
2024-04-19,08:30,April,Summer,Inverted-V,93,568.24,34.0,43.2,77.56,0.85,62.05,0.72,44.38,0.67
2024-04-19,08:45,April,Summer,Inverted-V,93,613.23,34.39,44.72,77.08,0.92,61.67,0.77,47.67,0.67
2024-04-19,09:00,April,Summer,Inverted-V,93,658.23,34.78,46.24,76.6,0.99,61.28,0.83,50.92,0.67
2024-04-19,09:15,April,Summer,Inverted-V,93,683.7,35.09,47.18,76.3,1.03,61.04,0.86,52.73,0.67
2024-04-19,09:30,April,Summer,Inverted-V,93,709.17,35.41,48.13,76.0,1.07,60.8,0.9,54.53,0.67
2024-04-19,09:45,April,Summer,Inverted-V,93,734.63,35.72,49.08,75.7,1.11,60.56,0.93,56.32,0.67
2024-04-19,10:00,April,Summer,Inverted-V,93,760.1,36.03,50.03,75.4,1.15,60.32,0.96,58.1,0.67
2024-04-19,10:15,April,Summer,Inverted-V,93,793.21,36.27,51.1,75.06,1.2,60.05,1.01,60.42,0.67
2024-04-19,10:30,April,Summer,Inverted-V,93,826.32,36.5,52.16,74.73,1.25,59.78,1.05,62.72,0.67
2024-04-19,10:45,April,Summer,Inverted-V,93,859.43,36.74,53.23,74.39,1.3,59.51,1.09,65.01,0.67
2024-04-19,11:00,April,Summer,Inverted-V,93,892.53,36.98,54.29,74.05,1.36,59.24,1.14,67.28,0.67
2024-04-19,11:15,April,Summer,Inverted-V,93,867.31,37.17,53.85,74.19,1.32,59.35,1.1,65.47,0.67
2024-04-19,11:30,April,Summer,Inverted-V,93,842.09,37.36,53.41,74.33,1.28,59.47,1.07,63.66,0.67
2024-04-19,11:45,April,Summer,Inverted-V,93,816.86,37.55,52.97,74.47,1.24,59.58,1.04,61.84,0.67
2024-04-19,12:00,April,Summer,Inverted-V,93,791.64,37.74,52.53,74.61,1.2,59.69,1.01,60.02,0.67
2024-04-19,12:15,April,Summer,Inverted-V,93,777.39,37.85,52.28,74.69,1.18,59.75,0.99,58.99,0.67
2024-04-19,12:30,April,Summer,Inverted-V,93,763.14,37.95,52.03,74.77,1.16,59.81,0.97,57.95,0.67
2024-04-19,12:45,April,Summer,Inverted-V,93,748.89,38.06,51.78,74.85,1.13,59.88,0.95,56.92,0.67
2024-04-19,13:00,April,Summer,Inverted-V,93,734.64,38.17,51.54,74.93,1.11,59.94,0.93,55.88,0.67
2024-04-19,13:15,April,Summer,Inverted-V,93,705.65,38.17,50.82,75.15,1.07,60.12,0.89,53.8,0.67
2024-04-19,13:30,April,Summer,Inverted-V,93,676.66,38.18,50.1,75.38,1.02,60.31,0.86,51.71,0.67
2024-04-19,13:45,April,Summer,Inverted-V,93,647.67,38.19,49.38,75.61,0.98,60.49,0.82,49.61,0.67
2024-04-19,14:00,April,Summer,Inverted-V,93,618.68,38.19,48.66,75.84,0.93,60.67,0.78,47.5,0.67
2024-04-19,14:15,April,Summer,Inverted-V,93,566.67,38.1,47.27,76.28,0.86,61.02,0.72,43.7,0.67
2024-04-19,14:30,April,Summer,Inverted-V,93,514.66,38.01,45.88,76.72,0.78,61.37,0.65,39.86,0.67
2024-04-19,14:45,April,Summer,Inverted-V,93,462.66,37.92,44.49,77.16,0.7,61.73,0.58,35.99,0.67
2024-04-19,15:00,April,Summer,Inverted-V,93,410.65,37.83,43.1,77.6,0.62,62.08,0.52,32.08,0.67
2024-04-19,15:15,April,Summer,Inverted-V,93,365.75,37.62,41.77,78.02,0.55,62.41,0.46,28.69,0.67
2024-04-19,15:30,April,Summer,Inverted-V,93,320.86,37.42,40.44,78.44,0.48,62.75,0.4,25.27,0.67
2024-04-19,15:45,April,Summer,Inverted-V,93,275.96,37.21,39.11,78.86,0.41,63.09,0.35,21.82,0.67
2024-04-19,16:00,April,Summer,Inverted-V,93,231.07,37.01,37.79,79.28,0.35,63.42,0.29,18.35,0.67
2024-04-19,16:15,April,Summer,Inverted-V,93,185.11,36.52,36.14,79.8,0.28,63.84,0.23,14.77,0.67
2024-04-19,16:30,April,Summer,Inverted-V,93,139.16,36.02,34.5,80.32,0.21,64.26,0.17,11.16,0.67
2024-04-19,16:45,April,Summer,Inverted-V,93,93.2,35.52,32.86,80.84,0.14,64.67,0.12,7.51,0.67
2024-04-19,17:00,April,Summer,Inverted-V,93,47.25,35.03,31.21,81.36,0.07,65.09,0.06,3.83,0.67
2024-04-19,17:15,April,Summer,Inverted-V,93,35.44,34.55,30.43,81.61,0.05,65.29,0.04,2.88,0.67
2024-04-19,17:30,April,Summer,Inverted-V,93,23.62,34.06,29.65,81.86,0.04,65.48,0.03,1.92,0.67
2024-04-19,17:45,April,Summer,Inverted-V,93,11.81,33.58,28.87,82.1,0.02,65.68,0.01,0.96,0.67
2024-04-20,05:15,April,Summer,Inverted-V,93,30.3,28.14,23.89,83.68,0.04,66.94,0.04,2.5,0.67
2024-04-20,05:30,April,Summer,Inverted-V,93,56.8,28.58,25.0,83.33,0.08,66.66,0.07,4.68,0.67
2024-04-20,05:45,April,Summer,Inverted-V,93,83.29,29.02,26.11,82.98,0.12,66.38,0.1,6.84,0.67
2024-04-20,06:00,April,Summer,Inverted-V,93,109.78,29.47,27.21,82.63,0.16,66.1,0.14,8.99,0.67
2024-04-20,06:15,April,Summer,Inverted-V,93,162.15,30.17,29.23,81.99,0.24,65.59,0.2,13.2,0.67
2024-04-20,06:30,April,Summer,Inverted-V,93,214.53,30.88,31.24,81.35,0.32,65.08,0.27,17.37,0.67
2024-04-20,06:45,April,Summer,Inverted-V,93,266.9,31.58,33.25,80.72,0.4,64.57,0.33,21.48,0.67
2024-04-20,07:00,April,Summer,Inverted-V,93,319.27,32.28,35.26,80.08,0.48,64.06,0.4,25.54,0.67
2024-04-20,07:15,April,Summer,Inverted-V,93,371.38,32.92,37.2,79.46,0.55,63.57,0.46,29.54,0.67
2024-04-20,07:30,April,Summer,Inverted-V,93,423.49,33.55,39.14,78.85,0.63,63.08,0.53,33.49,0.67
2024-04-20,07:45,April,Summer,Inverted-V,93,475.6,34.19,41.08,78.24,0.71,62.59,0.6,37.39,0.67
2024-04-20,08:00,April,Summer,Inverted-V,93,527.71,34.83,43.02,77.62,0.79,62.1,0.66,41.24,0.67
2024-04-20,08:15,April,Summer,Inverted-V,93,576.04,35.36,44.76,77.07,0.87,61.66,0.73,44.77,0.67
2024-04-20,08:30,April,Summer,Inverted-V,93,624.37,35.89,46.5,76.52,0.94,61.22,0.79,48.26,0.67
2024-04-20,08:45,April,Summer,Inverted-V,93,672.7,36.42,48.24,75.97,1.02,60.78,0.85,51.71,0.67
2024-04-20,09:00,April,Summer,Inverted-V,93,721.03,36.95,49.98,75.42,1.09,60.34,0.91,55.12,0.67
2024-04-20,09:15,April,Summer,Inverted-V,93,767.59,37.4,51.59,74.91,1.16,59.93,0.97,58.37,0.67
2024-04-20,09:30,April,Summer,Inverted-V,93,814.14,37.84,53.2,74.4,1.24,59.52,1.03,61.59,0.67
2024-04-20,09:45,April,Summer,Inverted-V,93,860.7,38.29,54.81,73.89,1.31,59.11,1.1,64.77,0.67
2024-04-20,10:00,April,Summer,Inverted-V,93,907.25,38.74,56.42,73.38,1.38,58.7,1.16,67.9,0.67
2024-04-20,10:15,April,Summer,Inverted-V,93,934.53,39.1,57.47,73.05,1.42,58.44,1.19,69.7,0.67
2024-04-20,10:30,April,Summer,Inverted-V,93,961.81,39.47,58.51,72.72,1.47,58.17,1.23,71.48,0.67
2024-04-20,10:45,April,Summer,Inverted-V,93,989.09,39.83,59.55,72.39,1.51,57.91,1.26,73.25,0.67
2024-04-20,11:00,April,Summer,Inverted-V,93,1016.37,40.19,60.6,72.06,1.55,57.64,1.3,75.0,0.67
2024-04-20,11:15,April,Summer,Inverted-V,93,996.68,40.42,60.34,72.14,1.52,57.71,1.28,73.61,0.67
2024-04-20,11:30,April,Summer,Inverted-V,93,976.98,40.66,60.08,72.22,1.49,57.78,1.25,72.22,0.67
2024-04-20,11:45,April,Summer,Inverted-V,93,957.29,40.89,59.82,72.3,1.46,57.84,1.22,70.83,0.67
2024-04-20,12:00,April,Summer,Inverted-V,93,937.6,41.12,59.56,72.38,1.43,57.91,1.2,69.44,0.67
2024-04-20,12:15,April,Summer,Inverted-V,93,898.36,41.2,58.66,72.67,1.37,58.13,1.15,66.73,0.67
2024-04-20,12:30,April,Summer,Inverted-V,93,859.11,41.29,57.77,72.95,1.31,58.36,1.1,64.01,0.67
2024-04-20,12:45,April,Summer,Inverted-V,93,819.87,41.38,56.87,73.24,1.25,58.59,1.05,61.27,0.67
2024-04-20,13:00,April,Summer,Inverted-V,93,780.62,41.46,55.98,73.52,1.19,58.82,0.99,58.51,0.67
2024-04-20,13:15,April,Summer,Inverted-V,93,739.59,41.39,54.88,73.87,1.12,59.09,0.94,55.64,0.67
2024-04-20,13:30,April,Summer,Inverted-V,93,698.56,41.31,53.78,74.22,1.06,59.37,0.89,52.74,0.67
2024-04-20,13:45,April,Summer,Inverted-V,93,657.53,41.24,52.68,74.56,1.0,59.65,0.84,49.83,0.67
2024-04-20,14:00,April,Summer,Inverted-V,93,616.5,41.17,51.58,74.91,0.93,59.93,0.78,46.88,0.67
2024-04-20,14:15,April,Summer,Inverted-V,93,569.68,40.98,50.23,75.34,0.86,60.27,0.72,43.51,0.67
2024-04-20,14:30,April,Summer,Inverted-V,93,522.86,40.8,48.87,75.77,0.79,60.62,0.66,40.11,0.67
2024-04-20,14:45,April,Summer,Inverted-V,93,476.03,40.62,47.52,76.2,0.72,60.96,0.6,36.68,0.67
2024-04-20,15:00,April,Summer,Inverted-V,93,429.21,40.43,46.16,76.63,0.65,61.3,0.54,33.21,0.67
2024-04-20,15:15,April,Summer,Inverted-V,93,380.42,40.1,44.61,77.12,0.57,61.69,0.48,29.58,0.67
2024-04-20,15:30,April,Summer,Inverted-V,93,331.62,39.77,43.06,77.61,0.5,62.09,0.42,25.91,0.67
2024-04-20,15:45,April,Summer,Inverted-V,93,282.83,39.44,41.51,78.1,0.42,62.48,0.36,22.2,0.67
2024-04-20,16:00,April,Summer,Inverted-V,93,234.04,39.11,39.96,78.59,0.35,62.87,0.29,18.46,0.67
2024-04-20,16:15,April,Summer,Inverted-V,93,186.35,38.57,38.23,79.14,0.28,63.31,0.23,14.78,0.67
2024-04-20,16:30,April,Summer,Inverted-V,93,138.66,38.02,36.49,79.69,0.21,63.75,0.17,11.05,0.67
2024-04-20,16:45,April,Summer,Inverted-V,93,90.97,37.48,34.76,80.24,0.14,64.19,0.11,7.29,0.67
2024-04-20,17:00,April,Summer,Inverted-V,93,43.29,36.94,33.02,80.79,0.06,64.63,0.05,3.49,0.67
2024-04-20,17:15,April,Summer,Inverted-V,93,32.46,36.29,32.1,81.08,0.05,64.86,0.04,2.62,0.67
2024-04-20,17:30,April,Summer,Inverted-V,93,21.64,35.64,31.19,81.37,0.03,65.1,0.03,1.75,0.67
2024-04-20,17:45,April,Summer,Inverted-V,93,10.82,35.0,30.27,81.66,0.02,65.33,0.01,0.88,0.67
2024-04-21,05:15,April,Summer,Inverted-V,93,33.12,28.28,24.11,83.61,0.05,66.89,0.04,2.74,0.67
2024-04-21,05:30,April,Summer,Inverted-V,93,61.98,28.7,25.24,83.25,0.09,66.6,0.08,5.1,0.67
2024-04-21,05:45,April,Summer,Inverted-V,93,90.83,29.11,26.38,82.89,0.13,66.31,0.11,7.46,0.67
2024-04-21,06:00,April,Summer,Inverted-V,93,119.69,29.53,27.52,82.53,0.18,66.02,0.15,9.79,0.67
2024-04-21,06:15,April,Summer,Inverted-V,93,179.66,30.2,29.69,81.84,0.27,65.48,0.22,14.61,0.67
2024-04-21,06:30,April,Summer,Inverted-V,93,239.64,30.86,31.85,81.16,0.36,64.93,0.3,19.36,0.67
2024-04-21,06:45,April,Summer,Inverted-V,93,299.61,31.52,34.02,80.47,0.45,64.38,0.37,24.06,0.67
2024-04-21,07:00,April,Summer,Inverted-V,93,359.59,32.19,36.18,79.79,0.54,63.83,0.45,28.69,0.67
2024-04-21,07:15,April,Summer,Inverted-V,93,418.87,32.8,38.27,79.12,0.63,63.3,0.52,33.21,0.67
2024-04-21,07:30,April,Summer,Inverted-V,93,478.16,33.41,40.37,78.46,0.72,62.77,0.6,37.67,0.67
2024-04-21,07:45,April,Summer,Inverted-V,93,537.45,34.03,42.46,77.8,0.81,62.24,0.68,42.07,0.67
2024-04-21,08:00,April,Summer,Inverted-V,93,596.73,34.64,44.56,77.13,0.9,61.71,0.75,46.41,0.67
2024-04-21,08:15,April,Summer,Inverted-V,93,648.37,35.17,46.38,76.56,0.98,61.25,0.82,50.14,0.67
2024-04-21,08:30,April,Summer,Inverted-V,93,700.01,35.7,48.21,75.98,1.06,60.78,0.89,53.82,0.67
2024-04-21,08:45,April,Summer,Inverted-V,93,751.64,36.24,50.03,75.4,1.14,60.32,0.95,57.45,0.67
2024-04-21,09:00,April,Summer,Inverted-V,93,803.28,36.77,51.85,74.83,1.22,59.86,1.02,61.04,0.67
2024-04-21,09:15,April,Summer,Inverted-V,93,835.68,37.22,53.11,74.43,1.27,59.54,1.06,63.24,0.67
2024-04-21,09:30,April,Summer,Inverted-V,93,868.08,37.67,54.38,74.03,1.32,59.22,1.1,65.42,0.67
2024-04-21,09:45,April,Summer,Inverted-V,93,900.48,38.13,55.64,73.63,1.37,58.9,1.15,67.57,0.67
2024-04-21,10:00,April,Summer,Inverted-V,93,932.88,38.58,56.9,73.23,1.42,58.58,1.19,69.71,0.67
2024-04-21,10:15,April,Summer,Inverted-V,93,955.32,38.92,57.81,72.94,1.46,58.35,1.22,71.17,0.67
2024-04-21,10:30,April,Summer,Inverted-V,93,977.76,39.27,58.71,72.65,1.49,58.12,1.25,72.62,0.67
2024-04-21,10:45,April,Summer,Inverted-V,93,1000.19,39.62,59.62,72.37,1.53,57.89,1.28,74.06,0.67
2024-04-21,11:00,April,Summer,Inverted-V,93,1022.63,39.96,60.53,72.08,1.56,57.66,1.31,75.48,0.67
2024-04-21,11:15,April,Summer,Inverted-V,93,986.94,40.17,59.84,72.3,1.51,57.84,1.26,73.02,0.67
2024-04-21,11:30,April,Summer,Inverted-V,93,951.25,40.38,59.16,72.51,1.45,58.01,1.22,70.54,0.67
2024-04-21,11:45,April,Summer,Inverted-V,93,915.56,40.58,58.47,72.73,1.4,58.18,1.17,68.05,0.67
2024-04-21,12:00,April,Summer,Inverted-V,93,879.88,40.79,57.79,72.95,1.34,58.36,1.12,65.55,0.67
2024-04-21,12:15,April,Summer,Inverted-V,93,868.68,40.83,57.55,73.02,1.32,58.42,1.11,64.77,0.67
2024-04-21,12:30,April,Summer,Inverted-V,93,857.48,40.88,57.31,73.1,1.31,58.48,1.09,63.99,0.67
2024-04-21,12:45,April,Summer,Inverted-V,93,846.28,40.92,57.07,73.17,1.29,58.54,1.08,63.2,0.67
2024-04-21,13:00,April,Summer,Inverted-V,93,835.08,40.96,56.84,73.25,1.27,58.6,1.07,62.41,0.67
2024-04-21,13:15,April,Summer,Inverted-V,93,788.98,40.8,55.52,73.66,1.2,58.93,1.01,59.23,0.67
2024-04-21,13:30,April,Summer,Inverted-V,93,742.87,40.64,54.21,74.08,1.13,59.26,0.95,56.01,0.67
2024-04-21,13:45,April,Summer,Inverted-V,93,696.77,40.47,52.89,74.5,1.06,59.6,0.89,52.76,0.67
2024-04-21,14:00,April,Summer,Inverted-V,93,650.67,40.31,51.58,74.91,0.99,59.93,0.83,49.48,0.67
2024-04-21,14:15,April,Summer,Inverted-V,93,583.92,40.01,49.6,75.54,0.88,60.43,0.74,44.69,0.67
2024-04-21,14:30,April,Summer,Inverted-V,93,517.18,39.7,47.63,76.16,0.78,60.93,0.65,39.83,0.67
2024-04-21,14:45,April,Summer,Inverted-V,93,450.44,39.4,45.66,76.79,0.68,61.43,0.57,34.91,0.67
2024-04-21,15:00,April,Summer,Inverted-V,93,383.69,39.09,43.68,77.41,0.58,61.93,0.48,29.92,0.67
2024-04-21,15:15,April,Summer,Inverted-V,93,338.08,38.62,42.07,77.92,0.51,62.34,0.43,26.5,0.67
2024-04-21,15:30,April,Summer,Inverted-V,93,292.47,38.15,40.46,78.43,0.44,62.75,0.37,23.04,0.67
2024-04-21,15:45,April,Summer,Inverted-V,93,246.87,37.67,38.84,78.94,0.37,63.16,0.31,19.54,0.67
2024-04-21,16:00,April,Summer,Inverted-V,93,201.26,37.2,37.23,79.45,0.3,63.56,0.25,16.01,0.67
2024-04-21,16:15,April,Summer,Inverted-V,93,161.04,36.7,35.73,79.93,0.24,63.94,0.2,12.87,0.67
2024-04-21,16:30,April,Summer,Inverted-V,93,120.81,36.2,34.23,80.41,0.18,64.33,0.15,9.7,0.67
2024-04-21,16:45,April,Summer,Inverted-V,93,80.59,35.71,32.72,80.88,0.12,64.71,0.1,6.5,0.67
2024-04-21,17:00,April,Summer,Inverted-V,93,40.37,35.21,31.22,81.36,0.06,65.09,0.05,3.27,0.67
2024-04-21,17:15,April,Summer,Inverted-V,93,30.28,34.75,30.5,81.59,0.04,65.27,0.04,2.46,0.67
2024-04-21,17:30,April,Summer,Inverted-V,93,20.19,34.28,29.78,81.81,0.03,65.45,0.03,1.64,0.67
2024-04-21,17:45,April,Summer,Inverted-V,93,10.09,33.81,29.07,82.04,0.01,65.63,0.01,0.82,0.67
2024-04-22,05:15,April,Summer,Inverted-V,93,32.96,29.11,24.93,83.35,0.05,66.68,0.04,2.72,0.67
2024-04-22,05:30,April,Summer,Inverted-V,93,61.74,29.34,25.88,83.05,0.09,66.44,0.08,5.07,0.67
2024-04-22,05:45,April,Summer,Inverted-V,93,90.51,29.57,26.84,82.75,0.13,66.2,0.11,7.42,0.67
2024-04-22,06:00,April,Summer,Inverted-V,93,119.29,29.81,27.79,82.44,0.18,65.96,0.15,9.75,0.67
2024-04-22,06:15,April,Summer,Inverted-V,93,178.63,30.32,29.78,81.81,0.26,65.45,0.22,14.52,0.67
2024-04-22,06:30,April,Summer,Inverted-V,93,237.98,30.82,31.77,81.18,0.35,64.95,0.3,19.24,0.67
2024-04-22,06:45,April,Summer,Inverted-V,93,297.32,31.33,33.77,80.55,0.44,64.44,0.37,23.89,0.67
2024-04-22,07:00,April,Summer,Inverted-V,93,356.67,31.84,35.76,79.92,0.53,63.94,0.45,28.49,0.67
2024-04-22,07:15,April,Summer,Inverted-V,93,411.29,32.33,37.61,79.33,0.61,63.47,0.51,32.67,0.67
2024-04-22,07:30,April,Summer,Inverted-V,93,465.91,32.82,39.47,78.75,0.7,63.0,0.58,36.81,0.67
2024-04-22,07:45,April,Summer,Inverted-V,93,520.53,33.31,41.32,78.16,0.78,62.53,0.65,40.89,0.67
2024-04-22,08:00,April,Summer,Inverted-V,93,575.15,33.8,43.18,77.57,0.86,62.06,0.72,44.92,0.67
2024-04-22,08:15,April,Summer,Inverted-V,93,612.93,34.18,44.5,77.15,0.92,61.72,0.77,47.68,0.67
2024-04-22,08:30,April,Summer,Inverted-V,93,650.7,34.55,45.82,76.73,0.98,61.39,0.82,50.41,0.67
2024-04-22,08:45,April,Summer,Inverted-V,93,688.47,34.93,47.14,76.32,1.04,61.05,0.87,53.11,0.67
2024-04-22,09:00,April,Summer,Inverted-V,93,726.25,35.31,48.47,75.9,1.1,60.72,0.92,55.79,0.67
2024-04-22,09:15,April,Summer,Inverted-V,93,758.13,35.64,49.59,75.54,1.15,60.43,0.96,58.03,0.67
2024-04-22,09:30,April,Summer,Inverted-V,93,790.02,35.96,50.71,75.19,1.2,60.15,1.0,60.25,0.67
2024-04-22,09:45,April,Summer,Inverted-V,93,821.91,36.28,51.83,74.83,1.25,59.87,1.04,62.46,0.67
2024-04-22,10:00,April,Summer,Inverted-V,93,853.79,36.61,52.95,74.48,1.3,59.58,1.08,64.64,0.67
2024-04-22,10:15,April,Summer,Inverted-V,93,883.73,36.87,53.97,74.16,1.34,59.32,1.12,66.68,0.67
2024-04-22,10:30,April,Summer,Inverted-V,93,913.66,37.13,54.98,73.84,1.39,59.07,1.16,68.71,0.67
2024-04-22,10:45,April,Summer,Inverted-V,93,943.6,37.4,55.99,73.52,1.44,58.81,1.2,70.73,0.67
2024-04-22,11:00,April,Summer,Inverted-V,93,973.53,37.66,57.0,73.2,1.48,58.56,1.24,72.72,0.67
2024-04-22,11:15,April,Summer,Inverted-V,93,930.7,37.77,56.04,73.5,1.42,58.8,1.19,69.75,0.67
2024-04-22,11:30,April,Summer,Inverted-V,93,887.87,37.88,55.07,73.81,1.35,59.04,1.13,66.75,0.67
2024-04-22,11:45,April,Summer,Inverted-V,93,845.04,37.98,54.11,74.11,1.28,59.29,1.07,63.74,0.67
2024-04-22,12:00,April,Summer,Inverted-V,93,802.2,38.09,53.15,74.42,1.22,59.53,1.02,60.7,0.67
2024-04-22,12:15,April,Summer,Inverted-V,93,806.6,38.04,53.21,74.4,1.22,59.52,1.03,61.02,0.67
2024-04-22,12:30,April,Summer,Inverted-V,93,810.99,38.0,53.27,74.38,1.23,59.5,1.03,61.34,0.67
2024-04-22,12:45,April,Summer,Inverted-V,93,815.38,37.95,53.33,74.36,1.24,59.49,1.04,61.66,0.67
2024-04-22,13:00,April,Summer,Inverted-V,93,819.77,37.9,53.39,74.34,1.24,59.47,1.04,61.98,0.67
2024-04-22,13:15,April,Summer,Inverted-V,93,779.67,37.73,52.23,74.71,1.18,59.77,0.99,59.17,0.67
2024-04-22,13:30,April,Summer,Inverted-V,93,739.56,37.57,51.06,75.08,1.12,60.06,0.94,56.34,0.67
2024-04-22,13:45,April,Summer,Inverted-V,93,699.45,37.41,49.89,75.45,1.06,60.36,0.89,53.49,0.67
2024-04-22,14:00,April,Summer,Inverted-V,93,659.34,37.24,48.72,75.82,1.0,60.65,0.83,50.61,0.67
2024-04-22,14:15,April,Summer,Inverted-V,93,605.6,37.06,47.2,76.3,0.91,61.04,0.77,46.71,0.67
2024-04-22,14:30,April,Summer,Inverted-V,93,551.85,36.88,45.67,76.78,0.83,61.43,0.7,42.77,0.67
2024-04-22,14:45,April,Summer,Inverted-V,93,498.11,36.69,44.15,77.27,0.75,61.81,0.63,38.79,0.67
2024-04-22,15:00,April,Summer,Inverted-V,93,444.37,36.51,42.62,77.75,0.67,62.2,0.56,34.77,0.67
2024-04-22,15:15,April,Summer,Inverted-V,93,390.19,36.32,41.07,78.24,0.59,62.59,0.49,30.67,0.67
2024-04-22,15:30,April,Summer,Inverted-V,93,336.02,36.12,39.53,78.73,0.5,62.98,0.42,26.54,0.67
2024-04-22,15:45,April,Summer,Inverted-V,93,281.84,35.93,37.98,79.22,0.42,63.37,0.35,22.37,0.67
2024-04-22,16:00,April,Summer,Inverted-V,93,227.66,35.74,36.43,79.71,0.34,63.77,0.28,18.15,0.67
2024-04-22,16:15,April,Summer,Inverted-V,93,181.46,35.48,35.01,80.16,0.27,64.13,0.23,14.53,0.67
2024-04-22,16:30,April,Summer,Inverted-V,93,135.25,35.21,33.59,80.61,0.2,64.49,0.17,10.87,0.67
2024-04-22,16:45,April,Summer,Inverted-V,93,89.05,34.95,32.17,81.06,0.13,64.85,0.11,7.19,0.67
2024-04-22,17:00,April,Summer,Inverted-V,93,42.84,34.68,30.75,81.51,0.06,65.21,0.05,3.47,0.67
2024-04-22,17:15,April,Summer,Inverted-V,93,32.13,34.38,30.19,81.69,0.05,65.35,0.04,2.61,0.67
2024-04-22,17:30,April,Summer,Inverted-V,93,21.42,34.09,29.62,81.86,0.03,65.49,0.03,1.74,0.67
2024-04-22,17:45,April,Summer,Inverted-V,93,10.71,33.79,29.06,82.04,0.02,65.64,0.01,0.87,0.67
2024-04-23,05:15,April,Summer,Inverted-V,93,34.72,28.73,24.59,83.46,0.05,66.77,0.04,2.86,0.67
2024-04-23,05:30,April,Summer,Inverted-V,93,64.82,29.01,25.63,83.13,0.1,66.5,0.08,5.33,0.67
2024-04-23,05:45,April,Summer,Inverted-V,93,94.91,29.29,26.67,82.8,0.14,66.24,0.12,7.78,0.67
2024-04-23,06:00,April,Summer,Inverted-V,93,125.01,29.58,27.71,82.47,0.19,65.98,0.15,10.22,0.67
2024-04-23,06:15,April,Summer,Inverted-V,93,180.22,30.18,29.69,81.84,0.27,65.48,0.22,14.65,0.67
2024-04-23,06:30,April,Summer,Inverted-V,93,235.43,30.78,31.67,81.22,0.35,64.97,0.29,19.04,0.67
2024-04-23,06:45,April,Summer,Inverted-V,93,290.64,31.38,33.65,80.59,0.43,64.47,0.36,23.36,0.67
2024-04-23,07:00,April,Summer,Inverted-V,93,345.85,31.98,35.63,79.96,0.52,63.97,0.43,27.64,0.67
2024-04-23,07:15,April,Summer,Inverted-V,93,408.4,32.51,37.72,79.3,0.61,63.44,0.51,32.43,0.67
2024-04-23,07:30,April,Summer,Inverted-V,93,470.95,33.05,39.82,78.64,0.71,62.91,0.59,37.17,0.67
2024-04-23,07:45,April,Summer,Inverted-V,93,533.5,33.58,41.92,77.97,0.8,62.38,0.67,41.83,0.67
2024-04-23,08:00,April,Summer,Inverted-V,93,596.05,34.11,44.01,77.31,0.9,61.85,0.75,46.44,0.67
2024-04-23,08:15,April,Summer,Inverted-V,93,657.0,34.62,46.05,76.66,0.99,61.33,0.83,50.86,0.67
2024-04-23,08:30,April,Summer,Inverted-V,93,717.96,35.13,48.08,76.02,1.08,60.81,0.91,55.22,0.67
2024-04-23,08:45,April,Summer,Inverted-V,93,778.91,35.65,50.12,75.37,1.18,60.3,0.99,59.52,0.67
2024-04-23,09:00,April,Summer,Inverted-V,93,839.86,36.16,52.16,74.73,1.27,59.78,1.07,63.75,0.67
2024-04-23,09:15,April,Summer,Inverted-V,93,873.91,36.62,53.47,74.31,1.33,59.45,1.11,66.05,0.67
2024-04-23,09:30,April,Summer,Inverted-V,93,907.96,37.08,54.78,73.9,1.38,59.12,1.16,68.33,0.67
2024-04-23,09:45,April,Summer,Inverted-V,93,942.0,37.55,56.1,73.48,1.43,58.78,1.2,70.58,0.67
2024-04-23,10:00,April,Summer,Inverted-V,93,976.05,38.01,57.41,73.07,1.49,58.45,1.25,72.81,0.67
2024-04-23,10:15,April,Summer,Inverted-V,93,987.97,38.36,58.06,72.86,1.51,58.29,1.26,73.54,0.67
2024-04-23,10:30,April,Summer,Inverted-V,93,999.89,38.71,58.71,72.65,1.53,58.12,1.28,74.26,0.67
2024-04-23,10:45,April,Summer,Inverted-V,93,1011.81,39.06,59.36,72.45,1.54,57.96,1.29,74.98,0.67
2024-04-23,11:00,April,Summer,Inverted-V,93,1023.73,39.41,60.0,72.24,1.56,57.8,1.31,75.7,0.67
2024-04-23,11:15,April,Summer,Inverted-V,93,1006.6,39.6,59.77,72.32,1.54,57.86,1.29,74.49,0.67
2024-04-23,11:30,April,Summer,Inverted-V,93,989.47,39.79,59.53,72.4,1.51,57.92,1.27,73.28,0.67
2024-04-23,11:45,April,Summer,Inverted-V,93,972.34,39.98,59.29,72.47,1.48,57.98,1.24,72.07,0.67
2024-04-23,12:00,April,Summer,Inverted-V,93,955.21,40.17,59.05,72.55,1.46,58.04,1.22,70.86,0.67
2024-04-23,12:15,April,Summer,Inverted-V,93,899.82,40.21,57.71,72.97,1.37,58.38,1.15,67.06,0.67
2024-04-23,12:30,April,Summer,Inverted-V,93,844.44,40.26,56.37,73.4,1.29,58.72,1.08,63.21,0.67
2024-04-23,12:45,April,Summer,Inverted-V,93,789.06,40.3,55.02,73.82,1.2,59.06,1.0,59.33,0.67
2024-04-23,13:00,April,Summer,Inverted-V,93,733.68,40.34,53.68,74.25,1.11,59.4,0.93,55.41,0.67
2024-04-23,13:15,April,Summer,Inverted-V,93,704.96,40.23,52.85,74.51,1.07,59.61,0.9,53.39,0.67
2024-04-23,13:30,April,Summer,Inverted-V,93,676.24,40.12,52.02,74.77,1.03,59.82,0.86,51.35,0.67
2024-04-23,13:45,April,Summer,Inverted-V,93,647.52,40.0,51.19,75.03,0.98,60.03,0.82,49.31,0.67
2024-04-23,14:00,April,Summer,Inverted-V,93,618.81,39.89,50.36,75.3,0.94,60.24,0.78,47.25,0.67
2024-04-23,14:15,April,Summer,Inverted-V,93,561.81,39.61,48.66,75.84,0.85,60.67,0.71,43.13,0.67
2024-04-23,14:30,April,Summer,Inverted-V,93,504.8,39.34,46.96,76.38,0.76,61.1,0.64,38.96,0.67
2024-04-23,14:45,April,Summer,Inverted-V,93,447.8,39.06,45.25,76.92,0.67,61.53,0.56,34.75,0.67
2024-04-23,15:00,April,Summer,Inverted-V,93,390.8,38.78,43.55,77.45,0.59,61.96,0.49,30.49,0.67
2024-04-23,15:15,April,Summer,Inverted-V,93,344.95,38.33,41.95,77.96,0.52,62.37,0.43,27.05,0.67
2024-04-23,15:30,April,Summer,Inverted-V,93,299.11,37.87,40.35,78.47,0.45,62.77,0.38,23.57,0.67
2024-04-23,15:45,April,Summer,Inverted-V,93,253.26,37.41,38.75,78.98,0.38,63.18,0.32,20.05,0.67
2024-04-23,16:00,April,Summer,Inverted-V,93,207.41,36.96,37.15,79.48,0.31,63.59,0.26,16.5,0.67
2024-04-23,16:15,April,Summer,Inverted-V,93,166.04,36.36,35.51,80.0,0.25,64.0,0.21,13.27,0.67
2024-04-23,16:30,April,Summer,Inverted-V,93,124.66,35.75,33.87,80.52,0.19,64.42,0.16,10.01,0.67
2024-04-23,16:45,April,Summer,Inverted-V,93,83.28,35.14,32.23,81.04,0.12,64.83,0.1,6.72,0.67
2024-04-23,17:00,April,Summer,Inverted-V,93,41.9,34.54,30.59,81.56,0.06,65.25,0.05,3.4,0.67
2024-04-23,17:15,April,Summer,Inverted-V,93,31.43,34.0,29.79,81.81,0.05,65.45,0.04,2.55,0.67
2024-04-23,17:30,April,Summer,Inverted-V,93,20.95,33.47,28.99,82.06,0.03,65.65,0.03,1.71,0.67
2024-04-23,17:45,April,Summer,Inverted-V,93,10.48,32.93,28.19,82.32,0.02,65.85,0.01,0.86,0.67
2024-04-24,05:15,April,Summer,Inverted-V,93,36.1,28.12,24.02,83.64,0.05,66.91,0.04,2.98,0.67
2024-04-24,05:30,April,Summer,Inverted-V,93,66.93,28.41,25.08,83.3,0.1,66.64,0.08,5.51,0.67
2024-04-24,05:45,April,Summer,Inverted-V,93,97.76,28.7,26.15,82.96,0.14,66.37,0.12,8.03,0.67
2024-04-24,06:00,April,Summer,Inverted-V,93,128.6,29.0,27.21,82.63,0.19,66.1,0.16,10.53,0.67
2024-04-24,06:15,April,Summer,Inverted-V,93,181.83,29.46,29.01,82.06,0.27,65.65,0.23,14.81,0.67
2024-04-24,06:30,April,Summer,Inverted-V,93,235.07,29.93,30.8,81.49,0.35,65.19,0.29,19.05,0.67
2024-04-24,06:45,April,Summer,Inverted-V,93,288.31,30.39,32.6,80.92,0.43,64.74,0.36,23.25,0.67
2024-04-24,07:00,April,Summer,Inverted-V,93,341.55,30.85,34.39,80.36,0.51,64.28,0.43,27.4,0.67
2024-04-24,07:15,April,Summer,Inverted-V,93,403.3,31.41,36.5,79.69,0.6,63.75,0.5,32.15,0.67
2024-04-24,07:30,April,Summer,Inverted-V,93,465.06,31.98,38.61,79.02,0.7,63.22,0.58,36.84,0.67
2024-04-24,07:45,April,Summer,Inverted-V,93,526.81,32.55,40.72,78.35,0.79,62.68,0.66,41.46,0.67
2024-04-24,08:00,April,Summer,Inverted-V,93,588.57,33.11,42.82,77.68,0.88,62.15,0.74,46.02,0.67
2024-04-24,08:15,April,Summer,Inverted-V,93,637.6,33.58,44.52,77.15,0.96,61.72,0.8,49.59,0.67
2024-04-24,08:30,April,Summer,Inverted-V,93,686.64,34.05,46.21,76.61,1.03,61.29,0.87,53.12,0.67
2024-04-24,08:45,April,Summer,Inverted-V,93,735.67,34.51,47.9,76.08,1.11,60.86,0.93,56.61,0.67
2024-04-24,09:00,April,Summer,Inverted-V,93,784.71,34.98,49.6,75.54,1.19,60.43,0.99,60.06,0.67
2024-04-24,09:15,April,Summer,Inverted-V,93,820.89,35.34,50.86,75.14,1.24,60.11,1.04,62.57,0.67
2024-04-24,09:30,April,Summer,Inverted-V,93,857.07,35.7,52.13,74.74,1.3,59.79,1.09,65.06,0.67
2024-04-24,09:45,April,Summer,Inverted-V,93,893.25,36.07,53.4,74.34,1.36,59.47,1.14,67.53,0.67
2024-04-24,10:00,April,Summer,Inverted-V,93,929.43,36.43,54.67,73.93,1.41,59.15,1.18,69.97,0.67
2024-04-24,10:15,April,Summer,Inverted-V,93,946.09,36.69,55.34,73.72,1.44,58.98,1.2,71.07,0.67
2024-04-24,10:30,April,Summer,Inverted-V,93,962.76,36.95,56.02,73.5,1.47,58.8,1.23,72.15,0.67
2024-04-24,10:45,April,Summer,Inverted-V,93,979.42,37.22,56.7,73.29,1.49,58.63,1.25,73.24,0.67
2024-04-24,11:00,April,Summer,Inverted-V,93,996.08,37.48,57.38,73.07,1.52,58.46,1.27,74.31,0.67
2024-04-24,11:15,April,Summer,Inverted-V,93,990.56,37.63,57.39,73.07,1.51,58.46,1.26,73.9,0.67
2024-04-24,11:30,April,Summer,Inverted-V,93,985.04,37.78,57.41,73.07,1.5,58.45,1.26,73.48,0.67
2024-04-24,11:45,April,Summer,Inverted-V,93,979.52,37.93,57.42,73.06,1.49,58.45,1.25,73.07,0.67
2024-04-24,12:00,April,Summer,Inverted-V,93,974.0,38.08,57.43,73.06,1.48,58.45,1.24,72.65,0.67
2024-04-24,12:15,April,Summer,Inverted-V,93,947.45,38.15,56.83,73.25,1.44,58.6,1.21,70.81,0.67
2024-04-24,12:30,April,Summer,Inverted-V,93,920.91,38.22,56.24,73.44,1.4,58.75,1.17,68.97,0.67
2024-04-24,12:45,April,Summer,Inverted-V,93,894.36,38.28,55.64,73.63,1.36,58.9,1.14,67.11,0.67
2024-04-24,13:00,April,Summer,Inverted-V,93,867.81,38.35,55.05,73.81,1.32,59.05,1.1,65.25,0.67
2024-04-24,13:15,April,Summer,Inverted-V,93,819.06,38.31,53.78,74.21,1.24,59.37,1.04,61.84,0.67
2024-04-24,13:30,April,Summer,Inverted-V,93,770.31,38.27,52.52,74.61,1.17,59.69,0.98,58.4,0.67
2024-04-24,13:45,April,Summer,Inverted-V,93,721.56,38.22,51.26,75.01,1.09,60.01,0.92,54.93,0.67
2024-04-24,14:00,April,Summer,Inverted-V,93,672.81,38.18,50.0,75.41,1.02,60.33,0.85,51.43,0.67
2024-04-24,14:15,April,Summer,Inverted-V,93,617.98,38.05,48.5,75.89,0.93,60.71,0.78,47.47,0.67
2024-04-24,14:30,April,Summer,Inverted-V,93,563.15,37.92,47.0,76.36,0.85,61.09,0.71,43.46,0.67
2024-04-24,14:45,April,Summer,Inverted-V,93,508.32,37.79,45.5,76.84,0.77,61.47,0.64,39.42,0.67
2024-04-24,15:00,April,Summer,Inverted-V,93,453.49,37.66,44.0,77.31,0.68,61.85,0.57,35.33,0.67
2024-04-24,15:15,April,Summer,Inverted-V,93,398.02,37.41,42.36,77.83,0.6,62.27,0.5,31.17,0.67
2024-04-24,15:30,April,Summer,Inverted-V,93,342.55,37.15,40.71,78.35,0.51,62.68,0.43,26.96,0.67
2024-04-24,15:45,April,Summer,Inverted-V,93,287.08,36.89,39.07,78.87,0.43,63.1,0.36,22.71,0.67
2024-04-24,16:00,April,Summer,Inverted-V,93,231.61,36.64,37.43,79.39,0.35,63.51,0.29,18.41,0.67
2024-04-24,16:15,April,Summer,Inverted-V,93,186.17,36.17,35.82,79.9,0.28,63.92,0.23,14.87,0.67
2024-04-24,16:30,April,Summer,Inverted-V,93,140.73,35.7,34.21,80.41,0.21,64.33,0.18,11.29,0.67
2024-04-24,16:45,April,Summer,Inverted-V,93,95.3,35.22,32.6,80.92,0.14,64.74,0.12,7.68,0.67
2024-04-24,17:00,April,Summer,Inverted-V,93,49.86,34.75,31.0,81.43,0.07,65.14,0.06,4.04,0.67
2024-04-24,17:15,April,Summer,Inverted-V,93,37.4,34.11,30.04,81.73,0.06,65.38,0.05,3.04,0.67
2024-04-24,17:30,April,Summer,Inverted-V,93,24.93,33.47,29.09,82.03,0.04,65.63,0.03,2.03,0.67
2024-04-24,17:45,April,Summer,Inverted-V,93,12.47,32.83,28.14,82.33,0.02,65.87,0.02,1.02,0.67
2024-04-25,05:15,April,Summer,Inverted-V,93,35.27,27.68,23.56,83.78,0.05,67.03,0.04,2.92,0.67
2024-04-25,05:30,April,Summer,Inverted-V,93,65.44,28.14,24.78,83.4,0.1,66.72,0.08,5.4,0.67
2024-04-25,05:45,April,Summer,Inverted-V,93,95.62,28.61,26.0,83.01,0.14,66.41,0.12,7.86,0.67
2024-04-25,06:00,April,Summer,Inverted-V,93,125.79,29.07,27.21,82.63,0.19,66.1,0.16,10.3,0.67
2024-04-25,06:15,April,Summer,Inverted-V,93,186.2,29.77,29.43,81.93,0.28,65.54,0.23,15.15,0.67
2024-04-25,06:30,April,Summer,Inverted-V,93,246.62,30.48,31.64,81.23,0.37,64.98,0.31,19.94,0.67
2024-04-25,06:45,April,Summer,Inverted-V,93,307.03,31.18,33.85,80.52,0.46,64.42,0.38,24.67,0.67
2024-04-25,07:00,April,Summer,Inverted-V,93,367.45,31.88,36.07,79.82,0.55,63.86,0.46,29.33,0.67
2024-04-25,07:15,April,Summer,Inverted-V,93,427.3,32.44,38.12,79.17,0.64,63.34,0.54,33.9,0.67
2024-04-25,07:30,April,Summer,Inverted-V,93,487.16,32.99,40.17,78.52,0.73,62.82,0.61,38.4,0.67
2024-04-25,07:45,April,Summer,Inverted-V,93,547.02,33.55,42.23,77.87,0.82,62.3,0.69,42.85,0.67
2024-04-25,08:00,April,Summer,Inverted-V,93,606.87,34.11,44.28,77.22,0.91,61.78,0.76,47.24,0.67
2024-04-25,08:15,April,Summer,Inverted-V,93,657.21,34.55,45.98,76.68,0.99,61.35,0.83,50.88,0.67
2024-04-25,08:30,April,Summer,Inverted-V,93,707.55,35.0,47.68,76.15,1.07,60.92,0.89,54.49,0.67
2024-04-25,08:45,April,Summer,Inverted-V,93,757.88,35.44,49.38,75.61,1.15,60.49,0.96,58.05,0.67
2024-04-25,09:00,April,Summer,Inverted-V,93,808.22,35.88,51.09,75.07,1.22,60.05,1.03,61.56,0.67
2024-04-25,09:15,April,Summer,Inverted-V,93,847.37,36.21,52.4,74.65,1.28,59.72,1.08,64.27,0.67
2024-04-25,09:30,April,Summer,Inverted-V,93,886.52,36.55,53.71,74.24,1.35,59.39,1.13,66.95,0.67
2024-04-25,09:45,April,Summer,Inverted-V,93,925.67,36.88,55.02,73.82,1.41,59.06,1.18,69.61,0.67
2024-04-25,10:00,April,Summer,Inverted-V,93,964.82,37.21,56.33,73.41,1.47,58.73,1.23,72.23,0.67
2024-04-25,10:15,April,Summer,Inverted-V,93,981.59,37.38,56.92,73.22,1.5,58.58,1.25,73.34,0.67
2024-04-25,10:30,April,Summer,Inverted-V,93,998.35,37.56,57.52,73.03,1.52,58.42,1.27,74.45,0.67
2024-04-25,10:45,April,Summer,Inverted-V,93,1015.12,37.73,58.11,72.84,1.55,58.27,1.3,75.55,0.67
2024-04-25,11:00,April,Summer,Inverted-V,93,1031.89,37.91,58.71,72.65,1.57,58.12,1.32,76.64,0.67
2024-04-25,11:15,April,Summer,Inverted-V,93,1022.17,37.91,58.47,72.73,1.56,58.18,1.31,75.98,0.67
2024-04-25,11:30,April,Summer,Inverted-V,93,1012.45,37.91,58.23,72.81,1.54,58.25,1.29,75.32,0.67
2024-04-25,11:45,April,Summer,Inverted-V,93,1002.73,37.92,57.99,72.88,1.53,58.31,1.28,74.66,0.67
2024-04-25,12:00,April,Summer,Inverted-V,93,993.01,37.92,57.75,72.96,1.51,58.37,1.27,73.99,0.67
2024-04-25,12:15,April,Summer,Inverted-V,93,950.6,37.79,56.56,73.34,1.45,58.67,1.21,71.12,0.67
2024-04-25,12:30,April,Summer,Inverted-V,93,908.2,37.66,55.36,73.71,1.38,58.97,1.16,68.21,0.67
2024-04-25,12:45,April,Summer,Inverted-V,93,865.8,37.53,54.17,74.09,1.32,59.27,1.1,65.29,0.67
2024-04-25,13:00,April,Summer,Inverted-V,93,823.39,37.4,52.98,74.47,1.25,59.57,1.05,62.33,0.67
2024-04-25,13:15,April,Summer,Inverted-V,93,793.35,37.18,52.01,74.77,1.2,59.82,1.01,60.25,0.67
2024-04-25,13:30,April,Summer,Inverted-V,93,763.3,36.96,51.04,75.08,1.16,60.07,0.97,58.15,0.67
2024-04-25,13:45,April,Summer,Inverted-V,93,733.26,36.74,50.07,75.39,1.11,60.31,0.93,56.04,0.67
2024-04-25,14:00,April,Summer,Inverted-V,93,703.21,36.52,49.1,75.7,1.06,60.56,0.89,53.91,0.67
2024-04-25,14:15,April,Summer,Inverted-V,93,650.85,36.25,47.52,76.2,0.98,60.96,0.82,50.15,0.67
2024-04-25,14:30,April,Summer,Inverted-V,93,598.49,35.98,45.95,76.7,0.9,61.36,0.76,46.34,0.67
2024-04-25,14:45,April,Summer,Inverted-V,93,546.13,35.72,44.37,77.19,0.82,61.76,0.69,42.5,0.67
2024-04-25,15:00,April,Summer,Inverted-V,93,493.78,35.45,42.79,77.69,0.74,62.15,0.62,38.61,0.67
2024-04-25,15:15,April,Summer,Inverted-V,93,435.87,35.15,41.04,78.25,0.65,62.6,0.55,34.27,0.67
2024-04-25,15:30,April,Summer,Inverted-V,93,377.97,34.84,39.29,78.8,0.57,63.04,0.47,29.88,0.67
2024-04-25,15:45,April,Summer,Inverted-V,93,320.07,34.53,37.54,79.36,0.48,63.49,0.4,25.43,0.67
2024-04-25,16:00,April,Summer,Inverted-V,93,262.17,34.23,35.78,79.91,0.39,63.93,0.33,20.94,0.67
2024-04-25,16:15,April,Summer,Inverted-V,93,209.44,33.9,34.14,80.43,0.31,64.35,0.26,16.81,0.67
2024-04-25,16:30,April,Summer,Inverted-V,93,156.72,33.58,32.49,80.96,0.23,64.76,0.2,12.64,0.67
2024-04-25,16:45,April,Summer,Inverted-V,93,103.99,33.25,30.85,81.48,0.15,65.18,0.13,8.43,0.67
2024-04-25,17:00,April,Summer,Inverted-V,93,51.27,32.92,29.2,82.0,0.08,65.6,0.06,4.17,0.67
2024-04-25,17:15,April,Summer,Inverted-V,93,38.45,32.61,28.57,82.2,0.06,65.76,0.05,3.14,0.67
2024-04-25,17:30,April,Summer,Inverted-V,93,25.63,32.29,27.93,82.4,0.04,65.92,0.03,2.09,0.67
2024-04-25,17:45,April,Summer,Inverted-V,93,12.82,31.98,27.3,82.6,0.02,66.08,0.02,1.05,0.67
2024-04-26,05:15,April,Summer,Inverted-V,93,38.2,26.83,22.78,84.03,0.06,67.22,0.05,3.17,0.67
2024-04-26,05:30,April,Summer,Inverted-V,93,70.99,27.39,24.16,83.59,0.1,66.87,0.09,5.86,0.67
2024-04-26,05:45,April,Summer,Inverted-V,93,103.79,27.95,25.55,83.15,0.15,66.52,0.13,8.54,0.67
2024-04-26,06:00,April,Summer,Inverted-V,93,136.59,28.52,26.93,82.72,0.2,66.17,0.17,11.19,0.67
2024-04-26,06:15,April,Summer,Inverted-V,93,195.76,29.25,29.14,82.02,0.29,65.61,0.24,15.94,0.67
2024-04-26,06:30,April,Summer,Inverted-V,93,254.93,29.97,31.34,81.32,0.38,65.06,0.32,20.63,0.67
2024-04-26,06:45,April,Summer,Inverted-V,93,314.1,30.7,33.55,80.62,0.47,64.5,0.39,25.26,0.67
2024-04-26,07:00,April,Summer,Inverted-V,93,373.27,31.42,35.75,79.92,0.56,63.94,0.47,29.82,0.67
2024-04-26,07:15,April,Summer,Inverted-V,93,435.44,32.15,38.04,79.2,0.65,63.36,0.55,34.55,0.67
2024-04-26,07:30,April,Summer,Inverted-V,93,497.61,32.89,40.33,78.48,0.75,62.78,0.62,39.21,0.67
2024-04-26,07:45,April,Summer,Inverted-V,93,559.78,33.62,42.61,77.75,0.84,62.2,0.7,43.8,0.67
2024-04-26,08:00,April,Summer,Inverted-V,93,621.95,34.35,44.9,77.03,0.94,61.62,0.78,48.32,0.67
2024-04-26,08:15,April,Summer,Inverted-V,93,677.11,34.92,46.85,76.41,1.02,61.13,0.86,52.28,0.67
2024-04-26,08:30,April,Summer,Inverted-V,93,732.27,35.5,48.8,75.79,1.11,60.63,0.93,56.19,0.67
2024-04-26,08:45,April,Summer,Inverted-V,93,787.43,36.07,50.75,75.17,1.19,60.14,1.0,60.05,0.67
2024-04-26,09:00,April,Summer,Inverted-V,93,842.58,36.64,52.7,74.56,1.28,59.64,1.07,63.84,0.67
2024-04-26,09:15,April,Summer,Inverted-V,93,879.31,37.11,54.1,74.12,1.34,59.29,1.12,66.32,0.67
2024-04-26,09:30,April,Summer,Inverted-V,93,916.04,37.59,55.49,73.67,1.39,58.94,1.17,68.78,0.67
2024-04-26,09:45,April,Summer,Inverted-V,93,952.77,38.06,56.88,73.23,1.45,58.59,1.22,71.2,0.67
2024-04-26,10:00,April,Summer,Inverted-V,93,989.5,38.53,58.27,72.79,1.51,58.24,1.26,73.6,0.67
2024-04-26,10:15,April,Summer,Inverted-V,93,1005.14,38.89,59.01,72.56,1.53,58.05,1.28,74.58,0.67
2024-04-26,10:30,April,Summer,Inverted-V,93,1020.79,39.24,59.76,72.32,1.56,57.86,1.31,75.54,0.67
2024-04-26,10:45,April,Summer,Inverted-V,93,1036.44,39.59,60.51,72.09,1.58,57.67,1.33,76.51,0.67
2024-04-26,11:00,April,Summer,Inverted-V,93,1052.08,39.95,61.25,71.85,1.61,57.48,1.35,77.46,0.67
2024-04-26,11:15,April,Summer,Inverted-V,93,1026.03,40.15,60.8,71.99,1.57,57.59,1.31,75.66,0.67
2024-04-26,11:30,April,Summer,Inverted-V,93,999.97,40.36,60.35,72.13,1.53,57.71,1.28,73.85,0.67
2024-04-26,11:45,April,Summer,Inverted-V,93,973.92,40.56,59.91,72.28,1.49,57.82,1.25,72.04,0.67
2024-04-26,12:00,April,Summer,Inverted-V,93,947.86,40.76,59.46,72.42,1.45,57.93,1.21,70.22,0.67
2024-04-26,12:15,April,Summer,Inverted-V,93,932.96,40.81,59.13,72.52,1.42,58.02,1.19,69.19,0.67
2024-04-26,12:30,April,Summer,Inverted-V,93,918.06,40.86,58.81,72.62,1.4,58.1,1.17,68.16,0.67
2024-04-26,12:45,April,Summer,Inverted-V,93,903.17,40.9,58.48,72.73,1.38,58.18,1.15,67.13,0.67
2024-04-26,13:00,April,Summer,Inverted-V,93,888.27,40.95,58.16,72.83,1.35,58.26,1.13,66.1,0.67
2024-04-26,13:15,April,Summer,Inverted-V,93,844.41,40.84,56.95,73.21,1.29,58.57,1.08,63.09,0.67
2024-04-26,13:30,April,Summer,Inverted-V,93,800.56,40.73,55.74,73.59,1.22,58.87,1.02,60.05,0.67
2024-04-26,13:45,April,Summer,Inverted-V,93,756.71,40.62,54.54,73.97,1.15,59.18,0.96,56.99,0.67
2024-04-26,14:00,April,Summer,Inverted-V,93,712.85,40.51,53.33,74.36,1.08,59.49,0.91,53.9,0.67
2024-04-26,14:15,April,Summer,Inverted-V,93,657.58,40.25,51.69,74.88,1.0,59.9,0.83,49.99,0.67
2024-04-26,14:30,April,Summer,Inverted-V,93,602.31,39.98,50.04,75.4,0.91,60.32,0.76,46.03,0.67
2024-04-26,14:45,April,Summer,Inverted-V,93,547.03,39.72,48.4,75.92,0.83,60.74,0.69,42.03,0.67
2024-04-26,15:00,April,Summer,Inverted-V,93,491.76,39.46,46.75,76.44,0.74,61.15,0.62,37.98,0.67
2024-04-26,15:15,April,Summer,Inverted-V,93,429.41,39.04,44.77,77.07,0.65,61.65,0.54,33.37,0.67
2024-04-26,15:30,April,Summer,Inverted-V,93,367.07,38.62,42.79,77.69,0.55,62.16,0.46,28.71,0.67
2024-04-26,15:45,April,Summer,Inverted-V,93,304.73,38.19,40.81,78.32,0.46,62.66,0.38,23.98,0.67
2024-04-26,16:00,April,Summer,Inverted-V,93,242.38,37.77,38.83,78.95,0.36,63.16,0.3,19.19,0.67
2024-04-26,16:15,April,Summer,Inverted-V,93,194.25,37.19,37.05,79.51,0.29,63.61,0.24,15.46,0.67
2024-04-26,16:30,April,Summer,Inverted-V,93,146.11,36.61,35.26,80.08,0.22,64.06,0.18,11.69,0.67
2024-04-26,16:45,April,Summer,Inverted-V,93,97.98,36.03,33.48,80.64,0.15,64.51,0.12,7.88,0.67
2024-04-26,17:00,April,Summer,Inverted-V,93,49.84,35.45,31.7,81.21,0.07,64.97,0.06,4.03,0.67
2024-04-26,17:15,April,Summer,Inverted-V,93,37.38,34.89,30.82,81.49,0.06,65.19,0.05,3.03,0.67
2024-04-26,17:30,April,Summer,Inverted-V,93,24.92,34.32,29.94,81.76,0.04,65.41,0.03,2.02,0.67
2024-04-26,17:45,April,Summer,Inverted-V,93,12.46,33.75,29.07,82.04,0.02,65.63,0.02,1.02,0.67
2024-04-27,05:00,April,Summer,Inverted-V,93,5.51,27.33,22.47,84.13,0.01,67.3,0.01,0.46,0.67
2024-04-27,05:15,April,Summer,Inverted-V,93,37.46,27.73,23.67,83.75,0.06,67.0,0.05,3.1,0.67
2024-04-27,05:30,April,Summer,Inverted-V,93,69.41,28.13,24.87,83.37,0.1,66.7,0.09,5.72,0.67
2024-04-27,05:45,April,Summer,Inverted-V,93,101.36,28.53,26.06,82.99,0.15,66.39,0.13,8.33,0.67
2024-04-27,06:00,April,Summer,Inverted-V,93,133.3,28.93,27.26,82.61,0.2,66.09,0.17,10.92,0.67
2024-04-27,06:15,April,Summer,Inverted-V,93,188.6,29.57,29.29,81.97,0.28,65.58,0.23,15.35,0.67
2024-04-27,06:30,April,Summer,Inverted-V,93,243.9,30.21,31.31,81.33,0.36,65.06,0.3,19.74,0.67
2024-04-27,06:45,April,Summer,Inverted-V,93,299.19,30.86,33.34,80.69,0.45,64.55,0.37,24.07,0.67
2024-04-27,07:00,April,Summer,Inverted-V,93,354.49,31.5,35.36,80.05,0.53,64.04,0.44,28.35,0.67
2024-04-27,07:15,April,Summer,Inverted-V,93,411.91,32.12,37.42,79.39,0.62,63.52,0.52,32.74,0.67
2024-04-27,07:30,April,Summer,Inverted-V,93,469.34,32.75,39.48,78.74,0.7,62.99,0.59,37.08,0.67
2024-04-27,07:45,April,Summer,Inverted-V,93,526.77,33.38,41.54,78.09,0.79,62.47,0.66,41.35,0.67
2024-04-27,08:00,April,Summer,Inverted-V,93,584.19,34.0,43.6,77.44,0.88,61.95,0.74,45.57,0.67
2024-04-27,08:15,April,Summer,Inverted-V,93,639.53,34.62,45.6,76.8,0.96,61.44,0.81,49.58,0.67
2024-04-27,08:30,April,Summer,Inverted-V,93,694.87,35.23,47.6,76.17,1.05,60.94,0.88,53.53,0.67
2024-04-27,08:45,April,Summer,Inverted-V,93,750.21,35.84,49.6,75.54,1.13,60.43,0.95,57.42,0.67
2024-04-27,09:00,April,Summer,Inverted-V,93,805.55,36.46,51.6,74.91,1.22,59.92,1.02,61.26,0.67
2024-04-27,09:15,April,Summer,Inverted-V,93,838.83,36.98,52.95,74.48,1.27,59.58,1.07,63.51,0.67
2024-04-27,09:30,April,Summer,Inverted-V,93,872.12,37.5,54.31,74.05,1.32,59.24,1.11,65.73,0.67
2024-04-27,09:45,April,Summer,Inverted-V,93,905.4,38.03,55.66,73.62,1.38,58.9,1.15,67.94,0.67
2024-04-27,10:00,April,Summer,Inverted-V,93,938.68,38.55,57.02,73.19,1.43,58.55,1.2,70.12,0.67
2024-04-27,10:15,April,Summer,Inverted-V,93,952.49,38.92,57.73,72.96,1.45,58.37,1.22,70.98,0.67
2024-04-27,10:30,April,Summer,Inverted-V,93,966.29,39.3,58.45,72.74,1.47,58.19,1.23,71.83,0.67
2024-04-27,10:45,April,Summer,Inverted-V,93,980.1,39.67,59.17,72.51,1.5,58.01,1.25,72.68,0.67
2024-04-27,11:00,April,Summer,Inverted-V,93,993.9,40.04,59.89,72.28,1.52,57.82,1.27,73.52,0.67
2024-04-27,11:15,April,Summer,Inverted-V,93,995.93,40.25,60.15,72.2,1.52,57.76,1.27,73.61,0.67
2024-04-27,11:30,April,Summer,Inverted-V,93,997.95,40.47,60.42,72.11,1.53,57.69,1.28,73.69,0.67
2024-04-27,11:45,April,Summer,Inverted-V,93,999.98,40.69,60.68,72.03,1.53,57.62,1.28,73.77,0.67
2024-04-27,12:00,April,Summer,Inverted-V,93,1002.0,40.9,60.95,71.94,1.53,57.56,1.28,73.85,0.67
2024-04-27,12:15,April,Summer,Inverted-V,93,963.78,40.95,60.04,72.23,1.47,57.79,1.23,71.26,0.67
2024-04-27,12:30,April,Summer,Inverted-V,93,925.56,41.0,59.14,72.52,1.41,58.01,1.18,68.64,0.67
2024-04-27,12:45,April,Summer,Inverted-V,93,887.34,41.05,58.23,72.8,1.35,58.24,1.13,66.01,0.67
2024-04-27,13:00,April,Summer,Inverted-V,93,849.12,41.1,57.33,73.09,1.29,58.47,1.08,63.36,0.67
2024-04-27,13:15,April,Summer,Inverted-V,93,808.74,40.95,56.17,73.46,1.23,58.77,1.03,60.58,0.67
2024-04-27,13:30,April,Summer,Inverted-V,93,768.36,40.81,55.02,73.82,1.17,59.06,0.98,57.78,0.67
2024-04-27,13:45,April,Summer,Inverted-V,93,727.98,40.67,53.86,74.19,1.11,59.35,0.93,54.95,0.67
2024-04-27,14:00,April,Summer,Inverted-V,93,687.6,40.52,52.71,74.55,1.04,59.64,0.87,52.1,0.67
2024-04-27,14:15,April,Summer,Inverted-V,93,638.46,40.22,51.18,75.04,0.97,60.03,0.81,48.62,0.67
2024-04-27,14:30,April,Summer,Inverted-V,93,589.32,39.92,49.65,75.52,0.89,60.42,0.75,45.1,0.67
2024-04-27,14:45,April,Summer,Inverted-V,93,540.18,39.61,48.12,76.01,0.82,60.81,0.68,41.54,0.67
2024-04-27,15:00,April,Summer,Inverted-V,93,491.04,39.31,46.59,76.49,0.74,61.19,0.62,37.95,0.67
2024-04-27,15:15,April,Summer,Inverted-V,93,433.35,38.89,44.72,77.08,0.65,61.67,0.55,33.69,0.67
2024-04-27,15:30,April,Summer,Inverted-V,93,375.65,38.46,42.85,77.68,0.56,62.14,0.47,29.37,0.67
2024-04-27,15:45,April,Summer,Inverted-V,93,317.95,38.03,40.98,78.27,0.48,62.61,0.4,25.0,0.67
2024-04-27,16:00,April,Summer,Inverted-V,93,260.26,37.61,39.12,78.86,0.39,63.09,0.33,20.58,0.67
2024-04-27,16:15,April,Summer,Inverted-V,93,208.92,37.07,37.3,79.43,0.31,63.55,0.26,16.61,0.67
2024-04-27,16:30,April,Summer,Inverted-V,93,157.58,36.53,35.47,80.01,0.24,64.01,0.2,12.6,0.67
2024-04-27,16:45,April,Summer,Inverted-V,93,106.24,36.0,33.65,80.59,0.16,64.47,0.13,8.54,0.67
2024-04-27,17:00,April,Summer,Inverted-V,93,54.9,35.46,31.83,81.16,0.08,64.93,0.07,4.44,0.67
2024-04-27,17:15,April,Summer,Inverted-V,93,41.17,34.96,30.99,81.43,0.06,65.15,0.05,3.34,0.67
2024-04-27,17:30,April,Summer,Inverted-V,93,27.45,34.46,30.15,81.7,0.04,65.36,0.03,2.23,0.67
2024-04-27,17:45,April,Summer,Inverted-V,93,13.72,33.96,29.3,81.97,0.02,65.57,0.02,1.12,0.67
2024-04-28,05:00,April,Summer,Inverted-V,93,5.51,27.22,22.36,84.16,0.01,67.33,0.01,0.46,0.67
2024-04-28,05:15,April,Summer,Inverted-V,93,33.98,27.66,23.51,83.8,0.05,67.04,0.04,2.81,0.67
2024-04-28,05:30,April,Summer,Inverted-V,93,62.45,28.11,24.67,83.43,0.09,66.75,0.08,5.15,0.67
2024-04-28,05:45,April,Summer,Inverted-V,93,90.92,28.55,25.83,83.07,0.13,66.45,0.11,7.48,0.67
2024-04-28,06:00,April,Summer,Inverted-V,93,119.39,29.0,26.98,82.7,0.18,66.16,0.15,9.78,0.67
2024-04-28,06:15,April,Summer,Inverted-V,93,173.85,29.57,28.92,82.09,0.26,65.67,0.22,14.17,0.67
2024-04-28,06:30,April,Summer,Inverted-V,93,228.3,30.15,30.86,81.47,0.34,65.18,0.28,18.5,0.67
2024-04-28,06:45,April,Summer,Inverted-V,93,282.75,30.73,32.79,80.86,0.42,64.69,0.35,22.79,0.67
2024-04-28,07:00,April,Summer,Inverted-V,93,337.21,31.3,34.73,80.25,0.5,64.2,0.42,27.02,0.67
2024-04-28,07:15,April,Summer,Inverted-V,93,384.97,31.93,36.56,79.67,0.57,63.73,0.48,30.68,0.67
2024-04-28,07:30,April,Summer,Inverted-V,93,432.73,32.56,38.38,79.09,0.65,63.27,0.54,34.3,0.67
2024-04-28,07:45,April,Summer,Inverted-V,93,480.49,33.2,40.21,78.51,0.72,62.81,0.6,37.87,0.67
2024-04-28,08:00,April,Summer,Inverted-V,93,528.25,33.83,42.04,77.93,0.79,62.35,0.66,41.41,0.67
2024-04-28,08:15,April,Summer,Inverted-V,93,580.17,34.45,43.95,77.33,0.87,61.86,0.73,45.21,0.67
2024-04-28,08:30,April,Summer,Inverted-V,93,632.08,35.06,45.86,76.72,0.95,61.38,0.8,48.96,0.67
2024-04-28,08:45,April,Summer,Inverted-V,93,684.0,35.67,47.77,76.12,1.03,60.89,0.86,52.66,0.67
2024-04-28,09:00,April,Summer,Inverted-V,93,735.91,36.29,49.69,75.51,1.11,60.41,0.93,56.31,0.67
2024-04-28,09:15,April,Summer,Inverted-V,93,776.45,36.78,51.19,75.03,1.18,60.03,0.98,59.12,0.67
2024-04-28,09:30,April,Summer,Inverted-V,93,816.98,37.27,52.69,74.56,1.24,59.65,1.04,61.91,0.67
2024-04-28,09:45,April,Summer,Inverted-V,93,857.52,37.76,54.2,74.08,1.3,59.27,1.09,64.66,0.67
2024-04-28,10:00,April,Summer,Inverted-V,93,898.05,38.25,55.7,73.61,1.37,58.89,1.14,67.38,0.67
2024-04-28,10:15,April,Summer,Inverted-V,93,920.31,38.61,56.62,73.32,1.4,58.65,1.17,68.84,0.67
2024-04-28,10:30,April,Summer,Inverted-V,93,942.56,38.98,57.54,73.02,1.44,58.42,1.2,70.28,0.67
2024-04-28,10:45,April,Summer,Inverted-V,93,964.81,39.34,58.46,72.73,1.47,58.19,1.23,71.72,0.67
2024-04-28,11:00,April,Summer,Inverted-V,93,987.07,39.7,59.38,72.44,1.51,57.95,1.26,73.14,0.67
2024-04-28,11:15,April,Summer,Inverted-V,93,975.87,39.92,59.31,72.46,1.49,57.97,1.25,72.33,0.67
2024-04-28,11:30,April,Summer,Inverted-V,93,964.67,40.14,59.25,72.48,1.47,57.99,1.23,71.51,0.67
2024-04-28,11:45,April,Summer,Inverted-V,93,953.47,40.35,59.19,72.5,1.46,58.0,1.22,70.7,0.67
2024-04-28,12:00,April,Summer,Inverted-V,93,942.27,40.57,59.13,72.52,1.44,58.02,1.2,69.88,0.67
2024-04-28,12:15,April,Summer,Inverted-V,93,920.14,40.64,58.64,72.68,1.4,58.14,1.18,68.36,0.67
2024-04-28,12:30,April,Summer,Inverted-V,93,898.02,40.7,58.16,72.83,1.37,58.26,1.15,66.82,0.67
2024-04-28,12:45,April,Summer,Inverted-V,93,875.9,40.77,57.67,72.98,1.34,58.39,1.12,65.28,0.67
2024-04-28,13:00,April,Summer,Inverted-V,93,853.77,40.84,57.18,73.14,1.3,58.51,1.09,63.74,0.67
2024-04-28,13:15,April,Summer,Inverted-V,93,808.19,40.74,55.94,73.53,1.23,58.82,1.03,60.59,0.67
2024-04-28,13:30,April,Summer,Inverted-V,93,762.62,40.64,54.7,73.92,1.16,59.14,0.97,57.41,0.67
2024-04-28,13:45,April,Summer,Inverted-V,93,717.04,40.53,53.46,74.32,1.09,59.45,0.91,54.2,0.67
2024-04-28,14:00,April,Summer,Inverted-V,93,671.46,40.43,52.22,74.71,1.02,59.77,0.85,50.96,0.67
2024-04-28,14:15,April,Summer,Inverted-V,93,623.5,40.19,50.77,75.17,0.94,60.13,0.79,47.54,0.67
2024-04-28,14:30,April,Summer,Inverted-V,93,575.54,39.94,49.33,75.62,0.87,60.5,0.73,44.09,0.67
2024-04-28,14:45,April,Summer,Inverted-V,93,527.59,39.7,47.88,76.08,0.8,60.87,0.67,40.6,0.67
2024-04-28,15:00,April,Summer,Inverted-V,93,479.63,39.45,46.44,76.54,0.72,61.23,0.61,37.08,0.67
2024-04-28,15:15,April,Summer,Inverted-V,93,420.59,39.04,44.55,77.14,0.63,61.71,0.53,32.71,0.67
2024-04-28,15:30,April,Summer,Inverted-V,93,361.55,38.63,42.67,77.73,0.54,62.19,0.45,28.28,0.67
2024-04-28,15:45,April,Summer,Inverted-V,93,302.51,38.22,40.78,78.33,0.45,62.66,0.38,23.8,0.67
2024-04-28,16:00,April,Summer,Inverted-V,93,243.46,37.81,38.9,78.93,0.36,63.14,0.31,19.27,0.67
2024-04-28,16:15,April,Summer,Inverted-V,93,195.3,37.26,37.15,79.48,0.29,63.59,0.24,15.54,0.67
2024-04-28,16:30,April,Summer,Inverted-V,93,147.14,36.72,35.39,80.04,0.22,64.03,0.18,11.77,0.67
2024-04-28,16:45,April,Summer,Inverted-V,93,98.98,36.17,33.64,80.59,0.15,64.47,0.12,7.96,0.67
2024-04-28,17:00,April,Summer,Inverted-V,93,50.81,35.62,31.89,81.15,0.08,64.92,0.06,4.11,0.67
2024-04-28,17:15,April,Summer,Inverted-V,93,38.11,35.09,31.05,81.41,0.06,65.13,0.05,3.09,0.67
2024-04-28,17:30,April,Summer,Inverted-V,93,25.41,34.57,30.21,81.68,0.04,65.34,0.03,2.06,0.67
2024-04-28,17:45,April,Summer,Inverted-V,93,12.7,34.05,29.36,81.95,0.02,65.56,0.02,1.03,0.67
2024-04-29,05:00,April,Summer,Inverted-V,93,5.78,27.61,22.75,84.04,0.01,67.23,0.01,0.48,0.67
2024-04-29,05:15,April,Summer,Inverted-V,93,38.94,27.94,23.92,83.67,0.06,66.94,0.05,3.22,0.67
2024-04-29,05:30,April,Summer,Inverted-V,93,72.11,28.27,25.08,83.3,0.11,66.64,0.09,5.94,0.67
2024-04-29,05:45,April,Summer,Inverted-V,93,105.27,28.61,26.24,82.94,0.16,66.35,0.13,8.64,0.67
2024-04-29,06:00,April,Summer,Inverted-V,93,138.43,28.94,27.4,82.57,0.2,66.05,0.17,11.33,0.67
2024-04-29,06:15,April,Summer,Inverted-V,93,196.81,29.51,29.43,81.93,0.29,65.54,0.24,16.02,0.67
2024-04-29,06:30,April,Summer,Inverted-V,93,255.19,30.08,31.46,81.28,0.38,65.03,0.32,20.65,0.67
2024-04-29,06:45,April,Summer,Inverted-V,93,313.57,30.65,33.49,80.64,0.47,64.51,0.39,25.22,0.67
2024-04-29,07:00,April,Summer,Inverted-V,93,371.95,31.22,35.52,80.0,0.55,64.0,0.46,29.73,0.67
2024-04-29,07:15,April,Summer,Inverted-V,93,435.11,31.84,37.72,79.3,0.65,63.44,0.54,34.56,0.67
2024-04-29,07:30,April,Summer,Inverted-V,93,498.27,32.47,39.92,78.6,0.75,62.88,0.63,39.31,0.67
2024-04-29,07:45,April,Summer,Inverted-V,93,561.44,33.09,42.12,77.91,0.84,62.32,0.71,44.0,0.67
2024-04-29,08:00,April,Summer,Inverted-V,93,624.6,33.71,44.32,77.21,0.94,61.77,0.79,48.61,0.67
2024-04-29,08:15,April,Summer,Inverted-V,93,673.86,34.3,46.14,76.63,1.02,61.31,0.85,52.15,0.67
2024-04-29,08:30,April,Summer,Inverted-V,93,723.12,34.89,47.96,76.06,1.09,60.85,0.91,55.64,0.67
2024-04-29,08:45,April,Summer,Inverted-V,93,772.38,35.47,49.78,75.48,1.17,60.38,0.98,59.08,0.67
2024-04-29,09:00,April,Summer,Inverted-V,93,821.64,36.06,51.6,74.9,1.25,59.92,1.04,62.48,0.67
2024-04-29,09:15,April,Summer,Inverted-V,93,856.62,36.55,52.96,74.47,1.3,59.58,1.09,64.85,0.67
2024-04-29,09:30,April,Summer,Inverted-V,93,891.6,37.03,54.32,74.04,1.35,59.24,1.13,67.2,0.67
2024-04-29,09:45,April,Summer,Inverted-V,93,926.58,37.52,55.68,73.61,1.41,58.89,1.18,69.52,0.67
2024-04-29,10:00,April,Summer,Inverted-V,93,961.56,38.0,57.04,73.18,1.46,58.55,1.23,71.82,0.67
2024-04-29,10:15,April,Summer,Inverted-V,93,967.87,38.34,57.53,73.03,1.48,58.42,1.24,72.17,0.67
2024-04-29,10:30,April,Summer,Inverted-V,93,974.19,38.67,58.03,72.87,1.49,58.3,1.24,72.52,0.67
2024-04-29,10:45,April,Summer,Inverted-V,93,980.5,39.01,58.53,72.71,1.5,58.17,1.25,72.87,0.67
2024-04-29,11:00,April,Summer,Inverted-V,93,986.82,39.35,59.02,72.56,1.51,58.04,1.26,73.21,0.67
2024-04-29,11:15,April,Summer,Inverted-V,93,975.59,39.53,58.92,72.59,1.49,58.07,1.25,72.41,0.67
2024-04-29,11:30,April,Summer,Inverted-V,93,964.37,39.71,58.82,72.62,1.47,58.1,1.23,71.6,0.67
2024-04-29,11:45,April,Summer,Inverted-V,93,953.15,39.89,58.72,72.65,1.45,58.12,1.22,70.79,0.67
2024-04-29,12:00,April,Summer,Inverted-V,93,941.92,40.07,58.62,72.68,1.44,58.15,1.2,69.98,0.67
2024-04-29,12:15,April,Summer,Inverted-V,93,916.53,40.11,58.03,72.87,1.4,58.3,1.17,68.23,0.67
2024-04-29,12:30,April,Summer,Inverted-V,93,891.14,40.16,57.43,73.06,1.36,58.45,1.14,66.47,0.67
2024-04-29,12:45,April,Summer,Inverted-V,93,865.74,40.2,56.84,73.25,1.32,58.6,1.1,64.71,0.67
2024-04-29,13:00,April,Summer,Inverted-V,93,840.35,40.24,56.25,73.43,1.28,58.75,1.07,62.93,0.67
2024-04-29,13:15,April,Summer,Inverted-V,93,801.7,40.07,55.11,73.79,1.22,59.03,1.02,60.27,0.67
2024-04-29,13:30,April,Summer,Inverted-V,93,763.05,39.91,53.98,74.15,1.16,59.32,0.97,57.58,0.67
2024-04-29,13:45,April,Summer,Inverted-V,93,724.4,39.74,52.85,74.51,1.1,59.61,0.92,54.86,0.67
2024-04-29,14:00,April,Summer,Inverted-V,93,685.75,39.57,51.71,74.87,1.04,59.9,0.87,52.13,0.67
2024-04-29,14:15,April,Summer,Inverted-V,93,634.56,39.27,50.14,75.37,0.96,60.29,0.8,48.49,0.67
2024-04-29,14:30,April,Summer,Inverted-V,93,583.38,38.98,48.56,75.87,0.88,60.69,0.74,44.8,0.67
2024-04-29,14:45,April,Summer,Inverted-V,93,532.19,38.68,46.98,76.37,0.8,61.09,0.67,41.08,0.67
2024-04-29,15:00,April,Summer,Inverted-V,93,481.01,38.38,45.41,76.87,0.72,61.49,0.61,37.31,0.67
2024-04-29,15:15,April,Summer,Inverted-V,93,421.33,37.94,43.47,77.48,0.63,61.98,0.53,32.88,0.67
2024-04-29,15:30,April,Summer,Inverted-V,93,361.65,37.49,41.53,78.09,0.54,62.47,0.45,28.39,0.67
2024-04-29,15:45,April,Summer,Inverted-V,93,301.98,37.05,39.59,78.71,0.45,62.97,0.38,23.85,0.67
2024-04-29,16:00,April,Summer,Inverted-V,93,242.3,36.6,37.66,79.32,0.36,63.46,0.3,19.25,0.67
2024-04-29,16:15,April,Summer,Inverted-V,93,194.37,36.06,35.92,79.87,0.29,63.9,0.24,15.52,0.67
2024-04-29,16:30,April,Summer,Inverted-V,93,146.45,35.53,34.19,80.42,0.22,64.34,0.18,11.75,0.67
2024-04-29,16:45,April,Summer,Inverted-V,93,98.52,34.99,32.45,80.97,0.15,64.78,0.12,7.95,0.67
2024-04-29,17:00,April,Summer,Inverted-V,93,50.6,34.45,30.71,81.52,0.08,65.21,0.06,4.1,0.67
2024-04-29,17:15,April,Summer,Inverted-V,93,37.95,33.97,29.91,81.77,0.06,65.42,0.05,3.08,0.67
2024-04-29,17:30,April,Summer,Inverted-V,93,25.3,33.48,29.11,82.03,0.04,65.62,0.03,2.06,0.67
2024-04-29,17:45,April,Summer,Inverted-V,93,12.65,32.99,28.31,82.28,0.02,65.82,0.02,1.03,0.67
2024-04-30,05:00,April,Summer,Inverted-V,93,5.59,28.09,23.23,83.89,0.01,67.11,0.01,0.46,0.67
2024-04-30,05:15,April,Summer,Inverted-V,93,35.16,28.42,24.3,83.55,0.05,66.84,0.04,2.9,0.67
2024-04-30,05:30,April,Summer,Inverted-V,93,64.72,28.75,25.37,83.21,0.1,66.57,0.08,5.33,0.67
2024-04-30,05:45,April,Summer,Inverted-V,93,94.29,29.08,26.44,82.87,0.14,66.3,0.12,7.74,0.67
2024-04-30,06:00,April,Summer,Inverted-V,93,123.85,29.41,27.51,82.53,0.18,66.03,0.15,10.13,0.67
2024-04-30,06:15,April,Summer,Inverted-V,93,177.85,30.01,29.45,81.92,0.26,65.53,0.22,14.47,0.67
2024-04-30,06:30,April,Summer,Inverted-V,93,231.85,30.61,31.4,81.3,0.34,65.04,0.29,18.76,0.67
2024-04-30,06:45,April,Summer,Inverted-V,93,285.85,31.2,33.35,80.68,0.43,64.55,0.36,23.0,0.67
2024-04-30,07:00,April,Summer,Inverted-V,93,339.84,31.8,35.3,80.07,0.51,64.05,0.42,27.19,0.67
2024-04-30,07:15,April,Summer,Inverted-V,93,393.81,32.43,37.28,79.44,0.59,63.55,0.49,31.32,0.67
2024-04-30,07:30,April,Summer,Inverted-V,93,447.77,33.06,39.26,78.81,0.67,63.05,0.56,35.4,0.67
2024-04-30,07:45,April,Summer,Inverted-V,93,501.73,33.7,41.24,78.19,0.75,62.55,0.63,39.42,0.67
2024-04-30,08:00,April,Summer,Inverted-V,93,555.69,34.33,43.22,77.56,0.84,62.05,0.7,43.4,0.67
2024-04-30,08:15,April,Summer,Inverted-V,93,591.72,34.92,44.72,77.08,0.89,61.67,0.75,46.0,0.67
2024-04-30,08:30,April,Summer,Inverted-V,93,627.75,35.52,46.21,76.61,0.95,61.29,0.79,48.57,0.67
2024-04-30,08:45,April,Summer,Inverted-V,93,663.78,36.12,47.71,76.14,1.0,60.91,0.84,51.11,0.67
2024-04-30,09:00,April,Summer,Inverted-V,93,699.81,36.71,49.21,75.66,1.06,60.53,0.89,53.63,0.67
2024-04-30,09:15,April,Summer,Inverted-V,93,731.57,37.24,50.53,75.24,1.11,60.19,0.93,55.83,0.67
2024-04-30,09:30,April,Summer,Inverted-V,93,763.33,37.78,51.86,74.82,1.16,59.86,0.97,58.0,0.67
2024-04-30,09:45,April,Summer,Inverted-V,93,795.09,38.31,53.18,74.4,1.21,59.52,1.01,60.15,0.67
2024-04-30,10:00,April,Summer,Inverted-V,93,826.85,38.84,54.51,73.98,1.26,59.19,1.05,62.28,0.67
2024-04-30,10:15,April,Summer,Inverted-V,93,861.21,39.23,55.77,73.59,1.31,58.87,1.1,64.6,0.67
2024-04-30,10:30,April,Summer,Inverted-V,93,895.56,39.63,57.02,73.19,1.36,58.55,1.14,66.89,0.67
2024-04-30,10:45,April,Summer,Inverted-V,93,929.92,40.03,58.27,72.79,1.42,58.23,1.19,69.17,0.67
2024-04-30,11:00,April,Summer,Inverted-V,93,964.28,40.42,59.53,72.4,1.47,57.92,1.23,71.42,0.67
2024-04-30,11:15,April,Summer,Inverted-V,93,950.35,40.66,59.41,72.43,1.45,57.94,1.22,70.41,0.67
2024-04-30,11:30,April,Summer,Inverted-V,93,936.41,40.89,59.3,72.47,1.43,57.97,1.2,69.41,0.67
2024-04-30,11:45,April,Summer,Inverted-V,93,922.48,41.12,59.19,72.5,1.41,58.0,1.18,68.4,0.67
2024-04-30,12:00,April,Summer,Inverted-V,93,908.55,41.36,59.07,72.54,1.39,58.03,1.16,67.4,0.67
2024-04-30,12:15,April,Summer,Inverted-V,93,849.95,41.42,57.67,72.98,1.3,58.39,1.08,63.35,0.67
2024-04-30,12:30,April,Summer,Inverted-V,93,791.34,41.48,56.27,73.43,1.2,58.74,1.01,59.26,0.67
2024-04-30,12:45,April,Summer,Inverted-V,93,732.74,41.55,54.87,73.87,1.11,59.1,0.93,55.13,0.67
2024-04-30,13:00,April,Summer,Inverted-V,93,674.14,41.61,53.46,74.32,1.02,59.45,0.86,50.95,0.67
2024-04-30,13:15,April,Summer,Inverted-V,93,667.52,41.47,53.16,74.41,1.01,59.53,0.85,50.5,0.67
2024-04-30,13:30,April,Summer,Inverted-V,93,660.91,41.33,52.85,74.51,1.0,59.61,0.84,50.05,0.67
2024-04-30,13:45,April,Summer,Inverted-V,93,654.29,41.18,52.54,74.61,0.99,59.69,0.83,49.6,0.67
2024-04-30,14:00,April,Summer,Inverted-V,93,647.68,41.04,52.23,74.71,0.98,59.76,0.82,49.15,0.67
2024-04-30,14:15,April,Summer,Inverted-V,93,585.33,40.72,50.35,75.3,0.89,60.24,0.74,44.69,0.67
2024-04-30,14:30,April,Summer,Inverted-V,93,522.99,40.39,48.47,75.9,0.79,60.72,0.66,40.17,0.67
2024-04-30,14:45,April,Summer,Inverted-V,93,460.65,40.07,46.59,76.49,0.69,61.19,0.58,35.6,0.67
2024-04-30,15:00,April,Summer,Inverted-V,93,398.3,39.75,44.71,77.09,0.6,61.67,0.5,30.96,0.67
2024-04-30,15:15,April,Summer,Inverted-V,93,346.71,39.28,42.95,77.64,0.52,62.12,0.44,27.1,0.67
2024-04-30,15:30,April,Summer,Inverted-V,93,295.11,38.81,41.19,78.2,0.44,62.56,0.37,23.19,0.67
2024-04-30,15:45,April,Summer,Inverted-V,93,243.51,38.35,39.44,78.76,0.36,63.01,0.31,19.24,0.67
2024-04-30,16:00,April,Summer,Inverted-V,93,191.92,37.88,37.68,79.31,0.29,63.45,0.24,15.24,0.67
2024-04-30,16:15,April,Summer,Inverted-V,93,153.4,37.28,36.12,79.81,0.23,63.85,0.19,12.24,0.67
2024-04-30,16:30,April,Summer,Inverted-V,93,114.87,36.69,34.56,80.3,0.17,64.24,0.14,9.21,0.67
2024-04-30,16:45,April,Summer,Inverted-V,93,76.35,36.09,33.0,80.8,0.11,64.64,0.1,6.15,0.67
2024-04-30,17:00,April,Summer,Inverted-V,93,37.83,35.49,31.44,81.29,0.06,65.03,0.05,3.06,0.67
2024-04-30,17:15,April,Summer,Inverted-V,93,28.37,34.97,30.68,81.53,0.04,65.22,0.04,2.3,0.67
2024-04-30,17:30,April,Summer,Inverted-V,93,18.92,34.45,29.92,81.77,0.03,65.42,0.02,1.54,0.67
2024-04-30,17:45,April,Summer,Inverted-V,93,9.46,33.92,29.16,82.01,0.01,65.61,0.01,0.77,0.67
2024-05-01,05:00,May,Summer,Inverted-V,93,5.67,28.43,23.57,83.78,0.01,67.02,0.01,0.47,0.67
2024-05-01,05:15,May,Summer,Inverted-V,93,36.14,28.66,24.56,83.47,0.05,66.77,0.04,2.98,0.67
2024-05-01,05:30,May,Summer,Inverted-V,93,66.61,28.88,25.55,83.15,0.1,66.52,0.08,5.48,0.67
2024-05-01,05:45,May,Summer,Inverted-V,93,97.08,29.11,26.54,82.84,0.14,66.27,0.12,7.97,0.67
2024-05-01,06:00,May,Summer,Inverted-V,93,127.55,29.34,27.53,82.53,0.19,66.02,0.16,10.44,0.67
2024-05-01,06:15,May,Summer,Inverted-V,93,183.96,29.93,29.53,81.89,0.27,65.52,0.23,14.97,0.67
2024-05-01,06:30,May,Summer,Inverted-V,93,240.38,30.52,31.53,81.26,0.36,65.01,0.3,19.44,0.67
2024-05-01,06:45,May,Summer,Inverted-V,93,296.8,31.11,33.53,80.63,0.44,64.5,0.37,23.87,0.67
2024-05-01,07:00,May,Summer,Inverted-V,93,353.21,31.7,35.53,79.99,0.53,63.99,0.44,28.24,0.67
2024-05-01,07:15,May,Summer,Inverted-V,93,409.87,32.27,37.51,79.37,0.61,63.49,0.51,32.57,0.67
2024-05-01,07:30,May,Summer,Inverted-V,93,466.52,32.83,39.49,78.74,0.7,62.99,0.59,36.85,0.67
2024-05-01,07:45,May,Summer,Inverted-V,93,523.18,33.4,41.47,78.11,0.78,62.49,0.66,41.08,0.67
2024-05-01,08:00,May,Summer,Inverted-V,93,579.83,33.96,43.46,77.48,0.87,61.99,0.73,45.25,0.67
2024-05-01,08:15,May,Summer,Inverted-V,93,611.68,34.45,44.74,77.08,0.92,61.66,0.77,47.54,0.67
2024-05-01,08:30,May,Summer,Inverted-V,93,643.53,34.94,46.03,76.67,0.97,61.34,0.81,49.82,0.67
2024-05-01,08:45,May,Summer,Inverted-V,93,675.39,35.43,47.31,76.26,1.02,61.01,0.85,52.07,0.67
2024-05-01,09:00,May,Summer,Inverted-V,93,707.24,35.92,48.6,75.85,1.07,60.68,0.89,54.31,0.67
2024-05-01,09:15,May,Summer,Inverted-V,93,757.94,36.35,50.3,75.32,1.15,60.25,0.96,57.88,0.67
2024-05-01,09:30,May,Summer,Inverted-V,93,808.65,36.78,52.0,74.78,1.23,59.82,1.03,61.41,0.67
2024-05-01,09:45,May,Summer,Inverted-V,93,859.36,37.22,53.7,74.24,1.3,59.39,1.09,64.9,0.67
2024-05-01,10:00,May,Summer,Inverted-V,93,910.06,37.65,55.4,73.7,1.38,58.96,1.16,68.35,0.67
2024-05-01,10:15,May,Summer,Inverted-V,93,923.85,38.0,56.1,73.48,1.41,58.78,1.18,69.22,0.67
2024-05-01,10:30,May,Summer,Inverted-V,93,937.63,38.36,56.8,73.26,1.43,58.61,1.2,70.09,0.67
2024-05-01,10:45,May,Summer,Inverted-V,93,951.41,38.71,57.49,73.04,1.45,58.43,1.21,70.95,0.67
2024-05-01,11:00,May,Summer,Inverted-V,93,965.2,39.06,58.19,72.82,1.47,58.25,1.23,71.81,0.67
2024-05-01,11:15,May,Summer,Inverted-V,93,929.9,39.3,57.54,73.02,1.42,58.42,1.19,69.34,0.67
2024-05-01,11:30,May,Summer,Inverted-V,93,894.6,39.53,56.9,73.23,1.36,58.58,1.14,66.85,0.67
2024-05-01,11:45,May,Summer,Inverted-V,93,859.3,39.77,56.25,73.43,1.31,58.75,1.1,64.35,0.67
2024-05-01,12:00,May,Summer,Inverted-V,93,824.01,40.0,55.6,73.64,1.25,58.91,1.05,61.84,0.67
2024-05-01,12:15,May,Summer,Inverted-V,93,807.4,40.14,55.33,73.73,1.23,58.98,1.03,60.65,0.67
2024-05-01,12:30,May,Summer,Inverted-V,93,790.8,40.28,55.05,73.81,1.2,59.05,1.01,59.46,0.67
2024-05-01,12:45,May,Summer,Inverted-V,93,774.19,40.42,54.77,73.9,1.18,59.12,0.99,58.26,0.67
2024-05-01,13:00,May,Summer,Inverted-V,93,757.59,40.56,54.5,73.99,1.15,59.19,0.96,57.07,0.67
2024-05-01,13:15,May,Summer,Inverted-V,93,728.65,40.51,53.72,74.23,1.11,59.39,0.93,55.03,0.67
2024-05-01,13:30,May,Summer,Inverted-V,93,699.72,40.45,52.95,74.48,1.06,59.58,0.89,52.98,0.67
2024-05-01,13:45,May,Summer,Inverted-V,93,670.78,40.4,52.17,74.72,1.02,59.78,0.85,50.91,0.67
2024-05-01,14:00,May,Summer,Inverted-V,93,641.84,40.35,51.4,74.97,0.97,59.98,0.81,48.84,0.67
2024-05-01,14:15,May,Summer,Inverted-V,93,602.54,40.25,50.31,75.31,0.91,60.25,0.76,46.01,0.67
2024-05-01,14:30,May,Summer,Inverted-V,93,563.24,40.15,49.23,75.66,0.85,60.52,0.71,43.16,0.67
2024-05-01,14:45,May,Summer,Inverted-V,93,523.93,40.05,48.15,76.0,0.79,60.8,0.66,40.29,0.67
2024-05-01,15:00,May,Summer,Inverted-V,93,484.63,39.95,47.07,76.34,0.73,61.07,0.61,37.39,0.67
2024-05-01,15:15,May,Summer,Inverted-V,93,426.39,39.72,45.38,76.87,0.64,61.5,0.54,33.08,0.67
2024-05-01,15:30,May,Summer,Inverted-V,93,368.15,39.49,43.69,77.41,0.55,61.93,0.46,28.71,0.67
2024-05-01,15:45,May,Summer,Inverted-V,93,309.9,39.26,42.01,77.94,0.47,62.35,0.39,24.29,0.67
2024-05-01,16:00,May,Summer,Inverted-V,93,251.66,39.03,40.32,78.48,0.38,62.78,0.32,19.83,0.67
2024-05-01,16:15,May,Summer,Inverted-V,93,200.89,38.65,38.67,79.0,0.3,63.2,0.25,15.91,0.67
2024-05-01,16:30,May,Summer,Inverted-V,93,150.11,38.27,37.02,79.52,0.22,63.62,0.19,11.95,0.67
2024-05-01,16:45,May,Summer,Inverted-V,93,99.34,37.88,35.37,80.05,0.15,64.04,0.12,7.95,0.67
2024-05-01,17:00,May,Summer,Inverted-V,93,48.57,37.5,33.71,80.57,0.07,64.45,0.06,3.9,0.67
2024-05-01,17:15,May,Summer,Inverted-V,93,36.43,37.09,33.0,80.8,0.05,64.64,0.05,2.93,0.67
2024-05-01,17:30,May,Summer,Inverted-V,93,24.28,36.67,32.28,81.02,0.04,64.82,0.03,1.96,0.67
2024-05-01,17:45,May,Summer,Inverted-V,93,12.14,36.26,31.57,81.25,0.02,65.0,0.02,0.98,0.67
2024-05-02,05:00,May,Summer,Inverted-V,93,6.05,30.16,25.31,83.23,0.01,66.58,0.01,0.5,0.67
2024-05-02,05:15,May,Summer,Inverted-V,93,36.19,30.38,26.29,82.92,0.05,66.34,0.04,2.97,0.67
2024-05-02,05:30,May,Summer,Inverted-V,93,66.32,30.61,27.27,82.61,0.1,66.09,0.08,5.43,0.67
2024-05-02,05:45,May,Summer,Inverted-V,93,96.46,30.84,28.25,82.3,0.14,65.84,0.12,7.88,0.67
2024-05-02,06:00,May,Summer,Inverted-V,93,126.6,31.06,29.22,81.99,0.19,65.59,0.16,10.31,0.67
2024-05-02,06:15,May,Summer,Inverted-V,93,181.48,31.54,31.07,81.4,0.27,65.12,0.23,14.7,0.67
2024-05-02,06:30,May,Summer,Inverted-V,93,236.37,32.02,32.92,80.82,0.35,64.66,0.29,19.04,0.67
2024-05-02,06:45,May,Summer,Inverted-V,93,291.25,32.49,34.77,80.23,0.43,64.19,0.36,23.34,0.67
2024-05-02,07:00,May,Summer,Inverted-V,93,346.14,32.97,36.62,79.65,0.52,63.72,0.43,27.58,0.67
2024-05-02,07:15,May,Summer,Inverted-V,93,400.3,33.48,38.48,79.06,0.6,63.25,0.5,31.72,0.67
2024-05-02,07:30,May,Summer,Inverted-V,93,454.45,33.98,40.35,78.47,0.68,62.77,0.57,35.81,0.67
2024-05-02,07:45,May,Summer,Inverted-V,93,508.61,34.49,42.21,77.88,0.76,62.3,0.64,39.85,0.67
2024-05-02,08:00,May,Summer,Inverted-V,93,562.77,35.0,44.07,77.29,0.85,61.83,0.71,43.83,0.67
2024-05-02,08:15,May,Summer,Inverted-V,93,605.1,35.49,45.62,76.8,0.91,61.44,0.76,46.9,0.67
2024-05-02,08:30,May,Summer,Inverted-V,93,647.44,35.98,47.17,76.31,0.98,61.05,0.82,49.94,0.67
2024-05-02,08:45,May,Summer,Inverted-V,93,689.77,36.47,48.71,75.82,1.04,60.66,0.87,52.94,0.67
2024-05-02,09:00,May,Summer,Inverted-V,93,732.11,36.96,50.26,75.33,1.11,60.26,0.93,55.92,0.67
2024-05-02,09:15,May,Summer,Inverted-V,93,772.7,37.35,51.67,74.88,1.17,59.91,0.98,58.75,0.67
2024-05-02,09:30,May,Summer,Inverted-V,93,813.29,37.75,53.08,74.44,1.23,59.55,1.03,61.55,0.67
2024-05-02,09:45,May,Summer,Inverted-V,93,853.89,38.14,54.48,73.99,1.3,59.19,1.09,64.32,0.67
2024-05-02,10:00,May,Summer,Inverted-V,93,894.48,38.53,55.89,73.55,1.36,58.84,1.14,67.07,0.67
2024-05-02,10:15,May,Summer,Inverted-V,93,914.89,38.77,56.64,73.31,1.39,58.65,1.17,68.43,0.67
2024-05-02,10:30,May,Summer,Inverted-V,93,935.31,39.01,57.39,73.07,1.43,58.46,1.19,69.78,0.67
2024-05-02,10:45,May,Summer,Inverted-V,93,955.72,39.25,58.14,72.83,1.46,58.27,1.22,71.12,0.67
2024-05-02,11:00,May,Summer,Inverted-V,93,976.14,39.49,58.89,72.6,1.49,58.08,1.25,72.45,0.67
2024-05-02,11:15,May,Summer,Inverted-V,93,966.81,39.59,58.76,72.64,1.48,58.11,1.24,71.79,0.67
2024-05-02,11:30,May,Summer,Inverted-V,93,957.48,39.69,58.62,72.68,1.46,58.15,1.22,71.13,0.67
2024-05-02,11:45,May,Summer,Inverted-V,93,948.15,39.78,58.49,72.72,1.45,58.18,1.21,70.47,0.67
2024-05-02,12:00,May,Summer,Inverted-V,93,938.82,39.88,58.35,72.77,1.43,58.21,1.2,69.81,0.67
2024-05-02,12:15,May,Summer,Inverted-V,93,915.22,39.9,57.78,72.95,1.4,58.36,1.17,68.19,0.67
2024-05-02,12:30,May,Summer,Inverted-V,93,891.63,39.92,57.22,73.13,1.36,58.5,1.14,66.56,0.67
2024-05-02,12:45,May,Summer,Inverted-V,93,868.03,39.95,56.65,73.31,1.32,58.65,1.11,64.92,0.67
2024-05-02,13:00,May,Summer,Inverted-V,93,844.43,39.97,56.08,73.49,1.29,58.79,1.08,63.27,0.67
2024-05-02,13:15,May,Summer,Inverted-V,93,797.67,39.96,54.9,73.86,1.21,59.09,1.02,60.01,0.67
2024-05-02,13:30,May,Summer,Inverted-V,93,750.91,39.95,53.72,74.23,1.14,59.39,0.95,56.71,0.67
2024-05-02,13:45,May,Summer,Inverted-V,93,704.15,39.94,52.54,74.61,1.07,59.69,0.89,53.38,0.67
2024-05-02,14:00,May,Summer,Inverted-V,93,657.4,39.93,51.36,74.98,1.0,59.98,0.83,50.03,0.67
2024-05-02,14:15,May,Summer,Inverted-V,93,613.3,39.86,50.19,75.35,0.93,60.28,0.78,46.85,0.67
2024-05-02,14:30,May,Summer,Inverted-V,93,569.2,39.8,49.03,75.72,0.86,60.58,0.72,43.65,0.67
2024-05-02,14:45,May,Summer,Inverted-V,93,525.11,39.73,47.86,76.09,0.79,60.87,0.66,40.42,0.67
2024-05-02,15:00,May,Summer,Inverted-V,93,481.01,39.66,46.69,76.46,0.73,61.17,0.61,37.16,0.67
2024-05-02,15:15,May,Summer,Inverted-V,93,421.23,39.48,45.01,76.99,0.63,61.59,0.53,32.71,0.67
2024-05-02,15:30,May,Summer,Inverted-V,93,361.45,39.3,43.33,77.52,0.54,62.02,0.46,28.22,0.67
2024-05-02,15:45,May,Summer,Inverted-V,93,301.68,39.11,41.65,78.05,0.45,62.44,0.38,23.67,0.67
2024-05-02,16:00,May,Summer,Inverted-V,93,241.9,38.93,39.98,78.59,0.36,62.87,0.3,19.08,0.67
2024-05-02,16:15,May,Summer,Inverted-V,93,193.67,38.52,38.36,79.1,0.29,63.28,0.24,15.35,0.67
2024-05-02,16:30,May,Summer,Inverted-V,93,145.44,38.11,36.75,79.61,0.22,63.69,0.18,11.58,0.67
2024-05-02,16:45,May,Summer,Inverted-V,93,97.21,37.7,35.13,80.12,0.14,64.1,0.12,7.78,0.67
2024-05-02,17:00,May,Summer,Inverted-V,93,48.98,37.29,33.51,80.63,0.07,64.51,0.06,3.94,0.67
2024-05-02,17:15,May,Summer,Inverted-V,93,36.73,36.74,32.66,80.9,0.05,64.72,0.05,2.96,0.67
2024-05-02,17:30,May,Summer,Inverted-V,93,24.49,36.19,31.8,81.17,0.04,64.94,0.03,1.98,0.67
2024-05-02,17:45,May,Summer,Inverted-V,93,12.24,35.64,30.95,81.45,0.02,65.16,0.02,0.99,0.67
2024-05-03,05:00,May,Summer,Inverted-V,93,5.89,28.86,24.01,83.64,0.01,66.91,0.01,0.49,0.67
2024-05-03,05:15,May,Summer,Inverted-V,93,33.24,29.2,25.04,83.32,0.05,66.65,0.04,2.74,0.67
2024-05-03,05:30,May,Summer,Inverted-V,93,60.59,29.55,26.06,82.99,0.09,66.39,0.07,4.98,0.67
2024-05-03,05:45,May,Summer,Inverted-V,93,87.94,29.89,27.09,82.67,0.13,66.13,0.11,7.2,0.67
2024-05-03,06:00,May,Summer,Inverted-V,93,115.29,30.24,28.12,82.34,0.17,65.87,0.14,9.42,0.67
2024-05-03,06:15,May,Summer,Inverted-V,93,157.36,30.87,29.81,81.81,0.23,65.44,0.2,12.79,0.67
2024-05-03,06:30,May,Summer,Inverted-V,93,199.42,31.51,31.49,81.27,0.3,65.02,0.25,16.13,0.67
2024-05-03,06:45,May,Summer,Inverted-V,93,241.49,32.14,33.17,80.74,0.36,64.59,0.3,19.44,0.67
2024-05-03,07:00,May,Summer,Inverted-V,93,283.55,32.77,34.86,80.21,0.42,64.16,0.35,22.71,0.67
2024-05-03,07:15,May,Summer,Inverted-V,93,327.38,33.33,36.51,79.68,0.49,63.75,0.41,26.09,0.67
2024-05-03,07:30,May,Summer,Inverted-V,93,371.21,33.89,38.17,79.16,0.56,63.33,0.46,29.44,0.67
2024-05-03,07:45,May,Summer,Inverted-V,93,415.04,34.45,39.83,78.63,0.62,62.91,0.52,32.75,0.67
2024-05-03,08:00,May,Summer,Inverted-V,93,458.87,35.01,41.48,78.11,0.69,62.49,0.58,36.03,0.67
2024-05-03,08:15,May,Summer,Inverted-V,93,504.95,35.43,43.05,77.61,0.76,62.09,0.64,39.46,0.67
2024-05-03,08:30,May,Summer,Inverted-V,93,551.02,35.84,44.62,77.12,0.83,61.69,0.69,42.85,0.67
2024-05-03,08:45,May,Summer,Inverted-V,93,597.1,36.26,46.19,76.62,0.9,61.29,0.75,46.2,0.67
2024-05-03,09:00,May,Summer,Inverted-V,93,643.17,36.68,47.76,76.12,0.97,60.9,0.81,49.52,0.67
2024-05-03,09:15,May,Summer,Inverted-V,93,686.15,37.13,49.28,75.64,1.04,60.51,0.87,52.57,0.67
2024-05-03,09:30,May,Summer,Inverted-V,93,729.12,37.58,50.8,75.16,1.1,60.13,0.92,55.59,0.67
2024-05-03,09:45,May,Summer,Inverted-V,93,772.1,38.02,52.33,74.68,1.17,59.74,0.98,58.58,0.67
2024-05-03,10:00,May,Summer,Inverted-V,93,815.08,38.47,53.85,74.19,1.24,59.35,1.04,61.53,0.67
2024-05-03,10:15,May,Summer,Inverted-V,93,819.79,38.94,54.43,74.01,1.25,59.21,1.04,61.77,0.67
2024-05-03,10:30,May,Summer,Inverted-V,93,824.51,39.41,55.02,73.82,1.25,59.06,1.05,62.0,0.67
2024-05-03,10:45,May,Summer,Inverted-V,93,829.23,39.87,55.6,73.64,1.26,58.91,1.06,62.23,0.67
2024-05-03,11:00,May,Summer,Inverted-V,93,833.94,40.34,56.19,73.45,1.27,58.76,1.06,62.47,0.67
2024-05-03,11:15,May,Summer,Inverted-V,93,827.38,40.69,56.37,73.39,1.26,58.72,1.05,61.94,0.67
2024-05-03,11:30,May,Summer,Inverted-V,93,820.81,41.03,56.55,73.34,1.25,58.67,1.05,61.41,0.67
2024-05-03,11:45,May,Summer,Inverted-V,93,814.24,41.38,56.73,73.28,1.24,58.62,1.04,60.88,0.67
2024-05-03,12:00,May,Summer,Inverted-V,93,807.68,41.72,56.91,73.22,1.23,58.58,1.03,60.35,0.67
2024-05-03,12:15,May,Summer,Inverted-V,93,795.88,41.87,56.77,73.27,1.21,58.62,1.02,59.5,0.67
2024-05-03,12:30,May,Summer,Inverted-V,93,784.08,42.02,56.62,73.32,1.19,58.65,1.0,58.65,0.67
2024-05-03,12:45,May,Summer,Inverted-V,93,772.28,42.17,56.48,73.36,1.18,58.69,0.98,57.79,0.67
2024-05-03,13:00,May,Summer,Inverted-V,93,760.48,42.32,56.33,73.41,1.16,58.73,0.97,56.94,0.67
2024-05-03,13:15,May,Summer,Inverted-V,93,723.37,42.28,55.36,73.71,1.1,58.97,0.92,54.33,0.67
2024-05-03,13:30,May,Summer,Inverted-V,93,686.26,42.23,54.39,74.02,1.04,59.22,0.87,51.71,0.67
2024-05-03,13:45,May,Summer,Inverted-V,93,649.15,42.19,53.42,74.33,0.99,59.46,0.83,49.07,0.67
2024-05-03,14:00,May,Summer,Inverted-V,93,612.04,42.15,52.45,74.64,0.93,59.71,0.78,46.41,0.67
2024-05-03,14:15,May,Summer,Inverted-V,93,564.71,41.92,51.04,75.08,0.86,60.07,0.72,43.02,0.67
2024-05-03,14:30,May,Summer,Inverted-V,93,517.37,41.7,49.63,75.53,0.78,60.42,0.66,39.6,0.67
2024-05-03,14:45,May,Summer,Inverted-V,93,470.04,41.47,48.22,75.98,0.71,60.78,0.59,36.14,0.67
2024-05-03,15:00,May,Summer,Inverted-V,93,422.71,41.24,46.81,76.42,0.64,61.14,0.53,32.64,0.67
2024-05-03,15:15,May,Summer,Inverted-V,93,370.62,40.88,45.15,76.95,0.56,61.56,0.47,28.77,0.67
2024-05-03,15:30,May,Summer,Inverted-V,93,318.54,40.52,43.48,77.48,0.48,61.98,0.4,24.86,0.67
2024-05-03,15:45,May,Summer,Inverted-V,93,266.45,40.16,41.82,78.0,0.4,62.4,0.33,20.9,0.67
2024-05-03,16:00,May,Summer,Inverted-V,93,214.36,39.8,40.16,78.53,0.32,62.82,0.27,16.9,0.67
2024-05-03,16:15,May,Summer,Inverted-V,93,173.22,39.32,38.65,79.01,0.26,63.2,0.22,13.72,0.67
2024-05-03,16:30,May,Summer,Inverted-V,93,132.08,38.84,37.14,79.48,0.2,63.59,0.17,10.51,0.67
2024-05-03,16:45,May,Summer,Inverted-V,93,90.95,38.36,35.63,79.96,0.14,63.97,0.11,7.27,0.67
2024-05-03,17:00,May,Summer,Inverted-V,93,49.81,37.88,34.13,80.44,0.07,64.35,0.06,4.0,0.67
2024-05-03,17:15,May,Summer,Inverted-V,93,37.36,37.34,33.28,80.71,0.06,64.57,0.05,3.01,0.67
2024-05-03,17:30,May,Summer,Inverted-V,93,24.9,36.81,32.43,80.97,0.04,64.78,0.03,2.01,0.67
2024-05-03,17:45,May,Summer,Inverted-V,93,12.45,36.28,31.59,81.24,0.02,64.99,0.02,1.01,0.67
2024-05-04,05:00,May,Summer,Inverted-V,93,5.75,30.44,25.58,83.14,0.01,66.51,0.01,0.47,0.67
2024-05-04,05:15,May,Summer,Inverted-V,93,34.62,30.68,26.54,82.84,0.05,66.27,0.04,2.84,0.67
2024-05-04,05:30,May,Summer,Inverted-V,93,63.5,30.91,27.5,82.54,0.09,66.03,0.08,5.2,0.67
2024-05-04,05:45,May,Summer,Inverted-V,93,92.38,31.15,28.46,82.23,0.14,65.79,0.11,7.54,0.67
2024-05-04,06:00,May,Summer,Inverted-V,93,121.26,31.39,29.42,81.93,0.18,65.54,0.15,9.87,0.67
2024-05-04,06:15,May,Summer,Inverted-V,93,170.07,31.88,31.13,81.39,0.25,65.11,0.21,13.77,0.67
2024-05-04,06:30,May,Summer,Inverted-V,93,218.88,32.37,32.84,80.85,0.33,64.68,0.27,17.64,0.67
2024-05-04,06:45,May,Summer,Inverted-V,93,267.69,32.85,34.54,80.31,0.4,64.24,0.33,21.46,0.67
2024-05-04,07:00,May,Summer,Inverted-V,93,316.49,33.34,36.25,79.76,0.47,63.81,0.4,25.25,0.67
2024-05-04,07:15,May,Summer,Inverted-V,93,358.09,33.81,37.76,79.29,0.54,63.43,0.45,28.44,0.67
2024-05-04,07:30,May,Summer,Inverted-V,93,399.68,34.28,39.27,78.81,0.6,63.05,0.5,31.59,0.67
2024-05-04,07:45,May,Summer,Inverted-V,93,441.27,34.74,40.77,78.33,0.66,62.67,0.55,34.72,0.67
2024-05-04,08:00,May,Summer,Inverted-V,93,482.87,35.21,42.28,77.86,0.73,62.28,0.61,37.82,0.67
2024-05-04,08:15,May,Summer,Inverted-V,93,537.51,35.65,44.09,77.28,0.81,61.83,0.68,41.86,0.67
2024-05-04,08:30,May,Summer,Inverted-V,93,592.15,36.09,45.89,76.71,0.89,61.37,0.75,45.86,0.67
2024-05-04,08:45,May,Summer,Inverted-V,93,646.79,36.53,47.7,76.14,0.98,60.91,0.82,49.81,0.67
2024-05-04,09:00,May,Summer,Inverted-V,93,701.43,36.97,49.51,75.57,1.06,60.45,0.89,53.7,0.67
2024-05-04,09:15,May,Summer,Inverted-V,93,741.86,37.3,50.85,75.14,1.12,60.12,0.94,56.55,0.67
2024-05-04,09:30,May,Summer,Inverted-V,93,782.29,37.63,52.19,74.72,1.19,59.78,0.99,59.38,0.67
2024-05-04,09:45,May,Summer,Inverted-V,93,822.73,37.96,53.53,74.29,1.25,59.44,1.05,62.17,0.67
2024-05-04,10:00,May,Summer,Inverted-V,93,863.16,38.29,54.87,73.87,1.31,59.1,1.1,64.94,0.67
2024-05-04,10:15,May,Summer,Inverted-V,93,875.2,38.52,55.4,73.7,1.33,58.96,1.11,65.73,0.67
2024-05-04,10:30,May,Summer,Inverted-V,93,887.25,38.75,55.93,73.54,1.35,58.83,1.13,66.52,0.67
2024-05-04,10:45,May,Summer,Inverted-V,93,899.29,38.97,56.45,73.37,1.37,58.69,1.15,67.3,0.67
2024-05-04,11:00,May,Summer,Inverted-V,93,911.34,39.2,56.98,73.2,1.39,58.56,1.16,68.08,0.67
2024-05-04,11:15,May,Summer,Inverted-V,93,887.71,39.33,56.52,73.35,1.35,58.68,1.13,66.42,0.67
2024-05-04,11:30,May,Summer,Inverted-V,93,864.09,39.46,56.06,73.49,1.32,58.79,1.1,64.75,0.67
2024-05-04,11:45,May,Summer,Inverted-V,93,840.46,39.59,55.6,73.64,1.28,58.91,1.07,63.08,0.67
2024-05-04,12:00,May,Summer,Inverted-V,93,816.84,39.72,55.14,73.78,1.24,59.03,1.04,61.4,0.67
2024-05-04,12:15,May,Summer,Inverted-V,93,814.65,39.77,55.14,73.78,1.24,59.03,1.04,61.23,0.67
2024-05-04,12:30,May,Summer,Inverted-V,93,812.47,39.83,55.14,73.78,1.24,59.03,1.03,61.07,0.67
2024-05-04,12:45,May,Summer,Inverted-V,93,810.29,39.88,55.14,73.78,1.23,59.03,1.03,60.91,0.67
2024-05-04,13:00,May,Summer,Inverted-V,93,808.11,39.94,55.14,73.78,1.23,59.03,1.03,60.74,0.67
2024-05-04,13:15,May,Summer,Inverted-V,93,764.27,39.9,54.0,74.14,1.16,59.32,0.97,57.66,0.67
2024-05-04,13:30,May,Summer,Inverted-V,93,720.43,39.86,52.87,74.5,1.09,59.6,0.92,54.56,0.67
2024-05-04,13:45,May,Summer,Inverted-V,93,676.59,39.81,51.73,74.86,1.03,59.89,0.86,51.43,0.67
2024-05-04,14:00,May,Summer,Inverted-V,93,632.75,39.77,50.59,75.23,0.96,60.18,0.8,48.28,0.67
2024-05-04,14:15,May,Summer,Inverted-V,93,587.5,39.64,49.32,75.63,0.89,60.5,0.74,45.01,0.67
2024-05-04,14:30,May,Summer,Inverted-V,93,542.24,39.5,48.06,76.03,0.82,60.82,0.69,41.71,0.67
2024-05-04,14:45,May,Summer,Inverted-V,93,496.99,39.36,46.79,76.43,0.75,61.14,0.63,38.38,0.67
2024-05-04,15:00,May,Summer,Inverted-V,93,451.73,39.23,45.52,76.83,0.68,61.46,0.57,35.03,0.67
2024-05-04,15:15,May,Summer,Inverted-V,93,396.06,39.0,43.9,77.34,0.6,61.87,0.5,30.87,0.67
2024-05-04,15:30,May,Summer,Inverted-V,93,340.38,38.77,42.28,77.85,0.51,62.28,0.43,26.66,0.67
2024-05-04,15:45,May,Summer,Inverted-V,93,284.71,38.55,40.67,78.37,0.43,62.69,0.36,22.41,0.67
2024-05-04,16:00,May,Summer,Inverted-V,93,229.04,38.32,39.05,78.88,0.34,63.1,0.29,18.12,0.67
2024-05-04,16:15,May,Summer,Inverted-V,93,183.03,38.0,37.58,79.35,0.27,63.48,0.23,14.54,0.67
2024-05-04,16:30,May,Summer,Inverted-V,93,137.02,37.68,36.11,79.81,0.2,63.85,0.17,10.93,0.67
2024-05-04,16:45,May,Summer,Inverted-V,93,91.01,37.36,34.64,80.28,0.14,64.22,0.11,7.29,0.67
2024-05-04,17:00,May,Summer,Inverted-V,93,45.0,37.04,33.17,80.74,0.07,64.59,0.06,3.62,0.67
2024-05-04,17:15,May,Summer,Inverted-V,93,33.75,36.63,32.48,80.96,0.05,64.77,0.04,2.72,0.67
2024-05-04,17:30,May,Summer,Inverted-V,93,22.5,36.22,31.79,81.18,0.03,64.94,0.03,1.82,0.67
2024-05-04,17:45,May,Summer,Inverted-V,93,11.25,35.82,31.1,81.4,0.02,65.12,0.01,0.91,0.67
2024-05-05,05:00,May,Summer,Inverted-V,93,5.59,28.65,23.79,83.71,0.01,66.97,0.01,0.46,0.67
2024-05-05,05:15,May,Summer,Inverted-V,93,31.83,28.96,24.76,83.4,0.05,66.72,0.04,2.62,0.67
2024-05-05,05:30,May,Summer,Inverted-V,93,58.07,29.27,25.73,83.1,0.09,66.48,0.07,4.78,0.67
2024-05-05,05:45,May,Summer,Inverted-V,93,84.3,29.59,26.7,82.79,0.12,66.23,0.1,6.91,0.67
2024-05-05,06:00,May,Summer,Inverted-V,93,110.54,29.9,27.66,82.48,0.16,65.99,0.14,9.04,0.67
2024-05-05,06:15,May,Summer,Inverted-V,93,153.57,30.7,29.53,81.89,0.23,65.51,0.19,12.49,0.67
2024-05-05,06:30,May,Summer,Inverted-V,93,196.6,31.49,31.41,81.3,0.29,65.04,0.24,15.91,0.67
2024-05-05,06:45,May,Summer,Inverted-V,93,239.64,32.28,33.28,80.71,0.36,64.57,0.3,19.28,0.67
2024-05-05,07:00,May,Summer,Inverted-V,93,282.67,33.08,35.15,80.12,0.42,64.09,0.35,22.62,0.67
2024-05-05,07:15,May,Summer,Inverted-V,93,333.3,33.82,37.15,79.48,0.5,63.58,0.42,26.52,0.67
2024-05-05,07:30,May,Summer,Inverted-V,93,383.94,34.56,39.16,78.84,0.57,63.08,0.48,30.36,0.67
2024-05-05,07:45,May,Summer,Inverted-V,93,434.58,35.3,41.16,78.21,0.65,62.57,0.55,34.15,0.67
2024-05-05,08:00,May,Summer,Inverted-V,93,485.21,36.04,43.17,77.57,0.73,62.06,0.61,37.9,0.67
2024-05-05,08:15,May,Summer,Inverted-V,93,528.8,36.62,44.84,77.05,0.8,61.64,0.67,41.09,0.67
2024-05-05,08:30,May,Summer,Inverted-V,93,572.39,37.2,46.5,76.52,0.86,61.21,0.72,44.24,0.67
2024-05-05,08:45,May,Summer,Inverted-V,93,615.99,37.77,48.17,75.99,0.93,60.79,0.78,47.36,0.67
2024-05-05,09:00,May,Summer,Inverted-V,93,659.58,38.35,49.84,75.46,1.0,60.37,0.84,50.44,0.67
2024-05-05,09:15,May,Summer,Inverted-V,93,704.69,38.83,51.45,74.95,1.07,59.96,0.89,53.62,0.67
2024-05-05,09:30,May,Summer,Inverted-V,93,749.8,39.31,53.06,74.44,1.14,59.56,0.95,56.75,0.67
2024-05-05,09:45,May,Summer,Inverted-V,93,794.91,39.79,54.66,73.94,1.21,59.15,1.01,59.84,0.67
2024-05-05,10:00,May,Summer,Inverted-V,93,840.02,40.27,56.27,73.43,1.28,58.74,1.07,62.9,0.67
2024-05-05,10:15,May,Summer,Inverted-V,93,851.7,40.65,56.94,73.22,1.3,58.57,1.09,63.64,0.67
2024-05-05,10:30,May,Summer,Inverted-V,93,863.37,41.02,57.6,73.0,1.32,58.4,1.1,64.36,0.67
2024-05-05,10:45,May,Summer,Inverted-V,93,875.04,41.4,58.27,72.79,1.33,58.23,1.12,65.09,0.67
2024-05-05,11:00,May,Summer,Inverted-V,93,886.71,41.77,58.94,72.58,1.35,58.07,1.13,65.81,0.67
2024-05-05,11:15,May,Summer,Inverted-V,93,878.52,42.04,59.0,72.56,1.34,58.05,1.12,65.18,0.67
2024-05-05,11:30,May,Summer,Inverted-V,93,870.33,42.31,59.07,72.54,1.33,58.03,1.11,64.56,0.67
2024-05-05,11:45,May,Summer,Inverted-V,93,862.15,42.58,59.13,72.52,1.32,58.02,1.1,63.94,0.67
2024-05-05,12:00,May,Summer,Inverted-V,93,853.96,42.85,59.2,72.5,1.3,58.0,1.09,63.32,0.67
2024-05-05,12:15,May,Summer,Inverted-V,93,822.1,42.96,58.52,72.72,1.25,58.17,1.05,61.1,0.67
2024-05-05,12:30,May,Summer,Inverted-V,93,790.25,43.08,57.83,72.93,1.2,58.35,1.01,58.87,0.67
2024-05-05,12:45,May,Summer,Inverted-V,93,758.39,43.19,57.15,73.15,1.16,58.52,0.97,56.62,0.67
2024-05-05,13:00,May,Summer,Inverted-V,93,726.54,43.3,56.46,73.37,1.11,58.69,0.93,54.37,0.67
2024-05-05,13:15,May,Summer,Inverted-V,93,704.08,43.11,55.71,73.6,1.07,58.88,0.9,52.82,0.67
2024-05-05,13:30,May,Summer,Inverted-V,93,681.63,42.92,54.96,73.84,1.04,59.07,0.87,51.27,0.67
2024-05-05,13:45,May,Summer,Inverted-V,93,659.17,42.73,54.21,74.08,1.0,59.26,0.84,49.7,0.67
2024-05-05,14:00,May,Summer,Inverted-V,93,636.71,42.54,53.46,74.32,0.97,59.45,0.81,48.13,0.67
2024-05-05,14:15,May,Summer,Inverted-V,93,564.5,42.25,51.36,74.98,0.86,59.98,0.72,42.96,0.67
2024-05-05,14:30,May,Summer,Inverted-V,93,492.29,41.96,49.27,75.64,0.74,60.52,0.62,37.72,0.67
2024-05-05,14:45,May,Summer,Inverted-V,93,420.08,41.67,47.17,76.31,0.63,61.05,0.53,32.4,0.67
2024-05-05,15:00,May,Summer,Inverted-V,93,347.87,41.38,45.08,76.97,0.52,61.58,0.44,27.01,0.67
2024-05-05,15:15,May,Summer,Inverted-V,93,300.83,40.94,43.46,77.48,0.45,61.99,0.38,23.48,0.67
2024-05-05,15:30,May,Summer,Inverted-V,93,253.8,40.5,41.84,78.0,0.38,62.4,0.32,19.91,0.67
2024-05-05,15:45,May,Summer,Inverted-V,93,206.77,40.05,40.22,78.51,0.31,62.81,0.26,16.3,0.67
2024-05-05,16:00,May,Summer,Inverted-V,93,159.73,39.61,38.6,79.02,0.24,63.22,0.2,12.65,0.67
2024-05-05,16:15,May,Summer,Inverted-V,93,128.1,39.13,37.33,79.42,0.19,63.54,0.16,10.19,0.67
2024-05-05,16:30,May,Summer,Inverted-V,93,96.46,38.66,36.07,79.82,0.14,63.86,0.12,7.7,0.67
2024-05-05,16:45,May,Summer,Inverted-V,93,64.82,38.18,34.8,80.23,0.1,64.18,0.08,5.19,0.67
2024-05-05,17:00,May,Summer,Inverted-V,93,33.19,37.7,33.53,80.63,0.05,64.5,0.04,2.67,0.67
2024-05-05,17:15,May,Summer,Inverted-V,93,24.89,37.27,32.89,80.83,0.04,64.66,0.03,2.01,0.67
2024-05-05,17:30,May,Summer,Inverted-V,93,16.59,36.84,32.25,81.03,0.02,64.82,0.02,1.34,0.67
2024-05-05,17:45,May,Summer,Inverted-V,93,8.3,36.41,31.62,81.23,0.01,64.99,0.01,0.67,0.67
2024-05-06,05:00,May,Summer,Inverted-V,93,5.7,29.62,24.76,83.4,0.01,66.72,0.01,0.47,0.67
2024-05-06,05:15,May,Summer,Inverted-V,93,32.82,29.88,25.7,83.11,0.05,66.49,0.04,2.7,0.67
2024-05-06,05:30,May,Summer,Inverted-V,93,59.94,30.13,26.63,82.81,0.09,66.25,0.07,4.92,0.67
2024-05-06,05:45,May,Summer,Inverted-V,93,87.06,30.39,27.56,82.52,0.13,66.01,0.11,7.12,0.67
2024-05-06,06:00,May,Summer,Inverted-V,93,114.18,30.64,28.49,82.22,0.17,65.78,0.14,9.32,0.67
2024-05-06,06:15,May,Summer,Inverted-V,93,163.12,31.26,30.33,81.64,0.24,65.31,0.2,13.24,0.67
2024-05-06,06:30,May,Summer,Inverted-V,93,212.07,31.87,32.17,81.06,0.32,64.85,0.26,17.12,0.67
2024-05-06,06:45,May,Summer,Inverted-V,93,261.01,32.48,34.01,80.47,0.39,64.38,0.33,20.96,0.67
2024-05-06,07:00,May,Summer,Inverted-V,93,309.96,33.1,35.85,79.89,0.46,63.91,0.39,24.75,0.67
2024-05-06,07:15,May,Summer,Inverted-V,93,375.67,33.77,38.16,79.16,0.56,63.33,0.47,29.8,0.67
2024-05-06,07:30,May,Summer,Inverted-V,93,441.39,34.43,40.46,78.43,0.66,62.74,0.55,34.76,0.67
2024-05-06,07:45,May,Summer,Inverted-V,93,507.1,35.09,42.77,77.7,0.76,62.16,0.64,39.66,0.67
2024-05-06,08:00,May,Summer,Inverted-V,93,572.81,35.76,45.08,76.97,0.86,61.58,0.72,44.48,0.67
2024-05-06,08:15,May,Summer,Inverted-V,93,631.46,36.32,47.11,76.33,0.95,61.06,0.8,48.72,0.67
2024-05-06,08:30,May,Summer,Inverted-V,93,690.11,36.88,49.14,75.68,1.04,60.55,0.87,52.9,0.67
2024-05-06,08:45,May,Summer,Inverted-V,93,748.76,37.45,51.17,75.04,1.13,60.03,0.95,57.02,0.67
2024-05-06,09:00,May,Summer,Inverted-V,93,807.41,38.01,53.2,74.4,1.23,59.52,1.03,61.08,0.67
2024-05-06,09:15,May,Summer,Inverted-V,93,823.89,38.45,54.05,74.13,1.25,59.3,1.05,62.15,0.67
2024-05-06,09:30,May,Summer,Inverted-V,93,840.38,38.89,54.9,73.86,1.28,59.09,1.07,63.22,0.67
2024-05-06,09:45,May,Summer,Inverted-V,93,856.86,39.34,55.76,73.59,1.3,58.87,1.09,64.27,0.67
2024-05-06,10:00,May,Summer,Inverted-V,93,873.34,39.78,56.61,73.32,1.33,58.65,1.11,65.32,0.67
2024-05-06,10:15,May,Summer,Inverted-V,93,901.57,40.11,57.65,72.99,1.37,58.39,1.15,67.2,0.67
2024-05-06,10:30,May,Summer,Inverted-V,93,929.8,40.44,58.68,72.66,1.42,58.13,1.19,69.06,0.67
2024-05-06,10:45,May,Summer,Inverted-V,93,958.03,40.77,59.72,72.33,1.46,57.87,1.23,70.91,0.67
2024-05-06,11:00,May,Summer,Inverted-V,93,986.26,41.1,60.76,72.01,1.51,57.6,1.26,72.74,0.67
2024-05-06,11:15,May,Summer,Inverted-V,93,962.07,41.23,60.28,72.16,1.47,57.72,1.23,71.07,0.67
2024-05-06,11:30,May,Summer,Inverted-V,93,937.88,41.36,59.81,72.31,1.43,57.85,1.2,69.4,0.67
2024-05-06,11:45,May,Summer,Inverted-V,93,913.7,41.49,59.33,72.46,1.39,57.97,1.17,67.72,0.67
2024-05-06,12:00,May,Summer,Inverted-V,93,889.51,41.62,58.86,72.61,1.36,58.09,1.14,66.03,0.67
2024-05-06,12:15,May,Summer,Inverted-V,93,861.71,41.5,58.04,72.87,1.31,58.29,1.1,64.15,0.67
2024-05-06,12:30,May,Summer,Inverted-V,93,833.92,41.38,57.22,73.12,1.27,58.5,1.06,62.25,0.67
2024-05-06,12:45,May,Summer,Inverted-V,93,806.12,41.25,56.41,73.38,1.23,58.71,1.03,60.34,0.67
2024-05-06,13:00,May,Summer,Inverted-V,93,778.32,41.13,55.59,73.64,1.18,58.91,0.99,58.42,0.67
2024-05-06,13:15,May,Summer,Inverted-V,93,743.65,40.95,54.54,73.98,1.13,59.18,0.95,56.01,0.67
2024-05-06,13:30,May,Summer,Inverted-V,93,708.98,40.76,53.48,74.31,1.08,59.45,0.9,53.58,0.67
2024-05-06,13:45,May,Summer,Inverted-V,93,674.3,40.58,52.43,74.64,1.02,59.71,0.86,51.14,0.67
2024-05-06,14:00,May,Summer,Inverted-V,93,639.63,40.39,51.38,74.97,0.97,59.98,0.81,48.68,0.67
2024-05-06,14:15,May,Summer,Inverted-V,93,570.69,40.12,49.38,75.61,0.86,60.49,0.72,43.71,0.67
2024-05-06,14:30,May,Summer,Inverted-V,93,501.75,39.84,47.39,76.24,0.76,60.99,0.63,38.68,0.67
2024-05-06,14:45,May,Summer,Inverted-V,93,432.81,39.57,45.39,76.87,0.65,61.5,0.55,33.57,0.67
2024-05-06,15:00,May,Summer,Inverted-V,93,363.87,39.3,43.4,77.5,0.55,62.0,0.46,28.4,0.67
2024-05-06,15:15,May,Summer,Inverted-V,93,318.46,39.04,42.0,77.94,0.48,62.36,0.4,24.96,0.67
2024-05-06,15:30,May,Summer,Inverted-V,93,273.05,38.78,40.61,78.39,0.41,62.71,0.34,21.5,0.67
2024-05-06,15:45,May,Summer,Inverted-V,93,227.64,38.52,39.21,78.83,0.34,63.06,0.29,18.0,0.67
2024-05-06,16:00,May,Summer,Inverted-V,93,182.23,38.26,37.82,79.27,0.27,63.42,0.23,14.47,0.67
2024-05-06,16:15,May,Summer,Inverted-V,93,145.99,37.99,36.64,79.64,0.22,63.71,0.18,11.63,0.67
2024-05-06,16:30,May,Summer,Inverted-V,93,109.74,37.72,35.46,80.02,0.16,64.01,0.14,8.77,0.67
2024-05-06,16:45,May,Summer,Inverted-V,93,73.5,37.44,34.28,80.39,0.11,64.31,0.09,5.9,0.67
2024-05-06,17:00,May,Summer,Inverted-V,93,37.26,37.17,33.1,80.76,0.06,64.61,0.05,3.0,0.67
2024-05-06,17:15,May,Summer,Inverted-V,93,27.95,36.84,32.54,80.94,0.04,64.75,0.03,2.25,0.67
2024-05-06,17:30,May,Summer,Inverted-V,93,18.63,36.52,31.98,81.12,0.03,64.89,0.02,1.5,0.67
2024-05-06,17:45,May,Summer,Inverted-V,93,9.32,36.19,31.42,81.3,0.01,65.04,0.01,0.75,0.67
2024-05-07,05:00,May,Summer,Inverted-V,93,6.29,29.97,25.13,83.29,0.01,66.63,0.01,0.52,0.67
2024-05-07,05:15,May,Summer,Inverted-V,93,36.05,30.22,26.13,82.97,0.05,66.38,0.04,2.96,0.67
2024-05-07,05:30,May,Summer,Inverted-V,93,65.82,30.48,27.13,82.65,0.1,66.12,0.08,5.39,0.67
2024-05-07,05:45,May,Summer,Inverted-V,93,95.59,30.73,28.12,82.34,0.14,65.87,0.12,7.81,0.67
2024-05-07,06:00,May,Summer,Inverted-V,93,125.36,30.99,29.12,82.02,0.19,65.62,0.16,10.21,0.67
2024-05-07,06:15,May,Summer,Inverted-V,93,181.44,31.48,31.02,81.42,0.27,65.14,0.23,14.7,0.67
2024-05-07,06:30,May,Summer,Inverted-V,93,237.53,31.97,32.91,80.82,0.35,64.66,0.3,19.14,0.67
2024-05-07,06:45,May,Summer,Inverted-V,93,293.62,32.46,34.8,80.22,0.44,64.18,0.37,23.52,0.67
2024-05-07,07:00,May,Summer,Inverted-V,93,349.7,32.95,36.69,79.63,0.52,63.7,0.44,27.86,0.67
2024-05-07,07:15,May,Summer,Inverted-V,93,410.93,33.44,38.71,78.99,0.61,63.19,0.51,32.54,0.67
2024-05-07,07:30,May,Summer,Inverted-V,93,472.15,33.92,40.72,78.35,0.71,62.68,0.59,37.16,0.67
2024-05-07,07:45,May,Summer,Inverted-V,93,533.37,34.41,42.74,77.71,0.8,62.17,0.67,41.72,0.67
2024-05-07,08:00,May,Summer,Inverted-V,93,594.59,34.89,44.75,77.07,0.89,61.66,0.75,46.21,0.67
2024-05-07,08:15,May,Summer,Inverted-V,93,651.51,35.32,46.61,76.49,0.98,61.19,0.82,50.34,0.67
2024-05-07,08:30,May,Summer,Inverted-V,93,708.43,35.75,48.46,75.9,1.07,60.72,0.9,54.42,0.67
2024-05-07,08:45,May,Summer,Inverted-V,93,765.34,36.18,50.31,75.31,1.16,60.25,0.97,58.44,0.67
2024-05-07,09:00,May,Summer,Inverted-V,93,822.26,36.61,52.17,74.73,1.25,59.78,1.04,62.41,0.67
2024-05-07,09:15,May,Summer,Inverted-V,93,848.35,36.98,53.19,74.4,1.29,59.52,1.08,64.18,0.67
2024-05-07,09:30,May,Summer,Inverted-V,93,874.43,37.36,54.22,74.08,1.33,59.26,1.11,65.93,0.67
2024-05-07,09:45,May,Summer,Inverted-V,93,900.52,37.73,55.25,73.75,1.37,59.0,1.15,67.66,0.67
2024-05-07,10:00,May,Summer,Inverted-V,93,926.61,38.11,56.28,73.42,1.41,58.74,1.18,69.39,0.67
2024-05-07,10:15,May,Summer,Inverted-V,93,950.43,38.41,57.17,73.14,1.45,58.51,1.21,70.96,0.67
2024-05-07,10:30,May,Summer,Inverted-V,93,974.25,38.72,58.07,72.86,1.49,58.28,1.24,72.52,0.67
2024-05-07,10:45,May,Summer,Inverted-V,93,998.07,39.02,58.97,72.57,1.52,58.06,1.28,74.06,0.67
2024-05-07,11:00,May,Summer,Inverted-V,93,1021.9,39.32,59.87,72.29,1.56,57.83,1.31,75.6,0.67
2024-05-07,11:15,May,Summer,Inverted-V,93,1011.47,39.53,59.82,72.3,1.54,57.84,1.29,74.84,0.67
2024-05-07,11:30,May,Summer,Inverted-V,93,1001.04,39.74,59.77,72.32,1.53,57.86,1.28,74.08,0.67
2024-05-07,11:45,May,Summer,Inverted-V,93,990.61,39.95,59.72,72.34,1.51,57.87,1.27,73.32,0.67
2024-05-07,12:00,May,Summer,Inverted-V,93,980.19,40.16,59.66,72.35,1.5,57.88,1.25,72.56,0.67
2024-05-07,12:15,May,Summer,Inverted-V,93,937.69,40.22,58.66,72.67,1.43,58.14,1.2,69.65,0.67
2024-05-07,12:30,May,Summer,Inverted-V,93,895.19,40.28,57.66,72.99,1.36,58.39,1.14,66.72,0.67
2024-05-07,12:45,May,Summer,Inverted-V,93,852.68,40.34,56.66,73.3,1.3,58.64,1.09,63.77,0.67
2024-05-07,13:00,May,Summer,Inverted-V,93,810.18,40.4,55.65,73.62,1.23,58.9,1.03,60.79,0.67
2024-05-07,13:15,May,Summer,Inverted-V,93,772.67,40.32,54.64,73.94,1.17,59.15,0.98,58.17,0.67
2024-05-07,13:30,May,Summer,Inverted-V,93,735.15,40.25,53.62,74.26,1.12,59.41,0.93,55.54,0.67
2024-05-07,13:45,May,Summer,Inverted-V,93,697.63,40.17,52.61,74.59,1.06,59.67,0.89,52.88,0.67
2024-05-07,14:00,May,Summer,Inverted-V,93,660.12,40.09,51.59,74.91,1.0,59.93,0.84,50.2,0.67
2024-05-07,14:15,May,Summer,Inverted-V,93,621.76,39.91,50.45,75.27,0.94,60.21,0.79,47.46,0.67
2024-05-07,14:30,May,Summer,Inverted-V,93,583.4,39.73,49.31,75.63,0.88,60.5,0.74,44.69,0.67
2024-05-07,14:45,May,Summer,Inverted-V,93,545.04,39.55,48.18,75.99,0.82,60.79,0.69,41.91,0.67
2024-05-07,15:00,May,Summer,Inverted-V,93,506.68,39.37,47.04,76.35,0.76,61.08,0.64,39.1,0.67
2024-05-07,15:15,May,Summer,Inverted-V,93,445.38,39.09,45.23,76.92,0.67,61.54,0.56,34.57,0.67
2024-05-07,15:30,May,Summer,Inverted-V,93,384.08,38.82,43.42,77.49,0.58,62.0,0.48,29.98,0.67
2024-05-07,15:45,May,Summer,Inverted-V,93,322.77,38.55,41.61,78.07,0.48,62.45,0.41,25.33,0.67
2024-05-07,16:00,May,Summer,Inverted-V,93,261.47,38.27,39.81,78.64,0.39,62.91,0.33,20.63,0.67
2024-05-07,16:15,May,Summer,Inverted-V,93,209.2,37.85,38.08,79.19,0.31,63.35,0.26,16.6,0.67
2024-05-07,16:30,May,Summer,Inverted-V,93,156.94,37.42,36.35,79.73,0.23,63.79,0.2,12.52,0.67
2024-05-07,16:45,May,Summer,Inverted-V,93,104.68,37.0,34.62,80.28,0.16,64.23,0.13,8.39,0.67
2024-05-07,17:00,May,Summer,Inverted-V,93,52.41,36.58,32.89,80.83,0.08,64.66,0.07,4.22,0.67
2024-05-07,17:15,May,Summer,Inverted-V,93,39.31,36.09,32.08,81.09,0.06,64.87,0.05,3.17,0.67
2024-05-07,17:30,May,Summer,Inverted-V,93,26.21,35.61,31.27,81.34,0.04,65.08,0.03,2.12,0.67
2024-05-07,17:45,May,Summer,Inverted-V,93,13.1,35.12,30.45,81.6,0.02,65.28,0.02,1.06,0.67
2024-05-08,05:00,May,Summer,Inverted-V,93,5.91,29.96,25.11,83.29,0.01,66.64,0.01,0.49,0.67
2024-05-08,05:15,May,Summer,Inverted-V,93,35.29,30.15,26.03,83.0,0.05,66.4,0.04,2.9,0.67
2024-05-08,05:30,May,Summer,Inverted-V,93,64.68,30.34,26.96,82.71,0.1,66.17,0.08,5.3,0.67
2024-05-08,05:45,May,Summer,Inverted-V,93,94.06,30.54,27.89,82.41,0.14,65.93,0.12,7.69,0.67
2024-05-08,06:00,May,Summer,Inverted-V,93,123.44,30.73,28.82,82.12,0.18,65.7,0.15,10.06,0.67
2024-05-08,06:15,May,Summer,Inverted-V,93,176.37,31.11,30.52,81.58,0.26,65.26,0.22,14.31,0.67
2024-05-08,06:30,May,Summer,Inverted-V,93,229.3,31.48,32.22,81.04,0.34,64.83,0.29,18.51,0.67
2024-05-08,06:45,May,Summer,Inverted-V,93,282.23,31.86,33.92,80.5,0.42,64.4,0.35,22.67,0.67
2024-05-08,07:00,May,Summer,Inverted-V,93,335.16,32.24,35.62,79.97,0.5,63.97,0.42,26.79,0.67
2024-05-08,07:15,May,Summer,Inverted-V,93,397.83,32.61,37.55,79.35,0.59,63.48,0.5,31.61,0.67
2024-05-08,07:30,May,Summer,Inverted-V,93,460.5,32.97,39.48,78.74,0.69,62.99,0.58,36.38,0.67
2024-05-08,07:45,May,Summer,Inverted-V,93,523.17,33.34,41.41,78.13,0.78,62.5,0.66,41.09,0.67
2024-05-08,08:00,May,Summer,Inverted-V,93,585.85,33.7,43.35,77.52,0.88,62.02,0.74,45.73,0.67
2024-05-08,08:15,May,Summer,Inverted-V,93,636.26,34.05,44.96,77.01,0.96,61.61,0.8,49.42,0.67
2024-05-08,08:30,May,Summer,Inverted-V,93,686.67,34.41,46.58,76.5,1.04,61.2,0.87,53.07,0.67
2024-05-08,08:45,May,Summer,Inverted-V,93,737.09,34.77,48.19,75.98,1.11,60.79,0.93,56.67,0.67
2024-05-08,09:00,May,Summer,Inverted-V,93,787.5,35.12,49.81,75.47,1.19,60.38,1.0,60.23,0.67
2024-05-08,09:15,May,Summer,Inverted-V,93,810.86,35.46,50.73,75.18,1.23,60.14,1.03,61.84,0.67
2024-05-08,09:30,May,Summer,Inverted-V,93,834.21,35.8,51.65,74.89,1.26,59.91,1.06,63.43,0.67
2024-05-08,09:45,May,Summer,Inverted-V,93,857.57,36.13,52.57,74.6,1.3,59.68,1.09,65.01,0.67
2024-05-08,10:00,May,Summer,Inverted-V,93,880.92,36.47,53.49,74.31,1.34,59.44,1.12,66.58,0.67
2024-05-08,10:15,May,Summer,Inverted-V,93,882.27,36.74,53.8,74.21,1.34,59.37,1.12,66.61,0.67
2024-05-08,10:30,May,Summer,Inverted-V,93,883.61,37.01,54.1,74.11,1.34,59.29,1.12,66.65,0.67
2024-05-08,10:45,May,Summer,Inverted-V,93,884.96,37.28,54.4,74.02,1.34,59.21,1.13,66.68,0.67
2024-05-08,11:00,May,Summer,Inverted-V,93,886.3,37.55,54.71,73.92,1.35,59.14,1.13,66.72,0.67
2024-05-08,11:15,May,Summer,Inverted-V,93,838.73,37.71,53.68,74.25,1.27,59.4,1.07,63.35,0.67
2024-05-08,11:30,May,Summer,Inverted-V,93,791.15,37.86,52.64,74.57,1.2,59.66,1.01,59.96,0.67
2024-05-08,11:45,May,Summer,Inverted-V,93,743.58,38.02,51.61,74.9,1.13,59.92,0.94,56.54,0.67
2024-05-08,12:00,May,Summer,Inverted-V,93,696.01,38.18,50.58,75.23,1.05,60.18,0.88,53.1,0.67
2024-05-08,12:15,May,Summer,Inverted-V,93,731.69,38.24,51.53,74.93,1.11,59.94,0.93,55.65,0.67
2024-05-08,12:30,May,Summer,Inverted-V,93,767.38,38.3,52.48,74.63,1.16,59.7,0.97,58.19,0.67
2024-05-08,12:45,May,Summer,Inverted-V,93,803.06,38.35,53.43,74.33,1.22,59.46,1.02,60.71,0.67
2024-05-08,13:00,May,Summer,Inverted-V,93,838.75,38.41,54.38,74.03,1.27,59.22,1.07,63.2,0.67
2024-05-08,13:15,May,Summer,Inverted-V,93,788.44,38.37,53.08,74.44,1.2,59.55,1.0,59.67,0.67
2024-05-08,13:30,May,Summer,Inverted-V,93,738.13,38.33,51.78,74.85,1.12,59.88,0.94,56.1,0.67
2024-05-08,13:45,May,Summer,Inverted-V,93,687.81,38.28,50.48,75.26,1.04,60.21,0.87,52.5,0.67
2024-05-08,14:00,May,Summer,Inverted-V,93,637.5,38.24,49.18,75.67,0.96,60.54,0.81,48.86,0.67
2024-05-08,14:15,May,Summer,Inverted-V,93,576.09,38.06,47.46,76.22,0.87,60.97,0.73,44.4,0.67
2024-05-08,14:30,May,Summer,Inverted-V,93,514.68,37.88,45.75,76.76,0.78,61.41,0.65,39.88,0.67
2024-05-08,14:45,May,Summer,Inverted-V,93,453.27,37.7,44.03,77.3,0.68,61.84,0.57,35.31,0.67
2024-05-08,15:00,May,Summer,Inverted-V,93,391.86,37.52,42.32,77.84,0.59,62.28,0.49,30.69,0.67
2024-05-08,15:15,May,Summer,Inverted-V,93,341.59,37.27,40.81,78.32,0.51,62.66,0.43,26.88,0.67
2024-05-08,15:30,May,Summer,Inverted-V,93,291.32,37.02,39.3,78.8,0.44,63.04,0.37,23.03,0.67
2024-05-08,15:45,May,Summer,Inverted-V,93,241.05,36.76,37.79,79.28,0.36,63.42,0.3,19.14,0.67
2024-05-08,16:00,May,Summer,Inverted-V,93,190.78,36.51,36.28,79.76,0.28,63.81,0.24,15.22,0.67
2024-05-08,16:15,May,Summer,Inverted-V,93,153.27,36.15,34.98,80.17,0.23,64.13,0.19,12.27,0.67
2024-05-08,16:30,May,Summer,Inverted-V,93,115.76,35.8,33.69,80.58,0.17,64.46,0.14,9.3,0.67
2024-05-08,16:45,May,Summer,Inverted-V,93,78.25,35.44,32.39,80.99,0.12,64.79,0.1,6.31,0.67
2024-05-08,17:00,May,Summer,Inverted-V,93,40.74,35.08,31.1,81.4,0.06,65.12,0.05,3.3,0.67
2024-05-08,17:15,May,Summer,Inverted-V,93,30.55,34.62,30.39,81.62,0.05,65.3,0.04,2.48,0.67
2024-05-08,17:30,May,Summer,Inverted-V,93,20.37,34.17,29.68,81.85,0.03,65.48,0.03,1.66,0.67
2024-05-08,17:45,May,Summer,Inverted-V,93,10.18,33.71,28.97,82.07,0.02,65.66,0.01,0.83,0.67
2024-05-09,05:00,May,Summer,Inverted-V,93,5.7,28.61,23.75,83.72,0.01,66.98,0.01,0.47,0.67
2024-05-09,05:15,May,Summer,Inverted-V,93,29.93,28.77,24.52,83.48,0.04,66.79,0.04,2.47,0.67
2024-05-09,05:30,May,Summer,Inverted-V,93,54.17,28.92,25.28,83.24,0.08,66.59,0.07,4.46,0.67
2024-05-09,05:45,May,Summer,Inverted-V,93,78.4,29.08,26.04,83.0,0.12,66.4,0.1,6.44,0.67
2024-05-09,06:00,May,Summer,Inverted-V,93,102.63,29.24,26.81,82.76,0.15,66.2,0.13,8.41,0.67
2024-05-09,06:15,May,Summer,Inverted-V,93,143.34,29.63,28.22,82.31,0.21,65.85,0.18,11.71,0.67
2024-05-09,06:30,May,Summer,Inverted-V,93,184.05,30.02,29.63,81.86,0.27,65.49,0.23,14.97,0.67
2024-05-09,06:45,May,Summer,Inverted-V,93,224.76,30.42,31.04,81.42,0.33,65.13,0.28,18.21,0.67
2024-05-09,07:00,May,Summer,Inverted-V,93,265.46,30.81,32.45,80.97,0.39,64.78,0.33,21.41,0.67
2024-05-09,07:15,May,Summer,Inverted-V,93,306.54,31.26,33.93,80.5,0.46,64.4,0.38,24.62,0.67
2024-05-09,07:30,May,Summer,Inverted-V,93,347.61,31.71,35.41,80.03,0.52,64.03,0.43,27.8,0.67
2024-05-09,07:45,May,Summer,Inverted-V,93,388.68,32.17,36.88,79.56,0.58,63.65,0.49,30.95,0.67
2024-05-09,08:00,May,Summer,Inverted-V,93,429.75,32.62,38.36,79.1,0.64,63.28,0.54,34.06,0.67
2024-05-09,08:15,May,Summer,Inverted-V,93,468.68,33.06,39.78,78.65,0.7,62.92,0.59,36.99,0.67
2024-05-09,08:30,May,Summer,Inverted-V,93,507.61,33.51,41.2,78.2,0.76,62.56,0.64,39.89,0.67
2024-05-09,08:45,May,Summer,Inverted-V,93,546.54,33.95,42.62,77.75,0.82,62.2,0.69,42.76,0.67
2024-05-09,09:00,May,Summer,Inverted-V,93,585.47,34.4,44.04,77.3,0.88,61.84,0.74,45.61,0.67
2024-05-09,09:15,May,Summer,Inverted-V,93,617.45,34.71,45.14,76.95,0.93,61.56,0.78,47.93,0.67
2024-05-09,09:30,May,Summer,Inverted-V,93,649.43,35.02,46.25,76.6,0.98,61.28,0.82,50.24,0.67
2024-05-09,09:45,May,Summer,Inverted-V,93,681.41,35.32,47.36,76.25,1.03,61.0,0.86,52.53,0.67
2024-05-09,10:00,May,Summer,Inverted-V,93,713.39,35.63,48.46,75.9,1.08,60.72,0.9,54.8,0.67
2024-05-09,10:15,May,Summer,Inverted-V,93,738.78,35.83,49.3,75.63,1.12,60.51,0.94,56.6,0.67
2024-05-09,10:30,May,Summer,Inverted-V,93,764.17,36.03,50.13,75.37,1.16,60.3,0.97,58.39,0.67
2024-05-09,10:45,May,Summer,Inverted-V,93,789.56,36.22,50.96,75.11,1.2,60.09,1.0,60.17,0.67
2024-05-09,11:00,May,Summer,Inverted-V,93,814.95,36.42,51.79,74.84,1.24,59.88,1.03,61.93,0.67
2024-05-09,11:15,May,Summer,Inverted-V,93,816.71,36.55,51.97,74.79,1.24,59.83,1.04,62.03,0.67
2024-05-09,11:30,May,Summer,Inverted-V,93,818.47,36.69,52.15,74.73,1.24,59.79,1.04,62.13,0.67
2024-05-09,11:45,May,Summer,Inverted-V,93,820.23,36.82,52.32,74.68,1.24,59.74,1.04,62.23,0.67
2024-05-09,12:00,May,Summer,Inverted-V,93,821.99,36.95,52.5,74.62,1.25,59.7,1.04,62.33,0.67
2024-05-09,12:15,May,Summer,Inverted-V,93,762.68,36.97,51.04,75.08,1.16,60.07,0.97,58.1,0.67
2024-05-09,12:30,May,Summer,Inverted-V,93,703.38,36.99,49.57,75.55,1.06,60.44,0.89,53.84,0.67
2024-05-09,12:45,May,Summer,Inverted-V,93,644.07,37.01,48.11,76.01,0.97,60.81,0.81,49.53,0.67
2024-05-09,13:00,May,Summer,Inverted-V,93,584.77,37.03,46.65,76.47,0.88,61.18,0.74,45.18,0.67
2024-05-09,13:15,May,Summer,Inverted-V,93,549.97,36.98,45.73,76.76,0.83,61.41,0.69,42.62,0.67
2024-05-09,13:30,May,Summer,Inverted-V,93,515.18,36.93,44.81,77.06,0.78,61.64,0.65,40.03,0.67
2024-05-09,13:45,May,Summer,Inverted-V,93,480.38,36.88,43.89,77.35,0.72,61.88,0.61,37.44,0.67
2024-05-09,14:00,May,Summer,Inverted-V,93,445.59,36.83,42.97,77.64,0.67,62.11,0.56,34.83,0.67
2024-05-09,14:15,May,Summer,Inverted-V,93,404.67,36.66,41.78,78.01,0.61,62.41,0.51,31.74,0.67
2024-05-09,14:30,May,Summer,Inverted-V,93,363.74,36.5,40.59,78.39,0.55,62.71,0.46,28.64,0.67
2024-05-09,14:45,May,Summer,Inverted-V,93,322.82,36.34,39.41,78.77,0.48,63.01,0.4,25.51,0.67
2024-05-09,15:00,May,Summer,Inverted-V,93,281.9,36.17,38.22,79.14,0.42,63.31,0.35,22.35,0.67
2024-05-09,15:15,May,Summer,Inverted-V,93,246.82,35.95,37.12,79.49,0.37,63.59,0.31,19.64,0.67
2024-05-09,15:30,May,Summer,Inverted-V,93,211.73,35.73,36.02,79.84,0.32,63.87,0.26,16.9,0.67
2024-05-09,15:45,May,Summer,Inverted-V,93,176.64,35.5,34.92,80.19,0.26,64.15,0.22,14.15,0.67
2024-05-09,16:00,May,Summer,Inverted-V,93,141.56,35.28,33.82,80.54,0.21,64.43,0.18,11.37,0.67
2024-05-09,16:15,May,Summer,Inverted-V,93,114.26,34.95,32.81,80.86,0.17,64.68,0.14,9.21,0.67
2024-05-09,16:30,May,Summer,Inverted-V,93,86.97,34.62,31.8,81.18,0.13,64.94,0.11,7.03,0.67
2024-05-09,16:45,May,Summer,Inverted-V,93,59.67,34.3,30.79,81.49,0.09,65.2,0.07,4.84,0.67
2024-05-09,17:00,May,Summer,Inverted-V,93,32.38,33.97,29.78,81.81,0.05,65.45,0.04,2.63,0.67
2024-05-09,17:15,May,Summer,Inverted-V,93,24.28,33.62,29.22,81.99,0.04,65.59,0.03,1.98,0.67
2024-05-09,17:30,May,Summer,Inverted-V,93,16.19,33.27,28.67,82.17,0.02,65.73,0.02,1.32,0.67
2024-05-09,17:45,May,Summer,Inverted-V,93,8.09,32.91,28.11,82.34,0.01,65.87,0.01,0.66,0.67
2024-05-10,05:15,May,Summer,Inverted-V,93,22.59,28.18,23.75,83.72,0.03,66.98,0.03,1.87,0.67
2024-05-10,05:30,May,Summer,Inverted-V,93,41.3,28.28,24.31,83.55,0.06,66.84,0.05,3.41,0.67
2024-05-10,05:45,May,Summer,Inverted-V,93,60.0,28.38,24.88,83.37,0.09,66.69,0.07,4.95,0.67
2024-05-10,06:00,May,Summer,Inverted-V,93,78.71,28.47,25.44,83.19,0.12,66.55,0.1,6.48,0.67
2024-05-10,06:15,May,Summer,Inverted-V,93,108.15,28.7,26.4,82.89,0.16,66.31,0.13,8.88,0.67
2024-05-10,06:30,May,Summer,Inverted-V,93,137.58,28.92,27.36,82.58,0.2,66.06,0.17,11.26,0.67
2024-05-10,06:45,May,Summer,Inverted-V,93,167.02,29.14,28.32,82.28,0.25,65.82,0.21,13.63,0.67
2024-05-10,07:00,May,Summer,Inverted-V,93,196.45,29.37,29.28,81.97,0.29,65.58,0.24,15.99,0.67
2024-05-10,07:15,May,Summer,Inverted-V,93,228.73,29.64,30.36,81.63,0.34,65.31,0.28,18.56,0.67
2024-05-10,07:30,May,Summer,Inverted-V,93,261.01,29.91,31.43,81.29,0.39,65.03,0.32,21.12,0.67
2024-05-10,07:45,May,Summer,Inverted-V,93,293.29,30.17,32.5,80.95,0.44,64.76,0.37,23.66,0.67
2024-05-10,08:00,May,Summer,Inverted-V,93,325.57,30.44,33.58,80.61,0.48,64.49,0.41,26.18,0.67
2024-05-10,08:15,May,Summer,Inverted-V,93,384.21,30.73,35.33,80.06,0.57,64.05,0.48,30.73,0.67
2024-05-10,08:30,May,Summer,Inverted-V,93,442.85,31.01,37.08,79.5,0.66,63.6,0.55,35.24,0.67
2024-05-10,08:45,May,Summer,Inverted-V,93,501.5,31.29,38.83,78.95,0.75,63.16,0.63,39.7,0.67
2024-05-10,09:00,May,Summer,Inverted-V,93,560.14,31.58,40.58,78.39,0.84,62.71,0.7,44.1,0.67
2024-05-10,09:15,May,Summer,Inverted-V,93,598.68,31.82,41.79,78.01,0.9,62.41,0.75,46.96,0.67
2024-05-10,09:30,May,Summer,Inverted-V,93,637.22,32.06,43.0,77.63,0.96,62.1,0.8,49.8,0.67
2024-05-10,09:45,May,Summer,Inverted-V,93,675.75,32.31,44.2,77.25,1.02,61.8,0.85,52.61,0.67
2024-05-10,10:00,May,Summer,Inverted-V,93,714.29,32.55,45.41,76.87,1.08,61.49,0.9,55.4,0.67
2024-05-10,10:15,May,Summer,Inverted-V,93,749.04,32.73,46.46,76.53,1.13,61.23,0.95,57.91,0.67
2024-05-10,10:30,May,Summer,Inverted-V,93,783.79,32.91,47.51,76.2,1.18,60.96,0.99,60.39,0.67
2024-05-10,10:45,May,Summer,Inverted-V,93,818.54,33.1,48.56,75.87,1.24,60.69,1.04,62.86,0.67
2024-05-10,11:00,May,Summer,Inverted-V,93,853.29,33.28,49.61,75.53,1.29,60.43,1.08,65.31,0.67
2024-05-10,11:15,May,Summer,Inverted-V,93,852.52,33.42,49.73,75.5,1.29,60.4,1.08,65.22,0.67
2024-05-10,11:30,May,Summer,Inverted-V,93,851.76,33.55,49.85,75.46,1.29,60.37,1.08,65.14,0.67
2024-05-10,11:45,May,Summer,Inverted-V,93,850.99,33.69,49.97,75.42,1.29,60.34,1.08,65.06,0.67
2024-05-10,12:00,May,Summer,Inverted-V,93,850.23,33.83,50.09,75.38,1.29,60.31,1.08,64.97,0.67
2024-05-10,12:15,May,Summer,Inverted-V,93,826.69,33.94,49.6,75.54,1.25,60.43,1.05,63.27,0.67
2024-05-10,12:30,May,Summer,Inverted-V,93,803.16,34.04,49.12,75.69,1.21,60.55,1.02,61.57,0.67
2024-05-10,12:45,May,Summer,Inverted-V,93,779.62,34.14,48.64,75.84,1.18,60.68,0.99,59.86,0.67
2024-05-10,13:00,May,Summer,Inverted-V,93,756.09,34.25,48.15,76.0,1.14,60.8,0.96,58.14,0.67
2024-05-10,13:15,May,Summer,Inverted-V,93,693.69,34.29,46.63,76.48,1.05,61.18,0.88,53.6,0.67
2024-05-10,13:30,May,Summer,Inverted-V,93,631.3,34.33,45.11,76.96,0.95,61.57,0.8,49.01,0.67
2024-05-10,13:45,May,Summer,Inverted-V,93,568.91,34.36,43.59,77.44,0.86,61.95,0.72,44.38,0.67
2024-05-10,14:00,May,Summer,Inverted-V,93,506.52,34.4,42.06,77.93,0.76,62.34,0.64,39.7,0.67
2024-05-10,14:15,May,Summer,Inverted-V,93,455.81,34.34,40.73,78.35,0.68,62.68,0.57,35.87,0.67
2024-05-10,14:30,May,Summer,Inverted-V,93,405.11,34.27,39.4,78.77,0.61,63.01,0.51,32.01,0.67
2024-05-10,14:45,May,Summer,Inverted-V,93,354.4,34.21,38.07,79.19,0.53,63.35,0.44,28.12,0.67
2024-05-10,15:00,May,Summer,Inverted-V,93,303.7,34.15,36.74,79.61,0.45,63.69,0.38,24.19,0.67
2024-05-10,15:15,May,Summer,Inverted-V,93,261.44,33.98,35.51,80.0,0.39,64.0,0.33,20.9,0.67
2024-05-10,15:30,May,Summer,Inverted-V,93,219.18,33.8,34.28,80.39,0.33,64.31,0.27,17.59,0.67
2024-05-10,15:45,May,Summer,Inverted-V,93,176.91,33.63,33.06,80.78,0.26,64.62,0.22,14.25,0.67
2024-05-10,16:00,May,Summer,Inverted-V,93,134.65,33.46,31.83,81.17,0.2,64.93,0.17,10.88,0.67
2024-05-10,16:15,May,Summer,Inverted-V,93,108.59,33.09,30.8,81.49,0.16,65.19,0.14,8.8,0.67
2024-05-10,16:30,May,Summer,Inverted-V,93,82.53,32.71,29.77,81.82,0.12,65.45,0.1,6.71,0.67
2024-05-10,16:45,May,Summer,Inverted-V,93,56.47,32.34,28.75,82.14,0.08,65.71,0.07,4.6,0.67
2024-05-10,17:00,May,Summer,Inverted-V,93,30.4,31.96,27.72,82.47,0.04,65.97,0.04,2.49,0.67
2024-05-10,17:15,May,Summer,Inverted-V,93,22.8,31.56,27.13,82.65,0.03,66.12,0.03,1.87,0.67
2024-05-10,17:30,May,Summer,Inverted-V,93,15.2,31.16,26.55,82.84,0.02,66.27,0.02,1.25,0.67
2024-05-10,17:45,May,Summer,Inverted-V,93,7.6,30.77,25.96,83.02,0.01,66.42,0.01,0.62,0.67
2024-05-11,04:45,May,Summer,Inverted-V,93,5.69,26.83,21.97,84.29,0.01,67.43,0.01,0.47,0.67
2024-05-11,05:00,May,Summer,Inverted-V,93,7.59,26.79,21.98,84.28,0.01,67.43,0.01,0.63,0.67
2024-05-11,05:15,May,Summer,Inverted-V,93,38.18,27.17,23.12,83.92,0.06,67.14,0.05,3.16,0.67
2024-05-11,05:30,May,Summer,Inverted-V,93,68.77,27.55,24.26,83.56,0.1,66.85,0.08,5.68,0.67
2024-05-11,05:45,May,Summer,Inverted-V,93,99.36,27.92,25.41,83.2,0.15,66.56,0.12,8.18,0.67
2024-05-11,06:00,May,Summer,Inverted-V,93,129.95,28.3,26.55,82.84,0.19,66.27,0.16,10.66,0.67
2024-05-11,06:15,May,Summer,Inverted-V,93,184.13,28.81,28.41,82.25,0.27,65.8,0.23,15.03,0.67
2024-05-11,06:30,May,Summer,Inverted-V,93,238.32,29.31,30.27,81.66,0.35,65.33,0.3,19.35,0.67
2024-05-11,06:45,May,Summer,Inverted-V,93,292.51,29.82,32.14,81.07,0.43,64.85,0.36,23.62,0.67
2024-05-11,07:00,May,Summer,Inverted-V,93,346.7,30.33,34.0,80.48,0.52,64.38,0.43,27.84,0.67
2024-05-11,07:15,May,Summer,Inverted-V,93,397.92,30.85,35.8,79.91,0.59,63.93,0.5,31.78,0.67
2024-05-11,07:30,May,Summer,Inverted-V,93,449.13,31.38,37.6,79.34,0.67,63.47,0.56,35.68,0.67
2024-05-11,07:45,May,Summer,Inverted-V,93,500.34,31.9,39.41,78.77,0.75,63.01,0.63,39.53,0.67
2024-05-11,08:00,May,Summer,Inverted-V,93,551.56,32.42,41.21,78.2,0.83,62.56,0.69,43.34,0.67
2024-05-11,08:15,May,Summer,Inverted-V,93,580.29,32.89,42.4,77.82,0.87,62.25,0.73,45.43,0.67
2024-05-11,08:30,May,Summer,Inverted-V,93,609.02,33.37,43.59,77.44,0.92,61.95,0.77,47.51,0.67
2024-05-11,08:45,May,Summer,Inverted-V,93,637.76,33.84,44.78,77.06,0.96,61.65,0.8,49.57,0.67
2024-05-11,09:00,May,Summer,Inverted-V,93,666.49,34.31,45.97,76.69,1.0,61.35,0.84,51.6,0.67
2024-05-11,09:15,May,Summer,Inverted-V,93,684.86,34.72,46.84,76.41,1.03,61.13,0.87,52.88,0.67
2024-05-11,09:30,May,Summer,Inverted-V,93,703.23,35.12,47.71,76.14,1.06,60.91,0.89,54.15,0.67
2024-05-11,09:45,May,Summer,Inverted-V,93,721.59,35.53,48.57,75.86,1.09,60.69,0.91,55.41,0.67
2024-05-11,10:00,May,Summer,Inverted-V,93,739.96,35.94,49.44,75.59,1.12,60.47,0.94,56.67,0.67
2024-05-11,10:15,May,Summer,Inverted-V,93,776.62,36.24,50.66,75.2,1.18,60.16,0.98,59.24,0.67
2024-05-11,10:30,May,Summer,Inverted-V,93,813.28,36.54,51.87,74.82,1.23,59.86,1.03,61.79,0.67
2024-05-11,10:45,May,Summer,Inverted-V,93,849.94,36.84,53.09,74.43,1.29,59.55,1.08,64.32,0.67
2024-05-11,11:00,May,Summer,Inverted-V,93,886.59,37.14,54.3,74.05,1.35,59.24,1.13,66.83,0.67
2024-05-11,11:15,May,Summer,Inverted-V,93,872.15,37.33,54.13,74.1,1.32,59.28,1.11,65.77,0.67
2024-05-11,11:30,May,Summer,Inverted-V,93,857.7,37.52,53.96,74.16,1.3,59.33,1.09,64.72,0.67
2024-05-11,11:45,May,Summer,Inverted-V,93,843.26,37.71,53.79,74.21,1.28,59.37,1.07,63.67,0.67
2024-05-11,12:00,May,Summer,Inverted-V,93,828.81,37.9,53.62,74.27,1.26,59.41,1.05,62.61,0.67
2024-05-11,12:15,May,Summer,Inverted-V,93,821.02,37.96,53.49,74.31,1.25,59.45,1.04,62.05,0.67
2024-05-11,12:30,May,Summer,Inverted-V,93,813.22,38.03,53.36,74.35,1.23,59.48,1.03,61.49,0.67
2024-05-11,12:45,May,Summer,Inverted-V,93,805.43,38.09,53.23,74.39,1.22,59.51,1.02,60.92,0.67
2024-05-11,13:00,May,Summer,Inverted-V,93,797.63,38.16,53.1,74.43,1.21,59.54,1.01,60.36,0.67
2024-05-11,13:15,May,Summer,Inverted-V,93,721.07,38.09,51.11,75.06,1.09,60.05,0.91,54.92,0.67
2024-05-11,13:30,May,Summer,Inverted-V,93,644.51,38.02,49.13,75.69,0.97,60.55,0.82,49.4,0.67
2024-05-11,13:45,May,Summer,Inverted-V,93,567.94,37.94,47.14,76.32,0.86,61.05,0.72,43.81,0.67
2024-05-11,14:00,May,Summer,Inverted-V,93,491.38,37.87,45.15,76.95,0.74,61.56,0.62,38.14,0.67
2024-05-11,14:15,May,Summer,Inverted-V,93,441.64,37.64,43.68,77.41,0.66,61.93,0.56,34.44,0.67
2024-05-11,14:30,May,Summer,Inverted-V,93,391.89,37.41,42.21,77.88,0.59,62.3,0.49,30.7,0.67
2024-05-11,14:45,May,Summer,Inverted-V,93,342.15,37.18,40.73,78.35,0.51,62.68,0.43,26.93,0.67
2024-05-11,15:00,May,Summer,Inverted-V,93,292.41,36.95,39.26,78.81,0.44,63.05,0.37,23.12,0.67
2024-05-11,15:15,May,Summer,Inverted-V,93,256.56,36.56,37.97,79.22,0.38,63.38,0.32,20.36,0.67
2024-05-11,15:30,May,Summer,Inverted-V,93,220.71,36.17,36.69,79.63,0.33,63.7,0.28,17.58,0.67
2024-05-11,15:45,May,Summer,Inverted-V,93,184.87,35.78,35.4,80.03,0.28,64.03,0.23,14.78,0.67
2024-05-11,16:00,May,Summer,Inverted-V,93,149.02,35.39,34.12,80.44,0.22,64.35,0.19,11.96,0.67
2024-05-11,16:15,May,Summer,Inverted-V,93,120.72,34.81,32.83,80.85,0.18,64.68,0.15,9.73,0.67
2024-05-11,16:30,May,Summer,Inverted-V,93,92.42,34.23,31.55,81.26,0.14,65.0,0.11,7.48,0.67
2024-05-11,16:45,May,Summer,Inverted-V,93,64.12,33.66,30.26,81.66,0.1,65.33,0.08,5.21,0.67
2024-05-11,17:00,May,Summer,Inverted-V,93,35.82,33.08,28.98,82.07,0.05,65.66,0.04,2.92,0.67
2024-05-11,17:15,May,Summer,Inverted-V,93,26.87,32.48,28.15,82.33,0.04,65.86,0.03,2.19,0.67
2024-05-11,17:30,May,Summer,Inverted-V,93,17.91,31.88,27.32,82.59,0.03,66.07,0.02,1.47,0.67
2024-05-11,17:45,May,Summer,Inverted-V,93,8.96,31.27,26.5,82.85,0.01,66.28,0.01,0.73,0.67
2024-05-12,05:00,May,Summer,Inverted-V,93,7.02,26.6,21.78,84.35,0.01,67.48,0.01,0.58,0.67
2024-05-12,05:15,May,Summer,Inverted-V,93,37.08,26.96,22.88,84.0,0.05,67.2,0.05,3.07,0.67
2024-05-12,05:30,May,Summer,Inverted-V,93,67.15,27.31,23.99,83.65,0.1,66.92,0.08,5.55,0.67
2024-05-12,05:45,May,Summer,Inverted-V,93,97.21,27.66,25.1,83.3,0.14,66.64,0.12,8.01,0.67
2024-05-12,06:00,May,Summer,Inverted-V,93,127.28,28.02,26.2,82.95,0.19,66.36,0.16,10.45,0.67
2024-05-12,06:15,May,Summer,Inverted-V,93,175.69,28.57,27.96,82.39,0.26,65.91,0.22,14.36,0.67
2024-05-12,06:30,May,Summer,Inverted-V,93,224.11,29.12,29.73,81.83,0.33,65.46,0.28,18.22,0.67
2024-05-12,06:45,May,Summer,Inverted-V,93,272.53,29.68,31.49,81.27,0.4,65.02,0.34,22.05,0.67
2024-05-12,07:00,May,Summer,Inverted-V,93,320.94,30.23,33.25,80.71,0.48,64.57,0.4,25.83,0.67
2024-05-12,07:15,May,Summer,Inverted-V,93,373.71,30.86,35.2,80.1,0.56,64.08,0.47,29.9,0.67
2024-05-12,07:30,May,Summer,Inverted-V,93,426.48,31.48,37.15,79.48,0.64,63.59,0.53,33.93,0.67
2024-05-12,07:45,May,Summer,Inverted-V,93,479.24,32.11,39.09,78.87,0.72,63.09,0.6,37.9,0.67
2024-05-12,08:00,May,Summer,Inverted-V,93,532.01,32.74,41.04,78.25,0.8,62.6,0.67,41.83,0.67
2024-05-12,08:15,May,Summer,Inverted-V,93,568.14,33.23,42.44,77.81,0.85,62.24,0.71,44.48,0.67
2024-05-12,08:30,May,Summer,Inverted-V,93,604.27,33.73,43.84,77.36,0.91,61.89,0.76,47.1,0.67
2024-05-12,08:45,May,Summer,Inverted-V,93,640.4,34.23,45.24,76.92,0.96,61.54,0.81,49.7,0.67
2024-05-12,09:00,May,Summer,Inverted-V,93,676.53,34.72,46.63,76.48,1.02,61.18,0.85,52.27,0.67
2024-05-12,09:15,May,Summer,Inverted-V,93,699.02,35.11,47.58,76.18,1.06,60.94,0.88,53.85,0.67
2024-05-12,09:30,May,Summer,Inverted-V,93,721.52,35.5,48.53,75.88,1.09,60.7,0.91,55.41,0.67
2024-05-12,09:45,May,Summer,Inverted-V,93,744.01,35.88,49.48,75.58,1.13,60.46,0.94,56.97,0.67
2024-05-12,10:00,May,Summer,Inverted-V,93,766.5,36.27,50.43,75.27,1.16,60.22,0.97,58.51,0.67
2024-05-12,10:15,May,Summer,Inverted-V,93,769.58,36.56,50.8,75.16,1.17,60.13,0.98,58.68,0.67
2024-05-12,10:30,May,Summer,Inverted-V,93,772.65,36.85,51.17,75.04,1.17,60.03,0.98,58.84,0.67
2024-05-12,10:45,May,Summer,Inverted-V,93,775.73,37.14,51.53,74.93,1.18,59.94,0.98,59.0,0.67
2024-05-12,11:00,May,Summer,Inverted-V,93,778.81,37.43,51.9,74.81,1.18,59.85,0.99,59.17,0.67
2024-05-12,11:15,May,Summer,Inverted-V,93,790.35,37.61,52.37,74.66,1.2,59.73,1.0,59.95,0.67
2024-05-12,11:30,May,Summer,Inverted-V,93,801.88,37.79,52.84,74.51,1.22,59.61,1.02,60.73,0.67
2024-05-12,11:45,May,Summer,Inverted-V,93,813.42,37.97,53.31,74.37,1.23,59.49,1.03,61.51,0.67
2024-05-12,12:00,May,Summer,Inverted-V,93,824.96,38.15,53.77,74.22,1.25,59.37,1.05,62.29,0.67
2024-05-12,12:15,May,Summer,Inverted-V,93,764.18,38.21,52.31,74.68,1.16,59.74,0.97,57.98,0.67
2024-05-12,12:30,May,Summer,Inverted-V,93,703.4,38.27,50.86,75.14,1.07,60.11,0.89,53.62,0.67
2024-05-12,12:45,May,Summer,Inverted-V,93,642.63,38.33,49.4,75.6,0.97,60.48,0.81,49.22,0.67
2024-05-12,13:00,May,Summer,Inverted-V,93,581.85,38.39,47.94,76.07,0.88,60.85,0.74,44.77,0.67
2024-05-12,13:15,May,Summer,Inverted-V,93,547.05,38.31,46.99,76.36,0.83,61.09,0.69,42.22,0.67
2024-05-12,13:30,May,Summer,Inverted-V,93,512.24,38.24,46.05,76.66,0.77,61.33,0.65,39.65,0.67
2024-05-12,13:45,May,Summer,Inverted-V,93,477.44,38.17,45.1,76.96,0.72,61.57,0.6,37.07,0.67
2024-05-12,14:00,May,Summer,Inverted-V,93,442.64,38.09,44.16,77.26,0.67,61.81,0.56,34.47,0.67
2024-05-12,14:15,May,Summer,Inverted-V,93,404.88,37.86,42.98,77.63,0.61,62.11,0.51,31.64,0.67
2024-05-12,14:30,May,Summer,Inverted-V,93,367.12,37.63,41.81,78.01,0.55,62.4,0.46,28.8,0.67
2024-05-12,14:45,May,Summer,Inverted-V,93,329.36,37.4,40.63,78.38,0.49,62.7,0.41,25.93,0.67
2024-05-12,15:00,May,Summer,Inverted-V,93,291.6,37.17,39.46,78.75,0.44,63.0,0.37,23.04,0.67
2024-05-12,15:15,May,Summer,Inverted-V,93,258.88,36.73,38.2,79.15,0.39,63.32,0.32,20.53,0.67
2024-05-12,15:30,May,Summer,Inverted-V,93,226.15,36.3,36.95,79.54,0.34,63.64,0.28,18.0,0.67
2024-05-12,15:45,May,Summer,Inverted-V,93,193.43,35.86,35.69,79.94,0.29,63.95,0.24,15.46,0.67
2024-05-12,16:00,May,Summer,Inverted-V,93,160.7,35.42,34.44,80.34,0.24,64.27,0.2,12.89,0.67
2024-05-12,16:15,May,Summer,Inverted-V,93,129.21,34.88,33.11,80.76,0.19,64.61,0.16,10.4,0.67
2024-05-12,16:30,May,Summer,Inverted-V,93,97.71,34.34,31.78,81.18,0.15,64.95,0.12,7.9,0.67
2024-05-12,16:45,May,Summer,Inverted-V,93,66.22,33.79,30.45,81.6,0.1,65.28,0.08,5.37,0.67
2024-05-12,17:00,May,Summer,Inverted-V,93,34.72,33.25,29.12,82.02,0.05,65.62,0.04,2.83,0.67
2024-05-12,17:15,May,Summer,Inverted-V,93,26.04,32.74,28.39,82.26,0.04,65.8,0.03,2.13,0.67
2024-05-12,17:30,May,Summer,Inverted-V,93,17.36,32.23,27.66,82.49,0.03,65.99,0.02,1.42,0.67
2024-05-12,17:45,May,Summer,Inverted-V,93,8.68,31.71,26.93,82.72,0.01,66.17,0.01,0.71,0.67
2024-05-13,04:45,May,Summer,Inverted-V,93,5.44,27.31,22.45,84.14,0.01,67.31,0.01,0.45,0.67
2024-05-13,05:00,May,Summer,Inverted-V,93,7.26,27.31,22.49,84.12,0.01,67.3,0.01,0.6,0.67
2024-05-13,05:15,May,Summer,Inverted-V,93,38.99,27.45,23.43,83.83,0.06,67.06,0.05,3.23,0.67
2024-05-13,05:30,May,Summer,Inverted-V,93,70.72,27.59,24.36,83.53,0.1,66.82,0.09,5.84,0.67
2024-05-13,05:45,May,Summer,Inverted-V,93,102.46,27.74,25.3,83.23,0.15,66.59,0.13,8.44,0.67
2024-05-13,06:00,May,Summer,Inverted-V,93,134.19,27.88,26.23,82.94,0.2,66.35,0.17,11.02,0.67
2024-05-13,06:15,May,Summer,Inverted-V,93,192.31,28.09,27.9,82.41,0.28,65.93,0.24,15.72,0.67
2024-05-13,06:30,May,Summer,Inverted-V,93,250.43,28.31,29.57,81.88,0.37,65.5,0.31,20.37,0.67
2024-05-13,06:45,May,Summer,Inverted-V,93,308.54,28.52,31.24,81.35,0.46,65.08,0.38,24.98,0.67
2024-05-13,07:00,May,Summer,Inverted-V,93,366.66,28.74,32.91,80.82,0.55,64.66,0.46,29.54,0.67
2024-05-13,07:15,May,Summer,Inverted-V,93,426.16,28.98,34.63,80.28,0.64,64.22,0.53,34.16,0.67
2024-05-13,07:30,May,Summer,Inverted-V,93,485.67,29.21,36.36,79.73,0.72,63.79,0.61,38.73,0.67
2024-05-13,07:45,May,Summer,Inverted-V,93,545.17,29.45,38.08,79.19,0.82,63.35,0.68,43.25,0.67
2024-05-13,08:00,May,Summer,Inverted-V,93,604.67,29.69,39.81,78.64,0.91,62.91,0.76,47.72,0.67
2024-05-13,08:15,May,Summer,Inverted-V,93,629.53,29.85,40.59,78.39,0.94,62.71,0.79,49.56,0.67
2024-05-13,08:30,May,Summer,Inverted-V,93,654.4,30.01,41.36,78.15,0.98,62.52,0.82,51.4,0.67
2024-05-13,08:45,May,Summer,Inverted-V,93,679.26,30.16,42.14,77.9,1.02,62.32,0.85,53.23,0.67
2024-05-13,09:00,May,Summer,Inverted-V,93,704.13,30.32,42.92,77.65,1.06,62.12,0.89,55.04,0.67
2024-05-13,09:15,May,Summer,Inverted-V,93,730.14,30.45,43.7,77.41,1.1,61.93,0.92,56.94,0.67
2024-05-13,09:30,May,Summer,Inverted-V,93,756.15,30.57,44.47,77.16,1.14,61.73,0.95,58.82,0.67
2024-05-13,09:45,May,Summer,Inverted-V,93,782.15,30.7,45.25,76.92,1.18,61.53,0.99,60.7,0.67
2024-05-13,10:00,May,Summer,Inverted-V,93,808.16,30.82,46.02,76.67,1.22,61.34,1.02,62.56,0.67
2024-05-13,10:15,May,Summer,Inverted-V,93,794.84,30.91,45.78,76.75,1.2,61.4,1.0,61.58,0.67
2024-05-13,10:30,May,Summer,Inverted-V,93,781.53,31.01,45.54,76.82,1.18,61.46,0.99,60.59,0.67
2024-05-13,10:45,May,Summer,Inverted-V,93,768.21,31.1,45.3,76.9,1.16,61.52,0.97,59.61,0.67
2024-05-13,11:00,May,Summer,Inverted-V,93,754.89,31.19,45.06,76.98,1.14,61.58,0.95,58.62,0.67
2024-05-13,11:15,May,Summer,Inverted-V,93,753.07,31.23,45.05,76.98,1.13,61.58,0.95,58.48,0.67
2024-05-13,11:30,May,Summer,Inverted-V,93,751.26,31.27,45.05,76.98,1.13,61.58,0.95,58.34,0.67
2024-05-13,11:45,May,Summer,Inverted-V,93,749.44,31.3,45.04,76.98,1.13,61.59,0.94,58.2,0.67
2024-05-13,12:00,May,Summer,Inverted-V,93,747.63,31.34,45.03,76.99,1.13,61.59,0.94,58.06,0.67
2024-05-13,12:15,May,Summer,Inverted-V,93,682.85,31.3,43.37,77.51,1.03,62.01,0.86,53.3,0.67
2024-05-13,12:30,May,Summer,Inverted-V,93,618.07,31.25,41.7,78.04,0.93,62.43,0.78,48.5,0.67
2024-05-13,12:45,May,Summer,Inverted-V,93,553.29,31.2,40.04,78.57,0.83,62.85,0.69,43.64,0.67
2024-05-13,13:00,May,Summer,Inverted-V,93,488.52,31.16,38.37,79.09,0.73,63.27,0.61,38.72,0.67
2024-05-13,13:15,May,Summer,Inverted-V,93,395.04,31.03,35.91,79.87,0.59,63.9,0.49,31.54,0.67
2024-05-13,13:30,May,Summer,Inverted-V,93,301.56,30.91,33.44,80.65,0.45,64.52,0.38,24.26,0.67
2024-05-13,13:45,May,Summer,Inverted-V,93,208.09,30.78,30.98,81.43,0.31,65.15,0.26,16.86,0.67
2024-05-13,14:00,May,Summer,Inverted-V,93,114.61,30.65,28.52,82.21,0.17,65.77,0.14,9.35,0.67
2024-05-13,14:15,May,Summer,Inverted-V,93,95.28,30.52,27.9,82.41,0.14,65.93,0.12,7.79,0.67
2024-05-13,14:30,May,Summer,Inverted-V,93,75.95,30.39,27.29,82.6,0.11,66.08,0.09,6.22,0.67
2024-05-13,14:45,May,Summer,Inverted-V,93,56.62,30.26,26.68,82.8,0.08,66.24,0.07,4.64,0.67
2024-05-13,15:00,May,Summer,Inverted-V,93,37.29,30.13,26.06,82.99,0.06,66.39,0.05,3.06,0.67
2024-05-13,15:15,May,Summer,Inverted-V,93,33.54,29.98,25.82,83.07,0.05,66.46,0.04,2.76,0.67
2024-05-13,15:30,May,Summer,Inverted-V,93,29.8,29.83,25.57,83.15,0.04,66.52,0.04,2.45,0.67
2024-05-13,15:45,May,Summer,Inverted-V,93,26.05,29.68,25.33,83.22,0.04,66.58,0.03,2.14,0.67
2024-05-13,16:00,May,Summer,Inverted-V,93,22.3,29.53,25.09,83.3,0.03,66.64,0.03,1.84,0.67
2024-05-13,16:15,May,Summer,Inverted-V,93,18.41,29.33,24.79,83.4,0.03,66.72,0.02,1.52,0.67
2024-05-13,16:30,May,Summer,Inverted-V,93,14.53,29.12,24.49,83.49,0.02,66.79,0.02,1.2,0.67
2024-05-13,16:45,May,Summer,Inverted-V,93,10.64,28.92,24.19,83.58,0.02,66.87,0.01,0.88,0.67
2024-05-13,17:00,May,Summer,Inverted-V,93,6.75,28.72,23.89,83.68,0.01,66.94,0.01,0.56,0.67
2024-05-14,04:45,May,Summer,Inverted-V,93,6.03,26.25,21.41,84.47,0.01,67.57,0.01,0.5,0.67
2024-05-14,05:00,May,Summer,Inverted-V,93,8.05,26.25,21.45,84.45,0.01,67.56,0.01,0.67,0.67
2024-05-14,05:15,May,Summer,Inverted-V,93,37.71,26.45,22.4,84.15,0.06,67.32,0.05,3.13,0.67
2024-05-14,05:30,May,Summer,Inverted-V,93,67.38,26.66,23.34,83.85,0.1,67.08,0.08,5.58,0.67
2024-05-14,05:45,May,Summer,Inverted-V,93,97.04,26.86,24.28,83.55,0.14,66.84,0.12,8.01,0.67
2024-05-14,06:00,May,Summer,Inverted-V,93,126.71,27.06,25.23,83.26,0.19,66.6,0.16,10.43,0.67
2024-05-14,06:15,May,Summer,Inverted-V,93,175.29,27.42,26.8,82.76,0.26,66.21,0.22,14.37,0.67
2024-05-14,06:30,May,Summer,Inverted-V,93,223.87,27.78,28.38,82.26,0.33,65.81,0.28,18.27,0.67
2024-05-14,06:45,May,Summer,Inverted-V,93,272.45,28.14,29.95,81.76,0.4,65.41,0.34,22.14,0.67
2024-05-14,07:00,May,Summer,Inverted-V,93,321.03,28.5,31.53,81.26,0.48,65.01,0.4,25.97,0.67
2024-05-14,07:15,May,Summer,Inverted-V,93,369.41,28.87,33.1,80.76,0.55,64.61,0.46,29.74,0.67
2024-05-14,07:30,May,Summer,Inverted-V,93,417.78,29.23,34.68,80.26,0.62,64.21,0.52,33.48,0.67
2024-05-14,07:45,May,Summer,Inverted-V,93,466.16,29.6,36.26,79.76,0.7,63.81,0.58,37.18,0.67
2024-05-14,08:00,May,Summer,Inverted-V,93,514.53,29.97,37.83,79.26,0.77,63.41,0.64,40.85,0.67
2024-05-14,08:15,May,Summer,Inverted-V,93,559.19,30.31,39.29,78.8,0.84,63.04,0.7,44.2,0.67
2024-05-14,08:30,May,Summer,Inverted-V,93,603.86,30.66,40.75,78.34,0.91,62.67,0.76,47.52,0.67
2024-05-14,08:45,May,Summer,Inverted-V,93,648.52,31.0,42.21,77.88,0.97,62.3,0.82,50.81,0.67
2024-05-14,09:00,May,Summer,Inverted-V,93,693.18,31.34,43.67,77.42,1.04,61.93,0.87,54.06,0.67
2024-05-14,09:15,May,Summer,Inverted-V,93,723.61,31.62,44.71,77.09,1.09,61.67,0.91,56.25,0.67
2024-05-14,09:30,May,Summer,Inverted-V,93,754.05,31.91,45.76,76.76,1.14,61.4,0.95,58.42,0.67
2024-05-14,09:45,May,Summer,Inverted-V,93,784.48,32.19,46.8,76.43,1.18,61.14,0.99,60.58,0.67
2024-05-14,10:00,May,Summer,Inverted-V,93,814.91,32.47,47.84,76.09,1.23,60.88,1.03,62.72,0.67
2024-05-14,10:15,May,Summer,Inverted-V,93,828.27,32.7,48.4,75.92,1.25,60.73,1.05,63.64,0.67
2024-05-14,10:30,May,Summer,Inverted-V,93,841.63,32.92,48.97,75.74,1.27,60.59,1.07,64.55,0.67
2024-05-14,10:45,May,Summer,Inverted-V,93,854.99,33.15,49.53,75.56,1.29,60.45,1.08,65.46,0.67
2024-05-14,11:00,May,Summer,Inverted-V,93,868.35,33.38,50.09,75.38,1.31,60.31,1.1,66.36,0.67
2024-05-14,11:15,May,Summer,Inverted-V,93,835.55,33.49,49.38,75.61,1.26,60.49,1.06,64.0,0.67
2024-05-14,11:30,May,Summer,Inverted-V,93,802.75,33.61,48.67,75.83,1.21,60.67,1.02,61.62,0.67
2024-05-14,11:45,May,Summer,Inverted-V,93,769.95,33.72,47.97,76.06,1.16,60.84,0.97,59.24,0.67
2024-05-14,12:00,May,Summer,Inverted-V,93,737.15,33.83,47.26,76.28,1.11,61.02,0.93,56.84,0.67
2024-05-14,12:15,May,Summer,Inverted-V,93,693.6,33.83,46.17,76.63,1.05,61.3,0.88,53.67,0.67
2024-05-14,12:30,May,Summer,Inverted-V,93,650.05,33.82,45.07,76.97,0.98,61.58,0.82,50.47,0.67
2024-05-14,12:45,May,Summer,Inverted-V,93,606.5,33.81,43.98,77.32,0.91,61.86,0.76,47.25,0.67
2024-05-14,13:00,May,Summer,Inverted-V,93,562.95,33.81,42.88,77.67,0.85,62.13,0.71,44.01,0.67
2024-05-14,13:15,May,Summer,Inverted-V,93,531.18,33.68,41.96,77.96,0.8,62.37,0.67,41.64,0.67
2024-05-14,13:30,May,Summer,Inverted-V,93,499.41,33.55,41.04,78.25,0.75,62.6,0.63,39.27,0.67
2024-05-14,13:45,May,Summer,Inverted-V,93,467.64,33.43,40.12,78.54,0.7,62.83,0.59,36.87,0.67
2024-05-14,14:00,May,Summer,Inverted-V,93,435.87,33.3,39.2,78.83,0.65,63.07,0.55,34.46,0.67
2024-05-14,14:15,May,Summer,Inverted-V,93,358.0,33.06,37.01,79.53,0.53,63.62,0.45,28.49,0.67
2024-05-14,14:30,May,Summer,Inverted-V,93,280.14,32.82,34.82,80.22,0.42,64.17,0.35,22.44,0.67
2024-05-14,14:45,May,Summer,Inverted-V,93,202.28,32.58,32.64,80.91,0.3,64.73,0.25,16.31,0.67
2024-05-14,15:00,May,Summer,Inverted-V,93,124.42,32.34,30.45,81.6,0.18,65.28,0.15,10.09,0.67
2024-05-14,15:15,May,Summer,Inverted-V,93,109.34,32.05,29.78,81.81,0.16,65.45,0.14,8.89,0.67
2024-05-14,15:30,May,Summer,Inverted-V,93,94.26,31.76,29.12,82.02,0.14,65.62,0.12,7.68,0.67
2024-05-14,15:45,May,Summer,Inverted-V,93,79.18,31.47,28.45,82.24,0.12,65.79,0.1,6.46,0.67
2024-05-14,16:00,May,Summer,Inverted-V,93,64.1,31.18,27.78,82.45,0.09,65.96,0.08,5.24,0.67
2024-05-14,16:15,May,Summer,Inverted-V,93,51.8,30.88,27.17,82.64,0.08,66.11,0.06,4.24,0.67
2024-05-14,16:30,May,Summer,Inverted-V,93,39.5,30.57,26.56,82.83,0.06,66.27,0.05,3.24,0.67
2024-05-14,16:45,May,Summer,Inverted-V,93,27.2,30.27,25.95,83.03,0.04,66.42,0.03,2.24,0.67
2024-05-14,17:00,May,Summer,Inverted-V,93,14.9,29.96,25.33,83.22,0.02,66.58,0.02,1.23,0.67
2024-05-14,17:15,May,Summer,Inverted-V,93,11.18,29.71,24.98,83.33,0.02,66.67,0.01,0.92,0.67
2024-05-14,17:30,May,Summer,Inverted-V,93,7.45,29.45,24.64,83.44,0.01,66.75,0.01,0.61,0.67
2024-05-15,05:00,May,Summer,Inverted-V,93,5.48,25.68,20.82,84.65,0.01,67.72,0.01,0.46,0.67
2024-05-15,05:15,May,Summer,Inverted-V,93,26.14,25.98,21.64,84.39,0.04,67.51,0.03,2.17,0.67
2024-05-15,05:30,May,Summer,Inverted-V,93,46.81,26.29,22.46,84.13,0.07,67.31,0.06,3.88,0.67
2024-05-15,05:45,May,Summer,Inverted-V,93,67.48,26.59,23.27,83.87,0.1,67.1,0.08,5.59,0.67
2024-05-15,06:00,May,Summer,Inverted-V,93,88.15,26.89,24.09,83.61,0.13,66.89,0.11,7.28,0.67
2024-05-15,06:15,May,Summer,Inverted-V,93,126.07,27.38,25.53,83.16,0.19,66.53,0.16,10.37,0.67
2024-05-15,06:30,May,Summer,Inverted-V,93,163.99,27.87,26.96,82.71,0.24,66.16,0.2,13.44,0.67
2024-05-15,06:45,May,Summer,Inverted-V,93,201.91,28.35,28.4,82.25,0.3,65.8,0.25,16.48,0.67
2024-05-15,07:00,May,Summer,Inverted-V,93,239.84,28.84,29.84,81.8,0.36,65.44,0.3,19.49,0.67
2024-05-15,07:15,May,Summer,Inverted-V,93,276.14,29.31,31.22,81.36,0.41,65.09,0.34,22.36,0.67
2024-05-15,07:30,May,Summer,Inverted-V,93,312.44,29.79,32.6,80.92,0.46,64.74,0.39,25.19,0.67
2024-05-15,07:45,May,Summer,Inverted-V,93,348.74,30.27,33.98,80.48,0.52,64.39,0.43,28.01,0.67
2024-05-15,08:00,May,Summer,Inverted-V,93,385.04,30.74,35.37,80.05,0.57,64.04,0.48,30.8,0.67
2024-05-15,08:15,May,Summer,Inverted-V,93,429.41,31.14,36.87,79.57,0.64,63.65,0.54,34.19,0.67
2024-05-15,08:30,May,Summer,Inverted-V,93,473.77,31.53,38.38,79.09,0.71,63.27,0.59,37.55,0.67
2024-05-15,08:45,May,Summer,Inverted-V,93,518.13,31.93,39.89,78.61,0.78,62.89,0.65,40.88,0.67
2024-05-15,09:00,May,Summer,Inverted-V,93,562.5,32.33,41.39,78.14,0.84,62.51,0.71,44.18,0.67
2024-05-15,09:15,May,Summer,Inverted-V,93,617.21,32.66,43.09,77.6,0.93,62.08,0.78,48.22,0.67
2024-05-15,09:30,May,Summer,Inverted-V,93,671.92,32.99,44.79,77.06,1.01,61.65,0.85,52.22,0.67
2024-05-15,09:45,May,Summer,Inverted-V,93,726.63,33.33,46.49,76.52,1.1,61.22,0.92,56.17,0.67
2024-05-15,10:00,May,Summer,Inverted-V,93,781.35,33.66,48.19,75.98,1.18,60.79,0.99,60.07,0.67
2024-05-15,10:15,May,Summer,Inverted-V,93,803.59,33.9,48.99,75.73,1.21,60.59,1.02,61.63,0.67
2024-05-15,10:30,May,Summer,Inverted-V,93,825.83,34.13,49.78,75.48,1.25,60.38,1.05,63.17,0.67
2024-05-15,10:45,May,Summer,Inverted-V,93,848.08,34.37,50.57,75.23,1.28,60.18,1.08,64.71,0.67
2024-05-15,11:00,May,Summer,Inverted-V,93,870.32,34.61,51.37,74.98,1.32,59.98,1.1,66.23,0.67
2024-05-15,11:15,May,Summer,Inverted-V,93,831.36,34.71,50.49,75.26,1.26,60.2,1.05,63.45,0.67
2024-05-15,11:30,May,Summer,Inverted-V,93,792.4,34.81,49.62,75.53,1.2,60.43,1.0,60.65,0.67
2024-05-15,11:45,May,Summer,Inverted-V,93,753.44,34.91,48.75,75.81,1.14,60.65,0.95,57.83,0.67
2024-05-15,12:00,May,Summer,Inverted-V,93,714.47,35.01,47.87,76.09,1.08,60.87,0.9,54.99,0.67
2024-05-15,12:15,May,Summer,Inverted-V,93,634.52,34.99,45.86,76.72,0.96,61.38,0.8,49.15,0.67
2024-05-15,12:30,May,Summer,Inverted-V,93,554.56,34.98,43.84,77.36,0.83,61.89,0.7,43.23,0.67
2024-05-15,12:45,May,Summer,Inverted-V,93,474.61,34.97,41.83,78.0,0.71,62.4,0.6,37.22,0.67
2024-05-15,13:00,May,Summer,Inverted-V,93,394.65,34.95,39.82,78.64,0.59,62.91,0.5,31.15,0.67
2024-05-15,13:15,May,Summer,Inverted-V,93,350.93,34.8,38.58,79.03,0.53,63.22,0.44,27.8,0.67
2024-05-15,13:30,May,Summer,Inverted-V,93,307.21,34.66,37.34,79.42,0.46,63.54,0.38,24.43,0.67
2024-05-15,13:45,May,Summer,Inverted-V,93,263.48,34.51,36.09,79.81,0.39,63.85,0.33,21.03,0.67
2024-05-15,14:00,May,Summer,Inverted-V,93,219.76,34.36,34.85,80.21,0.33,64.17,0.27,17.6,0.67
2024-05-15,14:15,May,Summer,Inverted-V,93,190.96,34.15,33.93,80.5,0.28,64.4,0.24,15.34,0.67
2024-05-15,14:30,May,Summer,Inverted-V,93,162.16,33.95,33.0,80.8,0.24,64.64,0.2,13.06,0.67
2024-05-15,14:45,May,Summer,Inverted-V,93,133.36,33.74,32.07,81.09,0.2,64.87,0.17,10.77,0.67
2024-05-15,15:00,May,Summer,Inverted-V,93,104.57,33.53,31.14,81.38,0.16,65.11,0.13,8.47,0.67
2024-05-15,15:15,May,Summer,Inverted-V,93,99.15,33.26,30.74,81.51,0.15,65.21,0.12,8.04,0.67
2024-05-15,15:30,May,Summer,Inverted-V,93,93.74,32.98,30.33,81.64,0.14,65.31,0.12,7.61,0.67
2024-05-15,15:45,May,Summer,Inverted-V,93,88.33,32.71,29.92,81.77,0.13,65.42,0.11,7.18,0.67
2024-05-15,16:00,May,Summer,Inverted-V,93,82.92,32.44,29.51,81.9,0.12,65.52,0.1,6.75,0.67
2024-05-15,16:15,May,Summer,Inverted-V,93,65.76,32.08,28.73,82.15,0.1,65.72,0.08,5.36,0.67
2024-05-15,16:30,May,Summer,Inverted-V,93,48.59,31.73,27.94,82.4,0.07,65.92,0.06,3.97,0.67
2024-05-15,16:45,May,Summer,Inverted-V,93,31.42,31.37,27.15,82.65,0.05,66.12,0.04,2.57,0.67
2024-05-15,17:00,May,Summer,Inverted-V,93,14.26,31.01,26.37,82.9,0.02,66.32,0.02,1.17,0.67
2024-05-15,17:15,May,Summer,Inverted-V,93,10.69,30.63,25.9,83.04,0.02,66.43,0.01,0.88,0.67
2024-05-15,17:30,May,Summer,Inverted-V,93,7.13,30.26,25.43,83.19,0.01,66.55,0.01,0.59,0.67
2024-05-16,05:15,May,Summer,Inverted-V,93,24.94,26.61,22.23,84.2,0.04,67.36,0.03,2.07,0.67
2024-05-16,05:30,May,Summer,Inverted-V,93,45.21,26.8,22.94,83.98,0.07,67.19,0.06,3.75,0.67
2024-05-16,05:45,May,Summer,Inverted-V,93,65.48,27.0,23.64,83.76,0.1,67.01,0.08,5.42,0.67
2024-05-16,06:00,May,Summer,Inverted-V,93,85.75,27.2,24.34,83.54,0.13,66.83,0.11,7.08,0.67
2024-05-16,06:15,May,Summer,Inverted-V,93,114.06,27.57,25.43,83.19,0.17,66.55,0.14,9.39,0.67
2024-05-16,06:30,May,Summer,Inverted-V,93,142.37,27.95,26.51,82.85,0.21,66.28,0.18,11.68,0.67
2024-05-16,06:45,May,Summer,Inverted-V,93,170.68,28.32,27.59,82.51,0.25,66.01,0.21,13.96,0.67
2024-05-16,07:00,May,Summer,Inverted-V,93,198.99,28.7,28.67,82.16,0.29,65.73,0.25,16.23,0.67
2024-05-16,07:15,May,Summer,Inverted-V,93,230.35,28.95,29.71,81.84,0.34,65.47,0.29,18.73,0.67
2024-05-16,07:30,May,Summer,Inverted-V,93,261.71,29.2,30.74,81.51,0.39,65.21,0.33,21.22,0.67
2024-05-16,07:45,May,Summer,Inverted-V,93,293.07,29.44,31.77,81.18,0.44,64.95,0.36,23.69,0.67
2024-05-16,08:00,May,Summer,Inverted-V,93,324.43,29.69,32.8,80.86,0.48,64.69,0.4,26.14,0.67
2024-05-16,08:15,May,Summer,Inverted-V,93,353.12,29.94,33.77,80.55,0.53,64.44,0.44,28.38,0.67
2024-05-16,08:30,May,Summer,Inverted-V,93,381.82,30.19,34.74,80.25,0.57,64.2,0.48,30.59,0.67
2024-05-16,08:45,May,Summer,Inverted-V,93,410.51,30.44,35.7,79.94,0.61,63.95,0.51,32.8,0.67
2024-05-16,09:00,May,Summer,Inverted-V,93,439.2,30.69,36.67,79.63,0.66,63.71,0.55,34.99,0.67
2024-05-16,09:15,May,Summer,Inverted-V,93,466.12,30.95,37.6,79.34,0.7,63.47,0.58,37.03,0.67
2024-05-16,09:30,May,Summer,Inverted-V,93,493.03,31.21,38.54,79.04,0.74,63.23,0.62,39.06,0.67
2024-05-16,09:45,May,Summer,Inverted-V,93,519.94,31.47,39.47,78.75,0.78,63.0,0.65,41.08,0.67
2024-05-16,10:00,May,Summer,Inverted-V,93,546.86,31.73,40.4,78.45,0.82,62.76,0.69,43.08,0.67
2024-05-16,10:15,May,Summer,Inverted-V,93,541.34,31.96,40.49,78.42,0.81,62.74,0.68,42.63,0.67
2024-05-16,10:30,May,Summer,Inverted-V,93,535.83,32.19,40.58,78.39,0.8,62.72,0.67,42.19,0.67
2024-05-16,10:45,May,Summer,Inverted-V,93,530.31,32.41,40.67,78.37,0.8,62.69,0.67,41.74,0.67
2024-05-16,11:00,May,Summer,Inverted-V,93,524.79,32.64,40.76,78.34,0.79,62.67,0.66,41.3,0.67
2024-05-16,11:15,May,Summer,Inverted-V,93,536.2,32.79,41.19,78.2,0.8,62.56,0.67,42.14,0.67
2024-05-16,11:30,May,Summer,Inverted-V,93,547.6,32.94,41.63,78.06,0.82,62.45,0.69,42.98,0.67
2024-05-16,11:45,May,Summer,Inverted-V,93,559.0,33.09,42.06,77.92,0.84,62.34,0.7,43.81,0.67
2024-05-16,12:00,May,Summer,Inverted-V,93,570.4,33.24,42.5,77.79,0.86,62.23,0.72,44.65,0.67
2024-05-16,12:15,May,Summer,Inverted-V,93,554.2,33.27,42.12,77.91,0.83,62.32,0.7,43.43,0.67
2024-05-16,12:30,May,Summer,Inverted-V,93,538.0,33.3,41.75,78.03,0.81,62.42,0.68,42.21,0.67
2024-05-16,12:45,May,Summer,Inverted-V,93,521.8,33.32,41.37,78.15,0.78,62.52,0.66,40.98,0.67
2024-05-16,13:00,May,Summer,Inverted-V,93,505.6,33.35,40.99,78.26,0.76,62.61,0.63,39.76,0.67
2024-05-16,13:15,May,Summer,Inverted-V,93,488.35,33.3,40.51,78.42,0.73,62.73,0.61,38.46,0.67
2024-05-16,13:30,May,Summer,Inverted-V,93,471.11,33.26,40.04,78.57,0.71,62.85,0.59,37.15,0.67
2024-05-16,13:45,May,Summer,Inverted-V,93,453.86,33.22,39.56,78.72,0.68,62.97,0.57,35.85,0.67
2024-05-16,14:00,May,Summer,Inverted-V,93,436.61,33.17,39.09,78.87,0.65,63.09,0.55,34.53,0.67
2024-05-16,14:15,May,Summer,Inverted-V,93,404.66,33.03,38.15,79.16,0.61,63.33,0.51,32.1,0.67
2024-05-16,14:30,May,Summer,Inverted-V,93,372.7,32.89,37.21,79.46,0.56,63.57,0.47,29.64,0.67
2024-05-16,14:45,May,Summer,Inverted-V,93,340.75,32.76,36.28,79.76,0.51,63.81,0.43,27.18,0.67
2024-05-16,15:00,May,Summer,Inverted-V,93,308.79,32.62,35.34,80.05,0.46,64.04,0.39,24.7,0.67
2024-05-16,15:15,May,Summer,Inverted-V,93,268.85,32.44,34.16,80.43,0.4,64.34,0.34,21.58,0.67
2024-05-16,15:30,May,Summer,Inverted-V,93,228.91,32.27,32.99,80.8,0.34,64.64,0.29,18.44,0.67
2024-05-16,15:45,May,Summer,Inverted-V,93,188.96,32.09,31.81,81.17,0.28,64.94,0.24,15.27,0.67
2024-05-16,16:00,May,Summer,Inverted-V,93,149.02,31.91,30.64,81.54,0.22,65.23,0.19,12.08,0.67
2024-05-16,16:15,May,Summer,Inverted-V,93,120.05,31.57,29.58,81.88,0.18,65.5,0.15,9.77,0.67
2024-05-16,16:30,May,Summer,Inverted-V,93,91.09,31.24,28.52,82.21,0.13,65.77,0.11,7.43,0.67
2024-05-16,16:45,May,Summer,Inverted-V,93,62.12,30.91,27.46,82.55,0.09,66.04,0.08,5.08,0.67
2024-05-16,17:00,May,Summer,Inverted-V,93,33.16,30.57,26.4,82.89,0.05,66.31,0.04,2.72,0.67
2024-05-16,17:15,May,Summer,Inverted-V,93,24.87,30.19,25.81,83.07,0.04,66.46,0.03,2.04,0.67
2024-05-16,17:30,May,Summer,Inverted-V,93,16.58,29.8,25.22,83.26,0.02,66.61,0.02,1.37,0.67
2024-05-16,17:45,May,Summer,Inverted-V,93,8.29,29.42,24.63,83.45,0.01,66.76,0.01,0.68,0.67
2024-05-17,05:00,May,Summer,Inverted-V,93,6.94,25.83,21.0,84.59,0.01,67.67,0.01,0.58,0.67
2024-05-17,05:15,May,Summer,Inverted-V,93,27.8,25.95,21.65,84.39,0.04,67.51,0.03,2.31,0.67
2024-05-17,05:30,May,Summer,Inverted-V,93,48.66,26.07,22.29,84.19,0.07,67.35,0.06,4.04,0.67
2024-05-17,05:45,May,Summer,Inverted-V,93,69.52,26.2,22.94,83.98,0.1,67.19,0.09,5.76,0.67
2024-05-17,06:00,May,Summer,Inverted-V,93,90.37,26.32,23.58,83.78,0.13,67.02,0.11,7.48,0.67
2024-05-17,06:15,May,Summer,Inverted-V,93,126.55,26.62,24.78,83.4,0.19,66.72,0.16,10.43,0.67
2024-05-17,06:30,May,Summer,Inverted-V,93,162.73,26.92,25.99,83.02,0.24,66.41,0.2,13.37,0.67
2024-05-17,06:45,May,Summer,Inverted-V,93,198.91,27.22,27.19,82.63,0.29,66.11,0.25,16.29,0.67
2024-05-17,07:00,May,Summer,Inverted-V,93,235.09,27.52,28.4,82.25,0.35,65.8,0.29,19.19,0.67
2024-05-17,07:15,May,Summer,Inverted-V,93,272.62,27.87,29.68,81.85,0.4,65.48,0.34,22.17,0.67
2024-05-17,07:30,May,Summer,Inverted-V,93,310.14,28.21,30.97,81.44,0.46,65.15,0.39,25.13,0.67
2024-05-17,07:45,May,Summer,Inverted-V,93,347.66,28.56,32.25,81.03,0.52,64.82,0.43,28.06,0.67
2024-05-17,08:00,May,Summer,Inverted-V,93,385.18,28.91,33.54,80.62,0.57,64.5,0.48,30.97,0.67
2024-05-17,08:15,May,Summer,Inverted-V,93,409.01,29.19,34.41,80.35,0.61,64.28,0.51,32.8,0.67
2024-05-17,08:30,May,Summer,Inverted-V,93,432.84,29.46,35.29,80.07,0.65,64.06,0.54,34.63,0.67
2024-05-17,08:45,May,Summer,Inverted-V,93,456.66,29.74,36.16,79.79,0.68,63.84,0.57,36.44,0.67
2024-05-17,09:00,May,Summer,Inverted-V,93,480.49,30.02,37.03,79.52,0.72,63.61,0.6,38.24,0.67
2024-05-17,09:15,May,Summer,Inverted-V,93,497.72,30.18,37.63,79.33,0.74,63.46,0.62,39.54,0.67
2024-05-17,09:30,May,Summer,Inverted-V,93,514.94,30.35,38.22,79.14,0.77,63.31,0.64,40.83,0.67
2024-05-17,09:45,May,Summer,Inverted-V,93,532.17,30.52,38.82,78.95,0.8,63.16,0.67,42.12,0.67
2024-05-17,10:00,May,Summer,Inverted-V,93,549.4,30.68,39.41,78.76,0.82,63.01,0.69,43.41,0.67
2024-05-17,10:15,May,Summer,Inverted-V,93,534.7,30.79,39.15,78.85,0.8,63.08,0.67,42.28,0.67
2024-05-17,10:30,May,Summer,Inverted-V,93,520.0,30.89,38.89,78.93,0.78,63.14,0.65,41.15,0.67
2024-05-17,10:45,May,Summer,Inverted-V,93,505.31,31.0,38.63,79.01,0.76,63.21,0.63,40.02,0.67
2024-05-17,11:00,May,Summer,Inverted-V,93,490.61,31.1,38.37,79.1,0.73,63.28,0.61,38.89,0.67
2024-05-17,11:15,May,Summer,Inverted-V,93,433.61,31.18,37.02,79.52,0.65,63.62,0.54,34.51,0.67
2024-05-17,11:30,May,Summer,Inverted-V,93,376.61,31.25,35.67,79.95,0.56,63.96,0.47,30.09,0.67
2024-05-17,11:45,May,Summer,Inverted-V,93,319.6,31.32,34.32,80.38,0.48,64.3,0.4,25.64,0.67
2024-05-17,12:00,May,Summer,Inverted-V,93,262.6,31.4,32.97,80.81,0.39,64.64,0.33,21.15,0.67
2024-05-17,12:15,May,Summer,Inverted-V,93,246.21,31.4,32.56,80.93,0.37,64.75,0.31,19.85,0.67
2024-05-17,12:30,May,Summer,Inverted-V,93,229.81,31.41,32.15,81.06,0.34,64.85,0.29,18.55,0.67
2024-05-17,12:45,May,Summer,Inverted-V,93,213.42,31.41,31.74,81.19,0.32,64.95,0.27,17.25,0.67
2024-05-17,13:00,May,Summer,Inverted-V,93,197.02,31.41,31.34,81.32,0.29,65.06,0.25,15.95,0.67
2024-05-17,13:15,May,Summer,Inverted-V,93,190.9,31.36,31.13,81.39,0.28,65.11,0.24,15.46,0.67
2024-05-17,13:30,May,Summer,Inverted-V,93,184.77,31.3,30.92,81.45,0.27,65.16,0.23,14.97,0.67
2024-05-17,13:45,May,Summer,Inverted-V,93,178.64,31.25,30.71,81.52,0.27,65.22,0.22,14.48,0.67
2024-05-17,14:00,May,Summer,Inverted-V,93,172.51,31.19,30.5,81.59,0.26,65.27,0.21,13.99,0.67
2024-05-17,14:15,May,Summer,Inverted-V,93,152.68,31.08,29.9,81.78,0.23,65.42,0.19,12.41,0.67
2024-05-17,14:30,May,Summer,Inverted-V,93,132.86,30.97,29.29,81.97,0.2,65.58,0.16,10.82,0.67
2024-05-17,14:45,May,Summer,Inverted-V,93,113.03,30.86,28.69,82.16,0.17,65.73,0.14,9.22,0.67
2024-05-17,15:00,May,Summer,Inverted-V,93,93.2,30.75,28.08,82.35,0.14,65.88,0.12,7.61,0.67
2024-05-17,15:15,May,Summer,Inverted-V,93,87.35,30.55,27.74,82.46,0.13,65.97,0.11,7.14,0.67
2024-05-17,15:30,May,Summer,Inverted-V,93,81.5,30.36,27.4,82.57,0.12,66.06,0.1,6.67,0.67
2024-05-17,15:45,May,Summer,Inverted-V,93,75.64,30.16,27.06,82.68,0.11,66.14,0.09,6.2,0.67
2024-05-17,16:00,May,Summer,Inverted-V,93,69.79,29.97,26.71,82.79,0.1,66.23,0.09,5.72,0.67
2024-05-17,16:15,May,Summer,Inverted-V,93,55.8,29.66,26.06,82.99,0.08,66.39,0.07,4.58,0.67
2024-05-17,16:30,May,Summer,Inverted-V,93,41.82,29.36,25.41,83.2,0.06,66.56,0.05,3.44,0.67
2024-05-17,16:45,May,Summer,Inverted-V,93,27.83,29.05,24.75,83.41,0.04,66.73,0.03,2.3,0.67
2024-05-17,17:00,May,Summer,Inverted-V,93,13.85,28.75,24.1,83.61,0.02,66.89,0.02,1.14,0.67
2024-05-17,17:15,May,Summer,Inverted-V,93,10.38,28.45,23.7,83.74,0.02,66.99,0.01,0.86,0.67
2024-05-17,17:30,May,Summer,Inverted-V,93,6.92,28.14,23.31,83.86,0.01,67.09,0.01,0.57,0.67
2024-05-18,04:45,May,Summer,Inverted-V,93,5.63,25.12,20.26,84.83,0.01,67.86,0.01,0.47,0.67
2024-05-18,05:00,May,Summer,Inverted-V,93,7.51,25.11,20.3,84.82,0.01,67.85,0.01,0.63,0.67
2024-05-18,05:15,May,Summer,Inverted-V,93,38.41,25.34,21.3,84.5,0.06,67.6,0.05,3.2,0.67
2024-05-18,05:30,May,Summer,Inverted-V,93,69.31,25.57,22.3,84.18,0.1,67.35,0.09,5.75,0.67
2024-05-18,05:45,May,Summer,Inverted-V,93,100.21,25.8,23.31,83.86,0.15,67.09,0.12,8.3,0.67
2024-05-18,06:00,May,Summer,Inverted-V,93,131.11,26.03,24.31,83.55,0.19,66.84,0.16,10.83,0.67
2024-05-18,06:15,May,Summer,Inverted-V,93,188.34,26.47,26.18,82.95,0.28,66.36,0.23,15.47,0.67
2024-05-18,06:30,May,Summer,Inverted-V,93,245.57,26.91,28.05,82.36,0.36,65.89,0.3,20.06,0.67
2024-05-18,06:45,May,Summer,Inverted-V,93,302.79,27.35,29.92,81.77,0.45,65.42,0.38,24.61,0.67
2024-05-18,07:00,May,Summer,Inverted-V,93,360.02,27.79,31.79,81.18,0.53,64.94,0.45,29.1,0.67
2024-05-18,07:15,May,Summer,Inverted-V,93,416.56,28.37,33.78,80.55,0.62,64.44,0.52,33.47,0.67
2024-05-18,07:30,May,Summer,Inverted-V,93,473.11,28.95,35.78,79.92,0.71,63.93,0.59,37.79,0.67
2024-05-18,07:45,May,Summer,Inverted-V,93,529.66,29.53,37.77,79.28,0.79,63.43,0.66,42.06,0.67
2024-05-18,08:00,May,Summer,Inverted-V,93,586.2,30.11,39.77,78.65,0.88,62.92,0.74,46.27,0.67
2024-05-18,08:15,May,Summer,Inverted-V,93,606.83,30.58,40.75,78.34,0.91,62.67,0.76,47.75,0.67
2024-05-18,08:30,May,Summer,Inverted-V,93,627.45,31.05,41.74,78.03,0.94,62.42,0.79,49.23,0.67
2024-05-18,08:45,May,Summer,Inverted-V,93,648.08,31.53,42.73,77.71,0.97,62.17,0.82,50.69,0.67
2024-05-18,09:00,May,Summer,Inverted-V,93,668.7,32.0,43.72,77.4,1.01,61.92,0.84,52.14,0.67
2024-05-18,09:15,May,Summer,Inverted-V,93,681.17,32.3,44.33,77.21,1.02,61.77,0.86,53.01,0.67
2024-05-18,09:30,May,Summer,Inverted-V,93,693.63,32.61,44.95,77.01,1.04,61.61,0.87,53.88,0.67
2024-05-18,09:45,May,Summer,Inverted-V,93,706.09,32.91,45.56,76.82,1.06,61.45,0.89,54.74,0.67
2024-05-18,10:00,May,Summer,Inverted-V,93,718.56,33.21,46.17,76.62,1.08,61.3,0.91,55.6,0.67
2024-05-18,10:15,May,Summer,Inverted-V,93,702.48,33.4,45.96,76.69,1.06,61.35,0.89,54.39,0.67
2024-05-18,10:30,May,Summer,Inverted-V,93,686.4,33.59,45.75,76.76,1.03,61.41,0.87,53.18,0.67
2024-05-18,10:45,May,Summer,Inverted-V,93,670.32,33.78,45.54,76.82,1.01,61.46,0.85,51.97,0.67
2024-05-18,11:00,May,Summer,Inverted-V,93,654.24,33.97,45.33,76.89,0.99,61.51,0.83,50.76,0.67
2024-05-18,11:15,May,Summer,Inverted-V,93,647.74,34.08,45.27,76.91,0.98,61.53,0.82,50.26,0.67
2024-05-18,11:30,May,Summer,Inverted-V,93,641.24,34.19,45.22,76.93,0.97,61.54,0.81,49.77,0.67
2024-05-18,11:45,May,Summer,Inverted-V,93,634.74,34.29,45.16,76.94,0.96,61.56,0.8,49.27,0.67
2024-05-18,12:00,May,Summer,Inverted-V,93,628.24,34.4,45.11,76.96,0.95,61.57,0.79,48.78,0.67
2024-05-18,12:15,May,Summer,Inverted-V,93,571.39,34.39,43.68,77.41,0.86,61.93,0.72,44.56,0.67
2024-05-18,12:30,May,Summer,Inverted-V,93,514.54,34.39,42.25,77.86,0.77,62.29,0.65,40.3,0.67
2024-05-18,12:45,May,Summer,Inverted-V,93,457.69,34.39,40.83,78.32,0.69,62.65,0.57,36.01,0.67
2024-05-18,13:00,May,Summer,Inverted-V,93,400.84,34.38,39.4,78.77,0.6,63.01,0.5,31.67,0.67
2024-05-18,13:15,May,Summer,Inverted-V,93,346.26,34.23,37.88,79.25,0.52,63.4,0.43,27.49,0.67
2024-05-18,13:30,May,Summer,Inverted-V,93,291.67,34.08,36.37,79.73,0.44,63.78,0.36,23.26,0.67
2024-05-18,13:45,May,Summer,Inverted-V,93,237.08,33.92,34.85,80.21,0.35,64.17,0.3,18.99,0.67
2024-05-18,14:00,May,Summer,Inverted-V,93,182.5,33.77,33.33,80.69,0.27,64.55,0.23,14.68,0.67
2024-05-18,14:15,May,Summer,Inverted-V,93,159.66,33.53,32.52,80.95,0.24,64.76,0.2,12.88,0.67
2024-05-18,14:30,May,Summer,Inverted-V,93,136.83,33.28,31.7,81.21,0.2,64.97,0.17,11.06,0.67
2024-05-18,14:45,May,Summer,Inverted-V,93,113.99,33.03,30.88,81.46,0.17,65.17,0.14,9.24,0.67
2024-05-18,15:00,May,Summer,Inverted-V,93,91.15,32.79,30.07,81.72,0.14,65.38,0.11,7.4,0.67
2024-05-18,15:15,May,Summer,Inverted-V,93,81.5,32.46,29.49,81.9,0.12,65.52,0.1,6.63,0.67
2024-05-18,15:30,May,Summer,Inverted-V,93,71.85,32.12,28.92,82.09,0.11,65.67,0.09,5.86,0.67
2024-05-18,15:45,May,Summer,Inverted-V,93,62.19,31.79,28.35,82.27,0.09,65.81,0.08,5.08,0.67
2024-05-18,16:00,May,Summer,Inverted-V,93,52.54,31.46,27.77,82.45,0.08,65.96,0.07,4.3,0.67
2024-05-18,16:15,May,Summer,Inverted-V,93,42.68,31.05,27.11,82.66,0.06,66.13,0.05,3.5,0.67
2024-05-18,16:30,May,Summer,Inverted-V,93,32.82,30.63,26.45,82.87,0.05,66.29,0.04,2.69,0.67
2024-05-18,16:45,May,Summer,Inverted-V,93,22.95,30.21,25.79,83.08,0.03,66.46,0.03,1.89,0.67
2024-05-18,17:00,May,Summer,Inverted-V,93,13.09,29.8,25.13,83.29,0.02,66.63,0.02,1.08,0.67
2024-05-18,17:15,May,Summer,Inverted-V,93,9.82,29.45,24.69,83.43,0.01,66.74,0.01,0.81,0.67
2024-05-18,17:30,May,Summer,Inverted-V,93,6.54,29.09,24.26,83.56,0.01,66.85,0.01,0.54,0.67
2024-05-19,05:00,May,Summer,Inverted-V,93,6.45,26.23,21.39,84.47,0.01,67.58,0.01,0.54,0.67
2024-05-19,05:15,May,Summer,Inverted-V,93,24.69,26.37,21.99,84.28,0.04,67.42,0.03,2.05,0.67
2024-05-19,05:30,May,Summer,Inverted-V,93,42.93,26.52,22.59,84.09,0.06,67.27,0.05,3.56,0.67
2024-05-19,05:45,May,Summer,Inverted-V,93,61.17,26.66,23.19,83.9,0.09,67.12,0.08,5.07,0.67
2024-05-19,06:00,May,Summer,Inverted-V,93,79.41,26.8,23.79,83.71,0.12,66.97,0.1,6.57,0.67
2024-05-19,06:15,May,Summer,Inverted-V,93,111.2,27.05,24.83,83.38,0.16,66.71,0.14,9.17,0.67
2024-05-19,06:30,May,Summer,Inverted-V,93,142.99,27.29,25.86,83.05,0.21,66.44,0.18,11.75,0.67
2024-05-19,06:45,May,Summer,Inverted-V,93,174.78,27.54,26.9,82.72,0.26,66.18,0.22,14.33,0.67
2024-05-19,07:00,May,Summer,Inverted-V,93,206.57,27.78,27.94,82.4,0.31,65.92,0.26,16.88,0.67
2024-05-19,07:15,May,Summer,Inverted-V,93,240.26,28.17,29.18,82.01,0.36,65.6,0.3,19.57,0.67
2024-05-19,07:30,May,Summer,Inverted-V,93,273.95,28.56,30.41,81.62,0.41,65.29,0.34,22.23,0.67
2024-05-19,07:45,May,Summer,Inverted-V,93,307.64,28.95,31.64,81.23,0.46,64.98,0.38,24.88,0.67
2024-05-19,08:00,May,Summer,Inverted-V,93,341.33,29.34,32.87,80.83,0.51,64.67,0.43,27.5,0.67
2024-05-19,08:15,May,Summer,Inverted-V,93,377.26,29.63,34.06,80.46,0.56,64.37,0.47,30.29,0.67
2024-05-19,08:30,May,Summer,Inverted-V,93,413.18,29.93,35.25,80.08,0.62,64.06,0.52,33.06,0.67
2024-05-19,08:45,May,Summer,Inverted-V,93,449.1,30.22,36.45,79.7,0.67,63.76,0.56,35.8,0.67
2024-05-19,09:00,May,Summer,Inverted-V,93,485.03,30.51,37.64,79.33,0.72,63.46,0.61,38.53,0.67
2024-05-19,09:15,May,Summer,Inverted-V,93,513.66,30.65,38.49,79.06,0.77,63.25,0.64,40.7,0.67
2024-05-19,09:30,May,Summer,Inverted-V,93,542.3,30.78,39.34,78.79,0.81,63.03,0.68,42.86,0.67
2024-05-19,09:45,May,Summer,Inverted-V,93,570.93,30.91,40.19,78.52,0.86,62.81,0.72,45.01,0.67
2024-05-19,10:00,May,Summer,Inverted-V,93,599.56,31.05,41.04,78.25,0.9,62.6,0.75,47.14,0.67
2024-05-19,10:15,May,Summer,Inverted-V,93,619.38,31.12,41.61,78.07,0.93,62.45,0.78,48.61,0.67
2024-05-19,10:30,May,Summer,Inverted-V,93,639.2,31.2,42.18,77.89,0.96,62.31,0.8,50.08,0.67
2024-05-19,10:45,May,Summer,Inverted-V,93,659.02,31.28,42.75,77.71,0.99,62.17,0.83,51.54,0.67
2024-05-19,11:00,May,Summer,Inverted-V,93,678.83,31.35,43.32,77.53,1.02,62.02,0.85,53.0,0.67
2024-05-19,11:15,May,Summer,Inverted-V,93,669.86,31.38,43.12,77.59,1.01,62.07,0.84,52.33,0.67
2024-05-19,11:30,May,Summer,Inverted-V,93,660.9,31.4,42.92,77.65,0.99,62.12,0.83,51.66,0.67
2024-05-19,11:45,May,Summer,Inverted-V,93,651.93,31.43,42.72,77.72,0.98,62.17,0.82,50.99,0.67
2024-05-19,12:00,May,Summer,Inverted-V,93,642.96,31.45,42.52,77.78,0.97,62.22,0.81,50.32,0.67
2024-05-19,12:15,May,Summer,Inverted-V,93,624.42,31.45,42.07,77.92,0.94,62.34,0.79,48.94,0.67
2024-05-19,12:30,May,Summer,Inverted-V,93,605.88,31.46,41.61,78.07,0.91,62.46,0.76,47.55,0.67
2024-05-19,12:45,May,Summer,Inverted-V,93,587.34,31.46,41.15,78.21,0.88,62.57,0.74,46.16,0.67
2024-05-19,13:00,May,Summer,Inverted-V,93,568.8,31.47,40.69,78.36,0.85,62.69,0.71,44.77,0.67
2024-05-19,13:15,May,Summer,Inverted-V,93,517.77,31.44,39.38,78.77,0.78,63.02,0.65,40.92,0.67
2024-05-19,13:30,May,Summer,Inverted-V,93,466.74,31.41,38.07,79.19,0.7,63.35,0.58,37.03,0.67
2024-05-19,13:45,May,Summer,Inverted-V,93,415.71,31.37,36.77,79.6,0.62,63.68,0.52,33.11,0.67
2024-05-19,14:00,May,Summer,Inverted-V,93,364.68,31.34,35.46,80.02,0.54,64.01,0.46,29.16,0.67
2024-05-19,14:15,May,Summer,Inverted-V,93,333.85,31.26,34.6,80.29,0.5,64.23,0.42,26.76,0.67
2024-05-19,14:30,May,Summer,Inverted-V,93,303.02,31.18,33.75,80.56,0.45,64.45,0.38,24.35,0.67
2024-05-19,14:45,May,Summer,Inverted-V,93,272.19,31.09,32.9,80.83,0.4,64.66,0.34,21.93,0.67
2024-05-19,15:00,May,Summer,Inverted-V,93,241.36,31.01,32.04,81.1,0.36,64.88,0.3,19.49,0.67
2024-05-19,15:15,May,Summer,Inverted-V,93,213.09,30.86,31.18,81.37,0.32,65.1,0.27,17.25,0.67
2024-05-19,15:30,May,Summer,Inverted-V,93,184.83,30.7,30.33,81.64,0.27,65.31,0.23,15.0,0.67
2024-05-19,15:45,May,Summer,Inverted-V,93,156.57,30.55,29.47,81.91,0.23,65.53,0.19,12.74,0.67
2024-05-19,16:00,May,Summer,Inverted-V,93,128.3,30.4,28.61,82.19,0.19,65.75,0.16,10.47,0.67
2024-05-19,16:15,May,Summer,Inverted-V,93,104.06,30.1,27.7,82.47,0.15,65.98,0.13,8.51,0.67
2024-05-19,16:30,May,Summer,Inverted-V,93,79.81,29.8,26.8,82.76,0.12,66.21,0.1,6.54,0.67
2024-05-19,16:45,May,Summer,Inverted-V,93,55.57,29.51,25.9,83.04,0.08,66.44,0.07,4.57,0.67
2024-05-19,17:00,May,Summer,Inverted-V,93,31.32,29.21,24.99,83.33,0.05,66.66,0.04,2.58,0.67
2024-05-19,17:15,May,Summer,Inverted-V,93,23.49,28.9,24.49,83.49,0.03,66.79,0.03,1.94,0.67
2024-05-19,17:30,May,Summer,Inverted-V,93,15.66,28.59,23.99,83.65,0.02,66.92,0.02,1.29,0.67
2024-05-19,17:45,May,Summer,Inverted-V,93,7.83,28.29,23.48,83.81,0.01,67.05,0.01,0.65,0.67
2024-05-20,05:15,May,Summer,Inverted-V,93,18.07,25.54,20.99,84.6,0.03,67.68,0.02,1.51,0.67
2024-05-20,05:30,May,Summer,Inverted-V,93,31.44,25.68,21.47,84.45,0.05,67.56,0.04,2.62,0.67
2024-05-20,05:45,May,Summer,Inverted-V,93,44.82,25.82,21.94,84.3,0.07,67.44,0.06,3.72,0.67
2024-05-20,06:00,May,Summer,Inverted-V,93,58.19,25.96,22.41,84.15,0.09,67.32,0.07,4.83,0.67
2024-05-20,06:15,May,Summer,Inverted-V,93,81.8,26.19,23.24,83.89,0.12,67.11,0.1,6.77,0.67
2024-05-20,06:30,May,Summer,Inverted-V,93,105.41,26.43,24.06,83.63,0.16,66.9,0.13,8.71,0.67
2024-05-20,06:45,May,Summer,Inverted-V,93,129.02,26.66,24.88,83.37,0.19,66.69,0.16,10.64,0.67
2024-05-20,07:00,May,Summer,Inverted-V,93,152.63,26.89,25.71,83.1,0.23,66.48,0.19,12.55,0.67
2024-05-20,07:15,May,Summer,Inverted-V,93,178.56,27.22,26.68,82.79,0.26,66.24,0.22,14.64,0.67
2024-05-20,07:30,May,Summer,Inverted-V,93,204.5,27.55,27.66,82.48,0.3,65.99,0.25,16.73,0.67
2024-05-20,07:45,May,Summer,Inverted-V,93,230.43,27.88,28.64,82.18,0.34,65.74,0.29,18.79,0.67
2024-05-20,08:00,May,Summer,Inverted-V,93,256.37,28.21,29.62,81.87,0.38,65.49,0.32,20.85,0.67
2024-05-20,08:15,May,Summer,Inverted-V,93,268.55,28.52,30.24,81.67,0.4,65.34,0.33,21.8,0.67
2024-05-20,08:30,May,Summer,Inverted-V,93,280.72,28.84,30.85,81.47,0.42,65.18,0.35,22.75,0.67
2024-05-20,08:45,May,Summer,Inverted-V,93,292.9,29.15,31.47,81.28,0.44,65.02,0.36,23.7,0.67
2024-05-20,09:00,May,Summer,Inverted-V,93,305.08,29.46,32.09,81.08,0.45,64.87,0.38,24.64,0.67
2024-05-20,09:15,May,Summer,Inverted-V,93,339.04,29.73,33.21,80.73,0.5,64.58,0.42,27.29,0.67
2024-05-20,09:30,May,Summer,Inverted-V,93,372.99,30.01,34.33,80.37,0.56,64.3,0.47,29.92,0.67
2024-05-20,09:45,May,Summer,Inverted-V,93,406.95,30.29,35.46,80.02,0.61,64.01,0.51,32.54,0.67
2024-05-20,10:00,May,Summer,Inverted-V,93,440.91,30.56,36.58,79.66,0.66,63.73,0.55,35.14,0.67
2024-05-20,10:15,May,Summer,Inverted-V,93,444.87,30.77,36.89,79.56,0.66,63.65,0.56,35.42,0.67
2024-05-20,10:30,May,Summer,Inverted-V,93,448.82,30.98,37.2,79.47,0.67,63.57,0.56,35.7,0.67
2024-05-20,10:45,May,Summer,Inverted-V,93,452.78,31.18,37.5,79.37,0.68,63.5,0.57,35.98,0.67
2024-05-20,11:00,May,Summer,Inverted-V,93,456.73,31.39,37.81,79.27,0.68,63.42,0.57,36.26,0.67
2024-05-20,11:15,May,Summer,Inverted-V,93,443.41,31.49,37.57,79.35,0.66,63.48,0.56,35.23,0.67
2024-05-20,11:30,May,Summer,Inverted-V,93,430.08,31.59,37.34,79.42,0.64,63.54,0.54,34.2,0.67
2024-05-20,11:45,May,Summer,Inverted-V,93,416.76,31.68,37.1,79.5,0.62,63.6,0.52,33.16,0.67
2024-05-20,12:00,May,Summer,Inverted-V,93,403.43,31.78,36.87,79.57,0.6,63.66,0.5,32.12,0.67
2024-05-20,12:15,May,Summer,Inverted-V,93,384.63,31.8,36.41,79.71,0.57,63.77,0.48,30.67,0.67
2024-05-20,12:30,May,Summer,Inverted-V,93,365.83,31.82,35.96,79.86,0.55,63.89,0.46,29.21,0.67
2024-05-20,12:45,May,Summer,Inverted-V,93,347.03,31.83,35.51,80.0,0.52,64.0,0.43,27.74,0.67
2024-05-20,13:00,May,Summer,Inverted-V,93,328.23,31.85,35.06,80.14,0.49,64.12,0.41,26.28,0.67
2024-05-20,13:15,May,Summer,Inverted-V,93,295.09,31.83,34.2,80.41,0.44,64.33,0.37,23.68,0.67
2024-05-20,13:30,May,Summer,Inverted-V,93,261.94,31.8,33.35,80.68,0.39,64.55,0.33,21.07,0.67
2024-05-20,13:45,May,Summer,Inverted-V,93,228.79,31.77,32.49,80.95,0.34,64.76,0.28,18.45,0.67
2024-05-20,14:00,May,Summer,Inverted-V,93,195.64,31.75,31.64,81.23,0.29,64.98,0.24,15.82,0.67
2024-05-20,14:15,May,Summer,Inverted-V,93,164.75,31.64,30.76,81.51,0.24,65.2,0.2,13.36,0.67
2024-05-20,14:30,May,Summer,Inverted-V,93,133.87,31.52,29.87,81.79,0.2,65.43,0.17,10.88,0.67
2024-05-20,14:45,May,Summer,Inverted-V,93,102.98,31.41,28.99,82.07,0.15,65.65,0.13,8.39,0.67
2024-05-20,15:00,May,Summer,Inverted-V,93,72.09,31.3,28.1,82.35,0.11,65.88,0.09,5.89,0.67
2024-05-20,15:15,May,Summer,Inverted-V,93,65.25,31.06,27.69,82.48,0.1,65.98,0.08,5.34,0.67
2024-05-20,15:30,May,Summer,Inverted-V,93,58.4,30.82,27.28,82.61,0.09,66.08,0.07,4.78,0.67
2024-05-20,15:45,May,Summer,Inverted-V,93,51.56,30.58,26.87,82.74,0.08,66.19,0.06,4.23,0.67
2024-05-20,16:00,May,Summer,Inverted-V,93,44.71,30.34,26.46,82.87,0.07,66.29,0.06,3.67,0.67
2024-05-20,16:15,May,Summer,Inverted-V,93,36.89,29.98,25.9,83.04,0.05,66.43,0.05,3.03,0.67
2024-05-20,16:30,May,Summer,Inverted-V,93,29.07,29.62,25.34,83.22,0.04,66.58,0.04,2.39,0.67
2024-05-20,16:45,May,Summer,Inverted-V,93,21.25,29.25,24.78,83.4,0.03,66.72,0.03,1.75,0.67
2024-05-20,17:00,May,Summer,Inverted-V,93,13.42,28.89,24.23,83.57,0.02,66.86,0.02,1.11,0.67
2024-05-20,17:15,May,Summer,Inverted-V,93,10.07,28.56,23.81,83.71,0.01,66.96,0.01,0.83,0.67
2024-05-20,17:30,May,Summer,Inverted-V,93,6.71,28.23,23.39,83.84,0.01,67.07,0.01,0.56,0.67
2024-05-21,05:00,May,Summer,Inverted-V,93,6.67,25.39,20.56,84.73,0.01,67.79,0.01,0.56,0.67
2024-05-21,05:15,May,Summer,Inverted-V,93,33.44,25.62,21.45,84.45,0.05,67.56,0.04,2.78,0.67
2024-05-21,05:30,May,Summer,Inverted-V,93,60.2,25.84,22.35,84.17,0.09,67.33,0.07,5.0,0.67
2024-05-21,05:45,May,Summer,Inverted-V,93,86.96,26.07,23.25,83.88,0.13,67.11,0.11,7.2,0.67
2024-05-21,06:00,May,Summer,Inverted-V,93,113.72,26.3,24.14,83.6,0.17,66.88,0.14,9.39,0.67
2024-05-21,06:15,May,Summer,Inverted-V,93,163.91,26.66,25.76,83.09,0.24,66.47,0.2,13.48,0.67
2024-05-21,06:30,May,Summer,Inverted-V,93,214.09,27.03,27.38,82.57,0.32,66.06,0.27,17.52,0.67
2024-05-21,06:45,May,Summer,Inverted-V,93,264.28,27.4,29.0,82.06,0.39,65.65,0.33,21.53,0.67
2024-05-21,07:00,May,Summer,Inverted-V,93,314.46,27.76,30.62,81.55,0.47,65.24,0.39,25.5,0.67
2024-05-21,07:15,May,Summer,Inverted-V,93,369.97,28.3,32.55,80.94,0.55,64.75,0.46,29.84,0.67
2024-05-21,07:30,May,Summer,Inverted-V,93,425.48,28.84,34.47,80.33,0.63,64.26,0.53,34.12,0.67
2024-05-21,07:45,May,Summer,Inverted-V,93,480.98,29.37,36.4,79.72,0.72,63.78,0.6,38.35,0.67
2024-05-21,08:00,May,Summer,Inverted-V,93,536.49,29.91,38.32,79.11,0.8,63.29,0.67,42.53,0.67
2024-05-21,08:15,May,Summer,Inverted-V,93,548.33,30.4,39.11,78.86,0.82,63.09,0.69,43.37,0.67
2024-05-21,08:30,May,Summer,Inverted-V,93,560.17,30.89,39.89,78.61,0.84,62.89,0.7,44.2,0.67
2024-05-21,08:45,May,Summer,Inverted-V,93,572.01,31.38,40.68,78.36,0.86,62.69,0.72,45.02,0.67
2024-05-21,09:00,May,Summer,Inverted-V,93,583.85,31.87,41.47,78.11,0.88,62.49,0.73,45.84,0.67
2024-05-21,09:15,May,Summer,Inverted-V,93,607.84,32.24,42.44,77.81,0.91,62.25,0.76,47.59,0.67
2024-05-21,09:30,May,Summer,Inverted-V,93,631.84,32.61,43.41,77.5,0.95,62.0,0.8,49.32,0.67
2024-05-21,09:45,May,Summer,Inverted-V,93,655.83,32.98,44.38,77.19,0.99,61.75,0.83,51.03,0.67
2024-05-21,10:00,May,Summer,Inverted-V,93,679.83,33.35,45.35,76.89,1.02,61.51,0.86,52.74,0.67
2024-05-21,10:15,May,Summer,Inverted-V,93,660.79,33.56,45.08,76.97,0.99,61.58,0.83,51.31,0.67
2024-05-21,10:30,May,Summer,Inverted-V,93,641.75,33.78,44.82,77.05,0.97,61.64,0.81,49.87,0.67
2024-05-21,10:45,May,Summer,Inverted-V,93,622.71,33.99,44.56,77.14,0.94,61.71,0.78,48.43,0.67
2024-05-21,11:00,May,Summer,Inverted-V,93,603.67,34.2,44.29,77.22,0.91,61.78,0.76,46.99,0.67
2024-05-21,11:15,May,Summer,Inverted-V,93,594.57,34.29,44.16,77.26,0.89,61.81,0.75,46.3,0.67
2024-05-21,11:30,May,Summer,Inverted-V,93,585.47,34.39,44.02,77.3,0.88,61.84,0.74,45.61,0.67
2024-05-21,11:45,May,Summer,Inverted-V,93,576.37,34.48,43.89,77.35,0.87,61.88,0.73,44.92,0.67
2024-05-21,12:00,May,Summer,Inverted-V,93,567.27,34.57,43.75,77.39,0.85,61.91,0.71,44.23,0.67
2024-05-21,12:15,May,Summer,Inverted-V,93,550.22,34.44,43.2,77.57,0.83,62.05,0.69,42.97,0.67
2024-05-21,12:30,May,Summer,Inverted-V,93,533.17,34.31,42.64,77.74,0.8,62.19,0.67,41.71,0.67
2024-05-21,12:45,May,Summer,Inverted-V,93,516.12,34.19,42.09,77.92,0.77,62.33,0.65,40.45,0.67
2024-05-21,13:00,May,Summer,Inverted-V,93,499.07,34.06,41.54,78.09,0.75,62.47,0.63,39.18,0.67
2024-05-21,13:15,May,Summer,Inverted-V,93,479.6,33.88,40.87,78.3,0.72,62.64,0.6,37.73,0.67
2024-05-21,13:30,May,Summer,Inverted-V,93,460.12,33.7,40.2,78.52,0.69,62.81,0.58,36.27,0.67
2024-05-21,13:45,May,Summer,Inverted-V,93,440.65,33.51,39.53,78.73,0.66,62.98,0.55,34.81,0.67
2024-05-21,14:00,May,Summer,Inverted-V,93,421.18,33.33,38.86,78.94,0.63,63.15,0.53,33.33,0.67
2024-05-21,14:15,May,Summer,Inverted-V,93,390.44,33.14,37.91,79.24,0.58,63.39,0.49,30.99,0.67
2024-05-21,14:30,May,Summer,Inverted-V,93,359.69,32.96,36.95,79.54,0.54,63.63,0.45,28.63,0.67
2024-05-21,14:45,May,Summer,Inverted-V,93,328.95,32.78,36.0,79.85,0.49,63.88,0.41,26.26,0.67
2024-05-21,15:00,May,Summer,Inverted-V,93,298.21,32.59,35.05,80.15,0.44,64.12,0.37,23.87,0.67
2024-05-21,15:15,May,Summer,Inverted-V,93,261.3,32.37,33.9,80.51,0.39,64.41,0.33,20.99,0.67
2024-05-21,15:30,May,Summer,Inverted-V,93,224.4,32.15,32.75,80.87,0.33,64.7,0.28,18.09,0.67
2024-05-21,15:45,May,Summer,Inverted-V,93,187.49,31.92,31.61,81.24,0.28,64.99,0.23,15.16,0.67
2024-05-21,16:00,May,Summer,Inverted-V,93,150.58,31.7,30.46,81.6,0.22,65.28,0.19,12.22,0.67
2024-05-21,16:15,May,Summer,Inverted-V,93,121.66,31.4,29.44,81.92,0.18,65.54,0.15,9.9,0.67
2024-05-21,16:30,May,Summer,Inverted-V,93,92.73,31.09,28.41,82.25,0.14,65.8,0.12,7.57,0.67
2024-05-21,16:45,May,Summer,Inverted-V,93,63.81,30.79,27.39,82.57,0.09,66.06,0.08,5.22,0.67
2024-05-21,17:00,May,Summer,Inverted-V,93,34.88,30.49,26.36,82.9,0.05,66.32,0.04,2.86,0.67
2024-05-21,17:15,May,Summer,Inverted-V,93,26.16,30.16,25.82,83.07,0.04,66.46,0.03,2.15,0.67
2024-05-21,17:30,May,Summer,Inverted-V,93,17.44,29.84,25.27,83.24,0.03,66.59,0.02,1.44,0.67
2024-05-21,17:45,May,Summer,Inverted-V,93,8.72,29.51,24.73,83.41,0.01,66.73,0.01,0.72,0.67
2024-05-22,05:00,May,Summer,Inverted-V,93,6.05,26.59,21.74,84.36,0.01,67.49,0.01,0.5,0.67
2024-05-22,05:15,May,Summer,Inverted-V,93,29.88,26.77,22.52,84.11,0.04,67.29,0.04,2.48,0.67
2024-05-22,05:30,May,Summer,Inverted-V,93,53.72,26.95,23.3,83.87,0.08,67.09,0.07,4.45,0.67
2024-05-22,05:45,May,Summer,Inverted-V,93,77.55,27.14,24.08,83.62,0.11,66.9,0.1,6.41,0.67
2024-05-22,06:00,May,Summer,Inverted-V,93,101.39,27.32,24.85,83.37,0.15,66.7,0.13,8.36,0.67
2024-05-22,06:15,May,Summer,Inverted-V,93,142.45,27.6,26.16,82.96,0.21,66.37,0.18,11.7,0.67
2024-05-22,06:30,May,Summer,Inverted-V,93,183.51,27.88,27.47,82.55,0.27,66.04,0.23,15.02,0.67
2024-05-22,06:45,May,Summer,Inverted-V,93,224.57,28.16,28.77,82.13,0.33,65.71,0.28,18.31,0.67
2024-05-22,07:00,May,Summer,Inverted-V,93,265.63,28.44,30.08,81.72,0.39,65.38,0.33,21.58,0.67
2024-05-22,07:15,May,Summer,Inverted-V,93,309.85,28.71,31.46,81.28,0.46,65.03,0.39,25.07,0.67
2024-05-22,07:30,May,Summer,Inverted-V,93,354.08,28.98,32.84,80.85,0.53,64.68,0.44,28.53,0.67
2024-05-22,07:45,May,Summer,Inverted-V,93,398.3,29.26,34.22,80.41,0.59,64.33,0.5,31.96,0.67
2024-05-22,08:00,May,Summer,Inverted-V,93,442.53,29.53,35.59,79.97,0.66,63.98,0.55,35.37,0.67
2024-05-22,08:15,May,Summer,Inverted-V,93,474.26,29.73,36.59,79.66,0.71,63.73,0.59,37.79,0.67
2024-05-22,08:30,May,Summer,Inverted-V,93,506.0,29.94,37.58,79.34,0.76,63.47,0.63,40.2,0.67
2024-05-22,08:45,May,Summer,Inverted-V,93,537.73,30.14,38.58,79.03,0.8,63.22,0.67,42.6,0.67
2024-05-22,09:00,May,Summer,Inverted-V,93,569.46,30.34,39.58,78.71,0.85,62.97,0.71,44.97,0.67
2024-05-22,09:15,May,Summer,Inverted-V,93,582.94,30.46,40.03,78.57,0.87,62.85,0.73,45.97,0.67
2024-05-22,09:30,May,Summer,Inverted-V,93,596.42,30.57,40.49,78.42,0.89,62.74,0.75,46.97,0.67
2024-05-22,09:45,May,Summer,Inverted-V,93,609.9,30.69,40.94,78.28,0.91,62.62,0.77,47.97,0.67
2024-05-22,10:00,May,Summer,Inverted-V,93,623.38,30.81,41.39,78.14,0.94,62.51,0.78,48.96,0.67
2024-05-22,10:15,May,Summer,Inverted-V,93,613.5,30.86,41.2,78.2,0.92,62.56,0.77,48.21,0.67
2024-05-22,10:30,May,Summer,Inverted-V,93,603.62,30.92,41.01,78.26,0.91,62.61,0.76,47.46,0.67
2024-05-22,10:45,May,Summer,Inverted-V,93,593.75,30.98,40.82,78.32,0.89,62.66,0.75,46.71,0.67
2024-05-22,11:00,May,Summer,Inverted-V,93,583.87,31.03,40.63,78.38,0.88,62.7,0.73,45.96,0.67
2024-05-22,11:15,May,Summer,Inverted-V,93,554.51,31.08,39.94,78.6,0.83,62.88,0.7,43.74,0.67
2024-05-22,11:30,May,Summer,Inverted-V,93,525.15,31.13,39.26,78.81,0.79,63.05,0.66,41.51,0.67
2024-05-22,11:45,May,Summer,Inverted-V,93,495.79,31.18,38.57,79.03,0.74,63.22,0.62,39.27,0.67
2024-05-22,12:00,May,Summer,Inverted-V,93,466.43,31.23,37.89,79.25,0.7,63.4,0.58,37.02,0.67
2024-05-22,12:15,May,Summer,Inverted-V,93,454.87,31.21,37.58,79.34,0.68,63.47,0.57,36.14,0.67
2024-05-22,12:30,May,Summer,Inverted-V,93,443.3,31.2,37.28,79.44,0.66,63.55,0.55,35.25,0.67
2024-05-22,12:45,May,Summer,Inverted-V,93,431.74,31.18,36.97,79.54,0.64,63.63,0.54,34.37,0.67
2024-05-22,13:00,May,Summer,Inverted-V,93,420.17,31.16,36.66,79.63,0.63,63.71,0.53,33.48,0.67
2024-05-22,13:15,May,Summer,Inverted-V,93,376.75,31.02,35.44,80.02,0.56,64.02,0.47,30.13,0.67
2024-05-22,13:30,May,Summer,Inverted-V,93,333.33,30.88,34.21,80.41,0.5,64.33,0.42,26.75,0.67
2024-05-22,13:45,May,Summer,Inverted-V,93,289.91,30.73,32.98,80.8,0.43,64.64,0.36,23.35,0.67
2024-05-22,14:00,May,Summer,Inverted-V,93,246.49,30.59,31.75,81.19,0.37,64.95,0.31,19.92,0.67
2024-05-22,14:15,May,Summer,Inverted-V,93,234.9,30.43,31.31,81.33,0.35,65.06,0.29,19.01,0.67
2024-05-22,14:30,May,Summer,Inverted-V,93,223.31,30.28,30.86,81.47,0.33,65.18,0.28,18.1,0.67
2024-05-22,14:45,May,Summer,Inverted-V,93,211.72,30.12,30.42,81.61,0.31,65.29,0.26,17.18,0.67
2024-05-22,15:00,May,Summer,Inverted-V,93,200.12,29.97,29.97,81.75,0.3,65.4,0.25,16.26,0.67
2024-05-22,15:15,May,Summer,Inverted-V,93,172.46,29.8,29.12,82.02,0.26,65.62,0.21,14.05,0.67
2024-05-22,15:30,May,Summer,Inverted-V,93,144.8,29.64,28.26,82.3,0.21,65.84,0.18,11.82,0.67
2024-05-22,15:45,May,Summer,Inverted-V,93,117.14,29.47,27.4,82.57,0.17,66.05,0.15,9.59,0.67
2024-05-22,16:00,May,Summer,Inverted-V,93,89.48,29.31,26.55,82.84,0.13,66.27,0.11,7.34,0.67
2024-05-22,16:15,May,Summer,Inverted-V,93,72.14,29.1,25.91,83.04,0.11,66.43,0.09,5.93,0.67
2024-05-22,16:30,May,Summer,Inverted-V,93,54.79,28.89,25.26,83.24,0.08,66.6,0.07,4.51,0.67
2024-05-22,16:45,May,Summer,Inverted-V,93,37.45,28.69,24.62,83.45,0.06,66.76,0.05,3.09,0.67
2024-05-22,17:00,May,Summer,Inverted-V,93,20.11,28.48,23.98,83.65,0.03,66.92,0.02,1.66,0.67
2024-05-22,17:15,May,Summer,Inverted-V,93,15.08,28.3,23.68,83.75,0.02,67.0,0.02,1.25,0.67
2024-05-22,17:30,May,Summer,Inverted-V,93,10.05,28.13,23.38,83.84,0.01,67.07,0.01,0.83,0.67
2024-05-23,05:15,May,Summer,Inverted-V,93,14.14,26.15,21.5,84.44,0.02,67.55,0.02,1.18,0.67
2024-05-23,05:30,May,Summer,Inverted-V,93,23.72,26.34,21.93,84.3,0.03,67.44,0.03,1.97,0.67
2024-05-23,05:45,May,Summer,Inverted-V,93,33.3,26.53,22.36,84.16,0.05,67.33,0.04,2.76,0.67
2024-05-23,06:00,May,Summer,Inverted-V,93,42.88,26.72,22.79,84.03,0.06,67.22,0.05,3.55,0.67
2024-05-23,06:15,May,Summer,Inverted-V,93,54.82,26.97,23.34,83.85,0.08,67.08,0.07,4.54,0.67
2024-05-23,06:30,May,Summer,Inverted-V,93,66.77,27.22,23.89,83.68,0.1,66.94,0.08,5.52,0.67
2024-05-23,06:45,May,Summer,Inverted-V,93,78.72,27.47,24.44,83.51,0.12,66.8,0.1,6.5,0.67
2024-05-23,07:00,May,Summer,Inverted-V,93,90.67,27.72,24.99,83.33,0.13,66.67,0.11,7.47,0.67
2024-05-23,07:15,May,Summer,Inverted-V,93,127.91,28.02,26.22,82.94,0.19,66.35,0.16,10.5,0.67
2024-05-23,07:30,May,Summer,Inverted-V,93,165.16,28.31,27.44,82.55,0.24,66.04,0.2,13.52,0.67
2024-05-23,07:45,May,Summer,Inverted-V,93,202.41,28.61,28.67,82.17,0.3,65.73,0.25,16.51,0.67
2024-05-23,08:00,May,Summer,Inverted-V,93,239.65,28.91,29.9,81.78,0.36,65.42,0.3,19.48,0.67
2024-05-23,08:15,May,Summer,Inverted-V,93,259.45,29.14,30.63,81.55,0.39,65.24,0.32,21.04,0.67
2024-05-23,08:30,May,Summer,Inverted-V,93,279.25,29.38,31.36,81.32,0.41,65.05,0.35,22.6,0.67
2024-05-23,08:45,May,Summer,Inverted-V,93,299.05,29.61,32.08,81.08,0.44,64.87,0.37,24.15,0.67
2024-05-23,09:00,May,Summer,Inverted-V,93,318.85,29.84,32.81,80.85,0.47,64.68,0.4,25.69,0.67
2024-05-23,09:15,May,Summer,Inverted-V,93,345.98,30.03,33.68,80.58,0.52,64.46,0.43,27.81,0.67
2024-05-23,09:30,May,Summer,Inverted-V,93,373.12,30.21,34.54,80.31,0.56,64.25,0.47,29.91,0.67
2024-05-23,09:45,May,Summer,Inverted-V,93,400.25,30.4,35.41,80.03,0.6,64.03,0.5,32.01,0.67
2024-05-23,10:00,May,Summer,Inverted-V,93,427.39,30.59,36.27,79.76,0.64,63.81,0.53,34.09,0.67
2024-05-23,10:15,May,Summer,Inverted-V,93,450.91,30.75,37.03,79.52,0.67,63.62,0.56,35.89,0.67
2024-05-23,10:30,May,Summer,Inverted-V,93,474.43,30.92,37.78,79.28,0.71,63.42,0.59,37.67,0.67
2024-05-23,10:45,May,Summer,Inverted-V,93,497.96,31.09,38.53,79.04,0.74,63.23,0.62,39.45,0.67
2024-05-23,11:00,May,Summer,Inverted-V,93,521.48,31.25,39.29,78.8,0.78,63.04,0.65,41.22,0.67
2024-05-23,11:15,May,Summer,Inverted-V,93,568.08,31.36,40.56,78.4,0.85,62.72,0.71,44.73,0.67
2024-05-23,11:30,May,Summer,Inverted-V,93,614.68,31.46,41.83,78.0,0.92,62.4,0.77,48.21,0.67
2024-05-23,11:45,May,Summer,Inverted-V,93,661.28,31.57,43.1,77.6,0.99,62.08,0.83,51.66,0.67
2024-05-23,12:00,May,Summer,Inverted-V,93,707.89,31.67,44.37,77.2,1.07,61.76,0.89,55.09,0.67
2024-05-23,12:15,May,Summer,Inverted-V,93,664.88,31.67,43.29,77.54,1.0,62.03,0.84,51.91,0.67
2024-05-23,12:30,May,Summer,Inverted-V,93,621.86,31.67,42.22,77.88,0.93,62.3,0.78,48.72,0.67
2024-05-23,12:45,May,Summer,Inverted-V,93,578.85,31.67,41.14,78.22,0.87,62.57,0.73,45.5,0.67
2024-05-23,13:00,May,Summer,Inverted-V,93,535.84,31.67,40.07,78.56,0.8,62.85,0.67,42.26,0.67
2024-05-23,13:15,May,Summer,Inverted-V,93,485.06,31.62,38.74,78.98,0.73,63.18,0.61,38.4,0.67
2024-05-23,13:30,May,Summer,Inverted-V,93,434.27,31.56,37.42,79.4,0.65,63.52,0.54,34.52,0.67
2024-05-23,13:45,May,Summer,Inverted-V,93,383.48,31.5,36.09,79.82,0.57,63.85,0.48,30.6,0.67
2024-05-23,14:00,May,Summer,Inverted-V,93,332.69,31.45,34.77,80.24,0.5,64.19,0.42,26.66,0.67
2024-05-23,14:15,May,Summer,Inverted-V,93,308.08,31.32,34.02,80.47,0.46,64.38,0.38,24.74,0.67
2024-05-23,14:30,May,Summer,Inverted-V,93,283.46,31.19,33.27,80.71,0.42,64.57,0.35,22.81,0.67
2024-05-23,14:45,May,Summer,Inverted-V,93,258.85,31.05,32.52,80.95,0.38,64.76,0.32,20.88,0.67
2024-05-23,15:00,May,Summer,Inverted-V,93,234.23,30.92,31.78,81.18,0.35,64.95,0.29,18.93,0.67
2024-05-23,15:15,May,Summer,Inverted-V,93,206.23,30.69,30.84,81.48,0.31,65.18,0.26,16.71,0.67
2024-05-23,15:30,May,Summer,Inverted-V,93,178.23,30.45,29.91,81.77,0.26,65.42,0.22,14.48,0.67
2024-05-23,15:45,May,Summer,Inverted-V,93,150.23,30.22,28.98,82.07,0.22,65.65,0.19,12.24,0.67
2024-05-23,16:00,May,Summer,Inverted-V,93,122.23,29.99,28.05,82.36,0.18,65.89,0.15,9.99,0.67
2024-05-23,16:15,May,Summer,Inverted-V,93,99.34,29.67,27.16,82.64,0.15,66.12,0.12,8.14,0.67
2024-05-23,16:30,May,Summer,Inverted-V,93,76.45,29.36,26.27,82.93,0.11,66.34,0.09,6.28,0.67
2024-05-23,16:45,May,Summer,Inverted-V,93,53.56,29.05,25.38,83.21,0.08,66.57,0.07,4.41,0.67
2024-05-23,17:00,May,Summer,Inverted-V,93,30.67,28.73,24.5,83.49,0.05,66.79,0.04,2.53,0.67
2024-05-23,17:15,May,Summer,Inverted-V,93,23.0,28.49,24.07,83.62,0.03,66.9,0.03,1.9,0.67
2024-05-23,17:30,May,Summer,Inverted-V,93,15.34,28.25,23.63,83.76,0.02,67.01,0.02,1.27,0.67
2024-05-23,17:45,May,Summer,Inverted-V,93,7.67,28.01,23.2,83.9,0.01,67.12,0.01,0.64,0.67
2024-05-24,05:15,May,Summer,Inverted-V,93,18.64,25.76,21.23,84.52,0.03,67.62,0.02,1.55,0.67
2024-05-24,05:30,May,Summer,Inverted-V,93,32.62,25.95,21.77,84.35,0.05,67.48,0.04,2.71,0.67
2024-05-24,05:45,May,Summer,Inverted-V,93,46.59,26.14,22.3,84.18,0.07,67.35,0.06,3.87,0.67
2024-05-24,06:00,May,Summer,Inverted-V,93,60.57,26.33,22.84,84.01,0.09,67.21,0.07,5.02,0.67
2024-05-24,06:15,May,Summer,Inverted-V,93,80.57,26.66,23.67,83.75,0.12,67.0,0.1,6.66,0.67
2024-05-24,06:30,May,Summer,Inverted-V,93,100.56,26.99,24.5,83.49,0.15,66.79,0.12,8.3,0.67
2024-05-24,06:45,May,Summer,Inverted-V,93,120.56,27.32,25.33,83.22,0.18,66.58,0.15,9.93,0.67
2024-05-24,07:00,May,Summer,Inverted-V,93,140.56,27.65,26.16,82.96,0.21,66.37,0.17,11.55,0.67
2024-05-24,07:15,May,Summer,Inverted-V,93,175.92,28.11,27.51,82.53,0.26,66.03,0.22,14.39,0.67
2024-05-24,07:30,May,Summer,Inverted-V,93,211.28,28.58,28.86,82.11,0.31,65.68,0.26,17.22,0.67
2024-05-24,07:45,May,Summer,Inverted-V,93,246.63,29.05,30.21,81.68,0.37,65.34,0.31,20.02,0.67
2024-05-24,08:00,May,Summer,Inverted-V,93,281.99,29.51,31.56,81.25,0.42,65.0,0.35,22.81,0.67
2024-05-24,08:15,May,Summer,Inverted-V,93,272.29,29.9,31.71,81.2,0.4,64.96,0.34,22.01,0.67
2024-05-24,08:30,May,Summer,Inverted-V,93,262.59,30.3,31.86,81.16,0.39,64.92,0.33,21.22,0.67
2024-05-24,08:45,May,Summer,Inverted-V,93,252.89,30.69,32.01,81.11,0.38,64.89,0.31,20.43,0.67
2024-05-24,09:00,May,Summer,Inverted-V,93,243.19,31.08,32.16,81.06,0.36,64.85,0.3,19.63,0.67
2024-05-24,09:15,May,Summer,Inverted-V,93,296.69,31.37,33.78,80.55,0.44,64.44,0.37,23.84,0.67
2024-05-24,09:30,May,Summer,Inverted-V,93,350.18,31.65,35.41,80.03,0.52,64.03,0.44,28.0,0.67
2024-05-24,09:45,May,Summer,Inverted-V,93,403.67,31.94,37.03,79.52,0.6,63.61,0.51,32.13,0.67
2024-05-24,10:00,May,Summer,Inverted-V,93,457.16,32.23,38.66,79.0,0.68,63.2,0.57,36.2,0.67
2024-05-24,10:15,May,Summer,Inverted-V,93,482.15,32.47,39.52,78.73,0.72,62.98,0.6,38.08,0.67
2024-05-24,10:30,May,Summer,Inverted-V,93,507.14,32.71,40.39,78.46,0.76,62.76,0.64,39.95,0.67
2024-05-24,10:45,May,Summer,Inverted-V,93,532.13,32.95,41.25,78.18,0.8,62.55,0.67,41.81,0.67
2024-05-24,11:00,May,Summer,Inverted-V,93,557.12,33.19,42.12,77.91,0.84,62.33,0.7,43.66,0.67
2024-05-24,11:15,May,Summer,Inverted-V,93,567.22,33.38,42.56,77.77,0.85,62.22,0.71,44.39,0.67
2024-05-24,11:30,May,Summer,Inverted-V,93,577.31,33.56,42.99,77.63,0.87,62.1,0.73,45.12,0.67
2024-05-24,11:45,May,Summer,Inverted-V,93,587.41,33.74,43.43,77.49,0.88,61.99,0.74,45.85,0.67
2024-05-24,12:00,May,Summer,Inverted-V,93,597.51,33.93,43.87,77.35,0.9,61.88,0.75,46.57,0.67
2024-05-24,12:15,May,Summer,Inverted-V,93,578.15,33.97,43.42,77.49,0.87,62.0,0.73,45.12,0.67
2024-05-24,12:30,May,Summer,Inverted-V,93,558.79,34.01,42.98,77.63,0.84,62.11,0.7,43.67,0.67
2024-05-24,12:45,May,Summer,Inverted-V,93,539.43,34.05,42.54,77.78,0.81,62.22,0.68,42.22,0.67
2024-05-24,13:00,May,Summer,Inverted-V,93,520.07,34.09,42.09,77.92,0.78,62.33,0.65,40.76,0.67
2024-05-24,13:15,May,Summer,Inverted-V,93,491.33,33.88,41.16,78.21,0.74,62.57,0.62,38.62,0.67
2024-05-24,13:30,May,Summer,Inverted-V,93,462.58,33.66,40.22,78.51,0.69,62.81,0.58,36.46,0.67
2024-05-24,13:45,May,Summer,Inverted-V,93,433.83,33.45,39.29,78.8,0.65,63.04,0.54,34.29,0.67
2024-05-24,14:00,May,Summer,Inverted-V,93,405.09,33.23,38.36,79.1,0.61,63.28,0.51,32.11,0.67
2024-05-24,14:15,May,Summer,Inverted-V,93,372.5,33.0,37.32,79.43,0.56,63.54,0.47,29.62,0.67
2024-05-24,14:30,May,Summer,Inverted-V,93,339.91,32.78,36.28,79.76,0.51,63.81,0.42,27.11,0.67
2024-05-24,14:45,May,Summer,Inverted-V,93,307.32,32.55,35.24,80.09,0.46,64.07,0.38,24.59,0.67
2024-05-24,15:00,May,Summer,Inverted-V,93,274.73,32.33,34.2,80.42,0.41,64.33,0.34,22.05,0.67
2024-05-24,15:15,May,Summer,Inverted-V,93,240.47,32.03,33.04,80.78,0.36,64.63,0.3,19.37,0.67
2024-05-24,15:30,May,Summer,Inverted-V,93,206.22,31.73,31.88,81.15,0.31,64.92,0.26,16.66,0.67
2024-05-24,15:45,May,Summer,Inverted-V,93,171.96,31.42,30.72,81.52,0.26,65.21,0.21,13.94,0.67
2024-05-24,16:00,May,Summer,Inverted-V,93,137.7,31.12,29.56,81.88,0.2,65.51,0.17,11.2,0.67
2024-05-24,16:15,May,Summer,Inverted-V,93,110.49,30.75,28.51,82.22,0.16,65.77,0.14,9.02,0.67
2024-05-24,16:30,May,Summer,Inverted-V,93,83.28,30.38,27.47,82.55,0.12,66.04,0.1,6.82,0.67
2024-05-24,16:45,May,Summer,Inverted-V,93,56.08,30.02,26.42,82.88,0.08,66.3,0.07,4.6,0.67
2024-05-24,17:00,May,Summer,Inverted-V,93,28.87,29.65,25.37,83.21,0.04,66.57,0.04,2.38,0.67
2024-05-24,17:15,May,Summer,Inverted-V,93,21.65,29.36,24.9,83.36,0.03,66.69,0.03,1.78,0.67
2024-05-24,17:30,May,Summer,Inverted-V,93,14.43,29.07,24.43,83.51,0.02,66.81,0.02,1.19,0.67
2024-05-24,17:45,May,Summer,Inverted-V,93,7.22,28.78,23.96,83.66,0.01,66.93,0.01,0.6,0.67
2024-05-25,05:15,May,Summer,Inverted-V,93,22.63,25.86,21.42,84.46,0.03,67.57,0.03,1.88,0.67
2024-05-25,05:30,May,Summer,Inverted-V,93,42.29,25.98,22.03,84.27,0.06,67.41,0.05,3.51,0.67
2024-05-25,05:45,May,Summer,Inverted-V,93,61.95,26.09,22.64,84.07,0.09,67.26,0.08,5.14,0.67
2024-05-25,06:00,May,Summer,Inverted-V,93,81.62,26.21,23.25,83.88,0.12,67.11,0.1,6.76,0.67
2024-05-25,06:15,May,Summer,Inverted-V,93,102.92,26.5,24.07,83.62,0.15,66.9,0.13,8.5,0.67
2024-05-25,06:30,May,Summer,Inverted-V,93,124.23,26.78,24.89,83.36,0.18,66.69,0.15,10.24,0.67
2024-05-25,06:45,May,Summer,Inverted-V,93,145.53,27.07,25.7,83.11,0.21,66.48,0.18,11.97,0.67
2024-05-25,07:00,May,Summer,Inverted-V,93,166.84,27.35,26.52,82.85,0.25,66.28,0.21,13.69,0.67
2024-05-25,07:15,May,Summer,Inverted-V,93,196.65,27.84,27.75,82.46,0.29,65.97,0.24,16.08,0.67
2024-05-25,07:30,May,Summer,Inverted-V,93,226.45,28.32,28.98,82.07,0.34,65.65,0.28,18.45,0.67
2024-05-25,07:45,May,Summer,Inverted-V,93,256.26,28.8,30.21,81.68,0.38,65.34,0.32,20.81,0.67
2024-05-25,08:00,May,Summer,Inverted-V,93,286.07,29.29,31.44,81.29,0.42,65.03,0.36,23.14,0.67
2024-05-25,08:15,May,Summer,Inverted-V,93,338.17,29.7,33.15,80.75,0.5,64.6,0.42,27.22,0.67
2024-05-25,08:30,May,Summer,Inverted-V,93,390.27,30.11,34.87,80.2,0.58,64.16,0.49,31.26,0.67
2024-05-25,08:45,May,Summer,Inverted-V,93,442.38,30.52,36.58,79.66,0.66,63.73,0.55,35.25,0.67
2024-05-25,09:00,May,Summer,Inverted-V,93,494.48,30.93,38.29,79.12,0.74,63.3,0.62,39.2,0.67
2024-05-25,09:15,May,Summer,Inverted-V,93,514.4,31.22,39.08,78.87,0.77,63.1,0.64,40.69,0.67
2024-05-25,09:30,May,Summer,Inverted-V,93,534.31,31.52,39.87,78.62,0.8,62.89,0.67,42.16,0.67
2024-05-25,09:45,May,Summer,Inverted-V,93,554.23,31.81,40.66,78.37,0.83,62.69,0.7,43.63,0.67
2024-05-25,10:00,May,Summer,Inverted-V,93,574.15,32.1,41.45,78.12,0.86,62.49,0.72,45.08,0.67
2024-05-25,10:15,May,Summer,Inverted-V,93,572.12,32.31,41.61,78.07,0.86,62.45,0.72,44.9,0.67
2024-05-25,10:30,May,Summer,Inverted-V,93,570.09,32.52,41.77,78.02,0.86,62.41,0.72,44.72,0.67
2024-05-25,10:45,May,Summer,Inverted-V,93,568.06,32.73,41.93,77.97,0.85,62.37,0.71,44.54,0.67
2024-05-25,11:00,May,Summer,Inverted-V,93,566.03,32.94,42.09,77.92,0.85,62.33,0.71,44.36,0.67
2024-05-25,11:15,May,Summer,Inverted-V,93,516.64,33.0,40.92,78.29,0.77,62.63,0.65,40.63,0.67
2024-05-25,11:30,May,Summer,Inverted-V,93,467.25,33.06,39.75,78.66,0.7,62.93,0.59,36.88,0.67
2024-05-25,11:45,May,Summer,Inverted-V,93,417.85,33.13,38.57,79.03,0.63,63.22,0.52,33.1,0.67
2024-05-25,12:00,May,Summer,Inverted-V,93,368.46,33.19,37.4,79.4,0.55,63.52,0.46,29.29,0.67
2024-05-25,12:15,May,Summer,Inverted-V,93,366.92,33.16,37.33,79.42,0.55,63.54,0.46,29.17,0.67
2024-05-25,12:30,May,Summer,Inverted-V,93,365.37,33.12,37.26,79.45,0.55,63.56,0.46,29.06,0.67
2024-05-25,12:45,May,Summer,Inverted-V,93,363.83,33.09,37.19,79.47,0.54,63.57,0.46,28.94,0.67
2024-05-25,13:00,May,Summer,Inverted-V,93,362.29,33.06,37.12,79.49,0.54,63.59,0.45,28.82,0.67
2024-05-25,13:15,May,Summer,Inverted-V,93,358.33,32.99,36.95,79.54,0.54,63.64,0.45,28.52,0.67
2024-05-25,13:30,May,Summer,Inverted-V,93,354.38,32.92,36.78,79.6,0.53,63.68,0.44,28.22,0.67
2024-05-25,13:45,May,Summer,Inverted-V,93,350.42,32.85,36.61,79.65,0.52,63.72,0.44,27.92,0.67
2024-05-25,14:00,May,Summer,Inverted-V,93,346.46,32.78,36.44,79.71,0.52,63.76,0.43,27.62,0.67
2024-05-25,14:15,May,Summer,Inverted-V,93,316.43,32.7,35.61,79.97,0.47,63.97,0.4,25.29,0.67
2024-05-25,14:30,May,Summer,Inverted-V,93,286.39,32.62,34.78,80.23,0.43,64.19,0.36,22.94,0.67
2024-05-25,14:45,May,Summer,Inverted-V,93,256.35,32.54,33.95,80.49,0.38,64.4,0.32,20.59,0.67
2024-05-25,15:00,May,Summer,Inverted-V,93,226.31,32.46,33.12,80.76,0.34,64.61,0.28,18.22,0.67
2024-05-25,15:15,May,Summer,Inverted-V,93,198.53,32.29,32.25,81.03,0.3,64.83,0.25,16.02,0.67
2024-05-25,15:30,May,Summer,Inverted-V,93,170.75,32.12,31.38,81.31,0.25,65.05,0.21,13.82,0.67
2024-05-25,15:45,May,Summer,Inverted-V,93,142.97,31.94,30.52,81.58,0.21,65.26,0.18,11.6,0.67
2024-05-25,16:00,May,Summer,Inverted-V,93,115.18,31.77,29.65,81.86,0.17,65.48,0.14,9.37,0.67
2024-05-25,16:15,May,Summer,Inverted-V,93,93.73,31.36,28.71,82.15,0.14,65.72,0.12,7.64,0.67
2024-05-25,16:30,May,Summer,Inverted-V,93,72.28,30.96,27.77,82.45,0.11,65.96,0.09,5.91,0.67
2024-05-25,16:45,May,Summer,Inverted-V,93,50.83,30.55,26.83,82.75,0.08,66.2,0.06,4.17,0.67
2024-05-25,17:00,May,Summer,Inverted-V,93,29.38,30.15,25.88,83.05,0.04,66.44,0.04,2.41,0.67
2024-05-25,17:15,May,Summer,Inverted-V,93,22.03,29.77,25.32,83.23,0.03,66.58,0.03,1.81,0.67
2024-05-25,17:30,May,Summer,Inverted-V,93,14.69,29.39,24.76,83.4,0.02,66.72,0.02,1.21,0.67
2024-05-25,17:45,May,Summer,Inverted-V,93,7.34,29.02,24.2,83.58,0.01,66.86,0.01,0.61,0.67
2024-05-26,05:00,May,Summer,Inverted-V,93,6.48,25.28,20.44,84.77,0.01,67.82,0.01,0.54,0.67
2024-05-26,05:15,May,Summer,Inverted-V,93,30.5,25.56,21.32,84.49,0.04,67.59,0.04,2.54,0.67
2024-05-26,05:30,May,Summer,Inverted-V,93,54.52,25.84,22.2,84.22,0.08,67.37,0.07,4.53,0.67
2024-05-26,05:45,May,Summer,Inverted-V,93,78.55,26.11,23.08,83.94,0.12,67.15,0.1,6.51,0.67
2024-05-26,06:00,May,Summer,Inverted-V,93,102.57,26.39,23.95,83.66,0.15,66.93,0.13,8.48,0.67
2024-05-26,06:15,May,Summer,Inverted-V,93,141.85,26.83,25.37,83.21,0.21,66.57,0.18,11.68,0.67
2024-05-26,06:30,May,Summer,Inverted-V,93,181.13,27.27,26.79,82.76,0.27,66.21,0.22,14.85,0.67
2024-05-26,06:45,May,Summer,Inverted-V,93,220.41,27.7,28.21,82.31,0.33,65.85,0.27,18.0,0.67
2024-05-26,07:00,May,Summer,Inverted-V,93,259.69,28.14,29.63,81.86,0.39,65.49,0.32,21.12,0.67
2024-05-26,07:15,May,Summer,Inverted-V,93,303.77,28.59,31.18,81.37,0.45,65.1,0.38,24.6,0.67
2024-05-26,07:30,May,Summer,Inverted-V,93,347.86,29.04,32.74,80.88,0.52,64.7,0.43,28.04,0.67
2024-05-26,07:45,May,Summer,Inverted-V,93,391.94,29.49,34.29,80.39,0.58,64.31,0.49,31.45,0.67
2024-05-26,08:00,May,Summer,Inverted-V,93,436.03,29.94,35.84,79.9,0.65,63.92,0.54,34.82,0.67
2024-05-26,08:15,May,Summer,Inverted-V,93,475.01,30.26,37.13,79.49,0.71,63.59,0.59,37.79,0.67
2024-05-26,08:30,May,Summer,Inverted-V,93,514.0,30.57,38.42,79.08,0.77,63.26,0.64,40.74,0.67
2024-05-26,08:45,May,Summer,Inverted-V,93,552.98,30.88,39.71,78.67,0.83,62.94,0.69,43.65,0.67
2024-05-26,09:00,May,Summer,Inverted-V,93,591.97,31.2,41.0,78.26,0.89,62.61,0.74,46.55,0.67
2024-05-26,09:15,May,Summer,Inverted-V,93,600.5,31.49,41.51,78.1,0.9,62.48,0.75,47.15,0.67
2024-05-26,09:30,May,Summer,Inverted-V,93,609.03,31.78,42.01,77.94,0.91,62.35,0.77,47.74,0.67
2024-05-26,09:45,May,Summer,Inverted-V,93,617.57,32.08,42.52,77.78,0.93,62.23,0.78,48.33,0.67
2024-05-26,10:00,May,Summer,Inverted-V,93,626.1,32.37,43.02,77.62,0.94,62.1,0.79,48.93,0.67
2024-05-26,10:15,May,Summer,Inverted-V,93,628.44,32.67,43.38,77.51,0.94,62.01,0.79,49.05,0.67
2024-05-26,10:30,May,Summer,Inverted-V,93,630.77,32.97,43.74,77.39,0.95,61.92,0.79,49.18,0.67
2024-05-26,10:45,May,Summer,Inverted-V,93,633.11,33.27,44.1,77.28,0.95,61.82,0.8,49.31,0.67
2024-05-26,11:00,May,Summer,Inverted-V,93,635.45,33.57,44.46,77.17,0.96,61.73,0.8,49.44,0.67
2024-05-26,11:15,May,Summer,Inverted-V,93,630.04,33.84,44.59,77.12,0.95,61.7,0.79,48.99,0.67
2024-05-26,11:30,May,Summer,Inverted-V,93,624.62,34.11,44.73,77.08,0.94,61.66,0.79,48.55,0.67
2024-05-26,11:45,May,Summer,Inverted-V,93,619.21,34.39,44.87,77.04,0.93,61.63,0.78,48.11,0.67
2024-05-26,12:00,May,Summer,Inverted-V,93,613.8,34.66,45.0,76.99,0.92,61.59,0.77,47.67,0.67
2024-05-26,12:15,May,Summer,Inverted-V,93,592.03,34.86,44.66,77.1,0.89,61.68,0.75,46.03,0.67
2024-05-26,12:30,May,Summer,Inverted-V,93,570.26,35.06,44.32,77.21,0.86,61.77,0.72,44.38,0.67
2024-05-26,12:45,May,Summer,Inverted-V,93,548.49,35.27,43.98,77.32,0.82,61.85,0.69,42.73,0.67
2024-05-26,13:00,May,Summer,Inverted-V,93,526.72,35.47,43.64,77.43,0.79,61.94,0.66,41.08,0.67
2024-05-26,13:15,May,Summer,Inverted-V,93,501.19,35.51,43.04,77.62,0.75,62.09,0.63,39.16,0.67
2024-05-26,13:30,May,Summer,Inverted-V,93,475.66,35.55,42.45,77.8,0.71,62.24,0.6,37.24,0.67
2024-05-26,13:45,May,Summer,Inverted-V,93,450.13,35.6,41.85,77.99,0.68,62.39,0.57,35.3,0.67
2024-05-26,14:00,May,Summer,Inverted-V,93,424.6,35.64,41.26,78.18,0.64,62.54,0.53,33.36,0.67
2024-05-26,14:15,May,Summer,Inverted-V,93,382.71,35.51,40.08,78.55,0.57,62.84,0.48,30.18,0.67
2024-05-26,14:30,May,Summer,Inverted-V,93,340.82,35.39,38.91,78.92,0.51,63.14,0.43,26.97,0.67
2024-05-26,14:45,May,Summer,Inverted-V,93,298.93,35.26,37.73,79.3,0.45,63.44,0.37,23.74,0.67
2024-05-26,15:00,May,Summer,Inverted-V,93,257.04,35.13,36.56,79.67,0.38,63.74,0.32,20.49,0.67
2024-05-26,15:15,May,Summer,Inverted-V,93,229.13,34.8,35.53,80.0,0.34,64.0,0.29,18.32,0.67
2024-05-26,15:30,May,Summer,Inverted-V,93,201.21,34.47,34.5,80.32,0.3,64.26,0.25,16.13,0.67
2024-05-26,15:45,May,Summer,Inverted-V,93,173.3,34.13,33.47,80.65,0.26,64.52,0.22,13.94,0.67
2024-05-26,16:00,May,Summer,Inverted-V,93,145.39,33.8,32.43,80.97,0.22,64.78,0.18,11.73,0.67
2024-05-26,16:15,May,Summer,Inverted-V,93,117.06,33.24,31.17,81.38,0.17,65.1,0.15,9.48,0.67
2024-05-26,16:30,May,Summer,Inverted-V,93,88.73,32.68,29.9,81.78,0.13,65.42,0.11,7.21,0.67
2024-05-26,16:45,May,Summer,Inverted-V,93,60.4,32.12,28.63,82.18,0.09,65.74,0.07,4.93,0.67
2024-05-26,17:00,May,Summer,Inverted-V,93,32.08,31.56,27.36,82.58,0.05,66.06,0.04,2.63,0.67
2024-05-26,17:15,May,Summer,Inverted-V,93,24.06,31.03,26.63,82.81,0.04,66.25,0.03,1.97,0.67
2024-05-26,17:30,May,Summer,Inverted-V,93,16.04,30.5,25.9,83.04,0.02,66.43,0.02,1.32,0.67
2024-05-26,17:45,May,Summer,Inverted-V,93,8.02,29.97,25.17,83.27,0.01,66.62,0.01,0.66,0.67
2024-05-27,05:00,May,Summer,Inverted-V,93,6.4,25.97,21.13,84.55,0.01,67.64,0.01,0.53,0.67
2024-05-27,05:15,May,Summer,Inverted-V,93,27.25,26.2,21.88,84.32,0.04,67.45,0.03,2.27,0.67
2024-05-27,05:30,May,Summer,Inverted-V,93,48.1,26.43,22.63,84.08,0.07,67.26,0.06,3.99,0.67
2024-05-27,05:45,May,Summer,Inverted-V,93,68.95,26.66,23.38,83.84,0.1,67.07,0.09,5.71,0.67
2024-05-27,06:00,May,Summer,Inverted-V,93,89.8,26.89,24.14,83.6,0.13,66.88,0.11,7.42,0.67
2024-05-27,06:15,May,Summer,Inverted-V,93,124.23,27.34,25.44,83.19,0.18,66.55,0.15,10.22,0.67
2024-05-27,06:30,May,Summer,Inverted-V,93,158.65,27.79,26.75,82.77,0.23,66.22,0.2,13.01,0.67
2024-05-27,06:45,May,Summer,Inverted-V,93,193.08,28.23,28.06,82.36,0.29,65.89,0.24,15.77,0.67
2024-05-27,07:00,May,Summer,Inverted-V,93,227.5,28.68,29.37,81.95,0.34,65.56,0.28,18.52,0.67
2024-05-27,07:15,May,Summer,Inverted-V,93,266.3,29.22,30.88,81.47,0.4,65.17,0.33,21.58,0.67
2024-05-27,07:30,May,Summer,Inverted-V,93,305.1,29.75,32.38,80.99,0.45,64.79,0.38,24.62,0.67
2024-05-27,07:45,May,Summer,Inverted-V,93,343.9,30.29,33.89,80.51,0.51,64.41,0.43,27.62,0.67
2024-05-27,08:00,May,Summer,Inverted-V,93,382.7,30.83,35.4,80.04,0.57,64.03,0.48,30.61,0.67
2024-05-27,08:15,May,Summer,Inverted-V,93,409.19,31.33,36.56,79.67,0.61,63.73,0.51,32.61,0.67
2024-05-27,08:30,May,Summer,Inverted-V,93,435.67,31.82,37.72,79.3,0.65,63.44,0.55,34.6,0.67
2024-05-27,08:45,May,Summer,Inverted-V,93,462.16,32.32,38.88,78.93,0.69,63.15,0.58,36.58,0.67
2024-05-27,09:00,May,Summer,Inverted-V,93,488.65,32.82,40.04,78.57,0.73,62.85,0.61,38.54,0.67
2024-05-27,09:15,May,Summer,Inverted-V,93,530.37,33.22,41.48,78.11,0.8,62.49,0.67,41.64,0.67
2024-05-27,09:30,May,Summer,Inverted-V,93,572.09,33.61,42.92,77.65,0.86,62.12,0.72,44.72,0.67
2024-05-27,09:45,May,Summer,Inverted-V,93,613.81,34.01,44.36,77.2,0.92,61.76,0.77,47.77,0.67
2024-05-27,10:00,May,Summer,Inverted-V,93,655.53,34.41,45.8,76.74,0.99,61.39,0.83,50.78,0.67
2024-05-27,10:15,May,Summer,Inverted-V,93,661.48,34.64,46.18,76.62,1.0,61.3,0.83,51.18,0.67
2024-05-27,10:30,May,Summer,Inverted-V,93,667.42,34.87,46.56,76.5,1.01,61.2,0.84,51.58,0.67
2024-05-27,10:45,May,Summer,Inverted-V,93,673.37,35.1,46.93,76.38,1.02,61.11,0.85,51.98,0.67
2024-05-27,11:00,May,Summer,Inverted-V,93,679.32,35.33,47.31,76.26,1.03,61.01,0.86,52.38,0.67
2024-05-27,11:15,May,Summer,Inverted-V,93,686.14,35.41,47.56,76.18,1.04,60.95,0.87,52.86,0.67
2024-05-27,11:30,May,Summer,Inverted-V,93,692.96,35.48,47.8,76.11,1.05,60.89,0.88,53.34,0.67
2024-05-27,11:45,May,Summer,Inverted-V,93,699.77,35.55,48.05,76.03,1.06,60.82,0.88,53.83,0.67
2024-05-27,12:00,May,Summer,Inverted-V,93,706.59,35.63,48.29,75.95,1.07,60.76,0.89,54.31,0.67
2024-05-27,12:15,May,Summer,Inverted-V,93,704.86,35.51,48.13,76.0,1.06,60.8,0.89,54.2,0.67
2024-05-27,12:30,May,Summer,Inverted-V,93,703.13,35.39,47.97,76.06,1.06,60.84,0.89,54.1,0.67
2024-05-27,12:45,May,Summer,Inverted-V,93,701.41,35.27,47.81,76.11,1.06,60.89,0.89,53.99,0.67
2024-05-27,13:00,May,Summer,Inverted-V,93,699.68,35.15,47.64,76.16,1.06,60.93,0.88,53.89,0.67
2024-05-27,13:15,May,Summer,Inverted-V,93,637.41,34.92,45.86,76.72,0.96,61.38,0.8,49.37,0.67
2024-05-27,13:30,May,Summer,Inverted-V,93,575.14,34.7,44.08,77.29,0.87,61.83,0.72,44.8,0.67
2024-05-27,13:45,May,Summer,Inverted-V,93,512.88,34.48,42.3,77.85,0.77,62.28,0.64,40.17,0.67
2024-05-27,14:00,May,Summer,Inverted-V,93,450.61,34.25,40.52,78.42,0.68,62.73,0.57,35.49,0.67
2024-05-27,14:15,May,Summer,Inverted-V,93,423.48,33.98,39.57,78.71,0.63,62.97,0.53,33.45,0.67
2024-05-27,14:30,May,Summer,Inverted-V,93,396.36,33.72,38.63,79.01,0.59,63.21,0.5,31.39,0.67
2024-05-27,14:45,May,Summer,Inverted-V,93,369.24,33.45,37.69,79.31,0.55,63.45,0.46,29.33,0.67
2024-05-27,15:00,May,Summer,Inverted-V,93,342.11,33.19,36.74,79.61,0.51,63.69,0.43,27.25,0.67
2024-05-27,15:15,May,Summer,Inverted-V,93,302.15,32.86,35.41,80.03,0.45,64.03,0.38,24.16,0.67
2024-05-27,15:30,May,Summer,Inverted-V,93,262.19,32.52,34.08,80.45,0.39,64.36,0.33,21.05,0.67
2024-05-27,15:45,May,Summer,Inverted-V,93,222.23,32.19,32.75,80.87,0.33,64.7,0.28,17.91,0.67
2024-05-27,16:00,May,Summer,Inverted-V,93,182.27,31.86,31.42,81.3,0.27,65.04,0.23,14.75,0.67
2024-05-27,16:15,May,Summer,Inverted-V,93,148.56,31.45,30.16,81.69,0.22,65.35,0.18,12.06,0.67
2024-05-27,16:30,May,Summer,Inverted-V,93,114.85,31.04,28.91,82.09,0.17,65.67,0.14,9.36,0.67
2024-05-27,16:45,May,Summer,Inverted-V,93,81.14,30.63,27.66,82.49,0.12,65.99,0.1,6.64,0.67
2024-05-27,17:00,May,Summer,Inverted-V,93,47.43,30.22,26.41,82.88,0.07,66.31,0.06,3.89,0.67
2024-05-27,17:15,May,Summer,Inverted-V,93,35.58,29.88,25.77,83.09,0.05,66.47,0.04,2.93,0.67
2024-05-27,17:30,May,Summer,Inverted-V,93,23.72,29.54,25.13,83.29,0.04,66.63,0.03,1.95,0.67
2024-05-27,17:45,May,Summer,Inverted-V,93,11.86,29.19,24.49,83.49,0.02,66.79,0.01,0.98,0.67
2024-05-28,05:15,May,Summer,Inverted-V,93,18.89,25.9,21.37,84.48,0.03,67.58,0.02,1.57,0.67
2024-05-28,05:30,May,Summer,Inverted-V,93,33.58,26.05,21.89,84.31,0.05,67.45,0.04,2.79,0.67
2024-05-28,05:45,May,Summer,Inverted-V,93,48.26,26.21,22.41,84.15,0.07,67.32,0.06,4.01,0.67
2024-05-28,06:00,May,Summer,Inverted-V,93,62.94,26.36,22.93,83.98,0.09,67.19,0.08,5.22,0.67
2024-05-28,06:15,May,Summer,Inverted-V,93,86.19,26.69,23.84,83.69,0.13,66.96,0.11,7.13,0.67
2024-05-28,06:30,May,Summer,Inverted-V,93,109.45,27.02,24.76,83.41,0.16,66.72,0.14,9.03,0.67
2024-05-28,06:45,May,Summer,Inverted-V,93,132.7,27.35,25.67,83.12,0.2,66.49,0.16,10.91,0.67
2024-05-28,07:00,May,Summer,Inverted-V,93,155.95,27.68,26.58,82.83,0.23,66.26,0.19,12.79,0.67
2024-05-28,07:15,May,Summer,Inverted-V,93,183.1,28.07,27.64,82.49,0.27,65.99,0.23,14.98,0.67
2024-05-28,07:30,May,Summer,Inverted-V,93,210.24,28.45,28.71,82.15,0.31,65.72,0.26,17.14,0.67
2024-05-28,07:45,May,Summer,Inverted-V,93,237.38,28.84,29.78,81.82,0.35,65.45,0.29,19.3,0.67
2024-05-28,08:00,May,Summer,Inverted-V,93,264.52,29.23,30.84,81.48,0.39,65.18,0.33,21.44,0.67
2024-05-28,08:15,May,Summer,Inverted-V,93,285.03,29.58,31.71,81.2,0.42,64.96,0.35,23.04,0.67
2024-05-28,08:30,May,Summer,Inverted-V,93,305.54,29.94,32.57,80.93,0.45,64.74,0.38,24.64,0.67
2024-05-28,08:45,May,Summer,Inverted-V,93,326.04,30.29,33.44,80.66,0.49,64.52,0.41,26.23,0.67
2024-05-28,09:00,May,Summer,Inverted-V,93,346.55,30.64,34.3,80.38,0.52,64.31,0.43,27.8,0.67
2024-05-28,09:15,May,Summer,Inverted-V,93,383.53,30.95,35.53,79.99,0.57,63.99,0.48,30.66,0.67
2024-05-28,09:30,May,Summer,Inverted-V,93,420.5,31.25,36.76,79.6,0.63,63.68,0.53,33.49,0.67
2024-05-28,09:45,May,Summer,Inverted-V,93,457.48,31.55,37.99,79.21,0.68,63.37,0.57,36.3,0.67
2024-05-28,10:00,May,Summer,Inverted-V,93,494.46,31.86,39.22,78.82,0.74,63.06,0.62,39.09,0.67
2024-05-28,10:15,May,Summer,Inverted-V,93,491.19,32.1,39.38,78.78,0.74,63.02,0.62,38.82,0.67
2024-05-28,10:30,May,Summer,Inverted-V,93,487.92,32.34,39.53,78.73,0.73,62.98,0.61,38.54,0.67
2024-05-28,10:45,May,Summer,Inverted-V,93,484.66,32.57,39.69,78.68,0.73,62.94,0.61,38.26,0.67
2024-05-28,11:00,May,Summer,Inverted-V,93,481.39,32.81,39.84,78.63,0.72,62.9,0.6,37.99,0.67
2024-05-28,11:15,May,Summer,Inverted-V,93,530.57,32.91,41.17,78.21,0.8,62.57,0.67,41.7,0.67
2024-05-28,11:30,May,Summer,Inverted-V,93,579.75,33.01,42.5,77.79,0.87,62.23,0.73,45.38,0.67
2024-05-28,11:45,May,Summer,Inverted-V,93,628.93,33.11,43.83,77.36,0.95,61.89,0.79,49.02,0.67
2024-05-28,12:00,May,Summer,Inverted-V,93,678.11,33.21,45.16,76.94,1.02,61.55,0.86,52.64,0.67
2024-05-28,12:15,May,Summer,Inverted-V,93,637.7,33.2,44.14,77.27,0.96,61.81,0.8,49.66,0.67
2024-05-28,12:30,May,Summer,Inverted-V,93,597.28,33.19,43.12,77.59,0.9,62.07,0.75,46.66,0.67
2024-05-28,12:45,May,Summer,Inverted-V,93,556.87,33.18,42.1,77.91,0.84,62.33,0.7,43.64,0.67
2024-05-28,13:00,May,Summer,Inverted-V,93,516.46,33.17,41.08,78.24,0.77,62.59,0.65,40.6,0.67
2024-05-28,13:15,May,Summer,Inverted-V,93,493.05,33.08,40.4,78.45,0.74,62.76,0.62,38.84,0.67
2024-05-28,13:30,May,Summer,Inverted-V,93,469.64,32.98,39.73,78.67,0.7,62.93,0.59,37.07,0.67
2024-05-28,13:45,May,Summer,Inverted-V,93,446.23,32.89,39.05,78.88,0.67,63.1,0.56,35.3,0.67
2024-05-28,14:00,May,Summer,Inverted-V,93,422.82,32.8,38.37,79.09,0.63,63.28,0.53,33.51,0.67
2024-05-28,14:15,May,Summer,Inverted-V,93,387.65,32.66,37.35,79.42,0.58,63.53,0.49,30.82,0.67
2024-05-28,14:30,May,Summer,Inverted-V,93,352.47,32.52,36.33,79.74,0.53,63.79,0.44,28.11,0.67
2024-05-28,14:45,May,Summer,Inverted-V,93,317.3,32.38,35.31,80.06,0.47,64.05,0.4,25.38,0.67
2024-05-28,15:00,May,Summer,Inverted-V,93,282.13,32.24,34.29,80.39,0.42,64.31,0.35,22.64,0.67
2024-05-28,15:15,May,Summer,Inverted-V,93,249.65,32.02,33.26,80.71,0.37,64.57,0.31,20.09,0.67
2024-05-28,15:30,May,Summer,Inverted-V,93,217.17,31.79,32.22,81.04,0.32,64.83,0.27,17.53,0.67
2024-05-28,15:45,May,Summer,Inverted-V,93,184.69,31.57,31.18,81.37,0.27,65.1,0.23,14.95,0.67
2024-05-28,16:00,May,Summer,Inverted-V,93,152.2,31.34,30.15,81.7,0.23,65.36,0.19,12.36,0.67
2024-05-28,16:15,May,Summer,Inverted-V,93,124.75,30.95,29.06,82.04,0.18,65.63,0.15,10.16,0.67
2024-05-28,16:30,May,Summer,Inverted-V,93,97.3,30.55,27.98,82.38,0.14,65.91,0.12,7.95,0.67
2024-05-28,16:45,May,Summer,Inverted-V,93,69.84,30.16,26.9,82.73,0.1,66.18,0.09,5.72,0.67
2024-05-28,17:00,May,Summer,Inverted-V,93,42.39,29.76,25.82,83.07,0.06,66.45,0.05,3.49,0.67
2024-05-28,17:15,May,Summer,Inverted-V,93,31.79,29.37,25.16,83.28,0.05,66.62,0.04,2.62,0.67
2024-05-28,17:30,May,Summer,Inverted-V,93,21.2,28.98,24.5,83.48,0.03,66.79,0.03,1.75,0.67
2024-05-28,17:45,May,Summer,Inverted-V,93,10.6,28.58,23.85,83.69,0.02,66.95,0.01,0.88,0.67
2024-05-29,05:00,May,Summer,Inverted-V,93,6.64,25.06,20.23,84.84,0.01,67.87,0.01,0.55,0.67
2024-05-29,05:15,May,Summer,Inverted-V,93,29.45,25.28,21.02,84.59,0.04,67.67,0.04,2.45,0.67
2024-05-29,05:30,May,Summer,Inverted-V,93,52.26,25.5,21.81,84.34,0.08,67.47,0.06,4.34,0.67
2024-05-29,05:45,May,Summer,Inverted-V,93,75.06,25.72,22.6,84.09,0.11,67.27,0.09,6.23,0.67
2024-05-29,06:00,May,Summer,Inverted-V,93,97.87,25.94,23.39,83.84,0.14,67.07,0.12,8.1,0.67
2024-05-29,06:15,May,Summer,Inverted-V,93,135.48,26.34,24.73,83.41,0.2,66.73,0.17,11.17,0.67
2024-05-29,06:30,May,Summer,Inverted-V,93,173.1,26.75,26.08,82.99,0.26,66.39,0.21,14.22,0.67
2024-05-29,06:45,May,Summer,Inverted-V,93,210.71,27.16,27.42,82.56,0.31,66.05,0.26,17.25,0.67
2024-05-29,07:00,May,Summer,Inverted-V,93,248.32,27.56,28.77,82.13,0.37,65.71,0.31,20.25,0.67
2024-05-29,07:15,May,Summer,Inverted-V,93,293.06,28.16,30.48,81.59,0.43,65.27,0.36,23.78,0.67
2024-05-29,07:30,May,Summer,Inverted-V,93,337.8,28.75,32.19,81.05,0.5,64.84,0.42,27.27,0.67
2024-05-29,07:45,May,Summer,Inverted-V,93,382.53,29.34,33.91,80.51,0.57,64.41,0.48,30.73,0.67
2024-05-29,08:00,May,Summer,Inverted-V,93,427.27,29.94,35.62,79.96,0.64,63.97,0.53,34.15,0.67
2024-05-29,08:15,May,Summer,Inverted-V,93,472.93,30.52,37.34,79.42,0.71,63.54,0.59,37.6,0.67
2024-05-29,08:30,May,Summer,Inverted-V,93,518.6,31.09,39.05,78.88,0.78,63.1,0.65,41.02,0.67
2024-05-29,08:45,May,Summer,Inverted-V,93,564.26,31.67,40.77,78.33,0.85,62.67,0.71,44.4,0.67
2024-05-29,09:00,May,Summer,Inverted-V,93,609.93,32.24,42.49,77.79,0.92,62.23,0.77,47.74,0.67
2024-05-29,09:15,May,Summer,Inverted-V,93,632.12,32.68,43.48,77.48,0.95,61.98,0.8,49.33,0.67
2024-05-29,09:30,May,Summer,Inverted-V,93,654.3,33.12,44.47,77.16,0.98,61.73,0.82,50.9,0.67
2024-05-29,09:45,May,Summer,Inverted-V,93,676.49,33.55,45.46,76.85,1.02,61.48,0.85,52.46,0.67
2024-05-29,10:00,May,Summer,Inverted-V,93,698.67,33.99,46.46,76.53,1.05,61.23,0.88,54.01,0.67
2024-05-29,10:15,May,Summer,Inverted-V,93,707.2,34.31,46.99,76.37,1.07,61.09,0.89,54.58,0.67
2024-05-29,10:30,May,Summer,Inverted-V,93,715.73,34.62,47.52,76.2,1.08,60.96,0.9,55.15,0.67
2024-05-29,10:45,May,Summer,Inverted-V,93,724.25,34.94,48.05,76.03,1.09,60.82,0.92,55.71,0.67
2024-05-29,11:00,May,Summer,Inverted-V,93,732.78,35.26,48.58,75.86,1.11,60.69,0.93,56.27,0.67
2024-05-29,11:15,May,Summer,Inverted-V,93,728.41,35.43,48.64,75.84,1.1,60.67,0.92,55.92,0.67
2024-05-29,11:30,May,Summer,Inverted-V,93,724.05,35.6,48.7,75.82,1.09,60.66,0.92,55.58,0.67
2024-05-29,11:45,May,Summer,Inverted-V,93,719.68,35.77,48.76,75.8,1.09,60.64,0.91,55.23,0.67
2024-05-29,12:00,May,Summer,Inverted-V,93,715.32,35.94,48.82,75.78,1.08,60.63,0.91,54.89,0.67
2024-05-29,12:15,May,Summer,Inverted-V,93,705.91,35.94,48.59,75.86,1.07,60.69,0.89,54.21,0.67
2024-05-29,12:30,May,Summer,Inverted-V,93,696.51,35.94,48.35,75.93,1.05,60.75,0.88,53.52,0.67
2024-05-29,12:45,May,Summer,Inverted-V,93,687.1,35.94,48.12,76.01,1.04,60.81,0.87,52.84,0.67
2024-05-29,13:00,May,Summer,Inverted-V,93,677.7,35.94,47.88,76.08,1.02,60.87,0.86,52.16,0.67
2024-05-29,13:15,May,Summer,Inverted-V,93,642.93,35.83,46.91,76.39,0.97,61.11,0.81,49.63,0.67
2024-05-29,13:30,May,Summer,Inverted-V,93,608.16,35.72,45.93,76.7,0.92,61.36,0.77,47.1,0.67
2024-05-29,13:45,May,Summer,Inverted-V,93,573.4,35.62,44.95,77.01,0.86,61.61,0.72,44.54,0.67
2024-05-29,14:00,May,Summer,Inverted-V,93,538.63,35.51,43.98,77.32,0.81,61.86,0.68,41.97,0.67
2024-05-29,14:15,May,Summer,Inverted-V,93,498.57,35.34,42.8,77.69,0.75,62.15,0.63,38.99,0.67
2024-05-29,14:30,May,Summer,Inverted-V,93,458.52,35.16,41.62,78.06,0.69,62.45,0.58,35.99,0.67
2024-05-29,14:45,May,Summer,Inverted-V,93,418.46,34.98,40.45,78.44,0.63,62.75,0.53,32.96,0.67
2024-05-29,15:00,May,Summer,Inverted-V,93,378.41,34.81,39.27,78.81,0.57,63.05,0.47,29.91,0.67
2024-05-29,15:15,May,Summer,Inverted-V,93,333.5,34.53,37.87,79.25,0.5,63.4,0.42,26.47,0.67
2024-05-29,15:30,May,Summer,Inverted-V,93,288.59,34.25,36.46,79.7,0.43,63.76,0.36,23.01,0.67
2024-05-29,15:45,May,Summer,Inverted-V,93,243.68,33.97,35.06,80.14,0.36,64.11,0.3,19.51,0.67
2024-05-29,16:00,May,Summer,Inverted-V,93,198.77,33.69,33.66,80.59,0.3,64.47,0.25,15.98,0.67
2024-05-29,16:15,May,Summer,Inverted-V,93,160.73,33.2,32.22,81.04,0.24,64.83,0.2,12.97,0.67
2024-05-29,16:30,May,Summer,Inverted-V,93,122.69,32.7,30.77,81.5,0.18,65.2,0.15,9.95,0.67
2024-05-29,16:45,May,Summer,Inverted-V,93,84.65,32.21,29.33,81.96,0.13,65.57,0.11,6.89,0.67
2024-05-29,17:00,May,Summer,Inverted-V,93,46.6,31.72,27.89,82.41,0.07,65.93,0.06,3.81,0.67
2024-05-29,17:15,May,Summer,Inverted-V,93,34.95,31.22,27.09,82.67,0.05,66.13,0.04,2.86,0.67
2024-05-29,17:30,May,Summer,Inverted-V,93,23.3,30.72,26.3,82.92,0.03,66.33,0.03,1.91,0.67
2024-05-29,17:45,May,Summer,Inverted-V,93,11.65,30.22,25.51,83.17,0.02,66.53,0.01,0.96,0.67
2024-05-30,05:00,May,Summer,Inverted-V,93,6.56,25.25,20.41,84.78,0.01,67.82,0.01,0.55,0.67
2024-05-30,05:15,May,Summer,Inverted-V,93,28.07,25.45,21.15,84.55,0.04,67.64,0.03,2.34,0.67
2024-05-30,05:30,May,Summer,Inverted-V,93,49.58,25.64,21.88,84.31,0.07,67.45,0.06,4.12,0.67
2024-05-30,05:45,May,Summer,Inverted-V,93,71.1,25.84,22.62,84.08,0.1,67.27,0.09,5.9,0.67
2024-05-30,06:00,May,Summer,Inverted-V,93,92.61,26.04,23.36,83.85,0.14,67.08,0.11,7.67,0.67
2024-05-30,06:15,May,Summer,Inverted-V,93,132.62,26.53,24.84,83.38,0.2,66.7,0.16,10.93,0.67
2024-05-30,06:30,May,Summer,Inverted-V,93,172.63,27.02,26.33,82.91,0.26,66.33,0.21,14.17,0.67
2024-05-30,06:45,May,Summer,Inverted-V,93,212.64,27.5,27.82,82.44,0.31,65.95,0.26,17.38,0.67
2024-05-30,07:00,May,Summer,Inverted-V,93,252.64,27.99,29.31,81.96,0.37,65.57,0.31,20.57,0.67
2024-05-30,07:15,May,Summer,Inverted-V,93,295.57,28.75,31.14,81.38,0.44,65.11,0.37,23.93,0.67
2024-05-30,07:30,May,Summer,Inverted-V,93,338.5,29.51,32.97,80.8,0.5,64.64,0.42,27.26,0.67
2024-05-30,07:45,May,Summer,Inverted-V,93,381.43,30.27,34.81,80.22,0.57,64.18,0.48,30.56,0.67
2024-05-30,08:00,May,Summer,Inverted-V,93,424.35,31.03,36.64,79.64,0.63,63.71,0.53,33.81,0.67
2024-05-30,08:15,May,Summer,Inverted-V,93,463.54,31.62,38.21,79.14,0.69,63.32,0.58,36.76,0.67
2024-05-30,08:30,May,Summer,Inverted-V,93,502.72,32.22,39.79,78.65,0.75,62.92,0.63,39.68,0.67
2024-05-30,08:45,May,Summer,Inverted-V,93,541.91,32.81,41.36,78.15,0.81,62.52,0.68,42.56,0.67
2024-05-30,09:00,May,Summer,Inverted-V,93,581.09,33.41,42.94,77.65,0.87,62.12,0.73,45.42,0.67
2024-05-30,09:15,May,Summer,Inverted-V,93,614.55,33.78,44.15,77.26,0.92,61.81,0.77,47.86,0.67
2024-05-30,09:30,May,Summer,Inverted-V,93,648.0,34.16,45.36,76.88,0.98,61.5,0.82,50.27,0.67
2024-05-30,09:45,May,Summer,Inverted-V,93,681.45,34.53,46.57,76.5,1.03,61.2,0.86,52.66,0.67
2024-05-30,10:00,May,Summer,Inverted-V,93,714.91,34.91,47.78,76.11,1.08,60.89,0.9,55.04,0.67
2024-05-30,10:15,May,Summer,Inverted-V,93,728.64,35.17,48.39,75.92,1.1,60.74,0.92,55.99,0.67
2024-05-30,10:30,May,Summer,Inverted-V,93,742.37,35.44,49.0,75.73,1.12,60.58,0.94,56.93,0.67
2024-05-30,10:45,May,Summer,Inverted-V,93,756.09,35.7,49.61,75.54,1.14,60.43,0.96,57.87,0.67
2024-05-30,11:00,May,Summer,Inverted-V,93,769.82,35.97,50.22,75.34,1.16,60.27,0.98,58.8,0.67
2024-05-30,11:15,May,Summer,Inverted-V,93,756.09,36.08,49.98,75.42,1.14,60.33,0.96,57.8,0.67
2024-05-30,11:30,May,Summer,Inverted-V,93,742.35,36.2,49.75,75.49,1.12,60.39,0.94,56.79,0.67
2024-05-30,11:45,May,Summer,Inverted-V,93,728.61,36.31,49.52,75.56,1.1,60.45,0.92,55.78,0.67
2024-05-30,12:00,May,Summer,Inverted-V,93,714.87,36.42,49.29,75.64,1.08,60.51,0.91,54.77,0.67
2024-05-30,12:15,May,Summer,Inverted-V,93,723.04,36.42,49.5,75.57,1.09,60.46,0.92,55.36,0.67
2024-05-30,12:30,May,Summer,Inverted-V,93,731.2,36.43,49.71,75.5,1.11,60.4,0.93,55.95,0.67
2024-05-30,12:45,May,Summer,Inverted-V,93,739.36,36.44,49.92,75.44,1.12,60.35,0.94,56.53,0.67
2024-05-30,13:00,May,Summer,Inverted-V,93,747.52,36.44,50.13,75.37,1.13,60.3,0.95,57.12,0.67
2024-05-30,13:15,May,Summer,Inverted-V,93,700.71,36.38,48.9,75.76,1.06,60.61,0.89,53.75,0.67
2024-05-30,13:30,May,Summer,Inverted-V,93,653.9,36.33,47.67,76.15,0.99,60.92,0.83,50.36,0.67
2024-05-30,13:45,May,Summer,Inverted-V,93,607.09,36.27,46.44,76.54,0.92,61.23,0.77,46.94,0.67
2024-05-30,14:00,May,Summer,Inverted-V,93,560.28,36.21,45.22,76.93,0.84,61.54,0.71,43.48,0.67
2024-05-30,14:15,May,Summer,Inverted-V,93,517.98,36.1,44.05,77.3,0.78,61.84,0.65,40.35,0.67
2024-05-30,14:30,May,Summer,Inverted-V,93,475.68,35.99,42.88,77.67,0.71,62.13,0.6,37.19,0.67
2024-05-30,14:45,May,Summer,Inverted-V,93,433.37,35.88,41.71,78.04,0.65,62.43,0.54,34.0,0.67
2024-05-30,15:00,May,Summer,Inverted-V,93,391.07,35.77,40.55,78.41,0.59,62.72,0.49,30.79,0.67
2024-05-30,15:15,May,Summer,Inverted-V,93,344.52,35.59,39.2,78.83,0.52,63.07,0.43,27.24,0.67
2024-05-30,15:30,May,Summer,Inverted-V,93,297.97,35.41,37.85,79.26,0.45,63.41,0.37,23.66,0.67
2024-05-30,15:45,May,Summer,Inverted-V,93,251.42,35.22,36.51,79.68,0.38,63.75,0.31,20.04,0.67
2024-05-30,16:00,May,Summer,Inverted-V,93,204.88,35.04,35.16,80.11,0.31,64.09,0.26,16.4,0.67
2024-05-30,16:15,May,Summer,Inverted-V,93,165.31,34.6,33.73,80.56,0.25,64.45,0.21,13.29,0.67
2024-05-30,16:30,May,Summer,Inverted-V,93,125.75,34.16,32.3,81.02,0.19,64.81,0.16,10.15,0.67
2024-05-30,16:45,May,Summer,Inverted-V,93,86.19,33.72,30.87,81.47,0.13,65.17,0.11,6.98,0.67
2024-05-30,17:00,May,Summer,Inverted-V,93,46.62,33.28,29.45,81.92,0.07,65.54,0.06,3.79,0.67
2024-05-30,17:15,May,Summer,Inverted-V,93,34.97,32.74,28.62,82.18,0.05,65.75,0.04,2.85,0.67
2024-05-30,17:30,May,Summer,Inverted-V,93,23.31,32.2,27.79,82.45,0.03,65.96,0.03,1.91,0.67
2024-05-30,17:45,May,Summer,Inverted-V,93,11.66,31.67,26.96,82.71,0.02,66.17,0.01,0.96,0.67
2024-05-31,05:00,May,Summer,Inverted-V,93,6.7,26.6,21.77,84.35,0.01,67.48,0.01,0.56,0.67
2024-05-31,05:15,May,Summer,Inverted-V,93,29.45,26.79,22.52,84.11,0.04,67.29,0.04,2.44,0.67
2024-05-31,05:30,May,Summer,Inverted-V,93,52.2,26.98,23.28,83.87,0.08,67.1,0.06,4.32,0.67
2024-05-31,05:45,May,Summer,Inverted-V,93,74.95,27.16,24.04,83.63,0.11,66.91,0.09,6.19,0.67
2024-05-31,06:00,May,Summer,Inverted-V,93,97.71,27.35,24.79,83.39,0.14,66.71,0.12,8.06,0.67
2024-05-31,06:15,May,Summer,Inverted-V,93,135.21,27.61,25.99,83.02,0.2,66.41,0.17,11.11,0.67
2024-05-31,06:30,May,Summer,Inverted-V,93,172.72,27.86,27.18,82.64,0.26,66.11,0.21,14.15,0.67
2024-05-31,06:45,May,Summer,Inverted-V,93,210.22,28.12,28.37,82.26,0.31,65.81,0.26,17.16,0.67
2024-05-31,07:00,May,Summer,Inverted-V,93,247.73,28.37,29.56,81.88,0.37,65.51,0.31,20.15,0.67
2024-05-31,07:15,May,Summer,Inverted-V,93,309.13,28.71,31.43,81.29,0.46,65.03,0.38,25.01,0.67
2024-05-31,07:30,May,Summer,Inverted-V,93,370.52,29.04,33.3,80.7,0.55,64.56,0.46,29.81,0.67
2024-05-31,07:45,May,Summer,Inverted-V,93,431.92,29.38,35.17,80.11,0.64,64.09,0.54,34.56,0.67
2024-05-31,08:00,May,Summer,Inverted-V,93,493.31,29.71,37.04,79.51,0.74,63.61,0.62,39.26,0.67
2024-05-31,08:15,May,Summer,Inverted-V,93,539.71,30.12,38.62,79.02,0.81,63.21,0.68,42.75,0.67
2024-05-31,08:30,May,Summer,Inverted-V,93,586.1,30.54,40.19,78.52,0.88,62.82,0.74,46.2,0.67
2024-05-31,08:45,May,Summer,Inverted-V,93,632.49,30.95,41.76,78.02,0.95,62.42,0.79,49.62,0.67
2024-05-31,09:00,May,Summer,Inverted-V,93,678.89,31.36,43.33,77.52,1.02,62.02,0.85,53.0,0.67
2024-05-31,09:15,May,Summer,Inverted-V,93,682.3,31.8,43.86,77.36,1.03,61.88,0.86,53.18,0.67
2024-05-31,09:30,May,Summer,Inverted-V,93,685.72,32.25,44.39,77.19,1.03,61.75,0.86,53.36,0.67
2024-05-31,09:45,May,Summer,Inverted-V,93,689.13,32.69,44.92,77.02,1.04,61.62,0.87,53.54,0.67
2024-05-31,10:00,May,Summer,Inverted-V,93,692.55,33.13,45.44,76.85,1.04,61.48,0.87,53.71,0.67
2024-05-31,10:15,May,Summer,Inverted-V,93,694.28,33.42,45.78,76.75,1.05,61.4,0.88,53.79,0.67
2024-05-31,10:30,May,Summer,Inverted-V,93,696.02,33.72,46.12,76.64,1.05,61.31,0.88,53.87,0.67
2024-05-31,10:45,May,Summer,Inverted-V,93,697.75,34.01,46.45,76.54,1.05,61.23,0.88,53.94,0.67
2024-05-31,11:00,May,Summer,Inverted-V,93,699.48,34.3,46.79,76.43,1.05,61.14,0.88,54.02,0.67
2024-05-31,11:15,May,Summer,Inverted-V,93,686.65,34.42,46.59,76.49,1.04,61.19,0.87,53.06,0.67
2024-05-31,11:30,May,Summer,Inverted-V,93,673.81,34.55,46.4,76.55,1.02,61.24,0.85,52.1,0.67
2024-05-31,11:45,May,Summer,Inverted-V,93,660.97,34.67,46.2,76.62,1.0,61.29,0.83,51.14,0.67
2024-05-31,12:00,May,Summer,Inverted-V,93,648.13,34.8,46.0,76.68,0.98,61.34,0.82,50.18,0.67
2024-05-31,12:15,May,Summer,Inverted-V,93,629.87,34.85,45.59,76.81,0.95,61.45,0.79,48.83,0.67
2024-05-31,12:30,May,Summer,Inverted-V,93,611.61,34.89,45.19,76.94,0.92,61.55,0.77,47.47,0.67
2024-05-31,12:45,May,Summer,Inverted-V,93,593.36,34.94,44.78,77.07,0.89,61.65,0.75,46.12,0.67
2024-05-31,13:00,May,Summer,Inverted-V,93,575.1,34.99,44.37,77.2,0.87,61.76,0.72,44.75,0.67
2024-05-31,13:15,May,Summer,Inverted-V,93,568.41,34.97,44.18,77.26,0.86,61.8,0.72,44.26,0.67
2024-05-31,13:30,May,Summer,Inverted-V,93,561.72,34.95,43.99,77.32,0.84,61.85,0.71,43.76,0.67
2024-05-31,13:45,May,Summer,Inverted-V,93,555.04,34.92,43.8,77.38,0.83,61.9,0.7,43.27,0.67
2024-05-31,14:00,May,Summer,Inverted-V,93,548.35,34.9,43.61,77.44,0.82,61.95,0.69,42.77,0.67
2024-05-31,14:15,May,Summer,Inverted-V,93,510.9,34.84,42.62,77.75,0.77,62.2,0.64,39.97,0.67
2024-05-31,14:30,May,Summer,Inverted-V,93,473.46,34.78,41.62,78.06,0.71,62.45,0.59,37.16,0.67
2024-05-31,14:45,May,Summer,Inverted-V,93,436.02,34.73,40.63,78.38,0.65,62.7,0.55,34.32,0.67
2024-05-31,15:00,May,Summer,Inverted-V,93,398.57,34.67,39.63,78.69,0.6,62.96,0.5,31.47,0.67
2024-05-31,15:15,May,Summer,Inverted-V,93,348.06,34.53,38.23,79.14,0.52,63.31,0.44,27.6,0.67
2024-05-31,15:30,May,Summer,Inverted-V,93,297.54,34.39,36.83,79.58,0.44,63.67,0.37,23.69,0.67
2024-05-31,15:45,May,Summer,Inverted-V,93,247.02,34.25,35.43,80.03,0.37,64.02,0.31,19.75,0.67
2024-05-31,16:00,May,Summer,Inverted-V,93,196.51,34.11,34.02,80.47,0.29,64.38,0.25,15.78,0.67
2024-05-31,16:15,May,Summer,Inverted-V,93,158.46,33.69,32.65,80.91,0.24,64.73,0.2,12.78,0.67
2024-05-31,16:30,May,Summer,Inverted-V,93,120.42,33.26,31.27,81.34,0.18,65.07,0.15,9.75,0.67
2024-05-31,16:45,May,Summer,Inverted-V,93,82.38,32.83,29.89,81.78,0.12,65.42,0.1,6.69,0.67
2024-05-31,17:00,May,Summer,Inverted-V,93,44.33,32.41,28.52,82.21,0.07,65.77,0.05,3.62,0.67
2024-05-31,17:15,May,Summer,Inverted-V,93,33.25,31.89,27.72,82.47,0.05,65.97,0.04,2.72,0.67
2024-05-31,17:30,May,Summer,Inverted-V,93,22.17,31.37,26.92,82.72,0.03,66.17,0.03,1.82,0.67
2024-05-31,17:45,May,Summer,Inverted-V,93,11.08,30.85,26.13,82.97,0.02,66.38,0.01,0.91,0.67
2024-06-01,05:00,June,Summer,Inverted-V,93,5.64,26.73,21.87,84.32,0.01,67.46,0.01,0.47,0.67
2024-06-01,05:15,June,Summer,Inverted-V,93,29.14,26.94,22.67,84.07,0.04,67.25,0.04,2.42,0.67
2024-06-01,05:30,June,Summer,Inverted-V,93,52.63,27.15,23.47,83.81,0.08,67.05,0.06,4.36,0.67
2024-06-01,05:45,June,Summer,Inverted-V,93,76.13,27.36,24.26,83.56,0.11,66.85,0.09,6.29,0.67
2024-06-01,06:00,June,Summer,Inverted-V,93,99.63,27.57,25.06,83.31,0.15,66.65,0.12,8.21,0.67
2024-06-01,06:15,June,Summer,Inverted-V,93,142.47,27.9,26.46,82.87,0.21,66.29,0.18,11.69,0.67
2024-06-01,06:30,June,Summer,Inverted-V,93,185.3,28.23,27.86,82.42,0.27,65.94,0.23,15.15,0.67
2024-06-01,06:45,June,Summer,Inverted-V,93,228.14,28.55,29.26,81.98,0.34,65.58,0.28,18.57,0.67
2024-06-01,07:00,June,Summer,Inverted-V,93,270.97,28.88,30.65,81.54,0.4,65.23,0.34,21.97,0.67
2024-06-01,07:15,June,Summer,Inverted-V,93,319.91,29.37,32.37,81.0,0.48,64.8,0.4,25.81,0.67
2024-06-01,07:30,June,Summer,Inverted-V,93,368.86,29.85,34.08,80.45,0.55,64.36,0.46,29.61,0.67
2024-06-01,07:45,June,Summer,Inverted-V,93,417.8,30.34,35.79,79.91,0.62,63.93,0.52,33.37,0.67
2024-06-01,08:00,June,Summer,Inverted-V,93,466.74,30.83,37.5,79.37,0.7,63.5,0.58,37.09,0.67
2024-06-01,08:15,June,Summer,Inverted-V,93,498.21,31.23,38.68,79.0,0.75,63.2,0.62,39.45,0.67
2024-06-01,08:30,June,Summer,Inverted-V,93,529.68,31.62,39.87,78.62,0.79,62.9,0.66,41.79,0.67
2024-06-01,08:45,June,Summer,Inverted-V,93,561.15,32.02,41.05,78.25,0.84,62.6,0.7,44.12,0.67
2024-06-01,09:00,June,Summer,Inverted-V,93,592.62,32.42,42.24,77.87,0.89,62.3,0.75,46.42,0.67
2024-06-01,09:15,June,Summer,Inverted-V,93,626.36,32.68,43.34,77.52,0.94,62.02,0.79,48.9,0.67
2024-06-01,09:30,June,Summer,Inverted-V,93,660.11,32.94,44.44,77.17,0.99,61.74,0.83,51.36,0.67
2024-06-01,09:45,June,Summer,Inverted-V,93,693.85,33.2,45.55,76.82,1.05,61.46,0.88,53.8,0.67
2024-06-01,10:00,June,Summer,Inverted-V,93,727.6,33.46,46.65,76.47,1.1,61.18,0.92,56.22,0.67
2024-06-01,10:15,June,Summer,Inverted-V,93,727.74,33.6,46.79,76.43,1.1,61.14,0.92,56.2,0.67
2024-06-01,10:30,June,Summer,Inverted-V,93,727.89,33.74,46.94,76.38,1.1,61.11,0.92,56.19,0.67
2024-06-01,10:45,June,Summer,Inverted-V,93,728.04,33.88,47.08,76.34,1.1,61.07,0.92,56.17,0.67
2024-06-01,11:00,June,Summer,Inverted-V,93,728.19,34.02,47.22,76.29,1.1,61.03,0.92,56.16,0.67
2024-06-01,11:15,June,Summer,Inverted-V,93,730.89,34.1,47.37,76.24,1.1,61.0,0.92,56.34,0.67
2024-06-01,11:30,June,Summer,Inverted-V,93,733.59,34.18,47.52,76.2,1.11,60.96,0.93,56.52,0.67
2024-06-01,11:45,June,Summer,Inverted-V,93,736.29,34.26,47.67,76.15,1.11,60.92,0.93,56.7,0.67
2024-06-01,12:00,June,Summer,Inverted-V,93,738.99,34.34,47.81,76.1,1.12,60.88,0.93,56.89,0.67
2024-06-01,12:15,June,Summer,Inverted-V,93,713.27,34.41,47.24,76.29,1.08,61.03,0.9,55.01,0.67
2024-06-01,12:30,June,Summer,Inverted-V,93,687.56,34.47,46.66,76.47,1.04,61.18,0.87,53.12,0.67
2024-06-01,12:45,June,Summer,Inverted-V,93,661.84,34.54,46.08,76.65,1.0,61.32,0.84,51.23,0.67
2024-06-01,13:00,June,Summer,Inverted-V,93,636.12,34.6,45.5,76.84,0.96,61.47,0.8,49.33,0.67
2024-06-01,13:15,June,Summer,Inverted-V,93,578.77,34.59,44.06,77.29,0.87,61.84,0.73,45.08,0.67
2024-06-01,13:30,June,Summer,Inverted-V,93,521.41,34.58,42.61,77.75,0.78,62.2,0.66,40.8,0.67
2024-06-01,13:45,June,Summer,Inverted-V,93,464.06,34.56,41.16,78.21,0.7,62.57,0.58,36.47,0.67
2024-06-01,14:00,June,Summer,Inverted-V,93,406.71,34.55,39.72,78.67,0.61,62.93,0.51,32.11,0.67
2024-06-01,14:15,June,Summer,Inverted-V,93,316.75,34.47,37.39,79.4,0.47,63.52,0.4,25.18,0.67
2024-06-01,14:30,June,Summer,Inverted-V,93,226.79,34.4,35.07,80.14,0.34,64.11,0.28,18.15,0.67
2024-06-01,14:45,June,Summer,Inverted-V,93,136.83,34.33,32.75,80.88,0.2,64.7,0.17,11.03,0.67
2024-06-01,15:00,June,Summer,Inverted-V,93,46.87,34.25,30.42,81.61,0.07,65.29,0.06,3.8,0.67
2024-06-01,15:15,June,Summer,Inverted-V,93,40.81,34.05,30.07,81.72,0.06,65.38,0.05,3.31,0.67
2024-06-01,15:30,June,Summer,Inverted-V,93,34.75,33.86,29.72,81.83,0.05,65.47,0.04,2.83,0.67
2024-06-01,15:45,June,Summer,Inverted-V,93,28.69,33.66,29.37,81.94,0.04,65.55,0.04,2.33,0.67
2024-06-01,16:00,June,Summer,Inverted-V,93,22.63,33.46,29.03,82.05,0.03,65.64,0.03,1.84,0.67
2024-06-01,16:15,June,Summer,Inverted-V,93,18.03,33.03,28.48,82.23,0.03,65.78,0.02,1.47,0.67
2024-06-01,16:30,June,Summer,Inverted-V,93,13.43,32.61,27.94,82.4,0.02,65.92,0.02,1.1,0.67
2024-06-01,16:45,June,Summer,Inverted-V,93,8.83,32.18,27.4,82.57,0.01,66.05,0.01,0.72,0.67
2024-06-02,05:00,June,Summer,Inverted-V,93,6.48,26.01,21.17,84.54,0.01,67.63,0.01,0.54,0.67
2024-06-02,05:15,June,Summer,Inverted-V,93,29.57,26.21,21.95,84.29,0.04,67.43,0.04,2.46,0.67
2024-06-02,05:30,June,Summer,Inverted-V,93,52.67,26.41,22.73,84.05,0.08,67.24,0.06,4.37,0.67
2024-06-02,05:45,June,Summer,Inverted-V,93,75.76,26.62,23.51,83.8,0.11,67.04,0.09,6.27,0.67
2024-06-02,06:00,June,Summer,Inverted-V,93,98.85,26.82,24.29,83.55,0.15,66.84,0.12,8.16,0.67
2024-06-02,06:15,June,Summer,Inverted-V,93,140.67,27.07,25.59,83.14,0.21,66.51,0.17,11.57,0.67
2024-06-02,06:30,June,Summer,Inverted-V,93,182.48,27.32,26.89,82.73,0.27,66.18,0.23,14.96,0.67
2024-06-02,06:45,June,Summer,Inverted-V,93,224.3,27.58,28.18,82.32,0.33,65.86,0.28,18.32,0.67
2024-06-02,07:00,June,Summer,Inverted-V,93,266.11,27.83,29.48,81.91,0.39,65.53,0.33,21.65,0.67
2024-06-02,07:15,June,Summer,Inverted-V,93,309.66,28.36,31.11,81.39,0.46,65.12,0.39,25.08,0.67
2024-06-02,07:30,June,Summer,Inverted-V,93,353.21,28.9,32.73,80.88,0.53,64.7,0.44,28.47,0.67
2024-06-02,07:45,June,Summer,Inverted-V,93,396.77,29.43,34.35,80.37,0.59,64.29,0.5,31.83,0.67
2024-06-02,08:00,June,Summer,Inverted-V,93,440.32,29.97,35.98,79.85,0.66,63.88,0.55,35.15,0.67
2024-06-02,08:15,June,Summer,Inverted-V,93,486.89,30.48,37.65,79.32,0.73,63.46,0.61,38.68,0.67
2024-06-02,08:30,June,Summer,Inverted-V,93,533.47,30.99,39.33,78.79,0.8,63.03,0.67,42.16,0.67
2024-06-02,08:45,June,Summer,Inverted-V,93,580.04,31.5,41.0,78.26,0.87,62.61,0.73,45.61,0.67
2024-06-02,09:00,June,Summer,Inverted-V,93,626.62,32.01,42.68,77.73,0.94,62.18,0.79,49.02,0.67
2024-06-02,09:15,June,Summer,Inverted-V,93,669.53,32.22,43.96,77.32,1.01,61.86,0.84,52.17,0.67
2024-06-02,09:30,June,Summer,Inverted-V,93,712.45,32.44,45.25,76.92,1.07,61.53,0.9,55.29,0.67
2024-06-02,09:45,June,Summer,Inverted-V,93,755.37,32.66,46.54,76.51,1.14,61.21,0.95,58.38,0.67
2024-06-02,10:00,June,Summer,Inverted-V,93,798.28,32.87,47.83,76.1,1.21,60.88,1.01,61.45,0.67
2024-06-02,10:15,June,Summer,Inverted-V,93,815.72,32.85,48.24,75.97,1.23,60.78,1.03,62.71,0.67
2024-06-02,10:30,June,Summer,Inverted-V,93,833.17,32.83,48.65,75.84,1.26,60.67,1.05,63.96,0.67
2024-06-02,10:45,June,Summer,Inverted-V,93,850.61,32.8,49.07,75.71,1.29,60.57,1.08,65.22,0.67
2024-06-02,11:00,June,Summer,Inverted-V,93,868.05,32.78,49.48,75.58,1.31,60.46,1.1,66.47,0.67
2024-06-02,11:15,June,Summer,Inverted-V,93,848.51,32.71,48.92,75.75,1.28,60.6,1.07,65.09,0.67
2024-06-02,11:30,June,Summer,Inverted-V,93,828.97,32.64,48.36,75.93,1.25,60.74,1.05,63.7,0.67
2024-06-02,11:45,June,Summer,Inverted-V,93,809.43,32.57,47.81,76.11,1.22,60.89,1.02,62.31,0.67
2024-06-02,12:00,June,Summer,Inverted-V,93,789.89,32.5,47.25,76.28,1.19,61.03,1.0,60.91,0.67
2024-06-02,12:15,June,Summer,Inverted-V,93,764.89,32.41,46.53,76.51,1.15,61.21,0.97,59.12,0.67
2024-06-02,12:30,June,Summer,Inverted-V,93,739.9,32.31,45.81,76.74,1.11,61.39,0.93,57.32,0.67
2024-06-02,12:45,June,Summer,Inverted-V,93,714.9,32.21,45.09,76.97,1.08,61.57,0.9,55.51,0.67
2024-06-02,13:00,June,Summer,Inverted-V,93,689.9,32.12,44.37,77.2,1.04,61.76,0.87,53.69,0.67
2024-06-02,13:15,June,Summer,Inverted-V,93,649.71,32.06,43.31,77.53,0.98,62.02,0.82,50.73,0.67
2024-06-02,13:30,June,Summer,Inverted-V,93,609.53,32.01,42.25,77.87,0.92,62.29,0.77,47.75,0.67
2024-06-02,13:45,June,Summer,Inverted-V,93,569.34,31.95,41.19,78.2,0.85,62.56,0.72,44.74,0.67
2024-06-02,14:00,June,Summer,Inverted-V,93,529.15,31.9,40.13,78.54,0.79,62.83,0.66,41.72,0.67
2024-06-02,14:15,June,Summer,Inverted-V,93,438.33,31.87,37.83,79.27,0.66,63.41,0.55,34.8,0.67
2024-06-02,14:30,June,Summer,Inverted-V,93,347.52,31.84,35.53,79.99,0.52,64.0,0.43,27.78,0.67
2024-06-02,14:45,June,Summer,Inverted-V,93,256.7,31.81,33.23,80.72,0.38,64.58,0.32,20.66,0.67
2024-06-02,15:00,June,Summer,Inverted-V,93,165.89,31.78,30.93,81.45,0.25,65.16,0.21,13.44,0.67
2024-06-02,15:15,June,Summer,Inverted-V,93,142.21,31.64,30.2,81.68,0.21,65.35,0.18,11.55,0.67
2024-06-02,15:30,June,Summer,Inverted-V,93,118.53,31.5,29.46,81.91,0.18,65.53,0.15,9.64,0.67
2024-06-02,15:45,June,Summer,Inverted-V,93,94.85,31.36,28.73,82.15,0.14,65.72,0.12,7.73,0.67
2024-06-02,16:00,June,Summer,Inverted-V,93,71.17,31.22,28.0,82.38,0.11,65.9,0.09,5.82,0.67
2024-06-02,16:15,June,Summer,Inverted-V,93,56.26,30.87,27.28,82.61,0.08,66.09,0.07,4.61,0.67
2024-06-02,16:30,June,Summer,Inverted-V,93,41.35,30.52,26.56,82.83,0.06,66.27,0.05,3.39,0.67
2024-06-02,16:45,June,Summer,Inverted-V,93,26.44,30.18,25.84,83.06,0.04,66.45,0.03,2.17,0.67
2024-06-02,17:00,June,Summer,Inverted-V,93,11.53,29.83,25.12,83.29,0.02,66.63,0.01,0.95,0.67
2024-06-02,17:15,June,Summer,Inverted-V,93,8.65,29.46,24.67,83.43,0.01,66.75,0.01,0.71,0.67
2024-06-02,17:30,June,Summer,Inverted-V,93,5.77,29.09,24.23,83.57,0.01,66.86,0.01,0.48,0.67
2024-06-03,05:00,June,Summer,Inverted-V,93,6.21,25.57,20.73,84.68,0.01,67.75,0.01,0.52,0.67
2024-06-03,05:15,June,Summer,Inverted-V,93,29.24,25.75,21.49,84.44,0.04,67.55,0.04,2.43,0.67
2024-06-03,05:30,June,Summer,Inverted-V,93,52.26,25.94,22.25,84.2,0.08,67.36,0.06,4.34,0.67
2024-06-03,05:45,June,Summer,Inverted-V,93,75.29,26.12,23.01,83.96,0.11,67.17,0.09,6.24,0.67
2024-06-03,06:00,June,Summer,Inverted-V,93,98.31,26.31,23.77,83.72,0.14,66.97,0.12,8.13,0.67
2024-06-03,06:15,June,Summer,Inverted-V,93,137.22,26.66,25.09,83.3,0.2,66.64,0.17,11.3,0.67
2024-06-03,06:30,June,Summer,Inverted-V,93,176.12,27.01,26.41,82.88,0.26,66.3,0.22,14.46,0.67
2024-06-03,06:45,June,Summer,Inverted-V,93,215.03,27.36,27.74,82.46,0.32,65.97,0.27,17.58,0.67
2024-06-03,07:00,June,Summer,Inverted-V,93,253.93,27.71,29.06,82.04,0.38,65.63,0.32,20.69,0.67
2024-06-03,07:15,June,Summer,Inverted-V,93,292.64,28.14,30.46,81.6,0.43,65.28,0.36,23.74,0.67
2024-06-03,07:30,June,Summer,Inverted-V,93,331.34,28.58,31.86,81.16,0.49,64.92,0.41,26.78,0.67
2024-06-03,07:45,June,Summer,Inverted-V,93,370.05,29.01,33.26,80.71,0.55,64.57,0.46,29.78,0.67
2024-06-03,08:00,June,Summer,Inverted-V,93,408.76,29.44,34.66,80.27,0.61,64.22,0.51,32.76,0.67
2024-06-03,08:15,June,Summer,Inverted-V,93,444.04,29.86,35.96,79.86,0.66,63.89,0.55,35.45,0.67
2024-06-03,08:30,June,Summer,Inverted-V,93,479.32,30.27,37.25,79.45,0.72,63.56,0.6,38.12,0.67
2024-06-03,08:45,June,Summer,Inverted-V,93,514.6,30.69,38.55,79.04,0.77,63.23,0.64,40.77,0.67
2024-06-03,09:00,June,Summer,Inverted-V,93,549.88,31.1,39.85,78.63,0.82,62.9,0.69,43.39,0.67
2024-06-03,09:15,June,Summer,Inverted-V,93,564.56,31.4,40.51,78.42,0.85,62.73,0.71,44.46,0.67
2024-06-03,09:30,June,Summer,Inverted-V,93,579.23,31.69,41.17,78.21,0.87,62.57,0.73,45.52,0.67
2024-06-03,09:45,June,Summer,Inverted-V,93,593.91,31.98,41.83,78.0,0.89,62.4,0.75,46.58,0.67
2024-06-03,10:00,June,Summer,Inverted-V,93,608.58,32.28,42.49,77.79,0.91,62.23,0.77,47.63,0.67
2024-06-03,10:15,June,Summer,Inverted-V,93,628.13,32.51,43.22,77.56,0.94,62.05,0.79,49.06,0.67
2024-06-03,10:30,June,Summer,Inverted-V,93,647.68,32.75,43.94,77.33,0.97,61.87,0.82,50.47,0.67
2024-06-03,10:45,June,Summer,Inverted-V,93,667.22,32.98,44.66,77.1,1.0,61.68,0.84,51.88,0.67
2024-06-03,11:00,June,Summer,Inverted-V,93,686.77,33.21,45.38,76.87,1.03,61.5,0.87,53.27,0.67
2024-06-03,11:15,June,Summer,Inverted-V,93,672.23,33.32,45.13,76.96,1.01,61.56,0.85,52.19,0.67
2024-06-03,11:30,June,Summer,Inverted-V,93,657.68,33.43,44.87,77.04,0.99,61.63,0.83,51.1,0.67
2024-06-03,11:45,June,Summer,Inverted-V,93,643.14,33.54,44.62,77.12,0.97,61.69,0.81,50.01,0.67
2024-06-03,12:00,June,Summer,Inverted-V,93,628.59,33.65,44.36,77.2,0.95,61.76,0.79,48.92,0.67
2024-06-03,12:15,June,Summer,Inverted-V,93,611.16,33.72,44.0,77.31,0.92,61.85,0.77,47.61,0.67
2024-06-03,12:30,June,Summer,Inverted-V,93,593.73,33.79,43.63,77.43,0.89,61.94,0.75,46.31,0.67
2024-06-03,12:45,June,Summer,Inverted-V,93,576.3,33.86,43.27,77.54,0.87,62.03,0.73,45.0,0.67
2024-06-03,13:00,June,Summer,Inverted-V,93,558.87,33.93,42.9,77.66,0.84,62.13,0.7,43.69,0.67
2024-06-03,13:15,June,Summer,Inverted-V,93,531.96,33.94,42.23,77.87,0.8,62.3,0.67,41.67,0.67
2024-06-03,13:30,June,Summer,Inverted-V,93,505.05,33.94,41.57,78.08,0.76,62.47,0.63,39.64,0.67
2024-06-03,13:45,June,Summer,Inverted-V,93,478.13,33.95,40.9,78.29,0.72,62.64,0.6,37.61,0.67
2024-06-03,14:00,June,Summer,Inverted-V,93,451.22,33.95,40.23,78.51,0.68,62.8,0.57,35.56,0.67
2024-06-03,14:15,June,Summer,Inverted-V,93,414.09,33.9,39.25,78.82,0.62,63.05,0.52,32.74,0.67
2024-06-03,14:30,June,Summer,Inverted-V,93,376.96,33.84,38.27,79.13,0.56,63.3,0.47,29.89,0.67
2024-06-03,14:45,June,Summer,Inverted-V,93,339.82,33.79,37.29,79.44,0.51,63.55,0.43,27.02,0.67
2024-06-03,15:00,June,Summer,Inverted-V,93,302.69,33.74,36.31,79.75,0.45,63.8,0.38,24.14,0.67
2024-06-03,15:15,June,Summer,Inverted-V,93,268.13,33.56,35.27,80.08,0.4,64.06,0.33,21.45,0.67
2024-06-03,15:30,June,Summer,Inverted-V,93,233.56,33.39,34.23,80.41,0.35,64.32,0.29,18.74,0.67
2024-06-03,15:45,June,Summer,Inverted-V,93,199.0,33.22,33.19,80.73,0.3,64.59,0.25,16.02,0.67
2024-06-03,16:00,June,Summer,Inverted-V,93,164.43,33.04,32.15,81.06,0.24,64.85,0.2,13.28,0.67
2024-06-03,16:15,June,Summer,Inverted-V,93,133.74,32.69,31.03,81.42,0.2,65.13,0.17,10.83,0.67
2024-06-03,16:30,June,Summer,Inverted-V,93,103.05,32.34,29.91,81.77,0.15,65.42,0.13,8.37,0.67
2024-06-03,16:45,June,Summer,Inverted-V,93,72.36,31.98,28.79,82.13,0.11,65.7,0.09,5.9,0.67
2024-06-03,17:00,June,Summer,Inverted-V,93,41.67,31.63,27.67,82.48,0.06,65.99,0.05,3.41,0.67
2024-06-03,17:15,June,Summer,Inverted-V,93,31.25,31.17,26.95,82.71,0.05,66.17,0.04,2.56,0.67
2024-06-03,17:30,June,Summer,Inverted-V,93,20.83,30.7,26.23,82.94,0.03,66.35,0.03,1.71,0.67
2024-06-03,17:45,June,Summer,Inverted-V,93,10.42,30.24,25.5,83.17,0.02,66.54,0.01,0.86,0.67
2024-06-04,04:45,June,Summer,Inverted-V,93,5.75,26.01,21.15,84.55,0.01,67.64,0.01,0.48,0.67
2024-06-04,05:00,June,Summer,Inverted-V,93,7.67,25.99,21.18,84.54,0.01,67.63,0.01,0.64,0.67
2024-06-04,05:15,June,Summer,Inverted-V,93,35.85,26.17,22.06,84.26,0.05,67.41,0.04,2.98,0.67
2024-06-04,05:30,June,Summer,Inverted-V,93,64.03,26.34,22.95,83.98,0.09,67.18,0.08,5.31,0.67
2024-06-04,05:45,June,Summer,Inverted-V,93,92.21,26.52,23.83,83.7,0.14,66.96,0.11,7.62,0.67
2024-06-04,06:00,June,Summer,Inverted-V,93,120.39,26.7,24.71,83.42,0.18,66.74,0.15,9.93,0.67
2024-06-04,06:15,June,Summer,Inverted-V,93,164.96,27.01,26.14,82.97,0.24,66.37,0.2,13.55,0.67
2024-06-04,06:30,June,Summer,Inverted-V,93,209.53,27.32,27.56,82.52,0.31,66.01,0.26,17.14,0.67
2024-06-04,06:45,June,Summer,Inverted-V,93,254.1,27.64,28.99,82.06,0.38,65.65,0.32,20.7,0.67
2024-06-04,07:00,June,Summer,Inverted-V,93,298.67,27.95,30.42,81.61,0.44,65.29,0.37,24.24,0.67
2024-06-04,07:15,June,Summer,Inverted-V,93,345.91,28.41,32.06,81.09,0.51,64.87,0.43,27.94,0.67
2024-06-04,07:30,June,Summer,Inverted-V,93,393.14,28.87,33.7,80.57,0.59,64.46,0.49,31.6,0.67
2024-06-04,07:45,June,Summer,Inverted-V,93,440.37,29.33,35.34,80.05,0.66,64.04,0.55,35.22,0.67
2024-06-04,08:00,June,Summer,Inverted-V,93,487.6,29.79,36.98,79.53,0.73,63.63,0.61,38.81,0.67
2024-06-04,08:15,June,Summer,Inverted-V,93,530.61,30.21,38.48,79.06,0.79,63.25,0.66,42.04,0.67
2024-06-04,08:30,June,Summer,Inverted-V,93,573.62,30.64,39.98,78.58,0.86,62.87,0.72,45.25,0.67
2024-06-04,08:45,June,Summer,Inverted-V,93,616.63,31.06,41.48,78.11,0.93,62.49,0.77,48.42,0.67
2024-06-04,09:00,June,Summer,Inverted-V,93,659.64,31.49,42.98,77.63,0.99,62.11,0.83,51.55,0.67
2024-06-04,09:15,June,Summer,Inverted-V,93,691.19,31.76,44.04,77.3,1.04,61.84,0.87,53.84,0.67
2024-06-04,09:30,June,Summer,Inverted-V,93,722.74,32.02,45.09,76.97,1.09,61.57,0.91,56.11,0.67
2024-06-04,09:45,June,Summer,Inverted-V,93,754.28,32.29,46.15,76.63,1.14,61.3,0.95,58.37,0.67
2024-06-04,10:00,June,Summer,Inverted-V,93,785.83,32.56,47.21,76.3,1.19,61.04,0.99,60.61,0.67
2024-06-04,10:15,June,Summer,Inverted-V,93,777.08,32.72,47.15,76.31,1.17,61.05,0.98,59.94,0.67
2024-06-04,10:30,June,Summer,Inverted-V,93,768.32,32.89,47.09,76.33,1.16,61.07,0.97,59.28,0.67
2024-06-04,10:45,June,Summer,Inverted-V,93,759.57,33.05,47.04,76.35,1.15,61.08,0.96,58.61,0.67
2024-06-04,11:00,June,Summer,Inverted-V,93,750.82,33.21,46.98,76.37,1.13,61.09,0.95,57.95,0.67
2024-06-04,11:15,June,Summer,Inverted-V,93,764.87,33.27,47.39,76.24,1.15,60.99,0.97,58.96,0.67
2024-06-04,11:30,June,Summer,Inverted-V,93,778.92,33.34,47.81,76.11,1.18,60.88,0.98,59.96,0.67
2024-06-04,11:45,June,Summer,Inverted-V,93,792.98,33.4,48.22,75.97,1.2,60.78,1.0,60.96,0.67
2024-06-04,12:00,June,Summer,Inverted-V,93,807.03,33.46,48.64,75.84,1.22,60.68,1.02,61.96,0.67
2024-06-04,12:15,June,Summer,Inverted-V,93,769.26,33.47,47.7,76.14,1.16,60.91,0.97,59.24,0.67
2024-06-04,12:30,June,Summer,Inverted-V,93,731.48,33.48,46.77,76.44,1.1,61.15,0.92,56.5,0.67
2024-06-04,12:45,June,Summer,Inverted-V,93,693.71,33.49,45.83,76.73,1.05,61.39,0.88,53.74,0.67
2024-06-04,13:00,June,Summer,Inverted-V,93,655.94,33.5,44.9,77.03,0.99,61.62,0.83,50.96,0.67
2024-06-04,13:15,June,Summer,Inverted-V,93,635.22,33.47,44.35,77.2,0.96,61.76,0.8,49.43,0.67
2024-06-04,13:30,June,Summer,Inverted-V,93,614.5,33.44,43.8,77.38,0.92,61.9,0.77,47.9,0.67
2024-06-04,13:45,June,Summer,Inverted-V,93,593.79,33.4,43.25,77.55,0.89,62.04,0.75,46.37,0.67
2024-06-04,14:00,June,Summer,Inverted-V,93,573.07,33.37,42.7,77.72,0.86,62.18,0.72,44.83,0.67
2024-06-04,14:15,June,Summer,Inverted-V,93,537.61,33.3,41.74,78.03,0.81,62.42,0.68,42.18,0.67
2024-06-04,14:30,June,Summer,Inverted-V,93,502.16,33.22,40.78,78.33,0.75,62.67,0.63,39.51,0.67
2024-06-04,14:45,June,Summer,Inverted-V,93,466.7,33.15,39.82,78.64,0.7,62.91,0.59,36.83,0.67
2024-06-04,15:00,June,Summer,Inverted-V,93,431.24,33.08,38.86,78.94,0.65,63.15,0.54,34.13,0.67
2024-06-04,15:15,June,Summer,Inverted-V,93,381.11,32.88,37.4,79.4,0.57,63.52,0.48,30.3,0.67
2024-06-04,15:30,June,Summer,Inverted-V,93,330.97,32.67,35.94,79.86,0.49,63.89,0.41,26.43,0.67
2024-06-04,15:45,June,Summer,Inverted-V,93,280.83,32.46,34.49,80.32,0.42,64.26,0.35,22.52,0.67
2024-06-04,16:00,June,Summer,Inverted-V,93,230.69,32.26,33.03,80.79,0.34,64.63,0.29,18.58,0.67
2024-06-04,16:15,June,Summer,Inverted-V,93,187.36,31.89,31.58,81.25,0.28,65.0,0.23,15.15,0.67
2024-06-04,16:30,June,Summer,Inverted-V,93,144.03,31.52,30.13,81.7,0.21,65.36,0.18,11.7,0.67
2024-06-04,16:45,June,Summer,Inverted-V,93,100.7,31.16,28.67,82.16,0.15,65.73,0.12,8.21,0.67
2024-06-04,17:00,June,Summer,Inverted-V,93,57.37,30.79,27.22,82.62,0.08,66.1,0.07,4.7,0.67
2024-06-04,17:15,June,Summer,Inverted-V,93,43.03,30.41,26.49,82.86,0.06,66.29,0.05,3.53,0.67
2024-06-04,17:30,June,Summer,Inverted-V,93,28.68,30.04,25.75,83.09,0.04,66.47,0.04,2.36,0.67
2024-06-04,17:45,June,Summer,Inverted-V,93,14.34,29.66,25.02,83.32,0.02,66.66,0.02,1.18,0.67
2024-06-05,04:45,June,Summer,Inverted-V,93,5.44,25.75,20.89,84.63,0.01,67.7,0.01,0.45,0.67
2024-06-05,05:00,June,Summer,Inverted-V,93,7.26,25.74,20.92,84.62,0.01,67.7,0.01,0.6,0.67
2024-06-05,05:15,June,Summer,Inverted-V,93,32.23,25.91,21.71,84.37,0.05,67.49,0.04,2.68,0.67
2024-06-05,05:30,June,Summer,Inverted-V,93,57.21,26.07,22.51,84.12,0.08,67.29,0.07,4.75,0.67
2024-06-05,05:45,June,Summer,Inverted-V,93,82.18,26.24,23.3,83.87,0.12,67.09,0.1,6.8,0.67
2024-06-05,06:00,June,Summer,Inverted-V,93,107.16,26.41,24.09,83.62,0.16,66.89,0.13,8.85,0.67
2024-06-05,06:15,June,Summer,Inverted-V,93,153.57,26.82,25.66,83.12,0.23,66.5,0.19,12.63,0.67
2024-06-05,06:30,June,Summer,Inverted-V,93,199.97,27.23,27.22,82.62,0.3,66.1,0.25,16.38,0.67
2024-06-05,06:45,June,Summer,Inverted-V,93,246.38,27.63,28.79,82.13,0.37,65.7,0.31,20.09,0.67
2024-06-05,07:00,June,Summer,Inverted-V,93,292.79,28.04,30.36,81.63,0.43,65.3,0.36,23.76,0.67
2024-06-05,07:15,June,Summer,Inverted-V,93,337.4,28.48,31.92,81.14,0.5,64.91,0.42,27.26,0.67
2024-06-05,07:30,June,Summer,Inverted-V,93,382.01,28.93,33.48,80.64,0.57,64.51,0.48,30.72,0.67
2024-06-05,07:45,June,Summer,Inverted-V,93,426.62,29.38,35.04,80.15,0.64,64.12,0.53,34.15,0.67
2024-06-05,08:00,June,Summer,Inverted-V,93,471.24,29.82,36.6,79.65,0.7,63.72,0.59,37.55,0.67
2024-06-05,08:15,June,Summer,Inverted-V,93,508.8,30.22,37.94,79.23,0.76,63.38,0.64,40.38,0.67
2024-06-05,08:30,June,Summer,Inverted-V,93,546.37,30.62,39.28,78.8,0.82,63.04,0.69,43.19,0.67
2024-06-05,08:45,June,Summer,Inverted-V,93,583.94,31.03,40.63,78.38,0.88,62.7,0.73,45.97,0.67
2024-06-05,09:00,June,Summer,Inverted-V,93,621.51,31.43,41.97,77.96,0.93,62.36,0.78,48.73,0.67
2024-06-05,09:15,June,Summer,Inverted-V,93,659.96,31.8,43.3,77.53,0.99,62.03,0.83,51.53,0.67
2024-06-05,09:30,June,Summer,Inverted-V,93,698.42,32.17,44.64,77.11,1.05,61.69,0.88,54.3,0.67
2024-06-05,09:45,June,Summer,Inverted-V,93,736.88,32.55,45.97,76.69,1.11,61.35,0.93,57.06,0.67
2024-06-05,10:00,June,Summer,Inverted-V,93,775.33,32.92,47.3,76.27,1.17,61.01,0.98,59.78,0.67
2024-06-05,10:15,June,Summer,Inverted-V,93,768.14,33.2,47.4,76.24,1.16,60.99,0.97,59.21,0.67
2024-06-05,10:30,June,Summer,Inverted-V,93,760.94,33.47,47.49,76.21,1.15,60.96,0.96,58.64,0.67
2024-06-05,10:45,June,Summer,Inverted-V,93,753.75,33.75,47.59,76.18,1.14,60.94,0.95,58.06,0.67
2024-06-05,11:00,June,Summer,Inverted-V,93,746.55,34.02,47.68,76.15,1.13,60.92,0.94,57.49,0.67
2024-06-05,11:15,June,Summer,Inverted-V,93,734.9,34.15,47.52,76.2,1.11,60.96,0.93,56.62,0.67
2024-06-05,11:30,June,Summer,Inverted-V,93,723.25,34.28,47.36,76.25,1.09,61.0,0.91,55.76,0.67
2024-06-05,11:45,June,Summer,Inverted-V,93,711.6,34.4,47.19,76.3,1.07,61.04,0.9,54.89,0.67
2024-06-05,12:00,June,Summer,Inverted-V,93,699.95,34.53,47.03,76.35,1.06,61.08,0.88,54.01,0.67
2024-06-05,12:15,June,Summer,Inverted-V,93,688.41,34.46,46.67,76.47,1.04,61.17,0.87,53.18,0.67
2024-06-05,12:30,June,Summer,Inverted-V,93,676.88,34.39,46.32,76.58,1.02,61.26,0.85,52.35,0.67
2024-06-05,12:45,June,Summer,Inverted-V,93,665.34,34.33,45.96,76.69,1.0,61.35,0.84,51.52,0.67
2024-06-05,13:00,June,Summer,Inverted-V,93,653.81,34.26,45.61,76.8,0.98,61.44,0.82,50.68,0.67
2024-06-05,13:15,June,Summer,Inverted-V,93,610.91,34.02,44.29,77.22,0.92,61.78,0.77,47.55,0.67
2024-06-05,13:30,June,Summer,Inverted-V,93,568.0,33.78,42.98,77.63,0.85,62.11,0.71,44.39,0.67
2024-06-05,13:45,June,Summer,Inverted-V,93,525.1,33.54,41.67,78.05,0.79,62.44,0.66,41.21,0.67
2024-06-05,14:00,June,Summer,Inverted-V,93,482.2,33.3,40.35,78.47,0.72,62.77,0.61,37.99,0.67
2024-06-05,14:15,June,Summer,Inverted-V,93,433.37,33.01,38.85,78.94,0.65,63.15,0.54,34.3,0.67
2024-06-05,14:30,June,Summer,Inverted-V,93,384.55,32.72,37.34,79.42,0.57,63.54,0.48,30.58,0.67
2024-06-05,14:45,June,Summer,Inverted-V,93,335.73,32.44,35.83,79.9,0.5,63.92,0.42,26.81,0.67
2024-06-05,15:00,June,Summer,Inverted-V,93,286.9,32.15,34.32,80.38,0.43,64.3,0.36,23.02,0.67
2024-06-05,15:15,June,Summer,Inverted-V,93,251.23,31.79,33.07,80.77,0.37,64.62,0.31,20.23,0.67
2024-06-05,15:30,June,Summer,Inverted-V,93,215.55,31.42,31.81,81.17,0.32,64.94,0.27,17.42,0.67
2024-06-05,15:45,June,Summer,Inverted-V,93,179.88,31.06,30.56,81.57,0.27,65.25,0.22,14.59,0.67
2024-06-05,16:00,June,Summer,Inverted-V,93,144.2,30.7,29.31,81.96,0.21,65.57,0.18,11.74,0.67
2024-06-05,16:15,June,Summer,Inverted-V,93,117.74,30.33,28.28,82.29,0.17,65.83,0.15,9.61,0.67
2024-06-05,16:30,June,Summer,Inverted-V,93,91.29,29.96,27.25,82.62,0.14,66.09,0.11,7.48,0.67
2024-06-05,16:45,June,Summer,Inverted-V,93,64.83,29.6,26.22,82.94,0.1,66.35,0.08,5.32,0.67
2024-06-05,17:00,June,Summer,Inverted-V,93,38.37,29.23,25.19,83.27,0.06,66.61,0.05,3.16,0.67
2024-06-05,17:15,June,Summer,Inverted-V,93,28.78,28.99,24.71,83.42,0.04,66.74,0.04,2.37,0.67
2024-06-05,17:30,June,Summer,Inverted-V,93,19.19,28.76,24.23,83.57,0.03,66.86,0.02,1.58,0.67
2024-06-05,17:45,June,Summer,Inverted-V,93,9.59,28.52,23.76,83.72,0.01,66.98,0.01,0.79,0.67
2024-06-06,05:00,June,Summer,Inverted-V,93,6.43,25.99,21.15,84.55,0.01,67.64,0.01,0.54,0.67
2024-06-06,05:15,June,Summer,Inverted-V,93,34.44,26.16,22.03,84.27,0.05,67.42,0.04,2.86,0.67
2024-06-06,05:30,June,Summer,Inverted-V,93,62.46,26.34,22.9,83.99,0.09,67.19,0.08,5.18,0.67
2024-06-06,05:45,June,Summer,Inverted-V,93,90.48,26.52,23.78,83.72,0.13,66.97,0.11,7.48,0.67
2024-06-06,06:00,June,Summer,Inverted-V,93,118.5,26.69,24.65,83.44,0.17,66.75,0.15,9.77,0.67
2024-06-06,06:15,June,Summer,Inverted-V,93,166.32,26.94,26.1,82.98,0.25,66.38,0.21,13.66,0.67
2024-06-06,06:30,June,Summer,Inverted-V,93,214.15,27.19,27.54,82.52,0.32,66.02,0.27,17.52,0.67
2024-06-06,06:45,June,Summer,Inverted-V,93,261.97,27.44,28.99,82.06,0.39,65.65,0.33,21.35,0.67
2024-06-06,07:00,June,Summer,Inverted-V,93,309.8,27.69,30.43,81.61,0.46,65.29,0.39,25.14,0.67
2024-06-06,07:15,June,Summer,Inverted-V,93,356.73,27.99,31.91,81.14,0.53,64.91,0.44,28.82,0.67
2024-06-06,07:30,June,Summer,Inverted-V,93,403.66,28.29,33.38,80.68,0.6,64.54,0.5,32.47,0.67
2024-06-06,07:45,June,Summer,Inverted-V,93,450.59,28.58,34.85,80.21,0.67,64.17,0.56,36.09,0.67
2024-06-06,08:00,June,Summer,Inverted-V,93,497.52,28.88,36.32,79.74,0.74,63.8,0.62,39.68,0.67
2024-06-06,08:15,June,Summer,Inverted-V,93,537.24,29.11,37.54,79.36,0.8,63.49,0.67,42.69,0.67
2024-06-06,08:30,June,Summer,Inverted-V,93,576.95,29.34,38.76,78.97,0.86,63.18,0.72,45.68,0.67
2024-06-06,08:45,June,Summer,Inverted-V,93,616.66,29.56,39.98,78.58,0.92,62.87,0.77,48.64,0.67
2024-06-06,09:00,June,Summer,Inverted-V,93,656.37,29.79,41.2,78.2,0.98,62.56,0.82,51.58,0.67
2024-06-06,09:15,June,Summer,Inverted-V,93,696.56,29.93,42.34,77.84,1.05,62.27,0.88,54.55,0.67
2024-06-06,09:30,June,Summer,Inverted-V,93,736.76,30.06,43.48,77.48,1.11,61.98,0.93,57.49,0.67
2024-06-06,09:45,June,Summer,Inverted-V,93,776.95,30.2,44.63,77.11,1.17,61.69,0.98,60.41,0.67
2024-06-06,10:00,June,Summer,Inverted-V,93,817.15,30.34,45.77,76.75,1.23,61.4,1.03,63.31,0.67
2024-06-06,10:15,June,Summer,Inverted-V,93,824.66,30.44,46.05,76.66,1.24,61.33,1.04,63.84,0.67
2024-06-06,10:30,June,Summer,Inverted-V,93,832.18,30.54,46.34,76.57,1.25,61.26,1.05,64.36,0.67
2024-06-06,10:45,June,Summer,Inverted-V,93,839.69,30.63,46.62,76.48,1.27,61.18,1.06,64.88,0.67
2024-06-06,11:00,June,Summer,Inverted-V,93,847.21,30.73,46.91,76.39,1.28,61.11,1.07,65.4,0.67
2024-06-06,11:15,June,Summer,Inverted-V,93,834.51,30.79,46.66,76.47,1.26,61.18,1.05,64.48,0.67
2024-06-06,11:30,June,Summer,Inverted-V,93,821.81,30.86,46.4,76.55,1.24,61.24,1.04,63.55,0.67
2024-06-06,11:45,June,Summer,Inverted-V,93,809.11,30.92,46.15,76.63,1.22,61.31,1.02,62.61,0.67
2024-06-06,12:00,June,Summer,Inverted-V,93,796.41,30.98,45.89,76.71,1.2,61.37,1.01,61.68,0.67
2024-06-06,12:15,June,Summer,Inverted-V,93,778.41,30.98,45.44,76.86,1.17,61.49,0.98,60.37,0.67
2024-06-06,12:30,June,Summer,Inverted-V,93,760.41,30.97,44.98,77.0,1.14,61.6,0.96,59.06,0.67
2024-06-06,12:45,June,Summer,Inverted-V,93,742.41,30.96,44.53,77.15,1.12,61.72,0.94,57.74,0.67
2024-06-06,13:00,June,Summer,Inverted-V,93,724.41,30.96,44.07,77.29,1.09,61.83,0.91,56.42,0.67
2024-06-06,13:15,June,Summer,Inverted-V,93,671.04,30.94,42.71,77.72,1.01,62.18,0.84,52.49,0.67
2024-06-06,13:30,June,Summer,Inverted-V,93,617.68,30.91,41.35,78.15,0.93,62.52,0.78,48.52,0.67
2024-06-06,13:45,June,Summer,Inverted-V,93,564.31,30.88,39.99,78.58,0.85,62.86,0.71,44.51,0.67
2024-06-06,14:00,June,Summer,Inverted-V,93,510.95,30.86,38.63,79.01,0.76,63.21,0.64,40.47,0.67
2024-06-06,14:15,June,Summer,Inverted-V,93,458.87,30.77,37.24,79.45,0.69,63.56,0.57,36.5,0.67
2024-06-06,14:30,June,Summer,Inverted-V,93,406.8,30.68,35.85,79.89,0.61,63.91,0.51,32.49,0.67
2024-06-06,14:45,June,Summer,Inverted-V,93,354.72,30.59,34.46,80.33,0.53,64.27,0.44,28.45,0.67
2024-06-06,15:00,June,Summer,Inverted-V,93,302.65,30.5,33.07,80.77,0.45,64.62,0.38,24.37,0.67
2024-06-06,15:15,June,Summer,Inverted-V,93,267.32,30.3,31.99,81.12,0.4,64.89,0.33,21.59,0.67
2024-06-06,15:30,June,Summer,Inverted-V,93,231.99,30.11,30.9,81.46,0.34,65.17,0.29,18.8,0.67
2024-06-06,15:45,June,Summer,Inverted-V,93,196.66,29.91,29.82,81.8,0.29,65.44,0.24,15.99,0.67
2024-06-06,16:00,June,Summer,Inverted-V,93,161.33,29.71,28.74,82.14,0.24,65.71,0.2,13.15,0.67
2024-06-06,16:15,June,Summer,Inverted-V,93,130.37,29.42,27.68,82.48,0.19,65.98,0.16,10.66,0.67
2024-06-06,16:30,June,Summer,Inverted-V,93,99.41,29.12,26.61,82.82,0.15,66.25,0.12,8.16,0.67
2024-06-06,16:45,June,Summer,Inverted-V,93,68.46,28.83,25.54,83.16,0.1,66.52,0.08,5.63,0.67
2024-06-06,17:00,June,Summer,Inverted-V,93,37.5,28.54,24.48,83.49,0.06,66.79,0.05,3.09,0.67
2024-06-06,17:15,June,Summer,Inverted-V,93,28.12,28.28,23.99,83.65,0.04,66.92,0.03,2.32,0.67
2024-06-06,17:30,June,Summer,Inverted-V,93,18.75,28.02,23.49,83.8,0.03,67.04,0.02,1.55,0.67
2024-06-06,17:45,June,Summer,Inverted-V,93,9.37,27.77,23.0,83.96,0.01,67.17,0.01,0.78,0.67
2024-06-07,05:15,June,Summer,Inverted-V,93,21.65,25.08,20.62,84.71,0.03,67.77,0.03,1.81,0.67
2024-06-07,05:30,June,Summer,Inverted-V,93,39.16,25.26,21.23,84.52,0.06,67.62,0.05,3.26,0.67
2024-06-07,05:45,June,Summer,Inverted-V,93,56.66,25.43,21.84,84.33,0.08,67.46,0.07,4.71,0.67
2024-06-07,06:00,June,Summer,Inverted-V,93,74.17,25.6,22.45,84.13,0.11,67.31,0.09,6.16,0.67
2024-06-07,06:15,June,Summer,Inverted-V,93,102.73,25.87,23.44,83.82,0.15,67.06,0.13,8.5,0.67
2024-06-07,06:30,June,Summer,Inverted-V,93,131.29,26.15,24.43,83.51,0.19,66.81,0.16,10.84,0.67
2024-06-07,06:45,June,Summer,Inverted-V,93,159.85,26.42,25.41,83.2,0.24,66.56,0.2,13.16,0.67
2024-06-07,07:00,June,Summer,Inverted-V,93,188.41,26.69,26.4,82.88,0.28,66.31,0.23,15.46,0.67
2024-06-07,07:15,June,Summer,Inverted-V,93,223.89,27.09,27.69,82.48,0.33,65.98,0.28,18.31,0.67
2024-06-07,07:30,June,Summer,Inverted-V,93,259.38,27.49,28.97,82.07,0.38,65.66,0.32,21.13,0.67
2024-06-07,07:45,June,Summer,Inverted-V,93,294.86,27.89,30.26,81.66,0.44,65.33,0.37,23.94,0.67
2024-06-07,08:00,June,Summer,Inverted-V,93,330.35,28.29,31.55,81.25,0.49,65.0,0.41,26.72,0.67
2024-06-07,08:15,June,Summer,Inverted-V,93,367.43,28.68,32.87,80.84,0.55,64.67,0.46,29.6,0.67
2024-06-07,08:30,June,Summer,Inverted-V,93,404.52,29.07,34.18,80.42,0.6,64.34,0.5,32.47,0.67
2024-06-07,08:45,June,Summer,Inverted-V,93,441.6,29.46,35.5,80.0,0.66,64.0,0.55,35.31,0.67
2024-06-07,09:00,June,Summer,Inverted-V,93,478.69,29.85,36.82,79.59,0.71,63.67,0.6,38.12,0.67
2024-06-07,09:15,June,Summer,Inverted-V,93,520.27,30.15,38.15,79.16,0.78,63.33,0.65,41.27,0.67
2024-06-07,09:30,June,Summer,Inverted-V,93,561.84,30.45,39.49,78.74,0.84,62.99,0.7,44.38,0.67
2024-06-07,09:45,June,Summer,Inverted-V,93,603.42,30.74,40.83,78.32,0.9,62.65,0.76,47.47,0.67
2024-06-07,10:00,June,Summer,Inverted-V,93,645.0,31.04,42.16,77.89,0.97,62.31,0.81,50.54,0.67
2024-06-07,10:15,June,Summer,Inverted-V,93,660.28,31.19,42.7,77.72,0.99,62.18,0.83,51.65,0.67
2024-06-07,10:30,June,Summer,Inverted-V,93,675.57,31.34,43.23,77.56,1.02,62.04,0.85,52.76,0.67
2024-06-07,10:45,June,Summer,Inverted-V,93,690.85,31.49,43.76,77.39,1.04,61.91,0.87,53.86,0.67
2024-06-07,11:00,June,Summer,Inverted-V,93,706.14,31.64,44.29,77.22,1.06,61.78,0.89,54.96,0.67
2024-06-07,11:15,June,Summer,Inverted-V,93,709.89,31.72,44.46,77.16,1.07,61.73,0.89,55.23,0.67
2024-06-07,11:30,June,Summer,Inverted-V,93,713.65,31.8,44.64,77.11,1.07,61.69,0.9,55.49,0.67
2024-06-07,11:45,June,Summer,Inverted-V,93,717.41,31.87,44.81,77.06,1.08,61.64,0.9,55.75,0.67
2024-06-07,12:00,June,Summer,Inverted-V,93,721.17,31.95,44.98,77.0,1.09,61.6,0.91,56.01,0.67
2024-06-07,12:15,June,Summer,Inverted-V,93,706.73,31.97,44.64,77.11,1.06,61.69,0.89,54.95,0.67
2024-06-07,12:30,June,Summer,Inverted-V,93,692.28,31.98,44.29,77.22,1.04,61.78,0.87,53.88,0.67
2024-06-07,12:45,June,Summer,Inverted-V,93,677.84,32.0,43.95,77.33,1.02,61.86,0.85,52.82,0.67
2024-06-07,13:00,June,Summer,Inverted-V,93,663.39,32.02,43.6,77.44,1.0,61.95,0.84,51.75,0.67
2024-06-07,13:15,June,Summer,Inverted-V,93,621.07,31.97,42.5,77.79,0.93,62.23,0.78,48.61,0.67
2024-06-07,13:30,June,Summer,Inverted-V,93,578.76,31.93,41.39,78.14,0.87,62.51,0.73,45.45,0.67
2024-06-07,13:45,June,Summer,Inverted-V,93,536.44,31.88,40.29,78.49,0.8,62.79,0.67,42.27,0.67
2024-06-07,14:00,June,Summer,Inverted-V,93,494.12,31.83,39.18,78.84,0.74,63.07,0.62,39.07,0.67
2024-06-07,14:15,June,Summer,Inverted-V,93,451.36,31.69,37.98,79.22,0.67,63.38,0.57,35.82,0.67
2024-06-07,14:30,June,Summer,Inverted-V,93,408.6,31.55,36.77,79.6,0.61,63.68,0.51,32.54,0.67
2024-06-07,14:45,June,Summer,Inverted-V,93,365.84,31.42,35.56,79.98,0.55,63.99,0.46,29.24,0.67
2024-06-07,15:00,June,Summer,Inverted-V,93,323.08,31.28,34.36,80.37,0.48,64.29,0.4,25.92,0.67
2024-06-07,15:15,June,Summer,Inverted-V,93,285.67,31.04,33.18,80.74,0.43,64.59,0.36,23.0,0.67
2024-06-07,15:30,June,Summer,Inverted-V,93,248.27,30.79,32.0,81.11,0.37,64.89,0.31,20.05,0.67
2024-06-07,15:45,June,Summer,Inverted-V,93,210.86,30.55,30.82,81.49,0.31,65.19,0.26,17.09,0.67
2024-06-07,16:00,June,Summer,Inverted-V,93,173.45,30.3,29.64,81.86,0.26,65.49,0.22,14.11,0.67
2024-06-07,16:15,June,Summer,Inverted-V,93,142.7,29.95,28.51,82.22,0.21,65.77,0.18,11.64,0.67
2024-06-07,16:30,June,Summer,Inverted-V,93,111.94,29.59,27.39,82.57,0.17,66.06,0.14,9.16,0.67
2024-06-07,16:45,June,Summer,Inverted-V,93,81.19,29.23,26.26,82.93,0.12,66.34,0.1,6.67,0.67
2024-06-07,17:00,June,Summer,Inverted-V,93,50.44,28.88,25.14,83.28,0.07,66.63,0.06,4.15,0.67
2024-06-07,17:15,June,Summer,Inverted-V,93,37.83,28.58,24.53,83.48,0.06,66.78,0.05,3.12,0.67
2024-06-07,17:30,June,Summer,Inverted-V,93,25.22,28.28,23.91,83.67,0.04,66.94,0.03,2.08,0.67
2024-06-07,17:45,June,Summer,Inverted-V,93,12.61,27.98,23.3,83.87,0.02,67.09,0.02,1.04,0.67
2024-06-08,04:45,June,Summer,Inverted-V,93,5.43,24.98,20.12,84.87,0.01,67.9,0.01,0.45,0.67
2024-06-08,05:00,June,Summer,Inverted-V,93,7.24,25.01,20.19,84.85,0.01,67.88,0.01,0.6,0.67
2024-06-08,05:15,June,Summer,Inverted-V,93,28.1,25.23,20.93,84.62,0.04,67.69,0.03,2.34,0.67
2024-06-08,05:30,June,Summer,Inverted-V,93,48.96,25.45,21.68,84.38,0.07,67.5,0.06,4.07,0.67
2024-06-08,05:45,June,Summer,Inverted-V,93,69.82,25.68,22.42,84.14,0.1,67.32,0.09,5.8,0.67
2024-06-08,06:00,June,Summer,Inverted-V,93,90.69,25.9,23.17,83.91,0.13,67.13,0.11,7.51,0.67
2024-06-08,06:15,June,Summer,Inverted-V,93,131.07,26.17,24.45,83.5,0.19,66.8,0.16,10.82,0.67
2024-06-08,06:30,June,Summer,Inverted-V,93,171.44,26.45,25.73,83.1,0.25,66.48,0.21,14.1,0.67
2024-06-08,06:45,June,Summer,Inverted-V,93,211.82,26.72,27.01,82.69,0.31,66.15,0.26,17.36,0.67
2024-06-08,07:00,June,Summer,Inverted-V,93,252.2,26.99,28.3,82.28,0.37,65.83,0.31,20.59,0.67
2024-06-08,07:15,June,Summer,Inverted-V,93,292.9,27.34,29.67,81.85,0.43,65.48,0.36,23.82,0.67
2024-06-08,07:30,June,Summer,Inverted-V,93,333.6,27.7,31.04,81.42,0.5,65.13,0.41,27.02,0.67
2024-06-08,07:45,June,Summer,Inverted-V,93,374.29,28.05,32.41,80.98,0.56,64.78,0.47,30.2,0.67
2024-06-08,08:00,June,Summer,Inverted-V,93,414.99,28.41,33.78,80.55,0.62,64.44,0.52,33.35,0.67
2024-06-08,08:15,June,Summer,Inverted-V,93,426.78,28.76,34.43,80.34,0.64,64.27,0.53,34.23,0.67
2024-06-08,08:30,June,Summer,Inverted-V,93,438.57,29.11,35.07,80.14,0.65,64.11,0.55,35.11,0.67
2024-06-08,08:45,June,Summer,Inverted-V,93,450.36,29.46,35.72,79.93,0.67,63.95,0.56,35.98,0.67
2024-06-08,09:00,June,Summer,Inverted-V,93,462.15,29.81,36.36,79.73,0.69,63.78,0.58,36.85,0.67
2024-06-08,09:15,June,Summer,Inverted-V,93,476.98,30.05,36.97,79.54,0.71,63.63,0.6,37.97,0.67
2024-06-08,09:30,June,Summer,Inverted-V,93,491.81,30.29,37.59,79.34,0.74,63.47,0.62,39.07,0.67
2024-06-08,09:45,June,Summer,Inverted-V,93,506.63,30.53,38.2,79.15,0.76,63.32,0.63,40.18,0.67
2024-06-08,10:00,June,Summer,Inverted-V,93,521.46,30.77,38.81,78.96,0.78,63.16,0.65,41.28,0.67
2024-06-08,10:15,June,Summer,Inverted-V,93,529.21,30.9,39.13,78.85,0.79,63.08,0.66,41.85,0.67
2024-06-08,10:30,June,Summer,Inverted-V,93,536.97,31.04,39.46,78.75,0.8,63.0,0.67,42.42,0.67
2024-06-08,10:45,June,Summer,Inverted-V,93,544.72,31.17,39.79,78.65,0.82,62.92,0.68,42.99,0.67
2024-06-08,11:00,June,Summer,Inverted-V,93,552.47,31.3,40.11,78.54,0.83,62.83,0.69,43.56,0.67
2024-06-08,11:15,June,Summer,Inverted-V,93,542.91,31.35,39.92,78.6,0.81,62.88,0.68,42.83,0.67
2024-06-08,11:30,June,Summer,Inverted-V,93,533.34,31.4,39.73,78.66,0.8,62.93,0.67,42.1,0.67
2024-06-08,11:45,June,Summer,Inverted-V,93,523.78,31.45,39.54,78.72,0.78,62.98,0.66,41.37,0.67
2024-06-08,12:00,June,Summer,Inverted-V,93,514.21,31.5,39.36,78.78,0.77,63.03,0.64,40.64,0.67
2024-06-08,12:15,June,Summer,Inverted-V,93,509.55,31.41,39.15,78.85,0.76,63.08,0.64,40.29,0.67
2024-06-08,12:30,June,Summer,Inverted-V,93,504.88,31.32,38.95,78.91,0.76,63.13,0.63,39.95,0.67
2024-06-08,12:45,June,Summer,Inverted-V,93,500.22,31.24,38.74,78.98,0.75,63.18,0.63,39.6,0.67
2024-06-08,13:00,June,Summer,Inverted-V,93,495.56,31.15,38.54,79.04,0.74,63.23,0.62,39.26,0.67
2024-06-08,13:15,June,Summer,Inverted-V,93,482.68,31.02,38.08,79.18,0.72,63.35,0.6,38.29,0.67
2024-06-08,13:30,June,Summer,Inverted-V,93,469.81,30.88,37.63,79.33,0.7,63.46,0.59,37.32,0.67
2024-06-08,13:45,June,Summer,Inverted-V,93,456.94,30.75,37.18,79.47,0.68,63.58,0.57,36.35,0.67
2024-06-08,14:00,June,Summer,Inverted-V,93,444.06,30.62,36.72,79.62,0.66,63.69,0.56,35.37,0.67
2024-06-08,14:15,June,Summer,Inverted-V,93,399.82,30.46,35.46,80.02,0.6,64.01,0.5,31.97,0.67
2024-06-08,14:30,June,Summer,Inverted-V,93,355.57,30.31,34.2,80.42,0.53,64.33,0.44,28.54,0.67
2024-06-08,14:45,June,Summer,Inverted-V,93,311.33,30.16,32.94,80.81,0.46,64.65,0.39,25.08,0.67
2024-06-08,15:00,June,Summer,Inverted-V,93,267.08,30.0,31.68,81.21,0.4,64.97,0.33,21.59,0.67
2024-06-08,15:15,June,Summer,Inverted-V,93,237.43,29.79,30.73,81.51,0.35,65.21,0.3,19.25,0.67
2024-06-08,15:30,June,Summer,Inverted-V,93,207.78,29.58,29.77,81.82,0.31,65.45,0.26,16.89,0.67
2024-06-08,15:45,June,Summer,Inverted-V,93,178.13,29.37,28.82,82.12,0.26,65.69,0.22,14.52,0.67
2024-06-08,16:00,June,Summer,Inverted-V,93,148.48,29.16,27.87,82.42,0.22,65.93,0.18,12.14,0.67
2024-06-08,16:15,June,Summer,Inverted-V,93,122.52,28.88,26.95,82.71,0.18,66.17,0.15,10.04,0.67
2024-06-08,16:30,June,Summer,Inverted-V,93,96.56,28.61,26.02,83.01,0.14,66.4,0.12,7.93,0.67
2024-06-08,16:45,June,Summer,Inverted-V,93,70.6,28.33,25.09,83.3,0.1,66.64,0.09,5.82,0.67
2024-06-08,17:00,June,Summer,Inverted-V,93,44.64,28.05,24.17,83.59,0.07,66.87,0.06,3.69,0.67
2024-06-08,17:15,June,Summer,Inverted-V,93,33.48,27.84,23.67,83.75,0.05,67.0,0.04,2.77,0.67
2024-06-08,17:30,June,Summer,Inverted-V,93,22.32,27.62,23.18,83.9,0.03,67.12,0.03,1.85,0.67
2024-06-08,17:45,June,Summer,Inverted-V,93,11.16,27.41,22.68,84.06,0.02,67.25,0.01,0.93,0.67
2024-06-09,05:00,June,Summer,Inverted-V,93,6.16,25.3,20.45,84.77,0.01,67.81,0.01,0.51,0.67
2024-06-09,05:15,June,Summer,Inverted-V,93,27.22,25.53,21.21,84.53,0.04,67.62,0.03,2.27,0.67
2024-06-09,05:30,June,Summer,Inverted-V,93,48.29,25.76,21.97,84.29,0.07,67.43,0.06,4.01,0.67
2024-06-09,05:45,June,Summer,Inverted-V,93,69.35,25.99,22.72,84.05,0.1,67.24,0.09,5.75,0.67
2024-06-09,06:00,June,Summer,Inverted-V,93,90.42,26.22,23.48,83.81,0.13,67.05,0.11,7.48,0.67
2024-06-09,06:15,June,Summer,Inverted-V,93,127.48,26.53,24.72,83.42,0.19,66.73,0.16,10.51,0.67
2024-06-09,06:30,June,Summer,Inverted-V,93,164.54,26.84,25.95,83.03,0.24,66.42,0.2,13.52,0.67
2024-06-09,06:45,June,Summer,Inverted-V,93,201.6,27.15,27.19,82.63,0.3,66.11,0.25,16.51,0.67
2024-06-09,07:00,June,Summer,Inverted-V,93,238.66,27.46,28.43,82.24,0.35,65.79,0.3,19.48,0.67
2024-06-09,07:15,June,Summer,Inverted-V,93,281.05,27.83,29.85,81.79,0.42,65.43,0.35,22.84,0.67
2024-06-09,07:30,June,Summer,Inverted-V,93,323.44,28.2,31.28,81.34,0.48,65.07,0.4,26.18,0.67
2024-06-09,07:45,June,Summer,Inverted-V,93,365.83,28.56,32.71,80.89,0.54,64.71,0.46,29.49,0.67
2024-06-09,08:00,June,Summer,Inverted-V,93,408.22,28.93,34.14,80.44,0.61,64.35,0.51,32.77,0.67
2024-06-09,08:15,June,Summer,Inverted-V,93,428.37,29.24,34.95,80.18,0.64,64.14,0.53,34.3,0.67
2024-06-09,08:30,June,Summer,Inverted-V,93,448.51,29.55,35.76,79.92,0.67,63.94,0.56,35.83,0.67
2024-06-09,08:45,June,Summer,Inverted-V,93,468.66,29.85,36.57,79.66,0.7,63.73,0.59,37.35,0.67
2024-06-09,09:00,June,Summer,Inverted-V,93,488.81,30.16,37.38,79.41,0.73,63.53,0.61,38.86,0.67
2024-06-09,09:15,June,Summer,Inverted-V,93,520.33,30.35,38.36,79.1,0.78,63.28,0.65,41.24,0.67
2024-06-09,09:30,June,Summer,Inverted-V,93,551.84,30.54,39.34,78.79,0.83,63.03,0.69,43.61,0.67
2024-06-09,09:45,June,Summer,Inverted-V,93,583.36,30.73,40.31,78.48,0.87,62.78,0.73,45.97,0.67
2024-06-09,10:00,June,Summer,Inverted-V,93,614.88,30.92,41.29,78.17,0.92,62.54,0.77,48.31,0.67
2024-06-09,10:15,June,Summer,Inverted-V,93,614.75,31.05,41.42,78.13,0.92,62.5,0.77,48.28,0.67
2024-06-09,10:30,June,Summer,Inverted-V,93,614.63,31.18,41.54,78.09,0.92,62.47,0.77,48.25,0.67
2024-06-09,10:45,June,Summer,Inverted-V,93,614.51,31.3,41.67,78.05,0.92,62.44,0.77,48.22,0.67
2024-06-09,11:00,June,Summer,Inverted-V,93,614.39,31.43,41.79,78.01,0.92,62.41,0.77,48.19,0.67
2024-06-09,11:15,June,Summer,Inverted-V,93,635.51,31.54,42.43,77.81,0.95,62.25,0.8,49.75,0.67
2024-06-09,11:30,June,Summer,Inverted-V,93,656.63,31.64,43.06,77.61,0.99,62.09,0.83,51.31,0.67
2024-06-09,11:45,June,Summer,Inverted-V,93,677.75,31.75,43.7,77.41,1.02,61.93,0.85,52.85,0.67
2024-06-09,12:00,June,Summer,Inverted-V,93,698.87,31.86,44.33,77.21,1.05,61.77,0.88,54.39,0.67
2024-06-09,12:15,June,Summer,Inverted-V,93,679.87,31.86,43.85,77.36,1.02,61.89,0.86,52.99,0.67
2024-06-09,12:30,June,Summer,Inverted-V,93,660.86,31.85,43.37,77.51,0.99,62.01,0.83,51.59,0.67
2024-06-09,12:45,June,Summer,Inverted-V,93,641.86,31.84,42.89,77.66,0.96,62.13,0.81,50.18,0.67
2024-06-09,13:00,June,Summer,Inverted-V,93,622.86,31.84,42.41,77.81,0.94,62.25,0.78,48.77,0.67
2024-06-09,13:15,June,Summer,Inverted-V,93,614.01,31.78,42.13,77.9,0.92,62.32,0.77,48.11,0.67
2024-06-09,13:30,June,Summer,Inverted-V,93,605.16,31.73,41.85,77.99,0.91,62.39,0.76,47.46,0.67
2024-06-09,13:45,June,Summer,Inverted-V,93,596.31,31.67,41.58,78.08,0.89,62.46,0.75,46.81,0.67
2024-06-09,14:00,June,Summer,Inverted-V,93,587.47,31.61,41.3,78.17,0.88,62.53,0.74,46.15,0.67
2024-06-09,14:15,June,Summer,Inverted-V,93,549.48,31.49,40.22,78.51,0.82,62.81,0.69,43.31,0.67
2024-06-09,14:30,June,Summer,Inverted-V,93,511.49,31.37,39.15,78.85,0.77,63.08,0.64,40.45,0.67
2024-06-09,14:45,June,Summer,Inverted-V,93,473.5,31.24,38.08,79.19,0.71,63.35,0.59,37.56,0.67
2024-06-09,15:00,June,Summer,Inverted-V,93,435.51,31.12,37.01,79.53,0.65,63.62,0.54,34.66,0.67
2024-06-09,15:15,June,Summer,Inverted-V,93,387.69,30.91,35.6,79.97,0.58,63.98,0.48,30.99,0.67
2024-06-09,15:30,June,Summer,Inverted-V,93,339.88,30.7,34.2,80.42,0.51,64.33,0.42,27.28,0.67
2024-06-09,15:45,June,Summer,Inverted-V,93,292.06,30.49,32.79,80.86,0.43,64.69,0.36,23.54,0.67
2024-06-09,16:00,June,Summer,Inverted-V,93,244.24,30.28,31.39,81.31,0.36,65.04,0.3,19.76,0.67
2024-06-09,16:15,June,Summer,Inverted-V,93,199.01,29.9,29.88,81.78,0.3,65.43,0.25,16.17,0.67
2024-06-09,16:30,June,Summer,Inverted-V,93,153.78,29.52,28.36,82.26,0.23,65.81,0.19,12.55,0.67
2024-06-09,16:45,June,Summer,Inverted-V,93,108.54,29.14,26.85,82.74,0.16,66.19,0.13,8.9,0.67
2024-06-09,17:00,June,Summer,Inverted-V,93,63.31,28.76,25.34,83.22,0.09,66.58,0.08,5.21,0.67
2024-06-09,17:15,June,Summer,Inverted-V,93,47.48,28.4,24.59,83.46,0.07,66.77,0.06,3.92,0.67
2024-06-09,17:30,June,Summer,Inverted-V,93,31.65,28.04,23.83,83.7,0.05,66.96,0.04,2.62,0.67
2024-06-09,17:45,June,Summer,Inverted-V,93,15.83,27.68,23.08,83.94,0.02,67.15,0.02,1.31,0.67
2024-06-10,04:45,June,Summer,Inverted-V,93,5.55,24.7,19.84,84.96,0.01,67.97,0.01,0.46,0.67
2024-06-10,05:00,June,Summer,Inverted-V,93,7.4,24.73,19.91,84.94,0.01,67.95,0.01,0.62,0.67
2024-06-10,05:15,June,Summer,Inverted-V,93,35.47,25.03,20.92,84.62,0.05,67.7,0.04,2.96,0.67
2024-06-10,05:30,June,Summer,Inverted-V,93,63.54,25.34,21.92,84.3,0.09,67.44,0.08,5.28,0.67
2024-06-10,05:45,June,Summer,Inverted-V,93,91.61,25.64,22.93,83.98,0.13,67.19,0.11,7.59,0.67
2024-06-10,06:00,June,Summer,Inverted-V,93,119.69,25.94,23.93,83.67,0.18,66.93,0.15,9.89,0.67
2024-06-10,06:15,June,Summer,Inverted-V,93,166.85,26.23,25.4,83.2,0.25,66.56,0.21,13.73,0.67
2024-06-10,06:30,June,Summer,Inverted-V,93,214.01,26.52,26.88,82.73,0.32,66.19,0.27,17.54,0.67
2024-06-10,06:45,June,Summer,Inverted-V,93,261.18,26.82,28.35,82.27,0.39,65.81,0.32,21.32,0.67
2024-06-10,07:00,June,Summer,Inverted-V,93,308.34,27.11,29.82,81.8,0.46,65.44,0.38,25.06,0.67
2024-06-10,07:15,June,Summer,Inverted-V,93,369.49,27.48,31.71,81.2,0.55,64.96,0.46,29.87,0.67
2024-06-10,07:30,June,Summer,Inverted-V,93,430.64,27.84,33.61,80.6,0.64,64.48,0.54,34.62,0.67
2024-06-10,07:45,June,Summer,Inverted-V,93,491.79,28.21,35.51,80.0,0.73,64.0,0.61,39.32,0.67
2024-06-10,08:00,June,Summer,Inverted-V,93,552.94,28.58,37.4,79.4,0.83,63.52,0.69,43.96,0.67
2024-06-10,08:15,June,Summer,Inverted-V,93,583.83,28.96,38.56,79.04,0.87,63.23,0.73,46.25,0.67
2024-06-10,08:30,June,Summer,Inverted-V,93,614.71,29.34,39.71,78.67,0.92,62.94,0.77,48.53,0.67
2024-06-10,08:45,June,Summer,Inverted-V,93,645.6,29.72,40.86,78.31,0.97,62.64,0.81,50.79,0.67
2024-06-10,09:00,June,Summer,Inverted-V,93,676.49,30.1,42.01,77.94,1.02,62.35,0.85,53.03,0.67
2024-06-10,09:15,June,Summer,Inverted-V,93,707.72,30.46,43.15,77.58,1.06,62.06,0.89,55.28,0.67
2024-06-10,09:30,June,Summer,Inverted-V,93,738.95,30.82,44.29,77.22,1.11,61.77,0.93,57.52,0.67
2024-06-10,09:45,June,Summer,Inverted-V,93,770.18,31.18,45.43,76.86,1.16,61.49,0.97,59.73,0.67
2024-06-10,10:00,June,Summer,Inverted-V,93,801.41,31.54,46.58,76.5,1.21,61.2,1.01,61.93,0.67
2024-06-10,10:15,June,Summer,Inverted-V,93,815.7,31.84,47.23,76.29,1.23,61.03,1.03,62.91,0.67
2024-06-10,10:30,June,Summer,Inverted-V,93,829.99,32.13,47.88,76.08,1.25,60.87,1.05,63.88,0.67
2024-06-10,10:45,June,Summer,Inverted-V,93,844.28,32.43,48.54,75.87,1.28,60.7,1.07,64.84,0.67
2024-06-10,11:00,June,Summer,Inverted-V,93,858.57,32.73,49.19,75.67,1.3,60.53,1.09,65.8,0.67
2024-06-10,11:15,June,Summer,Inverted-V,93,837.6,32.92,48.87,75.77,1.27,60.62,1.06,64.26,0.67
2024-06-10,11:30,June,Summer,Inverted-V,93,816.64,33.12,48.54,75.88,1.23,60.7,1.03,62.72,0.67
2024-06-10,11:45,June,Summer,Inverted-V,93,795.68,33.31,48.21,75.98,1.2,60.78,1.01,61.17,0.67
2024-06-10,12:00,June,Summer,Inverted-V,93,774.72,33.51,47.88,76.08,1.17,60.87,0.98,59.62,0.67
2024-06-10,12:15,June,Summer,Inverted-V,93,760.7,33.6,47.62,76.16,1.15,60.93,0.96,58.59,0.67
2024-06-10,12:30,June,Summer,Inverted-V,93,746.67,33.7,47.37,76.25,1.13,61.0,0.94,57.56,0.67
2024-06-10,12:45,June,Summer,Inverted-V,93,732.65,33.8,47.11,76.33,1.11,61.06,0.93,56.52,0.67
2024-06-10,13:00,June,Summer,Inverted-V,93,718.63,33.89,46.86,76.41,1.08,61.13,0.91,55.49,0.67
2024-06-10,13:15,June,Summer,Inverted-V,93,699.18,33.88,46.36,76.57,1.05,61.25,0.88,54.07,0.67
2024-06-10,13:30,June,Summer,Inverted-V,93,679.73,33.87,45.86,76.72,1.02,61.38,0.86,52.65,0.67
2024-06-10,13:45,June,Summer,Inverted-V,93,660.27,33.85,45.36,76.88,0.99,61.51,0.83,51.22,0.67
2024-06-10,14:00,June,Summer,Inverted-V,93,640.82,33.84,44.86,77.04,0.96,61.63,0.81,49.79,0.67
2024-06-10,14:15,June,Summer,Inverted-V,93,598.94,33.71,43.68,77.41,0.9,61.93,0.75,46.71,0.67
2024-06-10,14:30,June,Summer,Inverted-V,93,557.06,33.58,42.5,77.79,0.84,62.23,0.7,43.6,0.67
2024-06-10,14:45,June,Summer,Inverted-V,93,515.19,33.44,41.32,78.16,0.77,62.53,0.65,40.47,0.67
2024-06-10,15:00,June,Summer,Inverted-V,93,473.31,33.31,40.14,78.53,0.71,62.83,0.59,37.32,0.67
2024-06-10,15:15,June,Summer,Inverted-V,93,418.89,33.03,38.5,79.05,0.63,63.24,0.52,33.19,0.67
2024-06-10,15:30,June,Summer,Inverted-V,93,364.47,32.76,36.87,79.57,0.54,63.66,0.46,29.02,0.67
2024-06-10,15:45,June,Summer,Inverted-V,93,310.05,32.48,35.23,80.09,0.46,64.07,0.39,24.81,0.67
2024-06-10,16:00,June,Summer,Inverted-V,93,255.64,32.2,33.59,80.61,0.38,64.49,0.32,20.55,0.67
2024-06-10,16:15,June,Summer,Inverted-V,93,207.99,31.7,31.9,81.14,0.31,64.91,0.26,16.81,0.67
2024-06-10,16:30,June,Summer,Inverted-V,93,160.35,31.2,30.21,81.68,0.24,65.34,0.2,13.02,0.67
2024-06-10,16:45,June,Summer,Inverted-V,93,112.71,30.7,28.52,82.21,0.17,65.77,0.14,9.2,0.67
2024-06-10,17:00,June,Summer,Inverted-V,93,65.07,30.2,26.83,82.75,0.1,66.2,0.08,5.33,0.67
2024-06-10,17:15,June,Summer,Inverted-V,93,48.8,29.74,25.97,83.02,0.07,66.42,0.06,4.01,0.67
2024-06-10,17:30,June,Summer,Inverted-V,93,32.54,29.29,25.1,83.3,0.05,66.64,0.04,2.68,0.67
2024-06-10,17:45,June,Summer,Inverted-V,93,16.27,28.84,24.24,83.57,0.02,66.85,0.02,1.34,0.67
2024-06-11,05:00,June,Summer,Inverted-V,93,6.8,24.74,19.91,84.94,0.01,67.95,0.01,0.57,0.67
2024-06-11,05:15,June,Summer,Inverted-V,93,33.77,25.0,20.84,84.64,0.05,67.72,0.04,2.82,0.67
2024-06-11,05:30,June,Summer,Inverted-V,93,60.74,25.26,21.78,84.35,0.09,67.48,0.07,5.05,0.67
2024-06-11,05:45,June,Summer,Inverted-V,93,87.71,25.52,22.71,84.05,0.13,67.24,0.11,7.27,0.67
2024-06-11,06:00,June,Summer,Inverted-V,93,114.67,25.78,23.65,83.76,0.17,67.01,0.14,9.49,0.67
2024-06-11,06:15,June,Summer,Inverted-V,93,158.37,26.08,25.04,83.32,0.23,66.65,0.2,13.05,0.67
2024-06-11,06:30,June,Summer,Inverted-V,93,202.06,26.38,26.43,82.88,0.3,66.3,0.25,16.58,0.67
2024-06-11,06:45,June,Summer,Inverted-V,93,245.75,26.67,27.82,82.44,0.36,65.95,0.3,20.09,0.67
2024-06-11,07:00,June,Summer,Inverted-V,93,289.44,26.97,29.21,82.0,0.43,65.6,0.36,23.57,0.67
2024-06-11,07:15,June,Summer,Inverted-V,93,336.6,27.39,30.81,81.49,0.5,65.19,0.42,27.28,0.67
2024-06-11,07:30,June,Summer,Inverted-V,93,383.76,27.81,32.41,80.98,0.57,64.79,0.48,30.96,0.67
2024-06-11,07:45,June,Summer,Inverted-V,93,430.92,28.24,34.01,80.47,0.64,64.38,0.54,34.6,0.67
2024-06-11,08:00,June,Summer,Inverted-V,93,478.08,28.66,35.61,79.97,0.71,63.97,0.6,38.21,0.67
2024-06-11,08:15,June,Summer,Inverted-V,93,509.87,29.09,36.84,79.58,0.76,63.66,0.64,40.6,0.67
2024-06-11,08:30,June,Summer,Inverted-V,93,541.65,29.52,38.07,79.19,0.81,63.35,0.68,42.97,0.67
2024-06-11,08:45,June,Summer,Inverted-V,93,573.43,29.96,39.29,78.8,0.86,63.04,0.72,45.33,0.67
2024-06-11,09:00,June,Summer,Inverted-V,93,605.21,30.39,40.52,78.41,0.91,62.73,0.76,47.66,0.67
2024-06-11,09:15,June,Summer,Inverted-V,93,623.02,30.74,41.32,78.16,0.93,62.53,0.78,48.94,0.67
2024-06-11,09:30,June,Summer,Inverted-V,93,640.82,31.09,42.11,77.91,0.96,62.33,0.81,50.22,0.67
2024-06-11,09:45,June,Summer,Inverted-V,93,658.63,31.44,42.91,77.66,0.99,62.13,0.83,51.49,0.67
2024-06-11,10:00,June,Summer,Inverted-V,93,676.44,31.79,43.7,77.41,1.02,61.93,0.85,52.75,0.67
2024-06-11,10:15,June,Summer,Inverted-V,93,703.91,32.09,44.69,77.09,1.06,61.68,0.89,54.72,0.67
2024-06-11,10:30,June,Summer,Inverted-V,93,731.39,32.38,45.67,76.78,1.1,61.43,0.92,56.68,0.67
2024-06-11,10:45,June,Summer,Inverted-V,93,758.87,32.68,46.65,76.47,1.14,61.18,0.96,58.63,0.67
2024-06-11,11:00,June,Summer,Inverted-V,93,786.35,32.98,47.64,76.16,1.19,60.93,0.99,60.57,0.67
2024-06-11,11:15,June,Summer,Inverted-V,93,771.7,33.16,47.45,76.22,1.16,60.98,0.98,59.47,0.67
2024-06-11,11:30,June,Summer,Inverted-V,93,757.04,33.33,47.26,76.28,1.14,61.02,0.96,58.38,0.67
2024-06-11,11:45,June,Summer,Inverted-V,93,742.39,33.51,47.07,76.34,1.12,61.07,0.94,57.28,0.67
2024-06-11,12:00,June,Summer,Inverted-V,93,727.74,33.69,46.88,76.4,1.1,61.12,0.92,56.19,0.67
2024-06-11,12:15,June,Summer,Inverted-V,93,694.66,33.76,46.13,76.64,1.05,61.31,0.88,53.76,0.67
2024-06-11,12:30,June,Summer,Inverted-V,93,661.59,33.83,45.37,76.88,1.0,61.5,0.83,51.32,0.67
2024-06-11,12:45,June,Summer,Inverted-V,93,628.51,33.9,44.61,77.12,0.95,61.69,0.79,48.87,0.67
2024-06-11,13:00,June,Summer,Inverted-V,93,595.44,33.97,43.86,77.36,0.9,61.89,0.75,46.41,0.67
2024-06-11,13:15,June,Summer,Inverted-V,93,572.23,33.98,43.29,77.54,0.86,62.03,0.72,44.68,0.67
2024-06-11,13:30,June,Summer,Inverted-V,93,549.02,34.0,42.73,77.72,0.82,62.17,0.69,42.94,0.67
2024-06-11,13:45,June,Summer,Inverted-V,93,525.82,34.02,42.16,77.89,0.79,62.32,0.66,41.2,0.67
2024-06-11,14:00,June,Summer,Inverted-V,93,502.61,34.03,41.6,78.07,0.75,62.46,0.63,39.45,0.67
2024-06-11,14:15,June,Summer,Inverted-V,93,473.83,33.89,40.73,78.35,0.71,62.68,0.59,37.29,0.67
2024-06-11,14:30,June,Summer,Inverted-V,93,445.04,33.75,39.87,78.62,0.67,62.9,0.56,35.12,0.67
2024-06-11,14:45,June,Summer,Inverted-V,93,416.26,33.6,39.01,78.89,0.62,63.11,0.52,32.93,0.67
2024-06-11,15:00,June,Summer,Inverted-V,93,387.47,33.46,38.15,79.17,0.58,63.33,0.49,30.73,0.67
2024-06-11,15:15,June,Summer,Inverted-V,93,342.9,33.16,36.73,79.61,0.51,63.69,0.43,27.31,0.67
2024-06-11,15:30,June,Summer,Inverted-V,93,298.33,32.86,35.31,80.06,0.44,64.05,0.37,23.86,0.67
2024-06-11,15:45,June,Summer,Inverted-V,93,253.76,32.55,33.9,80.51,0.38,64.41,0.32,20.38,0.67
2024-06-11,16:00,June,Summer,Inverted-V,93,209.2,32.25,32.48,80.96,0.31,64.77,0.26,16.87,0.67
2024-06-11,16:15,June,Summer,Inverted-V,93,170.3,31.72,30.98,81.44,0.25,65.15,0.21,13.8,0.67
2024-06-11,16:30,June,Summer,Inverted-V,93,131.41,31.19,29.47,81.91,0.19,65.53,0.16,10.69,0.67
2024-06-11,16:45,June,Summer,Inverted-V,93,92.52,30.65,27.97,82.39,0.14,65.91,0.11,7.56,0.67
2024-06-11,17:00,June,Summer,Inverted-V,93,53.62,30.12,26.46,82.87,0.08,66.29,0.07,4.4,0.67
2024-06-11,17:15,June,Summer,Inverted-V,93,40.22,29.6,25.6,83.14,0.06,66.51,0.05,3.31,0.67
2024-06-11,17:30,June,Summer,Inverted-V,93,26.81,29.08,24.75,83.41,0.04,66.73,0.03,2.21,0.67
2024-06-11,17:45,June,Summer,Inverted-V,93,13.41,28.55,23.89,83.68,0.02,66.94,0.02,1.11,0.67
2024-06-12,05:15,June,Summer,Inverted-V,93,26.1,24.68,20.33,84.81,0.04,67.84,0.03,2.18,0.67
2024-06-12,05:30,June,Summer,Inverted-V,93,47.03,24.91,21.08,84.57,0.07,67.66,0.06,3.92,0.67
2024-06-12,05:45,June,Summer,Inverted-V,93,67.97,25.13,21.83,84.33,0.1,67.47,0.08,5.65,0.67
2024-06-12,06:00,June,Summer,Inverted-V,93,88.91,25.35,22.57,84.1,0.13,67.28,0.11,7.38,0.67
2024-06-12,06:15,June,Summer,Inverted-V,93,121.37,25.7,23.73,83.73,0.18,66.98,0.15,10.04,0.67
2024-06-12,06:30,June,Summer,Inverted-V,93,153.84,26.05,24.89,83.36,0.23,66.69,0.19,12.68,0.67
2024-06-12,06:45,June,Summer,Inverted-V,93,186.31,26.39,26.05,83.0,0.28,66.4,0.23,15.31,0.67
2024-06-12,07:00,June,Summer,Inverted-V,93,218.78,26.74,27.21,82.63,0.32,66.1,0.27,17.92,0.67
2024-06-12,07:15,June,Summer,Inverted-V,93,271.12,27.21,28.99,82.07,0.4,65.65,0.34,22.09,0.67
2024-06-12,07:30,June,Summer,Inverted-V,93,323.47,27.67,30.76,81.5,0.48,65.2,0.4,26.22,0.67
2024-06-12,07:45,June,Summer,Inverted-V,93,375.82,28.14,32.54,80.94,0.56,64.75,0.47,30.31,0.67
2024-06-12,08:00,June,Summer,Inverted-V,93,428.17,28.61,34.31,80.38,0.64,64.3,0.53,34.35,0.67
2024-06-12,08:15,June,Summer,Inverted-V,93,443.43,29.02,35.1,80.13,0.66,64.1,0.55,35.49,0.67
2024-06-12,08:30,June,Summer,Inverted-V,93,458.69,29.42,35.89,79.88,0.68,63.9,0.57,36.63,0.67
2024-06-12,08:45,June,Summer,Inverted-V,93,473.96,29.82,36.67,79.63,0.71,63.71,0.59,37.76,0.67
2024-06-12,09:00,June,Summer,Inverted-V,93,489.22,30.23,37.46,79.38,0.73,63.51,0.61,38.88,0.67
2024-06-12,09:15,June,Summer,Inverted-V,93,501.0,30.54,38.06,79.19,0.75,63.35,0.63,39.75,0.67
2024-06-12,09:30,June,Summer,Inverted-V,93,512.77,30.84,38.66,79.0,0.77,63.2,0.64,40.61,0.67
2024-06-12,09:45,June,Summer,Inverted-V,93,524.55,31.14,39.26,78.81,0.79,63.05,0.66,41.47,0.67
2024-06-12,10:00,June,Summer,Inverted-V,93,536.33,31.45,39.86,78.62,0.8,62.9,0.67,42.32,0.67
2024-06-12,10:15,June,Summer,Inverted-V,93,554.48,31.66,40.53,78.41,0.83,62.73,0.7,43.66,0.67
2024-06-12,10:30,June,Summer,Inverted-V,93,572.63,31.88,41.2,78.2,0.86,62.56,0.72,45.0,0.67
2024-06-12,10:45,June,Summer,Inverted-V,93,590.78,32.09,41.86,77.99,0.89,62.39,0.74,46.33,0.67
2024-06-12,11:00,June,Summer,Inverted-V,93,608.94,32.31,42.53,77.78,0.91,62.22,0.77,47.66,0.67
2024-06-12,11:15,June,Summer,Inverted-V,93,595.9,32.43,42.32,77.84,0.89,62.27,0.75,46.67,0.67
2024-06-12,11:30,June,Summer,Inverted-V,93,582.85,32.54,42.11,77.91,0.88,62.33,0.73,45.68,0.67
2024-06-12,11:45,June,Summer,Inverted-V,93,569.81,32.66,41.9,77.98,0.86,62.38,0.72,44.68,0.67
2024-06-12,12:00,June,Summer,Inverted-V,93,556.77,32.77,41.69,78.04,0.84,62.43,0.7,43.69,0.67
2024-06-12,12:15,June,Summer,Inverted-V,93,552.85,32.8,41.63,78.06,0.83,62.45,0.69,43.39,0.67
2024-06-12,12:30,June,Summer,Inverted-V,93,548.93,32.84,41.56,78.08,0.82,62.47,0.69,43.09,0.67
2024-06-12,12:45,June,Summer,Inverted-V,93,545.0,32.88,41.5,78.1,0.82,62.48,0.68,42.79,0.67
2024-06-12,13:00,June,Summer,Inverted-V,93,541.08,32.91,41.44,78.12,0.81,62.5,0.68,42.49,0.67
2024-06-12,13:15,June,Summer,Inverted-V,93,494.46,32.84,40.21,78.51,0.74,62.81,0.62,38.98,0.67
2024-06-12,13:30,June,Summer,Inverted-V,93,447.84,32.78,38.98,78.9,0.67,63.12,0.56,35.43,0.67
2024-06-12,13:45,June,Summer,Inverted-V,93,401.22,32.71,37.75,79.29,0.6,63.43,0.5,31.86,0.67
2024-06-12,14:00,June,Summer,Inverted-V,93,354.6,32.65,36.51,79.68,0.53,63.75,0.44,28.26,0.67
2024-06-12,14:15,June,Summer,Inverted-V,93,325.91,32.45,35.6,79.97,0.49,63.98,0.41,26.05,0.67
2024-06-12,14:30,June,Summer,Inverted-V,93,297.23,32.24,34.68,80.26,0.44,64.21,0.37,23.82,0.67
2024-06-12,14:45,June,Summer,Inverted-V,93,268.55,32.04,33.76,80.56,0.4,64.44,0.33,21.58,0.67
2024-06-12,15:00,June,Summer,Inverted-V,93,239.87,31.84,32.84,80.85,0.36,64.68,0.3,19.33,0.67
2024-06-12,15:15,June,Summer,Inverted-V,93,218.21,31.52,31.97,81.12,0.32,64.9,0.27,17.63,0.67
2024-06-12,15:30,June,Summer,Inverted-V,93,196.55,31.2,31.11,81.39,0.29,65.11,0.24,15.92,0.67
2024-06-12,15:45,June,Summer,Inverted-V,93,174.89,30.87,30.24,81.67,0.26,65.33,0.22,14.2,0.67
2024-06-12,16:00,June,Summer,Inverted-V,93,153.23,30.55,29.38,81.94,0.23,65.55,0.19,12.47,0.67
2024-06-12,16:15,June,Summer,Inverted-V,93,123.95,30.05,28.15,82.33,0.18,65.86,0.15,10.12,0.67
2024-06-12,16:30,June,Summer,Inverted-V,93,94.68,29.56,26.93,82.72,0.14,66.17,0.12,7.76,0.67
2024-06-12,16:45,June,Summer,Inverted-V,93,65.4,29.07,25.7,83.11,0.1,66.49,0.08,5.38,0.67
2024-06-12,17:00,June,Summer,Inverted-V,93,36.13,28.57,24.47,83.49,0.05,66.8,0.04,2.98,0.67
2024-06-12,17:15,June,Summer,Inverted-V,93,27.09,28.19,23.86,83.69,0.04,66.95,0.03,2.24,0.67
2024-06-12,17:30,June,Summer,Inverted-V,93,18.06,27.8,23.25,83.88,0.03,67.11,0.02,1.5,0.67
2024-06-12,17:45,June,Summer,Inverted-V,93,9.03,27.41,22.64,84.08,0.01,67.26,0.01,0.75,0.67
2024-06-13,04:45,June,Summer,Inverted-V,93,5.55,23.21,18.35,85.43,0.01,68.35,0.01,0.47,0.67
2024-06-13,05:00,June,Summer,Inverted-V,93,7.4,23.17,18.35,85.43,0.01,68.35,0.01,0.62,0.67
2024-06-13,05:15,June,Summer,Inverted-V,93,38.56,23.57,19.53,85.06,0.06,68.05,0.05,3.23,0.67
2024-06-13,05:30,June,Summer,Inverted-V,93,69.73,23.96,20.7,84.69,0.1,67.75,0.09,5.81,0.67
2024-06-13,05:45,June,Summer,Inverted-V,93,100.9,24.36,21.88,84.32,0.15,67.45,0.12,8.39,0.67
2024-06-13,06:00,June,Summer,Inverted-V,93,132.06,24.75,23.05,83.94,0.19,67.16,0.16,10.94,0.67
2024-06-13,06:15,June,Summer,Inverted-V,93,178.92,25.24,24.72,83.42,0.26,66.73,0.22,14.76,0.67
2024-06-13,06:30,June,Summer,Inverted-V,93,225.78,25.73,26.38,82.89,0.33,66.31,0.28,18.53,0.67
2024-06-13,06:45,June,Summer,Inverted-V,93,272.64,26.23,28.04,82.36,0.4,65.89,0.34,22.27,0.67
2024-06-13,07:00,June,Summer,Inverted-V,93,319.5,26.72,29.71,81.84,0.47,65.47,0.4,25.98,0.67
2024-06-13,07:15,June,Summer,Inverted-V,93,368.55,27.31,31.53,81.26,0.55,65.01,0.46,29.81,0.67
2024-06-13,07:30,June,Summer,Inverted-V,93,417.61,27.91,33.35,80.69,0.62,64.55,0.52,33.6,0.67
2024-06-13,07:45,June,Summer,Inverted-V,93,466.67,28.5,35.16,80.11,0.7,64.09,0.58,37.35,0.67
2024-06-13,08:00,June,Summer,Inverted-V,93,515.72,29.09,36.98,79.53,0.77,63.63,0.65,41.05,0.67
2024-06-13,08:15,June,Summer,Inverted-V,93,558.23,29.64,38.6,79.02,0.84,63.22,0.7,44.22,0.67
2024-06-13,08:30,June,Summer,Inverted-V,93,600.73,30.2,40.21,78.51,0.9,62.81,0.75,47.35,0.67
2024-06-13,08:45,June,Summer,Inverted-V,93,643.24,30.75,41.83,78.0,0.97,62.4,0.81,50.45,0.67
2024-06-13,09:00,June,Summer,Inverted-V,93,685.75,31.3,43.44,77.49,1.03,61.99,0.86,53.52,0.67
2024-06-13,09:15,June,Summer,Inverted-V,93,698.11,31.77,44.23,77.24,1.05,61.79,0.88,54.35,0.67
2024-06-13,09:30,June,Summer,Inverted-V,93,710.48,32.24,45.01,76.99,1.07,61.59,0.9,55.18,0.67
2024-06-13,09:45,June,Summer,Inverted-V,93,722.84,32.72,45.79,76.75,1.09,61.4,0.91,56.0,0.67
2024-06-13,10:00,June,Summer,Inverted-V,93,735.21,33.19,46.57,76.5,1.11,61.2,0.93,56.82,0.67
2024-06-13,10:15,June,Summer,Inverted-V,93,757.7,33.55,47.49,76.21,1.14,60.96,0.96,58.39,0.67
2024-06-13,10:30,June,Summer,Inverted-V,93,780.19,33.91,48.41,75.91,1.18,60.73,0.99,59.94,0.67
2024-06-13,10:45,June,Summer,Inverted-V,93,802.68,34.27,49.34,75.62,1.21,60.5,1.02,61.49,0.67
2024-06-13,11:00,June,Summer,Inverted-V,93,825.17,34.63,50.26,75.33,1.25,60.26,1.05,63.02,0.67
2024-06-13,11:15,June,Summer,Inverted-V,93,827.49,34.88,50.56,75.23,1.25,60.19,1.05,63.14,0.67
2024-06-13,11:30,June,Summer,Inverted-V,93,829.8,35.12,50.87,75.14,1.26,60.11,1.05,63.25,0.67
2024-06-13,11:45,June,Summer,Inverted-V,93,832.12,35.37,51.17,75.04,1.26,60.03,1.06,63.37,0.67
2024-06-13,12:00,June,Summer,Inverted-V,93,834.43,35.61,51.47,74.95,1.26,59.96,1.06,63.48,0.67
2024-06-13,12:15,June,Summer,Inverted-V,93,826.15,35.72,51.37,74.98,1.25,59.98,1.05,62.87,0.67
2024-06-13,12:30,June,Summer,Inverted-V,93,817.87,35.82,51.27,75.01,1.24,60.01,1.04,62.26,0.67
2024-06-13,12:45,June,Summer,Inverted-V,93,809.59,35.92,51.16,75.04,1.23,60.03,1.03,61.65,0.67
2024-06-13,13:00,June,Summer,Inverted-V,93,801.31,36.03,51.06,75.08,1.21,60.06,1.02,61.04,0.67
2024-06-13,13:15,June,Summer,Inverted-V,93,759.9,36.02,50.02,75.41,1.15,60.33,0.96,58.08,0.67
2024-06-13,13:30,June,Summer,Inverted-V,93,718.49,36.01,48.97,75.74,1.09,60.59,0.91,55.1,0.67
2024-06-13,13:45,June,Summer,Inverted-V,93,677.08,36.0,47.93,76.07,1.02,60.85,0.86,52.1,0.67
2024-06-13,14:00,June,Summer,Inverted-V,93,635.67,35.99,46.88,76.4,0.96,61.12,0.8,49.08,0.67
2024-06-13,14:15,June,Summer,Inverted-V,93,582.54,35.86,45.42,76.86,0.88,61.49,0.73,45.18,0.67
2024-06-13,14:30,June,Summer,Inverted-V,93,529.42,35.72,43.96,77.33,0.8,61.86,0.67,41.25,0.67
2024-06-13,14:45,June,Summer,Inverted-V,93,476.3,35.59,42.49,77.79,0.72,62.23,0.6,37.28,0.67
2024-06-13,15:00,June,Summer,Inverted-V,93,423.18,35.45,41.03,78.25,0.63,62.6,0.53,33.27,0.67
2024-06-13,15:15,June,Summer,Inverted-V,93,373.86,35.18,39.52,78.73,0.56,62.98,0.47,29.53,0.67
2024-06-13,15:30,June,Summer,Inverted-V,93,324.55,34.9,38.01,79.21,0.49,63.37,0.41,25.75,0.67
2024-06-13,15:45,June,Summer,Inverted-V,93,275.23,34.62,36.51,79.68,0.41,63.75,0.34,21.94,0.67
2024-06-13,16:00,June,Summer,Inverted-V,93,225.91,34.35,35.0,80.16,0.34,64.13,0.28,18.09,0.67
2024-06-13,16:15,June,Summer,Inverted-V,93,185.01,33.61,33.23,80.72,0.28,64.58,0.23,14.89,0.67
2024-06-13,16:30,June,Summer,Inverted-V,93,144.12,32.86,31.46,81.28,0.21,65.03,0.18,11.66,0.67
2024-06-13,16:45,June,Summer,Inverted-V,93,103.22,32.12,29.7,81.84,0.15,65.47,0.13,8.39,0.67
2024-06-13,17:00,June,Summer,Inverted-V,93,62.32,31.37,27.93,82.4,0.09,65.92,0.08,5.09,0.67
2024-06-13,17:15,June,Summer,Inverted-V,93,46.74,30.74,26.91,82.72,0.07,66.18,0.06,3.83,0.67
2024-06-13,17:30,June,Summer,Inverted-V,93,31.16,30.12,25.89,83.04,0.05,66.44,0.04,2.56,0.67
2024-06-13,17:45,June,Summer,Inverted-V,93,15.58,29.49,24.88,83.37,0.02,66.69,0.02,1.28,0.67
2024-06-14,04:45,June,Summer,Inverted-V,93,5.65,23.65,18.79,85.29,0.01,68.24,0.01,0.47,0.67
2024-06-14,05:00,June,Summer,Inverted-V,93,7.53,23.63,18.82,85.29,0.01,68.23,0.01,0.63,0.67
2024-06-14,05:15,June,Summer,Inverted-V,93,35.65,23.93,19.82,84.97,0.05,67.97,0.04,2.98,0.67
2024-06-14,05:30,June,Summer,Inverted-V,93,63.77,24.23,20.83,84.65,0.09,67.72,0.08,5.32,0.67
2024-06-14,05:45,June,Summer,Inverted-V,93,91.89,24.54,21.83,84.33,0.14,67.46,0.11,7.64,0.67
2024-06-14,06:00,June,Summer,Inverted-V,93,120.01,24.84,22.84,84.01,0.18,67.21,0.15,9.95,0.67
2024-06-14,06:15,June,Summer,Inverted-V,93,162.37,25.27,24.33,83.54,0.24,66.83,0.2,13.4,0.67
2024-06-14,06:30,June,Summer,Inverted-V,93,204.72,25.7,25.82,83.07,0.3,66.46,0.25,16.83,0.67
2024-06-14,06:45,June,Summer,Inverted-V,93,247.08,26.13,27.31,82.6,0.37,66.08,0.31,20.23,0.67
2024-06-14,07:00,June,Summer,Inverted-V,93,289.44,26.56,28.8,82.13,0.43,65.7,0.36,23.6,0.67
2024-06-14,07:15,June,Summer,Inverted-V,93,332.17,27.24,30.55,81.57,0.49,65.26,0.41,26.94,0.67
2024-06-14,07:30,June,Summer,Inverted-V,93,374.9,27.93,32.3,81.02,0.56,64.81,0.47,30.26,0.67
2024-06-14,07:45,June,Summer,Inverted-V,93,417.62,28.62,34.06,80.46,0.62,64.37,0.52,33.53,0.67
2024-06-14,08:00,June,Summer,Inverted-V,93,460.35,29.3,35.81,79.91,0.69,63.92,0.58,36.77,0.67
2024-06-14,08:15,June,Summer,Inverted-V,93,504.4,29.91,37.52,79.36,0.75,63.49,0.63,40.08,0.67
2024-06-14,08:30,June,Summer,Inverted-V,93,548.45,30.52,39.23,78.82,0.82,63.06,0.69,43.36,0.67
2024-06-14,08:45,June,Summer,Inverted-V,93,592.5,31.13,40.94,78.28,0.89,62.62,0.74,46.6,0.67
2024-06-14,09:00,June,Summer,Inverted-V,93,636.55,31.74,42.65,77.74,0.96,62.19,0.8,49.8,0.67
2024-06-14,09:15,June,Summer,Inverted-V,93,675.57,32.2,44.09,77.28,1.02,61.83,0.85,52.62,0.67
2024-06-14,09:30,June,Summer,Inverted-V,93,714.58,32.66,45.52,76.83,1.08,61.46,0.9,55.41,0.67
2024-06-14,09:45,June,Summer,Inverted-V,93,753.6,33.12,46.96,76.37,1.14,61.1,0.95,58.17,0.67
2024-06-14,10:00,June,Summer,Inverted-V,93,792.61,33.58,48.4,75.92,1.2,60.74,1.0,60.9,0.67
2024-06-14,10:15,June,Summer,Inverted-V,93,792.79,33.83,48.65,75.84,1.2,60.67,1.0,60.86,0.67
2024-06-14,10:30,June,Summer,Inverted-V,93,792.96,34.08,48.9,75.76,1.2,60.61,1.0,60.83,0.67
2024-06-14,10:45,June,Summer,Inverted-V,93,793.14,34.33,49.16,75.68,1.2,60.54,1.0,60.79,0.67
2024-06-14,11:00,June,Summer,Inverted-V,93,793.31,34.58,49.41,75.6,1.2,60.48,1.0,60.76,0.67
2024-06-14,11:15,June,Summer,Inverted-V,93,804.92,34.72,49.85,75.46,1.22,60.37,1.02,61.56,0.67
2024-06-14,11:30,June,Summer,Inverted-V,93,816.53,34.86,50.28,75.32,1.24,60.26,1.03,62.36,0.67
2024-06-14,11:45,June,Summer,Inverted-V,93,828.14,35.01,50.71,75.19,1.25,60.15,1.05,63.16,0.67
2024-06-14,12:00,June,Summer,Inverted-V,93,839.75,35.15,51.14,75.05,1.27,60.04,1.07,63.95,0.67
2024-06-14,12:15,June,Summer,Inverted-V,93,810.38,35.2,50.46,75.27,1.23,60.21,1.03,61.85,0.67
2024-06-14,12:30,June,Summer,Inverted-V,93,781.0,35.25,49.77,75.48,1.18,60.39,0.99,59.74,0.67
2024-06-14,12:45,June,Summer,Inverted-V,93,751.63,35.29,49.08,75.7,1.14,60.56,0.95,57.62,0.67
2024-06-14,13:00,June,Summer,Inverted-V,93,722.25,35.34,48.4,75.92,1.09,60.74,0.91,55.49,0.67
2024-06-14,13:15,June,Summer,Inverted-V,93,694.9,35.29,47.66,76.15,1.05,60.92,0.88,53.52,0.67
2024-06-14,13:30,June,Summer,Inverted-V,93,667.56,35.23,46.92,76.39,1.01,61.11,0.84,51.53,0.67
2024-06-14,13:45,June,Summer,Inverted-V,93,640.21,35.18,46.19,76.62,0.96,61.3,0.81,49.54,0.67
2024-06-14,14:00,June,Summer,Inverted-V,93,612.87,35.13,45.45,76.85,0.92,61.48,0.77,47.53,0.67
2024-06-14,14:15,June,Summer,Inverted-V,93,566.84,35.02,44.19,77.25,0.85,61.8,0.71,44.14,0.67
2024-06-14,14:30,June,Summer,Inverted-V,93,520.81,34.91,42.93,77.65,0.78,62.12,0.66,40.71,0.67
2024-06-14,14:45,June,Summer,Inverted-V,93,474.79,34.8,41.67,78.05,0.71,62.44,0.6,37.26,0.67
2024-06-14,15:00,June,Summer,Inverted-V,93,428.76,34.69,40.41,78.45,0.64,62.76,0.54,33.78,0.67
2024-06-14,15:15,June,Summer,Inverted-V,93,379.88,34.47,38.97,78.9,0.57,63.12,0.48,30.06,0.67
2024-06-14,15:30,June,Summer,Inverted-V,93,331.01,34.25,37.53,79.36,0.49,63.49,0.41,26.3,0.67
2024-06-14,15:45,June,Summer,Inverted-V,93,282.13,34.04,36.09,79.82,0.42,63.85,0.35,22.52,0.67
2024-06-14,16:00,June,Summer,Inverted-V,93,233.26,33.82,34.65,80.27,0.35,64.22,0.29,18.7,0.67
2024-06-14,16:15,June,Summer,Inverted-V,93,191.49,33.19,32.97,80.8,0.28,64.64,0.24,15.42,0.67
2024-06-14,16:30,June,Summer,Inverted-V,93,149.73,32.55,31.29,81.34,0.22,65.07,0.19,12.12,0.67
2024-06-14,16:45,June,Summer,Inverted-V,93,107.97,31.91,29.61,81.87,0.16,65.49,0.13,8.78,0.67
2024-06-14,17:00,June,Summer,Inverted-V,93,66.2,31.28,27.94,82.4,0.1,65.92,0.08,5.41,0.67
2024-06-14,17:15,June,Summer,Inverted-V,93,49.65,30.76,27.0,82.7,0.07,66.16,0.06,4.07,0.67
2024-06-14,17:30,June,Summer,Inverted-V,93,33.1,30.23,26.06,82.99,0.05,66.39,0.04,2.72,0.67
2024-06-14,17:45,June,Summer,Inverted-V,93,16.55,29.71,25.13,83.29,0.02,66.63,0.02,1.36,0.67
2024-06-15,04:45,June,Summer,Inverted-V,93,5.44,24.39,19.52,85.06,0.01,68.05,0.01,0.46,0.67
2024-06-15,05:00,June,Summer,Inverted-V,93,7.26,24.37,19.55,85.05,0.01,68.04,0.01,0.61,0.67
2024-06-15,05:15,June,Summer,Inverted-V,93,38.48,24.61,20.57,84.73,0.06,67.78,0.05,3.21,0.67
2024-06-15,05:30,June,Summer,Inverted-V,93,69.7,24.86,21.6,84.41,0.1,67.52,0.09,5.8,0.67
2024-06-15,05:45,June,Summer,Inverted-V,93,100.92,25.1,22.62,84.08,0.15,67.27,0.12,8.37,0.67
2024-06-15,06:00,June,Summer,Inverted-V,93,132.14,25.34,23.64,83.76,0.19,67.01,0.16,10.93,0.67
2024-06-15,06:15,June,Summer,Inverted-V,93,187.19,25.81,25.49,83.17,0.28,66.54,0.23,15.4,0.67
2024-06-15,06:30,June,Summer,Inverted-V,93,242.24,26.29,27.35,82.59,0.36,66.07,0.3,19.83,0.67
2024-06-15,06:45,June,Summer,Inverted-V,93,297.3,26.77,29.2,82.0,0.44,65.6,0.37,24.21,0.67
2024-06-15,07:00,June,Summer,Inverted-V,93,352.35,27.24,31.05,81.41,0.52,65.13,0.44,28.54,0.67
2024-06-15,07:15,June,Summer,Inverted-V,93,407.97,28.0,33.2,80.73,0.61,64.59,0.51,32.84,0.67
2024-06-15,07:30,June,Summer,Inverted-V,93,463.59,28.76,35.35,80.05,0.69,64.04,0.58,37.08,0.67
2024-06-15,07:45,June,Summer,Inverted-V,93,519.21,29.52,37.5,79.37,0.78,63.5,0.65,41.26,0.67
2024-06-15,08:00,June,Summer,Inverted-V,93,574.83,30.28,39.65,78.69,0.86,62.95,0.72,45.39,0.67
2024-06-15,08:15,June,Summer,Inverted-V,93,624.62,30.92,41.54,78.09,0.94,62.47,0.78,49.03,0.67
2024-06-15,08:30,June,Summer,Inverted-V,93,674.41,31.56,43.42,77.5,1.01,62.0,0.85,52.64,0.67
2024-06-15,08:45,June,Summer,Inverted-V,93,724.19,32.2,45.3,76.9,1.09,61.52,0.91,56.19,0.67
2024-06-15,09:00,June,Summer,Inverted-V,93,773.98,32.84,47.19,76.3,1.17,61.04,0.98,59.7,0.67
2024-06-15,09:15,June,Summer,Inverted-V,93,797.78,33.27,48.22,75.98,1.2,60.78,1.01,61.33,0.67
2024-06-15,09:30,June,Summer,Inverted-V,93,821.57,33.7,49.24,75.65,1.24,60.52,1.04,62.95,0.67
2024-06-15,09:45,June,Summer,Inverted-V,93,845.37,34.14,50.27,75.33,1.28,60.26,1.07,64.56,0.67
2024-06-15,10:00,June,Summer,Inverted-V,93,869.16,34.57,51.3,75.0,1.32,60.0,1.1,66.16,0.67
2024-06-15,10:15,June,Summer,Inverted-V,93,877.72,34.89,51.83,74.83,1.33,59.87,1.11,66.7,0.67
2024-06-15,10:30,June,Summer,Inverted-V,93,886.28,35.21,52.37,74.66,1.34,59.73,1.13,67.23,0.67
2024-06-15,10:45,June,Summer,Inverted-V,93,894.83,35.53,52.9,74.49,1.36,59.59,1.14,67.76,0.67
2024-06-15,11:00,June,Summer,Inverted-V,93,903.39,35.85,53.43,74.32,1.37,59.46,1.15,68.29,0.67
2024-06-15,11:15,June,Summer,Inverted-V,93,896.48,36.05,53.46,74.31,1.36,59.45,1.14,67.76,0.67
2024-06-15,11:30,June,Summer,Inverted-V,93,889.58,36.25,53.49,74.31,1.35,59.44,1.13,67.23,0.67
2024-06-15,11:45,June,Summer,Inverted-V,93,882.68,36.46,53.52,74.3,1.34,59.44,1.12,66.7,0.67
2024-06-15,12:00,June,Summer,Inverted-V,93,875.77,36.66,53.55,74.29,1.33,59.43,1.11,66.17,0.67
2024-06-15,12:15,June,Summer,Inverted-V,93,863.51,36.71,53.3,74.37,1.31,59.49,1.1,65.3,0.67
2024-06-15,12:30,June,Summer,Inverted-V,93,851.26,36.77,53.05,74.45,1.29,59.56,1.08,64.43,0.67
2024-06-15,12:45,June,Summer,Inverted-V,93,839.0,36.82,52.79,74.53,1.27,59.62,1.07,63.55,0.67
2024-06-15,13:00,June,Summer,Inverted-V,93,826.74,36.87,52.54,74.61,1.25,59.69,1.05,62.68,0.67
2024-06-15,13:15,June,Summer,Inverted-V,93,792.52,36.78,51.59,74.91,1.2,59.93,1.01,60.27,0.67
2024-06-15,13:30,June,Summer,Inverted-V,93,758.3,36.69,50.65,75.21,1.15,60.17,0.96,57.84,0.67
2024-06-15,13:45,June,Summer,Inverted-V,93,724.07,36.6,49.7,75.51,1.1,60.41,0.92,55.4,0.67
2024-06-15,14:00,June,Summer,Inverted-V,93,689.85,36.51,48.76,75.81,1.04,60.64,0.87,52.94,0.67
2024-06-15,14:15,June,Summer,Inverted-V,93,641.21,36.31,47.35,76.25,0.97,61.0,0.81,49.43,0.67
2024-06-15,14:30,June,Summer,Inverted-V,93,592.58,36.12,45.93,76.7,0.89,61.36,0.75,45.89,0.67
2024-06-15,14:45,June,Summer,Inverted-V,93,543.94,35.92,44.52,77.15,0.82,61.72,0.69,42.31,0.67
2024-06-15,15:00,June,Summer,Inverted-V,93,495.31,35.73,43.11,77.59,0.74,62.07,0.62,38.69,0.67
2024-06-15,15:15,June,Summer,Inverted-V,93,440.12,35.41,41.41,78.13,0.66,62.5,0.55,34.56,0.67
2024-06-15,15:30,June,Summer,Inverted-V,93,384.94,35.09,39.71,78.67,0.58,62.94,0.48,30.39,0.67
2024-06-15,15:45,June,Summer,Inverted-V,93,329.75,34.77,38.01,79.21,0.49,63.37,0.41,26.17,0.67
2024-06-15,16:00,June,Summer,Inverted-V,93,274.57,34.45,36.31,79.75,0.41,63.8,0.34,21.9,0.67
2024-06-15,16:15,June,Summer,Inverted-V,93,224.3,33.82,34.43,80.34,0.33,64.27,0.28,17.99,0.67
2024-06-15,16:30,June,Summer,Inverted-V,93,174.03,33.19,32.54,80.94,0.26,64.75,0.22,14.04,0.67
2024-06-15,16:45,June,Summer,Inverted-V,93,123.76,32.56,30.65,81.54,0.18,65.23,0.15,10.04,0.67
2024-06-15,17:00,June,Summer,Inverted-V,93,73.49,31.93,28.77,82.14,0.11,65.71,0.09,5.99,0.67
2024-06-15,17:15,June,Summer,Inverted-V,93,55.12,31.38,27.76,82.46,0.08,65.96,0.07,4.51,0.67
2024-06-15,17:30,June,Summer,Inverted-V,93,36.75,30.82,26.74,82.78,0.05,66.22,0.05,3.01,0.67
2024-06-15,17:45,June,Summer,Inverted-V,93,18.37,30.27,25.73,83.1,0.03,66.48,0.02,1.51,0.67
2024-06-16,04:45,June,Summer,Inverted-V,93,5.59,24.51,19.65,85.02,0.01,68.02,0.01,0.47,0.67
2024-06-16,05:00,June,Summer,Inverted-V,93,7.45,24.47,19.66,85.02,0.01,68.02,0.01,0.62,0.67
2024-06-16,05:15,June,Summer,Inverted-V,93,41.23,24.69,20.72,84.68,0.06,67.75,0.05,3.44,0.67
2024-06-16,05:30,June,Summer,Inverted-V,93,75.02,24.91,21.79,84.35,0.11,67.48,0.09,6.24,0.67
2024-06-16,05:45,June,Summer,Inverted-V,93,108.8,25.13,22.85,84.01,0.16,67.21,0.13,9.02,0.67
2024-06-16,06:00,June,Summer,Inverted-V,93,142.58,25.35,23.91,83.67,0.21,66.94,0.18,11.79,0.67
2024-06-16,06:15,June,Summer,Inverted-V,93,201.88,25.77,25.82,83.07,0.3,66.45,0.25,16.6,0.67
2024-06-16,06:30,June,Summer,Inverted-V,93,261.18,26.2,27.72,82.47,0.39,65.97,0.32,21.36,0.67
2024-06-16,06:45,June,Summer,Inverted-V,93,320.48,26.62,29.63,81.86,0.48,65.49,0.4,26.06,0.67
2024-06-16,07:00,June,Summer,Inverted-V,93,379.78,27.04,31.53,81.26,0.56,65.01,0.47,30.72,0.67
2024-06-16,07:15,June,Summer,Inverted-V,93,437.74,27.69,33.64,80.59,0.65,64.47,0.55,35.19,0.67
2024-06-16,07:30,June,Summer,Inverted-V,93,495.69,28.34,35.74,79.93,0.74,63.94,0.62,39.6,0.67
2024-06-16,07:45,June,Summer,Inverted-V,93,553.65,29.0,37.84,79.26,0.83,63.41,0.69,43.95,0.67
2024-06-16,08:00,June,Summer,Inverted-V,93,611.6,29.65,39.94,78.6,0.92,62.88,0.77,48.25,0.67
2024-06-16,08:15,June,Summer,Inverted-V,93,652.15,30.27,41.57,78.08,0.98,62.46,0.82,51.19,0.67
2024-06-16,08:30,June,Summer,Inverted-V,93,692.7,30.88,43.2,77.56,1.04,62.05,0.87,54.1,0.67
2024-06-16,08:45,June,Summer,Inverted-V,93,733.24,31.5,44.83,77.05,1.1,61.64,0.92,56.98,0.67
2024-06-16,09:00,June,Summer,Inverted-V,93,773.79,32.12,46.46,76.53,1.17,61.23,0.98,59.82,0.67
2024-06-16,09:15,June,Summer,Inverted-V,93,776.96,32.55,46.98,76.37,1.17,61.09,0.98,59.97,0.67
2024-06-16,09:30,June,Summer,Inverted-V,93,780.13,32.99,47.49,76.21,1.18,60.96,0.99,60.11,0.67
2024-06-16,09:45,June,Summer,Inverted-V,93,783.31,33.42,48.01,76.04,1.18,60.83,0.99,60.26,0.67
2024-06-16,10:00,June,Summer,Inverted-V,93,786.48,33.86,48.52,75.88,1.19,60.7,1.0,60.4,0.67
2024-06-16,10:15,June,Summer,Inverted-V,93,796.5,34.17,49.08,75.7,1.2,60.56,1.01,61.07,0.67
2024-06-16,10:30,June,Summer,Inverted-V,93,806.53,34.48,49.64,75.52,1.22,60.42,1.02,61.72,0.67
2024-06-16,10:45,June,Summer,Inverted-V,93,816.55,34.79,50.2,75.35,1.24,60.28,1.03,62.38,0.67
2024-06-16,11:00,June,Summer,Inverted-V,93,826.58,35.1,50.76,75.17,1.25,60.14,1.05,63.03,0.67
2024-06-16,11:15,June,Summer,Inverted-V,93,818.24,35.35,50.8,75.16,1.24,60.13,1.04,62.38,0.67
2024-06-16,11:30,June,Summer,Inverted-V,93,809.89,35.59,50.84,75.15,1.23,60.12,1.03,61.74,0.67
2024-06-16,11:45,June,Summer,Inverted-V,93,801.55,35.84,50.88,75.13,1.21,60.11,1.02,61.1,0.67
2024-06-16,12:00,June,Summer,Inverted-V,93,793.21,36.09,50.92,75.12,1.2,60.1,1.01,60.45,0.67
2024-06-16,12:15,June,Summer,Inverted-V,93,790.43,36.19,50.95,75.11,1.2,60.09,1.0,60.24,0.67
2024-06-16,12:30,June,Summer,Inverted-V,93,787.65,36.3,50.99,75.1,1.19,60.08,1.0,60.02,0.67
2024-06-16,12:45,June,Summer,Inverted-V,93,784.88,36.4,51.02,75.09,1.19,60.07,1.0,59.8,0.67
2024-06-16,13:00,June,Summer,Inverted-V,93,782.1,36.5,51.05,75.08,1.18,60.06,0.99,59.58,0.67
2024-06-16,13:15,June,Summer,Inverted-V,93,745.45,36.42,50.05,75.39,1.13,60.32,0.94,56.97,0.67
2024-06-16,13:30,June,Summer,Inverted-V,93,708.79,36.34,49.05,75.71,1.07,60.57,0.9,54.35,0.67
2024-06-16,13:45,June,Summer,Inverted-V,93,672.13,36.25,48.06,76.03,1.01,60.82,0.85,51.7,0.67
2024-06-16,14:00,June,Summer,Inverted-V,93,635.47,36.17,47.06,76.34,0.96,61.08,0.8,49.04,0.67
2024-06-16,14:15,June,Summer,Inverted-V,93,583.38,35.99,45.57,76.81,0.88,61.45,0.74,45.23,0.67
2024-06-16,14:30,June,Summer,Inverted-V,93,531.3,35.81,44.09,77.28,0.8,61.83,0.67,41.38,0.67
2024-06-16,14:45,June,Summer,Inverted-V,93,479.21,35.63,42.61,77.75,0.72,62.2,0.6,37.5,0.67
2024-06-16,15:00,June,Summer,Inverted-V,93,427.12,35.45,41.13,78.22,0.64,62.58,0.54,33.57,0.67
2024-06-16,15:15,June,Summer,Inverted-V,93,378.0,35.2,39.65,78.69,0.57,62.95,0.47,29.85,0.67
2024-06-16,15:30,June,Summer,Inverted-V,93,328.88,34.96,38.18,79.15,0.49,63.32,0.41,26.08,0.67
2024-06-16,15:45,June,Summer,Inverted-V,93,279.76,34.72,36.71,79.62,0.42,63.7,0.35,22.29,0.67
2024-06-16,16:00,June,Summer,Inverted-V,93,230.63,34.47,35.24,80.09,0.34,64.07,0.29,18.45,0.67
2024-06-16,16:15,June,Summer,Inverted-V,93,188.68,33.94,33.65,80.59,0.28,64.47,0.24,15.17,0.67
2024-06-16,16:30,June,Summer,Inverted-V,93,146.73,33.41,32.07,81.09,0.22,64.87,0.18,11.85,0.67
2024-06-16,16:45,June,Summer,Inverted-V,93,104.78,32.87,30.49,81.59,0.16,65.27,0.13,8.5,0.67
2024-06-16,17:00,June,Summer,Inverted-V,93,62.82,32.34,28.91,82.09,0.09,65.67,0.08,5.12,0.67
2024-06-16,17:15,June,Summer,Inverted-V,93,47.12,31.76,27.94,82.4,0.07,65.92,0.06,3.85,0.67
2024-06-16,17:30,June,Summer,Inverted-V,93,31.41,31.19,26.97,82.7,0.05,66.16,0.04,2.57,0.67
2024-06-16,17:45,June,Summer,Inverted-V,93,15.71,30.61,26.0,83.01,0.02,66.41,0.02,1.29,0.67
2024-06-17,04:45,June,Summer,Inverted-V,93,5.63,24.05,19.19,85.17,0.01,68.13,0.01,0.47,0.67
2024-06-17,05:00,June,Summer,Inverted-V,93,7.51,24.0,19.19,85.17,0.01,68.13,0.01,0.63,0.67
2024-06-17,05:15,June,Summer,Inverted-V,93,41.07,24.25,20.27,84.83,0.06,67.86,0.05,3.43,0.67
2024-06-17,05:30,June,Summer,Inverted-V,93,74.64,24.49,21.36,84.48,0.11,67.59,0.09,6.21,0.67
2024-06-17,05:45,June,Summer,Inverted-V,93,108.21,24.73,22.44,84.14,0.16,67.31,0.13,8.98,0.67
2024-06-17,06:00,June,Summer,Inverted-V,93,141.77,24.98,23.52,83.8,0.21,67.04,0.17,11.73,0.67
2024-06-17,06:15,June,Summer,Inverted-V,93,199.51,25.43,25.42,83.2,0.29,66.56,0.25,16.42,0.67
2024-06-17,06:30,June,Summer,Inverted-V,93,257.25,25.88,27.31,82.6,0.38,66.08,0.32,21.06,0.67
2024-06-17,06:45,June,Summer,Inverted-V,93,314.99,26.32,29.2,82.0,0.47,65.6,0.39,25.65,0.67
2024-06-17,07:00,June,Summer,Inverted-V,93,372.73,26.77,31.09,81.4,0.55,65.12,0.46,30.19,0.67
2024-06-17,07:15,June,Summer,Inverted-V,93,429.02,27.45,33.18,80.74,0.64,64.59,0.53,34.54,0.67
2024-06-17,07:30,June,Summer,Inverted-V,93,485.32,28.13,35.26,80.08,0.72,64.06,0.61,38.83,0.67
2024-06-17,07:45,June,Summer,Inverted-V,93,541.61,28.81,37.35,79.42,0.81,63.53,0.68,43.06,0.67
2024-06-17,08:00,June,Summer,Inverted-V,93,597.91,29.49,39.44,78.76,0.9,63.01,0.75,47.24,0.67
2024-06-17,08:15,June,Summer,Inverted-V,93,622.81,30.14,40.71,78.35,0.93,62.68,0.78,49.02,0.67
2024-06-17,08:30,June,Summer,Inverted-V,93,647.71,30.8,41.99,77.95,0.97,62.36,0.81,50.78,0.67
2024-06-17,08:45,June,Summer,Inverted-V,93,672.62,31.45,43.26,77.55,1.01,62.04,0.85,52.52,0.67
2024-06-17,09:00,June,Summer,Inverted-V,93,697.52,32.1,44.54,77.14,1.05,61.71,0.88,54.25,0.67
2024-06-17,09:15,June,Summer,Inverted-V,93,719.42,32.54,45.52,76.83,1.08,61.46,0.91,55.78,0.67
2024-06-17,09:30,June,Summer,Inverted-V,93,741.31,32.97,46.5,76.52,1.12,61.22,0.94,57.3,0.67
2024-06-17,09:45,June,Summer,Inverted-V,93,763.21,33.41,47.49,76.21,1.15,60.97,0.96,58.81,0.67
2024-06-17,10:00,June,Summer,Inverted-V,93,785.11,33.84,48.47,75.9,1.19,60.72,0.99,60.31,0.67
2024-06-17,10:15,June,Summer,Inverted-V,93,798.56,34.13,49.1,75.7,1.21,60.56,1.01,61.22,0.67
2024-06-17,10:30,June,Summer,Inverted-V,93,812.01,34.42,49.73,75.5,1.23,60.4,1.03,62.13,0.67
2024-06-17,10:45,June,Summer,Inverted-V,93,825.47,34.72,50.35,75.3,1.25,60.24,1.05,63.03,0.67
2024-06-17,11:00,June,Summer,Inverted-V,93,838.92,35.01,50.98,75.1,1.27,60.08,1.06,63.92,0.67
2024-06-17,11:15,June,Summer,Inverted-V,93,836.0,35.19,51.09,75.07,1.27,60.05,1.06,63.68,0.67
2024-06-17,11:30,June,Summer,Inverted-V,93,833.09,35.38,51.2,75.03,1.26,60.02,1.06,63.43,0.67
2024-06-17,11:45,June,Summer,Inverted-V,93,830.17,35.56,51.31,75.0,1.26,60.0,1.05,63.19,0.67
2024-06-17,12:00,June,Summer,Inverted-V,93,827.25,35.74,51.42,74.96,1.25,59.97,1.05,62.95,0.67
2024-06-17,12:15,June,Summer,Inverted-V,93,801.96,35.76,50.8,75.16,1.21,60.13,1.02,61.14,0.67
2024-06-17,12:30,June,Summer,Inverted-V,93,776.67,35.77,50.19,75.35,1.18,60.28,0.98,59.33,0.67
2024-06-17,12:45,June,Summer,Inverted-V,93,751.37,35.78,49.57,75.55,1.14,60.44,0.95,57.52,0.67
2024-06-17,13:00,June,Summer,Inverted-V,93,726.08,35.8,48.95,75.74,1.1,60.59,0.92,55.69,0.67
2024-06-17,13:15,June,Summer,Inverted-V,93,717.96,35.66,48.61,75.85,1.08,60.68,0.91,55.13,0.67
2024-06-17,13:30,June,Summer,Inverted-V,93,709.83,35.53,48.28,75.96,1.07,60.77,0.9,54.56,0.67
2024-06-17,13:45,June,Summer,Inverted-V,93,701.7,35.39,47.94,76.06,1.06,60.85,0.89,53.99,0.67
2024-06-17,14:00,June,Summer,Inverted-V,93,693.58,35.26,47.6,76.17,1.05,60.94,0.88,53.43,0.67
2024-06-17,14:15,June,Summer,Inverted-V,93,638.91,35.03,46.01,76.68,0.96,61.34,0.81,49.46,0.67
2024-06-17,14:30,June,Summer,Inverted-V,93,584.24,34.81,44.42,77.18,0.88,61.74,0.74,45.46,0.67
2024-06-17,14:45,June,Summer,Inverted-V,93,529.58,34.59,42.82,77.68,0.8,62.15,0.67,41.41,0.67
2024-06-17,15:00,June,Summer,Inverted-V,93,474.91,34.36,41.23,78.19,0.71,62.55,0.6,37.32,0.67
2024-06-17,15:15,June,Summer,Inverted-V,93,423.18,34.01,39.59,78.71,0.63,62.97,0.53,33.42,0.67
2024-06-17,15:30,June,Summer,Inverted-V,93,371.46,33.66,37.95,79.23,0.56,63.38,0.47,29.48,0.67
2024-06-17,15:45,June,Summer,Inverted-V,93,319.73,33.32,36.31,79.75,0.48,63.8,0.4,25.5,0.67
2024-06-17,16:00,June,Summer,Inverted-V,93,268.0,32.97,34.67,80.27,0.4,64.21,0.33,21.48,0.67
2024-06-17,16:15,June,Summer,Inverted-V,93,217.6,32.43,32.87,80.84,0.32,64.67,0.27,17.53,0.67
2024-06-17,16:30,June,Summer,Inverted-V,93,167.19,31.89,31.07,81.4,0.25,65.12,0.21,13.54,0.67
2024-06-17,16:45,June,Summer,Inverted-V,93,116.79,31.36,29.28,81.97,0.17,65.58,0.14,9.51,0.67
2024-06-17,17:00,June,Summer,Inverted-V,93,66.39,30.82,27.48,82.54,0.1,66.03,0.08,5.43,0.67
2024-06-17,17:15,June,Summer,Inverted-V,93,49.79,30.38,26.63,82.81,0.07,66.25,0.06,4.08,0.67
2024-06-17,17:30,June,Summer,Inverted-V,93,33.19,29.95,25.78,83.08,0.05,66.46,0.04,2.73,0.67
2024-06-17,17:45,June,Summer,Inverted-V,93,16.6,29.52,24.93,83.35,0.02,66.68,0.02,1.37,0.67
2024-06-18,05:00,June,Summer,Inverted-V,93,5.78,24.49,19.63,85.03,0.01,68.02,0.01,0.48,0.67
2024-06-18,05:15,June,Summer,Inverted-V,93,29.69,24.75,20.49,84.76,0.04,67.8,0.04,2.48,0.67
2024-06-18,05:30,June,Summer,Inverted-V,93,53.61,25.01,21.35,84.48,0.08,67.59,0.07,4.46,0.67
2024-06-18,05:45,June,Summer,Inverted-V,93,77.53,25.27,22.21,84.21,0.11,67.37,0.1,6.44,0.67
2024-06-18,06:00,June,Summer,Inverted-V,93,101.44,25.53,23.07,83.94,0.15,67.15,0.13,8.4,0.67
2024-06-18,06:15,June,Summer,Inverted-V,93,146.51,25.89,24.55,83.47,0.22,66.78,0.18,12.09,0.67
2024-06-18,06:30,June,Summer,Inverted-V,93,191.58,26.25,26.04,83.0,0.28,66.4,0.24,15.74,0.67
2024-06-18,06:45,June,Summer,Inverted-V,93,236.65,26.61,27.53,82.53,0.35,66.02,0.29,19.36,0.67
2024-06-18,07:00,June,Summer,Inverted-V,93,281.72,26.97,29.01,82.06,0.42,65.65,0.35,22.95,0.67
2024-06-18,07:15,June,Summer,Inverted-V,93,332.31,27.48,30.79,81.5,0.49,65.2,0.41,26.94,0.67
2024-06-18,07:30,June,Summer,Inverted-V,93,382.9,27.98,32.56,80.93,0.57,64.75,0.48,30.88,0.67
2024-06-18,07:45,June,Summer,Inverted-V,93,433.5,28.49,34.33,80.37,0.65,64.3,0.54,34.78,0.67
2024-06-18,08:00,June,Summer,Inverted-V,93,484.09,29.0,36.1,79.81,0.72,63.85,0.61,38.63,0.67
2024-06-18,08:15,June,Summer,Inverted-V,93,514.62,29.45,37.32,79.43,0.77,63.54,0.64,40.92,0.67
2024-06-18,08:30,June,Summer,Inverted-V,93,545.15,29.91,38.54,79.04,0.82,63.23,0.68,43.19,0.67
2024-06-18,08:45,June,Summer,Inverted-V,93,575.68,30.37,39.76,78.66,0.86,62.92,0.72,45.44,0.67
2024-06-18,09:00,June,Summer,Inverted-V,93,606.2,30.82,40.98,78.27,0.91,62.62,0.76,47.67,0.67
2024-06-18,09:15,June,Summer,Inverted-V,93,622.38,31.2,41.76,78.02,0.93,62.42,0.78,48.83,0.67
2024-06-18,09:30,June,Summer,Inverted-V,93,638.56,31.58,42.54,77.77,0.96,62.22,0.8,49.97,0.67
2024-06-18,09:45,June,Summer,Inverted-V,93,654.74,31.96,43.33,77.52,0.98,62.02,0.82,51.12,0.67
2024-06-18,10:00,June,Summer,Inverted-V,93,670.92,32.34,44.11,77.28,1.01,61.82,0.85,52.25,0.67
2024-06-18,10:15,June,Summer,Inverted-V,93,677.65,32.61,44.55,77.14,1.02,61.71,0.85,52.7,0.67
2024-06-18,10:30,June,Summer,Inverted-V,93,684.38,32.89,44.99,77.0,1.03,61.6,0.86,53.15,0.67
2024-06-18,10:45,June,Summer,Inverted-V,93,691.11,33.16,45.44,76.86,1.04,61.49,0.87,53.6,0.67
2024-06-18,11:00,June,Summer,Inverted-V,93,697.84,33.43,45.88,76.72,1.05,61.37,0.88,54.05,0.67
2024-06-18,11:15,June,Summer,Inverted-V,93,702.01,33.55,46.1,76.65,1.06,61.32,0.89,54.33,0.67
2024-06-18,11:30,June,Summer,Inverted-V,93,706.17,33.66,46.32,76.58,1.06,61.26,0.89,54.62,0.67
2024-06-18,11:45,June,Summer,Inverted-V,93,710.34,33.78,46.54,76.51,1.07,61.21,0.9,54.9,0.67
2024-06-18,12:00,June,Summer,Inverted-V,93,714.51,33.9,46.76,76.44,1.08,61.15,0.9,55.18,0.67
2024-06-18,12:15,June,Summer,Inverted-V,93,685.7,33.91,46.05,76.66,1.03,61.33,0.87,53.08,0.67
2024-06-18,12:30,June,Summer,Inverted-V,93,656.9,33.92,45.34,76.89,0.99,61.51,0.83,50.96,0.67
2024-06-18,12:45,June,Summer,Inverted-V,93,628.1,33.93,44.63,77.11,0.95,61.69,0.79,48.84,0.67
2024-06-18,13:00,June,Summer,Inverted-V,93,599.29,33.94,43.92,77.34,0.9,61.87,0.75,46.7,0.67
2024-06-18,13:15,June,Summer,Inverted-V,93,583.17,33.82,43.4,77.5,0.88,62.0,0.73,45.52,0.67
2024-06-18,13:30,June,Summer,Inverted-V,93,567.05,33.7,42.88,77.67,0.85,62.13,0.71,44.33,0.67
2024-06-18,13:45,June,Summer,Inverted-V,93,550.94,33.59,42.36,77.83,0.83,62.26,0.69,43.14,0.67
2024-06-18,14:00,June,Summer,Inverted-V,93,534.82,33.47,41.84,78.0,0.8,62.4,0.67,41.95,0.67
2024-06-18,14:15,June,Summer,Inverted-V,93,488.98,33.29,40.51,78.42,0.73,62.73,0.61,38.51,0.67
2024-06-18,14:30,June,Summer,Inverted-V,93,443.15,33.11,39.18,78.84,0.66,63.07,0.56,35.04,0.67
2024-06-18,14:45,June,Summer,Inverted-V,93,397.32,32.92,37.86,79.26,0.59,63.41,0.5,31.54,0.67
2024-06-18,15:00,June,Summer,Inverted-V,93,351.49,32.74,36.53,79.68,0.52,63.74,0.44,28.01,0.67
2024-06-18,15:15,June,Summer,Inverted-V,93,312.61,32.45,35.27,80.08,0.47,64.06,0.39,25.01,0.67
2024-06-18,15:30,June,Summer,Inverted-V,93,273.73,32.16,34.0,80.48,0.41,64.38,0.34,21.98,0.67
2024-06-18,15:45,June,Summer,Inverted-V,93,234.85,31.87,32.74,80.88,0.35,64.7,0.29,18.93,0.67
2024-06-18,16:00,June,Summer,Inverted-V,93,195.97,31.58,31.48,81.28,0.29,65.02,0.24,15.85,0.67
2024-06-18,16:15,June,Summer,Inverted-V,93,160.43,31.12,30.13,81.7,0.24,65.36,0.2,13.03,0.67
2024-06-18,16:30,June,Summer,Inverted-V,93,124.89,30.66,28.79,82.13,0.19,65.7,0.15,10.18,0.67
2024-06-18,16:45,June,Summer,Inverted-V,93,89.35,30.21,27.44,82.55,0.13,66.04,0.11,7.31,0.67
2024-06-18,17:00,June,Summer,Inverted-V,93,53.82,29.75,26.1,82.98,0.08,66.38,0.07,4.42,0.67
2024-06-18,17:15,June,Summer,Inverted-V,93,40.36,29.36,25.36,83.21,0.06,66.57,0.05,3.32,0.67
2024-06-18,17:30,June,Summer,Inverted-V,93,26.91,28.96,24.63,83.44,0.04,66.76,0.03,2.22,0.67
2024-06-18,17:45,June,Summer,Inverted-V,93,13.45,28.57,23.9,83.68,0.02,66.94,0.02,1.11,0.67
2024-06-19,05:15,June,Summer,Inverted-V,93,28.06,24.94,20.64,84.71,0.04,67.77,0.03,2.34,0.67
2024-06-19,05:30,June,Summer,Inverted-V,93,50.99,25.11,21.38,84.47,0.07,67.58,0.06,4.24,0.67
2024-06-19,05:45,June,Summer,Inverted-V,93,73.92,25.29,22.13,84.24,0.11,67.39,0.09,6.14,0.67
2024-06-19,06:00,June,Summer,Inverted-V,93,96.85,25.46,22.88,84.0,0.14,67.2,0.12,8.03,0.67
2024-06-19,06:15,June,Summer,Inverted-V,93,134.57,25.76,24.12,83.61,0.2,66.88,0.17,11.12,0.67
2024-06-19,06:30,June,Summer,Inverted-V,93,172.28,26.06,25.37,83.21,0.25,66.57,0.21,14.18,0.67
2024-06-19,06:45,June,Summer,Inverted-V,93,209.99,26.36,26.61,82.82,0.31,66.25,0.26,17.23,0.67
2024-06-19,07:00,June,Summer,Inverted-V,93,247.7,26.66,27.85,82.42,0.37,65.94,0.31,20.25,0.67
2024-06-19,07:15,June,Summer,Inverted-V,93,290.33,27.1,29.36,81.95,0.43,65.56,0.36,23.63,0.67
2024-06-19,07:30,June,Summer,Inverted-V,93,332.95,27.54,30.86,81.47,0.49,65.18,0.41,26.98,0.67
2024-06-19,07:45,June,Summer,Inverted-V,93,375.58,27.97,32.36,81.0,0.56,64.8,0.47,30.31,0.67
2024-06-19,08:00,June,Summer,Inverted-V,93,418.21,28.41,33.87,80.52,0.62,64.42,0.52,33.6,0.67
2024-06-19,08:15,June,Summer,Inverted-V,93,442.07,28.85,34.9,80.19,0.66,64.15,0.55,35.4,0.67
2024-06-19,08:30,June,Summer,Inverted-V,93,465.93,29.29,35.94,79.86,0.7,63.89,0.58,37.2,0.67
2024-06-19,08:45,June,Summer,Inverted-V,93,489.79,29.73,36.97,79.54,0.73,63.63,0.61,38.99,0.67
2024-06-19,09:00,June,Summer,Inverted-V,93,513.65,30.17,38.01,79.21,0.77,63.37,0.64,40.76,0.67
2024-06-19,09:15,June,Summer,Inverted-V,93,539.52,30.52,39.01,78.89,0.81,63.11,0.68,42.68,0.67
2024-06-19,09:30,June,Summer,Inverted-V,93,565.39,30.87,40.0,78.58,0.85,62.86,0.71,44.59,0.67
2024-06-19,09:45,June,Summer,Inverted-V,93,591.26,31.21,40.99,78.26,0.89,62.61,0.74,46.49,0.67
2024-06-19,10:00,June,Summer,Inverted-V,93,617.13,31.56,41.99,77.95,0.93,62.36,0.78,48.38,0.67
2024-06-19,10:15,June,Summer,Inverted-V,93,625.55,31.83,42.47,77.8,0.94,62.24,0.79,48.97,0.67
2024-06-19,10:30,June,Summer,Inverted-V,93,633.96,32.1,42.95,77.64,0.95,62.11,0.8,49.55,0.67
2024-06-19,10:45,June,Summer,Inverted-V,93,642.37,32.38,43.44,77.49,0.97,61.99,0.81,50.13,0.67
2024-06-19,11:00,June,Summer,Inverted-V,93,650.79,32.65,43.92,77.34,0.98,61.87,0.82,50.71,0.67
2024-06-19,11:15,June,Summer,Inverted-V,93,643.74,32.85,43.95,77.33,0.97,61.86,0.81,50.16,0.67
2024-06-19,11:30,June,Summer,Inverted-V,93,636.7,33.06,43.98,77.32,0.96,61.86,0.8,49.61,0.67
2024-06-19,11:45,June,Summer,Inverted-V,93,629.66,33.27,44.01,77.31,0.95,61.85,0.79,49.05,0.67
2024-06-19,12:00,June,Summer,Inverted-V,93,622.62,33.47,44.04,77.3,0.94,61.84,0.78,48.5,0.67
2024-06-19,12:15,June,Summer,Inverted-V,93,598.96,33.55,43.52,77.46,0.9,61.97,0.75,46.73,0.67
2024-06-19,12:30,June,Summer,Inverted-V,93,575.31,33.62,43.0,77.63,0.86,62.1,0.72,44.96,0.67
2024-06-19,12:45,June,Summer,Inverted-V,93,551.65,33.7,42.49,77.79,0.83,62.23,0.69,43.18,0.67
2024-06-19,13:00,June,Summer,Inverted-V,93,527.99,33.77,41.97,77.95,0.79,62.36,0.66,41.39,0.67
2024-06-19,13:15,June,Summer,Inverted-V,93,487.66,33.73,40.92,78.29,0.73,62.63,0.61,38.35,0.67
2024-06-19,13:30,June,Summer,Inverted-V,93,447.33,33.7,39.88,78.62,0.67,62.89,0.56,35.3,0.67
2024-06-19,13:45,June,Summer,Inverted-V,93,406.99,33.66,38.83,78.95,0.61,63.16,0.51,32.21,0.67
2024-06-19,14:00,June,Summer,Inverted-V,93,366.66,33.62,37.79,79.28,0.55,63.42,0.46,29.11,0.67
2024-06-19,14:15,June,Summer,Inverted-V,93,316.53,33.45,36.37,79.73,0.47,63.78,0.4,25.24,0.67
2024-06-19,14:30,June,Summer,Inverted-V,93,266.41,33.29,34.95,80.18,0.4,64.14,0.33,21.33,0.67
2024-06-19,14:45,June,Summer,Inverted-V,93,216.28,33.12,33.53,80.63,0.32,64.5,0.27,17.39,0.67
2024-06-19,15:00,June,Summer,Inverted-V,93,166.16,32.96,32.11,81.08,0.25,64.86,0.21,13.42,0.67
2024-06-19,15:15,June,Summer,Inverted-V,93,145.08,32.68,31.3,81.33,0.22,65.07,0.18,11.74,0.67
2024-06-19,15:30,June,Summer,Inverted-V,93,124.0,32.39,30.5,81.59,0.18,65.27,0.15,10.06,0.67
2024-06-19,15:45,June,Summer,Inverted-V,93,102.92,32.11,29.69,81.84,0.15,65.48,0.13,8.37,0.67
2024-06-19,16:00,June,Summer,Inverted-V,93,81.84,31.83,28.88,82.1,0.12,65.68,0.1,6.67,0.67
2024-06-19,16:15,June,Summer,Inverted-V,93,66.42,31.35,28.02,82.37,0.1,65.9,0.08,5.43,0.67
2024-06-19,16:30,June,Summer,Inverted-V,93,50.99,30.88,27.15,82.65,0.08,66.12,0.06,4.18,0.67
2024-06-19,16:45,June,Summer,Inverted-V,93,35.57,30.41,26.29,82.92,0.05,66.33,0.04,2.92,0.67
2024-06-19,17:00,June,Summer,Inverted-V,93,20.14,29.93,25.43,83.19,0.03,66.55,0.02,1.66,0.67
2024-06-19,17:15,June,Summer,Inverted-V,93,15.11,29.46,24.84,83.38,0.02,66.7,0.02,1.25,0.67
2024-06-19,17:30,June,Summer,Inverted-V,93,10.07,29.0,24.25,83.56,0.01,66.85,0.01,0.83,0.67
2024-06-20,05:15,June,Summer,Inverted-V,93,23.79,24.96,20.55,84.74,0.03,67.79,0.03,1.98,0.67
2024-06-20,05:30,June,Summer,Inverted-V,93,42.44,25.18,21.24,84.52,0.06,67.61,0.05,3.53,0.67
2024-06-20,05:45,June,Summer,Inverted-V,93,61.1,25.4,21.93,84.3,0.09,67.44,0.08,5.08,0.67
2024-06-20,06:00,June,Summer,Inverted-V,93,79.76,25.62,22.61,84.08,0.12,67.27,0.1,6.62,0.67
2024-06-20,06:15,June,Summer,Inverted-V,93,111.91,25.94,23.73,83.73,0.16,66.98,0.14,9.25,0.67
2024-06-20,06:30,June,Summer,Inverted-V,93,144.06,26.25,24.85,83.38,0.21,66.7,0.18,11.88,0.67
2024-06-20,06:45,June,Summer,Inverted-V,93,176.21,26.56,25.97,83.02,0.26,66.42,0.22,14.48,0.67
2024-06-20,07:00,June,Summer,Inverted-V,93,208.36,26.88,27.09,82.67,0.31,66.13,0.26,17.07,0.67
2024-06-20,07:15,June,Summer,Inverted-V,93,251.97,27.32,28.62,82.18,0.37,65.75,0.31,20.55,0.67
2024-06-20,07:30,June,Summer,Inverted-V,93,295.57,27.76,30.15,81.7,0.44,65.36,0.37,24.0,0.67
2024-06-20,07:45,June,Summer,Inverted-V,93,339.17,28.2,31.68,81.21,0.5,64.97,0.42,27.42,0.67
2024-06-20,08:00,June,Summer,Inverted-V,93,382.77,28.64,33.21,80.73,0.57,64.58,0.48,30.81,0.67
2024-06-20,08:15,June,Summer,Inverted-V,93,406.16,29.04,34.2,80.42,0.61,64.33,0.51,32.6,0.67
2024-06-20,08:30,June,Summer,Inverted-V,93,429.55,29.45,35.18,80.1,0.64,64.08,0.54,34.37,0.67
2024-06-20,08:45,June,Summer,Inverted-V,93,452.94,29.85,36.17,79.79,0.68,63.83,0.57,36.14,0.67
2024-06-20,09:00,June,Summer,Inverted-V,93,476.33,30.25,37.16,79.48,0.71,63.58,0.6,37.89,0.67
2024-06-20,09:15,June,Summer,Inverted-V,93,499.38,30.55,38.04,79.2,0.75,63.36,0.63,39.62,0.67
2024-06-20,09:30,June,Summer,Inverted-V,93,522.43,30.86,38.92,78.92,0.78,63.14,0.65,41.34,0.67
2024-06-20,09:45,June,Summer,Inverted-V,93,545.48,31.16,39.8,78.64,0.82,62.91,0.68,43.05,0.67
2024-06-20,10:00,June,Summer,Inverted-V,93,568.53,31.47,40.68,78.36,0.85,62.69,0.71,44.75,0.67
2024-06-20,10:15,June,Summer,Inverted-V,93,575.58,31.69,41.08,78.24,0.86,62.59,0.72,45.25,0.67
2024-06-20,10:30,June,Summer,Inverted-V,93,582.62,31.91,41.48,78.11,0.87,62.49,0.73,45.75,0.67
2024-06-20,10:45,June,Summer,Inverted-V,93,589.66,32.13,41.87,77.99,0.89,62.39,0.74,46.24,0.67
2024-06-20,11:00,June,Summer,Inverted-V,93,596.7,32.35,42.27,77.86,0.9,62.29,0.75,46.74,0.67
2024-06-20,11:15,June,Summer,Inverted-V,93,660.68,32.51,44.02,77.3,0.99,61.84,0.83,51.47,0.67
2024-06-20,11:30,June,Summer,Inverted-V,93,724.66,32.66,45.78,76.75,1.09,61.4,0.91,56.14,0.67
2024-06-20,11:45,June,Summer,Inverted-V,93,788.65,32.82,47.54,76.19,1.19,60.95,1.0,60.76,0.67
2024-06-20,12:00,June,Summer,Inverted-V,93,852.63,32.98,49.3,75.63,1.29,60.51,1.08,65.32,0.67
2024-06-20,12:15,June,Summer,Inverted-V,93,743.56,33.17,46.76,76.44,1.12,61.15,0.94,57.43,0.67
2024-06-20,12:30,June,Summer,Inverted-V,93,634.48,33.37,44.23,77.24,0.95,61.79,0.8,49.4,0.67
2024-06-20,12:45,June,Summer,Inverted-V,93,525.41,33.56,41.7,78.04,0.79,62.43,0.66,41.23,0.67
2024-06-20,13:00,June,Summer,Inverted-V,93,416.34,33.76,39.17,78.84,0.62,63.07,0.52,32.92,0.67
2024-06-20,13:15,June,Summer,Inverted-V,93,418.12,33.8,39.25,78.81,0.63,63.05,0.52,33.05,0.67
2024-06-20,13:30,June,Summer,Inverted-V,93,419.89,33.84,39.34,78.79,0.63,63.03,0.53,33.19,0.67
2024-06-20,13:45,June,Summer,Inverted-V,93,421.67,33.88,39.42,78.76,0.63,63.01,0.53,33.32,0.67
2024-06-20,14:00,June,Summer,Inverted-V,93,423.45,33.92,39.51,78.73,0.63,62.99,0.53,33.45,0.67
2024-06-20,14:15,June,Summer,Inverted-V,93,393.57,33.68,38.52,79.05,0.59,63.24,0.49,31.18,0.67
2024-06-20,14:30,June,Summer,Inverted-V,93,363.69,33.44,37.53,79.36,0.54,63.49,0.46,28.9,0.67
2024-06-20,14:45,June,Summer,Inverted-V,93,333.81,33.19,36.54,79.67,0.5,63.74,0.42,26.61,0.67
2024-06-20,15:00,June,Summer,Inverted-V,93,303.93,32.95,35.55,79.99,0.45,63.99,0.38,24.3,0.67
2024-06-20,15:15,June,Summer,Inverted-V,93,271.47,32.55,34.33,80.37,0.4,64.3,0.34,21.78,0.67
2024-06-20,15:30,June,Summer,Inverted-V,93,239.0,32.14,33.12,80.76,0.36,64.61,0.3,19.24,0.67
2024-06-20,15:45,June,Summer,Inverted-V,93,206.54,31.73,31.9,81.14,0.31,64.91,0.26,16.69,0.67
2024-06-20,16:00,June,Summer,Inverted-V,93,174.07,31.33,30.68,81.53,0.26,65.22,0.22,14.11,0.67
2024-06-20,16:15,June,Summer,Inverted-V,93,142.39,30.82,29.38,81.94,0.21,65.55,0.18,11.59,0.67
2024-06-20,16:30,June,Summer,Inverted-V,93,110.71,30.31,28.08,82.35,0.16,65.88,0.14,9.04,0.67
2024-06-20,16:45,June,Summer,Inverted-V,93,79.02,29.8,26.78,82.77,0.12,66.21,0.1,6.48,0.67
2024-06-20,17:00,June,Summer,Inverted-V,93,47.34,29.29,25.47,83.18,0.07,66.54,0.06,3.9,0.67
2024-06-20,17:15,June,Summer,Inverted-V,93,35.5,28.84,24.73,83.42,0.05,66.73,0.04,2.93,0.67
2024-06-20,17:30,June,Summer,Inverted-V,93,23.67,28.38,23.98,83.65,0.03,66.92,0.03,1.96,0.67
2024-06-20,17:45,June,Summer,Inverted-V,93,11.83,27.93,23.23,83.89,0.02,67.11,0.01,0.98,0.67
2024-06-21,05:15,June,Summer,Inverted-V,93,19.16,24.19,19.67,85.02,0.03,68.01,0.02,1.6,0.67
2024-06-21,05:30,June,Summer,Inverted-V,93,34.03,24.52,20.37,84.79,0.05,67.84,0.04,2.84,0.67
2024-06-21,05:45,June,Summer,Inverted-V,93,48.9,24.85,21.07,84.57,0.07,67.66,0.06,4.07,0.67
2024-06-21,06:00,June,Summer,Inverted-V,93,63.77,25.18,21.77,84.35,0.09,67.48,0.08,5.3,0.67
2024-06-21,06:15,June,Summer,Inverted-V,93,93.59,25.68,23.02,83.95,0.14,67.16,0.12,7.75,0.67
2024-06-21,06:30,June,Summer,Inverted-V,93,123.41,26.19,24.28,83.56,0.18,66.85,0.15,10.19,0.67
2024-06-21,06:45,June,Summer,Inverted-V,93,153.22,26.7,25.53,83.16,0.23,66.53,0.19,12.61,0.67
2024-06-21,07:00,June,Summer,Inverted-V,93,183.04,27.2,26.78,82.77,0.27,66.21,0.23,15.01,0.67
2024-06-21,07:15,June,Summer,Inverted-V,93,210.76,27.79,28.05,82.36,0.31,65.89,0.26,17.22,0.67
2024-06-21,07:30,June,Summer,Inverted-V,93,238.49,28.37,29.33,81.96,0.35,65.56,0.3,19.41,0.67
2024-06-21,07:45,June,Summer,Inverted-V,93,266.22,28.95,30.61,81.55,0.4,65.24,0.33,21.59,0.67
2024-06-21,08:00,June,Summer,Inverted-V,93,293.94,29.54,31.89,81.15,0.44,64.92,0.37,23.75,0.67
2024-06-21,08:15,June,Summer,Inverted-V,93,328.4,30.02,33.23,80.72,0.49,64.58,0.41,26.43,0.67
2024-06-21,08:30,June,Summer,Inverted-V,93,362.86,30.5,34.57,80.3,0.54,64.24,0.45,29.09,0.67
2024-06-21,08:45,June,Summer,Inverted-V,93,397.32,30.98,35.91,79.87,0.59,63.9,0.5,31.73,0.67
2024-06-21,09:00,June,Summer,Inverted-V,93,431.78,31.46,37.25,79.45,0.65,63.56,0.54,34.34,0.67
2024-06-21,09:15,June,Summer,Inverted-V,93,447.87,31.83,38.02,79.2,0.67,63.36,0.56,35.54,0.67
2024-06-21,09:30,June,Summer,Inverted-V,93,463.96,32.2,38.79,78.96,0.69,63.17,0.58,36.73,0.67
2024-06-21,09:45,June,Summer,Inverted-V,93,480.04,32.56,39.56,78.72,0.72,62.97,0.6,37.91,0.67
2024-06-21,10:00,June,Summer,Inverted-V,93,496.13,32.93,40.33,78.47,0.74,62.78,0.62,39.09,0.67
2024-06-21,10:15,June,Summer,Inverted-V,93,515.98,33.14,41.04,78.25,0.77,62.6,0.65,40.57,0.67
2024-06-21,10:30,June,Summer,Inverted-V,93,535.83,33.36,41.75,78.02,0.8,62.42,0.67,42.04,0.67
2024-06-21,10:45,June,Summer,Inverted-V,93,555.68,33.57,42.46,77.8,0.83,62.24,0.7,43.5,0.67
2024-06-21,11:00,June,Summer,Inverted-V,93,575.53,33.78,43.17,77.58,0.86,62.06,0.72,44.95,0.67
2024-06-21,11:15,June,Summer,Inverted-V,93,559.15,33.86,42.83,77.68,0.84,62.14,0.7,43.72,0.67
2024-06-21,11:30,June,Summer,Inverted-V,93,542.77,33.93,42.5,77.79,0.82,62.23,0.68,42.48,0.67
2024-06-21,11:45,June,Summer,Inverted-V,93,526.39,34.0,42.16,77.89,0.79,62.31,0.66,41.24,0.67
2024-06-21,12:00,June,Summer,Inverted-V,93,510.01,34.08,41.83,78.0,0.77,62.4,0.64,40.0,0.67
2024-06-21,12:15,June,Summer,Inverted-V,93,493.85,34.02,41.37,78.14,0.74,62.52,0.62,38.79,0.67
2024-06-21,12:30,June,Summer,Inverted-V,93,477.69,33.97,40.91,78.29,0.72,62.63,0.6,37.57,0.67
2024-06-21,12:45,June,Summer,Inverted-V,93,461.53,33.91,40.45,78.43,0.69,62.75,0.58,36.35,0.67
2024-06-21,13:00,June,Summer,Inverted-V,93,445.37,33.86,39.99,78.58,0.67,62.86,0.56,35.13,0.67
2024-06-21,13:15,June,Summer,Inverted-V,93,424.42,33.74,39.36,78.78,0.64,63.03,0.53,33.54,0.67
2024-06-21,13:30,June,Summer,Inverted-V,93,403.48,33.63,38.72,78.98,0.6,63.19,0.51,31.95,0.67
2024-06-21,13:45,June,Summer,Inverted-V,93,382.53,33.52,38.08,79.19,0.57,63.35,0.48,30.35,0.67
2024-06-21,14:00,June,Summer,Inverted-V,93,361.58,33.4,37.44,79.39,0.54,63.51,0.45,28.74,0.67
2024-06-21,14:15,June,Summer,Inverted-V,93,332.66,33.23,36.55,79.67,0.5,63.74,0.42,26.51,0.67
2024-06-21,14:30,June,Summer,Inverted-V,93,303.74,33.06,35.65,79.95,0.45,63.96,0.38,24.27,0.67
2024-06-21,14:45,June,Summer,Inverted-V,93,274.82,32.89,34.76,80.24,0.41,64.19,0.34,22.02,0.67
2024-06-21,15:00,June,Summer,Inverted-V,93,245.89,32.72,33.87,80.52,0.37,64.42,0.31,19.75,0.67
2024-06-21,15:15,June,Summer,Inverted-V,93,219.44,32.41,32.9,80.83,0.33,64.66,0.27,17.68,0.67
2024-06-21,15:30,June,Summer,Inverted-V,93,192.99,32.1,31.92,81.14,0.29,64.91,0.24,15.59,0.67
2024-06-21,15:45,June,Summer,Inverted-V,93,166.53,31.79,30.95,81.44,0.25,65.15,0.21,13.49,0.67
2024-06-21,16:00,June,Summer,Inverted-V,93,140.08,31.48,29.98,81.75,0.21,65.4,0.17,11.38,0.67
2024-06-21,16:15,June,Summer,Inverted-V,93,115.38,30.99,28.87,82.1,0.17,65.68,0.14,9.4,0.67
2024-06-21,16:30,June,Summer,Inverted-V,93,90.68,30.5,27.77,82.45,0.13,65.96,0.11,7.41,0.67
2024-06-21,16:45,June,Summer,Inverted-V,93,65.98,30.01,26.66,82.8,0.1,66.24,0.08,5.41,0.67
2024-06-21,17:00,June,Summer,Inverted-V,93,41.28,29.52,25.55,83.15,0.06,66.52,0.05,3.4,0.67
2024-06-21,17:15,June,Summer,Inverted-V,93,30.96,29.0,24.77,83.4,0.05,66.72,0.04,2.55,0.67
2024-06-21,17:30,June,Summer,Inverted-V,93,20.64,28.48,24.0,83.65,0.03,66.92,0.03,1.71,0.67
2024-06-21,17:45,June,Summer,Inverted-V,93,10.32,27.96,23.22,83.89,0.02,67.11,0.01,0.85,0.67
2024-06-22,05:15,June,Summer,Inverted-V,93,26.56,23.79,19.46,85.08,0.04,68.07,0.03,2.22,0.67
2024-06-22,05:30,June,Summer,Inverted-V,93,47.73,24.0,20.2,84.85,0.07,67.88,0.06,3.99,0.67
2024-06-22,05:45,June,Summer,Inverted-V,93,68.89,24.22,20.94,84.61,0.1,67.69,0.08,5.74,0.67
2024-06-22,06:00,June,Summer,Inverted-V,93,90.05,24.43,21.68,84.38,0.13,67.5,0.11,7.49,0.67
2024-06-22,06:15,June,Summer,Inverted-V,93,125.83,24.88,23.03,83.95,0.19,67.16,0.16,10.43,0.67
2024-06-22,06:30,June,Summer,Inverted-V,93,161.6,25.34,24.38,83.53,0.24,66.82,0.2,13.34,0.67
2024-06-22,06:45,June,Summer,Inverted-V,93,197.38,25.79,25.72,83.1,0.29,66.48,0.24,16.23,0.67
2024-06-22,07:00,June,Summer,Inverted-V,93,233.15,26.24,27.07,82.67,0.34,66.14,0.29,19.1,0.67
2024-06-22,07:15,June,Summer,Inverted-V,93,275.96,26.86,28.76,82.14,0.41,65.71,0.34,22.5,0.67
2024-06-22,07:30,June,Summer,Inverted-V,93,318.76,27.48,30.45,81.6,0.47,65.28,0.4,25.86,0.67
2024-06-22,07:45,June,Summer,Inverted-V,93,361.57,28.11,32.15,81.07,0.54,64.85,0.45,29.19,0.67
2024-06-22,08:00,June,Summer,Inverted-V,93,404.37,28.73,33.84,80.53,0.6,64.42,0.5,32.49,0.67
2024-06-22,08:15,June,Summer,Inverted-V,93,447.57,29.3,35.49,80.01,0.67,64.01,0.56,35.78,0.67
2024-06-22,08:30,June,Summer,Inverted-V,93,490.76,29.87,37.13,79.49,0.73,63.59,0.61,39.04,0.67
2024-06-22,08:45,June,Summer,Inverted-V,93,533.96,30.43,38.78,78.96,0.8,63.17,0.67,42.27,0.67
2024-06-22,09:00,June,Summer,Inverted-V,93,577.15,31.0,40.43,78.44,0.87,62.75,0.72,45.46,0.67
2024-06-22,09:15,June,Summer,Inverted-V,93,621.5,31.45,41.98,77.95,0.93,62.36,0.78,48.72,0.67
2024-06-22,09:30,June,Summer,Inverted-V,93,665.85,31.89,43.54,77.46,1.0,61.97,0.84,51.95,0.67
2024-06-22,09:45,June,Summer,Inverted-V,93,710.19,32.34,45.1,76.96,1.07,61.57,0.9,55.14,0.67
2024-06-22,10:00,June,Summer,Inverted-V,93,754.54,32.79,46.65,76.47,1.14,61.18,0.95,58.3,0.67
2024-06-22,10:15,June,Summer,Inverted-V,93,747.95,33.09,46.79,76.43,1.13,61.14,0.94,57.76,0.67
2024-06-22,10:30,June,Summer,Inverted-V,93,741.37,33.39,46.92,76.39,1.12,61.11,0.94,57.23,0.67
2024-06-22,10:45,June,Summer,Inverted-V,93,734.78,33.69,47.06,76.34,1.11,61.07,0.93,56.7,0.67
2024-06-22,11:00,June,Summer,Inverted-V,93,728.19,33.99,47.19,76.3,1.1,61.04,0.92,56.16,0.67
2024-06-22,11:15,June,Summer,Inverted-V,93,740.85,34.12,47.64,76.16,1.12,60.93,0.94,57.06,0.67
2024-06-22,11:30,June,Summer,Inverted-V,93,753.52,34.25,48.08,76.02,1.14,60.82,0.95,57.95,0.67
2024-06-22,11:45,June,Summer,Inverted-V,93,766.18,34.37,48.53,75.88,1.16,60.7,0.97,58.84,0.67
2024-06-22,12:00,June,Summer,Inverted-V,93,778.84,34.5,48.97,75.74,1.18,60.59,0.99,59.73,0.67
2024-06-22,12:15,June,Summer,Inverted-V,93,748.87,34.49,48.21,75.98,1.13,60.78,0.95,57.57,0.67
2024-06-22,12:30,June,Summer,Inverted-V,93,718.9,34.48,47.46,76.22,1.08,60.97,0.91,55.4,0.67
2024-06-22,12:45,June,Summer,Inverted-V,93,688.93,34.48,46.7,76.46,1.04,61.17,0.87,53.22,0.67
2024-06-22,13:00,June,Summer,Inverted-V,93,658.96,34.47,45.94,76.7,0.99,61.36,0.83,51.03,0.67
2024-06-22,13:15,June,Summer,Inverted-V,93,610.32,34.32,44.58,77.13,0.92,61.7,0.77,47.46,0.67
2024-06-22,13:30,June,Summer,Inverted-V,93,561.67,34.17,43.22,77.56,0.84,62.05,0.71,43.87,0.67
2024-06-22,13:45,June,Summer,Inverted-V,93,513.02,34.03,41.85,77.99,0.77,62.39,0.64,40.24,0.67
2024-06-22,14:00,June,Summer,Inverted-V,93,464.38,33.88,40.49,78.42,0.7,62.74,0.58,36.57,0.67
2024-06-22,14:15,June,Summer,Inverted-V,93,423.54,33.57,39.16,78.85,0.63,63.08,0.53,33.49,0.67
2024-06-22,14:30,June,Summer,Inverted-V,93,382.7,33.26,37.82,79.27,0.57,63.41,0.48,30.38,0.67
2024-06-22,14:45,June,Summer,Inverted-V,93,341.87,32.94,36.49,79.69,0.51,63.75,0.43,27.25,0.67
2024-06-22,15:00,June,Summer,Inverted-V,93,301.03,32.63,35.16,80.11,0.45,64.09,0.38,24.09,0.67
2024-06-22,15:15,June,Summer,Inverted-V,93,267.32,32.23,33.91,80.51,0.4,64.41,0.33,21.47,0.67
2024-06-22,15:30,June,Summer,Inverted-V,93,233.62,31.83,32.67,80.9,0.35,64.72,0.29,18.83,0.67
2024-06-22,15:45,June,Summer,Inverted-V,93,199.92,31.42,31.42,81.3,0.3,65.04,0.25,16.18,0.67
2024-06-22,16:00,June,Summer,Inverted-V,93,166.21,31.02,30.18,81.69,0.25,65.35,0.21,13.5,0.67
2024-06-22,16:15,June,Summer,Inverted-V,93,136.22,30.56,28.97,82.07,0.2,65.66,0.17,11.1,0.67
2024-06-22,16:30,June,Summer,Inverted-V,93,106.22,30.11,27.76,82.45,0.16,65.96,0.13,8.68,0.67
2024-06-22,16:45,June,Summer,Inverted-V,93,76.22,29.65,26.55,82.84,0.11,66.27,0.09,6.25,0.67
2024-06-22,17:00,June,Summer,Inverted-V,93,46.22,29.19,25.35,83.22,0.07,66.57,0.06,3.81,0.67
2024-06-22,17:15,June,Summer,Inverted-V,93,34.67,28.82,24.69,83.43,0.05,66.74,0.04,2.86,0.67
2024-06-22,17:30,June,Summer,Inverted-V,93,23.11,28.45,24.03,83.63,0.03,66.91,0.03,1.91,0.67
2024-06-22,17:45,June,Summer,Inverted-V,93,11.56,28.09,23.38,83.84,0.02,67.07,0.01,0.96,0.67
2024-06-23,05:15,June,Summer,Inverted-V,93,26.38,24.7,20.36,84.8,0.04,67.84,0.03,2.2,0.67
2024-06-23,05:30,June,Summer,Inverted-V,93,47.94,24.95,21.15,84.55,0.07,67.64,0.06,3.99,0.67
2024-06-23,05:45,June,Summer,Inverted-V,93,69.49,25.2,21.94,84.3,0.1,67.44,0.09,5.78,0.67
2024-06-23,06:00,June,Summer,Inverted-V,93,91.04,25.45,22.73,84.05,0.13,67.24,0.11,7.55,0.67
2024-06-23,06:15,June,Summer,Inverted-V,93,125.27,25.82,23.95,83.66,0.18,66.93,0.15,10.35,0.67
2024-06-23,06:30,June,Summer,Inverted-V,93,159.49,26.19,25.18,83.27,0.24,66.62,0.2,13.14,0.67
2024-06-23,06:45,June,Summer,Inverted-V,93,193.71,26.56,26.4,82.88,0.29,66.31,0.24,15.9,0.67
2024-06-23,07:00,June,Summer,Inverted-V,93,227.93,26.93,27.63,82.5,0.34,66.0,0.28,18.64,0.67
2024-06-23,07:15,June,Summer,Inverted-V,93,267.54,27.34,29.03,82.05,0.4,65.64,0.33,21.8,0.67
2024-06-23,07:30,June,Summer,Inverted-V,93,307.14,27.76,30.44,81.61,0.46,65.28,0.38,24.92,0.67
2024-06-23,07:45,June,Summer,Inverted-V,93,346.74,28.18,31.84,81.16,0.52,64.93,0.43,28.02,0.67
2024-06-23,08:00,June,Summer,Inverted-V,93,386.35,28.59,33.25,80.72,0.57,64.57,0.48,31.09,0.67
2024-06-23,08:15,June,Summer,Inverted-V,93,424.06,29.02,34.62,80.28,0.63,64.23,0.53,33.99,0.67
2024-06-23,08:30,June,Summer,Inverted-V,93,461.77,29.45,35.99,79.85,0.69,63.88,0.58,36.86,0.67
2024-06-23,08:45,June,Summer,Inverted-V,93,499.48,29.87,37.36,79.41,0.75,63.53,0.63,39.71,0.67
2024-06-23,09:00,June,Summer,Inverted-V,93,537.19,30.3,38.73,78.98,0.8,63.18,0.67,42.53,0.67
2024-06-23,09:15,June,Summer,Inverted-V,93,556.79,30.71,39.62,78.7,0.83,62.96,0.7,43.97,0.67
2024-06-23,09:30,June,Summer,Inverted-V,93,576.38,31.11,40.52,78.41,0.86,62.73,0.72,45.39,0.67
2024-06-23,09:45,June,Summer,Inverted-V,93,595.97,31.52,41.41,78.13,0.89,62.5,0.75,46.8,0.67
2024-06-23,10:00,June,Summer,Inverted-V,93,615.57,31.92,42.31,77.85,0.92,62.28,0.77,48.21,0.67
2024-06-23,10:15,June,Summer,Inverted-V,93,591.68,32.25,42.04,77.93,0.89,62.35,0.74,46.38,0.67
2024-06-23,10:30,June,Summer,Inverted-V,93,567.79,32.58,41.77,78.02,0.85,62.41,0.71,44.54,0.67
2024-06-23,10:45,June,Summer,Inverted-V,93,543.91,32.9,41.5,78.1,0.82,62.48,0.68,42.7,0.67
2024-06-23,11:00,June,Summer,Inverted-V,93,520.02,33.23,41.23,78.19,0.78,62.55,0.65,40.86,0.67
2024-06-23,11:15,June,Summer,Inverted-V,93,497.38,33.43,40.87,78.3,0.75,62.64,0.62,39.13,0.67
2024-06-23,11:30,June,Summer,Inverted-V,93,474.74,33.64,40.51,78.42,0.71,62.73,0.6,37.39,0.67
2024-06-23,11:45,June,Summer,Inverted-V,93,452.1,33.84,40.15,78.53,0.68,62.83,0.57,35.64,0.67
2024-06-23,12:00,June,Summer,Inverted-V,93,429.46,34.05,39.79,78.65,0.64,62.92,0.54,33.9,0.67
2024-06-23,12:15,June,Summer,Inverted-V,93,407.85,34.08,39.27,78.81,0.61,63.05,0.51,32.24,0.67
2024-06-23,12:30,June,Summer,Inverted-V,93,386.24,34.1,38.76,78.97,0.58,63.18,0.48,30.58,0.67
2024-06-23,12:45,June,Summer,Inverted-V,93,364.62,34.13,38.25,79.13,0.55,63.31,0.46,28.91,0.67
2024-06-23,13:00,June,Summer,Inverted-V,93,343.01,34.16,37.74,79.3,0.51,63.44,0.43,27.24,0.67
2024-06-23,13:15,June,Summer,Inverted-V,93,337.43,33.98,37.42,79.4,0.5,63.52,0.42,26.82,0.67
2024-06-23,13:30,June,Summer,Inverted-V,93,331.86,33.8,37.1,79.5,0.5,63.6,0.42,26.41,0.67
2024-06-23,13:45,June,Summer,Inverted-V,93,326.28,33.62,36.78,79.6,0.49,63.68,0.41,25.99,0.67
2024-06-23,14:00,June,Summer,Inverted-V,93,320.71,33.44,36.46,79.7,0.48,63.76,0.4,25.57,0.67
2024-06-23,14:15,June,Summer,Inverted-V,93,305.47,33.13,35.77,79.92,0.46,63.93,0.38,24.4,0.67
2024-06-23,14:30,June,Summer,Inverted-V,93,290.23,32.83,35.08,80.14,0.43,64.11,0.36,23.23,0.67
2024-06-23,14:45,June,Summer,Inverted-V,93,275.0,32.52,34.39,80.35,0.41,64.28,0.34,22.06,0.67
2024-06-23,15:00,June,Summer,Inverted-V,93,259.76,32.21,33.7,80.57,0.39,64.46,0.32,20.88,0.67
2024-06-23,15:15,June,Summer,Inverted-V,93,229.87,31.83,32.57,80.93,0.34,64.74,0.29,18.54,0.67
2024-06-23,15:30,June,Summer,Inverted-V,93,199.97,31.44,31.44,81.29,0.3,65.03,0.25,16.18,0.67
2024-06-23,15:45,June,Summer,Inverted-V,93,170.08,31.05,30.31,81.65,0.25,65.32,0.21,13.81,0.67
2024-06-23,16:00,June,Summer,Inverted-V,93,140.18,30.67,29.17,82.01,0.21,65.6,0.17,11.42,0.67
2024-06-23,16:15,June,Summer,Inverted-V,93,113.75,30.25,28.09,82.35,0.17,65.88,0.14,9.29,0.67
2024-06-23,16:30,June,Summer,Inverted-V,93,87.32,29.82,27.0,82.69,0.13,66.16,0.11,7.15,0.67
2024-06-23,16:45,June,Summer,Inverted-V,93,60.89,29.39,25.92,83.04,0.09,66.43,0.08,5.0,0.67
2024-06-23,17:00,June,Summer,Inverted-V,93,34.45,28.97,24.83,83.38,0.05,66.71,0.04,2.84,0.67
2024-06-23,17:15,June,Summer,Inverted-V,93,25.84,28.61,24.26,83.56,0.04,66.85,0.03,2.13,0.67
2024-06-23,17:30,June,Summer,Inverted-V,93,17.23,28.25,23.68,83.75,0.03,67.0,0.02,1.42,0.67
2024-06-23,17:45,June,Summer,Inverted-V,93,8.61,27.89,23.11,83.93,0.01,67.14,0.01,0.71,0.67
2024-06-24,05:15,June,Summer,Inverted-V,93,19.45,24.84,20.32,84.81,0.03,67.85,0.02,1.62,0.67
2024-06-24,05:30,June,Summer,Inverted-V,93,36.29,25.09,20.99,84.6,0.05,67.68,0.04,3.02,0.67
2024-06-24,05:45,June,Summer,Inverted-V,93,53.13,25.33,21.66,84.39,0.08,67.51,0.07,4.42,0.67
2024-06-24,06:00,June,Summer,Inverted-V,93,69.96,25.58,22.33,84.17,0.1,67.34,0.09,5.81,0.67
2024-06-24,06:15,June,Summer,Inverted-V,93,100.62,25.99,23.51,83.8,0.15,67.04,0.12,8.33,0.67
2024-06-24,06:30,June,Summer,Inverted-V,93,131.27,26.41,24.69,83.43,0.19,66.74,0.16,10.83,0.67
2024-06-24,06:45,June,Summer,Inverted-V,93,161.93,26.82,25.87,83.05,0.24,66.44,0.2,13.31,0.67
2024-06-24,07:00,June,Summer,Inverted-V,93,192.59,27.23,27.04,82.68,0.28,66.14,0.24,15.78,0.67
2024-06-24,07:15,June,Summer,Inverted-V,93,216.1,27.62,28.02,82.37,0.32,65.9,0.27,17.66,0.67
2024-06-24,07:30,June,Summer,Inverted-V,93,239.61,28.01,29.0,82.06,0.36,65.65,0.3,19.52,0.67
2024-06-24,07:45,June,Summer,Inverted-V,93,263.12,28.39,29.97,81.75,0.39,65.4,0.33,21.38,0.67
2024-06-24,08:00,June,Summer,Inverted-V,93,286.63,28.78,30.95,81.45,0.43,65.16,0.36,23.22,0.67
2024-06-24,08:15,June,Summer,Inverted-V,93,308.8,29.12,31.84,81.16,0.46,64.93,0.38,24.96,0.67
2024-06-24,08:30,June,Summer,Inverted-V,93,330.98,29.46,32.73,80.88,0.49,64.7,0.41,26.68,0.67
2024-06-24,08:45,June,Summer,Inverted-V,93,353.15,29.8,33.63,80.6,0.53,64.48,0.44,28.39,0.67
2024-06-24,09:00,June,Summer,Inverted-V,93,375.32,30.14,34.52,80.31,0.56,64.25,0.47,30.09,0.67
2024-06-24,09:15,June,Summer,Inverted-V,93,388.62,30.41,35.12,80.12,0.58,64.1,0.49,31.1,0.67
2024-06-24,09:30,June,Summer,Inverted-V,93,401.92,30.68,35.72,79.93,0.6,63.95,0.5,32.11,0.67
2024-06-24,09:45,June,Summer,Inverted-V,93,415.21,30.94,36.32,79.74,0.62,63.79,0.52,33.11,0.67
2024-06-24,10:00,June,Summer,Inverted-V,93,428.51,31.21,36.92,79.55,0.64,63.64,0.54,34.11,0.67
2024-06-24,10:15,June,Summer,Inverted-V,93,434.42,31.41,37.27,79.44,0.65,63.55,0.54,34.55,0.67
2024-06-24,10:30,June,Summer,Inverted-V,93,440.33,31.61,37.61,79.33,0.66,63.47,0.55,34.98,0.67
2024-06-24,10:45,June,Summer,Inverted-V,93,446.23,31.8,37.96,79.22,0.67,63.38,0.56,35.41,0.67
2024-06-24,11:00,June,Summer,Inverted-V,93,452.14,32.0,38.3,79.12,0.68,63.29,0.57,35.85,0.67
2024-06-24,11:15,June,Summer,Inverted-V,93,475.01,32.18,39.05,78.88,0.71,63.1,0.6,37.57,0.67
2024-06-24,11:30,June,Summer,Inverted-V,93,497.88,32.36,39.8,78.64,0.75,62.91,0.62,39.29,0.67
2024-06-24,11:45,June,Summer,Inverted-V,93,520.75,32.53,40.55,78.4,0.78,62.72,0.65,41.0,0.67
2024-06-24,12:00,June,Summer,Inverted-V,93,543.62,32.71,41.3,78.17,0.82,62.53,0.68,42.71,0.67
2024-06-24,12:15,June,Summer,Inverted-V,93,527.44,32.77,40.95,78.28,0.79,62.62,0.66,41.48,0.67
2024-06-24,12:30,June,Summer,Inverted-V,93,511.26,32.83,40.61,78.39,0.77,62.71,0.64,40.25,0.67
2024-06-24,12:45,June,Summer,Inverted-V,93,495.07,32.88,40.26,78.5,0.74,62.8,0.62,39.02,0.67
2024-06-24,13:00,June,Summer,Inverted-V,93,478.89,32.94,39.91,78.61,0.72,62.88,0.6,37.78,0.67
2024-06-24,13:15,June,Summer,Inverted-V,93,438.98,32.86,38.83,78.95,0.66,63.16,0.55,34.75,0.67
2024-06-24,13:30,June,Summer,Inverted-V,93,399.06,32.78,37.76,79.29,0.6,63.43,0.5,31.69,0.67
2024-06-24,13:45,June,Summer,Inverted-V,93,359.14,32.7,36.68,79.63,0.54,63.7,0.45,28.61,0.67
2024-06-24,14:00,June,Summer,Inverted-V,93,319.23,32.62,35.6,79.97,0.48,63.98,0.4,25.51,0.67
2024-06-24,14:15,June,Summer,Inverted-V,93,292.78,32.39,34.71,80.25,0.44,64.2,0.37,23.46,0.67
2024-06-24,14:30,June,Summer,Inverted-V,93,266.33,32.17,33.83,80.53,0.4,64.43,0.33,21.4,0.67
2024-06-24,14:45,June,Summer,Inverted-V,93,239.88,31.95,32.94,80.81,0.36,64.65,0.3,19.32,0.67
2024-06-24,15:00,June,Summer,Inverted-V,93,213.43,31.72,32.06,81.09,0.32,64.88,0.27,17.24,0.67
2024-06-24,15:15,June,Summer,Inverted-V,93,188.54,31.41,31.13,81.39,0.28,65.11,0.23,15.27,0.67
2024-06-24,15:30,June,Summer,Inverted-V,93,163.65,31.1,30.2,81.68,0.24,65.35,0.2,13.29,0.67
2024-06-24,15:45,June,Summer,Inverted-V,93,138.76,30.8,29.27,81.98,0.21,65.58,0.17,11.3,0.67
2024-06-24,16:00,June,Summer,Inverted-V,93,113.86,30.49,28.34,82.27,0.17,65.82,0.14,9.29,0.67
2024-06-24,16:15,June,Summer,Inverted-V,93,90.74,30.06,27.33,82.59,0.13,66.07,0.11,7.43,0.67
2024-06-24,16:30,June,Summer,Inverted-V,93,67.62,29.64,26.33,82.91,0.1,66.33,0.08,5.55,0.67
2024-06-24,16:45,June,Summer,Inverted-V,93,44.5,29.21,25.33,83.22,0.07,66.58,0.06,3.66,0.67
2024-06-24,17:00,June,Summer,Inverted-V,93,21.38,28.79,24.32,83.54,0.03,66.83,0.03,1.77,0.67
2024-06-24,17:15,June,Summer,Inverted-V,93,16.04,28.34,23.75,83.73,0.02,66.98,0.02,1.33,0.67
2024-06-24,17:30,June,Summer,Inverted-V,93,10.69,27.9,23.17,83.91,0.02,67.13,0.01,0.89,0.67
2024-06-25,05:15,June,Summer,Inverted-V,93,20.86,24.36,19.89,84.95,0.03,67.96,0.03,1.74,0.67
2024-06-25,05:30,June,Summer,Inverted-V,93,37.59,24.53,20.47,84.76,0.06,67.81,0.05,3.14,0.67
2024-06-25,05:45,June,Summer,Inverted-V,93,54.32,24.7,21.05,84.58,0.08,67.66,0.07,4.53,0.67
2024-06-25,06:00,June,Summer,Inverted-V,93,71.04,24.86,21.64,84.39,0.1,67.51,0.09,5.91,0.67
2024-06-25,06:15,June,Summer,Inverted-V,93,94.38,25.16,22.52,84.11,0.14,67.29,0.12,7.83,0.67
2024-06-25,06:30,June,Summer,Inverted-V,93,117.73,25.46,23.4,83.83,0.17,67.07,0.15,9.74,0.67
2024-06-25,06:45,June,Summer,Inverted-V,93,141.07,25.76,24.29,83.55,0.21,66.84,0.17,11.65,0.67
2024-06-25,07:00,June,Summer,Inverted-V,93,164.41,26.06,25.17,83.27,0.24,66.62,0.2,13.54,0.67
2024-06-25,07:15,June,Summer,Inverted-V,93,191.15,26.45,26.23,82.94,0.28,66.35,0.24,15.7,0.67
2024-06-25,07:30,June,Summer,Inverted-V,93,217.89,26.84,27.29,82.6,0.32,66.08,0.27,17.84,0.67
2024-06-25,07:45,June,Summer,Inverted-V,93,244.63,27.23,28.35,82.27,0.36,65.81,0.3,19.97,0.67
2024-06-25,08:00,June,Summer,Inverted-V,93,271.37,27.62,29.4,81.93,0.4,65.55,0.34,22.08,0.67
2024-06-25,08:15,June,Summer,Inverted-V,93,302.88,27.98,30.55,81.57,0.45,65.26,0.38,24.57,0.67
2024-06-25,08:30,June,Summer,Inverted-V,93,334.4,28.34,31.69,81.21,0.5,64.97,0.42,27.03,0.67
2024-06-25,08:45,June,Summer,Inverted-V,93,365.91,28.69,32.84,80.85,0.54,64.68,0.46,29.48,0.67
2024-06-25,09:00,June,Summer,Inverted-V,93,397.42,29.05,33.99,80.48,0.59,64.39,0.5,31.92,0.67
2024-06-25,09:15,June,Summer,Inverted-V,93,411.81,29.34,34.64,80.28,0.61,64.22,0.51,33.01,0.67
2024-06-25,09:30,June,Summer,Inverted-V,93,426.21,29.64,35.3,80.07,0.64,64.05,0.53,34.1,0.67
2024-06-25,09:45,June,Summer,Inverted-V,93,440.61,29.94,35.95,79.86,0.66,63.89,0.55,35.18,0.67
2024-06-25,10:00,June,Summer,Inverted-V,93,455.0,30.23,36.61,79.65,0.68,63.72,0.57,36.26,0.67
2024-06-25,10:15,June,Summer,Inverted-V,93,451.32,30.49,36.77,79.6,0.67,63.68,0.56,35.95,0.67
2024-06-25,10:30,June,Summer,Inverted-V,93,447.64,30.75,36.94,79.55,0.67,63.64,0.56,35.64,0.67
2024-06-25,10:45,June,Summer,Inverted-V,93,443.96,31.0,37.1,79.5,0.66,63.6,0.56,35.32,0.67
2024-06-25,11:00,June,Summer,Inverted-V,93,440.28,31.26,37.27,79.44,0.66,63.55,0.55,35.01,0.67
2024-06-25,11:15,June,Summer,Inverted-V,93,457.0,31.44,37.87,79.25,0.68,63.4,0.57,36.28,0.67
2024-06-25,11:30,June,Summer,Inverted-V,93,473.73,31.62,38.46,79.06,0.71,63.25,0.59,37.54,0.67
2024-06-25,11:45,June,Summer,Inverted-V,93,490.45,31.8,39.06,78.88,0.73,63.1,0.61,38.79,0.67
2024-06-25,12:00,June,Summer,Inverted-V,93,507.17,31.98,39.66,78.69,0.76,62.95,0.64,40.04,0.67
2024-06-25,12:15,June,Summer,Inverted-V,93,480.48,32.09,39.1,78.86,0.72,63.09,0.6,38.0,0.67
2024-06-25,12:30,June,Summer,Inverted-V,93,453.79,32.2,38.55,79.04,0.68,63.23,0.57,35.95,0.67
2024-06-25,12:45,June,Summer,Inverted-V,93,427.1,32.32,37.99,79.21,0.64,63.37,0.53,33.89,0.67
2024-06-25,13:00,June,Summer,Inverted-V,93,400.41,32.43,37.44,79.39,0.6,63.51,0.5,31.83,0.67
2024-06-25,13:15,June,Summer,Inverted-V,93,343.75,32.33,35.92,79.87,0.51,63.9,0.43,27.45,0.67
2024-06-25,13:30,June,Summer,Inverted-V,93,287.08,32.22,34.4,80.35,0.43,64.28,0.36,23.03,0.67
2024-06-25,13:45,June,Summer,Inverted-V,93,230.42,32.11,32.88,80.83,0.34,64.67,0.29,18.56,0.67
2024-06-25,14:00,June,Summer,Inverted-V,93,173.75,32.01,31.35,81.32,0.26,65.05,0.22,14.06,0.67
2024-06-25,14:15,June,Summer,Inverted-V,93,185.46,31.65,31.28,81.34,0.28,65.07,0.23,15.01,0.67
2024-06-25,14:30,June,Summer,Inverted-V,93,197.17,31.28,31.21,81.36,0.29,65.09,0.25,15.96,0.67
2024-06-25,14:45,June,Summer,Inverted-V,93,208.88,30.92,31.14,81.38,0.31,65.11,0.26,16.91,0.67
2024-06-25,15:00,June,Summer,Inverted-V,93,220.59,30.56,31.07,81.4,0.33,65.12,0.27,17.87,0.67
2024-06-25,15:15,June,Summer,Inverted-V,93,194.32,30.17,30.03,81.74,0.29,65.39,0.24,15.79,0.67
2024-06-25,15:30,June,Summer,Inverted-V,93,168.05,29.79,28.99,82.07,0.25,65.65,0.21,13.69,0.67
2024-06-25,15:45,June,Summer,Inverted-V,93,141.78,29.4,27.94,82.4,0.21,65.92,0.18,11.59,0.67
2024-06-25,16:00,June,Summer,Inverted-V,93,115.51,29.01,26.9,82.73,0.17,66.18,0.14,9.47,0.67
2024-06-25,16:15,June,Summer,Inverted-V,93,94.2,28.65,26.01,83.01,0.14,66.41,0.12,7.74,0.67
2024-06-25,16:30,June,Summer,Inverted-V,93,72.9,28.3,25.12,83.29,0.11,66.63,0.09,6.01,0.67
2024-06-25,16:45,June,Summer,Inverted-V,93,51.6,27.94,24.23,83.57,0.08,66.86,0.06,4.26,0.67
2024-06-25,17:00,June,Summer,Inverted-V,93,30.29,27.58,23.34,83.85,0.04,67.08,0.04,2.51,0.67
2024-06-25,17:15,June,Summer,Inverted-V,93,22.72,27.31,22.88,84.0,0.03,67.2,0.03,1.88,0.67
2024-06-25,17:30,June,Summer,Inverted-V,93,15.15,27.04,22.42,84.15,0.02,67.32,0.02,1.26,0.67
2024-06-25,17:45,June,Summer,Inverted-V,93,7.57,26.77,21.96,84.29,0.01,67.43,0.01,0.63,0.67
2024-06-26,05:15,June,Summer,Inverted-V,93,15.18,23.6,18.98,85.24,0.02,68.19,0.02,1.27,0.67
2024-06-26,05:30,June,Summer,Inverted-V,93,27.2,23.74,19.42,85.09,0.04,68.07,0.03,2.28,0.67
2024-06-26,05:45,June,Summer,Inverted-V,93,39.22,23.89,19.87,84.95,0.06,67.96,0.05,3.28,0.67
2024-06-26,06:00,June,Summer,Inverted-V,93,51.25,24.04,20.32,84.81,0.08,67.85,0.06,4.28,0.67
2024-06-26,06:15,June,Summer,Inverted-V,93,68.57,24.41,21.12,84.56,0.1,67.64,0.08,5.71,0.67
2024-06-26,06:30,June,Summer,Inverted-V,93,85.89,24.78,21.93,84.3,0.13,67.44,0.11,7.14,0.67
2024-06-26,06:45,June,Summer,Inverted-V,93,103.21,25.15,22.73,84.05,0.15,67.24,0.13,8.56,0.67
2024-06-26,07:00,June,Summer,Inverted-V,93,120.53,25.52,23.53,83.79,0.18,67.03,0.15,9.97,0.67
2024-06-26,07:15,June,Summer,Inverted-V,93,141.2,26.04,24.57,83.46,0.21,66.77,0.17,11.65,0.67
2024-06-26,07:30,June,Summer,Inverted-V,93,161.87,26.56,25.61,83.14,0.24,66.51,0.2,13.32,0.67
2024-06-26,07:45,June,Summer,Inverted-V,93,182.53,27.08,26.64,82.81,0.27,66.25,0.23,14.97,0.67
2024-06-26,08:00,June,Summer,Inverted-V,93,203.2,27.6,27.68,82.48,0.3,65.98,0.25,16.62,0.67
2024-06-26,08:15,June,Summer,Inverted-V,93,224.36,28.05,28.65,82.17,0.33,65.74,0.28,18.3,0.67
2024-06-26,08:30,June,Summer,Inverted-V,93,245.52,28.49,29.63,81.86,0.36,65.49,0.3,19.97,0.67
2024-06-26,08:45,June,Summer,Inverted-V,93,266.68,28.93,30.6,81.55,0.4,65.24,0.33,21.63,0.67
2024-06-26,09:00,June,Summer,Inverted-V,93,287.84,29.38,31.58,81.25,0.43,65.0,0.36,23.28,0.67
2024-06-26,09:15,June,Summer,Inverted-V,93,309.77,29.74,32.48,80.96,0.46,64.77,0.39,24.99,0.67
2024-06-26,09:30,June,Summer,Inverted-V,93,331.7,30.1,33.39,80.67,0.49,64.54,0.41,26.68,0.67
2024-06-26,09:45,June,Summer,Inverted-V,93,353.62,30.46,34.3,80.38,0.53,64.31,0.44,28.37,0.67
2024-06-26,10:00,June,Summer,Inverted-V,93,375.55,30.82,35.21,80.1,0.56,64.08,0.47,30.05,0.67
2024-06-26,10:15,June,Summer,Inverted-V,93,396.32,31.12,36.02,79.84,0.59,63.87,0.5,31.64,0.67
2024-06-26,10:30,June,Summer,Inverted-V,93,417.09,31.41,36.84,79.58,0.62,63.66,0.52,33.21,0.67
2024-06-26,10:45,June,Summer,Inverted-V,93,437.85,31.7,37.65,79.32,0.65,63.46,0.55,34.78,0.67
2024-06-26,11:00,June,Summer,Inverted-V,93,458.62,32.0,38.47,79.06,0.69,63.25,0.57,36.34,0.67
2024-06-26,11:15,June,Summer,Inverted-V,93,462.32,32.23,38.79,78.96,0.69,63.17,0.58,36.6,0.67
2024-06-26,11:30,June,Summer,Inverted-V,93,466.01,32.47,39.12,78.86,0.7,63.09,0.58,36.85,0.67
2024-06-26,11:45,June,Summer,Inverted-V,93,469.7,32.7,39.45,78.75,0.7,63.0,0.59,37.11,0.67
2024-06-26,12:00,June,Summer,Inverted-V,93,473.4,32.94,39.77,78.65,0.71,62.92,0.59,37.36,0.67
2024-06-26,12:15,June,Summer,Inverted-V,93,430.72,33.03,38.8,78.96,0.64,63.17,0.54,34.1,0.67
2024-06-26,12:30,June,Summer,Inverted-V,93,388.04,33.12,37.83,79.27,0.58,63.41,0.49,30.81,0.67
2024-06-26,12:45,June,Summer,Inverted-V,93,345.37,33.22,36.85,79.58,0.52,63.66,0.43,27.5,0.67
2024-06-26,13:00,June,Summer,Inverted-V,93,302.69,33.31,35.88,79.88,0.45,63.91,0.38,24.17,0.67
2024-06-26,13:15,June,Summer,Inverted-V,93,297.02,33.26,35.68,79.95,0.44,63.96,0.37,23.73,0.67
2024-06-26,13:30,June,Summer,Inverted-V,93,291.35,33.2,35.48,80.01,0.43,64.01,0.36,23.29,0.67
2024-06-26,13:45,June,Summer,Inverted-V,93,285.68,33.15,35.29,80.07,0.43,64.06,0.36,22.85,0.67
2024-06-26,14:00,June,Summer,Inverted-V,93,280.01,33.09,35.09,80.13,0.42,64.11,0.35,22.41,0.67
2024-06-26,14:15,June,Summer,Inverted-V,93,247.8,32.88,34.08,80.45,0.37,64.36,0.31,19.89,0.67
2024-06-26,14:30,June,Summer,Inverted-V,93,215.6,32.67,33.06,80.77,0.32,64.62,0.27,17.36,0.67
2024-06-26,14:45,June,Summer,Inverted-V,93,183.39,32.47,32.05,81.09,0.27,64.88,0.23,14.81,0.67
2024-06-26,15:00,June,Summer,Inverted-V,93,151.18,32.26,31.04,81.42,0.22,65.13,0.19,12.25,0.67
2024-06-26,15:15,June,Summer,Inverted-V,93,132.77,31.9,30.22,81.68,0.2,65.34,0.16,10.78,0.67
2024-06-26,15:30,June,Summer,Inverted-V,93,114.36,31.54,29.4,81.94,0.17,65.55,0.14,9.31,0.67
2024-06-26,15:45,June,Summer,Inverted-V,93,95.95,31.18,28.58,82.19,0.14,65.76,0.12,7.83,0.67
2024-06-26,16:00,June,Summer,Inverted-V,93,77.54,30.82,27.76,82.45,0.11,65.96,0.1,6.34,0.67
2024-06-26,16:15,June,Summer,Inverted-V,93,64.45,30.27,26.89,82.73,0.1,66.18,0.08,5.28,0.67
2024-06-26,16:30,June,Summer,Inverted-V,93,51.35,29.73,26.01,83.01,0.08,66.41,0.06,4.22,0.67
2024-06-26,16:45,June,Summer,Inverted-V,93,38.26,29.19,25.14,83.28,0.06,66.63,0.05,3.15,0.67
2024-06-26,17:00,June,Summer,Inverted-V,93,25.16,28.64,24.27,83.56,0.04,66.85,0.03,2.08,0.67
2024-06-26,17:15,June,Summer,Inverted-V,93,18.87,28.22,23.69,83.74,0.03,66.99,0.02,1.56,0.67
2024-06-26,17:30,June,Summer,Inverted-V,93,12.58,27.8,23.12,83.92,0.02,67.14,0.02,1.04,0.67
2024-06-26,17:45,June,Summer,Inverted-V,93,6.29,27.39,22.54,84.11,0.01,67.28,0.01,0.52,0.67
2024-06-27,05:15,June,Summer,Inverted-V,93,19.26,24.67,20.15,84.86,0.03,67.89,0.02,1.61,0.67
2024-06-27,05:30,June,Summer,Inverted-V,93,34.93,25.01,20.88,84.63,0.05,67.71,0.04,2.91,0.67
2024-06-27,05:45,June,Summer,Inverted-V,93,50.59,25.34,21.6,84.4,0.07,67.52,0.06,4.21,0.67
2024-06-27,06:00,June,Summer,Inverted-V,93,66.26,25.67,22.33,84.17,0.1,67.34,0.08,5.5,0.67
2024-06-27,06:15,June,Summer,Inverted-V,93,92.82,26.21,23.53,83.79,0.14,67.04,0.11,7.68,0.67
2024-06-27,06:30,June,Summer,Inverted-V,93,119.38,26.74,24.72,83.42,0.18,66.73,0.15,9.85,0.67
2024-06-27,06:45,June,Summer,Inverted-V,93,145.95,27.27,25.92,83.04,0.22,66.43,0.18,12.0,0.67
2024-06-27,07:00,June,Summer,Inverted-V,93,172.51,27.81,27.12,82.66,0.26,66.12,0.21,14.13,0.67
2024-06-27,07:15,June,Summer,Inverted-V,93,173.05,28.38,27.7,82.47,0.26,65.98,0.21,14.15,0.67
2024-06-27,07:30,June,Summer,Inverted-V,93,173.6,28.95,28.28,82.29,0.26,65.83,0.22,14.17,0.67
2024-06-27,07:45,June,Summer,Inverted-V,93,174.14,29.51,28.87,82.1,0.26,65.68,0.22,14.19,0.67
2024-06-27,08:00,June,Summer,Inverted-V,93,174.69,30.08,29.45,81.92,0.26,65.54,0.22,14.21,0.67
2024-06-27,08:15,June,Summer,Inverted-V,93,217.12,30.54,30.97,81.44,0.32,65.15,0.27,17.59,0.67
2024-06-27,08:30,June,Summer,Inverted-V,93,259.55,31.01,32.5,80.95,0.39,64.76,0.32,20.93,0.67
2024-06-27,08:45,June,Summer,Inverted-V,93,301.98,31.48,34.02,80.47,0.45,64.38,0.38,24.25,0.67
2024-06-27,09:00,June,Summer,Inverted-V,93,344.41,31.94,35.55,79.99,0.51,63.99,0.43,27.53,0.67
2024-06-27,09:15,June,Summer,Inverted-V,93,356.25,32.33,36.24,79.77,0.53,63.82,0.45,28.42,0.67
2024-06-27,09:30,June,Summer,Inverted-V,93,368.08,32.73,36.93,79.55,0.55,63.64,0.46,29.3,0.67
2024-06-27,09:45,June,Summer,Inverted-V,93,379.91,33.12,37.62,79.33,0.57,63.47,0.48,30.18,0.67
2024-06-27,10:00,June,Summer,Inverted-V,93,391.75,33.51,38.3,79.12,0.59,63.29,0.49,31.06,0.67
2024-06-27,10:15,June,Summer,Inverted-V,93,396.51,33.77,38.69,78.99,0.59,63.2,0.5,31.4,0.67
2024-06-27,10:30,June,Summer,Inverted-V,93,401.28,34.03,39.07,78.87,0.6,63.1,0.5,31.74,0.67
2024-06-27,10:45,June,Summer,Inverted-V,93,406.04,34.3,39.45,78.75,0.61,63.0,0.51,32.08,0.67
2024-06-27,11:00,June,Summer,Inverted-V,93,410.81,34.56,39.83,78.63,0.62,62.91,0.52,32.42,0.67
2024-06-27,11:15,June,Summer,Inverted-V,93,413.54,34.64,39.97,78.59,0.62,62.87,0.52,32.62,0.67
2024-06-27,11:30,June,Summer,Inverted-V,93,416.26,34.71,40.12,78.54,0.62,62.83,0.52,32.82,0.67
2024-06-27,11:45,June,Summer,Inverted-V,93,418.99,34.78,40.26,78.5,0.63,62.8,0.53,33.02,0.67
2024-06-27,12:00,June,Summer,Inverted-V,93,421.72,34.86,40.4,78.45,0.63,62.76,0.53,33.22,0.67
2024-06-27,12:15,June,Summer,Inverted-V,93,429.63,34.81,40.55,78.4,0.64,62.72,0.54,33.83,0.67
2024-06-27,12:30,June,Summer,Inverted-V,93,437.54,34.75,40.69,78.36,0.66,62.69,0.55,34.44,0.67
2024-06-27,12:45,June,Summer,Inverted-V,93,445.44,34.7,40.84,78.31,0.67,62.65,0.56,35.04,0.67
2024-06-27,13:00,June,Summer,Inverted-V,93,453.35,34.65,40.98,78.27,0.68,62.61,0.57,35.65,0.67
2024-06-27,13:15,June,Summer,Inverted-V,93,420.45,34.52,40.03,78.57,0.63,62.86,0.53,33.16,0.67
2024-06-27,13:30,June,Summer,Inverted-V,93,387.55,34.38,39.07,78.87,0.58,63.1,0.49,30.65,0.67
2024-06-27,13:45,June,Summer,Inverted-V,93,354.65,34.25,38.12,79.17,0.53,63.34,0.44,28.13,0.67
2024-06-27,14:00,June,Summer,Inverted-V,93,321.75,34.12,37.16,79.48,0.48,63.58,0.4,25.6,0.67
2024-06-27,14:15,June,Summer,Inverted-V,93,307.72,33.92,36.61,79.65,0.46,63.72,0.38,24.52,0.67
2024-06-27,14:30,June,Summer,Inverted-V,93,293.69,33.72,36.06,79.83,0.44,63.86,0.37,23.44,0.67
2024-06-27,14:45,June,Summer,Inverted-V,93,279.66,33.52,35.51,80.0,0.42,64.0,0.35,22.36,0.67
2024-06-27,15:00,June,Summer,Inverted-V,93,265.63,33.32,34.96,80.17,0.4,64.14,0.33,21.27,0.67
2024-06-27,15:15,June,Summer,Inverted-V,93,235.42,33.02,33.91,80.51,0.35,64.41,0.29,18.91,0.67
2024-06-27,15:30,June,Summer,Inverted-V,93,205.21,32.73,32.86,80.84,0.31,64.67,0.26,16.53,0.67
2024-06-27,15:45,June,Summer,Inverted-V,93,175.0,32.43,31.8,81.17,0.26,64.94,0.22,14.14,0.67
2024-06-27,16:00,June,Summer,Inverted-V,93,144.8,32.13,30.75,81.51,0.21,65.21,0.18,11.74,0.67
2024-06-27,16:15,June,Summer,Inverted-V,93,118.01,31.56,29.51,81.9,0.17,65.52,0.15,9.6,0.67
2024-06-27,16:30,June,Summer,Inverted-V,93,91.22,31.0,28.28,82.29,0.14,65.83,0.11,7.45,0.67
2024-06-27,16:45,June,Summer,Inverted-V,93,64.43,30.43,27.04,82.68,0.1,66.15,0.08,5.28,0.67
2024-06-27,17:00,June,Summer,Inverted-V,93,37.64,29.86,25.8,83.07,0.06,66.46,0.05,3.09,0.67
2024-06-27,17:15,June,Summer,Inverted-V,93,28.23,29.24,24.95,83.34,0.04,66.68,0.03,2.33,0.67
2024-06-27,17:30,June,Summer,Inverted-V,93,18.82,28.62,24.1,83.61,0.03,66.89,0.02,1.55,0.67
2024-06-27,17:45,June,Summer,Inverted-V,93,9.41,28.01,23.24,83.88,0.01,67.11,0.01,0.78,0.67
2024-06-28,05:15,June,Summer,Inverted-V,93,27.79,24.49,20.18,84.85,0.04,67.88,0.03,2.32,0.67
2024-06-28,05:30,June,Summer,Inverted-V,93,50.61,24.87,21.14,84.55,0.07,67.64,0.06,4.22,0.67
2024-06-28,05:45,June,Summer,Inverted-V,93,73.43,25.25,22.09,84.25,0.11,67.4,0.09,6.1,0.67
2024-06-28,06:00,June,Summer,Inverted-V,93,96.25,25.63,23.04,83.95,0.14,67.16,0.12,7.97,0.67
2024-06-28,06:15,June,Summer,Inverted-V,93,138.27,26.2,24.66,83.44,0.2,66.75,0.17,11.4,0.67
2024-06-28,06:30,June,Summer,Inverted-V,93,180.29,26.78,26.29,82.92,0.27,66.34,0.22,14.8,0.67
2024-06-28,06:45,June,Summer,Inverted-V,93,222.31,27.36,27.91,82.41,0.33,65.92,0.28,18.17,0.67
2024-06-28,07:00,June,Summer,Inverted-V,93,264.33,27.93,29.54,81.89,0.39,65.51,0.33,21.5,0.67
2024-06-28,07:15,June,Summer,Inverted-V,93,305.2,28.57,31.2,81.36,0.45,65.09,0.38,24.71,0.67
2024-06-28,07:30,June,Summer,Inverted-V,93,346.07,29.21,32.86,80.84,0.51,64.67,0.43,27.88,0.67
2024-06-28,07:45,June,Summer,Inverted-V,93,386.94,29.85,34.52,80.31,0.58,64.25,0.48,31.02,0.67
2024-06-28,08:00,June,Summer,Inverted-V,93,427.81,30.49,36.19,79.79,0.64,63.83,0.53,34.13,0.67
2024-06-28,08:15,June,Summer,Inverted-V,93,478.99,31.02,37.99,79.21,0.72,63.37,0.6,38.01,0.67
2024-06-28,08:30,June,Summer,Inverted-V,93,530.17,31.55,39.8,78.64,0.79,62.91,0.67,41.84,0.67
2024-06-28,08:45,June,Summer,Inverted-V,93,581.35,32.07,41.61,78.07,0.87,62.46,0.73,45.63,0.67
2024-06-28,09:00,June,Summer,Inverted-V,93,632.52,32.6,43.41,77.5,0.95,62.0,0.8,49.37,0.67
2024-06-28,09:15,June,Summer,Inverted-V,93,655.81,33.0,44.39,77.19,0.99,61.75,0.83,51.03,0.67
2024-06-28,09:30,June,Summer,Inverted-V,93,679.09,33.39,45.37,76.88,1.02,61.5,0.86,52.68,0.67
2024-06-28,09:45,June,Summer,Inverted-V,93,702.37,33.78,46.34,76.57,1.06,61.26,0.89,54.32,0.67
2024-06-28,10:00,June,Summer,Inverted-V,93,725.65,34.18,47.32,76.26,1.09,61.01,0.92,55.95,0.67
2024-06-28,10:15,June,Summer,Inverted-V,93,721.28,34.46,47.49,76.21,1.09,60.96,0.91,55.58,0.67
2024-06-28,10:30,June,Summer,Inverted-V,93,716.91,34.75,47.67,76.15,1.08,60.92,0.91,55.21,0.67
2024-06-28,10:45,June,Summer,Inverted-V,93,712.55,35.03,47.84,76.1,1.08,60.88,0.9,54.85,0.67
2024-06-28,11:00,June,Summer,Inverted-V,93,708.18,35.31,48.01,76.04,1.07,60.83,0.9,54.48,0.67
2024-06-28,11:15,June,Summer,Inverted-V,93,697.58,35.49,47.93,76.07,1.05,60.85,0.88,53.68,0.67
2024-06-28,11:30,June,Summer,Inverted-V,93,686.98,35.67,47.84,76.09,1.04,60.88,0.87,52.88,0.67
2024-06-28,11:45,June,Summer,Inverted-V,93,676.39,35.85,47.76,76.12,1.02,60.9,0.86,52.08,0.67
2024-06-28,12:00,June,Summer,Inverted-V,93,665.79,36.03,47.67,76.15,1.0,60.92,0.84,51.27,0.67
2024-06-28,12:15,June,Summer,Inverted-V,93,664.19,36.09,47.69,76.14,1.0,60.91,0.84,51.15,0.67
2024-06-28,12:30,June,Summer,Inverted-V,93,662.59,36.15,47.71,76.14,1.0,60.91,0.84,51.02,0.67
2024-06-28,12:45,June,Summer,Inverted-V,93,660.99,36.21,47.73,76.13,1.0,60.9,0.84,50.89,0.67
2024-06-28,13:00,June,Summer,Inverted-V,93,659.39,36.27,47.75,76.12,1.0,60.9,0.83,50.77,0.67
2024-06-28,13:15,June,Summer,Inverted-V,93,639.86,36.11,47.11,76.33,0.97,61.06,0.81,49.37,0.67
2024-06-28,13:30,June,Summer,Inverted-V,93,620.33,35.95,46.46,76.53,0.94,61.23,0.78,47.96,0.67
2024-06-28,13:45,June,Summer,Inverted-V,93,600.79,35.79,45.81,76.74,0.91,61.39,0.76,46.54,0.67
2024-06-28,14:00,June,Summer,Inverted-V,93,581.26,35.63,45.16,76.94,0.88,61.56,0.73,45.12,0.67
2024-06-28,14:15,June,Summer,Inverted-V,93,536.83,35.33,43.75,77.39,0.81,61.91,0.68,41.86,0.67
2024-06-28,14:30,June,Summer,Inverted-V,93,492.4,35.03,42.34,77.84,0.74,62.27,0.62,38.56,0.67
2024-06-28,14:45,June,Summer,Inverted-V,93,447.97,34.73,40.93,78.28,0.67,62.63,0.56,35.23,0.67
2024-06-28,15:00,June,Summer,Inverted-V,93,403.54,34.43,39.52,78.73,0.6,62.98,0.51,31.88,0.67
2024-06-28,15:15,June,Summer,Inverted-V,93,361.08,34.02,38.04,79.2,0.54,63.36,0.45,28.65,0.67
2024-06-28,15:30,June,Summer,Inverted-V,93,318.63,33.61,36.57,79.66,0.48,63.73,0.4,25.39,0.67
2024-06-28,15:45,June,Summer,Inverted-V,93,276.17,33.19,35.1,80.13,0.41,64.1,0.34,22.11,0.67
2024-06-28,16:00,June,Summer,Inverted-V,93,233.71,32.78,33.62,80.6,0.35,64.48,0.29,18.79,0.67
2024-06-28,16:15,June,Summer,Inverted-V,93,192.11,32.21,32.02,81.11,0.29,64.89,0.24,15.52,0.67
2024-06-28,16:30,June,Summer,Inverted-V,93,150.5,31.65,30.41,81.62,0.22,65.29,0.19,12.21,0.67
2024-06-28,16:45,June,Summer,Inverted-V,93,108.89,31.08,28.8,82.12,0.16,65.7,0.14,8.88,0.67
2024-06-28,17:00,June,Summer,Inverted-V,93,67.28,30.51,27.19,82.63,0.1,66.11,0.08,5.51,0.67
2024-06-28,17:15,June,Summer,Inverted-V,93,50.46,30.05,26.31,82.91,0.07,66.33,0.06,4.14,0.67
2024-06-28,17:30,June,Summer,Inverted-V,93,33.64,29.58,25.42,83.19,0.05,66.56,0.04,2.77,0.67
2024-06-28,17:45,June,Summer,Inverted-V,93,16.82,29.11,24.54,83.48,0.02,66.78,0.02,1.39,0.67
2024-06-29,05:15,June,Summer,Inverted-V,93,25.07,23.74,19.37,85.11,0.04,68.09,0.03,2.1,0.67
2024-06-29,05:30,June,Summer,Inverted-V,93,45.99,24.04,20.19,84.85,0.07,67.88,0.06,3.84,0.67
2024-06-29,05:45,June,Summer,Inverted-V,93,66.91,24.34,21.01,84.59,0.1,67.67,0.08,5.57,0.67
2024-06-29,06:00,June,Summer,Inverted-V,93,87.83,24.63,21.83,84.33,0.13,67.47,0.11,7.3,0.67
2024-06-29,06:15,June,Summer,Inverted-V,93,126.3,25.11,23.27,83.88,0.19,67.1,0.16,10.46,0.67
2024-06-29,06:30,June,Summer,Inverted-V,93,164.76,25.59,24.71,83.42,0.24,66.73,0.2,13.59,0.67
2024-06-29,06:45,June,Summer,Inverted-V,93,203.23,26.08,26.16,82.96,0.3,66.37,0.25,16.69,0.67
2024-06-29,07:00,June,Summer,Inverted-V,93,241.7,26.56,27.6,82.5,0.36,66.0,0.3,19.77,0.67
2024-06-29,07:15,June,Summer,Inverted-V,93,287.12,27.33,29.51,81.9,0.43,65.52,0.36,23.36,0.67
2024-06-29,07:30,June,Summer,Inverted-V,93,332.54,28.1,31.42,81.3,0.49,65.04,0.41,26.91,0.67
2024-06-29,07:45,June,Summer,Inverted-V,93,377.96,28.88,33.33,80.69,0.56,64.55,0.47,30.41,0.67
2024-06-29,08:00,June,Summer,Inverted-V,93,423.38,29.65,35.23,80.09,0.63,64.07,0.53,33.87,0.67
2024-06-29,08:15,June,Summer,Inverted-V,93,488.82,30.26,37.48,79.38,0.73,63.5,0.61,38.85,0.67
2024-06-29,08:30,June,Summer,Inverted-V,93,554.26,30.86,39.72,78.67,0.83,62.93,0.7,43.75,0.67
2024-06-29,08:45,June,Summer,Inverted-V,93,619.69,31.47,41.96,77.96,0.93,62.36,0.78,48.58,0.67
2024-06-29,09:00,June,Summer,Inverted-V,93,685.13,32.08,44.21,77.25,1.03,61.8,0.86,53.34,0.67
2024-06-29,09:15,June,Summer,Inverted-V,93,693.86,32.49,44.84,77.05,1.04,61.64,0.87,53.92,0.67
2024-06-29,09:30,June,Summer,Inverted-V,93,702.58,32.91,45.47,76.85,1.06,61.48,0.89,54.49,0.67
2024-06-29,09:45,June,Summer,Inverted-V,93,711.31,33.32,46.1,76.65,1.07,61.32,0.9,55.05,0.67
2024-06-29,10:00,June,Summer,Inverted-V,93,720.04,33.73,46.73,76.45,1.09,61.16,0.91,55.62,0.67
2024-06-29,10:15,June,Summer,Inverted-V,93,734.9,34.02,47.39,76.24,1.11,60.99,0.93,56.65,0.67
2024-06-29,10:30,June,Summer,Inverted-V,93,749.76,34.3,48.05,76.03,1.13,60.82,0.95,57.67,0.67
2024-06-29,10:45,June,Summer,Inverted-V,93,764.63,34.59,48.71,75.82,1.16,60.66,0.97,58.69,0.67
2024-06-29,11:00,June,Summer,Inverted-V,93,779.49,34.88,49.37,75.61,1.18,60.49,0.99,59.71,0.67
2024-06-29,11:15,June,Summer,Inverted-V,93,743.8,35.1,48.7,75.82,1.12,60.66,0.94,57.1,0.67
2024-06-29,11:30,June,Summer,Inverted-V,93,708.12,35.33,48.03,76.04,1.07,60.83,0.9,54.47,0.67
2024-06-29,11:45,June,Summer,Inverted-V,93,672.43,35.55,47.36,76.25,1.01,61.0,0.85,51.84,0.67
2024-06-29,12:00,June,Summer,Inverted-V,93,636.75,35.77,46.69,76.46,0.96,61.17,0.8,49.19,0.67
2024-06-29,12:15,June,Summer,Inverted-V,93,639.55,35.92,46.9,76.39,0.96,61.11,0.81,49.37,0.67
2024-06-29,12:30,June,Summer,Inverted-V,93,642.35,36.06,47.12,76.32,0.97,61.06,0.81,49.56,0.67
2024-06-29,12:45,June,Summer,Inverted-V,93,645.15,36.2,47.33,76.26,0.97,61.0,0.82,49.74,0.67
2024-06-29,13:00,June,Summer,Inverted-V,93,647.95,36.35,47.55,76.19,0.98,60.95,0.82,49.92,0.67
2024-06-29,13:15,June,Summer,Inverted-V,93,616.31,36.38,46.79,76.43,0.93,61.14,0.78,47.6,0.67
2024-06-29,13:30,June,Summer,Inverted-V,93,584.67,36.41,46.03,76.67,0.88,61.34,0.74,45.26,0.67
2024-06-29,13:45,June,Summer,Inverted-V,93,553.03,36.44,45.27,76.91,0.83,61.53,0.7,42.92,0.67
2024-06-29,14:00,June,Summer,Inverted-V,93,521.39,36.47,44.5,77.15,0.78,61.72,0.66,40.56,0.67
2024-06-29,14:15,June,Summer,Inverted-V,93,502.9,36.38,43.95,77.33,0.76,61.86,0.63,39.19,0.67
2024-06-29,14:30,June,Summer,Inverted-V,93,484.4,36.28,43.4,77.5,0.73,62.0,0.61,37.81,0.67
2024-06-29,14:45,June,Summer,Inverted-V,93,465.91,36.19,42.84,77.68,0.7,62.14,0.59,36.43,0.67
2024-06-29,15:00,June,Summer,Inverted-V,93,447.41,36.1,42.29,77.85,0.67,62.28,0.56,35.04,0.67
2024-06-29,15:15,June,Summer,Inverted-V,93,388.29,35.83,40.54,78.41,0.58,62.73,0.49,30.58,0.67
2024-06-29,15:30,June,Summer,Inverted-V,93,329.17,35.56,38.79,78.96,0.49,63.17,0.41,26.06,0.67
2024-06-29,15:45,June,Summer,Inverted-V,93,270.05,35.29,37.04,79.52,0.4,63.61,0.34,21.49,0.67
2024-06-29,16:00,June,Summer,Inverted-V,93,210.92,35.02,35.29,80.07,0.31,64.05,0.26,16.87,0.67
2024-06-29,16:15,June,Summer,Inverted-V,93,173.36,34.4,33.74,80.56,0.26,64.45,0.22,13.93,0.67
2024-06-29,16:30,June,Summer,Inverted-V,93,135.79,33.78,32.18,81.05,0.2,64.84,0.17,10.96,0.67
2024-06-29,16:45,June,Summer,Inverted-V,93,98.23,33.17,30.62,81.55,0.15,65.24,0.12,7.97,0.67
2024-06-29,17:00,June,Summer,Inverted-V,93,60.66,32.55,29.07,82.04,0.09,65.63,0.08,4.94,0.67
2024-06-29,17:15,June,Summer,Inverted-V,93,45.5,31.93,28.06,82.36,0.07,65.89,0.06,3.72,0.67
2024-06-29,17:30,June,Summer,Inverted-V,93,30.33,31.3,27.06,82.67,0.04,66.14,0.04,2.49,0.67
2024-06-29,17:45,June,Summer,Inverted-V,93,15.17,30.68,26.06,82.99,0.02,66.39,0.02,1.25,0.67
2024-06-30,05:15,June,Summer,Inverted-V,93,30.8,25.29,21.06,84.58,0.05,67.66,0.04,2.57,0.67
2024-06-30,05:30,June,Summer,Inverted-V,93,56.72,25.4,21.82,84.34,0.08,67.47,0.07,4.72,0.67
2024-06-30,05:45,June,Summer,Inverted-V,93,82.63,25.52,22.58,84.09,0.12,67.28,0.1,6.85,0.67
2024-06-30,06:00,June,Summer,Inverted-V,93,108.54,25.63,23.34,83.85,0.16,67.08,0.13,8.99,0.67
2024-06-30,06:15,June,Summer,Inverted-V,93,155.99,25.83,24.73,83.41,0.23,66.73,0.19,12.86,0.67
2024-06-30,06:30,June,Summer,Inverted-V,93,203.43,26.03,26.12,82.97,0.3,66.38,0.25,16.71,0.67
2024-06-30,06:45,June,Summer,Inverted-V,93,250.88,26.23,27.5,82.54,0.37,66.03,0.31,20.53,0.67
2024-06-30,07:00,June,Summer,Inverted-V,93,298.33,26.43,28.89,82.1,0.44,65.68,0.37,24.31,0.67
2024-06-30,07:15,June,Summer,Inverted-V,93,345.55,26.79,30.43,81.61,0.51,65.29,0.43,28.04,0.67
2024-06-30,07:30,June,Summer,Inverted-V,93,392.77,27.16,31.97,81.12,0.58,64.9,0.49,31.73,0.67
2024-06-30,07:45,June,Summer,Inverted-V,93,439.99,27.52,33.52,80.63,0.65,64.5,0.55,35.38,0.67
2024-06-30,08:00,June,Summer,Inverted-V,93,487.21,27.88,35.06,80.14,0.73,64.11,0.61,39.0,0.67
2024-06-30,08:15,June,Summer,Inverted-V,93,534.32,28.23,36.59,79.66,0.8,63.73,0.67,42.58,0.67
2024-06-30,08:30,June,Summer,Inverted-V,93,581.44,28.57,38.11,79.18,0.87,63.34,0.73,46.12,0.67
2024-06-30,08:45,June,Summer,Inverted-V,93,628.55,28.92,39.64,78.69,0.94,62.95,0.79,49.63,0.67
2024-06-30,09:00,June,Summer,Inverted-V,93,675.67,29.27,41.16,78.21,1.01,62.57,0.85,53.1,0.67
2024-06-30,09:15,June,Summer,Inverted-V,93,675.31,29.63,41.51,78.1,1.01,62.48,0.85,53.02,0.67
2024-06-30,09:30,June,Summer,Inverted-V,93,674.96,29.99,41.86,77.99,1.01,62.39,0.85,52.93,0.67
2024-06-30,09:45,June,Summer,Inverted-V,93,674.6,30.35,42.22,77.88,1.01,62.3,0.85,52.85,0.67
2024-06-30,10:00,June,Summer,Inverted-V,93,674.24,30.71,42.57,77.77,1.01,62.21,0.85,52.76,0.67
2024-06-30,10:15,June,Summer,Inverted-V,93,693.32,31.05,43.38,77.51,1.04,62.01,0.87,54.12,0.67
2024-06-30,10:30,June,Summer,Inverted-V,93,712.4,31.39,44.19,77.25,1.07,61.8,0.9,55.47,0.67
2024-06-30,10:45,June,Summer,Inverted-V,93,731.47,31.72,45.01,76.99,1.1,61.59,0.92,56.81,0.67
2024-06-30,11:00,June,Summer,Inverted-V,93,750.55,32.06,45.82,76.73,1.13,61.39,0.95,58.14,0.67
2024-06-30,11:15,June,Summer,Inverted-V,93,738.36,32.28,45.74,76.76,1.11,61.41,0.93,57.21,0.67
2024-06-30,11:30,June,Summer,Inverted-V,93,726.17,32.51,45.66,76.79,1.09,61.43,0.92,56.28,0.67
2024-06-30,11:45,June,Summer,Inverted-V,93,713.97,32.73,45.58,76.81,1.08,61.45,0.9,55.35,0.67
2024-06-30,12:00,June,Summer,Inverted-V,93,701.78,32.95,45.49,76.84,1.06,61.47,0.89,54.42,0.67
2024-06-30,12:15,June,Summer,Inverted-V,93,692.51,33.06,45.38,76.88,1.04,61.5,0.87,53.72,0.67
2024-06-30,12:30,June,Summer,Inverted-V,93,683.25,33.18,45.26,76.91,1.03,61.53,0.86,53.02,0.67
2024-06-30,12:45,June,Summer,Inverted-V,93,673.98,33.3,45.14,76.95,1.01,61.56,0.85,52.32,0.67
2024-06-30,13:00,June,Summer,Inverted-V,93,664.71,33.41,45.03,76.99,1.0,61.59,0.84,51.62,0.67
2024-06-30,13:15,June,Summer,Inverted-V,93,633.27,33.54,44.37,77.19,0.95,61.76,0.8,49.28,0.67
2024-06-30,13:30,June,Summer,Inverted-V,93,601.82,33.66,43.71,77.4,0.9,61.92,0.76,46.93,0.67
2024-06-30,13:45,June,Summer,Inverted-V,93,570.38,33.79,43.05,77.61,0.86,62.09,0.72,44.57,0.67
2024-06-30,14:00,June,Summer,Inverted-V,93,538.94,33.92,42.39,77.82,0.81,62.26,0.68,42.2,0.67
2024-06-30,14:15,June,Summer,Inverted-V,93,467.97,33.97,40.66,78.37,0.7,62.69,0.59,36.84,0.67
2024-06-30,14:30,June,Summer,Inverted-V,93,396.99,34.01,38.93,78.92,0.59,63.13,0.5,31.41,0.67
2024-06-30,14:45,June,Summer,Inverted-V,93,326.02,34.05,37.21,79.46,0.49,63.57,0.41,25.93,0.67
2024-06-30,15:00,June,Summer,Inverted-V,93,255.04,34.1,35.48,80.01,0.38,64.01,0.32,20.39,0.67
2024-06-30,15:15,June,Summer,Inverted-V,93,236.48,33.94,34.85,80.21,0.35,64.17,0.3,18.94,0.67
2024-06-30,15:30,June,Summer,Inverted-V,93,217.92,33.78,34.22,80.41,0.32,64.33,0.27,17.49,0.67
2024-06-30,15:45,June,Summer,Inverted-V,93,199.35,33.61,33.6,80.61,0.3,64.48,0.25,16.03,0.67
2024-06-30,16:00,June,Summer,Inverted-V,93,180.79,33.45,32.97,80.8,0.27,64.64,0.23,14.56,0.67
2024-06-30,16:15,June,Summer,Inverted-V,93,151.36,32.97,31.76,81.19,0.22,64.95,0.19,12.23,0.67
2024-06-30,16:30,June,Summer,Inverted-V,93,121.92,32.5,30.54,81.57,0.18,65.26,0.15,9.89,0.67
2024-06-30,16:45,June,Summer,Inverted-V,93,92.49,32.02,29.33,81.96,0.14,65.57,0.11,7.53,0.67
2024-06-30,17:00,June,Summer,Inverted-V,93,63.05,31.54,28.12,82.34,0.09,65.87,0.08,5.15,0.67
2024-06-30,17:15,June,Summer,Inverted-V,93,47.29,31.05,27.23,82.62,0.07,66.1,0.06,3.87,0.67
2024-06-30,17:30,June,Summer,Inverted-V,93,31.53,30.55,26.34,82.9,0.05,66.32,0.04,2.59,0.67
2024-06-30,17:45,June,Summer,Inverted-V,93,15.76,30.06,25.46,83.18,0.02,66.55,0.02,1.3,0.67
