Date,Time,Shape,Spacing_cm,Connection,Irradiation_Wm2,AmbientTemp_C,CellTemp_C,Voc_V,Isc_A,Vm_V,Im_A,Pm_W,FF
2024-11-01,05:15,Flat,93,TSSC,22.4,25.1,22.6,84.08,0.03,67.26,0.03,1.9,0.67
2024-11-01,05:30,Flat,93,TSSC,44.7,25.2,23.3,83.86,0.07,67.09,0.06,3.9,0.67
2024-11-01,05:45,Flat,93,TSSC,67.1,25.3,24.0,83.64,0.1,66.91,0.09,5.8,0.67
2024-11-01,06:00,Flat,93,TSSC,89.4,25.5,24.7,83.42,0.14,66.73,0.12,7.7,0.67
2024-11-01,06:15,Flat,93,TSSC,135.0,25.7,26.1,82.98,0.21,66.39,0.18,11.6,0.67
2024-11-01,06:30,Flat,93,TSSC,180.6,26.0,27.5,82.55,0.28,66.04,0.23,15.5,0.67
2024-11-01,06:45,Flat,93,TSSC,226.2,26.2,28.8,82.11,0.35,65.69,0.29,19.4,0.67
2024-11-01,07:00,Flat,93,TSSC,271.8,26.4,30.2,81.67,0.42,65.34,0.35,23.2,0.67
2024-11-01,07:15,Flat,93,TSSC,324.7,26.8,31.9,81.15,0.51,64.92,0.42,27.5,0.67
2024-11-01,07:30,Flat,93,TSSC,377.6,27.1,33.5,80.63,0.59,64.51,0.49,31.9,0.67
2024-11-01,07:45,Flat,93,TSSC,430.5,27.4,35.2,80.11,0.67,64.09,0.56,36.2,0.67
2024-11-01,08:00,Flat,93,TSSC,483.4,27.7,36.8,79.59,0.76,63.67,0.63,40.4,0.67
2024-11-01,08:15,Flat,93,TSSC,526.6,28.1,38.2,79.14,0.83,63.31,0.69,43.8,0.67
2024-11-01,08:30,Flat,93,TSSC,569.7,28.4,39.6,78.69,0.9,62.95,0.75,47.2,0.67
2024-11-01,08:45,Flat,93,TSSC,612.8,28.8,41.1,78.24,0.96,62.59,0.81,50.6,0.67
2024-11-01,09:00,Flat,93,TSSC,655.9,29.1,42.5,77.79,1.03,62.23,0.87,53.9,0.67
2024-11-01,09:15,Flat,93,TSSC,681.8,29.4,43.5,77.49,1.08,61.99,0.9,55.9,0.67
2024-11-01,09:30,Flat,93,TSSC,707.7,29.7,44.4,77.18,1.12,61.75,0.94,57.8,0.67
2024-11-01,09:45,Flat,93,TSSC,733.7,30.0,45.4,76.88,1.16,61.51,0.97,59.8,0.67
2024-11-01,10:00,Flat,93,TSSC,759.6,30.3,46.3,76.58,1.2,61.26,1.01,61.7,0.67
2024-11-01,10:15,Flat,93,TSSC,758.1,30.5,46.5,76.52,1.2,61.22,1.01,61.5,0.67
2024-11-01,10:30,Flat,93,TSSC,756.7,30.8,46.7,76.46,1.2,61.17,1.0,61.4,0.67
2024-11-01,10:45,Flat,93,TSSC,755.2,31.0,46.9,76.4,1.2,61.12,1.0,61.2,0.67
2024-11-01,11:00,Flat,93,TSSC,753.8,31.2,47.1,76.34,1.19,61.07,1.0,61.1,0.67
2024-11-01,11:15,Flat,93,TSSC,728.9,31.3,46.6,76.5,1.15,61.2,0.97,59.2,0.67
2024-11-01,11:30,Flat,93,TSSC,704.1,31.5,46.1,76.66,1.11,61.33,0.93,57.2,0.67
2024-11-01,11:45,Flat,93,TSSC,679.2,31.6,45.6,76.82,1.07,61.45,0.9,55.3,0.67
2024-11-01,12:00,Flat,93,TSSC,654.4,31.7,45.1,76.98,1.03,61.58,0.87,53.4,0.67
2024-11-01,12:15,Flat,93,TSSC,597.8,31.7,43.7,77.41,0.94,61.93,0.79,49.0,0.67
2024-11-01,12:30,Flat,93,TSSC,541.2,31.8,42.3,77.85,0.85,62.28,0.71,44.5,0.67
2024-11-01,12:45,Flat,93,TSSC,484.7,31.8,40.9,78.29,0.76,62.63,0.64,40.0,0.67
2024-11-01,13:00,Flat,93,TSSC,428.1,31.8,39.5,78.73,0.67,62.98,0.56,35.5,0.67
2024-11-01,13:15,Flat,93,TSSC,389.8,31.7,38.5,79.06,0.61,63.25,0.51,32.4,0.67
2024-11-01,13:30,Flat,93,TSSC,351.5,31.6,37.4,79.39,0.55,63.51,0.46,29.3,0.67
2024-11-01,13:45,Flat,93,TSSC,313.2,31.6,36.4,79.72,0.49,63.78,0.41,26.2,0.67
2024-11-01,14:00,Flat,93,TSSC,274.9,31.5,35.3,80.05,0.43,64.04,0.36,23.1,0.67
2024-11-01,14:15,Flat,93,TSSC,248.2,31.4,34.6,80.3,0.39,64.24,0.33,20.9,0.67
2024-11-01,14:30,Flat,93,TSSC,221.5,31.2,33.8,80.55,0.35,64.44,0.29,18.7,0.67
2024-11-01,14:45,Flat,93,TSSC,194.7,31.1,33.0,80.8,0.3,64.64,0.25,16.5,0.67
2024-11-01,15:00,Flat,93,TSSC,168.0,31.0,32.2,81.04,0.26,64.84,0.22,14.2,0.67
2024-11-01,15:15,Flat,93,TSSC,143.0,30.8,31.4,81.31,0.22,65.05,0.19,12.2,0.67
2024-11-01,15:30,Flat,93,TSSC,118.0,30.6,30.6,81.57,0.18,65.26,0.15,10.0,0.67
2024-11-01,15:45,Flat,93,TSSC,93.0,30.4,29.7,81.83,0.14,65.46,0.12,7.9,0.67
2024-11-01,16:00,Flat,93,TSSC,68.0,30.2,28.9,82.09,0.11,65.67,0.09,5.8,0.67
2024-11-01,16:15,Flat,93,TSSC,51.8,29.8,28.1,82.33,0.08,65.87,0.07,4.4,0.67
2024-11-01,16:30,Flat,93,TSSC,35.6,29.5,27.4,82.57,0.06,66.06,0.05,3.1,0.67
2024-11-01,16:45,Flat,93,TSSC,19.5,29.1,26.6,82.81,0.03,66.25,0.03,1.7,0.67
2024-11-02,05:15,Flat,93,TSSC,20.1,25.0,22.5,84.13,0.03,67.31,0.03,1.8,0.67
2024-11-02,05:30,Flat,93,TSSC,40.2,25.0,23.1,83.95,0.06,67.16,0.05,3.5,0.67
2024-11-02,05:45,Flat,93,TSSC,60.4,25.1,23.6,83.76,0.09,67.01,0.08,5.2,0.67
2024-11-02,06:00,Flat,93,TSSC,80.5,25.2,24.2,83.57,0.12,66.86,0.1,7.0,0.67
2024-11-02,06:15,Flat,93,TSSC,121.2,25.4,25.4,83.19,0.19,66.56,0.16,10.5,0.67
2024-11-02,06:30,Flat,93,TSSC,161.8,25.6,26.6,82.82,0.25,66.25,0.21,13.9,0.67
2024-11-02,06:45,Flat,93,TSSC,202.5,25.7,27.8,82.44,0.31,65.95,0.26,17.4,0.67
2024-11-02,07:00,Flat,93,TSSC,243.2,25.9,29.0,82.06,0.38,65.65,0.32,20.8,0.67
2024-11-02,07:15,Flat,93,TSSC,295.7,26.1,30.5,81.59,0.46,65.27,0.39,25.2,0.67
2024-11-02,07:30,Flat,93,TSSC,348.2,26.3,32.0,81.11,0.54,64.89,0.46,29.5,0.67
2024-11-02,07:45,Flat,93,TSSC,400.7,26.5,33.5,80.63,0.63,64.5,0.52,33.8,0.67
2024-11-02,08:00,Flat,93,TSSC,453.2,26.7,35.0,80.15,0.71,64.12,0.59,38.1,0.67
2024-11-02,08:15,Flat,93,TSSC,482.8,26.9,35.9,79.87,0.76,63.89,0.63,40.5,0.67
2024-11-02,08:30,Flat,93,TSSC,512.3,27.0,36.8,79.58,0.8,63.67,0.67,42.8,0.67
2024-11-02,08:45,Flat,93,TSSC,541.8,27.2,37.7,79.3,0.85,63.44,0.71,45.2,0.67
2024-11-02,09:00,Flat,93,TSSC,571.3,27.4,38.6,79.01,0.9,63.21,0.75,47.5,0.67
2024-11-02,09:15,Flat,93,TSSC,591.2,27.5,39.3,78.81,0.93,63.05,0.78,49.1,0.67
2024-11-02,09:30,Flat,93,TSSC,611.0,27.6,39.9,78.6,0.96,62.88,0.8,50.6,0.67
2024-11-02,09:45,Flat,93,TSSC,630.9,27.8,40.6,78.4,0.99,62.72,0.83,52.2,0.67
2024-11-02,10:00,Flat,93,TSSC,650.8,27.9,41.2,78.2,1.02,62.56,0.86,53.7,0.67
2024-11-02,10:15,Flat,93,TSSC,651.4,28.0,41.3,78.16,1.03,62.53,0.86,53.7,0.67
2024-11-02,10:30,Flat,93,TSSC,652.0,28.1,41.4,78.12,1.03,62.5,0.86,53.8,0.67
2024-11-02,10:45,Flat,93,TSSC,652.6,28.3,41.6,78.08,1.03,62.47,0.86,53.8,0.67
2024-11-02,11:00,Flat,93,TSSC,653.2,28.4,41.7,78.04,1.03,62.43,0.86,53.8,0.67
2024-11-02,11:15,Flat,93,TSSC,627.5,28.4,41.1,78.23,0.99,62.58,0.83,51.8,0.67
2024-11-02,11:30,Flat,93,TSSC,601.8,28.5,40.5,78.42,0.95,62.73,0.79,49.8,0.67
2024-11-02,11:45,Flat,93,TSSC,576.1,28.5,39.9,78.6,0.91,62.88,0.76,47.7,0.67
2024-11-02,12:00,Flat,93,TSSC,550.5,28.6,39.3,78.79,0.87,63.03,0.72,45.7,0.67
2024-11-02,12:15,Flat,93,TSSC,530.2,28.6,38.8,78.95,0.83,63.16,0.7,44.1,0.67
2024-11-02,12:30,Flat,93,TSSC,510.0,28.6,38.3,79.11,0.8,63.28,0.67,42.5,0.67
2024-11-02,12:45,Flat,93,TSSC,489.8,28.6,37.8,79.26,0.77,63.41,0.64,40.8,0.67
2024-11-02,13:00,Flat,93,TSSC,469.6,28.6,37.3,79.42,0.74,63.54,0.62,39.2,0.67
2024-11-02,13:15,Flat,93,TSSC,425.4,28.6,36.2,79.78,0.67,63.82,0.56,35.6,0.67
2024-11-02,13:30,Flat,93,TSSC,381.2,28.5,35.1,80.14,0.6,64.11,0.5,32.0,0.67
2024-11-02,13:45,Flat,93,TSSC,337.1,28.5,33.9,80.49,0.53,64.4,0.44,28.4,0.67
2024-11-02,14:00,Flat,93,TSSC,292.9,28.5,32.8,80.85,0.46,64.68,0.38,24.8,0.67
2024-11-02,14:15,Flat,93,TSSC,260.8,28.4,31.9,81.13,0.41,64.9,0.34,22.1,0.67
2024-11-02,14:30,Flat,93,TSSC,228.7,28.3,31.1,81.41,0.36,65.13,0.3,19.5,0.67
2024-11-02,14:45,Flat,93,TSSC,196.6,28.3,30.2,81.69,0.31,65.35,0.26,16.8,0.67
2024-11-02,15:00,Flat,93,TSSC,164.6,28.2,29.3,81.97,0.26,65.57,0.21,14.1,0.67
2024-11-02,15:15,Flat,93,TSSC,141.1,28.0,28.6,82.2,0.22,65.76,0.18,12.1,0.67
2024-11-02,15:30,Flat,93,TSSC,117.7,27.9,27.8,82.43,0.18,65.95,0.15,10.1,0.67
2024-11-02,15:45,Flat,93,TSSC,94.2,27.7,27.1,82.67,0.15,66.14,0.12,8.1,0.67
2024-11-02,16:00,Flat,93,TSSC,70.8,27.6,26.3,82.9,0.11,66.32,0.09,6.1,0.67
2024-11-02,16:15,Flat,93,TSSC,54.1,27.3,25.6,83.13,0.08,66.5,0.07,4.7,0.67
2024-11-02,16:30,Flat,93,TSSC,37.4,27.0,24.9,83.35,0.06,66.68,0.05,3.2,0.67
2024-11-02,16:45,Flat,93,TSSC,20.7,26.7,24.2,83.57,0.03,66.86,0.03,1.8,0.67
2024-11-03,05:15,Flat,93,TSSC,24.3,24.2,21.8,84.34,0.04,67.47,0.03,2.1,0.67
2024-11-03,05:30,Flat,93,TSSC,48.5,24.3,22.5,84.11,0.08,67.29,0.06,4.2,0.67
2024-11-03,05:45,Flat,93,TSSC,72.8,24.4,23.3,83.88,0.11,67.1,0.09,6.3,0.67
2024-11-03,06:00,Flat,93,TSSC,97.0,24.6,24.0,83.65,0.15,66.92,0.13,8.4,0.67
2024-11-03,06:15,Flat,93,TSSC,142.4,24.9,25.5,83.18,0.22,66.55,0.18,12.3,0.67
2024-11-03,06:30,Flat,93,TSSC,187.8,25.2,26.9,82.72,0.29,66.18,0.24,16.2,0.67
2024-11-03,06:45,Flat,93,TSSC,233.1,25.6,28.4,82.26,0.36,65.8,0.3,20.0,0.67
2024-11-03,07:00,Flat,93,TSSC,278.4,25.9,29.9,81.79,0.43,65.43,0.36,23.8,0.67
2024-11-03,07:15,Flat,93,TSSC,329.1,26.1,31.4,81.31,0.51,65.05,0.43,28.0,0.67
2024-11-03,07:30,Flat,93,TSSC,379.7,26.4,32.9,80.83,0.59,64.67,0.5,32.1,0.67
2024-11-03,07:45,Flat,93,TSSC,430.3,26.6,34.4,80.35,0.67,64.28,0.56,36.2,0.67
2024-11-03,08:00,Flat,93,TSSC,480.9,26.9,35.9,79.87,0.75,63.9,0.63,40.3,0.67
2024-11-03,08:15,Flat,93,TSSC,510.9,27.1,36.9,79.57,0.8,63.66,0.67,42.7,0.67
2024-11-03,08:30,Flat,93,TSSC,540.8,27.3,37.8,79.27,0.85,63.41,0.71,45.1,0.67
2024-11-03,08:45,Flat,93,TSSC,570.7,27.5,38.8,78.96,0.9,63.17,0.75,47.4,0.67
2024-11-03,09:00,Flat,93,TSSC,600.6,27.7,39.7,78.66,0.94,62.93,0.79,49.8,0.67
2024-11-03,09:15,Flat,93,TSSC,620.2,27.9,40.4,78.45,0.98,62.76,0.82,51.3,0.67
2024-11-03,09:30,Flat,93,TSSC,639.8,28.1,41.0,78.25,1.01,62.6,0.84,52.8,0.67
2024-11-03,09:45,Flat,93,TSSC,659.4,28.2,41.7,78.04,1.04,62.43,0.87,54.3,0.67
2024-11-03,10:00,Flat,93,TSSC,678.9,28.4,42.3,77.84,1.07,62.27,0.9,55.8,0.67
2024-11-03,10:15,Flat,93,TSSC,669.1,28.4,42.2,77.89,1.05,62.31,0.88,55.0,0.67
2024-11-03,10:30,Flat,93,TSSC,659.3,28.5,42.0,77.95,1.04,62.36,0.87,54.3,0.67
2024-11-03,10:45,Flat,93,TSSC,649.5,28.6,41.8,78.0,1.02,62.4,0.86,53.5,0.67
2024-11-03,11:00,Flat,93,TSSC,639.6,28.7,41.7,78.06,1.01,62.44,0.84,52.7,0.67
2024-11-03,11:15,Flat,93,TSSC,631.9,28.7,41.5,78.12,1.0,62.49,0.83,52.1,0.67
2024-11-03,11:30,Flat,93,TSSC,624.1,28.7,41.3,78.18,0.98,62.54,0.82,51.5,0.67
2024-11-03,11:45,Flat,93,TSSC,616.3,28.7,41.1,78.24,0.97,62.59,0.81,50.9,0.67
2024-11-03,12:00,Flat,93,TSSC,608.5,28.7,40.9,78.3,0.96,62.64,0.8,50.3,0.67
2024-11-03,12:15,Flat,93,TSSC,578.8,28.6,40.1,78.54,0.91,62.83,0.76,47.9,0.67
2024-11-03,12:30,Flat,93,TSSC,549.0,28.6,39.3,78.79,0.86,63.03,0.72,45.6,0.67
2024-11-03,12:45,Flat,93,TSSC,519.3,28.6,38.6,79.04,0.82,63.23,0.68,43.2,0.67
2024-11-03,13:00,Flat,93,TSSC,489.6,28.5,37.8,79.28,0.77,63.43,0.64,40.8,0.67
2024-11-03,13:15,Flat,93,TSSC,466.3,28.5,37.1,79.48,0.73,63.59,0.61,39.0,0.67
2024-11-03,13:30,Flat,93,TSSC,443.1,28.4,36.5,79.68,0.69,63.74,0.58,37.1,0.67
2024-11-03,13:45,Flat,93,TSSC,419.9,28.4,35.9,79.88,0.66,63.9,0.55,35.2,0.67
2024-11-03,14:00,Flat,93,TSSC,396.7,28.3,35.3,80.08,0.62,64.06,0.52,33.3,0.67
2024-11-03,14:15,Flat,93,TSSC,357.3,28.3,34.2,80.42,0.56,64.33,0.47,30.1,0.67
2024-11-03,14:30,Flat,93,TSSC,318.0,28.2,33.1,80.75,0.5,64.6,0.42,26.9,0.67
2024-11-03,14:45,Flat,93,TSSC,278.7,28.1,32.1,81.09,0.43,64.87,0.36,23.6,0.67
2024-11-03,15:00,Flat,93,TSSC,239.3,28.0,31.0,81.43,0.37,65.14,0.31,20.4,0.67
2024-11-03,15:15,Flat,93,TSSC,201.4,27.9,29.9,81.76,0.31,65.41,0.26,17.2,0.67
2024-11-03,15:30,Flat,93,TSSC,163.5,27.8,28.9,82.1,0.25,65.68,0.21,14.0,0.67
2024-11-03,15:45,Flat,93,TSSC,125.6,27.7,27.8,82.44,0.2,65.95,0.16,10.8,0.67
2024-11-03,16:00,Flat,93,TSSC,87.7,27.6,26.7,82.78,0.14,66.22,0.11,7.6,0.67
2024-11-03,16:15,Flat,93,TSSC,67.0,27.3,26.0,83.02,0.1,66.41,0.09,5.8,0.67
2024-11-03,16:30,Flat,93,TSSC,46.3,27.1,25.2,83.25,0.07,66.6,0.06,4.0,0.67
2024-11-03,16:45,Flat,93,TSSC,25.6,26.8,24.5,83.49,0.04,66.79,0.03,2.2,0.67
2024-11-04,05:15,Flat,93,TSSC,26.9,23.5,21.2,84.55,0.04,67.64,0.03,2.3,0.67
2024-11-04,05:30,Flat,93,TSSC,53.7,23.7,22.1,84.26,0.08,67.41,0.07,4.7,0.67
2024-11-04,05:45,Flat,93,TSSC,80.6,24.0,23.0,83.97,0.12,67.18,0.1,7.0,0.67
2024-11-04,06:00,Flat,93,TSSC,107.5,24.2,23.9,83.68,0.17,66.95,0.14,9.3,0.67
2024-11-04,06:15,Flat,93,TSSC,156.9,24.6,25.5,83.17,0.24,66.54,0.2,13.6,0.67
2024-11-04,06:30,Flat,93,TSSC,206.4,24.9,27.1,82.66,0.32,66.13,0.27,17.7,0.67
2024-11-04,06:45,Flat,93,TSSC,255.8,25.3,28.7,82.15,0.4,65.72,0.33,21.9,0.67
2024-11-04,07:00,Flat,93,TSSC,305.2,25.7,30.3,81.64,0.48,65.31,0.4,26.0,0.67
2024-11-04,07:15,Flat,93,TSSC,357.1,26.1,32.0,81.11,0.56,64.89,0.47,30.3,0.67
2024-11-04,07:30,Flat,93,TSSC,408.9,26.5,33.7,80.58,0.64,64.46,0.54,34.5,0.67
2024-11-04,07:45,Flat,93,TSSC,460.7,26.9,35.4,80.04,0.72,64.03,0.6,38.7,0.67
2024-11-04,08:00,Flat,93,TSSC,512.5,27.2,37.1,79.51,0.8,63.61,0.67,42.8,0.67
2024-11-04,08:15,Flat,93,TSSC,554.2,27.6,38.4,79.07,0.87,63.26,0.73,46.1,0.67
2024-11-04,08:30,Flat,93,TSSC,595.9,27.9,39.8,78.63,0.94,62.91,0.78,49.4,0.67
2024-11-04,08:45,Flat,93,TSSC,637.5,28.3,41.2,78.2,1.0,62.56,0.84,52.6,0.67
2024-11-04,09:00,Flat,93,TSSC,679.2,28.6,42.6,77.76,1.07,62.21,0.9,55.8,0.67
2024-11-04,09:15,Flat,93,TSSC,677.0,28.9,42.8,77.7,1.07,62.16,0.89,55.6,0.67
2024-11-04,09:30,Flat,93,TSSC,674.9,29.1,43.0,77.64,1.06,62.11,0.89,55.4,0.67
2024-11-04,09:45,Flat,93,TSSC,672.7,29.3,43.2,77.58,1.06,62.06,0.89,55.2,0.67
2024-11-04,10:00,Flat,93,TSSC,670.5,29.6,43.3,77.52,1.06,62.02,0.89,55.0,0.67
2024-11-04,10:15,Flat,93,TSSC,698.1,29.7,44.2,77.26,1.1,61.81,0.92,57.1,0.67
2024-11-04,10:30,Flat,93,TSSC,725.8,29.8,45.0,77.0,1.15,61.6,0.96,59.2,0.67
2024-11-04,10:45,Flat,93,TSSC,753.4,30.0,45.8,76.74,1.19,61.39,1.0,61.3,0.67
2024-11-04,11:00,Flat,93,TSSC,781.1,30.1,46.6,76.48,1.24,61.18,1.04,63.4,0.67
2024-11-04,11:15,Flat,93,TSSC,724.6,30.2,45.3,76.9,1.15,61.52,0.96,59.0,0.67
2024-11-04,11:30,Flat,93,TSSC,668.1,30.2,43.9,77.33,1.06,61.86,0.88,54.7,0.67
2024-11-04,11:45,Flat,93,TSSC,611.7,30.3,42.6,77.75,0.96,62.2,0.81,50.3,0.67
2024-11-04,12:00,Flat,93,TSSC,555.2,30.4,41.3,78.18,0.87,62.54,0.73,45.8,0.67
2024-11-04,12:15,Flat,93,TSSC,513.9,30.4,40.2,78.5,0.81,62.8,0.68,42.5,0.67
2024-11-04,12:30,Flat,93,TSSC,472.6,30.4,39.2,78.82,0.74,63.06,0.62,39.2,0.67
2024-11-04,12:45,Flat,93,TSSC,431.3,30.4,38.2,79.14,0.68,63.31,0.57,35.9,0.67
2024-11-04,13:00,Flat,93,TSSC,390.0,30.4,37.2,79.47,0.61,63.57,0.51,32.6,0.67
2024-11-04,13:15,Flat,93,TSSC,352.0,30.4,36.2,79.78,0.55,63.83,0.46,29.5,0.67
2024-11-04,13:30,Flat,93,TSSC,314.0,30.3,35.2,80.1,0.49,64.08,0.41,26.4,0.67
2024-11-04,13:45,Flat,93,TSSC,276.0,30.3,34.2,80.42,0.43,64.34,0.36,23.3,0.67
2024-11-04,14:00,Flat,93,TSSC,238.0,30.2,33.2,80.74,0.37,64.59,0.31,20.1,0.67
2024-11-04,14:15,Flat,93,TSSC,214.3,30.1,32.5,80.96,0.33,64.77,0.28,18.2,0.67
2024-11-04,14:30,Flat,93,TSSC,190.6,30.0,31.8,81.19,0.3,64.95,0.25,16.2,0.67
2024-11-04,14:45,Flat,93,TSSC,167.0,29.9,31.1,81.41,0.26,65.13,0.22,14.2,0.67
2024-11-04,15:00,Flat,93,TSSC,143.3,29.8,30.3,81.64,0.22,65.31,0.19,12.2,0.67
2024-11-04,15:15,Flat,93,TSSC,122.9,29.5,29.6,81.87,0.19,65.5,0.16,10.5,0.67
2024-11-04,15:30,Flat,93,TSSC,102.6,29.3,28.9,82.11,0.16,65.69,0.13,8.8,0.67
2024-11-04,15:45,Flat,93,TSSC,82.2,29.1,28.1,82.34,0.13,65.87,0.11,7.1,0.67
2024-11-04,16:00,Flat,93,TSSC,61.9,28.8,27.4,82.58,0.1,66.06,0.08,5.3,0.67
2024-11-04,16:15,Flat,93,TSSC,47.3,28.4,26.6,82.82,0.07,66.26,0.06,4.1,0.67
2024-11-04,16:30,Flat,93,TSSC,32.8,28.0,25.8,83.07,0.05,66.45,0.04,2.8,0.67
2024-11-04,16:45,Flat,93,TSSC,18.2,27.6,25.1,83.31,0.03,66.65,0.02,1.6,0.67
2024-11-05,05:15,Flat,93,TSSC,26.2,23.4,21.0,84.59,0.04,67.67,0.03,2.3,0.67
2024-11-05,05:30,Flat,93,TSSC,52.3,23.5,21.8,84.34,0.08,67.47,0.07,4.6,0.67
2024-11-05,05:45,Flat,93,TSSC,78.5,23.6,22.6,84.09,0.12,67.27,0.1,6.8,0.67
2024-11-05,06:00,Flat,93,TSSC,104.7,23.8,23.4,83.84,0.16,67.07,0.14,9.1,0.67
2024-11-05,06:15,Flat,93,TSSC,156.6,24.1,25.0,83.33,0.24,66.67,0.2,13.5,0.67
2024-11-05,06:30,Flat,93,TSSC,208.5,24.4,26.6,82.83,0.32,66.26,0.27,18.0,0.67
2024-11-05,06:45,Flat,93,TSSC,260.3,24.7,28.2,82.33,0.4,65.86,0.34,22.3,0.67
2024-11-05,07:00,Flat,93,TSSC,312.2,24.9,29.7,81.83,0.49,65.46,0.41,26.7,0.67
2024-11-05,07:15,Flat,93,TSSC,366.5,25.4,31.5,81.26,0.57,65.01,0.48,31.1,0.67
2024-11-05,07:30,Flat,93,TSSC,420.7,25.8,33.3,80.69,0.66,64.55,0.55,35.5,0.67
2024-11-05,07:45,Flat,93,TSSC,474.9,26.3,35.1,80.12,0.74,64.1,0.62,39.9,0.67
2024-11-05,08:00,Flat,93,TSSC,529.1,26.7,36.9,79.55,0.83,63.64,0.7,44.2,0.67
2024-11-05,08:15,Flat,93,TSSC,573.4,27.1,38.4,79.08,0.9,63.26,0.75,47.7,0.67
2024-11-05,08:30,Flat,93,TSSC,617.6,27.5,39.9,78.6,0.97,62.88,0.81,51.2,0.67
2024-11-05,08:45,Flat,93,TSSC,661.9,27.9,41.4,78.13,1.04,62.5,0.87,54.6,0.67
2024-11-05,09:00,Flat,93,TSSC,706.1,28.3,42.9,77.66,1.11,62.12,0.93,58.0,0.67
2024-11-05,09:15,Flat,93,TSSC,735.9,28.6,43.9,77.33,1.16,61.86,0.97,60.2,0.67
2024-11-05,09:30,Flat,93,TSSC,765.8,28.8,45.0,77.0,1.21,61.6,1.01,62.4,0.67
2024-11-05,09:45,Flat,93,TSSC,795.6,29.1,46.0,76.67,1.26,61.34,1.05,64.7,0.67
2024-11-05,10:00,Flat,93,TSSC,825.4,29.4,47.1,76.34,1.31,61.08,1.09,66.9,0.67
2024-11-05,10:15,Flat,93,TSSC,831.8,29.6,47.4,76.23,1.32,60.98,1.1,67.3,0.67
2024-11-05,10:30,Flat,93,TSSC,838.2,29.8,47.8,76.11,1.33,60.89,1.11,67.8,0.67
2024-11-05,10:45,Flat,93,TSSC,844.7,30.0,48.2,76.0,1.34,60.8,1.12,68.2,0.67
2024-11-05,11:00,Flat,93,TSSC,851.1,30.2,48.5,75.88,1.35,60.71,1.13,68.6,0.67
2024-11-05,11:15,Flat,93,TSSC,847.8,30.4,48.6,75.87,1.34,60.69,1.13,68.4,0.67
2024-11-05,11:30,Flat,93,TSSC,844.6,30.5,48.6,75.85,1.34,60.68,1.12,68.1,0.67
2024-11-05,11:45,Flat,93,TSSC,841.3,30.6,48.7,75.83,1.33,60.67,1.12,67.8,0.67
2024-11-05,12:00,Flat,93,TSSC,838.1,30.8,48.7,75.82,1.33,60.65,1.11,67.5,0.67
2024-11-05,12:15,Flat,93,TSSC,786.5,30.8,47.5,76.21,1.25,60.97,1.04,63.6,0.67
2024-11-05,12:30,Flat,93,TSSC,734.9,30.9,46.2,76.61,1.16,61.28,0.97,59.7,0.67
2024-11-05,12:45,Flat,93,TSSC,683.3,30.9,45.0,77.0,1.08,61.6,0.9,55.7,0.67
2024-11-05,13:00,Flat,93,TSSC,631.7,30.9,43.7,77.39,1.0,61.91,0.84,51.7,0.67
2024-11-05,13:15,Flat,93,TSSC,609.5,30.9,43.1,77.59,0.96,62.07,0.81,50.0,0.67
2024-11-05,13:30,Flat,93,TSSC,587.3,30.9,42.5,77.78,0.93,62.22,0.78,48.3,0.67
2024-11-05,13:45,Flat,93,TSSC,565.1,30.8,41.9,77.97,0.89,62.37,0.75,46.5,0.67
2024-11-05,14:00,Flat,93,TSSC,542.9,30.8,41.3,78.16,0.86,62.53,0.72,44.8,0.67
2024-11-05,14:15,Flat,93,TSSC,493.0,30.6,40.0,78.59,0.78,62.87,0.65,40.8,0.67
2024-11-05,14:30,Flat,93,TSSC,443.2,30.5,38.6,79.02,0.7,63.22,0.58,36.9,0.67
2024-11-05,14:45,Flat,93,TSSC,393.3,30.4,37.2,79.45,0.62,63.56,0.52,32.8,0.67
2024-11-05,15:00,Flat,93,TSSC,343.4,30.3,35.9,79.88,0.54,63.9,0.45,28.8,0.67
2024-11-05,15:15,Flat,93,TSSC,289.0,30.1,34.3,80.39,0.45,64.31,0.38,24.3,0.67
2024-11-05,15:30,Flat,93,TSSC,234.6,29.8,32.7,80.9,0.37,64.72,0.31,19.9,0.67
2024-11-05,15:45,Flat,93,TSSC,180.1,29.6,31.1,81.4,0.28,65.12,0.24,15.3,0.67
2024-11-05,16:00,Flat,93,TSSC,125.7,29.3,29.5,81.91,0.2,65.53,0.16,10.7,0.67
2024-11-05,16:15,Flat,93,TSSC,95.6,28.9,28.2,82.3,0.15,65.84,0.12,8.2,0.67
2024-11-05,16:30,Flat,93,TSSC,65.5,28.4,27.0,82.69,0.1,66.15,0.09,5.6,0.67
2024-11-05,16:45,Flat,93,TSSC,35.4,27.9,25.8,83.08,0.05,66.46,0.05,3.1,0.67
2024-11-05,17:00,Flat,93,TSSC,5.4,27.4,24.6,83.47,0.01,66.77,0.01,0.5,0.67
2024-11-06,05:15,Flat,93,TSSC,25.8,23.1,20.7,84.69,0.04,67.75,0.03,2.3,0.67
2024-11-06,05:30,Flat,93,TSSC,51.6,23.3,21.6,84.42,0.08,67.54,0.07,4.5,0.67
2024-11-06,05:45,Flat,93,TSSC,77.4,23.5,22.4,84.15,0.12,67.32,0.1,6.7,0.67
2024-11-06,06:00,Flat,93,TSSC,103.2,23.7,23.3,83.88,0.16,67.1,0.13,9.0,0.67
2024-11-06,06:15,Flat,93,TSSC,153.4,24.2,25.0,83.32,0.24,66.66,0.2,13.3,0.67
2024-11-06,06:30,Flat,93,TSSC,203.5,24.7,26.8,82.77,0.32,66.21,0.26,17.5,0.67
2024-11-06,06:45,Flat,93,TSSC,253.7,25.2,28.5,82.21,0.39,65.77,0.33,21.7,0.67
2024-11-06,07:00,Flat,93,TSSC,303.9,25.7,30.3,81.66,0.47,65.33,0.4,25.9,0.67
2024-11-06,07:15,Flat,93,TSSC,356.4,26.3,32.2,81.05,0.56,64.84,0.47,30.2,0.67
2024-11-06,07:30,Flat,93,TSSC,409.0,26.9,34.1,80.44,0.64,64.35,0.54,34.5,0.67
2024-11-06,07:45,Flat,93,TSSC,461.5,27.5,36.0,79.83,0.72,63.87,0.61,38.7,0.67
2024-11-06,08:00,Flat,93,TSSC,514.0,28.1,38.0,79.23,0.81,63.38,0.68,42.8,0.67
2024-11-06,08:15,Flat,93,TSSC,558.1,28.5,39.4,78.76,0.88,63.01,0.73,46.3,0.67
2024-11-06,08:30,Flat,93,TSSC,602.1,28.9,40.9,78.29,0.95,62.63,0.79,49.7,0.67
2024-11-06,08:45,Flat,93,TSSC,646.2,29.2,42.4,77.82,1.02,62.25,0.85,53.1,0.67
2024-11-06,09:00,Flat,93,TSSC,690.2,29.6,43.9,77.35,1.09,61.88,0.91,56.5,0.67
2024-11-06,09:15,Flat,93,TSSC,704.1,29.9,44.5,77.16,1.11,61.72,0.93,57.5,0.67
2024-11-06,09:30,Flat,93,TSSC,718.1,30.1,45.1,76.96,1.14,61.57,0.95,58.5,0.67
2024-11-06,09:45,Flat,93,TSSC,732.0,30.4,45.7,76.77,1.16,61.42,0.97,59.6,0.67
2024-11-06,10:00,Flat,93,TSSC,745.9,30.7,46.3,76.58,1.18,61.26,0.99,60.6,0.67
2024-11-06,10:15,Flat,93,TSSC,740.2,30.9,46.4,76.56,1.17,61.25,0.98,60.1,0.67
2024-11-06,10:30,Flat,93,TSSC,734.6,31.0,46.4,76.55,1.16,61.24,0.97,59.6,0.67
2024-11-06,10:45,Flat,93,TSSC,728.9,31.2,46.4,76.54,1.15,61.23,0.97,59.2,0.67
2024-11-06,11:00,Flat,93,TSSC,723.3,31.4,46.5,76.53,1.15,61.22,0.96,58.7,0.67
2024-11-06,11:15,Flat,93,TSSC,710.6,31.5,46.3,76.6,1.12,61.28,0.94,57.7,0.67
2024-11-06,11:30,Flat,93,TSSC,697.9,31.6,46.0,76.67,1.1,61.34,0.92,56.7,0.67
2024-11-06,11:45,Flat,93,TSSC,685.2,31.7,45.8,76.74,1.08,61.39,0.91,55.7,0.67
2024-11-06,12:00,Flat,93,TSSC,672.5,31.8,45.6,76.81,1.06,61.45,0.89,54.7,0.67
2024-11-06,12:15,Flat,93,TSSC,641.3,31.8,44.8,77.05,1.01,61.64,0.85,52.3,0.67
2024-11-06,12:30,Flat,93,TSSC,610.0,31.8,44.1,77.3,0.96,61.84,0.81,49.9,0.67
2024-11-06,12:45,Flat,93,TSSC,578.8,31.8,43.3,77.54,0.91,62.03,0.76,47.5,0.67
2024-11-06,13:00,Flat,93,TSSC,547.5,31.8,42.5,77.78,0.86,62.22,0.72,45.0,0.67
2024-11-06,13:15,Flat,93,TSSC,510.7,31.8,41.5,78.09,0.8,62.47,0.67,42.1,0.67
2024-11-06,13:30,Flat,93,TSSC,473.9,31.7,40.6,78.4,0.75,62.72,0.62,39.2,0.67
2024-11-06,13:45,Flat,93,TSSC,437.1,31.6,39.6,78.71,0.69,62.97,0.58,36.2,0.67
2024-11-06,14:00,Flat,93,TSSC,400.3,31.6,38.6,79.03,0.63,63.22,0.53,33.3,0.67
2024-11-06,14:15,Flat,93,TSSC,358.5,31.5,37.4,79.39,0.56,63.51,0.47,29.9,0.67
2024-11-06,14:30,Flat,93,TSSC,316.6,31.4,36.3,79.76,0.5,63.81,0.42,26.5,0.67
2024-11-06,14:45,Flat,93,TSSC,274.8,31.2,35.1,80.12,0.43,64.1,0.36,23.1,0.67
2024-11-06,15:00,Flat,93,TSSC,233.0,31.1,34.0,80.49,0.36,64.39,0.31,19.6,0.67
2024-11-06,15:15,Flat,93,TSSC,194.2,30.9,32.8,80.87,0.3,64.7,0.25,16.4,0.67
2024-11-06,15:30,Flat,93,TSSC,155.4,30.7,31.5,81.26,0.24,65.01,0.2,13.2,0.67
2024-11-06,15:45,Flat,93,TSSC,116.7,30.4,30.3,81.64,0.18,65.31,0.15,9.9,0.67
2024-11-06,16:00,Flat,93,TSSC,77.9,30.2,29.1,82.02,0.12,65.62,0.1,6.7,0.67
2024-11-06,16:15,Flat,93,TSSC,59.3,29.7,28.2,82.32,0.09,65.85,0.08,5.1,0.67
2024-11-06,16:30,Flat,93,TSSC,40.8,29.2,27.3,82.61,0.06,66.09,0.05,3.5,0.67
2024-11-06,16:45,Flat,93,TSSC,22.3,28.8,26.3,82.9,0.03,66.32,0.03,1.9,0.67
2024-11-07,05:15,Flat,93,TSSC,19.1,23.2,20.7,84.69,0.03,67.75,0.02,1.7,0.67
2024-11-07,05:30,Flat,93,TSSC,38.2,23.5,21.4,84.47,0.06,67.57,0.05,3.3,0.67
2024-11-07,05:45,Flat,93,TSSC,57.3,23.7,22.1,84.25,0.09,67.4,0.07,5.0,0.67
2024-11-07,06:00,Flat,93,TSSC,76.4,23.9,22.8,84.02,0.12,67.22,0.1,6.6,0.67
2024-11-07,06:15,Flat,93,TSSC,115.1,24.3,24.2,83.58,0.18,66.87,0.15,10.0,0.67
2024-11-07,06:30,Flat,93,TSSC,153.8,24.7,25.6,83.14,0.24,66.51,0.2,13.3,0.67
2024-11-07,06:45,Flat,93,TSSC,192.6,25.2,27.0,82.7,0.3,66.16,0.25,16.6,0.67
2024-11-07,07:00,Flat,93,TSSC,231.3,25.6,28.4,82.26,0.36,65.81,0.3,19.8,0.67
2024-11-07,07:15,Flat,93,TSSC,275.4,26.1,30.0,81.74,0.43,65.39,0.36,23.5,0.67
2024-11-07,07:30,Flat,93,TSSC,319.6,26.7,31.6,81.22,0.5,64.98,0.42,27.1,0.67
2024-11-07,07:45,Flat,93,TSSC,363.7,27.2,33.3,80.71,0.57,64.57,0.48,30.7,0.67
2024-11-07,08:00,Flat,93,TSSC,407.8,27.7,34.9,80.19,0.64,64.15,0.53,34.3,0.67
2024-11-07,08:15,Flat,93,TSSC,446.3,28.0,36.2,79.79,0.7,63.84,0.59,37.4,0.67
2024-11-07,08:30,Flat,93,TSSC,484.8,28.3,37.4,79.4,0.76,63.52,0.64,40.5,0.67
2024-11-07,08:45,Flat,93,TSSC,523.3,28.6,38.7,79.0,0.82,63.2,0.69,43.5,0.67
2024-11-07,09:00,Flat,93,TSSC,561.9,28.9,39.9,78.6,0.88,62.88,0.74,46.5,0.67
2024-11-07,09:15,Flat,93,TSSC,584.6,29.0,40.6,78.38,0.92,62.7,0.77,48.3,0.67
2024-11-07,09:30,Flat,93,TSSC,607.4,29.1,41.3,78.16,0.96,62.53,0.8,50.1,0.67
2024-11-07,09:45,Flat,93,TSSC,630.1,29.3,42.0,77.93,0.99,62.35,0.83,51.9,0.67
2024-11-07,10:00,Flat,93,TSSC,652.9,29.4,42.7,77.71,1.03,62.17,0.86,53.6,0.67
2024-11-07,10:15,Flat,93,TSSC,663.5,29.5,43.1,77.6,1.05,62.08,0.88,54.4,0.67
2024-11-07,10:30,Flat,93,TSSC,674.1,29.6,43.5,77.48,1.06,61.99,0.89,55.2,0.67
2024-11-07,10:45,Flat,93,TSSC,684.7,29.7,43.8,77.37,1.08,61.89,0.91,56.0,0.67
2024-11-07,11:00,Flat,93,TSSC,695.3,29.8,44.2,77.25,1.1,61.8,0.92,56.8,0.67
2024-11-07,11:15,Flat,93,TSSC,689.4,29.8,44.1,77.29,1.09,61.83,0.91,56.4,0.67
2024-11-07,11:30,Flat,93,TSSC,683.5,29.9,44.0,77.33,1.08,61.86,0.9,55.9,0.67
2024-11-07,11:45,Flat,93,TSSC,677.6,29.9,43.8,77.36,1.07,61.89,0.9,55.5,0.67
2024-11-07,12:00,Flat,93,TSSC,671.7,29.9,43.7,77.4,1.06,61.92,0.89,55.0,0.67
2024-11-07,12:15,Flat,93,TSSC,636.4,29.9,42.8,77.68,1.0,62.14,0.84,52.2,0.67
2024-11-07,12:30,Flat,93,TSSC,601.1,29.9,42.0,77.96,0.95,62.37,0.79,49.5,0.67
2024-11-07,12:45,Flat,93,TSSC,565.8,29.9,41.1,78.24,0.89,62.59,0.75,46.7,0.67
2024-11-07,13:00,Flat,93,TSSC,530.5,29.9,40.2,78.52,0.83,62.82,0.7,43.9,0.67
2024-11-07,13:15,Flat,93,TSSC,500.9,29.9,39.4,78.77,0.79,63.02,0.66,41.6,0.67
2024-11-07,13:30,Flat,93,TSSC,471.2,29.8,38.6,79.02,0.74,63.22,0.62,39.2,0.67
2024-11-07,13:45,Flat,93,TSSC,441.6,29.8,37.8,79.27,0.69,63.42,0.58,36.8,0.67
2024-11-07,14:00,Flat,93,TSSC,411.9,29.7,37.0,79.52,0.65,63.62,0.54,34.4,0.67
2024-11-07,14:15,Flat,93,TSSC,369.2,29.6,35.8,79.9,0.58,63.92,0.48,31.0,0.67
2024-11-07,14:30,Flat,93,TSSC,326.5,29.5,34.7,80.27,0.51,64.21,0.43,27.5,0.67
2024-11-07,14:45,Flat,93,TSSC,283.8,29.4,33.5,80.64,0.44,64.51,0.37,24.0,0.67
2024-11-07,15:00,Flat,93,TSSC,241.1,29.3,32.3,81.01,0.38,64.81,0.32,20.4,0.67
2024-11-07,15:15,Flat,93,TSSC,201.2,29.1,31.1,81.39,0.31,65.11,0.26,17.1,0.67
2024-11-07,15:30,Flat,93,TSSC,161.2,28.9,29.9,81.77,0.25,65.41,0.21,13.8,0.67
2024-11-07,15:45,Flat,93,TSSC,121.3,28.7,28.7,82.14,0.19,65.71,0.16,10.4,0.67
2024-11-07,16:00,Flat,93,TSSC,81.4,28.5,27.6,82.52,0.13,66.02,0.11,7.0,0.67
2024-11-07,16:15,Flat,93,TSSC,62.1,28.2,26.7,82.78,0.1,66.23,0.08,5.3,0.67
2024-11-07,16:30,Flat,93,TSSC,42.8,27.8,25.9,83.05,0.07,66.44,0.06,3.7,0.67
2024-11-07,16:45,Flat,93,TSSC,23.4,27.5,25.1,83.31,0.04,66.65,0.03,2.0,0.67
2024-11-08,05:15,Flat,93,TSSC,19.7,24.2,21.7,84.38,0.03,67.5,0.03,1.7,0.67
2024-11-08,05:30,Flat,93,TSSC,39.5,24.3,22.3,84.17,0.06,67.34,0.05,3.4,0.67
2024-11-08,05:45,Flat,93,TSSC,59.2,24.5,23.0,83.97,0.09,67.18,0.08,5.2,0.67
2024-11-08,06:00,Flat,93,TSSC,79.0,24.6,23.6,83.77,0.12,67.01,0.1,6.9,0.67
2024-11-08,06:15,Flat,93,TSSC,124.4,25.0,25.1,83.31,0.19,66.65,0.16,10.8,0.67
2024-11-08,06:30,Flat,93,TSSC,169.8,25.3,26.5,82.85,0.26,66.28,0.22,14.6,0.67
2024-11-08,06:45,Flat,93,TSSC,215.2,25.6,28.0,82.39,0.33,65.91,0.28,18.5,0.67
2024-11-08,07:00,Flat,93,TSSC,260.6,25.9,29.4,81.93,0.41,65.55,0.34,22.3,0.67
2024-11-08,07:15,Flat,93,TSSC,311.4,26.2,31.0,81.43,0.49,65.14,0.41,26.5,0.67
2024-11-08,07:30,Flat,93,TSSC,362.1,26.5,32.6,80.93,0.57,64.74,0.47,30.7,0.67
2024-11-08,07:45,Flat,93,TSSC,412.8,26.8,34.2,80.43,0.65,64.34,0.54,34.8,0.67
2024-11-08,08:00,Flat,93,TSSC,463.5,27.2,35.7,79.92,0.73,63.94,0.61,38.9,0.67
2024-11-08,08:15,Flat,93,TSSC,495.0,27.4,36.8,79.59,0.78,63.67,0.65,41.4,0.67
2024-11-08,08:30,Flat,93,TSSC,526.5,27.7,37.8,79.26,0.83,63.41,0.69,43.9,0.67
2024-11-08,08:45,Flat,93,TSSC,558.0,27.9,38.9,78.93,0.88,63.14,0.73,46.4,0.67
2024-11-08,09:00,Flat,93,TSSC,589.5,28.2,39.9,78.6,0.93,62.88,0.78,48.8,0.67
2024-11-08,09:15,Flat,93,TSSC,568.1,28.4,39.6,78.7,0.89,62.96,0.75,47.1,0.67
2024-11-08,09:30,Flat,93,TSSC,546.8,28.6,39.3,78.81,0.86,63.05,0.72,45.4,0.67
2024-11-08,09:45,Flat,93,TSSC,525.4,28.8,38.9,78.92,0.83,63.14,0.69,43.7,0.67
2024-11-08,10:00,Flat,93,TSSC,504.1,29.0,38.6,79.03,0.79,63.22,0.66,41.9,0.67
2024-11-08,10:15,Flat,93,TSSC,516.8,29.1,39.0,78.89,0.81,63.11,0.68,42.9,0.67
2024-11-08,10:30,Flat,93,TSSC,529.6,29.2,39.4,78.76,0.83,63.01,0.7,43.9,0.67
2024-11-08,10:45,Flat,93,TSSC,542.3,29.3,39.9,78.62,0.85,62.9,0.71,44.9,0.67
2024-11-08,11:00,Flat,93,TSSC,555.1,29.4,40.3,78.49,0.87,62.79,0.73,45.9,0.67
2024-11-08,11:15,Flat,93,TSSC,532.8,29.5,39.8,78.65,0.84,62.92,0.7,44.2,0.67
2024-11-08,11:30,Flat,93,TSSC,510.6,29.5,39.3,78.8,0.8,63.04,0.67,42.4,0.67
2024-11-08,11:45,Flat,93,TSSC,488.3,29.6,38.8,78.96,0.77,63.17,0.64,40.6,0.67
2024-11-08,12:00,Flat,93,TSSC,466.1,29.7,38.3,79.11,0.73,63.29,0.61,38.8,0.67
2024-11-08,12:15,Flat,93,TSSC,428.3,29.7,37.4,79.41,0.67,63.53,0.56,35.8,0.67
2024-11-08,12:30,Flat,93,TSSC,390.6,29.7,36.4,79.71,0.61,63.77,0.51,32.7,0.67
2024-11-08,12:45,Flat,93,TSSC,352.9,29.7,35.5,80.01,0.55,64.01,0.46,29.6,0.67
2024-11-08,13:00,Flat,93,TSSC,315.2,29.6,34.5,80.31,0.49,64.25,0.41,26.5,0.67
2024-11-08,13:15,Flat,93,TSSC,296.1,29.6,34.0,80.48,0.46,64.38,0.39,25.0,0.67
2024-11-08,13:30,Flat,93,TSSC,277.1,29.5,33.5,80.64,0.43,64.51,0.36,23.4,0.67
2024-11-08,13:45,Flat,93,TSSC,258.1,29.5,33.0,80.81,0.4,64.65,0.34,21.8,0.67
2024-11-08,14:00,Flat,93,TSSC,239.1,29.4,32.4,80.98,0.37,64.78,0.31,20.3,0.67
2024-11-08,14:15,Flat,93,TSSC,214.4,29.3,31.7,81.21,0.33,64.97,0.28,18.2,0.67
2024-11-08,14:30,Flat,93,TSSC,189.7,29.2,30.9,81.45,0.3,65.16,0.25,16.1,0.67
2024-11-08,14:45,Flat,93,TSSC,165.0,29.1,30.2,81.68,0.26,65.35,0.22,14.1,0.67
2024-11-08,15:00,Flat,93,TSSC,140.3,28.9,29.5,81.92,0.22,65.53,0.18,12.0,0.67
2024-11-08,15:15,Flat,93,TSSC,119.7,28.8,28.8,82.13,0.19,65.71,0.16,10.2,0.67
2024-11-08,15:30,Flat,93,TSSC,99.1,28.6,28.1,82.35,0.15,65.88,0.13,8.5,0.67
2024-11-08,15:45,Flat,93,TSSC,78.4,28.4,27.4,82.57,0.12,66.06,0.1,6.7,0.67
2024-11-08,16:00,Flat,93,TSSC,57.8,28.3,26.7,82.79,0.09,66.23,0.08,5.0,0.67
2024-11-08,16:15,Flat,93,TSSC,44.1,27.9,26.0,83.0,0.07,66.4,0.06,3.8,0.67
2024-11-08,16:30,Flat,93,TSSC,30.5,27.6,25.3,83.22,0.05,66.57,0.04,2.6,0.67
2024-11-08,16:45,Flat,93,TSSC,16.8,27.2,24.7,83.43,0.03,66.75,0.02,1.5,0.67
2024-11-09,05:15,Flat,93,TSSC,24.2,23.9,21.5,84.43,0.04,67.54,0.03,2.1,0.67
2024-11-09,05:30,Flat,93,TSSC,48.5,24.0,22.2,84.21,0.07,67.37,0.06,4.2,0.67
2024-11-09,05:45,Flat,93,TSSC,72.7,24.1,22.9,84.0,0.11,67.2,0.09,6.3,0.67
2024-11-09,06:00,Flat,93,TSSC,97.0,24.1,23.6,83.78,0.15,67.02,0.13,8.4,0.67
2024-11-09,06:15,Flat,93,TSSC,149.2,24.4,25.1,83.29,0.23,66.63,0.19,12.9,0.67
2024-11-09,06:30,Flat,93,TSSC,201.4,24.6,26.7,82.79,0.31,66.24,0.26,17.3,0.67
2024-11-09,06:45,Flat,93,TSSC,253.5,24.9,28.2,82.3,0.39,65.84,0.33,21.7,0.67
2024-11-09,07:00,Flat,93,TSSC,305.7,25.1,29.8,81.81,0.48,65.45,0.4,26.1,0.67
2024-11-09,07:15,Flat,93,TSSC,360.4,25.5,31.5,81.27,0.56,65.02,0.47,30.6,0.67
2024-11-09,07:30,Flat,93,TSSC,415.0,25.8,33.2,80.73,0.65,64.59,0.54,35.1,0.67
2024-11-09,07:45,Flat,93,TSSC,469.6,26.1,34.9,80.2,0.73,64.16,0.62,39.5,0.67
2024-11-09,08:00,Flat,93,TSSC,524.2,26.5,36.6,79.66,0.82,63.73,0.69,43.9,0.67
2024-11-09,08:15,Flat,93,TSSC,569.5,26.9,38.1,79.17,0.89,63.34,0.75,47.4,0.67
2024-11-09,08:30,Flat,93,TSSC,614.8,27.3,39.7,78.69,0.97,62.95,0.81,51.0,0.67
2024-11-09,08:45,Flat,93,TSSC,660.1,27.7,41.2,78.2,1.04,62.56,0.87,54.5,0.67
2024-11-09,09:00,Flat,93,TSSC,705.4,28.1,42.7,77.71,1.11,62.17,0.93,57.9,0.67
2024-11-09,09:15,Flat,93,TSSC,731.3,28.5,43.7,77.39,1.15,61.92,0.97,59.9,0.67
2024-11-09,09:30,Flat,93,TSSC,757.2,28.8,44.7,77.08,1.2,61.66,1.0,61.8,0.67
2024-11-09,09:45,Flat,93,TSSC,783.1,29.2,45.7,76.76,1.24,61.41,1.04,63.7,0.67
2024-11-09,10:00,Flat,93,TSSC,809.0,29.5,46.7,76.44,1.28,61.15,1.07,65.6,0.67
2024-11-09,10:15,Flat,93,TSSC,788.3,29.8,46.5,76.53,1.25,61.22,1.05,64.0,0.67
2024-11-09,10:30,Flat,93,TSSC,767.6,30.0,46.2,76.61,1.21,61.29,1.02,62.4,0.67
2024-11-09,10:45,Flat,93,TSSC,746.9,30.3,46.0,76.69,1.18,61.35,0.99,60.7,0.67
2024-11-09,11:00,Flat,93,TSSC,726.2,30.6,45.7,76.77,1.15,61.42,0.96,59.1,0.67
2024-11-09,11:15,Flat,93,TSSC,694.9,30.7,45.1,76.98,1.1,61.58,0.92,56.7,0.67
2024-11-09,11:30,Flat,93,TSSC,663.6,30.8,44.4,77.18,1.05,61.74,0.88,54.2,0.67
2024-11-09,11:45,Flat,93,TSSC,632.3,31.0,43.8,77.38,1.0,61.91,0.84,51.8,0.67
2024-11-09,12:00,Flat,93,TSSC,601.0,31.1,43.1,77.59,0.95,62.07,0.79,49.3,0.67
2024-11-09,12:15,Flat,93,TSSC,591.9,31.1,42.9,77.65,0.93,62.12,0.78,48.6,0.67
2024-11-09,12:30,Flat,93,TSSC,582.8,31.2,42.7,77.71,0.92,62.17,0.77,47.9,0.67
2024-11-09,12:45,Flat,93,TSSC,573.7,31.2,42.5,77.77,0.9,62.22,0.76,47.1,0.67
2024-11-09,13:00,Flat,93,TSSC,564.6,31.2,42.4,77.83,0.89,62.27,0.75,46.4,0.67
2024-11-09,13:15,Flat,93,TSSC,519.5,31.2,41.2,78.21,0.82,62.57,0.69,42.9,0.67
2024-11-09,13:30,Flat,93,TSSC,474.4,31.1,40.0,78.58,0.75,62.87,0.63,39.3,0.67
2024-11-09,13:45,Flat,93,TSSC,429.3,31.1,38.8,78.96,0.67,63.17,0.56,35.7,0.67
2024-11-09,14:00,Flat,93,TSSC,384.3,31.0,37.6,79.34,0.6,63.47,0.51,32.1,0.67
2024-11-09,14:15,Flat,93,TSSC,345.6,30.9,36.5,79.68,0.54,63.74,0.45,28.9,0.67
2024-11-09,14:30,Flat,93,TSSC,306.9,30.8,35.4,80.02,0.48,64.02,0.4,25.8,0.67
2024-11-09,14:45,Flat,93,TSSC,268.2,30.7,34.4,80.36,0.42,64.29,0.35,22.6,0.67
2024-11-09,15:00,Flat,93,TSSC,229.5,30.6,33.3,80.7,0.36,64.56,0.3,19.4,0.67
2024-11-09,15:15,Flat,93,TSSC,197.0,30.3,32.2,81.06,0.31,64.84,0.26,16.7,0.67
2024-11-09,15:30,Flat,93,TSSC,164.5,30.0,31.1,81.41,0.26,65.13,0.21,14.0,0.67
2024-11-09,15:45,Flat,93,TSSC,132.1,29.7,30.0,81.76,0.21,65.41,0.17,11.3,0.67
2024-11-09,16:00,Flat,93,TSSC,99.6,29.4,28.8,82.11,0.15,65.69,0.13,8.5,0.67
2024-11-09,16:15,Flat,93,TSSC,76.0,28.9,27.7,82.46,0.12,65.97,0.1,6.5,0.67
2024-11-09,16:30,Flat,93,TSSC,52.3,28.3,26.6,82.81,0.08,66.24,0.07,4.5,0.67
2024-11-09,16:45,Flat,93,TSSC,28.7,27.8,25.5,83.15,0.04,66.52,0.04,2.5,0.67
2024-11-09,17:00,Flat,93,TSSC,5.1,27.3,24.4,83.5,0.01,66.8,0.01,0.4,0.67
2024-11-10,05:15,Flat,93,TSSC,26.6,22.2,19.9,84.94,0.04,67.95,0.03,2.3,0.67
2024-11-10,05:30,Flat,93,TSSC,53.1,22.5,20.9,84.64,0.08,67.71,0.07,4.6,0.67
2024-11-10,05:45,Flat,93,TSSC,79.7,22.8,21.8,84.34,0.12,67.47,0.1,7.0,0.67
2024-11-10,06:00,Flat,93,TSSC,106.2,23.1,22.7,84.05,0.16,67.24,0.14,9.2,0.67
2024-11-10,06:15,Flat,93,TSSC,161.9,23.6,24.7,83.43,0.25,66.74,0.21,14.0,0.67
2024-11-10,06:30,Flat,93,TSSC,217.5,24.2,26.6,82.81,0.34,66.25,0.28,18.7,0.67
2024-11-10,06:45,Flat,93,TSSC,273.2,24.8,28.6,82.19,0.42,65.75,0.36,23.4,0.67
2024-11-10,07:00,Flat,93,TSSC,328.9,25.3,30.6,81.57,0.51,65.26,0.43,28.0,0.67
2024-11-10,07:15,Flat,93,TSSC,385.8,25.9,32.5,80.95,0.6,64.76,0.5,32.7,0.67
2024-11-10,07:30,Flat,93,TSSC,442.7,26.4,34.5,80.32,0.69,64.26,0.58,37.3,0.67
2024-11-10,07:45,Flat,93,TSSC,499.6,27.0,36.5,79.7,0.78,63.76,0.66,41.8,0.67
2024-11-10,08:00,Flat,93,TSSC,556.5,27.5,38.4,79.08,0.87,63.26,0.73,46.3,0.67
2024-11-10,08:15,Flat,93,TSSC,603.2,27.9,39.9,78.6,0.95,62.88,0.79,50.0,0.67
2024-11-10,08:30,Flat,93,TSSC,649.9,28.2,41.5,78.12,1.02,62.49,0.86,53.6,0.67
2024-11-10,08:45,Flat,93,TSSC,696.6,28.6,43.0,77.64,1.1,62.11,0.92,57.2,0.67
2024-11-10,09:00,Flat,93,TSSC,743.3,28.9,44.5,77.16,1.17,61.72,0.98,60.7,0.67
2024-11-10,09:15,Flat,93,TSSC,752.7,29.2,45.0,77.0,1.19,61.6,1.0,61.4,0.67
2024-11-10,09:30,Flat,93,TSSC,762.2,29.4,45.5,76.84,1.21,61.47,1.01,62.1,0.67
2024-11-10,09:45,Flat,93,TSSC,771.6,29.7,46.0,76.68,1.22,61.34,1.02,62.7,0.67
2024-11-10,10:00,Flat,93,TSSC,781.0,30.0,46.5,76.52,1.24,61.22,1.04,63.4,0.67
2024-11-10,10:15,Flat,93,TSSC,797.0,30.2,47.1,76.33,1.26,61.06,1.06,64.6,0.67
2024-11-10,10:30,Flat,93,TSSC,813.0,30.4,47.7,76.14,1.29,60.91,1.08,65.7,0.67
2024-11-10,10:45,Flat,93,TSSC,829.0,30.6,48.3,75.95,1.31,60.76,1.1,66.9,0.67
2024-11-10,11:00,Flat,93,TSSC,845.0,30.8,48.9,75.76,1.34,60.61,1.12,68.1,0.67
2024-11-10,11:15,Flat,93,TSSC,843.0,30.9,48.9,75.75,1.34,60.6,1.12,67.9,0.67
2024-11-10,11:30,Flat,93,TSSC,840.9,31.0,49.0,75.73,1.33,60.58,1.12,67.7,0.67
2024-11-10,11:45,Flat,93,TSSC,838.9,31.1,49.1,75.71,1.33,60.57,1.12,67.5,0.67
2024-11-10,12:00,Flat,93,TSSC,836.8,31.2,49.1,75.69,1.33,60.55,1.11,67.4,0.67
2024-11-10,12:15,Flat,93,TSSC,816.0,31.2,48.6,75.85,1.29,60.68,1.08,65.8,0.67
2024-11-10,12:30,Flat,93,TSSC,795.1,31.3,48.1,76.0,1.26,60.8,1.06,64.2,0.67
2024-11-10,12:45,Flat,93,TSSC,774.3,31.3,47.6,76.16,1.23,60.93,1.03,62.6,0.67
2024-11-10,13:00,Flat,93,TSSC,753.5,31.3,47.1,76.32,1.19,61.05,1.0,61.0,0.67
2024-11-10,13:15,Flat,93,TSSC,708.8,31.2,46.0,76.69,1.12,61.35,0.94,57.6,0.67
2024-11-10,13:30,Flat,93,TSSC,664.0,31.2,44.8,77.06,1.05,61.65,0.88,54.2,0.67
2024-11-10,13:45,Flat,93,TSSC,619.3,31.1,43.6,77.43,0.98,61.95,0.82,50.7,0.67
2024-11-10,14:00,Flat,93,TSSC,574.6,31.1,42.4,77.8,0.91,62.24,0.76,47.2,0.67
2024-11-10,14:15,Flat,93,TSSC,518.4,30.9,40.9,78.29,0.82,62.64,0.68,42.8,0.67
2024-11-10,14:30,Flat,93,TSSC,462.2,30.8,39.4,78.78,0.73,63.03,0.61,38.4,0.67
2024-11-10,14:45,Flat,93,TSSC,406.0,30.7,37.8,79.27,0.64,63.42,0.53,33.8,0.67
2024-11-10,15:00,Flat,93,TSSC,349.8,30.5,36.3,79.76,0.55,63.81,0.46,29.3,0.67
2024-11-10,15:15,Flat,93,TSSC,294.6,30.2,34.6,80.3,0.46,64.24,0.39,24.8,0.67
2024-11-10,15:30,Flat,93,TSSC,239.4,29.9,32.9,80.84,0.37,64.67,0.31,20.3,0.67
2024-11-10,15:45,Flat,93,TSSC,184.2,29.6,31.2,81.38,0.29,65.1,0.24,15.7,0.67
2024-11-10,16:00,Flat,93,TSSC,129.0,29.2,29.5,81.91,0.2,65.53,0.17,11.0,0.67
2024-11-10,16:15,Flat,93,TSSC,98.0,28.7,28.1,82.34,0.15,65.87,0.13,8.4,0.67
2024-11-10,16:30,Flat,93,TSSC,66.9,28.1,26.8,82.77,0.1,66.22,0.09,5.8,0.67
2024-11-10,16:45,Flat,93,TSSC,35.9,27.5,25.4,83.2,0.06,66.56,0.05,3.1,0.67
2024-11-11,05:15,Flat,93,TSSC,26.2,22.0,19.6,85.03,0.04,68.03,0.03,2.3,0.67
2024-11-11,05:30,Flat,93,TSSC,52.4,22.2,20.5,84.74,0.08,67.79,0.07,4.6,0.67
2024-11-11,05:45,Flat,93,TSSC,78.6,22.5,21.5,84.45,0.12,67.56,0.1,6.9,0.67
2024-11-11,06:00,Flat,93,TSSC,104.8,22.8,22.4,84.16,0.16,67.33,0.14,9.1,0.67
2024-11-11,06:15,Flat,93,TSSC,157.1,23.4,24.3,83.56,0.24,66.84,0.2,13.6,0.67
2024-11-11,06:30,Flat,93,TSSC,209.4,24.0,26.2,82.95,0.32,66.36,0.27,18.1,0.67
2024-11-11,06:45,Flat,93,TSSC,261.7,24.5,28.1,82.35,0.41,65.88,0.34,22.4,0.67
2024-11-11,07:00,Flat,93,TSSC,313.9,25.1,30.0,81.75,0.49,65.4,0.41,26.8,0.67
2024-11-11,07:15,Flat,93,TSSC,367.6,25.8,31.9,81.13,0.57,64.9,0.48,31.2,0.67
2024-11-11,07:30,Flat,93,TSSC,421.2,26.4,33.9,80.51,0.66,64.41,0.55,35.5,0.67
2024-11-11,07:45,Flat,93,TSSC,474.9,27.0,35.8,79.9,0.74,63.92,0.62,39.8,0.67
2024-11-11,08:00,Flat,93,TSSC,528.5,27.6,37.8,79.28,0.83,63.42,0.69,44.1,0.67
2024-11-11,08:15,Flat,93,TSSC,575.5,28.0,39.3,78.79,0.9,63.03,0.76,47.8,0.67
2024-11-11,08:30,Flat,93,TSSC,622.5,28.3,40.9,78.3,0.98,62.64,0.82,51.4,0.67
2024-11-11,08:45,Flat,93,TSSC,669.6,28.7,42.4,77.81,1.06,62.25,0.88,55.0,0.67
2024-11-11,09:00,Flat,93,TSSC,716.6,29.1,44.0,77.32,1.13,61.85,0.95,58.6,0.67
2024-11-11,09:15,Flat,93,TSSC,741.4,29.3,44.9,77.03,1.17,61.63,0.98,60.5,0.67
2024-11-11,09:30,Flat,93,TSSC,766.2,29.6,45.8,76.75,1.21,61.4,1.02,62.3,0.67
2024-11-11,09:45,Flat,93,TSSC,791.0,29.9,46.7,76.47,1.25,61.18,1.05,64.2,0.67
2024-11-11,10:00,Flat,93,TSSC,815.8,30.1,47.5,76.19,1.29,60.95,1.08,66.0,0.67
2024-11-11,10:15,Flat,93,TSSC,817.7,30.3,47.8,76.11,1.3,60.89,1.09,66.1,0.67
2024-11-11,10:30,Flat,93,TSSC,819.7,30.5,48.0,76.03,1.3,60.83,1.09,66.2,0.67
2024-11-11,10:45,Flat,93,TSSC,821.7,30.8,48.3,75.95,1.3,60.76,1.09,66.3,0.67
2024-11-11,11:00,Flat,93,TSSC,823.6,30.9,48.5,75.87,1.31,60.7,1.09,66.4,0.67
2024-11-11,11:15,Flat,93,TSSC,818.8,31.1,48.6,75.87,1.3,60.7,1.09,66.0,0.67
2024-11-11,11:30,Flat,93,TSSC,814.0,31.2,48.6,75.87,1.29,60.69,1.08,65.6,0.67
2024-11-11,11:45,Flat,93,TSSC,809.1,31.4,48.6,75.86,1.28,60.69,1.07,65.2,0.67
2024-11-11,12:00,Flat,93,TSSC,804.3,31.5,48.6,75.86,1.28,60.68,1.07,64.8,0.67
2024-11-11,12:15,Flat,93,TSSC,755.7,31.5,47.4,76.22,1.2,60.98,1.0,61.2,0.67
2024-11-11,12:30,Flat,93,TSSC,707.2,31.6,46.3,76.59,1.12,61.27,0.94,57.4,0.67
2024-11-11,12:45,Flat,93,TSSC,658.6,31.7,45.1,76.96,1.04,61.57,0.87,53.7,0.67
2024-11-11,13:00,Flat,93,TSSC,610.1,31.7,44.0,77.32,0.96,61.86,0.81,49.9,0.67
2024-11-11,13:15,Flat,93,TSSC,577.3,31.7,43.1,77.59,0.91,62.08,0.76,47.4,0.67
2024-11-11,13:30,Flat,93,TSSC,544.5,31.6,42.3,77.87,0.86,62.29,0.72,44.8,0.67
2024-11-11,13:45,Flat,93,TSSC,511.7,31.6,41.4,78.14,0.81,62.51,0.68,42.2,0.67
2024-11-11,14:00,Flat,93,TSSC,478.9,31.6,40.5,78.41,0.75,62.73,0.63,39.6,0.67
2024-11-11,14:15,Flat,93,TSSC,433.1,31.4,39.3,78.81,0.68,63.05,0.57,35.9,0.67
2024-11-11,14:30,Flat,93,TSSC,387.2,31.3,38.0,79.22,0.61,63.38,0.51,32.3,0.67
2024-11-11,14:45,Flat,93,TSSC,341.4,31.1,36.7,79.63,0.54,63.7,0.45,28.6,0.67
2024-11-11,15:00,Flat,93,TSSC,295.6,31.0,35.4,80.04,0.46,64.03,0.39,24.8,0.67
2024-11-11,15:15,Flat,93,TSSC,247.1,30.7,33.9,80.52,0.39,64.42,0.32,20.8,0.67
2024-11-11,15:30,Flat,93,TSSC,198.6,30.4,32.3,81.01,0.31,64.81,0.26,16.8,0.67
2024-11-11,15:45,Flat,93,TSSC,150.1,30.0,30.8,81.5,0.23,65.2,0.2,12.8,0.67
2024-11-11,16:00,Flat,93,TSSC,101.6,29.7,29.2,81.99,0.16,65.59,0.13,8.7,0.67
2024-11-11,16:15,Flat,93,TSSC,77.3,29.1,28.0,82.38,0.12,65.9,0.1,6.6,0.67
2024-11-11,16:30,Flat,93,TSSC,52.9,28.4,26.8,82.77,0.08,66.21,0.07,4.6,0.67
2024-11-11,16:45,Flat,93,TSSC,28.6,27.8,25.5,83.16,0.04,66.53,0.04,2.5,0.67
2024-11-12,05:15,Flat,93,TSSC,22.5,23.1,20.6,84.71,0.03,67.77,0.03,2.0,0.67
2024-11-12,05:30,Flat,93,TSSC,45.0,23.2,21.4,84.48,0.07,67.58,0.06,3.9,0.67
2024-11-12,05:45,Flat,93,TSSC,67.5,23.4,22.1,84.24,0.1,67.4,0.09,5.9,0.67
2024-11-12,06:00,Flat,93,TSSC,90.0,23.6,22.8,84.01,0.14,67.21,0.12,7.8,0.67
2024-11-12,06:15,Flat,93,TSSC,139.4,24.1,24.5,83.47,0.22,66.78,0.18,12.1,0.67
2024-11-12,06:30,Flat,93,TSSC,188.8,24.5,26.2,82.93,0.29,66.35,0.25,16.3,0.67
2024-11-12,06:45,Flat,93,TSSC,238.2,25.0,27.9,82.4,0.37,65.92,0.31,20.4,0.67
2024-11-12,07:00,Flat,93,TSSC,287.6,25.4,29.6,81.86,0.45,65.49,0.38,24.6,0.67
2024-11-12,07:15,Flat,93,TSSC,340.5,26.0,31.5,81.26,0.53,65.01,0.44,28.9,0.67
2024-11-12,07:30,Flat,93,TSSC,393.4,26.6,33.4,80.67,0.61,64.54,0.51,33.2,0.67
2024-11-12,07:45,Flat,93,TSSC,446.3,27.1,35.3,80.08,0.7,64.06,0.59,37.5,0.67
2024-11-12,08:00,Flat,93,TSSC,499.2,27.7,37.1,79.48,0.78,63.59,0.66,41.7,0.67
2024-11-12,08:15,Flat,93,TSSC,543.8,28.1,38.7,79.0,0.85,63.2,0.72,45.2,0.67
2024-11-12,08:30,Flat,93,TSSC,588.3,28.5,40.2,78.53,0.93,62.82,0.78,48.7,0.67
2024-11-12,08:45,Flat,93,TSSC,632.8,28.9,41.7,78.05,1.0,62.44,0.84,52.1,0.67
2024-11-12,09:00,Flat,93,TSSC,677.4,29.3,43.2,77.57,1.07,62.05,0.9,55.5,0.67
2024-11-12,09:15,Flat,93,TSSC,701.9,29.6,44.1,77.28,1.11,61.82,0.93,57.4,0.67
2024-11-12,09:30,Flat,93,TSSC,726.5,29.9,45.0,76.99,1.15,61.59,0.96,59.2,0.67
2024-11-12,09:45,Flat,93,TSSC,751.1,30.2,45.9,76.7,1.19,61.36,1.0,61.1,0.67
2024-11-12,10:00,Flat,93,TSSC,775.6,30.4,46.8,76.41,1.23,61.13,1.03,62.9,0.67
2024-11-12,10:15,Flat,93,TSSC,781.1,30.7,47.2,76.3,1.24,61.04,1.04,63.3,0.67
2024-11-12,10:30,Flat,93,TSSC,786.5,30.9,47.6,76.19,1.25,60.95,1.04,63.6,0.67
2024-11-12,10:45,Flat,93,TSSC,791.9,31.1,47.9,76.07,1.26,60.86,1.05,64.0,0.67
2024-11-12,11:00,Flat,93,TSSC,797.4,31.3,48.3,75.96,1.26,60.77,1.06,64.4,0.67
2024-11-12,11:15,Flat,93,TSSC,778.4,31.5,48.0,76.06,1.23,60.85,1.03,62.9,0.67
2024-11-12,11:30,Flat,93,TSSC,759.4,31.7,47.6,76.16,1.2,60.93,1.01,61.4,0.67
2024-11-12,11:45,Flat,93,TSSC,740.4,31.8,47.3,76.26,1.17,61.01,0.98,59.9,0.67
2024-11-12,12:00,Flat,93,TSSC,721.5,32.0,47.0,76.36,1.14,61.09,0.96,58.5,0.67
2024-11-12,12:15,Flat,93,TSSC,679.5,32.0,46.0,76.67,1.08,61.33,0.9,55.2,0.67
2024-11-12,12:30,Flat,93,TSSC,637.5,32.1,45.1,76.98,1.01,61.58,0.84,52.0,0.67
2024-11-12,12:45,Flat,93,TSSC,595.5,32.2,44.1,77.29,0.94,61.83,0.79,48.7,0.67
2024-11-12,13:00,Flat,93,TSSC,553.5,32.3,43.1,77.6,0.87,62.08,0.73,45.4,0.67
2024-11-12,13:15,Flat,93,TSSC,521.0,32.3,42.3,77.85,0.82,62.28,0.69,42.8,0.67
2024-11-12,13:30,Flat,93,TSSC,488.6,32.3,41.5,78.11,0.77,62.49,0.64,40.3,0.67
2024-11-12,13:45,Flat,93,TSSC,456.2,32.3,40.7,78.37,0.72,62.69,0.6,37.7,0.67
2024-11-12,14:00,Flat,93,TSSC,423.8,32.3,39.9,78.62,0.67,62.9,0.56,35.1,0.67
2024-11-12,14:15,Flat,93,TSSC,375.4,32.2,38.5,79.04,0.59,63.23,0.49,31.2,0.67
2024-11-12,14:30,Flat,93,TSSC,326.9,32.1,37.2,79.45,0.51,63.56,0.43,27.3,0.67
2024-11-12,14:45,Flat,93,TSSC,278.6,32.0,35.9,79.86,0.44,63.89,0.37,23.4,0.67
2024-11-12,15:00,Flat,93,TSSC,230.2,31.9,34.6,80.28,0.36,64.22,0.3,19.4,0.67
2024-11-12,15:15,Flat,93,TSSC,192.6,31.6,33.4,80.65,0.3,64.52,0.25,16.3,0.67
2024-11-12,15:30,Flat,93,TSSC,155.0,31.4,32.2,81.03,0.24,64.83,0.2,13.1,0.67
2024-11-12,15:45,Flat,93,TSSC,117.4,31.1,31.1,81.41,0.18,65.13,0.15,10.0,0.67
2024-11-12,16:00,Flat,93,TSSC,79.8,30.9,29.9,81.79,0.12,65.43,0.1,6.8,0.67
2024-11-12,16:15,Flat,93,TSSC,60.8,30.3,28.8,82.12,0.09,65.7,0.08,5.2,0.67
2024-11-12,16:30,Flat,93,TSSC,41.7,29.7,27.8,82.45,0.06,65.96,0.05,3.6,0.67
2024-11-12,16:45,Flat,93,TSSC,22.6,29.2,26.7,82.78,0.04,66.23,0.03,1.9,0.67
2024-11-13,05:15,Flat,93,TSSC,18.9,24.1,21.6,84.41,0.03,67.53,0.02,1.7,0.67
2024-11-13,05:30,Flat,93,TSSC,37.8,24.2,22.2,84.22,0.06,67.38,0.05,3.3,0.67
2024-11-13,05:45,Flat,93,TSSC,56.7,24.4,22.8,84.02,0.09,67.22,0.07,4.9,0.67
2024-11-13,06:00,Flat,93,TSSC,75.6,24.5,23.4,83.83,0.12,67.06,0.1,6.6,0.67
2024-11-13,06:15,Flat,93,TSSC,115.3,24.9,24.7,83.41,0.18,66.73,0.15,10.0,0.67
2024-11-13,06:30,Flat,93,TSSC,154.9,25.2,26.0,83.0,0.24,66.4,0.2,13.4,0.67
2024-11-13,06:45,Flat,93,TSSC,194.6,25.5,27.4,82.58,0.3,66.07,0.25,16.7,0.67
2024-11-13,07:00,Flat,93,TSSC,234.2,25.8,28.7,82.17,0.36,65.73,0.31,20.1,0.67
2024-11-13,07:15,Flat,93,TSSC,272.6,26.1,29.9,81.77,0.42,65.41,0.36,23.3,0.67
2024-11-13,07:30,Flat,93,TSSC,311.1,26.4,31.2,81.36,0.49,65.09,0.41,26.4,0.67
2024-11-13,07:45,Flat,93,TSSC,349.5,26.7,32.5,80.96,0.55,64.77,0.46,29.6,0.67
2024-11-13,08:00,Flat,93,TSSC,387.9,27.0,33.7,80.56,0.61,64.45,0.51,32.7,0.67
2024-11-13,08:15,Flat,93,TSSC,414.0,27.3,34.7,80.27,0.65,64.22,0.54,34.8,0.67
2024-11-13,08:30,Flat,93,TSSC,440.1,27.6,35.6,79.98,0.69,63.98,0.58,36.9,0.67
2024-11-13,08:45,Flat,93,TSSC,466.1,27.8,36.5,79.69,0.73,63.75,0.61,39.0,0.67
2024-11-13,09:00,Flat,93,TSSC,492.2,28.1,37.4,79.4,0.77,63.52,0.65,41.1,0.67
2024-11-13,09:15,Flat,93,TSSC,504.0,28.3,37.9,79.24,0.79,63.39,0.66,42.0,0.67
2024-11-13,09:30,Flat,93,TSSC,515.7,28.5,38.4,79.08,0.81,63.27,0.68,42.9,0.67
2024-11-13,09:45,Flat,93,TSSC,527.5,28.7,38.9,78.93,0.83,63.14,0.69,43.8,0.67
2024-11-13,10:00,Flat,93,TSSC,539.2,28.9,39.4,78.77,0.85,63.01,0.71,44.7,0.67
2024-11-13,10:15,Flat,93,TSSC,546.2,29.0,39.7,78.67,0.86,62.94,0.72,45.3,0.67
2024-11-13,10:30,Flat,93,TSSC,553.2,29.2,40.0,78.58,0.87,62.86,0.73,45.8,0.67
2024-11-13,10:45,Flat,93,TSSC,560.2,29.3,40.3,78.48,0.88,62.78,0.74,46.4,0.67
2024-11-13,11:00,Flat,93,TSSC,567.2,29.4,40.6,78.39,0.89,62.71,0.75,46.9,0.67
2024-11-13,11:15,Flat,93,TSSC,559.0,29.5,40.5,78.43,0.88,62.75,0.74,46.2,0.67
2024-11-13,11:30,Flat,93,TSSC,550.7,29.5,40.3,78.48,0.87,62.78,0.73,45.6,0.67
2024-11-13,11:45,Flat,93,TSSC,542.5,29.6,40.2,78.53,0.85,62.82,0.71,44.9,0.67
2024-11-13,12:00,Flat,93,TSSC,534.2,29.7,40.0,78.57,0.84,62.86,0.7,44.2,0.67
2024-11-13,12:15,Flat,93,TSSC,520.1,29.7,39.7,78.68,0.82,62.95,0.68,43.1,0.67
2024-11-13,12:30,Flat,93,TSSC,506.0,29.7,39.3,78.8,0.8,63.04,0.67,42.0,0.67
2024-11-13,12:45,Flat,93,TSSC,491.9,29.7,39.0,78.91,0.77,63.12,0.65,40.9,0.67
2024-11-13,13:00,Flat,93,TSSC,477.8,29.7,38.6,79.02,0.75,63.21,0.63,39.7,0.67
2024-11-13,13:15,Flat,93,TSSC,453.6,29.6,38.0,79.22,0.71,63.38,0.6,37.8,0.67
2024-11-13,13:30,Flat,93,TSSC,429.4,29.6,37.3,79.42,0.67,63.54,0.56,35.8,0.67
2024-11-13,13:45,Flat,93,TSSC,405.2,29.6,36.7,79.62,0.64,63.7,0.53,33.9,0.67
2024-11-13,14:00,Flat,93,TSSC,381.0,29.5,36.1,79.83,0.6,63.86,0.5,31.9,0.67
2024-11-13,14:15,Flat,93,TSSC,341.6,29.4,35.0,80.17,0.53,64.14,0.45,28.7,0.67
2024-11-13,14:30,Flat,93,TSSC,302.2,29.3,33.9,80.52,0.47,64.41,0.4,25.5,0.67
2024-11-13,14:45,Flat,93,TSSC,262.7,29.2,32.8,80.86,0.41,64.69,0.34,22.2,0.67
2024-11-13,15:00,Flat,93,TSSC,223.3,29.1,31.7,81.21,0.35,64.97,0.29,19.0,0.67
2024-11-13,15:15,Flat,93,TSSC,188.4,28.9,30.6,81.54,0.29,65.24,0.25,16.0,0.67
2024-11-13,15:30,Flat,93,TSSC,153.6,28.7,29.6,81.88,0.24,65.5,0.2,13.1,0.67
2024-11-13,15:45,Flat,93,TSSC,118.7,28.5,28.5,82.22,0.18,65.77,0.15,10.2,0.67
2024-11-13,16:00,Flat,93,TSSC,83.8,28.4,27.4,82.55,0.13,66.04,0.11,7.2,0.67
2024-11-13,16:15,Flat,93,TSSC,63.9,28.0,26.6,82.82,0.1,66.26,0.08,5.5,0.67
2024-11-13,16:30,Flat,93,TSSC,44.0,27.7,25.8,83.09,0.07,66.47,0.06,3.8,0.67
2024-11-13,16:45,Flat,93,TSSC,24.0,27.3,24.9,83.35,0.04,66.68,0.03,2.1,0.67
2024-11-14,05:15,Flat,93,TSSC,17.7,25.4,22.9,84.0,0.03,67.2,0.02,1.5,0.67
2024-11-14,05:30,Flat,93,TSSC,35.3,25.5,23.4,83.84,0.05,67.07,0.05,3.1,0.67
2024-11-14,05:45,Flat,93,TSSC,53.0,25.6,23.9,83.67,0.08,66.94,0.07,4.6,0.67
2024-11-14,06:00,Flat,93,TSSC,70.6,25.7,24.4,83.51,0.11,66.81,0.09,6.1,0.67
2024-11-14,06:15,Flat,93,TSSC,102.4,25.8,25.4,83.2,0.16,66.56,0.13,8.8,0.67
2024-11-14,06:30,Flat,93,TSSC,134.2,26.0,26.4,82.89,0.21,66.31,0.17,11.6,0.67
2024-11-14,06:45,Flat,93,TSSC,166.0,26.2,27.4,82.58,0.26,66.06,0.22,14.3,0.67
2024-11-14,07:00,Flat,93,TSSC,197.7,26.4,28.3,82.27,0.31,65.82,0.26,16.9,0.67
2024-11-14,07:15,Flat,93,TSSC,229.0,26.7,29.4,81.94,0.36,65.55,0.3,19.6,0.67
2024-11-14,07:30,Flat,93,TSSC,260.2,26.9,30.4,81.61,0.41,65.29,0.34,22.2,0.67
2024-11-14,07:45,Flat,93,TSSC,291.5,27.2,31.5,81.28,0.45,65.03,0.38,24.8,0.67
2024-11-14,08:00,Flat,93,TSSC,322.8,27.4,32.5,80.96,0.5,64.77,0.42,27.3,0.67
2024-11-14,08:15,Flat,93,TSSC,350.7,27.7,33.4,80.66,0.55,64.53,0.46,29.6,0.67
2024-11-14,08:30,Flat,93,TSSC,378.7,27.9,34.4,80.36,0.59,64.29,0.5,31.9,0.67
2024-11-14,08:45,Flat,93,TSSC,406.7,28.1,35.3,80.06,0.64,64.05,0.53,34.2,0.67
2024-11-14,09:00,Flat,93,TSSC,434.6,28.4,36.3,79.76,0.68,63.81,0.57,36.4,0.67
2024-11-14,09:15,Flat,93,TSSC,459.5,28.6,37.1,79.49,0.72,63.59,0.6,38.4,0.67
2024-11-14,09:30,Flat,93,TSSC,484.4,28.9,38.0,79.22,0.76,63.37,0.64,40.4,0.67
2024-11-14,09:45,Flat,93,TSSC,509.3,29.1,38.8,78.95,0.8,63.16,0.67,42.3,0.67
2024-11-14,10:00,Flat,93,TSSC,534.1,29.4,39.7,78.67,0.84,62.94,0.7,44.3,0.67
2024-11-14,10:15,Flat,93,TSSC,550.6,29.5,40.3,78.5,0.87,62.8,0.73,45.6,0.67
2024-11-14,10:30,Flat,93,TSSC,567.0,29.6,40.8,78.32,0.89,62.66,0.75,46.8,0.67
2024-11-14,10:45,Flat,93,TSSC,583.5,29.8,41.4,78.15,0.92,62.52,0.77,48.1,0.67
2024-11-14,11:00,Flat,93,TSSC,600.0,29.9,41.9,77.97,0.95,62.38,0.79,49.4,0.67
2024-11-14,11:15,Flat,93,TSSC,591.6,30.0,41.7,78.02,0.93,62.42,0.78,48.7,0.67
2024-11-14,11:30,Flat,93,TSSC,583.3,30.0,41.6,78.08,0.92,62.46,0.77,48.1,0.67
2024-11-14,11:45,Flat,93,TSSC,574.9,30.1,41.4,78.13,0.91,62.5,0.76,47.4,0.67
2024-11-14,12:00,Flat,93,TSSC,566.5,30.1,41.3,78.18,0.89,62.54,0.75,46.7,0.67
2024-11-14,12:15,Flat,93,TSSC,552.0,30.1,40.9,78.29,0.87,62.63,0.73,45.6,0.67
2024-11-14,12:30,Flat,93,TSSC,537.5,30.1,40.6,78.39,0.85,62.71,0.71,44.4,0.67
2024-11-14,12:45,Flat,93,TSSC,522.9,30.2,40.2,78.5,0.82,62.8,0.69,43.3,0.67
2024-11-14,13:00,Flat,93,TSSC,508.4,30.2,39.9,78.61,0.8,62.89,0.67,42.1,0.67
2024-11-14,13:15,Flat,93,TSSC,479.9,30.1,39.1,78.85,0.75,63.08,0.63,39.8,0.67
2024-11-14,13:30,Flat,93,TSSC,451.3,30.1,38.4,79.1,0.71,63.28,0.59,37.6,0.67
2024-11-14,13:45,Flat,93,TSSC,422.8,30.0,37.6,79.34,0.66,63.47,0.56,35.3,0.67
2024-11-14,14:00,Flat,93,TSSC,394.2,30.0,36.8,79.59,0.62,63.67,0.52,33.0,0.67
2024-11-14,14:15,Flat,93,TSSC,354.6,29.8,35.7,79.95,0.56,63.96,0.47,29.8,0.67
2024-11-14,14:30,Flat,93,TSSC,315.0,29.7,34.5,80.31,0.49,64.24,0.41,26.5,0.67
2024-11-14,14:45,Flat,93,TSSC,275.4,29.5,33.4,80.67,0.43,64.53,0.36,23.3,0.67
2024-11-14,15:00,Flat,93,TSSC,235.7,29.4,32.3,81.02,0.37,64.82,0.31,20.0,0.67
2024-11-14,15:15,Flat,93,TSSC,198.9,29.1,31.1,81.4,0.31,65.12,0.26,16.9,0.67
2024-11-14,15:30,Flat,93,TSSC,162.0,28.9,29.9,81.77,0.25,65.42,0.21,13.8,0.67
2024-11-14,15:45,Flat,93,TSSC,125.1,28.6,28.7,82.14,0.19,65.71,0.16,10.7,0.67
2024-11-14,16:00,Flat,93,TSSC,88.2,28.4,27.6,82.52,0.14,66.01,0.11,7.6,0.67
2024-11-14,16:15,Flat,93,TSSC,67.0,28.0,26.7,82.8,0.1,66.24,0.09,5.8,0.67
2024-11-14,16:30,Flat,93,TSSC,45.8,27.6,25.8,83.08,0.07,66.46,0.06,4.0,0.67
2024-11-14,16:45,Flat,93,TSSC,24.6,27.3,24.9,83.36,0.04,66.69,0.03,2.1,0.67
2024-11-15,05:15,Flat,93,TSSC,17.6,24.2,21.7,84.38,0.03,67.51,0.02,1.5,0.67
2024-11-15,05:30,Flat,93,TSSC,35.1,24.3,22.2,84.22,0.05,67.38,0.05,3.1,0.67
2024-11-15,05:45,Flat,93,TSSC,52.7,24.4,22.7,84.06,0.08,67.24,0.07,4.6,0.67
2024-11-15,06:00,Flat,93,TSSC,70.3,24.5,23.2,83.89,0.11,67.11,0.09,6.1,0.67
2024-11-15,06:15,Flat,93,TSSC,100.5,24.7,24.2,83.59,0.16,66.87,0.13,8.7,0.67
2024-11-15,06:30,Flat,93,TSSC,130.7,24.9,25.1,83.29,0.2,66.63,0.17,11.3,0.67
2024-11-15,06:45,Flat,93,TSSC,160.9,25.1,26.1,82.99,0.25,66.39,0.21,13.9,0.67
2024-11-15,07:00,Flat,93,TSSC,191.2,25.2,27.0,82.69,0.3,66.15,0.25,16.4,0.67
2024-11-15,07:15,Flat,93,TSSC,202.3,25.5,27.6,82.52,0.31,66.02,0.26,17.4,0.67
2024-11-15,07:30,Flat,93,TSSC,213.5,25.7,28.1,82.35,0.33,65.88,0.28,18.3,0.67
2024-11-15,07:45,Flat,93,TSSC,224.7,26.0,28.6,82.19,0.35,65.75,0.29,19.2,0.67
2024-11-15,08:00,Flat,93,TSSC,235.8,26.2,29.1,82.02,0.37,65.62,0.31,20.2,0.67
2024-11-15,08:15,Flat,93,TSSC,261.2,26.5,30.0,81.74,0.41,65.39,0.34,22.3,0.67
2024-11-15,08:30,Flat,93,TSSC,286.5,26.7,30.9,81.46,0.45,65.17,0.37,24.4,0.67
2024-11-15,08:45,Flat,93,TSSC,311.8,27.0,31.8,81.18,0.49,64.94,0.41,26.5,0.67
2024-11-15,09:00,Flat,93,TSSC,337.1,27.2,32.7,80.9,0.53,64.72,0.44,28.5,0.67
2024-11-15,09:15,Flat,93,TSSC,356.2,27.5,33.4,80.68,0.56,64.54,0.47,30.1,0.67
2024-11-15,09:30,Flat,93,TSSC,375.3,27.7,34.0,80.46,0.59,64.37,0.49,31.6,0.67
2024-11-15,09:45,Flat,93,TSSC,394.5,27.9,34.7,80.25,0.62,64.2,0.52,33.2,0.67
2024-11-15,10:00,Flat,93,TSSC,413.6,28.1,35.4,80.03,0.65,64.02,0.54,34.7,0.67
2024-11-15,10:15,Flat,93,TSSC,437.5,28.2,36.1,79.8,0.69,63.84,0.57,36.7,0.67
2024-11-15,10:30,Flat,93,TSSC,461.5,28.3,36.9,79.57,0.72,63.65,0.61,38.6,0.67
2024-11-15,10:45,Flat,93,TSSC,485.4,28.5,37.6,79.34,0.76,63.47,0.64,40.5,0.67
2024-11-15,11:00,Flat,93,TSSC,509.4,28.6,38.3,79.11,0.8,63.29,0.67,42.4,0.67
2024-11-15,11:15,Flat,93,TSSC,521.3,28.6,38.7,79.0,0.82,63.2,0.69,43.3,0.67
2024-11-15,11:30,Flat,93,TSSC,533.2,28.7,39.0,78.89,0.84,63.11,0.7,44.3,0.67
2024-11-15,11:45,Flat,93,TSSC,545.1,28.7,39.3,78.79,0.86,63.03,0.72,45.2,0.67
2024-11-15,12:00,Flat,93,TSSC,557.0,28.8,39.7,78.68,0.88,62.94,0.73,46.2,0.67
2024-11-15,12:15,Flat,93,TSSC,539.7,28.7,39.2,78.83,0.85,63.06,0.71,44.8,0.67
2024-11-15,12:30,Flat,93,TSSC,522.3,28.7,38.7,78.98,0.82,63.18,0.69,43.4,0.67
2024-11-15,12:45,Flat,93,TSSC,504.9,28.6,38.3,79.13,0.79,63.3,0.66,42.0,0.67
2024-11-15,13:00,Flat,93,TSSC,487.5,28.6,37.8,79.28,0.77,63.43,0.64,40.6,0.67
2024-11-15,13:15,Flat,93,TSSC,443.7,28.5,36.6,79.66,0.7,63.73,0.58,37.1,0.67
2024-11-15,13:30,Flat,93,TSSC,399.8,28.4,35.4,80.03,0.63,64.03,0.52,33.6,0.67
2024-11-15,13:45,Flat,93,TSSC,356.0,28.3,34.2,80.41,0.56,64.33,0.47,30.0,0.67
2024-11-15,14:00,Flat,93,TSSC,312.1,28.2,33.0,80.78,0.49,64.62,0.41,26.4,0.67
2024-11-15,14:15,Flat,93,TSSC,277.5,28.1,32.1,81.09,0.43,64.87,0.36,23.5,0.67
2024-11-15,14:30,Flat,93,TSSC,242.8,28.0,31.1,81.4,0.38,65.12,0.32,20.6,0.67
2024-11-15,14:45,Flat,93,TSSC,208.1,27.9,30.1,81.72,0.32,65.37,0.27,17.8,0.67
2024-11-15,15:00,Flat,93,TSSC,173.5,27.8,29.1,82.03,0.27,65.62,0.23,14.8,0.67
2024-11-15,15:15,Flat,93,TSSC,148.3,27.6,28.3,82.28,0.23,65.83,0.19,12.7,0.67
2024-11-15,15:30,Flat,93,TSSC,123.2,27.4,27.5,82.54,0.19,66.03,0.16,10.6,0.67
2024-11-15,15:45,Flat,93,TSSC,98.1,27.2,26.7,82.79,0.15,66.23,0.13,8.4,0.67
2024-11-15,16:00,Flat,93,TSSC,73.0,27.1,25.9,83.04,0.11,66.44,0.09,6.3,0.67
2024-11-15,16:15,Flat,93,TSSC,55.3,26.8,25.2,83.27,0.09,66.62,0.07,4.8,0.67
2024-11-15,16:30,Flat,93,TSSC,37.6,26.5,24.5,83.5,0.06,66.8,0.05,3.3,0.67
2024-11-15,16:45,Flat,93,TSSC,20.0,26.2,23.7,83.73,0.03,66.98,0.03,1.7,0.67
2024-11-16,05:15,Flat,93,TSSC,21.6,23.1,20.7,84.7,0.03,67.76,0.03,1.9,0.67
2024-11-16,05:30,Flat,93,TSSC,43.3,23.3,21.4,84.47,0.07,67.58,0.06,3.8,0.67
2024-11-16,05:45,Flat,93,TSSC,64.9,23.5,22.1,84.24,0.1,67.39,0.08,5.7,0.67
2024-11-16,06:00,Flat,93,TSSC,86.5,23.7,22.8,84.01,0.13,67.21,0.11,7.5,0.67
2024-11-16,06:15,Flat,93,TSSC,128.1,24.0,24.2,83.57,0.2,66.86,0.17,11.1,0.67
2024-11-16,06:30,Flat,93,TSSC,169.6,24.4,25.6,83.12,0.26,66.5,0.22,14.6,0.67
2024-11-16,06:45,Flat,93,TSSC,211.1,24.8,27.0,82.68,0.33,66.14,0.27,18.2,0.67
2024-11-16,07:00,Flat,93,TSSC,252.6,25.1,28.5,82.23,0.39,65.79,0.33,21.6,0.67
2024-11-16,07:15,Flat,93,TSSC,296.5,25.6,30.0,81.74,0.46,65.39,0.39,25.3,0.67
2024-11-16,07:30,Flat,93,TSSC,340.4,26.1,31.6,81.24,0.53,64.99,0.44,28.9,0.67
2024-11-16,07:45,Flat,93,TSSC,384.2,26.6,33.2,80.74,0.6,64.59,0.5,32.5,0.67
2024-11-16,08:00,Flat,93,TSSC,428.1,27.1,34.8,80.24,0.67,64.19,0.56,36.0,0.67
2024-11-16,08:15,Flat,93,TSSC,444.1,27.5,35.6,79.98,0.7,63.98,0.58,37.3,0.67
2024-11-16,08:30,Flat,93,TSSC,460.0,27.9,36.4,79.71,0.72,63.77,0.6,38.5,0.67
2024-11-16,08:45,Flat,93,TSSC,476.0,28.3,37.2,79.45,0.75,63.56,0.63,39.8,0.67
2024-11-16,09:00,Flat,93,TSSC,492.0,28.8,38.1,79.19,0.77,63.35,0.65,41.0,0.67
2024-11-16,09:15,Flat,93,TSSC,503.5,29.0,38.6,79.02,0.79,63.22,0.66,41.9,0.67
2024-11-16,09:30,Flat,93,TSSC,515.0,29.2,39.1,78.86,0.81,63.08,0.68,42.8,0.67
2024-11-16,09:45,Flat,93,TSSC,526.4,29.5,39.7,78.69,0.83,62.95,0.69,43.6,0.67
2024-11-16,10:00,Flat,93,TSSC,537.9,29.7,40.2,78.52,0.85,62.82,0.71,44.5,0.67
2024-11-16,10:15,Flat,93,TSSC,543.3,29.9,40.4,78.44,0.86,62.75,0.72,44.9,0.67
2024-11-16,10:30,Flat,93,TSSC,548.8,30.0,40.7,78.36,0.86,62.69,0.72,45.4,0.67
2024-11-16,10:45,Flat,93,TSSC,554.2,30.1,40.9,78.28,0.87,62.62,0.73,45.8,0.67
2024-11-16,11:00,Flat,93,TSSC,559.6,30.2,41.2,78.2,0.88,62.56,0.74,46.2,0.67
2024-11-16,11:15,Flat,93,TSSC,570.4,30.2,41.5,78.12,0.9,62.49,0.75,47.0,0.67
2024-11-16,11:30,Flat,93,TSSC,581.3,30.2,41.7,78.03,0.92,62.43,0.77,47.9,0.67
2024-11-16,11:45,Flat,93,TSSC,592.1,30.2,42.0,77.95,0.93,62.36,0.78,48.7,0.67
2024-11-16,12:00,Flat,93,TSSC,603.0,30.2,42.2,77.87,0.95,62.3,0.8,49.6,0.67
2024-11-16,12:15,Flat,93,TSSC,567.2,30.1,41.3,78.18,0.89,62.54,0.75,46.8,0.67
2024-11-16,12:30,Flat,93,TSSC,531.5,30.0,40.3,78.48,0.84,62.79,0.7,44.0,0.67
2024-11-16,12:45,Flat,93,TSSC,495.9,29.9,39.3,78.79,0.78,63.03,0.65,41.1,0.67
2024-11-16,13:00,Flat,93,TSSC,460.1,29.9,38.4,79.09,0.72,63.27,0.61,38.3,0.67
2024-11-16,13:15,Flat,93,TSSC,415.7,29.8,37.1,79.48,0.65,63.59,0.55,34.7,0.67
2024-11-16,13:30,Flat,93,TSSC,371.3,29.6,35.9,79.87,0.58,63.9,0.49,31.1,0.67
2024-11-16,13:45,Flat,93,TSSC,326.8,29.5,34.7,80.26,0.51,64.21,0.43,27.5,0.67
2024-11-16,14:00,Flat,93,TSSC,282.4,29.4,33.5,80.65,0.44,64.52,0.37,23.8,0.67
2024-11-16,14:15,Flat,93,TSSC,256.6,29.3,32.7,80.89,0.4,64.71,0.34,21.7,0.67
2024-11-16,14:30,Flat,93,TSSC,230.9,29.1,31.9,81.14,0.36,64.91,0.3,19.6,0.67
2024-11-16,14:45,Flat,93,TSSC,205.1,29.0,31.1,81.38,0.32,65.11,0.27,17.4,0.67
2024-11-16,15:00,Flat,93,TSSC,179.4,28.9,30.4,81.63,0.28,65.3,0.23,15.3,0.67
2024-11-16,15:15,Flat,93,TSSC,152.6,28.7,29.5,81.9,0.24,65.52,0.2,13.0,0.67
2024-11-16,15:30,Flat,93,TSSC,125.8,28.5,28.6,82.18,0.2,65.74,0.16,10.8,0.67
2024-11-16,15:45,Flat,93,TSSC,99.1,28.3,27.8,82.45,0.15,65.96,0.13,8.5,0.67
2024-11-16,16:00,Flat,93,TSSC,72.3,28.1,26.9,82.73,0.11,66.18,0.09,6.2,0.67
2024-11-16,16:15,Flat,93,TSSC,55.2,27.7,26.1,82.97,0.09,66.38,0.07,4.8,0.67
2024-11-16,16:30,Flat,93,TSSC,38.1,27.4,25.4,83.21,0.06,66.57,0.05,3.3,0.67
2024-11-16,16:45,Flat,93,TSSC,21.0,27.1,24.6,83.46,0.03,66.77,0.03,1.8,0.67
2024-11-17,05:15,Flat,93,TSSC,24.8,24.0,21.6,84.41,0.04,67.53,0.03,2.2,0.67
2024-11-17,05:30,Flat,93,TSSC,49.6,24.1,22.3,84.17,0.08,67.34,0.06,4.3,0.67
2024-11-17,05:45,Flat,93,TSSC,74.4,24.2,23.1,83.93,0.12,67.14,0.1,6.5,0.67
2024-11-17,06:00,Flat,93,TSSC,99.2,24.4,23.9,83.69,0.15,66.95,0.13,8.6,0.67
2024-11-17,06:15,Flat,93,TSSC,150.8,24.7,25.5,83.18,0.23,66.54,0.2,13.0,0.67
2024-11-17,06:30,Flat,93,TSSC,202.4,25.0,27.1,82.67,0.31,66.14,0.26,17.4,0.67
2024-11-17,06:45,Flat,93,TSSC,254.0,25.3,28.7,82.16,0.4,65.73,0.33,21.7,0.67
2024-11-17,07:00,Flat,93,TSSC,305.6,25.6,30.3,81.65,0.48,65.32,0.4,26.0,0.67
2024-11-17,07:15,Flat,93,TSSC,358.0,26.1,32.0,81.11,0.56,64.89,0.47,30.4,0.67
2024-11-17,07:30,Flat,93,TSSC,410.3,26.5,33.7,80.56,0.64,64.45,0.54,34.6,0.67
2024-11-17,07:45,Flat,93,TSSC,462.7,26.9,35.5,80.02,0.72,64.01,0.61,38.8,0.67
2024-11-17,08:00,Flat,93,TSSC,515.0,27.3,37.2,79.47,0.81,63.58,0.68,43.0,0.67
2024-11-17,08:15,Flat,93,TSSC,517.3,27.7,37.6,79.33,0.81,63.46,0.68,43.1,0.67
2024-11-17,08:30,Flat,93,TSSC,519.5,28.1,38.1,79.19,0.82,63.35,0.68,43.3,0.67
2024-11-17,08:45,Flat,93,TSSC,521.7,28.5,38.5,79.04,0.82,63.24,0.69,43.4,0.67
2024-11-17,09:00,Flat,93,TSSC,523.9,28.9,39.0,78.9,0.82,63.12,0.69,43.5,0.67
2024-11-17,09:15,Flat,93,TSSC,539.3,29.1,39.6,78.7,0.85,62.96,0.71,44.7,0.67
2024-11-17,09:30,Flat,93,TSSC,554.7,29.4,40.2,78.5,0.87,62.8,0.73,45.9,0.67
2024-11-17,09:45,Flat,93,TSSC,570.1,29.6,40.9,78.3,0.9,62.64,0.75,47.1,0.67
2024-11-17,10:00,Flat,93,TSSC,585.5,29.9,41.5,78.1,0.92,62.48,0.77,48.3,0.67
2024-11-17,10:15,Flat,93,TSSC,598.8,30.0,42.0,77.95,0.94,62.36,0.79,49.3,0.67
2024-11-17,10:30,Flat,93,TSSC,612.1,30.1,42.4,77.8,0.97,62.24,0.81,50.3,0.67
2024-11-17,10:45,Flat,93,TSSC,625.4,30.3,42.9,77.65,0.99,62.12,0.83,51.3,0.67
2024-11-17,11:00,Flat,93,TSSC,638.7,30.4,43.4,77.51,1.01,62.0,0.84,52.3,0.67
2024-11-17,11:15,Flat,93,TSSC,647.0,30.5,43.7,77.41,1.02,61.93,0.86,53.0,0.67
2024-11-17,11:30,Flat,93,TSSC,655.3,30.6,44.0,77.32,1.03,61.86,0.87,53.6,0.67
2024-11-17,11:45,Flat,93,TSSC,663.6,30.7,44.2,77.23,1.05,61.79,0.88,54.2,0.67
2024-11-17,12:00,Flat,93,TSSC,671.9,30.7,44.5,77.14,1.06,61.71,0.89,54.9,0.67
2024-11-17,12:15,Flat,93,TSSC,654.2,30.7,44.1,77.28,1.03,61.83,0.87,53.5,0.67
2024-11-17,12:30,Flat,93,TSSC,636.5,30.7,43.7,77.42,1.0,61.94,0.84,52.1,0.67
2024-11-17,12:45,Flat,93,TSSC,618.9,30.7,43.2,77.56,0.98,62.05,0.82,50.8,0.67
2024-11-17,13:00,Flat,93,TSSC,601.2,30.7,42.8,77.7,0.95,62.16,0.79,49.4,0.67
2024-11-17,13:15,Flat,93,TSSC,567.3,30.7,41.9,77.98,0.89,62.39,0.75,46.7,0.67
2024-11-17,13:30,Flat,93,TSSC,533.3,30.7,41.0,78.27,0.84,62.61,0.7,44.0,0.67
2024-11-17,13:45,Flat,93,TSSC,499.4,30.6,40.1,78.55,0.79,62.84,0.66,41.3,0.67
2024-11-17,14:00,Flat,93,TSSC,465.4,30.6,39.2,78.83,0.73,63.06,0.61,38.6,0.67
2024-11-17,14:15,Flat,93,TSSC,417.9,30.4,37.9,79.25,0.66,63.4,0.55,34.8,0.67
2024-11-17,14:30,Flat,93,TSSC,370.4,30.3,36.5,79.68,0.58,63.74,0.49,31.0,0.67
2024-11-17,14:45,Flat,93,TSSC,322.9,30.1,35.2,80.1,0.51,64.08,0.42,27.1,0.67
2024-11-17,15:00,Flat,93,TSSC,275.4,30.0,33.9,80.52,0.43,64.42,0.36,23.2,0.67
2024-11-17,15:15,Flat,93,TSSC,231.1,29.7,32.4,80.97,0.36,64.78,0.3,19.6,0.67
2024-11-17,15:30,Flat,93,TSSC,186.9,29.4,31.0,81.42,0.29,65.14,0.24,15.9,0.67
2024-11-17,15:45,Flat,93,TSSC,142.7,29.0,29.6,81.87,0.22,65.49,0.19,12.2,0.67
2024-11-17,16:00,Flat,93,TSSC,98.5,28.7,28.2,82.32,0.15,65.85,0.13,8.4,0.67
2024-11-17,16:15,Flat,93,TSSC,74.9,28.4,27.2,82.62,0.12,66.1,0.1,6.4,0.67
2024-11-17,16:30,Flat,93,TSSC,51.2,28.0,26.2,82.93,0.08,66.35,0.07,4.4,0.67
2024-11-17,16:45,Flat,93,TSSC,27.5,27.6,25.3,83.24,0.04,66.59,0.04,2.4,0.67
2024-11-18,05:15,Flat,93,TSSC,17.4,23.3,20.8,84.67,0.03,67.73,0.02,1.5,0.67
2024-11-18,05:30,Flat,93,TSSC,34.8,23.4,21.2,84.52,0.05,67.61,0.04,3.0,0.67
2024-11-18,05:45,Flat,93,TSSC,52.2,23.4,21.7,84.37,0.08,67.49,0.07,4.6,0.67
2024-11-18,06:00,Flat,93,TSSC,69.5,23.5,22.2,84.22,0.11,67.37,0.09,6.1,0.67
2024-11-18,06:15,Flat,93,TSSC,104.5,23.7,23.3,83.85,0.16,67.08,0.14,9.1,0.67
2024-11-18,06:30,Flat,93,TSSC,139.4,24.0,24.5,83.49,0.22,66.8,0.18,12.1,0.67
2024-11-18,06:45,Flat,93,TSSC,174.4,24.3,25.6,83.13,0.27,66.51,0.23,15.1,0.67
2024-11-18,07:00,Flat,93,TSSC,209.3,24.5,26.8,82.77,0.33,66.22,0.27,18.0,0.67
2024-11-18,07:15,Flat,93,TSSC,248.6,24.9,28.1,82.35,0.39,65.88,0.32,21.3,0.67
2024-11-18,07:30,Flat,93,TSSC,287.9,25.2,29.4,81.92,0.45,65.54,0.38,24.6,0.67
2024-11-18,07:45,Flat,93,TSSC,327.2,25.6,30.8,81.5,0.51,65.2,0.43,27.8,0.67
2024-11-18,08:00,Flat,93,TSSC,366.5,25.9,32.1,81.08,0.57,64.86,0.48,31.1,0.67
2024-11-18,08:15,Flat,93,TSSC,400.8,26.4,33.4,80.68,0.63,64.54,0.52,33.9,0.67
2024-11-18,08:30,Flat,93,TSSC,435.1,26.8,34.6,80.28,0.68,64.22,0.57,36.6,0.67
2024-11-18,08:45,Flat,93,TSSC,469.4,27.2,35.9,79.88,0.74,63.9,0.62,39.4,0.67
2024-11-18,09:00,Flat,93,TSSC,503.6,27.6,37.2,79.48,0.79,63.58,0.66,42.1,0.67
2024-11-18,09:15,Flat,93,TSSC,500.2,27.9,37.4,79.4,0.78,63.52,0.66,41.7,0.67
2024-11-18,09:30,Flat,93,TSSC,496.7,28.3,37.7,79.31,0.78,63.45,0.65,41.4,0.67
2024-11-18,09:45,Flat,93,TSSC,493.2,28.6,37.9,79.23,0.77,63.39,0.65,41.1,0.67
2024-11-18,10:00,Flat,93,TSSC,489.7,28.9,38.2,79.15,0.77,63.32,0.64,40.8,0.67
2024-11-18,10:15,Flat,93,TSSC,497.0,29.2,38.6,79.03,0.78,63.22,0.65,41.3,0.67
2024-11-18,10:30,Flat,93,TSSC,504.2,29.4,39.0,78.9,0.79,63.12,0.66,41.9,0.67
2024-11-18,10:45,Flat,93,TSSC,511.5,29.6,39.4,78.77,0.8,63.02,0.67,42.4,0.67
2024-11-18,11:00,Flat,93,TSSC,518.7,29.8,39.8,78.65,0.82,62.92,0.68,43.0,0.67
2024-11-18,11:15,Flat,93,TSSC,513.6,29.9,39.8,78.65,0.81,62.92,0.68,42.6,0.67
2024-11-18,11:30,Flat,93,TSSC,508.4,30.0,39.7,78.66,0.8,62.93,0.67,42.1,0.67
2024-11-18,11:45,Flat,93,TSSC,503.3,30.1,39.7,78.67,0.79,62.93,0.66,41.7,0.67
2024-11-18,12:00,Flat,93,TSSC,498.1,30.2,39.7,78.67,0.78,62.94,0.66,41.3,0.67
2024-11-18,12:15,Flat,93,TSSC,469.2,30.3,39.0,78.89,0.74,63.11,0.62,39.0,0.67
2024-11-18,12:30,Flat,93,TSSC,440.2,30.3,38.3,79.1,0.69,63.28,0.58,36.6,0.67
2024-11-18,12:45,Flat,93,TSSC,411.3,30.4,37.7,79.32,0.65,63.45,0.54,34.3,0.67
2024-11-18,13:00,Flat,93,TSSC,382.3,30.4,37.0,79.53,0.6,63.63,0.5,32.0,0.67
2024-11-18,13:15,Flat,93,TSSC,386.5,30.4,37.0,79.52,0.61,63.61,0.51,32.3,0.67
2024-11-18,13:30,Flat,93,TSSC,390.6,30.3,37.1,79.5,0.61,63.6,0.51,32.6,0.67
2024-11-18,13:45,Flat,93,TSSC,394.7,30.3,37.1,79.49,0.62,63.59,0.52,33.0,0.67
2024-11-18,14:00,Flat,93,TSSC,398.9,30.2,37.2,79.47,0.63,63.58,0.52,33.3,0.67
2024-11-18,14:15,Flat,93,TSSC,355.4,30.0,35.9,79.87,0.56,63.9,0.47,29.8,0.67
2024-11-18,14:30,Flat,93,TSSC,311.9,29.8,34.6,80.28,0.49,64.22,0.41,26.3,0.67
2024-11-18,14:45,Flat,93,TSSC,268.4,29.7,33.4,80.68,0.42,64.54,0.35,22.7,0.67
2024-11-18,15:00,Flat,93,TSSC,225.0,29.5,32.1,81.08,0.35,64.87,0.29,19.1,0.67
2024-11-18,15:15,Flat,93,TSSC,189.0,29.2,30.9,81.45,0.29,65.16,0.25,16.1,0.67
2024-11-18,15:30,Flat,93,TSSC,152.9,28.9,29.8,81.82,0.24,65.46,0.2,13.1,0.67
2024-11-18,15:45,Flat,93,TSSC,116.9,28.7,28.6,82.19,0.18,65.75,0.15,10.0,0.67
2024-11-18,16:00,Flat,93,TSSC,80.9,28.4,27.4,82.56,0.13,66.05,0.11,7.0,0.67
2024-11-18,16:15,Flat,93,TSSC,61.7,28.0,26.6,82.83,0.1,66.27,0.08,5.3,0.67
2024-11-18,16:30,Flat,93,TSSC,42.4,27.6,25.7,83.11,0.07,66.49,0.06,3.7,0.67
2024-11-18,16:45,Flat,93,TSSC,23.2,27.2,24.8,83.39,0.04,66.71,0.03,2.0,0.67
2024-11-19,05:15,Flat,93,TSSC,15.8,23.6,21.0,84.58,0.02,67.67,0.02,1.4,0.67
2024-11-19,05:30,Flat,93,TSSC,31.6,23.7,21.5,84.44,0.05,67.55,0.04,2.8,0.67
2024-11-19,05:45,Flat,93,TSSC,47.3,23.8,22.0,84.29,0.07,67.43,0.06,4.1,0.67
2024-11-19,06:00,Flat,93,TSSC,63.1,23.9,22.4,84.14,0.1,67.31,0.08,5.5,0.67
2024-11-19,06:15,Flat,93,TSSC,92.2,24.1,23.4,83.82,0.14,67.06,0.12,8.0,0.67
2024-11-19,06:30,Flat,93,TSSC,121.2,24.4,24.4,83.51,0.19,66.81,0.16,10.5,0.67
2024-11-19,06:45,Flat,93,TSSC,150.3,24.7,25.4,83.19,0.23,66.55,0.2,13.0,0.67
2024-11-19,07:00,Flat,93,TSSC,179.3,25.0,26.4,82.87,0.28,66.3,0.23,15.5,0.67
2024-11-19,07:15,Flat,93,TSSC,211.3,25.3,27.6,82.5,0.33,66.0,0.27,18.1,0.67
2024-11-19,07:30,Flat,93,TSSC,243.3,25.7,28.8,82.13,0.38,65.7,0.32,20.8,0.67
2024-11-19,07:45,Flat,93,TSSC,275.3,26.1,30.0,81.76,0.43,65.41,0.36,23.5,0.67
2024-11-19,08:00,Flat,93,TSSC,307.3,26.4,31.1,81.39,0.48,65.11,0.4,26.1,0.67
2024-11-19,08:15,Flat,93,TSSC,314.7,26.8,31.7,81.22,0.49,64.97,0.41,26.7,0.67
2024-11-19,08:30,Flat,93,TSSC,322.1,27.2,32.2,81.05,0.5,64.84,0.42,27.3,0.67
2024-11-19,08:45,Flat,93,TSSC,329.4,27.5,32.7,80.87,0.51,64.7,0.43,27.9,0.67
2024-11-19,09:00,Flat,93,TSSC,336.8,27.9,33.3,80.7,0.53,64.56,0.44,28.5,0.67
2024-11-19,09:15,Flat,93,TSSC,347.7,28.1,33.8,80.53,0.54,64.42,0.46,29.3,0.67
2024-11-19,09:30,Flat,93,TSSC,358.6,28.4,34.4,80.35,0.56,64.28,0.47,30.2,0.67
2024-11-19,09:45,Flat,93,TSSC,369.5,28.7,34.9,80.18,0.58,64.14,0.48,31.1,0.67
2024-11-19,10:00,Flat,93,TSSC,380.4,29.0,35.5,80.0,0.6,64.0,0.5,31.9,0.67
2024-11-19,10:15,Flat,93,TSSC,380.1,29.2,35.7,79.94,0.6,63.95,0.5,31.9,0.67
2024-11-19,10:30,Flat,93,TSSC,379.9,29.4,35.9,79.88,0.6,63.9,0.5,31.9,0.67
2024-11-19,10:45,Flat,93,TSSC,379.7,29.6,36.1,79.81,0.6,63.85,0.5,31.8,0.67
2024-11-19,11:00,Flat,93,TSSC,379.5,29.8,36.3,79.75,0.59,63.8,0.5,31.8,0.67
2024-11-19,11:15,Flat,93,TSSC,387.1,29.9,36.6,79.66,0.61,63.73,0.51,32.4,0.67
2024-11-19,11:30,Flat,93,TSSC,394.7,30.0,36.9,79.56,0.62,63.65,0.52,33.0,0.67
2024-11-19,11:45,Flat,93,TSSC,402.3,30.1,37.2,79.47,0.63,63.58,0.53,33.6,0.67
2024-11-19,12:00,Flat,93,TSSC,409.9,30.2,37.5,79.38,0.64,63.5,0.54,34.2,0.67
2024-11-19,12:15,Flat,93,TSSC,397.0,30.2,37.2,79.47,0.62,63.58,0.52,33.2,0.67
2024-11-19,12:30,Flat,93,TSSC,384.0,30.3,36.9,79.57,0.6,63.66,0.5,32.1,0.67
2024-11-19,12:45,Flat,93,TSSC,371.0,30.3,36.6,79.67,0.58,63.74,0.49,31.0,0.67
2024-11-19,13:00,Flat,93,TSSC,358.1,30.3,36.2,79.77,0.56,63.81,0.47,30.0,0.67
2024-11-19,13:15,Flat,93,TSSC,354.2,30.2,36.1,79.83,0.55,63.86,0.46,29.7,0.67
2024-11-19,13:30,Flat,93,TSSC,350.3,30.1,35.9,79.88,0.55,63.91,0.46,29.4,0.67
2024-11-19,13:45,Flat,93,TSSC,346.4,30.0,35.7,79.94,0.54,63.95,0.45,29.1,0.67
2024-11-19,14:00,Flat,93,TSSC,342.6,29.9,35.5,80.0,0.54,64.0,0.45,28.8,0.67
2024-11-19,14:15,Flat,93,TSSC,309.5,29.7,34.5,80.33,0.48,64.26,0.41,26.1,0.67
2024-11-19,14:30,Flat,93,TSSC,276.4,29.5,33.4,80.66,0.43,64.53,0.36,23.3,0.67
2024-11-19,14:45,Flat,93,TSSC,243.3,29.3,32.4,80.99,0.38,64.79,0.32,20.6,0.67
2024-11-19,15:00,Flat,93,TSSC,210.2,29.1,31.3,81.33,0.33,65.06,0.27,17.9,0.67
2024-11-19,15:15,Flat,93,TSSC,179.1,28.8,30.3,81.66,0.28,65.33,0.23,15.3,0.67
2024-11-19,15:30,Flat,93,TSSC,148.0,28.5,29.2,81.99,0.23,65.6,0.19,12.7,0.67
2024-11-19,15:45,Flat,93,TSSC,116.9,28.2,28.2,82.33,0.18,65.86,0.15,10.0,0.67
2024-11-19,16:00,Flat,93,TSSC,85.8,27.9,27.1,82.66,0.13,66.13,0.11,7.4,0.67
2024-11-19,16:15,Flat,93,TSSC,65.3,27.6,26.2,82.95,0.1,66.36,0.08,5.6,0.67
2024-11-19,16:30,Flat,93,TSSC,44.8,27.2,25.3,83.23,0.07,66.58,0.06,3.9,0.67
2024-11-19,16:45,Flat,93,TSSC,24.3,26.8,24.4,83.51,0.04,66.81,0.03,2.1,0.67
2024-11-20,05:15,Flat,93,TSSC,7.8,22.8,20.0,84.9,0.01,67.92,0.01,0.7,0.67
2024-11-20,05:30,Flat,93,TSSC,15.5,22.8,20.2,84.84,0.02,67.87,0.02,1.4,0.67
2024-11-20,05:45,Flat,93,TSSC,23.3,22.8,20.4,84.78,0.04,67.83,0.03,2.0,0.67
2024-11-20,06:00,Flat,93,TSSC,31.1,22.8,20.6,84.73,0.05,67.78,0.04,2.7,0.67
2024-11-20,06:15,Flat,93,TSSC,45.1,22.9,21.1,84.58,0.07,67.66,0.06,3.9,0.67
2024-11-20,06:30,Flat,93,TSSC,59.1,23.0,21.5,84.43,0.09,67.54,0.08,5.2,0.67
2024-11-20,06:45,Flat,93,TSSC,73.2,23.2,22.0,84.28,0.11,67.42,0.09,6.4,0.67
2024-11-20,07:00,Flat,93,TSSC,87.2,23.3,22.5,84.13,0.13,67.31,0.11,7.6,0.67
2024-11-20,07:15,Flat,93,TSSC,99.6,23.5,23.0,83.96,0.15,67.17,0.13,8.7,0.67
2024-11-20,07:30,Flat,93,TSSC,112.0,23.8,23.6,83.78,0.17,67.03,0.15,9.7,0.67
2024-11-20,07:45,Flat,93,TSSC,124.4,24.0,24.1,83.61,0.19,66.89,0.16,10.8,0.67
2024-11-20,08:00,Flat,93,TSSC,136.8,24.2,24.7,83.43,0.21,66.75,0.18,11.8,0.67
2024-11-20,08:15,Flat,93,TSSC,151.1,24.6,25.3,83.22,0.23,66.57,0.2,13.1,0.67
2024-11-20,08:30,Flat,93,TSSC,165.4,24.9,26.0,83.0,0.26,66.4,0.21,14.3,0.67
2024-11-20,08:45,Flat,93,TSSC,179.7,25.2,26.7,82.79,0.28,66.23,0.23,15.5,0.67
2024-11-20,09:00,Flat,93,TSSC,194.0,25.5,27.4,82.57,0.3,66.06,0.25,16.7,0.67
2024-11-20,09:15,Flat,93,TSSC,203.7,25.9,27.9,82.4,0.32,65.92,0.27,17.5,0.67
2024-11-20,09:30,Flat,93,TSSC,213.4,26.2,28.5,82.22,0.33,65.78,0.28,18.3,0.67
2024-11-20,09:45,Flat,93,TSSC,223.1,26.5,29.0,82.05,0.35,65.64,0.29,19.1,0.67
2024-11-20,10:00,Flat,93,TSSC,232.8,26.8,29.6,81.87,0.36,65.5,0.3,19.9,0.67
2024-11-20,10:15,Flat,93,TSSC,231.7,27.0,29.8,81.81,0.36,65.45,0.3,19.8,0.67
2024-11-20,10:30,Flat,93,TSSC,230.5,27.2,30.0,81.75,0.36,65.4,0.3,19.7,0.67
2024-11-20,10:45,Flat,93,TSSC,229.3,27.4,30.2,81.69,0.36,65.35,0.3,19.5,0.67
2024-11-20,11:00,Flat,93,TSSC,228.1,27.7,30.4,81.63,0.36,65.3,0.3,19.4,0.67
2024-11-20,11:15,Flat,93,TSSC,209.6,27.8,30.0,81.74,0.33,65.39,0.27,17.9,0.67
2024-11-20,11:30,Flat,93,TSSC,191.1,27.9,29.7,81.85,0.3,65.48,0.25,16.3,0.67
2024-11-20,11:45,Flat,93,TSSC,172.5,28.0,29.3,81.96,0.27,65.57,0.22,14.7,0.67
2024-11-20,12:00,Flat,93,TSSC,154.0,28.1,29.0,82.07,0.24,65.66,0.2,13.2,0.67
2024-11-20,12:15,Flat,93,TSSC,177.7,28.1,29.5,81.89,0.28,65.51,0.23,15.2,0.67
2024-11-20,12:30,Flat,93,TSSC,201.3,28.1,30.1,81.71,0.31,65.37,0.26,17.2,0.67
2024-11-20,12:45,Flat,93,TSSC,225.0,28.1,30.7,81.53,0.35,65.22,0.29,19.2,0.67
2024-11-20,13:00,Flat,93,TSSC,248.7,28.0,31.2,81.35,0.39,65.08,0.32,21.1,0.67
2024-11-20,13:15,Flat,93,TSSC,214.9,28.0,30.3,81.64,0.33,65.31,0.28,18.3,0.67
2024-11-20,13:30,Flat,93,TSSC,181.1,27.9,29.4,81.93,0.28,65.54,0.24,15.5,0.67
2024-11-20,13:45,Flat,93,TSSC,147.3,27.8,28.5,82.22,0.23,65.78,0.19,12.6,0.67
2024-11-20,14:00,Flat,93,TSSC,113.5,27.7,27.6,82.51,0.18,66.01,0.15,9.7,0.67
2024-11-20,14:15,Flat,93,TSSC,111.0,27.6,27.4,82.56,0.17,66.05,0.14,9.5,0.67
2024-11-20,14:30,Flat,93,TSSC,108.6,27.5,27.2,82.62,0.17,66.09,0.14,9.3,0.67
2024-11-20,14:45,Flat,93,TSSC,106.2,27.4,27.1,82.67,0.16,66.14,0.14,9.1,0.67
2024-11-20,15:00,Flat,93,TSSC,103.8,27.3,26.9,82.72,0.16,66.18,0.13,8.9,0.67
2024-11-20,15:15,Flat,93,TSSC,89.8,27.1,26.4,82.89,0.14,66.31,0.12,7.7,0.67
2024-11-20,15:30,Flat,93,TSSC,75.8,27.0,25.9,83.05,0.12,66.44,0.1,6.5,0.67
2024-11-20,15:45,Flat,93,TSSC,61.8,26.8,25.4,83.22,0.1,66.57,0.08,5.3,0.67
2024-11-20,16:00,Flat,93,TSSC,47.8,26.6,24.8,83.38,0.07,66.7,0.06,4.1,0.67
2024-11-20,16:15,Flat,93,TSSC,36.6,26.4,24.3,83.55,0.06,66.84,0.05,3.2,0.67
2024-11-20,16:30,Flat,93,TSSC,25.4,26.1,23.7,83.73,0.04,66.98,0.03,2.2,0.67
2024-11-20,16:45,Flat,93,TSSC,14.3,25.8,23.2,83.9,0.02,67.12,0.02,1.2,0.67
2024-11-21,05:15,Flat,93,TSSC,10.3,22.3,19.6,85.04,0.02,68.03,0.01,0.9,0.67
2024-11-21,05:30,Flat,93,TSSC,20.6,22.4,19.9,84.94,0.03,67.95,0.03,1.8,0.67
2024-11-21,05:45,Flat,93,TSSC,30.8,22.5,20.2,84.83,0.05,67.87,0.04,2.7,0.67
2024-11-21,06:00,Flat,93,TSSC,41.1,22.5,20.6,84.73,0.06,67.79,0.05,3.6,0.67
2024-11-21,06:15,Flat,93,TSSC,61.7,22.8,21.4,84.48,0.1,67.58,0.08,5.4,0.67
2024-11-21,06:30,Flat,93,TSSC,82.3,23.1,22.2,84.22,0.13,67.38,0.11,7.2,0.67
2024-11-21,06:45,Flat,93,TSSC,103.0,23.4,23.0,83.97,0.16,67.18,0.13,9.0,0.67
2024-11-21,07:00,Flat,93,TSSC,123.6,23.7,23.8,83.71,0.19,66.97,0.16,10.7,0.67
2024-11-21,07:15,Flat,93,TSSC,148.6,24.1,24.8,83.38,0.23,66.71,0.19,12.9,0.67
2024-11-21,07:30,Flat,93,TSSC,173.6,24.5,25.9,83.05,0.27,66.44,0.23,15.0,0.67
2024-11-21,07:45,Flat,93,TSSC,198.6,25.0,26.9,82.72,0.31,66.18,0.26,17.1,0.67
2024-11-21,08:00,Flat,93,TSSC,223.6,25.4,28.0,82.39,0.35,65.91,0.29,19.2,0.67
2024-11-21,08:15,Flat,93,TSSC,245.3,25.8,28.9,82.08,0.38,65.67,0.32,21.0,0.67
2024-11-21,08:30,Flat,93,TSSC,267.1,26.2,29.9,81.78,0.42,65.42,0.35,22.8,0.67
2024-11-21,08:45,Flat,93,TSSC,288.8,26.6,30.9,81.47,0.45,65.18,0.38,24.6,0.67
2024-11-21,09:00,Flat,93,TSSC,310.5,27.1,31.8,81.17,0.48,64.94,0.41,26.4,0.67
2024-11-21,09:15,Flat,93,TSSC,308.4,27.3,32.1,81.09,0.48,64.87,0.4,26.2,0.67
2024-11-21,09:30,Flat,93,TSSC,306.3,27.6,32.3,81.02,0.48,64.81,0.4,26.0,0.67
2024-11-21,09:45,Flat,93,TSSC,304.2,27.9,32.5,80.94,0.47,64.75,0.4,25.8,0.67
2024-11-21,10:00,Flat,93,TSSC,302.1,28.2,32.8,80.86,0.47,64.69,0.4,25.6,0.67
2024-11-21,10:15,Flat,93,TSSC,307.6,28.5,33.1,80.75,0.48,64.6,0.4,26.0,0.67
2024-11-21,10:30,Flat,93,TSSC,313.1,28.7,33.5,80.64,0.49,64.51,0.41,26.4,0.67
2024-11-21,10:45,Flat,93,TSSC,318.6,28.9,33.8,80.53,0.5,64.42,0.42,26.9,0.67
2024-11-21,11:00,Flat,93,TSSC,324.1,29.1,34.2,80.41,0.51,64.33,0.42,27.3,0.67
2024-11-21,11:15,Flat,93,TSSC,334.9,29.2,34.6,80.29,0.52,64.23,0.44,28.2,0.67
2024-11-21,11:30,Flat,93,TSSC,345.6,29.4,35.0,80.16,0.54,64.13,0.45,29.1,0.67
2024-11-21,11:45,Flat,93,TSSC,356.4,29.5,35.4,80.03,0.56,64.02,0.47,29.9,0.67
2024-11-21,12:00,Flat,93,TSSC,367.2,29.6,35.8,79.9,0.58,63.92,0.48,30.8,0.67
2024-11-21,12:15,Flat,93,TSSC,358.3,29.7,35.7,79.95,0.56,63.96,0.47,30.1,0.67
2024-11-21,12:30,Flat,93,TSSC,349.4,29.8,35.5,80.01,0.55,64.0,0.46,29.3,0.67
2024-11-21,12:45,Flat,93,TSSC,340.4,29.8,35.3,80.06,0.53,64.05,0.45,28.6,0.67
2024-11-21,13:00,Flat,93,TSSC,331.4,29.9,35.2,80.11,0.52,64.09,0.43,27.9,0.67
2024-11-21,13:15,Flat,93,TSSC,305.4,29.8,34.5,80.33,0.48,64.27,0.4,25.7,0.67
2024-11-21,13:30,Flat,93,TSSC,279.4,29.8,33.8,80.55,0.44,64.44,0.37,23.6,0.67
2024-11-21,13:45,Flat,93,TSSC,253.3,29.7,33.1,80.77,0.4,64.62,0.33,21.4,0.67
2024-11-21,14:00,Flat,93,TSSC,227.3,29.7,32.4,80.99,0.35,64.79,0.3,19.3,0.67
2024-11-21,14:15,Flat,93,TSSC,209.3,29.6,31.8,81.17,0.33,64.94,0.27,17.8,0.67
2024-11-21,14:30,Flat,93,TSSC,191.3,29.4,31.2,81.36,0.3,65.09,0.25,16.3,0.67
2024-11-21,14:45,Flat,93,TSSC,173.2,29.3,30.6,81.54,0.27,65.24,0.23,14.8,0.67
2024-11-21,15:00,Flat,93,TSSC,155.2,29.2,30.1,81.73,0.24,65.38,0.2,13.2,0.67
2024-11-21,15:15,Flat,93,TSSC,131.2,28.9,29.2,82.01,0.2,65.61,0.17,11.2,0.67
2024-11-21,15:30,Flat,93,TSSC,107.2,28.6,28.3,82.29,0.17,65.83,0.14,9.2,0.67
2024-11-21,15:45,Flat,93,TSSC,83.2,28.3,27.4,82.57,0.13,66.05,0.11,7.1,0.67
2024-11-21,16:00,Flat,93,TSSC,59.1,28.0,26.5,82.85,0.09,66.28,0.08,5.1,0.67
2024-11-21,16:15,Flat,93,TSSC,45.3,27.6,25.7,83.11,0.07,66.49,0.06,3.9,0.67
2024-11-21,16:30,Flat,93,TSSC,31.4,27.1,24.9,83.37,0.05,66.7,0.04,2.7,0.67
2024-11-21,16:45,Flat,93,TSSC,17.6,26.6,24.0,83.63,0.03,66.9,0.02,1.5,0.67
2024-11-22,05:15,Flat,93,TSSC,17.6,22.4,19.8,84.96,0.03,67.97,0.02,1.5,0.67
2024-11-22,05:30,Flat,93,TSSC,35.2,22.5,20.4,84.79,0.05,67.83,0.05,3.1,0.67
2024-11-22,05:45,Flat,93,TSSC,52.8,22.6,20.9,84.62,0.08,67.7,0.07,4.6,0.67
2024-11-22,06:00,Flat,93,TSSC,70.3,22.7,21.4,84.45,0.11,67.56,0.09,6.1,0.67
2024-11-22,06:15,Flat,93,TSSC,112.5,22.9,22.7,84.06,0.17,67.25,0.15,9.8,0.67
2024-11-22,06:30,Flat,93,TSSC,154.6,23.1,23.9,83.67,0.24,66.94,0.2,13.4,0.67
2024-11-22,06:45,Flat,93,TSSC,196.7,23.2,25.2,83.28,0.3,66.62,0.26,17.0,0.67
2024-11-22,07:00,Flat,93,TSSC,238.8,23.4,26.4,82.89,0.37,66.31,0.31,20.6,0.67
2024-11-22,07:15,Flat,93,TSSC,285.6,23.6,27.8,82.45,0.44,65.96,0.37,24.5,0.67
2024-11-22,07:30,Flat,93,TSSC,332.4,23.9,29.2,82.01,0.52,65.61,0.43,28.4,0.67
2024-11-22,07:45,Flat,93,TSSC,379.1,24.1,30.5,81.57,0.59,65.26,0.49,32.3,0.67
2024-11-22,08:00,Flat,93,TSSC,425.9,24.3,31.9,81.13,0.66,64.91,0.56,36.1,0.67
2024-11-22,08:15,Flat,93,TSSC,461.0,24.5,33.1,80.78,0.72,64.62,0.6,39.0,0.67
2024-11-22,08:30,Flat,93,TSSC,496.1,24.8,34.2,80.42,0.78,64.33,0.65,41.8,0.67
2024-11-22,08:45,Flat,93,TSSC,531.3,25.0,35.3,80.06,0.83,64.05,0.7,44.6,0.67
2024-11-22,09:00,Flat,93,TSSC,566.4,25.3,36.4,79.71,0.89,63.76,0.74,47.4,0.67
2024-11-22,09:15,Flat,93,TSSC,583.2,25.5,37.1,79.51,0.91,63.61,0.77,48.7,0.67
2024-11-22,09:30,Flat,93,TSSC,599.9,25.7,37.7,79.31,0.94,63.45,0.79,50.0,0.67
2024-11-22,09:45,Flat,93,TSSC,616.7,25.9,38.3,79.11,0.97,63.29,0.81,51.3,0.67
2024-11-22,10:00,Flat,93,TSSC,633.5,26.1,38.9,78.92,1.0,63.13,0.83,52.6,0.67
2024-11-22,10:15,Flat,93,TSSC,663.6,26.3,39.9,78.62,1.04,62.9,0.87,55.0,0.67
2024-11-22,10:30,Flat,93,TSSC,693.7,26.4,40.8,78.33,1.09,62.67,0.91,57.3,0.67
2024-11-22,10:45,Flat,93,TSSC,723.8,26.6,41.7,78.04,1.14,62.43,0.96,59.6,0.67
2024-11-22,11:00,Flat,93,TSSC,753.9,26.8,42.6,77.75,1.19,62.2,1.0,61.9,0.67
2024-11-22,11:15,Flat,93,TSSC,743.9,26.8,42.4,77.82,1.17,62.25,0.98,61.2,0.67
2024-11-22,11:30,Flat,93,TSSC,734.0,26.9,42.2,77.88,1.16,62.3,0.97,60.4,0.67
2024-11-22,11:45,Flat,93,TSSC,724.0,26.9,42.0,77.95,1.14,62.36,0.96,59.6,0.67
2024-11-22,12:00,Flat,93,TSSC,714.0,26.9,41.8,78.01,1.13,62.41,0.94,58.8,0.67
2024-11-22,12:15,Flat,93,TSSC,692.0,27.0,41.3,78.17,1.09,62.54,0.91,57.1,0.67
2024-11-22,12:30,Flat,93,TSSC,669.9,27.0,40.8,78.33,1.05,62.66,0.88,55.3,0.67
2024-11-22,12:45,Flat,93,TSSC,647.8,27.1,40.3,78.49,1.02,62.79,0.85,53.6,0.67
2024-11-22,13:00,Flat,93,TSSC,625.8,27.1,39.8,78.65,0.98,62.92,0.82,51.9,0.67
2024-11-22,13:15,Flat,93,TSSC,581.1,27.1,38.7,79.0,0.91,63.2,0.76,48.3,0.67
2024-11-22,13:30,Flat,93,TSSC,536.4,27.1,37.5,79.36,0.84,63.49,0.7,44.8,0.67
2024-11-22,13:45,Flat,93,TSSC,491.7,27.1,36.4,79.71,0.77,63.77,0.65,41.2,0.67
2024-11-22,14:00,Flat,93,TSSC,446.9,27.1,35.3,80.07,0.7,64.05,0.59,37.5,0.67
2024-11-22,14:15,Flat,93,TSSC,402.1,27.1,34.1,80.44,0.63,64.35,0.53,33.9,0.67
2024-11-22,14:30,Flat,93,TSSC,357.2,27.0,33.0,80.8,0.56,64.64,0.47,30.2,0.67
2024-11-22,14:45,Flat,93,TSSC,312.4,27.0,31.8,81.17,0.49,64.94,0.41,26.5,0.67
2024-11-22,15:00,Flat,93,TSSC,267.5,27.0,30.7,81.54,0.42,65.23,0.35,22.8,0.67
2024-11-22,15:15,Flat,93,TSSC,224.5,26.9,29.5,81.89,0.35,65.51,0.29,19.2,0.67
2024-11-22,15:30,Flat,93,TSSC,181.4,26.9,28.4,82.25,0.28,65.8,0.24,15.5,0.67
2024-11-22,15:45,Flat,93,TSSC,138.4,26.8,27.3,82.61,0.22,66.08,0.18,11.9,0.67
2024-11-22,16:00,Flat,93,TSSC,95.4,26.8,26.2,82.96,0.15,66.37,0.12,8.2,0.67
2024-11-22,16:15,Flat,93,TSSC,72.5,26.5,25.3,83.22,0.11,66.58,0.09,6.3,0.67
2024-11-22,16:30,Flat,93,TSSC,49.7,26.3,24.5,83.49,0.08,66.79,0.06,4.3,0.67
2024-11-22,16:45,Flat,93,TSSC,26.9,26.0,23.7,83.75,0.04,67.0,0.03,2.3,0.67
2024-11-23,05:15,Flat,93,TSSC,15.1,22.5,19.9,84.94,0.02,67.95,0.02,1.3,0.67
2024-11-23,05:30,Flat,93,TSSC,30.2,22.6,20.3,84.81,0.05,67.84,0.04,2.6,0.67
2024-11-23,05:45,Flat,93,TSSC,45.3,22.6,20.8,84.67,0.07,67.73,0.06,4.0,0.67
2024-11-23,06:00,Flat,93,TSSC,60.4,22.7,21.2,84.53,0.09,67.62,0.08,5.3,0.67
2024-11-23,06:15,Flat,93,TSSC,94.8,23.0,22.4,84.17,0.15,67.33,0.12,8.3,0.67
2024-11-23,06:30,Flat,93,TSSC,129.2,23.3,23.5,83.81,0.2,67.04,0.17,11.2,0.67
2024-11-23,06:45,Flat,93,TSSC,163.6,23.5,24.6,83.45,0.25,66.76,0.21,14.2,0.67
2024-11-23,07:00,Flat,93,TSSC,198.0,23.8,25.8,83.08,0.31,66.47,0.26,17.1,0.67
2024-11-23,07:15,Flat,93,TSSC,236.2,24.3,27.2,82.64,0.37,66.11,0.31,20.3,0.67
2024-11-23,07:30,Flat,93,TSSC,274.5,24.7,28.6,82.19,0.43,65.75,0.36,23.5,0.67
2024-11-23,07:45,Flat,93,TSSC,312.8,25.2,30.0,81.74,0.49,65.39,0.41,26.7,0.67
2024-11-23,08:00,Flat,93,TSSC,351.0,25.6,31.4,81.29,0.55,65.03,0.46,29.8,0.67
2024-11-23,08:15,Flat,93,TSSC,386.0,26.1,32.7,80.88,0.6,64.7,0.5,32.7,0.67
2024-11-23,08:30,Flat,93,TSSC,421.0,26.5,34.1,80.46,0.66,64.37,0.55,35.5,0.67
2024-11-23,08:45,Flat,93,TSSC,456.0,27.0,35.4,80.04,0.71,64.04,0.6,38.3,0.67
2024-11-23,09:00,Flat,93,TSSC,491.0,27.4,36.7,79.63,0.77,63.7,0.64,41.1,0.67
2024-11-23,09:15,Flat,93,TSSC,535.2,27.7,38.1,79.18,0.84,63.34,0.7,44.6,0.67
2024-11-23,09:30,Flat,93,TSSC,579.4,28.0,39.5,78.73,0.91,62.98,0.76,48.0,0.67
2024-11-23,09:45,Flat,93,TSSC,623.5,28.4,41.0,78.28,0.98,62.62,0.82,51.5,0.67
2024-11-23,10:00,Flat,93,TSSC,667.7,28.7,42.4,77.83,1.05,62.26,0.88,54.9,0.67
2024-11-23,10:15,Flat,93,TSSC,679.1,28.9,42.9,77.68,1.07,62.14,0.9,55.8,0.67
2024-11-23,10:30,Flat,93,TSSC,690.5,29.1,43.3,77.52,1.09,62.02,0.91,56.6,0.67
2024-11-23,10:45,Flat,93,TSSC,701.9,29.3,43.8,77.37,1.11,61.9,0.93,57.5,0.67
2024-11-23,11:00,Flat,93,TSSC,713.3,29.5,44.3,77.22,1.13,61.78,0.94,58.3,0.67
2024-11-23,11:15,Flat,93,TSSC,687.4,29.6,43.8,77.39,1.09,61.91,0.91,56.3,0.67
2024-11-23,11:30,Flat,93,TSSC,661.5,29.7,43.2,77.56,1.04,62.05,0.87,54.2,0.67
2024-11-23,11:45,Flat,93,TSSC,635.5,29.8,42.7,77.73,1.0,62.19,0.84,52.2,0.67
2024-11-23,12:00,Flat,93,TSSC,609.6,29.9,42.1,77.9,0.96,62.32,0.8,50.2,0.67
2024-11-23,12:15,Flat,93,TSSC,571.7,29.9,41.2,78.2,0.9,62.56,0.75,47.2,0.67
2024-11-23,12:30,Flat,93,TSSC,533.8,29.9,40.3,78.5,0.84,62.8,0.7,44.2,0.67
2024-11-23,12:45,Flat,93,TSSC,496.0,29.9,39.3,78.79,0.78,63.04,0.65,41.2,0.67
2024-11-23,13:00,Flat,93,TSSC,458.1,29.9,38.4,79.09,0.72,63.27,0.6,38.1,0.67
2024-11-23,13:15,Flat,93,TSSC,433.8,29.9,37.7,79.29,0.68,63.43,0.57,36.2,0.67
2024-11-23,13:30,Flat,93,TSSC,409.5,29.9,37.1,79.49,0.64,63.59,0.54,34.2,0.67
2024-11-23,13:45,Flat,93,TSSC,385.2,29.9,36.5,79.69,0.6,63.75,0.51,32.2,0.67
2024-11-23,14:00,Flat,93,TSSC,360.9,29.8,35.9,79.89,0.57,63.91,0.47,30.3,0.67
2024-11-23,14:15,Flat,93,TSSC,323.6,29.7,34.8,80.22,0.51,64.18,0.42,27.2,0.67
2024-11-23,14:30,Flat,93,TSSC,286.3,29.6,33.8,80.55,0.45,64.44,0.37,24.2,0.67
2024-11-23,14:45,Flat,93,TSSC,249.0,29.5,32.7,80.88,0.39,64.7,0.33,21.1,0.67
2024-11-23,15:00,Flat,93,TSSC,211.8,29.4,31.7,81.21,0.33,64.97,0.28,18.0,0.67
2024-11-23,15:15,Flat,93,TSSC,178.5,29.1,30.6,81.55,0.28,65.24,0.23,15.2,0.67
2024-11-23,15:30,Flat,93,TSSC,145.2,28.9,29.5,81.89,0.23,65.51,0.19,12.4,0.67
2024-11-23,15:45,Flat,93,TSSC,112.0,28.6,28.4,82.24,0.17,65.79,0.15,9.6,0.67
2024-11-23,16:00,Flat,93,TSSC,78.7,28.4,27.4,82.58,0.12,66.06,0.1,6.8,0.67
2024-11-23,16:15,Flat,93,TSSC,60.1,27.9,26.4,82.88,0.09,66.3,0.08,5.2,0.67
2024-11-23,16:30,Flat,93,TSSC,41.6,27.4,25.5,83.18,0.06,66.54,0.05,3.6,0.67
2024-11-23,16:45,Flat,93,TSSC,23.1,26.9,24.5,83.48,0.04,66.78,0.03,2.0,0.67
2024-11-24,05:15,Flat,93,TSSC,19.0,22.7,20.2,84.86,0.03,67.89,0.02,1.7,0.67
2024-11-24,05:30,Flat,93,TSSC,38.0,22.9,20.8,84.65,0.06,67.72,0.05,3.3,0.67
2024-11-24,05:45,Flat,93,TSSC,57.0,23.1,21.5,84.44,0.09,67.55,0.07,5.0,0.67
2024-11-24,06:00,Flat,93,TSSC,76.0,23.2,22.2,84.23,0.12,67.38,0.1,6.6,0.67
2024-11-24,06:15,Flat,93,TSSC,120.9,23.7,23.7,83.73,0.19,66.98,0.16,10.5,0.67
2024-11-24,06:30,Flat,93,TSSC,165.7,24.2,25.3,83.23,0.26,66.58,0.22,14.3,0.67
2024-11-24,06:45,Flat,93,TSSC,210.5,24.6,26.9,82.72,0.33,66.18,0.27,18.1,0.67
2024-11-24,07:00,Flat,93,TSSC,255.3,25.1,28.5,82.22,0.4,65.78,0.33,21.9,0.67
2024-11-24,07:15,Flat,93,TSSC,301.5,25.6,30.1,81.72,0.47,65.37,0.39,25.7,0.67
2024-11-24,07:30,Flat,93,TSSC,347.8,26.0,31.7,81.21,0.54,64.97,0.45,29.5,0.67
2024-11-24,07:45,Flat,93,TSSC,394.1,26.4,33.3,80.7,0.62,64.56,0.52,33.3,0.67
2024-11-24,08:00,Flat,93,TSSC,440.4,26.9,34.9,80.19,0.69,64.15,0.58,37.0,0.67
2024-11-24,08:15,Flat,93,TSSC,488.3,27.2,36.4,79.71,0.77,63.77,0.64,40.9,0.67
2024-11-24,08:30,Flat,93,TSSC,536.1,27.5,37.9,79.23,0.84,63.38,0.7,44.7,0.67
2024-11-24,08:45,Flat,93,TSSC,584.0,27.9,39.5,78.75,0.92,63.0,0.77,48.4,0.67
2024-11-24,09:00,Flat,93,TSSC,631.9,28.2,41.0,78.27,0.99,62.61,0.83,52.2,0.67
2024-11-24,09:15,Flat,93,TSSC,640.0,28.4,41.4,78.12,1.01,62.5,0.84,52.8,0.67
2024-11-24,09:30,Flat,93,TSSC,648.1,28.7,41.9,77.98,1.02,62.39,0.86,53.4,0.67
2024-11-24,09:45,Flat,93,TSSC,656.2,28.9,42.3,77.84,1.03,62.27,0.87,54.0,0.67
2024-11-24,10:00,Flat,93,TSSC,664.3,29.2,42.8,77.7,1.05,62.16,0.88,54.5,0.67
2024-11-24,10:15,Flat,93,TSSC,659.2,29.3,42.8,77.69,1.04,62.15,0.87,54.1,0.67
2024-11-24,10:30,Flat,93,TSSC,654.1,29.5,42.9,77.67,1.03,62.14,0.86,53.7,0.67
2024-11-24,10:45,Flat,93,TSSC,649.0,29.7,42.9,77.66,1.02,62.13,0.86,53.3,0.67
2024-11-24,11:00,Flat,93,TSSC,643.9,29.8,42.9,77.65,1.02,62.12,0.85,52.8,0.67
2024-11-24,11:15,Flat,93,TSSC,639.2,29.9,42.9,77.67,1.01,62.14,0.84,52.5,0.67
2024-11-24,11:30,Flat,93,TSSC,634.5,29.9,42.8,77.69,1.0,62.15,0.84,52.1,0.67
2024-11-24,11:45,Flat,93,TSSC,629.8,30.0,42.7,77.71,0.99,62.17,0.83,51.7,0.67
2024-11-24,12:00,Flat,93,TSSC,625.0,30.0,42.7,77.74,0.99,62.19,0.83,51.3,0.67
2024-11-24,12:15,Flat,93,TSSC,590.9,30.0,41.7,78.03,0.93,62.42,0.78,48.7,0.67
2024-11-24,12:30,Flat,93,TSSC,556.8,29.9,40.8,78.32,0.88,62.66,0.73,46.0,0.67
2024-11-24,12:45,Flat,93,TSSC,522.6,29.8,39.9,78.61,0.82,62.89,0.69,43.3,0.67
2024-11-24,13:00,Flat,93,TSSC,488.5,29.8,39.0,78.91,0.77,63.13,0.64,40.6,0.67
2024-11-24,13:15,Flat,93,TSSC,453.0,29.6,38.0,79.22,0.71,63.38,0.6,37.7,0.67
2024-11-24,13:30,Flat,93,TSSC,417.5,29.5,37.0,79.54,0.65,63.63,0.55,34.9,0.67
2024-11-24,13:45,Flat,93,TSSC,382.0,29.4,36.0,79.85,0.6,63.88,0.5,32.0,0.67
2024-11-24,14:00,Flat,93,TSSC,346.6,29.3,35.0,80.16,0.54,64.13,0.45,29.1,0.67
2024-11-24,14:15,Flat,93,TSSC,310.8,29.2,33.9,80.5,0.49,64.4,0.41,26.2,0.67
2024-11-24,14:30,Flat,93,TSSC,275.0,29.0,32.9,80.84,0.43,64.67,0.36,23.3,0.67
2024-11-24,14:45,Flat,93,TSSC,239.2,28.8,31.8,81.18,0.37,64.94,0.31,20.3,0.67
2024-11-24,15:00,Flat,93,TSSC,203.4,28.6,30.7,81.51,0.32,65.21,0.27,17.3,0.67
2024-11-24,15:15,Flat,93,TSSC,172.7,28.4,29.7,81.84,0.27,65.47,0.23,14.7,0.67
2024-11-24,15:30,Flat,93,TSSC,142.1,28.1,28.7,82.17,0.22,65.74,0.19,12.2,0.67
2024-11-24,15:45,Flat,93,TSSC,111.4,27.8,27.6,82.5,0.17,66.0,0.14,9.6,0.67
2024-11-24,16:00,Flat,93,TSSC,80.7,27.6,26.6,82.83,0.13,66.26,0.1,6.9,0.67
2024-11-24,16:15,Flat,93,TSSC,61.5,27.2,25.7,83.11,0.1,66.49,0.08,5.3,0.67
2024-11-24,16:30,Flat,93,TSSC,42.3,26.7,24.8,83.39,0.07,66.71,0.05,3.7,0.67
2024-11-24,16:45,Flat,93,TSSC,23.1,26.3,23.9,83.67,0.04,66.94,0.03,2.0,0.67
2024-11-25,05:15,Flat,93,TSSC,15.9,22.6,20.0,84.91,0.02,67.93,0.02,1.4,0.67
2024-11-25,05:30,Flat,93,TSSC,31.8,22.7,20.5,84.74,0.05,67.79,0.04,2.8,0.67
2024-11-25,05:45,Flat,93,TSSC,47.7,22.9,21.1,84.57,0.07,67.66,0.06,4.2,0.67
2024-11-25,06:00,Flat,93,TSSC,63.6,23.0,21.6,84.4,0.1,67.52,0.08,5.6,0.67
2024-11-25,06:15,Flat,93,TSSC,103.4,23.3,22.9,84.0,0.16,67.2,0.13,9.0,0.67
2024-11-25,06:30,Flat,93,TSSC,143.1,23.6,24.2,83.59,0.22,66.87,0.19,12.4,0.67
2024-11-25,06:45,Flat,93,TSSC,182.9,23.9,25.5,83.18,0.28,66.54,0.24,15.8,0.67
2024-11-25,07:00,Flat,93,TSSC,222.6,24.2,26.8,82.77,0.35,66.22,0.29,19.2,0.67
2024-11-25,07:15,Flat,93,TSSC,265.5,24.4,28.1,82.36,0.41,65.88,0.35,22.8,0.67
2024-11-25,07:30,Flat,93,TSSC,308.3,24.7,29.4,81.94,0.48,65.55,0.4,26.3,0.67
2024-11-25,07:45,Flat,93,TSSC,351.1,24.9,30.7,81.52,0.55,65.22,0.46,29.9,0.67
2024-11-25,08:00,Flat,93,TSSC,393.9,25.2,32.0,81.11,0.61,64.88,0.51,33.4,0.67
2024-11-25,08:15,Flat,93,TSSC,436.4,25.4,33.3,80.71,0.68,64.57,0.57,36.9,0.67
2024-11-25,08:30,Flat,93,TSSC,478.8,25.6,34.5,80.31,0.75,64.25,0.63,40.3,0.67
2024-11-25,08:45,Flat,93,TSSC,521.2,25.8,35.8,79.91,0.82,63.93,0.68,43.7,0.67
2024-11-25,09:00,Flat,93,TSSC,563.6,26.0,37.1,79.51,0.88,63.61,0.74,47.1,0.67
2024-11-25,09:15,Flat,93,TSSC,594.1,26.1,38.0,79.21,0.93,63.37,0.78,49.5,0.67
2024-11-25,09:30,Flat,93,TSSC,624.6,26.3,38.9,78.91,0.98,63.13,0.82,51.9,0.67
2024-11-25,09:45,Flat,93,TSSC,655.1,26.5,39.9,78.62,1.03,62.89,0.86,54.3,0.67
2024-11-25,10:00,Flat,93,TSSC,685.6,26.7,40.8,78.32,1.08,62.65,0.9,56.6,0.67
2024-11-25,10:15,Flat,93,TSSC,674.6,26.8,40.7,78.36,1.06,62.69,0.89,55.8,0.67
2024-11-25,10:30,Flat,93,TSSC,663.7,27.0,40.6,78.4,1.04,62.72,0.87,54.9,0.67
2024-11-25,10:45,Flat,93,TSSC,652.7,27.1,40.4,78.44,1.03,62.75,0.86,54.0,0.67
2024-11-25,11:00,Flat,93,TSSC,641.7,27.3,40.3,78.48,1.01,62.78,0.85,53.1,0.67
2024-11-25,11:15,Flat,93,TSSC,577.4,27.4,38.8,78.96,0.91,63.17,0.76,48.0,0.67
2024-11-25,11:30,Flat,93,TSSC,513.1,27.4,37.3,79.44,0.8,63.55,0.67,42.8,0.67
2024-11-25,11:45,Flat,93,TSSC,448.8,27.5,35.8,79.92,0.7,63.94,0.59,37.6,0.67
2024-11-25,12:00,Flat,93,TSSC,384.5,27.6,34.2,80.4,0.6,64.32,0.5,32.4,0.67
2024-11-25,12:15,Flat,93,TSSC,389.4,27.7,34.4,80.36,0.61,64.28,0.51,32.8,0.67
2024-11-25,12:30,Flat,93,TSSC,394.3,27.7,34.5,80.31,0.62,64.25,0.52,33.2,0.67
2024-11-25,12:45,Flat,93,TSSC,399.2,27.7,34.7,80.26,0.62,64.21,0.52,33.6,0.67
2024-11-25,13:00,Flat,93,TSSC,404.1,27.7,34.8,80.22,0.63,64.17,0.53,34.0,0.67
2024-11-25,13:15,Flat,93,TSSC,371.6,27.7,34.0,80.49,0.58,64.39,0.49,31.3,0.67
2024-11-25,13:30,Flat,93,TSSC,339.1,27.6,33.1,80.76,0.53,64.61,0.44,28.7,0.67
2024-11-25,13:45,Flat,93,TSSC,306.6,27.6,32.3,81.03,0.48,64.82,0.4,26.0,0.67
2024-11-25,14:00,Flat,93,TSSC,274.1,27.6,31.4,81.3,0.43,65.04,0.36,23.3,0.67
2024-11-25,14:15,Flat,93,TSSC,248.0,27.4,30.6,81.54,0.39,65.24,0.32,21.1,0.67
2024-11-25,14:30,Flat,93,TSSC,221.9,27.3,29.9,81.79,0.35,65.43,0.29,18.9,0.67
2024-11-25,14:45,Flat,93,TSSC,195.8,27.2,29.1,82.03,0.3,65.63,0.26,16.7,0.67
2024-11-25,15:00,Flat,93,TSSC,169.7,27.1,28.3,82.28,0.26,65.82,0.22,14.5,0.67
2024-11-25,15:15,Flat,93,TSSC,144.2,26.9,27.5,82.55,0.22,66.04,0.19,12.4,0.67
2024-11-25,15:30,Flat,93,TSSC,118.7,26.6,26.6,82.82,0.18,66.26,0.15,10.2,0.67
2024-11-25,15:45,Flat,93,TSSC,93.1,26.4,25.7,83.1,0.14,66.48,0.12,8.0,0.67
2024-11-25,16:00,Flat,93,TSSC,67.6,26.2,24.9,83.37,0.1,66.7,0.09,5.9,0.67
2024-11-25,16:15,Flat,93,TSSC,51.6,25.8,24.1,83.6,0.08,66.88,0.07,4.5,0.67
2024-11-25,16:30,Flat,93,TSSC,35.6,25.5,23.4,83.83,0.06,67.07,0.05,3.1,0.67
2024-11-25,16:45,Flat,93,TSSC,19.7,25.2,22.7,84.07,0.03,67.25,0.03,1.7,0.67
2024-11-26,05:15,Flat,93,TSSC,10.4,22.3,19.5,85.06,0.02,68.05,0.01,0.9,0.67
2024-11-26,05:30,Flat,93,TSSC,20.9,22.3,19.9,84.96,0.03,67.97,0.03,1.8,0.67
2024-11-26,05:45,Flat,93,TSSC,31.3,22.4,20.2,84.85,0.05,67.88,0.04,2.7,0.67
2024-11-26,06:00,Flat,93,TSSC,41.8,22.5,20.5,84.75,0.06,67.8,0.05,3.7,0.67
2024-11-26,06:15,Flat,93,TSSC,62.8,22.7,21.3,84.51,0.1,67.6,0.08,5.5,0.67
2024-11-26,06:30,Flat,93,TSSC,83.8,22.9,22.0,84.27,0.13,67.41,0.11,7.3,0.67
2024-11-26,06:45,Flat,93,TSSC,104.9,23.2,22.8,84.02,0.16,67.22,0.14,9.1,0.67
2024-11-26,07:00,Flat,93,TSSC,125.9,23.4,23.6,83.78,0.19,67.03,0.16,10.9,0.67
2024-11-26,07:15,Flat,93,TSSC,150.0,23.6,24.4,83.53,0.23,66.82,0.19,13.0,0.67
2024-11-26,07:30,Flat,93,TSSC,174.1,23.8,25.2,83.27,0.27,66.62,0.23,15.1,0.67
2024-11-26,07:45,Flat,93,TSSC,198.1,24.0,26.0,83.02,0.31,66.41,0.26,17.1,0.67
2024-11-26,08:00,Flat,93,TSSC,222.2,24.2,26.8,82.76,0.35,66.21,0.29,19.1,0.67
2024-11-26,08:15,Flat,93,TSSC,229.3,24.5,27.2,82.63,0.36,66.1,0.3,19.7,0.67
2024-11-26,08:30,Flat,93,TSSC,236.4,24.7,27.6,82.5,0.37,66.0,0.31,20.3,0.67
2024-11-26,08:45,Flat,93,TSSC,243.5,25.0,28.0,82.36,0.38,65.89,0.32,20.9,0.67
2024-11-26,09:00,Flat,93,TSSC,250.7,25.2,28.5,82.23,0.39,65.78,0.33,21.5,0.67
2024-11-26,09:15,Flat,93,TSSC,248.6,25.4,28.7,82.17,0.39,65.74,0.32,21.3,0.67
2024-11-26,09:30,Flat,93,TSSC,246.5,25.7,28.8,82.11,0.38,65.69,0.32,21.1,0.67
2024-11-26,09:45,Flat,93,TSSC,244.4,25.9,29.0,82.05,0.38,65.64,0.32,20.9,0.67
2024-11-26,10:00,Flat,93,TSSC,242.3,26.2,29.2,81.99,0.38,65.59,0.32,20.7,0.67
2024-11-26,10:15,Flat,93,TSSC,235.4,26.4,29.3,81.98,0.37,65.58,0.31,20.1,0.67
2024-11-26,10:30,Flat,93,TSSC,228.5,26.6,29.3,81.96,0.36,65.57,0.3,19.5,0.67
2024-11-26,10:45,Flat,93,TSSC,221.6,26.8,29.4,81.94,0.34,65.55,0.29,18.9,0.67
2024-11-26,11:00,Flat,93,TSSC,214.7,27.1,29.4,81.93,0.33,65.54,0.28,18.3,0.67
2024-11-26,11:15,Flat,93,TSSC,203.2,27.2,29.2,81.98,0.32,65.59,0.26,17.4,0.67
2024-11-26,11:30,Flat,93,TSSC,191.6,27.3,29.1,82.04,0.3,65.63,0.25,16.4,0.67
2024-11-26,11:45,Flat,93,TSSC,180.0,27.4,28.9,82.1,0.28,65.68,0.23,15.4,0.67
2024-11-26,12:00,Flat,93,TSSC,168.5,27.5,28.7,82.16,0.26,65.72,0.22,14.4,0.67
2024-11-26,12:15,Flat,93,TSSC,169.6,27.4,28.6,82.18,0.26,65.74,0.22,14.5,0.67
2024-11-26,12:30,Flat,93,TSSC,170.8,27.3,28.6,82.2,0.27,65.76,0.22,14.6,0.67
2024-11-26,12:45,Flat,93,TSSC,171.9,27.2,28.5,82.23,0.27,65.78,0.22,14.7,0.67
2024-11-26,13:00,Flat,93,TSSC,173.1,27.1,28.4,82.25,0.27,65.8,0.23,14.8,0.67
2024-11-26,13:15,Flat,93,TSSC,159.3,27.0,27.9,82.4,0.25,65.92,0.21,13.7,0.67
2024-11-26,13:30,Flat,93,TSSC,145.5,26.8,27.5,82.55,0.23,66.04,0.19,12.5,0.67
2024-11-26,13:45,Flat,93,TSSC,131.7,26.7,27.0,82.7,0.2,66.16,0.17,11.3,0.67
2024-11-26,14:00,Flat,93,TSSC,117.8,26.6,26.5,82.84,0.18,66.28,0.15,10.2,0.67
2024-11-26,14:15,Flat,93,TSSC,106.9,26.5,26.2,82.96,0.17,66.37,0.14,9.2,0.67
2024-11-26,14:30,Flat,93,TSSC,96.0,26.4,25.8,83.08,0.15,66.46,0.12,8.3,0.67
2024-11-26,14:45,Flat,93,TSSC,85.1,26.3,25.4,83.2,0.13,66.56,0.11,7.4,0.67
2024-11-26,15:00,Flat,93,TSSC,74.1,26.2,25.0,83.31,0.11,66.65,0.1,6.4,0.67
2024-11-26,15:15,Flat,93,TSSC,63.3,26.1,24.7,83.44,0.1,66.75,0.08,5.5,0.67
2024-11-26,15:30,Flat,93,TSSC,52.4,26.0,24.3,83.56,0.08,66.85,0.07,4.5,0.67
2024-11-26,15:45,Flat,93,TSSC,41.6,25.8,23.9,83.68,0.06,66.95,0.05,3.6,0.67
2024-11-26,16:00,Flat,93,TSSC,30.7,25.7,23.5,83.8,0.05,67.04,0.04,2.7,0.67
2024-11-26,16:15,Flat,93,TSSC,23.5,25.5,23.1,83.92,0.04,67.14,0.03,2.0,0.67
2024-11-26,16:30,Flat,93,TSSC,16.2,25.3,22.7,84.04,0.03,67.23,0.02,1.4,0.67
2024-11-26,16:45,Flat,93,TSSC,9.0,25.1,22.4,84.16,0.01,67.33,0.01,0.8,0.67
2024-11-27,05:15,Flat,93,TSSC,6.4,22.6,19.7,85.0,0.01,68.0,0.01,0.6,0.67
2024-11-27,05:30,Flat,93,TSSC,12.8,22.6,19.9,84.94,0.02,67.95,0.02,1.1,0.67
2024-11-27,05:45,Flat,93,TSSC,19.1,22.6,20.1,84.87,0.03,67.9,0.02,1.7,0.67
2024-11-27,06:00,Flat,93,TSSC,25.5,22.7,20.3,84.8,0.04,67.84,0.03,2.2,0.67
2024-11-27,06:15,Flat,93,TSSC,38.4,22.9,20.8,84.64,0.06,67.72,0.05,3.4,0.67
2024-11-27,06:30,Flat,93,TSSC,51.2,23.1,21.3,84.49,0.08,67.59,0.07,4.5,0.67
2024-11-27,06:45,Flat,93,TSSC,64.1,23.2,21.8,84.33,0.1,67.46,0.08,5.6,0.67
2024-11-27,07:00,Flat,93,TSSC,76.9,23.4,22.4,84.17,0.12,67.33,0.1,6.7,0.67
2024-11-27,07:15,Flat,93,TSSC,91.2,23.7,22.9,83.98,0.14,67.18,0.12,7.9,0.67
2024-11-27,07:30,Flat,93,TSSC,105.5,23.9,23.5,83.79,0.16,67.04,0.14,9.2,0.67
2024-11-27,07:45,Flat,93,TSSC,119.8,24.1,24.1,83.61,0.19,66.89,0.16,10.4,0.67
2024-11-27,08:00,Flat,93,TSSC,134.1,24.4,24.7,83.42,0.21,66.74,0.17,11.6,0.67
2024-11-27,08:15,Flat,93,TSSC,167.7,24.6,25.8,83.08,0.26,66.46,0.22,14.5,0.67
2024-11-27,08:30,Flat,93,TSSC,201.3,24.9,26.9,82.73,0.31,66.18,0.26,17.3,0.67
2024-11-27,08:45,Flat,93,TSSC,235.0,25.1,28.0,82.38,0.37,65.91,0.31,20.2,0.67
2024-11-27,09:00,Flat,93,TSSC,268.6,25.4,29.1,82.04,0.42,65.63,0.35,23.0,0.67
2024-11-27,09:15,Flat,93,TSSC,270.1,25.6,29.3,81.96,0.42,65.57,0.35,23.1,0.67
2024-11-27,09:30,Flat,93,TSSC,271.6,25.8,29.5,81.89,0.42,65.51,0.35,23.2,0.67
2024-11-27,09:45,Flat,93,TSSC,273.2,25.9,29.8,81.82,0.43,65.45,0.36,23.3,0.67
2024-11-27,10:00,Flat,93,TSSC,274.7,26.1,30.0,81.74,0.43,65.39,0.36,23.4,0.67
2024-11-27,10:15,Flat,93,TSSC,257.8,26.3,29.7,81.84,0.4,65.47,0.34,22.0,0.67
2024-11-27,10:30,Flat,93,TSSC,240.9,26.4,29.4,81.94,0.37,65.55,0.31,20.6,0.67
2024-11-27,10:45,Flat,93,TSSC,224.0,26.5,29.1,82.03,0.35,65.63,0.29,19.2,0.67
2024-11-27,11:00,Flat,93,TSSC,207.1,26.6,28.8,82.13,0.32,65.71,0.27,17.7,0.67
2024-11-27,11:15,Flat,93,TSSC,194.4,26.7,28.5,82.21,0.3,65.77,0.25,16.7,0.67
2024-11-27,11:30,Flat,93,TSSC,181.8,26.8,28.3,82.28,0.28,65.83,0.24,15.6,0.67
2024-11-27,11:45,Flat,93,TSSC,169.2,26.8,28.1,82.36,0.26,65.89,0.22,14.5,0.67
2024-11-27,12:00,Flat,93,TSSC,156.6,26.9,27.8,82.43,0.24,65.95,0.2,13.4,0.67
2024-11-27,12:15,Flat,93,TSSC,159.8,27.0,28.0,82.39,0.25,65.91,0.21,13.7,0.67
2024-11-27,12:30,Flat,93,TSSC,163.0,27.0,28.1,82.35,0.25,65.88,0.21,14.0,0.67
2024-11-27,12:45,Flat,93,TSSC,166.2,27.1,28.2,82.3,0.26,65.84,0.22,14.2,0.67
2024-11-27,13:00,Flat,93,TSSC,169.4,27.1,28.4,82.26,0.26,65.81,0.22,14.5,0.67
2024-11-27,13:15,Flat,93,TSSC,158.0,27.1,28.1,82.35,0.25,65.88,0.21,13.6,0.67
2024-11-27,13:30,Flat,93,TSSC,146.7,27.1,27.8,82.44,0.23,65.95,0.19,12.6,0.67
2024-11-27,13:45,Flat,93,TSSC,135.3,27.1,27.5,82.54,0.21,66.03,0.18,11.6,0.67
2024-11-27,14:00,Flat,93,TSSC,124.0,27.1,27.2,82.63,0.19,66.1,0.16,10.7,0.67
2024-11-27,14:15,Flat,93,TSSC,112.8,27.0,26.8,82.75,0.18,66.2,0.15,9.7,0.67
2024-11-27,14:30,Flat,93,TSSC,101.6,26.9,26.5,82.86,0.16,66.29,0.13,8.8,0.67
2024-11-27,14:45,Flat,93,TSSC,90.4,26.8,26.1,82.98,0.14,66.38,0.12,7.8,0.67
2024-11-27,15:00,Flat,93,TSSC,79.2,26.8,25.7,83.1,0.12,66.48,0.1,6.8,0.67
2024-11-27,15:15,Flat,93,TSSC,68.2,26.6,25.3,83.24,0.11,66.59,0.09,5.9,0.67
2024-11-27,15:30,Flat,93,TSSC,57.2,26.4,24.8,83.39,0.09,66.71,0.07,4.9,0.67
2024-11-27,15:45,Flat,93,TSSC,46.1,26.2,24.3,83.54,0.07,66.83,0.06,4.0,0.67
2024-11-27,16:00,Flat,93,TSSC,35.1,26.0,23.9,83.68,0.05,66.95,0.05,3.0,0.67
2024-11-27,16:15,Flat,93,TSSC,26.9,25.7,23.4,83.83,0.04,67.07,0.03,2.3,0.67
2024-11-27,16:30,Flat,93,TSSC,18.7,25.5,22.9,83.98,0.03,67.18,0.02,1.6,0.67
2024-11-27,16:45,Flat,93,TSSC,10.5,25.2,22.5,84.13,0.02,67.3,0.01,0.9,0.67
2024-11-28,05:15,Flat,93,TSSC,10.1,22.5,19.7,85.0,0.02,68.0,0.01,0.9,0.67
2024-11-28,05:30,Flat,93,TSSC,20.1,22.6,20.1,84.89,0.03,67.91,0.03,1.8,0.67
2024-11-28,05:45,Flat,93,TSSC,30.2,22.7,20.4,84.78,0.05,67.82,0.04,2.6,0.67
2024-11-28,06:00,Flat,93,TSSC,40.2,22.8,20.8,84.67,0.06,67.73,0.05,3.5,0.67
2024-11-28,06:15,Flat,93,TSSC,63.2,23.0,21.6,84.4,0.1,67.52,0.08,5.5,0.67
2024-11-28,06:30,Flat,93,TSSC,86.1,23.3,22.4,84.14,0.13,67.31,0.11,7.5,0.67
2024-11-28,06:45,Flat,93,TSSC,109.1,23.5,23.3,83.88,0.17,67.1,0.14,9.5,0.67
2024-11-28,07:00,Flat,93,TSSC,132.1,23.8,24.1,83.61,0.2,66.89,0.17,11.5,0.67
2024-11-28,07:15,Flat,93,TSSC,147.5,24.0,24.7,83.41,0.23,66.73,0.19,12.8,0.67
2024-11-28,07:30,Flat,93,TSSC,162.9,24.3,25.4,83.21,0.25,66.57,0.21,14.1,0.67
2024-11-28,07:45,Flat,93,TSSC,178.3,24.5,26.0,83.01,0.28,66.41,0.23,15.4,0.67
2024-11-28,08:00,Flat,93,TSSC,193.7,24.8,26.6,82.81,0.3,66.25,0.25,16.7,0.67
2024-11-28,08:15,Flat,93,TSSC,235.4,25.1,28.0,82.37,0.37,65.9,0.31,20.2,0.67
2024-11-28,08:30,Flat,93,TSSC,277.1,25.5,29.4,81.93,0.43,65.54,0.36,23.7,0.67
2024-11-28,08:45,Flat,93,TSSC,318.8,25.8,30.8,81.49,0.5,65.19,0.42,27.1,0.67
2024-11-28,09:00,Flat,93,TSSC,360.6,26.2,32.2,81.05,0.56,64.84,0.47,30.6,0.67
2024-11-28,09:15,Flat,93,TSSC,382.2,26.5,33.1,80.77,0.6,64.61,0.5,32.3,0.67
2024-11-28,09:30,Flat,93,TSSC,403.9,26.9,34.0,80.49,0.63,64.39,0.53,34.1,0.67
2024-11-28,09:45,Flat,93,TSSC,425.6,27.2,34.8,80.21,0.67,64.17,0.56,35.8,0.67
2024-11-28,10:00,Flat,93,TSSC,447.3,27.5,35.7,79.93,0.7,63.95,0.59,37.5,0.67
2024-11-28,10:15,Flat,93,TSSC,463.4,27.8,36.3,79.74,0.73,63.79,0.61,38.8,0.67
2024-11-28,10:30,Flat,93,TSSC,479.4,28.0,37.0,79.54,0.75,63.63,0.63,40.1,0.67
2024-11-28,10:45,Flat,93,TSSC,495.4,28.2,37.6,79.35,0.78,63.48,0.65,41.3,0.67
2024-11-28,11:00,Flat,93,TSSC,511.4,28.4,38.2,79.15,0.8,63.32,0.67,42.6,0.67
2024-11-28,11:15,Flat,93,TSSC,500.9,28.6,38.1,79.18,0.79,63.35,0.66,41.7,0.67
2024-11-28,11:30,Flat,93,TSSC,490.3,28.7,38.0,79.22,0.77,63.37,0.64,40.9,0.67
2024-11-28,11:45,Flat,93,TSSC,479.8,28.9,37.9,79.25,0.75,63.4,0.63,40.0,0.67
2024-11-28,12:00,Flat,93,TSSC,469.2,29.1,37.8,79.28,0.74,63.42,0.62,39.1,0.67
2024-11-28,12:15,Flat,93,TSSC,425.8,29.2,36.8,79.59,0.67,63.67,0.56,35.6,0.67
2024-11-28,12:30,Flat,93,TSSC,382.5,29.3,35.8,79.9,0.6,63.92,0.5,32.1,0.67
2024-11-28,12:45,Flat,93,TSSC,339.1,29.4,34.8,80.21,0.53,64.17,0.44,28.5,0.67
2024-11-28,13:00,Flat,93,TSSC,295.8,29.5,33.9,80.52,0.46,64.42,0.39,24.9,0.67
2024-11-28,13:15,Flat,93,TSSC,278.2,29.4,33.4,80.67,0.43,64.53,0.36,23.5,0.67
2024-11-28,13:30,Flat,93,TSSC,260.6,29.4,32.9,80.81,0.41,64.65,0.34,22.0,0.67
2024-11-28,13:45,Flat,93,TSSC,243.1,29.4,32.5,80.96,0.38,64.76,0.32,20.6,0.67
2024-11-28,14:00,Flat,93,TSSC,225.5,29.4,32.0,81.1,0.35,64.88,0.29,19.1,0.67
2024-11-28,14:15,Flat,93,TSSC,203.3,29.3,31.3,81.32,0.32,65.06,0.27,17.3,0.67
2024-11-28,14:30,Flat,93,TSSC,181.2,29.1,30.6,81.54,0.28,65.23,0.24,15.4,0.67
2024-11-28,14:45,Flat,93,TSSC,159.0,29.0,29.9,81.76,0.25,65.41,0.21,13.6,0.67
2024-11-28,15:00,Flat,93,TSSC,136.8,28.8,29.3,81.98,0.21,65.59,0.18,11.7,0.67
2024-11-28,15:15,Flat,93,TSSC,113.9,28.5,28.4,82.26,0.18,65.81,0.15,9.8,0.67
2024-11-28,15:30,Flat,93,TSSC,91.1,28.2,27.5,82.54,0.14,66.03,0.12,7.8,0.67
2024-11-28,15:45,Flat,93,TSSC,68.2,27.9,26.6,82.82,0.11,66.26,0.09,5.9,0.67
2024-11-28,16:00,Flat,93,TSSC,45.3,27.6,25.7,83.1,0.07,66.48,0.06,3.9,0.67
2024-11-28,16:15,Flat,93,TSSC,34.7,27.2,25.0,83.31,0.05,66.65,0.05,3.0,0.67
2024-11-28,16:30,Flat,93,TSSC,24.1,26.8,24.4,83.53,0.04,66.82,0.03,2.1,0.67
2024-11-28,16:45,Flat,93,TSSC,13.5,26.4,23.7,83.74,0.02,66.99,0.02,1.2,0.67
2024-11-29,05:15,Flat,93,TSSC,8.1,23.0,20.2,84.86,0.01,67.89,0.01,0.7,0.67
2024-11-29,05:30,Flat,93,TSSC,16.2,23.0,20.4,84.77,0.02,67.82,0.02,1.4,0.67
2024-11-29,05:45,Flat,93,TSSC,24.3,23.1,20.7,84.68,0.04,67.75,0.03,2.1,0.67
2024-11-29,06:00,Flat,93,TSSC,32.4,23.2,21.0,84.59,0.05,67.68,0.04,2.8,0.67
2024-11-29,06:15,Flat,93,TSSC,51.7,23.4,21.7,84.37,0.08,67.5,0.07,4.5,0.67
2024-11-29,06:30,Flat,93,TSSC,70.9,23.6,22.4,84.15,0.11,67.32,0.09,6.2,0.67
2024-11-29,06:45,Flat,93,TSSC,90.2,23.9,23.1,83.93,0.14,67.14,0.12,7.8,0.67
2024-11-29,07:00,Flat,93,TSSC,109.5,24.1,23.8,83.7,0.17,66.96,0.14,9.5,0.67
2024-11-29,07:15,Flat,93,TSSC,142.8,24.3,24.9,83.37,0.22,66.7,0.19,12.4,0.67
2024-11-29,07:30,Flat,93,TSSC,176.1,24.5,25.9,83.05,0.27,66.44,0.23,15.2,0.67
2024-11-29,07:45,Flat,93,TSSC,209.4,24.7,26.9,82.72,0.33,66.17,0.27,18.0,0.67
2024-11-29,08:00,Flat,93,TSSC,242.7,24.9,28.0,82.39,0.38,65.91,0.32,20.8,0.67
2024-11-29,08:15,Flat,93,TSSC,271.7,25.2,29.0,82.08,0.42,65.66,0.35,23.3,0.67
2024-11-29,08:30,Flat,93,TSSC,300.8,25.4,29.9,81.76,0.47,65.41,0.39,25.7,0.67
2024-11-29,08:45,Flat,93,TSSC,329.8,25.7,30.9,81.45,0.51,65.16,0.43,28.1,0.67
2024-11-29,09:00,Flat,93,TSSC,358.8,25.9,31.9,81.14,0.56,64.91,0.47,30.4,0.67
2024-11-29,09:15,Flat,93,TSSC,390.4,26.2,32.9,80.82,0.61,64.65,0.51,33.0,0.67
2024-11-29,09:30,Flat,93,TSSC,422.1,26.4,33.9,80.5,0.66,64.4,0.55,35.6,0.67
2024-11-29,09:45,Flat,93,TSSC,453.7,26.6,34.9,80.18,0.71,64.14,0.59,38.2,0.67
2024-11-29,10:00,Flat,93,TSSC,485.4,26.8,36.0,79.86,0.76,63.89,0.64,40.7,0.67
2024-11-29,10:15,Flat,93,TSSC,497.1,27.0,36.4,79.72,0.78,63.77,0.65,41.6,0.67
2024-11-29,10:30,Flat,93,TSSC,508.9,27.1,36.9,79.58,0.8,63.66,0.67,42.5,0.67
2024-11-29,10:45,Flat,93,TSSC,520.6,27.3,37.3,79.43,0.82,63.55,0.68,43.5,0.67
2024-11-29,11:00,Flat,93,TSSC,532.4,27.4,37.8,79.29,0.84,63.43,0.7,44.4,0.67
2024-11-29,11:15,Flat,93,TSSC,517.6,27.6,37.5,79.36,0.81,63.49,0.68,43.2,0.67
2024-11-29,11:30,Flat,93,TSSC,502.8,27.8,37.3,79.43,0.79,63.54,0.66,42.0,0.67
2024-11-29,11:45,Flat,93,TSSC,487.9,27.9,37.1,79.49,0.77,63.59,0.64,40.8,0.67
2024-11-29,12:00,Flat,93,TSSC,473.1,28.1,36.9,79.56,0.74,63.65,0.62,39.5,0.67
2024-11-29,12:15,Flat,93,TSSC,453.0,28.2,36.5,79.69,0.71,63.75,0.59,37.9,0.67
2024-11-29,12:30,Flat,93,TSSC,432.9,28.3,36.1,79.81,0.68,63.85,0.57,36.3,0.67
2024-11-29,12:45,Flat,93,TSSC,412.8,28.4,35.7,79.94,0.65,63.95,0.54,34.6,0.67
2024-11-29,13:00,Flat,93,TSSC,392.7,28.5,35.3,80.06,0.61,64.05,0.51,33.0,0.67
2024-11-29,13:15,Flat,93,TSSC,362.1,28.5,34.6,80.29,0.57,64.24,0.47,30.5,0.67
2024-11-29,13:30,Flat,93,TSSC,331.6,28.6,33.9,80.52,0.52,64.42,0.43,28.0,0.67
2024-11-29,13:45,Flat,93,TSSC,301.1,28.6,33.1,80.75,0.47,64.6,0.39,25.4,0.67
2024-11-29,14:00,Flat,93,TSSC,270.5,28.6,32.4,80.98,0.42,64.79,0.35,22.9,0.67
2024-11-29,14:15,Flat,93,TSSC,245.1,28.6,31.7,81.21,0.38,64.97,0.32,20.8,0.67
2024-11-29,14:30,Flat,93,TSSC,219.7,28.5,31.0,81.43,0.34,65.15,0.29,18.7,0.67
2024-11-29,14:45,Flat,93,TSSC,194.2,28.4,30.3,81.66,0.3,65.33,0.25,16.6,0.67
2024-11-29,15:00,Flat,93,TSSC,168.8,28.4,29.6,81.88,0.26,65.5,0.22,14.4,0.67
2024-11-29,15:15,Flat,93,TSSC,141.2,28.2,28.7,82.15,0.22,65.72,0.18,12.1,0.67
2024-11-29,15:30,Flat,93,TSSC,113.6,28.0,27.8,82.43,0.18,65.94,0.15,9.7,0.67
2024-11-29,15:45,Flat,93,TSSC,85.9,27.8,27.0,82.7,0.13,66.16,0.11,7.4,0.67
2024-11-29,16:00,Flat,93,TSSC,58.3,27.6,26.1,82.98,0.09,66.38,0.08,5.0,0.67
2024-11-29,16:15,Flat,93,TSSC,44.7,27.3,25.4,83.2,0.07,66.56,0.06,3.9,0.67
2024-11-29,16:30,Flat,93,TSSC,31.0,26.9,24.7,83.41,0.05,66.73,0.04,2.7,0.67
2024-11-29,16:45,Flat,93,TSSC,17.4,26.6,24.0,83.63,0.03,66.91,0.02,1.5,0.67
2024-11-30,05:15,Flat,93,TSSC,11.9,23.5,20.8,84.65,0.02,67.72,0.02,1.0,0.67
2024-11-30,05:30,Flat,93,TSSC,23.7,23.6,21.2,84.53,0.04,67.63,0.03,2.1,0.67
2024-11-30,05:45,Flat,93,TSSC,35.6,23.7,21.6,84.41,0.05,67.53,0.05,3.1,0.67
2024-11-30,06:00,Flat,93,TSSC,47.4,23.8,22.0,84.29,0.07,67.43,0.06,4.1,0.67
2024-11-30,06:15,Flat,93,TSSC,77.9,24.0,22.9,83.99,0.12,67.19,0.1,6.8,0.67
2024-11-30,06:30,Flat,93,TSSC,108.4,24.2,23.9,83.68,0.17,66.94,0.14,9.4,0.67
2024-11-30,06:45,Flat,93,TSSC,138.8,24.4,24.9,83.37,0.22,66.7,0.18,12.0,0.67
2024-11-30,07:00,Flat,93,TSSC,169.3,24.6,25.8,83.06,0.26,66.45,0.22,14.6,0.67
2024-11-30,07:15,Flat,93,TSSC,206.3,24.8,26.9,82.72,0.32,66.18,0.27,17.8,0.67
2024-11-30,07:30,Flat,93,TSSC,243.2,24.9,28.0,82.38,0.38,65.9,0.32,20.9,0.67
2024-11-30,07:45,Flat,93,TSSC,280.2,25.1,29.1,82.03,0.44,65.63,0.37,24.0,0.67
2024-11-30,08:00,Flat,93,TSSC,317.1,25.2,30.2,81.69,0.49,65.35,0.41,27.0,0.67
2024-11-30,08:15,Flat,93,TSSC,345.7,25.4,31.1,81.4,0.54,65.12,0.45,29.4,0.67
2024-11-30,08:30,Flat,93,TSSC,374.3,25.6,32.0,81.12,0.58,64.89,0.49,31.7,0.67
2024-11-30,08:45,Flat,93,TSSC,402.9,25.8,32.9,80.83,0.63,64.66,0.53,34.1,0.67
2024-11-30,09:00,Flat,93,TSSC,431.5,26.0,33.8,80.54,0.67,64.43,0.57,36.4,0.67
2024-11-30,09:15,Flat,93,TSSC,440.1,26.2,34.2,80.41,0.69,64.33,0.58,37.1,0.67
2024-11-30,09:30,Flat,93,TSSC,448.7,26.4,34.6,80.29,0.7,64.23,0.59,37.8,0.67
2024-11-30,09:45,Flat,93,TSSC,457.3,26.6,35.0,80.16,0.72,64.13,0.6,38.4,0.67
2024-11-30,10:00,Flat,93,TSSC,465.9,26.8,35.4,80.03,0.73,64.03,0.61,39.1,0.67
2024-11-30,10:15,Flat,93,TSSC,467.9,26.9,35.6,79.96,0.73,63.97,0.61,39.3,0.67
2024-11-30,10:30,Flat,93,TSSC,469.9,27.1,35.9,79.89,0.74,63.91,0.62,39.4,0.67
2024-11-30,10:45,Flat,93,TSSC,472.0,27.3,36.1,79.82,0.74,63.85,0.62,39.6,0.67
2024-11-30,11:00,Flat,93,TSSC,474.0,27.5,36.3,79.74,0.74,63.79,0.62,39.7,0.67
2024-11-30,11:15,Flat,93,TSSC,467.4,27.6,36.3,79.74,0.73,63.79,0.61,39.1,0.67
2024-11-30,11:30,Flat,93,TSSC,460.8,27.8,36.3,79.74,0.72,63.79,0.6,38.6,0.67
2024-11-30,11:45,Flat,93,TSSC,454.2,28.0,36.3,79.74,0.71,63.79,0.6,38.0,0.67
2024-11-30,12:00,Flat,93,TSSC,447.6,28.1,36.3,79.74,0.7,63.79,0.59,37.5,0.67
2024-11-30,12:15,Flat,93,TSSC,444.5,28.3,36.4,79.71,0.7,63.77,0.58,37.2,0.67
2024-11-30,12:30,Flat,93,TSSC,441.4,28.5,36.6,79.67,0.69,63.74,0.58,36.9,0.67
2024-11-30,12:45,Flat,93,TSSC,438.4,28.7,36.7,79.63,0.69,63.71,0.58,36.7,0.67
2024-11-30,13:00,Flat,93,TSSC,435.3,28.9,36.8,79.6,0.68,63.68,0.57,36.4,0.67
2024-11-30,13:15,Flat,93,TSSC,389.2,29.0,35.7,79.94,0.61,63.95,0.51,32.6,0.67
2024-11-30,13:30,Flat,93,TSSC,343.0,29.0,34.6,80.29,0.54,64.23,0.45,28.9,0.67
2024-11-30,13:45,Flat,93,TSSC,296.9,29.1,33.5,80.64,0.46,64.51,0.39,25.1,0.67
2024-11-30,14:00,Flat,93,TSSC,250.8,29.1,32.4,80.98,0.39,64.79,0.33,21.2,0.67
2024-11-30,14:15,Flat,93,TSSC,227.8,29.1,31.8,81.17,0.36,64.94,0.3,19.3,0.67
2024-11-30,14:30,Flat,93,TSSC,204.8,29.1,31.2,81.37,0.32,65.09,0.27,17.4,0.67
2024-11-30,14:45,Flat,93,TSSC,181.9,29.0,30.6,81.56,0.28,65.25,0.24,15.5,0.67
2024-11-30,15:00,Flat,93,TSSC,158.9,29.0,30.0,81.75,0.25,65.4,0.21,13.6,0.67
2024-11-30,15:15,Flat,93,TSSC,134.2,28.8,29.1,82.01,0.21,65.61,0.17,11.5,0.67
2024-11-30,15:30,Flat,93,TSSC,109.5,28.6,28.3,82.28,0.17,65.82,0.14,9.4,0.67
2024-11-30,15:45,Flat,93,TSSC,84.8,28.4,27.5,82.54,0.13,66.03,0.11,7.3,0.67
2024-11-30,16:00,Flat,93,TSSC,60.1,28.1,26.7,82.8,0.09,66.24,0.08,5.2,0.67
2024-11-30,16:15,Flat,93,TSSC,46.0,27.8,25.9,83.04,0.07,66.43,0.06,4.0,0.67
2024-11-30,16:30,Flat,93,TSSC,32.0,27.4,25.2,83.27,0.05,66.61,0.04,2.8,0.67
2024-11-30,16:45,Flat,93,TSSC,17.9,27.0,24.5,83.5,0.03,66.8,0.02,1.6,0.67
2024-12-01,05:15,Flat,93,TSSC,8.2,24.3,21.5,84.43,0.01,67.55,0.01,0.7,0.67
2024-12-01,05:30,Flat,93,TSSC,16.4,24.4,21.8,84.34,0.03,67.47,0.02,1.4,0.67
2024-12-01,05:45,Flat,93,TSSC,24.6,24.5,22.1,84.25,0.04,67.4,0.03,2.1,0.67
2024-12-01,06:00,Flat,93,TSSC,32.8,24.6,22.4,84.16,0.05,67.33,0.04,2.9,0.67
2024-12-01,06:15,Flat,93,TSSC,51.3,24.8,23.1,83.92,0.08,67.14,0.07,4.5,0.67
2024-12-01,06:30,Flat,93,TSSC,69.8,25.1,23.9,83.68,0.11,66.94,0.09,6.1,0.67
2024-12-01,06:45,Flat,93,TSSC,88.2,25.4,24.6,83.44,0.14,66.75,0.11,7.6,0.67
2024-12-01,07:00,Flat,93,TSSC,106.7,25.7,25.4,83.2,0.17,66.56,0.14,9.2,0.67
2024-12-01,07:15,Flat,93,TSSC,129.9,26.2,26.5,82.86,0.2,66.29,0.17,11.2,0.67
2024-12-01,07:30,Flat,93,TSSC,153.2,26.7,27.5,82.53,0.24,66.02,0.2,13.2,0.67
2024-12-01,07:45,Flat,93,TSSC,176.4,27.2,28.6,82.19,0.27,65.75,0.23,15.1,0.67
2024-12-01,08:00,Flat,93,TSSC,199.6,27.7,29.6,81.86,0.31,65.48,0.26,17.0,0.67
2024-12-01,08:15,Flat,93,TSSC,209.0,28.2,30.4,81.62,0.33,65.3,0.27,17.8,0.67
2024-12-01,08:30,Flat,93,TSSC,218.4,28.7,31.1,81.38,0.34,65.11,0.29,18.6,0.67
2024-12-01,08:45,Flat,93,TSSC,227.8,29.2,31.9,81.15,0.36,64.92,0.3,19.3,0.67
2024-12-01,09:00,Flat,93,TSSC,237.2,29.7,32.6,80.91,0.37,64.73,0.31,20.1,0.67
2024-12-01,09:15,Flat,93,TSSC,248.6,30.1,33.3,80.71,0.39,64.57,0.33,21.0,0.67
2024-12-01,09:30,Flat,93,TSSC,259.9,30.4,33.9,80.51,0.41,64.41,0.34,21.9,0.67
2024-12-01,09:45,Flat,93,TSSC,271.3,30.8,34.5,80.31,0.42,64.25,0.36,22.8,0.67
2024-12-01,10:00,Flat,93,TSSC,282.7,31.1,35.2,80.11,0.44,64.08,0.37,23.8,0.67
2024-12-01,10:15,Flat,93,TSSC,322.5,31.3,36.3,79.74,0.51,63.79,0.42,27.0,0.67
2024-12-01,10:30,Flat,93,TSSC,362.4,31.4,37.5,79.37,0.57,63.49,0.48,30.2,0.67
2024-12-01,10:45,Flat,93,TSSC,402.2,31.6,38.7,79.0,0.63,63.2,0.53,33.4,0.67
2024-12-01,11:00,Flat,93,TSSC,442.1,31.8,39.8,78.63,0.7,62.91,0.58,36.6,0.67
2024-12-01,11:15,Flat,93,TSSC,402.3,31.8,38.9,78.94,0.63,63.15,0.53,33.4,0.67
2024-12-01,11:30,Flat,93,TSSC,362.5,31.9,37.9,79.24,0.57,63.39,0.48,30.2,0.67
2024-12-01,11:45,Flat,93,TSSC,322.8,31.9,37.0,79.54,0.51,63.63,0.42,27.0,0.67
2024-12-01,12:00,Flat,93,TSSC,283.0,31.9,36.0,79.85,0.44,63.88,0.37,23.7,0.67
2024-12-01,12:15,Flat,93,TSSC,281.4,31.8,35.9,79.88,0.44,63.91,0.37,23.6,0.67
2024-12-01,12:30,Flat,93,TSSC,279.9,31.8,35.8,79.92,0.44,63.94,0.37,23.5,0.67
2024-12-01,12:45,Flat,93,TSSC,278.3,31.7,35.6,79.96,0.44,63.97,0.37,23.4,0.67
2024-12-01,13:00,Flat,93,TSSC,276.7,31.6,35.5,80.0,0.43,64.0,0.36,23.2,0.67
2024-12-01,13:15,Flat,93,TSSC,241.5,31.4,34.5,80.33,0.38,64.26,0.32,20.3,0.67
2024-12-01,13:30,Flat,93,TSSC,206.3,31.3,33.4,80.65,0.32,64.52,0.27,17.4,0.67
2024-12-01,13:45,Flat,93,TSSC,171.0,31.1,32.4,80.98,0.27,64.79,0.22,14.5,0.67
2024-12-01,14:00,Flat,93,TSSC,135.8,31.0,31.4,81.31,0.21,65.05,0.18,11.5,0.67
2024-12-01,14:15,Flat,93,TSSC,124.2,30.8,30.9,81.47,0.19,65.18,0.16,10.6,0.67
2024-12-01,14:30,Flat,93,TSSC,112.6,30.5,30.4,81.63,0.18,65.3,0.15,9.6,0.67
2024-12-01,14:45,Flat,93,TSSC,101.0,30.3,29.9,81.79,0.16,65.43,0.13,8.6,0.67
2024-12-01,15:00,Flat,93,TSSC,89.3,30.1,29.3,81.95,0.14,65.56,0.12,7.6,0.67
2024-12-01,15:15,Flat,93,TSSC,76.8,29.8,28.7,82.16,0.12,65.72,0.1,6.6,0.67
2024-12-01,15:30,Flat,93,TSSC,64.3,29.5,28.1,82.36,0.1,65.89,0.08,5.5,0.67
2024-12-01,15:45,Flat,93,TSSC,51.8,29.1,27.4,82.56,0.08,66.05,0.07,4.4,0.67
2024-12-01,16:00,Flat,93,TSSC,39.2,28.8,26.8,82.76,0.06,66.21,0.05,3.4,0.67
2024-12-01,16:15,Flat,93,TSSC,30.0,28.4,26.2,82.96,0.05,66.37,0.04,2.6,0.67
2024-12-01,16:30,Flat,93,TSSC,20.8,28.0,25.6,83.15,0.03,66.52,0.03,1.8,0.67
2024-12-01,16:45,Flat,93,TSSC,11.5,27.7,24.9,83.35,0.02,66.68,0.01,1.0,0.67
2024-12-02,05:15,Flat,93,TSSC,9.2,23.9,21.2,84.54,0.01,67.63,0.01,0.8,0.67
2024-12-02,05:30,Flat,93,TSSC,18.4,24.0,21.5,84.44,0.03,67.55,0.02,1.6,0.67
2024-12-02,05:45,Flat,93,TSSC,27.6,24.1,21.8,84.34,0.04,67.47,0.04,2.4,0.67
2024-12-02,06:00,Flat,93,TSSC,36.9,24.2,22.1,84.24,0.06,67.39,0.05,3.2,0.67
2024-12-02,06:15,Flat,93,TSSC,61.2,24.5,23.1,83.94,0.09,67.15,0.08,5.3,0.67
2024-12-02,06:30,Flat,93,TSSC,85.6,24.9,24.0,83.64,0.13,66.92,0.11,7.4,0.67
2024-12-02,06:45,Flat,93,TSSC,109.9,25.2,24.9,83.35,0.17,66.68,0.14,9.5,0.67
2024-12-02,07:00,Flat,93,TSSC,134.3,25.5,25.9,83.05,0.21,66.44,0.17,11.6,0.67
2024-12-02,07:15,Flat,93,TSSC,163.1,26.0,27.0,82.68,0.25,66.14,0.21,14.0,0.67
2024-12-02,07:30,Flat,93,TSSC,191.8,26.4,28.2,82.31,0.3,65.85,0.25,16.4,0.67
2024-12-02,07:45,Flat,93,TSSC,220.6,26.9,29.4,81.94,0.34,65.55,0.29,18.9,0.67
2024-12-02,08:00,Flat,93,TSSC,249.4,27.3,30.5,81.57,0.39,65.26,0.33,21.2,0.67
2024-12-02,08:15,Flat,93,TSSC,290.4,27.6,31.9,81.15,0.45,64.92,0.38,24.6,0.67
2024-12-02,08:30,Flat,93,TSSC,331.4,27.9,33.2,80.72,0.52,64.58,0.43,28.0,0.67
2024-12-02,08:45,Flat,93,TSSC,372.5,28.2,34.6,80.3,0.58,64.24,0.49,31.4,0.67
2024-12-02,09:00,Flat,93,TSSC,413.5,28.6,35.9,79.88,0.65,63.9,0.54,34.7,0.67
2024-12-02,09:15,Flat,93,TSSC,430.8,28.8,36.6,79.66,0.68,63.73,0.57,36.0,0.67
2024-12-02,09:30,Flat,93,TSSC,448.1,29.1,37.3,79.44,0.7,63.55,0.59,37.4,0.67
2024-12-02,09:45,Flat,93,TSSC,465.4,29.3,38.0,79.23,0.73,63.38,0.61,38.8,0.67
2024-12-02,10:00,Flat,93,TSSC,482.7,29.6,38.6,79.01,0.76,63.21,0.64,40.1,0.67
2024-12-02,10:15,Flat,93,TSSC,490.6,29.8,39.1,78.88,0.77,63.1,0.65,40.7,0.67
2024-12-02,10:30,Flat,93,TSSC,498.5,30.0,39.5,78.74,0.78,62.99,0.66,41.3,0.67
2024-12-02,10:45,Flat,93,TSSC,506.4,30.2,39.9,78.61,0.8,62.89,0.67,41.9,0.67
2024-12-02,11:00,Flat,93,TSSC,514.2,30.5,40.3,78.47,0.81,62.78,0.68,42.5,0.67
2024-12-02,11:15,Flat,93,TSSC,491.7,30.6,39.9,78.62,0.77,62.89,0.65,40.7,0.67
2024-12-02,11:30,Flat,93,TSSC,469.1,30.7,39.4,78.76,0.74,63.0,0.62,38.9,0.67
2024-12-02,11:45,Flat,93,TSSC,446.6,30.8,39.0,78.9,0.7,63.12,0.59,37.1,0.67
2024-12-02,12:00,Flat,93,TSSC,424.1,30.9,38.6,79.04,0.67,63.23,0.56,35.3,0.67
2024-12-02,12:15,Flat,93,TSSC,412.4,30.9,38.3,79.13,0.65,63.3,0.54,34.3,0.67
2024-12-02,12:30,Flat,93,TSSC,400.8,30.9,38.0,79.22,0.63,63.38,0.53,33.4,0.67
2024-12-02,12:45,Flat,93,TSSC,389.1,30.9,37.7,79.31,0.61,63.45,0.51,32.5,0.67
2024-12-02,13:00,Flat,93,TSSC,377.4,30.9,37.4,79.41,0.59,63.52,0.5,31.5,0.67
2024-12-02,13:15,Flat,93,TSSC,368.1,30.8,37.0,79.51,0.58,63.61,0.48,30.8,0.67
2024-12-02,13:30,Flat,93,TSSC,358.8,30.7,36.7,79.62,0.56,63.7,0.47,30.0,0.67
2024-12-02,13:45,Flat,93,TSSC,349.4,30.6,36.4,79.73,0.55,63.78,0.46,29.3,0.67
2024-12-02,14:00,Flat,93,TSSC,340.1,30.5,36.0,79.84,0.53,63.87,0.45,28.5,0.67
2024-12-02,14:15,Flat,93,TSSC,301.8,30.4,34.9,80.19,0.47,64.15,0.4,25.4,0.67
2024-12-02,14:30,Flat,93,TSSC,263.4,30.2,33.8,80.55,0.41,64.44,0.34,22.2,0.67
2024-12-02,14:45,Flat,93,TSSC,225.1,30.0,32.7,80.9,0.35,64.72,0.29,19.1,0.67
2024-12-02,15:00,Flat,93,TSSC,186.8,29.9,31.5,81.26,0.29,65.01,0.24,15.9,0.67
2024-12-02,15:15,Flat,93,TSSC,157.7,29.6,30.5,81.58,0.25,65.27,0.21,13.4,0.67
2024-12-02,15:30,Flat,93,TSSC,128.7,29.3,29.5,81.91,0.2,65.52,0.17,11.0,0.67
2024-12-02,15:45,Flat,93,TSSC,99.6,29.0,28.5,82.23,0.15,65.78,0.13,8.5,0.67
2024-12-02,16:00,Flat,93,TSSC,70.5,28.7,27.4,82.55,0.11,66.04,0.09,6.1,0.67
2024-12-02,16:15,Flat,93,TSSC,53.8,28.3,26.6,82.81,0.08,66.25,0.07,4.6,0.67
2024-12-02,16:30,Flat,93,TSSC,37.1,27.9,25.8,83.07,0.06,66.46,0.05,3.2,0.67
2024-12-02,16:45,Flat,93,TSSC,20.5,27.5,25.0,83.33,0.03,66.66,0.03,1.8,0.67
2024-12-03,05:15,Flat,93,TSSC,16.0,23.4,20.8,84.67,0.02,67.73,0.02,1.4,0.67
2024-12-03,05:30,Flat,93,TSSC,32.0,23.5,21.3,84.5,0.05,67.6,0.04,2.8,0.67
2024-12-03,05:45,Flat,93,TSSC,47.9,23.6,21.8,84.34,0.07,67.47,0.06,4.2,0.67
2024-12-03,06:00,Flat,93,TSSC,63.9,23.7,22.3,84.18,0.1,67.34,0.08,5.6,0.67
2024-12-03,06:15,Flat,93,TSSC,108.7,24.0,23.8,83.72,0.17,66.98,0.14,9.4,0.67
2024-12-03,06:30,Flat,93,TSSC,153.6,24.4,25.2,83.27,0.24,66.61,0.2,13.3,0.67
2024-12-03,06:45,Flat,93,TSSC,198.4,24.7,26.6,82.81,0.31,66.25,0.26,17.1,0.67
2024-12-03,07:00,Flat,93,TSSC,243.2,25.0,28.1,82.35,0.38,65.88,0.32,20.9,0.67
2024-12-03,07:15,Flat,93,TSSC,287.8,25.5,29.7,81.83,0.45,65.46,0.38,24.6,0.67
2024-12-03,07:30,Flat,93,TSSC,332.4,26.1,31.4,81.31,0.52,65.05,0.43,28.2,0.67
2024-12-03,07:45,Flat,93,TSSC,377.0,26.6,33.0,80.79,0.59,64.63,0.49,31.9,0.67
2024-12-03,08:00,Flat,93,TSSC,421.6,27.1,34.7,80.26,0.66,64.21,0.55,35.5,0.67
2024-12-03,08:15,Flat,93,TSSC,461.0,27.6,36.1,79.8,0.72,63.84,0.61,38.6,0.67
2024-12-03,08:30,Flat,93,TSSC,500.4,28.1,37.6,79.34,0.79,63.47,0.66,41.7,0.67
2024-12-03,08:45,Flat,93,TSSC,539.9,28.6,39.1,78.87,0.85,63.1,0.71,44.8,0.67
2024-12-03,09:00,Flat,93,TSSC,579.3,29.1,40.5,78.41,0.91,62.73,0.76,47.9,0.67
2024-12-03,09:15,Flat,93,TSSC,608.1,29.4,41.6,78.08,0.96,62.46,0.8,50.1,0.67
2024-12-03,09:30,Flat,93,TSSC,636.9,29.7,42.6,77.75,1.0,62.2,0.84,52.3,0.67
2024-12-03,09:45,Flat,93,TSSC,665.7,30.0,43.7,77.42,1.05,61.94,0.88,54.5,0.67
2024-12-03,10:00,Flat,93,TSSC,694.5,30.3,44.7,77.09,1.1,61.67,0.92,56.7,0.67
2024-12-03,10:15,Flat,93,TSSC,692.1,30.5,44.8,77.05,1.09,61.64,0.92,56.5,0.67
2024-12-03,10:30,Flat,93,TSSC,689.7,30.7,45.0,77.01,1.09,61.6,0.91,56.2,0.67
2024-12-03,10:45,Flat,93,TSSC,687.3,30.9,45.1,76.96,1.09,61.57,0.91,56.0,0.67
2024-12-03,11:00,Flat,93,TSSC,684.9,31.1,45.2,76.92,1.08,61.54,0.91,55.8,0.67
2024-12-03,11:15,Flat,93,TSSC,679.2,31.2,45.2,76.95,1.07,61.56,0.9,55.4,0.67
2024-12-03,11:30,Flat,93,TSSC,673.5,31.2,45.1,76.97,1.06,61.58,0.89,54.9,0.67
2024-12-03,11:45,Flat,93,TSSC,667.9,31.3,45.0,76.99,1.06,61.6,0.88,54.5,0.67
2024-12-03,12:00,Flat,93,TSSC,662.2,31.4,44.9,77.02,1.05,61.62,0.88,54.0,0.67
2024-12-03,12:15,Flat,93,TSSC,649.7,31.4,44.6,77.11,1.03,61.69,0.86,53.0,0.67
2024-12-03,12:30,Flat,93,TSSC,637.2,31.4,44.3,77.21,1.01,61.77,0.84,52.1,0.67
2024-12-03,12:45,Flat,93,TSSC,624.7,31.4,44.0,77.31,0.99,61.84,0.83,51.1,0.67
2024-12-03,13:00,Flat,93,TSSC,612.2,31.4,43.7,77.4,0.97,61.92,0.81,50.1,0.67
2024-12-03,13:15,Flat,93,TSSC,583.3,31.3,42.9,77.65,0.92,62.12,0.77,47.9,0.67
2024-12-03,13:30,Flat,93,TSSC,554.4,31.3,42.1,77.91,0.87,62.33,0.73,45.6,0.67
2024-12-03,13:45,Flat,93,TSSC,525.5,31.2,41.3,78.16,0.83,62.53,0.69,43.3,0.67
2024-12-03,14:00,Flat,93,TSSC,496.6,31.1,40.5,78.41,0.78,62.73,0.65,41.1,0.67
2024-12-03,14:15,Flat,93,TSSC,448.1,31.0,39.2,78.85,0.7,63.08,0.59,37.2,0.67
2024-12-03,14:30,Flat,93,TSSC,399.7,30.8,37.8,79.28,0.63,63.42,0.53,33.3,0.67
2024-12-03,14:45,Flat,93,TSSC,351.2,30.6,36.4,79.71,0.55,63.77,0.46,29.4,0.67
2024-12-03,15:00,Flat,93,TSSC,302.8,30.5,35.0,80.15,0.47,64.12,0.4,25.4,0.67
2024-12-03,15:15,Flat,93,TSSC,254.1,30.2,33.6,80.61,0.4,64.49,0.33,21.4,0.67
2024-12-03,15:30,Flat,93,TSSC,205.4,30.0,32.1,81.07,0.32,64.86,0.27,17.4,0.67
2024-12-03,15:45,Flat,93,TSSC,156.7,29.8,30.7,81.53,0.24,65.23,0.2,13.3,0.67
2024-12-03,16:00,Flat,93,TSSC,108.0,29.5,29.2,81.99,0.17,65.6,0.14,9.2,0.67
2024-12-03,16:15,Flat,93,TSSC,82.3,29.1,28.1,82.34,0.13,65.87,0.11,7.1,0.67
2024-12-03,16:30,Flat,93,TSSC,56.5,28.6,27.0,82.68,0.09,66.15,0.07,4.9,0.67
2024-12-03,16:45,Flat,93,TSSC,30.8,28.2,26.0,83.03,0.05,66.42,0.04,2.7,0.67
2024-12-03,17:00,Flat,93,TSSC,5.0,27.7,24.9,83.37,0.01,66.7,0.01,0.4,0.67
2024-12-04,05:15,Flat,93,TSSC,10.2,23.3,20.6,84.73,0.02,67.78,0.01,0.9,0.67
2024-12-04,05:30,Flat,93,TSSC,20.3,23.6,21.1,84.56,0.03,67.65,0.03,1.8,0.67
2024-12-04,05:45,Flat,93,TSSC,30.5,23.9,21.6,84.4,0.05,67.52,0.04,2.7,0.67
2024-12-04,06:00,Flat,93,TSSC,40.6,24.1,22.1,84.24,0.06,67.39,0.05,3.5,0.67
2024-12-04,06:15,Flat,93,TSSC,67.7,24.6,23.3,83.87,0.1,67.1,0.09,5.9,0.67
2024-12-04,06:30,Flat,93,TSSC,94.8,25.1,24.4,83.51,0.15,66.81,0.12,8.2,0.67
2024-12-04,06:45,Flat,93,TSSC,121.9,25.5,25.6,83.15,0.19,66.52,0.16,10.5,0.67
2024-12-04,07:00,Flat,93,TSSC,149.0,26.0,26.7,82.78,0.23,66.23,0.19,12.8,0.67
2024-12-04,07:15,Flat,93,TSSC,177.3,26.4,27.8,82.43,0.28,65.95,0.23,15.2,0.67
2024-12-04,07:30,Flat,93,TSSC,205.7,26.8,28.9,82.08,0.32,65.67,0.27,17.6,0.67
2024-12-04,07:45,Flat,93,TSSC,234.0,27.2,30.0,81.73,0.36,65.39,0.31,20.0,0.67
2024-12-04,08:00,Flat,93,TSSC,262.3,27.6,31.1,81.38,0.41,65.11,0.34,22.3,0.67
2024-12-04,08:15,Flat,93,TSSC,277.2,27.8,31.8,81.18,0.43,64.95,0.36,23.5,0.67
2024-12-04,08:30,Flat,93,TSSC,292.0,28.1,32.4,80.98,0.46,64.79,0.38,24.7,0.67
2024-12-04,08:45,Flat,93,TSSC,306.9,28.4,33.0,80.78,0.48,64.62,0.4,25.9,0.67
2024-12-04,09:00,Flat,93,TSSC,321.8,28.6,33.7,80.58,0.5,64.46,0.42,27.2,0.67
2024-12-04,09:15,Flat,93,TSSC,327.4,28.9,34.1,80.46,0.51,64.37,0.43,27.6,0.67
2024-12-04,09:30,Flat,93,TSSC,333.1,29.1,34.4,80.34,0.52,64.27,0.44,28.1,0.67
2024-12-04,09:45,Flat,93,TSSC,338.8,29.4,34.8,80.22,0.53,64.17,0.44,28.5,0.67
2024-12-04,10:00,Flat,93,TSSC,344.4,29.6,35.2,80.09,0.54,64.08,0.45,28.9,0.67
2024-12-04,10:15,Flat,93,TSSC,377.9,29.8,36.2,79.77,0.59,63.82,0.5,31.7,0.67
2024-12-04,10:30,Flat,93,TSSC,411.3,30.0,37.3,79.45,0.65,63.56,0.54,34.3,0.67
2024-12-04,10:45,Flat,93,TSSC,444.8,30.2,38.3,79.12,0.7,63.3,0.58,37.0,0.67
2024-12-04,11:00,Flat,93,TSSC,478.2,30.4,39.3,78.8,0.75,63.04,0.63,39.7,0.67
2024-12-04,11:15,Flat,93,TSSC,486.0,30.5,39.6,78.7,0.76,62.96,0.64,40.3,0.67
2024-12-04,11:30,Flat,93,TSSC,493.8,30.6,39.9,78.61,0.78,62.89,0.65,40.9,0.67
2024-12-04,11:45,Flat,93,TSSC,501.6,30.7,40.2,78.52,0.79,62.81,0.66,41.5,0.67
2024-12-04,12:00,Flat,93,TSSC,509.3,30.8,40.5,78.42,0.8,62.74,0.67,42.1,0.67
2024-12-04,12:15,Flat,93,TSSC,492.5,30.8,40.1,78.55,0.77,62.84,0.65,40.8,0.67
2024-12-04,12:30,Flat,93,TSSC,475.7,30.8,39.7,78.67,0.75,62.94,0.63,39.4,0.67
2024-12-04,12:45,Flat,93,TSSC,458.8,30.8,39.3,78.8,0.72,63.04,0.6,38.1,0.67
2024-12-04,13:00,Flat,93,TSSC,442.0,30.9,38.9,78.93,0.69,63.14,0.58,36.7,0.67
2024-12-04,13:15,Flat,93,TSSC,438.3,30.8,38.7,78.98,0.69,63.18,0.58,36.4,0.67
2024-12-04,13:30,Flat,93,TSSC,434.5,30.7,38.6,79.03,0.68,63.23,0.57,36.1,0.67
2024-12-04,13:45,Flat,93,TSSC,430.8,30.6,38.4,79.09,0.68,63.27,0.57,35.8,0.67
2024-12-04,14:00,Flat,93,TSSC,427.0,30.6,38.2,79.14,0.67,63.31,0.56,35.6,0.67
2024-12-04,14:15,Flat,93,TSSC,380.4,30.4,36.9,79.57,0.6,63.66,0.5,31.8,0.67
2024-12-04,14:30,Flat,93,TSSC,333.7,30.1,35.5,80.01,0.52,64.0,0.44,28.0,0.67
2024-12-04,14:45,Flat,93,TSSC,287.1,29.9,34.1,80.44,0.45,64.35,0.38,24.2,0.67
2024-12-04,15:00,Flat,93,TSSC,240.4,29.8,32.8,80.87,0.38,64.7,0.31,20.3,0.67
2024-12-04,15:15,Flat,93,TSSC,202.7,29.5,31.5,81.26,0.32,65.01,0.26,17.2,0.67
2024-12-04,15:30,Flat,93,TSSC,164.9,29.2,30.3,81.65,0.26,65.32,0.22,14.1,0.67
2024-12-04,15:45,Flat,93,TSSC,127.2,28.9,29.1,82.04,0.2,65.63,0.17,10.9,0.67
2024-12-04,16:00,Flat,93,TSSC,89.5,28.6,27.8,82.43,0.14,65.95,0.12,7.7,0.67
2024-12-04,16:15,Flat,93,TSSC,68.3,28.1,26.8,82.75,0.11,66.2,0.09,5.9,0.67
2024-12-04,16:30,Flat,93,TSSC,47.2,27.7,25.8,83.06,0.07,66.45,0.06,4.1,0.67
2024-12-04,16:45,Flat,93,TSSC,26.0,27.2,24.8,83.38,0.04,66.7,0.03,2.3,0.67
2024-12-05,05:15,Flat,93,TSSC,7.9,23.0,20.2,84.86,0.01,67.89,0.01,0.7,0.67
2024-12-05,05:30,Flat,93,TSSC,15.7,23.2,20.5,84.74,0.02,67.79,0.02,1.4,0.67
2024-12-05,05:45,Flat,93,TSSC,23.6,23.3,20.9,84.62,0.04,67.69,0.03,2.1,0.67
2024-12-05,06:00,Flat,93,TSSC,31.4,23.5,21.3,84.49,0.05,67.6,0.04,2.7,0.67
2024-12-05,06:15,Flat,93,TSSC,51.3,23.9,22.2,84.21,0.08,67.37,0.07,4.5,0.67
2024-12-05,06:30,Flat,93,TSSC,71.2,24.3,23.1,83.93,0.11,67.14,0.09,6.2,0.67
2024-12-05,06:45,Flat,93,TSSC,91.2,24.7,24.0,83.65,0.14,66.92,0.12,7.9,0.67
2024-12-05,07:00,Flat,93,TSSC,111.1,25.1,24.9,83.37,0.17,66.69,0.14,9.6,0.67
2024-12-05,07:15,Flat,93,TSSC,132.4,25.4,25.7,83.1,0.21,66.48,0.17,11.4,0.67
2024-12-05,07:30,Flat,93,TSSC,153.8,25.7,26.6,82.83,0.24,66.27,0.2,13.2,0.67
2024-12-05,07:45,Flat,93,TSSC,175.1,26.0,27.4,82.56,0.27,66.05,0.23,15.0,0.67
2024-12-05,08:00,Flat,93,TSSC,196.4,26.4,28.3,82.3,0.31,65.84,0.26,16.8,0.67
2024-12-05,08:15,Flat,93,TSSC,228.7,26.6,29.3,81.97,0.36,65.57,0.3,19.6,0.67
2024-12-05,08:30,Flat,93,TSSC,261.0,26.8,30.3,81.64,0.41,65.31,0.34,22.2,0.67
2024-12-05,08:45,Flat,93,TSSC,293.3,27.0,31.4,81.31,0.46,65.05,0.38,24.9,0.67
2024-12-05,09:00,Flat,93,TSSC,325.6,27.3,32.4,80.98,0.51,64.79,0.43,27.6,0.67
2024-12-05,09:15,Flat,93,TSSC,352.8,27.5,33.3,80.71,0.55,64.57,0.46,29.8,0.67
2024-12-05,09:30,Flat,93,TSSC,379.9,27.6,34.1,80.43,0.59,64.35,0.5,32.0,0.67
2024-12-05,09:45,Flat,93,TSSC,407.1,27.8,35.0,80.16,0.64,64.13,0.53,34.2,0.67
2024-12-05,10:00,Flat,93,TSSC,434.2,28.0,35.9,79.89,0.68,63.91,0.57,36.4,0.67
2024-12-05,10:15,Flat,93,TSSC,446.2,28.2,36.3,79.74,0.7,63.79,0.59,37.4,0.67
2024-12-05,10:30,Flat,93,TSSC,458.2,28.3,36.8,79.6,0.72,63.68,0.6,38.3,0.67
2024-12-05,10:45,Flat,93,TSSC,470.2,28.5,37.2,79.46,0.74,63.56,0.62,39.3,0.67
2024-12-05,11:00,Flat,93,TSSC,482.1,28.6,37.7,79.31,0.76,63.45,0.63,40.2,0.67
2024-12-05,11:15,Flat,93,TSSC,486.7,28.8,37.9,79.23,0.76,63.39,0.64,40.6,0.67
2024-12-05,11:30,Flat,93,TSSC,491.2,28.9,38.2,79.16,0.77,63.32,0.65,40.9,0.67
2024-12-05,11:45,Flat,93,TSSC,495.8,29.0,38.4,79.08,0.78,63.26,0.65,41.3,0.67
2024-12-05,12:00,Flat,93,TSSC,500.4,29.2,38.7,79.0,0.79,63.2,0.66,41.6,0.67
2024-12-05,12:15,Flat,93,TSSC,498.9,29.3,38.8,78.96,0.78,63.17,0.66,41.5,0.67
2024-12-05,12:30,Flat,93,TSSC,497.5,29.5,38.9,78.92,0.78,63.14,0.65,41.3,0.67
2024-12-05,12:45,Flat,93,TSSC,496.0,29.6,39.0,78.89,0.78,63.11,0.65,41.2,0.67
2024-12-05,13:00,Flat,93,TSSC,494.6,29.8,39.1,78.85,0.78,63.08,0.65,41.1,0.67
2024-12-05,13:15,Flat,93,TSSC,498.9,29.8,39.3,78.8,0.78,63.04,0.66,41.4,0.67
2024-12-05,13:30,Flat,93,TSSC,503.3,29.9,39.5,78.74,0.79,63.0,0.66,41.7,0.67
2024-12-05,13:45,Flat,93,TSSC,507.6,30.0,39.6,78.69,0.8,62.95,0.67,42.1,0.67
2024-12-05,14:00,Flat,93,TSSC,512.0,30.0,39.8,78.64,0.81,62.91,0.67,42.4,0.67
2024-12-05,14:15,Flat,93,TSSC,461.7,29.9,38.5,79.06,0.73,63.25,0.61,38.4,0.67
2024-12-05,14:30,Flat,93,TSSC,411.3,29.8,37.1,79.49,0.65,63.59,0.54,34.4,0.67
2024-12-05,14:45,Flat,93,TSSC,361.0,29.7,35.8,79.92,0.57,63.93,0.47,30.3,0.67
2024-12-05,15:00,Flat,93,TSSC,310.7,29.7,34.4,80.34,0.49,64.27,0.41,26.2,0.67
2024-12-05,15:15,Flat,93,TSSC,264.5,29.5,33.1,80.77,0.41,64.62,0.35,22.4,0.67
2024-12-05,15:30,Flat,93,TSSC,218.2,29.3,31.7,81.2,0.34,64.96,0.29,18.5,0.67
2024-12-05,15:45,Flat,93,TSSC,172.0,29.1,30.4,81.63,0.27,65.31,0.22,14.7,0.67
2024-12-05,16:00,Flat,93,TSSC,125.8,28.9,29.0,82.06,0.2,65.65,0.16,10.8,0.67
2024-12-05,16:15,Flat,93,TSSC,96.0,28.4,27.8,82.45,0.15,65.96,0.13,8.2,0.67
2024-12-05,16:30,Flat,93,TSSC,66.3,27.9,26.6,82.83,0.1,66.27,0.09,5.7,0.67
2024-12-05,16:45,Flat,93,TSSC,36.5,27.4,25.3,83.22,0.06,66.57,0.05,3.2,0.67
2024-12-05,17:00,Flat,93,TSSC,6.8,27.0,24.1,83.6,0.01,66.88,0.01,0.6,0.67
2024-12-05,17:15,Flat,93,TSSC,5.1,26.7,23.8,83.69,0.01,66.95,0.01,0.4,0.67
2024-12-06,05:15,Flat,93,TSSC,19.8,22.7,20.2,84.86,0.03,67.88,0.03,1.7,0.67
2024-12-06,05:30,Flat,93,TSSC,39.6,22.9,20.9,84.62,0.06,67.7,0.05,3.5,0.67
2024-12-06,05:45,Flat,93,TSSC,59.4,23.2,21.7,84.38,0.09,67.51,0.08,5.2,0.67
2024-12-06,06:00,Flat,93,TSSC,79.2,23.4,22.4,84.15,0.12,67.32,0.1,6.9,0.67
2024-12-06,06:15,Flat,93,TSSC,134.2,23.9,24.2,83.57,0.21,66.85,0.17,11.6,0.67
2024-12-06,06:30,Flat,93,TSSC,189.3,24.4,26.1,82.98,0.29,66.39,0.25,16.3,0.67
2024-12-06,06:45,Flat,93,TSSC,244.3,24.8,27.9,82.4,0.38,65.92,0.32,21.0,0.67
2024-12-06,07:00,Flat,93,TSSC,299.4,25.3,29.8,81.82,0.47,65.46,0.39,25.6,0.67
2024-12-06,07:15,Flat,93,TSSC,353.9,25.7,31.6,81.25,0.55,65.0,0.46,30.1,0.67
2024-12-06,07:30,Flat,93,TSSC,408.4,26.1,33.4,80.68,0.64,64.54,0.53,34.5,0.67
2024-12-06,07:45,Flat,93,TSSC,463.0,26.6,35.2,80.11,0.72,64.09,0.61,38.9,0.67
2024-12-06,08:00,Flat,93,TSSC,517.5,27.0,37.0,79.54,0.81,63.63,0.68,43.3,0.67
2024-12-06,08:15,Flat,93,TSSC,548.2,27.4,38.1,79.18,0.86,63.34,0.72,45.7,0.67
2024-12-06,08:30,Flat,93,TSSC,578.9,27.8,39.3,78.81,0.91,63.05,0.76,48.1,0.67
2024-12-06,08:45,Flat,93,TSSC,609.6,28.2,40.4,78.45,0.96,62.76,0.8,50.4,0.67
2024-12-06,09:00,Flat,93,TSSC,640.3,28.6,41.6,78.08,1.01,62.47,0.84,52.8,0.67
2024-12-06,09:15,Flat,93,TSSC,668.7,28.8,42.6,77.77,1.05,62.21,0.88,54.9,0.67
2024-12-06,09:30,Flat,93,TSSC,697.2,29.1,43.5,77.45,1.1,61.96,0.92,57.1,0.67
2024-12-06,09:45,Flat,93,TSSC,725.6,29.4,44.5,77.14,1.15,61.71,0.96,59.3,0.67
2024-12-06,10:00,Flat,93,TSSC,754.1,29.7,45.5,76.83,1.19,61.46,1.0,61.4,0.67
2024-12-06,10:15,Flat,93,TSSC,758.3,29.9,45.8,76.74,1.2,61.39,1.0,61.7,0.67
2024-12-06,10:30,Flat,93,TSSC,762.5,30.0,46.1,76.64,1.21,61.32,1.01,62.0,0.67
2024-12-06,10:45,Flat,93,TSSC,766.7,30.2,46.4,76.55,1.21,61.24,1.02,62.3,0.67
2024-12-06,11:00,Flat,93,TSSC,771.0,30.4,46.7,76.46,1.22,61.17,1.02,62.5,0.67
2024-12-06,11:15,Flat,93,TSSC,758.8,30.5,46.5,76.53,1.2,61.22,1.01,61.6,0.67
2024-12-06,11:30,Flat,93,TSSC,746.7,30.6,46.3,76.59,1.18,61.27,0.99,60.6,0.67
2024-12-06,11:45,Flat,93,TSSC,734.6,30.7,46.1,76.65,1.16,61.32,0.97,59.7,0.67
2024-12-06,12:00,Flat,93,TSSC,722.5,30.8,45.9,76.72,1.14,61.37,0.96,58.8,0.67
2024-12-06,12:15,Flat,93,TSSC,696.0,30.8,45.2,76.92,1.1,61.54,0.92,56.7,0.67
2024-12-06,12:30,Flat,93,TSSC,669.5,30.9,44.6,77.13,1.06,61.7,0.89,54.7,0.67
2024-12-06,12:45,Flat,93,TSSC,643.1,30.9,43.9,77.33,1.02,61.86,0.85,52.6,0.67
2024-12-06,13:00,Flat,93,TSSC,616.6,30.9,43.3,77.53,0.97,62.03,0.82,50.6,0.67
2024-12-06,13:15,Flat,93,TSSC,584.0,30.8,42.4,77.81,0.92,62.25,0.77,48.0,0.67
2024-12-06,13:30,Flat,93,TSSC,551.4,30.8,41.5,78.09,0.87,62.47,0.73,45.4,0.67
2024-12-06,13:45,Flat,93,TSSC,518.7,30.7,40.7,78.37,0.82,62.7,0.68,42.9,0.67
2024-12-06,14:00,Flat,93,TSSC,486.1,30.6,39.8,78.65,0.76,62.92,0.64,40.3,0.67
2024-12-06,14:15,Flat,93,TSSC,453.7,30.5,38.8,78.96,0.71,63.16,0.6,37.7,0.67
2024-12-06,14:30,Flat,93,TSSC,421.2,30.3,37.8,79.26,0.66,63.41,0.55,35.1,0.67
2024-12-06,14:45,Flat,93,TSSC,388.8,30.2,36.9,79.57,0.61,63.65,0.51,32.5,0.67
2024-12-06,15:00,Flat,93,TSSC,356.4,30.0,35.9,79.87,0.56,63.9,0.47,29.9,0.67
2024-12-06,15:15,Flat,93,TSSC,302.6,29.7,34.3,80.38,0.47,64.31,0.4,25.5,0.67
2024-12-06,15:30,Flat,93,TSSC,248.9,29.5,32.7,80.9,0.39,64.72,0.33,21.1,0.67
2024-12-06,15:45,Flat,93,TSSC,195.1,29.2,31.0,81.41,0.3,65.13,0.25,16.6,0.67
2024-12-06,16:00,Flat,93,TSSC,141.4,28.9,29.4,81.93,0.22,65.54,0.18,12.1,0.67
2024-12-06,16:15,Flat,93,TSSC,107.9,28.4,28.1,82.35,0.17,65.88,0.14,9.3,0.67
2024-12-06,16:30,Flat,93,TSSC,74.3,27.9,26.7,82.78,0.12,66.22,0.1,6.4,0.67
2024-12-06,16:45,Flat,93,TSSC,40.8,27.4,25.4,83.2,0.06,66.56,0.05,3.5,0.67
2024-12-06,17:00,Flat,93,TSSC,7.3,26.9,24.1,83.63,0.01,66.9,0.01,0.6,0.67
2024-12-06,17:15,Flat,93,TSSC,5.5,26.6,23.8,83.72,0.01,66.98,0.01,0.5,0.67
2024-12-07,05:15,Flat,93,TSSC,17.4,23.1,20.5,84.75,0.03,67.8,0.02,1.5,0.67
2024-12-07,05:30,Flat,93,TSSC,34.9,23.3,21.1,84.55,0.05,67.64,0.05,3.0,0.67
2024-12-07,05:45,Flat,93,TSSC,52.3,23.5,21.8,84.34,0.08,67.47,0.07,4.6,0.67
2024-12-07,06:00,Flat,93,TSSC,69.7,23.7,22.4,84.14,0.11,67.31,0.09,6.1,0.67
2024-12-07,06:15,Flat,93,TSSC,122.6,24.2,24.2,83.57,0.19,66.85,0.16,10.6,0.67
2024-12-07,06:30,Flat,93,TSSC,175.4,24.7,26.1,82.99,0.27,66.39,0.23,15.1,0.67
2024-12-07,06:45,Flat,93,TSSC,228.3,25.2,27.9,82.42,0.35,65.94,0.3,19.6,0.67
2024-12-07,07:00,Flat,93,TSSC,281.2,25.6,29.7,81.85,0.44,65.48,0.37,24.0,0.67
2024-12-07,07:15,Flat,93,TSSC,336.3,26.1,31.5,81.28,0.52,65.02,0.44,28.6,0.67
2024-12-07,07:30,Flat,93,TSSC,391.4,26.5,33.3,80.71,0.61,64.57,0.51,33.1,0.67
2024-12-07,07:45,Flat,93,TSSC,446.6,26.9,35.1,80.14,0.7,64.11,0.59,37.5,0.67
2024-12-07,08:00,Flat,93,TSSC,501.7,27.3,36.9,79.57,0.79,63.65,0.66,41.9,0.67
2024-12-07,08:15,Flat,93,TSSC,534.0,27.7,38.0,79.21,0.84,63.37,0.7,44.5,0.67
2024-12-07,08:30,Flat,93,TSSC,566.3,28.0,39.2,78.85,0.89,63.08,0.75,47.0,0.67
2024-12-07,08:45,Flat,93,TSSC,598.6,28.3,40.3,78.49,0.94,62.79,0.79,49.5,0.67
2024-12-07,09:00,Flat,93,TSSC,630.9,28.7,41.4,78.13,0.99,62.5,0.83,52.0,0.67
2024-12-07,09:15,Flat,93,TSSC,648.4,28.9,42.2,77.9,1.02,62.32,0.86,53.3,0.67
2024-12-07,09:30,Flat,93,TSSC,666.0,29.2,42.9,77.67,1.05,62.14,0.88,54.7,0.67
2024-12-07,09:45,Flat,93,TSSC,683.6,29.5,43.6,77.44,1.08,61.95,0.9,56.0,0.67
2024-12-07,10:00,Flat,93,TSSC,701.2,29.8,44.3,77.21,1.11,61.77,0.93,57.3,0.67
2024-12-07,10:15,Flat,93,TSSC,708.2,30.0,44.7,77.09,1.12,61.67,0.94,57.8,0.67
2024-12-07,10:30,Flat,93,TSSC,715.3,30.2,45.1,76.97,1.13,61.57,0.95,58.3,0.67
2024-12-07,10:45,Flat,93,TSSC,722.3,30.4,45.5,76.84,1.14,61.47,0.96,58.8,0.67
2024-12-07,11:00,Flat,93,TSSC,729.4,30.6,45.9,76.72,1.15,61.37,0.97,59.3,0.67
2024-12-07,11:15,Flat,93,TSSC,715.4,30.7,45.6,76.8,1.13,61.44,0.95,58.2,0.67
2024-12-07,11:30,Flat,93,TSSC,701.4,30.8,45.4,76.88,1.11,61.5,0.93,57.1,0.67
2024-12-07,11:45,Flat,93,TSSC,687.4,30.9,45.1,76.96,1.09,61.56,0.91,56.0,0.67
2024-12-07,12:00,Flat,93,TSSC,673.4,31.0,44.9,77.03,1.06,61.63,0.89,54.9,0.67
2024-12-07,12:15,Flat,93,TSSC,647.5,31.0,44.2,77.24,1.02,61.79,0.86,52.9,0.67
2024-12-07,12:30,Flat,93,TSSC,621.6,31.0,43.6,77.45,0.98,61.96,0.82,50.9,0.67
2024-12-07,12:45,Flat,93,TSSC,595.8,31.0,42.9,77.65,0.94,62.12,0.79,48.9,0.67
2024-12-07,13:00,Flat,93,TSSC,569.9,31.0,42.3,77.86,0.9,62.29,0.75,46.9,0.67
2024-12-07,13:15,Flat,93,TSSC,540.8,31.0,41.5,78.11,0.85,62.49,0.71,44.6,0.67
2024-12-07,13:30,Flat,93,TSSC,511.7,30.9,40.7,78.36,0.81,62.69,0.67,42.3,0.67
2024-12-07,13:45,Flat,93,TSSC,482.6,30.8,39.9,78.62,0.76,62.89,0.64,40.0,0.67
2024-12-07,14:00,Flat,93,TSSC,453.4,30.8,39.1,78.87,0.71,63.09,0.6,37.7,0.67
2024-12-07,14:15,Flat,93,TSSC,412.8,30.6,37.9,79.24,0.65,63.39,0.54,34.4,0.67
2024-12-07,14:30,Flat,93,TSSC,372.1,30.4,36.7,79.61,0.58,63.69,0.49,31.1,0.67
2024-12-07,14:45,Flat,93,TSSC,331.4,30.3,35.6,79.98,0.52,63.98,0.43,27.8,0.67
2024-12-07,15:00,Flat,93,TSSC,290.7,30.1,34.4,80.35,0.45,64.28,0.38,24.5,0.67
2024-12-07,15:15,Flat,93,TSSC,246.8,29.9,33.0,80.79,0.39,64.63,0.32,20.9,0.67
2024-12-07,15:30,Flat,93,TSSC,202.9,29.6,31.6,81.22,0.32,64.98,0.27,17.2,0.67
2024-12-07,15:45,Flat,93,TSSC,159.0,29.3,30.3,81.66,0.25,65.33,0.21,13.5,0.67
2024-12-07,16:00,Flat,93,TSSC,115.0,29.0,28.9,82.1,0.18,65.68,0.15,9.8,0.67
2024-12-07,16:15,Flat,93,TSSC,87.9,28.5,27.7,82.48,0.14,65.98,0.11,7.6,0.67
2024-12-07,16:30,Flat,93,TSSC,60.8,28.0,26.5,82.85,0.09,66.28,0.08,5.2,0.67
2024-12-07,16:45,Flat,93,TSSC,33.7,27.5,25.3,83.23,0.05,66.58,0.04,2.9,0.67
2024-12-07,17:00,Flat,93,TSSC,6.6,26.9,24.1,83.61,0.01,66.89,0.01,0.6,0.67
2024-12-08,05:15,Flat,93,TSSC,17.1,22.1,19.6,85.05,0.03,68.04,0.02,1.5,0.67
2024-12-08,05:30,Flat,93,TSSC,34.1,22.4,20.2,84.84,0.05,67.87,0.04,3.0,0.67
2024-12-08,05:45,Flat,93,TSSC,51.2,22.6,20.9,84.62,0.08,67.7,0.07,4.5,0.67
2024-12-08,06:00,Flat,93,TSSC,68.2,22.9,21.6,84.4,0.11,67.52,0.09,6.0,0.67
2024-12-08,06:15,Flat,93,TSSC,119.6,23.4,23.4,83.83,0.19,67.06,0.16,10.4,0.67
2024-12-08,06:30,Flat,93,TSSC,171.0,24.0,25.3,83.25,0.27,66.6,0.22,14.8,0.67
2024-12-08,06:45,Flat,93,TSSC,222.4,24.5,27.1,82.67,0.35,66.14,0.29,19.1,0.67
2024-12-08,07:00,Flat,93,TSSC,273.8,25.1,28.9,82.09,0.43,65.68,0.36,23.4,0.67
2024-12-08,07:15,Flat,93,TSSC,327.3,25.5,30.7,81.52,0.51,65.22,0.43,27.9,0.67
2024-12-08,07:30,Flat,93,TSSC,380.8,26.0,32.5,80.95,0.59,64.76,0.5,32.3,0.67
2024-12-08,07:45,Flat,93,TSSC,434.4,26.4,34.3,80.38,0.68,64.31,0.57,36.6,0.67
2024-12-08,08:00,Flat,93,TSSC,487.9,26.9,36.1,79.81,0.76,63.85,0.64,40.9,0.67
2024-12-08,08:15,Flat,93,TSSC,530.1,27.2,37.5,79.38,0.83,63.51,0.7,44.2,0.67
2024-12-08,08:30,Flat,93,TSSC,572.3,27.5,38.8,78.95,0.9,63.16,0.75,47.6,0.67
2024-12-08,08:45,Flat,93,TSSC,614.5,27.8,40.2,78.52,0.97,62.82,0.81,50.9,0.67
2024-12-08,09:00,Flat,93,TSSC,656.6,28.1,41.5,78.09,1.03,62.47,0.87,54.1,0.67
2024-12-08,09:15,Flat,93,TSSC,686.2,28.3,42.5,77.8,1.08,62.24,0.91,56.4,0.67
2024-12-08,09:30,Flat,93,TSSC,715.8,28.5,43.4,77.51,1.13,62.01,0.95,58.7,0.67
2024-12-08,09:45,Flat,93,TSSC,745.3,28.7,44.3,77.22,1.18,61.78,0.99,60.9,0.67
2024-12-08,10:00,Flat,93,TSSC,774.9,28.8,45.2,76.93,1.23,61.54,1.03,63.1,0.67
2024-12-08,10:15,Flat,93,TSSC,761.2,29.0,45.0,76.99,1.2,61.59,1.01,62.1,0.67
2024-12-08,10:30,Flat,93,TSSC,747.6,29.1,44.8,77.05,1.18,61.64,0.99,61.0,0.67
2024-12-08,10:45,Flat,93,TSSC,734.0,29.3,44.6,77.12,1.16,61.69,0.97,59.9,0.67
2024-12-08,11:00,Flat,93,TSSC,720.3,29.4,44.4,77.18,1.14,61.74,0.95,58.8,0.67
2024-12-08,11:15,Flat,93,TSSC,712.7,29.5,44.3,77.21,1.13,61.77,0.94,58.2,0.67
2024-12-08,11:30,Flat,93,TSSC,705.0,29.6,44.2,77.24,1.11,61.79,0.93,57.6,0.67
2024-12-08,11:45,Flat,93,TSSC,697.3,29.7,44.1,77.27,1.1,61.82,0.92,57.0,0.67
2024-12-08,12:00,Flat,93,TSSC,689.6,29.8,44.0,77.3,1.09,61.84,0.91,56.4,0.67
2024-12-08,12:15,Flat,93,TSSC,672.6,29.9,43.7,77.42,1.06,61.93,0.89,55.1,0.67
2024-12-08,12:30,Flat,93,TSSC,655.6,29.9,43.3,77.53,1.03,62.03,0.87,53.7,0.67
2024-12-08,12:45,Flat,93,TSSC,638.6,30.0,42.9,77.65,1.01,62.12,0.84,52.4,0.67
2024-12-08,13:00,Flat,93,TSSC,621.5,30.0,42.5,77.77,0.98,62.22,0.82,51.1,0.67
2024-12-08,13:15,Flat,93,TSSC,600.0,30.0,42.0,77.93,0.95,62.35,0.79,49.4,0.67
2024-12-08,13:30,Flat,93,TSSC,578.5,30.1,41.5,78.1,0.91,62.48,0.76,47.7,0.67
2024-12-08,13:45,Flat,93,TSSC,557.0,30.1,41.0,78.26,0.88,62.61,0.73,46.0,0.67
2024-12-08,14:00,Flat,93,TSSC,535.5,30.1,40.5,78.42,0.84,62.74,0.71,44.3,0.67
2024-12-08,14:15,Flat,93,TSSC,484.9,30.0,39.1,78.86,0.76,63.09,0.64,40.3,0.67
2024-12-08,14:30,Flat,93,TSSC,434.3,29.9,37.8,79.29,0.68,63.43,0.57,36.2,0.67
2024-12-08,14:45,Flat,93,TSSC,383.8,29.8,36.4,79.72,0.6,63.78,0.5,32.1,0.67
2024-12-08,15:00,Flat,93,TSSC,333.2,29.7,35.0,80.15,0.52,64.12,0.44,28.0,0.67
2024-12-08,15:15,Flat,93,TSSC,281.2,29.5,33.5,80.64,0.44,64.51,0.37,23.7,0.67
2024-12-08,15:30,Flat,93,TSSC,229.2,29.2,32.0,81.12,0.36,64.9,0.3,19.4,0.67
2024-12-08,15:45,Flat,93,TSSC,177.2,29.0,30.4,81.61,0.28,65.29,0.23,15.1,0.67
2024-12-08,16:00,Flat,93,TSSC,125.2,28.8,28.9,82.09,0.19,65.67,0.16,10.7,0.67
2024-12-08,16:15,Flat,93,TSSC,95.6,28.2,27.6,82.49,0.15,65.99,0.12,8.2,0.67
2024-12-08,16:30,Flat,93,TSSC,66.1,27.7,26.4,82.89,0.1,66.31,0.09,5.7,0.67
2024-12-08,16:45,Flat,93,TSSC,36.5,27.2,25.1,83.29,0.06,66.63,0.05,3.2,0.67
2024-12-08,17:00,Flat,93,TSSC,7.0,26.7,23.9,83.69,0.01,66.95,0.01,0.6,0.67
2024-12-08,17:15,Flat,93,TSSC,5.2,26.4,23.6,83.78,0.01,67.03,0.01,0.5,0.67
2024-12-09,05:15,Flat,93,TSSC,13.5,22.2,19.6,85.05,0.02,68.04,0.02,1.2,0.67
2024-12-09,05:30,Flat,93,TSSC,27.1,22.4,20.1,84.87,0.04,67.9,0.03,2.4,0.67
2024-12-09,05:45,Flat,93,TSSC,40.6,22.6,20.7,84.7,0.06,67.76,0.05,3.6,0.67
2024-12-09,06:00,Flat,93,TSSC,54.1,22.9,21.2,84.53,0.08,67.62,0.07,4.7,0.67
2024-12-09,06:15,Flat,93,TSSC,100.5,23.4,22.9,84.0,0.16,67.2,0.13,8.7,0.67
2024-12-09,06:30,Flat,93,TSSC,146.8,23.9,24.6,83.46,0.23,66.77,0.19,12.7,0.67
2024-12-09,06:45,Flat,93,TSSC,193.2,24.4,26.3,82.93,0.3,66.34,0.25,16.7,0.67
2024-12-09,07:00,Flat,93,TSSC,239.5,25.0,27.9,82.39,0.37,65.92,0.31,20.6,0.67
2024-12-09,07:15,Flat,93,TSSC,291.8,25.5,29.8,81.82,0.45,65.46,0.38,24.9,0.67
2024-12-09,07:30,Flat,93,TSSC,344.0,26.0,31.6,81.25,0.54,65.0,0.45,29.2,0.67
2024-12-09,07:45,Flat,93,TSSC,396.3,26.5,33.4,80.68,0.62,64.54,0.52,33.5,0.67
2024-12-09,08:00,Flat,93,TSSC,448.5,27.0,35.2,80.11,0.7,64.09,0.59,37.7,0.67
2024-12-09,08:15,Flat,93,TSSC,493.2,27.4,36.7,79.63,0.77,63.7,0.65,41.3,0.67
2024-12-09,08:30,Flat,93,TSSC,537.8,27.8,38.2,79.14,0.84,63.31,0.71,44.8,0.67
2024-12-09,08:45,Flat,93,TSSC,582.5,28.2,39.7,78.66,0.92,62.93,0.77,48.3,0.67
2024-12-09,09:00,Flat,93,TSSC,627.1,28.6,41.3,78.18,0.99,62.54,0.83,51.7,0.67
2024-12-09,09:15,Flat,93,TSSC,654.4,28.9,42.3,77.87,1.03,62.29,0.86,53.8,0.67
2024-12-09,09:30,Flat,93,TSSC,681.8,29.2,43.2,77.55,1.08,62.04,0.9,55.9,0.67
2024-12-09,09:45,Flat,93,TSSC,709.1,29.5,44.2,77.24,1.12,61.79,0.94,58.0,0.67
2024-12-09,10:00,Flat,93,TSSC,736.4,29.8,45.2,76.92,1.16,61.54,0.98,60.0,0.67
2024-12-09,10:15,Flat,93,TSSC,737.6,30.0,45.5,76.84,1.17,61.48,0.98,60.1,0.67
2024-12-09,10:30,Flat,93,TSSC,738.8,30.2,45.7,76.77,1.17,61.41,0.98,60.1,0.67
2024-12-09,10:45,Flat,93,TSSC,740.1,30.5,46.0,76.69,1.17,61.35,0.98,60.2,0.67
2024-12-09,11:00,Flat,93,TSSC,741.3,30.7,46.2,76.61,1.17,61.29,0.98,60.2,0.67
2024-12-09,11:15,Flat,93,TSSC,727.4,30.8,46.0,76.68,1.15,61.34,0.96,59.1,0.67
2024-12-09,11:30,Flat,93,TSSC,713.4,30.9,45.8,76.75,1.13,61.4,0.95,58.0,0.67
2024-12-09,11:45,Flat,93,TSSC,699.5,31.1,45.6,76.82,1.11,61.46,0.93,56.9,0.67
2024-12-09,12:00,Flat,93,TSSC,685.6,31.2,45.3,76.89,1.08,61.51,0.91,55.8,0.67
2024-12-09,12:15,Flat,93,TSSC,658.9,31.2,44.7,77.09,1.04,61.67,0.87,53.8,0.67
2024-12-09,12:30,Flat,93,TSSC,632.3,31.3,44.1,77.29,1.0,61.83,0.84,51.7,0.67
2024-12-09,12:45,Flat,93,TSSC,605.6,31.3,43.4,77.49,0.96,61.99,0.8,49.6,0.67
2024-12-09,13:00,Flat,93,TSSC,579.0,31.3,42.8,77.69,0.91,62.15,0.76,47.5,0.67
2024-12-09,13:15,Flat,93,TSSC,548.9,31.3,42.0,77.95,0.87,62.36,0.72,45.2,0.67
2024-12-09,13:30,Flat,93,TSSC,518.8,31.2,41.2,78.21,0.82,62.57,0.68,42.8,0.67
2024-12-09,13:45,Flat,93,TSSC,488.7,31.1,40.4,78.47,0.77,62.77,0.64,40.4,0.67
2024-12-09,14:00,Flat,93,TSSC,458.6,31.1,39.5,78.73,0.72,62.98,0.6,38.0,0.67
2024-12-09,14:15,Flat,93,TSSC,413.8,30.9,38.3,79.12,0.65,63.3,0.54,34.4,0.67
2024-12-09,14:30,Flat,93,TSSC,369.0,30.8,37.0,79.52,0.58,63.61,0.48,30.8,0.67
2024-12-09,14:45,Flat,93,TSSC,324.2,30.7,35.8,79.92,0.51,63.93,0.43,27.2,0.67
2024-12-09,15:00,Flat,93,TSSC,279.4,30.5,34.5,80.31,0.44,64.25,0.37,23.5,0.67
2024-12-09,15:15,Flat,93,TSSC,235.8,30.2,33.1,80.76,0.37,64.6,0.31,19.9,0.67
2024-12-09,15:30,Flat,93,TSSC,192.3,29.9,31.7,81.2,0.3,64.96,0.25,16.3,0.67
2024-12-09,15:45,Flat,93,TSSC,148.7,29.6,30.3,81.64,0.23,65.31,0.19,12.7,0.67
2024-12-09,16:00,Flat,93,TSSC,105.2,29.3,28.9,82.08,0.16,65.67,0.14,9.0,0.67
2024-12-09,16:15,Flat,93,TSSC,80.4,28.7,27.7,82.46,0.12,65.97,0.1,6.9,0.67
2024-12-09,16:30,Flat,93,TSSC,55.7,28.1,26.5,82.84,0.09,66.28,0.07,4.8,0.67
2024-12-09,16:45,Flat,93,TSSC,30.9,27.6,25.3,83.22,0.05,66.58,0.04,2.7,0.67
2024-12-09,17:00,Flat,93,TSSC,6.2,27.0,24.1,83.61,0.01,66.88,0.01,0.5,0.67
2024-12-10,05:15,Flat,93,TSSC,11.0,22.5,19.7,84.99,0.02,67.99,0.01,1.0,0.67
2024-12-10,05:30,Flat,93,TSSC,21.9,22.7,20.2,84.84,0.03,67.87,0.03,1.9,0.67
2024-12-10,05:45,Flat,93,TSSC,32.9,22.9,20.7,84.69,0.05,67.75,0.04,2.9,0.67
2024-12-10,06:00,Flat,93,TSSC,43.8,23.1,21.2,84.54,0.07,67.63,0.06,3.8,0.67
2024-12-10,06:15,Flat,93,TSSC,81.4,23.6,22.6,84.08,0.13,67.26,0.11,7.1,0.67
2024-12-10,06:30,Flat,93,TSSC,119.0,24.1,24.1,83.62,0.18,66.89,0.15,10.3,0.67
2024-12-10,06:45,Flat,93,TSSC,156.5,24.6,25.5,83.16,0.24,66.53,0.2,13.5,0.67
2024-12-10,07:00,Flat,93,TSSC,194.1,25.1,27.0,82.7,0.3,66.16,0.25,16.7,0.67
2024-12-10,07:15,Flat,93,TSSC,236.7,25.6,28.5,82.22,0.37,65.78,0.31,20.3,0.67
2024-12-10,07:30,Flat,93,TSSC,279.2,26.0,30.0,81.75,0.43,65.4,0.36,23.8,0.67
2024-12-10,07:45,Flat,93,TSSC,321.8,26.4,31.5,81.28,0.5,65.02,0.42,27.3,0.67
2024-12-10,08:00,Flat,93,TSSC,364.4,26.9,33.0,80.8,0.57,64.64,0.48,30.8,0.67
2024-12-10,08:15,Flat,93,TSSC,403.2,27.2,34.3,80.39,0.63,64.32,0.53,34.0,0.67
2024-12-10,08:30,Flat,93,TSSC,442.1,27.5,35.6,79.99,0.69,63.99,0.58,37.1,0.67
2024-12-10,08:45,Flat,93,TSSC,480.9,27.8,36.8,79.58,0.75,63.66,0.63,40.2,0.67
2024-12-10,09:00,Flat,93,TSSC,519.7,28.1,38.1,79.17,0.82,63.33,0.68,43.3,0.67
2024-12-10,09:15,Flat,93,TSSC,546.2,28.4,39.1,78.87,0.86,63.09,0.72,45.4,0.67
2024-12-10,09:30,Flat,93,TSSC,572.7,28.7,40.0,78.56,0.9,62.85,0.75,47.4,0.67
2024-12-10,09:45,Flat,93,TSSC,599.2,29.0,41.0,78.26,0.94,62.61,0.79,49.5,0.67
2024-12-10,10:00,Flat,93,TSSC,625.8,29.3,41.9,77.96,0.99,62.37,0.83,51.5,0.67
2024-12-10,10:15,Flat,93,TSSC,652.3,29.5,42.8,77.68,1.03,62.15,0.86,53.6,0.67
2024-12-10,10:30,Flat,93,TSSC,678.8,29.7,43.7,77.4,1.07,61.92,0.9,55.6,0.67
2024-12-10,10:45,Flat,93,TSSC,705.4,30.0,44.6,77.13,1.11,61.7,0.93,57.6,0.67
2024-12-10,11:00,Flat,93,TSSC,731.9,30.2,45.5,76.85,1.16,61.48,0.97,59.6,0.67
2024-12-10,11:15,Flat,93,TSSC,733.9,30.3,45.6,76.8,1.16,61.44,0.97,59.7,0.67
2024-12-10,11:30,Flat,93,TSSC,735.8,30.4,45.8,76.75,1.16,61.4,0.97,59.9,0.67
2024-12-10,11:45,Flat,93,TSSC,737.8,30.5,45.9,76.7,1.17,61.36,0.98,60.0,0.67
2024-12-10,12:00,Flat,93,TSSC,739.8,30.6,46.1,76.65,1.17,61.32,0.98,60.1,0.67
2024-12-10,12:15,Flat,93,TSSC,713.9,30.6,45.4,76.85,1.13,61.48,0.95,58.1,0.67
2024-12-10,12:30,Flat,93,TSSC,688.0,30.6,44.8,77.06,1.09,61.65,0.91,56.1,0.67
2024-12-10,12:45,Flat,93,TSSC,662.1,30.6,44.2,77.26,1.05,61.81,0.88,54.1,0.67
2024-12-10,13:00,Flat,93,TSSC,636.2,30.6,43.5,77.46,1.0,61.97,0.84,52.1,0.67
2024-12-10,13:15,Flat,93,TSSC,587.5,30.5,42.2,77.88,0.93,62.3,0.78,48.3,0.67
2024-12-10,13:30,Flat,93,TSSC,538.7,30.4,40.9,78.3,0.85,62.64,0.71,44.5,0.67
2024-12-10,13:45,Flat,93,TSSC,490.0,30.3,39.6,78.72,0.77,62.97,0.65,40.6,0.67
2024-12-10,14:00,Flat,93,TSSC,441.2,30.2,38.2,79.14,0.69,63.31,0.58,36.7,0.67
2024-12-10,14:15,Flat,93,TSSC,401.4,30.0,37.0,79.52,0.63,63.62,0.53,33.5,0.67
2024-12-10,14:30,Flat,93,TSSC,361.5,29.8,35.8,79.9,0.57,63.92,0.47,30.3,0.67
2024-12-10,14:45,Flat,93,TSSC,321.6,29.6,34.6,80.29,0.5,64.23,0.42,27.1,0.67
2024-12-10,15:00,Flat,93,TSSC,281.8,29.3,33.4,80.67,0.44,64.54,0.37,23.8,0.67
2024-12-10,15:15,Flat,93,TSSC,238.8,29.0,32.0,81.12,0.37,64.89,0.31,20.3,0.67
2024-12-10,15:30,Flat,93,TSSC,195.8,28.7,30.6,81.56,0.31,65.25,0.26,16.7,0.67
2024-12-10,15:45,Flat,93,TSSC,152.9,28.4,29.2,82.0,0.24,65.6,0.2,13.1,0.67
2024-12-10,16:00,Flat,93,TSSC,109.9,28.0,27.8,82.45,0.17,65.96,0.14,9.4,0.67
2024-12-10,16:15,Flat,93,TSSC,84.2,27.6,26.7,82.79,0.13,66.23,0.11,7.2,0.67
2024-12-10,16:30,Flat,93,TSSC,58.5,27.2,25.6,83.13,0.09,66.5,0.08,5.0,0.67
2024-12-10,16:45,Flat,93,TSSC,32.7,26.7,24.6,83.47,0.05,66.78,0.04,2.8,0.67
2024-12-10,17:00,Flat,93,TSSC,7.0,26.3,23.5,83.81,0.01,67.05,0.01,0.6,0.67
2024-12-10,17:15,Flat,93,TSSC,5.2,26.1,23.3,83.88,0.01,67.1,0.01,0.5,0.67
2024-12-11,05:15,Flat,93,TSSC,10.3,23.0,20.3,84.82,0.02,67.85,0.01,0.9,0.67
2024-12-11,05:30,Flat,93,TSSC,20.6,23.2,20.7,84.69,0.03,67.75,0.03,1.8,0.67
2024-12-11,05:45,Flat,93,TSSC,30.9,23.3,21.1,84.56,0.05,67.65,0.04,2.7,0.67
2024-12-11,06:00,Flat,93,TSSC,41.2,23.5,21.5,84.44,0.06,67.55,0.05,3.6,0.67
2024-12-11,06:15,Flat,93,TSSC,70.9,23.9,22.6,84.08,0.11,67.26,0.09,6.2,0.67
2024-12-11,06:30,Flat,93,TSSC,100.6,24.2,23.8,83.72,0.16,66.98,0.13,8.7,0.67
2024-12-11,06:45,Flat,93,TSSC,130.2,24.6,24.9,83.36,0.2,66.69,0.17,11.3,0.67
2024-12-11,07:00,Flat,93,TSSC,159.9,25.0,26.0,83.0,0.25,66.4,0.21,13.8,0.67
2024-12-11,07:15,Flat,93,TSSC,194.5,25.3,27.2,82.63,0.3,66.1,0.25,16.7,0.67
2024-12-11,07:30,Flat,93,TSSC,229.1,25.7,28.4,82.25,0.36,65.8,0.3,19.6,0.67
2024-12-11,07:45,Flat,93,TSSC,263.7,26.0,29.6,81.88,0.41,65.5,0.34,22.5,0.67
2024-12-11,08:00,Flat,93,TSSC,298.2,26.3,30.8,81.51,0.46,65.2,0.39,25.4,0.67
2024-12-11,08:15,Flat,93,TSSC,348.9,26.5,32.3,81.03,0.54,64.82,0.46,29.6,0.67
2024-12-11,08:30,Flat,93,TSSC,399.6,26.8,33.8,80.56,0.62,64.44,0.52,33.7,0.67
2024-12-11,08:45,Flat,93,TSSC,450.2,27.0,35.3,80.08,0.7,64.07,0.59,37.8,0.67
2024-12-11,09:00,Flat,93,TSSC,500.9,27.2,36.8,79.61,0.79,63.69,0.66,41.9,0.67
2024-12-11,09:15,Flat,93,TSSC,517.4,27.4,37.4,79.41,0.81,63.53,0.68,43.2,0.67
2024-12-11,09:30,Flat,93,TSSC,533.9,27.6,38.0,79.21,0.84,63.37,0.7,44.5,0.67
2024-12-11,09:45,Flat,93,TSSC,550.4,27.9,38.6,79.02,0.86,63.21,0.72,45.8,0.67
2024-12-11,10:00,Flat,93,TSSC,566.9,28.1,39.2,78.82,0.89,63.06,0.75,47.1,0.67
2024-12-11,10:15,Flat,93,TSSC,569.0,28.2,39.5,78.75,0.89,63.0,0.75,47.2,0.67
2024-12-11,10:30,Flat,93,TSSC,571.1,28.4,39.7,78.68,0.9,62.95,0.75,47.3,0.67
2024-12-11,10:45,Flat,93,TSSC,573.2,28.6,39.9,78.61,0.9,62.89,0.76,47.5,0.67
2024-12-11,11:00,Flat,93,TSSC,575.4,28.7,40.1,78.54,0.91,62.83,0.76,47.6,0.67
2024-12-11,11:15,Flat,93,TSSC,564.8,28.8,39.9,78.6,0.89,62.88,0.74,46.8,0.67
2024-12-11,11:30,Flat,93,TSSC,554.3,28.9,39.7,78.66,0.87,62.93,0.73,45.9,0.67
2024-12-11,11:45,Flat,93,TSSC,543.8,29.0,39.6,78.72,0.86,62.97,0.72,45.1,0.67
2024-12-11,12:00,Flat,93,TSSC,533.2,29.0,39.4,78.78,0.84,63.02,0.7,44.2,0.67
2024-12-11,12:15,Flat,93,TSSC,525.8,29.1,39.2,78.83,0.83,63.07,0.69,43.6,0.67
2024-12-11,12:30,Flat,93,TSSC,518.3,29.1,39.0,78.89,0.81,63.11,0.68,43.1,0.67
2024-12-11,12:45,Flat,93,TSSC,510.8,29.1,38.9,78.94,0.8,63.15,0.67,42.5,0.67
2024-12-11,13:00,Flat,93,TSSC,503.4,29.1,38.7,78.99,0.79,63.2,0.66,41.9,0.67
2024-12-11,13:15,Flat,93,TSSC,468.9,29.0,37.7,79.29,0.74,63.43,0.62,39.1,0.67
2024-12-11,13:30,Flat,93,TSSC,434.4,28.9,36.8,79.59,0.68,63.67,0.57,36.3,0.67
2024-12-11,13:45,Flat,93,TSSC,400.0,28.9,35.9,79.89,0.63,63.91,0.52,33.5,0.67
2024-12-11,14:00,Flat,93,TSSC,365.5,28.8,34.9,80.18,0.57,64.15,0.48,30.7,0.67
2024-12-11,14:15,Flat,93,TSSC,331.6,28.6,33.9,80.5,0.52,64.4,0.43,28.0,0.67
2024-12-11,14:30,Flat,93,TSSC,297.7,28.5,32.9,80.82,0.47,64.66,0.39,25.2,0.67
2024-12-11,14:45,Flat,93,TSSC,263.8,28.3,31.9,81.14,0.41,64.91,0.34,22.4,0.67
2024-12-11,15:00,Flat,93,TSSC,229.9,28.1,30.9,81.46,0.36,65.17,0.3,19.6,0.67
2024-12-11,15:15,Flat,93,TSSC,193.4,27.9,29.8,81.82,0.3,65.46,0.25,16.5,0.67
2024-12-11,15:30,Flat,93,TSSC,156.8,27.7,28.6,82.18,0.24,65.75,0.2,13.4,0.67
2024-12-11,15:45,Flat,93,TSSC,120.3,27.5,27.5,82.55,0.19,66.04,0.16,10.3,0.67
2024-12-11,16:00,Flat,93,TSSC,83.8,27.2,26.3,82.91,0.13,66.33,0.11,7.2,0.67
2024-12-11,16:15,Flat,93,TSSC,64.5,26.9,25.5,83.18,0.1,66.54,0.08,5.6,0.67
2024-12-11,16:30,Flat,93,TSSC,45.2,26.5,24.6,83.45,0.07,66.76,0.06,3.9,0.67
2024-12-11,16:45,Flat,93,TSSC,25.9,26.1,23.8,83.72,0.04,66.98,0.03,2.2,0.67
2024-12-11,17:00,Flat,93,TSSC,6.5,25.7,22.9,84.0,0.01,67.2,0.01,0.6,0.67
2024-12-12,05:15,Flat,93,TSSC,7.0,23.2,20.3,84.8,0.01,67.84,0.01,0.6,0.67
2024-12-12,05:30,Flat,93,TSSC,14.0,23.2,20.6,84.73,0.02,67.78,0.02,1.2,0.67
2024-12-12,05:45,Flat,93,TSSC,21.0,23.3,20.8,84.65,0.03,67.72,0.03,1.8,0.67
2024-12-12,06:00,Flat,93,TSSC,27.9,23.4,21.1,84.57,0.04,67.66,0.04,2.4,0.67
2024-12-12,06:15,Flat,93,TSSC,44.8,23.6,21.7,84.38,0.07,67.5,0.06,3.9,0.67
2024-12-12,06:30,Flat,93,TSSC,61.6,23.7,22.3,84.19,0.1,67.35,0.08,5.4,0.67
2024-12-12,06:45,Flat,93,TSSC,78.4,23.9,22.9,84.0,0.12,67.2,0.1,6.8,0.67
2024-12-12,07:00,Flat,93,TSSC,95.3,24.1,23.5,83.81,0.15,67.05,0.12,8.3,0.67
2024-12-12,07:15,Flat,93,TSSC,117.4,24.3,24.2,83.58,0.18,66.86,0.15,10.2,0.67
2024-12-12,07:30,Flat,93,TSSC,139.6,24.4,24.9,83.35,0.22,66.68,0.18,12.1,0.67
2024-12-12,07:45,Flat,93,TSSC,161.7,24.6,25.6,83.12,0.25,66.5,0.21,14.0,0.67
2024-12-12,08:00,Flat,93,TSSC,183.8,24.8,26.4,82.9,0.29,66.32,0.24,15.8,0.67
2024-12-12,08:15,Flat,93,TSSC,190.5,25.0,26.8,82.77,0.3,66.22,0.25,16.4,0.67
2024-12-12,08:30,Flat,93,TSSC,197.2,25.2,27.1,82.65,0.31,66.12,0.26,17.0,0.67
2024-12-12,08:45,Flat,93,TSSC,203.9,25.4,27.5,82.52,0.32,66.02,0.27,17.5,0.67
2024-12-12,09:00,Flat,93,TSSC,210.6,25.7,27.9,82.4,0.33,65.92,0.27,18.1,0.67
2024-12-12,09:15,Flat,93,TSSC,211.8,25.9,28.2,82.32,0.33,65.86,0.28,18.2,0.67
2024-12-12,09:30,Flat,93,TSSC,213.1,26.1,28.4,82.25,0.33,65.8,0.28,18.3,0.67
2024-12-12,09:45,Flat,93,TSSC,214.4,26.3,28.7,82.17,0.33,65.74,0.28,18.4,0.67
2024-12-12,10:00,Flat,93,TSSC,215.6,26.5,28.9,82.09,0.34,65.67,0.28,18.5,0.67
2024-12-12,10:15,Flat,93,TSSC,235.9,26.6,29.5,81.9,0.37,65.52,0.31,20.2,0.67
2024-12-12,10:30,Flat,93,TSSC,256.2,26.7,30.1,81.71,0.4,65.37,0.33,21.8,0.67
2024-12-12,10:45,Flat,93,TSSC,276.4,26.8,30.7,81.52,0.43,65.21,0.36,23.5,0.67
2024-12-12,11:00,Flat,93,TSSC,296.7,26.9,31.3,81.32,0.46,65.06,0.39,25.2,0.67
2024-12-12,11:15,Flat,93,TSSC,291.6,26.9,31.2,81.36,0.45,65.09,0.38,24.8,0.67
2024-12-12,11:30,Flat,93,TSSC,286.5,27.0,31.1,81.39,0.45,65.11,0.37,24.4,0.67
2024-12-12,11:45,Flat,93,TSSC,281.4,27.0,31.0,81.42,0.44,65.14,0.37,23.9,0.67
2024-12-12,12:00,Flat,93,TSSC,276.3,27.0,30.9,81.45,0.43,65.16,0.36,23.5,0.67
2024-12-12,12:15,Flat,93,TSSC,257.0,27.0,30.4,81.61,0.4,65.29,0.34,21.9,0.67
2024-12-12,12:30,Flat,93,TSSC,237.7,27.0,30.0,81.76,0.37,65.41,0.31,20.3,0.67
2024-12-12,12:45,Flat,93,TSSC,218.4,27.0,29.5,81.91,0.34,65.53,0.28,18.7,0.67
2024-12-12,13:00,Flat,93,TSSC,199.1,27.0,29.0,82.07,0.31,65.65,0.26,17.0,0.67
2024-12-12,13:15,Flat,93,TSSC,182.9,26.8,28.4,82.25,0.28,65.8,0.24,15.7,0.67
2024-12-12,13:30,Flat,93,TSSC,166.6,26.7,27.8,82.43,0.26,65.95,0.22,14.3,0.67
2024-12-12,13:45,Flat,93,TSSC,150.3,26.5,27.3,82.62,0.23,66.09,0.2,12.9,0.67
2024-12-12,14:00,Flat,93,TSSC,134.1,26.3,26.7,82.8,0.21,66.24,0.17,11.5,0.67
2024-12-12,14:15,Flat,93,TSSC,123.9,26.2,26.3,82.92,0.19,66.33,0.16,10.7,0.67
2024-12-12,14:30,Flat,93,TSSC,113.7,26.1,25.9,83.03,0.18,66.43,0.15,9.8,0.67
2024-12-12,14:45,Flat,93,TSSC,103.5,26.0,25.6,83.15,0.16,66.52,0.13,8.9,0.67
2024-12-12,15:00,Flat,93,TSSC,93.2,25.9,25.2,83.27,0.14,66.62,0.12,8.1,0.67
2024-12-12,15:15,Flat,93,TSSC,77.4,25.7,24.7,83.44,0.12,66.75,0.1,6.7,0.67
2024-12-12,15:30,Flat,93,TSSC,61.5,25.6,24.1,83.6,0.1,66.88,0.08,5.3,0.67
2024-12-12,15:45,Flat,93,TSSC,45.6,25.5,23.6,83.77,0.07,67.02,0.06,4.0,0.67
2024-12-12,16:00,Flat,93,TSSC,29.7,25.3,23.1,83.93,0.05,67.15,0.04,2.6,0.67
2024-12-12,16:15,Flat,93,TSSC,22.8,25.2,22.8,84.03,0.04,67.22,0.03,2.0,0.67
2024-12-12,16:30,Flat,93,TSSC,15.8,25.1,22.5,84.13,0.02,67.3,0.02,1.4,0.67
2024-12-12,16:45,Flat,93,TSSC,8.8,24.9,22.2,84.22,0.01,67.38,0.01,0.8,0.67
2024-12-13,05:30,Flat,93,TSSC,6.0,24.3,21.5,84.44,0.01,67.55,0.01,0.5,0.67
2024-12-13,05:45,Flat,93,TSSC,9.1,24.4,21.6,84.41,0.01,67.53,0.01,0.8,0.67
2024-12-13,06:00,Flat,93,TSSC,12.1,24.4,21.7,84.37,0.02,67.5,0.02,1.1,0.67
2024-12-13,06:15,Flat,93,TSSC,19.0,24.5,22.0,84.29,0.03,67.43,0.02,1.7,0.67
2024-12-13,06:30,Flat,93,TSSC,25.9,24.6,22.2,84.21,0.04,67.37,0.03,2.3,0.67
2024-12-13,06:45,Flat,93,TSSC,32.9,24.7,22.5,84.13,0.05,67.3,0.04,2.9,0.67
2024-12-13,07:00,Flat,93,TSSC,39.8,24.7,22.7,84.05,0.06,67.24,0.05,3.5,0.67
2024-12-13,07:15,Flat,93,TSSC,49.7,24.9,23.1,83.93,0.08,67.14,0.06,4.3,0.67
2024-12-13,07:30,Flat,93,TSSC,59.7,25.0,23.5,83.82,0.09,67.05,0.08,5.2,0.67
2024-12-13,07:45,Flat,93,TSSC,69.6,25.1,23.8,83.7,0.11,66.96,0.09,6.0,0.67
2024-12-13,08:00,Flat,93,TSSC,79.5,25.2,24.2,83.59,0.12,66.87,0.1,6.9,0.67
2024-12-13,08:15,Flat,93,TSSC,94.8,25.3,24.7,83.42,0.15,66.73,0.12,8.2,0.67
2024-12-13,08:30,Flat,93,TSSC,110.1,25.5,25.2,83.25,0.17,66.6,0.14,9.5,0.67
2024-12-13,08:45,Flat,93,TSSC,125.4,25.6,25.8,83.08,0.19,66.47,0.16,10.8,0.67
2024-12-13,09:00,Flat,93,TSSC,140.7,25.8,26.3,82.92,0.22,66.33,0.18,12.1,0.67
2024-12-13,09:15,Flat,93,TSSC,131.6,26.0,26.3,82.93,0.2,66.35,0.17,11.3,0.67
2024-12-13,09:30,Flat,93,TSSC,122.4,26.1,26.2,82.95,0.19,66.36,0.16,10.6,0.67
2024-12-13,09:45,Flat,93,TSSC,113.3,26.3,26.2,82.96,0.18,66.37,0.15,9.8,0.67
2024-12-13,10:00,Flat,93,TSSC,104.1,26.5,26.1,82.98,0.16,66.38,0.14,9.0,0.67
2024-12-13,10:15,Flat,93,TSSC,104.9,26.6,26.3,82.93,0.16,66.34,0.14,9.0,0.67
2024-12-13,10:30,Flat,93,TSSC,105.6,26.8,26.4,82.88,0.16,66.3,0.14,9.1,0.67
2024-12-13,10:45,Flat,93,TSSC,106.4,26.9,26.6,82.83,0.17,66.27,0.14,9.2,0.67
2024-12-13,11:00,Flat,93,TSSC,107.1,27.0,26.7,82.78,0.17,66.23,0.14,9.2,0.67
2024-12-13,11:15,Flat,93,TSSC,143.0,27.1,27.7,82.48,0.22,65.99,0.19,12.3,0.67
2024-12-13,11:30,Flat,93,TSSC,178.8,27.1,28.6,82.18,0.28,65.75,0.23,15.3,0.67
2024-12-13,11:45,Flat,93,TSSC,214.7,27.2,29.6,81.88,0.33,65.51,0.28,18.3,0.67
2024-12-13,12:00,Flat,93,TSSC,250.6,27.2,30.5,81.59,0.39,65.27,0.33,21.3,0.67
2024-12-13,12:15,Flat,93,TSSC,222.9,27.2,29.8,81.8,0.35,65.44,0.29,19.0,0.67
2024-12-13,12:30,Flat,93,TSSC,195.1,27.2,29.1,82.02,0.3,65.62,0.25,16.7,0.67
2024-12-13,12:45,Flat,93,TSSC,167.4,27.2,28.4,82.24,0.26,65.79,0.22,14.3,0.67
2024-12-13,13:00,Flat,93,TSSC,139.7,27.2,27.7,82.46,0.22,65.97,0.18,12.0,0.67
2024-12-13,13:15,Flat,93,TSSC,129.2,27.2,27.5,82.55,0.2,66.04,0.17,11.1,0.67
2024-12-13,13:30,Flat,93,TSSC,118.6,27.2,27.2,82.63,0.18,66.1,0.15,10.2,0.67
2024-12-13,13:45,Flat,93,TSSC,108.1,27.2,26.9,82.72,0.17,66.17,0.14,9.3,0.67
2024-12-13,14:00,Flat,93,TSSC,97.6,27.2,26.7,82.8,0.15,66.24,0.13,8.4,0.67
2024-12-13,14:15,Flat,93,TSSC,87.8,27.2,26.4,82.89,0.14,66.31,0.11,7.6,0.67
2024-12-13,14:30,Flat,93,TSSC,78.0,27.1,26.1,82.98,0.12,66.39,0.1,6.7,0.67
2024-12-13,14:45,Flat,93,TSSC,68.2,27.1,25.8,83.07,0.11,66.46,0.09,5.9,0.67
2024-12-13,15:00,Flat,93,TSSC,58.4,27.1,25.5,83.16,0.09,66.53,0.08,5.0,0.67
2024-12-13,15:15,Flat,93,TSSC,50.3,26.9,25.2,83.26,0.08,66.61,0.07,4.3,0.67
2024-12-13,15:30,Flat,93,TSSC,42.1,26.8,24.9,83.37,0.07,66.7,0.05,3.6,0.67
2024-12-13,15:45,Flat,93,TSSC,34.0,26.7,24.5,83.47,0.05,66.78,0.04,2.9,0.67
2024-12-13,16:00,Flat,93,TSSC,25.9,26.6,24.2,83.58,0.04,66.86,0.03,2.2,0.67
2024-12-13,16:15,Flat,93,TSSC,20.3,26.3,23.8,83.69,0.03,66.96,0.03,1.8,0.67
2024-12-13,16:30,Flat,93,TSSC,14.7,26.1,23.5,83.81,0.02,67.05,0.02,1.3,0.67
2024-12-13,16:45,Flat,93,TSSC,9.1,25.9,23.1,83.93,0.01,67.14,0.01,0.8,0.67
2024-12-14,05:30,Flat,93,TSSC,9.9,22.9,20.1,84.87,0.02,67.89,0.01,0.9,0.67
2024-12-14,05:45,Flat,93,TSSC,14.9,22.9,20.3,84.82,0.02,67.85,0.02,1.3,0.67
2024-12-14,06:00,Flat,93,TSSC,19.9,23.0,20.5,84.77,0.03,67.81,0.03,1.7,0.67
2024-12-14,06:15,Flat,93,TSSC,39.5,23.2,21.2,84.55,0.06,67.64,0.05,3.5,0.67
2024-12-14,06:30,Flat,93,TSSC,59.1,23.4,21.8,84.33,0.09,67.46,0.08,5.2,0.67
2024-12-14,06:45,Flat,93,TSSC,78.8,23.6,22.5,84.11,0.12,67.28,0.1,6.9,0.67
2024-12-14,07:00,Flat,93,TSSC,98.4,23.8,23.2,83.89,0.15,67.11,0.13,8.6,0.67
2024-12-14,07:15,Flat,93,TSSC,119.8,24.0,24.0,83.64,0.19,66.91,0.16,10.4,0.67
2024-12-14,07:30,Flat,93,TSSC,141.3,24.3,24.8,83.4,0.22,66.72,0.18,12.2,0.67
2024-12-14,07:45,Flat,93,TSSC,162.8,24.5,25.6,83.15,0.25,66.52,0.21,14.1,0.67
2024-12-14,08:00,Flat,93,TSSC,184.2,24.7,26.3,82.91,0.29,66.32,0.24,15.9,0.67
2024-12-14,08:15,Flat,93,TSSC,187.2,25.0,26.6,82.81,0.29,66.25,0.24,16.1,0.67
2024-12-14,08:30,Flat,93,TSSC,190.1,25.2,26.9,82.71,0.3,66.17,0.25,16.4,0.67
2024-12-14,08:45,Flat,93,TSSC,193.1,25.4,27.3,82.61,0.3,66.09,0.25,16.6,0.67
2024-12-14,09:00,Flat,93,TSSC,196.1,25.7,27.6,82.52,0.3,66.01,0.26,16.8,0.67
2024-12-14,09:15,Flat,93,TSSC,199.7,25.9,27.9,82.41,0.31,65.93,0.26,17.1,0.67
2024-12-14,09:30,Flat,93,TSSC,203.4,26.1,28.2,82.31,0.32,65.85,0.26,17.4,0.67
2024-12-14,09:45,Flat,93,TSSC,207.1,26.4,28.6,82.2,0.32,65.76,0.27,17.7,0.67
2024-12-14,10:00,Flat,93,TSSC,210.7,26.6,28.9,82.1,0.33,65.68,0.27,18.0,0.67
2024-12-14,10:15,Flat,93,TSSC,241.1,26.8,29.9,81.78,0.38,65.43,0.31,20.6,0.67
2024-12-14,10:30,Flat,93,TSSC,271.6,27.1,30.9,81.47,0.42,65.18,0.35,23.1,0.67
2024-12-14,10:45,Flat,93,TSSC,302.0,27.3,31.9,81.16,0.47,64.93,0.39,25.6,0.67
2024-12-14,11:00,Flat,93,TSSC,332.4,27.5,32.8,80.85,0.52,64.68,0.43,28.1,0.67
2024-12-14,11:15,Flat,93,TSSC,304.2,27.6,32.2,81.04,0.47,64.83,0.4,25.8,0.67
2024-12-14,11:30,Flat,93,TSSC,276.0,27.7,31.6,81.23,0.43,64.99,0.36,23.4,0.67
2024-12-14,11:45,Flat,93,TSSC,247.8,27.8,31.0,81.43,0.39,65.14,0.32,21.1,0.67
2024-12-14,12:00,Flat,93,TSSC,219.6,27.9,30.4,81.62,0.34,65.3,0.29,18.7,0.67
2024-12-14,12:15,Flat,93,TSSC,221.1,28.0,30.5,81.59,0.34,65.27,0.29,18.8,0.67
2024-12-14,12:30,Flat,93,TSSC,222.6,28.0,30.6,81.55,0.35,65.24,0.29,19.0,0.67
2024-12-14,12:45,Flat,93,TSSC,224.2,28.1,30.7,81.52,0.35,65.22,0.29,19.1,0.67
2024-12-14,13:00,Flat,93,TSSC,225.7,28.2,30.8,81.49,0.35,65.19,0.29,19.2,0.67
2024-12-14,13:15,Flat,93,TSSC,223.0,28.2,30.8,81.51,0.35,65.2,0.29,19.0,0.67
2024-12-14,13:30,Flat,93,TSSC,220.3,28.2,30.7,81.52,0.34,65.22,0.29,18.8,0.67
2024-12-14,13:45,Flat,93,TSSC,217.6,28.2,30.6,81.54,0.34,65.23,0.28,18.5,0.67
2024-12-14,14:00,Flat,93,TSSC,214.9,28.2,30.6,81.56,0.33,65.25,0.28,18.3,0.67
2024-12-14,14:15,Flat,93,TSSC,193.2,28.1,30.0,81.76,0.3,65.41,0.25,16.5,0.67
2024-12-14,14:30,Flat,93,TSSC,171.5,28.1,29.3,81.95,0.27,65.56,0.22,14.7,0.67
2024-12-14,14:45,Flat,93,TSSC,149.8,28.0,28.7,82.15,0.23,65.72,0.2,12.8,0.67
2024-12-14,15:00,Flat,93,TSSC,128.1,27.9,28.1,82.35,0.2,65.88,0.17,11.0,0.67
2024-12-14,15:15,Flat,93,TSSC,110.2,27.7,27.4,82.55,0.17,66.04,0.14,9.5,0.67
2024-12-14,15:30,Flat,93,TSSC,92.2,27.5,26.8,82.76,0.14,66.21,0.12,7.9,0.67
2024-12-14,15:45,Flat,93,TSSC,74.3,27.3,26.2,82.96,0.12,66.37,0.1,6.4,0.67
2024-12-14,16:00,Flat,93,TSSC,56.3,27.1,25.5,83.17,0.09,66.53,0.07,4.9,0.67
2024-12-14,16:15,Flat,93,TSSC,43.4,26.7,24.8,83.38,0.07,66.71,0.06,3.8,0.67
2024-12-14,16:30,Flat,93,TSSC,30.5,26.4,24.1,83.6,0.05,66.88,0.04,2.6,0.67
2024-12-14,16:45,Flat,93,TSSC,17.6,26.0,23.5,83.82,0.03,67.05,0.02,1.5,0.67
2024-12-15,05:15,Flat,93,TSSC,12.8,20.8,18.1,85.51,0.02,68.41,0.02,1.1,0.67
2024-12-15,05:30,Flat,93,TSSC,25.6,20.9,18.5,85.39,0.04,68.31,0.03,2.3,0.67
2024-12-15,05:45,Flat,93,TSSC,38.4,20.9,18.9,85.26,0.06,68.21,0.05,3.4,0.67
2024-12-15,06:00,Flat,93,TSSC,51.2,21.0,19.3,85.14,0.08,68.11,0.07,4.5,0.67
2024-12-15,06:15,Flat,93,TSSC,101.0,21.3,20.8,84.64,0.16,67.72,0.13,8.8,0.67
2024-12-15,06:30,Flat,93,TSSC,150.7,21.6,22.4,84.15,0.23,67.32,0.2,13.1,0.67
2024-12-15,06:45,Flat,93,TSSC,200.4,21.9,24.0,83.66,0.31,66.93,0.26,17.4,0.67
2024-12-15,07:00,Flat,93,TSSC,250.2,22.2,25.5,83.17,0.39,66.53,0.32,21.6,0.67
2024-12-15,07:15,Flat,93,TSSC,302.5,22.7,27.2,82.62,0.47,66.09,0.39,26.0,0.67
2024-12-15,07:30,Flat,93,TSSC,354.8,23.1,29.0,82.07,0.55,65.65,0.46,30.4,0.67
2024-12-15,07:45,Flat,93,TSSC,407.1,23.5,30.7,81.52,0.63,65.21,0.53,34.7,0.67
2024-12-15,08:00,Flat,93,TSSC,459.4,24.0,32.5,80.96,0.72,64.77,0.6,38.9,0.67
2024-12-15,08:15,Flat,93,TSSC,508.7,24.4,34.1,80.44,0.8,64.35,0.67,42.9,0.67
2024-12-15,08:30,Flat,93,TSSC,558.0,24.8,35.8,79.92,0.87,63.94,0.73,46.8,0.67
2024-12-15,08:45,Flat,93,TSSC,607.3,25.2,37.4,79.4,0.95,63.52,0.8,50.7,0.67
2024-12-15,09:00,Flat,93,TSSC,656.6,25.6,39.1,78.88,1.03,63.1,0.86,54.5,0.67
2024-12-15,09:15,Flat,93,TSSC,667.4,25.9,39.6,78.71,1.05,62.97,0.88,55.3,0.67
2024-12-15,09:30,Flat,93,TSSC,678.1,26.2,40.1,78.54,1.07,62.83,0.89,56.1,0.67
2024-12-15,09:45,Flat,93,TSSC,688.8,26.4,40.7,78.37,1.08,62.69,0.91,56.9,0.67
2024-12-15,10:00,Flat,93,TSSC,699.5,26.7,41.2,78.2,1.1,62.56,0.92,57.7,0.67
2024-12-15,10:15,Flat,93,TSSC,705.7,26.9,41.5,78.09,1.11,62.47,0.93,58.2,0.67
2024-12-15,10:30,Flat,93,TSSC,711.9,27.1,41.9,77.99,1.12,62.39,0.94,58.6,0.67
2024-12-15,10:45,Flat,93,TSSC,718.1,27.2,42.2,77.88,1.13,62.3,0.95,59.1,0.67
2024-12-15,11:00,Flat,93,TSSC,724.3,27.4,42.5,77.77,1.14,62.22,0.96,59.5,0.67
2024-12-15,11:15,Flat,93,TSSC,726.1,27.5,42.7,77.73,1.15,62.18,0.96,59.6,0.67
2024-12-15,11:30,Flat,93,TSSC,727.9,27.6,42.8,77.68,1.15,62.14,0.96,59.8,0.67
2024-12-15,11:45,Flat,93,TSSC,729.7,27.8,43.0,77.63,1.15,62.1,0.96,59.9,0.67
2024-12-15,12:00,Flat,93,TSSC,731.5,27.9,43.1,77.58,1.15,62.07,0.97,60.0,0.67
2024-12-15,12:15,Flat,93,TSSC,731.1,27.9,43.2,77.58,1.15,62.06,0.97,60.0,0.67
2024-12-15,12:30,Flat,93,TSSC,730.7,27.9,43.2,77.57,1.15,62.06,0.97,59.9,0.67
2024-12-15,12:45,Flat,93,TSSC,730.3,27.9,43.2,77.57,1.15,62.05,0.97,59.9,0.67
2024-12-15,13:00,Flat,93,TSSC,729.9,28.0,43.2,77.56,1.15,62.05,0.96,59.9,0.67
2024-12-15,13:15,Flat,93,TSSC,692.8,27.9,42.2,77.87,1.09,62.3,0.91,57.0,0.67
2024-12-15,13:30,Flat,93,TSSC,655.8,27.9,41.3,78.18,1.03,62.54,0.87,54.1,0.67
2024-12-15,13:45,Flat,93,TSSC,618.7,27.8,40.3,78.49,0.97,62.79,0.82,51.2,0.67
2024-12-15,14:00,Flat,93,TSSC,581.7,27.8,39.3,78.79,0.91,63.03,0.77,48.3,0.67
2024-12-15,14:15,Flat,93,TSSC,529.6,27.6,37.9,79.25,0.83,63.4,0.7,44.1,0.67
2024-12-15,14:30,Flat,93,TSSC,477.5,27.5,36.5,79.7,0.75,63.76,0.63,40.0,0.67
2024-12-15,14:45,Flat,93,TSSC,425.5,27.4,35.0,80.16,0.67,64.12,0.56,35.8,0.67
2024-12-15,15:00,Flat,93,TSSC,373.4,27.2,33.6,80.61,0.58,64.49,0.49,31.5,0.67
2024-12-15,15:15,Flat,93,TSSC,318.2,27.0,31.9,81.14,0.5,64.91,0.42,27.0,0.67
2024-12-15,15:30,Flat,93,TSSC,263.0,26.7,30.3,81.66,0.41,65.33,0.34,22.4,0.67
2024-12-15,15:45,Flat,93,TSSC,207.8,26.4,28.6,82.19,0.32,65.75,0.27,17.8,0.67
2024-12-15,16:00,Flat,93,TSSC,152.7,26.1,26.9,82.72,0.24,66.17,0.2,13.1,0.67
2024-12-15,16:15,Flat,93,TSSC,116.8,25.6,25.5,83.17,0.18,66.53,0.15,10.1,0.67
2024-12-15,16:30,Flat,93,TSSC,80.9,25.1,24.1,83.62,0.13,66.89,0.1,7.0,0.67
2024-12-15,16:45,Flat,93,TSSC,45.1,24.5,22.7,84.07,0.07,67.25,0.06,3.9,0.67
2024-12-15,17:00,Flat,93,TSSC,9.2,24.0,21.2,84.52,0.01,67.61,0.01,0.8,0.67
2024-12-15,17:15,Flat,93,TSSC,6.9,23.8,20.9,84.61,0.01,67.69,0.01,0.6,0.67
2024-12-16,05:15,Flat,93,TSSC,12.2,21.3,18.6,85.36,0.02,68.29,0.02,1.1,0.67
2024-12-16,05:30,Flat,93,TSSC,24.4,21.3,19.0,85.24,0.04,68.19,0.03,2.2,0.67
2024-12-16,05:45,Flat,93,TSSC,36.7,21.4,19.3,85.12,0.06,68.1,0.05,3.2,0.67
2024-12-16,06:00,Flat,93,TSSC,48.9,21.5,19.7,85.0,0.08,68.0,0.06,4.3,0.67
2024-12-16,06:15,Flat,93,TSSC,96.9,21.7,21.1,84.55,0.15,67.64,0.13,8.5,0.67
2024-12-16,06:30,Flat,93,TSSC,144.9,21.9,22.5,84.1,0.22,67.28,0.19,12.6,0.67
2024-12-16,06:45,Flat,93,TSSC,192.9,22.1,24.0,83.66,0.3,66.92,0.25,16.7,0.67
2024-12-16,07:00,Flat,93,TSSC,240.9,22.4,25.4,83.21,0.37,66.57,0.31,20.8,0.67
2024-12-16,07:15,Flat,93,TSSC,297.1,22.6,27.0,82.7,0.46,66.16,0.39,25.6,0.67
2024-12-16,07:30,Flat,93,TSSC,353.2,22.8,28.6,82.19,0.55,65.75,0.46,30.3,0.67
2024-12-16,07:45,Flat,93,TSSC,409.4,23.0,30.2,81.68,0.64,65.34,0.53,34.9,0.67
2024-12-16,08:00,Flat,93,TSSC,465.6,23.2,31.8,81.17,0.73,64.93,0.61,39.5,0.67
2024-12-16,08:15,Flat,93,TSSC,509.0,23.4,33.1,80.76,0.8,64.61,0.67,43.0,0.67
2024-12-16,08:30,Flat,93,TSSC,552.4,23.6,34.4,80.35,0.86,64.28,0.72,46.5,0.67
2024-12-16,08:45,Flat,93,TSSC,595.8,23.8,35.7,79.94,0.93,63.96,0.78,50.0,0.67
2024-12-16,09:00,Flat,93,TSSC,639.1,24.0,37.0,79.54,1.0,63.63,0.84,53.4,0.67
2024-12-16,09:15,Flat,93,TSSC,662.4,24.2,37.7,79.3,1.04,63.44,0.87,55.2,0.67
2024-12-16,09:30,Flat,93,TSSC,685.6,24.3,38.5,79.06,1.08,63.25,0.9,57.0,0.67
2024-12-16,09:45,Flat,93,TSSC,708.8,24.5,39.2,78.82,1.11,63.06,0.93,58.8,0.67
2024-12-16,10:00,Flat,93,TSSC,732.0,24.7,40.0,78.58,1.15,62.87,0.96,60.6,0.67
2024-12-16,10:15,Flat,93,TSSC,733.1,24.8,40.1,78.53,1.15,62.83,0.97,60.7,0.67
2024-12-16,10:30,Flat,93,TSSC,734.3,25.0,40.3,78.48,1.16,62.78,0.97,60.8,0.67
2024-12-16,10:45,Flat,93,TSSC,735.4,25.1,40.5,78.42,1.16,62.74,0.97,60.8,0.67
2024-12-16,11:00,Flat,93,TSSC,736.5,25.2,40.7,78.37,1.16,62.7,0.97,60.9,0.67
2024-12-16,11:15,Flat,93,TSSC,741.2,25.3,40.9,78.3,1.17,62.64,0.98,61.2,0.67
2024-12-16,11:30,Flat,93,TSSC,745.8,25.5,41.1,78.23,1.17,62.58,0.98,61.6,0.67
2024-12-16,11:45,Flat,93,TSSC,750.4,25.6,41.3,78.16,1.18,62.53,0.99,61.9,0.67
2024-12-16,12:00,Flat,93,TSSC,755.0,25.7,41.5,78.09,1.19,62.47,1.0,62.2,0.67
2024-12-16,12:15,Flat,93,TSSC,724.7,25.8,40.9,78.3,1.14,62.64,0.96,59.9,0.67
2024-12-16,12:30,Flat,93,TSSC,694.4,25.8,40.2,78.52,1.09,62.81,0.91,57.5,0.67
2024-12-16,12:45,Flat,93,TSSC,664.1,25.9,39.5,78.73,1.04,62.98,0.87,55.1,0.67
2024-12-16,13:00,Flat,93,TSSC,633.8,26.0,38.8,78.94,1.0,63.16,0.83,52.7,0.67
2024-12-16,13:15,Flat,93,TSSC,570.3,26.0,37.2,79.45,0.89,63.56,0.75,47.6,0.67
2024-12-16,13:30,Flat,93,TSSC,506.9,26.0,35.6,79.96,0.79,63.97,0.66,42.5,0.67
2024-12-16,13:45,Flat,93,TSSC,443.4,25.9,34.0,80.47,0.69,64.38,0.58,37.4,0.67
2024-12-16,14:00,Flat,93,TSSC,380.0,25.9,32.4,80.98,0.59,64.79,0.5,32.2,0.67
2024-12-16,14:15,Flat,93,TSSC,340.9,25.8,31.3,81.32,0.53,65.06,0.45,29.0,0.67
2024-12-16,14:30,Flat,93,TSSC,301.9,25.7,30.3,81.66,0.47,65.33,0.39,25.7,0.67
2024-12-16,14:45,Flat,93,TSSC,262.8,25.6,29.2,82.0,0.41,65.6,0.34,22.5,0.67
2024-12-16,15:00,Flat,93,TSSC,223.7,25.5,28.1,82.34,0.35,65.87,0.29,19.2,0.67
2024-12-16,15:15,Flat,93,TSSC,191.4,25.4,27.2,82.64,0.3,66.11,0.25,16.5,0.67
2024-12-16,15:30,Flat,93,TSSC,159.1,25.2,26.2,82.94,0.25,66.36,0.21,13.7,0.67
2024-12-16,15:45,Flat,93,TSSC,126.8,25.1,25.3,83.25,0.2,66.6,0.16,11.0,0.67
2024-12-16,16:00,Flat,93,TSSC,94.5,24.9,24.3,83.55,0.15,66.84,0.12,8.2,0.67
2024-12-16,16:15,Flat,93,TSSC,72.7,24.7,23.5,83.81,0.11,67.05,0.09,6.3,0.67
2024-12-16,16:30,Flat,93,TSSC,50.9,24.4,22.7,84.07,0.08,67.25,0.07,4.4,0.67
2024-12-16,16:45,Flat,93,TSSC,29.1,24.1,21.9,84.32,0.04,67.46,0.04,2.5,0.67
2024-12-16,17:00,Flat,93,TSSC,7.3,23.9,21.1,84.58,0.01,67.66,0.01,0.6,0.67
2024-12-16,17:15,Flat,93,TSSC,5.5,23.7,20.9,84.63,0.01,67.71,0.01,0.5,0.67
2024-12-17,05:15,Flat,93,TSSC,9.9,21.2,18.4,85.41,0.02,68.33,0.01,0.9,0.67
2024-12-17,05:30,Flat,93,TSSC,19.8,21.3,18.8,85.29,0.03,68.23,0.03,1.7,0.67
2024-12-17,05:45,Flat,93,TSSC,29.7,21.4,19.2,85.18,0.05,68.14,0.04,2.6,0.67
2024-12-17,06:00,Flat,93,TSSC,39.5,21.5,19.5,85.06,0.06,68.05,0.05,3.5,0.67
2024-12-17,06:15,Flat,93,TSSC,77.5,21.9,20.8,84.65,0.12,67.72,0.1,6.8,0.67
2024-12-17,06:30,Flat,93,TSSC,115.4,22.3,22.2,84.23,0.18,67.38,0.15,10.1,0.67
2024-12-17,06:45,Flat,93,TSSC,153.4,22.6,23.5,83.81,0.24,67.05,0.2,13.3,0.67
2024-12-17,07:00,Flat,93,TSSC,191.3,23.0,24.8,83.39,0.3,66.71,0.25,16.6,0.67
2024-12-17,07:15,Flat,93,TSSC,235.7,23.5,26.4,82.89,0.37,66.31,0.31,20.3,0.67
2024-12-17,07:30,Flat,93,TSSC,280.1,23.9,27.9,82.4,0.44,65.92,0.36,24.0,0.67
2024-12-17,07:45,Flat,93,TSSC,324.4,24.4,29.5,81.9,0.51,65.52,0.42,27.7,0.67
2024-12-17,08:00,Flat,93,TSSC,368.8,24.9,31.1,81.4,0.58,65.12,0.48,31.4,0.67
2024-12-17,08:15,Flat,93,TSSC,413.6,25.3,32.6,80.91,0.65,64.72,0.54,35.0,0.67
2024-12-17,08:30,Flat,93,TSSC,458.3,25.8,34.2,80.41,0.72,64.33,0.6,38.6,0.67
2024-12-17,08:45,Flat,93,TSSC,503.1,26.2,35.8,79.91,0.79,63.93,0.66,42.2,0.67
2024-12-17,09:00,Flat,93,TSSC,547.9,26.7,37.4,79.42,0.86,63.53,0.72,45.7,0.67
2024-12-17,09:15,Flat,93,TSSC,589.1,27.0,38.7,78.97,0.93,63.18,0.78,49.0,0.67
2024-12-17,09:30,Flat,93,TSSC,630.3,27.4,40.1,78.53,0.99,62.83,0.83,52.2,0.67
2024-12-17,09:45,Flat,93,TSSC,671.6,27.7,41.5,78.09,1.06,62.48,0.89,55.4,0.67
2024-12-17,10:00,Flat,93,TSSC,712.8,28.1,42.9,77.65,1.12,62.12,0.94,58.5,0.67
2024-12-17,10:15,Flat,93,TSSC,728.9,28.4,43.6,77.44,1.15,61.95,0.96,59.7,0.67
2024-12-17,10:30,Flat,93,TSSC,745.0,28.6,44.3,77.23,1.18,61.78,0.99,60.9,0.67
2024-12-17,10:45,Flat,93,TSSC,761.0,28.9,44.9,77.02,1.2,61.61,1.01,62.1,0.67
2024-12-17,11:00,Flat,93,TSSC,777.1,29.2,45.6,76.81,1.23,61.44,1.03,63.3,0.67
2024-12-17,11:15,Flat,93,TSSC,749.3,29.3,45.1,76.98,1.18,61.58,0.99,61.1,0.67
2024-12-17,11:30,Flat,93,TSSC,721.5,29.5,44.5,77.15,1.14,61.72,0.95,58.9,0.67
2024-12-17,11:45,Flat,93,TSSC,693.8,29.6,44.0,77.32,1.1,61.86,0.92,56.8,0.67
2024-12-17,12:00,Flat,93,TSSC,666.0,29.8,43.4,77.5,1.05,62.0,0.88,54.6,0.67
2024-12-17,12:15,Flat,93,TSSC,645.9,29.8,42.9,77.65,1.02,62.12,0.85,53.0,0.67
2024-12-17,12:30,Flat,93,TSSC,625.8,29.8,42.5,77.79,0.99,62.24,0.83,51.4,0.67
2024-12-17,12:45,Flat,93,TSSC,605.7,29.9,42.0,77.94,0.95,62.36,0.8,49.9,0.67
2024-12-17,13:00,Flat,93,TSSC,585.6,29.9,41.5,78.09,0.92,62.48,0.77,48.3,0.67
2024-12-17,13:15,Flat,93,TSSC,547.3,29.9,40.5,78.41,0.86,62.72,0.72,45.2,0.67
2024-12-17,13:30,Flat,93,TSSC,509.0,29.8,39.6,78.72,0.8,62.97,0.67,42.2,0.67
2024-12-17,13:45,Flat,93,TSSC,470.6,29.8,38.6,79.03,0.74,63.22,0.62,39.1,0.67
2024-12-17,14:00,Flat,93,TSSC,432.3,29.8,37.6,79.34,0.68,63.47,0.57,36.1,0.67
2024-12-17,14:15,Flat,93,TSSC,385.4,29.7,36.3,79.74,0.6,63.8,0.51,32.3,0.67
2024-12-17,14:30,Flat,93,TSSC,338.5,29.6,35.0,80.15,0.53,64.12,0.44,28.5,0.67
2024-12-17,14:45,Flat,93,TSSC,291.6,29.5,33.8,80.55,0.46,64.44,0.38,24.6,0.67
2024-12-17,15:00,Flat,93,TSSC,244.7,29.4,32.5,80.95,0.38,64.76,0.32,20.7,0.67
2024-12-17,15:15,Flat,93,TSSC,207.8,29.2,31.4,81.3,0.32,65.04,0.27,17.7,0.67
2024-12-17,15:30,Flat,93,TSSC,171.0,29.1,30.3,81.64,0.27,65.31,0.22,14.6,0.67
2024-12-17,15:45,Flat,93,TSSC,134.2,28.9,29.2,81.98,0.21,65.59,0.17,11.5,0.67
2024-12-17,16:00,Flat,93,TSSC,97.4,28.7,28.2,82.33,0.15,65.86,0.13,8.4,0.67
2024-12-17,16:15,Flat,93,TSSC,74.6,28.3,27.2,82.63,0.12,66.1,0.1,6.4,0.67
2024-12-17,16:30,Flat,93,TSSC,51.8,28.0,26.3,82.93,0.08,66.34,0.07,4.5,0.67
2024-12-17,16:45,Flat,93,TSSC,29.0,27.6,25.3,83.23,0.04,66.58,0.04,2.5,0.67
2024-12-17,17:00,Flat,93,TSSC,6.2,27.2,24.4,83.53,0.01,66.82,0.01,0.5,0.67
2024-12-18,05:15,Flat,93,TSSC,10.8,22.2,19.5,85.07,0.02,68.05,0.01,1.0,0.67
2024-12-18,05:30,Flat,93,TSSC,21.6,22.4,19.9,84.94,0.03,67.95,0.03,1.9,0.67
2024-12-18,05:45,Flat,93,TSSC,32.5,22.5,20.3,84.82,0.05,67.86,0.04,2.8,0.67
2024-12-18,06:00,Flat,93,TSSC,43.3,22.6,20.7,84.7,0.07,67.76,0.06,3.8,0.67
2024-12-18,06:15,Flat,93,TSSC,88.0,22.9,22.1,84.24,0.14,67.4,0.11,7.7,0.67
2024-12-18,06:30,Flat,93,TSSC,132.7,23.2,23.5,83.79,0.21,67.03,0.17,11.5,0.67
2024-12-18,06:45,Flat,93,TSSC,177.3,23.5,25.0,83.34,0.27,66.67,0.23,15.3,0.67
2024-12-18,07:00,Flat,93,TSSC,222.0,23.8,26.4,82.89,0.34,66.31,0.29,19.1,0.67
2024-12-18,07:15,Flat,93,TSSC,274.4,24.3,28.1,82.33,0.43,65.87,0.36,23.5,0.67
2024-12-18,07:30,Flat,93,TSSC,326.8,24.7,29.9,81.78,0.51,65.42,0.43,27.9,0.67
2024-12-18,07:45,Flat,93,TSSC,379.1,25.2,31.7,81.22,0.59,64.98,0.5,32.2,0.67
2024-12-18,08:00,Flat,93,TSSC,431.5,25.6,33.4,80.67,0.67,64.53,0.56,36.4,0.67
2024-12-18,08:15,Flat,93,TSSC,477.3,26.0,35.0,80.18,0.75,64.14,0.63,40.1,0.67
2024-12-18,08:30,Flat,93,TSSC,523.2,26.4,36.5,79.69,0.82,63.75,0.69,43.8,0.67
2024-12-18,08:45,Flat,93,TSSC,569.1,26.8,38.0,79.2,0.89,63.36,0.75,47.4,0.67
2024-12-18,09:00,Flat,93,TSSC,615.0,27.2,39.6,78.71,0.97,62.97,0.81,51.0,0.67
2024-12-18,09:15,Flat,93,TSSC,645.1,27.5,40.7,78.37,1.02,62.69,0.85,53.3,0.67
2024-12-18,09:30,Flat,93,TSSC,675.2,27.9,41.7,78.03,1.06,62.42,0.89,55.6,0.67
2024-12-18,09:45,Flat,93,TSSC,705.4,28.2,42.8,77.68,1.11,62.15,0.93,57.9,0.67
2024-12-18,10:00,Flat,93,TSSC,735.5,28.5,43.9,77.34,1.16,61.88,0.97,60.2,0.67
2024-12-18,10:15,Flat,93,TSSC,746.6,28.8,44.4,77.18,1.18,61.74,0.99,61.0,0.67
2024-12-18,10:30,Flat,93,TSSC,757.6,29.0,45.0,77.01,1.2,61.61,1.0,61.8,0.67
2024-12-18,10:45,Flat,93,TSSC,768.6,29.3,45.5,76.84,1.22,61.47,1.02,62.6,0.67
2024-12-18,11:00,Flat,93,TSSC,779.7,29.5,46.0,76.67,1.23,61.34,1.03,63.4,0.67
2024-12-18,11:15,Flat,93,TSSC,776.1,29.7,46.1,76.64,1.23,61.31,1.03,63.1,0.67
2024-12-18,11:30,Flat,93,TSSC,772.6,29.9,46.2,76.61,1.22,61.29,1.02,62.8,0.67
2024-12-18,11:45,Flat,93,TSSC,769.0,30.1,46.3,76.58,1.22,61.27,1.02,62.5,0.67
2024-12-18,12:00,Flat,93,TSSC,765.5,30.3,46.4,76.55,1.21,61.24,1.01,62.1,0.67
2024-12-18,12:15,Flat,93,TSSC,740.5,30.4,45.9,76.71,1.17,61.37,0.98,60.2,0.67
2024-12-18,12:30,Flat,93,TSSC,715.6,30.5,45.4,76.87,1.13,61.5,0.95,58.3,0.67
2024-12-18,12:45,Flat,93,TSSC,690.7,30.6,44.9,77.03,1.09,61.62,0.91,56.3,0.67
2024-12-18,13:00,Flat,93,TSSC,665.8,30.8,44.4,77.19,1.05,61.75,0.88,54.4,0.67
2024-12-18,13:15,Flat,93,TSSC,627.8,30.8,43.5,77.48,0.99,61.98,0.83,51.4,0.67
2024-12-18,13:30,Flat,93,TSSC,589.8,30.8,42.6,77.77,0.93,62.21,0.78,48.5,0.67
2024-12-18,13:45,Flat,93,TSSC,551.8,30.9,41.7,78.06,0.87,62.44,0.73,45.5,0.67
2024-12-18,14:00,Flat,93,TSSC,513.9,30.9,40.7,78.34,0.81,62.68,0.68,42.5,0.67
2024-12-18,14:15,Flat,93,TSSC,465.2,30.9,39.5,78.74,0.73,62.99,0.61,38.6,0.67
2024-12-18,14:30,Flat,93,TSSC,416.6,30.8,38.2,79.14,0.65,63.31,0.55,34.7,0.67
2024-12-18,14:45,Flat,93,TSSC,367.9,30.8,37.0,79.54,0.58,63.63,0.48,30.8,0.67
2024-12-18,15:00,Flat,93,TSSC,319.3,30.7,35.7,79.94,0.5,63.95,0.42,26.8,0.67
2024-12-18,15:15,Flat,93,TSSC,269.9,30.7,34.4,80.35,0.42,64.28,0.35,22.7,0.67
2024-12-18,15:30,Flat,93,TSSC,220.4,30.6,33.1,80.76,0.34,64.61,0.29,18.6,0.67
2024-12-18,15:45,Flat,93,TSSC,171.0,30.5,31.8,81.17,0.27,64.94,0.22,14.5,0.67
2024-12-18,16:00,Flat,93,TSSC,121.6,30.5,30.5,81.59,0.19,65.27,0.16,10.4,0.67
2024-12-18,16:15,Flat,93,TSSC,93.3,30.1,29.4,81.92,0.15,65.54,0.12,8.0,0.67
2024-12-18,16:30,Flat,93,TSSC,65.0,29.7,28.4,82.26,0.1,65.81,0.08,5.6,0.67
2024-12-18,16:45,Flat,93,TSSC,36.7,29.4,27.3,82.6,0.06,66.08,0.05,3.2,0.67
2024-12-18,17:00,Flat,93,TSSC,8.4,29.0,26.2,82.94,0.01,66.35,0.01,0.7,0.67
2024-12-18,17:15,Flat,93,TSSC,6.3,28.7,25.9,83.05,0.01,66.44,0.01,0.5,0.67
2024-12-19,05:15,Flat,93,TSSC,9.3,23.2,20.5,84.76,0.01,67.81,0.01,0.8,0.67
2024-12-19,05:30,Flat,93,TSSC,18.6,23.4,20.8,84.65,0.03,67.72,0.02,1.6,0.67
2024-12-19,05:45,Flat,93,TSSC,27.9,23.5,21.2,84.53,0.04,67.63,0.04,2.4,0.67
2024-12-19,06:00,Flat,93,TSSC,37.2,23.6,21.6,84.42,0.06,67.53,0.05,3.3,0.67
2024-12-19,06:15,Flat,93,TSSC,73.4,24.2,23.0,83.95,0.11,67.16,0.1,6.4,0.67
2024-12-19,06:30,Flat,93,TSSC,109.7,24.8,24.5,83.48,0.17,66.78,0.14,9.5,0.67
2024-12-19,06:45,Flat,93,TSSC,145.9,25.4,26.0,83.01,0.23,66.4,0.19,12.6,0.67
2024-12-19,07:00,Flat,93,TSSC,182.1,25.9,27.5,82.54,0.28,66.03,0.24,15.6,0.67
2024-12-19,07:15,Flat,93,TSSC,229.9,26.4,29.1,82.02,0.36,65.61,0.3,19.7,0.67
2024-12-19,07:30,Flat,93,TSSC,277.7,26.8,30.8,81.5,0.43,65.2,0.36,23.6,0.67
2024-12-19,07:45,Flat,93,TSSC,325.5,27.3,32.4,80.98,0.51,64.78,0.43,27.6,0.67
2024-12-19,08:00,Flat,93,TSSC,373.3,27.7,34.1,80.46,0.58,64.36,0.49,31.5,0.67
2024-12-19,08:15,Flat,93,TSSC,420.1,28.0,35.5,79.99,0.66,63.99,0.55,35.3,0.67
2024-12-19,08:30,Flat,93,TSSC,466.9,28.3,37.0,79.53,0.73,63.62,0.61,39.0,0.67
2024-12-19,08:45,Flat,93,TSSC,513.6,28.6,38.5,79.06,0.81,63.25,0.68,42.7,0.67
2024-12-19,09:00,Flat,93,TSSC,560.4,28.9,39.9,78.6,0.88,62.88,0.74,46.4,0.67
2024-12-19,09:15,Flat,93,TSSC,586.8,29.2,40.8,78.31,0.92,62.65,0.77,48.5,0.67
2024-12-19,09:30,Flat,93,TSSC,613.3,29.4,41.7,78.03,0.97,62.42,0.81,50.5,0.67
2024-12-19,09:45,Flat,93,TSSC,639.7,29.7,42.6,77.74,1.01,62.19,0.84,52.5,0.67
2024-12-19,10:00,Flat,93,TSSC,666.1,29.9,43.6,77.45,1.05,61.96,0.88,54.6,0.67
2024-12-19,10:15,Flat,93,TSSC,689.4,30.1,44.3,77.22,1.09,61.77,0.91,56.3,0.67
2024-12-19,10:30,Flat,93,TSSC,712.7,30.2,45.1,76.98,1.13,61.58,0.94,58.1,0.67
2024-12-19,10:45,Flat,93,TSSC,735.9,30.4,45.8,76.74,1.16,61.39,0.98,59.9,0.67
2024-12-19,11:00,Flat,93,TSSC,759.2,30.6,46.6,76.5,1.2,61.2,1.01,61.6,0.67
2024-12-19,11:15,Flat,93,TSSC,755.1,30.7,46.6,76.5,1.2,61.2,1.0,61.3,0.67
2024-12-19,11:30,Flat,93,TSSC,751.1,30.8,46.6,76.5,1.19,61.2,1.0,60.9,0.67
2024-12-19,11:45,Flat,93,TSSC,747.0,30.9,46.6,76.49,1.18,61.2,0.99,60.6,0.67
2024-12-19,12:00,Flat,93,TSSC,742.9,31.0,46.6,76.49,1.18,61.19,0.99,60.3,0.67
2024-12-19,12:15,Flat,93,TSSC,695.6,31.0,45.4,76.87,1.1,61.49,0.92,56.7,0.67
2024-12-19,12:30,Flat,93,TSSC,648.3,31.0,44.2,77.24,1.02,61.79,0.86,53.0,0.67
2024-12-19,12:45,Flat,93,TSSC,601.0,31.0,43.0,77.62,0.95,62.1,0.79,49.3,0.67
2024-12-19,13:00,Flat,93,TSSC,553.7,31.0,41.8,78.0,0.87,62.4,0.73,45.6,0.67
2024-12-19,13:15,Flat,93,TSSC,521.6,30.9,41.0,78.27,0.82,62.62,0.69,43.1,0.67
2024-12-19,13:30,Flat,93,TSSC,489.6,30.9,40.1,78.54,0.77,62.83,0.65,40.5,0.67
2024-12-19,13:45,Flat,93,TSSC,457.6,30.8,39.2,78.82,0.72,63.05,0.6,38.0,0.67
2024-12-19,14:00,Flat,93,TSSC,425.6,30.7,38.4,79.09,0.67,63.27,0.56,35.4,0.67
2024-12-19,14:15,Flat,93,TSSC,385.6,30.6,37.3,79.44,0.61,63.55,0.51,32.2,0.67
2024-12-19,14:30,Flat,93,TSSC,345.7,30.5,36.2,79.79,0.54,63.83,0.45,29.0,0.67
2024-12-19,14:45,Flat,93,TSSC,305.8,30.4,35.1,80.13,0.48,64.11,0.4,25.7,0.67
2024-12-19,15:00,Flat,93,TSSC,265.8,30.4,34.0,80.48,0.42,64.38,0.35,22.4,0.67
2024-12-19,15:15,Flat,93,TSSC,228.1,30.2,32.9,80.82,0.36,64.66,0.3,19.3,0.67
2024-12-19,15:30,Flat,93,TSSC,190.3,30.1,31.8,81.17,0.3,64.93,0.25,16.1,0.67
2024-12-19,15:45,Flat,93,TSSC,152.5,29.9,30.7,81.51,0.24,65.21,0.2,13.0,0.67
2024-12-19,16:00,Flat,93,TSSC,114.8,29.8,29.7,81.85,0.18,65.48,0.15,9.8,0.67
2024-12-19,16:15,Flat,93,TSSC,88.3,29.4,28.6,82.19,0.14,65.75,0.11,7.6,0.67
2024-12-19,16:30,Flat,93,TSSC,61.8,29.0,27.5,82.53,0.1,66.03,0.08,5.3,0.67
2024-12-19,16:45,Flat,93,TSSC,35.3,28.6,26.4,82.87,0.05,66.3,0.05,3.0,0.67
2024-12-19,17:00,Flat,93,TSSC,8.8,28.1,25.4,83.21,0.01,66.57,0.01,0.8,0.67
2024-12-19,17:15,Flat,93,TSSC,6.6,27.9,25.0,83.32,0.01,66.66,0.01,0.6,0.67
2024-12-20,05:15,Flat,93,TSSC,11.7,23.3,20.6,84.73,0.02,67.78,0.02,1.0,0.67
2024-12-20,05:30,Flat,93,TSSC,23.4,23.4,21.0,84.6,0.04,67.68,0.03,2.1,0.67
2024-12-20,05:45,Flat,93,TSSC,35.2,23.5,21.4,84.47,0.05,67.57,0.05,3.1,0.67
2024-12-20,06:00,Flat,93,TSSC,46.9,23.6,21.8,84.33,0.07,67.47,0.06,4.1,0.67
2024-12-20,06:15,Flat,93,TSSC,96.2,24.0,23.4,83.82,0.15,67.06,0.12,8.4,0.67
2024-12-20,06:30,Flat,93,TSSC,145.5,24.4,25.0,83.31,0.23,66.65,0.19,12.6,0.67
2024-12-20,06:45,Flat,93,TSSC,194.8,24.8,26.7,82.8,0.3,66.24,0.25,16.8,0.67
2024-12-20,07:00,Flat,93,TSSC,244.1,25.2,28.3,82.29,0.38,65.83,0.32,20.9,0.67
2024-12-20,07:15,Flat,93,TSSC,300.9,25.7,30.2,81.67,0.47,65.33,0.39,25.6,0.67
2024-12-20,07:30,Flat,93,TSSC,357.6,26.3,32.2,81.04,0.56,64.83,0.47,30.3,0.67
2024-12-20,07:45,Flat,93,TSSC,414.3,26.8,34.2,80.41,0.65,64.33,0.54,34.9,0.67
2024-12-20,08:00,Flat,93,TSSC,471.1,27.4,36.2,79.79,0.74,63.83,0.62,39.5,0.67
2024-12-20,08:15,Flat,93,TSSC,516.2,27.8,37.7,79.3,0.81,63.44,0.68,43.0,0.67
2024-12-20,08:30,Flat,93,TSSC,561.3,28.2,39.2,78.82,0.88,63.05,0.74,46.6,0.67
2024-12-20,08:45,Flat,93,TSSC,606.4,28.6,40.8,78.33,0.95,62.67,0.8,50.1,0.67
2024-12-20,09:00,Flat,93,TSSC,651.5,29.0,42.3,77.85,1.03,62.28,0.86,53.6,0.67
2024-12-20,09:15,Flat,93,TSSC,681.0,29.3,43.3,77.53,1.07,62.03,0.9,55.8,0.67
2024-12-20,09:30,Flat,93,TSSC,710.4,29.5,44.3,77.22,1.12,61.77,0.94,58.1,0.67
2024-12-20,09:45,Flat,93,TSSC,739.8,29.8,45.3,76.9,1.17,61.52,0.98,60.3,0.67
2024-12-20,10:00,Flat,93,TSSC,769.2,30.1,46.3,76.58,1.22,61.27,1.02,62.5,0.67
2024-12-20,10:15,Flat,93,TSSC,780.6,30.2,46.8,76.44,1.24,61.15,1.04,63.3,0.67
2024-12-20,10:30,Flat,93,TSSC,792.0,30.4,47.2,76.29,1.25,61.03,1.05,64.1,0.67
2024-12-20,10:45,Flat,93,TSSC,803.4,30.6,47.7,76.14,1.27,60.91,1.07,65.0,0.67
2024-12-20,11:00,Flat,93,TSSC,814.8,30.8,48.2,75.99,1.29,60.8,1.08,65.8,0.67
2024-12-20,11:15,Flat,93,TSSC,798.7,30.9,47.9,76.09,1.27,60.87,1.06,64.5,0.67
2024-12-20,11:30,Flat,93,TSSC,782.5,31.0,47.6,76.18,1.24,60.94,1.04,63.3,0.67
2024-12-20,11:45,Flat,93,TSSC,766.4,31.1,47.3,76.27,1.21,61.01,1.02,62.0,0.67
2024-12-20,12:00,Flat,93,TSSC,750.2,31.3,47.0,76.36,1.19,61.09,1.0,60.8,0.67
2024-12-20,12:15,Flat,93,TSSC,716.8,31.3,46.2,76.61,1.13,61.28,0.95,58.2,0.67
2024-12-20,12:30,Flat,93,TSSC,683.4,31.4,45.4,76.85,1.08,61.48,0.91,55.6,0.67
2024-12-20,12:45,Flat,93,TSSC,649.9,31.4,44.7,77.1,1.03,61.68,0.86,53.1,0.67
2024-12-20,13:00,Flat,93,TSSC,616.5,31.5,43.9,77.35,0.97,61.88,0.82,50.5,0.67
2024-12-20,13:15,Flat,93,TSSC,590.5,31.4,43.2,77.57,0.93,62.06,0.78,48.4,0.67
2024-12-20,13:30,Flat,93,TSSC,564.6,31.4,42.5,77.79,0.89,62.23,0.75,46.4,0.67
2024-12-20,13:45,Flat,93,TSSC,538.6,31.3,41.8,78.01,0.85,62.41,0.71,44.4,0.67
2024-12-20,14:00,Flat,93,TSSC,512.6,31.3,41.1,78.23,0.81,62.58,0.68,42.3,0.67
2024-12-20,14:15,Flat,93,TSSC,462.8,31.2,39.7,78.66,0.73,62.93,0.61,38.4,0.67
2024-12-20,14:30,Flat,93,TSSC,413.0,31.1,38.4,79.09,0.65,63.27,0.54,34.4,0.67
2024-12-20,14:45,Flat,93,TSSC,363.1,31.0,37.0,79.52,0.57,63.61,0.48,30.3,0.67
2024-12-20,15:00,Flat,93,TSSC,313.3,30.9,35.7,79.95,0.49,63.96,0.41,26.3,0.67
2024-12-20,15:15,Flat,93,TSSC,265.3,30.7,34.3,80.38,0.41,64.3,0.35,22.3,0.67
2024-12-20,15:30,Flat,93,TSSC,217.3,30.5,33.0,80.81,0.34,64.65,0.28,18.4,0.67
2024-12-20,15:45,Flat,93,TSSC,169.3,30.4,31.6,81.24,0.26,64.99,0.22,14.4,0.67
2024-12-20,16:00,Flat,93,TSSC,121.3,30.2,30.2,81.67,0.19,65.34,0.16,10.3,0.67
2024-12-20,16:15,Flat,93,TSSC,93.1,29.7,29.0,82.05,0.14,65.64,0.12,8.0,0.67
2024-12-20,16:30,Flat,93,TSSC,64.9,29.2,27.8,82.43,0.1,65.95,0.08,5.6,0.67
2024-12-20,16:45,Flat,93,TSSC,36.7,28.7,26.6,82.81,0.06,66.25,0.05,3.2,0.67
2024-12-20,17:00,Flat,93,TSSC,8.4,28.2,25.4,83.19,0.01,66.55,0.01,0.7,0.67
2024-12-20,17:15,Flat,93,TSSC,6.3,27.9,25.1,83.3,0.01,66.64,0.01,0.5,0.67
2024-12-21,05:15,Flat,93,TSSC,9.8,23.3,20.5,84.74,0.02,67.79,0.01,0.9,0.67
2024-12-21,05:30,Flat,93,TSSC,19.6,23.4,20.9,84.63,0.03,67.7,0.03,1.7,0.67
2024-12-21,05:45,Flat,93,TSSC,29.3,23.5,21.2,84.52,0.05,67.61,0.04,2.6,0.67
2024-12-21,06:00,Flat,93,TSSC,39.1,23.6,21.6,84.41,0.06,67.52,0.05,3.4,0.67
2024-12-21,06:15,Flat,93,TSSC,82.5,23.9,23.0,83.96,0.13,67.17,0.11,7.2,0.67
2024-12-21,06:30,Flat,93,TSSC,125.9,24.2,24.4,83.52,0.19,66.82,0.16,10.9,0.67
2024-12-21,06:45,Flat,93,TSSC,169.3,24.6,25.8,83.08,0.26,66.46,0.22,14.6,0.67
2024-12-21,07:00,Flat,93,TSSC,212.7,24.9,27.2,82.64,0.33,66.11,0.28,18.3,0.67
2024-12-21,07:15,Flat,93,TSSC,269.9,25.2,28.9,82.08,0.42,65.66,0.35,23.1,0.67
2024-12-21,07:30,Flat,93,TSSC,327.1,25.5,30.7,81.52,0.51,65.21,0.43,27.8,0.67
2024-12-21,07:45,Flat,93,TSSC,384.2,25.9,32.5,80.96,0.6,64.76,0.5,32.5,0.67
2024-12-21,08:00,Flat,93,TSSC,441.4,26.2,34.3,80.39,0.69,64.32,0.58,37.2,0.67
2024-12-21,08:15,Flat,93,TSSC,482.6,26.8,35.8,79.89,0.76,63.92,0.63,40.5,0.67
2024-12-21,08:30,Flat,93,TSSC,523.8,27.3,37.4,79.4,0.82,63.52,0.69,43.7,0.67
2024-12-21,08:45,Flat,93,TSSC,564.9,27.9,39.0,78.9,0.89,63.12,0.74,46.9,0.67
2024-12-21,09:00,Flat,93,TSSC,606.1,28.4,40.6,78.4,0.95,62.72,0.8,50.1,0.67
2024-12-21,09:15,Flat,93,TSSC,640.0,28.8,41.8,78.02,1.01,62.42,0.84,52.7,0.67
2024-12-21,09:30,Flat,93,TSSC,674.0,29.1,42.9,77.65,1.06,62.12,0.89,55.3,0.67
2024-12-21,09:45,Flat,93,TSSC,708.0,29.4,44.1,77.27,1.12,61.82,0.94,57.9,0.67
2024-12-21,10:00,Flat,93,TSSC,741.9,29.8,45.3,76.9,1.17,61.52,0.98,60.4,0.67
2024-12-21,10:15,Flat,93,TSSC,756.0,29.9,45.8,76.73,1.2,61.39,1.0,61.5,0.67
2024-12-21,10:30,Flat,93,TSSC,770.0,30.1,46.3,76.57,1.22,61.26,1.02,62.5,0.67
2024-12-21,10:45,Flat,93,TSSC,784.1,30.3,46.9,76.4,1.24,61.12,1.04,63.6,0.67
2024-12-21,11:00,Flat,93,TSSC,798.2,30.4,47.4,76.24,1.26,60.99,1.06,64.6,0.67
2024-12-21,11:15,Flat,93,TSSC,780.8,30.5,47.0,76.35,1.24,61.08,1.04,63.3,0.67
2024-12-21,11:30,Flat,93,TSSC,763.4,30.6,46.7,76.46,1.21,61.17,1.01,61.9,0.67
2024-12-21,11:45,Flat,93,TSSC,746.0,30.7,46.3,76.57,1.18,61.26,0.99,60.6,0.67
2024-12-21,12:00,Flat,93,TSSC,728.5,30.8,46.0,76.68,1.15,61.34,0.97,59.2,0.67
2024-12-21,12:15,Flat,93,TSSC,705.0,30.8,45.4,76.86,1.11,61.49,0.93,57.4,0.67
2024-12-21,12:30,Flat,93,TSSC,681.5,30.8,44.9,77.04,1.08,61.63,0.9,55.6,0.67
2024-12-21,12:45,Flat,93,TSSC,658.0,30.8,44.3,77.22,1.04,61.78,0.87,53.8,0.67
2024-12-21,13:00,Flat,93,TSSC,634.5,30.9,43.7,77.4,1.0,61.92,0.84,52.0,0.67
2024-12-21,13:15,Flat,93,TSSC,586.8,30.8,42.5,77.8,0.93,62.24,0.77,48.2,0.67
2024-12-21,13:30,Flat,93,TSSC,539.0,30.8,41.2,78.19,0.85,62.55,0.71,44.5,0.67
2024-12-21,13:45,Flat,93,TSSC,491.3,30.7,40.0,78.58,0.77,62.87,0.65,40.7,0.67
2024-12-21,14:00,Flat,93,TSSC,443.5,30.7,38.7,78.97,0.7,63.18,0.58,36.9,0.67
2024-12-21,14:15,Flat,93,TSSC,402.7,30.6,37.7,79.32,0.63,63.45,0.53,33.6,0.67
2024-12-21,14:30,Flat,93,TSSC,361.9,30.5,36.6,79.66,0.57,63.73,0.48,30.3,0.67
2024-12-21,14:45,Flat,93,TSSC,321.1,30.5,35.5,80.0,0.5,64.0,0.42,27.0,0.67
2024-12-21,15:00,Flat,93,TSSC,280.3,30.4,34.4,80.35,0.44,64.28,0.37,23.6,0.67
2024-12-21,15:15,Flat,93,TSSC,238.9,30.2,33.2,80.74,0.37,64.59,0.31,20.2,0.67
2024-12-21,15:30,Flat,93,TSSC,197.4,30.0,31.9,81.13,0.31,64.91,0.26,16.7,0.67
2024-12-21,15:45,Flat,93,TSSC,155.9,29.8,30.7,81.53,0.24,65.22,0.2,13.3,0.67
2024-12-21,16:00,Flat,93,TSSC,114.5,29.6,29.5,81.92,0.18,65.53,0.15,9.8,0.67
2024-12-21,16:15,Flat,93,TSSC,88.3,29.2,28.4,82.25,0.14,65.8,0.11,7.6,0.67
2024-12-21,16:30,Flat,93,TSSC,62.0,28.8,27.4,82.58,0.1,66.07,0.08,5.3,0.67
2024-12-21,16:45,Flat,93,TSSC,35.8,28.4,26.3,82.92,0.06,66.33,0.05,3.1,0.67
2024-12-21,17:00,Flat,93,TSSC,9.6,28.0,25.2,83.25,0.01,66.6,0.01,0.8,0.67
2024-12-21,17:15,Flat,93,TSSC,7.2,27.8,25.0,83.34,0.01,66.67,0.01,0.6,0.67
2024-12-22,05:15,Flat,93,TSSC,8.8,24.0,21.2,84.52,0.01,67.61,0.01,0.8,0.67
2024-12-22,05:30,Flat,93,TSSC,17.7,24.1,21.6,84.41,0.03,67.53,0.02,1.5,0.67
2024-12-22,05:45,Flat,93,TSSC,26.5,24.2,21.9,84.31,0.04,67.45,0.03,2.3,0.67
2024-12-22,06:00,Flat,93,TSSC,35.3,24.4,22.2,84.2,0.05,67.36,0.05,3.1,0.67
2024-12-22,06:15,Flat,93,TSSC,76.0,24.8,23.7,83.75,0.12,67.0,0.1,6.6,0.67
2024-12-22,06:30,Flat,93,TSSC,116.7,25.2,25.1,83.31,0.18,66.64,0.15,10.1,0.67
2024-12-22,06:45,Flat,93,TSSC,157.3,25.6,26.5,82.86,0.24,66.29,0.2,13.6,0.67
2024-12-22,07:00,Flat,93,TSSC,198.0,25.9,27.9,82.41,0.31,65.93,0.26,17.0,0.67
2024-12-22,07:15,Flat,93,TSSC,248.3,26.4,29.6,81.88,0.39,65.51,0.32,21.2,0.67
2024-12-22,07:30,Flat,93,TSSC,298.6,26.8,31.2,81.36,0.47,65.09,0.39,25.4,0.67
2024-12-22,07:45,Flat,93,TSSC,348.8,27.2,32.9,80.83,0.54,64.66,0.46,29.5,0.67
2024-12-22,08:00,Flat,93,TSSC,399.1,27.6,34.5,80.3,0.62,64.24,0.52,33.6,0.67
2024-12-22,08:15,Flat,93,TSSC,441.2,27.8,35.8,79.91,0.69,63.93,0.58,37.0,0.67
2024-12-22,08:30,Flat,93,TSSC,483.2,28.0,37.1,79.51,0.76,63.61,0.63,40.4,0.67
2024-12-22,08:45,Flat,93,TSSC,525.3,28.2,38.3,79.11,0.82,63.29,0.69,43.7,0.67
2024-12-22,09:00,Flat,93,TSSC,567.4,28.4,39.6,78.71,0.89,62.97,0.75,47.0,0.67
2024-12-22,09:15,Flat,93,TSSC,594.6,28.6,40.4,78.44,0.94,62.75,0.78,49.2,0.67
2024-12-22,09:30,Flat,93,TSSC,621.9,28.8,41.3,78.16,0.98,62.53,0.82,51.3,0.67
2024-12-22,09:45,Flat,93,TSSC,649.2,29.0,42.2,77.89,1.02,62.31,0.86,53.4,0.67
2024-12-22,10:00,Flat,93,TSSC,676.5,29.1,43.1,77.61,1.07,62.09,0.89,55.5,0.67
2024-12-22,10:15,Flat,93,TSSC,666.4,29.2,42.9,77.67,1.05,62.13,0.88,54.7,0.67
2024-12-22,10:30,Flat,93,TSSC,656.4,29.3,42.7,77.72,1.04,62.18,0.87,53.9,0.67
2024-12-22,10:45,Flat,93,TSSC,646.4,29.4,42.5,77.77,1.02,62.22,0.85,53.1,0.67
2024-12-22,11:00,Flat,93,TSSC,636.3,29.5,42.4,77.83,1.0,62.26,0.84,52.3,0.67
2024-12-22,11:15,Flat,93,TSSC,639.7,29.5,42.5,77.79,1.01,62.23,0.84,52.6,0.67
2024-12-22,11:30,Flat,93,TSSC,643.1,29.5,42.6,77.76,1.01,62.21,0.85,52.8,0.67
2024-12-22,11:45,Flat,93,TSSC,646.4,29.5,42.7,77.72,1.02,62.18,0.85,53.1,0.67
2024-12-22,12:00,Flat,93,TSSC,649.8,29.6,42.8,77.69,1.03,62.15,0.86,53.4,0.67
2024-12-22,12:15,Flat,93,TSSC,624.2,29.5,42.1,77.9,0.98,62.32,0.82,51.4,0.67
2024-12-22,12:30,Flat,93,TSSC,598.7,29.5,41.5,78.12,0.94,62.49,0.79,49.4,0.67
2024-12-22,12:45,Flat,93,TSSC,573.1,29.4,40.8,78.33,0.9,62.67,0.76,47.4,0.67
2024-12-22,13:00,Flat,93,TSSC,547.6,29.4,40.1,78.55,0.86,62.84,0.72,45.3,0.67
2024-12-22,13:15,Flat,93,TSSC,529.9,29.3,39.5,78.73,0.83,62.99,0.7,44.0,0.67
2024-12-22,13:30,Flat,93,TSSC,512.3,29.1,38.9,78.92,0.8,63.14,0.67,42.6,0.67
2024-12-22,13:45,Flat,93,TSSC,494.6,29.0,38.3,79.11,0.78,63.29,0.65,41.2,0.67
2024-12-22,14:00,Flat,93,TSSC,476.9,28.8,37.7,79.3,0.75,63.44,0.63,39.8,0.67
2024-12-22,14:15,Flat,93,TSSC,434.5,28.6,36.4,79.7,0.68,63.76,0.57,36.4,0.67
2024-12-22,14:30,Flat,93,TSSC,392.0,28.4,35.2,80.11,0.61,64.08,0.51,32.9,0.67
2024-12-22,14:45,Flat,93,TSSC,349.5,28.2,33.9,80.51,0.55,64.41,0.46,29.5,0.67
2024-12-22,15:00,Flat,93,TSSC,307.1,27.9,32.6,80.91,0.48,64.73,0.4,26.0,0.67
2024-12-22,15:15,Flat,93,TSSC,261.4,27.7,31.2,81.36,0.41,65.09,0.34,22.2,0.67
2024-12-22,15:30,Flat,93,TSSC,215.8,27.4,29.8,81.8,0.34,65.44,0.28,18.4,0.67
2024-12-22,15:45,Flat,93,TSSC,170.2,27.2,28.4,82.25,0.26,65.8,0.22,14.6,0.67
2024-12-22,16:00,Flat,93,TSSC,124.6,26.9,27.0,82.69,0.19,66.15,0.16,10.7,0.67
2024-12-22,16:15,Flat,93,TSSC,96.0,26.6,26.0,83.02,0.15,66.41,0.12,8.3,0.67
2024-12-22,16:30,Flat,93,TSSC,67.4,26.3,24.9,83.35,0.1,66.68,0.09,5.8,0.67
2024-12-22,16:45,Flat,93,TSSC,38.8,25.9,23.9,83.68,0.06,66.94,0.05,3.4,0.67
2024-12-22,17:00,Flat,93,TSSC,10.2,25.6,22.9,84.0,0.02,67.2,0.01,0.9,0.67
2024-12-22,17:15,Flat,93,TSSC,7.7,25.4,22.6,84.08,0.01,67.26,0.01,0.7,0.67
2024-12-22,17:30,Flat,93,TSSC,5.1,25.3,22.4,84.15,0.01,67.32,0.01,0.4,0.67
2024-12-23,05:15,Flat,93,TSSC,9.1,22.6,19.8,84.96,0.01,67.97,0.01,0.8,0.67
2024-12-23,05:30,Flat,93,TSSC,18.2,22.8,20.2,84.84,0.03,67.87,0.02,1.6,0.67
2024-12-23,05:45,Flat,93,TSSC,27.3,22.9,20.6,84.72,0.04,67.77,0.04,2.4,0.67
2024-12-23,06:00,Flat,93,TSSC,36.4,23.1,21.0,84.59,0.06,67.68,0.05,3.2,0.67
2024-12-23,06:15,Flat,93,TSSC,77.3,23.4,22.4,84.17,0.12,67.33,0.1,6.7,0.67
2024-12-23,06:30,Flat,93,TSSC,118.3,23.8,23.7,83.74,0.18,66.99,0.15,10.3,0.67
2024-12-23,06:45,Flat,93,TSSC,159.2,24.1,25.1,83.31,0.25,66.65,0.21,13.8,0.67
2024-12-23,07:00,Flat,93,TSSC,200.2,24.4,26.4,82.88,0.31,66.3,0.26,17.3,0.67
2024-12-23,07:15,Flat,93,TSSC,251.0,24.8,28.0,82.36,0.39,65.89,0.33,21.5,0.67
2024-12-23,07:30,Flat,93,TSSC,301.8,25.1,29.7,81.85,0.47,65.48,0.39,25.8,0.67
2024-12-23,07:45,Flat,93,TSSC,352.5,25.5,31.3,81.33,0.55,65.07,0.46,30.0,0.67
2024-12-23,08:00,Flat,93,TSSC,403.3,25.8,32.9,80.82,0.63,64.66,0.53,34.1,0.67
2024-12-23,08:15,Flat,93,TSSC,451.0,26.2,34.5,80.32,0.71,64.26,0.59,38.0,0.67
2024-12-23,08:30,Flat,93,TSSC,498.6,26.6,36.0,79.83,0.78,63.86,0.65,41.8,0.67
2024-12-23,08:45,Flat,93,TSSC,546.3,26.9,37.6,79.34,0.86,63.47,0.72,45.6,0.67
2024-12-23,09:00,Flat,93,TSSC,593.9,27.3,39.2,78.84,0.93,63.07,0.78,49.3,0.67
2024-12-23,09:15,Flat,93,TSSC,627.3,27.6,40.3,78.49,0.99,62.79,0.83,51.9,0.67
2024-12-23,09:30,Flat,93,TSSC,660.6,27.9,41.4,78.13,1.04,62.51,0.87,54.5,0.67
2024-12-23,09:45,Flat,93,TSSC,694.0,28.2,42.5,77.78,1.09,62.22,0.92,57.0,0.67
2024-12-23,10:00,Flat,93,TSSC,727.4,28.4,43.6,77.43,1.15,61.94,0.96,59.6,0.67
2024-12-23,10:15,Flat,93,TSSC,730.7,28.6,43.9,77.34,1.15,61.87,0.97,59.8,0.67
2024-12-23,10:30,Flat,93,TSSC,734.0,28.8,44.2,77.26,1.16,61.81,0.97,60.0,0.67
2024-12-23,10:45,Flat,93,TSSC,737.3,29.0,44.4,77.17,1.16,61.74,0.98,60.2,0.67
2024-12-23,11:00,Flat,93,TSSC,740.5,29.2,44.7,77.09,1.17,61.67,0.98,60.4,0.67
2024-12-23,11:15,Flat,93,TSSC,750.0,29.3,45.1,76.98,1.19,61.58,0.99,61.1,0.67
2024-12-23,11:30,Flat,93,TSSC,759.4,29.4,45.4,76.86,1.2,61.49,1.01,61.8,0.67
2024-12-23,11:45,Flat,93,TSSC,768.9,29.6,45.8,76.75,1.22,61.4,1.02,62.5,0.67
2024-12-23,12:00,Flat,93,TSSC,778.3,29.7,46.1,76.64,1.23,61.31,1.03,63.2,0.67
2024-12-23,12:15,Flat,93,TSSC,751.3,29.7,45.5,76.83,1.19,61.46,1.0,61.2,0.67
2024-12-23,12:30,Flat,93,TSSC,724.4,29.8,44.9,77.02,1.14,61.62,0.96,59.1,0.67
2024-12-23,12:45,Flat,93,TSSC,697.4,29.9,44.3,77.21,1.1,61.77,0.92,57.0,0.67
2024-12-23,13:00,Flat,93,TSSC,670.4,29.9,43.7,77.4,1.06,61.92,0.89,54.9,0.67
2024-12-23,13:15,Flat,93,TSSC,636.4,29.9,42.8,77.68,1.0,62.14,0.84,52.2,0.67
2024-12-23,13:30,Flat,93,TSSC,602.4,29.9,42.0,77.95,0.95,62.36,0.8,49.6,0.67
2024-12-23,13:45,Flat,93,TSSC,568.4,29.9,41.1,78.23,0.9,62.58,0.75,46.9,0.67
2024-12-23,14:00,Flat,93,TSSC,534.4,29.9,40.2,78.51,0.84,62.8,0.7,44.2,0.67
2024-12-23,14:15,Flat,93,TSSC,500.9,29.8,39.3,78.8,0.79,63.04,0.66,41.6,0.67
2024-12-23,14:30,Flat,93,TSSC,467.5,29.7,38.4,79.09,0.73,63.27,0.61,38.9,0.67
2024-12-23,14:45,Flat,93,TSSC,434.0,29.6,37.5,79.38,0.68,63.51,0.57,36.2,0.67
2024-12-23,15:00,Flat,93,TSSC,400.6,29.5,36.5,79.68,0.63,63.74,0.53,33.5,0.67
2024-12-23,15:15,Flat,93,TSSC,345.1,29.4,35.0,80.17,0.54,64.13,0.45,29.0,0.67
2024-12-23,15:30,Flat,93,TSSC,289.7,29.2,33.4,80.66,0.45,64.52,0.38,24.5,0.67
2024-12-23,15:45,Flat,93,TSSC,234.3,29.0,31.9,81.15,0.37,64.92,0.31,19.9,0.67
2024-12-23,16:00,Flat,93,TSSC,178.8,28.9,30.3,81.64,0.28,65.31,0.23,15.2,0.67
2024-12-23,16:15,Flat,93,TSSC,137.8,28.5,28.9,82.09,0.21,65.68,0.18,11.8,0.67
2024-12-23,16:30,Flat,93,TSSC,96.7,28.0,27.4,82.55,0.15,66.04,0.13,8.3,0.67
2024-12-23,16:45,Flat,93,TSSC,55.6,27.6,26.0,83.01,0.09,66.41,0.07,4.8,0.67
2024-12-23,17:00,Flat,93,TSSC,14.5,27.2,24.6,83.47,0.02,66.78,0.02,1.3,0.67
2024-12-23,17:15,Flat,93,TSSC,10.9,26.9,24.1,83.6,0.02,66.88,0.01,0.9,0.67
2024-12-23,17:30,Flat,93,TSSC,7.3,26.6,23.7,83.73,0.01,66.98,0.01,0.6,0.67
2024-12-24,05:15,Flat,93,TSSC,12.8,22.0,19.3,85.13,0.02,68.1,0.02,1.1,0.67
2024-12-24,05:30,Flat,93,TSSC,25.6,22.1,19.8,84.99,0.04,67.99,0.03,2.3,0.67
2024-12-24,05:45,Flat,93,TSSC,38.5,22.3,20.2,84.84,0.06,67.87,0.05,3.4,0.67
2024-12-24,06:00,Flat,93,TSSC,51.3,22.4,20.7,84.7,0.08,67.76,0.07,4.5,0.67
2024-12-24,06:15,Flat,93,TSSC,102.6,22.8,22.4,84.16,0.16,67.32,0.13,8.9,0.67
2024-12-24,06:30,Flat,93,TSSC,153.9,23.3,24.1,83.61,0.24,66.89,0.2,13.4,0.67
2024-12-24,06:45,Flat,93,TSSC,205.3,23.7,25.8,83.07,0.32,66.45,0.27,17.7,0.67
2024-12-24,07:00,Flat,93,TSSC,256.6,24.1,27.5,82.53,0.4,66.02,0.33,22.0,0.67
2024-12-24,07:15,Flat,93,TSSC,296.5,24.6,29.0,82.06,0.46,65.65,0.39,25.4,0.67
2024-12-24,07:30,Flat,93,TSSC,336.4,25.0,30.4,81.6,0.52,65.28,0.44,28.7,0.67
2024-12-24,07:45,Flat,93,TSSC,376.2,25.5,31.9,81.14,0.59,64.91,0.49,31.9,0.67
2024-12-24,08:00,Flat,93,TSSC,416.1,26.0,33.4,80.68,0.65,64.54,0.54,35.2,0.67
2024-12-24,08:15,Flat,93,TSSC,458.6,26.3,34.8,80.22,0.72,64.18,0.6,38.6,0.67
2024-12-24,08:30,Flat,93,TSSC,501.1,26.7,36.3,79.76,0.79,63.81,0.66,42.0,0.67
2024-12-24,08:45,Flat,93,TSSC,543.6,27.1,37.7,79.31,0.85,63.44,0.71,45.3,0.67
2024-12-24,09:00,Flat,93,TSSC,586.0,27.5,39.2,78.85,0.92,63.08,0.77,48.7,0.67
2024-12-24,09:15,Flat,93,TSSC,622.5,27.8,40.4,78.46,0.98,62.77,0.82,51.5,0.67
2024-12-24,09:30,Flat,93,TSSC,659.0,28.1,41.6,78.07,1.04,62.46,0.87,54.3,0.67
2024-12-24,09:45,Flat,93,TSSC,695.5,28.4,42.8,77.68,1.1,62.15,0.92,57.1,0.67
2024-12-24,10:00,Flat,93,TSSC,732.0,28.8,44.1,77.3,1.16,61.84,0.97,59.9,0.67
2024-12-24,10:15,Flat,93,TSSC,734.8,29.0,44.4,77.19,1.16,61.75,0.97,60.0,0.67
2024-12-24,10:30,Flat,93,TSSC,737.5,29.3,44.7,77.09,1.17,61.67,0.98,60.2,0.67
2024-12-24,10:45,Flat,93,TSSC,740.3,29.5,45.0,76.99,1.17,61.59,0.98,60.4,0.67
2024-12-24,11:00,Flat,93,TSSC,743.0,29.8,45.3,76.89,1.17,61.51,0.98,60.5,0.67
2024-12-24,11:15,Flat,93,TSSC,738.1,29.9,45.4,76.88,1.17,61.51,0.98,60.1,0.67
2024-12-24,11:30,Flat,93,TSSC,733.2,30.0,45.4,76.88,1.16,61.51,0.97,59.7,0.67
2024-12-24,11:45,Flat,93,TSSC,728.3,30.2,45.4,76.88,1.15,61.51,0.96,59.3,0.67
2024-12-24,12:00,Flat,93,TSSC,723.3,30.3,45.4,76.88,1.14,61.5,0.96,58.9,0.67
2024-12-24,12:15,Flat,93,TSSC,714.2,30.3,45.2,76.94,1.13,61.55,0.95,58.2,0.67
2024-12-24,12:30,Flat,93,TSSC,705.0,30.4,45.0,77.0,1.11,61.6,0.93,57.5,0.67
2024-12-24,12:45,Flat,93,TSSC,695.8,30.4,44.8,77.06,1.1,61.65,0.92,56.8,0.67
2024-12-24,13:00,Flat,93,TSSC,686.7,30.4,44.6,77.13,1.09,61.7,0.91,56.1,0.67
2024-12-24,13:15,Flat,93,TSSC,660.6,30.4,43.9,77.35,1.04,61.88,0.87,54.1,0.67
2024-12-24,13:30,Flat,93,TSSC,634.4,30.3,43.2,77.58,1.0,62.06,0.84,52.0,0.67
2024-12-24,13:45,Flat,93,TSSC,608.3,30.2,42.4,77.81,0.96,62.24,0.8,50.0,0.67
2024-12-24,14:00,Flat,93,TSSC,582.2,30.2,41.7,78.03,0.92,62.43,0.77,48.0,0.67
2024-12-24,14:15,Flat,93,TSSC,532.0,30.1,40.4,78.45,0.84,62.76,0.7,44.0,0.67
2024-12-24,14:30,Flat,93,TSSC,481.7,30.1,39.1,78.86,0.76,63.09,0.63,40.0,0.67
2024-12-24,14:45,Flat,93,TSSC,431.5,30.0,37.8,79.27,0.68,63.42,0.57,36.0,0.67
2024-12-24,15:00,Flat,93,TSSC,381.2,30.0,36.5,79.69,0.6,63.75,0.5,31.9,0.67
2024-12-24,15:15,Flat,93,TSSC,327.3,29.8,35.0,80.17,0.51,64.13,0.43,27.5,0.67
2024-12-24,15:30,Flat,93,TSSC,273.4,29.6,33.5,80.64,0.43,64.51,0.36,23.1,0.67
2024-12-24,15:45,Flat,93,TSSC,219.4,29.5,32.0,81.12,0.34,64.9,0.29,18.6,0.67
2024-12-24,16:00,Flat,93,TSSC,165.5,29.3,30.5,81.6,0.26,65.28,0.22,14.1,0.67
2024-12-24,16:15,Flat,93,TSSC,127.5,28.9,29.0,82.05,0.2,65.64,0.17,10.9,0.67
2024-12-24,16:30,Flat,93,TSSC,89.5,28.4,27.6,82.5,0.14,66.0,0.12,7.7,0.67
2024-12-24,16:45,Flat,93,TSSC,51.6,27.9,26.2,82.95,0.08,66.36,0.07,4.4,0.67
2024-12-24,17:00,Flat,93,TSSC,13.6,27.4,24.8,83.4,0.02,66.72,0.02,1.2,0.67
2024-12-24,17:15,Flat,93,TSSC,10.2,27.1,24.3,83.54,0.02,66.83,0.01,0.9,0.67
2024-12-24,17:30,Flat,93,TSSC,6.8,26.7,23.9,83.68,0.01,66.95,0.01,0.6,0.67
2024-12-25,05:15,Flat,93,TSSC,12.2,21.8,19.1,85.18,0.02,68.15,0.02,1.1,0.67
2024-12-25,05:30,Flat,93,TSSC,24.4,21.9,19.5,85.05,0.04,68.04,0.03,2.1,0.67
2024-12-25,05:45,Flat,93,TSSC,36.7,22.0,20.0,84.93,0.06,67.94,0.05,3.2,0.67
2024-12-25,06:00,Flat,93,TSSC,48.9,22.1,20.4,84.8,0.08,67.84,0.06,4.3,0.67
2024-12-25,06:15,Flat,93,TSSC,101.1,22.7,22.2,84.22,0.16,67.37,0.13,8.8,0.67
2024-12-25,06:30,Flat,93,TSSC,153.2,23.2,24.0,83.64,0.24,66.91,0.2,13.3,0.67
2024-12-25,06:45,Flat,93,TSSC,205.4,23.7,25.9,83.06,0.32,66.45,0.27,17.7,0.67
2024-12-25,07:00,Flat,93,TSSC,257.5,24.2,27.7,82.48,0.4,65.98,0.34,22.1,0.67
2024-12-25,07:15,Flat,93,TSSC,311.7,24.8,29.6,81.88,0.49,65.51,0.41,26.6,0.67
2024-12-25,07:30,Flat,93,TSSC,365.9,25.3,31.4,81.29,0.57,65.03,0.48,31.1,0.67
2024-12-25,07:45,Flat,93,TSSC,420.1,25.8,33.3,80.7,0.66,64.56,0.55,35.5,0.67
2024-12-25,08:00,Flat,93,TSSC,474.3,26.3,35.2,80.1,0.74,64.08,0.62,39.9,0.67
2024-12-25,08:15,Flat,93,TSSC,515.3,26.7,36.6,79.66,0.81,63.73,0.68,43.1,0.67
2024-12-25,08:30,Flat,93,TSSC,556.4,27.1,38.0,79.22,0.87,63.37,0.73,46.4,0.67
2024-12-25,08:45,Flat,93,TSSC,597.4,27.4,39.4,78.77,0.94,63.02,0.79,49.6,0.67
2024-12-25,09:00,Flat,93,TSSC,638.5,27.8,40.8,78.33,1.01,62.66,0.84,52.7,0.67
2024-12-25,09:15,Flat,93,TSSC,664.8,28.1,41.7,78.04,1.05,62.43,0.88,54.8,0.67
2024-12-25,09:30,Flat,93,TSSC,691.2,28.4,42.6,77.75,1.09,62.2,0.91,56.8,0.67
2024-12-25,09:45,Flat,93,TSSC,717.6,28.6,43.6,77.45,1.13,61.96,0.95,58.8,0.67
2024-12-25,10:00,Flat,93,TSSC,744.0,28.9,44.5,77.16,1.18,61.73,0.98,60.8,0.67
2024-12-25,10:15,Flat,93,TSSC,754.2,29.0,44.9,77.03,1.19,61.62,1.0,61.5,0.67
2024-12-25,10:30,Flat,93,TSSC,764.5,29.2,45.3,76.89,1.21,61.52,1.01,62.3,0.67
2024-12-25,10:45,Flat,93,TSSC,774.8,29.4,45.7,76.76,1.23,61.41,1.03,63.0,0.67
2024-12-25,11:00,Flat,93,TSSC,785.0,29.5,46.2,76.63,1.24,61.3,1.04,63.8,0.67
2024-12-25,11:15,Flat,93,TSSC,775.8,29.6,46.0,76.67,1.23,61.34,1.03,63.1,0.67
2024-12-25,11:30,Flat,93,TSSC,766.5,29.7,45.9,76.71,1.21,61.37,1.02,62.3,0.67
2024-12-25,11:45,Flat,93,TSSC,757.2,29.8,45.8,76.75,1.2,61.4,1.0,61.6,0.67
2024-12-25,12:00,Flat,93,TSSC,747.9,29.9,45.6,76.79,1.18,61.43,0.99,60.9,0.67
2024-12-25,12:15,Flat,93,TSSC,735.1,30.0,45.4,76.88,1.16,61.5,0.97,59.9,0.67
2024-12-25,12:30,Flat,93,TSSC,722.4,30.0,45.1,76.96,1.14,61.57,0.96,58.9,0.67
2024-12-25,12:45,Flat,93,TSSC,709.7,30.1,44.8,77.05,1.12,61.64,0.94,57.9,0.67
2024-12-25,13:00,Flat,93,TSSC,697.0,30.1,44.6,77.14,1.1,61.71,0.92,56.9,0.67
2024-12-25,13:15,Flat,93,TSSC,672.5,30.1,43.9,77.33,1.06,61.86,0.89,55.0,0.67
2024-12-25,13:30,Flat,93,TSSC,648.1,30.1,43.3,77.52,1.02,62.02,0.86,53.1,0.67
2024-12-25,13:45,Flat,93,TSSC,623.7,30.1,42.7,77.72,0.98,62.18,0.82,51.2,0.67
2024-12-25,14:00,Flat,93,TSSC,599.2,30.1,42.1,77.91,0.94,62.33,0.79,49.3,0.67
2024-12-25,14:15,Flat,93,TSSC,547.8,30.0,40.7,78.35,0.86,62.68,0.72,45.3,0.67
2024-12-25,14:30,Flat,93,TSSC,496.4,29.9,39.4,78.78,0.78,63.03,0.65,41.2,0.67
2024-12-25,14:45,Flat,93,TSSC,445.0,29.9,38.0,79.22,0.7,63.38,0.59,37.1,0.67
2024-12-25,15:00,Flat,93,TSSC,393.6,29.8,36.6,79.65,0.62,63.72,0.52,32.9,0.67
2024-12-25,15:15,Flat,93,TSSC,338.1,29.6,35.1,80.14,0.53,64.11,0.44,28.4,0.67
2024-12-25,15:30,Flat,93,TSSC,282.6,29.5,33.5,80.63,0.44,64.5,0.37,23.9,0.67
2024-12-25,15:45,Flat,93,TSSC,227.1,29.3,32.0,81.12,0.35,64.89,0.3,19.3,0.67
2024-12-25,16:00,Flat,93,TSSC,171.6,29.2,30.4,81.6,0.27,65.28,0.22,14.6,0.67
2024-12-25,16:15,Flat,93,TSSC,132.1,28.7,29.0,82.07,0.21,65.66,0.17,11.3,0.67
2024-12-25,16:30,Flat,93,TSSC,92.7,28.2,27.5,82.54,0.14,66.03,0.12,8.0,0.67
2024-12-25,16:45,Flat,93,TSSC,53.3,27.7,26.0,83.0,0.08,66.4,0.07,4.6,0.67
2024-12-25,17:00,Flat,93,TSSC,13.8,27.2,24.6,83.47,0.02,66.77,0.02,1.2,0.67
2024-12-25,17:15,Flat,93,TSSC,10.4,26.9,24.1,83.61,0.02,66.89,0.01,0.9,0.67
2024-12-25,17:30,Flat,93,TSSC,6.9,26.5,23.7,83.75,0.01,67.0,0.01,0.6,0.67
2024-12-26,05:15,Flat,93,TSSC,10.7,23.3,20.6,84.73,0.02,67.78,0.01,0.9,0.67
2024-12-26,05:30,Flat,93,TSSC,21.3,23.4,20.9,84.62,0.03,67.7,0.03,1.9,0.67
2024-12-26,05:45,Flat,93,TSSC,32.0,23.5,21.3,84.51,0.05,67.61,0.04,2.8,0.67
2024-12-26,06:00,Flat,93,TSSC,42.7,23.6,21.6,84.4,0.07,67.52,0.06,3.7,0.67
2024-12-26,06:15,Flat,93,TSSC,91.4,23.9,23.1,83.92,0.14,67.13,0.12,7.9,0.67
2024-12-26,06:30,Flat,93,TSSC,140.1,24.2,24.7,83.43,0.22,66.75,0.18,12.1,0.67
2024-12-26,06:45,Flat,93,TSSC,188.8,24.5,26.2,82.95,0.29,66.36,0.25,16.3,0.67
2024-12-26,07:00,Flat,93,TSSC,237.6,24.8,27.7,82.46,0.37,65.97,0.31,20.4,0.67
2024-12-26,07:15,Flat,93,TSSC,291.3,25.2,29.4,81.92,0.45,65.54,0.38,24.9,0.67
2024-12-26,07:30,Flat,93,TSSC,345.1,25.5,31.1,81.38,0.54,65.1,0.45,29.3,0.67
2024-12-26,07:45,Flat,93,TSSC,398.9,25.9,32.9,80.84,0.62,64.67,0.52,33.8,0.67
2024-12-26,08:00,Flat,93,TSSC,452.7,26.2,34.6,80.3,0.71,64.24,0.59,38.1,0.67
2024-12-26,08:15,Flat,93,TSSC,499.9,26.6,36.1,79.82,0.78,63.85,0.66,41.9,0.67
2024-12-26,08:30,Flat,93,TSSC,547.1,26.9,37.6,79.34,0.86,63.47,0.72,45.6,0.67
2024-12-26,08:45,Flat,93,TSSC,594.3,27.3,39.1,78.85,0.93,63.08,0.78,49.3,0.67
2024-12-26,09:00,Flat,93,TSSC,641.5,27.6,40.6,78.37,1.01,62.7,0.85,53.0,0.67
2024-12-26,09:15,Flat,93,TSSC,644.1,27.9,41.0,78.27,1.01,62.62,0.85,53.2,0.67
2024-12-26,09:30,Flat,93,TSSC,646.7,28.1,41.3,78.17,1.02,62.53,0.85,53.3,0.67
2024-12-26,09:45,Flat,93,TSSC,649.3,28.4,41.6,78.06,1.02,62.45,0.86,53.5,0.67
2024-12-26,10:00,Flat,93,TSSC,651.9,28.6,41.9,77.96,1.03,62.37,0.86,53.7,0.67
2024-12-26,10:15,Flat,93,TSSC,657.8,28.9,42.3,77.84,1.04,62.27,0.87,54.1,0.67
2024-12-26,10:30,Flat,93,TSSC,663.6,29.1,42.7,77.72,1.05,62.18,0.88,54.5,0.67
2024-12-26,10:45,Flat,93,TSSC,669.4,29.3,43.1,77.6,1.06,62.08,0.88,54.9,0.67
2024-12-26,11:00,Flat,93,TSSC,675.3,29.6,43.5,77.48,1.07,61.99,0.89,55.3,0.67
2024-12-26,11:15,Flat,93,TSSC,670.3,29.8,43.5,77.47,1.06,61.97,0.89,54.9,0.67
2024-12-26,11:30,Flat,93,TSSC,665.4,29.9,43.6,77.45,1.05,61.96,0.88,54.5,0.67
2024-12-26,11:45,Flat,93,TSSC,660.4,30.1,43.6,77.43,1.04,61.95,0.87,54.1,0.67
2024-12-26,12:00,Flat,93,TSSC,655.5,30.3,43.7,77.42,1.03,61.93,0.87,53.7,0.67
2024-12-26,12:15,Flat,93,TSSC,641.8,30.4,43.4,77.49,1.01,61.99,0.85,52.6,0.67
2024-12-26,12:30,Flat,93,TSSC,628.1,30.5,43.2,77.56,0.99,62.04,0.83,51.5,0.67
2024-12-26,12:45,Flat,93,TSSC,614.4,30.6,43.0,77.63,0.97,62.1,0.81,50.4,0.67
2024-12-26,13:00,Flat,93,TSSC,600.8,30.8,42.8,77.7,0.95,62.16,0.79,49.3,0.67
2024-12-26,13:15,Flat,93,TSSC,578.5,30.8,42.2,77.88,0.91,62.3,0.76,47.6,0.67
2024-12-26,13:30,Flat,93,TSSC,556.3,30.7,41.6,78.06,0.88,62.45,0.73,45.8,0.67
2024-12-26,13:45,Flat,93,TSSC,534.0,30.7,41.1,78.24,0.84,62.59,0.7,44.1,0.67
2024-12-26,14:00,Flat,93,TSSC,511.7,30.7,40.5,78.43,0.81,62.74,0.67,42.3,0.67
2024-12-26,14:15,Flat,93,TSSC,465.6,30.5,39.2,78.84,0.73,63.07,0.61,38.7,0.67
2024-12-26,14:30,Flat,93,TSSC,419.4,30.4,37.9,79.25,0.66,63.4,0.55,35.0,0.67
2024-12-26,14:45,Flat,93,TSSC,373.3,30.2,36.6,79.66,0.59,63.73,0.49,31.2,0.67
2024-12-26,15:00,Flat,93,TSSC,327.1,30.1,35.3,80.07,0.51,64.06,0.43,27.5,0.67
2024-12-26,15:15,Flat,93,TSSC,279.1,29.8,33.8,80.54,0.44,64.43,0.37,23.5,0.67
2024-12-26,15:30,Flat,93,TSSC,231.1,29.6,32.4,81.0,0.36,64.8,0.3,19.6,0.67
2024-12-26,15:45,Flat,93,TSSC,183.2,29.3,30.9,81.46,0.29,65.17,0.24,15.6,0.67
2024-12-26,16:00,Flat,93,TSSC,135.2,29.1,29.4,81.92,0.21,65.54,0.18,11.5,0.67
2024-12-26,16:15,Flat,93,TSSC,104.4,28.5,28.1,82.34,0.16,65.87,0.14,8.9,0.67
2024-12-26,16:30,Flat,93,TSSC,73.6,28.0,26.8,82.75,0.11,66.2,0.1,6.3,0.67
2024-12-26,16:45,Flat,93,TSSC,42.8,27.4,25.5,83.17,0.07,66.53,0.06,3.7,0.67
2024-12-26,17:00,Flat,93,TSSC,11.9,26.9,24.2,83.58,0.02,66.87,0.02,1.0,0.67
2024-12-26,17:15,Flat,93,TSSC,9.0,26.6,23.9,83.69,0.01,66.95,0.01,0.8,0.67
2024-12-26,17:30,Flat,93,TSSC,6.0,26.4,23.5,83.8,0.01,67.04,0.01,0.5,0.67
2024-12-27,05:15,Flat,93,TSSC,7.7,22.9,20.1,84.89,0.01,67.91,0.01,0.7,0.67
2024-12-27,05:30,Flat,93,TSSC,15.4,23.1,20.5,84.75,0.02,67.8,0.02,1.3,0.67
2024-12-27,05:45,Flat,93,TSSC,23.1,23.4,20.9,84.62,0.04,67.69,0.03,2.0,0.67
2024-12-27,06:00,Flat,93,TSSC,30.8,23.6,21.4,84.48,0.05,67.58,0.04,2.7,0.67
2024-12-27,06:15,Flat,93,TSSC,66.1,24.1,22.8,84.04,0.1,67.23,0.09,5.8,0.67
2024-12-27,06:30,Flat,93,TSSC,101.5,24.6,24.1,83.6,0.16,66.88,0.13,8.8,0.67
2024-12-27,06:45,Flat,93,TSSC,136.9,25.1,25.5,83.16,0.21,66.53,0.18,11.8,0.67
2024-12-27,07:00,Flat,93,TSSC,172.3,25.6,26.9,82.72,0.27,66.18,0.22,14.8,0.67
2024-12-27,07:15,Flat,93,TSSC,218.3,26.0,28.5,82.23,0.34,65.79,0.28,18.7,0.67
2024-12-27,07:30,Flat,93,TSSC,264.3,26.4,30.0,81.75,0.41,65.4,0.34,22.5,0.67
2024-12-27,07:45,Flat,93,TSSC,310.3,26.8,31.5,81.26,0.48,65.01,0.41,26.4,0.67
2024-12-27,08:00,Flat,93,TSSC,356.3,27.1,33.1,80.78,0.56,64.62,0.47,30.1,0.67
2024-12-27,08:15,Flat,93,TSSC,407.2,27.4,34.6,80.28,0.64,64.23,0.53,34.3,0.67
2024-12-27,08:30,Flat,93,TSSC,458.1,27.7,36.2,79.79,0.72,63.83,0.6,38.4,0.67
2024-12-27,08:45,Flat,93,TSSC,509.0,28.0,37.7,79.3,0.8,63.44,0.67,42.4,0.67
2024-12-27,09:00,Flat,93,TSSC,559.8,28.3,39.3,78.81,0.88,63.05,0.74,46.5,0.67
2024-12-27,09:15,Flat,93,TSSC,592.8,28.5,40.3,78.48,0.93,62.78,0.78,49.0,0.67
2024-12-27,09:30,Flat,93,TSSC,625.8,28.7,41.4,78.15,0.99,62.52,0.83,51.6,0.67
2024-12-27,09:45,Flat,93,TSSC,658.8,28.9,42.4,77.82,1.04,62.25,0.87,54.2,0.67
2024-12-27,10:00,Flat,93,TSSC,691.8,29.2,43.5,77.48,1.09,61.99,0.91,56.7,0.67
2024-12-27,10:15,Flat,93,TSSC,688.4,29.3,43.5,77.46,1.09,61.97,0.91,56.4,0.67
2024-12-27,10:30,Flat,93,TSSC,685.0,29.5,43.6,77.44,1.08,61.95,0.91,56.1,0.67
2024-12-27,10:45,Flat,93,TSSC,681.5,29.6,43.7,77.42,1.08,61.93,0.9,55.8,0.67
2024-12-27,11:00,Flat,93,TSSC,678.1,29.8,43.7,77.4,1.07,61.92,0.9,55.5,0.67
2024-12-27,11:15,Flat,93,TSSC,672.7,29.9,43.7,77.42,1.06,61.93,0.89,55.1,0.67
2024-12-27,11:30,Flat,93,TSSC,667.3,29.9,43.6,77.44,1.05,61.95,0.88,54.7,0.67
2024-12-27,11:45,Flat,93,TSSC,661.9,30.0,43.5,77.46,1.04,61.97,0.88,54.2,0.67
2024-12-27,12:00,Flat,93,TSSC,656.5,30.1,43.5,77.48,1.04,61.98,0.87,53.8,0.67
2024-12-27,12:15,Flat,93,TSSC,632.5,30.1,42.9,77.67,1.0,62.13,0.84,51.9,0.67
2024-12-27,12:30,Flat,93,TSSC,608.4,30.1,42.3,77.86,0.96,62.28,0.8,50.0,0.67
2024-12-27,12:45,Flat,93,TSSC,584.4,30.1,41.7,78.04,0.92,62.44,0.77,48.2,0.67
2024-12-27,13:00,Flat,93,TSSC,560.4,30.1,41.1,78.23,0.88,62.59,0.74,46.3,0.67
2024-12-27,13:15,Flat,93,TSSC,556.3,30.0,40.9,78.29,0.88,62.63,0.73,45.9,0.67
2024-12-27,13:30,Flat,93,TSSC,552.1,29.9,40.8,78.34,0.87,62.67,0.73,45.6,0.67
2024-12-27,13:45,Flat,93,TSSC,548.0,29.9,40.6,78.39,0.86,62.71,0.72,45.3,0.67
2024-12-27,14:00,Flat,93,TSSC,543.9,29.8,40.4,78.45,0.86,62.76,0.72,45.0,0.67
2024-12-27,14:15,Flat,93,TSSC,484.0,29.6,38.7,78.98,0.76,63.19,0.64,40.2,0.67
2024-12-27,14:30,Flat,93,TSSC,424.1,29.4,37.0,79.52,0.67,63.62,0.56,35.4,0.67
2024-12-27,14:45,Flat,93,TSSC,364.2,29.2,35.3,80.06,0.57,64.05,0.48,30.6,0.67
2024-12-27,15:00,Flat,93,TSSC,304.4,29.0,33.6,80.6,0.48,64.48,0.4,25.7,0.67
2024-12-27,15:15,Flat,93,TSSC,260.5,28.7,32.2,81.03,0.41,64.83,0.34,22.1,0.67
2024-12-27,15:30,Flat,93,TSSC,216.7,28.4,30.9,81.47,0.34,65.18,0.28,18.4,0.67
2024-12-27,15:45,Flat,93,TSSC,172.9,28.2,29.5,81.91,0.27,65.53,0.23,14.8,0.67
2024-12-27,16:00,Flat,93,TSSC,129.1,27.9,28.1,82.34,0.2,65.88,0.17,11.1,0.67
2024-12-27,16:15,Flat,93,TSSC,99.4,27.5,27.0,82.69,0.15,66.16,0.13,8.6,0.67
2024-12-27,16:30,Flat,93,TSSC,69.8,27.1,25.9,83.04,0.11,66.44,0.09,6.0,0.67
2024-12-27,16:45,Flat,93,TSSC,40.1,26.8,24.8,83.4,0.06,66.72,0.05,3.5,0.67
2024-12-27,17:00,Flat,93,TSSC,10.5,26.4,23.7,83.75,0.02,67.0,0.01,0.9,0.67
2024-12-27,17:15,Flat,93,TSSC,7.9,26.2,23.4,83.83,0.01,67.07,0.01,0.7,0.67
2024-12-27,17:30,Flat,93,TSSC,5.2,26.0,23.1,83.92,0.01,67.14,0.01,0.5,0.67
2024-12-28,05:15,Flat,93,TSSC,8.9,22.5,19.7,85.01,0.01,68.0,0.01,0.8,0.67
2024-12-28,05:30,Flat,93,TSSC,17.8,22.5,20.0,84.92,0.03,67.94,0.02,1.6,0.67
2024-12-28,05:45,Flat,93,TSSC,26.7,22.6,20.2,84.83,0.04,67.87,0.03,2.3,0.67
2024-12-28,06:00,Flat,93,TSSC,35.6,22.6,20.5,84.75,0.05,67.8,0.05,3.1,0.67
2024-12-28,06:15,Flat,93,TSSC,77.4,22.9,21.8,84.33,0.12,67.46,0.1,6.8,0.67
2024-12-28,06:30,Flat,93,TSSC,119.3,23.2,23.2,83.91,0.18,67.13,0.15,10.4,0.67
2024-12-28,06:45,Flat,93,TSSC,161.1,23.5,24.5,83.49,0.25,66.79,0.21,14.0,0.67
2024-12-28,07:00,Flat,93,TSSC,203.0,23.7,25.8,83.07,0.31,66.46,0.26,17.5,0.67
2024-12-28,07:15,Flat,93,TSSC,250.7,24.1,27.4,82.56,0.39,66.05,0.33,21.5,0.67
2024-12-28,07:30,Flat,93,TSSC,298.4,24.5,29.0,82.06,0.46,65.65,0.39,25.5,0.67
2024-12-28,07:45,Flat,93,TSSC,346.1,25.0,30.6,81.55,0.54,65.24,0.45,29.5,0.67
2024-12-28,08:00,Flat,93,TSSC,393.8,25.4,32.2,81.05,0.61,64.84,0.51,33.4,0.67
2024-12-28,08:15,Flat,93,TSSC,426.5,25.7,33.4,80.67,0.67,64.54,0.56,36.0,0.67
2024-12-28,08:30,Flat,93,TSSC,459.2,26.1,34.6,80.29,0.72,64.24,0.6,38.7,0.67
2024-12-28,08:45,Flat,93,TSSC,491.9,26.5,35.8,79.92,0.77,63.94,0.65,41.3,0.67
2024-12-28,09:00,Flat,93,TSSC,524.5,26.8,37.0,79.54,0.82,63.63,0.69,43.8,0.67
2024-12-28,09:15,Flat,93,TSSC,536.6,27.1,37.5,79.36,0.84,63.49,0.71,44.8,0.67
2024-12-28,09:30,Flat,93,TSSC,548.7,27.4,38.1,79.19,0.86,63.35,0.72,45.7,0.67
2024-12-28,09:45,Flat,93,TSSC,560.8,27.6,38.6,79.01,0.88,63.21,0.74,46.6,0.67
2024-12-28,10:00,Flat,93,TSSC,572.9,27.9,39.2,78.83,0.9,63.06,0.75,47.6,0.67
2024-12-28,10:15,Flat,93,TSSC,583.8,28.1,39.6,78.69,0.92,62.95,0.77,48.4,0.67
2024-12-28,10:30,Flat,93,TSSC,594.6,28.2,40.1,78.55,0.94,62.84,0.78,49.2,0.67
2024-12-28,10:45,Flat,93,TSSC,605.4,28.4,40.5,78.41,0.95,62.73,0.8,50.1,0.67
2024-12-28,11:00,Flat,93,TSSC,616.3,28.6,41.0,78.27,0.97,62.62,0.81,50.9,0.67
2024-12-28,11:15,Flat,93,TSSC,622.3,28.7,41.2,78.19,0.98,62.55,0.82,51.3,0.67
2024-12-28,11:30,Flat,93,TSSC,628.2,28.8,41.5,78.11,0.99,62.49,0.83,51.8,0.67
2024-12-28,11:45,Flat,93,TSSC,634.2,28.9,41.7,78.03,1.0,62.42,0.84,52.2,0.67
2024-12-28,12:00,Flat,93,TSSC,640.2,29.0,42.0,77.95,1.01,62.36,0.85,52.7,0.67
2024-12-28,12:15,Flat,93,TSSC,619.9,29.0,41.5,78.11,0.98,62.49,0.82,51.1,0.67
2024-12-28,12:30,Flat,93,TSSC,599.6,29.0,41.0,78.27,0.94,62.61,0.79,49.5,0.67
2024-12-28,12:45,Flat,93,TSSC,579.3,29.0,40.5,78.42,0.91,62.74,0.76,47.9,0.67
2024-12-28,13:00,Flat,93,TSSC,559.0,29.0,40.0,78.58,0.88,62.87,0.74,46.3,0.67
2024-12-28,13:15,Flat,93,TSSC,544.6,28.9,39.6,78.72,0.86,62.98,0.72,45.2,0.67
2024-12-28,13:30,Flat,93,TSSC,530.2,28.9,39.1,78.86,0.83,63.08,0.7,44.0,0.67
2024-12-28,13:45,Flat,93,TSSC,515.8,28.8,38.7,78.99,0.81,63.19,0.68,42.9,0.67
2024-12-28,14:00,Flat,93,TSSC,501.4,28.7,38.3,79.13,0.79,63.3,0.66,41.7,0.67
2024-12-28,14:15,Flat,93,TSSC,462.6,28.6,37.2,79.48,0.73,63.58,0.61,38.6,0.67
2024-12-28,14:30,Flat,93,TSSC,423.9,28.5,36.0,79.83,0.66,63.86,0.56,35.5,0.67
2024-12-28,14:45,Flat,93,TSSC,385.1,28.3,34.9,80.18,0.6,64.14,0.5,32.4,0.67
2024-12-28,15:00,Flat,93,TSSC,346.4,28.2,33.8,80.53,0.54,64.43,0.45,29.2,0.67
2024-12-28,15:15,Flat,93,TSSC,299.5,27.8,32.3,81.01,0.47,64.8,0.39,25.4,0.67
2024-12-28,15:30,Flat,93,TSSC,252.6,27.5,30.8,81.48,0.39,65.18,0.33,21.5,0.67
2024-12-28,15:45,Flat,93,TSSC,205.7,27.2,29.3,81.95,0.32,65.56,0.27,17.6,0.67
2024-12-28,16:00,Flat,93,TSSC,158.8,26.9,27.9,82.43,0.25,65.94,0.21,13.6,0.67
2024-12-28,16:15,Flat,93,TSSC,122.9,26.4,26.5,82.86,0.19,66.28,0.16,10.6,0.67
2024-12-28,16:30,Flat,93,TSSC,87.0,26.0,25.1,83.28,0.13,66.63,0.11,7.5,0.67
2024-12-28,16:45,Flat,93,TSSC,51.2,25.5,23.8,83.71,0.08,66.97,0.07,4.4,0.67
2024-12-28,17:00,Flat,93,TSSC,15.3,25.0,22.4,84.14,0.02,67.32,0.02,1.3,0.67
2024-12-28,17:15,Flat,93,TSSC,11.5,24.8,22.1,84.26,0.02,67.41,0.01,1.0,0.67
2024-12-28,17:30,Flat,93,TSSC,7.6,24.5,21.7,84.38,0.01,67.5,0.01,0.7,0.67
2024-12-29,05:15,Flat,93,TSSC,9.6,21.3,18.5,85.38,0.01,68.31,0.01,0.8,0.67
2024-12-29,05:30,Flat,93,TSSC,19.2,21.4,18.9,85.27,0.03,68.22,0.02,1.7,0.67
2024-12-29,05:45,Flat,93,TSSC,28.9,21.5,19.2,85.16,0.04,68.13,0.04,2.5,0.67
2024-12-29,06:00,Flat,93,TSSC,38.5,21.6,19.6,85.05,0.06,68.04,0.05,3.4,0.67
2024-12-29,06:15,Flat,93,TSSC,87.3,22.0,21.2,84.53,0.13,67.63,0.11,7.6,0.67
2024-12-29,06:30,Flat,93,TSSC,136.0,22.4,22.8,84.02,0.21,67.22,0.18,11.8,0.67
2024-12-29,06:45,Flat,93,TSSC,184.8,22.8,24.4,83.51,0.29,66.81,0.24,16.0,0.67
2024-12-29,07:00,Flat,93,TSSC,233.6,23.2,26.1,83.0,0.36,66.4,0.3,20.2,0.67
2024-12-29,07:15,Flat,93,TSSC,287.4,23.8,28.0,82.39,0.45,65.91,0.37,24.7,0.67
2024-12-29,07:30,Flat,93,TSSC,341.1,24.4,29.9,81.78,0.53,65.42,0.44,29.1,0.67
2024-12-29,07:45,Flat,93,TSSC,394.9,24.9,31.8,81.17,0.62,64.94,0.52,33.5,0.67
2024-12-29,08:00,Flat,93,TSSC,448.6,25.5,33.7,80.56,0.7,64.45,0.59,37.9,0.67
2024-12-29,08:15,Flat,93,TSSC,498.6,25.9,35.4,80.04,0.78,64.03,0.65,41.9,0.67
2024-12-29,08:30,Flat,93,TSSC,548.5,26.3,37.0,79.51,0.86,63.61,0.72,45.8,0.67
2024-12-29,08:45,Flat,93,TSSC,598.5,26.7,38.7,78.99,0.94,63.19,0.79,49.8,0.67
2024-12-29,09:00,Flat,93,TSSC,648.4,27.1,40.4,78.47,1.02,62.77,0.85,53.6,0.67
2024-12-29,09:15,Flat,93,TSSC,665.4,27.4,41.0,78.25,1.05,62.6,0.88,54.9,0.67
2024-12-29,09:30,Flat,93,TSSC,682.4,27.7,41.7,78.03,1.08,62.43,0.9,56.2,0.67
2024-12-29,09:45,Flat,93,TSSC,699.3,27.9,42.4,77.81,1.1,62.25,0.92,57.5,0.67
2024-12-29,10:00,Flat,93,TSSC,716.3,28.2,43.1,77.6,1.13,62.08,0.95,58.8,0.67
2024-12-29,10:15,Flat,93,TSSC,734.6,28.4,43.8,77.39,1.16,61.91,0.97,60.1,0.67
2024-12-29,10:30,Flat,93,TSSC,752.9,28.6,44.4,77.18,1.19,61.74,1.0,61.5,0.67
2024-12-29,10:45,Flat,93,TSSC,771.1,28.8,45.1,76.97,1.22,61.57,1.02,62.9,0.67
2024-12-29,11:00,Flat,93,TSSC,789.4,29.0,45.7,76.76,1.25,61.41,1.05,64.2,0.67
2024-12-29,11:15,Flat,93,TSSC,787.0,29.1,45.8,76.74,1.25,61.39,1.04,64.0,0.67
2024-12-29,11:30,Flat,93,TSSC,784.7,29.3,45.9,76.72,1.24,61.37,1.04,63.8,0.67
2024-12-29,11:45,Flat,93,TSSC,782.4,29.4,46.0,76.69,1.24,61.36,1.04,63.6,0.67
2024-12-29,12:00,Flat,93,TSSC,780.0,29.5,46.0,76.67,1.23,61.34,1.03,63.4,0.67
2024-12-29,12:15,Flat,93,TSSC,773.5,29.6,45.9,76.7,1.22,61.36,1.02,62.9,0.67
2024-12-29,12:30,Flat,93,TSSC,767.0,29.6,45.8,76.74,1.21,61.39,1.02,62.4,0.67
2024-12-29,12:45,Flat,93,TSSC,760.5,29.7,45.7,76.77,1.2,61.42,1.01,61.9,0.67
2024-12-29,13:00,Flat,93,TSSC,754.0,29.8,45.6,76.8,1.19,61.44,1.0,61.4,0.67
2024-12-29,13:15,Flat,93,TSSC,719.6,29.7,44.7,77.09,1.14,61.67,0.95,58.7,0.67
2024-12-29,13:30,Flat,93,TSSC,685.1,29.7,43.8,77.37,1.08,61.9,0.91,56.1,0.67
2024-12-29,13:45,Flat,93,TSSC,650.7,29.6,42.9,77.66,1.03,62.13,0.86,53.4,0.67
2024-12-29,14:00,Flat,93,TSSC,616.2,29.6,42.0,77.95,0.97,62.36,0.81,50.7,0.67
2024-12-29,14:15,Flat,93,TSSC,562.5,29.5,40.6,78.4,0.89,62.72,0.74,46.5,0.67
2024-12-29,14:30,Flat,93,TSSC,508.8,29.4,39.1,78.86,0.8,63.09,0.67,42.3,0.67
2024-12-29,14:45,Flat,93,TSSC,455.1,29.3,37.7,79.32,0.71,63.46,0.6,38.0,0.67
2024-12-29,15:00,Flat,93,TSSC,401.4,29.2,36.2,79.78,0.63,63.82,0.53,33.6,0.67
2024-12-29,15:15,Flat,93,TSSC,343.9,28.9,34.5,80.32,0.54,64.25,0.45,29.0,0.67
2024-12-29,15:30,Flat,93,TSSC,286.3,28.6,32.8,80.86,0.45,64.69,0.37,24.2,0.67
2024-12-29,15:45,Flat,93,TSSC,228.8,28.4,31.1,81.4,0.36,65.12,0.3,19.5,0.67
2024-12-29,16:00,Flat,93,TSSC,171.2,28.1,29.4,81.94,0.27,65.55,0.22,14.6,0.67
2024-12-29,16:15,Flat,93,TSSC,131.8,27.6,27.9,82.41,0.2,65.93,0.17,11.3,0.67
2024-12-29,16:30,Flat,93,TSSC,92.4,27.1,26.4,82.89,0.14,66.31,0.12,8.0,0.67
2024-12-29,16:45,Flat,93,TSSC,52.9,26.6,24.9,83.37,0.08,66.69,0.07,4.6,0.67
2024-12-29,17:00,Flat,93,TSSC,13.5,26.0,23.4,83.84,0.02,67.08,0.02,1.2,0.67
2024-12-29,17:15,Flat,93,TSSC,10.1,25.8,23.0,83.95,0.02,67.16,0.01,0.9,0.67
2024-12-29,17:30,Flat,93,TSSC,6.8,25.6,22.7,84.05,0.01,67.24,0.01,0.6,0.67
2024-12-30,05:15,Flat,93,TSSC,5.8,22.3,19.5,85.08,0.01,68.07,0.01,0.5,0.67
2024-12-30,05:30,Flat,93,TSSC,11.6,22.4,19.7,85.0,0.02,68.0,0.02,1.0,0.67
2024-12-30,05:45,Flat,93,TSSC,17.5,22.6,20.0,84.91,0.03,67.93,0.02,1.5,0.67
2024-12-30,06:00,Flat,93,TSSC,23.3,22.7,20.3,84.83,0.04,67.87,0.03,2.0,0.67
2024-12-30,06:15,Flat,93,TSSC,49.4,23.0,21.2,84.53,0.08,67.63,0.06,4.3,0.67
2024-12-30,06:30,Flat,93,TSSC,75.5,23.2,22.1,84.24,0.12,67.39,0.1,6.6,0.67
2024-12-30,06:45,Flat,93,TSSC,101.7,23.5,23.1,83.94,0.16,67.15,0.13,8.8,0.67
2024-12-30,07:00,Flat,93,TSSC,127.8,23.8,24.0,83.64,0.2,66.91,0.17,11.1,0.67
2024-12-30,07:15,Flat,93,TSSC,159.8,24.1,25.1,83.29,0.25,66.63,0.21,13.8,0.67
2024-12-30,07:30,Flat,93,TSSC,191.8,24.4,26.2,82.94,0.3,66.35,0.25,16.5,0.67
2024-12-30,07:45,Flat,93,TSSC,223.8,24.7,27.3,82.59,0.35,66.07,0.29,19.2,0.67
2024-12-30,08:00,Flat,93,TSSC,255.8,25.1,28.4,82.24,0.4,65.79,0.33,21.9,0.67
2024-12-30,08:15,Flat,93,TSSC,279.0,25.3,29.3,81.96,0.43,65.57,0.36,23.8,0.67
2024-12-30,08:30,Flat,93,TSSC,302.2,25.6,30.2,81.69,0.47,65.35,0.39,25.8,0.67
2024-12-30,08:45,Flat,93,TSSC,325.4,25.9,31.0,81.41,0.51,65.13,0.42,27.7,0.67
2024-12-30,09:00,Flat,93,TSSC,348.6,26.2,31.9,81.14,0.54,64.91,0.46,29.6,0.67
2024-12-30,09:15,Flat,93,TSSC,363.4,26.4,32.5,80.95,0.57,64.76,0.48,30.8,0.67
2024-12-30,09:30,Flat,93,TSSC,378.1,26.7,33.1,80.76,0.59,64.6,0.49,32.0,0.67
2024-12-30,09:45,Flat,93,TSSC,392.9,26.9,33.7,80.56,0.61,64.45,0.51,33.2,0.67
2024-12-30,10:00,Flat,93,TSSC,407.7,27.1,34.3,80.37,0.64,64.3,0.53,34.3,0.67
2024-12-30,10:15,Flat,93,TSSC,415.2,27.3,34.7,80.25,0.65,64.2,0.54,34.9,0.67
2024-12-30,10:30,Flat,93,TSSC,422.6,27.6,35.1,80.12,0.66,64.1,0.55,35.5,0.67
2024-12-30,10:45,Flat,93,TSSC,430.1,27.8,35.5,80.0,0.67,64.0,0.56,36.1,0.67
2024-12-30,11:00,Flat,93,TSSC,437.6,28.0,35.9,79.87,0.69,63.9,0.57,36.7,0.67
2024-12-30,11:15,Flat,93,TSSC,443.3,28.1,36.2,79.77,0.69,63.82,0.58,37.1,0.67
2024-12-30,11:30,Flat,93,TSSC,449.0,28.3,36.6,79.67,0.7,63.74,0.59,37.6,0.67
2024-12-30,11:45,Flat,93,TSSC,454.7,28.5,36.9,79.57,0.71,63.65,0.6,38.0,0.67
2024-12-30,12:00,Flat,93,TSSC,460.4,28.7,37.2,79.47,0.72,63.57,0.6,38.5,0.67
2024-12-30,12:15,Flat,93,TSSC,440.3,28.7,36.8,79.61,0.69,63.68,0.58,36.8,0.67
2024-12-30,12:30,Flat,93,TSSC,420.2,28.8,36.3,79.75,0.66,63.8,0.55,35.2,0.67
2024-12-30,12:45,Flat,93,TSSC,400.2,28.9,35.9,79.89,0.63,63.91,0.53,33.6,0.67
2024-12-30,13:00,Flat,93,TSSC,380.1,28.9,35.4,80.03,0.6,64.02,0.5,31.9,0.67
2024-12-30,13:15,Flat,93,TSSC,376.2,28.9,35.3,80.07,0.59,64.05,0.49,31.6,0.67
2024-12-30,13:30,Flat,93,TSSC,372.3,28.9,35.2,80.11,0.58,64.09,0.49,31.3,0.67
2024-12-30,13:45,Flat,93,TSSC,368.4,28.8,35.0,80.15,0.58,64.12,0.48,31.0,0.67
2024-12-30,14:00,Flat,93,TSSC,364.5,28.8,34.9,80.19,0.57,64.15,0.48,30.7,0.67
2024-12-30,14:15,Flat,93,TSSC,331.6,28.7,34.0,80.48,0.52,64.38,0.43,28.0,0.67
2024-12-30,14:30,Flat,93,TSSC,298.6,28.6,33.1,80.77,0.47,64.62,0.39,25.3,0.67
2024-12-30,14:45,Flat,93,TSSC,265.7,28.5,32.1,81.07,0.41,64.85,0.35,22.5,0.67
2024-12-30,15:00,Flat,93,TSSC,232.8,28.4,31.2,81.36,0.36,65.09,0.3,19.8,0.67
2024-12-30,15:15,Flat,93,TSSC,202.3,28.2,30.2,81.67,0.32,65.34,0.26,17.2,0.67
2024-12-30,15:30,Flat,93,TSSC,171.8,28.0,29.3,81.98,0.27,65.58,0.22,14.7,0.67
2024-12-30,15:45,Flat,93,TSSC,141.4,27.7,28.3,82.29,0.22,65.83,0.18,12.1,0.67
2024-12-30,16:00,Flat,93,TSSC,110.9,27.5,27.3,82.6,0.17,66.08,0.14,9.5,0.67
2024-12-30,16:15,Flat,93,TSSC,85.9,27.1,26.3,82.92,0.13,66.33,0.11,7.4,0.67
2024-12-30,16:30,Flat,93,TSSC,60.9,26.8,25.3,83.24,0.09,66.59,0.08,5.3,0.67
2024-12-30,16:45,Flat,93,TSSC,35.9,26.4,24.3,83.56,0.06,66.84,0.05,3.1,0.67
2024-12-30,17:00,Flat,93,TSSC,10.9,26.0,23.3,83.87,0.02,67.1,0.01,1.0,0.67
2024-12-30,17:15,Flat,93,TSSC,8.2,25.8,23.0,83.95,0.01,67.16,0.01,0.7,0.67
2024-12-30,17:30,Flat,93,TSSC,5.5,25.6,22.8,84.04,0.01,67.23,0.01,0.5,0.67
2024-12-31,05:15,Flat,93,TSSC,6.5,22.7,19.8,84.96,0.01,67.97,0.01,0.6,0.67
2024-12-31,05:30,Flat,93,TSSC,13.0,22.7,20.0,84.9,0.02,67.92,0.02,1.1,0.67
2024-12-31,05:45,Flat,93,TSSC,19.5,22.7,20.2,84.85,0.03,67.88,0.03,1.7,0.67
2024-12-31,06:00,Flat,93,TSSC,26.0,22.7,20.4,84.79,0.04,67.83,0.03,2.3,0.67
2024-12-31,06:15,Flat,93,TSSC,57.0,22.9,21.4,84.48,0.09,67.58,0.07,5.0,0.67
2024-12-31,06:30,Flat,93,TSSC,88.0,23.2,22.4,84.16,0.14,67.33,0.11,7.7,0.67
2024-12-31,06:45,Flat,93,TSSC,118.9,23.4,23.4,83.85,0.18,67.08,0.15,10.3,0.67
2024-12-31,07:00,Flat,93,TSSC,149.9,23.6,24.4,83.53,0.23,66.82,0.19,13.0,0.67
2024-12-31,07:15,Flat,93,TSSC,186.1,24.0,25.6,83.12,0.29,66.5,0.24,16.1,0.67
2024-12-31,07:30,Flat,93,TSSC,222.2,24.4,26.9,82.72,0.35,66.17,0.29,19.1,0.67
2024-12-31,07:45,Flat,93,TSSC,258.3,24.8,28.2,82.31,0.4,65.85,0.34,22.2,0.67
2024-12-31,08:00,Flat,93,TSSC,294.5,25.1,29.5,81.91,0.46,65.52,0.38,25.2,0.67
2024-12-31,08:15,Flat,93,TSSC,330.1,25.5,30.8,81.5,0.51,65.2,0.43,28.1,0.67
2024-12-31,08:30,Flat,93,TSSC,365.6,25.9,32.0,81.1,0.57,64.88,0.48,31.0,0.67
2024-12-31,08:45,Flat,93,TSSC,401.2,26.3,33.3,80.7,0.63,64.56,0.53,33.9,0.67
2024-12-31,09:00,Flat,93,TSSC,436.8,26.6,34.6,80.3,0.68,64.24,0.57,36.8,0.67
2024-12-31,09:15,Flat,93,TSSC,456.1,26.9,35.4,80.05,0.71,64.04,0.6,38.3,0.67
2024-12-31,09:30,Flat,93,TSSC,475.4,27.2,36.1,79.8,0.75,63.84,0.62,39.8,0.67
2024-12-31,09:45,Flat,93,TSSC,494.7,27.5,36.9,79.56,0.78,63.65,0.65,41.4,0.67
2024-12-31,10:00,Flat,93,TSSC,514.0,27.8,37.7,79.31,0.81,63.45,0.68,42.9,0.67
2024-12-31,10:15,Flat,93,TSSC,526.7,28.1,38.2,79.14,0.83,63.31,0.69,43.9,0.67
2024-12-31,10:30,Flat,93,TSSC,539.4,28.3,38.7,78.97,0.85,63.18,0.71,44.8,0.67
2024-12-31,10:45,Flat,93,TSSC,552.1,28.5,39.3,78.81,0.87,63.05,0.73,45.8,0.67
2024-12-31,11:00,Flat,93,TSSC,564.7,28.7,39.8,78.64,0.89,62.91,0.74,46.8,0.67
2024-12-31,11:15,Flat,93,TSSC,553.3,28.8,39.6,78.7,0.87,62.96,0.73,45.9,0.67
2024-12-31,11:30,Flat,93,TSSC,541.9,28.9,39.4,78.75,0.85,63.0,0.71,45.0,0.67
2024-12-31,11:45,Flat,93,TSSC,530.6,29.0,39.3,78.81,0.83,63.05,0.7,44.0,0.67
2024-12-31,12:00,Flat,93,TSSC,519.2,29.1,39.1,78.87,0.82,63.1,0.68,43.1,0.67
2024-12-31,12:15,Flat,93,TSSC,483.5,29.1,38.2,79.15,0.76,63.32,0.64,40.3,0.67
2024-12-31,12:30,Flat,93,TSSC,447.8,29.1,37.3,79.42,0.7,63.54,0.59,37.4,0.67
2024-12-31,12:45,Flat,93,TSSC,412.1,29.2,36.5,79.7,0.65,63.76,0.54,34.5,0.67
2024-12-31,13:00,Flat,93,TSSC,376.4,29.2,35.6,79.97,0.59,63.98,0.49,31.6,0.67
2024-12-31,13:15,Flat,93,TSSC,379.9,29.1,35.6,79.97,0.59,63.98,0.5,31.9,0.67
2024-12-31,13:30,Flat,93,TSSC,383.4,29.0,35.6,79.97,0.6,63.97,0.5,32.2,0.67
2024-12-31,13:45,Flat,93,TSSC,386.8,29.0,35.6,79.96,0.61,63.97,0.51,32.5,0.67
2024-12-31,14:00,Flat,93,TSSC,390.3,28.9,35.6,79.96,0.61,63.97,0.51,32.7,0.67
2024-12-31,14:15,Flat,93,TSSC,357.8,28.7,34.7,80.27,0.56,64.21,0.47,30.1,0.67
2024-12-31,14:30,Flat,93,TSSC,325.3,28.6,33.7,80.57,0.51,64.46,0.43,27.5,0.67
2024-12-31,14:45,Flat,93,TSSC,292.8,28.4,32.7,80.88,0.46,64.71,0.38,24.8,0.67
2024-12-31,15:00,Flat,93,TSSC,260.3,28.2,31.7,81.19,0.41,64.95,0.34,22.1,0.67
2024-12-31,15:15,Flat,93,TSSC,226.9,28.0,30.6,81.54,0.35,65.23,0.3,19.3,0.67
2024-12-31,15:30,Flat,93,TSSC,193.4,27.7,29.5,81.89,0.3,65.51,0.25,16.5,0.67
2024-12-31,15:45,Flat,93,TSSC,160.0,27.4,28.4,82.24,0.25,65.8,0.21,13.7,0.67
2024-12-31,16:00,Flat,93,TSSC,126.6,27.1,27.3,82.6,0.2,66.08,0.16,10.9,0.67
2024-12-31,16:15,Flat,93,TSSC,98.3,26.8,26.3,82.93,0.15,66.34,0.13,8.5,0.67
2024-12-31,16:30,Flat,93,TSSC,70.1,26.4,25.2,83.27,0.11,66.61,0.09,6.1,0.67
2024-12-31,16:45,Flat,93,TSSC,41.8,26.1,24.1,83.6,0.06,66.88,0.05,3.6,0.67
2024-12-31,17:00,Flat,93,TSSC,13.6,25.7,23.1,83.94,0.02,67.15,0.02,1.2,0.67
2024-12-31,17:15,Flat,93,TSSC,10.2,25.6,22.8,84.02,0.02,67.22,0.01,0.9,0.67
2024-12-31,17:30,Flat,93,TSSC,6.8,25.4,22.5,84.11,0.01,67.29,0.01,0.6,0.67
2025-01-01,05:15,Flat,93,TSSC,8.3,21.6,18.8,85.28,0.01,68.23,0.01,0.7,0.67
2025-01-01,05:30,Flat,93,TSSC,16.6,21.7,19.1,85.21,0.03,68.16,0.02,1.5,0.67
2025-01-01,05:45,Flat,93,TSSC,24.9,21.7,19.3,85.13,0.04,68.1,0.03,2.2,0.67
2025-01-01,06:00,Flat,93,TSSC,33.2,21.7,19.6,85.05,0.05,68.04,0.04,2.9,0.67
2025-01-01,06:15,Flat,93,TSSC,77.2,22.1,21.0,84.6,0.12,67.68,0.1,6.8,0.67
2025-01-01,06:30,Flat,93,TSSC,121.2,22.4,22.4,84.15,0.19,67.32,0.16,10.6,0.67
2025-01-01,06:45,Flat,93,TSSC,165.2,22.7,23.8,83.7,0.26,66.96,0.21,14.3,0.67
2025-01-01,07:00,Flat,93,TSSC,209.2,23.0,25.2,83.25,0.32,66.6,0.27,18.1,0.67
2025-01-01,07:15,Flat,93,TSSC,265.9,23.5,27.1,82.66,0.41,66.12,0.35,22.9,0.67
2025-01-01,07:30,Flat,93,TSSC,322.6,23.9,29.0,82.06,0.5,65.65,0.42,27.6,0.67
2025-01-01,07:45,Flat,93,TSSC,379.2,24.4,30.9,81.46,0.59,65.17,0.5,32.3,0.67
2025-01-01,08:00,Flat,93,TSSC,435.9,24.9,32.8,80.87,0.68,64.69,0.57,36.9,0.67
2025-01-01,08:15,Flat,93,TSSC,485.9,25.3,34.4,80.35,0.76,64.28,0.64,40.9,0.67
2025-01-01,08:30,Flat,93,TSSC,535.8,25.6,36.0,79.83,0.84,63.87,0.7,44.9,0.67
2025-01-01,08:45,Flat,93,TSSC,585.7,26.0,37.7,79.32,0.92,63.45,0.77,48.9,0.67
2025-01-01,09:00,Flat,93,TSSC,635.7,26.4,39.3,78.8,1.0,63.04,0.84,52.8,0.67
2025-01-01,09:15,Flat,93,TSSC,674.5,26.7,40.5,78.41,1.06,62.73,0.89,55.8,0.67
2025-01-01,09:30,Flat,93,TSSC,713.3,26.9,41.7,78.03,1.12,62.42,0.94,58.8,0.67
2025-01-01,09:45,Flat,93,TSSC,752.1,27.2,43.0,77.64,1.19,62.11,0.99,61.7,0.67
2025-01-01,10:00,Flat,93,TSSC,790.9,27.4,44.2,77.25,1.25,61.8,1.05,64.7,0.67
2025-01-01,10:15,Flat,93,TSSC,803.2,27.6,44.7,77.09,1.27,61.67,1.06,65.6,0.67
2025-01-01,10:30,Flat,93,TSSC,815.4,27.8,45.2,76.93,1.29,61.55,1.08,66.5,0.67
2025-01-01,10:45,Flat,93,TSSC,827.7,28.0,45.7,76.78,1.31,61.42,1.1,67.4,0.67
2025-01-01,11:00,Flat,93,TSSC,840.0,28.2,46.2,76.62,1.33,61.29,1.11,68.2,0.67
2025-01-01,11:15,Flat,93,TSSC,835.8,28.3,46.2,76.61,1.32,61.29,1.11,67.9,0.67
2025-01-01,11:30,Flat,93,TSSC,831.6,28.4,46.2,76.61,1.32,61.29,1.1,67.6,0.67
2025-01-01,11:45,Flat,93,TSSC,827.4,28.6,46.2,76.6,1.31,61.28,1.1,67.2,0.67
2025-01-01,12:00,Flat,93,TSSC,823.2,28.7,46.3,76.6,1.3,61.28,1.09,66.9,0.67
2025-01-01,12:15,Flat,93,TSSC,798.0,28.7,45.7,76.78,1.26,61.43,1.06,64.9,0.67
2025-01-01,12:30,Flat,93,TSSC,772.7,28.8,45.1,76.97,1.22,61.58,1.02,63.0,0.67
2025-01-01,12:45,Flat,93,TSSC,747.4,28.8,44.5,77.16,1.18,61.73,0.99,61.0,0.67
2025-01-01,13:00,Flat,93,TSSC,722.1,28.9,43.9,77.34,1.14,61.87,0.95,59.1,0.67
2025-01-01,13:15,Flat,93,TSSC,689.5,28.8,43.0,77.62,1.09,62.09,0.91,56.6,0.67
2025-01-01,13:30,Flat,93,TSSC,656.9,28.8,42.2,77.89,1.04,62.31,0.87,54.0,0.67
2025-01-01,13:45,Flat,93,TSSC,624.3,28.7,41.3,78.16,0.98,62.53,0.82,51.5,0.67
2025-01-01,14:00,Flat,93,TSSC,591.7,28.6,40.4,78.44,0.93,62.75,0.78,48.9,0.67
2025-01-01,14:15,Flat,93,TSSC,538.3,28.5,38.9,78.91,0.85,63.13,0.71,44.7,0.67
2025-01-01,14:30,Flat,93,TSSC,485.0,28.3,37.5,79.38,0.76,63.51,0.64,40.5,0.67
2025-01-01,14:45,Flat,93,TSSC,431.6,28.2,36.0,79.86,0.68,63.89,0.57,36.2,0.67
2025-01-01,15:00,Flat,93,TSSC,378.3,28.0,34.5,80.33,0.59,64.26,0.5,31.9,0.67
2025-01-01,15:15,Flat,93,TSSC,329.2,27.7,32.9,80.83,0.51,64.66,0.43,27.8,0.67
2025-01-01,15:30,Flat,93,TSSC,280.1,27.3,31.3,81.33,0.44,65.06,0.37,23.8,0.67
2025-01-01,15:45,Flat,93,TSSC,231.0,27.0,29.7,81.82,0.36,65.46,0.3,19.7,0.67
2025-01-01,16:00,Flat,93,TSSC,181.8,26.6,28.2,82.32,0.28,65.86,0.24,15.6,0.67
2025-01-01,16:15,Flat,93,TSSC,140.6,26.0,26.5,82.84,0.22,66.27,0.18,12.1,0.67
2025-01-01,16:30,Flat,93,TSSC,99.3,25.4,24.9,83.36,0.15,66.69,0.13,8.6,0.67
2025-01-01,16:45,Flat,93,TSSC,58.1,24.8,23.3,83.87,0.09,67.1,0.08,5.1,0.67
2025-01-01,17:00,Flat,93,TSSC,16.9,24.2,21.6,84.39,0.03,67.51,0.02,1.5,0.67
2025-01-01,17:15,Flat,93,TSSC,12.6,24.0,21.3,84.51,0.02,67.61,0.02,1.1,0.67
2025-01-01,17:30,Flat,93,TSSC,8.4,23.7,20.9,84.62,0.01,67.7,0.01,0.7,0.67
2025-01-02,05:15,Flat,93,TSSC,8.2,19.2,16.4,86.06,0.01,68.85,0.01,0.7,0.67
2025-01-02,05:30,Flat,93,TSSC,16.3,19.4,16.8,85.93,0.03,68.74,0.02,1.4,0.67
2025-01-02,05:45,Flat,93,TSSC,24.5,19.6,17.2,85.79,0.04,68.64,0.03,2.2,0.67
2025-01-02,06:00,Flat,93,TSSC,32.6,19.8,17.6,85.66,0.05,68.53,0.04,2.9,0.67
2025-01-02,06:15,Flat,93,TSSC,74.2,20.4,19.2,85.15,0.11,68.12,0.1,6.5,0.67
2025-01-02,06:30,Flat,93,TSSC,115.8,20.9,20.8,84.65,0.18,67.72,0.15,10.1,0.67
2025-01-02,06:45,Flat,93,TSSC,157.4,21.5,22.4,84.14,0.24,67.31,0.2,13.7,0.67
2025-01-02,07:00,Flat,93,TSSC,199.0,22.1,24.0,83.63,0.31,66.9,0.26,17.3,0.67
2025-01-02,07:15,Flat,93,TSSC,248.1,22.7,25.9,83.04,0.38,66.43,0.32,21.4,0.67
2025-01-02,07:30,Flat,93,TSSC,297.2,23.3,27.8,82.45,0.46,65.96,0.39,25.5,0.67
2025-01-02,07:45,Flat,93,TSSC,346.4,24.0,29.6,81.86,0.54,65.49,0.45,29.6,0.67
2025-01-02,08:00,Flat,93,TSSC,395.5,24.6,31.5,81.27,0.62,65.01,0.52,33.6,0.67
2025-01-02,08:15,Flat,93,TSSC,440.8,25.0,33.0,80.79,0.69,64.63,0.58,37.3,0.67
2025-01-02,08:30,Flat,93,TSSC,486.1,25.4,34.5,80.31,0.76,64.25,0.64,40.9,0.67
2025-01-02,08:45,Flat,93,TSSC,531.4,25.8,36.0,79.83,0.83,63.87,0.7,44.5,0.67
2025-01-02,09:00,Flat,93,TSSC,576.7,26.1,37.5,79.36,0.9,63.48,0.76,48.1,0.67
2025-01-02,09:15,Flat,93,TSSC,598.6,26.4,38.4,79.1,0.94,63.28,0.79,49.8,0.67
2025-01-02,09:30,Flat,93,TSSC,620.5,26.7,39.2,78.84,0.98,63.07,0.82,51.5,0.67
2025-01-02,09:45,Flat,93,TSSC,642.5,26.9,40.0,78.58,1.01,62.86,0.85,53.2,0.67
2025-01-02,10:00,Flat,93,TSSC,664.4,27.2,40.8,78.32,1.05,62.65,0.88,54.9,0.67
2025-01-02,10:15,Flat,93,TSSC,694.3,27.4,41.8,78.02,1.09,62.41,0.92,57.2,0.67
2025-01-02,10:30,Flat,93,TSSC,724.3,27.6,42.7,77.71,1.14,62.17,0.96,59.5,0.67
2025-01-02,10:45,Flat,93,TSSC,754.2,27.8,43.7,77.41,1.19,61.93,1.0,61.8,0.67
2025-01-02,11:00,Flat,93,TSSC,784.2,28.0,44.6,77.11,1.24,61.69,1.04,64.0,0.67
2025-01-02,11:15,Flat,93,TSSC,762.7,28.1,44.2,77.25,1.2,61.8,1.01,62.4,0.67
2025-01-02,11:30,Flat,93,TSSC,741.2,28.3,43.8,77.38,1.17,61.9,0.98,60.7,0.67
2025-01-02,11:45,Flat,93,TSSC,719.7,28.4,43.4,77.51,1.14,62.01,0.95,59.0,0.67
2025-01-02,12:00,Flat,93,TSSC,698.2,28.5,42.9,77.65,1.1,62.12,0.92,57.3,0.67
2025-01-02,12:15,Flat,93,TSSC,696.2,28.5,42.9,77.66,1.1,62.13,0.92,57.1,0.67
2025-01-02,12:30,Flat,93,TSSC,694.2,28.5,42.9,77.67,1.1,62.13,0.92,57.0,0.67
2025-01-02,12:45,Flat,93,TSSC,692.2,28.5,42.8,77.68,1.09,62.14,0.91,56.8,0.67
2025-01-02,13:00,Flat,93,TSSC,690.1,28.6,42.8,77.69,1.09,62.15,0.91,56.7,0.67
2025-01-02,13:15,Flat,93,TSSC,656.9,28.4,41.9,77.99,1.04,62.39,0.87,54.1,0.67
2025-01-02,13:30,Flat,93,TSSC,623.6,28.3,40.9,78.29,0.98,62.63,0.82,51.5,0.67
2025-01-02,13:45,Flat,93,TSSC,590.4,28.2,40.0,78.59,0.93,62.88,0.78,48.9,0.67
2025-01-02,14:00,Flat,93,TSSC,557.1,28.1,39.0,78.9,0.88,63.12,0.73,46.3,0.67
2025-01-02,14:15,Flat,93,TSSC,503.6,27.8,37.4,79.39,0.79,63.51,0.66,42.0,0.67
2025-01-02,14:30,Flat,93,TSSC,450.1,27.6,35.9,79.88,0.71,63.91,0.59,37.7,0.67
2025-01-02,14:45,Flat,93,TSSC,396.6,27.4,34.3,80.38,0.62,64.3,0.52,33.4,0.67
2025-01-02,15:00,Flat,93,TSSC,343.1,27.2,32.7,80.87,0.54,64.7,0.45,29.0,0.67
2025-01-02,15:15,Flat,93,TSSC,299.0,26.8,31.3,81.33,0.47,65.06,0.39,25.4,0.67
2025-01-02,15:30,Flat,93,TSSC,254.9,26.5,29.9,81.78,0.4,65.43,0.33,21.8,0.67
2025-01-02,15:45,Flat,93,TSSC,210.8,26.2,28.4,82.24,0.33,65.79,0.27,18.1,0.67
2025-01-02,16:00,Flat,93,TSSC,166.8,25.8,27.0,82.69,0.26,66.15,0.22,14.3,0.67
2025-01-02,16:15,Flat,93,TSSC,129.3,25.5,25.7,83.11,0.2,66.49,0.17,11.2,0.67
2025-01-02,16:30,Flat,93,TSSC,91.9,25.1,24.4,83.52,0.14,66.82,0.12,8.0,0.67
2025-01-02,16:45,Flat,93,TSSC,54.4,24.7,23.1,83.94,0.08,67.15,0.07,4.7,0.67
2025-01-02,17:00,Flat,93,TSSC,17.0,24.3,21.8,84.36,0.03,67.48,0.02,1.5,0.67
2025-01-02,17:15,Flat,93,TSSC,12.8,24.2,21.5,84.44,0.02,67.55,0.02,1.1,0.67
2025-01-02,17:30,Flat,93,TSSC,8.5,24.0,21.2,84.53,0.01,67.62,0.01,0.7,0.67
2025-01-03,05:15,Flat,93,TSSC,8.6,19.7,16.9,85.9,0.01,68.72,0.01,0.8,0.67
2025-01-03,05:30,Flat,93,TSSC,17.2,19.8,17.2,85.8,0.03,68.64,0.02,1.5,0.67
2025-01-03,05:45,Flat,93,TSSC,25.7,19.9,17.5,85.7,0.04,68.56,0.03,2.3,0.67
2025-01-03,06:00,Flat,93,TSSC,34.3,19.9,17.8,85.61,0.05,68.49,0.04,3.0,0.67
2025-01-03,06:15,Flat,93,TSSC,81.4,20.3,19.3,85.13,0.13,68.1,0.11,7.2,0.67
2025-01-03,06:30,Flat,93,TSSC,128.5,20.6,20.8,84.65,0.2,67.72,0.17,11.2,0.67
2025-01-03,06:45,Flat,93,TSSC,175.6,20.9,22.3,84.18,0.27,67.34,0.23,15.3,0.67
2025-01-03,07:00,Flat,93,TSSC,222.7,21.3,23.8,83.7,0.34,66.96,0.29,19.3,0.67
2025-01-03,07:15,Flat,93,TSSC,279.3,21.8,25.8,83.08,0.43,66.46,0.36,24.1,0.67
2025-01-03,07:30,Flat,93,TSSC,336.0,22.4,27.8,82.45,0.52,65.96,0.44,28.8,0.67
2025-01-03,07:45,Flat,93,TSSC,392.6,22.9,29.7,81.83,0.61,65.46,0.51,33.5,0.67
2025-01-03,08:00,Flat,93,TSSC,449.2,23.5,31.7,81.21,0.7,64.96,0.59,38.1,0.67
2025-01-03,08:15,Flat,93,TSSC,500.6,24.0,33.5,80.64,0.78,64.51,0.66,42.3,0.67
2025-01-03,08:30,Flat,93,TSSC,552.0,24.5,35.3,80.07,0.86,64.06,0.72,46.4,0.67
2025-01-03,08:45,Flat,93,TSSC,603.3,25.0,37.1,79.5,0.95,63.6,0.79,50.4,0.67
2025-01-03,09:00,Flat,93,TSSC,654.7,25.5,38.9,78.94,1.03,63.15,0.86,54.4,0.67
2025-01-03,09:15,Flat,93,TSSC,687.5,25.8,40.0,78.57,1.08,62.86,0.91,56.9,0.67
2025-01-03,09:30,Flat,93,TSSC,720.2,26.2,41.2,78.2,1.13,62.56,0.95,59.4,0.67
2025-01-03,09:45,Flat,93,TSSC,753.0,26.5,42.3,77.84,1.19,62.27,0.99,61.9,0.67
2025-01-03,10:00,Flat,93,TSSC,785.7,26.9,43.5,77.47,1.24,61.98,1.04,64.4,0.67
2025-01-03,10:15,Flat,93,TSSC,787.5,27.1,43.8,77.38,1.24,61.9,1.04,64.5,0.67
2025-01-03,10:30,Flat,93,TSSC,789.3,27.3,44.1,77.29,1.25,61.83,1.04,64.6,0.67
2025-01-03,10:45,Flat,93,TSSC,791.1,27.6,44.4,77.2,1.25,61.76,1.05,64.6,0.67
2025-01-03,11:00,Flat,93,TSSC,792.8,27.8,44.6,77.11,1.25,61.69,1.05,64.7,0.67
2025-01-03,11:15,Flat,93,TSSC,790.8,28.0,44.7,77.08,1.25,61.66,1.05,64.5,0.67
2025-01-03,11:30,Flat,93,TSSC,788.7,28.1,44.8,77.05,1.25,61.64,1.04,64.4,0.67
2025-01-03,11:45,Flat,93,TSSC,786.7,28.2,44.9,77.02,1.24,61.62,1.04,64.2,0.67
2025-01-03,12:00,Flat,93,TSSC,784.6,28.4,45.0,77.0,1.24,61.6,1.04,64.0,0.67
2025-01-03,12:15,Flat,93,TSSC,753.8,28.4,44.3,77.23,1.19,61.78,1.0,61.6,0.67
2025-01-03,12:30,Flat,93,TSSC,722.9,28.5,43.5,77.46,1.14,61.97,0.96,59.2,0.67
2025-01-03,12:45,Flat,93,TSSC,692.0,28.5,42.8,77.69,1.09,62.15,0.91,56.8,0.67
2025-01-03,13:00,Flat,93,TSSC,661.2,28.6,42.1,77.92,1.04,62.34,0.87,54.4,0.67
2025-01-03,13:15,Flat,93,TSSC,620.2,28.5,41.0,78.27,0.98,62.61,0.82,51.2,0.67
2025-01-03,13:30,Flat,93,TSSC,579.3,28.4,39.9,78.61,0.91,62.89,0.76,48.0,0.67
2025-01-03,13:45,Flat,93,TSSC,538.3,28.3,38.8,78.96,0.85,63.17,0.71,44.7,0.67
2025-01-03,14:00,Flat,93,TSSC,497.4,28.3,37.7,79.31,0.78,63.45,0.65,41.5,0.67
2025-01-03,14:15,Flat,93,TSSC,450.7,28.1,36.3,79.73,0.71,63.79,0.59,37.7,0.67
2025-01-03,14:30,Flat,93,TSSC,404.0,27.9,35.0,80.16,0.63,64.13,0.53,34.0,0.67
2025-01-03,14:45,Flat,93,TSSC,357.4,27.7,33.7,80.59,0.56,64.47,0.47,30.2,0.67
2025-01-03,15:00,Flat,93,TSSC,310.7,27.5,32.3,81.01,0.48,64.81,0.41,26.3,0.67
2025-01-03,15:15,Flat,93,TSSC,271.9,27.2,31.0,81.42,0.42,65.14,0.36,23.1,0.67
2025-01-03,15:30,Flat,93,TSSC,233.2,26.9,29.7,81.84,0.36,65.47,0.3,19.9,0.67
2025-01-03,15:45,Flat,93,TSSC,194.4,26.6,28.4,82.25,0.3,65.8,0.25,16.7,0.67
2025-01-03,16:00,Flat,93,TSSC,155.7,26.2,27.1,82.66,0.24,66.12,0.2,13.4,0.67
2025-01-03,16:15,Flat,93,TSSC,121.0,25.8,25.8,83.08,0.19,66.46,0.16,10.4,0.67
2025-01-03,16:30,Flat,93,TSSC,86.4,25.3,24.5,83.5,0.13,66.8,0.11,7.5,0.67
2025-01-03,16:45,Flat,93,TSSC,51.7,24.9,23.1,83.92,0.08,67.13,0.07,4.5,0.67
2025-01-03,17:00,Flat,93,TSSC,17.0,24.4,21.8,84.34,0.03,67.47,0.02,1.5,0.67
2025-01-03,17:15,Flat,93,TSSC,12.8,24.2,21.5,84.43,0.02,67.55,0.02,1.1,0.67
2025-01-03,17:30,Flat,93,TSSC,8.5,24.0,21.2,84.53,0.01,67.63,0.01,0.7,0.67
2025-01-04,05:15,Flat,93,TSSC,8.1,18.7,15.9,86.21,0.01,68.97,0.01,0.7,0.67
2025-01-04,05:30,Flat,93,TSSC,16.1,18.9,16.3,86.1,0.02,68.88,0.02,1.4,0.67
2025-01-04,05:45,Flat,93,TSSC,24.2,19.0,16.6,85.98,0.04,68.78,0.03,2.1,0.67
2025-01-04,06:00,Flat,93,TSSC,32.2,19.2,17.0,85.86,0.05,68.69,0.04,2.8,0.67
2025-01-04,06:15,Flat,93,TSSC,78.7,19.7,18.7,85.32,0.12,68.26,0.1,6.9,0.67
2025-01-04,06:30,Flat,93,TSSC,125.1,20.3,20.4,84.79,0.19,67.83,0.16,11.0,0.67
2025-01-04,06:45,Flat,93,TSSC,171.6,20.8,22.1,84.25,0.27,67.4,0.22,15.0,0.67
2025-01-04,07:00,Flat,93,TSSC,218.0,21.3,23.8,83.71,0.34,66.97,0.28,18.9,0.67
2025-01-04,07:15,Flat,93,TSSC,271.1,22.0,25.8,83.08,0.42,66.47,0.35,23.4,0.67
2025-01-04,07:30,Flat,93,TSSC,324.1,22.7,27.8,82.45,0.5,65.96,0.42,27.8,0.67
2025-01-04,07:45,Flat,93,TSSC,377.2,23.3,29.8,81.82,0.59,65.46,0.49,32.2,0.67
2025-01-04,08:00,Flat,93,TSSC,430.3,24.0,31.7,81.19,0.67,64.96,0.56,36.5,0.67
2025-01-04,08:15,Flat,93,TSSC,478.9,24.4,33.4,80.67,0.75,64.54,0.63,40.5,0.67
2025-01-04,08:30,Flat,93,TSSC,527.6,24.9,35.0,80.15,0.83,64.12,0.69,44.3,0.67
2025-01-04,08:45,Flat,93,TSSC,576.2,25.3,36.7,79.62,0.9,63.7,0.76,48.2,0.67
2025-01-04,09:00,Flat,93,TSSC,624.8,25.7,38.4,79.1,0.98,63.28,0.82,52.0,0.67
2025-01-04,09:15,Flat,93,TSSC,657.9,26.0,39.5,78.74,1.03,62.99,0.87,54.6,0.67
2025-01-04,09:30,Flat,93,TSSC,690.9,26.3,40.6,78.39,1.09,62.71,0.91,57.1,0.67
2025-01-04,09:45,Flat,93,TSSC,724.0,26.6,41.7,78.03,1.14,62.43,0.96,59.6,0.67
2025-01-04,10:00,Flat,93,TSSC,757.0,26.9,42.8,77.68,1.19,62.14,1.0,62.2,0.67
2025-01-04,10:15,Flat,93,TSSC,774.1,27.1,43.5,77.48,1.22,61.98,1.02,63.4,0.67
2025-01-04,10:30,Flat,93,TSSC,791.2,27.3,44.1,77.27,1.25,61.82,1.05,64.7,0.67
2025-01-04,10:45,Flat,93,TSSC,808.3,27.6,44.8,77.07,1.28,61.66,1.07,66.0,0.67
2025-01-04,11:00,Flat,93,TSSC,825.4,27.8,45.4,76.87,1.31,61.5,1.09,67.2,0.67
2025-01-04,11:15,Flat,93,TSSC,825.4,27.9,45.5,76.83,1.31,61.46,1.09,67.2,0.67
2025-01-04,11:30,Flat,93,TSSC,825.3,28.0,45.7,76.79,1.31,61.43,1.09,67.2,0.67
2025-01-04,11:45,Flat,93,TSSC,825.3,28.2,45.8,76.75,1.31,61.4,1.09,67.1,0.67
2025-01-04,12:00,Flat,93,TSSC,825.2,28.3,45.9,76.7,1.31,61.36,1.09,67.1,0.67
2025-01-04,12:15,Flat,93,TSSC,801.6,28.3,45.4,76.87,1.27,61.5,1.06,65.3,0.67
2025-01-04,12:30,Flat,93,TSSC,778.1,28.4,44.8,77.04,1.23,61.63,1.03,63.5,0.67
2025-01-04,12:45,Flat,93,TSSC,754.5,28.4,44.3,77.21,1.19,61.77,1.0,61.7,0.67
2025-01-04,13:00,Flat,93,TSSC,730.9,28.5,43.8,77.38,1.15,61.91,0.97,59.8,0.67
2025-01-04,13:15,Flat,93,TSSC,700.9,28.4,43.0,77.64,1.11,62.11,0.93,57.5,0.67
2025-01-04,13:30,Flat,93,TSSC,670.9,28.4,42.2,77.89,1.06,62.31,0.89,55.2,0.67
2025-01-04,13:45,Flat,93,TSSC,640.9,28.4,41.4,78.14,1.01,62.52,0.85,52.9,0.67
2025-01-04,14:00,Flat,93,TSSC,610.9,28.3,40.6,78.4,0.96,62.72,0.81,50.5,0.67
2025-01-04,14:15,Flat,93,TSSC,561.4,28.2,39.2,78.83,0.88,63.06,0.74,46.6,0.67
2025-01-04,14:30,Flat,93,TSSC,512.0,28.0,37.8,79.26,0.8,63.41,0.67,42.7,0.67
2025-01-04,14:45,Flat,93,TSSC,462.6,27.9,36.5,79.7,0.73,63.76,0.61,38.7,0.67
2025-01-04,15:00,Flat,93,TSSC,413.1,27.8,35.1,80.13,0.65,64.1,0.54,34.7,0.67
2025-01-04,15:15,Flat,93,TSSC,358.3,27.5,33.4,80.66,0.56,64.53,0.47,30.3,0.67
2025-01-04,15:30,Flat,93,TSSC,303.4,27.2,31.8,81.19,0.47,64.95,0.4,25.8,0.67
2025-01-04,15:45,Flat,93,TSSC,248.6,26.9,30.1,81.72,0.39,65.37,0.32,21.2,0.67
2025-01-04,16:00,Flat,93,TSSC,193.7,26.6,28.4,82.25,0.3,65.8,0.25,16.6,0.67
2025-01-04,16:15,Flat,93,TSSC,150.4,25.9,26.7,82.79,0.23,66.23,0.2,12.9,0.67
2025-01-04,16:30,Flat,93,TSSC,107.0,25.3,25.0,83.33,0.17,66.66,0.14,9.3,0.67
2025-01-04,16:45,Flat,93,TSSC,63.7,24.7,23.3,83.87,0.1,67.09,0.08,5.5,0.67
2025-01-04,17:00,Flat,93,TSSC,20.3,24.1,21.6,84.41,0.03,67.52,0.03,1.8,0.67
2025-01-04,17:15,Flat,93,TSSC,15.2,23.8,21.2,84.54,0.02,67.63,0.02,1.3,0.67
2025-01-04,17:30,Flat,93,TSSC,10.2,23.5,20.8,84.67,0.02,67.74,0.01,0.9,0.67
2025-01-04,17:45,Flat,93,TSSC,5.1,23.2,20.3,84.8,0.01,67.84,0.01,0.4,0.67
2025-01-05,05:15,Flat,93,TSSC,8.3,18.3,15.5,86.34,0.01,69.07,0.01,0.7,0.67
2025-01-05,05:30,Flat,93,TSSC,16.5,18.5,15.9,86.2,0.03,68.96,0.02,1.5,0.67
2025-01-05,05:45,Flat,93,TSSC,24.8,18.8,16.4,86.05,0.04,68.84,0.03,2.2,0.67
2025-01-05,06:00,Flat,93,TSSC,33.0,19.0,16.8,85.91,0.05,68.73,0.04,2.9,0.67
2025-01-05,06:15,Flat,93,TSSC,75.4,19.6,18.5,85.39,0.12,68.31,0.1,6.6,0.67
2025-01-05,06:30,Flat,93,TSSC,117.7,20.2,20.1,84.87,0.18,67.9,0.15,10.3,0.67
2025-01-05,06:45,Flat,93,TSSC,160.0,20.8,21.8,84.35,0.25,67.48,0.21,14.0,0.67
2025-01-05,07:00,Flat,93,TSSC,202.3,21.4,23.4,83.83,0.31,67.07,0.26,17.6,0.67
2025-01-05,07:15,Flat,93,TSSC,256.4,22.1,25.6,83.15,0.4,66.52,0.33,22.1,0.67
2025-01-05,07:30,Flat,93,TSSC,310.4,22.9,27.7,82.47,0.48,65.98,0.4,26.7,0.67
2025-01-05,07:45,Flat,93,TSSC,364.5,23.7,29.8,81.79,0.57,65.43,0.48,31.1,0.67
2025-01-05,08:00,Flat,93,TSSC,418.6,24.5,32.0,81.11,0.65,64.89,0.55,35.5,0.67
2025-01-05,08:15,Flat,93,TSSC,461.1,25.0,33.5,80.62,0.72,64.5,0.6,38.9,0.67
2025-01-05,08:30,Flat,93,TSSC,503.6,25.5,35.1,80.13,0.79,64.1,0.66,42.3,0.67
2025-01-05,08:45,Flat,93,TSSC,546.1,26.0,36.7,79.64,0.86,63.71,0.72,45.7,0.67
2025-01-05,09:00,Flat,93,TSSC,588.5,26.5,38.2,79.14,0.92,63.32,0.77,49.0,0.67
2025-01-05,09:15,Flat,93,TSSC,612.2,26.8,39.1,78.87,0.96,63.1,0.81,50.8,0.67
2025-01-05,09:30,Flat,93,TSSC,635.8,27.0,39.9,78.6,1.0,62.88,0.84,52.7,0.67
2025-01-05,09:45,Flat,93,TSSC,659.5,27.3,40.8,78.32,1.04,62.66,0.87,54.5,0.67
2025-01-05,10:00,Flat,93,TSSC,683.1,27.6,41.7,78.05,1.08,62.44,0.9,56.3,0.67
2025-01-05,10:15,Flat,93,TSSC,695.4,27.8,42.2,77.89,1.1,62.31,0.92,57.2,0.67
2025-01-05,10:30,Flat,93,TSSC,707.8,28.0,42.7,77.72,1.12,62.18,0.93,58.1,0.67
2025-01-05,10:45,Flat,93,TSSC,720.1,28.2,43.2,77.56,1.14,62.05,0.95,59.1,0.67
2025-01-05,11:00,Flat,93,TSSC,732.5,28.4,43.7,77.4,1.16,61.92,0.97,60.0,0.67
2025-01-05,11:15,Flat,93,TSSC,741.5,28.5,44.1,77.29,1.17,61.83,0.98,60.6,0.67
2025-01-05,11:30,Flat,93,TSSC,750.6,28.7,44.4,77.17,1.19,61.74,0.99,61.3,0.67
2025-01-05,11:45,Flat,93,TSSC,759.7,28.8,44.8,77.06,1.2,61.65,1.01,62.0,0.67
2025-01-05,12:00,Flat,93,TSSC,768.8,28.9,45.1,76.95,1.22,61.56,1.02,62.7,0.67
2025-01-05,12:15,Flat,93,TSSC,747.3,29.0,44.6,77.11,1.18,61.69,0.99,61.0,0.67
2025-01-05,12:30,Flat,93,TSSC,725.7,29.0,44.1,77.26,1.15,61.81,0.96,59.3,0.67
2025-01-05,12:45,Flat,93,TSSC,704.2,29.0,43.7,77.42,1.11,61.94,0.93,57.7,0.67
2025-01-05,13:00,Flat,93,TSSC,682.6,29.1,43.2,77.58,1.08,62.06,0.9,56.0,0.67
2025-01-05,13:15,Flat,93,TSSC,647.9,29.0,42.2,77.87,1.02,62.3,0.86,53.3,0.67
2025-01-05,13:30,Flat,93,TSSC,613.2,29.0,41.3,78.16,0.97,62.53,0.81,50.6,0.67
2025-01-05,13:45,Flat,93,TSSC,578.5,28.9,40.4,78.46,0.91,62.76,0.76,47.9,0.67
2025-01-05,14:00,Flat,93,TSSC,543.8,28.9,39.5,78.75,0.85,63.0,0.72,45.1,0.67
2025-01-05,14:15,Flat,93,TSSC,494.7,28.7,38.1,79.18,0.78,63.35,0.65,41.2,0.67
2025-01-05,14:30,Flat,93,TSSC,445.6,28.6,36.7,79.62,0.7,63.69,0.59,37.3,0.67
2025-01-05,14:45,Flat,93,TSSC,396.5,28.4,35.4,80.05,0.62,64.04,0.52,33.3,0.67
2025-01-05,15:00,Flat,93,TSSC,347.4,28.3,34.0,80.48,0.54,64.39,0.45,29.3,0.67
2025-01-05,15:15,Flat,93,TSSC,301.3,27.9,32.5,80.96,0.47,64.77,0.39,25.5,0.67
2025-01-05,15:30,Flat,93,TSSC,255.1,27.6,31.0,81.44,0.4,65.15,0.33,21.7,0.67
2025-01-05,15:45,Flat,93,TSSC,209.0,27.2,29.5,81.92,0.33,65.53,0.27,17.9,0.67
2025-01-05,16:00,Flat,93,TSSC,162.8,26.9,27.9,82.4,0.25,65.92,0.21,14.0,0.67
2025-01-05,16:15,Flat,93,TSSC,126.2,26.2,26.3,82.91,0.2,66.33,0.16,10.9,0.67
2025-01-05,16:30,Flat,93,TSSC,89.6,25.5,24.7,83.43,0.14,66.74,0.12,7.8,0.67
2025-01-05,16:45,Flat,93,TSSC,53.0,24.7,23.1,83.94,0.08,67.15,0.07,4.6,0.67
2025-01-05,17:00,Flat,93,TSSC,16.3,24.0,21.4,84.46,0.03,67.56,0.02,1.4,0.67
2025-01-05,17:15,Flat,93,TSSC,12.2,23.7,21.0,84.58,0.02,67.67,0.02,1.1,0.67
2025-01-05,17:30,Flat,93,TSSC,8.2,23.4,20.6,84.71,0.01,67.77,0.01,0.7,0.67
2025-01-06,05:15,Flat,93,TSSC,8.2,18.3,15.5,86.33,0.01,69.06,0.01,0.7,0.67
2025-01-06,05:30,Flat,93,TSSC,16.4,18.6,16.0,86.18,0.03,68.95,0.02,1.5,0.67
2025-01-06,05:45,Flat,93,TSSC,24.6,18.8,16.4,86.04,0.04,68.83,0.03,2.2,0.67
2025-01-06,06:00,Flat,93,TSSC,32.8,19.1,16.9,85.89,0.05,68.71,0.04,2.9,0.67
2025-01-06,06:15,Flat,93,TSSC,74.2,19.6,18.5,85.39,0.11,68.31,0.1,6.5,0.67
2025-01-06,06:30,Flat,93,TSSC,115.7,20.2,20.1,84.88,0.18,67.9,0.15,10.1,0.67
2025-01-06,06:45,Flat,93,TSSC,157.2,20.8,21.7,84.37,0.24,67.5,0.2,13.7,0.67
2025-01-06,07:00,Flat,93,TSSC,198.7,21.3,23.3,83.86,0.31,67.09,0.26,17.3,0.67
2025-01-06,07:15,Flat,93,TSSC,249.9,22.1,25.4,83.21,0.39,66.57,0.32,21.6,0.67
2025-01-06,07:30,Flat,93,TSSC,301.1,22.9,27.4,82.56,0.47,66.05,0.39,25.9,0.67
2025-01-06,07:45,Flat,93,TSSC,352.4,23.7,29.5,81.91,0.55,65.53,0.46,30.1,0.67
2025-01-06,08:00,Flat,93,TSSC,403.6,24.4,31.5,81.26,0.63,65.01,0.53,34.3,0.67
2025-01-06,08:15,Flat,93,TSSC,445.5,24.9,33.1,80.77,0.7,64.61,0.58,37.7,0.67
2025-01-06,08:30,Flat,93,TSSC,487.3,25.5,34.6,80.28,0.76,64.22,0.64,41.0,0.67
2025-01-06,08:45,Flat,93,TSSC,529.1,26.0,36.2,79.78,0.83,63.83,0.69,44.3,0.67
2025-01-06,09:00,Flat,93,TSSC,571.0,26.5,37.7,79.29,0.9,63.43,0.75,47.6,0.67
2025-01-06,09:15,Flat,93,TSSC,599.9,26.7,38.7,78.98,0.94,63.18,0.79,49.9,0.67
2025-01-06,09:30,Flat,93,TSSC,628.8,27.0,39.7,78.67,0.99,62.93,0.83,52.1,0.67
2025-01-06,09:45,Flat,93,TSSC,657.8,27.3,40.7,78.35,1.04,62.68,0.87,54.4,0.67
2025-01-06,10:00,Flat,93,TSSC,686.7,27.5,41.7,78.04,1.08,62.43,0.91,56.6,0.67
2025-01-06,10:15,Flat,93,TSSC,709.3,27.7,42.5,77.8,1.12,62.24,0.94,58.3,0.67
2025-01-06,10:30,Flat,93,TSSC,731.9,27.9,43.2,77.56,1.15,62.05,0.97,60.0,0.67
2025-01-06,10:45,Flat,93,TSSC,754.4,28.1,44.0,77.32,1.19,61.86,1.0,61.7,0.67
2025-01-06,11:00,Flat,93,TSSC,777.0,28.3,44.7,77.08,1.23,61.67,1.03,63.4,0.67
2025-01-06,11:15,Flat,93,TSSC,789.2,28.4,45.1,76.95,1.25,61.56,1.04,64.3,0.67
2025-01-06,11:30,Flat,93,TSSC,801.4,28.5,45.6,76.82,1.27,61.45,1.06,65.2,0.67
2025-01-06,11:45,Flat,93,TSSC,813.6,28.6,46.0,76.68,1.29,61.35,1.08,66.1,0.67
2025-01-06,12:00,Flat,93,TSSC,825.8,28.8,46.4,76.55,1.31,61.24,1.09,67.0,0.67
2025-01-06,12:15,Flat,93,TSSC,804.1,28.8,45.9,76.72,1.27,61.37,1.07,65.4,0.67
2025-01-06,12:30,Flat,93,TSSC,782.5,28.8,45.3,76.89,1.24,61.51,1.04,63.7,0.67
2025-01-06,12:45,Flat,93,TSSC,760.8,28.8,44.8,77.06,1.2,61.64,1.01,62.1,0.67
2025-01-06,13:00,Flat,93,TSSC,739.1,28.8,44.3,77.22,1.17,61.78,0.98,60.4,0.67
2025-01-06,13:15,Flat,93,TSSC,705.6,28.7,43.3,77.52,1.11,62.02,0.93,57.8,0.67
2025-01-06,13:30,Flat,93,TSSC,672.0,28.6,42.4,77.82,1.06,62.25,0.89,55.2,0.67
2025-01-06,13:45,Flat,93,TSSC,638.5,28.5,41.5,78.11,1.01,62.49,0.84,52.6,0.67
2025-01-06,14:00,Flat,93,TSSC,605.0,28.4,40.5,78.41,0.95,62.73,0.8,50.0,0.67
2025-01-06,14:15,Flat,93,TSSC,553.3,28.2,39.0,78.89,0.87,63.11,0.73,46.0,0.67
2025-01-06,14:30,Flat,93,TSSC,501.6,28.0,37.5,79.37,0.79,63.49,0.66,41.9,0.67
2025-01-06,14:45,Flat,93,TSSC,449.9,27.8,36.0,79.84,0.7,63.87,0.59,37.7,0.67
2025-01-06,15:00,Flat,93,TSSC,398.3,27.5,34.5,80.32,0.62,64.26,0.52,33.5,0.67
2025-01-06,15:15,Flat,93,TSSC,347.3,27.2,32.8,80.84,0.54,64.68,0.45,29.4,0.67
2025-01-06,15:30,Flat,93,TSSC,296.4,26.8,31.2,81.37,0.46,65.09,0.39,25.2,0.67
2025-01-06,15:45,Flat,93,TSSC,245.4,26.4,29.5,81.89,0.38,65.51,0.32,21.0,0.67
2025-01-06,16:00,Flat,93,TSSC,194.4,26.0,27.9,82.41,0.3,65.93,0.25,16.7,0.67
2025-01-06,16:15,Flat,93,TSSC,150.6,25.4,26.2,82.96,0.23,66.37,0.2,13.0,0.67
2025-01-06,16:30,Flat,93,TSSC,106.8,24.8,24.4,83.51,0.17,66.81,0.14,9.3,0.67
2025-01-06,16:45,Flat,93,TSSC,62.9,24.1,22.7,84.05,0.1,67.24,0.08,5.5,0.67
2025-01-06,17:00,Flat,93,TSSC,19.1,23.5,21.0,84.6,0.03,67.68,0.02,1.7,0.67
2025-01-06,17:15,Flat,93,TSSC,14.3,23.2,20.6,84.73,0.02,67.78,0.02,1.3,0.67
2025-01-06,17:30,Flat,93,TSSC,9.6,22.9,20.2,84.86,0.01,67.89,0.01,0.8,0.67
2025-01-07,05:15,Flat,93,TSSC,8.2,18.8,16.0,86.19,0.01,68.95,0.01,0.7,0.67
2025-01-07,05:30,Flat,93,TSSC,16.5,19.0,16.4,86.04,0.03,68.83,0.02,1.5,0.67
2025-01-07,05:45,Flat,93,TSSC,24.7,19.3,16.9,85.89,0.04,68.71,0.03,2.2,0.67
2025-01-07,06:00,Flat,93,TSSC,33.0,19.6,17.4,85.73,0.05,68.59,0.04,2.9,0.67
2025-01-07,06:15,Flat,93,TSSC,80.1,20.2,19.2,85.17,0.12,68.14,0.1,7.0,0.67
2025-01-07,06:30,Flat,93,TSSC,127.2,20.8,20.9,84.61,0.2,67.69,0.16,11.1,0.67
2025-01-07,06:45,Flat,93,TSSC,174.3,21.4,22.7,84.05,0.27,67.24,0.23,15.2,0.67
2025-01-07,07:00,Flat,93,TSSC,221.3,21.9,24.5,83.49,0.34,66.8,0.29,19.2,0.67
2025-01-07,07:15,Flat,93,TSSC,275.1,22.7,26.6,82.82,0.43,66.26,0.36,23.7,0.67
2025-01-07,07:30,Flat,93,TSSC,328.8,23.5,28.7,82.15,0.51,65.72,0.43,28.2,0.67
2025-01-07,07:45,Flat,93,TSSC,382.6,24.3,30.9,81.47,0.6,65.18,0.5,32.6,0.67
2025-01-07,08:00,Flat,93,TSSC,436.3,25.1,33.0,80.8,0.68,64.64,0.57,36.9,0.67
2025-01-07,08:15,Flat,93,TSSC,486.6,25.6,34.7,80.25,0.76,64.2,0.64,40.9,0.67
2025-01-07,08:30,Flat,93,TSSC,536.8,26.1,36.5,79.69,0.84,63.75,0.7,44.9,0.67
2025-01-07,08:45,Flat,93,TSSC,587.0,26.6,38.2,79.14,0.92,63.31,0.77,48.9,0.67
2025-01-07,09:00,Flat,93,TSSC,637.2,27.1,40.0,78.58,1.0,62.87,0.84,52.8,0.67
2025-01-07,09:15,Flat,93,TSSC,668.8,27.3,41.1,78.24,1.05,62.59,0.88,55.2,0.67
2025-01-07,09:30,Flat,93,TSSC,700.3,27.6,42.1,77.9,1.1,62.32,0.92,57.6,0.67
2025-01-07,09:45,Flat,93,TSSC,731.8,27.9,43.2,77.56,1.15,62.04,0.97,60.0,0.67
2025-01-07,10:00,Flat,93,TSSC,763.4,28.2,44.3,77.21,1.21,61.77,1.01,62.4,0.67
2025-01-07,10:15,Flat,93,TSSC,778.5,28.4,44.9,77.03,1.23,61.63,1.03,63.5,0.67
2025-01-07,10:30,Flat,93,TSSC,793.7,28.6,45.5,76.85,1.26,61.48,1.05,64.6,0.67
2025-01-07,10:45,Flat,93,TSSC,808.9,28.8,46.0,76.67,1.28,61.34,1.07,65.7,0.67
2025-01-07,11:00,Flat,93,TSSC,824.0,29.0,46.6,76.49,1.3,61.19,1.09,66.9,0.67
2025-01-07,11:15,Flat,93,TSSC,819.5,29.1,46.6,76.49,1.3,61.19,1.09,66.5,0.67
2025-01-07,11:30,Flat,93,TSSC,815.0,29.2,46.6,76.49,1.29,61.19,1.08,66.1,0.67
2025-01-07,11:45,Flat,93,TSSC,810.5,29.3,46.6,76.49,1.28,61.19,1.07,65.8,0.67
2025-01-07,12:00,Flat,93,TSSC,806.0,29.4,46.6,76.49,1.28,61.19,1.07,65.4,0.67
2025-01-07,12:15,Flat,93,TSSC,782.1,29.5,46.1,76.66,1.24,61.33,1.04,63.6,0.67
2025-01-07,12:30,Flat,93,TSSC,758.2,29.5,45.5,76.84,1.2,61.47,1.0,61.7,0.67
2025-01-07,12:45,Flat,93,TSSC,734.3,29.6,45.0,77.01,1.16,61.61,0.97,59.9,0.67
2025-01-07,13:00,Flat,93,TSSC,710.4,29.6,44.4,77.18,1.12,61.75,0.94,58.0,0.67
2025-01-07,13:15,Flat,93,TSSC,673.9,29.6,43.4,77.49,1.06,61.99,0.89,55.2,0.67
2025-01-07,13:30,Flat,93,TSSC,637.4,29.6,42.5,77.79,1.01,62.23,0.84,52.4,0.67
2025-01-07,13:45,Flat,93,TSSC,600.8,29.5,41.5,78.09,0.95,62.48,0.79,49.5,0.67
2025-01-07,14:00,Flat,93,TSSC,564.3,29.5,40.6,78.4,0.89,62.72,0.74,46.7,0.67
2025-01-07,14:15,Flat,93,TSSC,516.1,29.3,39.2,78.82,0.81,63.06,0.68,42.8,0.67
2025-01-07,14:30,Flat,93,TSSC,467.8,29.2,37.9,79.24,0.73,63.39,0.62,39.0,0.67
2025-01-07,14:45,Flat,93,TSSC,419.6,29.1,36.6,79.67,0.66,63.73,0.55,35.1,0.67
2025-01-07,15:00,Flat,93,TSSC,371.3,28.9,35.2,80.09,0.58,64.07,0.49,31.2,0.67
2025-01-07,15:15,Flat,93,TSSC,324.5,28.7,33.8,80.55,0.51,64.44,0.42,27.4,0.67
2025-01-07,15:30,Flat,93,TSSC,277.6,28.4,32.3,81.0,0.43,64.8,0.36,23.5,0.67
2025-01-07,15:45,Flat,93,TSSC,230.7,28.1,30.9,81.46,0.36,65.17,0.3,19.6,0.67
2025-01-07,16:00,Flat,93,TSSC,183.8,27.9,29.4,81.92,0.29,65.54,0.24,15.7,0.67
2025-01-07,16:15,Flat,93,TSSC,143.2,27.2,27.8,82.44,0.22,65.96,0.19,12.3,0.67
2025-01-07,16:30,Flat,93,TSSC,102.5,26.6,26.1,82.97,0.16,66.37,0.13,8.8,0.67
2025-01-07,16:45,Flat,93,TSSC,61.9,25.9,24.5,83.49,0.1,66.79,0.08,5.4,0.67
2025-01-07,17:00,Flat,93,TSSC,21.2,25.3,22.8,84.02,0.03,67.21,0.03,1.8,0.67
2025-01-07,17:15,Flat,93,TSSC,15.9,25.0,22.4,84.15,0.02,67.32,0.02,1.4,0.67
2025-01-07,17:30,Flat,93,TSSC,10.6,24.7,22.0,84.29,0.02,67.43,0.01,0.9,0.67
2025-01-07,17:45,Flat,93,TSSC,5.3,24.4,21.5,84.43,0.01,67.54,0.01,0.5,0.67
2025-01-08,05:15,Flat,93,TSSC,7.8,19.9,17.1,85.84,0.01,68.67,0.01,0.7,0.67
2025-01-08,05:30,Flat,93,TSSC,15.5,20.1,17.5,85.7,0.02,68.56,0.02,1.4,0.67
2025-01-08,05:45,Flat,93,TSSC,23.3,20.4,18.0,85.56,0.04,68.45,0.03,2.1,0.67
2025-01-08,06:00,Flat,93,TSSC,31.1,20.6,18.4,85.42,0.05,68.33,0.04,2.7,0.67
2025-01-08,06:15,Flat,93,TSSC,75.1,21.2,20.1,84.88,0.12,67.9,0.1,6.6,0.67
2025-01-08,06:30,Flat,93,TSSC,119.2,21.8,21.8,84.35,0.18,67.48,0.15,10.4,0.67
2025-01-08,06:45,Flat,93,TSSC,163.3,22.4,23.5,83.81,0.25,67.05,0.21,14.2,0.67
2025-01-08,07:00,Flat,93,TSSC,207.3,23.0,25.2,83.28,0.32,66.62,0.27,17.9,0.67
2025-01-08,07:15,Flat,93,TSSC,254.8,23.5,26.9,82.73,0.4,66.18,0.33,21.9,0.67
2025-01-08,07:30,Flat,93,TSSC,302.2,24.1,28.6,82.18,0.47,65.74,0.39,25.9,0.67
2025-01-08,07:45,Flat,93,TSSC,349.6,24.6,30.4,81.63,0.54,65.3,0.46,29.8,0.67
2025-01-08,08:00,Flat,93,TSSC,397.1,25.2,32.1,81.08,0.62,64.86,0.52,33.7,0.67
2025-01-08,08:15,Flat,93,TSSC,441.2,25.6,33.6,80.6,0.69,64.48,0.58,37.2,0.67
2025-01-08,08:30,Flat,93,TSSC,485.2,26.0,35.1,80.13,0.76,64.1,0.64,40.8,0.67
2025-01-08,08:45,Flat,93,TSSC,529.3,26.4,36.6,79.65,0.83,63.72,0.7,44.3,0.67
2025-01-08,09:00,Flat,93,TSSC,573.4,26.8,38.1,79.18,0.9,63.34,0.75,47.8,0.67
2025-01-08,09:15,Flat,93,TSSC,601.2,27.1,39.1,78.87,0.94,63.09,0.79,49.9,0.67
2025-01-08,09:30,Flat,93,TSSC,629.0,27.3,40.1,78.56,0.99,62.85,0.83,52.1,0.67
2025-01-08,09:45,Flat,93,TSSC,656.8,27.6,41.0,78.25,1.03,62.6,0.87,54.2,0.67
2025-01-08,10:00,Flat,93,TSSC,684.6,27.9,42.0,77.94,1.08,62.35,0.9,56.4,0.67
2025-01-08,10:15,Flat,93,TSSC,696.5,28.1,42.5,77.79,1.1,62.23,0.92,57.2,0.67
2025-01-08,10:30,Flat,93,TSSC,708.3,28.3,43.0,77.63,1.12,62.1,0.94,58.1,0.67
2025-01-08,10:45,Flat,93,TSSC,720.1,28.5,43.5,77.47,1.14,61.98,0.95,59.0,0.67
2025-01-08,11:00,Flat,93,TSSC,732.0,28.7,44.0,77.32,1.16,61.85,0.97,59.9,0.67
2025-01-08,11:15,Flat,93,TSSC,735.9,28.8,44.2,77.24,1.16,61.79,0.97,60.2,0.67
2025-01-08,11:30,Flat,93,TSSC,739.9,28.9,44.4,77.17,1.17,61.74,0.98,60.4,0.67
2025-01-08,11:45,Flat,93,TSSC,743.8,29.1,44.7,77.1,1.18,61.68,0.98,60.7,0.67
2025-01-08,12:00,Flat,93,TSSC,747.8,29.2,44.9,77.03,1.18,61.62,0.99,61.0,0.67
2025-01-08,12:15,Flat,93,TSSC,724.0,29.2,44.3,77.2,1.14,61.76,0.96,59.2,0.67
2025-01-08,12:30,Flat,93,TSSC,700.1,29.3,43.8,77.37,1.11,61.9,0.93,57.3,0.67
2025-01-08,12:45,Flat,93,TSSC,676.3,29.3,43.3,77.55,1.07,62.04,0.89,55.5,0.67
2025-01-08,13:00,Flat,93,TSSC,652.5,29.4,42.7,77.72,1.03,62.18,0.86,53.6,0.67
2025-01-08,13:15,Flat,93,TSSC,624.1,29.4,42.0,77.96,0.98,62.37,0.82,51.4,0.67
2025-01-08,13:30,Flat,93,TSSC,595.6,29.3,41.2,78.19,0.94,62.56,0.79,49.1,0.67
2025-01-08,13:45,Flat,93,TSSC,567.2,29.3,40.5,78.43,0.89,62.75,0.75,46.9,0.67
2025-01-08,14:00,Flat,93,TSSC,538.8,29.2,39.7,78.67,0.85,62.94,0.71,44.7,0.67
2025-01-08,14:15,Flat,93,TSSC,493.5,29.1,38.4,79.07,0.78,63.26,0.65,41.1,0.67
2025-01-08,14:30,Flat,93,TSSC,448.2,29.0,37.2,79.47,0.7,63.58,0.59,37.4,0.67
2025-01-08,14:45,Flat,93,TSSC,403.0,28.8,35.9,79.87,0.63,63.9,0.53,33.8,0.67
2025-01-08,15:00,Flat,93,TSSC,357.7,28.7,34.7,80.27,0.56,64.22,0.47,30.1,0.67
2025-01-08,15:15,Flat,93,TSSC,313.3,28.3,33.2,80.74,0.49,64.59,0.41,26.5,0.67
2025-01-08,15:30,Flat,93,TSSC,268.9,28.0,31.7,81.21,0.42,64.96,0.35,22.8,0.67
2025-01-08,15:45,Flat,93,TSSC,224.5,27.6,30.2,81.67,0.35,65.34,0.29,19.1,0.67
2025-01-08,16:00,Flat,93,TSSC,180.1,27.2,28.8,82.14,0.28,65.71,0.23,15.4,0.67
2025-01-08,16:15,Flat,93,TSSC,140.5,26.7,27.2,82.63,0.22,66.11,0.18,12.1,0.67
2025-01-08,16:30,Flat,93,TSSC,100.9,26.1,25.6,83.13,0.16,66.5,0.13,8.7,0.67
2025-01-08,16:45,Flat,93,TSSC,61.3,25.5,24.1,83.62,0.09,66.9,0.08,5.3,0.67
2025-01-08,17:00,Flat,93,TSSC,21.7,25.0,22.5,84.12,0.03,67.3,0.03,1.9,0.67
2025-01-08,17:15,Flat,93,TSSC,16.3,24.7,22.1,84.26,0.03,67.41,0.02,1.4,0.67
2025-01-08,17:30,Flat,93,TSSC,10.8,24.4,21.6,84.4,0.02,67.52,0.01,0.9,0.67
2025-01-08,17:45,Flat,93,TSSC,5.4,24.0,21.2,84.54,0.01,67.63,0.01,0.5,0.67
2025-01-09,05:15,Flat,93,TSSC,6.8,18.6,15.8,86.25,0.01,69.0,0.01,0.6,0.67
2025-01-09,05:30,Flat,93,TSSC,13.6,18.9,16.2,86.11,0.02,68.89,0.02,1.2,0.67
2025-01-09,05:45,Flat,93,TSSC,20.3,19.1,16.6,85.98,0.03,68.78,0.03,1.8,0.67
2025-01-09,06:00,Flat,93,TSSC,27.1,19.4,17.1,85.84,0.04,68.67,0.03,2.4,0.67
2025-01-09,06:15,Flat,93,TSSC,66.0,20.0,18.7,85.33,0.1,68.27,0.09,5.8,0.67
2025-01-09,06:30,Flat,93,TSSC,104.8,20.6,20.3,84.83,0.16,67.86,0.14,9.2,0.67
2025-01-09,06:45,Flat,93,TSSC,143.7,21.3,21.9,84.32,0.22,67.45,0.19,12.5,0.67
2025-01-09,07:00,Flat,93,TSSC,182.5,21.9,23.5,83.81,0.28,67.05,0.24,15.9,0.67
2025-01-09,07:15,Flat,93,TSSC,226.9,22.6,25.3,83.24,0.35,66.59,0.29,19.6,0.67
2025-01-09,07:30,Flat,93,TSSC,271.3,23.3,27.1,82.67,0.42,66.14,0.35,23.3,0.67
2025-01-09,07:45,Flat,93,TSSC,315.6,24.0,28.9,82.1,0.49,65.68,0.41,27.0,0.67
2025-01-09,08:00,Flat,93,TSSC,360.0,24.7,30.7,81.53,0.56,65.22,0.47,30.7,0.67
2025-01-09,08:15,Flat,93,TSSC,414.0,25.1,32.5,80.96,0.65,64.77,0.54,35.1,0.67
2025-01-09,08:30,Flat,93,TSSC,468.0,25.6,34.3,80.4,0.73,64.32,0.61,39.4,0.67
2025-01-09,08:45,Flat,93,TSSC,522.0,26.0,36.1,79.83,0.82,63.86,0.69,43.8,0.67
2025-01-09,09:00,Flat,93,TSSC,576.0,26.4,37.8,79.26,0.9,63.41,0.76,48.0,0.67
2025-01-09,09:15,Flat,93,TSSC,611.4,26.8,39.1,78.87,0.96,63.1,0.8,50.8,0.67
2025-01-09,09:30,Flat,93,TSSC,646.8,27.1,40.3,78.48,1.02,62.79,0.85,53.5,0.67
2025-01-09,09:45,Flat,93,TSSC,682.2,27.5,41.5,78.09,1.07,62.47,0.9,56.2,0.67
2025-01-09,10:00,Flat,93,TSSC,717.6,27.8,42.8,77.7,1.13,62.16,0.95,58.9,0.67
2025-01-09,10:15,Flat,93,TSSC,731.0,28.1,43.4,77.51,1.15,62.01,0.97,59.9,0.67
2025-01-09,10:30,Flat,93,TSSC,744.3,28.4,44.0,77.32,1.18,61.86,0.98,60.9,0.67
2025-01-09,10:45,Flat,93,TSSC,757.7,28.6,44.6,77.14,1.2,61.71,1.0,61.9,0.67
2025-01-09,11:00,Flat,93,TSSC,771.0,28.9,45.1,76.95,1.22,61.56,1.02,62.8,0.67
2025-01-09,11:15,Flat,93,TSSC,760.9,29.0,45.0,76.98,1.2,61.58,1.01,62.0,0.67
2025-01-09,11:30,Flat,93,TSSC,750.7,29.2,45.0,77.01,1.19,61.61,0.99,61.2,0.67
2025-01-09,11:45,Flat,93,TSSC,740.5,29.3,44.9,77.04,1.17,61.63,0.98,60.4,0.67
2025-01-09,12:00,Flat,93,TSSC,730.4,29.5,44.8,77.07,1.15,61.66,0.97,59.6,0.67
2025-01-09,12:15,Flat,93,TSSC,699.8,29.5,44.0,77.3,1.11,61.84,0.93,57.2,0.67
2025-01-09,12:30,Flat,93,TSSC,669.2,29.6,43.3,77.53,1.06,62.03,0.88,54.9,0.67
2025-01-09,12:45,Flat,93,TSSC,638.7,29.6,42.6,77.76,1.01,62.21,0.84,52.5,0.67
2025-01-09,13:00,Flat,93,TSSC,608.1,29.6,41.9,77.99,0.96,62.39,0.8,50.1,0.67
2025-01-09,13:15,Flat,93,TSSC,578.6,29.6,41.1,78.25,0.91,62.6,0.76,47.8,0.67
2025-01-09,13:30,Flat,93,TSSC,549.1,29.5,40.3,78.5,0.86,62.8,0.72,45.4,0.67
2025-01-09,13:45,Flat,93,TSSC,519.6,29.5,39.5,78.75,0.82,63.0,0.68,43.1,0.67
2025-01-09,14:00,Flat,93,TSSC,490.1,29.4,38.7,79.01,0.77,63.2,0.64,40.8,0.67
2025-01-09,14:15,Flat,93,TSSC,445.7,29.3,37.4,79.4,0.7,63.52,0.59,37.2,0.67
2025-01-09,14:30,Flat,93,TSSC,401.4,29.1,36.2,79.79,0.63,63.83,0.53,33.6,0.67
2025-01-09,14:45,Flat,93,TSSC,357.1,29.0,34.9,80.19,0.56,64.15,0.47,30.0,0.67
2025-01-09,15:00,Flat,93,TSSC,312.7,28.9,33.7,80.58,0.49,64.46,0.41,26.4,0.67
2025-01-09,15:15,Flat,93,TSSC,270.8,28.6,32.3,81.01,0.42,64.8,0.35,22.9,0.67
2025-01-09,15:30,Flat,93,TSSC,228.9,28.3,31.0,81.43,0.36,65.14,0.3,19.5,0.67
2025-01-09,15:45,Flat,93,TSSC,186.9,28.0,29.6,81.86,0.29,65.48,0.24,16.0,0.67
2025-01-09,16:00,Flat,93,TSSC,145.0,27.7,28.3,82.28,0.23,65.83,0.19,12.4,0.67
2025-01-09,16:15,Flat,93,TSSC,112.8,27.1,27.0,82.71,0.18,66.16,0.15,9.7,0.67
2025-01-09,16:30,Flat,93,TSSC,80.6,26.6,25.6,83.13,0.12,66.5,0.1,7.0,0.67
2025-01-09,16:45,Flat,93,TSSC,48.4,26.1,24.3,83.55,0.07,66.84,0.06,4.2,0.67
2025-01-09,17:00,Flat,93,TSSC,16.1,25.6,23.0,83.98,0.02,67.18,0.02,1.4,0.67
2025-01-09,17:15,Flat,93,TSSC,12.1,25.3,22.6,84.08,0.02,67.27,0.02,1.1,0.67
2025-01-09,17:30,Flat,93,TSSC,8.1,25.1,22.3,84.19,0.01,67.35,0.01,0.7,0.67
2025-01-10,05:15,Flat,93,TSSC,7.2,20.5,17.7,85.64,0.01,68.51,0.01,0.6,0.67
2025-01-10,05:30,Flat,93,TSSC,14.4,20.7,18.1,85.53,0.02,68.42,0.02,1.3,0.67
2025-01-10,05:45,Flat,93,TSSC,21.6,20.9,18.4,85.42,0.03,68.33,0.03,1.9,0.67
2025-01-10,06:00,Flat,93,TSSC,28.8,21.0,18.8,85.31,0.04,68.25,0.04,2.5,0.67
2025-01-10,06:15,Flat,93,TSSC,72.8,21.6,20.4,84.79,0.11,67.83,0.09,6.4,0.67
2025-01-10,06:30,Flat,93,TSSC,116.8,22.1,22.0,84.26,0.18,67.41,0.15,10.2,0.67
2025-01-10,06:45,Flat,93,TSSC,160.7,22.7,23.7,83.74,0.25,66.99,0.21,14.0,0.67
2025-01-10,07:00,Flat,93,TSSC,204.7,23.2,25.3,83.22,0.32,66.58,0.27,17.7,0.67
2025-01-10,07:15,Flat,93,TSSC,254.3,23.8,27.2,82.64,0.4,66.11,0.33,21.9,0.67
2025-01-10,07:30,Flat,93,TSSC,304.0,24.4,29.0,82.05,0.47,65.64,0.4,26.0,0.67
2025-01-10,07:45,Flat,93,TSSC,353.6,25.0,30.9,81.47,0.55,65.18,0.46,30.1,0.67
2025-01-10,08:00,Flat,93,TSSC,403.2,25.6,32.7,80.89,0.63,64.71,0.53,34.1,0.67
2025-01-10,08:15,Flat,93,TSSC,453.4,26.1,34.4,80.35,0.71,64.28,0.59,38.2,0.67
2025-01-10,08:30,Flat,93,TSSC,503.5,26.5,36.1,79.82,0.79,63.86,0.66,42.2,0.67
2025-01-10,08:45,Flat,93,TSSC,553.7,26.9,37.8,79.29,0.87,63.43,0.73,46.2,0.67
2025-01-10,09:00,Flat,93,TSSC,603.9,27.3,39.4,78.76,0.95,63.01,0.8,50.1,0.67
2025-01-10,09:15,Flat,93,TSSC,626.0,27.7,40.3,78.48,0.99,62.78,0.82,51.8,0.67
2025-01-10,09:30,Flat,93,TSSC,648.2,28.0,41.2,78.2,1.02,62.56,0.85,53.5,0.67
2025-01-10,09:45,Flat,93,TSSC,670.3,28.3,42.1,77.92,1.06,62.33,0.88,55.2,0.67
2025-01-10,10:00,Flat,93,TSSC,692.5,28.7,43.0,77.64,1.09,62.11,0.91,56.8,0.67
2025-01-10,10:15,Flat,93,TSSC,708.9,28.9,43.6,77.43,1.12,61.95,0.94,58.1,0.67
2025-01-10,10:30,Flat,93,TSSC,725.3,29.1,44.3,77.23,1.15,61.78,0.96,59.3,0.67
2025-01-10,10:45,Flat,93,TSSC,741.7,29.4,44.9,77.02,1.17,61.62,0.98,60.5,0.67
2025-01-10,11:00,Flat,93,TSSC,758.1,29.6,45.6,76.81,1.2,61.45,1.0,61.7,0.67
2025-01-10,11:15,Flat,93,TSSC,747.8,29.7,45.4,76.86,1.18,61.48,0.99,60.9,0.67
2025-01-10,11:30,Flat,93,TSSC,737.5,29.9,45.3,76.9,1.17,61.52,0.98,60.1,0.67
2025-01-10,11:45,Flat,93,TSSC,727.2,30.0,45.2,76.94,1.15,61.55,0.96,59.3,0.67
2025-01-10,12:00,Flat,93,TSSC,716.9,30.1,45.1,76.98,1.13,61.58,0.95,58.4,0.67
2025-01-10,12:15,Flat,93,TSSC,668.6,30.2,43.9,77.35,1.06,61.88,0.88,54.7,0.67
2025-01-10,12:30,Flat,93,TSSC,620.4,30.2,42.7,77.71,0.98,62.17,0.82,50.9,0.67
2025-01-10,12:45,Flat,93,TSSC,572.1,30.3,41.6,78.08,0.9,62.47,0.75,47.2,0.67
2025-01-10,13:00,Flat,93,TSSC,523.9,30.3,40.4,78.45,0.82,62.76,0.69,43.3,0.67
2025-01-10,13:15,Flat,93,TSSC,475.7,30.3,39.2,78.84,0.75,63.07,0.63,39.5,0.67
2025-01-10,13:30,Flat,93,TSSC,427.5,30.2,37.9,79.24,0.67,63.39,0.56,35.6,0.67
2025-01-10,13:45,Flat,93,TSSC,379.3,30.2,36.7,79.63,0.59,63.71,0.5,31.7,0.67
2025-01-10,14:00,Flat,93,TSSC,331.1,30.1,35.4,80.03,0.52,64.02,0.43,27.8,0.67
2025-01-10,14:15,Flat,93,TSSC,302.8,30.0,34.6,80.3,0.47,64.24,0.4,25.5,0.67
2025-01-10,14:30,Flat,93,TSSC,274.5,29.9,33.7,80.57,0.43,64.45,0.36,23.2,0.67
2025-01-10,14:45,Flat,93,TSSC,246.2,29.7,32.9,80.84,0.38,64.67,0.32,20.8,0.67
2025-01-10,15:00,Flat,93,TSSC,217.8,29.6,32.0,81.11,0.34,64.89,0.28,18.5,0.67
2025-01-10,15:15,Flat,93,TSSC,188.7,29.3,31.0,81.44,0.29,65.15,0.25,16.1,0.67
2025-01-10,15:30,Flat,93,TSSC,159.5,29.0,29.9,81.76,0.25,65.41,0.21,13.6,0.67
2025-01-10,15:45,Flat,93,TSSC,130.4,28.7,28.9,82.09,0.2,65.67,0.17,11.2,0.67
2025-01-10,16:00,Flat,93,TSSC,101.2,28.4,27.9,82.42,0.16,65.93,0.13,8.7,0.67
2025-01-10,16:15,Flat,93,TSSC,78.8,27.8,26.8,82.75,0.12,66.2,0.1,6.8,0.67
2025-01-10,16:30,Flat,93,TSSC,56.4,27.3,25.7,83.09,0.09,66.48,0.07,4.9,0.67
2025-01-10,16:45,Flat,93,TSSC,34.0,26.8,24.7,83.43,0.05,66.75,0.04,2.9,0.67
2025-01-10,17:00,Flat,93,TSSC,11.6,26.3,23.6,83.77,0.02,67.02,0.01,1.0,0.67
2025-01-10,17:15,Flat,93,TSSC,8.7,26.0,23.2,83.88,0.01,67.11,0.01,0.8,0.67
2025-01-10,17:30,Flat,93,TSSC,5.8,25.8,22.9,83.99,0.01,67.19,0.01,0.5,0.67
2025-01-11,05:15,Flat,93,TSSC,6.7,21.5,18.7,85.34,0.01,68.27,0.01,0.6,0.67
2025-01-11,05:30,Flat,93,TSSC,13.5,21.6,19.0,85.24,0.02,68.19,0.02,1.2,0.67
2025-01-11,05:45,Flat,93,TSSC,20.2,21.8,19.3,85.14,0.03,68.11,0.03,1.8,0.67
2025-01-11,06:00,Flat,93,TSSC,26.9,21.9,19.6,85.05,0.04,68.04,0.03,2.4,0.67
2025-01-11,06:15,Flat,93,TSSC,66.0,22.3,21.0,84.6,0.1,67.68,0.09,5.8,0.67
2025-01-11,06:30,Flat,93,TSSC,105.1,22.8,22.4,84.15,0.16,67.32,0.14,9.2,0.67
2025-01-11,06:45,Flat,93,TSSC,144.2,23.2,23.8,83.7,0.22,66.96,0.19,12.5,0.67
2025-01-11,07:00,Flat,93,TSSC,183.2,23.7,25.2,83.25,0.28,66.6,0.24,15.8,0.67
2025-01-11,07:15,Flat,93,TSSC,224.9,24.1,26.7,82.79,0.35,66.23,0.29,19.4,0.67
2025-01-11,07:30,Flat,93,TSSC,266.6,24.5,28.2,82.32,0.41,65.86,0.35,22.9,0.67
2025-01-11,07:45,Flat,93,TSSC,308.3,24.9,29.6,81.86,0.48,65.48,0.4,26.3,0.67
2025-01-11,08:00,Flat,93,TSSC,349.9,25.4,31.1,81.39,0.55,65.11,0.46,29.8,0.67
2025-01-11,08:15,Flat,93,TSSC,386.1,25.7,32.4,80.99,0.6,64.79,0.5,32.7,0.67
2025-01-11,08:30,Flat,93,TSSC,422.4,26.1,33.6,80.59,0.66,64.47,0.55,35.6,0.67
2025-01-11,08:45,Flat,93,TSSC,458.6,26.4,34.9,80.19,0.72,64.15,0.6,38.6,0.67
2025-01-11,09:00,Flat,93,TSSC,494.8,26.8,36.2,79.79,0.78,63.83,0.65,41.4,0.67
2025-01-11,09:15,Flat,93,TSSC,520.7,27.1,37.1,79.49,0.82,63.59,0.68,43.5,0.67
2025-01-11,09:30,Flat,93,TSSC,546.7,27.4,38.1,79.18,0.86,63.35,0.72,45.5,0.67
2025-01-11,09:45,Flat,93,TSSC,572.7,27.7,39.0,78.88,0.9,63.1,0.75,47.6,0.67
2025-01-11,10:00,Flat,93,TSSC,598.6,28.0,40.0,78.58,0.94,62.86,0.79,49.6,0.67
2025-01-11,10:15,Flat,93,TSSC,603.5,28.3,40.4,78.46,0.95,62.76,0.8,49.9,0.67
2025-01-11,10:30,Flat,93,TSSC,608.3,28.6,40.8,78.33,0.96,62.67,0.8,50.3,0.67
2025-01-11,10:45,Flat,93,TSSC,613.2,28.8,41.2,78.21,0.97,62.57,0.81,50.6,0.67
2025-01-11,11:00,Flat,93,TSSC,618.0,29.1,41.5,78.09,0.97,62.47,0.82,50.9,0.67
2025-01-11,11:15,Flat,93,TSSC,630.6,29.3,42.0,77.93,0.99,62.35,0.83,51.9,0.67
2025-01-11,11:30,Flat,93,TSSC,643.1,29.5,42.5,77.77,1.01,62.22,0.85,52.8,0.67
2025-01-11,11:45,Flat,93,TSSC,655.6,29.6,43.0,77.62,1.03,62.09,0.87,53.8,0.67
2025-01-11,12:00,Flat,93,TSSC,668.1,29.8,43.5,77.46,1.05,61.97,0.88,54.7,0.67
2025-01-11,12:15,Flat,93,TSSC,625.0,29.9,42.6,77.77,0.99,62.22,0.83,51.4,0.67
2025-01-11,12:30,Flat,93,TSSC,581.8,30.0,41.6,78.08,0.92,62.46,0.77,47.9,0.67
2025-01-11,12:45,Flat,93,TSSC,538.6,30.1,40.6,78.39,0.85,62.71,0.71,44.5,0.67
2025-01-11,13:00,Flat,93,TSSC,495.4,30.2,39.6,78.7,0.78,62.96,0.65,41.1,0.67
2025-01-11,13:15,Flat,93,TSSC,470.2,30.2,39.0,78.91,0.74,63.13,0.62,39.1,0.67
2025-01-11,13:30,Flat,93,TSSC,444.9,30.2,38.3,79.11,0.7,63.29,0.59,37.0,0.67
2025-01-11,13:45,Flat,93,TSSC,419.7,30.2,37.7,79.32,0.66,63.45,0.55,35.0,0.67
2025-01-11,14:00,Flat,93,TSSC,394.5,30.1,37.0,79.52,0.62,63.62,0.52,33.0,0.67
2025-01-11,14:15,Flat,93,TSSC,351.9,29.9,35.7,79.93,0.55,63.94,0.46,29.5,0.67
2025-01-11,14:30,Flat,93,TSSC,309.3,29.7,34.5,80.33,0.48,64.26,0.41,26.0,0.67
2025-01-11,14:45,Flat,93,TSSC,266.7,29.5,33.2,80.73,0.42,64.58,0.35,22.5,0.67
2025-01-11,15:00,Flat,93,TSSC,224.1,29.3,31.9,81.13,0.35,64.91,0.29,19.0,0.67
2025-01-11,15:15,Flat,93,TSSC,198.2,29.0,30.9,81.45,0.31,65.16,0.26,16.9,0.67
2025-01-11,15:30,Flat,93,TSSC,172.3,28.6,29.9,81.77,0.27,65.42,0.22,14.7,0.67
2025-01-11,15:45,Flat,93,TSSC,146.4,28.2,28.9,82.09,0.23,65.67,0.19,12.5,0.67
2025-01-11,16:00,Flat,93,TSSC,120.5,27.9,27.9,82.41,0.19,65.93,0.16,10.3,0.67
2025-01-11,16:15,Flat,93,TSSC,94.5,27.3,26.7,82.79,0.15,66.23,0.12,8.1,0.67
2025-01-11,16:30,Flat,93,TSSC,68.5,26.8,25.5,83.17,0.11,66.54,0.09,5.9,0.67
2025-01-11,16:45,Flat,93,TSSC,42.4,26.2,24.3,83.55,0.07,66.84,0.06,3.7,0.67
2025-01-11,17:00,Flat,93,TSSC,16.4,25.7,23.1,83.94,0.03,67.15,0.02,1.4,0.67
2025-01-11,17:15,Flat,93,TSSC,12.3,25.4,22.7,84.05,0.02,67.24,0.02,1.1,0.67
2025-01-11,17:30,Flat,93,TSSC,8.2,25.1,22.3,84.17,0.01,67.33,0.01,0.7,0.67
2025-01-12,05:15,Flat,93,TSSC,5.2,21.5,18.6,85.36,0.01,68.29,0.01,0.5,0.67
2025-01-12,05:30,Flat,93,TSSC,10.5,21.5,18.8,85.3,0.02,68.24,0.01,0.9,0.67
2025-01-12,05:45,Flat,93,TSSC,15.7,21.6,19.0,85.23,0.02,68.19,0.02,1.4,0.67
2025-01-12,06:00,Flat,93,TSSC,21.0,21.6,19.2,85.17,0.03,68.14,0.03,1.8,0.67
2025-01-12,06:15,Flat,93,TSSC,51.1,22.0,20.3,84.81,0.08,67.85,0.07,4.5,0.67
2025-01-12,06:30,Flat,93,TSSC,81.2,22.4,21.5,84.44,0.13,67.55,0.11,7.1,0.67
2025-01-12,06:45,Flat,93,TSSC,111.3,22.9,22.6,84.08,0.17,67.26,0.14,9.7,0.67
2025-01-12,07:00,Flat,93,TSSC,141.4,23.2,23.8,83.71,0.22,66.97,0.18,12.3,0.67
2025-01-12,07:15,Flat,93,TSSC,182.8,23.8,25.3,83.22,0.28,66.58,0.24,15.8,0.67
2025-01-12,07:30,Flat,93,TSSC,224.1,24.3,26.9,82.74,0.35,66.19,0.29,19.3,0.67
2025-01-12,07:45,Flat,93,TSSC,265.4,24.8,28.4,82.25,0.41,65.8,0.35,22.7,0.67
2025-01-12,08:00,Flat,93,TSSC,306.7,25.3,29.9,81.76,0.48,65.41,0.4,26.2,0.67
2025-01-12,08:15,Flat,93,TSSC,337.4,25.7,31.1,81.38,0.53,65.11,0.44,28.7,0.67
2025-01-12,08:30,Flat,93,TSSC,368.1,26.1,32.3,81.0,0.57,64.8,0.48,31.2,0.67
2025-01-12,08:45,Flat,93,TSSC,398.7,26.6,33.5,80.62,0.62,64.5,0.52,33.7,0.67
2025-01-12,09:00,Flat,93,TSSC,429.4,27.0,34.7,80.24,0.67,64.19,0.56,36.1,0.67
2025-01-12,09:15,Flat,93,TSSC,456.6,27.4,35.8,79.92,0.72,63.93,0.6,38.3,0.67
2025-01-12,09:30,Flat,93,TSSC,483.8,27.7,36.8,79.59,0.76,63.67,0.64,40.5,0.67
2025-01-12,09:45,Flat,93,TSSC,511.0,28.1,37.8,79.26,0.8,63.41,0.67,42.6,0.67
2025-01-12,10:00,Flat,93,TSSC,538.2,28.4,38.9,78.93,0.85,63.15,0.71,44.7,0.67
2025-01-12,10:15,Flat,93,TSSC,541.7,28.7,39.2,78.82,0.85,63.05,0.71,45.0,0.67
2025-01-12,10:30,Flat,93,TSSC,545.2,29.0,39.6,78.7,0.86,62.96,0.72,45.2,0.67
2025-01-12,10:45,Flat,93,TSSC,548.7,29.3,40.0,78.59,0.86,62.87,0.72,45.4,0.67
2025-01-12,11:00,Flat,93,TSSC,552.2,29.5,40.3,78.47,0.87,62.77,0.73,45.7,0.67
2025-01-12,11:15,Flat,93,TSSC,540.2,29.6,40.2,78.53,0.85,62.82,0.71,44.7,0.67
2025-01-12,11:30,Flat,93,TSSC,528.2,29.8,40.0,78.59,0.83,62.87,0.7,43.7,0.67
2025-01-12,11:45,Flat,93,TSSC,516.2,29.9,39.8,78.65,0.81,62.92,0.68,42.8,0.67
2025-01-12,12:00,Flat,93,TSSC,504.1,30.0,39.6,78.71,0.79,62.97,0.66,41.8,0.67
2025-01-12,12:15,Flat,93,TSSC,492.8,30.0,39.3,78.8,0.77,63.04,0.65,40.9,0.67
2025-01-12,12:30,Flat,93,TSSC,481.4,30.0,39.0,78.89,0.76,63.11,0.63,40.0,0.67
2025-01-12,12:45,Flat,93,TSSC,469.9,30.0,38.7,78.98,0.74,63.18,0.62,39.1,0.67
2025-01-12,13:00,Flat,93,TSSC,458.6,30.0,38.4,79.07,0.72,63.26,0.6,38.2,0.67
2025-01-12,13:15,Flat,93,TSSC,436.1,29.9,37.8,79.28,0.68,63.42,0.57,36.4,0.67
2025-01-12,13:30,Flat,93,TSSC,413.6,29.8,37.1,79.48,0.65,63.59,0.54,34.5,0.67
2025-01-12,13:45,Flat,93,TSSC,391.1,29.7,36.5,79.69,0.61,63.75,0.51,32.7,0.67
2025-01-12,14:00,Flat,93,TSSC,368.6,29.6,35.8,79.89,0.58,63.91,0.48,30.9,0.67
2025-01-12,14:15,Flat,93,TSSC,335.3,29.5,34.9,80.21,0.52,64.17,0.44,28.2,0.67
2025-01-12,14:30,Flat,93,TSSC,301.9,29.3,33.9,80.52,0.47,64.42,0.4,25.5,0.67
2025-01-12,14:45,Flat,93,TSSC,268.5,29.1,32.9,80.84,0.42,64.67,0.35,22.7,0.67
2025-01-12,15:00,Flat,93,TSSC,235.1,29.0,31.9,81.15,0.37,64.92,0.31,19.9,0.67
2025-01-12,15:15,Flat,93,TSSC,203.0,28.7,30.8,81.49,0.32,65.19,0.27,17.3,0.67
2025-01-12,15:30,Flat,93,TSSC,170.9,28.5,29.7,81.83,0.27,65.46,0.22,14.6,0.67
2025-01-12,15:45,Flat,93,TSSC,138.8,28.2,28.7,82.16,0.22,65.73,0.18,11.9,0.67
2025-01-12,16:00,Flat,93,TSSC,106.7,27.9,27.6,82.5,0.17,66.0,0.14,9.2,0.67
2025-01-12,16:15,Flat,93,TSSC,83.7,27.5,26.6,82.81,0.13,66.25,0.11,7.2,0.67
2025-01-12,16:30,Flat,93,TSSC,60.8,27.1,25.6,83.13,0.09,66.5,0.08,5.3,0.67
2025-01-12,16:45,Flat,93,TSSC,37.9,26.7,24.7,83.44,0.06,66.75,0.05,3.3,0.67
2025-01-12,17:00,Flat,93,TSSC,14.9,26.3,23.7,83.75,0.02,67.0,0.02,1.3,0.67
2025-01-12,17:15,Flat,93,TSSC,11.2,26.1,23.4,83.85,0.02,67.08,0.01,1.0,0.67
2025-01-12,17:30,Flat,93,TSSC,7.5,25.9,23.0,83.95,0.01,67.16,0.01,0.6,0.67
2025-01-13,05:30,Flat,93,TSSC,8.8,23.1,20.3,84.83,0.01,67.86,0.01,0.8,0.67
2025-01-13,05:45,Flat,93,TSSC,13.2,23.2,20.6,84.73,0.02,67.79,0.02,1.2,0.67
2025-01-13,06:00,Flat,93,TSSC,17.6,23.4,20.9,84.64,0.03,67.71,0.02,1.5,0.67
2025-01-13,06:15,Flat,93,TSSC,41.6,23.9,21.9,84.29,0.06,67.44,0.05,3.6,0.67
2025-01-13,06:30,Flat,93,TSSC,65.6,24.4,23.0,83.95,0.1,67.16,0.08,5.7,0.67
2025-01-13,06:45,Flat,93,TSSC,89.6,24.9,24.1,83.6,0.14,66.88,0.12,7.8,0.67
2025-01-13,07:00,Flat,93,TSSC,113.7,25.4,25.2,83.26,0.18,66.61,0.15,9.8,0.67
2025-01-13,07:15,Flat,93,TSSC,143.1,25.9,26.4,82.87,0.22,66.3,0.19,12.3,0.67
2025-01-13,07:30,Flat,93,TSSC,172.6,26.3,27.6,82.49,0.27,65.99,0.22,14.8,0.67
2025-01-13,07:45,Flat,93,TSSC,202.0,26.8,28.9,82.1,0.31,65.68,0.26,17.3,0.67
2025-01-13,08:00,Flat,93,TSSC,231.5,27.3,30.1,81.72,0.36,65.38,0.3,19.7,0.67
2025-01-13,08:15,Flat,93,TSSC,252.6,27.7,31.0,81.44,0.39,65.15,0.33,21.5,0.67
2025-01-13,08:30,Flat,93,TSSC,273.6,28.0,31.9,81.15,0.43,64.92,0.36,23.2,0.67
2025-01-13,08:45,Flat,93,TSSC,294.7,28.4,32.8,80.87,0.46,64.69,0.39,24.9,0.67
2025-01-13,09:00,Flat,93,TSSC,315.8,28.8,33.7,80.58,0.49,64.47,0.41,26.7,0.67
2025-01-13,09:15,Flat,93,TSSC,341.0,29.1,34.6,80.29,0.53,64.24,0.45,28.7,0.67
2025-01-13,09:30,Flat,93,TSSC,366.2,29.3,35.5,80.0,0.57,64.0,0.48,30.7,0.67
2025-01-13,09:45,Flat,93,TSSC,391.4,29.6,36.4,79.72,0.61,63.77,0.51,32.8,0.67
2025-01-13,10:00,Flat,93,TSSC,416.6,29.9,37.3,79.43,0.65,63.54,0.55,34.8,0.67
2025-01-13,10:15,Flat,93,TSSC,430.8,30.1,37.9,79.25,0.68,63.4,0.57,35.9,0.67
2025-01-13,10:30,Flat,93,TSSC,445.1,30.3,38.4,79.07,0.7,63.26,0.59,37.0,0.67
2025-01-13,10:45,Flat,93,TSSC,459.4,30.5,39.0,78.9,0.72,63.12,0.6,38.2,0.67
2025-01-13,11:00,Flat,93,TSSC,473.6,30.7,39.5,78.72,0.74,62.98,0.62,39.3,0.67
2025-01-13,11:15,Flat,93,TSSC,470.4,30.8,39.6,78.72,0.74,62.98,0.62,39.0,0.67
2025-01-13,11:30,Flat,93,TSSC,467.1,30.9,39.6,78.72,0.73,62.97,0.62,38.7,0.67
2025-01-13,11:45,Flat,93,TSSC,463.9,31.0,39.6,78.71,0.73,62.97,0.61,38.5,0.67
2025-01-13,12:00,Flat,93,TSSC,460.6,31.1,39.6,78.71,0.72,62.97,0.61,38.2,0.67
2025-01-13,12:15,Flat,93,TSSC,439.6,31.1,39.1,78.88,0.69,63.1,0.58,36.5,0.67
2025-01-13,12:30,Flat,93,TSSC,418.6,31.1,38.5,79.05,0.66,63.24,0.55,34.8,0.67
2025-01-13,12:45,Flat,93,TSSC,397.6,31.0,38.0,79.22,0.62,63.37,0.52,33.1,0.67
2025-01-13,13:00,Flat,93,TSSC,376.6,31.0,37.4,79.39,0.59,63.51,0.49,31.4,0.67
2025-01-13,13:15,Flat,93,TSSC,372.1,30.9,37.2,79.46,0.58,63.57,0.49,31.1,0.67
2025-01-13,13:30,Flat,93,TSSC,367.7,30.8,37.0,79.54,0.58,63.63,0.48,30.7,0.67
2025-01-13,13:45,Flat,93,TSSC,363.2,30.7,36.7,79.61,0.57,63.69,0.48,30.4,0.67
2025-01-13,14:00,Flat,93,TSSC,358.7,30.5,36.5,79.69,0.56,63.75,0.47,30.0,0.67
2025-01-13,14:15,Flat,93,TSSC,326.7,30.3,35.5,80.01,0.51,64.01,0.43,27.4,0.67
2025-01-13,14:30,Flat,93,TSSC,294.7,30.1,34.5,80.33,0.46,64.26,0.39,24.8,0.67
2025-01-13,14:45,Flat,93,TSSC,262.6,29.9,33.5,80.65,0.41,64.52,0.34,22.2,0.67
2025-01-13,15:00,Flat,93,TSSC,230.6,29.7,32.4,80.97,0.36,64.78,0.3,19.5,0.67
2025-01-13,15:15,Flat,93,TSSC,201.3,29.4,31.4,81.3,0.31,65.04,0.26,17.1,0.67
2025-01-13,15:30,Flat,93,TSSC,172.1,29.1,30.4,81.63,0.27,65.3,0.22,14.7,0.67
2025-01-13,15:45,Flat,93,TSSC,142.8,28.8,29.3,81.96,0.22,65.56,0.19,12.2,0.67
2025-01-13,16:00,Flat,93,TSSC,113.6,28.5,28.3,82.28,0.18,65.83,0.15,9.7,0.67
2025-01-13,16:15,Flat,93,TSSC,89.3,28.0,27.2,82.62,0.14,66.1,0.12,7.7,0.67
2025-01-13,16:30,Flat,93,TSSC,65.0,27.5,26.2,82.96,0.1,66.37,0.08,5.6,0.67
2025-01-13,16:45,Flat,93,TSSC,40.8,27.1,25.1,83.3,0.06,66.64,0.05,3.5,0.67
2025-01-13,17:00,Flat,93,TSSC,16.5,26.6,24.0,83.64,0.03,66.91,0.02,1.4,0.67
2025-01-13,17:15,Flat,93,TSSC,12.4,26.4,23.7,83.75,0.02,67.0,0.02,1.1,0.67
2025-01-13,17:30,Flat,93,TSSC,8.2,26.1,23.3,83.86,0.01,67.09,0.01,0.7,0.67
2025-01-14,05:15,Flat,93,TSSC,6.0,22.2,19.4,85.11,0.01,68.09,0.01,0.5,0.67
2025-01-14,05:30,Flat,93,TSSC,11.9,22.3,19.6,85.03,0.02,68.02,0.02,1.0,0.67
2025-01-14,05:45,Flat,93,TSSC,17.9,22.4,19.9,84.94,0.03,67.96,0.02,1.6,0.67
2025-01-14,06:00,Flat,93,TSSC,23.9,22.6,20.2,84.86,0.04,67.89,0.03,2.1,0.67
2025-01-14,06:15,Flat,93,TSSC,56.3,22.9,21.3,84.49,0.09,67.59,0.07,4.9,0.67
2025-01-14,06:30,Flat,93,TSSC,88.7,23.3,22.5,84.12,0.14,67.29,0.11,7.7,0.67
2025-01-14,06:45,Flat,93,TSSC,121.1,23.7,23.7,83.75,0.19,67.0,0.16,10.5,0.67
2025-01-14,07:00,Flat,93,TSSC,153.4,24.0,24.9,83.37,0.24,66.7,0.2,13.3,0.67
2025-01-14,07:15,Flat,93,TSSC,197.8,24.5,26.4,82.87,0.31,66.3,0.26,17.0,0.67
2025-01-14,07:30,Flat,93,TSSC,242.1,25.0,28.0,82.36,0.38,65.89,0.32,20.8,0.67
2025-01-14,07:45,Flat,93,TSSC,286.4,25.5,29.6,81.86,0.45,65.49,0.37,24.5,0.67
2025-01-14,08:00,Flat,93,TSSC,330.7,26.0,31.2,81.36,0.52,65.09,0.43,28.1,0.67
2025-01-14,08:15,Flat,93,TSSC,372.2,26.4,32.7,80.89,0.58,64.72,0.49,31.5,0.67
2025-01-14,08:30,Flat,93,TSSC,413.8,26.8,34.1,80.43,0.65,64.35,0.54,34.9,0.67
2025-01-14,08:45,Flat,93,TSSC,455.4,27.2,35.6,79.97,0.71,63.98,0.6,38.2,0.67
2025-01-14,09:00,Flat,93,TSSC,496.9,27.6,37.1,79.51,0.78,63.61,0.65,41.5,0.67
2025-01-14,09:15,Flat,93,TSSC,530.7,27.8,38.1,79.19,0.83,63.35,0.7,44.2,0.67
2025-01-14,09:30,Flat,93,TSSC,564.4,28.0,39.1,78.87,0.89,63.1,0.74,46.9,0.67
2025-01-14,09:45,Flat,93,TSSC,598.1,28.1,40.1,78.55,0.94,62.84,0.79,49.5,0.67
2025-01-14,10:00,Flat,93,TSSC,631.9,28.3,41.1,78.23,1.0,62.58,0.83,52.2,0.67
2025-01-14,10:15,Flat,93,TSSC,635.8,28.4,41.3,78.17,1.0,62.54,0.84,52.5,0.67
2025-01-14,10:30,Flat,93,TSSC,639.8,28.5,41.5,78.11,1.01,62.49,0.84,52.8,0.67
2025-01-14,10:45,Flat,93,TSSC,643.8,28.6,41.7,78.05,1.01,62.44,0.85,53.0,0.67
2025-01-14,11:00,Flat,93,TSSC,647.8,28.7,41.9,77.99,1.02,62.39,0.86,53.3,0.67
2025-01-14,11:15,Flat,93,TSSC,595.8,28.8,40.7,78.37,0.94,62.7,0.79,49.2,0.67
2025-01-14,11:30,Flat,93,TSSC,543.9,28.9,39.4,78.75,0.86,63.0,0.72,45.1,0.67
2025-01-14,11:45,Flat,93,TSSC,491.9,28.9,38.2,79.14,0.77,63.31,0.65,41.0,0.67
2025-01-14,12:00,Flat,93,TSSC,439.9,29.0,37.0,79.52,0.69,63.61,0.58,36.8,0.67
2025-01-14,12:15,Flat,93,TSSC,402.9,29.1,36.2,79.8,0.63,63.84,0.53,33.8,0.67
2025-01-14,12:30,Flat,93,TSSC,366.0,29.1,35.3,80.07,0.57,64.06,0.48,30.7,0.67
2025-01-14,12:45,Flat,93,TSSC,329.0,29.2,34.4,80.35,0.51,64.28,0.43,27.7,0.67
2025-01-14,13:00,Flat,93,TSSC,292.1,29.2,33.5,80.63,0.46,64.51,0.38,24.7,0.67
2025-01-14,13:15,Flat,93,TSSC,294.6,29.1,33.5,80.64,0.46,64.51,0.39,24.9,0.67
2025-01-14,13:30,Flat,93,TSSC,297.1,29.0,33.5,80.65,0.46,64.52,0.39,25.1,0.67
2025-01-14,13:45,Flat,93,TSSC,299.7,29.0,33.4,80.65,0.47,64.52,0.39,25.3,0.67
2025-01-14,14:00,Flat,93,TSSC,302.2,28.9,33.4,80.66,0.47,64.53,0.4,25.5,0.67
2025-01-14,14:15,Flat,93,TSSC,274.3,28.6,32.5,80.96,0.43,64.76,0.36,23.2,0.67
2025-01-14,14:30,Flat,93,TSSC,246.4,28.4,31.6,81.25,0.38,65.0,0.32,20.9,0.67
2025-01-14,14:45,Flat,93,TSSC,218.4,28.2,30.6,81.55,0.34,65.24,0.29,18.6,0.67
2025-01-14,15:00,Flat,93,TSSC,190.5,27.9,29.7,81.84,0.3,65.47,0.25,16.3,0.67
2025-01-14,15:15,Flat,93,TSSC,165.2,27.6,28.7,82.14,0.26,65.71,0.22,14.1,0.67
2025-01-14,15:30,Flat,93,TSSC,140.0,27.3,27.8,82.44,0.22,65.95,0.18,12.0,0.67
2025-01-14,15:45,Flat,93,TSSC,114.8,27.0,26.9,82.74,0.18,66.19,0.15,9.9,0.67
2025-01-14,16:00,Flat,93,TSSC,89.5,26.7,25.9,83.04,0.14,66.43,0.12,7.7,0.67
2025-01-14,16:15,Flat,93,TSSC,70.0,26.4,25.1,83.29,0.11,66.64,0.09,6.1,0.67
2025-01-14,16:30,Flat,93,TSSC,50.5,26.0,24.3,83.55,0.08,66.84,0.07,4.4,0.67
2025-01-14,16:45,Flat,93,TSSC,31.0,25.7,23.5,83.81,0.05,67.05,0.04,2.7,0.67
2025-01-14,17:00,Flat,93,TSSC,11.5,25.4,22.7,84.06,0.02,67.25,0.01,1.0,0.67
2025-01-14,17:15,Flat,93,TSSC,8.6,25.2,22.4,84.14,0.01,67.31,0.01,0.8,0.67
2025-01-14,17:30,Flat,93,TSSC,5.8,25.0,22.2,84.22,0.01,67.38,0.01,0.5,0.67
2025-01-15,05:30,Flat,93,TSSC,7.6,22.0,19.2,85.18,0.01,68.14,0.01,0.7,0.67
2025-01-15,05:45,Flat,93,TSSC,11.4,22.0,19.3,85.12,0.02,68.1,0.01,1.0,0.67
2025-01-15,06:00,Flat,93,TSSC,15.2,22.1,19.5,85.07,0.02,68.06,0.02,1.3,0.67
2025-01-15,06:15,Flat,93,TSSC,35.3,22.4,20.3,84.82,0.05,67.86,0.05,3.1,0.67
2025-01-15,06:30,Flat,93,TSSC,55.4,22.7,21.1,84.57,0.09,67.66,0.07,4.8,0.67
2025-01-15,06:45,Flat,93,TSSC,75.4,23.0,21.9,84.32,0.12,67.46,0.1,6.6,0.67
2025-01-15,07:00,Flat,93,TSSC,95.5,23.3,22.7,84.07,0.15,67.26,0.12,8.3,0.67
2025-01-15,07:15,Flat,93,TSSC,119.9,23.7,23.7,83.73,0.19,66.99,0.16,10.4,0.67
2025-01-15,07:30,Flat,93,TSSC,144.2,24.2,24.8,83.4,0.22,66.72,0.19,12.5,0.67
2025-01-15,07:45,Flat,93,TSSC,168.5,24.6,25.8,83.06,0.26,66.45,0.22,14.5,0.67
2025-01-15,08:00,Flat,93,TSSC,192.8,25.1,26.9,82.73,0.3,66.18,0.25,16.6,0.67
2025-01-15,08:15,Flat,93,TSSC,221.0,25.5,28.1,82.36,0.34,65.89,0.29,19.0,0.67
2025-01-15,08:30,Flat,93,TSSC,249.1,26.0,29.2,81.99,0.39,65.59,0.32,21.3,0.67
2025-01-15,08:45,Flat,93,TSSC,277.2,26.5,30.4,81.62,0.43,65.3,0.36,23.6,0.67
2025-01-15,09:00,Flat,93,TSSC,305.4,26.9,31.5,81.26,0.48,65.0,0.4,25.9,0.67
2025-01-15,09:15,Flat,93,TSSC,312.3,27.2,32.0,81.11,0.49,64.89,0.41,26.5,0.67
2025-01-15,09:30,Flat,93,TSSC,319.2,27.5,32.4,80.97,0.5,64.78,0.42,27.0,0.67
2025-01-15,09:45,Flat,93,TSSC,326.1,27.7,32.9,80.83,0.51,64.67,0.43,27.6,0.67
2025-01-15,10:00,Flat,93,TSSC,333.1,28.0,33.3,80.69,0.52,64.55,0.44,28.1,0.67
2025-01-15,10:15,Flat,93,TSSC,344.6,28.2,33.8,80.54,0.54,64.43,0.45,29.1,0.67
2025-01-15,10:30,Flat,93,TSSC,356.1,28.4,34.3,80.39,0.56,64.31,0.47,30.0,0.67
2025-01-15,10:45,Flat,93,TSSC,367.7,28.6,34.8,80.24,0.58,64.19,0.48,30.9,0.67
2025-01-15,11:00,Flat,93,TSSC,379.2,28.8,35.2,80.09,0.59,64.07,0.5,31.9,0.67
2025-01-15,11:15,Flat,93,TSSC,401.4,28.9,35.9,79.88,0.63,63.9,0.53,33.7,0.67
2025-01-15,11:30,Flat,93,TSSC,423.6,29.0,36.6,79.67,0.66,63.73,0.56,35.4,0.67
2025-01-15,11:45,Flat,93,TSSC,445.7,29.1,37.2,79.46,0.7,63.57,0.59,37.2,0.67
2025-01-15,12:00,Flat,93,TSSC,467.9,29.2,37.9,79.25,0.73,63.4,0.62,39.0,0.67
2025-01-15,12:15,Flat,93,TSSC,468.4,29.2,37.9,79.24,0.74,63.4,0.62,39.0,0.67
2025-01-15,12:30,Flat,93,TSSC,469.0,29.2,37.9,79.24,0.74,63.39,0.62,39.1,0.67
2025-01-15,12:45,Flat,93,TSSC,469.6,29.2,37.9,79.24,0.74,63.39,0.62,39.1,0.67
2025-01-15,13:00,Flat,93,TSSC,470.1,29.2,37.9,79.24,0.74,63.39,0.62,39.2,0.67
2025-01-15,13:15,Flat,93,TSSC,459.4,29.0,37.5,79.36,0.72,63.49,0.6,38.3,0.67
2025-01-15,13:30,Flat,93,TSSC,448.6,28.9,37.1,79.49,0.7,63.59,0.59,37.5,0.67
2025-01-15,13:45,Flat,93,TSSC,437.9,28.8,36.7,79.62,0.69,63.7,0.57,36.6,0.67
2025-01-15,14:00,Flat,93,TSSC,427.1,28.6,36.3,79.75,0.67,63.8,0.56,35.8,0.67
2025-01-15,14:15,Flat,93,TSSC,392.6,28.4,35.2,80.1,0.61,64.08,0.51,33.0,0.67
2025-01-15,14:30,Flat,93,TSSC,358.1,28.1,34.1,80.45,0.56,64.36,0.47,30.2,0.67
2025-01-15,14:45,Flat,93,TSSC,323.5,27.9,33.0,80.8,0.51,64.64,0.42,27.4,0.67
2025-01-15,15:00,Flat,93,TSSC,289.0,27.6,31.9,81.15,0.45,64.92,0.38,24.5,0.67
2025-01-15,15:15,Flat,93,TSSC,251.4,27.3,30.6,81.56,0.39,65.25,0.33,21.4,0.67
2025-01-15,15:30,Flat,93,TSSC,213.9,27.0,29.3,81.96,0.33,65.57,0.28,18.3,0.67
2025-01-15,15:45,Flat,93,TSSC,176.3,26.6,28.1,82.36,0.27,65.89,0.23,15.1,0.67
2025-01-15,16:00,Flat,93,TSSC,138.8,26.3,26.8,82.76,0.22,66.21,0.18,11.9,0.67
2025-01-15,16:15,Flat,93,TSSC,108.2,26.0,25.7,83.11,0.17,66.49,0.14,9.3,0.67
2025-01-15,16:30,Flat,93,TSSC,77.6,25.7,24.6,83.45,0.12,66.76,0.1,6.7,0.67
2025-01-15,16:45,Flat,93,TSSC,47.1,25.4,23.5,83.79,0.07,67.04,0.06,4.1,0.67
2025-01-15,17:00,Flat,93,TSSC,16.5,25.0,22.4,84.14,0.03,67.31,0.02,1.4,0.67
2025-01-15,17:15,Flat,93,TSSC,12.4,24.8,22.2,84.23,0.02,67.38,0.02,1.1,0.67
2025-01-15,17:30,Flat,93,TSSC,8.2,24.7,21.9,84.32,0.01,67.46,0.01,0.7,0.67
2025-01-16,05:15,Flat,93,TSSC,5.9,21.3,18.5,85.39,0.01,68.31,0.01,0.5,0.67
2025-01-16,05:30,Flat,93,TSSC,11.8,21.4,18.7,85.32,0.02,68.26,0.02,1.0,0.67
2025-01-16,05:45,Flat,93,TSSC,17.7,21.5,18.9,85.25,0.03,68.2,0.02,1.6,0.67
2025-01-16,06:00,Flat,93,TSSC,23.6,21.5,19.1,85.19,0.04,68.15,0.03,2.1,0.67
2025-01-16,06:15,Flat,93,TSSC,58.5,21.9,20.3,84.81,0.09,67.85,0.08,5.1,0.67
2025-01-16,06:30,Flat,93,TSSC,93.4,22.2,21.5,84.43,0.14,67.54,0.12,8.2,0.67
2025-01-16,06:45,Flat,93,TSSC,128.3,22.5,22.7,84.05,0.2,67.24,0.17,11.2,0.67
2025-01-16,07:00,Flat,93,TSSC,163.2,22.9,23.9,83.67,0.25,66.93,0.21,14.2,0.67
2025-01-16,07:15,Flat,93,TSSC,203.9,23.3,25.4,83.2,0.32,66.56,0.26,17.6,0.67
2025-01-16,07:30,Flat,93,TSSC,244.6,23.8,26.9,82.73,0.38,66.19,0.32,21.1,0.67
2025-01-16,07:45,Flat,93,TSSC,285.2,24.2,28.4,82.27,0.44,65.81,0.37,24.4,0.67
2025-01-16,08:00,Flat,93,TSSC,325.9,24.7,29.8,81.8,0.51,65.44,0.43,27.8,0.67
2025-01-16,08:15,Flat,93,TSSC,359.3,25.1,31.1,81.39,0.56,65.11,0.47,30.6,0.67
2025-01-16,08:30,Flat,93,TSSC,392.7,25.6,32.4,80.98,0.61,64.78,0.51,33.3,0.67
2025-01-16,08:45,Flat,93,TSSC,426.1,26.1,33.7,80.57,0.67,64.46,0.56,36.0,0.67
2025-01-16,09:00,Flat,93,TSSC,459.4,26.5,35.0,80.16,0.72,64.13,0.6,38.6,0.67
2025-01-16,09:15,Flat,93,TSSC,475.5,26.9,35.8,79.91,0.74,63.93,0.62,39.9,0.67
2025-01-16,09:30,Flat,93,TSSC,491.6,27.3,36.6,79.67,0.77,63.73,0.65,41.1,0.67
2025-01-16,09:45,Flat,93,TSSC,507.7,27.7,37.3,79.42,0.8,63.53,0.67,42.4,0.67
2025-01-16,10:00,Flat,93,TSSC,523.8,28.0,38.1,79.17,0.82,63.34,0.69,43.6,0.67
2025-01-16,10:15,Flat,93,TSSC,535.7,28.3,38.7,79.0,0.84,63.2,0.7,44.5,0.67
2025-01-16,10:30,Flat,93,TSSC,547.6,28.5,39.2,78.83,0.86,63.07,0.72,45.5,0.67
2025-01-16,10:45,Flat,93,TSSC,559.5,28.7,39.7,78.66,0.88,62.93,0.74,46.4,0.67
2025-01-16,11:00,Flat,93,TSSC,571.4,29.0,40.3,78.49,0.9,62.8,0.75,47.3,0.67
2025-01-16,11:15,Flat,93,TSSC,577.7,29.1,40.5,78.42,0.91,62.73,0.76,47.8,0.67
2025-01-16,11:30,Flat,93,TSSC,584.0,29.1,40.7,78.34,0.92,62.67,0.77,48.3,0.67
2025-01-16,11:45,Flat,93,TSSC,590.3,29.2,41.0,78.27,0.93,62.61,0.78,48.7,0.67
2025-01-16,12:00,Flat,93,TSSC,596.6,29.3,41.2,78.19,0.94,62.55,0.79,49.2,0.67
2025-01-16,12:15,Flat,93,TSSC,577.9,29.3,40.7,78.34,0.91,62.67,0.76,47.8,0.67
2025-01-16,12:30,Flat,93,TSSC,559.2,29.3,40.3,78.5,0.88,62.8,0.74,46.3,0.67
2025-01-16,12:45,Flat,93,TSSC,540.4,29.3,39.8,78.65,0.85,62.92,0.71,44.8,0.67
2025-01-16,13:00,Flat,93,TSSC,521.7,29.2,39.3,78.8,0.82,63.04,0.69,43.3,0.67
2025-01-16,13:15,Flat,93,TSSC,525.1,29.1,39.2,78.83,0.83,63.06,0.69,43.6,0.67
2025-01-16,13:30,Flat,93,TSSC,528.4,28.9,39.1,78.86,0.83,63.08,0.7,43.9,0.67
2025-01-16,13:45,Flat,93,TSSC,531.8,28.7,39.0,78.88,0.84,63.11,0.7,44.2,0.67
2025-01-16,14:00,Flat,93,TSSC,535.2,28.6,39.0,78.91,0.84,63.13,0.7,44.5,0.67
2025-01-16,14:15,Flat,93,TSSC,495.9,28.4,37.7,79.29,0.78,63.43,0.65,41.3,0.67
2025-01-16,14:30,Flat,93,TSSC,456.5,28.1,36.5,79.67,0.72,63.74,0.6,38.2,0.67
2025-01-16,14:45,Flat,93,TSSC,417.2,27.9,35.3,80.06,0.65,64.05,0.55,35.0,0.67
2025-01-16,15:00,Flat,93,TSSC,377.9,27.7,34.1,80.44,0.59,64.35,0.49,31.9,0.67
2025-01-16,15:15,Flat,93,TSSC,328.3,27.4,32.6,80.93,0.51,64.74,0.43,27.8,0.67
2025-01-16,15:30,Flat,93,TSSC,278.8,27.1,31.1,81.41,0.43,65.13,0.36,23.7,0.67
2025-01-16,15:45,Flat,93,TSSC,229.2,26.8,29.5,81.9,0.36,65.52,0.3,19.6,0.67
2025-01-16,16:00,Flat,93,TSSC,179.7,26.5,28.0,82.38,0.28,65.9,0.23,15.4,0.67
2025-01-16,16:15,Flat,93,TSSC,140.6,26.1,26.6,82.81,0.22,66.25,0.18,12.1,0.67
2025-01-16,16:30,Flat,93,TSSC,101.5,25.7,25.3,83.25,0.16,66.6,0.13,8.8,0.67
2025-01-16,16:45,Flat,93,TSSC,62.4,25.3,23.9,83.68,0.1,66.95,0.08,5.4,0.67
2025-01-16,17:00,Flat,93,TSSC,23.3,24.9,22.5,84.12,0.04,67.29,0.03,2.0,0.67
2025-01-16,17:15,Flat,93,TSSC,17.5,24.7,22.1,84.24,0.03,67.39,0.02,1.5,0.67
2025-01-16,17:30,Flat,93,TSSC,11.6,24.4,21.7,84.36,0.02,67.49,0.02,1.0,0.67
2025-01-16,17:45,Flat,93,TSSC,5.8,24.2,21.3,84.48,0.01,67.59,0.01,0.5,0.67
2025-01-17,05:15,Flat,93,TSSC,6.5,20.4,17.6,85.67,0.01,68.53,0.01,0.6,0.67
2025-01-17,05:30,Flat,93,TSSC,13.0,20.6,17.9,85.57,0.02,68.46,0.02,1.1,0.67
2025-01-17,05:45,Flat,93,TSSC,19.4,20.7,18.2,85.48,0.03,68.39,0.03,1.7,0.67
2025-01-17,06:00,Flat,93,TSSC,25.9,20.8,18.5,85.39,0.04,68.31,0.03,2.3,0.67
2025-01-17,06:15,Flat,93,TSSC,66.8,21.4,20.1,84.88,0.1,67.9,0.09,5.9,0.67
2025-01-17,06:30,Flat,93,TSSC,107.6,22.0,21.7,84.37,0.17,67.49,0.14,9.4,0.67
2025-01-17,06:45,Flat,93,TSSC,148.5,22.6,23.3,83.86,0.23,67.09,0.19,12.9,0.67
2025-01-17,07:00,Flat,93,TSSC,189.3,23.2,24.9,83.35,0.29,66.68,0.25,16.4,0.67
2025-01-17,07:15,Flat,93,TSSC,237.1,23.8,26.8,82.77,0.37,66.22,0.31,20.4,0.67
2025-01-17,07:30,Flat,93,TSSC,284.9,24.4,28.6,82.2,0.44,65.76,0.37,24.4,0.67
2025-01-17,07:45,Flat,93,TSSC,332.7,25.0,30.4,81.63,0.52,65.3,0.43,28.3,0.67
2025-01-17,08:00,Flat,93,TSSC,380.4,25.7,32.2,81.06,0.59,64.85,0.5,32.3,0.67
2025-01-17,08:15,Flat,93,TSSC,424.8,26.0,33.7,80.58,0.66,64.47,0.56,35.9,0.67
2025-01-17,08:30,Flat,93,TSSC,469.2,26.4,35.2,80.11,0.73,64.09,0.62,39.4,0.67
2025-01-17,08:45,Flat,93,TSSC,513.6,26.8,36.7,79.64,0.81,63.71,0.67,43.0,0.67
2025-01-17,09:00,Flat,93,TSSC,558.0,27.2,38.2,79.16,0.88,63.33,0.73,46.5,0.67
2025-01-17,09:15,Flat,93,TSSC,588.0,27.5,39.2,78.83,0.92,63.06,0.77,48.8,0.67
2025-01-17,09:30,Flat,93,TSSC,618.0,27.8,40.3,78.49,0.97,62.8,0.81,51.1,0.67
2025-01-17,09:45,Flat,93,TSSC,648.1,28.1,41.3,78.16,1.02,62.53,0.85,53.5,0.67
2025-01-17,10:00,Flat,93,TSSC,678.1,28.4,42.4,77.83,1.07,62.26,0.9,55.8,0.67
2025-01-17,10:15,Flat,93,TSSC,703.9,28.6,43.2,77.56,1.11,62.04,0.93,57.7,0.67
2025-01-17,10:30,Flat,93,TSSC,729.7,28.8,44.1,77.28,1.15,61.83,0.97,59.7,0.67
2025-01-17,10:45,Flat,93,TSSC,755.5,29.1,44.9,77.01,1.19,61.61,1.0,61.6,0.67
2025-01-17,11:00,Flat,93,TSSC,781.4,29.3,45.8,76.74,1.24,61.39,1.04,63.6,0.67
2025-01-17,11:15,Flat,93,TSSC,784.6,29.4,46.0,76.69,1.24,61.35,1.04,63.8,0.67
2025-01-17,11:30,Flat,93,TSSC,787.8,29.4,46.1,76.64,1.25,61.31,1.04,64.0,0.67
2025-01-17,11:45,Flat,93,TSSC,791.0,29.5,46.3,76.59,1.25,61.27,1.05,64.2,0.67
2025-01-17,12:00,Flat,93,TSSC,794.3,29.6,46.5,76.53,1.26,61.23,1.05,64.5,0.67
2025-01-17,12:15,Flat,93,TSSC,771.6,29.6,45.9,76.72,1.22,61.38,1.02,62.8,0.67
2025-01-17,12:30,Flat,93,TSSC,749.0,29.6,45.3,76.91,1.18,61.53,0.99,61.0,0.67
2025-01-17,12:45,Flat,93,TSSC,726.3,29.5,44.7,77.09,1.15,61.67,0.96,59.3,0.67
2025-01-17,13:00,Flat,93,TSSC,703.6,29.5,44.1,77.28,1.11,61.82,0.93,57.5,0.67
2025-01-17,13:15,Flat,93,TSSC,682.5,29.4,43.5,77.49,1.08,61.99,0.9,55.9,0.67
2025-01-17,13:30,Flat,93,TSSC,661.3,29.3,42.8,77.69,1.04,62.15,0.87,54.3,0.67
2025-01-17,13:45,Flat,93,TSSC,640.1,29.2,42.2,77.9,1.01,62.32,0.85,52.7,0.67
2025-01-17,14:00,Flat,93,TSSC,619.0,29.0,41.5,78.1,0.98,62.48,0.82,51.0,0.67
2025-01-17,14:15,Flat,93,TSSC,569.6,28.9,40.1,78.54,0.9,62.83,0.75,47.2,0.67
2025-01-17,14:30,Flat,93,TSSC,520.3,28.7,38.7,78.98,0.82,63.18,0.68,43.3,0.67
2025-01-17,14:45,Flat,93,TSSC,471.0,28.6,37.4,79.42,0.74,63.53,0.62,39.3,0.67
2025-01-17,15:00,Flat,93,TSSC,421.7,28.4,36.0,79.85,0.66,63.88,0.55,35.3,0.67
2025-01-17,15:15,Flat,93,TSSC,369.0,28.1,34.4,80.36,0.58,64.29,0.48,31.1,0.67
2025-01-17,15:30,Flat,93,TSSC,316.4,27.9,32.8,80.87,0.49,64.7,0.41,26.8,0.67
2025-01-17,15:45,Flat,93,TSSC,263.7,27.6,31.2,81.38,0.41,65.1,0.34,22.4,0.67
2025-01-17,16:00,Flat,93,TSSC,211.1,27.3,29.5,81.89,0.33,65.51,0.28,18.0,0.67
2025-01-17,16:15,Flat,93,TSSC,165.2,26.8,27.9,82.41,0.26,65.93,0.22,14.2,0.67
2025-01-17,16:30,Flat,93,TSSC,119.3,26.3,26.3,82.93,0.19,66.34,0.16,10.3,0.67
2025-01-17,16:45,Flat,93,TSSC,73.4,25.8,24.6,83.45,0.11,66.76,0.1,6.4,0.67
2025-01-17,17:00,Flat,93,TSSC,27.6,25.3,23.0,83.97,0.04,67.18,0.04,2.4,0.67
2025-01-17,17:15,Flat,93,TSSC,20.7,25.0,22.5,84.12,0.03,67.29,0.03,1.8,0.67
2025-01-17,17:30,Flat,93,TSSC,13.8,24.7,22.1,84.26,0.02,67.41,0.02,1.2,0.67
2025-01-17,17:45,Flat,93,TSSC,6.9,24.4,21.6,84.4,0.01,67.52,0.01,0.6,0.67
2025-01-18,05:15,Flat,93,TSSC,5.2,20.6,17.8,85.62,0.01,68.49,0.01,0.5,0.67
2025-01-18,05:30,Flat,93,TSSC,10.3,20.7,18.0,85.54,0.02,68.43,0.01,0.9,0.67
2025-01-18,05:45,Flat,93,TSSC,15.5,20.8,18.2,85.47,0.02,68.38,0.02,1.4,0.67
2025-01-18,06:00,Flat,93,TSSC,20.6,20.9,18.5,85.4,0.03,68.32,0.03,1.8,0.67
2025-01-18,06:15,Flat,93,TSSC,49.3,21.2,19.5,85.08,0.08,68.06,0.06,4.3,0.67
2025-01-18,06:30,Flat,93,TSSC,78.0,21.6,20.5,84.75,0.12,67.8,0.1,6.8,0.67
2025-01-18,06:45,Flat,93,TSSC,106.6,21.9,21.5,84.42,0.16,67.54,0.14,9.3,0.67
2025-01-18,07:00,Flat,93,TSSC,135.3,22.2,22.6,84.1,0.21,67.28,0.18,11.8,0.67
2025-01-18,07:15,Flat,93,TSSC,169.8,22.6,23.8,83.71,0.26,66.97,0.22,14.7,0.67
2025-01-18,07:30,Flat,93,TSSC,204.4,22.9,25.0,83.32,0.32,66.65,0.27,17.7,0.67
2025-01-18,07:45,Flat,93,TSSC,238.9,23.3,26.3,82.93,0.37,66.34,0.31,20.6,0.67
2025-01-18,08:00,Flat,93,TSSC,273.5,23.7,27.5,82.54,0.42,66.03,0.36,23.5,0.67
2025-01-18,08:15,Flat,93,TSSC,318.7,23.9,28.9,82.11,0.5,65.69,0.42,27.3,0.67
2025-01-18,08:30,Flat,93,TSSC,363.8,24.1,30.2,81.68,0.57,65.34,0.47,31.0,0.67
2025-01-18,08:45,Flat,93,TSSC,409.0,24.3,31.6,81.25,0.64,65.0,0.53,34.7,0.67
2025-01-18,09:00,Flat,93,TSSC,454.2,24.6,32.9,80.82,0.71,64.66,0.59,38.4,0.67
2025-01-18,09:15,Flat,93,TSSC,464.4,24.7,33.3,80.7,0.73,64.56,0.61,39.2,0.67
2025-01-18,09:30,Flat,93,TSSC,474.6,24.8,33.7,80.58,0.74,64.46,0.62,40.1,0.67
2025-01-18,09:45,Flat,93,TSSC,484.9,24.9,34.1,80.46,0.76,64.37,0.64,40.9,0.67
2025-01-18,10:00,Flat,93,TSSC,495.1,25.1,34.4,80.34,0.77,64.27,0.65,41.7,0.67
2025-01-18,10:15,Flat,93,TSSC,483.1,25.2,34.2,80.4,0.76,64.32,0.63,40.7,0.67
2025-01-18,10:30,Flat,93,TSSC,471.1,25.3,34.0,80.46,0.74,64.37,0.62,39.7,0.67
2025-01-18,10:45,Flat,93,TSSC,459.1,25.4,33.9,80.53,0.72,64.42,0.6,38.7,0.67
2025-01-18,11:00,Flat,93,TSSC,447.1,25.5,33.7,80.59,0.7,64.47,0.59,37.7,0.67
2025-01-18,11:15,Flat,93,TSSC,418.2,25.7,33.1,80.76,0.65,64.61,0.55,35.4,0.67
2025-01-18,11:30,Flat,93,TSSC,389.2,25.8,32.6,80.94,0.61,64.75,0.51,33.0,0.67
2025-01-18,11:45,Flat,93,TSSC,360.3,26.0,32.0,81.11,0.56,64.89,0.47,30.6,0.67
2025-01-18,12:00,Flat,93,TSSC,331.4,26.2,31.5,81.28,0.52,65.03,0.43,28.2,0.67
2025-01-18,12:15,Flat,93,TSSC,314.8,26.3,31.2,81.38,0.49,65.1,0.41,26.8,0.67
2025-01-18,12:30,Flat,93,TSSC,298.1,26.4,30.9,81.47,0.46,65.18,0.39,25.4,0.67
2025-01-18,12:45,Flat,93,TSSC,281.5,26.5,30.6,81.57,0.44,65.26,0.37,24.0,0.67
2025-01-18,13:00,Flat,93,TSSC,264.8,26.6,30.3,81.67,0.41,65.33,0.35,22.6,0.67
2025-01-18,13:15,Flat,93,TSSC,243.3,26.6,29.7,81.84,0.38,65.47,0.32,20.8,0.67
2025-01-18,13:30,Flat,93,TSSC,221.7,26.6,29.2,82.01,0.35,65.61,0.29,19.0,0.67
2025-01-18,13:45,Flat,93,TSSC,200.2,26.6,28.6,82.18,0.31,65.74,0.26,17.1,0.67
2025-01-18,14:00,Flat,93,TSSC,178.6,26.6,28.1,82.35,0.28,65.88,0.23,15.3,0.67
2025-01-18,14:15,Flat,93,TSSC,167.8,26.5,27.7,82.48,0.26,65.98,0.22,14.4,0.67
2025-01-18,14:30,Flat,93,TSSC,157.1,26.4,27.3,82.6,0.24,66.08,0.2,13.5,0.67
2025-01-18,14:45,Flat,93,TSSC,146.3,26.2,26.9,82.73,0.23,66.19,0.19,12.6,0.67
2025-01-18,15:00,Flat,93,TSSC,135.6,26.1,26.5,82.86,0.21,66.29,0.18,11.7,0.67
2025-01-18,15:15,Flat,93,TSSC,125.1,25.9,26.0,83.01,0.19,66.41,0.16,10.8,0.67
2025-01-18,15:30,Flat,93,TSSC,114.6,25.7,25.5,83.16,0.18,66.52,0.15,9.9,0.67
2025-01-18,15:45,Flat,93,TSSC,104.2,25.5,25.1,83.3,0.16,66.64,0.14,9.0,0.67
2025-01-18,16:00,Flat,93,TSSC,93.7,25.3,24.6,83.45,0.15,66.76,0.12,8.1,0.67
2025-01-18,16:15,Flat,93,TSSC,74.2,25.0,23.9,83.69,0.11,66.95,0.1,6.4,0.67
2025-01-18,16:30,Flat,93,TSSC,54.8,24.7,23.1,83.93,0.08,67.15,0.07,4.8,0.67
2025-01-18,16:45,Flat,93,TSSC,35.3,24.4,22.3,84.17,0.05,67.34,0.05,3.1,0.67
2025-01-18,17:00,Flat,93,TSSC,15.9,24.2,21.6,84.42,0.02,67.53,0.02,1.4,0.67
2025-01-18,17:15,Flat,93,TSSC,11.9,24.1,21.3,84.48,0.02,67.59,0.02,1.0,0.67
2025-01-18,17:30,Flat,93,TSSC,7.9,23.9,21.1,84.55,0.01,67.64,0.01,0.7,0.67
2025-01-19,05:30,Flat,93,TSSC,6.9,22.1,19.3,85.14,0.01,68.11,0.01,0.6,0.67
2025-01-19,05:45,Flat,93,TSSC,10.3,22.1,19.4,85.1,0.02,68.08,0.01,0.9,0.67
2025-01-19,06:00,Flat,93,TSSC,13.7,22.2,19.5,85.06,0.02,68.05,0.02,1.2,0.67
2025-01-19,06:15,Flat,93,TSSC,31.3,22.4,20.2,84.86,0.05,67.89,0.04,2.7,0.67
2025-01-19,06:30,Flat,93,TSSC,48.8,22.6,20.8,84.66,0.08,67.73,0.06,4.3,0.67
2025-01-19,06:45,Flat,93,TSSC,66.4,22.8,21.4,84.46,0.1,67.56,0.09,5.8,0.67
2025-01-19,07:00,Flat,93,TSSC,84.0,23.0,22.1,84.25,0.13,67.4,0.11,7.3,0.67
2025-01-19,07:15,Flat,93,TSSC,103.7,23.3,22.9,83.98,0.16,67.19,0.13,9.0,0.67
2025-01-19,07:30,Flat,93,TSSC,123.4,23.7,23.8,83.71,0.19,66.97,0.16,10.7,0.67
2025-01-19,07:45,Flat,93,TSSC,143.2,24.1,24.6,83.44,0.22,66.76,0.19,12.4,0.67
2025-01-19,08:00,Flat,93,TSSC,162.9,24.4,25.5,83.18,0.25,66.54,0.21,14.1,0.67
2025-01-19,08:15,Flat,93,TSSC,188.6,24.8,26.5,82.85,0.29,66.28,0.25,16.2,0.67
2025-01-19,08:30,Flat,93,TSSC,214.2,25.2,27.5,82.52,0.33,66.02,0.28,18.4,0.67
2025-01-19,08:45,Flat,93,TSSC,239.9,25.6,28.6,82.2,0.37,65.76,0.31,20.5,0.67
2025-01-19,09:00,Flat,93,TSSC,265.6,26.0,29.6,81.87,0.41,65.49,0.35,22.7,0.67
2025-01-19,09:15,Flat,93,TSSC,271.4,26.1,29.9,81.77,0.42,65.42,0.35,23.2,0.67
2025-01-19,09:30,Flat,93,TSSC,277.2,26.3,30.2,81.68,0.43,65.34,0.36,23.6,0.67
2025-01-19,09:45,Flat,93,TSSC,283.1,26.4,30.5,81.58,0.44,65.26,0.37,24.1,0.67
2025-01-19,10:00,Flat,93,TSSC,288.9,26.6,30.8,81.48,0.45,65.19,0.38,24.6,0.67
2025-01-19,10:15,Flat,93,TSSC,281.6,26.7,30.7,81.51,0.44,65.21,0.37,24.0,0.67
2025-01-19,10:30,Flat,93,TSSC,274.4,26.8,30.7,81.53,0.43,65.22,0.36,23.4,0.67
2025-01-19,10:45,Flat,93,TSSC,267.1,26.9,30.6,81.55,0.42,65.24,0.35,22.7,0.67
2025-01-19,11:00,Flat,93,TSSC,259.9,27.0,30.5,81.58,0.41,65.26,0.34,22.1,0.67
2025-01-19,11:15,Flat,93,TSSC,278.9,27.1,31.1,81.39,0.43,65.12,0.36,23.7,0.67
2025-01-19,11:30,Flat,93,TSSC,297.9,27.2,31.7,81.21,0.46,64.97,0.39,25.3,0.67
2025-01-19,11:45,Flat,93,TSSC,316.9,27.3,32.3,81.03,0.49,64.82,0.41,26.9,0.67
2025-01-19,12:00,Flat,93,TSSC,335.9,27.4,32.8,80.84,0.52,64.67,0.44,28.4,0.67
2025-01-19,12:15,Flat,93,TSSC,315.3,27.5,32.4,81.0,0.49,64.8,0.41,26.7,0.67
2025-01-19,12:30,Flat,93,TSSC,294.7,27.5,31.9,81.15,0.46,64.92,0.39,25.0,0.67
2025-01-19,12:45,Flat,93,TSSC,274.1,27.5,31.4,81.31,0.43,65.05,0.36,23.3,0.67
2025-01-19,13:00,Flat,93,TSSC,253.6,27.5,30.9,81.47,0.4,65.17,0.33,21.6,0.67
2025-01-19,13:15,Flat,93,TSSC,244.7,27.5,30.6,81.56,0.38,65.25,0.32,20.8,0.67
2025-01-19,13:30,Flat,93,TSSC,235.8,27.4,30.3,81.65,0.37,65.32,0.31,20.1,0.67
2025-01-19,13:45,Flat,93,TSSC,226.9,27.3,30.0,81.75,0.35,65.4,0.3,19.4,0.67
2025-01-19,14:00,Flat,93,TSSC,218.1,27.2,29.7,81.84,0.34,65.47,0.28,18.6,0.67
2025-01-19,14:15,Flat,93,TSSC,206.0,27.1,29.2,81.98,0.32,65.59,0.27,17.6,0.67
2025-01-19,14:30,Flat,93,TSSC,194.0,27.0,28.8,82.12,0.3,65.7,0.25,16.6,0.67
2025-01-19,14:45,Flat,93,TSSC,181.9,26.8,28.4,82.26,0.28,65.81,0.24,15.6,0.67
2025-01-19,15:00,Flat,93,TSSC,169.8,26.7,27.9,82.4,0.26,65.92,0.22,14.6,0.67
2025-01-19,15:15,Flat,93,TSSC,146.9,26.5,27.1,82.66,0.23,66.12,0.19,12.6,0.67
2025-01-19,15:30,Flat,93,TSSC,123.9,26.2,26.3,82.91,0.19,66.32,0.16,10.7,0.67
2025-01-19,15:45,Flat,93,TSSC,100.9,26.0,25.5,83.16,0.16,66.53,0.13,8.7,0.67
2025-01-19,16:00,Flat,93,TSSC,78.0,25.8,24.7,83.41,0.12,66.73,0.1,6.8,0.67
2025-01-19,16:15,Flat,93,TSSC,61.7,25.5,24.0,83.64,0.1,66.91,0.08,5.4,0.67
2025-01-19,16:30,Flat,93,TSSC,45.5,25.2,23.3,83.86,0.07,67.09,0.06,4.0,0.67
2025-01-19,16:45,Flat,93,TSSC,29.2,24.9,22.6,84.09,0.05,67.27,0.04,2.5,0.67
2025-01-19,17:00,Flat,93,TSSC,12.9,24.5,21.9,84.32,0.02,67.46,0.02,1.1,0.67
2025-01-19,17:15,Flat,93,TSSC,9.7,24.4,21.6,84.39,0.01,67.51,0.01,0.8,0.67
2025-01-19,17:30,Flat,93,TSSC,6.5,24.3,21.4,84.46,0.01,67.57,0.01,0.6,0.67
2025-01-20,05:15,Flat,93,TSSC,5.7,22.5,19.6,85.03,0.01,68.02,0.01,0.5,0.67
2025-01-20,05:30,Flat,93,TSSC,11.4,22.5,19.8,84.98,0.02,67.99,0.01,1.0,0.67
2025-01-20,05:45,Flat,93,TSSC,17.1,22.5,19.9,84.93,0.03,67.95,0.02,1.5,0.67
2025-01-20,06:00,Flat,93,TSSC,22.8,22.5,20.1,84.89,0.04,67.91,0.03,2.0,0.67
2025-01-20,06:15,Flat,93,TSSC,53.0,22.7,21.0,84.59,0.08,67.67,0.07,4.6,0.67
2025-01-20,06:30,Flat,93,TSSC,83.2,22.9,22.0,84.29,0.13,67.43,0.11,7.3,0.67
2025-01-20,06:45,Flat,93,TSSC,113.5,23.1,22.9,83.99,0.18,67.19,0.15,9.9,0.67
2025-01-20,07:00,Flat,93,TSSC,143.7,23.3,23.9,83.69,0.22,66.95,0.19,12.5,0.67
2025-01-20,07:15,Flat,93,TSSC,170.6,23.6,24.9,83.37,0.26,66.7,0.22,14.8,0.67
2025-01-20,07:30,Flat,93,TSSC,197.6,24.0,25.9,83.05,0.31,66.44,0.26,17.1,0.67
2025-01-20,07:45,Flat,93,TSSC,224.5,24.3,26.9,82.72,0.35,66.18,0.29,19.3,0.67
2025-01-20,08:00,Flat,93,TSSC,251.5,24.6,27.9,82.4,0.39,65.92,0.33,21.6,0.67
2025-01-20,08:15,Flat,93,TSSC,285.5,25.1,29.3,81.97,0.44,65.58,0.37,24.4,0.67
2025-01-20,08:30,Flat,93,TSSC,319.6,25.6,30.6,81.55,0.5,65.24,0.42,27.2,0.67
2025-01-20,08:45,Flat,93,TSSC,353.6,26.1,32.0,81.12,0.55,64.9,0.46,30.0,0.67
2025-01-20,09:00,Flat,93,TSSC,387.7,26.6,33.3,80.7,0.61,64.56,0.51,32.8,0.67
2025-01-20,09:15,Flat,93,TSSC,418.7,27.0,34.5,80.33,0.66,64.26,0.55,35.3,0.67
2025-01-20,09:30,Flat,93,TSSC,449.7,27.4,35.6,79.96,0.7,63.97,0.59,37.7,0.67
2025-01-20,09:45,Flat,93,TSSC,480.7,27.8,36.8,79.6,0.75,63.68,0.63,40.2,0.67
2025-01-20,10:00,Flat,93,TSSC,511.7,28.1,37.9,79.23,0.8,63.38,0.67,42.6,0.67
2025-01-20,10:15,Flat,93,TSSC,547.3,28.4,39.1,78.88,0.86,63.1,0.72,45.5,0.67
2025-01-20,10:30,Flat,93,TSSC,582.9,28.6,40.2,78.52,0.92,62.82,0.77,48.2,0.67
2025-01-20,10:45,Flat,93,TSSC,618.5,28.8,41.3,78.17,0.97,62.53,0.82,51.0,0.67
2025-01-20,11:00,Flat,93,TSSC,654.0,29.1,42.4,77.81,1.03,62.25,0.86,53.8,0.67
2025-01-20,11:15,Flat,93,TSSC,647.4,29.2,42.4,77.81,1.02,62.25,0.85,53.2,0.67
2025-01-20,11:30,Flat,93,TSSC,640.8,29.4,42.4,77.81,1.01,62.25,0.85,52.7,0.67
2025-01-20,11:45,Flat,93,TSSC,634.2,29.6,42.4,77.81,1.0,62.25,0.84,52.1,0.67
2025-01-20,12:00,Flat,93,TSSC,627.6,29.7,42.4,77.81,0.99,62.25,0.83,51.6,0.67
2025-01-20,12:15,Flat,93,TSSC,598.1,29.8,41.8,78.02,0.94,62.42,0.79,49.3,0.67
2025-01-20,12:30,Flat,93,TSSC,568.7,29.9,41.1,78.23,0.9,62.58,0.75,46.9,0.67
2025-01-20,12:45,Flat,93,TSSC,539.3,30.0,40.4,78.44,0.85,62.75,0.71,44.6,0.67
2025-01-20,13:00,Flat,93,TSSC,509.9,30.0,39.8,78.65,0.8,62.92,0.67,42.3,0.67
2025-01-20,13:15,Flat,93,TSSC,492.5,30.1,39.4,78.78,0.77,63.02,0.65,40.9,0.67
2025-01-20,13:30,Flat,93,TSSC,475.1,30.1,38.9,78.91,0.75,63.13,0.63,39.5,0.67
2025-01-20,13:45,Flat,93,TSSC,457.6,30.1,38.5,79.04,0.72,63.24,0.6,38.1,0.67
2025-01-20,14:00,Flat,93,TSSC,440.2,30.1,38.1,79.18,0.69,63.34,0.58,36.7,0.67
2025-01-20,14:15,Flat,93,TSSC,401.9,30.0,37.0,79.51,0.63,63.61,0.53,33.6,0.67
2025-01-20,14:30,Flat,93,TSSC,363.6,29.9,36.0,79.85,0.57,63.88,0.48,30.5,0.67
2025-01-20,14:45,Flat,93,TSSC,325.2,29.8,34.9,80.19,0.51,64.15,0.43,27.3,0.67
2025-01-20,15:00,Flat,93,TSSC,286.9,29.7,33.9,80.53,0.45,64.42,0.38,24.2,0.67
2025-01-20,15:15,Flat,93,TSSC,248.7,29.4,32.6,80.92,0.39,64.74,0.33,21.1,0.67
2025-01-20,15:30,Flat,93,TSSC,210.5,29.1,31.3,81.32,0.33,65.06,0.27,17.9,0.67
2025-01-20,15:45,Flat,93,TSSC,172.2,28.8,30.1,81.72,0.27,65.38,0.22,14.7,0.67
2025-01-20,16:00,Flat,93,TSSC,134.1,28.5,28.8,82.12,0.21,65.69,0.17,11.5,0.67
2025-01-20,16:15,Flat,93,TSSC,105.8,27.9,27.6,82.52,0.16,66.01,0.14,9.1,0.67
2025-01-20,16:30,Flat,93,TSSC,77.5,27.4,26.3,82.92,0.12,66.34,0.1,6.7,0.67
2025-01-20,16:45,Flat,93,TSSC,49.2,26.8,25.0,83.32,0.08,66.66,0.06,4.3,0.67
2025-01-20,17:00,Flat,93,TSSC,20.9,26.2,23.8,83.72,0.03,66.98,0.03,1.8,0.67
2025-01-20,17:15,Flat,93,TSSC,15.7,25.9,23.3,83.87,0.02,67.1,0.02,1.4,0.67
2025-01-20,17:30,Flat,93,TSSC,10.4,25.6,22.8,84.02,0.02,67.22,0.01,0.9,0.67
2025-01-20,17:45,Flat,93,TSSC,5.2,25.2,22.3,84.17,0.01,67.34,0.01,0.5,0.67
2025-01-21,05:15,Flat,93,TSSC,5.6,19.4,16.5,86.02,0.01,68.82,0.01,0.5,0.67
2025-01-21,05:30,Flat,93,TSSC,11.2,19.6,16.9,85.9,0.02,68.72,0.01,1.0,0.67
2025-01-21,05:45,Flat,93,TSSC,16.7,19.8,17.2,85.78,0.03,68.63,0.02,1.5,0.67
2025-01-21,06:00,Flat,93,TSSC,22.3,20.1,17.6,85.66,0.03,68.53,0.03,2.0,0.67
2025-01-21,06:15,Flat,93,TSSC,59.3,20.7,19.2,85.17,0.09,68.14,0.08,5.2,0.67
2025-01-21,06:30,Flat,93,TSSC,96.4,21.3,20.7,84.69,0.15,67.75,0.12,8.4,0.67
2025-01-21,06:45,Flat,93,TSSC,133.4,21.9,22.3,84.2,0.21,67.36,0.17,11.6,0.67
2025-01-21,07:00,Flat,93,TSSC,170.5,22.5,23.8,83.71,0.26,66.97,0.22,14.8,0.67
2025-01-21,07:15,Flat,93,TSSC,217.2,23.1,25.5,83.17,0.34,66.54,0.28,18.8,0.67
2025-01-21,07:30,Flat,93,TSSC,264.0,23.6,27.2,82.64,0.41,66.11,0.34,22.7,0.67
2025-01-21,07:45,Flat,93,TSSC,310.7,24.1,28.9,82.1,0.48,65.68,0.4,26.6,0.67
2025-01-21,08:00,Flat,93,TSSC,357.4,24.6,30.6,81.56,0.56,65.25,0.47,30.4,0.67
2025-01-21,08:15,Flat,93,TSSC,395.1,25.0,31.9,81.14,0.62,64.91,0.52,33.5,0.67
2025-01-21,08:30,Flat,93,TSSC,432.7,25.5,33.3,80.71,0.68,64.57,0.57,36.6,0.67
2025-01-21,08:45,Flat,93,TSSC,470.4,25.9,34.6,80.28,0.74,64.22,0.62,39.6,0.67
2025-01-21,09:00,Flat,93,TSSC,508.0,26.3,36.0,79.85,0.8,63.88,0.67,42.6,0.67
2025-01-21,09:15,Flat,93,TSSC,540.0,26.6,37.1,79.49,0.85,63.59,0.71,45.1,0.67
2025-01-21,09:30,Flat,93,TSSC,572.1,27.0,38.3,79.12,0.9,63.3,0.75,47.6,0.67
2025-01-21,09:45,Flat,93,TSSC,604.1,27.3,39.4,78.76,0.95,63.01,0.8,50.1,0.67
2025-01-21,10:00,Flat,93,TSSC,636.1,27.7,40.6,78.39,1.0,62.71,0.84,52.6,0.67
2025-01-21,10:15,Flat,93,TSSC,663.6,28.0,41.6,78.09,1.05,62.47,0.88,54.7,0.67
2025-01-21,10:30,Flat,93,TSSC,691.1,28.2,42.5,77.78,1.09,62.22,0.91,56.8,0.67
2025-01-21,10:45,Flat,93,TSSC,718.6,28.5,43.5,77.47,1.13,61.98,0.95,58.9,0.67
2025-01-21,11:00,Flat,93,TSSC,746.1,28.8,44.5,77.16,1.18,61.73,0.99,60.9,0.67
2025-01-21,11:15,Flat,93,TSSC,741.6,29.0,44.5,77.14,1.17,61.71,0.98,60.6,0.67
2025-01-21,11:30,Flat,93,TSSC,737.1,29.2,44.6,77.11,1.16,61.69,0.98,60.2,0.67
2025-01-21,11:45,Flat,93,TSSC,732.6,29.4,44.7,77.09,1.16,61.67,0.97,59.8,0.67
2025-01-21,12:00,Flat,93,TSSC,728.2,29.6,44.8,77.07,1.15,61.65,0.96,59.4,0.67
2025-01-21,12:15,Flat,93,TSSC,715.0,29.7,44.5,77.14,1.13,61.72,0.95,58.4,0.67
2025-01-21,12:30,Flat,93,TSSC,701.8,29.7,44.3,77.22,1.11,61.78,0.93,57.4,0.67
2025-01-21,12:45,Flat,93,TSSC,688.6,29.8,44.0,77.3,1.09,61.84,0.91,56.3,0.67
2025-01-21,13:00,Flat,93,TSSC,675.4,29.9,43.8,77.38,1.07,61.9,0.89,55.3,0.67
2025-01-21,13:15,Flat,93,TSSC,642.1,29.9,42.9,77.65,1.01,62.12,0.85,52.7,0.67
2025-01-21,13:30,Flat,93,TSSC,608.8,29.9,42.1,77.92,0.96,62.33,0.8,50.1,0.67
2025-01-21,13:45,Flat,93,TSSC,575.5,29.8,41.2,78.19,0.91,62.55,0.76,47.5,0.67
2025-01-21,14:00,Flat,93,TSSC,542.2,29.8,40.4,78.46,0.85,62.76,0.71,44.9,0.67
2025-01-21,14:15,Flat,93,TSSC,498.5,29.7,39.2,78.85,0.78,63.08,0.66,41.4,0.67
2025-01-21,14:30,Flat,93,TSSC,454.8,29.5,37.9,79.24,0.71,63.39,0.6,37.9,0.67
2025-01-21,14:45,Flat,93,TSSC,411.1,29.4,36.7,79.63,0.64,63.7,0.54,34.4,0.67
2025-01-21,15:00,Flat,93,TSSC,367.4,29.3,35.4,80.02,0.58,64.02,0.48,30.8,0.67
2025-01-21,15:15,Flat,93,TSSC,320.5,28.9,33.9,80.5,0.5,64.4,0.42,27.0,0.67
2025-01-21,15:30,Flat,93,TSSC,273.6,28.6,32.4,80.98,0.43,64.78,0.36,23.2,0.67
2025-01-21,15:45,Flat,93,TSSC,226.7,28.2,30.9,81.45,0.35,65.16,0.3,19.3,0.67
2025-01-21,16:00,Flat,93,TSSC,179.8,27.9,29.4,81.93,0.28,65.55,0.23,15.4,0.67
2025-01-21,16:15,Flat,93,TSSC,142.1,27.2,27.7,82.46,0.22,65.97,0.18,12.2,0.67
2025-01-21,16:30,Flat,93,TSSC,104.4,26.5,26.1,82.98,0.16,66.39,0.14,9.0,0.67
2025-01-21,16:45,Flat,93,TSSC,66.8,25.8,24.4,83.51,0.1,66.81,0.09,5.8,0.67
2025-01-21,17:00,Flat,93,TSSC,29.1,25.0,22.8,84.04,0.04,67.23,0.04,2.5,0.67
2025-01-21,17:15,Flat,93,TSSC,21.8,24.7,22.3,84.2,0.03,67.36,0.03,1.9,0.67
2025-01-21,17:30,Flat,93,TSSC,14.5,24.4,21.8,84.36,0.02,67.48,0.02,1.3,0.67
2025-01-21,17:45,Flat,93,TSSC,7.3,24.1,21.2,84.52,0.01,67.61,0.01,0.6,0.67
2025-01-22,05:15,Flat,93,TSSC,6.1,20.0,17.2,85.81,0.01,68.64,0.01,0.5,0.67
2025-01-22,05:30,Flat,93,TSSC,12.2,20.2,17.5,85.69,0.02,68.55,0.02,1.1,0.67
2025-01-22,05:45,Flat,93,TSSC,18.3,20.4,17.9,85.57,0.03,68.46,0.02,1.6,0.67
2025-01-22,06:00,Flat,93,TSSC,24.4,20.7,18.3,85.46,0.04,68.37,0.03,2.1,0.67
2025-01-22,06:15,Flat,93,TSSC,58.6,21.2,19.7,85.01,0.09,68.01,0.08,5.1,0.67
2025-01-22,06:30,Flat,93,TSSC,92.9,21.8,21.1,84.57,0.14,67.65,0.12,8.1,0.67
2025-01-22,06:45,Flat,93,TSSC,127.2,22.3,22.5,84.12,0.2,67.29,0.16,11.1,0.67
2025-01-22,07:00,Flat,93,TSSC,161.4,22.9,23.9,83.67,0.25,66.94,0.21,14.0,0.67
2025-01-22,07:15,Flat,93,TSSC,197.6,23.6,25.5,83.16,0.31,66.53,0.26,17.1,0.67
2025-01-22,07:30,Flat,93,TSSC,233.8,24.3,27.1,82.66,0.36,66.13,0.3,20.1,0.67
2025-01-22,07:45,Flat,93,TSSC,270.0,25.0,28.7,82.15,0.42,65.72,0.35,23.1,0.67
2025-01-22,08:00,Flat,93,TSSC,306.2,25.7,30.3,81.65,0.48,65.32,0.4,26.1,0.67
2025-01-22,08:15,Flat,93,TSSC,337.7,26.2,31.6,81.24,0.53,64.99,0.44,28.7,0.67
2025-01-22,08:30,Flat,93,TSSC,369.2,26.7,32.9,80.83,0.58,64.66,0.48,31.2,0.67
2025-01-22,08:45,Flat,93,TSSC,400.8,27.2,34.2,80.42,0.63,64.34,0.52,33.8,0.67
2025-01-22,09:00,Flat,93,TSSC,432.3,27.7,35.5,80.01,0.68,64.01,0.57,36.3,0.67
2025-01-22,09:15,Flat,93,TSSC,466.0,28.0,36.7,79.63,0.73,63.7,0.61,39.0,0.67
2025-01-22,09:30,Flat,93,TSSC,499.6,28.4,37.9,79.24,0.78,63.39,0.66,41.6,0.67
2025-01-22,09:45,Flat,93,TSSC,533.3,28.8,39.1,78.86,0.84,63.08,0.7,44.3,0.67
2025-01-22,10:00,Flat,93,TSSC,567.0,29.2,40.3,78.47,0.89,62.78,0.75,46.9,0.67
2025-01-22,10:15,Flat,93,TSSC,588.7,29.4,41.2,78.21,0.93,62.57,0.78,48.6,0.67
2025-01-22,10:30,Flat,93,TSSC,610.5,29.7,42.0,77.95,0.96,62.36,0.81,50.3,0.67
2025-01-22,10:45,Flat,93,TSSC,632.3,30.0,42.8,77.69,1.0,62.15,0.84,51.9,0.67
2025-01-22,11:00,Flat,93,TSSC,654.0,30.3,43.6,77.43,1.03,61.95,0.86,53.6,0.67
2025-01-22,11:15,Flat,93,TSSC,623.8,30.4,43.0,77.62,0.98,62.09,0.82,51.2,0.67
2025-01-22,11:30,Flat,93,TSSC,593.5,30.6,42.5,77.8,0.94,62.24,0.78,48.8,0.67
2025-01-22,11:45,Flat,93,TSSC,563.2,30.8,41.9,77.98,0.89,62.39,0.74,46.4,0.67
2025-01-22,12:00,Flat,93,TSSC,532.9,31.0,41.3,78.17,0.84,62.53,0.7,44.0,0.67
2025-01-22,12:15,Flat,93,TSSC,486.8,31.0,40.2,78.52,0.77,62.81,0.64,40.3,0.67
2025-01-22,12:30,Flat,93,TSSC,440.8,31.1,39.1,78.87,0.69,63.09,0.58,36.6,0.67
2025-01-22,12:45,Flat,93,TSSC,394.7,31.1,38.0,79.22,0.62,63.38,0.52,32.9,0.67
2025-01-22,13:00,Flat,93,TSSC,348.7,31.1,36.9,79.57,0.55,63.66,0.46,29.2,0.67
2025-01-22,13:15,Flat,93,TSSC,346.4,31.0,36.7,79.63,0.54,63.7,0.45,29.0,0.67
2025-01-22,13:30,Flat,93,TSSC,344.0,30.9,36.5,79.68,0.54,63.75,0.45,28.8,0.67
2025-01-22,13:45,Flat,93,TSSC,341.7,30.8,36.3,79.74,0.54,63.79,0.45,28.6,0.67
2025-01-22,14:00,Flat,93,TSSC,339.4,30.7,36.2,79.79,0.53,63.83,0.45,28.4,0.67
2025-01-22,14:15,Flat,93,TSSC,304.9,30.4,35.1,80.14,0.48,64.11,0.4,25.6,0.67
2025-01-22,14:30,Flat,93,TSSC,270.4,30.2,34.0,80.48,0.42,64.39,0.35,22.8,0.67
2025-01-22,14:45,Flat,93,TSSC,235.9,30.0,32.9,80.83,0.37,64.66,0.31,20.0,0.67
2025-01-22,15:00,Flat,93,TSSC,201.4,29.8,31.8,81.18,0.31,64.94,0.26,17.1,0.67
2025-01-22,15:15,Flat,93,TSSC,179.7,29.4,30.9,81.46,0.28,65.17,0.23,15.3,0.67
2025-01-22,15:30,Flat,93,TSSC,158.0,29.0,30.0,81.75,0.25,65.4,0.21,13.5,0.67
2025-01-22,15:45,Flat,93,TSSC,136.2,28.7,29.1,82.04,0.21,65.63,0.18,11.7,0.67
2025-01-22,16:00,Flat,93,TSSC,114.5,28.3,28.2,82.33,0.18,65.86,0.15,9.8,0.67
2025-01-22,16:15,Flat,93,TSSC,89.4,27.8,27.0,82.69,0.14,66.15,0.12,7.7,0.67
2025-01-22,16:30,Flat,93,TSSC,64.3,27.3,25.9,83.05,0.1,66.44,0.08,5.6,0.67
2025-01-22,16:45,Flat,93,TSSC,39.3,26.8,24.7,83.41,0.06,66.73,0.05,3.4,0.67
2025-01-22,17:00,Flat,93,TSSC,14.2,26.3,23.6,83.77,0.02,67.01,0.02,1.2,0.67
2025-01-22,17:15,Flat,93,TSSC,10.6,25.9,23.2,83.9,0.02,67.12,0.01,0.9,0.67
2025-01-22,17:30,Flat,93,TSSC,7.1,25.6,22.8,84.03,0.01,67.22,0.01,0.6,0.67
2025-01-23,05:30,Flat,93,TSSC,9.2,21.1,18.3,85.45,0.01,68.36,0.01,0.8,0.67
2025-01-23,05:45,Flat,93,TSSC,13.9,21.3,18.6,85.35,0.02,68.28,0.02,1.2,0.67
2025-01-23,06:00,Flat,93,TSSC,18.5,21.5,19.0,85.24,0.03,68.19,0.02,1.6,0.67
2025-01-23,06:15,Flat,93,TSSC,43.4,22.0,20.0,84.9,0.07,67.92,0.06,3.8,0.67
2025-01-23,06:30,Flat,93,TSSC,68.3,22.4,21.1,84.55,0.11,67.64,0.09,6.0,0.67
2025-01-23,06:45,Flat,93,TSSC,93.3,22.9,22.2,84.21,0.14,67.37,0.12,8.1,0.67
2025-01-23,07:00,Flat,93,TSSC,118.2,23.4,23.3,83.86,0.18,67.09,0.15,10.3,0.67
2025-01-23,07:15,Flat,93,TSSC,145.1,23.9,24.6,83.46,0.22,66.77,0.19,12.6,0.67
2025-01-23,07:30,Flat,93,TSSC,172.1,24.5,25.8,83.06,0.27,66.45,0.22,14.9,0.67
2025-01-23,07:45,Flat,93,TSSC,199.1,25.1,27.1,82.66,0.31,66.13,0.26,17.1,0.67
2025-01-23,08:00,Flat,93,TSSC,226.0,25.7,28.4,82.26,0.35,65.81,0.29,19.4,0.67
2025-01-23,08:15,Flat,93,TSSC,264.2,26.2,29.8,81.8,0.41,65.44,0.34,22.6,0.67
2025-01-23,08:30,Flat,93,TSSC,302.4,26.7,31.3,81.34,0.47,65.08,0.4,25.7,0.67
2025-01-23,08:45,Flat,93,TSSC,340.6,27.2,32.7,80.89,0.53,64.71,0.45,28.8,0.67
2025-01-23,09:00,Flat,93,TSSC,378.9,27.7,34.2,80.43,0.59,64.34,0.5,31.9,0.67
2025-01-23,09:15,Flat,93,TSSC,394.5,28.0,34.9,80.19,0.62,64.15,0.52,33.2,0.67
2025-01-23,09:30,Flat,93,TSSC,410.2,28.4,35.6,79.96,0.64,63.96,0.54,34.4,0.67
2025-01-23,09:45,Flat,93,TSSC,425.8,28.8,36.4,79.72,0.67,63.78,0.56,35.7,0.67
2025-01-23,10:00,Flat,93,TSSC,441.5,29.1,37.1,79.48,0.69,63.59,0.58,36.9,0.67
2025-01-23,10:15,Flat,93,TSSC,467.8,29.4,38.1,79.19,0.73,63.35,0.62,39.0,0.67
2025-01-23,10:30,Flat,93,TSSC,494.2,29.6,39.0,78.9,0.78,63.12,0.65,41.1,0.67
2025-01-23,10:45,Flat,93,TSSC,520.5,29.9,39.9,78.61,0.82,62.89,0.69,43.1,0.67
2025-01-23,11:00,Flat,93,TSSC,546.9,30.1,40.8,78.32,0.86,62.66,0.72,45.2,0.67
2025-01-23,11:15,Flat,93,TSSC,558.1,30.3,41.2,78.19,0.88,62.55,0.74,46.0,0.67
2025-01-23,11:30,Flat,93,TSSC,569.3,30.4,41.7,78.05,0.9,62.44,0.75,46.9,0.67
2025-01-23,11:45,Flat,93,TSSC,580.5,30.6,42.1,77.92,0.92,62.33,0.77,47.8,0.67
2025-01-23,12:00,Flat,93,TSSC,591.7,30.7,42.5,77.78,0.93,62.23,0.78,48.6,0.67
2025-01-23,12:15,Flat,93,TSSC,590.7,30.8,42.5,77.78,0.93,62.22,0.78,48.5,0.67
2025-01-23,12:30,Flat,93,TSSC,589.7,30.8,42.5,77.78,0.93,62.22,0.78,48.5,0.67
2025-01-23,12:45,Flat,93,TSSC,588.7,30.8,42.5,77.77,0.93,62.22,0.78,48.4,0.67
2025-01-23,13:00,Flat,93,TSSC,587.7,30.9,42.6,77.77,0.93,62.22,0.78,48.3,0.67
2025-01-23,13:15,Flat,93,TSSC,570.8,30.8,42.0,77.93,0.9,62.34,0.75,47.0,0.67
2025-01-23,13:30,Flat,93,TSSC,553.9,30.7,41.5,78.09,0.87,62.47,0.73,45.7,0.67
2025-01-23,13:45,Flat,93,TSSC,537.0,30.6,41.0,78.25,0.85,62.6,0.71,44.3,0.67
2025-01-23,14:00,Flat,93,TSSC,520.1,30.5,40.5,78.41,0.82,62.73,0.69,43.0,0.67
2025-01-23,14:15,Flat,93,TSSC,471.6,30.4,39.1,78.85,0.74,63.08,0.62,39.2,0.67
2025-01-23,14:30,Flat,93,TSSC,423.1,30.2,37.8,79.29,0.66,63.43,0.56,35.3,0.67
2025-01-23,14:45,Flat,93,TSSC,374.6,30.0,36.4,79.73,0.59,63.78,0.49,31.4,0.67
2025-01-23,15:00,Flat,93,TSSC,326.1,29.8,35.0,80.16,0.51,64.13,0.43,27.4,0.67
2025-01-23,15:15,Flat,93,TSSC,282.9,29.5,33.6,80.62,0.44,64.49,0.37,23.9,0.67
2025-01-23,15:30,Flat,93,TSSC,239.6,29.1,32.1,81.07,0.37,64.86,0.31,20.3,0.67
2025-01-23,15:45,Flat,93,TSSC,196.3,28.8,30.7,81.53,0.31,65.22,0.26,16.7,0.67
2025-01-23,16:00,Flat,93,TSSC,153.1,28.4,29.2,81.98,0.24,65.59,0.2,13.1,0.67
2025-01-23,16:15,Flat,93,TSSC,121.5,27.8,27.9,82.42,0.19,65.93,0.16,10.4,0.67
2025-01-23,16:30,Flat,93,TSSC,90.0,27.3,26.5,82.85,0.14,66.28,0.12,7.8,0.67
2025-01-23,16:45,Flat,93,TSSC,58.5,26.7,25.1,83.29,0.09,66.63,0.08,5.1,0.67
2025-01-23,17:00,Flat,93,TSSC,26.9,26.1,23.8,83.72,0.04,66.98,0.03,2.3,0.67
2025-01-23,17:15,Flat,93,TSSC,20.2,25.8,23.3,83.87,0.03,67.09,0.03,1.8,0.67
2025-01-23,17:30,Flat,93,TSSC,13.5,25.5,22.8,84.02,0.02,67.21,0.02,1.2,0.67
2025-01-23,17:45,Flat,93,TSSC,6.7,25.2,22.4,84.16,0.01,67.33,0.01,0.6,0.67
2025-01-24,05:15,Flat,93,TSSC,5.2,19.5,16.6,85.99,0.01,68.79,0.01,0.5,0.67
2025-01-24,05:30,Flat,93,TSSC,10.3,19.7,17.0,85.87,0.02,68.7,0.01,0.9,0.67
2025-01-24,05:45,Flat,93,TSSC,15.5,20.0,17.4,85.75,0.02,68.6,0.02,1.4,0.67
2025-01-24,06:00,Flat,93,TSSC,20.7,20.2,17.7,85.62,0.03,68.5,0.03,1.8,0.67
2025-01-24,06:15,Flat,93,TSSC,51.8,20.9,19.2,85.16,0.08,68.13,0.07,4.6,0.67
2025-01-24,06:30,Flat,93,TSSC,83.0,21.6,20.7,84.7,0.13,67.76,0.11,7.3,0.67
2025-01-24,06:45,Flat,93,TSSC,114.2,22.3,22.1,84.23,0.18,67.38,0.15,10.0,0.67
2025-01-24,07:00,Flat,93,TSSC,145.4,23.0,23.6,83.77,0.22,67.01,0.19,12.6,0.67
2025-01-24,07:15,Flat,93,TSSC,190.3,23.6,25.3,83.22,0.29,66.58,0.25,16.4,0.67
2025-01-24,07:30,Flat,93,TSSC,235.2,24.2,27.1,82.67,0.37,66.14,0.31,20.2,0.67
2025-01-24,07:45,Flat,93,TSSC,280.1,24.8,28.8,82.12,0.44,65.7,0.36,24.0,0.67
2025-01-24,08:00,Flat,93,TSSC,324.9,25.4,30.5,81.58,0.51,65.26,0.42,27.7,0.67
2025-01-24,08:15,Flat,93,TSSC,358.6,25.8,31.8,81.17,0.56,64.94,0.47,30.4,0.67
2025-01-24,08:30,Flat,93,TSSC,392.3,26.3,33.1,80.77,0.61,64.61,0.51,33.2,0.67
2025-01-24,08:45,Flat,93,TSSC,426.0,26.7,34.4,80.36,0.67,64.29,0.56,35.9,0.67
2025-01-24,09:00,Flat,93,TSSC,459.7,27.1,35.6,79.96,0.72,63.97,0.6,38.6,0.67
2025-01-24,09:15,Flat,93,TSSC,497.4,27.5,36.9,79.55,0.78,63.64,0.65,41.6,0.67
2025-01-24,09:30,Flat,93,TSSC,535.0,27.9,38.2,79.14,0.84,63.31,0.7,44.5,0.67
2025-01-24,09:45,Flat,93,TSSC,572.6,28.2,39.5,78.73,0.9,62.98,0.75,47.5,0.67
2025-01-24,10:00,Flat,93,TSSC,610.2,28.6,40.8,78.32,0.96,62.66,0.8,50.4,0.67
2025-01-24,10:15,Flat,93,TSSC,654.4,28.8,42.2,77.89,1.03,62.31,0.86,53.8,0.67
2025-01-24,10:30,Flat,93,TSSC,698.5,29.1,43.5,77.46,1.1,61.97,0.92,57.2,0.67
2025-01-24,10:45,Flat,93,TSSC,742.6,29.3,44.9,77.03,1.17,61.62,0.98,60.6,0.67
2025-01-24,11:00,Flat,93,TSSC,786.8,29.6,46.3,76.6,1.25,61.28,1.04,63.9,0.67
2025-01-24,11:15,Flat,93,TSSC,793.8,29.7,46.6,76.49,1.26,61.19,1.05,64.4,0.67
2025-01-24,11:30,Flat,93,TSSC,800.9,29.9,46.9,76.39,1.27,61.11,1.06,64.9,0.67
2025-01-24,11:45,Flat,93,TSSC,807.9,30.1,47.3,76.28,1.28,61.02,1.07,65.4,0.67
2025-01-24,12:00,Flat,93,TSSC,815.0,30.2,47.6,76.17,1.29,60.94,1.08,65.9,0.67
2025-01-24,12:15,Flat,93,TSSC,803.3,30.2,47.3,76.26,1.27,61.01,1.07,65.0,0.67
2025-01-24,12:30,Flat,93,TSSC,791.7,30.2,47.0,76.35,1.25,61.08,1.05,64.1,0.67
2025-01-24,12:45,Flat,93,TSSC,780.0,30.3,46.8,76.44,1.24,61.15,1.03,63.3,0.67
2025-01-24,13:00,Flat,93,TSSC,768.4,30.3,46.5,76.52,1.22,61.22,1.02,62.4,0.67
2025-01-24,13:15,Flat,93,TSSC,737.6,30.2,45.6,76.81,1.17,61.44,0.98,60.0,0.67
2025-01-24,13:30,Flat,93,TSSC,706.8,30.0,44.7,77.09,1.12,61.67,0.94,57.7,0.67
2025-01-24,13:45,Flat,93,TSSC,676.0,29.9,43.8,77.37,1.07,61.9,0.89,55.3,0.67
2025-01-24,14:00,Flat,93,TSSC,645.2,29.8,42.9,77.65,1.02,62.12,0.85,53.0,0.67
2025-01-24,14:15,Flat,93,TSSC,599.4,29.6,41.5,78.09,0.94,62.47,0.79,49.4,0.67
2025-01-24,14:30,Flat,93,TSSC,553.6,29.3,40.2,78.53,0.87,62.82,0.73,45.8,0.67
2025-01-24,14:45,Flat,93,TSSC,507.8,29.1,38.8,78.96,0.8,63.17,0.67,42.2,0.67
2025-01-24,15:00,Flat,93,TSSC,462.0,28.9,37.4,79.4,0.72,63.52,0.61,38.6,0.67
2025-01-24,15:15,Flat,93,TSSC,404.1,28.5,35.6,79.97,0.63,63.98,0.53,33.9,0.67
2025-01-24,15:30,Flat,93,TSSC,346.2,28.2,33.8,80.54,0.54,64.43,0.45,29.2,0.67
2025-01-24,15:45,Flat,93,TSSC,288.3,27.8,32.0,81.1,0.45,64.88,0.38,24.5,0.67
2025-01-24,16:00,Flat,93,TSSC,230.4,27.5,30.2,81.67,0.36,65.34,0.3,19.6,0.67
2025-01-24,16:15,Flat,93,TSSC,181.6,27.0,28.5,82.21,0.28,65.77,0.24,15.6,0.67
2025-01-24,16:30,Flat,93,TSSC,132.9,26.5,26.8,82.75,0.21,66.2,0.17,11.4,0.67
2025-01-24,16:45,Flat,93,TSSC,84.1,26.0,25.1,83.28,0.13,66.63,0.11,7.3,0.67
2025-01-24,17:00,Flat,93,TSSC,35.3,25.6,23.4,83.82,0.05,67.06,0.05,3.1,0.67
2025-01-24,17:15,Flat,93,TSSC,26.5,25.3,23.0,83.97,0.04,67.18,0.03,2.3,0.67
2025-01-24,17:30,Flat,93,TSSC,17.7,25.0,22.5,84.12,0.03,67.3,0.02,1.5,0.67
2025-01-24,17:45,Flat,93,TSSC,8.8,24.8,22.0,84.27,0.01,67.42,0.01,0.8,0.67
2025-01-25,05:15,Flat,93,TSSC,6.0,20.7,17.9,85.58,0.01,68.47,0.01,0.5,0.67
2025-01-25,05:30,Flat,93,TSSC,11.9,20.9,18.2,85.48,0.02,68.39,0.02,1.1,0.67
2025-01-25,05:45,Flat,93,TSSC,17.9,21.1,18.5,85.39,0.03,68.31,0.02,1.6,0.67
2025-01-25,06:00,Flat,93,TSSC,23.9,21.2,18.8,85.29,0.04,68.23,0.03,2.1,0.67
2025-01-25,06:15,Flat,93,TSSC,64.7,21.8,20.4,84.78,0.1,67.82,0.08,5.7,0.67
2025-01-25,06:30,Flat,93,TSSC,105.5,22.4,22.0,84.27,0.16,67.42,0.14,9.2,0.67
2025-01-25,06:45,Flat,93,TSSC,146.2,23.0,23.6,83.77,0.23,67.01,0.19,12.7,0.67
2025-01-25,07:00,Flat,93,TSSC,187.0,23.5,25.2,83.26,0.29,66.61,0.24,16.2,0.67
2025-01-25,07:15,Flat,93,TSSC,234.4,24.1,27.0,82.71,0.36,66.16,0.3,20.2,0.67
2025-01-25,07:30,Flat,93,TSSC,281.7,24.7,28.7,82.15,0.44,65.72,0.37,24.1,0.67
2025-01-25,07:45,Flat,93,TSSC,329.0,25.3,30.5,81.59,0.51,65.27,0.43,28.0,0.67
2025-01-25,08:00,Flat,93,TSSC,376.4,25.8,32.2,81.04,0.59,64.83,0.49,31.9,0.67
2025-01-25,08:15,Flat,93,TSSC,422.9,26.3,33.8,80.53,0.66,64.42,0.55,35.7,0.67
2025-01-25,08:30,Flat,93,TSSC,469.5,26.7,35.4,80.02,0.74,64.02,0.62,39.4,0.67
2025-01-25,08:45,Flat,93,TSSC,516.0,27.1,37.0,79.51,0.81,63.61,0.68,43.1,0.67
2025-01-25,09:00,Flat,93,TSSC,562.5,27.6,38.6,79.01,0.88,63.21,0.74,46.8,0.67
2025-01-25,09:15,Flat,93,TSSC,593.4,27.9,39.8,78.66,0.93,62.92,0.78,49.2,0.67
2025-01-25,09:30,Flat,93,TSSC,624.2,28.3,40.9,78.3,0.98,62.64,0.82,51.6,0.67
2025-01-25,09:45,Flat,93,TSSC,655.1,28.6,42.0,77.95,1.03,62.36,0.86,53.9,0.67
2025-01-25,10:00,Flat,93,TSSC,685.9,28.9,43.1,77.6,1.08,62.08,0.91,56.3,0.67
2025-01-25,10:15,Flat,93,TSSC,724.1,29.2,44.3,77.22,1.14,61.78,0.96,59.2,0.67
2025-01-25,10:30,Flat,93,TSSC,762.3,29.4,45.5,76.85,1.21,61.48,1.01,62.1,0.67
2025-01-25,10:45,Flat,93,TSSC,800.5,29.7,46.7,76.47,1.27,61.17,1.06,64.9,0.67
2025-01-25,11:00,Flat,93,TSSC,838.7,29.9,47.9,76.09,1.33,60.87,1.11,67.8,0.67
2025-01-25,11:15,Flat,93,TSSC,838.6,30.0,48.0,76.05,1.33,60.84,1.11,67.7,0.67
2025-01-25,11:30,Flat,93,TSSC,838.5,30.2,48.1,76.0,1.33,60.8,1.11,67.7,0.67
2025-01-25,11:45,Flat,93,TSSC,838.4,30.3,48.3,75.96,1.33,60.77,1.11,67.7,0.67
2025-01-25,12:00,Flat,93,TSSC,838.2,30.5,48.4,75.91,1.33,60.73,1.11,67.6,0.67
2025-01-25,12:15,Flat,93,TSSC,786.0,30.4,47.1,76.34,1.25,61.07,1.04,63.7,0.67
2025-01-25,12:30,Flat,93,TSSC,733.7,30.4,45.8,76.76,1.16,61.41,0.97,59.7,0.67
2025-01-25,12:45,Flat,93,TSSC,681.4,30.4,44.4,77.18,1.08,61.74,0.9,55.7,0.67
2025-01-25,13:00,Flat,93,TSSC,629.1,30.4,43.1,77.6,0.99,62.08,0.83,51.6,0.67
2025-01-25,13:15,Flat,93,TSSC,605.0,30.2,42.4,77.83,0.95,62.27,0.8,49.7,0.67
2025-01-25,13:30,Flat,93,TSSC,580.9,30.1,41.6,78.07,0.92,62.45,0.77,47.9,0.67
2025-01-25,13:45,Flat,93,TSSC,556.8,30.0,40.9,78.3,0.88,62.64,0.73,46.0,0.67
2025-01-25,14:00,Flat,93,TSSC,532.7,29.8,40.1,78.53,0.84,62.83,0.7,44.1,0.67
2025-01-25,14:15,Flat,93,TSSC,486.1,29.6,38.7,78.98,0.76,63.18,0.64,40.4,0.67
2025-01-25,14:30,Flat,93,TSSC,439.5,29.3,37.3,79.42,0.69,63.54,0.58,36.7,0.67
2025-01-25,14:45,Flat,93,TSSC,392.9,29.1,35.9,79.87,0.62,63.9,0.52,32.9,0.67
2025-01-25,15:00,Flat,93,TSSC,346.4,28.9,34.5,80.32,0.54,64.25,0.45,29.2,0.67
2025-01-25,15:15,Flat,93,TSSC,303.3,28.5,33.1,80.76,0.47,64.61,0.4,25.6,0.67
2025-01-25,15:30,Flat,93,TSSC,260.2,28.2,31.7,81.21,0.41,64.97,0.34,22.1,0.67
2025-01-25,15:45,Flat,93,TSSC,217.2,27.9,30.3,81.66,0.34,65.32,0.28,18.5,0.67
2025-01-25,16:00,Flat,93,TSSC,174.1,27.5,28.9,82.1,0.27,65.68,0.23,14.9,0.67
2025-01-25,16:15,Flat,93,TSSC,137.7,27.0,27.5,82.54,0.21,66.03,0.18,11.8,0.67
2025-01-25,16:30,Flat,93,TSSC,101.2,26.6,26.1,82.98,0.16,66.38,0.13,8.7,0.67
2025-01-25,16:45,Flat,93,TSSC,64.8,26.1,24.7,83.42,0.1,66.73,0.08,5.6,0.67
2025-01-25,17:00,Flat,93,TSSC,28.4,25.6,23.3,83.86,0.04,67.09,0.04,2.5,0.67
2025-01-25,17:15,Flat,93,TSSC,21.3,25.4,22.9,83.99,0.03,67.19,0.03,1.9,0.67
2025-01-25,17:30,Flat,93,TSSC,14.2,25.1,22.5,84.12,0.02,67.29,0.02,1.2,0.67
2025-01-25,17:45,Flat,93,TSSC,7.1,24.9,22.1,84.25,0.01,67.4,0.01,0.6,0.67
2025-01-26,05:15,Flat,93,TSSC,6.7,20.5,17.7,85.65,0.01,68.52,0.01,0.6,0.67
2025-01-26,05:30,Flat,93,TSSC,13.3,20.6,18.0,85.56,0.02,68.45,0.02,1.2,0.67
2025-01-26,05:45,Flat,93,TSSC,20.0,20.7,18.2,85.47,0.03,68.38,0.03,1.8,0.67
2025-01-26,06:00,Flat,93,TSSC,26.7,20.8,18.5,85.39,0.04,68.31,0.03,2.3,0.67
2025-01-26,06:15,Flat,93,TSSC,72.5,21.3,20.1,84.88,0.11,67.9,0.09,6.4,0.67
2025-01-26,06:30,Flat,93,TSSC,118.4,21.8,21.7,84.37,0.18,67.49,0.15,10.3,0.67
2025-01-26,06:45,Flat,93,TSSC,164.2,22.2,23.3,83.86,0.25,67.09,0.21,14.3,0.67
2025-01-26,07:00,Flat,93,TSSC,210.1,22.7,24.9,83.35,0.33,66.68,0.27,18.2,0.67
2025-01-26,07:15,Flat,93,TSSC,266.3,23.2,26.9,82.72,0.41,66.18,0.35,22.9,0.67
2025-01-26,07:30,Flat,93,TSSC,322.6,23.8,28.9,82.1,0.5,65.68,0.42,27.6,0.67
2025-01-26,07:45,Flat,93,TSSC,378.8,24.4,30.8,81.48,0.59,65.18,0.49,32.2,0.67
2025-01-26,08:00,Flat,93,TSSC,435.1,24.9,32.8,80.86,0.68,64.69,0.57,36.8,0.67
2025-01-26,08:15,Flat,93,TSSC,478.1,25.4,34.3,80.38,0.75,64.3,0.63,40.3,0.67
2025-01-26,08:30,Flat,93,TSSC,521.1,25.8,35.8,79.89,0.82,63.92,0.68,43.7,0.67
2025-01-26,08:45,Flat,93,TSSC,564.2,26.3,37.4,79.41,0.89,63.53,0.74,47.1,0.67
2025-01-26,09:00,Flat,93,TSSC,607.2,26.7,38.9,78.93,0.95,63.14,0.8,50.5,0.67
2025-01-26,09:15,Flat,93,TSSC,649.6,27.1,40.3,78.48,1.02,62.78,0.86,53.7,0.67
2025-01-26,09:30,Flat,93,TSSC,692.0,27.5,41.8,78.02,1.09,62.42,0.91,57.0,0.67
2025-01-26,09:45,Flat,93,TSSC,734.4,27.8,43.2,77.57,1.16,62.06,0.97,60.2,0.67
2025-01-26,10:00,Flat,93,TSSC,776.8,28.2,44.6,77.12,1.23,61.69,1.03,63.4,0.67
2025-01-26,10:15,Flat,93,TSSC,787.5,28.5,45.2,76.93,1.25,61.55,1.04,64.2,0.67
2025-01-26,10:30,Flat,93,TSSC,798.3,28.8,45.8,76.75,1.26,61.4,1.06,64.9,0.67
2025-01-26,10:45,Flat,93,TSSC,809.1,29.1,46.3,76.57,1.28,61.26,1.07,65.7,0.67
2025-01-26,11:00,Flat,93,TSSC,819.8,29.4,46.9,76.39,1.3,61.11,1.09,66.5,0.67
2025-01-26,11:15,Flat,93,TSSC,812.2,29.6,46.9,76.39,1.29,61.11,1.08,65.8,0.67
2025-01-26,11:30,Flat,93,TSSC,804.6,29.8,46.9,76.39,1.27,61.11,1.07,65.2,0.67
2025-01-26,11:45,Flat,93,TSSC,797.0,30.0,46.9,76.38,1.26,61.11,1.06,64.6,0.67
2025-01-26,12:00,Flat,93,TSSC,789.4,30.2,46.9,76.38,1.25,61.11,1.05,64.0,0.67
2025-01-26,12:15,Flat,93,TSSC,772.1,30.3,46.6,76.5,1.22,61.2,1.02,62.7,0.67
2025-01-26,12:30,Flat,93,TSSC,754.8,30.3,46.2,76.61,1.19,61.29,1.0,61.3,0.67
2025-01-26,12:45,Flat,93,TSSC,737.5,30.4,45.8,76.73,1.17,61.38,0.98,60.0,0.67
2025-01-26,13:00,Flat,93,TSSC,720.2,30.5,45.5,76.84,1.14,61.48,0.95,58.6,0.67
2025-01-26,13:15,Flat,93,TSSC,676.6,30.4,44.3,77.22,1.07,61.77,0.9,55.3,0.67
2025-01-26,13:30,Flat,93,TSSC,632.9,30.3,43.1,77.59,1.0,62.07,0.84,51.9,0.67
2025-01-26,13:45,Flat,93,TSSC,589.3,30.2,42.0,77.96,0.93,62.37,0.78,48.5,0.67
2025-01-26,14:00,Flat,93,TSSC,545.6,30.1,40.8,78.33,0.86,62.67,0.72,45.1,0.67
2025-01-26,14:15,Flat,93,TSSC,501.5,29.9,39.5,78.75,0.79,63.0,0.66,41.6,0.67
2025-01-26,14:30,Flat,93,TSSC,457.5,29.7,38.1,79.17,0.72,63.33,0.6,38.1,0.67
2025-01-26,14:45,Flat,93,TSSC,413.4,29.5,36.8,79.58,0.65,63.67,0.54,34.6,0.67
2025-01-26,15:00,Flat,93,TSSC,369.3,29.3,35.5,80.0,0.58,64.0,0.48,31.0,0.67
2025-01-26,15:15,Flat,93,TSSC,324.8,28.9,34.0,80.47,0.51,64.38,0.43,27.4,0.67
2025-01-26,15:30,Flat,93,TSSC,280.3,28.5,32.5,80.94,0.44,64.76,0.37,23.7,0.67
2025-01-26,15:45,Flat,93,TSSC,235.7,28.1,31.0,81.42,0.37,65.13,0.31,20.0,0.67
2025-01-26,16:00,Flat,93,TSSC,191.2,27.8,29.5,81.89,0.3,65.51,0.25,16.3,0.67
2025-01-26,16:15,Flat,93,TSSC,152.4,27.1,27.9,82.4,0.24,65.92,0.2,13.1,0.67
2025-01-26,16:30,Flat,93,TSSC,113.7,26.5,26.3,82.91,0.18,66.33,0.15,9.8,0.67
2025-01-26,16:45,Flat,93,TSSC,74.9,25.8,24.7,83.43,0.12,66.74,0.1,6.5,0.67
2025-01-26,17:00,Flat,93,TSSC,36.2,25.2,23.1,83.94,0.06,67.15,0.05,3.1,0.67
2025-01-26,17:15,Flat,93,TSSC,27.1,24.8,22.5,84.13,0.04,67.31,0.04,2.4,0.67
2025-01-26,17:30,Flat,93,TSSC,18.1,24.4,21.8,84.33,0.03,67.46,0.02,1.6,0.67
2025-01-26,17:45,Flat,93,TSSC,9.0,24.0,21.2,84.53,0.01,67.62,0.01,0.8,0.67
2025-01-27,05:15,Flat,93,TSSC,7.3,18.6,15.8,86.24,0.01,68.99,0.01,0.6,0.67
2025-01-27,05:30,Flat,93,TSSC,14.6,18.9,16.3,86.09,0.02,68.87,0.02,1.3,0.67
2025-01-27,05:45,Flat,93,TSSC,21.9,19.2,16.7,85.94,0.03,68.75,0.03,1.9,0.67
2025-01-27,06:00,Flat,93,TSSC,29.2,19.5,17.2,85.79,0.04,68.63,0.04,2.6,0.67
2025-01-27,06:15,Flat,93,TSSC,78.0,20.2,19.2,85.17,0.12,68.13,0.1,6.9,0.67
2025-01-27,06:30,Flat,93,TSSC,126.8,21.0,21.2,84.54,0.2,67.63,0.16,11.1,0.67
2025-01-27,06:45,Flat,93,TSSC,175.6,21.8,23.2,83.91,0.27,67.13,0.23,15.3,0.67
2025-01-27,07:00,Flat,93,TSSC,224.3,22.5,25.1,83.29,0.35,66.63,0.29,19.4,0.67
2025-01-27,07:15,Flat,93,TSSC,279.8,23.2,27.2,82.63,0.43,66.11,0.36,24.1,0.67
2025-01-27,07:30,Flat,93,TSSC,335.2,23.9,29.3,81.98,0.52,65.58,0.44,28.7,0.67
2025-01-27,07:45,Flat,93,TSSC,390.6,24.6,31.3,81.32,0.61,65.06,0.51,33.2,0.67
2025-01-27,08:00,Flat,93,TSSC,446.0,25.3,33.4,80.67,0.7,64.53,0.58,37.7,0.67
2025-01-27,08:15,Flat,93,TSSC,505.7,25.7,35.4,80.05,0.79,64.04,0.66,42.5,0.67
2025-01-27,08:30,Flat,93,TSSC,565.4,26.2,37.3,79.43,0.89,63.55,0.74,47.2,0.67
2025-01-27,08:45,Flat,93,TSSC,625.0,26.6,39.3,78.82,0.98,63.05,0.82,51.9,0.67
2025-01-27,09:00,Flat,93,TSSC,684.7,27.1,41.2,78.2,1.08,62.56,0.9,56.5,0.67
2025-01-27,09:15,Flat,93,TSSC,724.8,27.5,42.6,77.75,1.14,62.2,0.96,59.6,0.67
2025-01-27,09:30,Flat,93,TSSC,764.9,27.9,44.0,77.31,1.21,61.85,1.01,62.6,0.67
2025-01-27,09:45,Flat,93,TSSC,805.1,28.3,45.4,76.86,1.27,61.49,1.07,65.6,0.67
2025-01-27,10:00,Flat,93,TSSC,845.2,28.7,46.8,76.42,1.34,61.13,1.12,68.5,0.67
2025-01-27,10:15,Flat,93,TSSC,865.3,29.0,47.6,76.16,1.37,60.93,1.15,70.0,0.67
2025-01-27,10:30,Flat,93,TSSC,885.4,29.3,48.5,75.9,1.4,60.72,1.18,71.4,0.67
2025-01-27,10:45,Flat,93,TSSC,905.6,29.6,49.3,75.65,1.44,60.52,1.2,72.9,0.67
2025-01-27,11:00,Flat,93,TSSC,925.7,29.9,50.1,75.39,1.47,60.31,1.23,74.3,0.67
2025-01-27,11:15,Flat,93,TSSC,924.9,30.1,50.2,75.34,1.47,60.27,1.23,74.2,0.67
2025-01-27,11:30,Flat,93,TSSC,924.1,30.3,50.4,75.3,1.47,60.24,1.23,74.1,0.67
2025-01-27,11:45,Flat,93,TSSC,923.3,30.4,50.5,75.25,1.47,60.2,1.23,74.0,0.67
2025-01-27,12:00,Flat,93,TSSC,922.5,30.6,50.7,75.2,1.47,60.16,1.23,73.9,0.67
2025-01-27,12:15,Flat,93,TSSC,899.2,30.6,50.1,75.38,1.43,60.3,1.2,72.1,0.67
2025-01-27,12:30,Flat,93,TSSC,875.9,30.7,49.6,75.55,1.39,60.44,1.16,70.4,0.67
2025-01-27,12:45,Flat,93,TSSC,852.6,30.7,49.0,75.72,1.35,60.58,1.13,68.6,0.67
2025-01-27,13:00,Flat,93,TSSC,829.3,30.7,48.5,75.9,1.32,60.72,1.1,66.9,0.67
2025-01-27,13:15,Flat,93,TSSC,785.7,30.7,47.3,76.27,1.24,61.01,1.04,63.6,0.67
2025-01-27,13:30,Flat,93,TSSC,742.2,30.6,46.1,76.64,1.17,61.31,0.98,60.3,0.67
2025-01-27,13:45,Flat,93,TSSC,698.6,30.5,45.0,77.01,1.1,61.6,0.92,57.0,0.67
2025-01-27,14:00,Flat,93,TSSC,655.0,30.4,43.8,77.38,1.03,61.9,0.87,53.6,0.67
2025-01-27,14:15,Flat,93,TSSC,601.9,30.2,42.3,77.86,0.95,62.29,0.79,49.5,0.67
2025-01-27,14:30,Flat,93,TSSC,548.8,30.0,40.7,78.35,0.86,62.68,0.72,45.3,0.67
2025-01-27,14:45,Flat,93,TSSC,495.6,29.8,39.2,78.83,0.78,63.07,0.65,41.1,0.67
2025-01-27,15:00,Flat,93,TSSC,442.5,29.6,37.7,79.32,0.69,63.45,0.58,36.9,0.67
2025-01-27,15:15,Flat,93,TSSC,389.1,29.2,36.0,79.86,0.61,63.89,0.51,32.6,0.67
2025-01-27,15:30,Flat,93,TSSC,335.7,28.9,34.3,80.39,0.53,64.32,0.44,28.3,0.67
2025-01-27,15:45,Flat,93,TSSC,282.3,28.5,32.6,80.93,0.44,64.75,0.37,23.9,0.67
2025-01-27,16:00,Flat,93,TSSC,228.9,28.1,30.9,81.47,0.36,65.18,0.3,19.5,0.67
2025-01-27,16:15,Flat,93,TSSC,181.5,27.4,29.0,82.07,0.28,65.66,0.24,15.5,0.67
2025-01-27,16:30,Flat,93,TSSC,134.1,26.7,27.1,82.68,0.21,66.14,0.17,11.5,0.67
2025-01-27,16:45,Flat,93,TSSC,86.6,26.0,25.2,83.28,0.13,66.62,0.11,7.5,0.67
2025-01-27,17:00,Flat,93,TSSC,39.2,25.3,23.2,83.88,0.06,67.11,0.05,3.4,0.67
2025-01-27,17:15,Flat,93,TSSC,29.4,24.9,22.7,84.07,0.05,67.25,0.04,2.6,0.67
2025-01-27,17:30,Flat,93,TSSC,19.6,24.6,22.1,84.25,0.03,67.4,0.03,1.7,0.67
2025-01-27,17:45,Flat,93,TSSC,9.8,24.3,21.5,84.44,0.02,67.55,0.01,0.9,0.67
2025-01-28,05:15,Flat,93,TSSC,6.2,19.7,16.8,85.91,0.01,68.73,0.01,0.5,0.67
2025-01-28,05:30,Flat,93,TSSC,12.3,19.9,17.2,85.8,0.02,68.64,0.02,1.1,0.67
2025-01-28,05:45,Flat,93,TSSC,18.5,20.1,17.5,85.7,0.03,68.56,0.02,1.6,0.67
2025-01-28,06:00,Flat,93,TSSC,24.6,20.2,17.9,85.59,0.04,68.47,0.03,2.2,0.67
2025-01-28,06:15,Flat,93,TSSC,64.9,20.7,19.3,85.12,0.1,68.09,0.08,5.7,0.67
2025-01-28,06:30,Flat,93,TSSC,105.2,21.2,20.8,84.65,0.16,67.72,0.14,9.2,0.67
2025-01-28,06:45,Flat,93,TSSC,145.5,21.7,22.3,84.17,0.22,67.34,0.19,12.7,0.67
2025-01-28,07:00,Flat,93,TSSC,185.8,22.2,23.8,83.7,0.29,66.96,0.24,16.1,0.67
2025-01-28,07:15,Flat,93,TSSC,235.7,23.1,26.0,83.0,0.37,66.4,0.31,20.3,0.67
2025-01-28,07:30,Flat,93,TSSC,285.6,24.1,28.2,82.3,0.44,65.84,0.37,24.5,0.67
2025-01-28,07:45,Flat,93,TSSC,335.6,25.1,30.4,81.6,0.52,65.28,0.44,28.6,0.67
2025-01-28,08:00,Flat,93,TSSC,385.5,26.0,32.6,80.91,0.6,64.73,0.5,32.6,0.67
2025-01-28,08:15,Flat,93,TSSC,427.2,26.6,34.3,80.38,0.67,64.3,0.56,36.0,0.67
2025-01-28,08:30,Flat,93,TSSC,468.9,27.3,36.0,79.85,0.73,63.88,0.62,39.3,0.67
2025-01-28,08:45,Flat,93,TSSC,510.6,27.9,37.7,79.32,0.8,63.45,0.67,42.6,0.67
2025-01-28,09:00,Flat,93,TSSC,552.3,28.5,39.3,78.79,0.87,63.03,0.73,45.8,0.67
2025-01-28,09:15,Flat,93,TSSC,607.5,28.9,41.1,78.24,0.96,62.59,0.8,50.1,0.67
2025-01-28,09:30,Flat,93,TSSC,662.7,29.2,42.8,77.69,1.05,62.15,0.88,54.4,0.67
2025-01-28,09:45,Flat,93,TSSC,718.0,29.6,44.6,77.14,1.13,61.71,0.95,58.6,0.67
2025-01-28,10:00,Flat,93,TSSC,773.2,30.0,46.3,76.59,1.22,61.27,1.02,62.8,0.67
2025-01-28,10:15,Flat,93,TSSC,794.6,30.1,47.0,76.36,1.26,61.09,1.05,64.4,0.67
2025-01-28,10:30,Flat,93,TSSC,816.1,30.3,47.7,76.13,1.29,60.9,1.08,66.0,0.67
2025-01-28,10:45,Flat,93,TSSC,837.6,30.5,48.4,75.9,1.33,60.72,1.11,67.6,0.67
2025-01-28,11:00,Flat,93,TSSC,859.1,30.7,49.2,75.68,1.36,60.54,1.14,69.1,0.67
2025-01-28,11:15,Flat,93,TSSC,862.2,30.8,49.3,75.63,1.37,60.51,1.15,69.4,0.67
2025-01-28,11:30,Flat,93,TSSC,865.3,30.8,49.4,75.59,1.37,60.47,1.15,69.6,0.67
2025-01-28,11:45,Flat,93,TSSC,868.4,30.9,49.6,75.54,1.38,60.44,1.15,69.8,0.67
2025-01-28,12:00,Flat,93,TSSC,871.5,30.9,49.7,75.5,1.38,60.4,1.16,70.0,0.67
2025-01-28,12:15,Flat,93,TSSC,846.8,30.9,49.1,75.7,1.34,60.56,1.13,68.2,0.67
2025-01-28,12:30,Flat,93,TSSC,822.0,30.9,48.5,75.9,1.3,60.72,1.09,66.3,0.67
2025-01-28,12:45,Flat,93,TSSC,797.3,30.9,47.8,76.1,1.26,60.88,1.06,64.4,0.67
2025-01-28,13:00,Flat,93,TSSC,772.5,30.9,47.2,76.29,1.22,61.04,1.02,62.6,0.67
2025-01-28,13:15,Flat,93,TSSC,732.4,30.9,46.2,76.61,1.16,61.29,0.97,59.5,0.67
2025-01-28,13:30,Flat,93,TSSC,692.2,30.9,45.2,76.92,1.09,61.54,0.92,56.4,0.67
2025-01-28,13:45,Flat,93,TSSC,652.1,30.9,44.2,77.24,1.03,61.79,0.86,53.3,0.67
2025-01-28,14:00,Flat,93,TSSC,611.9,30.9,43.2,77.55,0.97,62.04,0.81,50.2,0.67
2025-01-28,14:15,Flat,93,TSSC,558.4,30.8,41.8,78.01,0.88,62.4,0.74,46.0,0.67
2025-01-28,14:30,Flat,93,TSSC,504.9,30.7,40.4,78.46,0.79,62.77,0.67,41.8,0.67
2025-01-28,14:45,Flat,93,TSSC,451.4,30.6,38.9,78.92,0.71,63.13,0.59,37.5,0.67
2025-01-28,15:00,Flat,93,TSSC,397.9,30.5,37.5,79.37,0.62,63.5,0.52,33.2,0.67
2025-01-28,15:15,Flat,93,TSSC,350.1,30.1,35.9,79.88,0.55,63.9,0.46,29.4,0.67
2025-01-28,15:30,Flat,93,TSSC,302.3,29.7,34.3,80.39,0.47,64.31,0.4,25.5,0.67
2025-01-28,15:45,Flat,93,TSSC,254.4,29.3,32.7,80.89,0.4,64.72,0.33,21.5,0.67
2025-01-28,16:00,Flat,93,TSSC,206.6,28.9,31.1,81.4,0.32,65.12,0.27,17.6,0.67
2025-01-28,16:15,Flat,93,TSSC,163.7,28.1,29.2,82.0,0.25,65.6,0.21,14.0,0.67
2025-01-28,16:30,Flat,93,TSSC,120.8,27.3,27.3,82.6,0.19,66.08,0.16,10.4,0.67
2025-01-28,16:45,Flat,93,TSSC,77.9,26.5,25.4,83.19,0.12,66.56,0.1,6.7,0.67
2025-01-28,17:00,Flat,93,TSSC,35.0,25.7,23.5,83.79,0.05,67.03,0.05,3.0,0.67
2025-01-28,17:15,Flat,93,TSSC,26.2,25.4,23.1,83.94,0.04,67.15,0.03,2.3,0.67
2025-01-28,17:30,Flat,93,TSSC,17.5,25.1,22.6,84.09,0.03,67.27,0.02,1.5,0.67
2025-01-28,17:45,Flat,93,TSSC,8.7,24.9,22.1,84.24,0.01,67.39,0.01,0.8,0.67
2025-01-29,05:30,Flat,93,TSSC,8.8,19.9,17.1,85.84,0.01,68.67,0.01,0.8,0.67
2025-01-29,05:45,Flat,93,TSSC,13.1,19.9,17.3,85.78,0.02,68.62,0.02,1.2,0.67
2025-01-29,06:00,Flat,93,TSSC,17.5,20.0,17.5,85.71,0.03,68.57,0.02,1.5,0.67
2025-01-29,06:15,Flat,93,TSSC,43.2,20.5,18.5,85.38,0.07,68.3,0.06,3.8,0.67
2025-01-29,06:30,Flat,93,TSSC,68.9,20.9,19.6,85.04,0.11,68.03,0.09,6.1,0.67
2025-01-29,06:45,Flat,93,TSSC,94.6,21.3,20.7,84.7,0.15,67.76,0.12,8.3,0.67
2025-01-29,07:00,Flat,93,TSSC,120.3,21.7,21.7,84.36,0.19,67.49,0.16,10.5,0.67
2025-01-29,07:15,Flat,93,TSSC,161.0,22.5,23.5,83.81,0.25,67.04,0.21,14.0,0.67
2025-01-29,07:30,Flat,93,TSSC,201.7,23.2,25.3,83.25,0.31,66.6,0.26,17.4,0.67
2025-01-29,07:45,Flat,93,TSSC,242.4,24.0,27.0,82.69,0.38,66.15,0.32,20.9,0.67
2025-01-29,08:00,Flat,93,TSSC,283.1,24.7,28.8,82.13,0.44,65.7,0.37,24.2,0.67
2025-01-29,08:15,Flat,93,TSSC,305.4,25.2,29.8,81.81,0.48,65.45,0.4,26.1,0.67
2025-01-29,08:30,Flat,93,TSSC,327.8,25.6,30.8,81.49,0.51,65.19,0.43,27.9,0.67
2025-01-29,08:45,Flat,93,TSSC,350.1,26.1,31.8,81.16,0.55,64.93,0.46,29.7,0.67
2025-01-29,09:00,Flat,93,TSSC,372.5,26.5,32.9,80.84,0.58,64.67,0.49,31.5,0.67
2025-01-29,09:15,Flat,93,TSSC,416.4,26.7,34.1,80.45,0.65,64.36,0.55,35.1,0.67
2025-01-29,09:30,Flat,93,TSSC,460.3,26.8,35.4,80.05,0.72,64.04,0.6,38.7,0.67
2025-01-29,09:45,Flat,93,TSSC,504.2,27.0,36.6,79.65,0.79,63.72,0.66,42.2,0.67
2025-01-29,10:00,Flat,93,TSSC,548.1,27.1,37.9,79.26,0.86,63.41,0.72,45.7,0.67
2025-01-29,10:15,Flat,93,TSSC,558.9,27.5,38.5,79.06,0.88,63.25,0.74,46.5,0.67
2025-01-29,10:30,Flat,93,TSSC,569.6,27.9,39.1,78.86,0.9,63.09,0.75,47.3,0.67
2025-01-29,10:45,Flat,93,TSSC,580.4,28.2,39.7,78.67,0.91,62.93,0.76,48.1,0.67
2025-01-29,11:00,Flat,93,TSSC,591.2,28.6,40.3,78.47,0.93,62.78,0.78,48.9,0.67
2025-01-29,11:15,Flat,93,TSSC,586.4,28.8,40.5,78.43,0.92,62.74,0.77,48.5,0.67
2025-01-29,11:30,Flat,93,TSSC,581.6,29.1,40.6,78.39,0.92,62.71,0.77,48.1,0.67
2025-01-29,11:45,Flat,93,TSSC,576.9,29.3,40.7,78.35,0.91,62.68,0.76,47.7,0.67
2025-01-29,12:00,Flat,93,TSSC,572.1,29.6,40.9,78.31,0.9,62.64,0.75,47.3,0.67
2025-01-29,12:15,Flat,93,TSSC,571.0,29.6,40.9,78.29,0.9,62.63,0.75,47.2,0.67
2025-01-29,12:30,Flat,93,TSSC,570.0,29.7,41.0,78.27,0.9,62.62,0.75,47.1,0.67
2025-01-29,12:45,Flat,93,TSSC,568.9,29.8,41.0,78.25,0.9,62.6,0.75,47.0,0.67
2025-01-29,13:00,Flat,93,TSSC,567.9,29.9,41.1,78.24,0.89,62.59,0.75,46.9,0.67
2025-01-29,13:15,Flat,93,TSSC,539.9,29.8,40.3,78.49,0.85,62.79,0.71,44.7,0.67
2025-01-29,13:30,Flat,93,TSSC,511.9,29.7,39.5,78.75,0.8,63.0,0.67,42.5,0.67
2025-01-29,13:45,Flat,93,TSSC,483.9,29.6,38.7,79.0,0.76,63.2,0.64,40.2,0.67
2025-01-29,14:00,Flat,93,TSSC,455.9,29.5,37.9,79.25,0.72,63.4,0.6,38.0,0.67
2025-01-29,14:15,Flat,93,TSSC,412.8,29.2,36.5,79.68,0.65,63.74,0.54,34.5,0.67
2025-01-29,14:30,Flat,93,TSSC,369.8,29.0,35.2,80.1,0.58,64.08,0.48,31.1,0.67
2025-01-29,14:45,Flat,93,TSSC,326.7,28.7,33.9,80.52,0.51,64.42,0.43,27.6,0.67
2025-01-29,15:00,Flat,93,TSSC,283.6,28.4,32.5,80.94,0.44,64.75,0.37,24.0,0.67
2025-01-29,15:15,Flat,93,TSSC,248.2,28.1,31.3,81.34,0.39,65.07,0.32,21.1,0.67
2025-01-29,15:30,Flat,93,TSSC,212.8,27.7,30.0,81.73,0.33,65.39,0.28,18.1,0.67
2025-01-29,15:45,Flat,93,TSSC,177.3,27.4,28.8,82.13,0.28,65.7,0.23,15.2,0.67
2025-01-29,16:00,Flat,93,TSSC,141.9,27.0,27.5,82.52,0.22,66.02,0.18,12.2,0.67
2025-01-29,16:15,Flat,93,TSSC,112.8,26.5,26.4,82.9,0.18,66.32,0.15,9.7,0.67
2025-01-29,16:30,Flat,93,TSSC,83.8,26.1,25.2,83.28,0.13,66.62,0.11,7.2,0.67
2025-01-29,16:45,Flat,93,TSSC,54.7,25.6,24.0,83.65,0.08,66.92,0.07,4.7,0.67
2025-01-29,17:00,Flat,93,TSSC,25.7,25.1,22.8,84.03,0.04,67.22,0.03,2.2,0.67
2025-01-29,17:15,Flat,93,TSSC,19.3,25.0,22.4,84.14,0.03,67.31,0.02,1.7,0.67
2025-01-29,17:30,Flat,93,TSSC,12.8,24.8,22.1,84.25,0.02,67.4,0.02,1.1,0.67
2025-01-29,17:45,Flat,93,TSSC,6.4,24.6,21.7,84.36,0.01,67.49,0.01,0.6,0.67
2025-01-30,05:30,Flat,93,TSSC,7.9,21.6,18.8,85.29,0.01,68.23,0.01,0.7,0.67
2025-01-30,05:45,Flat,93,TSSC,11.9,21.7,19.0,85.23,0.02,68.18,0.02,1.0,0.67
2025-01-30,06:00,Flat,93,TSSC,15.8,21.8,19.2,85.17,0.02,68.14,0.02,1.4,0.67
2025-01-30,06:15,Flat,93,TSSC,43.3,22.2,20.3,84.81,0.07,67.85,0.06,3.8,0.67
2025-01-30,06:30,Flat,93,TSSC,70.8,22.7,21.4,84.46,0.11,67.57,0.09,6.2,0.67
2025-01-30,06:45,Flat,93,TSSC,98.2,23.1,22.5,84.11,0.15,67.28,0.13,8.6,0.67
2025-01-30,07:00,Flat,93,TSSC,125.7,23.5,23.7,83.75,0.19,67.0,0.16,10.9,0.67
2025-01-30,07:15,Flat,93,TSSC,160.9,24.1,25.1,83.29,0.25,66.63,0.21,13.9,0.67
2025-01-30,07:30,Flat,93,TSSC,196.0,24.7,26.6,82.83,0.3,66.26,0.25,16.9,0.67
2025-01-30,07:45,Flat,93,TSSC,231.2,25.2,28.0,82.37,0.36,65.9,0.3,19.8,0.67
2025-01-30,08:00,Flat,93,TSSC,266.4,25.8,29.5,81.91,0.41,65.53,0.35,22.8,0.67
2025-01-30,08:15,Flat,93,TSSC,296.1,26.3,30.7,81.51,0.46,65.21,0.39,25.2,0.67
2025-01-30,08:30,Flat,93,TSSC,325.8,26.8,32.0,81.11,0.51,64.89,0.43,27.6,0.67
2025-01-30,08:45,Flat,93,TSSC,355.5,27.4,33.2,80.72,0.56,64.57,0.47,30.0,0.67
2025-01-30,09:00,Flat,93,TSSC,385.2,27.9,34.5,80.32,0.6,64.26,0.5,32.4,0.67
2025-01-30,09:15,Flat,93,TSSC,401.6,28.3,35.3,80.07,0.63,64.05,0.53,33.7,0.67
2025-01-30,09:30,Flat,93,TSSC,417.9,28.7,36.1,79.81,0.65,63.85,0.55,35.0,0.67
2025-01-30,09:45,Flat,93,TSSC,434.3,29.1,36.9,79.56,0.68,63.64,0.57,36.3,0.67
2025-01-30,10:00,Flat,93,TSSC,450.6,29.4,37.7,79.3,0.71,63.44,0.59,37.6,0.67
2025-01-30,10:15,Flat,93,TSSC,485.1,29.6,38.7,78.99,0.76,63.19,0.64,40.3,0.67
2025-01-30,10:30,Flat,93,TSSC,519.5,29.7,39.7,78.68,0.82,62.95,0.68,43.1,0.67
2025-01-30,10:45,Flat,93,TSSC,554.0,29.8,40.6,78.37,0.87,62.7,0.73,45.8,0.67
2025-01-30,11:00,Flat,93,TSSC,588.4,29.9,41.6,78.07,0.93,62.45,0.78,48.5,0.67
2025-01-30,11:15,Flat,93,TSSC,594.1,29.8,41.7,78.05,0.94,62.44,0.78,49.0,0.67
2025-01-30,11:30,Flat,93,TSSC,599.8,29.7,41.7,78.03,0.95,62.43,0.79,49.4,0.67
2025-01-30,11:45,Flat,93,TSSC,605.5,29.6,41.8,78.02,0.95,62.41,0.8,49.9,0.67
2025-01-30,12:00,Flat,93,TSSC,611.2,29.6,41.8,78.0,0.96,62.4,0.81,50.3,0.67
2025-01-30,12:15,Flat,93,TSSC,608.2,29.5,41.7,78.05,0.96,62.44,0.8,50.1,0.67
2025-01-30,12:30,Flat,93,TSSC,605.3,29.4,41.5,78.1,0.95,62.48,0.8,49.9,0.67
2025-01-30,12:45,Flat,93,TSSC,602.3,29.3,41.3,78.15,0.95,62.52,0.79,49.7,0.67
2025-01-30,13:00,Flat,93,TSSC,599.4,29.2,41.2,78.21,0.94,62.57,0.79,49.5,0.67
2025-01-30,13:15,Flat,93,TSSC,554.2,29.1,40.0,78.59,0.87,62.87,0.73,45.9,0.67
2025-01-30,13:30,Flat,93,TSSC,509.1,29.0,38.8,78.97,0.8,63.18,0.67,42.3,0.67
2025-01-30,13:45,Flat,93,TSSC,464.1,28.9,37.5,79.36,0.73,63.48,0.61,38.7,0.67
2025-01-30,14:00,Flat,93,TSSC,418.9,28.9,36.3,79.74,0.66,63.79,0.55,35.1,0.67
2025-01-30,14:15,Flat,93,TSSC,376.8,28.8,35.2,80.1,0.59,64.08,0.49,31.7,0.67
2025-01-30,14:30,Flat,93,TSSC,334.6,28.7,34.0,80.47,0.52,64.38,0.44,28.2,0.67
2025-01-30,14:45,Flat,93,TSSC,292.5,28.6,32.9,80.84,0.46,64.67,0.38,24.7,0.67
2025-01-30,15:00,Flat,93,TSSC,250.3,28.5,31.7,81.2,0.39,64.96,0.33,21.3,0.67
2025-01-30,15:15,Flat,93,TSSC,219.0,28.3,30.7,81.51,0.34,65.21,0.29,18.6,0.67
2025-01-30,15:30,Flat,93,TSSC,187.7,28.1,29.8,81.82,0.29,65.46,0.24,16.0,0.67
2025-01-30,15:45,Flat,93,TSSC,156.3,27.9,28.8,82.13,0.24,65.71,0.2,13.4,0.67
2025-01-30,16:00,Flat,93,TSSC,125.0,27.7,27.8,82.45,0.19,65.96,0.16,10.7,0.67
2025-01-30,16:15,Flat,93,TSSC,99.2,27.3,26.8,82.77,0.15,66.22,0.13,8.5,0.67
2025-01-30,16:30,Flat,93,TSSC,73.4,26.9,25.7,83.09,0.11,66.47,0.1,6.3,0.67
2025-01-30,16:45,Flat,93,TSSC,47.6,26.5,24.7,83.42,0.07,66.73,0.06,4.1,0.67
2025-01-30,17:00,Flat,93,TSSC,21.8,26.2,23.7,83.74,0.03,66.99,0.03,1.9,0.67
2025-01-30,17:15,Flat,93,TSSC,16.4,26.0,23.4,83.84,0.03,67.07,0.02,1.4,0.67
2025-01-30,17:30,Flat,93,TSSC,10.9,25.8,23.1,83.94,0.02,67.15,0.01,0.9,0.67
2025-01-30,17:45,Flat,93,TSSC,5.4,25.6,22.8,84.03,0.01,67.23,0.01,0.5,0.67
2025-01-31,05:30,Flat,93,TSSC,6.9,23.0,20.2,84.85,0.01,67.88,0.01,0.6,0.67
2025-01-31,05:45,Flat,93,TSSC,10.3,23.2,20.4,84.78,0.02,67.83,0.01,0.9,0.67
2025-01-31,06:00,Flat,93,TSSC,13.8,23.3,20.6,84.71,0.02,67.77,0.02,1.2,0.67
2025-01-31,06:15,Flat,93,TSSC,38.9,23.7,21.6,84.4,0.06,67.52,0.05,3.4,0.67
2025-01-31,06:30,Flat,93,TSSC,64.1,24.0,22.6,84.08,0.1,67.26,0.08,5.6,0.67
2025-01-31,06:45,Flat,93,TSSC,89.3,24.4,23.6,83.77,0.14,67.01,0.12,7.8,0.67
2025-01-31,07:00,Flat,93,TSSC,114.5,24.8,24.6,83.45,0.18,66.76,0.15,9.9,0.67
2025-01-31,07:15,Flat,93,TSSC,149.7,25.2,26.0,83.02,0.23,66.42,0.19,12.9,0.67
2025-01-31,07:30,Flat,93,TSSC,185.0,25.7,27.3,82.6,0.29,66.08,0.24,15.9,0.67
2025-01-31,07:45,Flat,93,TSSC,220.3,26.2,28.7,82.17,0.34,65.74,0.29,18.9,0.67
2025-01-31,08:00,Flat,93,TSSC,255.6,26.6,30.0,81.74,0.4,65.39,0.33,21.8,0.67
2025-01-31,08:15,Flat,93,TSSC,291.5,27.1,31.4,81.31,0.45,65.05,0.38,24.8,0.67
2025-01-31,08:30,Flat,93,TSSC,327.4,27.5,32.7,80.88,0.51,64.71,0.43,27.7,0.67
2025-01-31,08:45,Flat,93,TSSC,363.3,28.0,34.1,80.45,0.57,64.36,0.48,30.6,0.67
2025-01-31,09:00,Flat,93,TSSC,399.2,28.5,35.4,80.02,0.63,64.02,0.52,33.5,0.67
2025-01-31,09:15,Flat,93,TSSC,437.8,28.8,36.8,79.6,0.69,63.68,0.57,36.6,0.67
2025-01-31,09:30,Flat,93,TSSC,476.3,29.2,38.1,79.19,0.75,63.35,0.63,39.7,0.67
2025-01-31,09:45,Flat,93,TSSC,514.9,29.5,39.4,78.77,0.81,63.01,0.68,42.7,0.67
2025-01-31,10:00,Flat,93,TSSC,553.5,29.9,40.7,78.35,0.87,62.68,0.73,45.7,0.67
2025-01-31,10:15,Flat,93,TSSC,552.8,30.1,40.9,78.28,0.87,62.62,0.73,45.6,0.67
2025-01-31,10:30,Flat,93,TSSC,552.1,30.4,41.2,78.21,0.87,62.57,0.73,45.6,0.67
2025-01-31,10:45,Flat,93,TSSC,551.4,30.6,41.4,78.14,0.87,62.51,0.73,45.5,0.67
2025-01-31,11:00,Flat,93,TSSC,550.8,30.8,41.6,78.07,0.87,62.46,0.73,45.4,0.67
2025-01-31,11:15,Flat,93,TSSC,543.2,31.0,41.5,78.09,0.86,62.47,0.72,44.8,0.67
2025-01-31,11:30,Flat,93,TSSC,535.7,31.1,41.5,78.11,0.84,62.49,0.71,44.2,0.67
2025-01-31,11:45,Flat,93,TSSC,528.2,31.2,41.4,78.14,0.83,62.51,0.7,43.6,0.67
2025-01-31,12:00,Flat,93,TSSC,520.6,31.3,41.3,78.16,0.82,62.53,0.69,42.9,0.67
2025-01-31,12:15,Flat,93,TSSC,515.7,31.3,41.2,78.2,0.81,62.56,0.68,42.6,0.67
2025-01-31,12:30,Flat,93,TSSC,510.9,31.3,41.1,78.24,0.8,62.59,0.67,42.2,0.67
2025-01-31,12:45,Flat,93,TSSC,506.0,31.3,41.0,78.28,0.8,62.62,0.67,41.8,0.67
2025-01-31,13:00,Flat,93,TSSC,501.1,31.3,40.8,78.32,0.79,62.65,0.66,41.4,0.67
2025-01-31,13:15,Flat,93,TSSC,515.0,31.2,41.1,78.24,0.81,62.59,0.68,42.5,0.67
2025-01-31,13:30,Flat,93,TSSC,528.8,31.1,41.3,78.16,0.83,62.53,0.7,43.6,0.67
2025-01-31,13:45,Flat,93,TSSC,542.7,31.0,41.6,78.08,0.85,62.47,0.72,44.7,0.67
2025-01-31,14:00,Flat,93,TSSC,556.5,30.9,41.8,78.01,0.88,62.41,0.73,45.8,0.67
2025-01-31,14:15,Flat,93,TSSC,516.4,30.7,40.7,78.37,0.81,62.7,0.68,42.7,0.67
2025-01-31,14:30,Flat,93,TSSC,476.3,30.6,39.5,78.73,0.75,62.99,0.63,39.5,0.67
2025-01-31,14:45,Flat,93,TSSC,436.2,30.5,38.4,79.1,0.69,63.28,0.57,36.3,0.67
2025-01-31,15:00,Flat,93,TSSC,396.1,30.3,37.2,79.46,0.62,63.57,0.52,33.1,0.67
2025-01-31,15:15,Flat,93,TSSC,346.5,30.1,35.7,79.93,0.54,63.94,0.45,29.1,0.67
2025-01-31,15:30,Flat,93,TSSC,296.8,29.8,34.2,80.4,0.46,64.32,0.39,25.0,0.67
2025-01-31,15:45,Flat,93,TSSC,247.2,29.6,32.8,80.87,0.39,64.7,0.32,20.9,0.67
2025-01-31,16:00,Flat,93,TSSC,197.6,29.3,31.3,81.35,0.31,65.08,0.26,16.8,0.67
2025-01-31,16:15,Flat,93,TSSC,157.5,28.8,29.8,81.82,0.25,65.46,0.21,13.4,0.67
2025-01-31,16:30,Flat,93,TSSC,117.4,28.3,28.3,82.29,0.18,65.84,0.15,10.1,0.67
2025-01-31,16:45,Flat,93,TSSC,77.3,27.8,26.8,82.77,0.12,66.21,0.1,6.7,0.67
2025-01-31,17:00,Flat,93,TSSC,37.2,27.3,25.3,83.24,0.06,66.59,0.05,3.2,0.67
2025-01-31,17:15,Flat,93,TSSC,27.9,27.0,24.7,83.41,0.04,66.73,0.04,2.4,0.67
2025-01-31,17:30,Flat,93,TSSC,18.6,26.7,24.2,83.58,0.03,66.87,0.02,1.6,0.67
2025-01-31,17:45,Flat,93,TSSC,9.3,26.4,23.7,83.76,0.01,67.0,0.01,0.8,0.67
