Date,Time,Shape,Spacing_cm,Connection,Irradiation_Wm2,AmbientTemp_C,CellTemp_C,Voc_V,Isc_A,Vm_V,Im_A,Pm_W,FF
2025-04-01,05:15,Flat,62,TCT,17.1,25.6,30.0,81.75,0.03,65.4,0.02,1.5,0.67
2025-04-01,05:30,Flat,62,TCT,34.1,25.8,30.7,81.54,0.05,65.23,0.05,3.0,0.67
2025-04-01,05:45,Flat,62,TCT,51.2,26.0,31.3,81.33,0.08,65.06,0.07,4.4,0.67
2025-04-01,06:00,Flat,62,TCT,68.2,26.3,32.0,81.12,0.11,64.9,0.09,5.9,0.67
2025-04-01,06:15,Flat,62,TCT,109.6,26.8,33.6,80.61,0.17,64.49,0.15,9.4,0.67
2025-04-01,06:30,Flat,62,TCT,151.0,27.4,35.2,80.1,0.24,64.08,0.2,12.9,0.67
2025-04-01,06:45,Flat,62,TCT,192.4,28.0,36.8,79.6,0.31,63.68,0.26,16.4,0.67
2025-04-01,07:00,Flat,62,TCT,233.7,28.6,38.4,79.09,0.37,63.27,0.31,19.8,0.67
2025-04-01,07:15,Flat,62,TCT,284.0,29.1,40.2,78.52,0.46,62.82,0.38,24.0,0.67
2025-04-01,07:30,Flat,62,TCT,334.3,29.6,42.0,77.96,0.54,62.36,0.45,28.0,0.67
2025-04-01,07:45,Flat,62,TCT,384.6,30.1,43.8,77.39,0.62,61.91,0.52,32.1,0.67
2025-04-01,08:00,Flat,62,TCT,434.9,30.7,45.5,76.82,0.7,61.46,0.59,36.1,0.67
2025-04-01,08:15,Flat,62,TCT,481.4,31.1,47.2,76.31,0.78,61.05,0.65,39.7,0.67
2025-04-01,08:30,Flat,62,TCT,528.0,31.6,48.8,75.8,0.85,60.64,0.71,43.4,0.67
2025-04-01,08:45,Flat,62,TCT,574.6,32.0,50.4,75.29,0.93,60.23,0.78,46.9,0.67
2025-04-01,09:00,Flat,62,TCT,621.1,32.5,52.0,74.78,1.01,59.82,0.84,50.5,0.67
2025-04-01,09:15,Flat,62,TCT,636.6,32.9,52.8,74.53,1.03,59.62,0.87,51.6,0.67
2025-04-01,09:30,Flat,62,TCT,652.1,33.3,53.6,74.28,1.06,59.43,0.89,52.7,0.67
2025-04-01,09:45,Flat,62,TCT,667.6,33.7,54.4,74.03,1.09,59.23,0.91,53.8,0.67
2025-04-01,10:00,Flat,62,TCT,683.1,34.1,55.1,73.79,1.11,59.03,0.93,54.9,0.67
2025-04-01,10:15,Flat,62,TCT,712.2,34.4,56.2,73.45,1.16,58.76,0.97,57.1,0.67
2025-04-01,10:30,Flat,62,TCT,741.2,34.7,57.2,73.12,1.21,58.49,1.01,59.2,0.67
2025-04-01,10:45,Flat,62,TCT,770.3,35.0,58.3,72.78,1.26,58.23,1.05,61.3,0.67
2025-04-01,11:00,Flat,62,TCT,799.4,35.4,59.4,72.45,1.31,57.96,1.09,63.4,0.67
2025-04-01,11:15,Flat,62,TCT,784.8,35.6,59.2,72.5,1.28,58.0,1.07,62.3,0.67
2025-04-01,11:30,Flat,62,TCT,770.2,35.8,59.0,72.55,1.26,58.04,1.05,61.1,0.67
2025-04-01,11:45,Flat,62,TCT,755.7,36.0,58.9,72.6,1.23,58.08,1.03,60.0,0.67
2025-04-01,12:00,Flat,62,TCT,741.1,36.2,58.7,72.65,1.21,58.12,1.01,58.9,0.67
2025-04-01,12:15,Flat,62,TCT,734.4,36.2,58.6,72.69,1.2,58.15,1.0,58.4,0.67
2025-04-01,12:30,Flat,62,TCT,727.7,36.3,58.5,72.72,1.19,58.18,0.99,57.9,0.67
2025-04-01,12:45,Flat,62,TCT,720.9,36.4,58.4,72.75,1.18,58.2,0.99,57.4,0.67
2025-04-01,13:00,Flat,62,TCT,714.2,36.4,58.3,72.79,1.17,58.23,0.98,56.8,0.67
2025-04-01,13:15,Flat,62,TCT,666.7,36.4,57.0,73.19,1.09,58.55,0.91,53.3,0.67
2025-04-01,13:30,Flat,62,TCT,619.1,36.3,55.8,73.59,1.01,58.87,0.84,49.7,0.67
2025-04-01,13:45,Flat,62,TCT,571.6,36.2,54.5,73.98,0.93,59.19,0.78,46.1,0.67
2025-04-01,14:00,Flat,62,TCT,524.0,36.1,53.3,74.38,0.85,59.51,0.71,42.4,0.67
2025-04-01,14:15,Flat,62,TCT,499.7,35.9,52.4,74.66,0.81,59.73,0.68,40.6,0.67
2025-04-01,14:30,Flat,62,TCT,475.3,35.6,51.5,74.95,0.77,59.96,0.65,38.7,0.67
2025-04-01,14:45,Flat,62,TCT,451.0,35.3,50.6,75.23,0.73,60.18,0.61,36.8,0.67
2025-04-01,15:00,Flat,62,TCT,426.6,35.0,49.7,75.51,0.69,60.41,0.58,34.9,0.67
2025-04-01,15:15,Flat,62,TCT,373.7,34.6,47.9,76.06,0.6,60.85,0.51,30.8,0.67
2025-04-01,15:30,Flat,62,TCT,320.8,34.2,46.2,76.61,0.52,61.29,0.43,26.6,0.67
2025-04-01,15:45,Flat,62,TCT,267.9,33.8,44.5,77.17,0.43,61.73,0.36,22.3,0.67
2025-04-01,16:00,Flat,62,TCT,215.0,33.3,42.7,77.72,0.35,62.18,0.29,18.0,0.67
2025-04-01,16:15,Flat,62,TCT,171.7,32.8,41.1,78.23,0.28,62.58,0.23,14.4,0.67
2025-04-01,16:30,Flat,62,TCT,128.3,32.3,39.5,78.74,0.21,62.99,0.17,10.8,0.67
2025-04-01,16:45,Flat,62,TCT,85.0,31.8,37.9,79.24,0.14,63.4,0.11,7.2,0.67
2025-04-01,17:00,Flat,62,TCT,41.6,31.2,36.3,79.75,0.07,63.8,0.06,3.6,0.67
2025-04-01,17:15,Flat,62,TCT,31.2,30.8,35.6,79.98,0.05,63.98,0.04,2.7,0.67
2025-04-01,17:30,Flat,62,TCT,20.8,30.4,34.9,80.2,0.03,64.16,0.03,1.8,0.67
2025-04-01,17:45,Flat,62,TCT,10.4,29.9,34.2,80.42,0.02,64.34,0.01,0.9,0.67
2025-04-02,05:15,Flat,62,TCT,20.4,26.1,30.6,81.54,0.03,65.24,0.03,1.8,0.67
2025-04-02,05:30,Flat,62,TCT,40.8,26.4,31.4,81.29,0.06,65.03,0.05,3.5,0.67
2025-04-02,05:45,Flat,62,TCT,61.2,26.7,32.3,81.03,0.1,64.82,0.08,5.3,0.67
2025-04-02,06:00,Flat,62,TCT,81.6,27.0,33.1,80.77,0.13,64.62,0.11,7.0,0.67
2025-04-02,06:15,Flat,62,TCT,132.0,27.5,34.8,80.23,0.21,64.19,0.18,11.3,0.67
2025-04-02,06:30,Flat,62,TCT,182.5,27.9,36.5,79.69,0.29,63.75,0.24,15.6,0.67
2025-04-02,06:45,Flat,62,TCT,232.9,28.4,38.2,79.15,0.37,63.32,0.31,19.8,0.67
2025-04-02,07:00,Flat,62,TCT,283.4,28.8,39.9,78.61,0.45,62.89,0.38,23.9,0.67
2025-04-02,07:15,Flat,62,TCT,324.1,29.3,41.5,78.12,0.52,62.5,0.44,27.2,0.67
2025-04-02,07:30,Flat,62,TCT,364.9,29.9,43.0,77.63,0.59,62.1,0.49,30.5,0.67
2025-04-02,07:45,Flat,62,TCT,405.6,30.4,44.5,77.14,0.65,61.71,0.55,33.8,0.67
2025-04-02,08:00,Flat,62,TCT,446.4,30.9,46.1,76.65,0.72,61.32,0.6,37.0,0.67
2025-04-02,08:15,Flat,62,TCT,488.8,31.3,47.5,76.2,0.79,60.96,0.66,40.3,0.67
2025-04-02,08:30,Flat,62,TCT,531.2,31.7,48.9,75.75,0.86,60.6,0.72,43.6,0.67
2025-04-02,08:45,Flat,62,TCT,573.6,32.0,50.4,75.3,0.93,60.24,0.78,46.9,0.67
2025-04-02,09:00,Flat,62,TCT,616.0,32.4,51.8,74.85,1.0,59.88,0.84,50.1,0.67
2025-04-02,09:15,Flat,62,TCT,659.4,32.6,53.1,74.43,1.07,59.54,0.9,53.4,0.67
2025-04-02,09:30,Flat,62,TCT,702.9,32.9,54.4,74.01,1.14,59.21,0.96,56.7,0.67
2025-04-02,09:45,Flat,62,TCT,746.3,33.1,55.7,73.59,1.21,58.87,1.02,59.9,0.67
2025-04-02,10:00,Flat,62,TCT,789.8,33.3,57.1,73.17,1.29,58.54,1.08,63.1,0.67
2025-04-02,10:15,Flat,62,TCT,800.7,33.5,57.5,73.04,1.31,58.43,1.09,63.9,0.67
2025-04-02,10:30,Flat,62,TCT,811.6,33.6,57.9,72.91,1.32,58.33,1.11,64.7,0.67
2025-04-02,10:45,Flat,62,TCT,822.5,33.7,58.3,72.78,1.34,58.22,1.12,65.5,0.67
2025-04-02,11:00,Flat,62,TCT,833.4,33.9,58.7,72.65,1.36,58.12,1.14,66.2,0.67
2025-04-02,11:15,Flat,62,TCT,803.5,34.0,58.1,72.86,1.31,58.29,1.1,64.0,0.67
2025-04-02,11:30,Flat,62,TCT,773.6,34.0,57.4,73.07,1.26,58.46,1.06,61.8,0.67
2025-04-02,11:45,Flat,62,TCT,743.7,34.1,56.7,73.29,1.21,58.63,1.01,59.5,0.67
2025-04-02,12:00,Flat,62,TCT,713.8,34.2,56.0,73.5,1.16,58.8,0.97,57.2,0.67
2025-04-02,12:15,Flat,62,TCT,689.6,34.2,55.5,73.68,1.12,58.95,0.94,55.4,0.67
2025-04-02,12:30,Flat,62,TCT,665.5,34.2,54.9,73.87,1.08,59.1,0.91,53.6,0.67
2025-04-02,12:45,Flat,62,TCT,641.3,34.2,54.3,74.06,1.04,59.25,0.87,51.7,0.67
2025-04-02,13:00,Flat,62,TCT,617.1,34.3,53.7,74.24,1.0,59.4,0.84,49.9,0.67
2025-04-02,13:15,Flat,62,TCT,596.3,34.2,53.1,74.44,0.97,59.55,0.81,48.3,0.67
2025-04-02,13:30,Flat,62,TCT,575.6,34.0,52.4,74.64,0.93,59.71,0.78,46.7,0.67
2025-04-02,13:45,Flat,62,TCT,554.8,33.9,51.8,74.84,0.9,59.87,0.75,45.1,0.67
2025-04-02,14:00,Flat,62,TCT,534.0,33.8,51.2,75.04,0.87,60.03,0.72,43.5,0.67
2025-04-02,14:15,Flat,62,TCT,497.9,33.6,50.1,75.39,0.81,60.31,0.68,40.7,0.67
2025-04-02,14:30,Flat,62,TCT,461.7,33.4,49.0,75.74,0.75,60.59,0.63,37.9,0.67
2025-04-02,14:45,Flat,62,TCT,425.6,33.2,47.9,76.09,0.69,60.87,0.58,35.1,0.67
2025-04-02,15:00,Flat,62,TCT,389.5,33.0,46.8,76.44,0.63,61.15,0.53,32.2,0.67
2025-04-02,15:15,Flat,62,TCT,345.5,32.7,45.3,76.89,0.56,61.51,0.47,28.7,0.67
2025-04-02,15:30,Flat,62,TCT,301.5,32.4,43.9,77.34,0.49,61.87,0.41,25.1,0.67
2025-04-02,15:45,Flat,62,TCT,257.4,32.1,42.5,77.78,0.41,62.23,0.35,21.6,0.67
2025-04-02,16:00,Flat,62,TCT,213.4,31.8,41.1,78.23,0.34,62.59,0.29,18.0,0.67
2025-04-02,16:15,Flat,62,TCT,170.0,31.2,39.4,78.76,0.27,63.01,0.23,14.4,0.67
2025-04-02,16:30,Flat,62,TCT,126.6,30.6,37.8,79.28,0.2,63.43,0.17,10.8,0.67
2025-04-02,16:45,Flat,62,TCT,83.2,30.0,36.1,79.81,0.13,63.85,0.11,7.1,0.67
2025-04-02,17:00,Flat,62,TCT,39.8,29.4,34.4,80.34,0.06,64.27,0.05,3.4,0.67
2025-04-02,17:15,Flat,62,TCT,29.8,29.0,33.7,80.56,0.05,64.45,0.04,2.6,0.67
2025-04-02,17:30,Flat,62,TCT,19.9,28.5,33.0,80.78,0.03,64.63,0.03,1.7,0.67
2025-04-02,17:45,Flat,62,TCT,9.9,28.1,32.3,81.0,0.02,64.8,0.01,0.9,0.67
2025-04-03,05:15,Flat,62,TCT,22.8,25.2,29.7,81.83,0.04,65.47,0.03,2.0,0.67
2025-04-03,05:30,Flat,62,TCT,45.5,25.4,30.5,81.58,0.07,65.26,0.06,3.9,0.67
2025-04-03,05:45,Flat,62,TCT,68.2,25.6,31.3,81.32,0.11,65.06,0.09,5.9,0.67
2025-04-03,06:00,Flat,62,TCT,91.0,25.9,32.1,81.07,0.14,64.85,0.12,7.9,0.67
2025-04-03,06:15,Flat,62,TCT,145.7,26.2,33.9,80.51,0.23,64.41,0.19,12.5,0.67
2025-04-03,06:30,Flat,62,TCT,200.3,26.6,35.6,79.96,0.32,63.97,0.27,17.1,0.67
2025-04-03,06:45,Flat,62,TCT,255.0,27.0,37.4,79.4,0.41,63.52,0.34,21.7,0.67
2025-04-03,07:00,Flat,62,TCT,309.7,27.4,39.1,78.85,0.5,63.08,0.42,26.2,0.67
2025-04-03,07:15,Flat,62,TCT,360.0,27.8,40.8,78.33,0.58,62.67,0.48,30.3,0.67
2025-04-03,07:30,Flat,62,TCT,410.3,28.1,42.4,77.82,0.66,62.25,0.55,34.4,0.67
2025-04-03,07:45,Flat,62,TCT,460.7,28.5,44.0,77.3,0.74,61.84,0.62,38.4,0.67
2025-04-03,08:00,Flat,62,TCT,511.0,28.9,45.7,76.78,0.82,61.43,0.69,42.4,0.67
2025-04-03,08:15,Flat,62,TCT,548.9,29.3,47.0,76.36,0.89,61.09,0.74,45.3,0.67
2025-04-03,08:30,Flat,62,TCT,586.8,29.7,48.3,75.94,0.95,60.75,0.79,48.3,0.67
2025-04-03,08:45,Flat,62,TCT,624.8,30.0,49.7,75.52,1.01,60.42,0.85,51.2,0.67
2025-04-03,09:00,Flat,62,TCT,662.7,30.4,51.0,75.1,1.07,60.08,0.9,54.0,0.67
2025-04-03,09:15,Flat,62,TCT,688.3,30.7,51.9,74.8,1.12,59.84,0.93,55.9,0.67
2025-04-03,09:30,Flat,62,TCT,713.9,31.0,52.9,74.51,1.16,59.61,0.97,57.8,0.67
2025-04-03,09:45,Flat,62,TCT,739.5,31.3,53.8,74.21,1.2,59.37,1.01,59.7,0.67
2025-04-03,10:00,Flat,62,TCT,765.1,31.6,54.7,73.92,1.24,59.13,1.04,61.6,0.67
2025-04-03,10:15,Flat,62,TCT,777.6,31.8,55.2,73.75,1.27,59.0,1.06,62.5,0.67
2025-04-03,10:30,Flat,62,TCT,790.1,32.0,55.7,73.59,1.29,58.87,1.08,63.4,0.67
2025-04-03,10:45,Flat,62,TCT,802.6,32.2,56.3,73.43,1.31,58.74,1.09,64.3,0.67
2025-04-03,11:00,Flat,62,TCT,815.2,32.4,56.8,73.27,1.33,58.61,1.11,65.2,0.67
2025-04-03,11:15,Flat,62,TCT,805.9,32.5,56.6,73.32,1.31,58.66,1.1,64.5,0.67
2025-04-03,11:30,Flat,62,TCT,796.5,32.5,56.4,73.37,1.3,58.7,1.09,63.8,0.67
2025-04-03,11:45,Flat,62,TCT,787.2,32.6,56.3,73.42,1.28,58.74,1.07,63.1,0.67
2025-04-03,12:00,Flat,62,TCT,777.9,32.7,56.1,73.47,1.27,58.78,1.06,62.4,0.67
2025-04-03,12:15,Flat,62,TCT,741.5,32.6,55.2,73.78,1.21,59.02,1.01,59.6,0.67
2025-04-03,12:30,Flat,62,TCT,705.0,32.6,54.2,74.08,1.15,59.27,0.96,56.9,0.67
2025-04-03,12:45,Flat,62,TCT,668.6,32.5,53.2,74.39,1.09,59.51,0.91,54.1,0.67
2025-04-03,13:00,Flat,62,TCT,632.1,32.5,52.3,74.69,1.03,59.75,0.86,51.3,0.67
2025-04-03,13:15,Flat,62,TCT,582.1,32.3,50.9,75.13,0.94,60.1,0.79,47.5,0.67
2025-04-03,13:30,Flat,62,TCT,532.1,32.2,49.5,75.57,0.86,60.45,0.72,43.6,0.67
2025-04-03,13:45,Flat,62,TCT,482.1,32.1,48.1,76.01,0.78,60.8,0.65,39.7,0.67
2025-04-03,14:00,Flat,62,TCT,432.1,31.9,46.7,76.44,0.7,61.15,0.58,35.7,0.67
2025-04-03,14:15,Flat,62,TCT,391.7,31.7,45.5,76.82,0.63,61.46,0.53,32.5,0.67
2025-04-03,14:30,Flat,62,TCT,351.3,31.6,44.3,77.21,0.57,61.76,0.47,29.3,0.67
2025-04-03,14:45,Flat,62,TCT,310.8,31.4,43.1,77.59,0.5,62.07,0.42,26.0,0.67
2025-04-03,15:00,Flat,62,TCT,270.4,31.2,41.9,77.97,0.43,62.37,0.36,22.7,0.67
2025-04-03,15:15,Flat,62,TCT,239.1,30.9,40.9,78.31,0.38,62.64,0.32,20.1,0.67
2025-04-03,15:30,Flat,62,TCT,207.7,30.6,39.8,78.64,0.33,62.91,0.28,17.5,0.67
2025-04-03,15:45,Flat,62,TCT,176.4,30.3,38.7,78.98,0.28,63.19,0.24,14.9,0.67
2025-04-03,16:00,Flat,62,TCT,145.1,30.0,37.7,79.32,0.23,63.46,0.19,12.3,0.67
2025-04-03,16:15,Flat,62,TCT,116.4,29.6,36.5,79.67,0.19,63.74,0.16,9.9,0.67
2025-04-03,16:30,Flat,62,TCT,87.7,29.2,35.4,80.03,0.14,64.02,0.12,7.5,0.67
2025-04-03,16:45,Flat,62,TCT,59.1,28.8,34.3,80.38,0.09,64.3,0.08,5.1,0.67
2025-04-03,17:00,Flat,62,TCT,30.4,28.4,33.2,80.73,0.05,64.59,0.04,2.6,0.67
2025-04-03,17:15,Flat,62,TCT,22.8,28.1,32.7,80.89,0.04,64.71,0.03,2.0,0.67
2025-04-03,17:30,Flat,62,TCT,15.2,27.8,32.2,81.05,0.02,64.84,0.02,1.3,0.67
2025-04-03,17:45,Flat,62,TCT,7.6,27.5,31.7,81.21,0.01,64.97,0.01,0.7,0.67
2025-04-04,05:15,Flat,62,TCT,22.9,24.4,29.0,82.06,0.04,65.65,0.03,2.0,0.67
2025-04-04,05:30,Flat,62,TCT,45.8,24.8,29.9,81.77,0.07,65.42,0.06,4.0,0.67
2025-04-04,05:45,Flat,62,TCT,68.7,25.1,30.8,81.48,0.11,65.18,0.09,6.0,0.67
2025-04-04,06:00,Flat,62,TCT,91.6,25.5,31.8,81.18,0.15,64.95,0.12,7.9,0.67
2025-04-04,06:15,Flat,62,TCT,147.0,26.1,33.8,80.56,0.23,64.44,0.2,12.6,0.67
2025-04-04,06:30,Flat,62,TCT,202.4,26.7,35.7,79.93,0.32,63.94,0.27,17.3,0.67
2025-04-04,06:45,Flat,62,TCT,257.8,27.3,37.7,79.3,0.41,63.44,0.35,21.9,0.67
2025-04-04,07:00,Flat,62,TCT,313.2,27.9,39.7,78.68,0.5,62.94,0.42,26.5,0.67
2025-04-04,07:15,Flat,62,TCT,372.4,28.3,41.7,78.05,0.6,62.44,0.5,31.3,0.67
2025-04-04,07:30,Flat,62,TCT,431.6,28.8,43.6,77.43,0.69,61.94,0.58,36.0,0.67
2025-04-04,07:45,Flat,62,TCT,490.9,29.3,45.6,76.81,0.79,61.45,0.66,40.7,0.67
2025-04-04,08:00,Flat,62,TCT,550.1,29.8,47.6,76.18,0.89,60.95,0.74,45.3,0.67
2025-04-04,08:15,Flat,62,TCT,583.4,30.3,48.8,75.78,0.94,60.62,0.79,47.9,0.67
2025-04-04,08:30,Flat,62,TCT,616.6,30.7,50.1,75.38,1.0,60.3,0.84,50.4,0.67
2025-04-04,08:45,Flat,62,TCT,649.9,31.1,51.4,74.97,1.05,59.98,0.88,52.9,0.67
2025-04-04,09:00,Flat,62,TCT,683.2,31.6,52.7,74.57,1.11,59.65,0.93,55.4,0.67
2025-04-04,09:15,Flat,62,TCT,705.4,32.0,53.6,74.28,1.15,59.42,0.96,57.0,0.67
2025-04-04,09:30,Flat,62,TCT,727.5,32.3,54.5,73.98,1.18,59.19,0.99,58.6,0.67
2025-04-04,09:45,Flat,62,TCT,749.7,32.7,55.4,73.69,1.22,58.95,1.02,60.2,0.67
2025-04-04,10:00,Flat,62,TCT,771.9,33.0,56.3,73.4,1.26,58.72,1.05,61.8,0.67
2025-04-04,10:15,Flat,62,TCT,782.6,33.4,56.9,73.22,1.28,58.58,1.07,62.6,0.67
2025-04-04,10:30,Flat,62,TCT,793.3,33.7,57.5,73.04,1.29,58.43,1.08,63.3,0.67
2025-04-04,10:45,Flat,62,TCT,804.0,34.0,58.1,72.86,1.31,58.29,1.1,64.0,0.67
2025-04-04,11:00,Flat,62,TCT,814.7,34.3,58.6,72.68,1.33,58.14,1.11,64.8,0.67
2025-04-04,11:15,Flat,62,TCT,804.6,34.5,58.6,72.7,1.31,58.16,1.1,64.0,0.67
2025-04-04,11:30,Flat,62,TCT,794.4,34.7,58.5,72.71,1.3,58.17,1.09,63.2,0.67
2025-04-04,11:45,Flat,62,TCT,784.3,34.9,58.5,72.73,1.28,58.18,1.07,62.4,0.67
2025-04-04,12:00,Flat,62,TCT,774.1,35.1,58.4,72.74,1.26,58.19,1.06,61.6,0.67
2025-04-04,12:15,Flat,62,TCT,687.0,35.2,56.3,73.4,1.12,58.72,0.94,55.0,0.67
2025-04-04,12:30,Flat,62,TCT,600.0,35.2,54.2,74.07,0.98,59.25,0.82,48.4,0.67
2025-04-04,12:45,Flat,62,TCT,512.9,35.3,52.1,74.73,0.83,59.79,0.7,41.7,0.67
2025-04-04,13:00,Flat,62,TCT,425.8,35.4,50.1,75.39,0.69,60.32,0.58,34.8,0.67
2025-04-04,13:15,Flat,62,TCT,407.9,35.4,49.6,75.55,0.66,60.44,0.55,33.4,0.67
2025-04-04,13:30,Flat,62,TCT,390.1,35.3,49.0,75.71,0.63,60.57,0.53,32.0,0.67
2025-04-04,13:45,Flat,62,TCT,372.3,35.2,48.5,75.87,0.6,60.7,0.5,30.6,0.67
2025-04-04,14:00,Flat,62,TCT,354.4,35.2,48.0,76.03,0.57,60.83,0.48,29.2,0.67
2025-04-04,14:15,Flat,62,TCT,301.8,35.0,46.5,76.51,0.49,61.21,0.41,25.0,0.67
2025-04-04,14:30,Flat,62,TCT,249.1,34.8,45.0,76.99,0.4,61.59,0.34,20.7,0.67
2025-04-04,14:45,Flat,62,TCT,196.4,34.6,43.5,77.47,0.32,61.97,0.26,16.4,0.67
2025-04-04,15:00,Flat,62,TCT,143.8,34.4,42.0,77.94,0.23,62.35,0.19,12.1,0.67
2025-04-04,15:15,Flat,62,TCT,123.4,34.1,41.2,78.21,0.2,62.57,0.17,10.4,0.67
2025-04-04,15:30,Flat,62,TCT,103.0,33.7,40.3,78.48,0.17,62.79,0.14,8.7,0.67
2025-04-04,15:45,Flat,62,TCT,82.6,33.4,39.4,78.75,0.13,63.0,0.11,7.0,0.67
2025-04-04,16:00,Flat,62,TCT,62.2,33.0,38.6,79.02,0.1,63.22,0.08,5.3,0.67
2025-04-04,16:15,Flat,62,TCT,49.8,32.4,37.6,79.33,0.08,63.47,0.07,4.2,0.67
2025-04-04,16:30,Flat,62,TCT,37.4,31.7,36.6,79.64,0.06,63.71,0.05,3.2,0.67
2025-04-04,16:45,Flat,62,TCT,25.0,31.0,35.7,79.95,0.04,63.96,0.03,2.1,0.67
2025-04-04,17:00,Flat,62,TCT,12.7,30.4,34.7,80.26,0.02,64.21,0.02,1.1,0.67
2025-04-04,17:15,Flat,62,TCT,9.5,29.8,34.1,80.45,0.02,64.36,0.01,0.8,0.67
2025-04-04,17:30,Flat,62,TCT,6.3,29.3,33.5,80.65,0.01,64.52,0.01,0.5,0.67
2025-04-05,05:15,Flat,62,TCT,21.2,24.3,28.9,82.1,0.03,65.68,0.03,1.9,0.67
2025-04-05,05:30,Flat,62,TCT,42.5,24.7,29.8,81.81,0.07,65.45,0.06,3.7,0.67
2025-04-05,05:45,Flat,62,TCT,63.8,25.1,30.7,81.52,0.1,65.22,0.08,5.5,0.67
2025-04-05,06:00,Flat,62,TCT,85.0,25.5,31.6,81.24,0.14,64.99,0.11,7.4,0.67
2025-04-05,06:15,Flat,62,TCT,137.1,26.1,33.5,80.63,0.22,64.5,0.18,11.8,0.67
2025-04-05,06:30,Flat,62,TCT,189.1,26.7,35.4,80.02,0.3,64.02,0.25,16.2,0.67
2025-04-05,06:45,Flat,62,TCT,241.1,27.3,37.3,79.42,0.39,63.53,0.32,20.5,0.67
2025-04-05,07:00,Flat,62,TCT,293.2,27.9,39.3,78.81,0.47,63.05,0.39,24.8,0.67
2025-04-05,07:15,Flat,62,TCT,351.8,28.4,41.2,78.19,0.56,62.55,0.47,29.6,0.67
2025-04-05,07:30,Flat,62,TCT,410.4,28.9,43.2,77.57,0.66,62.05,0.55,34.3,0.67
2025-04-05,07:45,Flat,62,TCT,469.0,29.4,45.2,76.94,0.76,61.55,0.63,39.0,0.67
2025-04-05,08:00,Flat,62,TCT,527.6,29.9,47.1,76.32,0.85,61.06,0.71,43.6,0.67
2025-04-05,08:15,Flat,62,TCT,563.4,30.5,48.5,75.87,0.91,60.7,0.76,46.3,0.67
2025-04-05,08:30,Flat,62,TCT,599.1,31.0,49.9,75.43,0.97,60.34,0.81,49.0,0.67
2025-04-05,08:45,Flat,62,TCT,634.8,31.5,51.4,74.98,1.03,59.99,0.86,51.7,0.67
2025-04-05,09:00,Flat,62,TCT,670.5,32.0,52.8,74.54,1.09,59.63,0.91,54.4,0.67
2025-04-05,09:15,Flat,62,TCT,672.5,32.5,53.3,74.38,1.09,59.5,0.91,54.4,0.67
2025-04-05,09:30,Flat,62,TCT,674.4,32.9,53.8,74.22,1.1,59.37,0.92,54.5,0.67
2025-04-05,09:45,Flat,62,TCT,676.3,33.4,54.3,74.06,1.1,59.25,0.92,54.5,0.67
2025-04-05,10:00,Flat,62,TCT,678.2,33.8,54.8,73.9,1.1,59.12,0.92,54.6,0.67
2025-04-05,10:15,Flat,62,TCT,698.4,34.1,55.6,73.65,1.14,58.92,0.95,56.1,0.67
2025-04-05,10:30,Flat,62,TCT,718.6,34.4,56.4,73.4,1.17,58.72,0.98,57.6,0.67
2025-04-05,10:45,Flat,62,TCT,738.8,34.7,57.2,73.15,1.2,58.52,1.01,59.0,0.67
2025-04-05,11:00,Flat,62,TCT,759.0,35.0,57.9,72.9,1.24,58.32,1.04,60.5,0.67
2025-04-05,11:15,Flat,62,TCT,740.8,35.1,57.6,72.99,1.21,58.39,1.01,59.1,0.67
2025-04-05,11:30,Flat,62,TCT,722.5,35.3,57.3,73.09,1.18,58.47,0.99,57.7,0.67
2025-04-05,11:45,Flat,62,TCT,704.3,35.4,57.0,73.18,1.15,58.55,0.96,56.3,0.67
2025-04-05,12:00,Flat,62,TCT,686.0,35.6,56.7,73.28,1.12,58.62,0.94,54.9,0.67
2025-04-05,12:15,Flat,62,TCT,646.6,35.6,55.8,73.59,1.05,58.87,0.88,51.9,0.67
2025-04-05,12:30,Flat,62,TCT,607.1,35.6,54.8,73.89,0.99,59.12,0.83,48.9,0.67
2025-04-05,12:45,Flat,62,TCT,567.6,35.6,53.8,74.2,0.92,59.36,0.77,45.8,0.67
2025-04-05,13:00,Flat,62,TCT,528.1,35.6,52.9,74.51,0.86,59.61,0.72,42.8,0.67
2025-04-05,13:15,Flat,62,TCT,501.2,35.5,52.1,74.76,0.81,59.81,0.68,40.7,0.67
2025-04-05,13:30,Flat,62,TCT,474.3,35.4,51.3,75.01,0.77,60.01,0.64,38.6,0.67
2025-04-05,13:45,Flat,62,TCT,447.4,35.3,50.5,75.27,0.72,60.21,0.61,36.5,0.67
2025-04-05,14:00,Flat,62,TCT,420.5,35.1,49.7,75.52,0.68,60.41,0.57,34.4,0.67
2025-04-05,14:15,Flat,62,TCT,361.4,34.9,47.9,76.06,0.58,60.85,0.49,29.8,0.67
2025-04-05,14:30,Flat,62,TCT,302.2,34.7,46.2,76.61,0.49,61.29,0.41,25.0,0.67
2025-04-05,14:45,Flat,62,TCT,243.1,34.4,44.5,77.15,0.39,61.72,0.33,20.2,0.67
2025-04-05,15:00,Flat,62,TCT,184.0,34.2,42.8,77.7,0.3,62.16,0.25,15.4,0.67
2025-04-05,15:15,Flat,62,TCT,162.5,33.8,41.9,77.99,0.26,62.39,0.22,13.6,0.67
2025-04-05,15:30,Flat,62,TCT,140.9,33.4,40.9,78.29,0.23,62.63,0.19,11.9,0.67
2025-04-05,15:45,Flat,62,TCT,119.4,33.0,40.0,78.58,0.19,62.86,0.16,10.1,0.67
2025-04-05,16:00,Flat,62,TCT,97.9,32.6,39.1,78.87,0.16,63.1,0.13,8.3,0.67
2025-04-05,16:15,Flat,62,TCT,78.5,32.1,38.0,79.2,0.13,63.36,0.11,6.7,0.67
2025-04-05,16:30,Flat,62,TCT,59.0,31.5,37.0,79.53,0.09,63.62,0.08,5.0,0.67
2025-04-05,16:45,Flat,62,TCT,39.5,31.0,36.0,79.86,0.06,63.89,0.05,3.4,0.67
2025-04-05,17:00,Flat,62,TCT,20.1,30.4,34.9,80.19,0.03,64.15,0.03,1.7,0.67
2025-04-05,17:15,Flat,62,TCT,15.1,29.9,34.3,80.38,0.02,64.3,0.02,1.3,0.67
2025-04-05,17:30,Flat,62,TCT,10.1,29.5,33.7,80.57,0.02,64.45,0.01,0.9,0.67
2025-04-05,17:45,Flat,62,TCT,5.0,29.0,33.1,80.76,0.01,64.61,0.01,0.4,0.67
2025-04-06,05:15,Flat,62,TCT,26.2,25.4,30.1,81.72,0.04,65.37,0.03,2.3,0.67
2025-04-06,05:30,Flat,62,TCT,52.5,25.7,31.1,81.41,0.08,65.13,0.07,4.5,0.67
2025-04-06,05:45,Flat,62,TCT,78.7,26.1,32.0,81.11,0.13,64.88,0.1,6.8,0.67
2025-04-06,06:00,Flat,62,TCT,105.0,26.4,33.0,80.8,0.17,64.64,0.14,9.0,0.67
2025-04-06,06:15,Flat,62,TCT,155.8,26.9,34.8,80.22,0.25,64.18,0.21,13.4,0.67
2025-04-06,06:30,Flat,62,TCT,206.7,27.5,36.6,79.64,0.33,63.72,0.28,17.6,0.67
2025-04-06,06:45,Flat,62,TCT,257.5,28.0,38.5,79.07,0.41,63.25,0.35,21.8,0.67
2025-04-06,07:00,Flat,62,TCT,308.4,28.6,40.3,78.49,0.49,62.79,0.41,26.0,0.67
2025-04-06,07:15,Flat,62,TCT,369.8,28.9,42.2,77.89,0.59,62.31,0.5,31.0,0.67
2025-04-06,07:30,Flat,62,TCT,431.1,29.3,44.1,77.28,0.69,61.83,0.58,35.9,0.67
2025-04-06,07:45,Flat,62,TCT,492.5,29.7,46.0,76.68,0.79,61.34,0.67,40.8,0.67
2025-04-06,08:00,Flat,62,TCT,553.9,30.1,47.9,76.08,0.89,60.86,0.75,45.6,0.67
2025-04-06,08:15,Flat,62,TCT,608.4,30.4,49.6,75.55,0.98,60.44,0.82,49.8,0.67
2025-04-06,08:30,Flat,62,TCT,662.8,30.6,51.2,75.03,1.07,60.02,0.9,54.0,0.67
2025-04-06,08:45,Flat,62,TCT,717.3,30.9,52.9,74.5,1.16,59.6,0.98,58.1,0.67
2025-04-06,09:00,Flat,62,TCT,771.8,31.2,54.5,73.97,1.25,59.18,1.05,62.2,0.67
2025-04-06,09:15,Flat,62,TCT,790.6,31.4,55.2,73.77,1.29,59.02,1.08,63.6,0.67
2025-04-06,09:30,Flat,62,TCT,809.4,31.6,55.8,73.57,1.32,58.86,1.1,65.0,0.67
2025-04-06,09:45,Flat,62,TCT,828.2,31.7,56.4,73.37,1.35,58.7,1.13,66.3,0.67
2025-04-06,10:00,Flat,62,TCT,847.0,31.9,57.1,73.17,1.38,58.54,1.16,67.7,0.67
2025-04-06,10:15,Flat,62,TCT,830.5,32.0,56.7,73.28,1.35,58.63,1.13,66.4,0.67
2025-04-06,10:30,Flat,62,TCT,814.1,32.0,56.4,73.39,1.33,58.71,1.11,65.2,0.67
2025-04-06,10:45,Flat,62,TCT,797.6,32.1,56.0,73.5,1.3,58.8,1.09,64.0,0.67
2025-04-06,11:00,Flat,62,TCT,781.1,32.2,55.7,73.61,1.27,58.89,1.06,62.7,0.67
2025-04-06,11:15,Flat,62,TCT,775.4,32.2,55.6,73.65,1.26,58.92,1.06,62.3,0.67
2025-04-06,11:30,Flat,62,TCT,769.7,32.2,55.5,73.68,1.25,58.95,1.05,61.8,0.67
2025-04-06,11:45,Flat,62,TCT,763.9,32.2,55.3,73.72,1.24,58.97,1.04,61.4,0.67
2025-04-06,12:00,Flat,62,TCT,758.2,32.3,55.2,73.75,1.23,59.0,1.03,61.0,0.67
2025-04-06,12:15,Flat,62,TCT,722.5,32.2,54.3,74.05,1.17,59.24,0.98,58.3,0.67
2025-04-06,12:30,Flat,62,TCT,686.8,32.2,53.4,74.34,1.12,59.47,0.93,55.6,0.67
2025-04-06,12:45,Flat,62,TCT,651.0,32.2,52.5,74.64,1.06,59.71,0.88,52.8,0.67
2025-04-06,13:00,Flat,62,TCT,615.3,32.1,51.5,74.93,1.0,59.94,0.84,50.1,0.67
2025-04-06,13:15,Flat,62,TCT,572.5,32.1,50.4,75.28,0.93,60.22,0.78,46.8,0.67
2025-04-06,13:30,Flat,62,TCT,529.7,32.1,49.3,75.62,0.86,60.5,0.72,43.4,0.67
2025-04-06,13:45,Flat,62,TCT,486.9,32.1,48.2,75.97,0.79,60.78,0.66,40.0,0.67
2025-04-06,14:00,Flat,62,TCT,444.1,32.0,47.1,76.32,0.72,61.05,0.6,36.7,0.67
2025-04-06,14:15,Flat,62,TCT,414.8,32.0,46.3,76.57,0.67,61.26,0.56,34.3,0.67
2025-04-06,14:30,Flat,62,TCT,385.6,31.9,45.5,76.82,0.62,61.46,0.52,32.0,0.67
2025-04-06,14:45,Flat,62,TCT,356.3,31.8,44.7,77.08,0.57,61.66,0.48,29.6,0.67
2025-04-06,15:00,Flat,62,TCT,327.1,31.8,43.9,77.33,0.53,61.87,0.44,27.3,0.67
2025-04-06,15:15,Flat,62,TCT,286.9,31.6,42.8,77.7,0.46,62.16,0.39,24.0,0.67
2025-04-06,15:30,Flat,62,TCT,246.8,31.4,41.6,78.07,0.4,62.46,0.33,20.7,0.67
2025-04-06,15:45,Flat,62,TCT,206.7,31.3,40.4,78.44,0.33,62.75,0.28,17.4,0.67
2025-04-06,16:00,Flat,62,TCT,166.5,31.1,39.3,78.81,0.27,63.05,0.22,14.1,0.67
2025-04-06,16:15,Flat,62,TCT,132.0,30.7,38.0,79.21,0.21,63.37,0.18,11.2,0.67
2025-04-06,16:30,Flat,62,TCT,97.4,30.3,36.7,79.61,0.16,63.69,0.13,8.3,0.67
2025-04-06,16:45,Flat,62,TCT,62.8,29.9,35.5,80.01,0.1,64.01,0.08,5.4,0.67
2025-04-06,17:00,Flat,62,TCT,28.3,29.5,34.2,80.41,0.05,64.33,0.04,2.4,0.67
2025-04-06,17:15,Flat,62,TCT,21.2,29.2,33.7,80.58,0.03,64.46,0.03,1.8,0.67
2025-04-06,17:30,Flat,62,TCT,14.1,28.8,33.1,80.75,0.02,64.6,0.02,1.2,0.67
2025-04-06,17:45,Flat,62,TCT,7.1,28.4,32.6,80.92,0.01,64.74,0.01,0.6,0.67
2025-04-07,05:15,Flat,62,TCT,23.0,26.1,30.6,81.54,0.04,65.23,0.03,2.0,0.67
2025-04-07,05:30,Flat,62,TCT,46.0,26.2,31.3,81.33,0.07,65.07,0.06,4.0,0.67
2025-04-07,05:45,Flat,62,TCT,69.0,26.2,32.0,81.12,0.11,64.9,0.09,6.0,0.67
2025-04-07,06:00,Flat,62,TCT,92.0,26.3,32.6,80.91,0.15,64.73,0.12,7.9,0.67
2025-04-07,06:15,Flat,62,TCT,142.6,26.6,34.2,80.43,0.23,64.34,0.19,12.2,0.67
2025-04-07,06:30,Flat,62,TCT,193.1,26.9,35.7,79.94,0.31,63.95,0.26,16.5,0.67
2025-04-07,06:45,Flat,62,TCT,243.6,27.2,37.2,79.45,0.39,63.56,0.33,20.7,0.67
2025-04-07,07:00,Flat,62,TCT,294.1,27.4,38.8,78.96,0.47,63.17,0.39,24.9,0.67
2025-04-07,07:15,Flat,62,TCT,338.6,27.7,40.2,78.51,0.54,62.81,0.45,28.6,0.67
2025-04-07,07:30,Flat,62,TCT,383.1,28.1,41.6,78.06,0.62,62.45,0.52,32.2,0.67
2025-04-07,07:45,Flat,62,TCT,427.6,28.4,43.1,77.61,0.69,62.09,0.58,35.8,0.67
2025-04-07,08:00,Flat,62,TCT,472.1,28.7,44.5,77.16,0.76,61.73,0.64,39.3,0.67
2025-04-07,08:15,Flat,62,TCT,533.1,28.9,46.2,76.62,0.86,61.29,0.72,44.1,0.67
2025-04-07,08:30,Flat,62,TCT,594.1,29.1,47.9,76.07,0.96,60.86,0.8,48.9,0.67
2025-04-07,08:45,Flat,62,TCT,655.1,29.2,49.6,75.53,1.06,60.42,0.89,53.6,0.67
2025-04-07,09:00,Flat,62,TCT,716.1,29.4,51.3,74.99,1.16,59.99,0.97,58.3,0.67
2025-04-07,09:15,Flat,62,TCT,750.5,29.6,52.4,74.65,1.22,59.72,1.02,60.9,0.67
2025-04-07,09:30,Flat,62,TCT,784.9,29.8,53.5,74.32,1.27,59.45,1.07,63.5,0.67
2025-04-07,09:45,Flat,62,TCT,819.2,30.0,54.5,73.98,1.33,59.19,1.12,66.0,0.67
2025-04-07,10:00,Flat,62,TCT,853.6,30.2,55.6,73.65,1.39,58.92,1.16,68.6,0.67
2025-04-07,10:15,Flat,62,TCT,875.3,30.4,56.2,73.44,1.43,58.75,1.19,70.1,0.67
2025-04-07,10:30,Flat,62,TCT,897.1,30.5,56.9,73.23,1.46,58.58,1.22,71.7,0.67
2025-04-07,10:45,Flat,62,TCT,918.8,30.6,57.6,73.02,1.5,58.41,1.25,73.3,0.67
2025-04-07,11:00,Flat,62,TCT,940.5,30.7,58.2,72.8,1.53,58.24,1.29,74.9,0.67
2025-04-07,11:15,Flat,62,TCT,925.8,30.8,57.9,72.9,1.51,58.32,1.26,73.8,0.67
2025-04-07,11:30,Flat,62,TCT,911.0,30.8,57.6,73.0,1.49,58.4,1.24,72.7,0.67
2025-04-07,11:45,Flat,62,TCT,896.3,30.9,57.3,73.1,1.46,58.48,1.22,71.6,0.67
2025-04-07,12:00,Flat,62,TCT,881.5,30.9,57.0,73.2,1.44,58.56,1.2,70.5,0.67
2025-04-07,12:15,Flat,62,TCT,863.9,31.0,56.6,73.34,1.41,58.67,1.18,69.2,0.67
2025-04-07,12:30,Flat,62,TCT,846.4,31.0,56.1,73.47,1.38,58.78,1.15,67.8,0.67
2025-04-07,12:45,Flat,62,TCT,828.8,31.0,55.7,73.61,1.35,58.89,1.13,66.5,0.67
2025-04-07,13:00,Flat,62,TCT,811.2,31.0,55.3,73.74,1.32,58.99,1.11,65.2,0.67
2025-04-07,13:15,Flat,62,TCT,772.6,31.0,54.3,74.06,1.26,59.25,1.05,62.3,0.67
2025-04-07,13:30,Flat,62,TCT,734.0,30.9,53.3,74.37,1.19,59.5,1.0,59.4,0.67
2025-04-07,13:45,Flat,62,TCT,695.5,30.9,52.3,74.68,1.13,59.75,0.94,56.5,0.67
2025-04-07,14:00,Flat,62,TCT,656.9,30.9,51.3,75.0,1.06,60.0,0.89,53.5,0.67
2025-04-07,14:15,Flat,62,TCT,612.5,30.8,50.1,75.37,0.99,60.29,0.83,50.1,0.67
2025-04-07,14:30,Flat,62,TCT,568.1,30.8,49.0,75.74,0.92,60.59,0.77,46.6,0.67
2025-04-07,14:45,Flat,62,TCT,523.8,30.7,47.8,76.1,0.85,60.88,0.71,43.1,0.67
2025-04-07,15:00,Flat,62,TCT,479.4,30.7,46.6,76.47,0.77,61.18,0.65,39.6,0.67
2025-04-07,15:15,Flat,62,TCT,422.2,30.5,45.1,76.98,0.68,61.58,0.57,35.1,0.67
2025-04-07,15:30,Flat,62,TCT,365.0,30.3,43.5,77.48,0.59,61.98,0.49,30.5,0.67
2025-04-07,15:45,Flat,62,TCT,307.8,30.2,41.9,77.98,0.49,62.39,0.41,25.8,0.67
2025-04-07,16:00,Flat,62,TCT,250.6,30.0,40.3,78.48,0.4,62.79,0.34,21.1,0.67
2025-04-07,16:15,Flat,62,TCT,199.8,29.7,38.7,79.0,0.32,63.2,0.27,16.9,0.67
2025-04-07,16:30,Flat,62,TCT,149.0,29.3,37.1,79.51,0.24,63.61,0.2,12.7,0.67
2025-04-07,16:45,Flat,62,TCT,98.3,29.0,35.5,80.02,0.16,64.01,0.13,8.4,0.67
2025-04-07,17:00,Flat,62,TCT,47.5,28.6,33.8,80.53,0.08,64.42,0.06,4.1,0.67
2025-04-07,17:15,Flat,62,TCT,35.6,28.3,33.2,80.72,0.06,64.58,0.05,3.1,0.67
2025-04-07,17:30,Flat,62,TCT,23.7,28.0,32.6,80.91,0.04,64.73,0.03,2.0,0.67
2025-04-07,17:45,Flat,62,TCT,11.9,27.7,32.0,81.1,0.02,64.88,0.02,1.0,0.67
2025-04-08,05:15,Flat,62,TCT,22.1,25.1,29.7,81.85,0.04,65.48,0.03,1.9,0.67
2025-04-08,05:30,Flat,62,TCT,44.3,25.4,30.5,81.59,0.07,65.27,0.06,3.8,0.67
2025-04-08,05:45,Flat,62,TCT,66.4,25.6,31.3,81.33,0.11,65.06,0.09,5.8,0.67
2025-04-08,06:00,Flat,62,TCT,88.5,25.9,32.1,81.07,0.14,64.86,0.12,7.7,0.67
2025-04-08,06:15,Flat,62,TCT,139.7,26.3,33.8,80.53,0.22,64.43,0.19,12.0,0.67
2025-04-08,06:30,Flat,62,TCT,190.9,26.7,35.5,80.0,0.3,64.0,0.26,16.3,0.67
2025-04-08,06:45,Flat,62,TCT,242.1,27.2,37.2,79.46,0.39,63.57,0.32,20.6,0.67
2025-04-08,07:00,Flat,62,TCT,293.3,27.6,38.9,78.92,0.47,63.14,0.39,24.8,0.67
2025-04-08,07:15,Flat,62,TCT,349.0,28.0,40.7,78.34,0.56,62.67,0.47,29.4,0.67
2025-04-08,07:30,Flat,62,TCT,404.7,28.5,42.6,77.76,0.65,62.21,0.54,33.9,0.67
2025-04-08,07:45,Flat,62,TCT,460.4,28.9,44.4,77.18,0.74,61.75,0.62,38.3,0.67
2025-04-08,08:00,Flat,62,TCT,516.1,29.3,46.2,76.6,0.83,61.28,0.7,42.7,0.67
2025-04-08,08:15,Flat,62,TCT,567.2,29.7,47.8,76.09,0.92,60.88,0.77,46.7,0.67
2025-04-08,08:30,Flat,62,TCT,618.4,30.0,49.5,75.58,1.0,60.47,0.84,50.7,0.67
2025-04-08,08:45,Flat,62,TCT,669.5,30.3,51.1,75.07,1.08,60.06,0.91,54.6,0.67
2025-04-08,09:00,Flat,62,TCT,720.7,30.7,52.7,74.56,1.17,59.65,0.98,58.4,0.67
2025-04-08,09:15,Flat,62,TCT,737.3,31.0,53.4,74.34,1.2,59.47,1.0,59.6,0.67
2025-04-08,09:30,Flat,62,TCT,753.9,31.2,54.1,74.11,1.23,59.29,1.03,60.8,0.67
2025-04-08,09:45,Flat,62,TCT,770.5,31.5,54.8,73.89,1.25,59.11,1.05,62.0,0.67
2025-04-08,10:00,Flat,62,TCT,787.1,31.8,55.5,73.66,1.28,58.93,1.07,63.2,0.67
2025-04-08,10:15,Flat,62,TCT,816.7,32.1,56.5,73.36,1.33,58.68,1.11,65.4,0.67
2025-04-08,10:30,Flat,62,TCT,846.3,32.3,57.5,73.05,1.38,58.44,1.16,67.5,0.67
2025-04-08,10:45,Flat,62,TCT,875.9,32.5,58.4,72.74,1.43,58.19,1.2,69.7,0.67
2025-04-08,11:00,Flat,62,TCT,905.5,32.8,59.4,72.43,1.48,57.94,1.24,71.8,0.67
2025-04-08,11:15,Flat,62,TCT,897.3,32.9,59.4,72.45,1.47,57.96,1.23,71.2,0.67
2025-04-08,11:30,Flat,62,TCT,889.1,33.1,59.3,72.47,1.45,57.97,1.22,70.5,0.67
2025-04-08,11:45,Flat,62,TCT,880.9,33.2,59.2,72.48,1.44,57.99,1.21,69.9,0.67
2025-04-08,12:00,Flat,62,TCT,872.7,33.4,59.2,72.5,1.43,58.0,1.19,69.2,0.67
2025-04-08,12:15,Flat,62,TCT,839.7,33.4,58.4,72.75,1.37,58.2,1.15,66.8,0.67
2025-04-08,12:30,Flat,62,TCT,806.6,33.5,57.6,72.99,1.32,58.39,1.1,64.3,0.67
2025-04-08,12:45,Flat,62,TCT,773.6,33.5,56.9,73.24,1.26,58.59,1.06,61.9,0.67
2025-04-08,13:00,Flat,62,TCT,740.6,33.6,56.1,73.48,1.21,58.79,1.01,59.4,0.67
2025-04-08,13:15,Flat,62,TCT,697.3,33.6,55.0,73.83,1.13,59.06,0.95,56.1,0.67
2025-04-08,13:30,Flat,62,TCT,654.0,33.6,53.9,74.17,1.06,59.34,0.89,52.8,0.67
2025-04-08,13:45,Flat,62,TCT,610.7,33.6,52.8,74.52,0.99,59.61,0.83,49.5,0.67
2025-04-08,14:00,Flat,62,TCT,567.4,33.5,51.7,74.86,0.92,59.89,0.77,46.1,0.67
2025-04-08,14:15,Flat,62,TCT,527.4,33.4,50.6,75.21,0.85,60.17,0.72,43.1,0.67
2025-04-08,14:30,Flat,62,TCT,487.5,33.3,49.5,75.56,0.79,60.45,0.66,39.9,0.67
2025-04-08,14:45,Flat,62,TCT,447.6,33.2,48.4,75.92,0.72,60.73,0.61,36.8,0.67
2025-04-08,15:00,Flat,62,TCT,407.6,33.1,47.3,76.27,0.66,61.01,0.55,33.6,0.67
2025-04-08,15:15,Flat,62,TCT,356.3,32.9,45.8,76.74,0.57,61.39,0.48,29.5,0.67
2025-04-08,15:30,Flat,62,TCT,305.0,32.7,44.3,77.21,0.49,61.77,0.41,25.4,0.67
2025-04-08,15:45,Flat,62,TCT,253.7,32.5,42.8,77.69,0.41,62.15,0.34,21.2,0.67
2025-04-08,16:00,Flat,62,TCT,202.4,32.3,41.3,78.16,0.32,62.53,0.27,17.0,0.67
2025-04-08,16:15,Flat,62,TCT,161.1,31.7,39.8,78.66,0.26,62.93,0.22,13.6,0.67
2025-04-08,16:30,Flat,62,TCT,119.8,31.2,38.2,79.15,0.19,63.32,0.16,10.2,0.67
2025-04-08,16:45,Flat,62,TCT,78.6,30.7,36.6,79.65,0.13,63.72,0.11,6.7,0.67
2025-04-08,17:00,Flat,62,TCT,37.3,30.1,35.1,80.15,0.06,64.12,0.05,3.2,0.67
2025-04-08,17:15,Flat,62,TCT,28.0,29.7,34.4,80.35,0.04,64.28,0.04,2.4,0.67
2025-04-08,17:30,Flat,62,TCT,18.6,29.3,33.8,80.55,0.03,64.44,0.02,1.6,0.67
2025-04-08,17:45,Flat,62,TCT,9.3,28.9,33.1,80.76,0.01,64.61,0.01,0.8,0.67
2025-04-09,05:15,Flat,62,TCT,23.2,25.2,29.8,81.82,0.04,65.46,0.03,2.0,0.67
2025-04-09,05:30,Flat,62,TCT,46.5,25.4,30.5,81.58,0.07,65.27,0.06,4.0,0.67
2025-04-09,05:45,Flat,62,TCT,69.7,25.5,31.3,81.34,0.11,65.07,0.09,6.0,0.67
2025-04-09,06:00,Flat,62,TCT,92.9,25.7,32.0,81.1,0.15,64.88,0.12,8.0,0.67
2025-04-09,06:15,Flat,62,TCT,139.9,26.0,33.5,80.64,0.22,64.51,0.19,12.0,0.67
2025-04-09,06:30,Flat,62,TCT,186.9,26.3,35.0,80.18,0.3,64.14,0.25,16.0,0.67
2025-04-09,06:45,Flat,62,TCT,233.8,26.6,36.4,79.72,0.37,63.77,0.31,19.9,0.67
2025-04-09,07:00,Flat,62,TCT,280.8,26.8,37.9,79.26,0.45,63.4,0.38,23.9,0.67
2025-04-09,07:15,Flat,62,TCT,337.6,27.4,39.8,78.64,0.54,62.91,0.45,28.5,0.67
2025-04-09,07:30,Flat,62,TCT,394.3,27.9,41.7,78.02,0.63,62.42,0.53,33.1,0.67
2025-04-09,07:45,Flat,62,TCT,451.1,28.4,43.7,77.41,0.73,61.93,0.61,37.6,0.67
2025-04-09,08:00,Flat,62,TCT,507.8,28.9,45.6,76.79,0.82,61.44,0.69,42.1,0.67
2025-04-09,08:15,Flat,62,TCT,535.6,29.3,46.7,76.46,0.86,61.17,0.72,44.3,0.67
2025-04-09,08:30,Flat,62,TCT,563.3,29.7,47.7,76.12,0.91,60.9,0.76,46.4,0.67
2025-04-09,08:45,Flat,62,TCT,591.1,30.0,48.8,75.79,0.96,60.63,0.8,48.5,0.67
2025-04-09,09:00,Flat,62,TCT,618.8,30.4,49.9,75.46,1.0,60.36,0.84,50.6,0.67
2025-04-09,09:15,Flat,62,TCT,657.7,30.6,51.0,75.08,1.07,60.06,0.89,53.6,0.67
2025-04-09,09:30,Flat,62,TCT,696.6,30.8,52.2,74.7,1.13,59.76,0.95,56.6,0.67
2025-04-09,09:45,Flat,62,TCT,735.4,31.0,53.4,74.33,1.19,59.46,1.0,59.5,0.67
2025-04-09,10:00,Flat,62,TCT,774.3,31.2,54.6,73.95,1.26,59.16,1.05,62.4,0.67
2025-04-09,10:15,Flat,62,TCT,767.5,31.4,54.6,73.96,1.25,59.17,1.05,61.8,0.67
2025-04-09,10:30,Flat,62,TCT,760.7,31.5,54.6,73.97,1.24,59.17,1.04,61.3,0.67
2025-04-09,10:45,Flat,62,TCT,753.9,31.7,54.5,73.97,1.23,59.18,1.03,60.8,0.67
2025-04-09,11:00,Flat,62,TCT,747.0,31.8,54.5,73.98,1.21,59.19,1.02,60.2,0.67
2025-04-09,11:15,Flat,62,TCT,745.5,32.0,54.6,73.96,1.21,59.17,1.02,60.1,0.67
2025-04-09,11:30,Flat,62,TCT,744.0,32.1,54.7,73.93,1.21,59.15,1.01,59.9,0.67
2025-04-09,11:45,Flat,62,TCT,742.5,32.2,54.7,73.91,1.21,59.13,1.01,59.8,0.67
2025-04-09,12:00,Flat,62,TCT,740.9,32.3,54.8,73.88,1.21,59.11,1.01,59.7,0.67
2025-04-09,12:15,Flat,62,TCT,715.6,32.3,54.2,74.07,1.16,59.26,0.97,57.7,0.67
2025-04-09,12:30,Flat,62,TCT,690.3,32.4,53.6,74.26,1.12,59.41,0.94,55.8,0.67
2025-04-09,12:45,Flat,62,TCT,664.9,32.4,53.0,74.45,1.08,59.56,0.9,53.9,0.67
2025-04-09,13:00,Flat,62,TCT,639.6,32.4,52.4,74.64,1.04,59.71,0.87,51.9,0.67
2025-04-09,13:15,Flat,62,TCT,624.7,32.4,52.1,74.76,1.01,59.81,0.85,50.8,0.67
2025-04-09,13:30,Flat,62,TCT,609.8,32.4,51.7,74.88,0.99,59.9,0.83,49.6,0.67
2025-04-09,13:45,Flat,62,TCT,594.8,32.4,51.3,75.0,0.96,60.0,0.81,48.4,0.67
2025-04-09,14:00,Flat,62,TCT,579.9,32.4,50.9,75.12,0.94,60.09,0.79,47.3,0.67
2025-04-09,14:15,Flat,62,TCT,522.1,32.3,49.4,75.61,0.84,60.49,0.71,42.8,0.67
2025-04-09,14:30,Flat,62,TCT,464.3,32.2,47.8,76.1,0.75,60.88,0.63,38.2,0.67
2025-04-09,14:45,Flat,62,TCT,406.4,32.1,46.3,76.59,0.66,61.27,0.55,33.6,0.67
2025-04-09,15:00,Flat,62,TCT,348.6,32.0,44.7,77.08,0.56,61.66,0.47,29.0,0.67
2025-04-09,15:15,Flat,62,TCT,304.1,31.8,43.4,77.49,0.49,61.99,0.41,25.4,0.67
2025-04-09,15:30,Flat,62,TCT,259.6,31.6,42.1,77.91,0.42,62.33,0.35,21.8,0.67
2025-04-09,15:45,Flat,62,TCT,215.1,31.4,40.8,78.33,0.35,62.66,0.29,18.1,0.67
2025-04-09,16:00,Flat,62,TCT,170.6,31.2,39.5,78.74,0.27,62.99,0.23,14.4,0.67
2025-04-09,16:15,Flat,62,TCT,136.1,30.7,38.1,79.16,0.22,63.33,0.18,11.6,0.67
2025-04-09,16:30,Flat,62,TCT,101.7,30.3,36.8,79.59,0.16,63.67,0.14,8.7,0.67
2025-04-09,16:45,Flat,62,TCT,67.3,29.8,35.5,80.01,0.11,64.01,0.09,5.8,0.67
2025-04-09,17:00,Flat,62,TCT,32.9,29.3,34.1,80.43,0.05,64.35,0.04,2.8,0.67
2025-04-09,17:15,Flat,62,TCT,24.7,29.0,33.6,80.61,0.04,64.49,0.03,2.1,0.67
2025-04-09,17:30,Flat,62,TCT,16.5,28.6,33.0,80.78,0.03,64.63,0.02,1.4,0.67
2025-04-09,17:45,Flat,62,TCT,8.2,28.3,32.5,80.96,0.01,64.76,0.01,0.7,0.67
2025-04-10,05:15,Flat,62,TCT,19.4,24.9,29.4,81.94,0.03,65.55,0.03,1.7,0.67
2025-04-10,05:30,Flat,62,TCT,38.7,25.1,30.1,81.72,0.06,65.37,0.05,3.4,0.67
2025-04-10,05:45,Flat,62,TCT,58.1,25.3,30.8,81.5,0.09,65.2,0.08,5.0,0.67
2025-04-10,06:00,Flat,62,TCT,77.4,25.6,31.5,81.27,0.12,65.02,0.1,6.7,0.67
2025-04-10,06:15,Flat,62,TCT,118.4,26.0,33.0,80.79,0.19,64.64,0.16,10.2,0.67
2025-04-10,06:30,Flat,62,TCT,159.5,26.5,34.5,80.31,0.25,64.25,0.21,13.7,0.67
2025-04-10,06:45,Flat,62,TCT,200.5,27.0,36.0,79.83,0.32,63.87,0.27,17.1,0.67
2025-04-10,07:00,Flat,62,TCT,241.5,27.5,37.5,79.35,0.39,63.48,0.32,20.5,0.67
2025-04-10,07:15,Flat,62,TCT,285.3,28.2,39.4,78.78,0.46,63.02,0.38,24.1,0.67
2025-04-10,07:30,Flat,62,TCT,329.1,29.0,41.2,78.2,0.53,62.56,0.44,27.7,0.67
2025-04-10,07:45,Flat,62,TCT,372.9,29.7,43.0,77.62,0.6,62.09,0.5,31.2,0.67
2025-04-10,08:00,Flat,62,TCT,416.7,30.4,44.9,77.04,0.67,61.63,0.56,34.6,0.67
2025-04-10,08:15,Flat,62,TCT,452.7,31.0,46.3,76.58,0.73,61.26,0.61,37.5,0.67
2025-04-10,08:30,Flat,62,TCT,488.8,31.6,47.8,76.12,0.79,60.89,0.66,40.3,0.67
2025-04-10,08:45,Flat,62,TCT,524.9,32.1,49.2,75.66,0.85,60.52,0.71,43.0,0.67
2025-04-10,09:00,Flat,62,TCT,561.0,32.7,50.7,75.2,0.91,60.16,0.76,45.8,0.67
2025-04-10,09:15,Flat,62,TCT,581.7,33.0,51.6,74.92,0.94,59.94,0.79,47.3,0.67
2025-04-10,09:30,Flat,62,TCT,602.5,33.4,52.4,74.65,0.98,59.72,0.82,48.9,0.67
2025-04-10,09:45,Flat,62,TCT,623.3,33.7,53.3,74.37,1.01,59.5,0.85,50.4,0.67
2025-04-10,10:00,Flat,62,TCT,644.1,34.0,54.2,74.1,1.05,59.28,0.88,52.0,0.67
2025-04-10,10:15,Flat,62,TCT,670.3,34.2,55.0,73.83,1.09,59.07,0.91,53.9,0.67
2025-04-10,10:30,Flat,62,TCT,696.5,34.4,55.8,73.57,1.13,58.86,0.95,55.9,0.67
2025-04-10,10:45,Flat,62,TCT,722.7,34.6,56.6,73.31,1.18,58.65,0.99,57.8,0.67
2025-04-10,11:00,Flat,62,TCT,749.0,34.7,57.5,73.05,1.22,58.44,1.02,59.8,0.67
2025-04-10,11:15,Flat,62,TCT,730.8,34.8,57.0,73.19,1.19,58.55,1.0,58.4,0.67
2025-04-10,11:30,Flat,62,TCT,712.6,34.8,56.6,73.32,1.16,58.66,0.97,57.0,0.67
2025-04-10,11:45,Flat,62,TCT,694.4,34.8,56.2,73.46,1.13,58.77,0.95,55.7,0.67
2025-04-10,12:00,Flat,62,TCT,676.2,34.8,55.7,73.6,1.1,58.88,0.92,54.3,0.67
2025-04-10,12:15,Flat,62,TCT,624.0,34.8,54.4,74.03,1.01,59.22,0.85,50.3,0.67
2025-04-10,12:30,Flat,62,TCT,571.8,34.7,53.0,74.46,0.93,59.57,0.78,46.3,0.67
2025-04-10,12:45,Flat,62,TCT,519.6,34.7,51.6,74.89,0.84,59.91,0.71,42.3,0.67
2025-04-10,13:00,Flat,62,TCT,467.4,34.6,50.3,75.32,0.76,60.26,0.63,38.2,0.67
2025-04-10,13:15,Flat,62,TCT,414.9,34.5,48.9,75.77,0.67,60.61,0.56,34.1,0.67
2025-04-10,13:30,Flat,62,TCT,362.5,34.4,47.5,76.21,0.59,60.97,0.49,29.9,0.67
2025-04-10,13:45,Flat,62,TCT,310.0,34.3,46.1,76.66,0.5,61.32,0.42,25.7,0.67
2025-04-10,14:00,Flat,62,TCT,257.6,34.2,44.7,77.1,0.41,61.68,0.35,21.4,0.67
2025-04-10,14:15,Flat,62,TCT,239.7,34.1,44.1,77.29,0.39,61.83,0.32,20.0,0.67
2025-04-10,14:30,Flat,62,TCT,221.8,33.9,43.5,77.48,0.36,61.99,0.3,18.5,0.67
2025-04-10,14:45,Flat,62,TCT,203.9,33.8,42.8,77.68,0.33,62.14,0.27,17.1,0.67
2025-04-10,15:00,Flat,62,TCT,186.1,33.6,42.2,77.87,0.3,62.29,0.25,15.6,0.67
2025-04-10,15:15,Flat,62,TCT,157.7,33.4,41.3,78.16,0.25,62.53,0.21,13.3,0.67
2025-04-10,15:30,Flat,62,TCT,129.3,33.2,40.4,78.46,0.21,62.77,0.17,10.9,0.67
2025-04-10,15:45,Flat,62,TCT,100.9,32.9,39.5,78.75,0.16,63.0,0.14,8.5,0.67
2025-04-10,16:00,Flat,62,TCT,72.5,32.7,38.5,79.05,0.12,63.24,0.1,6.1,0.67
2025-04-10,16:15,Flat,62,TCT,59.1,32.2,37.7,79.31,0.09,63.45,0.08,5.0,0.67
2025-04-10,16:30,Flat,62,TCT,45.6,31.7,36.8,79.58,0.07,63.66,0.06,3.9,0.67
2025-04-10,16:45,Flat,62,TCT,32.1,31.2,36.0,79.84,0.05,63.87,0.04,2.7,0.67
2025-04-10,17:00,Flat,62,TCT,18.7,30.7,35.2,80.11,0.03,64.09,0.02,1.6,0.67
2025-04-10,17:15,Flat,62,TCT,14.0,30.3,34.6,80.28,0.02,64.22,0.02,1.2,0.67
2025-04-10,17:30,Flat,62,TCT,9.3,29.9,34.1,80.45,0.01,64.36,0.01,0.8,0.67
2025-04-11,05:15,Flat,62,TCT,24.6,24.7,29.3,81.97,0.04,65.58,0.03,2.1,0.67
2025-04-11,05:30,Flat,62,TCT,49.1,24.9,30.1,81.7,0.08,65.36,0.07,4.3,0.67
2025-04-11,05:45,Flat,62,TCT,73.7,25.2,31.0,81.42,0.12,65.14,0.1,6.4,0.67
2025-04-11,06:00,Flat,62,TCT,98.3,25.4,31.9,81.15,0.16,64.92,0.13,8.5,0.67
2025-04-11,06:15,Flat,62,TCT,148.3,26.0,33.7,80.56,0.24,64.45,0.2,12.8,0.67
2025-04-11,06:30,Flat,62,TCT,198.3,26.6,35.6,79.97,0.32,63.98,0.27,17.0,0.67
2025-04-11,06:45,Flat,62,TCT,248.3,27.3,37.5,79.38,0.4,63.5,0.33,21.1,0.67
2025-04-11,07:00,Flat,62,TCT,298.3,27.9,39.3,78.79,0.48,63.03,0.4,25.2,0.67
2025-04-11,07:15,Flat,62,TCT,346.0,28.6,41.2,78.19,0.56,62.56,0.47,29.1,0.67
2025-04-11,07:30,Flat,62,TCT,393.6,29.2,43.1,77.6,0.63,62.08,0.53,32.9,0.67
2025-04-11,07:45,Flat,62,TCT,441.3,29.9,45.0,77.01,0.71,61.6,0.6,36.7,0.67
2025-04-11,08:00,Flat,62,TCT,489.0,30.6,46.8,76.41,0.79,61.13,0.66,40.4,0.67
2025-04-11,08:15,Flat,62,TCT,530.5,31.2,48.4,75.9,0.86,60.72,0.72,43.6,0.67
2025-04-11,08:30,Flat,62,TCT,571.9,31.7,50.0,75.4,0.93,60.32,0.78,46.8,0.67
2025-04-11,08:45,Flat,62,TCT,613.4,32.3,51.6,74.89,0.99,59.91,0.83,49.9,0.67
2025-04-11,09:00,Flat,62,TCT,654.9,32.9,53.2,74.39,1.06,59.51,0.89,53.0,0.67
2025-04-11,09:15,Flat,62,TCT,690.9,33.3,54.5,73.97,1.12,59.18,0.94,55.7,0.67
2025-04-11,09:30,Flat,62,TCT,726.9,33.7,55.9,73.56,1.18,58.85,0.99,58.3,0.67
2025-04-11,09:45,Flat,62,TCT,762.9,34.1,57.2,73.14,1.24,58.51,1.04,60.9,0.67
2025-04-11,10:00,Flat,62,TCT,799.0,34.5,58.5,72.73,1.3,58.18,1.09,63.5,0.67
2025-04-11,10:15,Flat,62,TCT,818.2,34.8,59.2,72.49,1.34,57.99,1.12,64.9,0.67
2025-04-11,10:30,Flat,62,TCT,837.4,35.1,60.0,72.25,1.37,57.8,1.15,66.3,0.67
2025-04-11,10:45,Flat,62,TCT,856.6,35.3,60.8,72.0,1.4,57.6,1.17,67.6,0.67
2025-04-11,11:00,Flat,62,TCT,875.8,35.6,61.5,71.76,1.43,57.41,1.2,68.9,0.67
2025-04-11,11:15,Flat,62,TCT,865.1,35.8,61.4,71.81,1.42,57.44,1.19,68.1,0.67
2025-04-11,11:30,Flat,62,TCT,854.4,35.9,61.3,71.85,1.4,57.48,1.17,67.3,0.67
2025-04-11,11:45,Flat,62,TCT,843.8,36.0,61.1,71.89,1.38,57.51,1.16,66.5,0.67
2025-04-11,12:00,Flat,62,TCT,833.1,36.2,61.0,71.93,1.36,57.55,1.14,65.7,0.67
2025-04-11,12:15,Flat,62,TCT,802.3,36.2,60.2,72.17,1.31,57.73,1.1,63.4,0.67
2025-04-11,12:30,Flat,62,TCT,771.6,36.2,59.5,72.4,1.26,57.92,1.06,61.1,0.67
2025-04-11,12:45,Flat,62,TCT,740.8,36.2,58.8,72.63,1.21,58.11,1.01,58.9,0.67
2025-04-11,13:00,Flat,62,TCT,710.0,36.3,58.0,72.87,1.16,58.3,0.97,56.6,0.67
2025-04-11,13:15,Flat,62,TCT,681.2,36.1,57.2,73.14,1.11,58.51,0.93,54.4,0.67
2025-04-11,13:30,Flat,62,TCT,652.5,36.0,56.3,73.41,1.06,58.73,0.89,52.3,0.67
2025-04-11,13:45,Flat,62,TCT,623.6,35.9,55.5,73.68,1.01,58.94,0.85,50.1,0.67
2025-04-11,14:00,Flat,62,TCT,594.9,35.7,54.6,73.95,0.97,59.16,0.81,47.9,0.67
2025-04-11,14:15,Flat,62,TCT,553.7,35.6,53.4,74.33,0.9,59.46,0.75,44.8,0.67
2025-04-11,14:30,Flat,62,TCT,512.5,35.4,52.2,74.7,0.83,59.76,0.7,41.6,0.67
2025-04-11,14:45,Flat,62,TCT,471.3,35.3,51.1,75.08,0.76,60.06,0.64,38.4,0.67
2025-04-11,15:00,Flat,62,TCT,430.1,35.1,49.9,75.45,0.7,60.36,0.58,35.2,0.67
2025-04-11,15:15,Flat,62,TCT,374.6,34.8,48.1,76.01,0.61,60.8,0.51,30.8,0.67
2025-04-11,15:30,Flat,62,TCT,319.1,34.4,46.4,76.56,0.51,61.25,0.43,26.4,0.67
2025-04-11,15:45,Flat,62,TCT,263.6,34.0,44.6,77.11,0.42,61.69,0.36,21.9,0.67
2025-04-11,16:00,Flat,62,TCT,208.2,33.7,42.9,77.67,0.33,62.13,0.28,17.4,0.67
2025-04-11,16:15,Flat,62,TCT,165.7,33.1,41.2,78.2,0.27,62.56,0.22,13.9,0.67
2025-04-11,16:30,Flat,62,TCT,123.3,32.4,39.5,78.73,0.2,62.99,0.17,10.4,0.67
2025-04-11,16:45,Flat,62,TCT,80.9,31.8,37.8,79.26,0.13,63.41,0.11,6.9,0.67
2025-04-11,17:00,Flat,62,TCT,38.5,31.2,36.2,79.8,0.06,63.84,0.05,3.3,0.67
2025-04-11,17:15,Flat,62,TCT,28.9,30.7,35.5,80.01,0.05,64.01,0.04,2.5,0.67
2025-04-11,17:30,Flat,62,TCT,19.2,30.3,34.8,80.23,0.03,64.18,0.03,1.7,0.67
2025-04-11,17:45,Flat,62,TCT,9.6,29.9,34.1,80.45,0.02,64.36,0.01,0.8,0.67
2025-04-12,05:15,Flat,62,TCT,20.0,24.9,29.4,81.94,0.03,65.55,0.03,1.7,0.67
2025-04-12,05:30,Flat,62,TCT,40.1,25.1,30.1,81.72,0.06,65.38,0.05,3.5,0.67
2025-04-12,05:45,Flat,62,TCT,60.1,25.3,30.8,81.5,0.1,65.2,0.08,5.2,0.67
2025-04-12,06:00,Flat,62,TCT,80.2,25.5,31.5,81.28,0.13,65.02,0.11,6.9,0.67
2025-04-12,06:15,Flat,62,TCT,120.2,25.9,32.9,80.84,0.19,64.67,0.16,10.4,0.67
2025-04-12,06:30,Flat,62,TCT,160.2,26.3,34.3,80.39,0.26,64.32,0.21,13.8,0.67
2025-04-12,06:45,Flat,62,TCT,200.2,26.7,35.7,79.95,0.32,63.96,0.27,17.1,0.67
2025-04-12,07:00,Flat,62,TCT,240.2,27.1,37.1,79.51,0.38,63.61,0.32,20.5,0.67
2025-04-12,07:15,Flat,62,TCT,291.9,27.6,38.9,78.91,0.47,63.13,0.39,24.7,0.67
2025-04-12,07:30,Flat,62,TCT,343.6,28.2,40.8,78.32,0.55,62.65,0.46,28.9,0.67
2025-04-12,07:45,Flat,62,TCT,395.4,28.8,42.7,77.72,0.64,62.17,0.53,33.1,0.67
2025-04-12,08:00,Flat,62,TCT,447.1,29.4,44.6,77.12,0.72,61.7,0.6,37.2,0.67
2025-04-12,08:15,Flat,62,TCT,493.1,30.0,46.3,76.58,0.8,61.26,0.67,40.8,0.67
2025-04-12,08:30,Flat,62,TCT,539.0,30.6,48.0,76.04,0.87,60.83,0.73,44.4,0.67
2025-04-12,08:45,Flat,62,TCT,585.0,31.1,49.7,75.5,0.95,60.4,0.79,47.9,0.67
2025-04-12,09:00,Flat,62,TCT,631.0,31.7,51.4,74.95,1.02,59.96,0.86,51.4,0.67
2025-04-12,09:15,Flat,62,TCT,651.7,32.1,52.4,74.66,1.06,59.73,0.89,52.9,0.67
2025-04-12,09:30,Flat,62,TCT,672.5,32.5,53.3,74.37,1.09,59.49,0.91,54.4,0.67
2025-04-12,09:45,Flat,62,TCT,693.2,32.9,54.2,74.07,1.13,59.26,0.94,55.9,0.67
2025-04-12,10:00,Flat,62,TCT,714.0,33.3,55.1,73.78,1.16,59.03,0.97,57.4,0.67
2025-04-12,10:15,Flat,62,TCT,768.7,33.6,56.8,73.26,1.25,58.6,1.05,61.5,0.67
2025-04-12,10:30,Flat,62,TCT,823.5,33.9,58.5,72.73,1.34,58.18,1.13,65.5,0.67
2025-04-12,10:45,Flat,62,TCT,878.2,34.2,60.1,72.21,1.44,57.76,1.2,69.5,0.67
2025-04-12,11:00,Flat,62,TCT,933.0,34.5,61.8,71.68,1.53,57.34,1.28,73.4,0.67
2025-04-12,11:15,Flat,62,TCT,905.1,34.7,61.3,71.83,1.48,57.46,1.24,71.3,0.67
2025-04-12,11:30,Flat,62,TCT,877.1,34.9,60.8,71.98,1.43,57.58,1.2,69.2,0.67
2025-04-12,11:45,Flat,62,TCT,849.2,35.1,60.4,72.13,1.39,57.7,1.16,67.1,0.67
2025-04-12,12:00,Flat,62,TCT,821.2,35.4,59.9,72.28,1.34,57.82,1.12,65.0,0.67
2025-04-12,12:15,Flat,62,TCT,804.2,35.5,59.6,72.37,1.31,57.9,1.1,63.7,0.67
2025-04-12,12:30,Flat,62,TCT,787.1,35.6,59.3,72.46,1.29,57.97,1.08,62.4,0.67
2025-04-12,12:45,Flat,62,TCT,770.0,35.8,59.0,72.55,1.26,58.04,1.05,61.1,0.67
2025-04-12,13:00,Flat,62,TCT,752.9,35.9,58.7,72.65,1.23,58.12,1.03,59.8,0.67
2025-04-12,13:15,Flat,62,TCT,696.9,35.9,57.3,73.09,1.14,58.47,0.95,55.6,0.67
2025-04-12,13:30,Flat,62,TCT,641.0,35.9,56.0,73.53,1.04,58.82,0.87,51.4,0.67
2025-04-12,13:45,Flat,62,TCT,585.0,35.9,54.6,73.97,0.95,59.17,0.8,47.1,0.67
2025-04-12,14:00,Flat,62,TCT,529.0,36.0,53.2,74.41,0.86,59.53,0.72,42.8,0.67
2025-04-12,14:15,Flat,62,TCT,476.4,35.8,51.7,74.86,0.77,59.89,0.65,38.7,0.67
2025-04-12,14:30,Flat,62,TCT,423.9,35.7,50.3,75.31,0.69,60.25,0.57,34.6,0.67
2025-04-12,14:45,Flat,62,TCT,371.3,35.6,48.9,75.76,0.6,60.61,0.5,30.5,0.67
2025-04-12,15:00,Flat,62,TCT,318.8,35.5,47.5,76.21,0.51,60.97,0.43,26.3,0.67
2025-04-12,15:15,Flat,62,TCT,286.0,35.2,46.4,76.55,0.46,61.24,0.39,23.7,0.67
2025-04-12,15:30,Flat,62,TCT,253.2,35.0,45.3,76.9,0.41,61.52,0.34,21.0,0.67
2025-04-12,15:45,Flat,62,TCT,220.4,34.7,44.2,77.24,0.35,61.79,0.3,18.4,0.67
2025-04-12,16:00,Flat,62,TCT,187.6,34.5,43.2,77.58,0.3,62.06,0.25,15.7,0.67
2025-04-12,16:15,Flat,62,TCT,150.0,33.9,41.7,78.04,0.24,62.44,0.2,12.6,0.67
2025-04-12,16:30,Flat,62,TCT,112.4,33.4,40.2,78.51,0.18,62.81,0.15,9.5,0.67
2025-04-12,16:45,Flat,62,TCT,74.8,32.9,38.7,78.98,0.12,63.18,0.1,6.3,0.67
2025-04-12,17:00,Flat,62,TCT,37.2,32.3,37.3,79.44,0.06,63.55,0.05,3.2,0.67
2025-04-12,17:15,Flat,62,TCT,27.9,31.8,36.5,79.69,0.04,63.75,0.04,2.4,0.67
2025-04-12,17:30,Flat,62,TCT,18.6,31.2,35.7,79.94,0.03,63.95,0.02,1.6,0.67
2025-04-12,17:45,Flat,62,TCT,9.3,30.7,34.9,80.18,0.01,64.15,0.01,0.8,0.67
2025-04-13,05:15,Flat,62,TCT,19.8,25.1,29.6,81.87,0.03,65.49,0.03,1.7,0.67
2025-04-13,05:30,Flat,62,TCT,39.5,25.4,30.4,81.61,0.06,65.29,0.05,3.4,0.67
2025-04-13,05:45,Flat,62,TCT,59.3,25.8,31.2,81.35,0.09,65.08,0.08,5.1,0.67
2025-04-13,06:00,Flat,62,TCT,79.0,26.1,32.1,81.09,0.13,64.87,0.11,6.8,0.67
2025-04-13,06:15,Flat,62,TCT,117.2,26.6,33.5,80.63,0.19,64.5,0.16,10.1,0.67
2025-04-13,06:30,Flat,62,TCT,155.3,27.1,35.0,80.16,0.25,64.13,0.21,13.3,0.67
2025-04-13,06:45,Flat,62,TCT,193.4,27.6,36.5,79.7,0.31,63.76,0.26,16.5,0.67
2025-04-13,07:00,Flat,62,TCT,231.5,28.1,37.9,79.23,0.37,63.39,0.31,19.7,0.67
2025-04-13,07:15,Flat,62,TCT,277.8,29.1,40.0,78.57,0.45,62.85,0.37,23.4,0.67
2025-04-13,07:30,Flat,62,TCT,324.0,30.0,42.1,77.9,0.52,62.32,0.44,27.2,0.67
2025-04-13,07:45,Flat,62,TCT,370.3,31.0,44.2,77.24,0.6,61.79,0.5,30.8,0.67
2025-04-13,08:00,Flat,62,TCT,416.5,31.9,46.3,76.57,0.67,61.26,0.56,34.5,0.67
2025-04-13,08:15,Flat,62,TCT,442.1,32.5,47.5,76.19,0.71,60.95,0.6,36.4,0.67
2025-04-13,08:30,Flat,62,TCT,467.6,33.1,48.8,75.81,0.76,60.64,0.63,38.4,0.67
2025-04-13,08:45,Flat,62,TCT,493.2,33.6,50.0,75.42,0.8,60.34,0.67,40.3,0.67
2025-04-13,09:00,Flat,62,TCT,518.8,34.2,51.2,75.04,0.84,60.03,0.7,42.3,0.67
2025-04-13,09:15,Flat,62,TCT,560.9,34.6,52.6,74.59,0.91,59.67,0.76,45.5,0.67
2025-04-13,09:30,Flat,62,TCT,603.1,34.9,54.0,74.14,0.98,59.31,0.82,48.7,0.67
2025-04-13,09:45,Flat,62,TCT,645.3,35.3,55.4,73.69,1.05,58.95,0.88,51.8,0.67
2025-04-13,10:00,Flat,62,TCT,687.5,35.7,56.8,73.24,1.12,58.6,0.94,55.0,0.67
2025-04-13,10:15,Flat,62,TCT,684.6,35.9,57.0,73.19,1.12,58.55,0.93,54.7,0.67
2025-04-13,10:30,Flat,62,TCT,681.7,36.1,57.2,73.13,1.11,58.51,0.93,54.5,0.67
2025-04-13,10:45,Flat,62,TCT,678.8,36.4,57.4,73.08,1.11,58.46,0.93,54.2,0.67
2025-04-13,11:00,Flat,62,TCT,676.0,36.6,57.5,73.02,1.1,58.42,0.92,53.9,0.67
2025-04-13,11:15,Flat,62,TCT,694.4,36.8,58.1,72.83,1.13,58.27,0.95,55.3,0.67
2025-04-13,11:30,Flat,62,TCT,712.9,36.9,58.7,72.64,1.16,58.11,0.97,56.6,0.67
2025-04-13,11:45,Flat,62,TCT,731.3,37.1,59.4,72.45,1.19,57.96,1.0,58.0,0.67
2025-04-13,12:00,Flat,62,TCT,749.8,37.2,60.0,72.26,1.23,57.81,1.03,59.3,0.67
2025-04-13,12:15,Flat,62,TCT,714.1,37.3,59.1,72.52,1.17,58.01,0.98,56.7,0.67
2025-04-13,12:30,Flat,62,TCT,678.3,37.4,58.3,72.77,1.11,58.22,0.93,54.0,0.67
2025-04-13,12:45,Flat,62,TCT,642.6,37.5,57.5,73.03,1.05,58.42,0.88,51.3,0.67
2025-04-13,13:00,Flat,62,TCT,606.9,37.5,56.7,73.29,0.99,58.63,0.83,48.6,0.67
2025-04-13,13:15,Flat,62,TCT,587.4,37.5,56.2,73.45,0.96,58.76,0.8,47.1,0.67
2025-04-13,13:30,Flat,62,TCT,567.9,37.5,55.7,73.61,0.92,58.89,0.77,45.6,0.67
2025-04-13,13:45,Flat,62,TCT,548.4,37.5,55.2,73.77,0.89,59.02,0.75,44.1,0.67
2025-04-13,14:00,Flat,62,TCT,528.9,37.5,54.7,73.93,0.86,59.15,0.72,42.6,0.67
2025-04-13,14:15,Flat,62,TCT,509.7,37.3,54.0,74.13,0.83,59.31,0.69,41.1,0.67
2025-04-13,14:30,Flat,62,TCT,490.6,37.2,53.4,74.33,0.8,59.46,0.67,39.7,0.67
2025-04-13,14:45,Flat,62,TCT,471.5,37.0,52.8,74.53,0.77,59.62,0.64,38.2,0.67
2025-04-13,15:00,Flat,62,TCT,452.4,36.9,52.2,74.73,0.73,59.78,0.61,36.7,0.67
2025-04-13,15:15,Flat,62,TCT,394.0,36.5,50.4,75.29,0.64,60.23,0.53,32.2,0.67
2025-04-13,15:30,Flat,62,TCT,335.7,36.2,48.6,75.85,0.54,60.68,0.45,27.6,0.67
2025-04-13,15:45,Flat,62,TCT,277.4,35.9,46.9,76.41,0.45,61.13,0.37,22.9,0.67
2025-04-13,16:00,Flat,62,TCT,219.0,35.6,45.1,76.97,0.35,61.57,0.3,18.2,0.67
2025-04-13,16:15,Flat,62,TCT,174.2,34.9,43.3,77.54,0.28,62.03,0.23,14.6,0.67
2025-04-13,16:30,Flat,62,TCT,129.4,34.2,41.5,78.11,0.21,62.49,0.17,10.9,0.67
2025-04-13,16:45,Flat,62,TCT,84.5,33.6,39.7,78.68,0.14,62.94,0.11,7.1,0.67
2025-04-13,17:00,Flat,62,TCT,39.7,32.9,37.9,79.25,0.06,63.4,0.05,3.4,0.67
2025-04-13,17:15,Flat,62,TCT,29.8,32.3,37.1,79.51,0.05,63.6,0.04,2.5,0.67
2025-04-13,17:30,Flat,62,TCT,19.9,31.8,36.3,79.76,0.03,63.81,0.03,1.7,0.67
2025-04-13,17:45,Flat,62,TCT,9.9,31.2,35.5,80.01,0.02,64.01,0.01,0.8,0.67
2025-04-14,05:15,Flat,62,TCT,22.7,25.4,30.0,81.75,0.04,65.4,0.03,2.0,0.67
2025-04-14,05:30,Flat,62,TCT,45.3,25.8,30.9,81.44,0.07,65.16,0.06,3.9,0.67
2025-04-14,05:45,Flat,62,TCT,68.0,26.2,31.9,81.14,0.11,64.92,0.09,5.9,0.67
2025-04-14,06:00,Flat,62,TCT,90.6,26.6,32.8,80.84,0.14,64.68,0.12,7.8,0.67
2025-04-14,06:15,Flat,62,TCT,136.0,27.2,34.6,80.29,0.22,64.23,0.18,11.7,0.67
2025-04-14,06:30,Flat,62,TCT,181.4,27.8,36.3,79.74,0.29,63.79,0.24,15.5,0.67
2025-04-14,06:45,Flat,62,TCT,226.8,28.4,38.1,79.19,0.36,63.35,0.3,19.3,0.67
2025-04-14,07:00,Flat,62,TCT,272.2,29.0,39.8,78.64,0.44,62.91,0.37,23.0,0.67
2025-04-14,07:15,Flat,62,TCT,323.9,29.7,41.8,78.0,0.52,62.4,0.44,27.2,0.67
2025-04-14,07:30,Flat,62,TCT,375.5,30.4,43.8,77.37,0.6,61.89,0.51,31.3,0.67
2025-04-14,07:45,Flat,62,TCT,427.2,31.2,45.8,76.73,0.69,61.38,0.58,35.4,0.67
2025-04-14,08:00,Flat,62,TCT,478.8,31.9,47.8,76.1,0.77,60.88,0.65,39.4,0.67
2025-04-14,08:15,Flat,62,TCT,538.3,32.4,49.8,75.47,0.87,60.38,0.73,44.1,0.67
2025-04-14,08:30,Flat,62,TCT,597.7,32.8,51.8,74.85,0.97,59.88,0.81,48.6,0.67
2025-04-14,08:45,Flat,62,TCT,657.2,33.3,53.7,74.23,1.07,59.38,0.89,53.1,0.67
2025-04-14,09:00,Flat,62,TCT,716.6,33.8,55.7,73.61,1.17,58.88,0.98,57.5,0.67
2025-04-14,09:15,Flat,62,TCT,738.4,34.2,56.6,73.32,1.2,58.65,1.01,59.1,0.67
2025-04-14,09:30,Flat,62,TCT,760.2,34.5,57.5,73.03,1.24,58.42,1.04,60.7,0.67
2025-04-14,09:45,Flat,62,TCT,782.0,34.9,58.5,72.74,1.28,58.19,1.07,62.2,0.67
2025-04-14,10:00,Flat,62,TCT,803.8,35.3,59.4,72.45,1.31,57.96,1.1,63.7,0.67
2025-04-14,10:15,Flat,62,TCT,821.7,35.5,60.1,72.23,1.34,57.78,1.12,65.0,0.67
2025-04-14,10:30,Flat,62,TCT,839.6,35.8,60.8,72.01,1.37,57.6,1.15,66.3,0.67
2025-04-14,10:45,Flat,62,TCT,857.5,36.0,61.5,71.79,1.4,57.43,1.18,67.5,0.67
2025-04-14,11:00,Flat,62,TCT,875.4,36.3,62.1,71.57,1.43,57.25,1.2,68.8,0.67
2025-04-14,11:15,Flat,62,TCT,859.3,36.4,61.9,71.64,1.41,57.31,1.18,67.5,0.67
2025-04-14,11:30,Flat,62,TCT,843.1,36.6,61.7,71.72,1.38,57.37,1.16,66.3,0.67
2025-04-14,11:45,Flat,62,TCT,827.0,36.8,61.4,71.79,1.35,57.43,1.13,65.1,0.67
2025-04-14,12:00,Flat,62,TCT,810.8,36.9,61.2,71.87,1.33,57.49,1.11,63.9,0.67
2025-04-14,12:15,Flat,62,TCT,765.9,37.0,60.1,72.21,1.25,57.77,1.05,60.6,0.67
2025-04-14,12:30,Flat,62,TCT,721.0,37.0,59.0,72.55,1.18,58.04,0.99,57.2,0.67
2025-04-14,12:45,Flat,62,TCT,676.0,37.1,58.0,72.89,1.1,58.31,0.92,53.9,0.67
2025-04-14,13:00,Flat,62,TCT,631.1,37.1,56.9,73.22,1.03,58.58,0.86,50.5,0.67
2025-04-14,13:15,Flat,62,TCT,589.9,37.1,55.8,73.56,0.96,58.85,0.8,47.3,0.67
2025-04-14,13:30,Flat,62,TCT,548.7,37.1,54.8,73.89,0.89,59.12,0.75,44.2,0.67
2025-04-14,13:45,Flat,62,TCT,507.4,37.0,53.7,74.23,0.82,59.38,0.69,41.0,0.67
2025-04-14,14:00,Flat,62,TCT,466.2,37.0,52.7,74.56,0.76,59.65,0.63,37.8,0.67
2025-04-14,14:15,Flat,62,TCT,428.6,36.9,51.6,74.91,0.69,59.93,0.58,34.9,0.67
2025-04-14,14:30,Flat,62,TCT,391.1,36.7,50.5,75.25,0.63,60.2,0.53,31.9,0.67
2025-04-14,14:45,Flat,62,TCT,353.5,36.6,49.4,75.6,0.57,60.48,0.48,29.0,0.67
2025-04-14,15:00,Flat,62,TCT,315.9,36.4,48.3,75.94,0.51,60.76,0.43,26.0,0.67
2025-04-14,15:15,Flat,62,TCT,276.9,36.1,47.0,76.35,0.45,61.08,0.37,22.9,0.67
2025-04-14,15:30,Flat,62,TCT,237.9,35.8,45.7,76.76,0.38,61.41,0.32,19.7,0.67
2025-04-14,15:45,Flat,62,TCT,198.8,35.5,44.5,77.17,0.32,61.73,0.27,16.6,0.67
2025-04-14,16:00,Flat,62,TCT,159.8,35.2,43.2,77.58,0.26,62.06,0.22,13.4,0.67
2025-04-14,16:15,Flat,62,TCT,128.0,34.5,41.7,78.05,0.21,62.44,0.17,10.7,0.67
2025-04-14,16:30,Flat,62,TCT,96.2,33.8,40.2,78.53,0.15,62.82,0.13,8.1,0.67
2025-04-14,16:45,Flat,62,TCT,64.5,33.0,38.7,79.01,0.1,63.2,0.09,5.5,0.67
2025-04-14,17:00,Flat,62,TCT,32.7,32.3,37.1,79.48,0.05,63.59,0.04,2.8,0.67
2025-04-14,17:15,Flat,62,TCT,24.5,31.7,36.3,79.74,0.04,63.8,0.03,2.1,0.67
2025-04-14,17:30,Flat,62,TCT,16.4,31.1,35.5,80.01,0.03,64.01,0.02,1.4,0.67
2025-04-14,17:45,Flat,62,TCT,8.2,30.4,34.7,80.27,0.01,64.22,0.01,0.7,0.67
2025-04-15,05:15,Flat,62,TCT,24.9,26.0,30.6,81.55,0.04,65.24,0.03,2.2,0.67
2025-04-15,05:30,Flat,62,TCT,49.7,26.1,31.4,81.31,0.08,65.05,0.07,4.3,0.67
2025-04-15,05:45,Flat,62,TCT,74.6,26.3,32.1,81.07,0.12,64.86,0.1,6.4,0.67
2025-04-15,06:00,Flat,62,TCT,99.5,26.4,32.9,80.83,0.16,64.67,0.13,8.6,0.67
2025-04-15,06:15,Flat,62,TCT,151.6,26.7,34.5,80.33,0.24,64.26,0.2,13.0,0.67
2025-04-15,06:30,Flat,62,TCT,203.7,27.0,36.1,79.83,0.33,63.86,0.27,17.4,0.67
2025-04-15,06:45,Flat,62,TCT,255.8,27.3,37.6,79.32,0.41,63.46,0.34,21.7,0.67
2025-04-15,07:00,Flat,62,TCT,307.9,27.5,39.2,78.82,0.49,63.06,0.41,26.0,0.67
2025-04-15,07:15,Flat,62,TCT,367.6,28.0,41.1,78.21,0.59,62.57,0.49,30.9,0.67
2025-04-15,07:30,Flat,62,TCT,427.2,28.4,43.1,77.61,0.69,62.09,0.58,35.7,0.67
2025-04-15,07:45,Flat,62,TCT,486.8,28.8,45.0,77.0,0.78,61.6,0.66,40.5,0.67
2025-04-15,08:00,Flat,62,TCT,546.5,29.2,46.9,76.4,0.88,61.12,0.74,45.1,0.67
2025-04-15,08:15,Flat,62,TCT,583.2,29.6,48.2,75.99,0.94,60.79,0.79,48.0,0.67
2025-04-15,08:30,Flat,62,TCT,620.0,30.0,49.5,75.58,1.0,60.47,0.84,50.8,0.67
2025-04-15,08:45,Flat,62,TCT,656.8,30.3,50.7,75.17,1.06,60.14,0.89,53.6,0.67
2025-04-15,09:00,Flat,62,TCT,693.5,30.7,52.0,74.77,1.12,59.81,0.94,56.4,0.67
2025-04-15,09:15,Flat,62,TCT,738.5,31.0,53.4,74.33,1.2,59.46,1.0,59.7,0.67
2025-04-15,09:30,Flat,62,TCT,783.5,31.2,54.8,73.88,1.27,59.11,1.07,63.1,0.67
2025-04-15,09:45,Flat,62,TCT,828.5,31.5,56.2,73.44,1.35,58.75,1.13,66.4,0.67
2025-04-15,10:00,Flat,62,TCT,873.5,31.8,57.6,73.0,1.42,58.4,1.19,69.7,0.67
2025-04-15,10:15,Flat,62,TCT,888.5,32.0,58.2,72.82,1.45,58.26,1.21,70.7,0.67
2025-04-15,10:30,Flat,62,TCT,903.5,32.2,58.8,72.64,1.48,58.11,1.24,71.8,0.67
2025-04-15,10:45,Flat,62,TCT,918.5,32.4,59.3,72.46,1.5,57.97,1.26,72.8,0.67
2025-04-15,11:00,Flat,62,TCT,933.5,32.6,59.9,72.27,1.53,57.82,1.28,73.9,0.67
2025-04-15,11:15,Flat,62,TCT,934.3,32.7,60.1,72.21,1.53,57.77,1.28,73.9,0.67
2025-04-15,11:30,Flat,62,TCT,935.2,32.9,60.3,72.15,1.53,57.72,1.28,73.9,0.67
2025-04-15,11:45,Flat,62,TCT,936.0,33.1,60.5,72.09,1.53,57.67,1.28,73.9,0.67
2025-04-15,12:00,Flat,62,TCT,936.9,33.3,60.7,72.03,1.53,57.62,1.28,74.0,0.67
2025-04-15,12:15,Flat,62,TCT,895.7,33.4,59.8,72.31,1.46,57.85,1.23,70.9,0.67
2025-04-15,12:30,Flat,62,TCT,854.6,33.6,58.9,72.58,1.4,58.07,1.17,67.9,0.67
2025-04-15,12:45,Flat,62,TCT,813.4,33.7,58.1,72.86,1.33,58.29,1.11,64.8,0.67
2025-04-15,13:00,Flat,62,TCT,772.3,33.9,57.2,73.14,1.26,58.51,1.05,61.7,0.67
2025-04-15,13:15,Flat,62,TCT,730.7,34.0,56.2,73.43,1.19,58.75,1.0,58.5,0.67
2025-04-15,13:30,Flat,62,TCT,689.0,34.1,55.3,73.73,1.12,58.98,0.94,55.4,0.67
2025-04-15,13:45,Flat,62,TCT,647.4,34.2,54.4,74.02,1.05,59.22,0.88,52.2,0.67
2025-04-15,14:00,Flat,62,TCT,605.8,34.3,53.5,74.32,0.98,59.45,0.82,49.0,0.67
2025-04-15,14:15,Flat,62,TCT,567.3,34.3,52.5,74.63,0.92,59.7,0.77,46.0,0.67
2025-04-15,14:30,Flat,62,TCT,528.9,34.3,51.5,74.94,0.86,59.95,0.72,43.0,0.67
2025-04-15,14:45,Flat,62,TCT,490.4,34.3,50.5,75.25,0.79,60.2,0.67,40.0,0.67
2025-04-15,15:00,Flat,62,TCT,451.9,34.2,49.5,75.56,0.73,60.45,0.61,37.0,0.67
2025-04-15,15:15,Flat,62,TCT,396.3,34.0,47.9,76.08,0.64,60.86,0.54,32.6,0.67
2025-04-15,15:30,Flat,62,TCT,340.7,33.7,46.3,76.6,0.55,61.28,0.46,28.2,0.67
2025-04-15,15:45,Flat,62,TCT,285.1,33.5,44.6,77.12,0.46,61.7,0.38,23.7,0.67
2025-04-15,16:00,Flat,62,TCT,229.4,33.2,43.0,77.64,0.37,62.11,0.31,19.2,0.67
2025-04-15,16:15,Flat,62,TCT,183.0,32.6,41.2,78.2,0.29,62.56,0.25,15.4,0.67
2025-04-15,16:30,Flat,62,TCT,136.6,32.0,39.4,78.76,0.22,63.01,0.18,11.6,0.67
2025-04-15,16:45,Flat,62,TCT,90.2,31.4,37.7,79.32,0.14,63.46,0.12,7.7,0.67
2025-04-15,17:00,Flat,62,TCT,43.8,30.8,35.9,79.88,0.07,63.9,0.06,3.7,0.67
2025-04-15,17:15,Flat,62,TCT,32.9,30.2,35.1,80.14,0.05,64.11,0.04,2.8,0.67
2025-04-15,17:30,Flat,62,TCT,21.9,29.7,34.2,80.4,0.03,64.32,0.03,1.9,0.67
2025-04-15,17:45,Flat,62,TCT,11.0,29.2,33.4,80.66,0.02,64.53,0.01,0.9,0.67
2025-04-16,05:15,Flat,62,TCT,29.8,25.6,30.3,81.64,0.05,65.31,0.04,2.6,0.67
2025-04-16,05:30,Flat,62,TCT,56.4,25.9,31.3,81.34,0.09,65.07,0.08,4.9,0.67
2025-04-16,05:45,Flat,62,TCT,83.1,26.1,32.2,81.04,0.13,64.83,0.11,7.2,0.67
2025-04-16,06:00,Flat,62,TCT,109.8,26.4,33.2,80.75,0.17,64.6,0.15,9.5,0.67
2025-04-16,06:15,Flat,62,TCT,167.9,27.0,35.2,80.09,0.27,64.08,0.22,14.4,0.67
2025-04-16,06:30,Flat,62,TCT,226.1,27.6,37.3,79.44,0.36,63.55,0.3,19.2,0.67
2025-04-16,06:45,Flat,62,TCT,284.3,28.2,39.3,78.79,0.46,63.03,0.38,24.0,0.67
2025-04-16,07:00,Flat,62,TCT,342.4,28.8,41.4,78.14,0.55,62.51,0.46,28.8,0.67
2025-04-16,07:15,Flat,62,TCT,395.7,29.3,43.2,77.55,0.64,62.04,0.53,33.1,0.67
2025-04-16,07:30,Flat,62,TCT,449.0,29.9,45.1,76.97,0.72,61.57,0.61,37.3,0.67
2025-04-16,07:45,Flat,62,TCT,502.2,30.4,46.9,76.38,0.81,61.11,0.68,41.5,0.67
2025-04-16,08:00,Flat,62,TCT,555.5,30.9,48.8,75.8,0.9,60.64,0.75,45.6,0.67
2025-04-16,08:15,Flat,62,TCT,610.3,31.3,50.6,75.22,0.99,60.18,0.83,49.8,0.67
2025-04-16,08:30,Flat,62,TCT,665.1,31.8,52.4,74.65,1.08,59.72,0.9,54.0,0.67
2025-04-16,08:45,Flat,62,TCT,720.0,32.2,54.2,74.08,1.17,59.26,0.98,58.1,0.67
2025-04-16,09:00,Flat,62,TCT,774.8,32.6,56.0,73.51,1.26,58.81,1.06,62.1,0.67
2025-04-16,09:15,Flat,62,TCT,803.0,33.1,57.1,73.16,1.31,58.52,1.1,64.2,0.67
2025-04-16,09:30,Flat,62,TCT,831.1,33.5,58.2,72.8,1.36,58.24,1.14,66.2,0.67
2025-04-16,09:45,Flat,62,TCT,859.3,33.9,59.4,72.45,1.4,57.96,1.18,68.1,0.67
2025-04-16,10:00,Flat,62,TCT,887.5,34.3,60.5,72.09,1.45,57.68,1.22,70.1,0.67
2025-04-16,10:15,Flat,62,TCT,904.0,34.7,61.3,71.85,1.48,57.48,1.24,71.2,0.67
2025-04-16,10:30,Flat,62,TCT,920.5,35.0,62.1,71.6,1.51,57.28,1.26,72.3,0.67
2025-04-16,10:45,Flat,62,TCT,937.0,35.4,62.8,71.35,1.54,57.08,1.29,73.4,0.67
2025-04-16,11:00,Flat,62,TCT,953.5,35.8,63.6,71.1,1.56,56.88,1.31,74.5,0.67
2025-04-16,11:15,Flat,62,TCT,942.7,36.0,63.6,71.1,1.55,56.88,1.3,73.7,0.67
2025-04-16,11:30,Flat,62,TCT,931.9,36.3,63.6,71.1,1.53,56.88,1.28,72.8,0.67
2025-04-16,11:45,Flat,62,TCT,921.1,36.6,63.6,71.11,1.51,56.89,1.27,72.0,0.67
2025-04-16,12:00,Flat,62,TCT,910.2,36.8,63.6,71.11,1.49,56.89,1.25,71.1,0.67
2025-04-16,12:15,Flat,62,TCT,883.6,37.0,63.1,71.27,1.45,57.02,1.21,69.2,0.67
2025-04-16,12:30,Flat,62,TCT,856.9,37.1,62.6,71.44,1.4,57.15,1.18,67.2,0.67
2025-04-16,12:45,Flat,62,TCT,830.2,37.3,62.0,71.6,1.36,57.28,1.14,65.2,0.67
2025-04-16,13:00,Flat,62,TCT,803.5,37.4,61.5,71.76,1.32,57.41,1.1,63.2,0.67
2025-04-16,13:15,Flat,62,TCT,741.7,37.4,60.0,72.25,1.21,57.8,1.02,58.7,0.67
2025-04-16,13:30,Flat,62,TCT,679.9,37.4,58.4,72.74,1.11,58.19,0.93,54.1,0.67
2025-04-16,13:45,Flat,62,TCT,618.1,37.4,56.9,73.23,1.01,58.58,0.84,49.4,0.67
2025-04-16,14:00,Flat,62,TCT,556.2,37.4,55.3,73.72,0.91,58.98,0.76,44.7,0.67
2025-04-16,14:15,Flat,62,TCT,493.4,37.3,53.7,74.25,0.8,59.4,0.67,39.9,0.67
2025-04-16,14:30,Flat,62,TCT,430.6,37.2,52.0,74.79,0.7,59.83,0.58,35.0,0.67
2025-04-16,14:45,Flat,62,TCT,367.7,37.1,50.3,75.32,0.6,60.25,0.5,30.0,0.67
2025-04-16,15:00,Flat,62,TCT,304.9,37.0,48.6,75.85,0.49,60.68,0.41,25.1,0.67
2025-04-16,15:15,Flat,62,TCT,270.7,36.7,47.4,76.22,0.44,60.98,0.37,22.3,0.67
2025-04-16,15:30,Flat,62,TCT,236.4,36.4,46.3,76.59,0.38,61.27,0.32,19.6,0.67
2025-04-16,15:45,Flat,62,TCT,202.2,36.0,45.1,76.96,0.33,61.57,0.27,16.8,0.67
2025-04-16,16:00,Flat,62,TCT,167.9,35.7,43.9,77.33,0.27,61.87,0.23,14.0,0.67
2025-04-16,16:15,Flat,62,TCT,134.8,35.0,42.4,77.81,0.22,62.25,0.18,11.3,0.67
2025-04-16,16:30,Flat,62,TCT,101.7,34.4,40.9,78.29,0.16,62.63,0.14,8.6,0.67
2025-04-16,16:45,Flat,62,TCT,68.6,33.7,39.4,78.77,0.11,63.01,0.09,5.8,0.67
2025-04-16,17:00,Flat,62,TCT,35.5,33.0,37.9,79.25,0.06,63.4,0.05,3.0,0.67
2025-04-16,17:15,Flat,62,TCT,26.7,32.4,37.1,79.49,0.04,63.59,0.04,2.3,0.67
2025-04-16,17:30,Flat,62,TCT,17.8,31.9,36.3,79.74,0.03,63.79,0.02,1.5,0.67
2025-04-16,17:45,Flat,62,TCT,8.9,31.3,35.5,79.99,0.01,63.99,0.01,0.8,0.67
2025-04-17,05:15,Flat,62,TCT,25.9,26.1,30.7,81.51,0.04,65.21,0.03,2.2,0.67
2025-04-17,05:30,Flat,62,TCT,48.9,26.3,31.5,81.26,0.08,65.01,0.07,4.2,0.67
2025-04-17,05:45,Flat,62,TCT,71.9,26.5,32.3,81.01,0.11,64.81,0.1,6.2,0.67
2025-04-17,06:00,Flat,62,TCT,94.9,26.7,33.1,80.77,0.15,64.61,0.13,8.2,0.67
2025-04-17,06:15,Flat,62,TCT,144.5,27.3,34.9,80.18,0.23,64.15,0.19,12.4,0.67
2025-04-17,06:30,Flat,62,TCT,194.2,27.9,36.8,79.6,0.31,63.68,0.26,16.5,0.67
2025-04-17,06:45,Flat,62,TCT,243.8,28.5,38.6,79.02,0.39,63.22,0.33,20.7,0.67
2025-04-17,07:00,Flat,62,TCT,293.4,29.1,40.4,78.44,0.47,62.75,0.39,24.7,0.67
2025-04-17,07:15,Flat,62,TCT,342.2,29.7,42.2,77.88,0.55,62.3,0.46,28.7,0.67
2025-04-17,07:30,Flat,62,TCT,390.9,30.2,44.0,77.32,0.63,61.85,0.53,32.6,0.67
2025-04-17,07:45,Flat,62,TCT,439.7,30.8,45.8,76.75,0.71,61.4,0.59,36.4,0.67
2025-04-17,08:00,Flat,62,TCT,488.4,31.3,47.6,76.19,0.79,60.95,0.66,40.3,0.67
2025-04-17,08:15,Flat,62,TCT,536.0,31.8,49.2,75.66,0.87,60.53,0.73,44.0,0.67
2025-04-17,08:30,Flat,62,TCT,583.7,32.3,50.9,75.14,0.95,60.11,0.79,47.6,0.67
2025-04-17,08:45,Flat,62,TCT,631.3,32.8,52.5,74.61,1.02,59.69,0.86,51.2,0.67
2025-04-17,09:00,Flat,62,TCT,678.9,33.2,54.2,74.08,1.1,59.27,0.92,54.8,0.67
2025-04-17,09:15,Flat,62,TCT,719.0,33.6,55.6,73.65,1.17,58.92,0.98,57.7,0.67
2025-04-17,09:30,Flat,62,TCT,759.1,34.0,57.0,73.21,1.24,58.57,1.04,60.7,0.67
2025-04-17,09:45,Flat,62,TCT,799.3,34.4,58.3,72.77,1.3,58.22,1.09,63.6,0.67
2025-04-17,10:00,Flat,62,TCT,839.4,34.7,59.7,72.33,1.37,57.87,1.15,66.5,0.67
2025-04-17,10:15,Flat,62,TCT,861.7,35.0,60.5,72.08,1.41,57.66,1.18,68.1,0.67
2025-04-17,10:30,Flat,62,TCT,884.0,35.2,61.3,71.83,1.45,57.46,1.21,69.6,0.67
2025-04-17,10:45,Flat,62,TCT,906.3,35.5,62.1,71.57,1.48,57.26,1.24,71.2,0.67
2025-04-17,11:00,Flat,62,TCT,928.6,35.7,62.9,71.32,1.52,57.06,1.27,72.7,0.67
2025-04-17,11:15,Flat,62,TCT,904.1,35.8,62.4,71.48,1.48,57.18,1.24,70.9,0.67
2025-04-17,11:30,Flat,62,TCT,879.6,35.9,61.9,71.63,1.44,57.31,1.21,69.1,0.67
2025-04-17,11:45,Flat,62,TCT,855.1,36.1,61.4,71.79,1.4,57.43,1.17,67.3,0.67
2025-04-17,12:00,Flat,62,TCT,830.6,36.2,60.9,71.95,1.36,57.56,1.14,65.5,0.67
2025-04-17,12:15,Flat,62,TCT,804.7,36.2,60.3,72.14,1.32,57.71,1.1,63.6,0.67
2025-04-17,12:30,Flat,62,TCT,778.7,36.2,59.7,72.34,1.27,57.87,1.07,61.7,0.67
2025-04-17,12:45,Flat,62,TCT,752.7,36.3,59.1,72.53,1.23,58.03,1.03,59.7,0.67
2025-04-17,13:00,Flat,62,TCT,726.7,36.3,58.5,72.73,1.19,58.18,0.99,57.8,0.67
2025-04-17,13:15,Flat,62,TCT,674.3,36.3,57.1,73.16,1.1,58.53,0.92,53.9,0.67
2025-04-17,13:30,Flat,62,TCT,622.0,36.2,55.8,73.59,1.01,58.87,0.85,49.9,0.67
2025-04-17,13:45,Flat,62,TCT,569.6,36.2,54.4,74.01,0.93,59.21,0.78,45.9,0.67
2025-04-17,14:00,Flat,62,TCT,517.2,36.1,53.1,74.44,0.84,59.55,0.7,41.9,0.67
2025-04-17,14:15,Flat,62,TCT,473.4,36.0,51.8,74.83,0.77,59.86,0.64,38.5,0.67
2025-04-17,14:30,Flat,62,TCT,429.6,35.9,50.6,75.21,0.7,60.17,0.58,35.1,0.67
2025-04-17,14:45,Flat,62,TCT,385.7,35.8,49.4,75.6,0.62,60.48,0.52,31.6,0.67
2025-04-17,15:00,Flat,62,TCT,341.9,35.6,48.2,75.98,0.55,60.79,0.46,28.1,0.67
2025-04-17,15:15,Flat,62,TCT,297.5,35.4,46.8,76.42,0.48,61.13,0.4,24.6,0.67
2025-04-17,15:30,Flat,62,TCT,253.1,35.1,45.5,76.85,0.41,61.48,0.34,21.0,0.67
2025-04-17,15:45,Flat,62,TCT,208.7,34.9,44.1,77.29,0.34,61.83,0.28,17.4,0.67
2025-04-17,16:00,Flat,62,TCT,164.3,34.6,42.7,77.72,0.26,62.18,0.22,13.8,0.67
2025-04-17,16:15,Flat,62,TCT,131.2,34.1,41.4,78.14,0.21,62.51,0.18,11.0,0.67
2025-04-17,16:30,Flat,62,TCT,98.1,33.6,40.1,78.56,0.16,62.85,0.13,8.3,0.67
2025-04-17,16:45,Flat,62,TCT,65.0,33.1,38.7,78.98,0.1,63.18,0.09,5.5,0.67
2025-04-17,17:00,Flat,62,TCT,31.8,32.6,37.4,79.39,0.05,63.51,0.04,2.7,0.67
2025-04-17,17:15,Flat,62,TCT,23.9,32.2,36.8,79.6,0.04,63.68,0.03,2.0,0.67
2025-04-17,17:30,Flat,62,TCT,15.9,31.7,36.1,79.81,0.03,63.85,0.02,1.4,0.67
2025-04-17,17:45,Flat,62,TCT,8.0,31.2,35.4,80.02,0.01,64.02,0.01,0.7,0.67
2025-04-18,05:15,Flat,62,TCT,22.7,26.2,30.8,81.5,0.04,65.2,0.03,2.0,0.67
2025-04-18,05:30,Flat,62,TCT,42.6,26.4,31.5,81.27,0.07,65.02,0.06,3.7,0.67
2025-04-18,05:45,Flat,62,TCT,62.6,26.6,32.2,81.04,0.1,64.83,0.08,5.4,0.67
2025-04-18,06:00,Flat,62,TCT,82.5,26.9,32.9,80.82,0.13,64.65,0.11,7.1,0.67
2025-04-18,06:15,Flat,62,TCT,130.5,27.5,34.7,80.25,0.21,64.2,0.17,11.2,0.67
2025-04-18,06:30,Flat,62,TCT,178.4,28.1,36.5,79.68,0.29,63.74,0.24,15.2,0.67
2025-04-18,06:45,Flat,62,TCT,226.4,28.7,38.3,79.1,0.36,63.28,0.3,19.2,0.67
2025-04-18,07:00,Flat,62,TCT,274.3,29.3,40.1,78.53,0.44,62.83,0.37,23.1,0.67
2025-04-18,07:15,Flat,62,TCT,328.2,29.9,42.2,77.9,0.53,62.32,0.44,27.5,0.67
2025-04-18,07:30,Flat,62,TCT,382.1,30.6,44.2,77.26,0.62,61.81,0.52,31.8,0.67
2025-04-18,07:45,Flat,62,TCT,436.0,31.3,46.2,76.62,0.7,61.3,0.59,36.1,0.67
2025-04-18,08:00,Flat,62,TCT,489.9,31.9,48.2,75.98,0.79,60.79,0.66,40.3,0.67
2025-04-18,08:15,Flat,62,TCT,542.6,32.4,50.0,75.43,0.88,60.34,0.74,44.4,0.67
2025-04-18,08:30,Flat,62,TCT,595.4,32.8,51.7,74.87,0.97,59.9,0.81,48.4,0.67
2025-04-18,08:45,Flat,62,TCT,648.0,33.3,53.5,74.32,1.05,59.45,0.88,52.4,0.67
2025-04-18,09:00,Flat,62,TCT,700.8,33.7,55.2,73.76,1.14,59.01,0.95,56.3,0.67
2025-04-18,09:15,Flat,62,TCT,717.3,34.0,56.0,73.53,1.17,58.82,0.98,57.5,0.67
2025-04-18,09:30,Flat,62,TCT,733.8,34.4,56.7,73.29,1.2,58.63,1.0,58.7,0.67
2025-04-18,09:45,Flat,62,TCT,750.4,34.7,57.4,73.05,1.22,58.44,1.02,59.9,0.67
2025-04-18,10:00,Flat,62,TCT,766.9,35.0,58.2,72.82,1.25,58.25,1.05,61.1,0.67
2025-04-18,10:15,Flat,62,TCT,784.0,35.3,58.9,72.6,1.28,58.08,1.07,62.3,0.67
2025-04-18,10:30,Flat,62,TCT,801.1,35.5,59.6,72.38,1.31,57.91,1.1,63.5,0.67
2025-04-18,10:45,Flat,62,TCT,818.2,35.8,60.2,72.17,1.34,57.73,1.12,64.7,0.67
2025-04-18,11:00,Flat,62,TCT,835.3,36.0,60.9,71.95,1.37,57.56,1.14,65.9,0.67
2025-04-18,11:15,Flat,62,TCT,826.4,36.2,60.9,71.97,1.35,57.58,1.13,65.2,0.67
2025-04-18,11:30,Flat,62,TCT,817.5,36.4,60.8,71.99,1.34,57.6,1.12,64.5,0.67
2025-04-18,11:45,Flat,62,TCT,808.6,36.5,60.7,72.02,1.32,57.61,1.11,63.8,0.67
2025-04-18,12:00,Flat,62,TCT,799.7,36.7,60.7,72.04,1.31,57.63,1.1,63.1,0.67
2025-04-18,12:15,Flat,62,TCT,771.5,36.7,60.0,72.24,1.26,57.79,1.06,61.0,0.67
2025-04-18,12:30,Flat,62,TCT,743.2,36.8,59.4,72.44,1.21,57.96,1.02,58.9,0.67
2025-04-18,12:45,Flat,62,TCT,715.0,36.9,58.7,72.65,1.17,58.12,0.98,56.8,0.67
2025-04-18,13:00,Flat,62,TCT,686.7,36.9,58.1,72.85,1.12,58.28,0.94,54.7,0.67
2025-04-18,13:15,Flat,62,TCT,665.6,36.9,57.6,73.02,1.09,58.41,0.91,53.1,0.67
2025-04-18,13:30,Flat,62,TCT,644.4,36.9,57.0,73.18,1.05,58.54,0.88,51.5,0.67
2025-04-18,13:45,Flat,62,TCT,623.2,36.9,56.5,73.35,1.02,58.68,0.85,49.9,0.67
2025-04-18,14:00,Flat,62,TCT,602.0,37.0,56.0,73.51,0.98,58.81,0.82,48.3,0.67
2025-04-18,14:15,Flat,62,TCT,549.8,36.8,54.6,73.96,0.89,59.17,0.75,44.3,0.67
2025-04-18,14:30,Flat,62,TCT,497.6,36.7,53.1,74.42,0.81,59.53,0.68,40.3,0.67
2025-04-18,14:45,Flat,62,TCT,445.3,36.6,51.7,74.87,0.72,59.9,0.6,36.2,0.67
2025-04-18,15:00,Flat,62,TCT,393.1,36.5,50.3,75.32,0.64,60.26,0.53,32.1,0.67
2025-04-18,15:15,Flat,62,TCT,341.7,36.2,48.7,75.82,0.55,60.66,0.46,28.1,0.67
2025-04-18,15:30,Flat,62,TCT,290.3,35.9,47.1,76.32,0.47,61.05,0.39,24.0,0.67
2025-04-18,15:45,Flat,62,TCT,239.0,35.6,45.6,76.81,0.39,61.45,0.32,19.8,0.67
2025-04-18,16:00,Flat,62,TCT,187.6,35.3,44.0,77.31,0.3,61.85,0.25,15.6,0.67
2025-04-18,16:15,Flat,62,TCT,149.2,34.7,42.4,77.8,0.24,62.24,0.2,12.5,0.67
2025-04-18,16:30,Flat,62,TCT,110.8,34.1,40.9,78.3,0.18,62.64,0.15,9.3,0.67
2025-04-18,16:45,Flat,62,TCT,72.5,33.5,39.3,78.8,0.12,63.04,0.1,6.1,0.67
2025-04-18,17:00,Flat,62,TCT,34.1,32.9,37.7,79.29,0.05,63.43,0.05,2.9,0.67
2025-04-18,17:15,Flat,62,TCT,25.6,32.4,37.0,79.52,0.04,63.61,0.03,2.2,0.67
2025-04-18,17:30,Flat,62,TCT,17.0,31.9,36.3,79.74,0.03,63.79,0.02,1.5,0.67
2025-04-18,17:45,Flat,62,TCT,8.5,31.4,35.6,79.96,0.01,63.97,0.01,0.7,0.67
2025-04-19,05:15,Flat,62,TCT,25.5,26.1,30.8,81.51,0.04,65.21,0.03,2.2,0.67
2025-04-19,05:30,Flat,62,TCT,47.8,26.4,31.6,81.24,0.08,64.99,0.06,4.1,0.67
2025-04-19,05:45,Flat,62,TCT,70.1,26.7,32.4,80.98,0.11,64.78,0.09,6.1,0.67
2025-04-19,06:00,Flat,62,TCT,92.4,27.0,33.3,80.71,0.15,64.57,0.12,8.0,0.67
2025-04-19,06:15,Flat,62,TCT,141.3,27.5,35.0,80.16,0.23,64.13,0.19,12.1,0.67
2025-04-19,06:30,Flat,62,TCT,190.1,28.0,36.8,79.61,0.3,63.69,0.25,16.2,0.67
2025-04-19,06:45,Flat,62,TCT,239.0,28.5,38.5,79.06,0.38,63.24,0.32,20.3,0.67
2025-04-19,07:00,Flat,62,TCT,287.8,29.0,40.2,78.5,0.46,62.8,0.39,24.3,0.67
2025-04-19,07:15,Flat,62,TCT,340.8,29.7,42.2,77.87,0.55,62.3,0.46,28.6,0.67
2025-04-19,07:30,Flat,62,TCT,393.7,30.4,44.2,77.24,0.63,61.79,0.53,32.8,0.67
2025-04-19,07:45,Flat,62,TCT,446.6,31.1,46.2,76.61,0.72,61.29,0.6,37.0,0.67
2025-04-19,08:00,Flat,62,TCT,499.5,31.7,48.2,75.98,0.81,60.78,0.68,41.1,0.67
2025-04-19,08:15,Flat,62,TCT,538.0,32.2,49.7,75.51,0.87,60.41,0.73,44.0,0.67
2025-04-19,08:30,Flat,62,TCT,576.4,32.7,51.2,75.05,0.93,60.04,0.78,47.0,0.67
2025-04-19,08:45,Flat,62,TCT,614.9,33.2,52.6,74.58,1.0,59.67,0.84,49.9,0.67
2025-04-19,09:00,Flat,62,TCT,653.3,33.8,54.1,74.12,1.06,59.3,0.89,52.7,0.67
2025-04-19,09:15,Flat,62,TCT,661.3,34.1,54.6,73.95,1.08,59.16,0.9,53.3,0.67
2025-04-19,09:30,Flat,62,TCT,669.4,34.4,55.2,73.77,1.09,59.02,0.91,53.8,0.67
2025-04-19,09:45,Flat,62,TCT,677.5,34.8,55.7,73.6,1.1,58.88,0.92,54.4,0.67
2025-04-19,10:00,Flat,62,TCT,685.5,35.1,56.3,73.43,1.12,58.74,0.94,54.9,0.67
2025-04-19,10:15,Flat,62,TCT,715.0,35.4,57.2,73.12,1.17,58.5,0.98,57.1,0.67
2025-04-19,10:30,Flat,62,TCT,744.5,35.6,58.2,72.81,1.21,58.25,1.02,59.3,0.67
2025-04-19,10:45,Flat,62,TCT,774.0,35.8,59.2,72.5,1.26,58.0,1.06,61.4,0.67
2025-04-19,11:00,Flat,62,TCT,803.5,36.1,60.2,72.2,1.31,57.76,1.1,63.5,0.67
2025-04-19,11:15,Flat,62,TCT,783.9,36.2,59.8,72.31,1.28,57.85,1.07,62.1,0.67
2025-04-19,11:30,Flat,62,TCT,764.3,36.3,59.4,72.43,1.25,57.94,1.05,60.6,0.67
2025-04-19,11:45,Flat,62,TCT,744.6,36.4,59.0,72.55,1.22,58.04,1.02,59.1,0.67
2025-04-19,12:00,Flat,62,TCT,725.0,36.5,58.7,72.67,1.18,58.13,0.99,57.6,0.67
2025-04-19,12:15,Flat,62,TCT,704.4,36.6,58.2,72.83,1.15,58.26,0.96,56.1,0.67
2025-04-19,12:30,Flat,62,TCT,683.7,36.6,57.7,72.99,1.12,58.39,0.93,54.5,0.67
2025-04-19,12:45,Flat,62,TCT,663.1,36.6,57.1,73.15,1.08,58.52,0.91,53.0,0.67
2025-04-19,13:00,Flat,62,TCT,642.5,36.6,56.6,73.31,1.05,58.65,0.88,51.4,0.67
2025-04-19,13:15,Flat,62,TCT,614.5,36.5,55.9,73.55,1.0,58.84,0.84,49.3,0.67
2025-04-19,13:30,Flat,62,TCT,586.5,36.4,55.1,73.8,0.95,59.04,0.8,47.2,0.67
2025-04-19,13:45,Flat,62,TCT,558.5,36.4,54.3,74.04,0.91,59.23,0.76,45.0,0.67
2025-04-19,14:00,Flat,62,TCT,530.5,36.3,53.6,74.28,0.86,59.43,0.72,42.9,0.67
2025-04-19,14:15,Flat,62,TCT,482.0,36.1,52.2,74.72,0.78,59.78,0.65,39.1,0.67
2025-04-19,14:30,Flat,62,TCT,433.4,36.0,50.8,75.16,0.7,60.13,0.59,35.4,0.67
2025-04-19,14:45,Flat,62,TCT,384.8,35.8,49.4,75.6,0.62,60.48,0.52,31.5,0.67
2025-04-19,15:00,Flat,62,TCT,336.2,35.6,48.0,76.04,0.54,60.83,0.45,27.7,0.67
2025-04-19,15:15,Flat,62,TCT,292.0,35.3,46.6,76.5,0.47,61.2,0.39,24.1,0.67
2025-04-19,15:30,Flat,62,TCT,247.7,35.0,45.1,76.95,0.4,61.56,0.33,20.6,0.67
2025-04-19,15:45,Flat,62,TCT,203.4,34.6,43.7,77.41,0.33,61.92,0.27,17.0,0.67
2025-04-19,16:00,Flat,62,TCT,159.1,34.3,42.3,77.86,0.26,62.29,0.21,13.3,0.67
2025-04-19,16:15,Flat,62,TCT,127.5,33.7,40.9,78.28,0.2,62.63,0.17,10.7,0.67
2025-04-19,16:30,Flat,62,TCT,95.9,33.2,39.6,78.71,0.15,62.97,0.13,8.1,0.67
2025-04-19,16:45,Flat,62,TCT,64.3,32.6,38.2,79.13,0.1,63.31,0.09,5.5,0.67
2025-04-19,17:00,Flat,62,TCT,32.8,32.1,36.9,79.56,0.05,63.65,0.04,2.8,0.67
2025-04-19,17:15,Flat,62,TCT,24.6,31.7,36.3,79.74,0.04,63.79,0.03,2.1,0.67
2025-04-19,17:30,Flat,62,TCT,16.4,31.3,35.7,79.93,0.03,63.94,0.02,1.4,0.67
2025-04-19,17:45,Flat,62,TCT,8.2,30.9,35.1,80.11,0.01,64.09,0.01,0.7,0.67
2025-04-20,05:15,Flat,62,TCT,25.0,25.9,30.6,81.57,0.04,65.26,0.03,2.2,0.67
2025-04-20,05:30,Flat,62,TCT,46.8,26.1,31.3,81.34,0.07,65.07,0.06,4.1,0.67
2025-04-20,05:45,Flat,62,TCT,68.6,26.3,32.0,81.11,0.11,64.89,0.09,5.9,0.67
2025-04-20,06:00,Flat,62,TCT,90.4,26.4,32.7,80.89,0.14,64.71,0.12,7.8,0.67
2025-04-20,06:15,Flat,62,TCT,135.1,26.9,34.3,80.38,0.22,64.3,0.18,11.6,0.67
2025-04-20,06:30,Flat,62,TCT,179.7,27.4,35.9,79.87,0.29,63.9,0.24,15.4,0.67
2025-04-20,06:45,Flat,62,TCT,224.3,27.9,37.5,79.37,0.36,63.49,0.3,19.1,0.67
2025-04-20,07:00,Flat,62,TCT,269.0,28.4,39.1,78.86,0.43,63.09,0.36,22.8,0.67
2025-04-20,07:15,Flat,62,TCT,316.2,29.0,40.9,78.29,0.51,62.63,0.42,26.6,0.67
2025-04-20,07:30,Flat,62,TCT,363.4,29.6,42.7,77.72,0.58,62.18,0.49,30.4,0.67
2025-04-20,07:45,Flat,62,TCT,410.6,30.2,44.5,77.16,0.66,61.72,0.55,34.2,0.67
2025-04-20,08:00,Flat,62,TCT,457.9,30.8,46.3,76.59,0.74,61.27,0.62,37.9,0.67
2025-04-20,08:15,Flat,62,TCT,519.2,31.2,48.2,75.98,0.84,60.78,0.7,42.7,0.67
2025-04-20,08:30,Flat,62,TCT,580.6,31.6,50.2,75.36,0.94,60.29,0.79,47.5,0.67
2025-04-20,08:45,Flat,62,TCT,642.0,32.0,52.1,74.75,1.04,59.8,0.87,52.2,0.67
2025-04-20,09:00,Flat,62,TCT,703.4,32.4,54.0,74.14,1.14,59.31,0.96,56.8,0.67
2025-04-20,09:15,Flat,62,TCT,729.0,32.7,54.9,73.86,1.19,59.09,0.99,58.7,0.67
2025-04-20,09:30,Flat,62,TCT,754.6,32.9,55.8,73.59,1.23,58.87,1.03,60.6,0.67
2025-04-20,09:45,Flat,62,TCT,780.2,33.1,56.6,73.32,1.27,58.65,1.06,62.4,0.67
2025-04-20,10:00,Flat,62,TCT,805.9,33.3,57.5,73.04,1.31,58.43,1.1,64.3,0.67
2025-04-20,10:15,Flat,62,TCT,821.1,33.5,58.0,72.88,1.34,58.3,1.12,65.4,0.67
2025-04-20,10:30,Flat,62,TCT,836.3,33.6,58.5,72.71,1.37,58.17,1.14,66.5,0.67
2025-04-20,10:45,Flat,62,TCT,851.5,33.8,59.0,72.55,1.39,58.04,1.16,67.6,0.67
2025-04-20,11:00,Flat,62,TCT,866.7,33.9,59.6,72.38,1.42,57.91,1.19,68.7,0.67
2025-04-20,11:15,Flat,62,TCT,853.1,34.0,59.3,72.46,1.39,57.97,1.17,67.7,0.67
2025-04-20,11:30,Flat,62,TCT,839.4,34.1,59.1,72.54,1.37,58.04,1.15,66.6,0.67
2025-04-20,11:45,Flat,62,TCT,825.8,34.2,58.8,72.63,1.35,58.1,1.13,65.6,0.67
2025-04-20,12:00,Flat,62,TCT,812.1,34.2,58.5,72.71,1.33,58.17,1.11,64.6,0.67
2025-04-20,12:15,Flat,62,TCT,799.2,34.3,58.2,72.8,1.3,58.24,1.09,63.6,0.67
2025-04-20,12:30,Flat,62,TCT,786.3,34.3,57.9,72.9,1.28,58.32,1.07,62.6,0.67
2025-04-20,12:45,Flat,62,TCT,773.3,34.3,57.6,72.99,1.26,58.39,1.06,61.7,0.67
2025-04-20,13:00,Flat,62,TCT,760.4,34.3,57.3,73.09,1.24,58.47,1.04,60.7,0.67
2025-04-20,13:15,Flat,62,TCT,734.5,34.3,56.7,73.3,1.2,58.64,1.0,58.8,0.67
2025-04-20,13:30,Flat,62,TCT,708.6,34.3,56.0,73.51,1.15,58.81,0.97,56.8,0.67
2025-04-20,13:45,Flat,62,TCT,682.8,34.3,55.3,73.73,1.11,58.98,0.93,54.9,0.67
2025-04-20,14:00,Flat,62,TCT,656.9,34.2,54.7,73.94,1.07,59.15,0.89,52.9,0.67
2025-04-20,14:15,Flat,62,TCT,604.6,34.2,53.3,74.37,0.98,59.49,0.82,48.9,0.67
2025-04-20,14:30,Flat,62,TCT,552.4,34.1,51.9,74.79,0.9,59.84,0.75,44.9,0.67
2025-04-20,14:45,Flat,62,TCT,500.1,34.1,50.6,75.22,0.81,60.18,0.68,40.8,0.67
2025-04-20,15:00,Flat,62,TCT,447.8,34.0,49.2,75.65,0.72,60.52,0.61,36.7,0.67
2025-04-20,15:15,Flat,62,TCT,389.0,33.9,47.6,76.16,0.63,60.93,0.53,32.1,0.67
2025-04-20,15:30,Flat,62,TCT,330.2,33.8,46.0,76.67,0.53,61.33,0.45,27.4,0.67
2025-04-20,15:45,Flat,62,TCT,271.4,33.6,44.4,77.18,0.44,61.74,0.37,22.6,0.67
2025-04-20,16:00,Flat,62,TCT,212.6,33.5,42.8,77.68,0.34,62.15,0.29,17.8,0.67
2025-04-20,16:15,Flat,62,TCT,168.2,33.1,41.3,78.16,0.27,62.53,0.23,14.1,0.67
2025-04-20,16:30,Flat,62,TCT,123.8,32.7,39.8,78.64,0.2,62.92,0.17,10.5,0.67
2025-04-20,16:45,Flat,62,TCT,79.4,32.3,38.3,79.13,0.13,63.3,0.11,6.7,0.67
2025-04-20,17:00,Flat,62,TCT,35.0,31.9,36.8,79.61,0.06,63.68,0.05,3.0,0.67
2025-04-20,17:15,Flat,62,TCT,26.3,31.4,36.0,79.84,0.04,63.87,0.04,2.2,0.67
2025-04-20,17:30,Flat,62,TCT,17.5,30.9,35.3,80.07,0.03,64.06,0.02,1.5,0.67
2025-04-20,17:45,Flat,62,TCT,8.8,30.3,34.6,80.3,0.01,64.24,0.01,0.8,0.67
2025-04-21,05:15,Flat,62,TCT,26.5,25.8,30.5,81.59,0.04,65.28,0.04,2.3,0.67
2025-04-21,05:30,Flat,62,TCT,49.4,26.1,31.3,81.32,0.08,65.06,0.07,4.3,0.67
2025-04-21,05:45,Flat,62,TCT,72.3,26.4,32.2,81.05,0.12,64.84,0.1,6.2,0.67
2025-04-21,06:00,Flat,62,TCT,95.2,26.7,33.0,80.78,0.15,64.63,0.13,8.2,0.67
2025-04-21,06:15,Flat,62,TCT,144.8,27.1,34.7,80.26,0.23,64.21,0.19,12.4,0.67
2025-04-21,06:30,Flat,62,TCT,194.4,27.5,36.3,79.74,0.31,63.79,0.26,16.6,0.67
2025-04-21,06:45,Flat,62,TCT,243.9,27.9,38.0,79.22,0.39,63.37,0.33,20.7,0.67
2025-04-21,07:00,Flat,62,TCT,293.5,28.3,39.6,78.7,0.47,62.96,0.39,24.8,0.67
2025-04-21,07:15,Flat,62,TCT,347.2,29.1,41.8,78.02,0.56,62.42,0.47,29.1,0.67
2025-04-21,07:30,Flat,62,TCT,401.0,29.9,43.9,77.34,0.65,61.87,0.54,33.4,0.67
2025-04-21,07:45,Flat,62,TCT,454.8,30.7,46.0,76.67,0.73,61.33,0.61,37.7,0.67
2025-04-21,08:00,Flat,62,TCT,508.5,31.5,48.2,75.99,0.82,60.79,0.69,41.8,0.67
2025-04-21,08:15,Flat,62,TCT,564.6,31.9,50.0,75.41,0.91,60.33,0.77,46.2,0.67
2025-04-21,08:30,Flat,62,TCT,620.7,32.3,51.8,74.83,1.01,59.87,0.84,50.5,0.67
2025-04-21,08:45,Flat,62,TCT,676.8,32.7,53.6,74.26,1.1,59.41,0.92,54.7,0.67
2025-04-21,09:00,Flat,62,TCT,732.9,33.1,55.5,73.68,1.19,58.94,1.0,58.9,0.67
2025-04-21,09:15,Flat,62,TCT,743.7,33.4,56.0,73.5,1.21,58.8,1.01,59.6,0.67
2025-04-21,09:30,Flat,62,TCT,754.6,33.7,56.6,73.33,1.23,58.66,1.03,60.4,0.67
2025-04-21,09:45,Flat,62,TCT,765.5,34.0,57.1,73.15,1.25,58.52,1.05,61.2,0.67
2025-04-21,10:00,Flat,62,TCT,776.4,34.3,57.7,72.98,1.27,58.38,1.06,61.9,0.67
2025-04-21,10:15,Flat,62,TCT,782.3,34.5,58.0,72.86,1.28,58.29,1.07,62.3,0.67
2025-04-21,10:30,Flat,62,TCT,788.3,34.7,58.4,72.75,1.29,58.2,1.08,62.7,0.67
2025-04-21,10:45,Flat,62,TCT,794.3,34.9,58.8,72.64,1.3,58.11,1.09,63.1,0.67
2025-04-21,11:00,Flat,62,TCT,800.3,35.1,59.1,72.52,1.31,58.02,1.09,63.5,0.67
2025-04-21,11:15,Flat,62,TCT,790.2,35.3,59.0,72.55,1.29,58.04,1.08,62.7,0.67
2025-04-21,11:30,Flat,62,TCT,780.2,35.4,58.9,72.58,1.27,58.06,1.07,62.0,0.67
2025-04-21,11:45,Flat,62,TCT,770.2,35.6,58.9,72.61,1.26,58.09,1.05,61.2,0.67
2025-04-21,12:00,Flat,62,TCT,760.1,35.8,58.8,72.63,1.24,58.11,1.04,60.4,0.67
2025-04-21,12:15,Flat,62,TCT,741.0,35.8,58.4,72.76,1.21,58.21,1.01,59.0,0.67
2025-04-21,12:30,Flat,62,TCT,721.9,35.9,58.0,72.89,1.18,58.31,0.99,57.5,0.67
2025-04-21,12:45,Flat,62,TCT,702.7,36.0,57.6,73.02,1.15,58.41,0.96,56.1,0.67
2025-04-21,13:00,Flat,62,TCT,683.6,36.1,57.2,73.14,1.11,58.52,0.93,54.6,0.67
2025-04-21,13:15,Flat,62,TCT,644.9,36.1,56.2,73.44,1.05,58.76,0.88,51.7,0.67
2025-04-21,13:30,Flat,62,TCT,606.2,36.1,55.3,73.74,0.99,59.0,0.83,48.7,0.67
2025-04-21,13:45,Flat,62,TCT,567.5,36.1,54.3,74.04,0.92,59.24,0.77,45.8,0.67
2025-04-21,14:00,Flat,62,TCT,528.9,36.1,53.4,74.34,0.86,59.48,0.72,42.8,0.67
2025-04-21,14:15,Flat,62,TCT,487.0,36.0,52.2,74.71,0.79,59.77,0.66,39.5,0.67
2025-04-21,14:30,Flat,62,TCT,445.1,35.9,51.0,75.08,0.72,60.07,0.6,36.3,0.67
2025-04-21,14:45,Flat,62,TCT,403.3,35.8,49.9,75.45,0.65,60.36,0.55,33.0,0.67
2025-04-21,15:00,Flat,62,TCT,361.4,35.7,48.7,75.82,0.58,60.66,0.49,29.7,0.67
2025-04-21,15:15,Flat,62,TCT,317.1,35.4,47.3,76.25,0.51,61.0,0.43,26.2,0.67
2025-04-21,15:30,Flat,62,TCT,272.8,35.2,46.0,76.69,0.44,61.35,0.37,22.6,0.67
2025-04-21,15:45,Flat,62,TCT,228.5,34.9,44.6,77.12,0.37,61.7,0.31,19.0,0.67
2025-04-21,16:00,Flat,62,TCT,184.2,34.6,43.2,77.55,0.3,62.04,0.25,15.4,0.67
2025-04-21,16:15,Flat,62,TCT,148.4,34.1,41.8,78.01,0.24,62.41,0.2,12.5,0.67
2025-04-21,16:30,Flat,62,TCT,112.5,33.5,40.3,78.47,0.18,62.77,0.15,9.5,0.67
2025-04-21,16:45,Flat,62,TCT,76.6,33.0,38.9,78.93,0.12,63.14,0.1,6.5,0.67
2025-04-21,17:00,Flat,62,TCT,40.8,32.4,37.5,79.38,0.07,63.51,0.05,3.5,0.67
2025-04-21,17:15,Flat,62,TCT,30.6,32.0,36.7,79.61,0.05,63.69,0.04,2.6,0.67
2025-04-21,17:30,Flat,62,TCT,20.4,31.5,36.0,79.84,0.03,63.87,0.03,1.7,0.67
2025-04-21,17:45,Flat,62,TCT,10.2,31.0,35.3,80.07,0.02,64.06,0.01,0.9,0.67
2025-04-22,05:15,Flat,62,TCT,24.0,26.2,30.8,81.48,0.04,65.18,0.03,2.1,0.67
2025-04-22,05:30,Flat,62,TCT,44.8,26.5,31.7,81.22,0.07,64.98,0.06,3.9,0.67
2025-04-22,05:45,Flat,62,TCT,65.7,26.8,32.5,80.96,0.1,64.77,0.09,5.7,0.67
2025-04-22,06:00,Flat,62,TCT,86.5,27.1,33.3,80.71,0.14,64.56,0.12,7.4,0.67
2025-04-22,06:15,Flat,62,TCT,127.2,27.7,34.9,80.21,0.2,64.17,0.17,10.9,0.67
2025-04-22,06:30,Flat,62,TCT,168.0,28.2,36.4,79.71,0.27,63.77,0.22,14.3,0.67
2025-04-22,06:45,Flat,62,TCT,208.7,28.8,38.0,79.21,0.33,63.37,0.28,17.7,0.67
2025-04-22,07:00,Flat,62,TCT,249.5,29.3,39.6,78.72,0.4,62.97,0.33,21.1,0.67
2025-04-22,07:15,Flat,62,TCT,294.9,29.8,41.2,78.2,0.47,62.56,0.4,24.8,0.67
2025-04-22,07:30,Flat,62,TCT,340.4,30.3,42.8,77.68,0.55,62.14,0.46,28.5,0.67
2025-04-22,07:45,Flat,62,TCT,385.8,30.8,44.5,77.16,0.62,61.72,0.52,32.1,0.67
2025-04-22,08:00,Flat,62,TCT,431.3,31.4,46.1,76.64,0.7,61.31,0.58,35.7,0.67
2025-04-22,08:15,Flat,62,TCT,489.3,31.7,48.0,76.05,0.79,60.84,0.66,40.3,0.67
2025-04-22,08:30,Flat,62,TCT,547.2,32.1,49.8,75.47,0.89,60.38,0.74,44.8,0.67
2025-04-22,08:45,Flat,62,TCT,605.2,32.5,51.7,74.89,0.98,59.91,0.82,49.2,0.67
2025-04-22,09:00,Flat,62,TCT,663.2,32.9,53.5,74.31,1.08,59.45,0.9,53.6,0.67
2025-04-22,09:15,Flat,62,TCT,682.6,33.2,54.3,74.05,1.11,59.24,0.93,55.1,0.67
2025-04-22,09:30,Flat,62,TCT,702.1,33.5,55.1,73.8,1.14,59.04,0.96,56.5,0.67
2025-04-22,09:45,Flat,62,TCT,721.5,33.9,55.9,73.54,1.17,58.83,0.98,57.9,0.67
2025-04-22,10:00,Flat,62,TCT,741.0,34.2,56.7,73.29,1.21,58.63,1.01,59.3,0.67
2025-04-22,10:15,Flat,62,TCT,758.5,34.4,57.4,73.07,1.24,58.45,1.04,60.5,0.67
2025-04-22,10:30,Flat,62,TCT,776.1,34.7,58.1,72.85,1.27,58.28,1.06,61.8,0.67
2025-04-22,10:45,Flat,62,TCT,793.6,34.9,58.8,72.63,1.3,58.1,1.09,63.1,0.67
2025-04-22,11:00,Flat,62,TCT,811.2,35.2,59.5,72.41,1.33,57.93,1.11,64.3,0.67
2025-04-22,11:15,Flat,62,TCT,793.5,35.4,59.2,72.5,1.3,58.0,1.09,63.0,0.67
2025-04-22,11:30,Flat,62,TCT,775.8,35.5,58.9,72.6,1.27,58.08,1.06,61.6,0.67
2025-04-22,11:45,Flat,62,TCT,758.1,35.6,58.6,72.69,1.24,58.15,1.04,60.3,0.67
2025-04-22,12:00,Flat,62,TCT,740.4,35.8,58.3,72.78,1.21,58.22,1.01,58.9,0.67
2025-04-22,12:15,Flat,62,TCT,725.8,35.8,58.0,72.88,1.18,58.31,0.99,57.8,0.67
2025-04-22,12:30,Flat,62,TCT,711.1,35.9,57.7,72.98,1.16,58.39,0.97,56.7,0.67
2025-04-22,12:45,Flat,62,TCT,696.5,35.9,57.4,73.08,1.14,58.47,0.95,55.6,0.67
2025-04-22,13:00,Flat,62,TCT,681.9,36.0,57.0,73.18,1.11,58.55,0.93,54.5,0.67
2025-04-22,13:15,Flat,62,TCT,658.0,35.9,56.4,73.39,1.07,58.72,0.9,52.7,0.67
2025-04-22,13:30,Flat,62,TCT,634.2,35.9,55.7,73.61,1.03,58.88,0.86,50.9,0.67
2025-04-22,13:45,Flat,62,TCT,610.4,35.8,55.0,73.82,0.99,59.05,0.83,49.1,0.67
2025-04-22,14:00,Flat,62,TCT,586.5,35.7,54.4,74.03,0.95,59.22,0.8,47.3,0.67
2025-04-22,14:15,Flat,62,TCT,501.1,35.6,52.1,74.75,0.81,59.8,0.68,40.7,0.67
2025-04-22,14:30,Flat,62,TCT,415.6,35.4,49.8,75.48,0.67,60.38,0.56,34.0,0.67
2025-04-22,14:45,Flat,62,TCT,330.1,35.2,47.5,76.21,0.53,60.97,0.45,27.2,0.67
2025-04-22,15:00,Flat,62,TCT,244.7,35.1,45.2,76.93,0.39,61.55,0.33,20.3,0.67
2025-04-22,15:15,Flat,62,TCT,218.4,34.8,44.3,77.22,0.35,61.78,0.29,18.2,0.67
2025-04-22,15:30,Flat,62,TCT,192.1,34.6,43.4,77.51,0.31,62.0,0.26,16.0,0.67
2025-04-22,15:45,Flat,62,TCT,165.7,34.3,42.5,77.79,0.27,62.23,0.22,13.9,0.67
2025-04-22,16:00,Flat,62,TCT,139.4,34.1,41.6,78.08,0.22,62.46,0.19,11.7,0.67
2025-04-22,16:15,Flat,62,TCT,110.8,33.6,40.3,78.47,0.18,62.78,0.15,9.3,0.67
2025-04-22,16:30,Flat,62,TCT,82.2,33.0,39.1,78.87,0.13,63.1,0.11,7.0,0.67
2025-04-22,16:45,Flat,62,TCT,53.6,32.5,37.8,79.26,0.09,63.41,0.07,4.6,0.67
2025-04-22,17:00,Flat,62,TCT,25.1,32.0,36.6,79.66,0.04,63.73,0.03,2.1,0.67
2025-04-22,17:15,Flat,62,TCT,18.8,31.4,35.9,79.88,0.03,63.91,0.03,1.6,0.67
2025-04-22,17:30,Flat,62,TCT,12.5,30.9,35.2,80.11,0.02,64.08,0.02,1.1,0.67
2025-04-22,17:45,Flat,62,TCT,6.3,30.3,34.5,80.33,0.01,64.26,0.01,0.5,0.67
2025-04-23,05:15,Flat,62,TCT,27.3,25.6,30.3,81.66,0.04,65.33,0.04,2.4,0.67
2025-04-23,05:30,Flat,62,TCT,51.0,25.8,31.1,81.41,0.08,65.13,0.07,4.4,0.67
2025-04-23,05:45,Flat,62,TCT,74.6,26.0,31.9,81.15,0.12,64.92,0.1,6.4,0.67
2025-04-23,06:00,Flat,62,TCT,98.2,26.2,32.7,80.9,0.16,64.72,0.13,8.5,0.67
2025-04-23,06:15,Flat,62,TCT,147.0,26.6,34.3,80.38,0.23,64.3,0.2,12.6,0.67
2025-04-23,06:30,Flat,62,TCT,195.8,27.1,35.9,79.86,0.31,63.89,0.26,16.7,0.67
2025-04-23,06:45,Flat,62,TCT,244.5,27.5,37.6,79.34,0.39,63.47,0.33,20.8,0.67
2025-04-23,07:00,Flat,62,TCT,293.3,27.9,39.2,78.82,0.47,63.06,0.39,24.8,0.67
2025-04-23,07:15,Flat,62,TCT,349.9,28.7,41.4,78.13,0.56,62.5,0.47,29.4,0.67
2025-04-23,07:30,Flat,62,TCT,406.4,29.5,43.6,77.43,0.65,61.94,0.55,33.9,0.67
2025-04-23,07:45,Flat,62,TCT,463.0,30.3,45.8,76.73,0.75,61.38,0.63,38.4,0.67
2025-04-23,08:00,Flat,62,TCT,519.5,31.1,48.1,76.03,0.84,60.82,0.7,42.8,0.67
2025-04-23,08:15,Flat,62,TCT,547.7,31.6,49.3,75.64,0.89,60.51,0.74,44.9,0.67
2025-04-23,08:30,Flat,62,TCT,575.9,32.1,50.5,75.26,0.93,60.2,0.78,47.0,0.67
2025-04-23,08:45,Flat,62,TCT,604.0,32.6,51.7,74.87,0.98,59.9,0.82,49.1,0.67
2025-04-23,09:00,Flat,62,TCT,632.2,33.1,52.9,74.49,1.03,59.59,0.86,51.2,0.67
2025-04-23,09:15,Flat,62,TCT,638.8,33.5,53.5,74.31,1.04,59.45,0.87,51.7,0.67
2025-04-23,09:30,Flat,62,TCT,645.4,33.9,54.0,74.14,1.05,59.32,0.88,52.1,0.67
2025-04-23,09:45,Flat,62,TCT,652.0,34.2,54.5,73.97,1.06,59.18,0.89,52.5,0.67
2025-04-23,10:00,Flat,62,TCT,658.6,34.6,55.1,73.8,1.07,59.04,0.9,53.0,0.67
2025-04-23,10:15,Flat,62,TCT,689.1,34.9,56.1,73.47,1.12,58.78,0.94,55.2,0.67
2025-04-23,10:30,Flat,62,TCT,719.6,35.2,57.2,73.14,1.17,58.51,0.98,57.5,0.67
2025-04-23,10:45,Flat,62,TCT,750.1,35.5,58.2,72.81,1.22,58.25,1.03,59.7,0.67
2025-04-23,11:00,Flat,62,TCT,780.6,35.7,59.2,72.48,1.28,57.99,1.07,61.9,0.67
2025-04-23,11:15,Flat,62,TCT,766.6,35.9,59.1,72.53,1.25,58.02,1.05,60.8,0.67
2025-04-23,11:30,Flat,62,TCT,752.6,36.1,59.0,72.57,1.23,58.06,1.03,59.8,0.67
2025-04-23,11:45,Flat,62,TCT,738.6,36.4,58.8,72.62,1.21,58.09,1.01,58.7,0.67
2025-04-23,12:00,Flat,62,TCT,724.6,36.6,58.7,72.66,1.18,58.13,0.99,57.6,0.67
2025-04-23,12:15,Flat,62,TCT,706.9,36.7,58.3,72.77,1.15,58.22,0.97,56.2,0.67
2025-04-23,12:30,Flat,62,TCT,689.2,36.8,58.0,72.88,1.12,58.3,0.94,54.9,0.67
2025-04-23,12:45,Flat,62,TCT,671.5,36.9,57.7,72.98,1.1,58.39,0.92,53.5,0.67
2025-04-23,13:00,Flat,62,TCT,653.8,37.0,57.3,73.09,1.07,58.47,0.89,52.2,0.67
2025-04-23,13:15,Flat,62,TCT,608.0,37.0,56.2,73.45,0.99,58.76,0.83,48.7,0.67
2025-04-23,13:30,Flat,62,TCT,562.2,37.0,55.1,73.81,0.91,59.05,0.77,45.2,0.67
2025-04-23,13:45,Flat,62,TCT,516.5,37.0,53.9,74.17,0.84,59.34,0.7,41.7,0.67
2025-04-23,14:00,Flat,62,TCT,470.7,37.0,52.8,74.54,0.76,59.63,0.64,38.2,0.67
2025-04-23,14:15,Flat,62,TCT,439.7,36.9,51.9,74.82,0.71,59.86,0.6,35.7,0.67
2025-04-23,14:30,Flat,62,TCT,408.7,36.7,51.0,75.11,0.66,60.09,0.55,33.3,0.67
2025-04-23,14:45,Flat,62,TCT,377.6,36.6,50.0,75.4,0.61,60.32,0.51,30.9,0.67
2025-04-23,15:00,Flat,62,TCT,346.6,36.5,49.1,75.69,0.56,60.55,0.47,28.4,0.67
2025-04-23,15:15,Flat,62,TCT,306.1,36.1,47.8,76.11,0.49,60.89,0.41,25.2,0.67
2025-04-23,15:30,Flat,62,TCT,265.7,35.8,46.4,76.54,0.43,61.23,0.36,22.0,0.67
2025-04-23,15:45,Flat,62,TCT,225.2,35.5,45.1,76.97,0.36,61.57,0.3,18.7,0.67
2025-04-23,16:00,Flat,62,TCT,184.8,35.1,43.7,77.39,0.3,61.92,0.25,15.4,0.67
2025-04-23,16:15,Flat,62,TCT,148.1,34.4,42.1,77.91,0.24,62.33,0.2,12.4,0.67
2025-04-23,16:30,Flat,62,TCT,111.4,33.7,40.5,78.42,0.18,62.74,0.15,9.4,0.67
2025-04-23,16:45,Flat,62,TCT,74.8,33.0,38.9,78.93,0.12,63.15,0.1,6.3,0.67
2025-04-23,17:00,Flat,62,TCT,38.1,32.3,37.3,79.45,0.06,63.56,0.05,3.2,0.67
2025-04-23,17:15,Flat,62,TCT,28.6,31.8,36.6,79.67,0.05,63.73,0.04,2.4,0.67
2025-04-23,17:30,Flat,62,TCT,19.0,31.4,35.9,79.89,0.03,63.91,0.03,1.6,0.67
2025-04-23,17:45,Flat,62,TCT,9.5,30.9,35.2,80.11,0.02,64.09,0.01,0.8,0.67
2025-04-24,05:15,Flat,62,TCT,29.0,26.1,30.8,81.49,0.05,65.19,0.04,2.5,0.67
2025-04-24,05:30,Flat,62,TCT,54.1,26.3,31.6,81.23,0.09,64.99,0.07,4.7,0.67
2025-04-24,05:45,Flat,62,TCT,79.2,26.5,32.4,80.97,0.13,64.78,0.11,6.8,0.67
2025-04-24,06:00,Flat,62,TCT,104.2,26.6,33.3,80.71,0.17,64.57,0.14,9.0,0.67
2025-04-24,06:15,Flat,62,TCT,158.6,27.2,35.2,80.11,0.25,64.09,0.21,13.6,0.67
2025-04-24,06:30,Flat,62,TCT,212.9,27.7,37.1,79.51,0.34,63.61,0.29,18.1,0.67
2025-04-24,06:45,Flat,62,TCT,267.3,28.3,39.0,78.91,0.43,63.13,0.36,22.6,0.67
2025-04-24,07:00,Flat,62,TCT,321.6,28.8,40.9,78.31,0.52,62.65,0.43,27.1,0.67
2025-04-24,07:15,Flat,62,TCT,378.6,29.5,43.0,77.63,0.61,62.11,0.51,31.7,0.67
2025-04-24,07:30,Flat,62,TCT,435.5,30.2,45.1,76.96,0.7,61.57,0.59,36.2,0.67
2025-04-24,07:45,Flat,62,TCT,492.4,30.9,47.2,76.29,0.79,61.03,0.67,40.6,0.67
2025-04-24,08:00,Flat,62,TCT,549.3,31.6,49.4,75.61,0.89,60.49,0.74,45.0,0.67
2025-04-24,08:15,Flat,62,TCT,582.7,32.1,50.7,75.18,0.94,60.15,0.79,47.5,0.67
2025-04-24,08:30,Flat,62,TCT,616.1,32.7,52.1,74.76,1.0,59.81,0.84,50.1,0.67
2025-04-24,08:45,Flat,62,TCT,649.5,33.2,53.4,74.33,1.05,59.47,0.88,52.5,0.67
2025-04-24,09:00,Flat,62,TCT,682.9,33.7,54.8,73.91,1.11,59.13,0.93,55.0,0.67
2025-04-24,09:15,Flat,62,TCT,710.6,34.1,55.8,73.57,1.16,58.86,0.97,57.0,0.67
2025-04-24,09:30,Flat,62,TCT,738.4,34.4,56.9,73.23,1.2,58.58,1.01,59.0,0.67
2025-04-24,09:45,Flat,62,TCT,766.2,34.8,58.0,72.89,1.25,58.31,1.05,61.0,0.67
2025-04-24,10:00,Flat,62,TCT,793.9,35.2,59.0,72.55,1.3,58.04,1.09,63.0,0.67
2025-04-24,10:15,Flat,62,TCT,807.9,35.4,59.6,72.36,1.32,57.89,1.11,64.0,0.67
2025-04-24,10:30,Flat,62,TCT,821.9,35.7,60.2,72.17,1.34,57.74,1.13,65.0,0.67
2025-04-24,10:45,Flat,62,TCT,835.9,35.9,60.8,71.98,1.37,57.58,1.15,66.0,0.67
2025-04-24,11:00,Flat,62,TCT,850.0,36.2,61.4,71.79,1.39,57.43,1.17,66.9,0.67
2025-04-24,11:15,Flat,62,TCT,822.0,36.3,60.9,71.97,1.34,57.58,1.13,64.8,0.67
2025-04-24,11:30,Flat,62,TCT,794.1,36.4,60.3,72.15,1.3,57.72,1.09,62.8,0.67
2025-04-24,11:45,Flat,62,TCT,766.2,36.6,59.7,72.33,1.25,57.87,1.05,60.7,0.67
2025-04-24,12:00,Flat,62,TCT,738.3,36.7,59.1,72.52,1.21,58.01,1.01,58.6,0.67
2025-04-24,12:15,Flat,62,TCT,723.1,36.7,58.8,72.64,1.18,58.11,0.99,57.5,0.67
2025-04-24,12:30,Flat,62,TCT,707.8,36.7,58.4,72.76,1.16,58.21,0.97,56.3,0.67
2025-04-24,12:45,Flat,62,TCT,692.6,36.7,58.0,72.88,1.13,58.3,0.95,55.2,0.67
2025-04-24,13:00,Flat,62,TCT,677.4,36.7,57.6,73.0,1.1,58.4,0.93,54.0,0.67
2025-04-24,13:15,Flat,62,TCT,637.9,36.5,56.5,73.36,1.04,58.69,0.87,51.1,0.67
2025-04-24,13:30,Flat,62,TCT,598.5,36.3,55.3,73.73,0.97,58.98,0.82,48.1,0.67
2025-04-24,13:45,Flat,62,TCT,559.0,36.2,54.2,74.1,0.91,59.28,0.76,45.1,0.67
2025-04-24,14:00,Flat,62,TCT,519.5,36.0,53.0,74.46,0.84,59.57,0.71,42.1,0.67
2025-04-24,14:15,Flat,62,TCT,478.1,35.8,51.8,74.85,0.78,59.88,0.65,38.9,0.67
2025-04-24,14:30,Flat,62,TCT,436.7,35.6,50.5,75.24,0.71,60.19,0.59,35.7,0.67
2025-04-24,14:45,Flat,62,TCT,395.3,35.4,49.3,75.63,0.64,60.51,0.54,32.4,0.67
2025-04-24,15:00,Flat,62,TCT,353.9,35.2,48.1,76.02,0.57,60.82,0.48,29.1,0.67
2025-04-24,15:15,Flat,62,TCT,310.0,35.0,46.7,76.45,0.5,61.16,0.42,25.6,0.67
2025-04-24,15:30,Flat,62,TCT,266.2,34.7,45.4,76.88,0.43,61.5,0.36,22.1,0.67
2025-04-24,15:45,Flat,62,TCT,222.4,34.5,44.0,77.31,0.36,61.85,0.3,18.5,0.67
2025-04-24,16:00,Flat,62,TCT,178.6,34.2,42.7,77.73,0.29,62.19,0.24,14.9,0.67
2025-04-24,16:15,Flat,62,TCT,142.8,33.7,41.3,78.16,0.23,62.53,0.19,12.0,0.67
2025-04-24,16:30,Flat,62,TCT,107.1,33.3,40.0,78.59,0.17,62.87,0.14,9.0,0.67
2025-04-24,16:45,Flat,62,TCT,71.4,32.8,38.6,79.02,0.11,63.22,0.1,6.0,0.67
2025-04-24,17:00,Flat,62,TCT,35.6,32.4,37.3,79.45,0.06,63.56,0.05,3.0,0.67
2025-04-24,17:15,Flat,62,TCT,26.7,31.9,36.6,79.65,0.04,63.72,0.04,2.3,0.67
2025-04-24,17:30,Flat,62,TCT,17.8,31.5,36.0,79.85,0.03,63.88,0.02,1.5,0.67
2025-04-24,17:45,Flat,62,TCT,8.9,31.1,35.3,80.05,0.01,64.04,0.01,0.8,0.67
2025-04-25,05:15,Flat,62,TCT,26.6,27.2,31.9,81.15,0.04,64.92,0.04,2.3,0.67
2025-04-25,05:30,Flat,62,TCT,49.4,27.5,32.7,80.89,0.08,64.71,0.07,4.3,0.67
2025-04-25,05:45,Flat,62,TCT,72.1,27.7,33.5,80.63,0.11,64.5,0.1,6.2,0.67
2025-04-25,06:00,Flat,62,TCT,94.8,28.0,34.3,80.37,0.15,64.3,0.13,8.1,0.67
2025-04-25,06:15,Flat,62,TCT,144.3,28.3,35.9,79.86,0.23,63.89,0.19,12.3,0.67
2025-04-25,06:30,Flat,62,TCT,193.7,28.7,37.5,79.36,0.31,63.49,0.26,16.5,0.67
2025-04-25,06:45,Flat,62,TCT,243.1,29.1,39.1,78.85,0.39,63.08,0.33,20.6,0.67
2025-04-25,07:00,Flat,62,TCT,292.5,29.4,40.7,78.35,0.47,62.68,0.39,24.6,0.67
2025-04-25,07:15,Flat,62,TCT,344.7,29.9,42.5,77.79,0.55,62.23,0.46,28.9,0.67
2025-04-25,07:30,Flat,62,TCT,397.0,30.3,44.2,77.23,0.64,61.79,0.54,33.1,0.67
2025-04-25,07:45,Flat,62,TCT,449.2,30.8,46.0,76.68,0.72,61.34,0.61,37.2,0.67
2025-04-25,08:00,Flat,62,TCT,501.4,31.2,47.8,76.12,0.81,60.9,0.68,41.3,0.67
2025-04-25,08:15,Flat,62,TCT,535.1,31.5,48.9,75.77,0.87,60.61,0.72,43.9,0.67
2025-04-25,08:30,Flat,62,TCT,568.7,31.8,50.0,75.41,0.92,60.33,0.77,46.5,0.67
2025-04-25,08:45,Flat,62,TCT,602.3,32.1,51.1,75.05,0.98,60.04,0.82,49.1,0.67
2025-04-25,09:00,Flat,62,TCT,636.0,32.4,52.3,74.69,1.03,59.75,0.86,51.6,0.67
2025-04-25,09:15,Flat,62,TCT,656.2,32.5,52.9,74.48,1.07,59.58,0.89,53.2,0.67
2025-04-25,09:30,Flat,62,TCT,676.5,32.7,53.6,74.26,1.1,59.41,0.92,54.7,0.67
2025-04-25,09:45,Flat,62,TCT,696.8,32.9,54.3,74.05,1.13,59.24,0.95,56.2,0.67
2025-04-25,10:00,Flat,62,TCT,717.0,33.1,55.0,73.83,1.17,59.07,0.98,57.7,0.67
2025-04-25,10:15,Flat,62,TCT,737.8,33.2,55.6,73.63,1.2,58.9,1.01,59.2,0.67
2025-04-25,10:30,Flat,62,TCT,758.6,33.3,56.3,73.43,1.24,58.74,1.03,60.8,0.67
2025-04-25,10:45,Flat,62,TCT,779.4,33.4,56.9,73.23,1.27,58.58,1.06,62.3,0.67
2025-04-25,11:00,Flat,62,TCT,800.1,33.5,57.5,73.02,1.3,58.42,1.09,63.8,0.67
2025-04-25,11:15,Flat,62,TCT,767.8,33.6,56.8,73.26,1.25,58.6,1.05,61.4,0.67
2025-04-25,11:30,Flat,62,TCT,735.5,33.7,56.1,73.49,1.2,58.79,1.0,59.0,0.67
2025-04-25,11:45,Flat,62,TCT,703.2,33.8,55.3,73.72,1.14,58.98,0.96,56.5,0.67
2025-04-25,12:00,Flat,62,TCT,671.0,33.8,54.6,73.95,1.09,59.16,0.91,54.1,0.67
2025-04-25,12:15,Flat,62,TCT,645.6,33.8,54.0,74.15,1.05,59.32,0.88,52.1,0.67
2025-04-25,12:30,Flat,62,TCT,620.2,33.9,53.4,74.35,1.01,59.48,0.84,50.2,0.67
2025-04-25,12:45,Flat,62,TCT,594.8,33.9,52.7,74.54,0.97,59.63,0.81,48.2,0.67
2025-04-25,13:00,Flat,62,TCT,569.4,33.9,52.1,74.74,0.92,59.79,0.77,46.3,0.67
2025-04-25,13:15,Flat,62,TCT,533.2,33.9,51.2,75.02,0.86,60.02,0.72,43.4,0.67
2025-04-25,13:30,Flat,62,TCT,497.0,33.9,50.3,75.31,0.8,60.25,0.67,40.6,0.67
2025-04-25,13:45,Flat,62,TCT,460.8,33.9,49.4,75.59,0.75,60.47,0.62,37.8,0.67
2025-04-25,14:00,Flat,62,TCT,424.6,33.9,48.5,75.88,0.69,60.7,0.57,34.9,0.67
2025-04-25,14:15,Flat,62,TCT,382.6,33.8,47.4,76.24,0.62,60.99,0.52,31.6,0.67
2025-04-25,14:30,Flat,62,TCT,340.5,33.7,46.2,76.61,0.55,61.29,0.46,28.2,0.67
2025-04-25,14:45,Flat,62,TCT,298.4,33.6,45.1,76.97,0.48,61.58,0.4,24.8,0.67
2025-04-25,15:00,Flat,62,TCT,256.4,33.5,43.9,77.34,0.41,61.87,0.35,21.4,0.67
2025-04-25,15:15,Flat,62,TCT,226.4,33.4,43.0,77.62,0.36,62.1,0.3,18.9,0.67
2025-04-25,15:30,Flat,62,TCT,196.4,33.2,42.1,77.91,0.32,62.33,0.26,16.5,0.67
2025-04-25,15:45,Flat,62,TCT,166.4,33.0,41.2,78.2,0.27,62.56,0.22,14.0,0.67
2025-04-25,16:00,Flat,62,TCT,136.3,32.9,40.3,78.49,0.22,62.79,0.18,11.5,0.67
2025-04-25,16:15,Flat,62,TCT,110.6,32.5,39.2,78.82,0.18,63.05,0.15,9.4,0.67
2025-04-25,16:30,Flat,62,TCT,84.9,32.1,38.2,79.15,0.14,63.32,0.11,7.2,0.67
2025-04-25,16:45,Flat,62,TCT,59.2,31.7,37.2,79.48,0.09,63.58,0.08,5.0,0.67
2025-04-25,17:00,Flat,62,TCT,33.5,31.3,36.1,79.81,0.05,63.85,0.04,2.9,0.67
2025-04-25,17:15,Flat,62,TCT,25.1,30.9,35.6,79.98,0.04,63.98,0.03,2.2,0.67
2025-04-25,17:30,Flat,62,TCT,16.8,30.6,35.0,80.15,0.03,64.12,0.02,1.4,0.67
2025-04-25,17:45,Flat,62,TCT,8.4,30.3,34.5,80.32,0.01,64.26,0.01,0.7,0.67
2025-04-26,05:15,Flat,62,TCT,27.5,27.4,32.1,81.07,0.04,64.86,0.04,2.4,0.67
2025-04-26,05:30,Flat,62,TCT,50.7,27.6,32.9,80.83,0.08,64.66,0.07,4.4,0.67
2025-04-26,05:45,Flat,62,TCT,73.9,27.8,33.7,80.58,0.12,64.47,0.1,6.4,0.67
2025-04-26,06:00,Flat,62,TCT,97.1,28.0,34.4,80.34,0.15,64.27,0.13,8.3,0.67
2025-04-26,06:15,Flat,62,TCT,143.6,28.3,35.9,79.87,0.23,63.89,0.19,12.3,0.67
2025-04-26,06:30,Flat,62,TCT,190.2,28.7,37.4,79.4,0.3,63.52,0.25,16.2,0.67
2025-04-26,06:45,Flat,62,TCT,236.7,29.0,38.9,78.92,0.38,63.14,0.32,20.0,0.67
2025-04-26,07:00,Flat,62,TCT,283.2,29.3,40.4,78.45,0.45,62.76,0.38,23.9,0.67
2025-04-26,07:15,Flat,62,TCT,328.4,29.7,41.9,77.98,0.53,62.39,0.44,27.6,0.67
2025-04-26,07:30,Flat,62,TCT,373.6,30.0,43.4,77.51,0.6,62.01,0.5,31.2,0.67
2025-04-26,07:45,Flat,62,TCT,418.7,30.4,44.8,77.05,0.67,61.64,0.56,34.8,0.67
2025-04-26,08:00,Flat,62,TCT,463.9,30.7,46.3,76.58,0.75,61.26,0.63,38.4,0.67
2025-04-26,08:15,Flat,62,TCT,502.7,31.0,47.6,76.19,0.81,60.95,0.68,41.4,0.67
2025-04-26,08:30,Flat,62,TCT,541.5,31.2,48.8,75.8,0.88,60.64,0.73,44.5,0.67
2025-04-26,08:45,Flat,62,TCT,580.3,31.5,50.0,75.41,0.94,60.33,0.79,47.5,0.67
2025-04-26,09:00,Flat,62,TCT,619.2,31.8,51.2,75.02,1.0,60.01,0.84,50.4,0.67
2025-04-26,09:15,Flat,62,TCT,634.0,32.0,51.8,74.84,1.03,59.87,0.86,51.5,0.67
2025-04-26,09:30,Flat,62,TCT,648.8,32.2,52.4,74.65,1.05,59.72,0.88,52.7,0.67
2025-04-26,09:45,Flat,62,TCT,663.5,32.4,53.0,74.47,1.08,59.58,0.9,53.8,0.67
2025-04-26,10:00,Flat,62,TCT,678.3,32.6,53.5,74.29,1.1,59.43,0.92,54.8,0.67
2025-04-26,10:15,Flat,62,TCT,711.9,32.7,54.5,73.99,1.16,59.19,0.97,57.4,0.67
2025-04-26,10:30,Flat,62,TCT,745.5,32.8,55.5,73.68,1.21,58.94,1.02,59.9,0.67
2025-04-26,10:45,Flat,62,TCT,779.0,33.0,56.4,73.37,1.27,58.7,1.06,62.4,0.67
2025-04-26,11:00,Flat,62,TCT,812.6,33.1,57.4,73.07,1.32,58.45,1.11,64.9,0.67
2025-04-26,11:15,Flat,62,TCT,802.7,33.1,57.2,73.13,1.31,58.51,1.1,64.1,0.67
2025-04-26,11:30,Flat,62,TCT,792.9,33.2,57.0,73.2,1.29,58.56,1.08,63.4,0.67
2025-04-26,11:45,Flat,62,TCT,783.0,33.2,56.8,73.26,1.28,58.61,1.07,62.6,0.67
2025-04-26,12:00,Flat,62,TCT,773.2,33.2,56.6,73.33,1.26,58.66,1.05,61.9,0.67
2025-04-26,12:15,Flat,62,TCT,703.5,33.2,54.8,73.89,1.14,59.11,0.96,56.6,0.67
2025-04-26,12:30,Flat,62,TCT,633.8,33.2,53.0,74.45,1.03,59.56,0.86,51.3,0.67
2025-04-26,12:45,Flat,62,TCT,564.1,33.2,51.3,75.01,0.91,60.01,0.77,46.0,0.67
2025-04-26,13:00,Flat,62,TCT,494.4,33.1,49.5,75.57,0.8,60.45,0.67,40.5,0.67
2025-04-26,13:15,Flat,62,TCT,486.3,33.1,49.3,75.63,0.79,60.51,0.66,39.9,0.67
2025-04-26,13:30,Flat,62,TCT,478.2,33.1,49.1,75.7,0.77,60.56,0.65,39.2,0.67
2025-04-26,13:45,Flat,62,TCT,470.0,33.1,48.9,75.76,0.76,60.61,0.64,38.6,0.67
2025-04-26,14:00,Flat,62,TCT,461.9,33.1,48.7,75.83,0.75,60.66,0.63,37.9,0.67
2025-04-26,14:15,Flat,62,TCT,416.6,33.1,47.5,76.19,0.67,60.95,0.56,34.3,0.67
2025-04-26,14:30,Flat,62,TCT,371.3,33.1,46.4,76.56,0.6,61.24,0.5,30.7,0.67
2025-04-26,14:45,Flat,62,TCT,326.0,33.1,45.2,76.92,0.53,61.54,0.44,27.1,0.67
2025-04-26,15:00,Flat,62,TCT,280.7,33.1,44.1,77.28,0.45,61.83,0.38,23.4,0.67
2025-04-26,15:15,Flat,62,TCT,245.1,33.0,43.1,77.59,0.39,62.07,0.33,20.5,0.67
2025-04-26,15:30,Flat,62,TCT,209.5,32.9,42.1,77.9,0.34,62.32,0.28,17.6,0.67
2025-04-26,15:45,Flat,62,TCT,173.9,32.8,41.2,78.21,0.28,62.57,0.23,14.6,0.67
2025-04-26,16:00,Flat,62,TCT,138.2,32.7,40.2,78.52,0.22,62.82,0.19,11.7,0.67
2025-04-26,16:15,Flat,62,TCT,111.1,32.4,39.2,78.82,0.18,63.06,0.15,9.4,0.67
2025-04-26,16:30,Flat,62,TCT,84.0,32.2,38.3,79.13,0.13,63.3,0.11,7.1,0.67
2025-04-26,16:45,Flat,62,TCT,56.8,31.9,37.3,79.43,0.09,63.55,0.08,4.8,0.67
2025-04-26,17:00,Flat,62,TCT,29.7,31.6,36.3,79.74,0.05,63.79,0.04,2.5,0.67
2025-04-26,17:15,Flat,62,TCT,22.3,31.3,35.9,79.88,0.04,63.91,0.03,1.9,0.67
2025-04-26,17:30,Flat,62,TCT,14.8,31.1,35.4,80.02,0.02,64.02,0.02,1.3,0.67
2025-04-26,17:45,Flat,62,TCT,7.4,30.8,35.0,80.17,0.01,64.13,0.01,0.6,0.67
2025-04-27,05:15,Flat,62,TCT,32.3,26.9,31.7,81.21,0.05,64.97,0.04,2.8,0.67
2025-04-27,05:30,Flat,62,TCT,59.9,27.1,32.6,80.92,0.1,64.73,0.08,5.2,0.67
2025-04-27,05:45,Flat,62,TCT,87.4,27.4,33.6,80.62,0.14,64.5,0.12,7.5,0.67
2025-04-27,06:00,Flat,62,TCT,115.0,27.6,34.5,80.32,0.18,64.26,0.15,9.9,0.67
2025-04-27,06:15,Flat,62,TCT,164.8,27.9,36.0,79.84,0.26,63.87,0.22,14.1,0.67
2025-04-27,06:30,Flat,62,TCT,214.6,28.2,37.5,79.36,0.34,63.49,0.29,18.2,0.67
2025-04-27,06:45,Flat,62,TCT,264.4,28.4,39.0,78.88,0.42,63.11,0.35,22.4,0.67
2025-04-27,07:00,Flat,62,TCT,314.2,28.7,40.6,78.4,0.5,62.72,0.42,26.5,0.67
2025-04-27,07:15,Flat,62,TCT,364.0,29.1,42.2,77.89,0.58,62.31,0.49,30.5,0.67
2025-04-27,07:30,Flat,62,TCT,413.8,29.4,43.8,77.38,0.67,61.91,0.56,34.5,0.67
2025-04-27,07:45,Flat,62,TCT,463.6,29.8,45.4,76.88,0.75,61.5,0.63,38.5,0.67
2025-04-27,08:00,Flat,62,TCT,513.4,30.1,47.0,76.37,0.83,61.09,0.69,42.4,0.67
2025-04-27,08:15,Flat,62,TCT,552.5,30.5,48.3,75.95,0.89,60.76,0.75,45.4,0.67
2025-04-27,08:30,Flat,62,TCT,591.5,30.8,49.6,75.54,0.96,60.43,0.8,48.4,0.67
2025-04-27,08:45,Flat,62,TCT,630.6,31.2,50.9,75.12,1.02,60.1,0.86,51.4,0.67
2025-04-27,09:00,Flat,62,TCT,669.6,31.5,52.2,74.71,1.09,59.76,0.91,54.4,0.67
2025-04-27,09:15,Flat,62,TCT,705.6,31.7,53.4,74.34,1.15,59.47,0.96,57.1,0.67
2025-04-27,09:30,Flat,62,TCT,741.5,32.0,54.5,73.98,1.21,59.18,1.01,59.8,0.67
2025-04-27,09:45,Flat,62,TCT,777.5,32.2,55.7,73.62,1.27,58.9,1.06,62.4,0.67
2025-04-27,10:00,Flat,62,TCT,813.4,32.5,56.8,73.26,1.33,58.61,1.11,65.1,0.67
2025-04-27,10:15,Flat,62,TCT,817.6,32.6,57.1,73.17,1.33,58.54,1.12,65.3,0.67
2025-04-27,10:30,Flat,62,TCT,821.7,32.8,57.3,73.09,1.34,58.47,1.12,65.6,0.67
2025-04-27,10:45,Flat,62,TCT,825.9,33.0,57.6,73.0,1.35,58.4,1.13,65.9,0.67
2025-04-27,11:00,Flat,62,TCT,830.0,33.1,57.9,72.91,1.35,58.33,1.13,66.1,0.67
2025-04-27,11:15,Flat,62,TCT,811.2,33.3,57.5,73.02,1.32,58.42,1.11,64.7,0.67
2025-04-27,11:30,Flat,62,TCT,792.3,33.4,57.2,73.13,1.29,58.51,1.08,63.3,0.67
2025-04-27,11:45,Flat,62,TCT,773.4,33.5,56.9,73.24,1.26,58.59,1.06,61.8,0.67
2025-04-27,12:00,Flat,62,TCT,754.5,33.6,56.5,73.35,1.23,58.68,1.03,60.4,0.67
2025-04-27,12:15,Flat,62,TCT,728.4,33.7,55.9,73.53,1.19,58.83,0.99,58.4,0.67
2025-04-27,12:30,Flat,62,TCT,702.4,33.8,55.4,73.71,1.14,58.97,0.96,56.4,0.67
2025-04-27,12:45,Flat,62,TCT,676.3,33.9,54.8,73.9,1.1,59.12,0.92,54.5,0.67
2025-04-27,13:00,Flat,62,TCT,650.2,34.0,54.2,74.08,1.06,59.26,0.89,52.5,0.67
2025-04-27,13:15,Flat,62,TCT,612.1,33.9,53.2,74.39,0.99,59.51,0.83,49.5,0.67
2025-04-27,13:30,Flat,62,TCT,573.9,33.9,52.3,74.69,0.93,59.75,0.78,46.6,0.67
2025-04-27,13:45,Flat,62,TCT,535.7,33.9,51.3,75.0,0.87,60.0,0.73,43.6,0.67
2025-04-27,14:00,Flat,62,TCT,497.5,33.9,50.3,75.31,0.81,60.24,0.67,40.6,0.67
2025-04-27,14:15,Flat,62,TCT,452.1,33.8,49.1,75.69,0.73,60.56,0.61,37.1,0.67
2025-04-27,14:30,Flat,62,TCT,406.8,33.7,47.9,76.08,0.66,60.87,0.55,33.5,0.67
2025-04-27,14:45,Flat,62,TCT,361.5,33.6,46.7,76.47,0.58,61.18,0.49,29.9,0.67
2025-04-27,15:00,Flat,62,TCT,316.1,33.5,45.4,76.86,0.51,61.49,0.43,26.2,0.67
2025-04-27,15:15,Flat,62,TCT,275.8,33.3,44.2,77.26,0.44,61.81,0.37,23.0,0.67
2025-04-27,15:30,Flat,62,TCT,235.3,33.0,42.9,77.67,0.38,62.13,0.32,19.7,0.67
2025-04-27,15:45,Flat,62,TCT,194.9,32.7,41.6,78.07,0.31,62.45,0.26,16.4,0.67
2025-04-27,16:00,Flat,62,TCT,154.6,32.5,40.3,78.47,0.25,62.78,0.21,13.0,0.67
2025-04-27,16:15,Flat,62,TCT,123.1,32.0,39.0,78.88,0.2,63.1,0.17,10.4,0.67
2025-04-27,16:30,Flat,62,TCT,91.7,31.5,37.8,79.29,0.15,63.43,0.12,7.8,0.67
2025-04-27,16:45,Flat,62,TCT,60.3,30.9,36.5,79.7,0.1,63.76,0.08,5.1,0.67
2025-04-27,17:00,Flat,62,TCT,28.8,30.4,35.2,80.11,0.05,64.09,0.04,2.5,0.67
2025-04-27,17:15,Flat,62,TCT,21.6,30.0,34.6,80.29,0.03,64.23,0.03,1.9,0.67
2025-04-27,17:30,Flat,62,TCT,14.4,29.6,34.0,80.47,0.02,64.38,0.02,1.2,0.67
2025-04-27,17:45,Flat,62,TCT,7.2,29.3,33.4,80.66,0.01,64.53,0.01,0.6,0.67
2025-04-28,05:15,Flat,62,TCT,29.0,26.1,30.8,81.48,0.05,65.18,0.04,2.5,0.67
2025-04-28,05:30,Flat,62,TCT,53.3,26.4,31.7,81.2,0.08,64.96,0.07,4.6,0.67
2025-04-28,05:45,Flat,62,TCT,77.7,26.7,32.6,80.92,0.12,64.74,0.1,6.7,0.67
2025-04-28,06:00,Flat,62,TCT,102.0,26.9,33.5,80.64,0.16,64.51,0.14,8.8,0.67
2025-04-28,06:15,Flat,62,TCT,149.3,27.3,35.0,80.16,0.24,64.13,0.2,12.8,0.67
2025-04-28,06:30,Flat,62,TCT,196.6,27.6,36.5,79.68,0.31,63.74,0.26,16.8,0.67
2025-04-28,06:45,Flat,62,TCT,243.9,27.9,38.0,79.2,0.39,63.36,0.33,20.7,0.67
2025-04-28,07:00,Flat,62,TCT,291.1,28.3,39.6,78.72,0.47,62.97,0.39,24.6,0.67
2025-04-28,07:15,Flat,62,TCT,343.6,28.6,41.1,78.22,0.55,62.57,0.46,28.9,0.67
2025-04-28,07:30,Flat,62,TCT,396.0,28.8,42.7,77.71,0.64,62.17,0.53,33.1,0.67
2025-04-28,07:45,Flat,62,TCT,448.5,29.1,44.3,77.21,0.72,61.77,0.6,37.3,0.67
2025-04-28,08:00,Flat,62,TCT,500.9,29.4,45.9,76.71,0.81,61.36,0.68,41.5,0.67
2025-04-28,08:15,Flat,62,TCT,523.4,29.7,46.8,76.42,0.84,61.14,0.71,43.2,0.67
2025-04-28,08:30,Flat,62,TCT,545.8,30.0,47.7,76.14,0.88,60.91,0.74,45.0,0.67
2025-04-28,08:45,Flat,62,TCT,568.3,30.4,48.6,75.86,0.92,60.69,0.77,46.7,0.67
2025-04-28,09:00,Flat,62,TCT,590.7,30.7,49.5,75.58,0.96,60.46,0.8,48.4,0.67
2025-04-28,09:15,Flat,62,TCT,630.2,30.9,50.7,75.2,1.02,60.16,0.85,51.4,0.67
2025-04-28,09:30,Flat,62,TCT,669.7,31.1,51.9,74.81,1.09,59.85,0.91,54.4,0.67
2025-04-28,09:45,Flat,62,TCT,709.2,31.4,53.1,74.43,1.15,59.54,0.96,57.4,0.67
2025-04-28,10:00,Flat,62,TCT,748.7,31.6,54.3,74.05,1.22,59.24,1.02,60.4,0.67
2025-04-28,10:15,Flat,62,TCT,759.9,31.7,54.7,73.92,1.24,59.14,1.03,61.2,0.67
2025-04-28,10:30,Flat,62,TCT,771.0,31.8,55.1,73.79,1.25,59.03,1.05,62.0,0.67
2025-04-28,10:45,Flat,62,TCT,782.2,32.0,55.5,73.66,1.27,58.93,1.07,62.8,0.67
2025-04-28,11:00,Flat,62,TCT,793.4,32.1,55.9,73.54,1.29,58.83,1.08,63.6,0.67
2025-04-28,11:15,Flat,62,TCT,776.0,32.2,55.6,73.65,1.26,58.92,1.06,62.3,0.67
2025-04-28,11:30,Flat,62,TCT,758.6,32.2,55.2,73.77,1.23,59.02,1.03,61.0,0.67
2025-04-28,11:45,Flat,62,TCT,741.2,32.3,54.8,73.89,1.21,59.11,1.01,59.7,0.67
2025-04-28,12:00,Flat,62,TCT,723.8,32.3,54.4,74.01,1.18,59.21,0.99,58.3,0.67
2025-04-28,12:15,Flat,62,TCT,696.6,32.3,53.7,74.23,1.13,59.38,0.95,56.3,0.67
2025-04-28,12:30,Flat,62,TCT,669.4,32.3,53.0,74.45,1.09,59.56,0.91,54.2,0.67
2025-04-28,12:45,Flat,62,TCT,642.2,32.3,52.3,74.67,1.04,59.73,0.87,52.1,0.67
2025-04-28,13:00,Flat,62,TCT,615.0,32.3,51.7,74.89,1.0,59.91,0.84,50.0,0.67
2025-04-28,13:15,Flat,62,TCT,563.5,32.2,50.3,75.31,0.91,60.25,0.76,46.0,0.67
2025-04-28,13:30,Flat,62,TCT,512.1,32.2,49.0,75.74,0.83,60.59,0.69,42.0,0.67
2025-04-28,13:45,Flat,62,TCT,460.6,32.1,47.6,76.16,0.74,60.93,0.62,38.0,0.67
2025-04-28,14:00,Flat,62,TCT,409.1,32.0,46.3,76.59,0.66,61.27,0.55,33.9,0.67
2025-04-28,14:15,Flat,62,TCT,373.2,32.0,45.3,76.9,0.6,61.52,0.5,31.0,0.67
2025-04-28,14:30,Flat,62,TCT,337.2,31.9,44.3,77.21,0.54,61.77,0.45,28.1,0.67
2025-04-28,14:45,Flat,62,TCT,301.3,31.8,43.3,77.52,0.48,62.01,0.41,25.2,0.67
2025-04-28,15:00,Flat,62,TCT,265.3,31.7,42.4,77.83,0.43,62.26,0.36,22.2,0.67
2025-04-28,15:15,Flat,62,TCT,233.9,31.6,41.4,78.12,0.38,62.5,0.31,19.7,0.67
2025-04-28,15:30,Flat,62,TCT,202.4,31.5,40.5,78.41,0.32,62.73,0.27,17.1,0.67
2025-04-28,15:45,Flat,62,TCT,171.0,31.3,39.6,78.71,0.27,62.97,0.23,14.4,0.67
2025-04-28,16:00,Flat,62,TCT,139.6,31.2,38.7,79.0,0.22,63.2,0.19,11.8,0.67
2025-04-28,16:15,Flat,62,TCT,111.7,30.8,37.6,79.33,0.18,63.46,0.15,9.5,0.67
2025-04-28,16:30,Flat,62,TCT,83.8,30.5,36.6,79.66,0.13,63.73,0.11,7.1,0.67
2025-04-28,16:45,Flat,62,TCT,55.9,30.1,35.5,79.99,0.09,63.99,0.07,4.8,0.67
2025-04-28,17:00,Flat,62,TCT,27.9,29.8,34.5,80.32,0.04,64.26,0.04,2.4,0.67
2025-04-28,17:15,Flat,62,TCT,21.0,29.4,33.9,80.5,0.03,64.4,0.03,1.8,0.67
2025-04-28,17:30,Flat,62,TCT,14.0,29.0,33.4,80.67,0.02,64.53,0.02,1.2,0.67
2025-04-28,17:45,Flat,62,TCT,7.0,28.7,32.9,80.84,0.01,64.67,0.01,0.6,0.67
2025-04-29,05:00,Flat,62,TCT,5.4,26.3,30.5,81.59,0.01,65.28,0.01,0.5,0.67
2025-04-29,05:15,Flat,62,TCT,34.9,26.6,31.5,81.27,0.06,65.01,0.05,3.0,0.67
2025-04-29,05:30,Flat,62,TCT,64.5,26.9,32.5,80.94,0.1,64.75,0.09,5.6,0.67
2025-04-29,05:45,Flat,62,TCT,94.0,27.2,33.6,80.61,0.15,64.49,0.13,8.1,0.67
2025-04-29,06:00,Flat,62,TCT,123.6,27.5,34.6,80.29,0.2,64.23,0.17,10.6,0.67
2025-04-29,06:15,Flat,62,TCT,179.0,28.0,36.5,79.7,0.29,63.76,0.24,15.3,0.67
2025-04-29,06:30,Flat,62,TCT,234.5,28.5,38.3,79.1,0.38,63.28,0.31,19.9,0.67
2025-04-29,06:45,Flat,62,TCT,289.9,29.0,40.2,78.51,0.46,62.81,0.39,24.5,0.67
2025-04-29,07:00,Flat,62,TCT,345.4,29.5,42.1,77.92,0.55,62.33,0.46,29.0,0.67
2025-04-29,07:15,Flat,62,TCT,395.4,29.9,43.8,77.37,0.64,61.9,0.53,33.0,0.67
2025-04-29,07:30,Flat,62,TCT,445.4,30.4,45.5,76.83,0.72,61.47,0.6,36.9,0.67
2025-04-29,07:45,Flat,62,TCT,495.3,30.8,47.2,76.29,0.8,61.03,0.67,40.9,0.67
2025-04-29,08:00,Flat,62,TCT,545.3,31.3,48.9,75.75,0.88,60.6,0.74,44.8,0.67
2025-04-29,08:15,Flat,62,TCT,590.0,31.7,50.4,75.27,0.96,60.22,0.8,48.2,0.67
2025-04-29,08:30,Flat,62,TCT,634.7,32.1,52.0,74.79,1.03,59.83,0.86,51.6,0.67
2025-04-29,08:45,Flat,62,TCT,679.4,32.5,53.5,74.31,1.1,59.45,0.92,54.9,0.67
2025-04-29,09:00,Flat,62,TCT,724.0,32.9,55.0,73.83,1.18,59.07,0.99,58.3,0.67
2025-04-29,09:15,Flat,62,TCT,745.4,33.2,55.8,73.57,1.21,58.85,1.02,59.8,0.67
2025-04-29,09:30,Flat,62,TCT,766.9,33.5,56.7,73.3,1.25,58.64,1.05,61.4,0.67
2025-04-29,09:45,Flat,62,TCT,788.3,33.8,57.5,73.04,1.29,58.43,1.08,62.9,0.67
2025-04-29,10:00,Flat,62,TCT,809.7,34.1,58.3,72.78,1.32,58.22,1.11,64.4,0.67
2025-04-29,10:15,Flat,62,TCT,819.7,34.3,58.8,72.64,1.34,58.11,1.12,65.1,0.67
2025-04-29,10:30,Flat,62,TCT,829.8,34.5,59.2,72.49,1.36,58.0,1.14,65.8,0.67
2025-04-29,10:45,Flat,62,TCT,839.8,34.7,59.7,72.35,1.37,57.88,1.15,66.5,0.67
2025-04-29,11:00,Flat,62,TCT,849.8,34.9,60.1,72.21,1.39,57.77,1.16,67.2,0.67
2025-04-29,11:15,Flat,62,TCT,840.8,34.9,59.9,72.28,1.37,57.83,1.15,66.6,0.67
2025-04-29,11:30,Flat,62,TCT,831.7,34.9,59.6,72.36,1.36,57.89,1.14,65.9,0.67
2025-04-29,11:45,Flat,62,TCT,822.7,34.9,59.4,72.43,1.34,57.94,1.13,65.2,0.67
2025-04-29,12:00,Flat,62,TCT,813.7,34.9,59.2,72.5,1.33,58.0,1.11,64.6,0.67
2025-04-29,12:15,Flat,62,TCT,765.8,34.8,57.9,72.91,1.25,58.33,1.05,61.0,0.67
2025-04-29,12:30,Flat,62,TCT,717.9,34.7,56.6,73.32,1.17,58.65,0.98,57.5,0.67
2025-04-29,12:45,Flat,62,TCT,670.0,34.6,55.3,73.72,1.09,58.98,0.91,53.9,0.67
2025-04-29,13:00,Flat,62,TCT,622.1,34.5,54.0,74.13,1.01,59.31,0.85,50.2,0.67
2025-04-29,13:15,Flat,62,TCT,567.6,34.4,52.6,74.6,0.92,59.68,0.77,46.0,0.67
2025-04-29,13:30,Flat,62,TCT,513.1,34.2,51.1,75.08,0.83,60.06,0.7,41.8,0.67
2025-04-29,13:45,Flat,62,TCT,458.6,34.1,49.6,75.55,0.74,60.44,0.62,37.6,0.67
2025-04-29,14:00,Flat,62,TCT,404.1,34.0,48.1,76.02,0.65,60.82,0.55,33.3,0.67
2025-04-29,14:15,Flat,62,TCT,366.2,33.8,46.9,76.38,0.59,61.1,0.5,30.2,0.67
2025-04-29,14:30,Flat,62,TCT,328.4,33.6,45.8,76.74,0.53,61.39,0.44,27.2,0.67
2025-04-29,14:45,Flat,62,TCT,290.5,33.4,44.7,77.1,0.47,61.68,0.39,24.2,0.67
2025-04-29,15:00,Flat,62,TCT,252.6,33.2,43.5,77.46,0.41,61.96,0.34,21.1,0.67
2025-04-29,15:15,Flat,62,TCT,224.0,33.0,42.6,77.76,0.36,62.21,0.3,18.8,0.67
2025-04-29,15:30,Flat,62,TCT,195.4,32.7,41.6,78.07,0.31,62.46,0.26,16.4,0.67
2025-04-29,15:45,Flat,62,TCT,166.9,32.5,40.6,78.38,0.27,62.7,0.22,14.1,0.67
2025-04-29,16:00,Flat,62,TCT,138.3,32.2,39.7,78.68,0.22,62.95,0.19,11.7,0.67
2025-04-29,16:15,Flat,62,TCT,110.7,31.8,38.6,79.02,0.18,63.22,0.15,9.4,0.67
2025-04-29,16:30,Flat,62,TCT,83.0,31.4,37.5,79.36,0.13,63.49,0.11,7.1,0.67
2025-04-29,16:45,Flat,62,TCT,55.4,31.1,36.4,79.71,0.09,63.76,0.07,4.7,0.67
2025-04-29,17:00,Flat,62,TCT,27.8,30.7,35.4,80.05,0.04,64.04,0.04,2.4,0.67
2025-04-29,17:15,Flat,62,TCT,20.8,30.2,34.8,80.23,0.03,64.19,0.03,1.8,0.67
2025-04-29,17:30,Flat,62,TCT,13.9,29.8,34.2,80.42,0.02,64.34,0.02,1.2,0.67
2025-04-29,17:45,Flat,62,TCT,6.9,29.4,33.6,80.61,0.01,64.49,0.01,0.6,0.67
2025-04-30,05:00,Flat,62,TCT,5.3,26.1,30.2,81.67,0.01,65.34,0.01,0.5,0.67
2025-04-30,05:15,Flat,62,TCT,32.6,26.3,31.1,81.38,0.05,65.11,0.04,2.8,0.67
2025-04-30,05:30,Flat,62,TCT,59.9,26.6,32.1,81.09,0.1,64.87,0.08,5.2,0.67
2025-04-30,05:45,Flat,62,TCT,87.2,26.8,33.0,80.8,0.14,64.64,0.12,7.5,0.67
2025-04-30,06:00,Flat,62,TCT,114.5,27.0,33.9,80.51,0.18,64.41,0.15,9.8,0.67
2025-04-30,06:15,Flat,62,TCT,164.3,27.3,35.4,80.04,0.26,64.03,0.22,14.1,0.67
2025-04-30,06:30,Flat,62,TCT,214.1,27.5,36.9,79.56,0.34,63.65,0.29,18.2,0.67
2025-04-30,06:45,Flat,62,TCT,263.9,27.8,38.4,79.09,0.42,63.27,0.35,22.4,0.67
2025-04-30,07:00,Flat,62,TCT,313.7,28.1,39.9,78.61,0.5,62.89,0.42,26.5,0.67
2025-04-30,07:15,Flat,62,TCT,364.4,28.4,41.5,78.11,0.58,62.49,0.49,30.6,0.67
2025-04-30,07:30,Flat,62,TCT,415.0,28.7,43.1,77.6,0.67,62.08,0.56,34.7,0.67
2025-04-30,07:45,Flat,62,TCT,465.7,29.0,44.7,77.1,0.75,61.68,0.63,38.7,0.67
2025-04-30,08:00,Flat,62,TCT,516.4,29.4,46.3,76.59,0.83,61.27,0.7,42.7,0.67
2025-04-30,08:15,Flat,62,TCT,544.5,29.7,47.3,76.26,0.88,61.01,0.74,44.9,0.67
2025-04-30,08:30,Flat,62,TCT,572.6,30.0,48.3,75.94,0.93,60.75,0.78,47.1,0.67
2025-04-30,08:45,Flat,62,TCT,600.7,30.3,49.4,75.61,0.97,60.49,0.81,49.2,0.67
2025-04-30,09:00,Flat,62,TCT,628.8,30.7,50.4,75.29,1.02,60.23,0.85,51.4,0.67
2025-04-30,09:15,Flat,62,TCT,668.1,30.9,51.6,74.9,1.08,59.92,0.91,54.4,0.67
2025-04-30,09:30,Flat,62,TCT,707.4,31.1,52.8,74.51,1.15,59.61,0.96,57.3,0.67
2025-04-30,09:45,Flat,62,TCT,746.7,31.4,54.1,74.13,1.21,59.3,1.02,60.3,0.67
2025-04-30,10:00,Flat,62,TCT,786.0,31.6,55.3,73.74,1.28,58.99,1.07,63.2,0.67
2025-04-30,10:15,Flat,62,TCT,797.1,31.7,55.6,73.64,1.3,58.91,1.09,64.0,0.67
2025-04-30,10:30,Flat,62,TCT,808.1,31.7,55.9,73.53,1.32,58.83,1.1,64.8,0.67
2025-04-30,10:45,Flat,62,TCT,819.1,31.8,56.3,73.43,1.33,58.74,1.12,65.6,0.67
2025-04-30,11:00,Flat,62,TCT,830.1,31.8,56.6,73.33,1.35,58.66,1.13,66.4,0.67
2025-04-30,11:15,Flat,62,TCT,807.1,31.9,56.1,73.49,1.31,58.79,1.1,64.7,0.67
2025-04-30,11:30,Flat,62,TCT,784.1,31.9,55.5,73.66,1.28,58.93,1.07,63.0,0.67
2025-04-30,11:45,Flat,62,TCT,761.0,32.0,55.0,73.82,1.24,59.06,1.04,61.2,0.67
2025-04-30,12:00,Flat,62,TCT,738.0,32.0,54.5,73.99,1.2,59.19,1.0,59.5,0.67
2025-04-30,12:15,Flat,62,TCT,717.2,32.1,54.1,74.13,1.17,59.3,0.98,57.9,0.67
2025-04-30,12:30,Flat,62,TCT,696.3,32.2,53.6,74.27,1.13,59.41,0.95,56.3,0.67
2025-04-30,12:45,Flat,62,TCT,675.5,32.3,53.2,74.41,1.1,59.53,0.92,54.7,0.67
2025-04-30,13:00,Flat,62,TCT,654.6,32.4,52.7,74.55,1.06,59.64,0.89,53.1,0.67
2025-04-30,13:15,Flat,62,TCT,623.3,32.3,51.9,74.8,1.01,59.84,0.85,50.7,0.67
2025-04-30,13:30,Flat,62,TCT,592.0,32.3,51.1,75.06,0.96,60.05,0.8,48.2,0.67
2025-04-30,13:45,Flat,62,TCT,560.7,32.3,50.3,75.31,0.91,60.25,0.76,45.8,0.67
2025-04-30,14:00,Flat,62,TCT,529.3,32.3,49.5,75.57,0.86,60.45,0.72,43.4,0.67
2025-04-30,14:15,Flat,62,TCT,482.1,32.2,48.3,75.96,0.78,60.77,0.65,39.7,0.67
2025-04-30,14:30,Flat,62,TCT,434.9,32.1,47.0,76.36,0.7,61.08,0.59,35.9,0.67
2025-04-30,14:45,Flat,62,TCT,387.7,32.1,45.8,76.75,0.63,61.4,0.52,32.1,0.67
2025-04-30,15:00,Flat,62,TCT,340.5,32.0,44.5,77.15,0.55,61.72,0.46,28.3,0.67
2025-04-30,15:15,Flat,62,TCT,299.3,31.9,43.3,77.52,0.48,62.02,0.4,25.0,0.67
2025-04-30,15:30,Flat,62,TCT,258.2,31.7,42.1,77.9,0.41,62.32,0.35,21.6,0.67
2025-04-30,15:45,Flat,62,TCT,217.0,31.5,41.0,78.27,0.35,62.62,0.29,18.3,0.67
2025-04-30,16:00,Flat,62,TCT,175.8,31.4,39.8,78.65,0.28,62.92,0.24,14.8,0.67
2025-04-30,16:15,Flat,62,TCT,141.2,31.0,38.5,79.04,0.23,63.23,0.19,12.0,0.67
2025-04-30,16:30,Flat,62,TCT,106.6,30.6,37.3,79.43,0.17,63.54,0.14,9.1,0.67
2025-04-30,16:45,Flat,62,TCT,72.0,30.3,36.1,79.82,0.11,63.85,0.1,6.1,0.67
2025-04-30,17:00,Flat,62,TCT,37.4,29.9,34.9,80.21,0.06,64.17,0.05,3.2,0.67
2025-04-30,17:15,Flat,62,TCT,28.1,29.6,34.3,80.37,0.04,64.3,0.04,2.4,0.67
2025-04-30,17:30,Flat,62,TCT,18.7,29.4,33.8,80.54,0.03,64.43,0.02,1.6,0.67
2025-04-30,17:45,Flat,62,TCT,9.4,29.1,33.3,80.7,0.01,64.56,0.01,0.8,0.67
2025-05-01,05:15,Flat,62,TCT,25.7,26.0,30.6,81.55,0.04,65.24,0.03,2.2,0.67
2025-05-01,05:30,Flat,62,TCT,47.1,26.2,31.4,81.3,0.07,65.04,0.06,4.1,0.67
2025-05-01,05:45,Flat,62,TCT,68.5,26.5,32.2,81.05,0.11,64.84,0.09,5.9,0.67
2025-05-01,06:00,Flat,62,TCT,89.9,26.8,33.0,80.79,0.14,64.63,0.12,7.7,0.67
2025-05-01,06:15,Flat,62,TCT,131.6,27.1,34.4,80.34,0.21,64.27,0.18,11.3,0.67
2025-05-01,06:30,Flat,62,TCT,173.3,27.5,35.8,79.89,0.28,63.91,0.23,14.8,0.67
2025-05-01,06:45,Flat,62,TCT,215.0,27.9,37.3,79.44,0.34,63.55,0.29,18.3,0.67
2025-05-01,07:00,Flat,62,TCT,256.7,28.3,38.7,78.99,0.41,63.19,0.34,21.8,0.67
2025-05-01,07:15,Flat,62,TCT,302.2,28.7,40.3,78.5,0.48,62.8,0.41,25.5,0.67
2025-05-01,07:30,Flat,62,TCT,347.7,29.1,41.8,78.0,0.56,62.4,0.47,29.2,0.67
2025-05-01,07:45,Flat,62,TCT,393.2,29.6,43.4,77.5,0.63,62.0,0.53,32.8,0.67
2025-05-01,08:00,Flat,62,TCT,438.6,30.0,45.0,77.0,0.71,61.6,0.59,36.5,0.67
2025-05-01,08:15,Flat,62,TCT,471.7,30.4,46.2,76.62,0.76,61.29,0.64,39.1,0.67
2025-05-01,08:30,Flat,62,TCT,504.7,30.8,47.4,76.24,0.81,60.99,0.68,41.6,0.67
2025-05-01,08:45,Flat,62,TCT,537.7,31.2,48.6,75.86,0.87,60.69,0.73,44.2,0.67
2025-05-01,09:00,Flat,62,TCT,570.8,31.5,49.8,75.48,0.92,60.38,0.77,46.7,0.67
2025-05-01,09:15,Flat,62,TCT,611.5,31.9,51.1,75.05,0.99,60.04,0.83,49.8,0.67
2025-05-01,09:30,Flat,62,TCT,652.3,32.2,52.5,74.63,1.06,59.7,0.89,52.9,0.67
2025-05-01,09:45,Flat,62,TCT,693.0,32.5,53.8,74.2,1.13,59.36,0.94,56.0,0.67
2025-05-01,10:00,Flat,62,TCT,733.8,32.8,55.2,73.78,1.19,59.02,1.0,59.0,0.67
2025-05-01,10:15,Flat,62,TCT,737.1,33.0,55.5,73.68,1.2,58.94,1.0,59.2,0.67
2025-05-01,10:30,Flat,62,TCT,740.4,33.3,55.8,73.58,1.21,58.87,1.01,59.4,0.67
2025-05-01,10:45,Flat,62,TCT,743.7,33.5,56.1,73.48,1.21,58.79,1.01,59.6,0.67
2025-05-01,11:00,Flat,62,TCT,747.0,33.7,56.4,73.38,1.22,58.71,1.02,59.8,0.67
2025-05-01,11:15,Flat,62,TCT,735.2,33.9,56.3,73.43,1.2,58.74,1.0,58.9,0.67
2025-05-01,11:30,Flat,62,TCT,723.5,34.0,56.1,73.47,1.18,58.78,0.99,58.0,0.67
2025-05-01,11:45,Flat,62,TCT,711.7,34.2,56.0,73.51,1.16,58.81,0.97,57.1,0.67
2025-05-01,12:00,Flat,62,TCT,699.9,34.4,55.9,73.55,1.14,58.84,0.95,56.2,0.67
2025-05-01,12:15,Flat,62,TCT,687.9,34.5,55.7,73.62,1.12,58.9,0.94,55.2,0.67
2025-05-01,12:30,Flat,62,TCT,675.9,34.5,55.4,73.69,1.1,58.95,0.92,54.3,0.67
2025-05-01,12:45,Flat,62,TCT,663.9,34.6,55.2,73.76,1.08,59.0,0.9,53.4,0.67
2025-05-01,13:00,Flat,62,TCT,651.9,34.7,55.0,73.82,1.06,59.06,0.89,52.5,0.67
2025-05-01,13:15,Flat,62,TCT,605.5,34.7,53.9,74.19,0.98,59.35,0.82,48.9,0.67
2025-05-01,13:30,Flat,62,TCT,559.1,34.7,52.7,74.55,0.91,59.64,0.76,45.3,0.67
2025-05-01,13:45,Flat,62,TCT,512.7,34.7,51.6,74.92,0.83,59.93,0.7,41.7,0.67
2025-05-01,14:00,Flat,62,TCT,466.4,34.8,50.4,75.28,0.76,60.23,0.63,38.1,0.67
2025-05-01,14:15,Flat,62,TCT,430.2,34.7,49.4,75.6,0.7,60.48,0.58,35.3,0.67
2025-05-01,14:30,Flat,62,TCT,394.0,34.6,48.4,75.91,0.64,60.73,0.53,32.4,0.67
2025-05-01,14:45,Flat,62,TCT,357.9,34.5,47.4,76.22,0.58,60.98,0.48,29.5,0.67
2025-05-01,15:00,Flat,62,TCT,321.7,34.4,46.4,76.54,0.52,61.23,0.43,26.6,0.67
2025-05-01,15:15,Flat,62,TCT,281.6,34.2,45.2,76.93,0.45,61.55,0.38,23.4,0.67
2025-05-01,15:30,Flat,62,TCT,241.4,33.9,44.0,77.33,0.39,61.86,0.33,20.1,0.67
2025-05-01,15:45,Flat,62,TCT,201.3,33.7,42.7,77.72,0.32,62.18,0.27,16.8,0.67
2025-05-01,16:00,Flat,62,TCT,161.1,33.4,41.5,78.12,0.26,62.49,0.22,13.5,0.67
2025-05-01,16:15,Flat,62,TCT,130.6,32.9,40.2,78.52,0.21,62.82,0.18,11.0,0.67
2025-05-01,16:30,Flat,62,TCT,100.2,32.4,38.9,78.93,0.16,63.14,0.13,8.5,0.67
2025-05-01,16:45,Flat,62,TCT,69.7,31.9,37.6,79.34,0.11,63.47,0.09,5.9,0.67
2025-05-01,17:00,Flat,62,TCT,39.2,31.3,36.3,79.74,0.06,63.79,0.05,3.3,0.67
2025-05-01,17:15,Flat,62,TCT,29.4,30.9,35.7,79.95,0.05,63.96,0.04,2.5,0.67
2025-05-01,17:30,Flat,62,TCT,19.6,30.5,35.0,80.15,0.03,64.12,0.03,1.7,0.67
2025-05-01,17:45,Flat,62,TCT,9.8,30.1,34.4,80.36,0.02,64.29,0.01,0.8,0.67
2025-05-02,05:00,Flat,62,TCT,5.1,25.8,30.0,81.76,0.01,65.4,0.01,0.4,0.67
2025-05-02,05:15,Flat,62,TCT,30.2,26.2,31.0,81.44,0.05,65.15,0.04,2.6,0.67
2025-05-02,05:30,Flat,62,TCT,55.3,26.6,32.0,81.12,0.09,64.9,0.07,4.8,0.67
2025-05-02,05:45,Flat,62,TCT,80.4,26.9,33.0,80.81,0.13,64.65,0.11,6.9,0.67
2025-05-02,06:00,Flat,62,TCT,105.5,27.3,34.0,80.49,0.17,64.39,0.14,9.1,0.67
2025-05-02,06:15,Flat,62,TCT,155.4,27.8,35.7,79.93,0.25,63.94,0.21,13.3,0.67
2025-05-02,06:30,Flat,62,TCT,205.4,28.4,37.5,79.37,0.33,63.5,0.28,17.5,0.67
2025-05-02,06:45,Flat,62,TCT,255.3,28.9,39.3,78.81,0.41,63.05,0.34,21.6,0.67
2025-05-02,07:00,Flat,62,TCT,305.2,29.4,41.0,78.25,0.49,62.6,0.41,25.7,0.67
2025-05-02,07:15,Flat,62,TCT,348.9,29.9,42.6,77.74,0.56,62.19,0.47,29.2,0.67
2025-05-02,07:30,Flat,62,TCT,392.5,30.4,44.2,77.24,0.63,61.79,0.53,32.7,0.67
2025-05-02,07:45,Flat,62,TCT,436.1,30.9,45.8,76.73,0.7,61.38,0.59,36.1,0.67
2025-05-02,08:00,Flat,62,TCT,479.7,31.4,47.4,76.22,0.77,60.98,0.65,39.6,0.67
2025-05-02,08:15,Flat,62,TCT,531.2,31.7,49.0,75.73,0.86,60.58,0.72,43.6,0.67
2025-05-02,08:30,Flat,62,TCT,582.7,32.0,50.6,75.23,0.94,60.18,0.79,47.6,0.67
2025-05-02,08:45,Flat,62,TCT,634.2,32.3,52.2,74.73,1.03,59.78,0.86,51.5,0.67
2025-05-02,09:00,Flat,62,TCT,685.7,32.6,53.7,74.23,1.11,59.38,0.93,55.4,0.67
2025-05-02,09:15,Flat,62,TCT,707.8,32.7,54.4,74.01,1.15,59.21,0.96,57.1,0.67
2025-05-02,09:30,Flat,62,TCT,729.9,32.9,55.1,73.8,1.19,59.04,0.99,58.7,0.67
2025-05-02,09:45,Flat,62,TCT,752.1,33.0,55.8,73.58,1.22,58.86,1.03,60.4,0.67
2025-05-02,10:00,Flat,62,TCT,774.2,33.1,56.5,73.36,1.26,58.69,1.06,62.0,0.67
2025-05-02,10:15,Flat,62,TCT,797.5,33.2,57.2,73.15,1.3,58.52,1.09,63.7,0.67
2025-05-02,10:30,Flat,62,TCT,820.8,33.3,57.8,72.93,1.34,58.34,1.12,65.4,0.67
2025-05-02,10:45,Flat,62,TCT,844.2,33.4,58.5,72.71,1.38,58.17,1.15,67.1,0.67
2025-05-02,11:00,Flat,62,TCT,867.5,33.5,59.2,72.49,1.42,57.99,1.19,68.8,0.67
2025-05-02,11:15,Flat,62,TCT,851.2,33.6,58.9,72.6,1.39,58.08,1.16,67.6,0.67
2025-05-02,11:30,Flat,62,TCT,834.9,33.7,58.6,72.7,1.36,58.16,1.14,66.4,0.67
2025-05-02,11:45,Flat,62,TCT,818.6,33.8,58.2,72.8,1.34,58.24,1.12,65.2,0.67
2025-05-02,12:00,Flat,62,TCT,802.3,33.9,57.9,72.91,1.31,58.33,1.1,63.9,0.67
2025-05-02,12:15,Flat,62,TCT,764.2,33.9,57.0,73.21,1.25,58.57,1.04,61.1,0.67
2025-05-02,12:30,Flat,62,TCT,726.1,33.9,56.0,73.51,1.18,58.81,0.99,58.2,0.67
2025-05-02,12:45,Flat,62,TCT,688.0,33.9,55.1,73.81,1.12,59.04,0.94,55.3,0.67
2025-05-02,13:00,Flat,62,TCT,649.8,33.9,54.1,74.11,1.06,59.28,0.88,52.4,0.67
2025-05-02,13:15,Flat,62,TCT,602.4,33.9,52.9,74.48,0.98,59.59,0.82,48.8,0.67
2025-05-02,13:30,Flat,62,TCT,555.0,33.9,51.7,74.86,0.9,59.89,0.75,45.1,0.67
2025-05-02,13:45,Flat,62,TCT,507.6,33.9,50.5,75.24,0.82,60.19,0.69,41.4,0.67
2025-05-02,14:00,Flat,62,TCT,460.2,33.9,49.4,75.62,0.74,60.49,0.62,37.7,0.67
2025-05-02,14:15,Flat,62,TCT,418.6,33.8,48.2,75.97,0.68,60.77,0.57,34.4,0.67
2025-05-02,14:30,Flat,62,TCT,377.0,33.7,47.1,76.32,0.61,61.05,0.51,31.1,0.67
2025-05-02,14:45,Flat,62,TCT,335.4,33.6,46.0,76.67,0.54,61.33,0.45,27.8,0.67
2025-05-02,15:00,Flat,62,TCT,293.9,33.6,44.9,77.02,0.47,61.61,0.4,24.4,0.67
2025-05-02,15:15,Flat,62,TCT,255.5,33.4,43.8,77.38,0.41,61.91,0.34,21.3,0.67
2025-05-02,15:30,Flat,62,TCT,217.2,33.2,42.6,77.75,0.35,62.2,0.29,18.2,0.67
2025-05-02,15:45,Flat,62,TCT,178.8,33.0,41.5,78.11,0.29,62.49,0.24,15.0,0.67
2025-05-02,16:00,Flat,62,TCT,140.4,32.8,40.3,78.47,0.23,62.78,0.19,11.8,0.67
2025-05-02,16:15,Flat,62,TCT,112.4,32.4,39.2,78.82,0.18,63.06,0.15,9.5,0.67
2025-05-02,16:30,Flat,62,TCT,84.4,32.0,38.1,79.16,0.13,63.33,0.11,7.2,0.67
2025-05-02,16:45,Flat,62,TCT,56.3,31.7,37.1,79.51,0.09,63.61,0.08,4.8,0.67
2025-05-02,17:00,Flat,62,TCT,28.3,31.3,36.0,79.86,0.05,63.88,0.04,2.4,0.67
2025-05-02,17:15,Flat,62,TCT,21.2,30.9,35.4,80.02,0.03,64.02,0.03,1.8,0.67
2025-05-02,17:30,Flat,62,TCT,14.1,30.6,34.9,80.19,0.02,64.15,0.02,1.2,0.67
2025-05-02,17:45,Flat,62,TCT,7.1,30.2,34.4,80.35,0.01,64.28,0.01,0.6,0.67
2025-05-03,05:00,Flat,62,TCT,5.5,27.0,31.2,81.37,0.01,65.1,0.01,0.5,0.67
2025-05-03,05:15,Flat,62,TCT,33.7,27.2,32.1,81.09,0.05,64.87,0.04,2.9,0.67
2025-05-03,05:30,Flat,62,TCT,62.0,27.4,33.0,80.8,0.1,64.64,0.08,5.3,0.67
2025-05-03,05:45,Flat,62,TCT,90.2,27.6,33.9,80.51,0.14,64.41,0.12,7.8,0.67
2025-05-03,06:00,Flat,62,TCT,118.5,27.8,34.8,80.22,0.19,64.18,0.16,10.2,0.67
2025-05-03,06:15,Flat,62,TCT,173.9,28.1,36.5,79.69,0.28,63.75,0.23,14.8,0.67
2025-05-03,06:30,Flat,62,TCT,229.3,28.4,38.2,79.16,0.37,63.33,0.31,19.5,0.67
2025-05-03,06:45,Flat,62,TCT,284.7,28.7,39.9,78.63,0.46,62.9,0.38,24.0,0.67
2025-05-03,07:00,Flat,62,TCT,340.1,29.0,41.5,78.09,0.55,62.47,0.46,28.6,0.67
2025-05-03,07:15,Flat,62,TCT,389.9,29.4,43.2,77.57,0.63,62.06,0.53,32.6,0.67
2025-05-03,07:30,Flat,62,TCT,439.8,29.8,44.8,77.05,0.71,61.64,0.59,36.6,0.67
2025-05-03,07:45,Flat,62,TCT,489.6,30.2,46.5,76.52,0.79,61.22,0.66,40.5,0.67
2025-05-03,08:00,Flat,62,TCT,539.4,30.6,48.1,76.0,0.87,60.8,0.73,44.4,0.67
2025-05-03,08:15,Flat,62,TCT,593.8,31.1,49.9,75.44,0.96,60.35,0.8,48.6,0.67
2025-05-03,08:30,Flat,62,TCT,648.2,31.5,51.7,74.88,1.05,59.91,0.88,52.7,0.67
2025-05-03,08:45,Flat,62,TCT,702.5,31.9,53.4,74.32,1.14,59.46,0.96,56.8,0.67
2025-05-03,09:00,Flat,62,TCT,756.9,32.3,55.2,73.76,1.23,59.01,1.03,60.9,0.67
2025-05-03,09:15,Flat,62,TCT,784.3,32.6,56.2,73.46,1.28,58.77,1.07,62.9,0.67
2025-05-03,09:30,Flat,62,TCT,811.6,32.8,57.1,73.16,1.32,58.53,1.11,64.8,0.67
2025-05-03,09:45,Flat,62,TCT,839.0,33.1,58.1,72.86,1.37,58.28,1.15,66.8,0.67
2025-05-03,10:00,Flat,62,TCT,866.4,33.4,59.0,72.55,1.41,58.04,1.18,68.8,0.67
2025-05-03,10:15,Flat,62,TCT,885.6,33.6,59.7,72.33,1.45,57.86,1.21,70.1,0.67
2025-05-03,10:30,Flat,62,TCT,904.9,33.8,60.5,72.1,1.48,57.68,1.24,71.5,0.67
2025-05-03,10:45,Flat,62,TCT,924.1,34.1,61.2,71.88,1.51,57.5,1.27,72.8,0.67
2025-05-03,11:00,Flat,62,TCT,943.4,34.3,61.9,71.65,1.54,57.32,1.29,74.2,0.67
2025-05-03,11:15,Flat,62,TCT,927.5,34.4,61.6,71.73,1.52,57.38,1.27,73.0,0.67
2025-05-03,11:30,Flat,62,TCT,911.7,34.6,61.4,71.8,1.49,57.44,1.25,71.8,0.67
2025-05-03,11:45,Flat,62,TCT,895.9,34.8,61.2,71.88,1.47,57.5,1.23,70.6,0.67
2025-05-03,12:00,Flat,62,TCT,880.0,34.9,60.9,71.96,1.44,57.57,1.21,69.4,0.67
2025-05-03,12:15,Flat,62,TCT,853.0,35.0,60.3,72.15,1.39,57.72,1.17,67.4,0.67
2025-05-03,12:30,Flat,62,TCT,826.0,35.1,59.7,72.34,1.35,57.87,1.13,65.4,0.67
2025-05-03,12:45,Flat,62,TCT,798.9,35.1,59.1,72.53,1.3,58.02,1.09,63.4,0.67
2025-05-03,13:00,Flat,62,TCT,771.9,35.2,58.5,72.72,1.26,58.17,1.06,61.4,0.67
2025-05-03,13:15,Flat,62,TCT,721.2,35.2,57.2,73.12,1.18,58.5,0.98,57.6,0.67
2025-05-03,13:30,Flat,62,TCT,670.5,35.2,56.0,73.52,1.09,58.82,0.91,53.8,0.67
2025-05-03,13:45,Flat,62,TCT,619.8,35.2,54.7,73.92,1.01,59.14,0.84,49.9,0.67
2025-05-03,14:00,Flat,62,TCT,569.1,35.2,53.4,74.32,0.92,59.46,0.77,46.0,0.67
2025-05-03,14:15,Flat,62,TCT,524.5,35.1,52.2,74.7,0.85,59.76,0.71,42.6,0.67
2025-05-03,14:30,Flat,62,TCT,479.9,35.1,51.1,75.08,0.78,60.06,0.65,39.1,0.67
2025-05-03,14:45,Flat,62,TCT,435.3,35.0,49.9,75.46,0.7,60.36,0.59,35.6,0.67
2025-05-03,15:00,Flat,62,TCT,390.8,34.9,48.7,75.83,0.63,60.67,0.53,32.1,0.67
2025-05-03,15:15,Flat,62,TCT,347.3,34.7,47.4,76.24,0.56,61.0,0.47,28.6,0.67
2025-05-03,15:30,Flat,62,TCT,303.9,34.5,46.1,76.66,0.49,61.32,0.41,25.2,0.67
2025-05-03,15:45,Flat,62,TCT,260.5,34.3,44.8,77.07,0.42,61.65,0.35,21.7,0.67
2025-05-03,16:00,Flat,62,TCT,217.0,34.0,43.5,77.48,0.35,61.98,0.29,18.1,0.67
2025-05-03,16:15,Flat,62,TCT,173.1,33.5,41.9,77.99,0.28,62.39,0.23,14.5,0.67
2025-05-03,16:30,Flat,62,TCT,129.1,33.0,40.3,78.5,0.21,62.8,0.17,10.9,0.67
2025-05-03,16:45,Flat,62,TCT,85.2,32.5,38.6,79.01,0.14,63.21,0.11,7.2,0.67
2025-05-03,17:00,Flat,62,TCT,41.2,32.0,37.0,79.52,0.07,63.61,0.06,3.5,0.67
2025-05-03,17:15,Flat,62,TCT,30.9,31.5,36.3,79.74,0.05,63.79,0.04,2.6,0.67
2025-05-03,17:30,Flat,62,TCT,20.6,31.1,35.6,79.97,0.03,63.97,0.03,1.8,0.67
2025-05-03,17:45,Flat,62,TCT,10.3,30.6,34.9,80.19,0.02,64.15,0.01,0.9,0.67
2025-05-04,05:00,Flat,62,TCT,5.2,27.0,31.1,81.38,0.01,65.11,0.01,0.5,0.67
2025-05-04,05:15,Flat,62,TCT,31.0,27.3,32.1,81.08,0.05,64.86,0.04,2.7,0.67
2025-05-04,05:30,Flat,62,TCT,56.8,27.6,33.1,80.77,0.09,64.62,0.08,4.9,0.67
2025-05-04,05:45,Flat,62,TCT,82.6,28.0,34.0,80.47,0.13,64.37,0.11,7.1,0.67
2025-05-04,06:00,Flat,62,TCT,108.4,28.3,35.0,80.16,0.17,64.13,0.14,9.3,0.67
2025-05-04,06:15,Flat,62,TCT,161.0,28.7,36.8,79.6,0.26,63.68,0.22,13.7,0.67
2025-05-04,06:30,Flat,62,TCT,213.6,29.2,38.5,79.05,0.34,63.24,0.29,18.1,0.67
2025-05-04,06:45,Flat,62,TCT,266.2,29.6,40.3,78.49,0.43,62.79,0.36,22.4,0.67
2025-05-04,07:00,Flat,62,TCT,318.9,30.1,42.0,77.93,0.51,62.35,0.43,26.7,0.67
2025-05-04,07:15,Flat,62,TCT,375.2,30.6,44.0,77.32,0.6,61.86,0.51,31.3,0.67
2025-05-04,07:30,Flat,62,TCT,431.5,31.1,45.9,76.72,0.7,61.37,0.58,35.8,0.67
2025-05-04,07:45,Flat,62,TCT,487.8,31.6,47.8,76.11,0.79,60.89,0.66,40.2,0.67
2025-05-04,08:00,Flat,62,TCT,544.1,32.1,49.7,75.5,0.88,60.4,0.74,44.5,0.67
2025-05-04,08:15,Flat,62,TCT,589.1,32.5,51.2,75.02,0.95,60.02,0.8,48.0,0.67
2025-05-04,08:30,Flat,62,TCT,634.0,32.9,52.7,74.54,1.03,59.63,0.86,51.4,0.67
2025-05-04,08:45,Flat,62,TCT,678.9,33.3,54.3,74.06,1.1,59.25,0.92,54.8,0.67
2025-05-04,09:00,Flat,62,TCT,723.8,33.7,55.8,73.59,1.18,58.87,0.99,58.1,0.67
2025-05-04,09:15,Flat,62,TCT,757.2,33.9,56.8,73.24,1.23,58.6,1.03,60.6,0.67
2025-05-04,09:30,Flat,62,TCT,790.5,34.2,57.9,72.9,1.29,58.32,1.08,63.0,0.67
2025-05-04,09:45,Flat,62,TCT,823.8,34.4,59.0,72.56,1.35,58.05,1.13,65.4,0.67
2025-05-04,10:00,Flat,62,TCT,857.2,34.7,60.1,72.22,1.4,57.77,1.17,67.8,0.67
2025-05-04,10:15,Flat,62,TCT,876.9,34.8,60.7,72.01,1.43,57.61,1.2,69.2,0.67
2025-05-04,10:30,Flat,62,TCT,896.5,35.0,61.4,71.81,1.47,57.45,1.23,70.6,0.67
2025-05-04,10:45,Flat,62,TCT,916.2,35.1,62.0,71.6,1.5,57.28,1.26,72.0,0.67
2025-05-04,11:00,Flat,62,TCT,935.9,35.3,62.7,71.4,1.53,57.12,1.28,73.4,0.67
2025-05-04,11:15,Flat,62,TCT,915.1,35.4,62.2,71.53,1.5,57.23,1.26,71.8,0.67
2025-05-04,11:30,Flat,62,TCT,894.2,35.5,61.8,71.67,1.46,57.33,1.23,70.3,0.67
2025-05-04,11:45,Flat,62,TCT,873.4,35.6,61.4,71.8,1.43,57.44,1.2,68.8,0.67
2025-05-04,12:00,Flat,62,TCT,852.6,35.7,61.0,71.93,1.39,57.54,1.17,67.2,0.67
2025-05-04,12:15,Flat,62,TCT,826.0,35.7,60.4,72.12,1.35,57.7,1.13,65.3,0.67
2025-05-04,12:30,Flat,62,TCT,799.4,35.8,59.8,72.32,1.31,57.85,1.09,63.3,0.67
2025-05-04,12:45,Flat,62,TCT,772.9,35.8,59.2,72.51,1.26,58.01,1.06,61.3,0.67
2025-05-04,13:00,Flat,62,TCT,746.3,35.9,58.5,72.71,1.22,58.16,1.02,59.3,0.67
2025-05-04,13:15,Flat,62,TCT,683.4,35.9,57.0,73.2,1.11,58.56,0.93,54.6,0.67
2025-05-04,13:30,Flat,62,TCT,620.5,35.9,55.4,73.69,1.01,58.96,0.85,49.9,0.67
2025-05-04,13:45,Flat,62,TCT,557.6,35.9,53.9,74.19,0.91,59.35,0.76,45.0,0.67
2025-05-04,14:00,Flat,62,TCT,494.8,35.9,52.3,74.68,0.8,59.75,0.67,40.2,0.67
2025-05-04,14:15,Flat,62,TCT,444.5,35.9,51.0,75.09,0.72,60.07,0.6,36.2,0.67
2025-05-04,14:30,Flat,62,TCT,394.3,35.9,49.7,75.5,0.64,60.4,0.53,32.3,0.67
2025-05-04,14:45,Flat,62,TCT,344.1,35.8,48.5,75.9,0.56,60.72,0.47,28.3,0.67
2025-05-04,15:00,Flat,62,TCT,293.9,35.8,47.2,76.31,0.47,61.05,0.4,24.3,0.67
2025-05-04,15:15,Flat,62,TCT,255.6,35.7,46.1,76.66,0.41,61.33,0.35,21.2,0.67
2025-05-04,15:30,Flat,62,TCT,217.3,35.5,45.0,77.01,0.35,61.61,0.29,18.1,0.67
2025-05-04,15:45,Flat,62,TCT,179.0,35.4,43.9,77.36,0.29,61.88,0.24,14.9,0.67
2025-05-04,16:00,Flat,62,TCT,140.7,35.2,42.8,77.71,0.23,62.16,0.19,11.8,0.67
2025-05-04,16:15,Flat,62,TCT,113.1,34.8,41.6,78.08,0.18,62.46,0.15,9.5,0.67
2025-05-04,16:30,Flat,62,TCT,85.5,34.3,40.4,78.45,0.14,62.76,0.11,7.2,0.67
2025-05-04,16:45,Flat,62,TCT,57.9,33.8,39.2,78.82,0.09,63.06,0.08,4.9,0.67
2025-05-04,17:00,Flat,62,TCT,30.3,33.3,38.0,79.2,0.05,63.36,0.04,2.6,0.67
2025-05-04,17:15,Flat,62,TCT,22.7,32.8,37.3,79.42,0.04,63.54,0.03,1.9,0.67
2025-05-04,17:30,Flat,62,TCT,15.1,32.3,36.6,79.64,0.02,63.71,0.02,1.3,0.67
2025-05-04,17:45,Flat,62,TCT,7.6,31.8,35.9,79.86,0.01,63.89,0.01,0.6,0.67
2025-05-05,05:00,Flat,62,TCT,5.7,26.9,31.0,81.42,0.01,65.14,0.01,0.5,0.67
2025-05-05,05:15,Flat,62,TCT,33.2,27.1,31.9,81.14,0.05,64.91,0.04,2.9,0.67
2025-05-05,05:30,Flat,62,TCT,60.7,27.3,32.8,80.85,0.1,64.68,0.08,5.2,0.67
2025-05-05,05:45,Flat,62,TCT,88.2,27.5,33.7,80.56,0.14,64.45,0.12,7.6,0.67
2025-05-05,06:00,Flat,62,TCT,115.8,27.8,34.6,80.27,0.18,64.22,0.15,9.9,0.67
2025-05-05,06:15,Flat,62,TCT,168.1,28.1,36.3,79.76,0.27,63.81,0.22,14.3,0.67
2025-05-05,06:30,Flat,62,TCT,220.4,28.4,37.9,79.25,0.35,63.4,0.3,18.7,0.67
2025-05-05,06:45,Flat,62,TCT,272.7,28.7,39.5,78.74,0.44,62.99,0.37,23.0,0.67
2025-05-05,07:00,Flat,62,TCT,325.0,29.0,41.1,78.23,0.52,62.58,0.44,27.3,0.67
2025-05-05,07:15,Flat,62,TCT,373.1,29.4,42.7,77.71,0.6,62.17,0.5,31.2,0.67
2025-05-05,07:30,Flat,62,TCT,421.1,29.9,44.4,77.19,0.68,61.75,0.57,35.1,0.67
2025-05-05,07:45,Flat,62,TCT,469.2,30.3,46.0,76.67,0.76,61.34,0.63,38.9,0.67
2025-05-05,08:00,Flat,62,TCT,517.3,30.7,47.7,76.15,0.84,60.92,0.7,42.6,0.67
2025-05-05,08:15,Flat,62,TCT,569.4,31.0,49.3,75.64,0.92,60.51,0.77,46.7,0.67
2025-05-05,08:30,Flat,62,TCT,621.5,31.3,50.9,75.13,1.01,60.11,0.84,50.7,0.67
2025-05-05,08:45,Flat,62,TCT,673.6,31.7,52.5,74.62,1.09,59.7,0.92,54.6,0.67
2025-05-05,09:00,Flat,62,TCT,725.7,32.0,54.1,74.11,1.18,59.29,0.99,58.6,0.67
2025-05-05,09:15,Flat,62,TCT,761.5,32.2,55.2,73.76,1.24,59.01,1.04,61.2,0.67
2025-05-05,09:30,Flat,62,TCT,797.3,32.4,56.3,73.41,1.3,58.73,1.09,63.9,0.67
2025-05-05,09:45,Flat,62,TCT,833.1,32.6,57.4,73.06,1.36,58.45,1.14,66.5,0.67
2025-05-05,10:00,Flat,62,TCT,868.9,32.8,58.5,72.71,1.42,58.17,1.19,69.1,0.67
2025-05-05,10:15,Flat,62,TCT,882.6,33.0,59.1,72.53,1.44,58.03,1.21,70.1,0.67
2025-05-05,10:30,Flat,62,TCT,896.4,33.2,59.6,72.36,1.46,57.89,1.23,71.0,0.67
2025-05-05,10:45,Flat,62,TCT,910.2,33.5,60.2,72.18,1.49,57.74,1.25,72.0,0.67
2025-05-05,11:00,Flat,62,TCT,923.9,33.7,60.8,72.0,1.51,57.6,1.27,72.9,0.67
2025-05-05,11:15,Flat,62,TCT,907.8,33.8,60.5,72.07,1.48,57.66,1.24,71.7,0.67
2025-05-05,11:30,Flat,62,TCT,891.7,34.0,60.3,72.15,1.46,57.72,1.22,70.5,0.67
2025-05-05,11:45,Flat,62,TCT,875.5,34.2,60.1,72.23,1.43,57.78,1.2,69.3,0.67
2025-05-05,12:00,Flat,62,TCT,859.4,34.3,59.8,72.3,1.4,57.84,1.18,68.0,0.67
2025-05-05,12:15,Flat,62,TCT,824.2,34.4,59.0,72.56,1.35,58.04,1.13,65.4,0.67
2025-05-05,12:30,Flat,62,TCT,789.0,34.5,58.2,72.81,1.29,58.25,1.08,62.8,0.67
2025-05-05,12:45,Flat,62,TCT,753.8,34.6,57.4,73.07,1.23,58.45,1.03,60.2,0.67
2025-05-05,13:00,Flat,62,TCT,718.6,34.6,56.6,73.32,1.17,58.66,0.98,57.5,0.67
2025-05-05,13:15,Flat,62,TCT,671.7,34.6,55.4,73.71,1.09,58.97,0.92,54.0,0.67
2025-05-05,13:30,Flat,62,TCT,624.8,34.5,54.2,74.09,1.02,59.28,0.85,50.4,0.67
2025-05-05,13:45,Flat,62,TCT,577.9,34.5,52.9,74.48,0.94,59.59,0.79,46.8,0.67
2025-05-05,14:00,Flat,62,TCT,531.0,34.4,51.7,74.87,0.86,59.9,0.72,43.2,0.67
2025-05-05,14:15,Flat,62,TCT,480.2,34.3,50.3,75.31,0.78,60.25,0.65,39.2,0.67
2025-05-05,14:30,Flat,62,TCT,429.3,34.2,48.9,75.76,0.69,60.61,0.58,35.2,0.67
2025-05-05,14:45,Flat,62,TCT,378.5,34.0,47.5,76.21,0.61,60.97,0.51,31.2,0.67
2025-05-05,15:00,Flat,62,TCT,327.7,33.9,46.1,76.65,0.53,61.32,0.44,27.1,0.67
2025-05-05,15:15,Flat,62,TCT,286.1,33.7,44.8,77.05,0.46,61.64,0.39,23.8,0.67
2025-05-05,15:30,Flat,62,TCT,244.5,33.5,43.6,77.44,0.39,61.96,0.33,20.4,0.67
2025-05-05,15:45,Flat,62,TCT,202.8,33.3,42.3,77.84,0.33,62.27,0.27,17.0,0.67
2025-05-05,16:00,Flat,62,TCT,161.2,33.0,41.1,78.24,0.26,62.59,0.22,13.6,0.67
2025-05-05,16:15,Flat,62,TCT,128.6,32.6,39.9,78.62,0.21,62.9,0.17,10.9,0.67
2025-05-05,16:30,Flat,62,TCT,95.9,32.2,38.6,79.01,0.15,63.21,0.13,8.1,0.67
2025-05-05,16:45,Flat,62,TCT,63.2,31.8,37.4,79.4,0.1,63.52,0.08,5.4,0.67
2025-05-05,17:00,Flat,62,TCT,30.5,31.4,36.2,79.79,0.05,63.83,0.04,2.6,0.67
2025-05-05,17:15,Flat,62,TCT,22.9,31.2,35.7,79.93,0.04,63.94,0.03,2.0,0.67
2025-05-05,17:30,Flat,62,TCT,15.3,30.9,35.3,80.07,0.02,64.06,0.02,1.3,0.67
2025-05-05,17:45,Flat,62,TCT,7.6,30.6,34.8,80.21,0.01,64.17,0.01,0.7,0.67
2025-05-06,05:00,Flat,62,TCT,5.8,25.6,29.7,81.84,0.01,65.47,0.01,0.5,0.67
2025-05-06,05:15,Flat,62,TCT,33.0,26.0,30.8,81.48,0.05,65.19,0.04,2.9,0.67
2025-05-06,05:30,Flat,62,TCT,60.1,26.4,31.9,81.13,0.1,64.9,0.08,5.2,0.67
2025-05-06,05:45,Flat,62,TCT,87.2,26.9,33.1,80.78,0.14,64.62,0.12,7.5,0.67
2025-05-06,06:00,Flat,62,TCT,114.3,27.3,34.2,80.42,0.18,64.34,0.15,9.8,0.67
2025-05-06,06:15,Flat,62,TCT,167.9,27.9,36.1,79.81,0.27,63.85,0.22,14.3,0.67
2025-05-06,06:30,Flat,62,TCT,221.5,28.5,38.0,79.2,0.35,63.36,0.3,18.8,0.67
2025-05-06,06:45,Flat,62,TCT,275.1,29.1,40.0,78.59,0.44,62.87,0.37,23.2,0.67
2025-05-06,07:00,Flat,62,TCT,328.8,29.7,41.9,77.98,0.53,62.38,0.44,27.6,0.67
2025-05-06,07:15,Flat,62,TCT,379.8,30.4,43.9,77.34,0.61,61.87,0.51,31.7,0.67
2025-05-06,07:30,Flat,62,TCT,430.9,31.2,45.9,76.7,0.69,61.36,0.58,35.7,0.67
2025-05-06,07:45,Flat,62,TCT,482.0,31.9,48.0,76.06,0.78,60.85,0.65,39.7,0.67
2025-05-06,08:00,Flat,62,TCT,533.1,32.7,50.0,75.42,0.86,60.33,0.72,43.6,0.67
2025-05-06,08:15,Flat,62,TCT,574.7,33.1,51.5,74.94,0.93,59.95,0.78,46.8,0.67
2025-05-06,08:30,Flat,62,TCT,616.4,33.6,53.0,74.46,1.0,59.57,0.84,49.9,0.67
2025-05-06,08:45,Flat,62,TCT,658.0,34.1,54.5,73.98,1.07,59.18,0.9,53.0,0.67
2025-05-06,09:00,Flat,62,TCT,699.6,34.5,56.0,73.5,1.14,58.8,0.95,56.1,0.67
2025-05-06,09:15,Flat,62,TCT,732.9,34.9,57.2,73.14,1.19,58.51,1.0,58.5,0.67
2025-05-06,09:30,Flat,62,TCT,766.1,35.2,58.3,72.77,1.25,58.22,1.05,61.0,0.67
2025-05-06,09:45,Flat,62,TCT,799.4,35.5,59.5,72.41,1.31,57.93,1.09,63.4,0.67
2025-05-06,10:00,Flat,62,TCT,832.6,35.8,60.6,72.04,1.36,57.63,1.14,65.7,0.67
2025-05-06,10:15,Flat,62,TCT,843.1,36.0,61.1,71.89,1.38,57.51,1.16,66.4,0.67
2025-05-06,10:30,Flat,62,TCT,853.5,36.3,61.6,71.74,1.4,57.39,1.17,67.2,0.67
2025-05-06,10:45,Flat,62,TCT,864.0,36.5,62.1,71.59,1.42,57.27,1.19,67.9,0.67
2025-05-06,11:00,Flat,62,TCT,874.4,36.7,62.6,71.43,1.43,57.15,1.2,68.6,0.67
2025-05-06,11:15,Flat,62,TCT,823.2,36.8,61.4,71.81,1.35,57.44,1.13,64.8,0.67
2025-05-06,11:30,Flat,62,TCT,772.0,36.9,60.2,72.18,1.26,57.74,1.06,61.0,0.67
2025-05-06,11:45,Flat,62,TCT,720.8,37.0,59.0,72.55,1.18,58.04,0.99,57.2,0.67
2025-05-06,12:00,Flat,62,TCT,669.5,37.1,57.9,72.92,1.09,58.33,0.91,53.4,0.67
2025-05-06,12:15,Flat,62,TCT,648.8,37.1,57.4,73.08,1.06,58.47,0.89,51.8,0.67
2025-05-06,12:30,Flat,62,TCT,628.0,37.1,56.8,73.25,1.02,58.6,0.86,50.2,0.67
2025-05-06,12:45,Flat,62,TCT,607.3,37.1,56.3,73.41,0.99,58.73,0.83,48.6,0.67
2025-05-06,13:00,Flat,62,TCT,586.5,37.1,55.8,73.57,0.95,58.86,0.8,47.1,0.67
2025-05-06,13:15,Flat,62,TCT,549.0,37.0,54.7,73.91,0.89,59.13,0.75,44.2,0.67
2025-05-06,13:30,Flat,62,TCT,511.6,36.9,53.7,74.25,0.83,59.4,0.7,41.3,0.67
2025-05-06,13:45,Flat,62,TCT,474.1,36.8,52.6,74.59,0.77,59.67,0.64,38.4,0.67
2025-05-06,14:00,Flat,62,TCT,436.6,36.6,51.5,74.92,0.71,59.94,0.59,35.5,0.67
2025-05-06,14:15,Flat,62,TCT,400.7,36.4,50.4,75.3,0.65,60.24,0.54,32.7,0.67
2025-05-06,14:30,Flat,62,TCT,364.8,36.1,49.2,75.67,0.59,60.53,0.49,29.9,0.67
2025-05-06,14:45,Flat,62,TCT,328.9,35.8,48.0,76.04,0.53,60.83,0.45,27.1,0.67
2025-05-06,15:00,Flat,62,TCT,293.1,35.5,46.8,76.41,0.47,61.13,0.4,24.2,0.67
2025-05-06,15:15,Flat,62,TCT,255.1,35.2,45.6,76.81,0.41,61.45,0.34,21.2,0.67
2025-05-06,15:30,Flat,62,TCT,217.2,34.9,44.3,77.21,0.35,61.77,0.29,18.1,0.67
2025-05-06,15:45,Flat,62,TCT,179.3,34.6,43.1,77.61,0.29,62.09,0.24,15.0,0.67
2025-05-06,16:00,Flat,62,TCT,141.4,34.3,41.8,78.01,0.23,62.41,0.19,11.9,0.67
2025-05-06,16:15,Flat,62,TCT,113.2,33.8,40.6,78.39,0.18,62.71,0.15,9.5,0.67
2025-05-06,16:30,Flat,62,TCT,84.9,33.3,39.4,78.77,0.14,63.02,0.11,7.2,0.67
2025-05-06,16:45,Flat,62,TCT,56.7,32.8,38.2,79.15,0.09,63.32,0.08,4.8,0.67
2025-05-06,17:00,Flat,62,TCT,28.4,32.3,37.0,79.53,0.05,63.62,0.04,2.4,0.67
2025-05-06,17:15,Flat,62,TCT,21.3,31.8,36.4,79.73,0.03,63.78,0.03,1.8,0.67
2025-05-06,17:30,Flat,62,TCT,14.2,31.4,35.8,79.92,0.02,63.94,0.02,1.2,0.67
2025-05-06,17:45,Flat,62,TCT,7.1,31.0,35.1,80.12,0.01,64.1,0.01,0.6,0.67
2025-05-07,05:00,Flat,62,TCT,5.5,26.1,30.2,81.67,0.01,65.34,0.01,0.5,0.67
2025-05-07,05:15,Flat,62,TCT,27.6,26.3,31.0,81.43,0.04,65.15,0.04,2.4,0.67
2025-05-07,05:30,Flat,62,TCT,49.6,26.5,31.7,81.2,0.08,64.96,0.07,4.3,0.67
2025-05-07,05:45,Flat,62,TCT,71.6,26.7,32.5,80.96,0.11,64.77,0.1,6.2,0.67
2025-05-07,06:00,Flat,62,TCT,93.7,26.9,33.2,80.72,0.15,64.58,0.12,8.1,0.67
2025-05-07,06:15,Flat,62,TCT,135.9,27.2,34.6,80.3,0.22,64.24,0.18,11.7,0.67
2025-05-07,06:30,Flat,62,TCT,178.2,27.4,35.9,79.88,0.28,63.9,0.24,15.2,0.67
2025-05-07,06:45,Flat,62,TCT,220.5,27.7,37.2,79.45,0.35,63.56,0.3,18.8,0.67
2025-05-07,07:00,Flat,62,TCT,262.8,28.0,38.6,79.03,0.42,63.22,0.35,22.3,0.67
2025-05-07,07:15,Flat,62,TCT,309.4,28.5,40.2,78.51,0.5,62.81,0.42,26.1,0.67
2025-05-07,07:30,Flat,62,TCT,355.9,29.0,41.9,77.99,0.57,62.39,0.48,29.9,0.67
2025-05-07,07:45,Flat,62,TCT,402.5,29.4,43.5,77.47,0.65,61.98,0.54,33.6,0.67
2025-05-07,08:00,Flat,62,TCT,449.0,29.9,45.1,76.95,0.72,61.56,0.61,37.3,0.67
2025-05-07,08:15,Flat,62,TCT,481.1,30.3,46.3,76.57,0.78,61.26,0.65,39.8,0.67
2025-05-07,08:30,Flat,62,TCT,513.2,30.7,47.5,76.19,0.83,60.95,0.69,42.3,0.67
2025-05-07,08:45,Flat,62,TCT,545.4,31.1,48.7,75.81,0.88,60.65,0.74,44.8,0.67
2025-05-07,09:00,Flat,62,TCT,577.5,31.5,49.9,75.43,0.93,60.35,0.78,47.2,0.67
2025-05-07,09:15,Flat,62,TCT,617.7,31.7,51.2,75.04,1.0,60.03,0.84,50.3,0.67
2025-05-07,09:30,Flat,62,TCT,657.8,32.0,52.4,74.65,1.07,59.72,0.89,53.4,0.67
2025-05-07,09:45,Flat,62,TCT,698.0,32.2,53.6,74.26,1.13,59.41,0.95,56.4,0.67
2025-05-07,10:00,Flat,62,TCT,738.1,32.4,54.9,73.87,1.2,59.09,1.01,59.4,0.67
2025-05-07,10:15,Flat,62,TCT,771.6,32.5,55.8,73.57,1.26,58.85,1.05,61.9,0.67
2025-05-07,10:30,Flat,62,TCT,805.0,32.7,56.8,73.26,1.31,58.61,1.1,64.4,0.67
2025-05-07,10:45,Flat,62,TCT,838.5,32.8,57.7,72.96,1.37,58.37,1.15,66.9,0.67
2025-05-07,11:00,Flat,62,TCT,871.9,32.9,58.7,72.66,1.42,58.13,1.19,69.3,0.67
2025-05-07,11:15,Flat,62,TCT,851.5,32.9,58.2,72.81,1.39,58.25,1.16,67.8,0.67
2025-05-07,11:30,Flat,62,TCT,831.0,33.0,57.7,72.96,1.36,58.37,1.14,66.3,0.67
2025-05-07,11:45,Flat,62,TCT,810.6,33.0,57.3,73.11,1.32,58.49,1.11,64.7,0.67
2025-05-07,12:00,Flat,62,TCT,790.2,33.0,56.8,73.26,1.29,58.61,1.08,63.2,0.67
2025-05-07,12:15,Flat,62,TCT,764.7,33.0,56.1,73.47,1.25,58.77,1.04,61.3,0.67
2025-05-07,12:30,Flat,62,TCT,739.2,33.0,55.5,73.68,1.2,58.94,1.01,59.4,0.67
2025-05-07,12:45,Flat,62,TCT,713.7,33.0,54.8,73.88,1.16,59.11,0.97,57.5,0.67
2025-05-07,13:00,Flat,62,TCT,688.2,33.0,54.2,74.09,1.12,59.27,0.94,55.5,0.67
2025-05-07,13:15,Flat,62,TCT,627.9,32.9,52.6,74.59,1.02,59.67,0.85,50.9,0.67
2025-05-07,13:30,Flat,62,TCT,567.6,32.8,51.0,75.09,0.92,60.07,0.77,46.3,0.67
2025-05-07,13:45,Flat,62,TCT,507.2,32.8,49.5,75.58,0.82,60.47,0.69,41.6,0.67
2025-05-07,14:00,Flat,62,TCT,446.9,32.7,47.9,76.08,0.72,60.87,0.6,36.8,0.67
2025-05-07,14:15,Flat,62,TCT,384.6,32.6,46.2,76.61,0.62,61.29,0.52,31.8,0.67
2025-05-07,14:30,Flat,62,TCT,322.3,32.5,44.6,77.13,0.52,61.71,0.43,26.8,0.67
2025-05-07,14:45,Flat,62,TCT,260.0,32.4,42.9,77.66,0.42,62.13,0.35,21.8,0.67
2025-05-07,15:00,Flat,62,TCT,197.8,32.3,41.2,78.18,0.32,62.55,0.27,16.6,0.67
2025-05-07,15:15,Flat,62,TCT,173.8,32.1,40.4,78.44,0.28,62.75,0.23,14.6,0.67
2025-05-07,15:30,Flat,62,TCT,149.9,31.9,39.6,78.7,0.24,62.96,0.2,12.7,0.67
2025-05-07,15:45,Flat,62,TCT,125.9,31.7,38.8,78.96,0.2,63.17,0.17,10.7,0.67
2025-05-07,16:00,Flat,62,TCT,102.0,31.4,38.0,79.21,0.16,63.37,0.14,8.7,0.67
2025-05-07,16:15,Flat,62,TCT,82.3,31.0,37.1,79.51,0.13,63.61,0.11,7.0,0.67
2025-05-07,16:30,Flat,62,TCT,62.6,30.6,36.1,79.8,0.1,63.84,0.08,5.3,0.67
2025-05-07,16:45,Flat,62,TCT,42.9,30.1,35.2,80.09,0.07,64.07,0.06,3.7,0.67
2025-05-07,17:00,Flat,62,TCT,23.1,29.7,34.3,80.38,0.04,64.31,0.03,2.0,0.67
2025-05-07,17:15,Flat,62,TCT,17.4,29.4,33.8,80.54,0.03,64.43,0.02,1.5,0.67
2025-05-07,17:30,Flat,62,TCT,11.6,29.0,33.3,80.7,0.02,64.56,0.02,1.0,0.67
2025-05-07,17:45,Flat,62,TCT,5.8,28.6,32.8,80.86,0.01,64.69,0.01,0.5,0.67
2025-05-08,05:00,Flat,62,TCT,6.4,24.6,28.8,82.12,0.01,65.7,0.01,0.6,0.67
2025-05-08,05:15,Flat,62,TCT,35.5,25.1,29.9,81.76,0.06,65.41,0.05,3.1,0.67
2025-05-08,05:30,Flat,62,TCT,64.5,25.5,31.1,81.4,0.1,65.12,0.09,5.6,0.67
2025-05-08,05:45,Flat,62,TCT,93.5,25.9,32.2,81.04,0.15,64.84,0.12,8.1,0.67
2025-05-08,06:00,Flat,62,TCT,122.6,26.3,33.3,80.69,0.2,64.55,0.16,10.6,0.67
2025-05-08,06:15,Flat,62,TCT,176.6,27.0,35.4,80.04,0.28,64.03,0.24,15.1,0.67
2025-05-08,06:30,Flat,62,TCT,230.6,27.6,37.4,79.4,0.37,63.52,0.31,19.6,0.67
2025-05-08,06:45,Flat,62,TCT,284.6,28.3,39.4,78.76,0.46,63.01,0.38,24.1,0.67
2025-05-08,07:00,Flat,62,TCT,338.6,29.0,41.5,78.11,0.54,62.49,0.46,28.4,0.67
2025-05-08,07:15,Flat,62,TCT,388.4,29.8,43.5,77.48,0.62,61.98,0.52,32.4,0.67
2025-05-08,07:30,Flat,62,TCT,438.1,30.5,45.5,76.84,0.71,61.47,0.59,36.4,0.67
2025-05-08,07:45,Flat,62,TCT,487.9,31.3,47.5,76.2,0.79,60.96,0.66,40.2,0.67
2025-05-08,08:00,Flat,62,TCT,537.7,32.1,49.5,75.56,0.87,60.45,0.73,44.0,0.67
2025-05-08,08:15,Flat,62,TCT,580.6,32.5,51.1,75.07,0.94,60.06,0.79,47.3,0.67
2025-05-08,08:30,Flat,62,TCT,623.5,33.0,52.6,74.59,1.01,59.67,0.85,50.6,0.67
2025-05-08,08:45,Flat,62,TCT,666.4,33.5,54.1,74.1,1.08,59.28,0.91,53.8,0.67
2025-05-08,09:00,Flat,62,TCT,709.2,34.0,55.7,73.61,1.15,58.89,0.97,56.9,0.67
2025-05-08,09:15,Flat,62,TCT,733.0,34.3,56.6,73.31,1.19,58.65,1.0,58.7,0.67
2025-05-08,09:30,Flat,62,TCT,756.8,34.7,57.6,73.01,1.23,58.41,1.03,60.4,0.67
2025-05-08,09:45,Flat,62,TCT,780.5,35.0,58.5,72.71,1.27,58.17,1.07,62.1,0.67
2025-05-08,10:00,Flat,62,TCT,804.3,35.4,59.5,72.41,1.31,57.93,1.1,63.7,0.67
2025-05-08,10:15,Flat,62,TCT,837.6,35.6,60.6,72.06,1.37,57.65,1.15,66.1,0.67
2025-05-08,10:30,Flat,62,TCT,870.9,35.9,61.7,71.72,1.43,57.37,1.19,68.5,0.67
2025-05-08,10:45,Flat,62,TCT,904.1,36.2,62.8,71.37,1.48,57.1,1.24,70.9,0.67
2025-05-08,11:00,Flat,62,TCT,937.4,36.4,63.9,71.02,1.54,56.82,1.29,73.2,0.67
2025-05-08,11:15,Flat,62,TCT,919.3,36.6,63.6,71.11,1.51,56.89,1.26,71.8,0.67
2025-05-08,11:30,Flat,62,TCT,901.3,36.8,63.3,71.2,1.48,56.96,1.24,70.5,0.67
2025-05-08,11:45,Flat,62,TCT,883.2,36.9,63.0,71.29,1.45,57.03,1.21,69.2,0.67
2025-05-08,12:00,Flat,62,TCT,865.1,37.1,62.7,71.38,1.42,57.11,1.19,67.8,0.67
2025-05-08,12:15,Flat,62,TCT,841.6,37.1,62.2,71.55,1.38,57.24,1.15,66.1,0.67
2025-05-08,12:30,Flat,62,TCT,818.2,37.2,61.6,71.72,1.34,57.38,1.12,64.4,0.67
2025-05-08,12:45,Flat,62,TCT,794.7,37.2,61.1,71.9,1.3,57.52,1.09,62.6,0.67
2025-05-08,13:00,Flat,62,TCT,771.2,37.3,60.6,72.07,1.26,57.65,1.06,60.9,0.67
2025-05-08,13:15,Flat,62,TCT,723.7,37.1,59.2,72.49,1.18,57.99,0.99,57.4,0.67
2025-05-08,13:30,Flat,62,TCT,676.2,37.0,57.9,72.92,1.1,58.33,0.92,53.9,0.67
2025-05-08,13:45,Flat,62,TCT,628.6,36.8,56.5,73.34,1.02,58.67,0.86,50.3,0.67
2025-05-08,14:00,Flat,62,TCT,581.1,36.7,55.2,73.77,0.95,59.01,0.79,46.7,0.67
2025-05-08,14:15,Flat,62,TCT,532.3,36.5,53.8,74.21,0.86,59.37,0.72,43.0,0.67
2025-05-08,14:30,Flat,62,TCT,483.6,36.3,52.4,74.66,0.78,59.73,0.66,39.2,0.67
2025-05-08,14:45,Flat,62,TCT,434.8,36.1,51.0,75.1,0.7,60.08,0.59,35.5,0.67
2025-05-08,15:00,Flat,62,TCT,386.1,35.9,49.6,75.55,0.62,60.44,0.52,31.6,0.67
2025-05-08,15:15,Flat,62,TCT,340.8,35.6,48.1,76.0,0.55,60.8,0.46,28.0,0.67
2025-05-08,15:30,Flat,62,TCT,295.5,35.3,46.7,76.46,0.48,61.16,0.4,24.4,0.67
2025-05-08,15:45,Flat,62,TCT,250.2,35.0,45.3,76.91,0.4,61.53,0.34,20.8,0.67
2025-05-08,16:00,Flat,62,TCT,204.9,34.7,43.8,77.36,0.33,61.89,0.28,17.1,0.67
2025-05-08,16:15,Flat,62,TCT,163.8,34.3,42.4,77.82,0.26,62.26,0.22,13.7,0.67
2025-05-08,16:30,Flat,62,TCT,122.7,33.9,40.9,78.28,0.2,62.63,0.16,10.3,0.67
2025-05-08,16:45,Flat,62,TCT,81.7,33.4,39.5,78.74,0.13,62.99,0.11,6.9,0.67
2025-05-08,17:00,Flat,62,TCT,40.6,33.0,38.0,79.2,0.06,63.36,0.05,3.4,0.67
2025-05-08,17:15,Flat,62,TCT,30.4,32.5,37.3,79.44,0.05,63.55,0.04,2.6,0.67
2025-05-08,17:30,Flat,62,TCT,20.3,32.0,36.6,79.67,0.03,63.73,0.03,1.7,0.67
2025-05-08,17:45,Flat,62,TCT,10.1,31.6,35.8,79.9,0.02,63.92,0.01,0.9,0.67
2025-05-09,04:45,Flat,62,TCT,5.1,26.4,30.5,81.58,0.01,65.27,0.01,0.4,0.67
2025-05-09,05:00,Flat,62,TCT,6.8,26.3,30.5,81.59,0.01,65.27,0.01,0.6,0.67
2025-05-09,05:15,Flat,62,TCT,38.0,26.6,31.6,81.25,0.06,65.0,0.05,3.3,0.67
2025-05-09,05:30,Flat,62,TCT,69.1,26.9,32.6,80.91,0.11,64.72,0.09,6.0,0.67
2025-05-09,05:45,Flat,62,TCT,100.3,27.2,33.7,80.57,0.16,64.45,0.13,8.6,0.67
2025-05-09,06:00,Flat,62,TCT,131.5,27.5,34.8,80.23,0.21,64.18,0.18,11.3,0.67
2025-05-09,06:15,Flat,62,TCT,187.1,28.0,36.7,79.62,0.3,63.7,0.25,16.0,0.67
2025-05-09,06:30,Flat,62,TCT,242.8,28.6,38.6,79.02,0.39,63.21,0.33,20.6,0.67
2025-05-09,06:45,Flat,62,TCT,298.4,29.1,40.5,78.41,0.48,62.73,0.4,25.1,0.67
2025-05-09,07:00,Flat,62,TCT,354.1,29.6,42.4,77.81,0.57,62.24,0.48,29.7,0.67
2025-05-09,07:15,Flat,62,TCT,408.1,30.3,44.5,77.16,0.66,61.73,0.55,34.0,0.67
2025-05-09,07:30,Flat,62,TCT,462.1,31.0,46.5,76.51,0.75,61.21,0.62,38.2,0.67
2025-05-09,07:45,Flat,62,TCT,516.1,31.7,48.6,75.87,0.83,60.7,0.7,42.4,0.67
2025-05-09,08:00,Flat,62,TCT,570.0,32.3,50.6,75.22,0.92,60.18,0.77,46.5,0.67
2025-05-09,08:15,Flat,62,TCT,617.8,32.8,52.2,74.71,1.0,59.77,0.84,50.2,0.67
2025-05-09,08:30,Flat,62,TCT,665.5,33.2,53.9,74.19,1.08,59.35,0.91,53.8,0.67
2025-05-09,08:45,Flat,62,TCT,713.2,33.7,55.5,73.67,1.16,58.94,0.97,57.3,0.67
2025-05-09,09:00,Flat,62,TCT,760.9,34.1,57.1,73.15,1.24,58.52,1.04,60.8,0.67
2025-05-09,09:15,Flat,62,TCT,793.6,34.4,58.2,72.81,1.29,58.25,1.08,63.2,0.67
2025-05-09,09:30,Flat,62,TCT,826.3,34.6,59.3,72.48,1.35,57.98,1.13,65.5,0.67
2025-05-09,09:45,Flat,62,TCT,858.9,34.9,60.3,72.14,1.4,57.71,1.18,67.9,0.67
2025-05-09,10:00,Flat,62,TCT,891.6,35.1,61.4,71.8,1.46,57.44,1.22,70.2,0.67
2025-05-09,10:15,Flat,62,TCT,913.6,35.3,62.1,71.57,1.5,57.26,1.25,71.8,0.67
2025-05-09,10:30,Flat,62,TCT,935.5,35.5,62.8,71.34,1.53,57.07,1.28,73.3,0.67
2025-05-09,10:45,Flat,62,TCT,957.5,35.6,63.6,71.12,1.57,56.89,1.32,74.8,0.67
2025-05-09,11:00,Flat,62,TCT,979.5,35.8,64.3,70.89,1.61,56.71,1.35,76.4,0.67
2025-05-09,11:15,Flat,62,TCT,973.8,35.9,64.2,70.91,1.6,56.73,1.34,75.9,0.67
2025-05-09,11:30,Flat,62,TCT,968.0,35.9,64.1,70.94,1.59,56.75,1.33,75.5,0.67
2025-05-09,11:45,Flat,62,TCT,962.4,36.0,64.1,70.96,1.58,56.77,1.32,75.1,0.67
2025-05-09,12:00,Flat,62,TCT,956.6,36.1,64.0,70.98,1.57,56.79,1.31,74.7,0.67
2025-05-09,12:15,Flat,62,TCT,927.2,36.0,63.2,71.23,1.52,56.98,1.27,72.6,0.67
2025-05-09,12:30,Flat,62,TCT,897.8,36.0,62.4,71.48,1.47,57.18,1.23,70.4,0.67
2025-05-09,12:45,Flat,62,TCT,868.4,35.9,61.6,71.73,1.42,57.38,1.19,68.3,0.67
2025-05-09,13:00,Flat,62,TCT,839.0,35.9,60.9,71.98,1.37,57.58,1.15,66.2,0.67
2025-05-09,13:15,Flat,62,TCT,796.4,35.7,59.6,72.37,1.3,57.89,1.09,63.1,0.67
2025-05-09,13:30,Flat,62,TCT,753.8,35.5,58.4,72.76,1.23,58.21,1.03,60.0,0.67
2025-05-09,13:45,Flat,62,TCT,711.2,35.4,57.1,73.15,1.16,58.52,0.97,56.8,0.67
2025-05-09,14:00,Flat,62,TCT,668.7,35.2,55.9,73.54,1.09,58.83,0.91,53.6,0.67
2025-05-09,14:15,Flat,62,TCT,621.1,35.0,54.5,73.97,1.01,59.18,0.85,50.0,0.67
2025-05-09,14:30,Flat,62,TCT,573.5,34.9,53.2,74.4,0.93,59.52,0.78,46.4,0.67
2025-05-09,14:45,Flat,62,TCT,525.9,34.7,51.8,74.83,0.85,59.86,0.71,42.8,0.67
2025-05-09,15:00,Flat,62,TCT,478.3,34.5,50.5,75.26,0.77,60.21,0.65,39.1,0.67
2025-05-09,15:15,Flat,62,TCT,419.8,34.3,48.8,75.8,0.68,60.64,0.57,34.5,0.67
2025-05-09,15:30,Flat,62,TCT,361.2,34.0,47.1,76.35,0.58,61.08,0.49,29.8,0.67
2025-05-09,15:45,Flat,62,TCT,302.7,33.8,45.3,76.89,0.49,61.51,0.41,25.1,0.67
2025-05-09,16:00,Flat,62,TCT,244.1,33.5,43.6,77.43,0.39,61.94,0.33,20.4,0.67
2025-05-09,16:15,Flat,62,TCT,196.0,33.1,42.0,77.94,0.31,62.35,0.26,16.4,0.67
2025-05-09,16:30,Flat,62,TCT,147.8,32.7,40.4,78.45,0.24,62.76,0.2,12.5,0.67
2025-05-09,16:45,Flat,62,TCT,99.7,32.3,38.8,78.96,0.16,63.17,0.13,8.4,0.67
2025-05-09,17:00,Flat,62,TCT,51.5,31.9,37.2,79.47,0.08,63.58,0.07,4.4,0.67
2025-05-09,17:15,Flat,62,TCT,38.7,31.5,36.5,79.7,0.06,63.76,0.05,3.3,0.67
2025-05-09,17:30,Flat,62,TCT,25.8,31.1,35.8,79.92,0.04,63.93,0.03,2.2,0.67
2025-05-09,17:45,Flat,62,TCT,12.9,30.7,35.1,80.14,0.02,64.11,0.02,1.1,0.67
2025-05-10,05:00,Flat,62,TCT,6.2,27.0,31.1,81.39,0.01,65.11,0.01,0.5,0.67
2025-05-10,05:15,Flat,62,TCT,37.2,27.1,32.1,81.09,0.06,64.87,0.05,3.2,0.67
2025-05-10,05:30,Flat,62,TCT,68.2,27.3,33.0,80.8,0.11,64.64,0.09,5.9,0.67
2025-05-10,05:45,Flat,62,TCT,99.2,27.5,33.9,80.5,0.16,64.4,0.13,8.5,0.67
2025-05-10,06:00,Flat,62,TCT,130.2,27.6,34.9,80.2,0.21,64.16,0.17,11.2,0.67
2025-05-10,06:15,Flat,62,TCT,183.9,28.0,36.6,79.65,0.29,63.72,0.25,15.7,0.67
2025-05-10,06:30,Flat,62,TCT,237.7,28.4,38.4,79.1,0.38,63.28,0.32,20.2,0.67
2025-05-10,06:45,Flat,62,TCT,291.4,28.8,40.1,78.55,0.47,62.84,0.39,24.6,0.67
2025-05-10,07:00,Flat,62,TCT,345.2,29.2,41.8,78.0,0.55,62.4,0.46,29.0,0.67
2025-05-10,07:15,Flat,62,TCT,405.6,29.6,43.8,77.38,0.65,61.91,0.55,33.8,0.67
2025-05-10,07:30,Flat,62,TCT,465.9,30.1,45.7,76.76,0.75,61.41,0.63,38.6,0.67
2025-05-10,07:45,Flat,62,TCT,526.2,30.5,47.7,76.15,0.85,60.92,0.71,43.4,0.67
2025-05-10,08:00,Flat,62,TCT,586.6,31.0,49.6,75.53,0.95,60.42,0.79,48.0,0.67
2025-05-10,08:15,Flat,62,TCT,631.6,31.4,51.2,75.05,1.02,60.04,0.86,51.5,0.67
2025-05-10,08:30,Flat,62,TCT,676.5,31.8,52.7,74.56,1.1,59.65,0.92,54.9,0.67
2025-05-10,08:45,Flat,62,TCT,721.5,32.2,54.2,74.08,1.17,59.27,0.98,58.2,0.67
2025-05-10,09:00,Flat,62,TCT,766.5,32.6,55.7,73.6,1.25,58.88,1.04,61.5,0.67
2025-05-10,09:15,Flat,62,TCT,800.8,32.9,57.0,73.21,1.31,58.56,1.09,64.0,0.67
2025-05-10,09:30,Flat,62,TCT,835.2,33.3,58.2,72.81,1.36,58.25,1.14,66.5,0.67
2025-05-10,09:45,Flat,62,TCT,869.5,33.7,59.5,72.42,1.42,57.93,1.19,68.9,0.67
2025-05-10,10:00,Flat,62,TCT,903.9,34.1,60.7,72.02,1.48,57.62,1.24,71.3,0.67
2025-05-10,10:15,Flat,62,TCT,921.7,34.5,61.5,71.77,1.51,57.42,1.26,72.5,0.67
2025-05-10,10:30,Flat,62,TCT,939.5,34.8,62.3,71.52,1.54,57.21,1.29,73.7,0.67
2025-05-10,10:45,Flat,62,TCT,957.3,35.2,63.1,71.26,1.57,57.01,1.31,74.9,0.67
2025-05-10,11:00,Flat,62,TCT,975.2,35.5,63.9,71.01,1.6,56.81,1.34,76.1,0.67
2025-05-10,11:15,Flat,62,TCT,957.9,35.8,63.7,71.06,1.57,56.85,1.32,74.8,0.67
2025-05-10,11:30,Flat,62,TCT,940.6,36.1,63.6,71.11,1.54,56.89,1.29,73.5,0.67
2025-05-10,11:45,Flat,62,TCT,923.3,36.4,63.4,71.16,1.51,56.92,1.27,72.2,0.67
2025-05-10,12:00,Flat,62,TCT,906.0,36.6,63.3,71.2,1.49,56.96,1.24,70.9,0.67
2025-05-10,12:15,Flat,62,TCT,878.9,36.8,62.8,71.36,1.44,57.09,1.21,68.9,0.67
2025-05-10,12:30,Flat,62,TCT,851.8,37.0,62.3,71.51,1.4,57.21,1.17,66.9,0.67
2025-05-10,12:45,Flat,62,TCT,824.7,37.2,61.8,71.67,1.35,57.34,1.13,64.8,0.67
2025-05-10,13:00,Flat,62,TCT,797.5,37.4,61.3,71.82,1.31,57.46,1.09,62.8,0.67
2025-05-10,13:15,Flat,62,TCT,751.0,37.5,60.2,72.17,1.23,57.73,1.03,59.4,0.67
2025-05-10,13:30,Flat,62,TCT,704.5,37.6,59.2,72.51,1.15,58.01,0.96,55.9,0.67
2025-05-10,13:45,Flat,62,TCT,658.0,37.6,58.1,72.85,1.07,58.28,0.9,52.4,0.67
2025-05-10,14:00,Flat,62,TCT,611.5,37.7,57.0,73.19,1.0,58.55,0.83,48.9,0.67
2025-05-10,14:15,Flat,62,TCT,559.7,37.7,55.7,73.62,0.91,58.9,0.76,44.9,0.67
2025-05-10,14:30,Flat,62,TCT,507.9,37.6,54.3,74.05,0.83,59.24,0.69,41.0,0.67
2025-05-10,14:45,Flat,62,TCT,456.1,37.6,53.0,74.47,0.74,59.58,0.62,36.9,0.67
2025-05-10,15:00,Flat,62,TCT,404.3,37.5,51.6,74.9,0.66,59.92,0.55,32.9,0.67
2025-05-10,15:15,Flat,62,TCT,357.2,37.3,50.2,75.34,0.58,60.27,0.48,29.2,0.67
2025-05-10,15:30,Flat,62,TCT,310.1,37.1,48.8,75.79,0.5,60.63,0.42,25.5,0.67
2025-05-10,15:45,Flat,62,TCT,263.0,36.8,47.4,76.24,0.42,60.99,0.36,21.7,0.67
2025-05-10,16:00,Flat,62,TCT,215.9,36.6,46.0,76.68,0.35,61.35,0.29,17.9,0.67
2025-05-10,16:15,Flat,62,TCT,173.5,35.9,44.3,77.22,0.28,61.78,0.23,14.5,0.67
2025-05-10,16:30,Flat,62,TCT,131.2,35.3,42.6,77.76,0.21,62.21,0.18,11.0,0.67
2025-05-10,16:45,Flat,62,TCT,88.8,34.7,40.9,78.3,0.14,62.64,0.12,7.5,0.67
2025-05-10,17:00,Flat,62,TCT,46.4,34.0,39.2,78.84,0.07,63.07,0.06,3.9,0.67
2025-05-10,17:15,Flat,62,TCT,34.8,33.4,38.3,79.12,0.06,63.3,0.05,3.0,0.67
2025-05-10,17:30,Flat,62,TCT,23.2,32.8,37.4,79.4,0.04,63.52,0.03,2.0,0.67
2025-05-10,17:45,Flat,62,TCT,11.6,32.2,36.5,79.67,0.02,63.74,0.02,1.0,0.67
2025-05-11,04:45,Flat,62,TCT,5.5,26.7,30.8,81.49,0.01,65.19,0.01,0.5,0.67
2025-05-11,05:00,Flat,62,TCT,7.3,26.6,30.8,81.48,0.01,65.19,0.01,0.6,0.67
2025-05-11,05:15,Flat,62,TCT,39.9,27.0,32.0,81.12,0.06,64.9,0.05,3.4,0.67
2025-05-11,05:30,Flat,62,TCT,72.5,27.3,33.1,80.76,0.12,64.61,0.1,6.2,0.67
2025-05-11,05:45,Flat,62,TCT,105.0,27.6,34.2,80.4,0.17,64.32,0.14,9.0,0.67
2025-05-11,06:00,Flat,62,TCT,137.6,27.9,35.4,80.04,0.22,64.03,0.18,11.8,0.67
2025-05-11,06:15,Flat,62,TCT,187.7,28.5,37.2,79.48,0.3,63.58,0.25,16.0,0.67
2025-05-11,06:30,Flat,62,TCT,237.8,29.0,38.9,78.92,0.38,63.13,0.32,20.1,0.67
2025-05-11,06:45,Flat,62,TCT,288.0,29.5,40.7,78.35,0.46,62.68,0.39,24.2,0.67
2025-05-11,07:00,Flat,62,TCT,338.1,30.0,42.5,77.79,0.54,62.23,0.45,28.3,0.67
2025-05-11,07:15,Flat,62,TCT,390.5,30.6,44.4,77.18,0.63,61.75,0.53,32.5,0.67
2025-05-11,07:30,Flat,62,TCT,442.9,31.2,46.3,76.58,0.71,61.26,0.6,36.7,0.67
2025-05-11,07:45,Flat,62,TCT,495.4,31.9,48.2,75.97,0.8,60.77,0.67,40.7,0.67
2025-05-11,08:00,Flat,62,TCT,547.8,32.5,50.2,75.36,0.89,60.29,0.74,44.8,0.67
2025-05-11,08:15,Flat,62,TCT,594.9,33.0,51.8,74.83,0.96,59.86,0.81,48.4,0.67
2025-05-11,08:30,Flat,62,TCT,642.0,33.5,53.5,74.29,1.04,59.44,0.87,51.9,0.67
2025-05-11,08:45,Flat,62,TCT,689.1,34.0,55.2,73.76,1.12,59.01,0.94,55.4,0.67
2025-05-11,09:00,Flat,62,TCT,736.1,34.5,56.9,73.23,1.2,58.58,1.0,58.9,0.67
2025-05-11,09:15,Flat,62,TCT,770.3,34.9,58.1,72.84,1.26,58.27,1.05,61.3,0.67
2025-05-11,09:30,Flat,62,TCT,804.5,35.2,59.4,72.45,1.31,57.96,1.1,63.8,0.67
2025-05-11,09:45,Flat,62,TCT,838.6,35.6,60.6,72.06,1.37,57.65,1.15,66.2,0.67
2025-05-11,10:00,Flat,62,TCT,872.8,36.0,61.8,71.67,1.43,57.34,1.2,68.6,0.67
2025-05-11,10:15,Flat,62,TCT,890.3,36.3,62.5,71.45,1.46,57.16,1.22,69.8,0.67
2025-05-11,10:30,Flat,62,TCT,907.8,36.5,63.2,71.22,1.49,56.98,1.25,71.0,0.67
2025-05-11,10:45,Flat,62,TCT,925.2,36.8,64.0,70.99,1.52,56.79,1.27,72.2,0.67
2025-05-11,11:00,Flat,62,TCT,942.7,37.1,64.7,70.77,1.55,56.61,1.3,73.4,0.67
2025-05-11,11:15,Flat,62,TCT,937.2,37.2,64.7,70.76,1.54,56.61,1.29,73.0,0.67
2025-05-11,11:30,Flat,62,TCT,931.6,37.4,64.7,70.76,1.53,56.61,1.28,72.5,0.67
2025-05-11,11:45,Flat,62,TCT,926.1,37.6,64.7,70.76,1.52,56.61,1.27,72.1,0.67
2025-05-11,12:00,Flat,62,TCT,920.5,37.7,64.7,70.75,1.51,56.6,1.27,71.7,0.67
2025-05-11,12:15,Flat,62,TCT,886.4,37.7,63.9,71.02,1.45,56.82,1.22,69.2,0.67
2025-05-11,12:30,Flat,62,TCT,852.2,37.7,63.0,71.29,1.4,57.03,1.17,66.7,0.67
2025-05-11,12:45,Flat,62,TCT,818.0,37.7,62.2,71.55,1.34,57.24,1.12,64.2,0.67
2025-05-11,13:00,Flat,62,TCT,783.9,37.7,61.3,71.82,1.28,57.46,1.07,61.7,0.67
2025-05-11,13:15,Flat,62,TCT,745.7,37.6,60.2,72.17,1.22,57.73,1.02,59.0,0.67
2025-05-11,13:30,Flat,62,TCT,707.6,37.5,59.2,72.51,1.16,58.01,0.97,56.1,0.67
2025-05-11,13:45,Flat,62,TCT,669.4,37.3,58.1,72.86,1.09,58.28,0.91,53.3,0.67
2025-05-11,14:00,Flat,62,TCT,631.3,37.2,57.0,73.2,1.03,58.56,0.86,50.5,0.67
2025-05-11,14:15,Flat,62,TCT,580.7,37.0,55.5,73.66,0.95,58.93,0.79,46.6,0.67
2025-05-11,14:30,Flat,62,TCT,530.2,36.8,54.1,74.12,0.86,59.3,0.72,42.8,0.67
2025-05-11,14:45,Flat,62,TCT,479.6,36.6,52.6,74.59,0.78,59.67,0.65,38.9,0.67
2025-05-11,15:00,Flat,62,TCT,429.1,36.4,51.1,75.05,0.7,60.04,0.58,35.0,0.67
2025-05-11,15:15,Flat,62,TCT,376.7,36.2,49.6,75.55,0.61,60.44,0.51,30.9,0.67
2025-05-11,15:30,Flat,62,TCT,324.3,35.9,48.0,76.05,0.52,60.84,0.44,26.7,0.67
2025-05-11,15:45,Flat,62,TCT,271.9,35.6,46.4,76.54,0.44,61.24,0.37,22.5,0.67
2025-05-11,16:00,Flat,62,TCT,219.5,35.4,44.8,77.04,0.35,61.63,0.3,18.3,0.67
2025-05-11,16:15,Flat,62,TCT,176.9,34.9,43.3,77.53,0.28,62.02,0.24,14.8,0.67
2025-05-11,16:30,Flat,62,TCT,134.3,34.4,41.8,78.02,0.22,62.41,0.18,11.3,0.67
2025-05-11,16:45,Flat,62,TCT,91.7,33.9,40.2,78.5,0.15,62.8,0.12,7.7,0.67
2025-05-11,17:00,Flat,62,TCT,49.0,33.5,38.7,78.99,0.08,63.19,0.07,4.2,0.67
2025-05-11,17:15,Flat,62,TCT,36.8,33.0,37.9,79.23,0.06,63.39,0.05,3.1,0.67
2025-05-11,17:30,Flat,62,TCT,24.5,32.5,37.2,79.48,0.04,63.58,0.03,2.1,0.67
2025-05-11,17:45,Flat,62,TCT,12.3,32.1,36.4,79.72,0.02,63.78,0.02,1.0,0.67
2025-05-12,04:45,Flat,62,TCT,5.8,27.1,31.3,81.34,0.01,65.07,0.01,0.5,0.67
2025-05-12,05:00,Flat,62,TCT,7.7,27.1,31.3,81.34,0.01,65.07,0.01,0.7,0.67
2025-05-12,05:15,Flat,62,TCT,42.7,27.4,32.4,80.98,0.07,64.78,0.06,3.7,0.67
2025-05-12,05:30,Flat,62,TCT,77.8,27.6,33.5,80.62,0.12,64.5,0.1,6.7,0.67
2025-05-12,05:45,Flat,62,TCT,112.8,27.9,34.7,80.26,0.18,64.21,0.15,9.7,0.67
2025-05-12,06:00,Flat,62,TCT,147.8,28.1,35.8,79.91,0.24,63.93,0.2,12.6,0.67
2025-05-12,06:15,Flat,62,TCT,201.7,28.6,37.6,79.33,0.32,63.47,0.27,17.1,0.67
2025-05-12,06:30,Flat,62,TCT,255.5,29.0,39.4,78.76,0.41,63.01,0.34,21.6,0.67
2025-05-12,06:45,Flat,62,TCT,309.4,29.5,41.2,78.19,0.5,62.55,0.42,26.0,0.67
2025-05-12,07:00,Flat,62,TCT,363.2,29.9,43.0,77.62,0.58,62.09,0.49,30.4,0.67
2025-05-12,07:15,Flat,62,TCT,418.0,30.4,44.9,77.04,0.67,61.63,0.56,34.8,0.67
2025-05-12,07:30,Flat,62,TCT,472.8,30.9,46.7,76.46,0.76,61.17,0.64,39.1,0.67
2025-05-12,07:45,Flat,62,TCT,527.6,31.3,48.5,75.88,0.85,60.7,0.71,43.4,0.67
2025-05-12,08:00,Flat,62,TCT,582.4,31.8,50.3,75.3,0.94,60.24,0.79,47.6,0.67
2025-05-12,08:15,Flat,62,TCT,621.3,32.2,51.7,74.87,1.01,59.9,0.84,50.5,0.67
2025-05-12,08:30,Flat,62,TCT,660.2,32.6,53.1,74.44,1.07,59.55,0.9,53.5,0.67
2025-05-12,08:45,Flat,62,TCT,699.1,33.0,54.4,74.01,1.14,59.21,0.95,56.4,0.67
2025-05-12,09:00,Flat,62,TCT,738.0,33.4,55.8,73.58,1.2,58.86,1.01,59.2,0.67
2025-05-12,09:15,Flat,62,TCT,771.7,33.7,57.0,73.2,1.26,58.56,1.05,61.7,0.67
2025-05-12,09:30,Flat,62,TCT,805.3,34.0,58.1,72.83,1.31,58.27,1.1,64.1,0.67
2025-05-12,09:45,Flat,62,TCT,839.0,34.3,59.3,72.46,1.37,57.97,1.15,66.5,0.67
2025-05-12,10:00,Flat,62,TCT,872.6,34.7,60.5,72.09,1.43,57.67,1.2,68.9,0.67
2025-05-12,10:15,Flat,62,TCT,891.5,34.9,61.2,71.86,1.46,57.49,1.22,70.2,0.67
2025-05-12,10:30,Flat,62,TCT,910.4,35.2,62.0,71.63,1.49,57.3,1.25,71.5,0.67
2025-05-12,10:45,Flat,62,TCT,929.3,35.5,62.7,71.4,1.52,57.12,1.28,72.8,0.67
2025-05-12,11:00,Flat,62,TCT,948.2,35.7,63.4,71.16,1.55,56.93,1.3,74.1,0.67
2025-05-12,11:15,Flat,62,TCT,932.8,35.9,63.2,71.24,1.53,56.99,1.28,73.0,0.67
2025-05-12,11:30,Flat,62,TCT,917.3,36.0,63.0,71.31,1.5,57.05,1.26,71.8,0.67
2025-05-12,11:45,Flat,62,TCT,901.9,36.2,62.7,71.38,1.48,57.11,1.24,70.7,0.67
2025-05-12,12:00,Flat,62,TCT,886.5,36.3,62.5,71.46,1.45,57.16,1.22,69.5,0.67
2025-05-12,12:15,Flat,62,TCT,848.9,36.4,61.6,71.72,1.39,57.38,1.16,66.8,0.67
2025-05-12,12:30,Flat,62,TCT,811.2,36.5,60.8,71.99,1.33,57.59,1.11,64.0,0.67
2025-05-12,12:45,Flat,62,TCT,773.6,36.6,60.0,72.26,1.26,57.81,1.06,61.2,0.67
2025-05-12,13:00,Flat,62,TCT,736.0,36.7,59.1,72.52,1.2,58.02,1.01,58.4,0.67
2025-05-12,13:15,Flat,62,TCT,691.6,36.6,57.9,72.9,1.13,58.32,0.94,55.1,0.67
2025-05-12,13:30,Flat,62,TCT,647.1,36.5,56.7,73.28,1.05,58.63,0.88,51.8,0.67
2025-05-12,13:45,Flat,62,TCT,602.7,36.5,55.5,73.66,0.98,58.93,0.82,48.4,0.67
2025-05-12,14:00,Flat,62,TCT,558.2,36.4,54.3,74.04,0.91,59.23,0.76,45.0,0.67
2025-05-12,14:15,Flat,62,TCT,508.0,36.2,52.9,74.48,0.82,59.59,0.69,41.2,0.67
2025-05-12,14:30,Flat,62,TCT,457.8,36.1,51.5,74.92,0.74,59.94,0.62,37.3,0.67
2025-05-12,14:45,Flat,62,TCT,407.6,36.0,50.2,75.36,0.66,60.29,0.55,33.3,0.67
2025-05-12,15:00,Flat,62,TCT,357.3,35.8,48.8,75.8,0.58,60.64,0.48,29.3,0.67
2025-05-12,15:15,Flat,62,TCT,312.9,35.6,47.4,76.22,0.51,60.98,0.42,25.8,0.67
2025-05-12,15:30,Flat,62,TCT,268.5,35.4,46.1,76.64,0.43,61.32,0.36,22.2,0.67
2025-05-12,15:45,Flat,62,TCT,224.0,35.2,44.8,77.07,0.36,61.65,0.3,18.6,0.67
2025-05-12,16:00,Flat,62,TCT,179.6,35.0,43.4,77.49,0.29,61.99,0.24,15.0,0.67
2025-05-12,16:15,Flat,62,TCT,144.7,34.5,42.1,77.91,0.23,62.33,0.19,12.1,0.67
2025-05-12,16:30,Flat,62,TCT,109.7,34.0,40.8,78.34,0.18,62.67,0.15,9.2,0.67
2025-05-12,16:45,Flat,62,TCT,74.7,33.5,39.4,78.76,0.12,63.01,0.1,6.3,0.67
2025-05-12,17:00,Flat,62,TCT,39.8,33.1,38.1,79.19,0.06,63.35,0.05,3.4,0.67
2025-05-12,17:15,Flat,62,TCT,29.8,32.6,37.4,79.41,0.05,63.53,0.04,2.5,0.67
2025-05-12,17:30,Flat,62,TCT,19.9,32.2,36.7,79.64,0.03,63.71,0.03,1.7,0.67
2025-05-12,17:45,Flat,62,TCT,9.9,31.7,36.0,79.86,0.02,63.89,0.01,0.8,0.67
2025-05-13,04:45,Flat,62,TCT,5.6,27.7,31.8,81.16,0.01,64.93,0.01,0.5,0.67
2025-05-13,05:00,Flat,62,TCT,7.4,27.7,31.9,81.15,0.01,64.92,0.01,0.6,0.67
2025-05-13,05:15,Flat,62,TCT,39.4,27.8,32.8,80.85,0.06,64.68,0.05,3.4,0.67
2025-05-13,05:30,Flat,62,TCT,71.3,28.0,33.8,80.55,0.11,64.44,0.1,6.1,0.67
2025-05-13,05:45,Flat,62,TCT,103.2,28.2,34.7,80.24,0.16,64.19,0.14,8.8,0.67
2025-05-13,06:00,Flat,62,TCT,135.2,28.3,35.7,79.94,0.22,63.95,0.18,11.6,0.67
2025-05-13,06:15,Flat,62,TCT,184.9,28.6,37.2,79.45,0.3,63.56,0.25,15.7,0.67
2025-05-13,06:30,Flat,62,TCT,234.7,28.9,38.8,78.97,0.38,63.17,0.31,19.9,0.67
2025-05-13,06:45,Flat,62,TCT,284.4,29.2,40.3,78.48,0.46,62.78,0.38,24.0,0.67
2025-05-13,07:00,Flat,62,TCT,334.2,29.5,41.9,77.99,0.54,62.39,0.45,28.0,0.67
2025-05-13,07:15,Flat,62,TCT,386.6,29.9,43.6,77.45,0.62,61.96,0.52,32.3,0.67
2025-05-13,07:30,Flat,62,TCT,439.0,30.3,45.3,76.91,0.71,61.53,0.59,36.4,0.67
2025-05-13,07:45,Flat,62,TCT,491.3,30.7,47.0,76.37,0.79,61.09,0.66,40.6,0.67
2025-05-13,08:00,Flat,62,TCT,543.7,31.1,48.7,75.83,0.88,60.66,0.74,44.7,0.67
2025-05-13,08:15,Flat,62,TCT,584.8,31.5,50.1,75.38,0.95,60.31,0.79,47.8,0.67
2025-05-13,08:30,Flat,62,TCT,626.0,31.8,51.5,74.94,1.01,59.95,0.85,51.0,0.67
2025-05-13,08:45,Flat,62,TCT,667.1,32.2,52.9,74.5,1.08,59.6,0.91,54.1,0.67
2025-05-13,09:00,Flat,62,TCT,708.2,32.6,54.3,74.06,1.15,59.25,0.96,57.1,0.67
2025-05-13,09:15,Flat,62,TCT,738.9,32.9,55.3,73.72,1.2,58.98,1.01,59.4,0.67
2025-05-13,09:30,Flat,62,TCT,769.6,33.2,56.4,73.38,1.25,58.7,1.05,61.6,0.67
2025-05-13,09:45,Flat,62,TCT,800.2,33.5,57.5,73.04,1.3,58.43,1.09,63.9,0.67
2025-05-13,10:00,Flat,62,TCT,830.9,33.8,58.6,72.69,1.36,58.16,1.14,66.1,0.67
2025-05-13,10:15,Flat,62,TCT,855.7,34.1,59.5,72.39,1.4,57.91,1.17,67.8,0.67
2025-05-13,10:30,Flat,62,TCT,880.6,34.5,60.5,72.09,1.44,57.67,1.21,69.6,0.67
2025-05-13,10:45,Flat,62,TCT,905.4,34.8,61.5,71.78,1.48,57.43,1.24,71.3,0.67
2025-05-13,11:00,Flat,62,TCT,930.2,35.2,62.4,71.48,1.52,57.18,1.28,73.0,0.67
2025-05-13,11:15,Flat,62,TCT,917.4,35.5,62.5,71.47,1.5,57.17,1.26,72.0,0.67
2025-05-13,11:30,Flat,62,TCT,904.6,35.9,62.5,71.45,1.48,57.16,1.24,71.0,0.67
2025-05-13,11:45,Flat,62,TCT,891.8,36.3,62.6,71.44,1.46,57.15,1.22,69.9,0.67
2025-05-13,12:00,Flat,62,TCT,878.9,36.6,62.6,71.42,1.44,57.14,1.21,68.9,0.67
2025-05-13,12:15,Flat,62,TCT,852.2,36.8,62.2,71.56,1.4,57.25,1.17,66.9,0.67
2025-05-13,12:30,Flat,62,TCT,825.5,37.1,61.7,71.71,1.35,57.36,1.13,64.9,0.67
2025-05-13,12:45,Flat,62,TCT,798.8,37.3,61.3,71.85,1.31,57.48,1.09,62.9,0.67
2025-05-13,13:00,Flat,62,TCT,772.1,37.5,60.8,71.99,1.26,57.59,1.06,60.9,0.67
2025-05-13,13:15,Flat,62,TCT,727.8,37.5,59.7,72.33,1.19,57.86,1.0,57.6,0.67
2025-05-13,13:30,Flat,62,TCT,683.5,37.6,58.7,72.66,1.12,58.13,0.93,54.3,0.67
2025-05-13,13:45,Flat,62,TCT,639.2,37.7,57.6,73.0,1.04,58.4,0.87,51.0,0.67
2025-05-13,14:00,Flat,62,TCT,594.9,37.7,56.6,73.33,0.97,58.66,0.81,47.6,0.67
2025-05-13,14:15,Flat,62,TCT,543.6,37.6,55.2,73.77,0.88,59.02,0.74,43.7,0.67
2025-05-13,14:30,Flat,62,TCT,492.3,37.5,53.8,74.21,0.8,59.37,0.67,39.8,0.67
2025-05-13,14:45,Flat,62,TCT,441.0,37.4,52.4,74.65,0.72,59.72,0.6,35.8,0.67
2025-05-13,15:00,Flat,62,TCT,389.6,37.3,51.0,75.09,0.63,60.07,0.53,31.8,0.67
2025-05-13,15:15,Flat,62,TCT,341.8,37.0,49.6,75.55,0.55,60.44,0.46,28.0,0.67
2025-05-13,15:30,Flat,62,TCT,294.0,36.8,48.1,76.01,0.48,60.81,0.4,24.2,0.67
2025-05-13,15:45,Flat,62,TCT,246.2,36.5,46.7,76.47,0.4,61.18,0.33,20.4,0.67
2025-05-13,16:00,Flat,62,TCT,198.3,36.2,45.2,76.93,0.32,61.54,0.27,16.5,0.67
2025-05-13,16:15,Flat,62,TCT,160.2,35.8,43.8,77.39,0.26,61.91,0.22,13.4,0.67
2025-05-13,16:30,Flat,62,TCT,122.0,35.3,42.3,77.84,0.2,62.28,0.16,10.2,0.67
2025-05-13,16:45,Flat,62,TCT,83.8,34.8,40.9,78.3,0.13,62.64,0.11,7.1,0.67
2025-05-13,17:00,Flat,62,TCT,45.6,34.3,39.4,78.76,0.07,63.01,0.06,3.9,0.67
2025-05-13,17:15,Flat,62,TCT,34.2,33.7,38.5,79.04,0.05,63.24,0.05,2.9,0.67
2025-05-13,17:30,Flat,62,TCT,22.8,33.1,37.6,79.33,0.04,63.46,0.03,1.9,0.67
2025-05-13,17:45,Flat,62,TCT,11.4,32.4,36.7,79.61,0.02,63.69,0.02,1.0,0.67
2025-05-14,04:45,Flat,62,TCT,5.8,27.4,31.6,81.25,0.01,65.0,0.01,0.5,0.67
2025-05-14,05:00,Flat,62,TCT,7.8,27.4,31.6,81.23,0.01,64.99,0.01,0.7,0.67
2025-05-14,05:15,Flat,62,TCT,41.4,27.6,32.6,80.92,0.07,64.74,0.06,3.6,0.67
2025-05-14,05:30,Flat,62,TCT,75.0,27.7,33.6,80.62,0.12,64.49,0.1,6.5,0.67
2025-05-14,05:45,Flat,62,TCT,108.6,27.8,34.5,80.31,0.17,64.25,0.15,9.3,0.67
2025-05-14,06:00,Flat,62,TCT,142.2,28.0,35.5,80.0,0.23,64.0,0.19,12.2,0.67
2025-05-14,06:15,Flat,62,TCT,197.0,28.2,37.1,79.49,0.31,63.59,0.26,16.8,0.67
2025-05-14,06:30,Flat,62,TCT,251.8,28.4,38.7,78.99,0.4,63.19,0.34,21.3,0.67
2025-05-14,06:45,Flat,62,TCT,306.5,28.6,40.3,78.48,0.49,62.79,0.41,25.8,0.67
2025-05-14,07:00,Flat,62,TCT,361.3,28.9,41.9,77.98,0.58,62.38,0.49,30.3,0.67
2025-05-14,07:15,Flat,62,TCT,416.8,29.2,43.6,77.43,0.67,61.94,0.56,34.8,0.67
2025-05-14,07:30,Flat,62,TCT,472.4,29.5,45.4,76.88,0.76,61.5,0.64,39.2,0.67
2025-05-14,07:45,Flat,62,TCT,527.9,29.9,47.1,76.33,0.85,61.07,0.71,43.6,0.67
2025-05-14,08:00,Flat,62,TCT,583.5,30.2,48.8,75.78,0.94,60.63,0.79,47.9,0.67
2025-05-14,08:15,Flat,62,TCT,620.9,30.6,50.2,75.36,1.01,60.29,0.84,50.8,0.67
2025-05-14,08:30,Flat,62,TCT,658.2,31.0,51.5,74.94,1.07,59.95,0.89,53.6,0.67
2025-05-14,08:45,Flat,62,TCT,695.6,31.4,52.8,74.52,1.13,59.62,0.95,56.4,0.67
2025-05-14,09:00,Flat,62,TCT,732.9,31.8,54.1,74.1,1.19,59.28,1.0,59.1,0.67
2025-05-14,09:15,Flat,62,TCT,752.0,32.1,54.9,73.86,1.22,59.09,1.02,60.5,0.67
2025-05-14,09:30,Flat,62,TCT,771.0,32.4,55.7,73.61,1.26,58.89,1.05,61.9,0.67
2025-05-14,09:45,Flat,62,TCT,790.0,32.7,56.5,73.37,1.29,58.69,1.08,63.3,0.67
2025-05-14,10:00,Flat,62,TCT,809.1,33.0,57.2,73.12,1.32,58.5,1.1,64.6,0.67
2025-05-14,10:15,Flat,62,TCT,803.9,33.2,57.3,73.09,1.31,58.47,1.1,64.2,0.67
2025-05-14,10:30,Flat,62,TCT,798.6,33.5,57.4,73.06,1.3,58.45,1.09,63.7,0.67
2025-05-14,10:45,Flat,62,TCT,793.4,33.7,57.5,73.03,1.29,58.42,1.08,63.3,0.67
2025-05-14,11:00,Flat,62,TCT,788.2,33.9,57.6,72.99,1.29,58.4,1.08,62.9,0.67
2025-05-14,11:15,Flat,62,TCT,743.7,34.1,56.7,73.3,1.21,58.64,1.01,59.5,0.67
2025-05-14,11:30,Flat,62,TCT,699.3,34.2,55.7,73.6,1.14,58.88,0.95,56.1,0.67
2025-05-14,11:45,Flat,62,TCT,654.9,34.4,54.8,73.9,1.07,59.12,0.89,52.7,0.67
2025-05-14,12:00,Flat,62,TCT,610.4,34.6,53.8,74.2,0.99,59.36,0.83,49.3,0.67
2025-05-14,12:15,Flat,62,TCT,602.9,34.6,53.7,74.25,0.98,59.4,0.82,48.7,0.67
2025-05-14,12:30,Flat,62,TCT,595.3,34.6,53.5,74.29,0.97,59.43,0.81,48.1,0.67
2025-05-14,12:45,Flat,62,TCT,587.8,34.7,53.4,74.34,0.95,59.47,0.8,47.6,0.67
2025-05-14,13:00,Flat,62,TCT,580.3,34.7,53.2,74.39,0.94,59.51,0.79,47.0,0.67
2025-05-14,13:15,Flat,62,TCT,555.8,34.7,52.6,74.59,0.9,59.68,0.76,45.1,0.67
2025-05-14,13:30,Flat,62,TCT,531.3,34.6,51.9,74.8,0.86,59.84,0.72,43.2,0.67
2025-05-14,13:45,Flat,62,TCT,506.9,34.6,51.3,75.01,0.82,60.01,0.69,41.3,0.67
2025-05-14,14:00,Flat,62,TCT,482.4,34.5,50.6,75.22,0.78,60.17,0.65,39.4,0.67
2025-05-14,14:15,Flat,62,TCT,419.4,34.4,48.9,75.75,0.68,60.6,0.57,34.4,0.67
2025-05-14,14:30,Flat,62,TCT,356.4,34.3,47.2,76.29,0.58,61.03,0.48,29.4,0.67
2025-05-14,14:45,Flat,62,TCT,293.3,34.2,45.5,76.83,0.47,61.46,0.4,24.3,0.67
2025-05-14,15:00,Flat,62,TCT,230.3,34.1,43.8,77.36,0.37,61.89,0.31,19.2,0.67
2025-05-14,15:15,Flat,62,TCT,201.6,33.9,42.9,77.65,0.32,62.12,0.27,16.9,0.67
2025-05-14,15:30,Flat,62,TCT,172.9,33.7,42.0,77.94,0.28,62.35,0.23,14.5,0.67
2025-05-14,15:45,Flat,62,TCT,144.2,33.5,41.1,78.23,0.23,62.58,0.19,12.1,0.67
2025-05-14,16:00,Flat,62,TCT,115.5,33.3,40.2,78.52,0.19,62.81,0.16,9.7,0.67
2025-05-14,16:15,Flat,62,TCT,93.8,32.9,39.2,78.83,0.15,63.06,0.13,7.9,0.67
2025-05-14,16:30,Flat,62,TCT,72.2,32.4,38.2,79.14,0.12,63.31,0.1,6.1,0.67
2025-05-14,16:45,Flat,62,TCT,50.5,32.0,37.2,79.45,0.08,63.56,0.07,4.3,0.67
2025-05-14,17:00,Flat,62,TCT,28.8,31.5,36.3,79.76,0.05,63.81,0.04,2.5,0.67
2025-05-14,17:15,Flat,62,TCT,21.6,31.1,35.6,79.97,0.03,63.98,0.03,1.8,0.67
2025-05-14,17:30,Flat,62,TCT,14.4,30.6,35.0,80.18,0.02,64.14,0.02,1.2,0.67
2025-05-14,17:45,Flat,62,TCT,7.2,30.1,34.3,80.38,0.01,64.31,0.01,0.6,0.67
2025-05-15,04:45,Flat,62,TCT,6.0,25.9,30.0,81.74,0.01,65.39,0.01,0.5,0.67
2025-05-15,05:00,Flat,62,TCT,8.0,25.8,30.0,81.73,0.01,65.39,0.01,0.7,0.67
2025-05-15,05:15,Flat,62,TCT,37.3,26.1,31.0,81.42,0.06,65.14,0.05,3.2,0.67
2025-05-15,05:30,Flat,62,TCT,66.6,26.4,32.0,81.11,0.11,64.89,0.09,5.8,0.67
2025-05-15,05:45,Flat,62,TCT,95.9,26.6,33.0,80.79,0.15,64.64,0.13,8.3,0.67
2025-05-15,06:00,Flat,62,TCT,125.2,26.9,34.0,80.48,0.2,64.39,0.17,10.8,0.67
2025-05-15,06:15,Flat,62,TCT,170.8,27.2,35.5,80.01,0.27,64.01,0.23,14.6,0.67
2025-05-15,06:30,Flat,62,TCT,216.4,27.5,37.0,79.54,0.35,63.63,0.29,18.4,0.67
2025-05-15,06:45,Flat,62,TCT,262.1,27.9,38.4,79.07,0.42,63.26,0.35,22.2,0.67
2025-05-15,07:00,Flat,62,TCT,307.7,28.2,39.9,78.6,0.49,62.88,0.41,26.0,0.67
2025-05-15,07:15,Flat,62,TCT,354.7,28.8,41.7,78.05,0.57,62.44,0.48,29.8,0.67
2025-05-15,07:30,Flat,62,TCT,401.6,29.3,43.4,77.51,0.65,62.01,0.54,33.5,0.67
2025-05-15,07:45,Flat,62,TCT,448.5,29.9,45.1,76.96,0.72,61.57,0.61,37.3,0.67
2025-05-15,08:00,Flat,62,TCT,495.5,30.4,46.8,76.42,0.8,61.13,0.67,40.9,0.67
2025-05-15,08:15,Flat,62,TCT,548.0,31.0,48.7,75.83,0.89,60.67,0.74,45.0,0.67
2025-05-15,08:30,Flat,62,TCT,600.6,31.5,50.5,75.25,0.97,60.2,0.81,49.0,0.67
2025-05-15,08:45,Flat,62,TCT,653.1,32.0,52.4,74.66,1.06,59.73,0.89,53.0,0.67
2025-05-15,09:00,Flat,62,TCT,705.7,32.6,54.2,74.08,1.15,59.26,0.96,56.9,0.67
2025-05-15,09:15,Flat,62,TCT,733.6,33.0,55.3,73.73,1.19,58.98,1.0,59.0,0.67
2025-05-15,09:30,Flat,62,TCT,761.5,33.4,56.4,73.38,1.24,58.71,1.04,61.0,0.67
2025-05-15,09:45,Flat,62,TCT,789.4,33.8,57.5,73.04,1.29,58.43,1.08,63.0,0.67
2025-05-15,10:00,Flat,62,TCT,817.4,34.2,58.6,72.69,1.33,58.15,1.12,65.0,0.67
2025-05-15,10:15,Flat,62,TCT,837.1,34.6,59.5,72.4,1.37,57.92,1.15,66.3,0.67
2025-05-15,10:30,Flat,62,TCT,856.8,35.0,60.4,72.12,1.4,57.7,1.17,67.7,0.67
2025-05-15,10:45,Flat,62,TCT,876.5,35.4,61.3,71.84,1.43,57.47,1.2,69.0,0.67
2025-05-15,11:00,Flat,62,TCT,896.2,35.8,62.2,71.55,1.47,57.24,1.23,70.4,0.67
2025-05-15,11:15,Flat,62,TCT,881.6,36.0,62.0,71.6,1.44,57.28,1.21,69.3,0.67
2025-05-15,11:30,Flat,62,TCT,867.1,36.2,61.9,71.64,1.42,57.31,1.19,68.2,0.67
2025-05-15,11:45,Flat,62,TCT,852.5,36.5,61.8,71.68,1.4,57.35,1.17,67.0,0.67
2025-05-15,12:00,Flat,62,TCT,838.0,36.7,61.6,71.73,1.37,57.38,1.15,65.9,0.67
2025-05-15,12:15,Flat,62,TCT,773.6,36.8,60.1,72.21,1.26,57.77,1.06,61.2,0.67
2025-05-15,12:30,Flat,62,TCT,709.2,36.8,58.6,72.69,1.16,58.16,0.97,56.4,0.67
2025-05-15,12:45,Flat,62,TCT,644.9,36.9,57.1,73.18,1.05,58.54,0.88,51.5,0.67
2025-05-15,13:00,Flat,62,TCT,580.5,37.0,55.5,73.66,0.94,58.93,0.79,46.6,0.67
2025-05-15,13:15,Flat,62,TCT,541.5,36.9,54.4,74.01,0.88,59.2,0.74,43.7,0.67
2025-05-15,13:30,Flat,62,TCT,502.5,36.8,53.4,74.35,0.82,59.48,0.68,40.7,0.67
2025-05-15,13:45,Flat,62,TCT,463.5,36.7,52.3,74.69,0.75,59.75,0.63,37.6,0.67
2025-05-15,14:00,Flat,62,TCT,424.5,36.6,51.2,75.03,0.69,60.03,0.58,34.6,0.67
2025-05-15,14:15,Flat,62,TCT,361.5,36.4,49.4,75.59,0.58,60.47,0.49,29.6,0.67
2025-05-15,14:30,Flat,62,TCT,298.6,36.2,47.7,76.14,0.48,60.91,0.4,24.6,0.67
2025-05-15,14:45,Flat,62,TCT,235.6,36.1,46.0,76.69,0.38,61.35,0.32,19.5,0.67
2025-05-15,15:00,Flat,62,TCT,172.6,35.9,44.2,77.24,0.28,61.79,0.23,14.4,0.67
2025-05-15,15:15,Flat,62,TCT,150.2,35.6,43.3,77.52,0.24,62.02,0.2,12.5,0.67
2025-05-15,15:30,Flat,62,TCT,127.7,35.3,42.5,77.8,0.21,62.24,0.17,10.7,0.67
2025-05-15,15:45,Flat,62,TCT,105.3,35.0,41.6,78.07,0.17,62.46,0.14,8.8,0.67
2025-05-15,16:00,Flat,62,TCT,82.8,34.6,40.7,78.35,0.13,62.68,0.11,7.0,0.67
2025-05-15,16:15,Flat,62,TCT,65.6,34.0,39.7,78.68,0.11,62.94,0.09,5.5,0.67
2025-05-15,16:30,Flat,62,TCT,48.5,33.4,38.6,79.01,0.08,63.21,0.06,4.1,0.67
2025-05-15,16:45,Flat,62,TCT,31.3,32.8,37.6,79.34,0.05,63.47,0.04,2.7,0.67
2025-05-15,17:00,Flat,62,TCT,14.1,32.2,36.6,79.66,0.02,63.73,0.02,1.2,0.67
2025-05-15,17:15,Flat,62,TCT,10.6,31.7,35.9,79.86,0.02,63.89,0.01,0.9,0.67
2025-05-15,17:30,Flat,62,TCT,7.1,31.1,35.3,80.06,0.01,64.05,0.01,0.6,0.67
2025-05-16,04:45,Flat,62,TCT,5.7,26.5,30.6,81.55,0.01,65.24,0.01,0.5,0.67
2025-05-16,05:00,Flat,62,TCT,7.5,26.4,30.6,81.55,0.01,65.24,0.01,0.7,0.67
2025-05-16,05:15,Flat,62,TCT,39.0,26.6,31.6,81.23,0.06,64.99,0.05,3.4,0.67
2025-05-16,05:30,Flat,62,TCT,70.5,26.8,32.6,80.92,0.11,64.74,0.09,6.1,0.67
2025-05-16,05:45,Flat,62,TCT,102.0,27.0,33.6,80.61,0.16,64.49,0.14,8.8,0.67
2025-05-16,06:00,Flat,62,TCT,133.4,27.2,34.6,80.29,0.21,64.23,0.18,11.4,0.67
2025-05-16,06:15,Flat,62,TCT,185.0,27.5,36.1,79.8,0.3,63.84,0.25,15.8,0.67
2025-05-16,06:30,Flat,62,TCT,236.6,27.8,37.7,79.31,0.38,63.44,0.32,20.1,0.67
2025-05-16,06:45,Flat,62,TCT,288.1,28.1,39.3,78.81,0.46,63.05,0.39,24.4,0.67
2025-05-16,07:00,Flat,62,TCT,339.7,28.3,40.8,78.32,0.54,62.65,0.46,28.6,0.67
2025-05-16,07:15,Flat,62,TCT,395.0,28.7,42.6,77.77,0.63,62.21,0.53,33.1,0.67
2025-05-16,07:30,Flat,62,TCT,450.4,29.0,44.3,77.22,0.73,61.77,0.61,37.5,0.67
2025-05-16,07:45,Flat,62,TCT,505.8,29.4,46.0,76.67,0.82,61.33,0.68,41.9,0.67
2025-05-16,08:00,Flat,62,TCT,561.1,29.7,47.8,76.12,0.91,60.89,0.76,46.2,0.67
2025-05-16,08:15,Flat,62,TCT,593.0,30.2,49.0,75.74,0.96,60.59,0.8,48.7,0.67
2025-05-16,08:30,Flat,62,TCT,624.8,30.6,50.2,75.35,1.01,60.28,0.85,51.1,0.67
2025-05-16,08:45,Flat,62,TCT,656.5,31.0,51.4,74.97,1.06,59.98,0.89,53.5,0.67
2025-05-16,09:00,Flat,62,TCT,688.4,31.4,52.6,74.59,1.12,59.67,0.94,55.8,0.67
2025-05-16,09:15,Flat,62,TCT,711.2,31.9,53.7,74.25,1.16,59.4,0.97,57.5,0.67
2025-05-16,09:30,Flat,62,TCT,734.0,32.3,54.7,73.92,1.19,59.14,1.0,59.1,0.67
2025-05-16,09:45,Flat,62,TCT,756.8,32.8,55.7,73.59,1.23,58.87,1.03,60.7,0.67
2025-05-16,10:00,Flat,62,TCT,779.6,33.3,56.8,73.26,1.27,58.61,1.06,62.4,0.67
2025-05-16,10:15,Flat,62,TCT,790.6,33.7,57.4,73.06,1.29,58.44,1.08,63.1,0.67
2025-05-16,10:30,Flat,62,TCT,801.6,34.1,58.1,72.85,1.31,58.28,1.1,63.8,0.67
2025-05-16,10:45,Flat,62,TCT,812.5,34.4,58.7,72.64,1.33,58.11,1.11,64.6,0.67
2025-05-16,11:00,Flat,62,TCT,823.5,34.8,59.4,72.44,1.35,57.95,1.13,65.3,0.67
2025-05-16,11:15,Flat,62,TCT,819.6,35.1,59.5,72.39,1.34,57.91,1.12,64.9,0.67
2025-05-16,11:30,Flat,62,TCT,815.7,35.3,59.7,72.34,1.33,57.87,1.12,64.6,0.67
2025-05-16,11:45,Flat,62,TCT,811.8,35.6,59.8,72.29,1.33,57.84,1.11,64.3,0.67
2025-05-16,12:00,Flat,62,TCT,807.9,35.8,60.0,72.25,1.32,57.8,1.11,63.9,0.67
2025-05-16,12:15,Flat,62,TCT,771.1,35.9,59.2,72.5,1.26,58.0,1.05,61.2,0.67
2025-05-16,12:30,Flat,62,TCT,734.4,36.0,58.4,72.76,1.2,58.21,1.0,58.4,0.67
2025-05-16,12:45,Flat,62,TCT,697.7,36.1,57.6,73.02,1.14,58.42,0.95,55.7,0.67
2025-05-16,13:00,Flat,62,TCT,661.0,36.2,56.7,73.28,1.08,58.62,0.9,52.9,0.67
2025-05-16,13:15,Flat,62,TCT,626.6,36.2,55.8,73.57,1.02,58.85,0.85,50.3,0.67
2025-05-16,13:30,Flat,62,TCT,592.2,36.1,54.9,73.85,0.96,59.08,0.81,47.7,0.67
2025-05-16,13:45,Flat,62,TCT,557.8,36.1,54.0,74.14,0.91,59.31,0.76,45.0,0.67
2025-05-16,14:00,Flat,62,TCT,523.4,36.0,53.1,74.43,0.85,59.55,0.71,42.4,0.67
2025-05-16,14:15,Flat,62,TCT,471.3,35.8,51.6,74.91,0.76,59.93,0.64,38.3,0.67
2025-05-16,14:30,Flat,62,TCT,419.1,35.6,50.1,75.38,0.68,60.31,0.57,34.3,0.67
2025-05-16,14:45,Flat,62,TCT,367.0,35.4,48.6,75.86,0.59,60.69,0.5,30.2,0.67
2025-05-16,15:00,Flat,62,TCT,314.9,35.2,47.1,76.33,0.51,61.07,0.43,26.0,0.67
2025-05-16,15:15,Flat,62,TCT,271.1,34.9,45.7,76.77,0.44,61.42,0.37,22.5,0.67
2025-05-16,15:30,Flat,62,TCT,227.3,34.6,44.3,77.21,0.37,61.77,0.31,18.9,0.67
2025-05-16,15:45,Flat,62,TCT,183.6,34.3,42.9,77.65,0.3,62.12,0.25,15.4,0.67
2025-05-16,16:00,Flat,62,TCT,139.8,34.0,41.5,78.1,0.22,62.48,0.19,11.7,0.67
2025-05-16,16:15,Flat,62,TCT,112.0,33.5,40.3,78.48,0.18,62.78,0.15,9.4,0.67
2025-05-16,16:30,Flat,62,TCT,84.1,33.0,39.1,78.86,0.13,63.09,0.11,7.1,0.67
2025-05-16,16:45,Flat,62,TCT,56.3,32.5,37.9,79.25,0.09,63.4,0.08,4.8,0.67
2025-05-16,17:00,Flat,62,TCT,28.4,32.0,36.7,79.63,0.05,63.71,0.04,2.4,0.67
2025-05-16,17:15,Flat,62,TCT,21.3,31.6,36.1,79.81,0.03,63.85,0.03,1.8,0.67
2025-05-16,17:30,Flat,62,TCT,14.2,31.2,35.5,79.99,0.02,63.99,0.02,1.2,0.67
2025-05-16,17:45,Flat,62,TCT,7.1,30.8,35.0,80.17,0.01,64.14,0.01,0.6,0.67
2025-05-17,05:15,Flat,62,TCT,19.7,26.5,31.0,81.42,0.03,65.13,0.03,1.7,0.67
2025-05-17,05:30,Flat,62,TCT,34.8,26.6,31.5,81.27,0.06,65.02,0.05,3.0,0.67
2025-05-17,05:45,Flat,62,TCT,49.8,26.7,31.9,81.13,0.08,64.91,0.07,4.3,0.67
2025-05-17,06:00,Flat,62,TCT,64.8,26.8,32.4,80.99,0.1,64.79,0.09,5.6,0.67
2025-05-17,06:15,Flat,62,TCT,87.2,26.9,33.1,80.78,0.14,64.62,0.12,7.5,0.67
2025-05-17,06:30,Flat,62,TCT,109.6,27.0,33.7,80.57,0.17,64.45,0.15,9.4,0.67
2025-05-17,06:45,Flat,62,TCT,132.0,27.1,34.4,80.35,0.21,64.28,0.18,11.3,0.67
2025-05-17,07:00,Flat,62,TCT,154.3,27.2,35.1,80.14,0.25,64.11,0.21,13.2,0.67
2025-05-17,07:15,Flat,62,TCT,152.0,27.4,35.2,80.09,0.24,64.07,0.2,13.0,0.67
2025-05-17,07:30,Flat,62,TCT,149.6,27.6,35.4,80.04,0.24,64.03,0.2,12.8,0.67
2025-05-17,07:45,Flat,62,TCT,147.2,27.9,35.5,79.99,0.24,63.99,0.2,12.6,0.67
2025-05-17,08:00,Flat,62,TCT,144.9,28.1,35.7,79.94,0.23,63.95,0.19,12.4,0.67
2025-05-17,08:15,Flat,62,TCT,175.8,28.4,36.8,79.59,0.28,63.67,0.24,15.0,0.67
2025-05-17,08:30,Flat,62,TCT,206.8,28.7,37.9,79.25,0.33,63.4,0.28,17.6,0.67
2025-05-17,08:45,Flat,62,TCT,237.7,29.1,39.0,78.9,0.38,63.12,0.32,20.1,0.67
2025-05-17,09:00,Flat,62,TCT,268.7,29.4,40.1,78.55,0.43,62.84,0.36,22.7,0.67
2025-05-17,09:15,Flat,62,TCT,319.5,29.7,41.7,78.04,0.51,62.43,0.43,26.8,0.67
2025-05-17,09:30,Flat,62,TCT,370.3,30.1,43.3,77.53,0.6,62.02,0.5,30.9,0.67
2025-05-17,09:45,Flat,62,TCT,421.1,30.4,44.9,77.02,0.68,61.62,0.57,35.0,0.67
2025-05-17,10:00,Flat,62,TCT,471.9,30.7,46.5,76.51,0.76,61.21,0.64,39.0,0.67
2025-05-17,10:15,Flat,62,TCT,489.9,30.9,47.2,76.31,0.79,61.04,0.66,40.4,0.67
2025-05-17,10:30,Flat,62,TCT,507.9,31.1,47.8,76.1,0.82,60.88,0.69,41.8,0.67
2025-05-17,10:45,Flat,62,TCT,525.9,31.3,48.5,75.89,0.85,60.72,0.71,43.2,0.67
2025-05-17,11:00,Flat,62,TCT,543.9,31.5,49.1,75.69,0.88,60.55,0.74,44.6,0.67
2025-05-17,11:15,Flat,62,TCT,534.5,31.6,49.0,75.74,0.86,60.59,0.72,43.9,0.67
2025-05-17,11:30,Flat,62,TCT,525.1,31.7,48.8,75.79,0.85,60.63,0.71,43.1,0.67
2025-05-17,11:45,Flat,62,TCT,515.8,31.8,48.7,75.84,0.83,60.67,0.7,42.4,0.67
2025-05-17,12:00,Flat,62,TCT,506.4,31.8,48.5,75.89,0.82,60.71,0.69,41.6,0.67
2025-05-17,12:15,Flat,62,TCT,496.5,31.9,48.3,75.96,0.8,60.76,0.67,40.8,0.67
2025-05-17,12:30,Flat,62,TCT,486.7,31.9,48.1,76.03,0.79,60.82,0.66,40.1,0.67
2025-05-17,12:45,Flat,62,TCT,476.8,31.9,47.8,76.09,0.77,60.88,0.65,39.3,0.67
2025-05-17,13:00,Flat,62,TCT,467.0,31.9,47.6,76.16,0.75,60.93,0.63,38.5,0.67
2025-05-17,13:15,Flat,62,TCT,439.3,32.0,47.0,76.37,0.71,61.1,0.59,36.3,0.67
2025-05-17,13:30,Flat,62,TCT,411.7,32.0,46.3,76.58,0.66,61.26,0.56,34.1,0.67
2025-05-17,13:45,Flat,62,TCT,384.0,32.1,45.7,76.79,0.62,61.43,0.52,31.8,0.67
2025-05-17,14:00,Flat,62,TCT,356.4,32.1,45.0,77.0,0.57,61.6,0.48,29.6,0.67
2025-05-17,14:15,Flat,62,TCT,349.3,32.1,44.8,77.06,0.56,61.65,0.47,29.0,0.67
2025-05-17,14:30,Flat,62,TCT,342.3,32.0,44.6,77.13,0.55,61.7,0.46,28.5,0.67
2025-05-17,14:45,Flat,62,TCT,335.3,32.0,44.4,77.2,0.54,61.76,0.45,27.9,0.67
2025-05-17,15:00,Flat,62,TCT,328.3,31.9,44.2,77.26,0.53,61.81,0.44,27.4,0.67
2025-05-17,15:15,Flat,62,TCT,289.6,31.8,43.0,77.63,0.47,62.1,0.39,24.2,0.67
2025-05-17,15:30,Flat,62,TCT,250.9,31.6,41.9,77.99,0.4,62.39,0.34,21.1,0.67
2025-05-17,15:45,Flat,62,TCT,212.2,31.4,40.7,78.35,0.34,62.68,0.29,17.9,0.67
2025-05-17,16:00,Flat,62,TCT,173.5,31.2,39.6,78.72,0.28,62.97,0.23,14.7,0.67
2025-05-17,16:15,Flat,62,TCT,139.9,30.8,38.3,79.12,0.22,63.29,0.19,11.9,0.67
2025-05-17,16:30,Flat,62,TCT,106.3,30.4,37.0,79.52,0.17,63.61,0.14,9.0,0.67
2025-05-17,16:45,Flat,62,TCT,72.7,30.0,35.8,79.91,0.12,63.93,0.1,6.2,0.67
2025-05-17,17:00,Flat,62,TCT,39.0,29.5,34.5,80.31,0.06,64.25,0.05,3.4,0.67
2025-05-17,17:15,Flat,62,TCT,29.3,29.2,33.9,80.51,0.05,64.41,0.04,2.5,0.67
2025-05-17,17:30,Flat,62,TCT,19.5,28.8,33.3,80.71,0.03,64.57,0.03,1.7,0.67
2025-05-17,17:45,Flat,62,TCT,9.8,28.4,32.7,80.91,0.02,64.72,0.01,0.8,0.67
2025-05-18,05:15,Flat,62,TCT,27.0,25.6,30.2,81.67,0.04,65.33,0.04,2.3,0.67
2025-05-18,05:30,Flat,62,TCT,49.1,25.8,31.0,81.43,0.08,65.14,0.07,4.3,0.67
2025-05-18,05:45,Flat,62,TCT,71.2,26.0,31.8,81.19,0.11,64.95,0.09,6.2,0.67
2025-05-18,06:00,Flat,62,TCT,93.2,26.2,32.5,80.95,0.15,64.76,0.12,8.0,0.67
2025-05-18,06:15,Flat,62,TCT,128.1,26.6,33.8,80.55,0.2,64.44,0.17,11.0,0.67
2025-05-18,06:30,Flat,62,TCT,162.9,27.0,35.1,80.14,0.26,64.11,0.22,14.0,0.67
2025-05-18,06:45,Flat,62,TCT,197.7,27.4,36.3,79.74,0.32,63.79,0.26,16.9,0.67
2025-05-18,07:00,Flat,62,TCT,232.6,27.8,37.6,79.33,0.37,63.46,0.31,19.8,0.67
2025-05-18,07:15,Flat,62,TCT,270.4,28.4,39.1,78.85,0.43,63.08,0.36,22.9,0.67
2025-05-18,07:30,Flat,62,TCT,308.3,28.9,40.6,78.37,0.49,62.7,0.41,26.0,0.67
2025-05-18,07:45,Flat,62,TCT,346.1,29.5,42.2,77.9,0.56,62.32,0.47,29.0,0.67
2025-05-18,08:00,Flat,62,TCT,383.9,30.1,43.7,77.42,0.62,61.93,0.52,32.0,0.67
2025-05-18,08:15,Flat,62,TCT,419.6,30.6,45.0,76.98,0.68,61.59,0.57,34.9,0.67
2025-05-18,08:30,Flat,62,TCT,455.2,31.0,46.4,76.55,0.73,61.24,0.62,37.7,0.67
2025-05-18,08:45,Flat,62,TCT,490.9,31.5,47.8,76.11,0.79,60.89,0.66,40.4,0.67
2025-05-18,09:00,Flat,62,TCT,526.5,32.0,49.2,75.68,0.85,60.54,0.71,43.2,0.67
2025-05-18,09:15,Flat,62,TCT,557.3,32.2,50.2,75.36,0.9,60.29,0.76,45.6,0.67
2025-05-18,09:30,Flat,62,TCT,588.1,32.5,51.2,75.04,0.95,60.03,0.8,47.9,0.67
2025-05-18,09:45,Flat,62,TCT,618.9,32.7,52.2,74.72,1.0,59.78,0.84,50.3,0.67
2025-05-18,10:00,Flat,62,TCT,649.6,33.0,53.2,74.4,1.05,59.52,0.88,52.6,0.67
2025-05-18,10:15,Flat,62,TCT,687.7,33.0,54.2,74.08,1.12,59.26,0.94,55.5,0.67
2025-05-18,10:30,Flat,62,TCT,725.7,33.1,55.2,73.75,1.18,59.0,0.99,58.4,0.67
2025-05-18,10:45,Flat,62,TCT,763.8,33.2,56.3,73.43,1.24,58.75,1.04,61.2,0.67
2025-05-18,11:00,Flat,62,TCT,801.8,33.2,57.3,73.11,1.31,58.49,1.09,64.0,0.67
2025-05-18,11:15,Flat,62,TCT,799.5,33.2,57.2,73.12,1.3,58.5,1.09,63.9,0.67
2025-05-18,11:30,Flat,62,TCT,797.2,33.2,57.2,73.14,1.3,58.51,1.09,63.7,0.67
2025-05-18,11:45,Flat,62,TCT,794.9,33.3,57.1,73.16,1.3,58.52,1.09,63.5,0.67
2025-05-18,12:00,Flat,62,TCT,792.6,33.3,57.1,73.17,1.29,58.54,1.08,63.3,0.67
2025-05-18,12:15,Flat,62,TCT,742.9,33.2,55.8,73.58,1.21,58.86,1.01,59.6,0.67
2025-05-18,12:30,Flat,62,TCT,693.1,33.2,54.5,73.98,1.13,59.19,0.94,55.9,0.67
2025-05-18,12:45,Flat,62,TCT,643.3,33.1,53.2,74.39,1.04,59.51,0.87,52.1,0.67
2025-05-18,13:00,Flat,62,TCT,593.5,33.1,51.9,74.79,0.96,59.84,0.81,48.2,0.67
2025-05-18,13:15,Flat,62,TCT,526.6,33.0,50.2,75.34,0.85,60.28,0.71,43.0,0.67
2025-05-18,13:30,Flat,62,TCT,459.6,33.0,48.5,75.89,0.74,60.71,0.62,37.8,0.67
2025-05-18,13:45,Flat,62,TCT,392.7,32.9,46.7,76.44,0.63,61.15,0.53,32.5,0.67
2025-05-18,14:00,Flat,62,TCT,325.7,32.9,45.0,76.99,0.52,61.59,0.44,27.1,0.67
2025-05-18,14:15,Flat,62,TCT,311.9,32.8,44.6,77.13,0.5,61.7,0.42,26.0,0.67
2025-05-18,14:30,Flat,62,TCT,298.0,32.7,44.2,77.26,0.48,61.81,0.4,24.8,0.67
2025-05-18,14:45,Flat,62,TCT,284.2,32.6,43.7,77.39,0.46,61.91,0.38,23.7,0.67
2025-05-18,15:00,Flat,62,TCT,270.4,32.6,43.3,77.53,0.43,62.02,0.36,22.6,0.67
2025-05-18,15:15,Flat,62,TCT,241.3,32.4,42.5,77.79,0.39,62.24,0.32,20.2,0.67
2025-05-18,15:30,Flat,62,TCT,212.1,32.3,41.6,78.06,0.34,62.45,0.29,17.8,0.67
2025-05-18,15:45,Flat,62,TCT,183.0,32.2,40.8,78.33,0.29,62.66,0.25,15.4,0.67
2025-05-18,16:00,Flat,62,TCT,153.9,32.1,39.9,78.6,0.25,62.88,0.21,13.0,0.67
2025-05-18,16:15,Flat,62,TCT,124.9,31.9,39.0,78.89,0.2,63.11,0.17,10.6,0.67
2025-05-18,16:30,Flat,62,TCT,95.9,31.7,38.1,79.19,0.15,63.35,0.13,8.1,0.67
2025-05-18,16:45,Flat,62,TCT,66.9,31.4,37.1,79.49,0.11,63.59,0.09,5.7,0.67
2025-05-18,17:00,Flat,62,TCT,38.0,31.2,36.2,79.79,0.06,63.83,0.05,3.2,0.67
2025-05-18,17:15,Flat,62,TCT,28.5,30.9,35.6,79.97,0.05,63.97,0.04,2.4,0.67
2025-05-18,17:30,Flat,62,TCT,19.0,30.6,35.0,80.15,0.03,64.12,0.03,1.6,0.67
2025-05-18,17:45,Flat,62,TCT,9.5,30.2,34.5,80.33,0.02,64.26,0.01,0.8,0.67
2025-05-19,05:15,Flat,62,TCT,22.7,26.5,31.0,81.42,0.04,65.14,0.03,2.0,0.67
2025-05-19,05:30,Flat,62,TCT,41.9,26.6,31.7,81.21,0.07,64.97,0.06,3.6,0.67
2025-05-19,05:45,Flat,62,TCT,61.0,26.8,32.3,81.0,0.1,64.8,0.08,5.3,0.67
2025-05-19,06:00,Flat,62,TCT,80.2,27.0,33.0,80.79,0.13,64.63,0.11,6.9,0.67
2025-05-19,06:15,Flat,62,TCT,110.1,27.5,34.2,80.4,0.18,64.32,0.15,9.4,0.67
2025-05-19,06:30,Flat,62,TCT,140.0,28.0,35.5,80.01,0.22,64.01,0.19,12.0,0.67
2025-05-19,06:45,Flat,62,TCT,169.9,28.5,36.7,79.62,0.27,63.69,0.23,14.5,0.67
2025-05-19,07:00,Flat,62,TCT,199.8,29.0,38.0,79.23,0.32,63.38,0.27,17.0,0.67
2025-05-19,07:15,Flat,62,TCT,237.6,29.5,39.4,78.76,0.38,63.01,0.32,20.1,0.67
2025-05-19,07:30,Flat,62,TCT,275.4,30.0,40.9,78.29,0.44,62.63,0.37,23.2,0.67
2025-05-19,07:45,Flat,62,TCT,313.2,30.5,42.4,77.83,0.5,62.26,0.42,26.2,0.67
2025-05-19,08:00,Flat,62,TCT,351.0,31.1,43.8,77.36,0.56,61.89,0.47,29.3,0.67
2025-05-19,08:15,Flat,62,TCT,388.9,31.5,45.2,76.92,0.63,61.53,0.52,32.3,0.67
2025-05-19,08:30,Flat,62,TCT,426.8,32.0,46.6,76.47,0.69,61.18,0.58,35.3,0.67
2025-05-19,08:45,Flat,62,TCT,464.8,32.4,48.0,76.03,0.75,60.82,0.63,38.3,0.67
2025-05-19,09:00,Flat,62,TCT,502.7,32.9,49.4,75.59,0.81,60.47,0.68,41.2,0.67
2025-05-19,09:15,Flat,62,TCT,555.0,33.2,51.1,75.07,0.9,60.05,0.75,45.2,0.67
2025-05-19,09:30,Flat,62,TCT,607.4,33.5,52.7,74.55,0.99,59.64,0.83,49.2,0.67
2025-05-19,09:45,Flat,62,TCT,659.7,33.9,54.4,74.03,1.07,59.22,0.9,53.2,0.67
2025-05-19,10:00,Flat,62,TCT,712.0,34.2,56.0,73.51,1.16,58.81,0.97,57.1,0.67
2025-05-19,10:15,Flat,62,TCT,724.4,34.4,56.5,73.34,1.18,58.67,0.99,58.0,0.67
2025-05-19,10:30,Flat,62,TCT,736.8,34.6,57.1,73.17,1.2,58.54,1.01,58.9,0.67
2025-05-19,10:45,Flat,62,TCT,749.2,34.9,57.6,73.01,1.22,58.41,1.02,59.8,0.67
2025-05-19,11:00,Flat,62,TCT,761.5,35.1,58.1,72.84,1.24,58.27,1.04,60.6,0.67
2025-05-19,11:15,Flat,62,TCT,737.5,35.2,57.6,72.99,1.2,58.4,1.01,58.8,0.67
2025-05-19,11:30,Flat,62,TCT,713.5,35.3,57.1,73.15,1.16,58.52,0.97,57.0,0.67
2025-05-19,11:45,Flat,62,TCT,689.5,35.4,56.6,73.31,1.12,58.65,0.94,55.2,0.67
2025-05-19,12:00,Flat,62,TCT,665.5,35.5,56.1,73.47,1.08,58.77,0.91,53.3,0.67
2025-05-19,12:15,Flat,62,TCT,613.8,35.5,54.9,73.88,1.0,59.1,0.84,49.4,0.67
2025-05-19,12:30,Flat,62,TCT,562.1,35.5,53.6,74.29,0.91,59.43,0.76,45.4,0.67
2025-05-19,12:45,Flat,62,TCT,510.5,35.5,52.3,74.69,0.83,59.76,0.69,41.4,0.67
2025-05-19,13:00,Flat,62,TCT,458.8,35.5,51.0,75.1,0.74,60.08,0.62,37.4,0.67
2025-05-19,13:15,Flat,62,TCT,424.1,35.3,49.9,75.45,0.69,60.36,0.57,34.7,0.67
2025-05-19,13:30,Flat,62,TCT,389.4,35.1,48.8,75.79,0.63,60.63,0.53,32.0,0.67
2025-05-19,13:45,Flat,62,TCT,354.6,34.9,47.7,76.13,0.57,60.9,0.48,29.2,0.67
2025-05-19,14:00,Flat,62,TCT,319.9,34.7,46.7,76.47,0.52,61.18,0.43,26.4,0.67
2025-05-19,14:15,Flat,62,TCT,265.1,34.4,45.0,76.98,0.43,61.59,0.36,22.0,0.67
2025-05-19,14:30,Flat,62,TCT,210.2,34.2,43.4,77.5,0.34,62.0,0.28,17.6,0.67
2025-05-19,14:45,Flat,62,TCT,155.4,33.9,41.8,78.01,0.25,62.41,0.21,13.0,0.67
2025-05-19,15:00,Flat,62,TCT,100.5,33.7,40.2,78.52,0.16,62.82,0.14,8.5,0.67
2025-05-19,15:15,Flat,62,TCT,92.2,33.3,39.6,78.69,0.15,62.96,0.12,7.8,0.67
2025-05-19,15:30,Flat,62,TCT,83.9,33.0,39.1,78.87,0.13,63.09,0.11,7.1,0.67
2025-05-19,15:45,Flat,62,TCT,75.6,32.6,38.5,79.04,0.12,63.23,0.1,6.4,0.67
2025-05-19,16:00,Flat,62,TCT,67.3,32.3,38.0,79.22,0.11,63.37,0.09,5.7,0.67
2025-05-19,16:15,Flat,62,TCT,54.3,31.8,37.2,79.48,0.09,63.58,0.07,4.6,0.67
2025-05-19,16:30,Flat,62,TCT,41.3,31.3,36.3,79.74,0.07,63.8,0.06,3.5,0.67
2025-05-19,16:45,Flat,62,TCT,28.3,30.8,35.5,80.01,0.05,64.01,0.04,2.4,0.67
2025-05-19,17:00,Flat,62,TCT,15.3,30.3,34.7,80.27,0.02,64.22,0.02,1.3,0.67
2025-05-19,17:15,Flat,62,TCT,11.5,29.8,34.1,80.45,0.02,64.36,0.02,1.0,0.67
2025-05-19,17:30,Flat,62,TCT,7.7,29.3,33.5,80.63,0.01,64.51,0.01,0.7,0.67
2025-05-20,04:45,Flat,62,TCT,5.0,25.5,29.6,81.86,0.01,65.49,0.01,0.4,0.67
2025-05-20,05:00,Flat,62,TCT,6.7,25.5,29.7,81.85,0.01,65.48,0.01,0.6,0.67
2025-05-20,05:15,Flat,62,TCT,35.3,25.7,30.6,81.55,0.06,65.24,0.05,3.1,0.67
2025-05-20,05:30,Flat,62,TCT,63.9,26.0,31.6,81.25,0.1,65.0,0.09,5.5,0.67
2025-05-20,05:45,Flat,62,TCT,92.4,26.2,32.5,80.96,0.15,64.77,0.12,8.0,0.67
2025-05-20,06:00,Flat,62,TCT,121.0,26.4,33.4,80.66,0.19,64.53,0.16,10.4,0.67
2025-05-20,06:15,Flat,62,TCT,158.8,26.7,34.7,80.26,0.25,64.21,0.21,13.6,0.67
2025-05-20,06:30,Flat,62,TCT,196.7,27.0,36.0,79.86,0.31,63.89,0.26,16.8,0.67
2025-05-20,06:45,Flat,62,TCT,234.5,27.4,37.2,79.46,0.37,63.56,0.31,20.0,0.67
2025-05-20,07:00,Flat,62,TCT,272.4,27.7,38.5,79.05,0.44,63.24,0.37,23.1,0.67
2025-05-20,07:15,Flat,62,TCT,312.8,28.1,40.0,78.59,0.5,62.87,0.42,26.4,0.67
2025-05-20,07:30,Flat,62,TCT,353.2,28.6,41.4,78.13,0.57,62.5,0.47,29.7,0.67
2025-05-20,07:45,Flat,62,TCT,393.7,29.0,42.9,77.67,0.63,62.13,0.53,32.9,0.67
2025-05-20,08:00,Flat,62,TCT,434.1,29.5,44.3,77.2,0.7,61.76,0.59,36.1,0.67
2025-05-20,08:15,Flat,62,TCT,455.9,29.9,45.3,76.91,0.73,61.53,0.62,37.9,0.67
2025-05-20,08:30,Flat,62,TCT,477.7,30.3,46.2,76.61,0.77,61.29,0.65,39.5,0.67
2025-05-20,08:45,Flat,62,TCT,499.5,30.7,47.1,76.32,0.81,61.05,0.68,41.2,0.67
2025-05-20,09:00,Flat,62,TCT,521.4,31.0,48.1,76.02,0.84,60.82,0.71,42.9,0.67
2025-05-20,09:15,Flat,62,TCT,549.9,31.3,49.1,75.71,0.89,60.56,0.74,45.1,0.67
2025-05-20,09:30,Flat,62,TCT,578.4,31.6,50.1,75.39,0.94,60.31,0.78,47.3,0.67
2025-05-20,09:45,Flat,62,TCT,606.9,31.9,51.1,75.07,0.98,60.06,0.82,49.5,0.67
2025-05-20,10:00,Flat,62,TCT,635.4,32.2,52.1,74.75,1.03,59.8,0.86,51.6,0.67
2025-05-20,10:15,Flat,62,TCT,637.9,32.4,52.4,74.66,1.04,59.73,0.87,51.8,0.67
2025-05-20,10:30,Flat,62,TCT,640.5,32.7,52.7,74.57,1.04,59.65,0.87,51.9,0.67
2025-05-20,10:45,Flat,62,TCT,643.1,32.9,53.0,74.47,1.04,59.58,0.87,52.1,0.67
2025-05-20,11:00,Flat,62,TCT,645.6,33.1,53.3,74.38,1.05,59.5,0.88,52.2,0.67
2025-05-20,11:15,Flat,62,TCT,667.0,33.4,54.1,74.12,1.08,59.3,0.91,53.8,0.67
2025-05-20,11:30,Flat,62,TCT,688.5,33.7,54.9,73.86,1.12,59.09,0.94,55.4,0.67
2025-05-20,11:45,Flat,62,TCT,709.9,33.9,55.7,73.61,1.16,58.89,0.97,57.0,0.67
2025-05-20,12:00,Flat,62,TCT,731.3,34.2,56.5,73.35,1.19,58.68,1.0,58.6,0.67
2025-05-20,12:15,Flat,62,TCT,693.4,34.4,55.8,73.59,1.13,58.87,0.95,55.7,0.67
2025-05-20,12:30,Flat,62,TCT,655.4,34.6,55.0,73.83,1.07,59.06,0.89,52.7,0.67
2025-05-20,12:45,Flat,62,TCT,617.4,34.8,54.3,74.06,1.0,59.25,0.84,49.8,0.67
2025-05-20,13:00,Flat,62,TCT,579.5,35.0,53.5,74.3,0.94,59.44,0.79,46.9,0.67
2025-05-20,13:15,Flat,62,TCT,552.7,35.0,52.9,74.5,0.9,59.6,0.75,44.8,0.67
2025-05-20,13:30,Flat,62,TCT,526.0,35.1,52.2,74.71,0.85,59.77,0.71,42.7,0.67
2025-05-20,13:45,Flat,62,TCT,499.2,35.1,51.6,74.92,0.81,59.93,0.68,40.6,0.67
2025-05-20,14:00,Flat,62,TCT,472.5,35.1,50.9,75.12,0.77,60.1,0.64,38.5,0.67
2025-05-20,14:15,Flat,62,TCT,441.4,34.9,50.0,75.42,0.71,60.34,0.6,36.1,0.67
2025-05-20,14:30,Flat,62,TCT,410.3,34.8,49.0,75.72,0.66,60.58,0.56,33.7,0.67
2025-05-20,14:45,Flat,62,TCT,379.2,34.6,48.1,76.02,0.61,60.81,0.51,31.2,0.67
2025-05-20,15:00,Flat,62,TCT,348.1,34.4,47.1,76.32,0.56,61.05,0.47,28.7,0.67
2025-05-20,15:15,Flat,62,TCT,306.2,34.1,45.8,76.75,0.49,61.4,0.41,25.4,0.67
2025-05-20,15:30,Flat,62,TCT,264.3,33.8,44.4,77.19,0.43,61.75,0.36,22.0,0.67
2025-05-20,15:45,Flat,62,TCT,222.4,33.4,43.0,77.63,0.36,62.1,0.3,18.6,0.67
2025-05-20,16:00,Flat,62,TCT,180.6,33.1,41.6,78.07,0.29,62.45,0.24,15.2,0.67
2025-05-20,16:15,Flat,62,TCT,146.5,32.5,40.2,78.52,0.23,62.82,0.2,12.4,0.67
2025-05-20,16:30,Flat,62,TCT,112.4,32.0,38.8,78.97,0.18,63.18,0.15,9.5,0.67
2025-05-20,16:45,Flat,62,TCT,78.3,31.4,37.3,79.42,0.13,63.54,0.1,6.7,0.67
2025-05-20,17:00,Flat,62,TCT,44.2,30.8,35.9,79.87,0.07,63.9,0.06,3.8,0.67
2025-05-20,17:15,Flat,62,TCT,33.2,30.3,35.1,80.13,0.05,64.1,0.04,2.8,0.67
2025-05-20,17:30,Flat,62,TCT,22.1,29.8,34.3,80.38,0.04,64.31,0.03,1.9,0.67
2025-05-20,17:45,Flat,62,TCT,11.1,29.2,33.5,80.64,0.02,64.51,0.01,1.0,0.67
2025-05-21,05:00,Flat,62,TCT,6.5,24.8,28.9,82.08,0.01,65.67,0.01,0.6,0.67
2025-05-21,05:15,Flat,62,TCT,31.3,25.0,29.8,81.8,0.05,65.44,0.04,2.7,0.67
2025-05-21,05:30,Flat,62,TCT,56.1,25.3,30.7,81.52,0.09,65.21,0.07,4.9,0.67
2025-05-21,05:45,Flat,62,TCT,81.0,25.6,31.6,81.23,0.13,64.99,0.11,7.0,0.67
2025-05-21,06:00,Flat,62,TCT,105.8,25.9,32.5,80.95,0.17,64.76,0.14,9.1,0.67
2025-05-21,06:15,Flat,62,TCT,147.1,26.4,34.1,80.46,0.23,64.37,0.2,12.6,0.67
2025-05-21,06:30,Flat,62,TCT,188.4,26.9,35.6,79.96,0.3,63.97,0.25,16.1,0.67
2025-05-21,06:45,Flat,62,TCT,229.7,27.4,37.2,79.47,0.37,63.57,0.31,19.6,0.67
2025-05-21,07:00,Flat,62,TCT,271.1,28.0,38.8,78.97,0.43,63.18,0.36,23.0,0.67
2025-05-21,07:15,Flat,62,TCT,303.8,28.7,40.3,78.5,0.49,62.8,0.41,25.6,0.67
2025-05-21,07:30,Flat,62,TCT,336.6,29.3,41.8,78.02,0.54,62.42,0.45,28.3,0.67
2025-05-21,07:45,Flat,62,TCT,369.3,30.0,43.3,77.55,0.59,62.04,0.5,30.9,0.67
2025-05-21,08:00,Flat,62,TCT,402.1,30.7,44.8,77.07,0.65,61.66,0.54,33.4,0.67
2025-05-21,08:15,Flat,62,TCT,437.2,31.1,46.1,76.65,0.7,61.32,0.59,36.2,0.67
2025-05-21,08:30,Flat,62,TCT,472.3,31.6,47.4,76.24,0.76,60.99,0.64,38.9,0.67
2025-05-21,08:45,Flat,62,TCT,507.3,32.0,48.7,75.82,0.82,60.65,0.69,41.7,0.67
2025-05-21,09:00,Flat,62,TCT,542.4,32.5,50.0,75.4,0.88,60.32,0.74,44.4,0.67
2025-05-21,09:15,Flat,62,TCT,570.1,32.8,51.1,75.07,0.92,60.06,0.77,46.5,0.67
2025-05-21,09:30,Flat,62,TCT,597.8,33.2,52.1,74.75,0.97,59.8,0.81,48.6,0.67
2025-05-21,09:45,Flat,62,TCT,625.6,33.5,53.1,74.42,1.02,59.54,0.85,50.6,0.67
2025-05-21,10:00,Flat,62,TCT,653.3,33.8,54.2,74.09,1.06,59.28,0.89,52.7,0.67
2025-05-21,10:15,Flat,62,TCT,676.7,34.1,55.0,73.82,1.1,59.05,0.92,54.4,0.67
2025-05-21,10:30,Flat,62,TCT,700.2,34.4,55.9,73.54,1.14,58.83,0.95,56.2,0.67
2025-05-21,10:45,Flat,62,TCT,723.6,34.7,56.8,73.27,1.18,58.61,0.99,57.9,0.67
2025-05-21,11:00,Flat,62,TCT,747.0,35.0,57.6,72.99,1.22,58.39,1.02,59.6,0.67
2025-05-21,11:15,Flat,62,TCT,754.9,35.2,58.0,72.87,1.23,58.3,1.03,60.1,0.67
2025-05-21,11:30,Flat,62,TCT,762.7,35.3,58.4,72.75,1.24,58.2,1.04,60.7,0.67
2025-05-21,11:45,Flat,62,TCT,770.6,35.5,58.8,72.63,1.26,58.1,1.05,61.2,0.67
2025-05-21,12:00,Flat,62,TCT,778.5,35.7,59.2,72.51,1.27,58.01,1.06,61.8,0.67
2025-05-21,12:15,Flat,62,TCT,743.6,35.8,58.4,72.77,1.21,58.21,1.02,59.2,0.67
2025-05-21,12:30,Flat,62,TCT,708.7,35.8,57.5,73.02,1.16,58.42,0.97,56.5,0.67
2025-05-21,12:45,Flat,62,TCT,673.8,35.9,56.7,73.28,1.1,58.62,0.92,53.9,0.67
2025-05-21,13:00,Flat,62,TCT,638.9,36.0,55.9,73.54,1.04,58.83,0.87,51.3,0.67
2025-05-21,13:15,Flat,62,TCT,610.3,35.8,55.1,73.8,0.99,59.04,0.83,49.1,0.67
2025-05-21,13:30,Flat,62,TCT,581.6,35.7,54.2,74.07,0.95,59.26,0.79,46.9,0.67
2025-05-21,13:45,Flat,62,TCT,553.0,35.6,53.4,74.33,0.9,59.47,0.75,44.7,0.67
2025-05-21,14:00,Flat,62,TCT,524.4,35.5,52.6,74.6,0.85,59.68,0.71,42.5,0.67
2025-05-21,14:15,Flat,62,TCT,487.0,35.2,51.3,74.99,0.79,59.99,0.66,39.7,0.67
2025-05-21,14:30,Flat,62,TCT,449.6,34.9,50.1,75.37,0.73,60.3,0.61,36.8,0.67
2025-05-21,14:45,Flat,62,TCT,412.1,34.6,48.9,75.76,0.67,60.6,0.56,33.8,0.67
2025-05-21,15:00,Flat,62,TCT,374.7,34.3,47.7,76.14,0.61,60.91,0.51,30.9,0.67
2025-05-21,15:15,Flat,62,TCT,329.1,34.0,46.2,76.62,0.53,61.3,0.44,27.2,0.67
2025-05-21,15:30,Flat,62,TCT,283.5,33.6,44.7,77.1,0.46,61.68,0.38,23.6,0.67
2025-05-21,15:45,Flat,62,TCT,237.9,33.2,43.1,77.58,0.38,62.07,0.32,19.9,0.67
2025-05-21,16:00,Flat,62,TCT,192.3,32.8,41.6,78.06,0.31,62.45,0.26,16.2,0.67
2025-05-21,16:15,Flat,62,TCT,155.4,32.2,40.1,78.54,0.25,62.83,0.21,13.1,0.67
2025-05-21,16:30,Flat,62,TCT,118.5,31.7,38.6,79.01,0.19,63.21,0.16,10.0,0.67
2025-05-21,16:45,Flat,62,TCT,81.6,31.1,37.1,79.48,0.13,63.59,0.11,6.9,0.67
2025-05-21,17:00,Flat,62,TCT,44.6,30.5,35.6,79.96,0.07,63.97,0.06,3.8,0.67
2025-05-21,17:15,Flat,62,TCT,33.5,30.0,34.8,80.21,0.05,64.17,0.04,2.9,0.67
2025-05-21,17:30,Flat,62,TCT,22.3,29.5,34.0,80.47,0.04,64.38,0.03,1.9,0.67
2025-05-21,17:45,Flat,62,TCT,11.2,28.9,33.2,80.73,0.02,64.58,0.01,1.0,0.67
2025-05-22,05:00,Flat,62,TCT,5.9,24.5,28.7,82.17,0.01,65.73,0.01,0.5,0.67
2025-05-22,05:15,Flat,62,TCT,29.1,24.8,29.5,81.89,0.05,65.51,0.04,2.5,0.67
2025-05-22,05:30,Flat,62,TCT,52.4,25.1,30.4,81.61,0.08,65.29,0.07,4.5,0.67
2025-05-22,05:45,Flat,62,TCT,75.6,25.4,31.3,81.34,0.12,65.07,0.1,6.6,0.67
2025-05-22,06:00,Flat,62,TCT,98.9,25.7,32.2,81.06,0.16,64.85,0.13,8.5,0.67
2025-05-22,06:15,Flat,62,TCT,133.1,26.3,33.6,80.61,0.21,64.49,0.18,11.4,0.67
2025-05-22,06:30,Flat,62,TCT,167.2,26.8,35.0,80.15,0.27,64.12,0.22,14.3,0.67
2025-05-22,06:45,Flat,62,TCT,201.4,27.4,36.5,79.7,0.32,63.76,0.27,17.2,0.67
2025-05-22,07:00,Flat,62,TCT,235.6,28.0,37.9,79.25,0.38,63.4,0.32,20.0,0.67
2025-05-22,07:15,Flat,62,TCT,267.1,28.8,39.5,78.74,0.43,62.99,0.36,22.6,0.67
2025-05-22,07:30,Flat,62,TCT,298.6,29.6,41.1,78.23,0.48,62.58,0.4,25.1,0.67
2025-05-22,07:45,Flat,62,TCT,330.0,30.5,42.7,77.72,0.53,62.17,0.44,27.6,0.67
2025-05-22,08:00,Flat,62,TCT,361.5,31.3,44.3,77.2,0.58,61.76,0.49,30.1,0.67
2025-05-22,08:15,Flat,62,TCT,406.4,31.9,46.1,76.66,0.66,61.33,0.55,33.7,0.67
2025-05-22,08:30,Flat,62,TCT,451.3,32.5,47.8,76.12,0.73,60.89,0.61,37.2,0.67
2025-05-22,08:45,Flat,62,TCT,496.3,33.1,49.5,75.57,0.8,60.46,0.67,40.7,0.67
2025-05-22,09:00,Flat,62,TCT,541.2,33.7,51.2,75.03,0.88,60.02,0.73,44.1,0.67
2025-05-22,09:15,Flat,62,TCT,557.8,34.2,52.1,74.75,0.9,59.8,0.76,45.3,0.67
2025-05-22,09:30,Flat,62,TCT,574.4,34.6,53.0,74.47,0.93,59.57,0.78,46.5,0.67
2025-05-22,09:45,Flat,62,TCT,591.0,35.1,53.9,74.18,0.96,59.35,0.8,47.7,0.67
2025-05-22,10:00,Flat,62,TCT,607.6,35.6,54.8,73.9,0.99,59.12,0.83,48.9,0.67
2025-05-22,10:15,Flat,62,TCT,606.8,35.9,55.1,73.79,0.99,59.03,0.83,48.8,0.67
2025-05-22,10:30,Flat,62,TCT,606.0,36.3,55.5,73.68,0.99,58.94,0.83,48.7,0.67
2025-05-22,10:45,Flat,62,TCT,605.2,36.7,55.8,73.57,0.99,58.86,0.83,48.6,0.67
2025-05-22,11:00,Flat,62,TCT,604.5,37.0,56.2,73.46,0.98,58.77,0.82,48.4,0.67
2025-05-22,11:15,Flat,62,TCT,638.8,37.3,57.3,73.11,1.04,58.49,0.87,51.0,0.67
2025-05-22,11:30,Flat,62,TCT,673.1,37.5,58.4,72.76,1.1,58.21,0.92,53.6,0.67
2025-05-22,11:45,Flat,62,TCT,707.4,37.8,59.5,72.42,1.16,57.93,0.97,56.1,0.67
2025-05-22,12:00,Flat,62,TCT,741.8,38.0,60.6,72.07,1.21,57.65,1.02,58.6,0.67
2025-05-22,12:15,Flat,62,TCT,710.4,38.1,59.9,72.28,1.16,57.83,0.97,56.2,0.67
2025-05-22,12:30,Flat,62,TCT,679.0,38.2,59.2,72.5,1.11,58.0,0.93,53.9,0.67
2025-05-22,12:45,Flat,62,TCT,647.6,38.3,58.5,72.72,1.06,58.18,0.89,51.5,0.67
2025-05-22,13:00,Flat,62,TCT,616.2,38.4,57.8,72.94,1.01,58.35,0.84,49.1,0.67
2025-05-22,13:15,Flat,62,TCT,587.2,38.4,57.0,73.18,0.96,58.55,0.8,46.9,0.67
2025-05-22,13:30,Flat,62,TCT,558.2,38.3,56.3,73.43,0.91,58.75,0.76,44.7,0.67
2025-05-22,13:45,Flat,62,TCT,529.1,38.2,55.5,73.68,0.86,58.94,0.72,42.5,0.67
2025-05-22,14:00,Flat,62,TCT,500.1,38.2,54.7,73.93,0.81,59.14,0.68,40.3,0.67
2025-05-22,14:15,Flat,62,TCT,464.7,37.9,53.5,74.3,0.75,59.44,0.63,37.6,0.67
2025-05-22,14:30,Flat,62,TCT,429.2,37.6,52.3,74.67,0.7,59.73,0.58,34.8,0.67
2025-05-22,14:45,Flat,62,TCT,393.7,37.3,51.2,75.04,0.64,60.03,0.53,32.1,0.67
2025-05-22,15:00,Flat,62,TCT,358.3,37.0,50.0,75.41,0.58,60.33,0.49,29.3,0.67
2025-05-22,15:15,Flat,62,TCT,320.9,36.6,48.7,75.84,0.52,60.67,0.43,26.4,0.67
2025-05-22,15:30,Flat,62,TCT,283.5,36.2,47.3,76.26,0.46,61.01,0.38,23.4,0.67
2025-05-22,15:45,Flat,62,TCT,246.1,35.8,46.0,76.69,0.4,61.35,0.33,20.4,0.67
2025-05-22,16:00,Flat,62,TCT,208.7,35.4,44.6,77.12,0.34,61.69,0.28,17.4,0.67
2025-05-22,16:15,Flat,62,TCT,168.5,34.8,43.0,77.64,0.27,62.11,0.23,14.1,0.67
2025-05-22,16:30,Flat,62,TCT,128.2,34.1,41.3,78.17,0.21,62.53,0.17,10.8,0.67
2025-05-22,16:45,Flat,62,TCT,88.0,33.4,39.6,78.69,0.14,62.95,0.12,7.4,0.67
2025-05-22,17:00,Flat,62,TCT,47.7,32.8,38.0,79.21,0.08,63.37,0.06,4.1,0.67
2025-05-22,17:15,Flat,62,TCT,35.8,32.2,37.1,79.49,0.06,63.59,0.05,3.0,0.67
2025-05-22,17:30,Flat,62,TCT,23.9,31.7,36.3,79.76,0.04,63.81,0.03,2.0,0.67
2025-05-22,17:45,Flat,62,TCT,11.9,31.1,35.4,80.03,0.02,64.02,0.02,1.0,0.67
2025-05-23,05:00,Flat,62,TCT,6.0,25.9,30.1,81.71,0.01,65.37,0.01,0.5,0.67
2025-05-23,05:15,Flat,62,TCT,29.0,26.2,30.9,81.45,0.05,65.16,0.04,2.5,0.67
2025-05-23,05:30,Flat,62,TCT,52.0,26.5,31.8,81.18,0.08,64.94,0.07,4.5,0.67
2025-05-23,05:45,Flat,62,TCT,75.0,26.7,32.6,80.92,0.12,64.73,0.1,6.5,0.67
2025-05-23,06:00,Flat,62,TCT,98.0,27.0,33.5,80.65,0.16,64.52,0.13,8.4,0.67
2025-05-23,06:15,Flat,62,TCT,133.3,27.4,34.8,80.23,0.21,64.19,0.18,11.4,0.67
2025-05-23,06:30,Flat,62,TCT,168.6,27.9,36.1,79.81,0.27,63.85,0.23,14.4,0.67
2025-05-23,06:45,Flat,62,TCT,203.8,28.3,37.4,79.4,0.33,63.52,0.27,17.3,0.67
2025-05-23,07:00,Flat,62,TCT,239.1,28.8,38.7,78.98,0.38,63.18,0.32,20.3,0.67
2025-05-23,07:15,Flat,62,TCT,286.0,29.3,40.5,78.42,0.46,62.74,0.38,24.1,0.67
2025-05-23,07:30,Flat,62,TCT,332.8,29.9,42.2,77.87,0.53,62.3,0.45,27.9,0.67
2025-05-23,07:45,Flat,62,TCT,379.7,30.5,44.0,77.32,0.61,61.86,0.51,31.7,0.67
2025-05-23,08:00,Flat,62,TCT,426.6,31.1,45.7,76.77,0.69,61.41,0.58,35.4,0.67
2025-05-23,08:15,Flat,62,TCT,454.4,31.4,46.8,76.42,0.73,61.14,0.61,37.5,0.67
2025-05-23,08:30,Flat,62,TCT,482.1,31.8,47.9,76.08,0.78,60.86,0.65,39.7,0.67
2025-05-23,08:45,Flat,62,TCT,509.9,32.2,49.0,75.74,0.82,60.59,0.69,41.8,0.67
2025-05-23,09:00,Flat,62,TCT,537.7,32.6,50.1,75.39,0.87,60.31,0.73,44.0,0.67
2025-05-23,09:15,Flat,62,TCT,564.0,32.9,51.0,75.1,0.91,60.08,0.77,46.0,0.67
2025-05-23,09:30,Flat,62,TCT,590.3,33.1,51.9,74.81,0.96,59.85,0.8,48.0,0.67
2025-05-23,09:45,Flat,62,TCT,616.6,33.4,52.8,74.52,1.0,59.61,0.84,50.0,0.67
2025-05-23,10:00,Flat,62,TCT,642.9,33.7,53.8,74.22,1.04,59.38,0.87,51.9,0.67
2025-05-23,10:15,Flat,62,TCT,663.2,33.8,54.4,74.02,1.08,59.21,0.9,53.5,0.67
2025-05-23,10:30,Flat,62,TCT,683.5,34.0,55.1,73.81,1.11,59.05,0.93,55.0,0.67
2025-05-23,10:45,Flat,62,TCT,703.9,34.1,55.7,73.6,1.15,58.88,0.96,56.5,0.67
2025-05-23,11:00,Flat,62,TCT,724.2,34.3,56.4,73.4,1.18,58.72,0.99,58.0,0.67
2025-05-23,11:15,Flat,62,TCT,705.6,34.3,56.0,73.52,1.15,58.82,0.96,56.6,0.67
2025-05-23,11:30,Flat,62,TCT,687.0,34.4,55.6,73.65,1.12,58.92,0.94,55.2,0.67
2025-05-23,11:45,Flat,62,TCT,668.4,34.4,55.1,73.78,1.09,59.02,0.91,53.8,0.67
2025-05-23,12:00,Flat,62,TCT,649.8,34.5,54.7,73.91,1.06,59.13,0.89,52.3,0.67
2025-05-23,12:15,Flat,62,TCT,635.0,34.5,54.4,74.03,1.03,59.22,0.86,51.2,0.67
2025-05-23,12:30,Flat,62,TCT,620.2,34.5,54.0,74.15,1.01,59.32,0.84,50.1,0.67
2025-05-23,12:45,Flat,62,TCT,605.5,34.5,53.6,74.27,0.98,59.42,0.82,48.9,0.67
2025-05-23,13:00,Flat,62,TCT,590.7,34.5,53.2,74.39,0.96,59.51,0.8,47.8,0.67
2025-05-23,13:15,Flat,62,TCT,541.9,34.4,51.9,74.8,0.88,59.84,0.74,44.0,0.67
2025-05-23,13:30,Flat,62,TCT,493.1,34.3,50.6,75.21,0.8,60.17,0.67,40.2,0.67
2025-05-23,13:45,Flat,62,TCT,444.3,34.2,49.3,75.63,0.72,60.5,0.6,36.4,0.67
2025-05-23,14:00,Flat,62,TCT,395.4,34.1,48.0,76.04,0.64,60.83,0.54,32.6,0.67
2025-05-23,14:15,Flat,62,TCT,376.1,34.0,47.4,76.24,0.61,60.99,0.51,31.0,0.67
2025-05-23,14:30,Flat,62,TCT,356.8,33.8,46.7,76.44,0.58,61.16,0.48,29.5,0.67
2025-05-23,14:45,Flat,62,TCT,337.5,33.7,46.1,76.65,0.54,61.32,0.46,27.9,0.67
2025-05-23,15:00,Flat,62,TCT,318.1,33.5,45.5,76.85,0.51,61.48,0.43,26.4,0.67
2025-05-23,15:15,Flat,62,TCT,278.0,33.3,44.2,77.25,0.45,61.8,0.37,23.2,0.67
2025-05-23,15:30,Flat,62,TCT,237.8,33.0,42.9,77.65,0.38,62.12,0.32,19.9,0.67
2025-05-23,15:45,Flat,62,TCT,197.7,32.7,41.7,78.05,0.32,62.44,0.27,16.6,0.67
2025-05-23,16:00,Flat,62,TCT,157.5,32.5,40.4,78.45,0.25,62.76,0.21,13.3,0.67
2025-05-23,16:15,Flat,62,TCT,125.9,32.1,39.2,78.83,0.2,63.06,0.17,10.7,0.67
2025-05-23,16:30,Flat,62,TCT,94.3,31.6,38.0,79.21,0.15,63.37,0.13,8.0,0.67
2025-05-23,16:45,Flat,62,TCT,62.7,31.2,36.8,79.59,0.1,63.67,0.08,5.3,0.67
2025-05-23,17:00,Flat,62,TCT,31.1,30.8,35.6,79.98,0.05,63.98,0.04,2.7,0.67
2025-05-23,17:15,Flat,62,TCT,23.3,30.4,35.0,80.16,0.04,64.13,0.03,2.0,0.67
2025-05-23,17:30,Flat,62,TCT,15.5,30.0,34.4,80.34,0.02,64.27,0.02,1.3,0.67
2025-05-23,17:45,Flat,62,TCT,7.8,29.7,33.8,80.53,0.01,64.42,0.01,0.7,0.67
2025-05-24,05:00,Flat,62,TCT,5.3,26.9,31.0,81.42,0.01,65.14,0.01,0.5,0.67
2025-05-24,05:15,Flat,62,TCT,25.2,27.1,31.7,81.21,0.04,64.97,0.03,2.2,0.67
2025-05-24,05:30,Flat,62,TCT,45.1,27.2,32.4,80.99,0.07,64.79,0.06,3.9,0.67
2025-05-24,05:45,Flat,62,TCT,65.0,27.4,33.0,80.78,0.1,64.62,0.09,5.6,0.67
2025-05-24,06:00,Flat,62,TCT,84.9,27.6,33.7,80.57,0.14,64.45,0.11,7.3,0.67
2025-05-24,06:15,Flat,62,TCT,117.0,28.0,34.9,80.19,0.19,64.16,0.16,10.0,0.67
2025-05-24,06:30,Flat,62,TCT,149.0,28.3,36.1,79.82,0.24,63.86,0.2,12.7,0.67
2025-05-24,06:45,Flat,62,TCT,181.0,28.7,37.2,79.45,0.29,63.56,0.24,15.4,0.67
2025-05-24,07:00,Flat,62,TCT,213.1,29.1,38.4,79.08,0.34,63.26,0.29,18.1,0.67
2025-05-24,07:15,Flat,62,TCT,248.7,29.6,39.8,78.64,0.4,62.92,0.33,21.0,0.67
2025-05-24,07:30,Flat,62,TCT,284.4,30.1,41.2,78.21,0.46,62.57,0.38,23.9,0.67
2025-05-24,07:45,Flat,62,TCT,320.0,30.5,42.5,77.77,0.51,62.22,0.43,26.8,0.67
2025-05-24,08:00,Flat,62,TCT,355.7,31.0,43.9,77.34,0.57,61.87,0.48,29.7,0.67
2025-05-24,08:15,Flat,62,TCT,373.0,31.4,44.7,77.08,0.6,61.67,0.5,31.0,0.67
2025-05-24,08:30,Flat,62,TCT,390.3,31.8,45.5,76.83,0.63,61.46,0.53,32.4,0.67
2025-05-24,08:45,Flat,62,TCT,407.6,32.1,46.3,76.57,0.66,61.26,0.55,33.7,0.67
2025-05-24,09:00,Flat,62,TCT,424.9,32.5,47.1,76.32,0.69,61.06,0.57,35.1,0.67
2025-05-24,09:15,Flat,62,TCT,436.6,32.8,47.7,76.14,0.71,60.91,0.59,36.0,0.67
2025-05-24,09:30,Flat,62,TCT,448.3,33.1,48.3,75.95,0.72,60.76,0.61,36.9,0.67
2025-05-24,09:45,Flat,62,TCT,460.0,33.4,48.9,75.77,0.74,60.62,0.62,37.8,0.67
2025-05-24,10:00,Flat,62,TCT,471.8,33.6,49.4,75.59,0.76,60.47,0.64,38.7,0.67
2025-05-24,10:15,Flat,62,TCT,472.9,33.9,49.7,75.5,0.77,60.4,0.64,38.7,0.67
2025-05-24,10:30,Flat,62,TCT,474.0,34.1,50.0,75.42,0.77,60.33,0.64,38.8,0.67
2025-05-24,10:45,Flat,62,TCT,475.1,34.4,50.2,75.33,0.77,60.27,0.64,38.8,0.67
2025-05-24,11:00,Flat,62,TCT,476.2,34.6,50.5,75.25,0.77,60.2,0.65,38.9,0.67
2025-05-24,11:15,Flat,62,TCT,467.7,34.8,50.5,75.26,0.76,60.21,0.63,38.2,0.67
2025-05-24,11:30,Flat,62,TCT,459.3,34.9,50.4,75.28,0.74,60.22,0.62,37.5,0.67
2025-05-24,11:45,Flat,62,TCT,450.8,35.1,50.4,75.29,0.73,60.23,0.61,36.8,0.67
2025-05-24,12:00,Flat,62,TCT,442.4,35.3,50.3,75.31,0.72,60.25,0.6,36.1,0.67
2025-05-24,12:15,Flat,62,TCT,418.0,35.2,49.7,75.52,0.68,60.41,0.57,34.2,0.67
2025-05-24,12:30,Flat,62,TCT,393.7,35.2,49.0,75.73,0.64,60.58,0.53,32.3,0.67
2025-05-24,12:45,Flat,62,TCT,369.4,35.1,48.3,75.94,0.6,60.75,0.5,30.4,0.67
2025-05-24,13:00,Flat,62,TCT,345.0,35.0,47.7,76.15,0.56,60.92,0.47,28.4,0.67
2025-05-24,13:15,Flat,62,TCT,328.3,34.9,47.1,76.32,0.53,61.06,0.44,27.1,0.67
2025-05-24,13:30,Flat,62,TCT,311.6,34.8,46.6,76.5,0.5,61.2,0.42,25.8,0.67
2025-05-24,13:45,Flat,62,TCT,294.9,34.7,46.0,76.67,0.48,61.34,0.4,24.4,0.67
2025-05-24,14:00,Flat,62,TCT,278.2,34.5,45.5,76.84,0.45,61.48,0.38,23.1,0.67
2025-05-24,14:15,Flat,62,TCT,251.8,34.3,44.6,77.12,0.41,61.7,0.34,21.0,0.67
2025-05-24,14:30,Flat,62,TCT,225.4,34.1,43.7,77.4,0.36,61.92,0.3,18.8,0.67
2025-05-24,14:45,Flat,62,TCT,199.0,33.9,42.8,77.68,0.32,62.14,0.27,16.6,0.67
2025-05-24,15:00,Flat,62,TCT,172.6,33.6,42.0,77.96,0.28,62.37,0.23,14.5,0.67
2025-05-24,15:15,Flat,62,TCT,150.6,33.3,41.1,78.23,0.24,62.58,0.2,12.7,0.67
2025-05-24,15:30,Flat,62,TCT,128.6,33.0,40.2,78.51,0.21,62.8,0.17,10.8,0.67
2025-05-24,15:45,Flat,62,TCT,106.6,32.7,39.4,78.78,0.17,63.02,0.14,9.0,0.67
2025-05-24,16:00,Flat,62,TCT,84.6,32.4,38.5,79.05,0.14,63.24,0.11,7.2,0.67
2025-05-24,16:15,Flat,62,TCT,67.7,31.9,37.6,79.33,0.11,63.47,0.09,5.8,0.67
2025-05-24,16:30,Flat,62,TCT,50.7,31.5,36.7,79.61,0.08,63.69,0.07,4.3,0.67
2025-05-24,16:45,Flat,62,TCT,33.8,31.0,35.9,79.89,0.05,63.91,0.05,2.9,0.67
2025-05-24,17:00,Flat,62,TCT,16.8,30.6,35.0,80.17,0.03,64.14,0.02,1.4,0.67
2025-05-24,17:15,Flat,62,TCT,12.6,30.2,34.5,80.32,0.02,64.26,0.02,1.1,0.67
2025-05-24,17:30,Flat,62,TCT,8.4,29.8,34.0,80.47,0.01,64.38,0.01,0.7,0.67
2025-05-25,05:15,Flat,62,TCT,15.9,26.8,31.2,81.38,0.03,65.1,0.02,1.4,0.67
2025-05-25,05:30,Flat,62,TCT,27.9,26.9,31.6,81.24,0.04,64.99,0.04,2.4,0.67
2025-05-25,05:45,Flat,62,TCT,39.8,27.0,32.0,81.1,0.06,64.88,0.05,3.4,0.67
2025-05-25,06:00,Flat,62,TCT,51.8,27.2,32.5,80.96,0.08,64.77,0.07,4.5,0.67
2025-05-25,06:15,Flat,62,TCT,66.8,27.5,33.1,80.75,0.11,64.6,0.09,5.8,0.67
2025-05-25,06:30,Flat,62,TCT,81.7,27.8,33.8,80.54,0.13,64.43,0.11,7.0,0.67
2025-05-25,06:45,Flat,62,TCT,96.7,28.0,34.5,80.33,0.15,64.27,0.13,8.3,0.67
2025-05-25,07:00,Flat,62,TCT,111.7,28.3,35.1,80.12,0.18,64.1,0.15,9.6,0.67
2025-05-25,07:15,Flat,62,TCT,126.9,28.8,35.9,79.87,0.2,63.89,0.17,10.8,0.67
2025-05-25,07:30,Flat,62,TCT,142.2,29.2,36.7,79.61,0.23,63.69,0.19,12.1,0.67
2025-05-25,07:45,Flat,62,TCT,157.5,29.6,37.5,79.36,0.25,63.49,0.21,13.4,0.67
2025-05-25,08:00,Flat,62,TCT,172.7,30.0,38.3,79.1,0.28,63.28,0.23,14.7,0.67
2025-05-25,08:15,Flat,62,TCT,205.8,30.3,39.5,78.75,0.33,63.0,0.28,17.4,0.67
2025-05-25,08:30,Flat,62,TCT,239.0,30.6,40.6,78.39,0.38,62.71,0.32,20.1,0.67
2025-05-25,08:45,Flat,62,TCT,272.1,30.9,41.7,78.03,0.44,62.42,0.37,22.8,0.67
2025-05-25,09:00,Flat,62,TCT,305.2,31.2,42.9,77.67,0.49,62.14,0.41,25.5,0.67
2025-05-25,09:15,Flat,62,TCT,317.4,31.4,43.3,77.52,0.51,62.02,0.43,26.5,0.67
2025-05-25,09:30,Flat,62,TCT,329.6,31.6,43.8,77.37,0.53,61.9,0.44,27.5,0.67
2025-05-25,09:45,Flat,62,TCT,341.8,31.7,44.3,77.23,0.55,61.78,0.46,28.5,0.67
2025-05-25,10:00,Flat,62,TCT,354.0,31.9,44.7,77.08,0.57,61.66,0.48,29.4,0.67
2025-05-25,10:15,Flat,62,TCT,373.2,31.9,45.3,76.91,0.6,61.53,0.5,31.0,0.67
2025-05-25,10:30,Flat,62,TCT,392.4,32.0,45.8,76.74,0.63,61.39,0.53,32.5,0.67
2025-05-25,10:45,Flat,62,TCT,411.6,32.1,46.3,76.57,0.66,61.26,0.56,34.1,0.67
2025-05-25,11:00,Flat,62,TCT,430.7,32.1,46.9,76.4,0.7,61.12,0.58,35.6,0.67
2025-05-25,11:15,Flat,62,TCT,396.7,32.1,46.0,76.67,0.64,61.34,0.54,32.9,0.67
2025-05-25,11:30,Flat,62,TCT,362.6,32.1,45.2,76.94,0.58,61.55,0.49,30.1,0.67
2025-05-25,11:45,Flat,62,TCT,328.5,32.1,44.3,77.21,0.53,61.77,0.44,27.4,0.67
2025-05-25,12:00,Flat,62,TCT,294.4,32.1,43.5,77.48,0.47,61.98,0.4,24.6,0.67
2025-05-25,12:15,Flat,62,TCT,301.7,32.1,43.7,77.42,0.49,61.94,0.41,25.2,0.67
2025-05-25,12:30,Flat,62,TCT,308.9,32.1,43.8,77.36,0.5,61.89,0.42,25.8,0.67
2025-05-25,12:45,Flat,62,TCT,316.1,32.1,44.0,77.31,0.51,61.84,0.43,26.3,0.67
2025-05-25,13:00,Flat,62,TCT,323.3,32.1,44.2,77.25,0.52,61.8,0.44,26.9,0.67
2025-05-25,13:15,Flat,62,TCT,295.1,32.1,43.5,77.47,0.47,61.97,0.4,24.6,0.67
2025-05-25,13:30,Flat,62,TCT,267.0,32.1,42.8,77.68,0.43,62.15,0.36,22.3,0.67
2025-05-25,13:45,Flat,62,TCT,238.8,32.2,42.1,77.9,0.38,62.32,0.32,20.0,0.67
2025-05-25,14:00,Flat,62,TCT,210.7,32.2,41.4,78.12,0.34,62.5,0.28,17.7,0.67
2025-05-25,14:15,Flat,62,TCT,194.9,32.1,41.0,78.26,0.31,62.61,0.26,16.4,0.67
2025-05-25,14:30,Flat,62,TCT,179.1,32.1,40.6,78.4,0.29,62.72,0.24,15.1,0.67
2025-05-25,14:45,Flat,62,TCT,163.3,32.0,40.1,78.55,0.26,62.84,0.22,13.8,0.67
2025-05-25,15:00,Flat,62,TCT,147.5,32.0,39.7,78.69,0.24,62.95,0.2,12.5,0.67
2025-05-25,15:15,Flat,62,TCT,131.3,31.8,39.1,78.86,0.21,63.08,0.18,11.1,0.67
2025-05-25,15:30,Flat,62,TCT,115.1,31.7,38.6,79.03,0.18,63.22,0.15,9.8,0.67
2025-05-25,15:45,Flat,62,TCT,98.9,31.6,38.1,79.2,0.16,63.36,0.13,8.4,0.67
2025-05-25,16:00,Flat,62,TCT,82.7,31.4,37.5,79.36,0.13,63.49,0.11,7.0,0.67
2025-05-25,16:15,Flat,62,TCT,67.7,31.0,36.7,79.61,0.11,63.69,0.09,5.8,0.67
2025-05-25,16:30,Flat,62,TCT,52.8,30.6,36.0,79.86,0.08,63.88,0.07,4.5,0.67
2025-05-25,16:45,Flat,62,TCT,37.8,30.2,35.2,80.1,0.06,64.08,0.05,3.2,0.67
2025-05-25,17:00,Flat,62,TCT,22.9,29.8,34.4,80.35,0.04,64.28,0.03,2.0,0.67
2025-05-25,17:15,Flat,62,TCT,17.1,29.4,33.9,80.52,0.03,64.41,0.02,1.5,0.67
2025-05-25,17:30,Flat,62,TCT,11.4,29.1,33.3,80.69,0.02,64.55,0.02,1.0,0.67
2025-05-25,17:45,Flat,62,TCT,5.7,28.7,32.8,80.85,0.01,64.68,0.01,0.5,0.67
2025-05-26,05:15,Flat,62,TCT,6.3,26.1,30.3,81.65,0.01,65.32,0.01,0.5,0.67
2025-05-26,05:30,Flat,62,TCT,10.7,26.3,30.6,81.55,0.02,65.24,0.01,0.9,0.67
2025-05-26,05:45,Flat,62,TCT,15.1,26.5,30.9,81.46,0.02,65.16,0.02,1.3,0.67
2025-05-26,06:00,Flat,62,TCT,19.5,26.7,31.2,81.36,0.03,65.08,0.03,1.7,0.67
2025-05-26,06:15,Flat,62,TCT,32.0,27.1,31.9,81.14,0.05,64.91,0.04,2.8,0.67
2025-05-26,06:30,Flat,62,TCT,44.6,27.5,32.6,80.92,0.07,64.73,0.06,3.8,0.67
2025-05-26,06:45,Flat,62,TCT,57.2,27.9,33.3,80.69,0.09,64.56,0.08,4.9,0.67
2025-05-26,07:00,Flat,62,TCT,69.8,28.3,34.0,80.47,0.11,64.38,0.09,6.0,0.67
2025-05-26,07:15,Flat,62,TCT,67.6,28.8,34.5,80.31,0.11,64.25,0.09,5.8,0.67
2025-05-26,07:30,Flat,62,TCT,65.4,29.4,35.0,80.15,0.1,64.12,0.09,5.6,0.67
2025-05-26,07:45,Flat,62,TCT,63.3,30.0,35.5,79.99,0.1,63.99,0.08,5.4,0.67
2025-05-26,08:00,Flat,62,TCT,61.1,30.5,36.0,79.83,0.1,63.86,0.08,5.2,0.67
2025-05-26,08:15,Flat,62,TCT,79.4,31.0,36.9,79.55,0.13,63.64,0.11,6.8,0.67
2025-05-26,08:30,Flat,62,TCT,97.8,31.4,37.8,79.26,0.16,63.41,0.13,8.3,0.67
2025-05-26,08:45,Flat,62,TCT,116.1,31.8,38.7,78.98,0.19,63.18,0.16,9.8,0.67
2025-05-26,09:00,Flat,62,TCT,134.5,32.3,39.6,78.69,0.22,62.96,0.18,11.4,0.67
2025-05-26,09:15,Flat,62,TCT,134.2,32.6,39.9,78.6,0.22,62.88,0.18,11.3,0.67
2025-05-26,09:30,Flat,62,TCT,134.0,32.9,40.2,78.5,0.21,62.8,0.18,11.3,0.67
2025-05-26,09:45,Flat,62,TCT,133.7,33.2,40.5,78.41,0.21,62.73,0.18,11.3,0.67
2025-05-26,10:00,Flat,62,TCT,133.5,33.5,40.8,78.31,0.21,62.65,0.18,11.2,0.67
2025-05-26,10:15,Flat,62,TCT,157.4,33.7,41.6,78.07,0.25,62.45,0.21,13.2,0.67
2025-05-26,10:30,Flat,62,TCT,181.2,33.9,42.4,77.82,0.29,62.25,0.24,15.2,0.67
2025-05-26,10:45,Flat,62,TCT,205.1,34.1,43.2,77.57,0.33,62.06,0.28,17.1,0.67
2025-05-26,11:00,Flat,62,TCT,229.0,34.2,44.0,77.32,0.37,61.86,0.31,19.1,0.67
2025-05-26,11:15,Flat,62,TCT,216.6,34.3,43.7,77.4,0.35,61.92,0.29,18.1,0.67
2025-05-26,11:30,Flat,62,TCT,204.2,34.4,43.5,77.47,0.33,61.98,0.28,17.0,0.67
2025-05-26,11:45,Flat,62,TCT,191.8,34.5,43.3,77.55,0.31,62.04,0.26,16.0,0.67
2025-05-26,12:00,Flat,62,TCT,179.3,34.5,43.0,77.62,0.29,62.1,0.24,15.0,0.67
2025-05-26,12:15,Flat,62,TCT,218.2,34.5,44.0,77.32,0.35,61.86,0.29,18.2,0.67
2025-05-26,12:30,Flat,62,TCT,257.1,34.5,44.9,77.03,0.41,61.62,0.35,21.4,0.67
2025-05-26,12:45,Flat,62,TCT,296.0,34.4,45.8,76.73,0.48,61.39,0.4,24.5,0.67
2025-05-26,13:00,Flat,62,TCT,334.9,34.4,46.8,76.44,0.54,61.15,0.45,27.7,0.67
2025-05-26,13:15,Flat,62,TCT,345.9,34.3,46.9,76.39,0.56,61.11,0.47,28.6,0.67
2025-05-26,13:30,Flat,62,TCT,356.9,34.1,47.0,76.35,0.58,61.08,0.48,29.5,0.67
2025-05-26,13:45,Flat,62,TCT,367.9,34.0,47.2,76.3,0.59,61.04,0.5,30.4,0.67
2025-05-26,14:00,Flat,62,TCT,378.9,33.9,47.3,76.26,0.61,61.01,0.51,31.3,0.67
2025-05-26,14:15,Flat,62,TCT,319.7,33.7,45.7,76.79,0.52,61.43,0.43,26.5,0.67
2025-05-26,14:30,Flat,62,TCT,260.5,33.5,44.0,77.32,0.42,61.85,0.35,21.7,0.67
2025-05-26,14:45,Flat,62,TCT,201.3,33.3,42.3,77.85,0.32,62.28,0.27,16.9,0.67
2025-05-26,15:00,Flat,62,TCT,142.1,33.1,40.6,78.38,0.23,62.7,0.19,12.0,0.67
2025-05-26,15:15,Flat,62,TCT,124.5,32.8,39.9,78.6,0.2,62.88,0.17,10.5,0.67
2025-05-26,15:30,Flat,62,TCT,107.0,32.6,39.2,78.82,0.17,63.06,0.14,9.1,0.67
2025-05-26,15:45,Flat,62,TCT,89.5,32.3,38.5,79.04,0.14,63.23,0.12,7.6,0.67
2025-05-26,16:00,Flat,62,TCT,71.9,32.0,37.8,79.27,0.12,63.41,0.1,6.1,0.67
2025-05-26,16:15,Flat,62,TCT,58.3,31.6,37.1,79.5,0.09,63.6,0.08,5.0,0.67
2025-05-26,16:30,Flat,62,TCT,44.7,31.2,36.3,79.74,0.07,63.79,0.06,3.8,0.67
2025-05-26,16:45,Flat,62,TCT,31.1,30.8,35.6,79.98,0.05,63.98,0.04,2.7,0.67
2025-05-26,17:00,Flat,62,TCT,17.5,30.4,34.8,80.21,0.03,64.17,0.02,1.5,0.67
2025-05-26,17:15,Flat,62,TCT,13.1,30.0,34.4,80.37,0.02,64.29,0.02,1.1,0.67
2025-05-26,17:30,Flat,62,TCT,8.8,29.7,33.9,80.52,0.01,64.41,0.01,0.8,0.67
2025-05-27,05:15,Flat,62,TCT,16.1,26.4,30.8,81.49,0.03,65.19,0.02,1.4,0.67
2025-05-27,05:30,Flat,62,TCT,27.7,26.5,31.2,81.36,0.04,65.09,0.04,2.4,0.67
2025-05-27,05:45,Flat,62,TCT,39.3,26.6,31.6,81.23,0.06,64.99,0.05,3.4,0.67
2025-05-27,06:00,Flat,62,TCT,50.8,26.8,32.0,81.1,0.08,64.88,0.07,4.4,0.67
2025-05-27,06:15,Flat,62,TCT,68.0,27.1,32.8,80.86,0.11,64.69,0.09,5.9,0.67
2025-05-27,06:30,Flat,62,TCT,85.2,27.4,33.5,80.62,0.14,64.5,0.11,7.3,0.67
2025-05-27,06:45,Flat,62,TCT,102.4,27.7,34.3,80.39,0.16,64.31,0.14,8.8,0.67
2025-05-27,07:00,Flat,62,TCT,119.5,28.1,35.0,80.15,0.19,64.12,0.16,10.2,0.67
2025-05-27,07:15,Flat,62,TCT,133.7,28.5,35.9,79.89,0.21,63.91,0.18,11.4,0.67
2025-05-27,07:30,Flat,62,TCT,147.8,29.0,36.7,79.64,0.24,63.71,0.2,12.6,0.67
2025-05-27,07:45,Flat,62,TCT,161.9,29.4,37.5,79.38,0.26,63.51,0.22,13.8,0.67
2025-05-27,08:00,Flat,62,TCT,176.0,29.9,38.3,79.13,0.28,63.3,0.24,14.9,0.67
2025-05-27,08:15,Flat,62,TCT,214.6,30.3,39.6,78.69,0.34,62.95,0.29,18.1,0.67
2025-05-27,08:30,Flat,62,TCT,253.2,30.7,41.0,78.25,0.41,62.6,0.34,21.3,0.67
2025-05-27,08:45,Flat,62,TCT,291.8,31.1,42.4,77.81,0.47,62.25,0.39,24.4,0.67
2025-05-27,09:00,Flat,62,TCT,330.3,31.5,43.8,77.38,0.53,61.9,0.45,27.6,0.67
2025-05-27,09:15,Flat,62,TCT,328.4,31.9,44.1,77.29,0.53,61.83,0.44,27.4,0.67
2025-05-27,09:30,Flat,62,TCT,326.4,32.2,44.3,77.21,0.53,61.77,0.44,27.2,0.67
2025-05-27,09:45,Flat,62,TCT,324.4,32.5,44.6,77.12,0.52,61.7,0.44,27.0,0.67
2025-05-27,10:00,Flat,62,TCT,322.4,32.8,44.9,77.04,0.52,61.63,0.43,26.8,0.67
2025-05-27,10:15,Flat,62,TCT,323.2,33.0,45.1,76.97,0.52,61.58,0.44,26.9,0.67
2025-05-27,10:30,Flat,62,TCT,324.0,33.2,45.3,76.9,0.52,61.52,0.44,26.9,0.67
2025-05-27,10:45,Flat,62,TCT,324.8,33.4,45.5,76.84,0.52,61.47,0.44,27.0,0.67
2025-05-27,11:00,Flat,62,TCT,325.6,33.6,45.7,76.77,0.52,61.42,0.44,27.0,0.67
2025-05-27,11:15,Flat,62,TCT,350.4,33.7,46.4,76.54,0.57,61.23,0.47,29.0,0.67
2025-05-27,11:30,Flat,62,TCT,375.2,33.8,47.1,76.32,0.61,61.05,0.51,31.0,0.67
2025-05-27,11:45,Flat,62,TCT,400.1,33.9,47.9,76.09,0.65,60.87,0.54,32.9,0.67
2025-05-27,12:00,Flat,62,TCT,424.9,34.0,48.6,75.86,0.69,60.69,0.58,34.9,0.67
2025-05-27,12:15,Flat,62,TCT,394.5,34.0,47.8,76.1,0.64,60.88,0.53,32.5,0.67
2025-05-27,12:30,Flat,62,TCT,364.1,33.9,47.0,76.35,0.59,61.08,0.49,30.1,0.67
2025-05-27,12:45,Flat,62,TCT,333.7,33.9,46.3,76.59,0.54,61.27,0.45,27.6,0.67
2025-05-27,13:00,Flat,62,TCT,303.3,33.9,45.5,76.84,0.49,61.47,0.41,25.2,0.67
2025-05-27,13:15,Flat,62,TCT,285.4,33.8,45.0,77.01,0.46,61.61,0.39,23.7,0.67
2025-05-27,13:30,Flat,62,TCT,267.5,33.7,44.4,77.18,0.43,61.74,0.36,22.3,0.67
2025-05-27,13:45,Flat,62,TCT,249.6,33.6,43.9,77.35,0.4,61.88,0.34,20.8,0.67
2025-05-27,14:00,Flat,62,TCT,231.8,33.5,43.3,77.52,0.37,62.02,0.31,19.4,0.67
2025-05-27,14:15,Flat,62,TCT,215.1,33.4,42.8,77.69,0.35,62.16,0.29,18.0,0.67
2025-05-27,14:30,Flat,62,TCT,198.5,33.3,42.2,77.87,0.32,62.3,0.27,16.6,0.67
2025-05-27,14:45,Flat,62,TCT,181.8,33.1,41.7,78.05,0.29,62.44,0.24,15.3,0.67
2025-05-27,15:00,Flat,62,TCT,165.2,33.0,41.1,78.22,0.27,62.58,0.22,13.9,0.67
2025-05-27,15:15,Flat,62,TCT,140.3,32.8,40.3,78.5,0.22,62.8,0.19,11.8,0.67
2025-05-27,15:30,Flat,62,TCT,115.3,32.5,39.4,78.77,0.18,63.02,0.15,9.8,0.67
2025-05-27,15:45,Flat,62,TCT,90.4,32.3,38.5,79.05,0.14,63.24,0.12,7.7,0.67
2025-05-27,16:00,Flat,62,TCT,65.5,32.0,37.6,79.32,0.1,63.46,0.09,5.6,0.67
2025-05-27,16:15,Flat,62,TCT,54.7,31.6,37.0,79.53,0.09,63.62,0.07,4.7,0.67
2025-05-27,16:30,Flat,62,TCT,44.0,31.3,36.4,79.73,0.07,63.78,0.06,3.8,0.67
2025-05-27,16:45,Flat,62,TCT,33.3,30.9,35.7,79.93,0.05,63.94,0.04,2.8,0.67
2025-05-27,17:00,Flat,62,TCT,22.6,30.5,35.1,80.13,0.04,64.11,0.03,1.9,0.67
2025-05-27,17:15,Flat,62,TCT,16.9,30.2,34.6,80.28,0.03,64.22,0.02,1.5,0.67
2025-05-27,17:30,Flat,62,TCT,11.3,29.9,34.2,80.42,0.02,64.34,0.02,1.0,0.67
2025-05-27,17:45,Flat,62,TCT,5.6,29.6,33.7,80.56,0.01,64.45,0.01,0.5,0.67
2025-05-28,05:00,Flat,62,TCT,6.1,27.5,31.7,81.22,0.01,64.97,0.01,0.5,0.67
2025-05-28,05:15,Flat,62,TCT,27.9,27.7,32.4,80.99,0.04,64.79,0.04,2.4,0.67
2025-05-28,05:30,Flat,62,TCT,49.6,27.9,33.1,80.76,0.08,64.61,0.07,4.3,0.67
2025-05-28,05:45,Flat,62,TCT,71.3,28.1,33.8,80.53,0.11,64.42,0.1,6.1,0.67
2025-05-28,06:00,Flat,62,TCT,93.1,28.2,34.6,80.3,0.15,64.24,0.12,8.0,0.67
2025-05-28,06:15,Flat,62,TCT,125.2,28.6,35.7,79.93,0.2,63.95,0.17,10.7,0.67
2025-05-28,06:30,Flat,62,TCT,157.2,29.0,36.9,79.56,0.25,63.65,0.21,13.4,0.67
2025-05-28,06:45,Flat,62,TCT,189.3,29.3,38.1,79.19,0.3,63.35,0.25,16.1,0.67
2025-05-28,07:00,Flat,62,TCT,221.4,29.7,39.2,78.82,0.35,63.06,0.3,18.7,0.67
2025-05-28,07:15,Flat,62,TCT,257.4,30.1,40.5,78.41,0.41,62.73,0.35,21.7,0.67
2025-05-28,07:30,Flat,62,TCT,293.3,30.5,41.8,78.0,0.47,62.4,0.39,24.6,0.67
2025-05-28,07:45,Flat,62,TCT,329.2,30.9,43.1,77.59,0.53,62.08,0.44,27.5,0.67
2025-05-28,08:00,Flat,62,TCT,365.2,31.3,44.4,77.19,0.59,61.75,0.49,30.4,0.67
2025-05-28,08:15,Flat,62,TCT,384.5,31.6,45.2,76.93,0.62,61.54,0.52,31.9,0.67
2025-05-28,08:30,Flat,62,TCT,403.8,31.9,46.0,76.67,0.65,61.34,0.55,33.5,0.67
2025-05-28,08:45,Flat,62,TCT,423.2,32.2,46.8,76.42,0.68,61.13,0.57,35.0,0.67
2025-05-28,09:00,Flat,62,TCT,442.5,32.6,47.6,76.16,0.71,60.93,0.6,36.5,0.67
2025-05-28,09:15,Flat,62,TCT,454.3,32.9,48.2,75.98,0.73,60.78,0.61,37.4,0.67
2025-05-28,09:30,Flat,62,TCT,466.2,33.1,48.8,75.79,0.75,60.63,0.63,38.3,0.67
2025-05-28,09:45,Flat,62,TCT,478.1,33.4,49.4,75.61,0.77,60.49,0.65,39.2,0.67
2025-05-28,10:00,Flat,62,TCT,489.9,33.7,50.0,75.42,0.79,60.34,0.66,40.1,0.67
2025-05-28,10:15,Flat,62,TCT,502.3,33.9,50.5,75.25,0.81,60.2,0.68,41.0,0.67
2025-05-28,10:30,Flat,62,TCT,514.8,34.2,51.0,75.09,0.83,60.07,0.7,42.0,0.67
2025-05-28,10:45,Flat,62,TCT,527.2,34.4,51.6,74.92,0.85,59.93,0.72,42.9,0.67
2025-05-28,11:00,Flat,62,TCT,539.6,34.6,52.1,74.75,0.88,59.8,0.73,43.8,0.67
2025-05-28,11:15,Flat,62,TCT,542.2,34.7,52.3,74.69,0.88,59.75,0.74,44.0,0.67
2025-05-28,11:30,Flat,62,TCT,544.9,34.8,52.5,74.63,0.88,59.7,0.74,44.2,0.67
2025-05-28,11:45,Flat,62,TCT,547.5,35.0,52.7,74.57,0.89,59.66,0.74,44.4,0.67
2025-05-28,12:00,Flat,62,TCT,550.1,35.1,52.8,74.51,0.89,59.61,0.75,44.6,0.67
2025-05-28,12:15,Flat,62,TCT,525.6,35.1,52.3,74.7,0.85,59.76,0.71,42.7,0.67
2025-05-28,12:30,Flat,62,TCT,501.2,35.1,51.7,74.88,0.81,59.91,0.68,40.8,0.67
2025-05-28,12:45,Flat,62,TCT,476.7,35.2,51.1,75.07,0.77,60.06,0.65,38.9,0.67
2025-05-28,13:00,Flat,62,TCT,452.2,35.2,50.5,75.26,0.73,60.21,0.61,36.9,0.67
2025-05-28,13:15,Flat,62,TCT,427.0,35.1,49.8,75.49,0.69,60.39,0.58,34.9,0.67
2025-05-28,13:30,Flat,62,TCT,401.7,35.0,49.0,75.71,0.65,60.57,0.54,33.0,0.67
2025-05-28,13:45,Flat,62,TCT,376.4,34.9,48.3,75.94,0.61,60.75,0.51,30.9,0.67
2025-05-28,14:00,Flat,62,TCT,351.1,34.8,47.6,76.17,0.57,60.94,0.47,28.9,0.67
2025-05-28,14:15,Flat,62,TCT,308.7,34.6,46.4,76.56,0.5,61.25,0.42,25.5,0.67
2025-05-28,14:30,Flat,62,TCT,266.4,34.5,45.1,76.96,0.43,61.56,0.36,22.1,0.67
2025-05-28,14:45,Flat,62,TCT,224.0,34.3,43.9,77.35,0.36,61.88,0.3,18.7,0.67
2025-05-28,15:00,Flat,62,TCT,181.7,34.1,42.6,77.74,0.29,62.19,0.24,15.2,0.67
2025-05-28,15:15,Flat,62,TCT,158.5,33.8,41.8,78.02,0.25,62.41,0.21,13.3,0.67
2025-05-28,15:30,Flat,62,TCT,135.4,33.5,40.9,78.3,0.22,62.64,0.18,11.4,0.67
2025-05-28,15:45,Flat,62,TCT,112.2,33.2,40.0,78.57,0.18,62.86,0.15,9.5,0.67
2025-05-28,16:00,Flat,62,TCT,89.0,32.9,39.1,78.85,0.14,63.08,0.12,7.5,0.67
2025-05-28,16:15,Flat,62,TCT,70.5,32.5,38.3,79.13,0.11,63.3,0.09,6.0,0.67
2025-05-28,16:30,Flat,62,TCT,51.9,32.1,37.4,79.41,0.08,63.53,0.07,4.4,0.67
2025-05-28,16:45,Flat,62,TCT,33.3,31.7,36.5,79.69,0.05,63.75,0.04,2.8,0.67
2025-05-28,17:00,Flat,62,TCT,14.8,31.2,35.6,79.97,0.02,63.97,0.02,1.3,0.67
2025-05-28,17:15,Flat,62,TCT,11.1,30.9,35.1,80.12,0.02,64.1,0.01,0.9,0.67
2025-05-28,17:30,Flat,62,TCT,7.4,30.5,34.6,80.27,0.01,64.22,0.01,0.6,0.67
2025-05-29,05:15,Flat,62,TCT,19.5,27.5,32.0,81.11,0.03,64.89,0.03,1.7,0.67
2025-05-29,05:30,Flat,62,TCT,35.9,27.7,32.6,80.93,0.06,64.74,0.05,3.1,0.67
2025-05-29,05:45,Flat,62,TCT,52.2,27.9,33.2,80.74,0.08,64.59,0.07,4.5,0.67
2025-05-29,06:00,Flat,62,TCT,68.6,28.0,33.7,80.56,0.11,64.45,0.09,5.9,0.67
2025-05-29,06:15,Flat,62,TCT,89.1,28.3,34.5,80.31,0.14,64.25,0.12,7.6,0.67
2025-05-29,06:30,Flat,62,TCT,109.6,28.6,35.3,80.05,0.17,64.04,0.15,9.4,0.67
2025-05-29,06:45,Flat,62,TCT,130.2,28.9,36.1,79.8,0.21,63.84,0.17,11.1,0.67
2025-05-29,07:00,Flat,62,TCT,150.7,29.2,36.9,79.55,0.24,63.64,0.2,12.8,0.67
2025-05-29,07:15,Flat,62,TCT,167.3,29.5,37.7,79.32,0.27,63.46,0.22,14.2,0.67
2025-05-29,07:30,Flat,62,TCT,183.9,29.8,38.4,79.09,0.29,63.27,0.25,15.6,0.67
2025-05-29,07:45,Flat,62,TCT,200.5,30.1,39.1,78.86,0.32,63.09,0.27,17.0,0.67
2025-05-29,08:00,Flat,62,TCT,217.1,30.4,39.8,78.64,0.35,62.91,0.29,18.3,0.67
2025-05-29,08:15,Flat,62,TCT,251.1,30.6,40.9,78.29,0.4,62.63,0.34,21.1,0.67
2025-05-29,08:30,Flat,62,TCT,285.2,30.9,42.0,77.94,0.46,62.35,0.38,23.9,0.67
2025-05-29,08:45,Flat,62,TCT,319.3,31.1,43.1,77.6,0.51,62.08,0.43,26.7,0.67
2025-05-29,09:00,Flat,62,TCT,353.4,31.4,44.2,77.25,0.57,61.8,0.48,29.4,0.67
2025-05-29,09:15,Flat,62,TCT,356.0,31.6,44.5,77.17,0.57,61.73,0.48,29.6,0.67
2025-05-29,09:30,Flat,62,TCT,358.7,31.8,44.7,77.08,0.58,61.67,0.48,29.8,0.67
2025-05-29,09:45,Flat,62,TCT,361.4,32.0,45.0,77.0,0.58,61.6,0.49,30.0,0.67
2025-05-29,10:00,Flat,62,TCT,364.0,32.2,45.3,76.91,0.59,61.53,0.49,30.2,0.67
2025-05-29,10:15,Flat,62,TCT,363.4,32.3,45.4,76.87,0.59,61.5,0.49,30.2,0.67
2025-05-29,10:30,Flat,62,TCT,362.9,32.4,45.5,76.83,0.58,61.47,0.49,30.1,0.67
2025-05-29,10:45,Flat,62,TCT,362.3,32.6,45.6,76.79,0.58,61.43,0.49,30.0,0.67
2025-05-29,11:00,Flat,62,TCT,361.7,32.7,45.8,76.75,0.58,61.4,0.49,30.0,0.67
2025-05-29,11:15,Flat,62,TCT,349.4,32.8,45.5,76.83,0.56,61.46,0.47,29.0,0.67
2025-05-29,11:30,Flat,62,TCT,337.1,32.8,45.3,76.91,0.54,61.53,0.45,28.0,0.67
2025-05-29,11:45,Flat,62,TCT,324.8,32.9,45.0,76.99,0.52,61.59,0.44,27.0,0.67
2025-05-29,12:00,Flat,62,TCT,312.6,33.0,44.8,77.06,0.5,61.65,0.42,26.0,0.67
2025-05-29,12:15,Flat,62,TCT,290.9,32.9,44.2,77.25,0.47,61.8,0.39,24.2,0.67
2025-05-29,12:30,Flat,62,TCT,269.2,32.9,43.6,77.43,0.43,61.94,0.36,22.5,0.67
2025-05-29,12:45,Flat,62,TCT,247.6,32.9,43.0,77.61,0.4,62.09,0.33,20.7,0.67
2025-05-29,13:00,Flat,62,TCT,225.9,32.8,42.5,77.8,0.36,62.24,0.3,18.9,0.67
2025-05-29,13:15,Flat,62,TCT,225.0,32.7,42.3,77.84,0.36,62.27,0.3,18.9,0.67
2025-05-29,13:30,Flat,62,TCT,224.1,32.6,42.2,77.88,0.36,62.3,0.3,18.8,0.67
2025-05-29,13:45,Flat,62,TCT,223.2,32.5,42.1,77.92,0.36,62.33,0.3,18.7,0.67
2025-05-29,14:00,Flat,62,TCT,222.3,32.4,42.0,77.96,0.36,62.37,0.3,18.6,0.67
2025-05-29,14:15,Flat,62,TCT,198.6,32.2,41.2,78.2,0.32,62.56,0.27,16.7,0.67
2025-05-29,14:30,Flat,62,TCT,174.9,32.1,40.4,78.44,0.28,62.75,0.23,14.7,0.67
2025-05-29,14:45,Flat,62,TCT,151.2,31.9,39.7,78.68,0.24,62.94,0.2,12.8,0.67
2025-05-29,15:00,Flat,62,TCT,127.6,31.8,38.9,78.91,0.2,63.13,0.17,10.8,0.67
2025-05-29,15:15,Flat,62,TCT,110.7,31.5,38.3,79.12,0.18,63.3,0.15,9.4,0.67
2025-05-29,15:30,Flat,62,TCT,93.8,31.3,37.6,79.32,0.15,63.46,0.13,8.0,0.67
2025-05-29,15:45,Flat,62,TCT,76.9,31.1,37.0,79.53,0.12,63.62,0.1,6.6,0.67
2025-05-29,16:00,Flat,62,TCT,60.0,30.9,36.4,79.73,0.1,63.79,0.08,5.1,0.67
2025-05-29,16:15,Flat,62,TCT,49.0,30.5,35.8,79.92,0.08,63.94,0.07,4.2,0.67
2025-05-29,16:30,Flat,62,TCT,38.0,30.2,35.2,80.11,0.06,64.09,0.05,3.3,0.67
2025-05-29,16:45,Flat,62,TCT,27.0,29.9,34.6,80.29,0.04,64.24,0.04,2.3,0.67
2025-05-29,17:00,Flat,62,TCT,15.9,29.6,34.0,80.48,0.03,64.39,0.02,1.4,0.67
2025-05-29,17:15,Flat,62,TCT,12.0,29.3,33.6,80.59,0.02,64.47,0.02,1.0,0.67
2025-05-29,17:30,Flat,62,TCT,8.0,29.1,33.3,80.7,0.01,64.56,0.01,0.7,0.67
2025-05-30,05:15,Flat,62,TCT,14.4,27.0,31.3,81.32,0.02,65.06,0.02,1.2,0.67
2025-05-30,05:30,Flat,62,TCT,25.1,27.1,31.8,81.19,0.04,64.95,0.03,2.2,0.67
2025-05-30,05:45,Flat,62,TCT,35.8,27.3,32.2,81.06,0.06,64.85,0.05,3.1,0.67
2025-05-30,06:00,Flat,62,TCT,46.5,27.4,32.6,80.93,0.07,64.74,0.06,4.0,0.67
2025-05-30,06:15,Flat,62,TCT,62.5,27.7,33.3,80.7,0.1,64.56,0.08,5.4,0.67
2025-05-30,06:30,Flat,62,TCT,78.3,28.0,34.0,80.48,0.12,64.38,0.1,6.7,0.67
2025-05-30,06:45,Flat,62,TCT,94.2,28.4,34.7,80.25,0.15,64.2,0.13,8.1,0.67
2025-05-30,07:00,Flat,62,TCT,110.2,28.7,35.4,80.03,0.18,64.02,0.15,9.4,0.67
2025-05-30,07:15,Flat,62,TCT,127.1,29.0,36.2,79.78,0.2,63.83,0.17,10.8,0.67
2025-05-30,07:30,Flat,62,TCT,144.0,29.4,37.0,79.54,0.23,63.63,0.19,12.3,0.67
2025-05-30,07:45,Flat,62,TCT,160.9,29.7,37.7,79.29,0.26,63.43,0.22,13.7,0.67
2025-05-30,08:00,Flat,62,TCT,177.8,30.1,38.5,79.05,0.28,63.24,0.24,15.1,0.67
2025-05-30,08:15,Flat,62,TCT,190.0,30.3,39.1,78.87,0.3,63.1,0.25,16.1,0.67
2025-05-30,08:30,Flat,62,TCT,202.1,30.6,39.6,78.7,0.32,62.96,0.27,17.1,0.67
2025-05-30,08:45,Flat,62,TCT,214.2,30.8,40.2,78.53,0.34,62.82,0.29,18.1,0.67
2025-05-30,09:00,Flat,62,TCT,226.4,31.1,40.7,78.35,0.36,62.68,0.3,19.1,0.67
2025-05-30,09:15,Flat,62,TCT,246.5,31.3,41.4,78.13,0.4,62.5,0.33,20.7,0.67
2025-05-30,09:30,Flat,62,TCT,266.7,31.5,42.2,77.9,0.43,62.32,0.36,22.4,0.67
2025-05-30,09:45,Flat,62,TCT,286.8,31.7,42.9,77.67,0.46,62.13,0.39,24.0,0.67
2025-05-30,10:00,Flat,62,TCT,307.0,31.9,43.6,77.44,0.49,61.95,0.41,25.6,0.67
2025-05-30,10:15,Flat,62,TCT,304.2,32.1,43.7,77.4,0.49,61.92,0.41,25.4,0.67
2025-05-30,10:30,Flat,62,TCT,301.4,32.3,43.8,77.36,0.48,61.89,0.41,25.1,0.67
2025-05-30,10:45,Flat,62,TCT,298.6,32.5,44.0,77.32,0.48,61.86,0.4,24.9,0.67
2025-05-30,11:00,Flat,62,TCT,295.8,32.7,44.1,77.28,0.48,61.83,0.4,24.6,0.67
2025-05-30,11:15,Flat,62,TCT,298.6,32.7,44.2,77.25,0.48,61.8,0.4,24.9,0.67
2025-05-30,11:30,Flat,62,TCT,301.4,32.8,44.3,77.21,0.49,61.77,0.41,25.1,0.67
2025-05-30,11:45,Flat,62,TCT,304.2,32.8,44.4,77.17,0.49,61.74,0.41,25.3,0.67
2025-05-30,12:00,Flat,62,TCT,307.0,32.9,44.5,77.14,0.49,61.71,0.41,25.6,0.67
2025-05-30,12:15,Flat,62,TCT,301.3,32.8,44.3,77.21,0.49,61.77,0.41,25.1,0.67
2025-05-30,12:30,Flat,62,TCT,295.6,32.7,44.1,77.28,0.48,61.82,0.4,24.6,0.67
2025-05-30,12:45,Flat,62,TCT,289.8,32.6,43.9,77.35,0.47,61.88,0.39,24.2,0.67
2025-05-30,13:00,Flat,62,TCT,284.1,32.6,43.7,77.42,0.46,61.93,0.38,23.7,0.67
2025-05-30,13:15,Flat,62,TCT,282.9,32.4,43.5,77.48,0.45,61.98,0.38,23.6,0.67
2025-05-30,13:30,Flat,62,TCT,281.6,32.2,43.3,77.54,0.45,62.03,0.38,23.5,0.67
2025-05-30,13:45,Flat,62,TCT,280.4,32.1,43.1,77.61,0.45,62.08,0.38,23.4,0.67
2025-05-30,14:00,Flat,62,TCT,279.1,31.9,42.9,77.67,0.45,62.13,0.38,23.3,0.67
2025-05-30,14:15,Flat,62,TCT,260.5,31.7,42.2,77.87,0.42,62.3,0.35,21.8,0.67
2025-05-30,14:30,Flat,62,TCT,242.0,31.5,41.6,78.08,0.39,62.46,0.33,20.3,0.67
2025-05-30,14:45,Flat,62,TCT,223.4,31.4,40.9,78.28,0.36,62.62,0.3,18.8,0.67
2025-05-30,15:00,Flat,62,TCT,204.9,31.2,40.3,78.49,0.33,62.79,0.28,17.3,0.67
2025-05-30,15:15,Flat,62,TCT,181.0,30.9,39.4,78.75,0.29,63.0,0.24,15.3,0.67
2025-05-30,15:30,Flat,62,TCT,157.2,30.7,38.6,79.02,0.25,63.22,0.21,13.3,0.67
2025-05-30,15:45,Flat,62,TCT,133.3,30.4,37.7,79.29,0.21,63.43,0.18,11.3,0.67
2025-05-30,16:00,Flat,62,TCT,109.5,30.2,36.9,79.56,0.17,63.65,0.15,9.3,0.67
2025-05-30,16:15,Flat,62,TCT,89.1,29.8,36.0,79.84,0.14,63.87,0.12,7.6,0.67
2025-05-30,16:30,Flat,62,TCT,68.7,29.4,35.1,80.13,0.11,64.1,0.09,5.9,0.67
2025-05-30,16:45,Flat,62,TCT,48.3,29.0,34.2,80.41,0.08,64.33,0.06,4.1,0.67
2025-05-30,17:00,Flat,62,TCT,27.9,28.6,33.3,80.69,0.04,64.55,0.04,2.4,0.67
2025-05-30,17:15,Flat,62,TCT,20.9,28.3,32.8,80.85,0.03,64.68,0.03,1.8,0.67
2025-05-30,17:30,Flat,62,TCT,13.9,28.0,32.3,81.0,0.02,64.8,0.02,1.2,0.67
2025-05-30,17:45,Flat,62,TCT,7.0,27.7,31.9,81.16,0.01,64.92,0.01,0.6,0.67
2025-05-31,05:15,Flat,62,TCT,18.7,25.7,30.1,81.71,0.03,65.36,0.02,1.6,0.67
2025-05-31,05:30,Flat,62,TCT,33.0,25.8,30.7,81.53,0.05,65.23,0.04,2.9,0.67
2025-05-31,05:45,Flat,62,TCT,47.3,26.0,31.2,81.36,0.08,65.09,0.06,4.1,0.67
2025-05-31,06:00,Flat,62,TCT,61.5,26.2,31.7,81.19,0.1,64.95,0.08,5.3,0.67
2025-05-31,06:15,Flat,62,TCT,81.1,26.5,32.6,80.94,0.13,64.75,0.11,7.0,0.67
2025-05-31,06:30,Flat,62,TCT,100.6,26.8,33.4,80.68,0.16,64.54,0.13,8.7,0.67
2025-05-31,06:45,Flat,62,TCT,120.2,27.2,34.2,80.43,0.19,64.34,0.16,10.3,0.67
2025-05-31,07:00,Flat,62,TCT,139.8,27.5,35.0,80.17,0.22,64.14,0.19,12.0,0.67
2025-05-31,07:15,Flat,62,TCT,158.7,27.9,35.9,79.87,0.25,63.9,0.21,13.6,0.67
2025-05-31,07:30,Flat,62,TCT,177.7,28.4,36.8,79.58,0.28,63.66,0.24,15.1,0.67
2025-05-31,07:45,Flat,62,TCT,196.7,28.9,37.8,79.28,0.31,63.42,0.26,16.7,0.67
2025-05-31,08:00,Flat,62,TCT,215.7,29.3,38.7,78.98,0.35,63.19,0.29,18.3,0.67
2025-05-31,08:15,Flat,62,TCT,224.2,29.8,39.4,78.78,0.36,63.02,0.3,19.0,0.67
2025-05-31,08:30,Flat,62,TCT,232.7,30.2,40.0,78.57,0.37,62.86,0.31,19.6,0.67
2025-05-31,08:45,Flat,62,TCT,241.2,30.6,40.7,78.36,0.39,62.69,0.32,20.3,0.67
2025-05-31,09:00,Flat,62,TCT,249.7,31.1,41.3,78.16,0.4,62.53,0.34,21.0,0.67
2025-05-31,09:15,Flat,62,TCT,258.3,31.4,41.9,77.98,0.41,62.39,0.35,21.7,0.67
2025-05-31,09:30,Flat,62,TCT,266.9,31.8,42.4,77.81,0.43,62.25,0.36,22.4,0.67
2025-05-31,09:45,Flat,62,TCT,275.5,32.1,43.0,77.63,0.44,62.11,0.37,23.0,0.67
2025-05-31,10:00,Flat,62,TCT,284.1,32.4,43.5,77.46,0.46,61.97,0.38,23.7,0.67
2025-05-31,10:15,Flat,62,TCT,288.6,32.7,43.9,77.33,0.46,61.86,0.39,24.1,0.67
2025-05-31,10:30,Flat,62,TCT,293.0,33.0,44.4,77.2,0.47,61.76,0.4,24.4,0.67
2025-05-31,10:45,Flat,62,TCT,297.4,33.3,44.8,77.06,0.48,61.65,0.4,24.7,0.67
2025-05-31,11:00,Flat,62,TCT,301.9,33.6,45.2,76.93,0.49,61.55,0.41,25.1,0.67
2025-05-31,11:15,Flat,62,TCT,308.8,33.9,45.6,76.81,0.5,61.45,0.42,25.6,0.67
2025-05-31,11:30,Flat,62,TCT,315.6,34.1,46.0,76.69,0.51,61.35,0.43,26.2,0.67
2025-05-31,11:45,Flat,62,TCT,322.5,34.3,46.3,76.57,0.52,61.26,0.44,26.7,0.67
2025-05-31,12:00,Flat,62,TCT,329.4,34.5,46.7,76.45,0.53,61.16,0.45,27.2,0.67
2025-05-31,12:15,Flat,62,TCT,326.2,34.6,46.7,76.45,0.53,61.16,0.44,27.0,0.67
2025-05-31,12:30,Flat,62,TCT,323.0,34.6,46.7,76.46,0.52,61.16,0.44,26.7,0.67
2025-05-31,12:45,Flat,62,TCT,319.8,34.7,46.7,76.46,0.52,61.17,0.43,26.4,0.67
2025-05-31,13:00,Flat,62,TCT,316.6,34.8,46.7,76.46,0.51,61.17,0.43,26.2,0.67
2025-05-31,13:15,Flat,62,TCT,309.4,34.7,46.5,76.54,0.5,61.23,0.42,25.6,0.67
2025-05-31,13:30,Flat,62,TCT,302.2,34.7,46.2,76.61,0.49,61.29,0.41,25.0,0.67
2025-05-31,13:45,Flat,62,TCT,295.0,34.6,46.0,76.69,0.48,61.35,0.4,24.4,0.67
2025-05-31,14:00,Flat,62,TCT,287.8,34.5,45.7,76.77,0.46,61.41,0.39,23.9,0.67
2025-05-31,14:15,Flat,62,TCT,269.8,34.4,45.1,76.97,0.43,61.57,0.36,22.4,0.67
2025-05-31,14:30,Flat,62,TCT,251.8,34.2,44.5,77.16,0.41,61.73,0.34,21.0,0.67
2025-05-31,14:45,Flat,62,TCT,233.8,34.0,43.8,77.36,0.38,61.89,0.32,19.5,0.67
2025-05-31,15:00,Flat,62,TCT,215.8,33.8,43.2,77.56,0.35,62.05,0.29,18.0,0.67
2025-05-31,15:15,Flat,62,TCT,189.8,33.5,42.2,77.87,0.3,62.3,0.26,15.9,0.67
2025-05-31,15:30,Flat,62,TCT,163.7,33.2,41.3,78.18,0.26,62.54,0.22,13.8,0.67
2025-05-31,15:45,Flat,62,TCT,137.6,32.8,40.3,78.49,0.22,62.79,0.18,11.6,0.67
2025-05-31,16:00,Flat,62,TCT,111.5,32.5,39.3,78.8,0.18,63.04,0.15,9.4,0.67
2025-05-31,16:15,Flat,62,TCT,91.0,32.0,38.3,79.13,0.15,63.3,0.12,7.7,0.67
2025-05-31,16:30,Flat,62,TCT,70.5,31.5,37.2,79.46,0.11,63.57,0.09,6.0,0.67
2025-05-31,16:45,Flat,62,TCT,49.9,30.9,36.2,79.79,0.08,63.83,0.07,4.3,0.67
2025-05-31,17:00,Flat,62,TCT,29.4,30.4,35.1,80.12,0.05,64.1,0.04,2.5,0.67
2025-05-31,17:15,Flat,62,TCT,22.1,29.8,34.4,80.35,0.04,64.28,0.03,1.9,0.67
2025-05-31,17:30,Flat,62,TCT,14.7,29.3,33.7,80.58,0.02,64.46,0.02,1.3,0.67
2025-05-31,17:45,Flat,62,TCT,7.4,28.8,33.0,80.81,0.01,64.64,0.01,0.6,0.67
2025-06-01,05:00,Flat,62,TCT,6.7,25.1,29.3,81.97,0.01,65.58,0.01,0.6,0.67
2025-06-01,05:15,Flat,62,TCT,30.3,25.5,30.2,81.68,0.05,65.34,0.04,2.6,0.67
2025-06-01,05:30,Flat,62,TCT,54.0,25.8,31.2,81.38,0.09,65.1,0.07,4.7,0.67
2025-06-01,05:45,Flat,62,TCT,77.7,26.2,32.1,81.08,0.12,64.86,0.1,6.7,0.67
2025-06-01,06:00,Flat,62,TCT,101.3,26.5,33.0,80.78,0.16,64.62,0.14,8.7,0.67
2025-06-01,06:15,Flat,62,TCT,142.3,26.9,34.4,80.34,0.23,64.28,0.19,12.2,0.67
2025-06-01,06:30,Flat,62,TCT,183.2,27.2,35.8,79.91,0.29,63.93,0.24,15.7,0.67
2025-06-01,06:45,Flat,62,TCT,224.1,27.6,37.2,79.47,0.36,63.58,0.3,19.1,0.67
2025-06-01,07:00,Flat,62,TCT,265.1,27.9,38.6,79.04,0.42,63.23,0.36,22.5,0.67
2025-06-01,07:15,Flat,62,TCT,310.7,28.4,40.2,78.53,0.5,62.82,0.42,26.2,0.67
2025-06-01,07:30,Flat,62,TCT,356.3,28.8,41.8,78.02,0.57,62.42,0.48,29.9,0.67
2025-06-01,07:45,Flat,62,TCT,401.9,29.3,43.3,77.52,0.65,62.01,0.54,33.6,0.67
2025-06-01,08:00,Flat,62,TCT,447.5,29.8,44.9,77.01,0.72,61.61,0.6,37.2,0.67
2025-06-01,08:15,Flat,62,TCT,495.5,30.3,46.7,76.46,0.8,61.17,0.67,41.0,0.67
2025-06-01,08:30,Flat,62,TCT,543.5,30.8,48.4,75.91,0.88,60.73,0.74,44.7,0.67
2025-06-01,08:45,Flat,62,TCT,591.5,31.4,50.2,75.36,0.96,60.29,0.8,48.4,0.67
2025-06-01,09:00,Flat,62,TCT,639.5,31.9,51.9,74.81,1.04,59.85,0.87,52.0,0.67
2025-06-01,09:15,Flat,62,TCT,683.8,32.5,53.6,74.28,1.11,59.42,0.93,55.3,0.67
2025-06-01,09:30,Flat,62,TCT,728.1,33.0,55.2,73.75,1.18,59.0,0.99,58.5,0.67
2025-06-01,09:45,Flat,62,TCT,772.4,33.6,56.9,73.22,1.26,58.58,1.05,61.8,0.67
2025-06-01,10:00,Flat,62,TCT,816.7,34.2,58.6,72.69,1.33,58.15,1.12,64.9,0.67
2025-06-01,10:15,Flat,62,TCT,794.7,34.5,58.4,72.76,1.3,58.21,1.09,63.2,0.67
2025-06-01,10:30,Flat,62,TCT,772.6,34.9,58.2,72.82,1.26,58.26,1.06,61.5,0.67
2025-06-01,10:45,Flat,62,TCT,750.5,35.2,58.0,72.89,1.22,58.31,1.03,59.8,0.67
2025-06-01,11:00,Flat,62,TCT,728.5,35.6,57.8,72.95,1.19,58.36,1.0,58.1,0.67
2025-06-01,11:15,Flat,62,TCT,745.2,35.7,58.4,72.76,1.22,58.21,1.02,59.3,0.67
2025-06-01,11:30,Flat,62,TCT,761.9,35.9,59.0,72.57,1.24,58.06,1.04,60.5,0.67
2025-06-01,11:45,Flat,62,TCT,778.6,36.1,59.6,72.38,1.27,57.9,1.07,61.7,0.67
2025-06-01,12:00,Flat,62,TCT,795.3,36.3,60.2,72.19,1.3,57.75,1.09,62.9,0.67
2025-06-01,12:15,Flat,62,TCT,760.6,36.3,59.4,72.45,1.24,57.96,1.04,60.3,0.67
2025-06-01,12:30,Flat,62,TCT,725.8,36.4,58.5,72.71,1.18,58.16,0.99,57.7,0.67
2025-06-01,12:45,Flat,62,TCT,691.1,36.5,57.7,72.96,1.13,58.37,0.94,55.1,0.67
2025-06-01,13:00,Flat,62,TCT,656.4,36.5,56.9,73.22,1.07,58.58,0.9,52.5,0.67
2025-06-01,13:15,Flat,62,TCT,644.6,36.4,56.5,73.35,1.05,58.68,0.88,51.6,0.67
2025-06-01,13:30,Flat,62,TCT,632.7,36.3,56.1,73.48,1.03,58.78,0.86,50.7,0.67
2025-06-01,13:45,Flat,62,TCT,620.9,36.2,55.7,73.61,1.01,58.88,0.85,49.8,0.67
2025-06-01,14:00,Flat,62,TCT,609.1,36.1,55.3,73.73,0.99,58.99,0.83,49.0,0.67
2025-06-01,14:15,Flat,62,TCT,561.8,35.8,53.9,74.19,0.91,59.35,0.76,45.4,0.67
2025-06-01,14:30,Flat,62,TCT,514.5,35.6,52.4,74.64,0.83,59.71,0.7,41.8,0.67
2025-06-01,14:45,Flat,62,TCT,467.3,35.3,51.0,75.09,0.76,60.07,0.63,38.1,0.67
2025-06-01,15:00,Flat,62,TCT,420.0,35.1,49.6,75.54,0.68,60.43,0.57,34.4,0.67
2025-06-01,15:15,Flat,62,TCT,367.4,34.7,47.9,76.07,0.59,60.86,0.5,30.3,0.67
2025-06-01,15:30,Flat,62,TCT,314.9,34.4,46.2,76.61,0.51,61.29,0.43,26.1,0.67
2025-06-01,15:45,Flat,62,TCT,262.3,34.0,44.5,77.14,0.42,61.71,0.35,21.8,0.67
2025-06-01,16:00,Flat,62,TCT,209.7,33.6,42.9,77.67,0.34,62.14,0.28,17.5,0.67
2025-06-01,16:15,Flat,62,TCT,170.4,33.1,41.4,78.15,0.27,62.52,0.23,14.3,0.67
2025-06-01,16:30,Flat,62,TCT,131.1,32.6,39.9,78.62,0.21,62.89,0.18,11.1,0.67
2025-06-01,16:45,Flat,62,TCT,91.8,32.1,38.4,79.09,0.15,63.27,0.12,7.8,0.67
2025-06-01,17:00,Flat,62,TCT,52.5,31.6,36.9,79.56,0.08,63.64,0.07,4.5,0.67
2025-06-01,17:15,Flat,62,TCT,39.4,31.1,36.1,79.81,0.06,63.84,0.05,3.4,0.67
2025-06-01,17:30,Flat,62,TCT,26.3,30.7,35.3,80.05,0.04,64.04,0.04,2.2,0.67
2025-06-01,17:45,Flat,62,TCT,13.1,30.2,34.5,80.3,0.02,64.24,0.02,1.1,0.67
2025-06-02,04:45,Flat,62,TCT,5.9,25.0,29.1,82.01,0.01,65.61,0.01,0.5,0.67
2025-06-02,05:00,Flat,62,TCT,7.9,25.0,29.2,82.01,0.01,65.6,0.01,0.7,0.67
2025-06-02,05:15,Flat,62,TCT,40.1,25.3,30.3,81.65,0.06,65.32,0.05,3.5,0.67
2025-06-02,05:30,Flat,62,TCT,72.3,25.6,31.4,81.3,0.11,65.04,0.1,6.3,0.67
2025-06-02,05:45,Flat,62,TCT,104.5,25.9,32.5,80.95,0.17,64.76,0.14,9.0,0.67
2025-06-02,06:00,Flat,62,TCT,136.7,26.2,33.6,80.6,0.22,64.48,0.18,11.8,0.67
2025-06-02,06:15,Flat,62,TCT,191.0,26.6,35.4,80.03,0.3,64.02,0.26,16.3,0.67
2025-06-02,06:30,Flat,62,TCT,245.2,27.1,37.2,79.46,0.39,63.57,0.33,20.9,0.67
2025-06-02,06:45,Flat,62,TCT,299.5,27.5,39.0,78.9,0.48,63.12,0.4,25.4,0.67
2025-06-02,07:00,Flat,62,TCT,353.8,27.9,40.8,78.33,0.57,62.66,0.48,29.8,0.67
2025-06-02,07:15,Flat,62,TCT,408.6,28.5,42.8,77.71,0.66,62.16,0.55,34.2,0.67
2025-06-02,07:30,Flat,62,TCT,463.5,29.1,44.7,77.08,0.75,61.67,0.63,38.6,0.67
2025-06-02,07:45,Flat,62,TCT,518.4,29.7,46.7,76.46,0.84,61.17,0.7,42.8,0.67
2025-06-02,08:00,Flat,62,TCT,573.2,30.3,48.7,75.83,0.93,60.67,0.78,47.1,0.67
2025-06-02,08:15,Flat,62,TCT,595.8,30.8,49.7,75.5,0.96,60.4,0.81,48.8,0.67
2025-06-02,08:30,Flat,62,TCT,618.2,31.3,50.8,75.17,1.0,60.14,0.84,50.4,0.67
2025-06-02,08:45,Flat,62,TCT,640.8,31.8,51.8,74.84,1.04,59.87,0.87,52.1,0.67
2025-06-02,09:00,Flat,62,TCT,663.2,32.3,52.9,74.51,1.08,59.61,0.9,53.7,0.67
2025-06-02,09:15,Flat,62,TCT,669.5,32.6,53.3,74.35,1.09,59.48,0.91,54.2,0.67
2025-06-02,09:30,Flat,62,TCT,675.7,32.9,53.8,74.2,1.1,59.36,0.92,54.6,0.67
2025-06-02,09:45,Flat,62,TCT,681.9,33.3,54.3,74.04,1.11,59.23,0.93,55.0,0.67
2025-06-02,10:00,Flat,62,TCT,688.1,33.6,54.8,73.88,1.12,59.11,0.94,55.4,0.67
2025-06-02,10:15,Flat,62,TCT,708.6,33.8,55.5,73.66,1.15,58.93,0.97,56.9,0.67
2025-06-02,10:30,Flat,62,TCT,729.1,34.0,56.2,73.43,1.19,58.75,0.99,58.4,0.67
2025-06-02,10:45,Flat,62,TCT,749.6,34.2,57.0,73.21,1.22,58.57,1.02,59.9,0.67
2025-06-02,11:00,Flat,62,TCT,770.1,34.4,57.7,72.98,1.26,58.39,1.05,61.4,0.67
2025-06-02,11:15,Flat,62,TCT,731.3,34.5,56.8,73.26,1.19,58.61,1.0,58.5,0.67
2025-06-02,11:30,Flat,62,TCT,692.5,34.6,55.9,73.53,1.13,58.83,0.94,55.5,0.67
2025-06-02,11:45,Flat,62,TCT,653.6,34.7,55.1,73.81,1.06,59.05,0.89,52.6,0.67
2025-06-02,12:00,Flat,62,TCT,614.8,34.8,54.2,74.08,1.0,59.27,0.84,49.6,0.67
2025-06-02,12:15,Flat,62,TCT,625.6,34.8,54.4,74.01,1.02,59.21,0.85,50.4,0.67
2025-06-02,12:30,Flat,62,TCT,636.4,34.7,54.7,73.94,1.03,59.15,0.87,51.3,0.67
2025-06-02,12:45,Flat,62,TCT,647.2,34.7,54.9,73.87,1.05,59.09,0.88,52.1,0.67
2025-06-02,13:00,Flat,62,TCT,658.0,34.7,55.1,73.79,1.07,59.04,0.9,52.9,0.67
2025-06-02,13:15,Flat,62,TCT,624.3,34.6,54.2,74.09,1.01,59.27,0.85,50.4,0.67
2025-06-02,13:30,Flat,62,TCT,590.7,34.5,53.2,74.39,0.96,59.51,0.8,47.8,0.67
2025-06-02,13:45,Flat,62,TCT,557.1,34.4,52.3,74.69,0.9,59.75,0.76,45.2,0.67
2025-06-02,14:00,Flat,62,TCT,523.4,34.3,51.4,74.98,0.85,59.99,0.71,42.6,0.67
2025-06-02,14:15,Flat,62,TCT,492.6,34.2,50.5,75.26,0.8,60.21,0.67,40.2,0.67
2025-06-02,14:30,Flat,62,TCT,461.8,34.0,49.6,75.54,0.75,60.43,0.63,37.8,0.67
2025-06-02,14:45,Flat,62,TCT,431.0,33.9,48.7,75.82,0.7,60.66,0.58,35.4,0.67
2025-06-02,15:00,Flat,62,TCT,400.2,33.8,47.8,76.1,0.65,60.88,0.54,33.0,0.67
2025-06-02,15:15,Flat,62,TCT,355.4,33.6,46.5,76.52,0.57,61.22,0.48,29.4,0.67
2025-06-02,15:30,Flat,62,TCT,310.6,33.4,45.2,76.94,0.5,61.56,0.42,25.8,0.67
2025-06-02,15:45,Flat,62,TCT,265.9,33.2,43.8,77.37,0.43,61.89,0.36,22.2,0.67
2025-06-02,16:00,Flat,62,TCT,221.1,33.0,42.5,77.79,0.36,62.23,0.3,18.5,0.67
2025-06-02,16:15,Flat,62,TCT,179.1,32.5,41.0,78.27,0.29,62.62,0.24,15.1,0.67
2025-06-02,16:30,Flat,62,TCT,137.1,32.0,39.5,78.75,0.22,63.0,0.18,11.6,0.67
2025-06-02,16:45,Flat,62,TCT,95.1,31.6,37.9,79.23,0.15,63.38,0.13,8.1,0.67
2025-06-02,17:00,Flat,62,TCT,53.1,31.1,36.4,79.71,0.08,63.77,0.07,4.5,0.67
2025-06-02,17:15,Flat,62,TCT,39.8,30.7,35.7,79.95,0.06,63.96,0.05,3.4,0.67
2025-06-02,17:30,Flat,62,TCT,26.5,30.2,34.9,80.2,0.04,64.16,0.04,2.3,0.67
2025-06-02,17:45,Flat,62,TCT,13.3,29.8,34.1,80.44,0.02,64.35,0.02,1.1,0.67
2025-06-03,05:00,Flat,62,TCT,6.5,25.6,29.7,81.83,0.01,65.47,0.01,0.6,0.67
2025-06-03,05:15,Flat,62,TCT,32.8,25.9,30.7,81.53,0.05,65.23,0.04,2.8,0.67
2025-06-03,05:30,Flat,62,TCT,59.1,26.1,31.6,81.23,0.09,64.99,0.08,5.1,0.67
2025-06-03,05:45,Flat,62,TCT,85.3,26.4,32.6,80.93,0.14,64.74,0.11,7.4,0.67
2025-06-03,06:00,Flat,62,TCT,111.6,26.7,33.5,80.63,0.18,64.5,0.15,9.6,0.67
2025-06-03,06:15,Flat,62,TCT,157.0,27.1,35.1,80.14,0.25,64.11,0.21,13.4,0.67
2025-06-03,06:30,Flat,62,TCT,202.5,27.6,36.6,79.65,0.32,63.72,0.27,17.3,0.67
2025-06-03,06:45,Flat,62,TCT,247.9,28.0,38.2,79.15,0.4,63.32,0.33,21.0,0.67
2025-06-03,07:00,Flat,62,TCT,293.4,28.4,39.7,78.66,0.47,62.93,0.39,24.8,0.67
2025-06-03,07:15,Flat,62,TCT,347.4,28.9,41.6,78.06,0.56,62.45,0.47,29.2,0.67
2025-06-03,07:30,Flat,62,TCT,401.5,29.5,43.5,77.46,0.65,61.97,0.54,33.5,0.67
2025-06-03,07:45,Flat,62,TCT,455.5,30.0,45.4,76.86,0.73,61.49,0.61,37.8,0.67
2025-06-03,08:00,Flat,62,TCT,509.6,30.6,47.3,76.26,0.82,61.01,0.69,42.0,0.67
2025-06-03,08:15,Flat,62,TCT,528.7,31.1,48.3,75.95,0.85,60.76,0.72,43.5,0.67
2025-06-03,08:30,Flat,62,TCT,547.8,31.6,49.3,75.64,0.89,60.51,0.74,44.9,0.67
2025-06-03,08:45,Flat,62,TCT,566.9,32.1,50.3,75.33,0.92,60.26,0.77,46.3,0.67
2025-06-03,09:00,Flat,62,TCT,586.0,32.6,51.2,75.02,0.95,60.01,0.8,47.7,0.67
2025-06-03,09:15,Flat,62,TCT,607.8,33.0,52.2,74.73,0.99,59.78,0.83,49.4,0.67
2025-06-03,09:30,Flat,62,TCT,629.7,33.3,53.1,74.44,1.02,59.55,0.86,51.0,0.67
2025-06-03,09:45,Flat,62,TCT,651.6,33.7,54.0,74.15,1.06,59.32,0.89,52.6,0.67
2025-06-03,10:00,Flat,62,TCT,673.5,34.1,54.9,73.85,1.1,59.08,0.92,54.2,0.67
2025-06-03,10:15,Flat,62,TCT,659.4,34.4,54.8,73.88,1.07,59.1,0.9,53.1,0.67
2025-06-03,10:30,Flat,62,TCT,645.4,34.6,54.8,73.9,1.05,59.12,0.88,52.0,0.67
2025-06-03,10:45,Flat,62,TCT,631.4,34.9,54.7,73.92,1.03,59.14,0.86,50.9,0.67
2025-06-03,11:00,Flat,62,TCT,617.4,35.2,54.6,73.94,1.0,59.16,0.84,49.7,0.67
2025-06-03,11:15,Flat,62,TCT,622.3,35.4,54.9,73.85,1.01,59.08,0.85,50.1,0.67
2025-06-03,11:30,Flat,62,TCT,627.3,35.5,55.2,73.76,1.02,59.01,0.85,50.4,0.67
2025-06-03,11:45,Flat,62,TCT,632.2,35.7,55.5,73.67,1.03,58.94,0.86,50.8,0.67
2025-06-03,12:00,Flat,62,TCT,637.2,35.9,55.8,73.58,1.04,58.86,0.87,51.1,0.67
2025-06-03,12:15,Flat,62,TCT,595.0,35.9,54.8,73.89,0.97,59.11,0.81,47.9,0.67
2025-06-03,12:30,Flat,62,TCT,552.7,36.0,53.8,74.21,0.9,59.36,0.75,44.6,0.67
2025-06-03,12:45,Flat,62,TCT,510.5,36.1,52.8,74.52,0.83,59.62,0.69,41.4,0.67
2025-06-03,13:00,Flat,62,TCT,468.2,36.1,51.8,74.83,0.76,59.87,0.64,38.1,0.67
2025-06-03,13:15,Flat,62,TCT,489.6,36.1,52.3,74.68,0.79,59.74,0.67,39.7,0.67
2025-06-03,13:30,Flat,62,TCT,511.0,36.0,52.8,74.52,0.83,59.61,0.69,41.4,0.67
2025-06-03,13:45,Flat,62,TCT,532.3,36.0,53.3,74.36,0.86,59.49,0.72,43.1,0.67
2025-06-03,14:00,Flat,62,TCT,553.7,36.0,53.8,74.2,0.9,59.36,0.75,44.7,0.67
2025-06-03,14:15,Flat,62,TCT,519.9,35.8,52.8,74.51,0.84,59.61,0.71,42.1,0.67
2025-06-03,14:30,Flat,62,TCT,486.2,35.7,51.9,74.82,0.79,59.86,0.66,39.5,0.67
2025-06-03,14:45,Flat,62,TCT,452.4,35.6,50.9,75.13,0.73,60.11,0.61,36.9,0.67
2025-06-03,15:00,Flat,62,TCT,418.6,35.4,49.9,75.44,0.68,60.36,0.57,34.3,0.67
2025-06-03,15:15,Flat,62,TCT,369.3,35.1,48.3,75.94,0.6,60.75,0.5,30.4,0.67
2025-06-03,15:30,Flat,62,TCT,320.0,34.8,46.8,76.43,0.52,61.14,0.43,26.4,0.67
2025-06-03,15:45,Flat,62,TCT,270.7,34.5,45.2,76.92,0.44,61.54,0.37,22.5,0.67
2025-06-03,16:00,Flat,62,TCT,221.4,34.1,43.7,77.41,0.36,61.93,0.3,18.5,0.67
2025-06-03,16:15,Flat,62,TCT,179.1,33.5,42.0,77.94,0.29,62.35,0.24,15.0,0.67
2025-06-03,16:30,Flat,62,TCT,136.9,32.9,40.3,78.47,0.22,62.78,0.18,11.5,0.67
2025-06-03,16:45,Flat,62,TCT,94.6,32.3,38.7,79.0,0.15,63.2,0.13,8.0,0.67
2025-06-03,17:00,Flat,62,TCT,52.3,31.7,37.0,79.53,0.08,63.63,0.07,4.5,0.67
2025-06-03,17:15,Flat,62,TCT,39.2,31.2,36.2,79.78,0.06,63.82,0.05,3.4,0.67
2025-06-03,17:30,Flat,62,TCT,26.2,30.8,35.4,80.03,0.04,64.02,0.03,2.2,0.67
2025-06-03,17:45,Flat,62,TCT,13.1,30.3,34.6,80.27,0.02,64.22,0.02,1.1,0.67
2025-06-04,05:00,Flat,62,TCT,5.8,25.5,29.7,81.85,0.01,65.48,0.01,0.5,0.67
2025-06-04,05:15,Flat,62,TCT,25.2,25.7,30.4,81.63,0.04,65.3,0.03,2.2,0.67
2025-06-04,05:30,Flat,62,TCT,44.5,26.0,31.1,81.4,0.07,65.12,0.06,3.9,0.67
2025-06-04,05:45,Flat,62,TCT,63.8,26.2,31.8,81.18,0.1,64.94,0.08,5.5,0.67
2025-06-04,06:00,Flat,62,TCT,83.2,26.4,32.5,80.96,0.13,64.77,0.11,7.2,0.67
2025-06-04,06:15,Flat,62,TCT,116.9,26.7,33.7,80.58,0.19,64.47,0.16,10.1,0.67
2025-06-04,06:30,Flat,62,TCT,150.7,27.1,34.9,80.21,0.24,64.17,0.2,12.9,0.67
2025-06-04,06:45,Flat,62,TCT,184.5,27.4,36.0,79.83,0.29,63.87,0.25,15.8,0.67
2025-06-04,07:00,Flat,62,TCT,218.3,27.8,37.2,79.46,0.35,63.57,0.29,18.6,0.67
2025-06-04,07:15,Flat,62,TCT,264.0,28.3,38.9,78.94,0.42,63.15,0.35,22.4,0.67
2025-06-04,07:30,Flat,62,TCT,309.8,28.8,40.5,78.42,0.5,62.73,0.42,26.1,0.67
2025-06-04,07:45,Flat,62,TCT,355.6,29.3,42.1,77.9,0.57,62.32,0.48,29.8,0.67
2025-06-04,08:00,Flat,62,TCT,401.4,29.8,43.8,77.38,0.65,61.9,0.54,33.5,0.67
2025-06-04,08:15,Flat,62,TCT,420.3,30.3,44.8,77.07,0.68,61.66,0.57,35.0,0.67
2025-06-04,08:30,Flat,62,TCT,439.2,30.7,45.7,76.77,0.71,61.41,0.59,36.4,0.67
2025-06-04,08:45,Flat,62,TCT,458.1,31.2,46.7,76.46,0.74,61.17,0.62,37.9,0.67
2025-06-04,09:00,Flat,62,TCT,477.0,31.7,47.7,76.15,0.77,60.92,0.65,39.3,0.67
2025-06-04,09:15,Flat,62,TCT,498.4,32.1,48.6,75.86,0.81,60.69,0.67,40.9,0.67
2025-06-04,09:30,Flat,62,TCT,519.7,32.5,49.5,75.56,0.84,60.45,0.7,42.6,0.67
2025-06-04,09:45,Flat,62,TCT,541.1,32.9,50.5,75.26,0.88,60.21,0.73,44.2,0.67
2025-06-04,10:00,Flat,62,TCT,562.5,33.4,51.4,74.96,0.91,59.97,0.76,45.8,0.67
2025-06-04,10:15,Flat,62,TCT,584.5,33.7,52.3,74.68,0.95,59.74,0.79,47.5,0.67
2025-06-04,10:30,Flat,62,TCT,606.6,34.1,53.2,74.39,0.99,59.51,0.83,49.1,0.67
2025-06-04,10:45,Flat,62,TCT,628.7,34.4,54.1,74.1,1.02,59.28,0.86,50.7,0.67
2025-06-04,11:00,Flat,62,TCT,650.8,34.8,55.1,73.81,1.06,59.05,0.89,52.4,0.67
2025-06-04,11:15,Flat,62,TCT,669.6,35.1,55.8,73.57,1.09,58.85,0.91,53.7,0.67
2025-06-04,11:30,Flat,62,TCT,688.4,35.4,56.6,73.32,1.12,58.66,0.94,55.1,0.67
2025-06-04,11:45,Flat,62,TCT,707.2,35.7,57.4,73.08,1.15,58.46,0.97,56.5,0.67
2025-06-04,12:00,Flat,62,TCT,726.0,36.0,58.2,72.83,1.18,58.26,0.99,57.8,0.67
2025-06-04,12:15,Flat,62,TCT,691.0,36.2,57.5,73.05,1.13,58.44,0.94,55.1,0.67
2025-06-04,12:30,Flat,62,TCT,655.9,36.4,56.8,73.27,1.07,58.62,0.9,52.5,0.67
2025-06-04,12:45,Flat,62,TCT,620.8,36.5,56.1,73.49,1.01,58.79,0.85,49.8,0.67
2025-06-04,13:00,Flat,62,TCT,585.7,36.7,55.4,73.71,0.95,58.97,0.8,47.1,0.67
2025-06-04,13:15,Flat,62,TCT,570.4,36.8,55.0,73.82,0.93,59.06,0.78,45.9,0.67
2025-06-04,13:30,Flat,62,TCT,555.1,36.8,54.7,73.93,0.9,59.15,0.76,44.7,0.67
2025-06-04,13:45,Flat,62,TCT,539.8,36.8,54.3,74.04,0.88,59.24,0.73,43.5,0.67
2025-06-04,14:00,Flat,62,TCT,524.5,36.9,54.0,74.15,0.85,59.32,0.71,42.3,0.67
2025-06-04,14:15,Flat,62,TCT,481.1,36.7,52.8,74.54,0.78,59.63,0.65,39.0,0.67
2025-06-04,14:30,Flat,62,TCT,437.8,36.6,51.5,74.93,0.71,59.94,0.59,35.6,0.67
2025-06-04,14:45,Flat,62,TCT,394.5,36.4,50.3,75.31,0.64,60.25,0.53,32.2,0.67
2025-06-04,15:00,Flat,62,TCT,351.1,36.3,49.1,75.7,0.57,60.56,0.48,28.8,0.67
2025-06-04,15:15,Flat,62,TCT,310.8,36.0,47.7,76.13,0.5,60.9,0.42,25.6,0.67
2025-06-04,15:30,Flat,62,TCT,270.4,35.6,46.4,76.55,0.44,61.24,0.37,22.4,0.67
2025-06-04,15:45,Flat,62,TCT,230.1,35.3,45.0,76.98,0.37,61.59,0.31,19.1,0.67
2025-06-04,16:00,Flat,62,TCT,189.8,35.0,43.7,77.41,0.31,61.93,0.26,15.8,0.67
2025-06-04,16:15,Flat,62,TCT,154.1,34.3,42.1,77.91,0.25,62.33,0.21,12.9,0.67
2025-06-04,16:30,Flat,62,TCT,118.5,33.6,40.5,78.41,0.19,62.73,0.16,10.0,0.67
2025-06-04,16:45,Flat,62,TCT,82.8,32.9,38.9,78.91,0.13,63.13,0.11,7.0,0.67
2025-06-04,17:00,Flat,62,TCT,47.2,32.2,37.4,79.41,0.08,63.53,0.06,4.0,0.67
2025-06-04,17:15,Flat,62,TCT,35.4,31.6,36.4,79.71,0.06,63.77,0.05,3.0,0.67
2025-06-04,17:30,Flat,62,TCT,23.6,30.9,35.5,80.0,0.04,64.0,0.03,2.0,0.67
2025-06-04,17:45,Flat,62,TCT,11.8,30.3,34.6,80.29,0.02,64.23,0.02,1.0,0.67
2025-06-05,04:45,Flat,62,TCT,6.1,23.8,27.9,82.41,0.01,65.93,0.01,0.5,0.67
2025-06-05,05:00,Flat,62,TCT,8.1,23.7,27.9,82.41,0.01,65.93,0.01,0.7,0.67
2025-06-05,05:15,Flat,62,TCT,41.0,24.0,29.0,82.05,0.06,65.64,0.05,3.6,0.67
2025-06-05,05:30,Flat,62,TCT,73.8,24.3,30.2,81.69,0.12,65.35,0.1,6.4,0.67
2025-06-05,05:45,Flat,62,TCT,106.6,24.6,31.3,81.33,0.17,65.07,0.14,9.2,0.67
2025-06-05,06:00,Flat,62,TCT,139.5,24.9,32.4,80.97,0.22,64.78,0.19,12.0,0.67
2025-06-05,06:15,Flat,62,TCT,195.7,25.5,34.4,80.35,0.31,64.28,0.26,16.8,0.67
2025-06-05,06:30,Flat,62,TCT,251.9,26.1,36.4,79.72,0.4,63.78,0.34,21.5,0.67
2025-06-05,06:45,Flat,62,TCT,308.0,26.7,38.4,79.09,0.49,63.28,0.41,26.1,0.67
2025-06-05,07:00,Flat,62,TCT,364.2,27.2,40.3,78.47,0.58,62.78,0.49,30.7,0.67
2025-06-05,07:15,Flat,62,TCT,420.1,28.3,42.8,77.69,0.68,62.16,0.57,35.1,0.67
2025-06-05,07:30,Flat,62,TCT,475.9,29.3,45.2,76.92,0.77,61.54,0.64,39.5,0.67
2025-06-05,07:45,Flat,62,TCT,531.7,30.4,47.7,76.15,0.86,60.92,0.72,43.8,0.67
2025-06-05,08:00,Flat,62,TCT,587.6,31.4,50.1,75.37,0.95,60.3,0.8,48.0,0.67
2025-06-05,08:15,Flat,62,TCT,632.7,32.1,51.9,74.8,1.03,59.84,0.86,51.4,0.67
2025-06-05,08:30,Flat,62,TCT,677.8,32.8,53.8,74.22,1.1,59.38,0.92,54.8,0.67
2025-06-05,08:45,Flat,62,TCT,722.9,33.5,55.6,73.65,1.18,58.92,0.99,58.1,0.67
2025-06-05,09:00,Flat,62,TCT,768.0,34.2,57.4,73.08,1.25,58.46,1.05,61.3,0.67
2025-06-05,09:15,Flat,62,TCT,798.4,34.6,58.6,72.7,1.3,58.16,1.09,63.5,0.67
2025-06-05,09:30,Flat,62,TCT,828.8,35.0,59.8,72.32,1.35,57.86,1.13,65.6,0.67
2025-06-05,09:45,Flat,62,TCT,859.2,35.5,61.0,71.94,1.41,57.55,1.18,67.8,0.67
2025-06-05,10:00,Flat,62,TCT,889.5,35.9,62.1,71.57,1.46,57.25,1.22,69.9,0.67
2025-06-05,10:15,Flat,62,TCT,890.7,36.2,62.5,71.45,1.46,57.16,1.22,69.9,0.67
2025-06-05,10:30,Flat,62,TCT,891.9,36.6,62.9,71.34,1.46,57.07,1.22,69.9,0.67
2025-06-05,10:45,Flat,62,TCT,893.1,36.9,63.2,71.22,1.46,56.98,1.23,69.9,0.67
2025-06-05,11:00,Flat,62,TCT,894.2,37.2,63.6,71.11,1.47,56.89,1.23,69.9,0.67
2025-06-05,11:15,Flat,62,TCT,889.5,37.4,63.7,71.09,1.46,56.87,1.22,69.5,0.67
2025-06-05,11:30,Flat,62,TCT,884.7,37.6,63.7,71.07,1.45,56.85,1.22,69.1,0.67
2025-06-05,11:45,Flat,62,TCT,879.9,37.8,63.8,71.05,1.44,56.84,1.21,68.7,0.67
2025-06-05,12:00,Flat,62,TCT,875.1,38.0,63.8,71.03,1.44,56.82,1.2,68.3,0.67
2025-06-05,12:15,Flat,62,TCT,862.3,38.0,63.6,71.11,1.41,56.88,1.18,67.4,0.67
2025-06-05,12:30,Flat,62,TCT,849.6,38.1,63.4,71.18,1.39,56.95,1.17,66.4,0.67
2025-06-05,12:45,Flat,62,TCT,836.9,38.2,63.1,71.26,1.37,57.01,1.15,65.5,0.67
2025-06-05,13:00,Flat,62,TCT,824.1,38.2,62.9,71.34,1.35,57.07,1.13,64.6,0.67
2025-06-05,13:15,Flat,62,TCT,784.7,38.2,61.8,71.67,1.28,57.34,1.08,61.7,0.67
2025-06-05,13:30,Flat,62,TCT,745.3,38.1,60.8,72.0,1.22,57.6,1.02,58.8,0.67
2025-06-05,13:45,Flat,62,TCT,705.9,38.1,59.7,72.33,1.15,57.87,0.97,55.9,0.67
2025-06-05,14:00,Flat,62,TCT,666.5,38.0,58.7,72.67,1.09,58.13,0.91,53.0,0.67
2025-06-05,14:15,Flat,62,TCT,612.2,37.8,57.1,73.15,1.0,58.52,0.84,48.9,0.67
2025-06-05,14:30,Flat,62,TCT,557.8,37.7,55.6,73.63,0.91,58.91,0.76,44.8,0.67
2025-06-05,14:45,Flat,62,TCT,503.5,37.5,54.1,74.12,0.82,59.29,0.69,40.6,0.67
2025-06-05,15:00,Flat,62,TCT,449.1,37.3,52.6,74.6,0.73,59.68,0.61,36.4,0.67
2025-06-05,15:15,Flat,62,TCT,396.4,37.0,50.9,75.12,0.64,60.1,0.54,32.3,0.67
2025-06-05,15:30,Flat,62,TCT,343.6,36.7,49.3,75.65,0.56,60.52,0.47,28.2,0.67
2025-06-05,15:45,Flat,62,TCT,290.8,36.3,47.6,76.17,0.47,60.94,0.39,24.0,0.67
2025-06-05,16:00,Flat,62,TCT,238.0,36.0,46.0,76.69,0.38,61.36,0.32,19.7,0.67
2025-06-05,16:15,Flat,62,TCT,192.9,35.3,44.1,77.27,0.31,61.82,0.26,16.1,0.67
2025-06-05,16:30,Flat,62,TCT,147.7,34.6,42.3,77.85,0.24,62.28,0.2,12.4,0.67
2025-06-05,16:45,Flat,62,TCT,102.6,33.9,40.5,78.43,0.16,62.74,0.14,8.6,0.67
2025-06-05,17:00,Flat,62,TCT,57.5,33.2,38.6,79.01,0.09,63.21,0.08,4.9,0.67
2025-06-05,17:15,Flat,62,TCT,43.1,32.7,37.7,79.29,0.07,63.44,0.06,3.7,0.67
2025-06-05,17:30,Flat,62,TCT,28.7,32.1,36.8,79.58,0.05,63.67,0.04,2.4,0.67
2025-06-05,17:45,Flat,62,TCT,14.4,31.6,35.9,79.87,0.02,63.9,0.02,1.2,0.67
2025-06-06,04:45,Flat,62,TCT,5.1,26.8,31.0,81.44,0.01,65.15,0.01,0.4,0.67
2025-06-06,05:00,Flat,62,TCT,6.8,26.8,31.0,81.44,0.01,65.15,0.01,0.6,0.67
2025-06-06,05:15,Flat,62,TCT,32.4,27.1,31.9,81.14,0.05,64.91,0.04,2.8,0.67
2025-06-06,05:30,Flat,62,TCT,58.0,27.4,32.9,80.83,0.09,64.67,0.08,5.0,0.67
2025-06-06,05:45,Flat,62,TCT,83.7,27.7,33.8,80.53,0.13,64.43,0.11,7.2,0.67
2025-06-06,06:00,Flat,62,TCT,109.3,28.1,34.8,80.23,0.17,64.18,0.15,9.4,0.67
2025-06-06,06:15,Flat,62,TCT,154.7,28.5,36.4,79.73,0.25,63.79,0.21,13.2,0.67
2025-06-06,06:30,Flat,62,TCT,200.0,28.9,37.9,79.24,0.32,63.39,0.27,17.0,0.67
2025-06-06,06:45,Flat,62,TCT,245.4,29.4,39.5,78.74,0.39,62.99,0.33,20.7,0.67
2025-06-06,07:00,Flat,62,TCT,290.8,29.8,41.1,78.24,0.47,62.59,0.39,24.5,0.67
2025-06-06,07:15,Flat,62,TCT,339.3,30.3,42.8,77.69,0.55,62.15,0.46,28.4,0.67
2025-06-06,07:30,Flat,62,TCT,387.9,30.9,44.6,77.14,0.62,61.71,0.52,32.3,0.67
2025-06-06,07:45,Flat,62,TCT,436.4,31.4,46.3,76.58,0.7,61.27,0.59,36.1,0.67
2025-06-06,08:00,Flat,62,TCT,485.0,31.9,48.1,76.03,0.78,60.82,0.66,39.9,0.67
2025-06-06,08:15,Flat,62,TCT,533.9,32.3,49.7,75.51,0.86,60.41,0.72,43.7,0.67
2025-06-06,08:30,Flat,62,TCT,582.7,32.8,51.3,74.99,0.94,59.99,0.79,47.5,0.67
2025-06-06,08:45,Flat,62,TCT,631.6,33.2,53.0,74.47,1.03,59.58,0.86,51.2,0.67
2025-06-06,09:00,Flat,62,TCT,680.5,33.6,54.6,73.95,1.11,59.16,0.93,54.8,0.67
2025-06-06,09:15,Flat,62,TCT,712.9,33.8,55.6,73.62,1.16,58.9,0.97,57.2,0.67
2025-06-06,09:30,Flat,62,TCT,745.4,34.1,56.7,73.29,1.21,58.63,1.02,59.6,0.67
2025-06-06,09:45,Flat,62,TCT,777.8,34.3,57.7,72.96,1.27,58.37,1.06,62.0,0.67
2025-06-06,10:00,Flat,62,TCT,810.3,34.5,58.8,72.63,1.32,58.11,1.11,64.4,0.67
2025-06-06,10:15,Flat,62,TCT,800.0,34.7,58.7,72.66,1.31,58.13,1.09,63.6,0.67
2025-06-06,10:30,Flat,62,TCT,789.8,34.8,58.6,72.7,1.29,58.16,1.08,62.8,0.67
2025-06-06,10:45,Flat,62,TCT,779.5,35.0,58.5,72.73,1.27,58.18,1.07,62.0,0.67
2025-06-06,11:00,Flat,62,TCT,769.2,35.1,58.4,72.76,1.26,58.21,1.05,61.2,0.67
2025-06-06,11:15,Flat,62,TCT,757.9,35.2,58.2,72.83,1.24,58.26,1.04,60.3,0.67
2025-06-06,11:30,Flat,62,TCT,746.5,35.3,58.0,72.89,1.22,58.31,1.02,59.5,0.67
2025-06-06,11:45,Flat,62,TCT,735.1,35.4,57.8,72.95,1.2,58.36,1.0,58.6,0.67
2025-06-06,12:00,Flat,62,TCT,723.7,35.5,57.6,73.02,1.18,58.41,0.99,57.7,0.67
2025-06-06,12:15,Flat,62,TCT,709.2,35.5,57.2,73.13,1.16,58.51,0.97,56.6,0.67
2025-06-06,12:30,Flat,62,TCT,694.6,35.5,56.8,73.25,1.13,58.6,0.95,55.6,0.67
2025-06-06,12:45,Flat,62,TCT,680.1,35.4,56.4,73.37,1.11,58.7,0.93,54.5,0.67
2025-06-06,13:00,Flat,62,TCT,665.5,35.4,56.1,73.49,1.08,58.79,0.91,53.4,0.67
2025-06-06,13:15,Flat,62,TCT,626.8,35.4,55.0,73.82,1.02,59.05,0.85,50.4,0.67
2025-06-06,13:30,Flat,62,TCT,588.1,35.3,54.0,74.15,0.96,59.32,0.8,47.5,0.67
2025-06-06,13:45,Flat,62,TCT,549.4,35.2,53.0,74.48,0.89,59.58,0.75,44.5,0.67
2025-06-06,14:00,Flat,62,TCT,510.7,35.1,51.9,74.8,0.83,59.84,0.69,41.5,0.67
2025-06-06,14:15,Flat,62,TCT,473.0,35.0,50.9,75.14,0.77,60.11,0.64,38.6,0.67
2025-06-06,14:30,Flat,62,TCT,435.3,34.9,49.8,75.48,0.7,60.38,0.59,35.6,0.67
2025-06-06,14:45,Flat,62,TCT,397.7,34.8,48.7,75.81,0.64,60.65,0.54,32.7,0.67
2025-06-06,15:00,Flat,62,TCT,360.0,34.7,47.7,76.15,0.58,60.92,0.49,29.7,0.67
2025-06-06,15:15,Flat,62,TCT,317.8,34.5,46.4,76.55,0.51,61.24,0.43,26.3,0.67
2025-06-06,15:30,Flat,62,TCT,275.7,34.3,45.2,76.95,0.44,61.56,0.37,22.9,0.67
2025-06-06,15:45,Flat,62,TCT,233.5,34.1,43.9,77.35,0.38,61.88,0.31,19.5,0.67
2025-06-06,16:00,Flat,62,TCT,191.4,33.8,42.6,77.75,0.31,62.2,0.26,16.0,0.67
2025-06-06,16:15,Flat,62,TCT,156.0,33.4,41.3,78.17,0.25,62.54,0.21,13.1,0.67
2025-06-06,16:30,Flat,62,TCT,120.5,32.9,39.9,78.6,0.19,62.88,0.16,10.2,0.67
2025-06-06,16:45,Flat,62,TCT,85.1,32.5,38.6,79.03,0.14,63.22,0.11,7.2,0.67
2025-06-06,17:00,Flat,62,TCT,49.7,32.0,37.2,79.45,0.08,63.56,0.07,4.2,0.67
2025-06-06,17:15,Flat,62,TCT,37.3,31.6,36.5,79.69,0.06,63.75,0.05,3.2,0.67
2025-06-06,17:30,Flat,62,TCT,24.8,31.1,35.7,79.93,0.04,63.94,0.03,2.1,0.67
2025-06-06,17:45,Flat,62,TCT,12.4,30.7,35.0,80.17,0.02,64.13,0.02,1.1,0.67
2025-06-07,04:45,Flat,62,TCT,5.0,26.2,30.3,81.64,0.01,65.32,0.01,0.4,0.67
2025-06-07,05:00,Flat,62,TCT,6.7,26.1,30.3,81.64,0.01,65.32,0.01,0.6,0.67
2025-06-07,05:15,Flat,62,TCT,34.8,26.4,31.2,81.36,0.06,65.09,0.05,3.0,0.67
2025-06-07,05:30,Flat,62,TCT,62.9,26.6,32.1,81.07,0.1,64.86,0.08,5.4,0.67
2025-06-07,05:45,Flat,62,TCT,91.0,26.8,33.0,80.78,0.14,64.63,0.12,7.8,0.67
2025-06-07,06:00,Flat,62,TCT,119.1,27.0,33.9,80.5,0.19,64.4,0.16,10.2,0.67
2025-06-07,06:15,Flat,62,TCT,170.5,27.3,35.6,79.97,0.27,63.98,0.23,14.6,0.67
2025-06-07,06:30,Flat,62,TCT,221.9,27.7,37.3,79.44,0.35,63.55,0.3,18.9,0.67
2025-06-07,06:45,Flat,62,TCT,273.3,28.1,38.9,78.91,0.44,63.13,0.37,23.1,0.67
2025-06-07,07:00,Flat,62,TCT,324.6,28.5,40.6,78.38,0.52,62.71,0.44,27.3,0.67
2025-06-07,07:15,Flat,62,TCT,381.0,29.1,42.6,77.75,0.61,62.2,0.51,31.9,0.67
2025-06-07,07:30,Flat,62,TCT,437.4,29.7,44.6,77.11,0.7,61.69,0.59,36.4,0.67
2025-06-07,07:45,Flat,62,TCT,493.7,30.3,46.6,76.48,0.8,61.18,0.67,40.8,0.67
2025-06-07,08:00,Flat,62,TCT,550.1,30.9,48.6,75.84,0.89,60.67,0.74,45.2,0.67
2025-06-07,08:15,Flat,62,TCT,596.0,31.5,50.4,75.29,0.97,60.23,0.81,48.7,0.67
2025-06-07,08:30,Flat,62,TCT,642.0,32.1,52.1,74.75,1.04,59.8,0.87,52.2,0.67
2025-06-07,08:45,Flat,62,TCT,688.0,32.6,53.8,74.2,1.12,59.36,0.94,55.6,0.67
2025-06-07,09:00,Flat,62,TCT,733.9,33.2,55.6,73.65,1.19,58.92,1.0,58.9,0.67
2025-06-07,09:15,Flat,62,TCT,744.9,33.6,56.3,73.43,1.21,58.75,1.02,59.7,0.67
2025-06-07,09:30,Flat,62,TCT,755.8,34.0,56.9,73.21,1.23,58.57,1.03,60.4,0.67
2025-06-07,09:45,Flat,62,TCT,766.8,34.5,57.6,73.0,1.25,58.4,1.05,61.2,0.67
2025-06-07,10:00,Flat,62,TCT,777.7,34.9,58.3,72.78,1.27,58.22,1.06,61.9,0.67
2025-06-07,10:15,Flat,62,TCT,791.6,35.2,59.0,72.57,1.29,58.06,1.08,62.9,0.67
2025-06-07,10:30,Flat,62,TCT,805.4,35.5,59.6,72.37,1.32,57.89,1.1,63.8,0.67
2025-06-07,10:45,Flat,62,TCT,819.3,35.8,60.3,72.16,1.34,57.73,1.12,64.8,0.67
2025-06-07,11:00,Flat,62,TCT,833.1,36.1,60.9,71.96,1.36,57.57,1.14,65.7,0.67
2025-06-07,11:15,Flat,62,TCT,829.9,36.3,61.0,71.92,1.36,57.53,1.14,65.4,0.67
2025-06-07,11:30,Flat,62,TCT,826.7,36.5,61.2,71.88,1.35,57.5,1.13,65.1,0.67
2025-06-07,11:45,Flat,62,TCT,823.5,36.7,61.3,71.83,1.35,57.47,1.13,64.9,0.67
2025-06-07,12:00,Flat,62,TCT,820.2,36.9,61.4,71.79,1.34,57.44,1.12,64.6,0.67
2025-06-07,12:15,Flat,62,TCT,789.8,37.0,60.8,72.0,1.29,57.6,1.08,62.3,0.67
2025-06-07,12:30,Flat,62,TCT,759.4,37.1,60.1,72.21,1.24,57.76,1.04,60.1,0.67
2025-06-07,12:45,Flat,62,TCT,728.9,37.2,59.5,72.41,1.19,57.93,1.0,57.8,0.67
2025-06-07,13:00,Flat,62,TCT,698.5,37.4,58.8,72.62,1.14,58.09,0.96,55.5,0.67
2025-06-07,13:15,Flat,62,TCT,686.8,37.4,58.5,72.71,1.12,58.17,0.94,54.6,0.67
2025-06-07,13:30,Flat,62,TCT,675.0,37.3,58.2,72.81,1.1,58.25,0.92,53.7,0.67
2025-06-07,13:45,Flat,62,TCT,663.3,37.3,57.9,72.9,1.08,58.32,0.91,52.9,0.67
2025-06-07,14:00,Flat,62,TCT,651.5,37.3,57.6,73.0,1.06,58.4,0.89,52.0,0.67
2025-06-07,14:15,Flat,62,TCT,594.2,37.2,56.1,73.49,0.97,58.79,0.81,47.6,0.67
2025-06-07,14:30,Flat,62,TCT,536.8,37.1,54.5,73.99,0.87,59.19,0.73,43.3,0.67
2025-06-07,14:45,Flat,62,TCT,479.5,37.0,52.9,74.48,0.78,59.58,0.65,38.8,0.67
2025-06-07,15:00,Flat,62,TCT,422.1,36.8,51.4,74.97,0.68,59.98,0.57,34.4,0.67
2025-06-07,15:15,Flat,62,TCT,372.3,36.5,49.8,75.46,0.6,60.37,0.5,30.5,0.67
2025-06-07,15:30,Flat,62,TCT,322.5,36.2,48.3,75.96,0.52,60.77,0.44,26.5,0.67
2025-06-07,15:45,Flat,62,TCT,272.7,35.9,46.7,76.45,0.44,61.16,0.37,22.5,0.67
2025-06-07,16:00,Flat,62,TCT,222.9,35.6,45.2,76.94,0.36,61.55,0.3,18.5,0.67
2025-06-07,16:15,Flat,62,TCT,181.6,35.0,43.6,77.45,0.29,61.96,0.24,15.2,0.67
2025-06-07,16:30,Flat,62,TCT,140.2,34.5,42.0,77.95,0.23,62.36,0.19,11.8,0.67
2025-06-07,16:45,Flat,62,TCT,98.8,33.9,40.4,78.46,0.16,62.77,0.13,8.3,0.67
2025-06-07,17:00,Flat,62,TCT,57.4,33.3,38.8,78.97,0.09,63.17,0.08,4.9,0.67
2025-06-07,17:15,Flat,62,TCT,43.1,32.8,37.9,79.25,0.07,63.4,0.06,3.7,0.67
2025-06-07,17:30,Flat,62,TCT,28.7,32.3,37.0,79.52,0.05,63.62,0.04,2.4,0.67
2025-06-07,17:45,Flat,62,TCT,14.4,31.8,36.1,79.8,0.02,63.84,0.02,1.2,0.67
2025-06-08,04:45,Flat,62,TCT,5.3,26.4,30.5,81.57,0.01,65.26,0.01,0.5,0.67
2025-06-08,05:00,Flat,62,TCT,7.0,26.4,30.6,81.57,0.01,65.25,0.01,0.6,0.67
2025-06-08,05:15,Flat,62,TCT,36.8,26.6,31.5,81.26,0.06,65.01,0.05,3.2,0.67
2025-06-08,05:30,Flat,62,TCT,66.5,26.8,32.5,80.96,0.11,64.77,0.09,5.7,0.67
2025-06-08,05:45,Flat,62,TCT,96.3,27.0,33.5,80.65,0.15,64.52,0.13,8.3,0.67
2025-06-08,06:00,Flat,62,TCT,126.0,27.3,34.4,80.34,0.2,64.28,0.17,10.8,0.67
2025-06-08,06:15,Flat,62,TCT,174.5,27.7,36.0,79.84,0.28,63.87,0.23,14.9,0.67
2025-06-08,06:30,Flat,62,TCT,223.0,28.0,37.6,79.33,0.36,63.47,0.3,19.0,0.67
2025-06-08,06:45,Flat,62,TCT,271.5,28.4,39.2,78.83,0.43,63.06,0.36,23.0,0.67
2025-06-08,07:00,Flat,62,TCT,319.9,28.8,40.8,78.32,0.51,62.66,0.43,26.9,0.67
2025-06-08,07:15,Flat,62,TCT,374.1,29.3,42.7,77.73,0.6,62.19,0.5,31.3,0.67
2025-06-08,07:30,Flat,62,TCT,428.2,29.8,44.5,77.14,0.69,61.71,0.58,35.6,0.67
2025-06-08,07:45,Flat,62,TCT,482.4,30.3,46.4,76.55,0.78,61.24,0.65,39.9,0.67
2025-06-08,08:00,Flat,62,TCT,536.5,30.9,48.3,75.96,0.87,60.77,0.73,44.1,0.67
2025-06-08,08:15,Flat,62,TCT,579.0,31.4,49.9,75.45,0.94,60.36,0.78,47.4,0.67
2025-06-08,08:30,Flat,62,TCT,621.6,31.9,51.5,74.94,1.01,59.95,0.84,50.6,0.67
2025-06-08,08:45,Flat,62,TCT,664.1,32.5,53.1,74.43,1.08,59.54,0.9,53.8,0.67
2025-06-08,09:00,Flat,62,TCT,706.7,33.0,54.7,73.92,1.15,59.14,0.96,56.9,0.67
2025-06-08,09:15,Flat,62,TCT,715.7,33.5,55.4,73.7,1.16,58.96,0.98,57.5,0.67
2025-06-08,09:30,Flat,62,TCT,724.6,34.0,56.1,73.47,1.18,58.78,0.99,58.1,0.67
2025-06-08,09:45,Flat,62,TCT,733.6,34.5,56.8,73.25,1.2,58.6,1.0,58.7,0.67
2025-06-08,10:00,Flat,62,TCT,742.6,35.0,57.5,73.02,1.21,58.42,1.01,59.2,0.67
2025-06-08,10:15,Flat,62,TCT,755.5,35.4,58.2,72.8,1.23,58.24,1.03,60.1,0.67
2025-06-08,10:30,Flat,62,TCT,768.3,35.7,58.9,72.58,1.25,58.06,1.05,61.0,0.67
2025-06-08,10:45,Flat,62,TCT,781.2,36.1,59.6,72.36,1.28,57.89,1.07,61.9,0.67
2025-06-08,11:00,Flat,62,TCT,794.0,36.5,60.3,72.14,1.3,57.71,1.09,62.8,0.67
2025-06-08,11:15,Flat,62,TCT,775.9,36.8,60.2,72.2,1.27,57.76,1.06,61.4,0.67
2025-06-08,11:30,Flat,62,TCT,757.7,37.0,60.0,72.25,1.24,57.8,1.04,60.0,0.67
2025-06-08,11:45,Flat,62,TCT,739.5,37.3,59.8,72.31,1.21,57.85,1.01,58.6,0.67
2025-06-08,12:00,Flat,62,TCT,721.4,37.6,59.6,72.37,1.18,57.9,0.99,57.2,0.67
2025-06-08,12:15,Flat,62,TCT,692.5,37.6,58.9,72.59,1.13,58.07,0.95,55.0,0.67
2025-06-08,12:30,Flat,62,TCT,663.6,37.6,58.2,72.8,1.08,58.24,0.91,52.8,0.67
2025-06-08,12:45,Flat,62,TCT,634.8,37.7,57.6,73.02,1.04,58.42,0.87,50.6,0.67
2025-06-08,13:00,Flat,62,TCT,605.9,37.7,56.9,73.24,0.99,58.59,0.83,48.5,0.67
2025-06-08,13:15,Flat,62,TCT,574.7,37.7,56.0,73.5,0.94,58.8,0.78,46.1,0.67
2025-06-08,13:30,Flat,62,TCT,543.5,37.6,55.2,73.77,0.88,59.01,0.74,43.7,0.67
2025-06-08,13:45,Flat,62,TCT,512.3,37.6,54.4,74.03,0.83,59.22,0.7,41.3,0.67
2025-06-08,14:00,Flat,62,TCT,481.1,37.5,53.5,74.3,0.78,59.44,0.65,38.9,0.67
2025-06-08,14:15,Flat,62,TCT,452.0,37.3,52.6,74.59,0.73,59.67,0.61,36.7,0.67
2025-06-08,14:30,Flat,62,TCT,423.0,37.1,51.7,74.88,0.69,59.9,0.57,34.4,0.67
2025-06-08,14:45,Flat,62,TCT,394.0,36.9,50.8,75.16,0.64,60.13,0.53,32.1,0.67
2025-06-08,15:00,Flat,62,TCT,364.9,36.7,49.9,75.45,0.59,60.36,0.49,29.9,0.67
2025-06-08,15:15,Flat,62,TCT,322.9,36.5,48.5,75.88,0.52,60.7,0.44,26.5,0.67
2025-06-08,15:30,Flat,62,TCT,280.9,36.2,47.2,76.3,0.45,61.04,0.38,23.2,0.67
2025-06-08,15:45,Flat,62,TCT,238.9,35.9,45.8,76.73,0.39,61.38,0.32,19.8,0.67
2025-06-08,16:00,Flat,62,TCT,196.8,35.6,44.5,77.15,0.32,61.72,0.27,16.4,0.67
2025-06-08,16:15,Flat,62,TCT,159.2,35.1,43.1,77.6,0.26,62.08,0.21,13.3,0.67
2025-06-08,16:30,Flat,62,TCT,121.7,34.6,41.6,78.06,0.2,62.45,0.16,10.2,0.67
2025-06-08,16:45,Flat,62,TCT,84.1,34.1,40.2,78.51,0.13,62.81,0.11,7.1,0.67
2025-06-08,17:00,Flat,62,TCT,46.5,33.6,38.8,78.96,0.07,63.17,0.06,3.9,0.67
2025-06-08,17:15,Flat,62,TCT,34.8,33.1,38.0,79.22,0.06,63.38,0.05,3.0,0.67
2025-06-08,17:30,Flat,62,TCT,23.2,32.6,37.1,79.48,0.04,63.59,0.03,2.0,0.67
2025-06-08,17:45,Flat,62,TCT,11.6,32.0,36.3,79.74,0.02,63.79,0.02,1.0,0.67
2025-06-09,05:00,Flat,62,TCT,6.5,26.1,30.2,81.67,0.01,65.34,0.01,0.6,0.67
2025-06-09,05:15,Flat,62,TCT,29.1,26.1,30.8,81.48,0.05,65.19,0.04,2.5,0.67
2025-06-09,05:30,Flat,62,TCT,51.6,26.1,31.4,81.29,0.08,65.04,0.07,4.5,0.67
2025-06-09,05:45,Flat,62,TCT,74.2,26.2,32.0,81.11,0.12,64.89,0.1,6.4,0.67
2025-06-09,06:00,Flat,62,TCT,96.7,26.2,32.6,80.92,0.15,64.74,0.13,8.3,0.67
2025-06-09,06:15,Flat,62,TCT,132.6,26.4,33.7,80.57,0.21,64.46,0.18,11.4,0.67
2025-06-09,06:30,Flat,62,TCT,168.5,26.6,34.8,80.23,0.27,64.18,0.23,14.4,0.67
2025-06-09,06:45,Flat,62,TCT,204.4,26.8,35.9,79.88,0.33,63.91,0.27,17.5,0.67
2025-06-09,07:00,Flat,62,TCT,240.3,27.0,37.0,79.54,0.38,63.63,0.32,20.5,0.67
2025-06-09,07:15,Flat,62,TCT,280.5,27.3,38.4,79.1,0.45,63.28,0.38,23.8,0.67
2025-06-09,07:30,Flat,62,TCT,320.7,27.7,39.7,78.66,0.51,62.93,0.43,27.1,0.67
2025-06-09,07:45,Flat,62,TCT,360.9,28.1,41.1,78.22,0.58,62.58,0.49,30.4,0.67
2025-06-09,08:00,Flat,62,TCT,401.1,28.5,42.5,77.78,0.64,62.23,0.54,33.6,0.67
2025-06-09,08:15,Flat,62,TCT,452.8,28.9,44.3,77.23,0.73,61.78,0.61,37.7,0.67
2025-06-09,08:30,Flat,62,TCT,504.5,29.4,46.0,76.68,0.81,61.34,0.68,41.8,0.67
2025-06-09,08:45,Flat,62,TCT,556.1,29.9,47.8,76.12,0.9,60.9,0.75,45.8,0.67
2025-06-09,09:00,Flat,62,TCT,607.8,30.3,49.5,75.57,0.98,60.45,0.82,49.8,0.67
2025-06-09,09:15,Flat,62,TCT,618.6,30.7,50.1,75.37,1.0,60.3,0.84,50.6,0.67
2025-06-09,09:30,Flat,62,TCT,629.4,31.0,50.7,75.18,1.02,60.14,0.85,51.4,0.67
2025-06-09,09:45,Flat,62,TCT,640.2,31.3,51.3,74.98,1.04,59.99,0.87,52.1,0.67
2025-06-09,10:00,Flat,62,TCT,651.0,31.7,52.0,74.79,1.06,59.83,0.88,52.9,0.67
2025-06-09,10:15,Flat,62,TCT,683.9,31.9,53.0,74.46,1.11,59.57,0.93,55.4,0.67
2025-06-09,10:30,Flat,62,TCT,716.8,32.1,54.0,74.14,1.16,59.31,0.98,57.9,0.67
2025-06-09,10:45,Flat,62,TCT,749.7,32.3,55.0,73.81,1.22,59.05,1.02,60.3,0.67
2025-06-09,11:00,Flat,62,TCT,782.6,32.5,56.1,73.49,1.27,58.79,1.07,62.7,0.67
2025-06-09,11:15,Flat,62,TCT,780.4,32.6,56.1,73.48,1.27,58.78,1.06,62.6,0.67
2025-06-09,11:30,Flat,62,TCT,778.1,32.7,56.1,73.47,1.27,58.77,1.06,62.4,0.67
2025-06-09,11:45,Flat,62,TCT,775.9,32.8,56.2,73.45,1.26,58.76,1.06,62.2,0.67
2025-06-09,12:00,Flat,62,TCT,773.6,32.9,56.2,73.44,1.26,58.75,1.06,62.0,0.67
2025-06-09,12:15,Flat,62,TCT,756.8,32.9,55.8,73.56,1.23,58.85,1.03,60.7,0.67
2025-06-09,12:30,Flat,62,TCT,740.0,33.0,55.5,73.68,1.2,58.95,1.01,59.5,0.67
2025-06-09,12:45,Flat,62,TCT,723.2,33.0,55.1,73.81,1.18,59.04,0.99,58.2,0.67
2025-06-09,13:00,Flat,62,TCT,706.4,33.0,54.7,73.93,1.15,59.14,0.96,56.9,0.67
2025-06-09,13:15,Flat,62,TCT,684.9,33.0,54.1,74.11,1.11,59.29,0.93,55.3,0.67
2025-06-09,13:30,Flat,62,TCT,663.5,33.0,53.5,74.29,1.08,59.43,0.9,53.6,0.67
2025-06-09,13:45,Flat,62,TCT,642.0,32.9,53.0,74.47,1.04,59.58,0.87,52.0,0.67
2025-06-09,14:00,Flat,62,TCT,620.5,32.9,52.4,74.65,1.01,59.72,0.84,50.4,0.67
2025-06-09,14:15,Flat,62,TCT,580.3,32.8,51.3,75.0,0.94,60.0,0.79,47.3,0.67
2025-06-09,14:30,Flat,62,TCT,540.0,32.7,50.2,75.36,0.87,60.28,0.73,44.1,0.67
2025-06-09,14:45,Flat,62,TCT,499.7,32.6,49.1,75.71,0.81,60.57,0.68,41.0,0.67
2025-06-09,15:00,Flat,62,TCT,459.4,32.5,48.0,76.06,0.74,60.85,0.62,37.8,0.67
2025-06-09,15:15,Flat,62,TCT,406.2,32.3,46.4,76.54,0.66,61.23,0.55,33.6,0.67
2025-06-09,15:30,Flat,62,TCT,353.0,32.1,44.9,77.01,0.57,61.61,0.48,29.3,0.67
2025-06-09,15:45,Flat,62,TCT,299.8,31.9,43.4,77.49,0.48,61.99,0.4,25.0,0.67
2025-06-09,16:00,Flat,62,TCT,246.6,31.8,41.9,77.97,0.4,62.37,0.33,20.7,0.67
2025-06-09,16:15,Flat,62,TCT,200.6,31.5,40.5,78.43,0.32,62.74,0.27,16.9,0.67
2025-06-09,16:30,Flat,62,TCT,154.6,31.2,39.0,78.89,0.25,63.11,0.21,13.1,0.67
2025-06-09,16:45,Flat,62,TCT,108.6,30.9,37.6,79.35,0.17,63.48,0.15,9.2,0.67
2025-06-09,17:00,Flat,62,TCT,62.6,30.6,36.1,79.81,0.1,63.85,0.08,5.3,0.67
2025-06-09,17:15,Flat,62,TCT,47.0,30.2,35.4,80.03,0.07,64.02,0.06,4.0,0.67
2025-06-09,17:30,Flat,62,TCT,31.3,29.9,34.7,80.25,0.05,64.2,0.04,2.7,0.67
2025-06-09,17:45,Flat,62,TCT,15.7,29.6,34.0,80.47,0.02,64.38,0.02,1.3,0.67
2025-06-10,05:00,Flat,62,TCT,6.6,25.5,29.7,81.84,0.01,65.48,0.01,0.6,0.67
2025-06-10,05:15,Flat,62,TCT,31.5,25.8,30.6,81.56,0.05,65.25,0.04,2.7,0.67
2025-06-10,05:30,Flat,62,TCT,56.3,26.1,31.5,81.27,0.09,65.02,0.07,4.9,0.67
2025-06-10,05:45,Flat,62,TCT,81.2,26.4,32.4,80.99,0.13,64.79,0.11,7.0,0.67
2025-06-10,06:00,Flat,62,TCT,106.0,26.6,33.3,80.7,0.17,64.56,0.14,9.1,0.67
2025-06-10,06:15,Flat,62,TCT,143.2,27.1,34.6,80.27,0.23,64.22,0.19,12.3,0.67
2025-06-10,06:30,Flat,62,TCT,180.5,27.5,36.0,79.85,0.29,63.88,0.24,15.4,0.67
2025-06-10,06:45,Flat,62,TCT,217.8,27.9,37.3,79.42,0.35,63.54,0.29,18.5,0.67
2025-06-10,07:00,Flat,62,TCT,255.0,28.3,38.7,79.0,0.41,63.2,0.34,21.6,0.67
2025-06-10,07:15,Flat,62,TCT,301.9,28.9,40.4,78.44,0.48,62.76,0.41,25.4,0.67
2025-06-10,07:30,Flat,62,TCT,348.7,29.5,42.2,77.89,0.56,62.31,0.47,29.2,0.67
2025-06-10,07:45,Flat,62,TCT,395.6,30.0,43.9,77.34,0.64,61.87,0.53,33.0,0.67
2025-06-10,08:00,Flat,62,TCT,442.4,30.6,45.7,76.79,0.71,61.43,0.6,36.7,0.67
2025-06-10,08:15,Flat,62,TCT,476.8,31.1,47.0,76.36,0.77,61.09,0.64,39.4,0.67
2025-06-10,08:30,Flat,62,TCT,511.2,31.6,48.4,75.93,0.83,60.74,0.69,42.0,0.67
2025-06-10,08:45,Flat,62,TCT,545.6,32.1,49.7,75.5,0.88,60.4,0.74,44.7,0.67
2025-06-10,09:00,Flat,62,TCT,580.0,32.6,51.1,75.08,0.94,60.06,0.79,47.3,0.67
2025-06-10,09:15,Flat,62,TCT,593.6,33.0,51.8,74.83,0.96,59.87,0.81,48.3,0.67
2025-06-10,09:30,Flat,62,TCT,607.2,33.4,52.6,74.59,0.99,59.67,0.83,49.2,0.67
2025-06-10,09:45,Flat,62,TCT,620.7,33.9,53.4,74.34,1.01,59.47,0.84,50.2,0.67
2025-06-10,10:00,Flat,62,TCT,634.3,34.3,54.1,74.1,1.03,59.28,0.86,51.2,0.67
2025-06-10,10:15,Flat,62,TCT,667.2,34.6,55.3,73.74,1.09,58.99,0.91,53.6,0.67
2025-06-10,10:30,Flat,62,TCT,700.1,34.9,56.4,73.38,1.14,58.7,0.96,56.1,0.67
2025-06-10,10:45,Flat,62,TCT,733.0,35.2,57.6,73.02,1.2,58.41,1.0,58.5,0.67
2025-06-10,11:00,Flat,62,TCT,765.9,35.6,58.7,72.65,1.25,58.12,1.05,60.9,0.67
2025-06-10,11:15,Flat,62,TCT,754.0,35.7,58.6,72.7,1.23,58.16,1.03,60.0,0.67
2025-06-10,11:30,Flat,62,TCT,742.2,35.9,58.4,72.74,1.21,58.2,1.01,59.0,0.67
2025-06-10,11:45,Flat,62,TCT,730.4,36.0,58.3,72.79,1.19,58.23,1.0,58.1,0.67
2025-06-10,12:00,Flat,62,TCT,718.5,36.2,58.1,72.83,1.17,58.27,0.98,57.2,0.67
2025-06-10,12:15,Flat,62,TCT,697.7,36.1,57.6,73.02,1.14,58.41,0.95,55.7,0.67
2025-06-10,12:30,Flat,62,TCT,676.9,36.0,57.0,73.2,1.1,58.56,0.92,54.1,0.67
2025-06-10,12:45,Flat,62,TCT,656.1,36.0,56.4,73.39,1.07,58.71,0.9,52.5,0.67
2025-06-10,13:00,Flat,62,TCT,635.3,35.9,55.8,73.57,1.03,58.86,0.87,51.0,0.67
2025-06-10,13:15,Flat,62,TCT,581.2,35.6,54.1,74.1,0.94,59.28,0.79,46.9,0.67
2025-06-10,13:30,Flat,62,TCT,527.1,35.3,52.5,74.62,0.86,59.7,0.72,42.8,0.67
2025-06-10,13:45,Flat,62,TCT,473.1,35.0,50.8,75.15,0.77,60.12,0.64,38.6,0.67
2025-06-10,14:00,Flat,62,TCT,419.0,34.7,49.2,75.67,0.68,60.54,0.57,34.4,0.67
2025-06-10,14:15,Flat,62,TCT,376.7,34.4,47.8,76.09,0.61,60.88,0.51,31.0,0.67
2025-06-10,14:30,Flat,62,TCT,334.4,34.1,46.5,76.52,0.54,61.21,0.45,27.7,0.67
2025-06-10,14:45,Flat,62,TCT,292.1,33.9,45.2,76.94,0.47,61.55,0.39,24.3,0.67
2025-06-10,15:00,Flat,62,TCT,249.8,33.6,43.8,77.37,0.4,61.89,0.34,20.8,0.67
2025-06-10,15:15,Flat,62,TCT,221.4,33.3,42.9,77.67,0.36,62.14,0.3,18.5,0.67
2025-06-10,15:30,Flat,62,TCT,193.0,33.1,41.9,77.98,0.31,62.39,0.26,16.2,0.67
2025-06-10,15:45,Flat,62,TCT,164.6,32.8,40.9,78.29,0.26,62.63,0.22,13.9,0.67
2025-06-10,16:00,Flat,62,TCT,136.2,32.5,39.9,78.6,0.22,62.88,0.18,11.5,0.67
2025-06-10,16:15,Flat,62,TCT,108.0,32.1,38.8,78.95,0.17,63.16,0.14,9.1,0.67
2025-06-10,16:30,Flat,62,TCT,79.7,31.7,37.7,79.3,0.13,63.44,0.11,6.8,0.67
2025-06-10,16:45,Flat,62,TCT,51.5,31.3,36.6,79.65,0.08,63.72,0.07,4.4,0.67
2025-06-10,17:00,Flat,62,TCT,23.2,30.9,35.5,80.01,0.04,64.0,0.03,2.0,0.67
2025-06-10,17:15,Flat,62,TCT,17.4,30.5,34.9,80.18,0.03,64.14,0.02,1.5,0.67
2025-06-10,17:30,Flat,62,TCT,11.6,30.1,34.4,80.35,0.02,64.28,0.02,1.0,0.67
2025-06-10,17:45,Flat,62,TCT,5.8,29.7,33.9,80.52,0.01,64.42,0.01,0.5,0.67
2025-06-11,05:15,Flat,62,TCT,21.9,25.7,30.2,81.67,0.03,65.34,0.03,1.9,0.67
2025-06-11,05:30,Flat,62,TCT,40.2,25.8,30.8,81.49,0.06,65.19,0.05,3.5,0.67
2025-06-11,05:45,Flat,62,TCT,58.6,25.9,31.4,81.31,0.09,65.05,0.08,5.1,0.67
2025-06-11,06:00,Flat,62,TCT,77.0,26.0,32.0,81.13,0.12,64.9,0.1,6.7,0.67
2025-06-11,06:15,Flat,62,TCT,98.9,26.3,32.8,80.87,0.16,64.69,0.13,8.5,0.67
2025-06-11,06:30,Flat,62,TCT,120.8,26.6,33.6,80.61,0.19,64.49,0.16,10.4,0.67
2025-06-11,06:45,Flat,62,TCT,142.7,26.8,34.4,80.35,0.23,64.28,0.19,12.2,0.67
2025-06-11,07:00,Flat,62,TCT,164.7,27.1,35.2,80.1,0.26,64.08,0.22,14.1,0.67
2025-06-11,07:15,Flat,62,TCT,194.2,27.5,36.4,79.73,0.31,63.78,0.26,16.6,0.67
2025-06-11,07:30,Flat,62,TCT,223.8,27.9,37.5,79.36,0.36,63.49,0.3,19.0,0.67
2025-06-11,07:45,Flat,62,TCT,253.3,28.3,38.7,79.0,0.41,63.2,0.34,21.5,0.67
2025-06-11,08:00,Flat,62,TCT,282.9,28.8,39.8,78.63,0.45,62.91,0.38,23.9,0.67
2025-06-11,08:15,Flat,62,TCT,325.7,29.2,41.3,78.16,0.52,62.52,0.44,27.4,0.67
2025-06-11,08:30,Flat,62,TCT,368.6,29.6,42.8,77.68,0.59,62.14,0.5,30.8,0.67
2025-06-11,08:45,Flat,62,TCT,411.5,30.1,44.3,77.2,0.66,61.76,0.55,34.3,0.67
2025-06-11,09:00,Flat,62,TCT,454.4,30.5,45.8,76.73,0.73,61.38,0.61,37.7,0.67
2025-06-11,09:15,Flat,62,TCT,479.8,30.8,46.8,76.42,0.77,61.13,0.65,39.6,0.67
2025-06-11,09:30,Flat,62,TCT,505.2,31.2,47.8,76.11,0.82,60.89,0.68,41.6,0.67
2025-06-11,09:45,Flat,62,TCT,530.7,31.5,48.8,75.8,0.86,60.64,0.72,43.6,0.67
2025-06-11,10:00,Flat,62,TCT,556.1,31.9,49.8,75.49,0.9,60.39,0.75,45.5,0.67
2025-06-11,10:15,Flat,62,TCT,548.9,32.1,49.8,75.47,0.89,60.38,0.74,44.9,0.67
2025-06-11,10:30,Flat,62,TCT,541.8,32.3,49.9,75.45,0.88,60.36,0.73,44.3,0.67
2025-06-11,10:45,Flat,62,TCT,534.6,32.5,49.9,75.44,0.87,60.35,0.72,43.7,0.67
2025-06-11,11:00,Flat,62,TCT,527.4,32.8,50.0,75.42,0.85,60.34,0.72,43.1,0.67
2025-06-11,11:15,Flat,62,TCT,537.2,32.9,50.3,75.31,0.87,60.25,0.73,43.9,0.67
2025-06-11,11:30,Flat,62,TCT,546.9,33.0,50.7,75.2,0.89,60.16,0.74,44.6,0.67
2025-06-11,11:45,Flat,62,TCT,556.7,33.1,51.0,75.09,0.9,60.07,0.76,45.4,0.67
2025-06-11,12:00,Flat,62,TCT,566.5,33.2,51.4,74.97,0.92,59.98,0.77,46.1,0.67
2025-06-11,12:15,Flat,62,TCT,561.6,33.3,51.3,74.99,0.91,59.99,0.76,45.7,0.67
2025-06-11,12:30,Flat,62,TCT,556.7,33.4,51.3,75.0,0.9,60.0,0.76,45.3,0.67
2025-06-11,12:45,Flat,62,TCT,551.8,33.5,51.2,75.02,0.89,60.01,0.75,45.0,0.67
2025-06-11,13:00,Flat,62,TCT,547.0,33.5,51.2,75.03,0.89,60.02,0.74,44.6,0.67
2025-06-11,13:15,Flat,62,TCT,517.1,33.5,50.4,75.27,0.84,60.22,0.7,42.2,0.67
2025-06-11,13:30,Flat,62,TCT,487.3,33.5,49.7,75.52,0.79,60.41,0.66,39.9,0.67
2025-06-11,13:45,Flat,62,TCT,457.5,33.5,48.9,75.76,0.74,60.61,0.62,37.6,0.67
2025-06-11,14:00,Flat,62,TCT,427.7,33.4,48.1,76.0,0.69,60.8,0.58,35.2,0.67
2025-06-11,14:15,Flat,62,TCT,386.2,33.3,47.0,76.37,0.62,61.1,0.52,31.9,0.67
2025-06-11,14:30,Flat,62,TCT,344.7,33.2,45.8,76.74,0.56,61.39,0.47,28.6,0.67
2025-06-11,14:45,Flat,62,TCT,303.2,33.1,44.6,77.11,0.49,61.69,0.41,25.2,0.67
2025-06-11,15:00,Flat,62,TCT,261.7,32.9,43.5,77.48,0.42,61.98,0.35,21.8,0.67
2025-06-11,15:15,Flat,62,TCT,230.7,32.7,42.4,77.81,0.37,62.25,0.31,19.3,0.67
2025-06-11,15:30,Flat,62,TCT,199.7,32.4,41.4,78.14,0.32,62.51,0.27,16.8,0.67
2025-06-11,15:45,Flat,62,TCT,168.7,32.1,40.4,78.46,0.27,62.77,0.23,14.2,0.67
2025-06-11,16:00,Flat,62,TCT,137.8,31.9,39.3,78.79,0.22,63.03,0.18,11.7,0.67
2025-06-11,16:15,Flat,62,TCT,112.3,31.4,38.2,79.13,0.18,63.31,0.15,9.5,0.67
2025-06-11,16:30,Flat,62,TCT,86.8,31.0,37.2,79.48,0.14,63.58,0.12,7.4,0.67
2025-06-11,16:45,Flat,62,TCT,61.3,30.5,36.1,79.82,0.1,63.86,0.08,5.2,0.67
2025-06-11,17:00,Flat,62,TCT,35.8,30.1,35.0,80.16,0.06,64.13,0.05,3.1,0.67
2025-06-11,17:15,Flat,62,TCT,26.8,29.7,34.4,80.35,0.04,64.28,0.04,2.3,0.67
2025-06-11,17:30,Flat,62,TCT,17.9,29.4,33.8,80.53,0.03,64.42,0.02,1.5,0.67
2025-06-11,17:45,Flat,62,TCT,8.9,29.0,33.3,80.71,0.01,64.57,0.01,0.8,0.67
2025-06-12,05:15,Flat,62,TCT,20.7,25.3,29.9,81.79,0.03,65.43,0.03,1.8,0.67
2025-06-12,05:30,Flat,62,TCT,37.0,25.7,30.6,81.55,0.06,65.24,0.05,3.2,0.67
2025-06-12,05:45,Flat,62,TCT,53.3,26.0,31.4,81.31,0.08,65.05,0.07,4.6,0.67
2025-06-12,06:00,Flat,62,TCT,69.5,26.4,32.1,81.07,0.11,64.86,0.09,6.0,0.67
2025-06-12,06:15,Flat,62,TCT,95.5,26.9,33.3,80.7,0.15,64.56,0.13,8.2,0.67
2025-06-12,06:30,Flat,62,TCT,121.5,27.4,34.5,80.33,0.19,64.26,0.16,10.4,0.67
2025-06-12,06:45,Flat,62,TCT,147.4,28.0,35.6,79.96,0.24,63.97,0.2,12.6,0.67
2025-06-12,07:00,Flat,62,TCT,173.4,28.5,36.8,79.59,0.28,63.67,0.23,14.8,0.67
2025-06-12,07:15,Flat,62,TCT,206.0,29.2,38.3,79.12,0.33,63.29,0.28,17.5,0.67
2025-06-12,07:30,Flat,62,TCT,238.6,29.8,39.8,78.65,0.38,62.92,0.32,20.1,0.67
2025-06-12,07:45,Flat,62,TCT,271.2,30.5,41.3,78.17,0.44,62.54,0.36,22.8,0.67
2025-06-12,08:00,Flat,62,TCT,303.8,31.2,42.8,77.7,0.49,62.16,0.41,25.4,0.67
2025-06-12,08:15,Flat,62,TCT,334.8,31.7,44.1,77.29,0.54,61.83,0.45,27.9,0.67
2025-06-12,08:30,Flat,62,TCT,365.9,32.2,45.4,76.88,0.59,61.5,0.49,30.4,0.67
2025-06-12,08:45,Flat,62,TCT,397.0,32.8,46.7,76.46,0.64,61.17,0.54,32.8,0.67
2025-06-12,09:00,Flat,62,TCT,428.1,33.3,48.0,76.05,0.69,60.84,0.58,35.2,0.67
2025-06-12,09:15,Flat,62,TCT,462.7,33.7,49.2,75.66,0.75,60.53,0.63,37.9,0.67
2025-06-12,09:30,Flat,62,TCT,497.4,34.0,50.5,75.26,0.81,60.21,0.67,40.6,0.67
2025-06-12,09:45,Flat,62,TCT,532.1,34.4,51.7,74.87,0.86,59.89,0.72,43.3,0.67
2025-06-12,10:00,Flat,62,TCT,566.8,34.8,53.0,74.47,0.92,59.58,0.77,45.9,0.67
2025-06-12,10:15,Flat,62,TCT,582.3,35.0,53.6,74.27,0.95,59.42,0.79,47.1,0.67
2025-06-12,10:30,Flat,62,TCT,597.9,35.3,54.2,74.07,0.97,59.26,0.81,48.2,0.67
2025-06-12,10:45,Flat,62,TCT,613.4,35.5,54.9,73.87,1.0,59.09,0.84,49.4,0.67
2025-06-12,11:00,Flat,62,TCT,628.9,35.8,55.5,73.66,1.02,58.93,0.86,50.5,0.67
2025-06-12,11:15,Flat,62,TCT,644.1,35.9,56.0,73.5,1.05,58.8,0.88,51.6,0.67
2025-06-12,11:30,Flat,62,TCT,659.3,36.1,56.5,73.34,1.07,58.67,0.9,52.8,0.67
2025-06-12,11:45,Flat,62,TCT,674.5,36.2,57.1,73.18,1.1,58.54,0.92,53.9,0.67
2025-06-12,12:00,Flat,62,TCT,689.7,36.3,57.6,73.01,1.12,58.41,0.94,55.0,0.67
2025-06-12,12:15,Flat,62,TCT,632.6,36.3,56.1,73.47,1.03,58.77,0.86,50.7,0.67
2025-06-12,12:30,Flat,62,TCT,575.5,36.3,54.7,73.92,0.94,59.14,0.78,46.3,0.67
2025-06-12,12:45,Flat,62,TCT,518.3,36.3,53.3,74.38,0.84,59.5,0.7,41.9,0.67
2025-06-12,13:00,Flat,62,TCT,461.2,36.3,51.8,74.83,0.75,59.86,0.63,37.5,0.67
2025-06-12,13:15,Flat,62,TCT,443.9,36.2,51.3,75.01,0.72,60.01,0.6,36.2,0.67
2025-06-12,13:30,Flat,62,TCT,426.6,36.0,50.7,75.2,0.69,60.16,0.58,34.8,0.67
2025-06-12,13:45,Flat,62,TCT,409.2,35.9,50.1,75.39,0.66,60.31,0.55,33.5,0.67
2025-06-12,14:00,Flat,62,TCT,391.9,35.7,49.5,75.57,0.63,60.46,0.53,32.1,0.67
2025-06-12,14:15,Flat,62,TCT,356.4,35.5,48.4,75.93,0.58,60.74,0.48,29.3,0.67
2025-06-12,14:30,Flat,62,TCT,320.9,35.2,47.2,76.29,0.52,61.03,0.43,26.5,0.67
2025-06-12,14:45,Flat,62,TCT,285.4,35.0,46.1,76.65,0.46,61.32,0.39,23.6,0.67
2025-06-12,15:00,Flat,62,TCT,249.9,34.7,45.0,77.01,0.4,61.6,0.34,20.8,0.67
2025-06-12,15:15,Flat,62,TCT,224.1,34.4,44.0,77.31,0.36,61.85,0.3,18.7,0.67
2025-06-12,15:30,Flat,62,TCT,198.2,34.1,43.0,77.62,0.32,62.09,0.27,16.6,0.67
2025-06-12,15:45,Flat,62,TCT,172.4,33.8,42.1,77.92,0.28,62.34,0.23,14.5,0.67
2025-06-12,16:00,Flat,62,TCT,146.6,33.5,41.1,78.23,0.24,62.58,0.2,12.3,0.67
2025-06-12,16:15,Flat,62,TCT,117.4,33.0,39.9,78.61,0.19,62.89,0.16,9.9,0.67
2025-06-12,16:30,Flat,62,TCT,88.3,32.5,38.7,78.99,0.14,63.19,0.12,7.5,0.67
2025-06-12,16:45,Flat,62,TCT,59.2,32.0,37.5,79.37,0.09,63.5,0.08,5.0,0.67
2025-06-12,17:00,Flat,62,TCT,30.1,31.5,36.3,79.75,0.05,63.8,0.04,2.6,0.67
2025-06-12,17:15,Flat,62,TCT,22.6,31.0,35.6,79.97,0.04,63.98,0.03,1.9,0.67
2025-06-12,17:30,Flat,62,TCT,15.1,30.5,34.9,80.19,0.02,64.16,0.02,1.3,0.67
2025-06-12,17:45,Flat,62,TCT,7.5,30.0,34.2,80.42,0.01,64.33,0.01,0.6,0.67
2025-06-13,05:00,Flat,62,TCT,5.2,25.5,29.6,81.87,0.01,65.49,0.01,0.4,0.67
2025-06-13,05:15,Flat,62,TCT,21.4,25.7,30.3,81.66,0.03,65.33,0.03,1.9,0.67
2025-06-13,05:30,Flat,62,TCT,37.7,26.0,30.9,81.45,0.06,65.16,0.05,3.3,0.67
2025-06-13,05:45,Flat,62,TCT,54.0,26.3,31.6,81.24,0.09,64.99,0.07,4.7,0.67
2025-06-13,06:00,Flat,62,TCT,70.2,26.5,32.3,81.03,0.11,64.82,0.09,6.1,0.67
2025-06-13,06:15,Flat,62,TCT,99.9,27.0,33.5,80.64,0.16,64.51,0.13,8.6,0.67
2025-06-13,06:30,Flat,62,TCT,129.6,27.5,34.7,80.25,0.21,64.2,0.17,11.1,0.67
2025-06-13,06:45,Flat,62,TCT,159.3,28.0,36.0,79.85,0.25,63.88,0.21,13.6,0.67
2025-06-13,07:00,Flat,62,TCT,189.0,28.5,37.2,79.46,0.3,63.57,0.25,16.1,0.67
2025-06-13,07:15,Flat,62,TCT,222.3,29.0,38.6,79.03,0.36,63.23,0.3,18.8,0.67
2025-06-13,07:30,Flat,62,TCT,255.6,29.5,39.9,78.6,0.41,62.88,0.34,21.6,0.67
2025-06-13,07:45,Flat,62,TCT,288.9,30.1,41.3,78.17,0.46,62.54,0.39,24.3,0.67
2025-06-13,08:00,Flat,62,TCT,322.3,30.6,42.6,77.74,0.52,62.19,0.43,27.0,0.67
2025-06-13,08:15,Flat,62,TCT,353.3,31.1,43.9,77.34,0.57,61.88,0.48,29.5,0.67
2025-06-13,08:30,Flat,62,TCT,384.3,31.5,45.1,76.95,0.62,61.56,0.52,31.9,0.67
2025-06-13,08:45,Flat,62,TCT,415.3,32.0,46.4,76.55,0.67,61.24,0.56,34.4,0.67
2025-06-13,09:00,Flat,62,TCT,446.4,32.5,47.6,76.16,0.72,60.93,0.6,36.8,0.67
2025-06-13,09:15,Flat,62,TCT,460.4,32.9,48.4,75.92,0.74,60.74,0.62,37.9,0.67
2025-06-13,09:30,Flat,62,TCT,474.5,33.2,49.1,75.69,0.77,60.55,0.64,38.9,0.67
2025-06-13,09:45,Flat,62,TCT,488.6,33.6,49.8,75.46,0.79,60.37,0.66,40.0,0.67
2025-06-13,10:00,Flat,62,TCT,502.6,34.0,50.6,75.23,0.81,60.18,0.68,41.0,0.67
2025-06-13,10:15,Flat,62,TCT,511.8,34.3,51.1,75.08,0.83,60.06,0.69,41.7,0.67
2025-06-13,10:30,Flat,62,TCT,520.9,34.5,51.5,74.93,0.84,59.94,0.71,42.4,0.67
2025-06-13,10:45,Flat,62,TCT,530.0,34.8,52.0,74.77,0.86,59.82,0.72,43.1,0.67
2025-06-13,11:00,Flat,62,TCT,539.1,35.0,52.5,74.62,0.87,59.7,0.73,43.7,0.67
2025-06-13,11:15,Flat,62,TCT,532.2,35.1,52.4,74.64,0.86,59.71,0.72,43.2,0.67
2025-06-13,11:30,Flat,62,TCT,525.4,35.2,52.4,74.66,0.85,59.73,0.71,42.6,0.67
2025-06-13,11:45,Flat,62,TCT,518.5,35.4,52.3,74.68,0.84,59.74,0.7,42.1,0.67
2025-06-13,12:00,Flat,62,TCT,511.7,35.5,52.3,74.7,0.83,59.76,0.7,41.5,0.67
2025-06-13,12:15,Flat,62,TCT,492.6,35.4,51.7,74.87,0.8,59.89,0.67,40.1,0.67
2025-06-13,12:30,Flat,62,TCT,473.5,35.3,51.2,75.04,0.77,60.03,0.64,38.6,0.67
2025-06-13,12:45,Flat,62,TCT,454.4,35.3,50.6,75.21,0.74,60.17,0.62,37.1,0.67
2025-06-13,13:00,Flat,62,TCT,435.2,35.2,50.1,75.38,0.7,60.31,0.59,35.6,0.67
2025-06-13,13:15,Flat,62,TCT,417.1,35.0,49.5,75.58,0.67,60.47,0.57,34.2,0.67
2025-06-13,13:30,Flat,62,TCT,399.1,34.9,48.8,75.78,0.65,60.63,0.54,32.8,0.67
2025-06-13,13:45,Flat,62,TCT,381.0,34.7,48.2,75.98,0.62,60.79,0.52,31.3,0.67
2025-06-13,14:00,Flat,62,TCT,362.9,34.5,47.6,76.18,0.59,60.94,0.49,29.9,0.67
2025-06-13,14:15,Flat,62,TCT,318.9,34.3,46.2,76.6,0.51,61.28,0.43,26.4,0.67
2025-06-13,14:30,Flat,62,TCT,275.0,34.0,44.9,77.02,0.44,61.62,0.37,22.9,0.67
2025-06-13,14:45,Flat,62,TCT,231.1,33.8,43.6,77.44,0.37,61.95,0.31,19.3,0.67
2025-06-13,15:00,Flat,62,TCT,187.2,33.6,42.3,77.86,0.3,62.29,0.25,15.7,0.67
2025-06-13,15:15,Flat,62,TCT,168.2,33.3,41.5,78.1,0.27,62.48,0.23,14.1,0.67
2025-06-13,15:30,Flat,62,TCT,149.2,33.0,40.7,78.35,0.24,62.68,0.2,12.6,0.67
2025-06-13,15:45,Flat,62,TCT,130.3,32.7,40.0,78.59,0.21,62.87,0.17,11.0,0.67
2025-06-13,16:00,Flat,62,TCT,111.3,32.4,39.2,78.83,0.18,63.06,0.15,9.4,0.67
2025-06-13,16:15,Flat,62,TCT,91.3,32.0,38.3,79.12,0.15,63.29,0.12,7.7,0.67
2025-06-13,16:30,Flat,62,TCT,71.3,31.6,37.4,79.41,0.11,63.53,0.1,6.1,0.67
2025-06-13,16:45,Flat,62,TCT,51.4,31.2,36.5,79.69,0.08,63.76,0.07,4.4,0.67
2025-06-13,17:00,Flat,62,TCT,31.4,30.8,35.6,79.98,0.05,63.99,0.04,2.7,0.67
2025-06-13,17:15,Flat,62,TCT,23.5,30.3,34.9,80.2,0.04,64.16,0.03,2.0,0.67
2025-06-13,17:30,Flat,62,TCT,15.7,29.8,34.2,80.41,0.03,64.33,0.02,1.3,0.67
2025-06-13,17:45,Flat,62,TCT,7.8,29.3,33.5,80.63,0.01,64.5,0.01,0.7,0.67
2025-06-14,05:15,Flat,62,TCT,20.1,26.1,30.6,81.57,0.03,65.26,0.03,1.7,0.67
2025-06-14,05:30,Flat,62,TCT,36.1,26.2,31.1,81.39,0.06,65.11,0.05,3.1,0.67
2025-06-14,05:45,Flat,62,TCT,52.2,26.4,31.7,81.21,0.08,64.96,0.07,4.5,0.67
2025-06-14,06:00,Flat,62,TCT,68.2,26.6,32.3,81.02,0.11,64.82,0.09,5.9,0.67
2025-06-14,06:15,Flat,62,TCT,94.2,26.9,33.3,80.71,0.15,64.57,0.13,8.1,0.67
2025-06-14,06:30,Flat,62,TCT,120.3,27.3,34.3,80.39,0.19,64.32,0.16,10.3,0.67
2025-06-14,06:45,Flat,62,TCT,146.4,27.6,35.3,80.08,0.23,64.06,0.2,12.5,0.67
2025-06-14,07:00,Flat,62,TCT,172.4,27.9,36.3,79.77,0.28,63.81,0.23,14.7,0.67
2025-06-14,07:15,Flat,62,TCT,199.8,28.4,37.4,79.41,0.32,63.53,0.27,17.0,0.67
2025-06-14,07:30,Flat,62,TCT,227.1,28.8,38.5,79.06,0.36,63.25,0.3,19.3,0.67
2025-06-14,07:45,Flat,62,TCT,254.4,29.2,39.6,78.71,0.41,62.97,0.34,21.5,0.67
2025-06-14,08:00,Flat,62,TCT,281.7,29.7,40.7,78.36,0.45,62.68,0.38,23.7,0.67
2025-06-14,08:15,Flat,62,TCT,322.0,30.0,42.1,77.92,0.52,62.34,0.43,27.0,0.67
2025-06-14,08:30,Flat,62,TCT,362.2,30.4,43.5,77.49,0.58,61.99,0.49,30.2,0.67
2025-06-14,08:45,Flat,62,TCT,402.4,30.8,44.8,77.05,0.65,61.64,0.54,33.5,0.67
2025-06-14,09:00,Flat,62,TCT,442.7,31.1,46.2,76.62,0.71,61.29,0.6,36.6,0.67
2025-06-14,09:15,Flat,62,TCT,461.3,31.4,46.9,76.38,0.74,61.11,0.62,38.1,0.67
2025-06-14,09:30,Flat,62,TCT,479.9,31.7,47.7,76.15,0.78,60.92,0.65,39.5,0.67
2025-06-14,09:45,Flat,62,TCT,498.5,32.0,48.4,75.91,0.81,60.73,0.67,41.0,0.67
2025-06-14,10:00,Flat,62,TCT,517.1,32.2,49.2,75.68,0.84,60.54,0.7,42.4,0.67
2025-06-14,10:15,Flat,62,TCT,528.1,32.4,49.6,75.54,0.85,60.43,0.72,43.3,0.67
2025-06-14,10:30,Flat,62,TCT,539.1,32.5,50.0,75.4,0.87,60.32,0.73,44.1,0.67
2025-06-14,10:45,Flat,62,TCT,550.1,32.7,50.5,75.27,0.89,60.21,0.75,44.9,0.67
2025-06-14,11:00,Flat,62,TCT,561.1,32.9,50.9,75.13,0.91,60.1,0.76,45.8,0.67
2025-06-14,11:15,Flat,62,TCT,559.3,32.9,50.9,75.12,0.91,60.1,0.76,45.6,0.67
2025-06-14,11:30,Flat,62,TCT,557.5,33.0,50.9,75.12,0.9,60.1,0.76,45.5,0.67
2025-06-14,11:45,Flat,62,TCT,555.7,33.0,50.9,75.12,0.9,60.09,0.75,45.3,0.67
2025-06-14,12:00,Flat,62,TCT,553.8,33.1,50.9,75.11,0.9,60.09,0.75,45.2,0.67
2025-06-14,12:15,Flat,62,TCT,525.0,33.0,50.2,75.36,0.85,60.29,0.71,42.9,0.67
2025-06-14,12:30,Flat,62,TCT,496.3,33.0,49.4,75.61,0.8,60.48,0.67,40.7,0.67
2025-06-14,12:45,Flat,62,TCT,467.5,32.9,48.6,75.85,0.76,60.68,0.63,38.4,0.67
2025-06-14,13:00,Flat,62,TCT,438.7,32.9,47.8,76.1,0.71,60.88,0.59,36.1,0.67
2025-06-14,13:15,Flat,62,TCT,402.9,32.8,46.9,76.4,0.65,61.12,0.54,33.3,0.67
2025-06-14,13:30,Flat,62,TCT,367.0,32.7,45.9,76.71,0.59,61.37,0.5,30.4,0.67
2025-06-14,13:45,Flat,62,TCT,331.2,32.7,44.9,77.01,0.53,61.61,0.45,27.5,0.67
2025-06-14,14:00,Flat,62,TCT,295.3,32.6,44.0,77.32,0.48,61.85,0.4,24.6,0.67
2025-06-14,14:15,Flat,62,TCT,283.0,32.5,43.6,77.45,0.46,61.96,0.38,23.6,0.67
2025-06-14,14:30,Flat,62,TCT,270.7,32.4,43.1,77.59,0.44,62.07,0.36,22.6,0.67
2025-06-14,14:45,Flat,62,TCT,258.4,32.2,42.7,77.72,0.42,62.18,0.35,21.6,0.67
2025-06-14,15:00,Flat,62,TCT,246.2,32.1,42.3,77.86,0.4,62.29,0.33,20.6,0.67
2025-06-14,15:15,Flat,62,TCT,218.7,31.9,41.4,78.14,0.35,62.51,0.29,18.4,0.67
2025-06-14,15:30,Flat,62,TCT,191.2,31.7,40.5,78.42,0.31,62.73,0.26,16.1,0.67
2025-06-14,15:45,Flat,62,TCT,163.7,31.5,39.6,78.7,0.26,62.96,0.22,13.8,0.67
2025-06-14,16:00,Flat,62,TCT,136.2,31.3,38.7,78.98,0.22,63.18,0.18,11.5,0.67
2025-06-14,16:15,Flat,62,TCT,111.7,31.0,37.8,79.28,0.18,63.43,0.15,9.5,0.67
2025-06-14,16:30,Flat,62,TCT,87.2,30.6,36.8,79.59,0.14,63.67,0.12,7.4,0.67
2025-06-14,16:45,Flat,62,TCT,62.7,30.3,35.8,79.89,0.1,63.92,0.08,5.4,0.67
2025-06-14,17:00,Flat,62,TCT,38.2,29.9,34.9,80.2,0.06,64.16,0.05,3.3,0.67
2025-06-14,17:15,Flat,62,TCT,28.7,29.6,34.3,80.39,0.05,64.31,0.04,2.5,0.67
2025-06-14,17:30,Flat,62,TCT,19.1,29.2,33.7,80.58,0.03,64.47,0.03,1.6,0.67
2025-06-14,17:45,Flat,62,TCT,9.6,28.8,33.1,80.77,0.02,64.62,0.01,0.8,0.67
2025-06-15,05:15,Flat,62,TCT,21.1,25.3,29.8,81.81,0.03,65.45,0.03,1.8,0.67
2025-06-15,05:30,Flat,62,TCT,38.3,25.4,30.3,81.65,0.06,65.32,0.05,3.3,0.67
2025-06-15,05:45,Flat,62,TCT,55.5,25.4,30.8,81.48,0.09,65.18,0.07,4.8,0.67
2025-06-15,06:00,Flat,62,TCT,72.7,25.5,31.4,81.32,0.12,65.05,0.1,6.3,0.67
2025-06-15,06:15,Flat,62,TCT,98.4,25.8,32.2,81.04,0.16,64.83,0.13,8.5,0.67
2025-06-15,06:30,Flat,62,TCT,124.2,26.0,33.1,80.77,0.2,64.62,0.17,10.7,0.67
2025-06-15,06:45,Flat,62,TCT,149.9,26.2,33.9,80.5,0.24,64.4,0.2,12.9,0.67
2025-06-15,07:00,Flat,62,TCT,175.7,26.4,34.8,80.23,0.28,64.18,0.23,15.1,0.67
2025-06-15,07:15,Flat,62,TCT,198.0,26.8,35.7,79.93,0.32,63.94,0.26,16.9,0.67
2025-06-15,07:30,Flat,62,TCT,220.4,27.2,36.7,79.63,0.35,63.71,0.29,18.8,0.67
2025-06-15,07:45,Flat,62,TCT,242.7,27.5,37.6,79.34,0.39,63.47,0.33,20.6,0.67
2025-06-15,08:00,Flat,62,TCT,265.1,27.9,38.5,79.04,0.42,63.23,0.36,22.5,0.67
2025-06-15,08:15,Flat,62,TCT,271.8,28.4,39.2,78.83,0.44,63.07,0.36,23.0,0.67
2025-06-15,08:30,Flat,62,TCT,278.5,28.9,39.9,78.62,0.45,62.9,0.37,23.5,0.67
2025-06-15,08:45,Flat,62,TCT,285.3,29.4,40.5,78.42,0.46,62.73,0.38,24.0,0.67
2025-06-15,09:00,Flat,62,TCT,292.0,29.9,41.2,78.21,0.47,62.57,0.39,24.6,0.67
2025-06-15,09:15,Flat,62,TCT,316.5,30.2,42.1,77.92,0.51,62.34,0.43,26.5,0.67
2025-06-15,09:30,Flat,62,TCT,341.0,30.4,43.0,77.64,0.55,62.11,0.46,28.5,0.67
2025-06-15,09:45,Flat,62,TCT,365.5,30.7,43.9,77.36,0.59,61.88,0.49,30.5,0.67
2025-06-15,10:00,Flat,62,TCT,390.0,31.0,44.8,77.07,0.63,61.66,0.53,32.4,0.67
2025-06-15,10:15,Flat,62,TCT,384.9,31.1,44.7,77.09,0.62,61.67,0.52,32.0,0.67
2025-06-15,10:30,Flat,62,TCT,379.7,31.1,44.6,77.11,0.61,61.69,0.51,31.6,0.67
2025-06-15,10:45,Flat,62,TCT,374.6,31.2,44.6,77.13,0.6,61.7,0.51,31.2,0.67
2025-06-15,11:00,Flat,62,TCT,369.4,31.3,44.5,77.15,0.59,61.72,0.5,30.7,0.67
2025-06-15,11:15,Flat,62,TCT,381.1,31.2,44.8,77.07,0.61,61.66,0.51,31.7,0.67
2025-06-15,11:30,Flat,62,TCT,392.8,31.2,45.0,76.99,0.63,61.59,0.53,32.6,0.67
2025-06-15,11:45,Flat,62,TCT,404.5,31.1,45.2,76.92,0.65,61.53,0.55,33.6,0.67
2025-06-15,12:00,Flat,62,TCT,416.1,31.1,45.5,76.84,0.67,61.47,0.56,34.5,0.67
2025-06-15,12:15,Flat,62,TCT,427.9,31.0,45.7,76.77,0.69,61.42,0.58,35.5,0.67
2025-06-15,12:30,Flat,62,TCT,439.7,30.9,45.9,76.7,0.71,61.36,0.59,36.4,0.67
2025-06-15,12:45,Flat,62,TCT,451.5,30.9,46.1,76.63,0.73,61.31,0.61,37.4,0.67
2025-06-15,13:00,Flat,62,TCT,463.3,30.8,46.4,76.57,0.75,61.25,0.63,38.3,0.67
2025-06-15,13:15,Flat,62,TCT,422.5,30.7,45.2,76.92,0.68,61.54,0.57,35.1,0.67
2025-06-15,13:30,Flat,62,TCT,381.8,30.6,44.1,77.28,0.61,61.82,0.51,31.8,0.67
2025-06-15,13:45,Flat,62,TCT,341.0,30.4,43.0,77.64,0.55,62.11,0.46,28.5,0.67
2025-06-15,14:00,Flat,62,TCT,300.3,30.3,41.8,77.99,0.48,62.39,0.4,25.2,0.67
2025-06-15,14:15,Flat,62,TCT,264.3,30.2,40.9,78.31,0.42,62.65,0.36,22.2,0.67
2025-06-15,14:30,Flat,62,TCT,228.2,30.1,39.9,78.62,0.37,62.9,0.31,19.3,0.67
2025-06-15,14:45,Flat,62,TCT,192.2,30.1,38.9,78.94,0.31,63.15,0.26,16.3,0.67
2025-06-15,15:00,Flat,62,TCT,156.2,30.0,37.9,79.25,0.25,63.4,0.21,13.3,0.67
2025-06-15,15:15,Flat,62,TCT,144.4,29.8,37.4,79.4,0.23,63.52,0.19,12.3,0.67
2025-06-15,15:30,Flat,62,TCT,132.7,29.6,36.9,79.55,0.21,63.64,0.18,11.3,0.67
2025-06-15,15:45,Flat,62,TCT,121.0,29.4,36.5,79.7,0.19,63.76,0.16,10.3,0.67
2025-06-15,16:00,Flat,62,TCT,109.3,29.3,36.0,79.84,0.17,63.88,0.15,9.3,0.67
2025-06-15,16:15,Flat,62,TCT,88.7,29.0,35.2,80.09,0.14,64.07,0.12,7.6,0.67
2025-06-15,16:30,Flat,62,TCT,68.1,28.7,34.4,80.34,0.11,64.27,0.09,5.8,0.67
2025-06-15,16:45,Flat,62,TCT,47.5,28.5,33.7,80.59,0.08,64.47,0.06,4.1,0.67
2025-06-15,17:00,Flat,62,TCT,26.9,28.2,32.9,80.83,0.04,64.67,0.04,2.3,0.67
2025-06-15,17:15,Flat,62,TCT,20.2,28.0,32.5,80.96,0.03,64.76,0.03,1.7,0.67
2025-06-15,17:30,Flat,62,TCT,13.4,27.8,32.1,81.08,0.02,64.86,0.02,1.2,0.67
2025-06-15,17:45,Flat,62,TCT,6.7,27.5,31.7,81.2,0.01,64.96,0.01,0.6,0.67
2025-06-16,05:15,Flat,62,TCT,24.3,25.8,30.4,81.62,0.04,65.3,0.03,2.1,0.67
2025-06-16,05:30,Flat,62,TCT,43.8,26.1,31.2,81.37,0.07,65.1,0.06,3.8,0.67
2025-06-16,05:45,Flat,62,TCT,63.4,26.4,32.0,81.12,0.1,64.89,0.08,5.5,0.67
2025-06-16,06:00,Flat,62,TCT,83.0,26.7,32.8,80.87,0.13,64.69,0.11,7.2,0.67
2025-06-16,06:15,Flat,62,TCT,112.8,27.2,34.0,80.47,0.18,64.38,0.15,9.7,0.67
2025-06-16,06:30,Flat,62,TCT,142.7,27.7,35.3,80.08,0.23,64.06,0.19,12.2,0.67
2025-06-16,06:45,Flat,62,TCT,172.5,28.2,36.5,79.69,0.28,63.75,0.23,14.7,0.67
2025-06-16,07:00,Flat,62,TCT,202.3,28.7,37.7,79.29,0.32,63.43,0.27,17.2,0.67
2025-06-16,07:15,Flat,62,TCT,230.7,29.2,39.0,78.9,0.37,63.12,0.31,19.5,0.67
2025-06-16,07:30,Flat,62,TCT,259.1,29.7,40.2,78.51,0.42,62.81,0.35,21.9,0.67
2025-06-16,07:45,Flat,62,TCT,287.5,30.3,41.5,78.12,0.46,62.49,0.39,24.2,0.67
2025-06-16,08:00,Flat,62,TCT,315.9,30.8,42.7,77.72,0.51,62.18,0.43,26.4,0.67
2025-06-16,08:15,Flat,62,TCT,330.6,31.3,43.5,77.46,0.53,61.97,0.45,27.6,0.67
2025-06-16,08:30,Flat,62,TCT,345.2,31.7,44.4,77.2,0.56,61.76,0.47,28.7,0.67
2025-06-16,08:45,Flat,62,TCT,359.9,32.2,45.2,76.93,0.58,61.55,0.49,29.9,0.67
2025-06-16,09:00,Flat,62,TCT,374.5,32.7,46.0,76.67,0.6,61.34,0.51,31.0,0.67
2025-06-16,09:15,Flat,62,TCT,384.3,33.0,46.6,76.48,0.62,61.19,0.52,31.8,0.67
2025-06-16,09:30,Flat,62,TCT,394.1,33.4,47.2,76.29,0.64,61.03,0.53,32.5,0.67
2025-06-16,09:45,Flat,62,TCT,403.9,33.7,47.8,76.1,0.65,60.88,0.55,33.3,0.67
2025-06-16,10:00,Flat,62,TCT,413.7,34.1,48.4,75.91,0.67,60.73,0.56,34.0,0.67
2025-06-16,10:15,Flat,62,TCT,406.1,34.3,48.5,75.9,0.66,60.72,0.55,33.4,0.67
2025-06-16,10:30,Flat,62,TCT,398.5,34.5,48.5,75.88,0.64,60.71,0.54,32.7,0.67
2025-06-16,10:45,Flat,62,TCT,390.9,34.8,48.5,75.87,0.63,60.7,0.53,32.1,0.67
2025-06-16,11:00,Flat,62,TCT,383.3,35.0,48.6,75.86,0.62,60.69,0.52,31.5,0.67
2025-06-16,11:15,Flat,62,TCT,372.8,35.1,48.4,75.91,0.6,60.73,0.5,30.6,0.67
2025-06-16,11:30,Flat,62,TCT,362.3,35.2,48.3,75.96,0.59,60.77,0.49,29.8,0.67
2025-06-16,11:45,Flat,62,TCT,351.8,35.3,48.1,76.01,0.57,60.81,0.48,29.0,0.67
2025-06-16,12:00,Flat,62,TCT,341.4,35.4,48.0,76.06,0.55,60.85,0.46,28.1,0.67
2025-06-16,12:15,Flat,62,TCT,346.0,35.4,48.0,76.04,0.56,60.83,0.47,28.5,0.67
2025-06-16,12:30,Flat,62,TCT,350.6,35.3,48.1,76.03,0.57,60.82,0.47,28.9,0.67
2025-06-16,12:45,Flat,62,TCT,355.2,35.2,48.1,76.01,0.57,60.81,0.48,29.2,0.67
2025-06-16,13:00,Flat,62,TCT,359.9,35.2,48.2,75.99,0.58,60.79,0.49,29.6,0.67
2025-06-16,13:15,Flat,62,TCT,345.7,35.0,47.6,76.16,0.56,60.93,0.47,28.5,0.67
2025-06-16,13:30,Flat,62,TCT,331.5,34.8,47.1,76.33,0.54,61.07,0.45,27.4,0.67
2025-06-16,13:45,Flat,62,TCT,317.4,34.6,46.6,76.5,0.51,61.2,0.43,26.2,0.67
2025-06-16,14:00,Flat,62,TCT,303.2,34.4,46.0,76.67,0.49,61.34,0.41,25.1,0.67
2025-06-16,14:15,Flat,62,TCT,273.6,34.1,45.0,77.01,0.44,61.61,0.37,22.7,0.67
2025-06-16,14:30,Flat,62,TCT,244.0,33.8,43.9,77.34,0.39,61.87,0.33,20.3,0.67
2025-06-16,14:45,Flat,62,TCT,214.5,33.5,42.8,77.68,0.34,62.14,0.29,17.9,0.67
2025-06-16,15:00,Flat,62,TCT,184.9,33.2,41.8,78.01,0.3,62.41,0.25,15.5,0.67
2025-06-16,15:15,Flat,62,TCT,173.4,32.9,41.2,78.2,0.28,62.56,0.23,14.6,0.67
2025-06-16,15:30,Flat,62,TCT,161.8,32.6,40.6,78.38,0.26,62.71,0.22,13.6,0.67
2025-06-16,15:45,Flat,62,TCT,150.3,32.3,40.0,78.57,0.24,62.86,0.2,12.7,0.67
2025-06-16,16:00,Flat,62,TCT,138.8,32.0,39.4,78.76,0.22,63.0,0.19,11.7,0.67
2025-06-16,16:15,Flat,62,TCT,112.2,31.6,38.5,79.07,0.18,63.26,0.15,9.5,0.67
2025-06-16,16:30,Flat,62,TCT,85.6,31.3,37.5,79.38,0.14,63.51,0.11,7.3,0.67
2025-06-16,16:45,Flat,62,TCT,59.0,31.0,36.5,79.7,0.09,63.76,0.08,5.0,0.67
2025-06-16,17:00,Flat,62,TCT,32.5,30.7,35.5,80.01,0.05,64.01,0.04,2.8,0.67
2025-06-16,17:15,Flat,62,TCT,24.3,30.3,34.9,80.2,0.04,64.16,0.03,2.1,0.67
2025-06-16,17:30,Flat,62,TCT,16.2,29.9,34.3,80.39,0.03,64.31,0.02,1.4,0.67
2025-06-16,17:45,Flat,62,TCT,8.1,29.5,33.7,80.58,0.01,64.46,0.01,0.7,0.67
2025-06-17,05:15,Flat,62,TCT,26.5,25.9,30.6,81.55,0.04,65.24,0.04,2.3,0.67
2025-06-17,05:30,Flat,62,TCT,48.1,26.1,31.4,81.32,0.08,65.05,0.06,4.2,0.67
2025-06-17,05:45,Flat,62,TCT,69.7,26.4,32.1,81.08,0.11,64.87,0.09,6.0,0.67
2025-06-17,06:00,Flat,62,TCT,91.3,26.6,32.8,80.85,0.15,64.68,0.12,7.9,0.67
2025-06-17,06:15,Flat,62,TCT,120.1,26.9,33.9,80.5,0.19,64.4,0.16,10.3,0.67
2025-06-17,06:30,Flat,62,TCT,148.8,27.3,35.0,80.16,0.24,64.13,0.2,12.8,0.67
2025-06-17,06:45,Flat,62,TCT,177.6,27.7,36.1,79.82,0.28,63.85,0.24,15.2,0.67
2025-06-17,07:00,Flat,62,TCT,206.3,28.0,37.2,79.47,0.33,63.58,0.28,17.6,0.67
2025-06-17,07:15,Flat,62,TCT,241.7,28.5,38.6,79.03,0.39,63.22,0.32,20.5,0.67
2025-06-17,07:30,Flat,62,TCT,277.0,29.0,40.0,78.59,0.44,62.87,0.37,23.4,0.67
2025-06-17,07:45,Flat,62,TCT,312.4,29.6,41.4,78.15,0.5,62.52,0.42,26.3,0.67
2025-06-17,08:00,Flat,62,TCT,347.7,30.1,42.8,77.7,0.56,62.16,0.47,29.1,0.67
2025-06-17,08:15,Flat,62,TCT,374.9,30.5,43.9,77.34,0.6,61.88,0.51,31.3,0.67
2025-06-17,08:30,Flat,62,TCT,402.0,31.0,45.0,76.99,0.65,61.59,0.54,33.4,0.67
2025-06-17,08:45,Flat,62,TCT,429.2,31.4,46.2,76.63,0.69,61.3,0.58,35.5,0.67
2025-06-17,09:00,Flat,62,TCT,456.3,31.9,47.3,76.27,0.74,61.01,0.62,37.6,0.67
2025-06-17,09:15,Flat,62,TCT,485.7,32.2,48.4,75.93,0.78,60.74,0.66,39.9,0.67
2025-06-17,09:30,Flat,62,TCT,515.1,32.6,49.4,75.59,0.83,60.47,0.7,42.2,0.67
2025-06-17,09:45,Flat,62,TCT,544.5,32.9,50.5,75.25,0.88,60.2,0.74,44.5,0.67
2025-06-17,10:00,Flat,62,TCT,573.9,33.2,51.6,74.91,0.93,59.93,0.78,46.7,0.67
2025-06-17,10:15,Flat,62,TCT,583.7,33.5,52.0,74.76,0.95,59.81,0.79,47.4,0.67
2025-06-17,10:30,Flat,62,TCT,593.5,33.7,52.5,74.62,0.96,59.69,0.81,48.1,0.67
2025-06-17,10:45,Flat,62,TCT,603.2,33.9,53.0,74.47,0.98,59.58,0.82,48.9,0.67
2025-06-17,11:00,Flat,62,TCT,613.0,34.1,53.4,74.33,1.0,59.46,0.83,49.6,0.67
2025-06-17,11:15,Flat,62,TCT,616.9,34.2,53.6,74.27,1.0,59.41,0.84,49.9,0.67
2025-06-17,11:30,Flat,62,TCT,620.7,34.3,53.8,74.21,1.01,59.36,0.84,50.1,0.67
2025-06-17,11:45,Flat,62,TCT,624.6,34.4,54.0,74.15,1.01,59.32,0.85,50.4,0.67
2025-06-17,12:00,Flat,62,TCT,628.4,34.5,54.2,74.09,1.02,59.27,0.86,50.7,0.67
2025-06-17,12:15,Flat,62,TCT,595.0,34.5,53.4,74.34,0.97,59.47,0.81,48.1,0.67
2025-06-17,12:30,Flat,62,TCT,561.7,34.5,52.6,74.6,0.91,59.68,0.76,45.6,0.67
2025-06-17,12:45,Flat,62,TCT,528.3,34.5,51.7,74.86,0.86,59.89,0.72,43.0,0.67
2025-06-17,13:00,Flat,62,TCT,494.9,34.5,50.9,75.12,0.8,60.1,0.67,40.4,0.67
2025-06-17,13:15,Flat,62,TCT,494.8,34.5,50.9,75.13,0.8,60.11,0.67,40.4,0.67
2025-06-17,13:30,Flat,62,TCT,494.6,34.5,50.8,75.14,0.8,60.12,0.67,40.3,0.67
2025-06-17,13:45,Flat,62,TCT,494.5,34.4,50.8,75.16,0.8,60.12,0.67,40.3,0.67
2025-06-17,14:00,Flat,62,TCT,494.4,34.4,50.8,75.17,0.8,60.13,0.67,40.3,0.67
2025-06-17,14:15,Flat,62,TCT,451.4,34.3,49.6,75.55,0.73,60.44,0.61,37.0,0.67
2025-06-17,14:30,Flat,62,TCT,408.4,34.2,48.4,75.92,0.66,60.74,0.55,33.6,0.67
2025-06-17,14:45,Flat,62,TCT,365.4,34.0,47.2,76.3,0.59,61.04,0.49,30.2,0.67
2025-06-17,15:00,Flat,62,TCT,322.4,33.9,46.0,76.68,0.52,61.34,0.44,26.7,0.67
2025-06-17,15:15,Flat,62,TCT,286.3,33.7,44.8,77.05,0.46,61.64,0.39,23.8,0.67
2025-06-17,15:30,Flat,62,TCT,250.2,33.4,43.7,77.42,0.4,61.94,0.34,20.9,0.67
2025-06-17,15:45,Flat,62,TCT,214.1,33.1,42.5,77.79,0.34,62.23,0.29,17.9,0.67
2025-06-17,16:00,Flat,62,TCT,178.0,32.9,41.3,78.16,0.29,62.53,0.24,15.0,0.67
2025-06-17,16:15,Flat,62,TCT,145.4,32.4,40.0,78.58,0.23,62.87,0.2,12.3,0.67
2025-06-17,16:30,Flat,62,TCT,112.8,31.8,38.6,79.01,0.18,63.21,0.15,9.6,0.67
2025-06-17,16:45,Flat,62,TCT,80.2,31.3,37.3,79.43,0.13,63.55,0.11,6.8,0.67
2025-06-17,17:00,Flat,62,TCT,47.6,30.8,36.0,79.86,0.08,63.89,0.06,4.1,0.67
2025-06-17,17:15,Flat,62,TCT,35.7,30.3,35.2,80.11,0.06,64.09,0.05,3.1,0.67
2025-06-17,17:30,Flat,62,TCT,23.8,29.8,34.4,80.36,0.04,64.29,0.03,2.0,0.67
2025-06-17,17:45,Flat,62,TCT,11.9,29.3,33.6,80.61,0.02,64.49,0.02,1.0,0.67
2025-06-18,05:00,Flat,62,TCT,5.6,25.0,29.2,82.01,0.01,65.61,0.01,0.5,0.67
2025-06-18,05:15,Flat,62,TCT,27.8,25.3,30.0,81.74,0.04,65.39,0.04,2.4,0.67
2025-06-18,05:30,Flat,62,TCT,50.0,25.6,30.8,81.48,0.08,65.18,0.07,4.3,0.67
2025-06-18,05:45,Flat,62,TCT,72.2,25.9,31.7,81.21,0.11,64.97,0.1,6.2,0.67
2025-06-18,06:00,Flat,62,TCT,94.4,26.2,32.5,80.95,0.15,64.76,0.13,8.1,0.67
2025-06-18,06:15,Flat,62,TCT,134.3,26.6,33.9,80.5,0.21,64.4,0.18,11.5,0.67
2025-06-18,06:30,Flat,62,TCT,174.3,27.0,35.3,80.05,0.28,64.04,0.23,14.9,0.67
2025-06-18,06:45,Flat,62,TCT,214.3,27.4,36.8,79.6,0.34,63.68,0.29,18.3,0.67
2025-06-18,07:00,Flat,62,TCT,254.2,27.8,38.2,79.16,0.41,63.32,0.34,21.6,0.67
2025-06-18,07:15,Flat,62,TCT,296.4,28.4,39.8,78.63,0.48,62.9,0.4,25.0,0.67
2025-06-18,07:30,Flat,62,TCT,338.5,29.1,41.5,78.1,0.54,62.48,0.46,28.4,0.67
2025-06-18,07:45,Flat,62,TCT,380.7,29.7,43.2,77.57,0.61,62.06,0.51,31.8,0.67
2025-06-18,08:00,Flat,62,TCT,422.8,30.3,44.9,77.04,0.68,61.63,0.57,35.2,0.67
2025-06-18,08:15,Flat,62,TCT,451.6,30.8,46.1,76.65,0.73,61.32,0.61,37.4,0.67
2025-06-18,08:30,Flat,62,TCT,480.4,31.4,47.4,76.25,0.78,61.0,0.65,39.6,0.67
2025-06-18,08:45,Flat,62,TCT,509.2,31.9,48.6,75.85,0.82,60.68,0.69,41.8,0.67
2025-06-18,09:00,Flat,62,TCT,538.0,32.4,49.9,75.45,0.87,60.36,0.73,44.0,0.67
2025-06-18,09:15,Flat,62,TCT,551.9,32.8,50.6,75.22,0.89,60.17,0.75,45.1,0.67
2025-06-18,09:30,Flat,62,TCT,565.8,33.2,51.4,74.98,0.92,59.99,0.77,46.1,0.67
2025-06-18,09:45,Flat,62,TCT,579.6,33.6,52.1,74.75,0.94,59.8,0.79,47.1,0.67
2025-06-18,10:00,Flat,62,TCT,593.5,34.0,52.8,74.51,0.96,59.61,0.81,48.1,0.67
2025-06-18,10:15,Flat,62,TCT,611.7,34.2,53.5,74.29,0.99,59.43,0.83,49.5,0.67
2025-06-18,10:30,Flat,62,TCT,630.0,34.5,54.2,74.07,1.02,59.25,0.86,50.8,0.67
2025-06-18,10:45,Flat,62,TCT,648.2,34.7,54.9,73.85,1.05,59.08,0.88,52.2,0.67
2025-06-18,11:00,Flat,62,TCT,666.5,35.0,55.7,73.62,1.08,58.9,0.91,53.5,0.67
2025-06-18,11:15,Flat,62,TCT,657.9,35.0,55.5,73.68,1.07,58.94,0.9,52.9,0.67
2025-06-18,11:30,Flat,62,TCT,649.4,35.1,55.3,73.73,1.06,58.98,0.88,52.2,0.67
2025-06-18,11:45,Flat,62,TCT,640.8,35.1,55.1,73.78,1.04,59.03,0.87,51.5,0.67
2025-06-18,12:00,Flat,62,TCT,632.2,35.2,55.0,73.84,1.03,59.07,0.86,50.9,0.67
2025-06-18,12:15,Flat,62,TCT,629.0,35.1,54.8,73.88,1.02,59.11,0.86,50.6,0.67
2025-06-18,12:30,Flat,62,TCT,625.8,35.0,54.7,73.93,1.02,59.15,0.85,50.4,0.67
2025-06-18,12:45,Flat,62,TCT,622.6,35.0,54.5,73.98,1.01,59.19,0.85,50.2,0.67
2025-06-18,13:00,Flat,62,TCT,619.4,34.9,54.4,74.03,1.01,59.22,0.84,49.9,0.67
2025-06-18,13:15,Flat,62,TCT,587.5,34.7,53.4,74.33,0.95,59.46,0.8,47.5,0.67
2025-06-18,13:30,Flat,62,TCT,555.6,34.6,52.5,74.62,0.9,59.7,0.76,45.1,0.67
2025-06-18,13:45,Flat,62,TCT,523.8,34.5,51.5,74.92,0.85,59.94,0.71,42.6,0.67
2025-06-18,14:00,Flat,62,TCT,491.9,34.3,50.6,75.22,0.8,60.18,0.67,40.2,0.67
2025-06-18,14:15,Flat,62,TCT,450.7,34.1,49.4,75.61,0.73,60.49,0.61,36.9,0.67
2025-06-18,14:30,Flat,62,TCT,409.6,33.9,48.2,76.0,0.66,60.8,0.55,33.7,0.67
2025-06-18,14:45,Flat,62,TCT,368.4,33.7,46.9,76.38,0.59,61.11,0.5,30.4,0.67
2025-06-18,15:00,Flat,62,TCT,327.3,33.5,45.7,76.77,0.53,61.42,0.44,27.1,0.67
2025-06-18,15:15,Flat,62,TCT,288.4,33.2,44.5,77.17,0.46,61.73,0.39,24.0,0.67
2025-06-18,15:30,Flat,62,TCT,249.5,33.0,43.2,77.56,0.4,62.05,0.34,20.9,0.67
2025-06-18,15:45,Flat,62,TCT,210.7,32.7,42.0,77.96,0.34,62.37,0.28,17.7,0.67
2025-06-18,16:00,Flat,62,TCT,171.8,32.4,40.7,78.35,0.28,62.68,0.23,14.5,0.67
2025-06-18,16:15,Flat,62,TCT,140.5,32.0,39.5,78.74,0.23,62.99,0.19,11.9,0.67
2025-06-18,16:30,Flat,62,TCT,109.2,31.6,38.3,79.12,0.17,63.3,0.15,9.3,0.67
2025-06-18,16:45,Flat,62,TCT,77.8,31.1,37.1,79.51,0.12,63.61,0.1,6.6,0.67
2025-06-18,17:00,Flat,62,TCT,46.5,30.7,35.9,79.89,0.07,63.91,0.06,4.0,0.67
2025-06-18,17:15,Flat,62,TCT,34.9,30.3,35.2,80.1,0.06,64.08,0.05,3.0,0.67
2025-06-18,17:30,Flat,62,TCT,23.2,30.0,34.5,80.31,0.04,64.25,0.03,2.0,0.67
2025-06-18,17:45,Flat,62,TCT,11.6,29.6,33.9,80.52,0.02,64.41,0.02,1.0,0.67
2025-06-19,05:00,Flat,62,TCT,5.1,25.8,29.9,81.76,0.01,65.41,0.01,0.4,0.67
2025-06-19,05:15,Flat,62,TCT,25.8,26.0,30.7,81.53,0.04,65.23,0.03,2.2,0.67
2025-06-19,05:30,Flat,62,TCT,46.5,26.2,31.4,81.3,0.07,65.04,0.06,4.0,0.67
2025-06-19,05:45,Flat,62,TCT,67.2,26.4,32.1,81.07,0.11,64.86,0.09,5.8,0.67
2025-06-19,06:00,Flat,62,TCT,87.8,26.7,32.9,80.84,0.14,64.67,0.12,7.6,0.67
2025-06-19,06:15,Flat,62,TCT,124.8,27.1,34.2,80.4,0.2,64.32,0.17,10.7,0.67
2025-06-19,06:30,Flat,62,TCT,161.8,27.6,35.6,79.96,0.26,63.97,0.22,13.8,0.67
2025-06-19,06:45,Flat,62,TCT,198.8,28.0,37.0,79.52,0.32,63.62,0.27,16.9,0.67
2025-06-19,07:00,Flat,62,TCT,235.8,28.5,38.4,79.08,0.38,63.27,0.32,20.0,0.67
2025-06-19,07:15,Flat,62,TCT,277.6,29.1,40.0,78.57,0.45,62.86,0.37,23.4,0.67
2025-06-19,07:30,Flat,62,TCT,319.4,29.6,41.6,78.06,0.51,62.45,0.43,26.8,0.67
2025-06-19,07:45,Flat,62,TCT,361.2,30.2,43.2,77.55,0.58,62.04,0.49,30.2,0.67
2025-06-19,08:00,Flat,62,TCT,402.9,30.8,44.8,77.04,0.65,61.64,0.54,33.5,0.67
2025-06-19,08:15,Flat,62,TCT,438.4,31.2,46.2,76.62,0.71,61.29,0.59,36.3,0.67
2025-06-19,08:30,Flat,62,TCT,473.9,31.7,47.5,76.19,0.77,60.95,0.64,39.1,0.67
2025-06-19,08:45,Flat,62,TCT,509.4,32.2,48.9,75.76,0.82,60.61,0.69,41.8,0.67
2025-06-19,09:00,Flat,62,TCT,544.8,32.6,50.3,75.33,0.88,60.27,0.74,44.5,0.67
2025-06-19,09:15,Flat,62,TCT,573.9,33.0,51.3,74.99,0.93,59.99,0.78,46.7,0.67
2025-06-19,09:30,Flat,62,TCT,602.9,33.4,52.4,74.64,0.98,59.71,0.82,48.9,0.67
2025-06-19,09:45,Flat,62,TCT,632.0,33.7,53.5,74.3,1.03,59.44,0.86,51.1,0.67
2025-06-19,10:00,Flat,62,TCT,661.0,34.1,54.6,73.95,1.07,59.16,0.9,53.3,0.67
2025-06-19,10:15,Flat,62,TCT,656.3,34.3,54.7,73.93,1.07,59.14,0.89,52.9,0.67
2025-06-19,10:30,Flat,62,TCT,651.7,34.5,54.8,73.9,1.06,59.12,0.89,52.5,0.67
2025-06-19,10:45,Flat,62,TCT,647.0,34.7,54.8,73.88,1.05,59.1,0.88,52.1,0.67
2025-06-19,11:00,Flat,62,TCT,642.3,34.9,54.9,73.85,1.04,59.08,0.88,51.7,0.67
2025-06-19,11:15,Flat,62,TCT,648.2,34.9,55.1,73.78,1.05,59.03,0.88,52.1,0.67
2025-06-19,11:30,Flat,62,TCT,654.0,35.0,55.4,73.71,1.06,58.97,0.89,52.6,0.67
2025-06-19,11:45,Flat,62,TCT,659.8,35.1,55.6,73.65,1.07,58.92,0.9,53.0,0.67
2025-06-19,12:00,Flat,62,TCT,665.7,35.1,55.8,73.58,1.08,58.86,0.91,53.4,0.67
2025-06-19,12:15,Flat,62,TCT,635.3,35.1,55.0,73.83,1.03,59.06,0.87,51.1,0.67
2025-06-19,12:30,Flat,62,TCT,604.9,35.1,54.2,74.08,0.98,59.27,0.82,48.8,0.67
2025-06-19,12:45,Flat,62,TCT,574.5,35.0,53.4,74.33,0.93,59.47,0.78,46.5,0.67
2025-06-19,13:00,Flat,62,TCT,544.1,35.0,52.6,74.58,0.88,59.67,0.74,44.1,0.67
2025-06-19,13:15,Flat,62,TCT,516.3,34.9,51.8,74.85,0.84,59.88,0.7,42.0,0.67
2025-06-19,13:30,Flat,62,TCT,488.6,34.7,50.9,75.12,0.79,60.1,0.66,39.8,0.67
2025-06-19,13:45,Flat,62,TCT,460.9,34.6,50.1,75.39,0.75,60.31,0.62,37.7,0.67
2025-06-19,14:00,Flat,62,TCT,433.1,34.4,49.2,75.66,0.7,60.53,0.59,35.5,0.67
2025-06-19,14:15,Flat,62,TCT,396.0,34.2,48.1,76.02,0.64,60.82,0.54,32.6,0.67
2025-06-19,14:30,Flat,62,TCT,358.8,33.9,46.9,76.39,0.58,61.11,0.49,29.6,0.67
2025-06-19,14:45,Flat,62,TCT,321.7,33.7,45.7,76.76,0.52,61.41,0.43,26.7,0.67
2025-06-19,15:00,Flat,62,TCT,284.6,33.5,44.6,77.13,0.46,61.7,0.38,23.7,0.67
2025-06-19,15:15,Flat,62,TCT,249.3,33.2,43.4,77.5,0.4,62.0,0.34,20.8,0.67
2025-06-19,15:30,Flat,62,TCT,214.0,32.8,42.2,77.88,0.34,62.31,0.29,17.9,0.67
2025-06-19,15:45,Flat,62,TCT,178.8,32.5,41.0,78.26,0.29,62.61,0.24,15.0,0.67
2025-06-19,16:00,Flat,62,TCT,143.5,32.2,39.8,78.64,0.23,62.91,0.19,12.1,0.67
2025-06-19,16:15,Flat,62,TCT,118.3,31.8,38.7,78.98,0.19,63.18,0.16,10.0,0.67
2025-06-19,16:30,Flat,62,TCT,93.1,31.4,37.7,79.31,0.15,63.45,0.12,7.9,0.67
2025-06-19,16:45,Flat,62,TCT,67.9,30.9,36.6,79.65,0.11,63.72,0.09,5.8,0.67
2025-06-19,17:00,Flat,62,TCT,42.7,30.5,35.6,79.99,0.07,63.99,0.06,3.7,0.67
2025-06-19,17:15,Flat,62,TCT,32.0,30.1,34.9,80.21,0.05,64.17,0.04,2.7,0.67
2025-06-19,17:30,Flat,62,TCT,21.4,29.6,34.1,80.43,0.03,64.34,0.03,1.8,0.67
2025-06-19,17:45,Flat,62,TCT,10.7,29.2,33.4,80.65,0.02,64.52,0.01,0.9,0.67
2025-06-20,05:00,Flat,62,TCT,5.5,24.4,28.6,82.19,0.01,65.75,0.01,0.5,0.67
2025-06-20,05:15,Flat,62,TCT,27.2,24.7,29.4,81.93,0.04,65.55,0.04,2.4,0.67
2025-06-20,05:30,Flat,62,TCT,48.9,25.0,30.2,81.68,0.08,65.34,0.06,4.2,0.67
2025-06-20,05:45,Flat,62,TCT,70.6,25.3,31.0,81.42,0.11,65.13,0.09,6.1,0.67
2025-06-20,06:00,Flat,62,TCT,92.2,25.5,31.8,81.16,0.15,64.93,0.12,8.0,0.67
2025-06-20,06:15,Flat,62,TCT,128.2,25.9,33.1,80.75,0.2,64.6,0.17,11.0,0.67
2025-06-20,06:30,Flat,62,TCT,164.2,26.3,34.4,80.34,0.26,64.27,0.22,14.1,0.67
2025-06-20,06:45,Flat,62,TCT,200.2,26.7,35.7,79.94,0.32,63.95,0.27,17.1,0.67
2025-06-20,07:00,Flat,62,TCT,236.2,27.1,37.0,79.53,0.38,63.62,0.32,20.1,0.67
2025-06-20,07:15,Flat,62,TCT,282.2,27.6,38.6,79.02,0.45,63.21,0.38,23.9,0.67
2025-06-20,07:30,Flat,62,TCT,328.2,28.0,40.2,78.51,0.53,62.81,0.44,27.7,0.67
2025-06-20,07:45,Flat,62,TCT,374.2,28.5,41.8,78.0,0.6,62.4,0.5,31.4,0.67
2025-06-20,08:00,Flat,62,TCT,420.3,28.9,43.4,77.49,0.68,61.99,0.57,35.1,0.67
2025-06-20,08:15,Flat,62,TCT,455.8,29.4,44.8,77.06,0.73,61.65,0.61,37.9,0.67
2025-06-20,08:30,Flat,62,TCT,491.3,29.9,46.2,76.63,0.79,61.3,0.66,40.7,0.67
2025-06-20,08:45,Flat,62,TCT,526.8,30.3,47.5,76.2,0.85,60.96,0.71,43.4,0.67
2025-06-20,09:00,Flat,62,TCT,562.3,30.8,48.9,75.77,0.91,60.62,0.76,46.2,0.67
2025-06-20,09:15,Flat,62,TCT,578.8,31.2,49.7,75.51,0.94,60.41,0.78,47.4,0.67
2025-06-20,09:30,Flat,62,TCT,595.4,31.6,50.5,75.25,0.96,60.2,0.81,48.6,0.67
2025-06-20,09:45,Flat,62,TCT,611.9,32.0,51.3,75.0,0.99,60.0,0.83,49.8,0.67
2025-06-20,10:00,Flat,62,TCT,628.5,32.4,52.1,74.74,1.02,59.79,0.85,51.0,0.67
2025-06-20,10:15,Flat,62,TCT,646.1,32.7,52.9,74.5,1.05,59.6,0.88,52.4,0.67
2025-06-20,10:30,Flat,62,TCT,663.8,33.0,53.6,74.26,1.08,59.41,0.9,53.7,0.67
2025-06-20,10:45,Flat,62,TCT,681.4,33.3,54.4,74.03,1.11,59.22,0.93,54.9,0.67
2025-06-20,11:00,Flat,62,TCT,699.1,33.6,55.1,73.79,1.14,59.03,0.95,56.2,0.67
2025-06-20,11:15,Flat,62,TCT,677.9,33.8,54.8,73.9,1.1,59.12,0.92,54.6,0.67
2025-06-20,11:30,Flat,62,TCT,656.6,34.0,54.4,74.02,1.07,59.21,0.89,52.9,0.67
2025-06-20,11:45,Flat,62,TCT,635.4,34.2,54.1,74.13,1.03,59.3,0.86,51.3,0.67
2025-06-20,12:00,Flat,62,TCT,614.2,34.3,53.7,74.24,1.0,59.39,0.84,49.6,0.67
2025-06-20,12:15,Flat,62,TCT,595.7,34.4,53.3,74.36,0.97,59.49,0.81,48.2,0.67
2025-06-20,12:30,Flat,62,TCT,577.3,34.5,53.0,74.47,0.94,59.58,0.78,46.8,0.67
2025-06-20,12:45,Flat,62,TCT,558.8,34.6,52.6,74.59,0.91,59.67,0.76,45.3,0.67
2025-06-20,13:00,Flat,62,TCT,540.3,34.7,52.2,74.71,0.88,59.77,0.73,43.9,0.67
2025-06-20,13:15,Flat,62,TCT,533.4,34.7,52.1,74.76,0.87,59.81,0.72,43.3,0.67
2025-06-20,13:30,Flat,62,TCT,526.6,34.7,51.9,74.82,0.85,59.85,0.72,42.8,0.67
2025-06-20,13:45,Flat,62,TCT,519.7,34.7,51.7,74.87,0.84,59.9,0.71,42.3,0.67
2025-06-20,14:00,Flat,62,TCT,512.8,34.7,51.5,74.93,0.83,59.94,0.7,41.7,0.67
2025-06-20,14:15,Flat,62,TCT,474.3,34.6,50.4,75.27,0.77,60.22,0.64,38.7,0.67
2025-06-20,14:30,Flat,62,TCT,435.8,34.5,49.4,75.62,0.71,60.49,0.59,35.7,0.67
2025-06-20,14:45,Flat,62,TCT,397.4,34.3,48.3,75.96,0.64,60.77,0.54,32.7,0.67
2025-06-20,15:00,Flat,62,TCT,358.9,34.2,47.2,76.3,0.58,61.04,0.49,29.6,0.67
2025-06-20,15:15,Flat,62,TCT,316.9,33.9,45.8,76.73,0.51,61.38,0.43,26.3,0.67
2025-06-20,15:30,Flat,62,TCT,274.9,33.6,44.5,77.15,0.44,61.72,0.37,22.9,0.67
2025-06-20,15:45,Flat,62,TCT,232.9,33.3,43.2,77.58,0.37,62.06,0.31,19.5,0.67
2025-06-20,16:00,Flat,62,TCT,190.9,33.0,41.8,78.01,0.31,62.41,0.26,16.0,0.67
2025-06-20,16:15,Flat,62,TCT,155.6,32.5,40.4,78.47,0.25,62.77,0.21,13.1,0.67
2025-06-20,16:30,Flat,62,TCT,120.3,31.9,38.9,78.92,0.19,63.14,0.16,10.2,0.67
2025-06-20,16:45,Flat,62,TCT,85.0,31.3,37.5,79.38,0.14,63.51,0.11,7.2,0.67
2025-06-20,17:00,Flat,62,TCT,49.7,30.8,36.0,79.84,0.08,63.87,0.07,4.2,0.67
2025-06-20,17:15,Flat,62,TCT,37.3,30.3,35.2,80.09,0.06,64.07,0.05,3.2,0.67
2025-06-20,17:30,Flat,62,TCT,24.9,29.8,34.4,80.34,0.04,64.27,0.03,2.1,0.67
2025-06-20,17:45,Flat,62,TCT,12.4,29.3,33.7,80.59,0.02,64.47,0.02,1.1,0.67
2025-06-21,05:00,Flat,62,TCT,5.4,25.1,29.3,81.98,0.01,65.58,0.01,0.5,0.67
2025-06-21,05:15,Flat,62,TCT,29.8,25.4,30.2,81.69,0.05,65.35,0.04,2.6,0.67
2025-06-21,05:30,Flat,62,TCT,54.2,25.8,31.1,81.39,0.09,65.11,0.07,4.7,0.67
2025-06-21,05:45,Flat,62,TCT,78.6,26.1,32.0,81.1,0.13,64.88,0.1,6.8,0.67
2025-06-21,06:00,Flat,62,TCT,103.0,26.4,33.0,80.81,0.16,64.65,0.14,8.9,0.67
2025-06-21,06:15,Flat,62,TCT,145.6,26.8,34.4,80.34,0.23,64.27,0.19,12.5,0.67
2025-06-21,06:30,Flat,62,TCT,188.2,27.2,35.9,79.88,0.3,63.9,0.25,16.1,0.67
2025-06-21,06:45,Flat,62,TCT,230.8,27.6,37.4,79.41,0.37,63.53,0.31,19.6,0.67
2025-06-21,07:00,Flat,62,TCT,273.4,28.0,38.8,78.94,0.44,63.16,0.37,23.2,0.67
2025-06-21,07:15,Flat,62,TCT,327.5,28.5,40.7,78.36,0.53,62.68,0.44,27.6,0.67
2025-06-21,07:30,Flat,62,TCT,381.7,29.0,42.6,77.77,0.61,62.21,0.51,32.0,0.67
2025-06-21,07:45,Flat,62,TCT,435.8,29.5,44.4,77.18,0.7,61.74,0.59,36.3,0.67
2025-06-21,08:00,Flat,62,TCT,490.0,30.0,46.3,76.59,0.79,61.27,0.66,40.6,0.67
2025-06-21,08:15,Flat,62,TCT,522.7,30.5,47.5,76.2,0.84,60.96,0.71,43.1,0.67
2025-06-21,08:30,Flat,62,TCT,555.3,30.9,48.8,75.8,0.9,60.64,0.75,45.6,0.67
2025-06-21,08:45,Flat,62,TCT,588.0,31.3,50.0,75.41,0.95,60.33,0.8,48.1,0.67
2025-06-21,09:00,Flat,62,TCT,620.7,31.7,51.2,75.02,1.01,60.02,0.84,50.6,0.67
2025-06-21,09:15,Flat,62,TCT,614.5,32.0,51.4,74.98,1.0,59.99,0.83,50.0,0.67
2025-06-21,09:30,Flat,62,TCT,608.4,32.3,51.5,74.95,0.99,59.96,0.83,49.5,0.67
2025-06-21,09:45,Flat,62,TCT,602.2,32.5,51.6,74.91,0.98,59.92,0.82,49.0,0.67
2025-06-21,10:00,Flat,62,TCT,596.0,32.8,51.7,74.87,0.97,59.89,0.81,48.5,0.67
2025-06-21,10:15,Flat,62,TCT,636.7,33.0,52.9,74.49,1.03,59.59,0.87,51.6,0.67
2025-06-21,10:30,Flat,62,TCT,677.4,33.2,54.1,74.11,1.1,59.29,0.92,54.7,0.67
2025-06-21,10:45,Flat,62,TCT,718.1,33.4,55.3,73.73,1.17,58.98,0.98,57.7,0.67
2025-06-21,11:00,Flat,62,TCT,758.8,33.5,56.5,73.35,1.24,58.68,1.04,60.8,0.67
2025-06-21,11:15,Flat,62,TCT,739.2,33.7,56.1,73.47,1.2,58.78,1.01,59.3,0.67
2025-06-21,11:30,Flat,62,TCT,719.6,33.8,55.7,73.59,1.17,58.87,0.98,57.8,0.67
2025-06-21,11:45,Flat,62,TCT,700.0,33.9,55.4,73.71,1.14,58.97,0.95,56.3,0.67
2025-06-21,12:00,Flat,62,TCT,680.4,34.0,55.0,73.84,1.11,59.07,0.93,54.7,0.67
2025-06-21,12:15,Flat,62,TCT,661.4,34.0,54.6,73.97,1.08,59.18,0.9,53.3,0.67
2025-06-21,12:30,Flat,62,TCT,642.5,34.1,54.1,74.11,1.04,59.28,0.87,51.9,0.67
2025-06-21,12:45,Flat,62,TCT,623.6,34.1,53.7,74.24,1.01,59.39,0.85,50.4,0.67
2025-06-21,13:00,Flat,62,TCT,604.7,34.1,53.3,74.38,0.98,59.5,0.82,48.9,0.67
2025-06-21,13:15,Flat,62,TCT,586.0,34.1,52.8,74.53,0.95,59.63,0.8,47.5,0.67
2025-06-21,13:30,Flat,62,TCT,567.3,34.1,52.3,74.69,0.92,59.75,0.77,46.1,0.67
2025-06-21,13:45,Flat,62,TCT,548.6,34.1,51.8,74.84,0.89,59.88,0.75,44.6,0.67
2025-06-21,14:00,Flat,62,TCT,529.9,34.0,51.3,75.0,0.86,60.0,0.72,43.2,0.67
2025-06-21,14:15,Flat,62,TCT,497.5,34.0,50.4,75.29,0.81,60.23,0.67,40.6,0.67
2025-06-21,14:30,Flat,62,TCT,465.1,33.9,49.5,75.57,0.75,60.46,0.63,38.1,0.67
2025-06-21,14:45,Flat,62,TCT,432.7,33.8,48.6,75.85,0.7,60.68,0.59,35.5,0.67
2025-06-21,15:00,Flat,62,TCT,400.2,33.7,47.7,76.14,0.65,60.91,0.54,33.0,0.67
2025-06-21,15:15,Flat,62,TCT,354.2,33.5,46.4,76.56,0.57,61.25,0.48,29.3,0.67
2025-06-21,15:30,Flat,62,TCT,308.1,33.3,45.0,76.98,0.5,61.58,0.42,25.6,0.67
2025-06-21,15:45,Flat,62,TCT,262.0,33.2,43.7,77.4,0.42,61.92,0.35,21.9,0.67
2025-06-21,16:00,Flat,62,TCT,215.9,33.0,42.4,77.82,0.35,62.26,0.29,18.1,0.67
2025-06-21,16:15,Flat,62,TCT,177.1,32.5,40.9,78.28,0.28,62.62,0.24,14.9,0.67
2025-06-21,16:30,Flat,62,TCT,138.3,32.0,39.5,78.74,0.22,62.99,0.19,11.7,0.67
2025-06-21,16:45,Flat,62,TCT,99.5,31.6,38.1,79.19,0.16,63.35,0.13,8.4,0.67
2025-06-21,17:00,Flat,62,TCT,60.6,31.1,36.6,79.65,0.1,63.72,0.08,5.2,0.67
2025-06-21,17:15,Flat,62,TCT,45.5,30.7,35.8,79.91,0.07,63.93,0.06,3.9,0.67
2025-06-21,17:30,Flat,62,TCT,30.3,30.2,35.0,80.17,0.05,64.14,0.04,2.6,0.67
2025-06-21,17:45,Flat,62,TCT,15.2,29.8,34.2,80.43,0.02,64.34,0.02,1.3,0.67
2025-06-22,05:00,Flat,62,TCT,5.2,24.9,29.1,82.04,0.01,65.63,0.01,0.4,0.67
2025-06-22,05:15,Flat,62,TCT,25.8,25.2,29.9,81.79,0.04,65.43,0.03,2.2,0.67
2025-06-22,05:30,Flat,62,TCT,46.5,25.5,30.6,81.54,0.07,65.23,0.06,4.0,0.67
2025-06-22,05:45,Flat,62,TCT,67.2,25.7,31.4,81.3,0.11,65.04,0.09,5.8,0.67
2025-06-22,06:00,Flat,62,TCT,87.9,26.0,32.2,81.05,0.14,64.84,0.12,7.6,0.67
2025-06-22,06:15,Flat,62,TCT,125.1,26.5,33.6,80.59,0.2,64.47,0.17,10.8,0.67
2025-06-22,06:30,Flat,62,TCT,162.3,27.0,35.1,80.13,0.26,64.11,0.22,13.9,0.67
2025-06-22,06:45,Flat,62,TCT,199.5,27.5,36.5,79.68,0.32,63.74,0.27,17.0,0.67
2025-06-22,07:00,Flat,62,TCT,236.7,28.1,38.0,79.22,0.38,63.37,0.32,20.1,0.67
2025-06-22,07:15,Flat,62,TCT,276.8,28.6,39.6,78.72,0.44,62.97,0.37,23.4,0.67
2025-06-22,07:30,Flat,62,TCT,316.9,29.2,41.1,78.22,0.51,62.57,0.43,26.6,0.67
2025-06-22,07:45,Flat,62,TCT,356.9,29.8,42.7,77.71,0.57,62.17,0.48,29.9,0.67
2025-06-22,08:00,Flat,62,TCT,397.0,30.4,44.3,77.21,0.64,61.77,0.54,33.1,0.67
2025-06-22,08:15,Flat,62,TCT,436.3,30.8,45.7,76.76,0.7,61.41,0.59,36.2,0.67
2025-06-22,08:30,Flat,62,TCT,475.6,31.3,47.2,76.31,0.77,61.05,0.64,39.3,0.67
2025-06-22,08:45,Flat,62,TCT,514.9,31.7,48.6,75.86,0.83,60.69,0.7,42.3,0.67
2025-06-22,09:00,Flat,62,TCT,554.1,32.1,50.0,75.41,0.9,60.33,0.75,45.3,0.67
2025-06-22,09:15,Flat,62,TCT,584.7,32.4,51.0,75.09,0.95,60.08,0.79,47.7,0.67
2025-06-22,09:30,Flat,62,TCT,615.2,32.6,52.0,74.78,1.0,59.82,0.84,50.0,0.67
2025-06-22,09:45,Flat,62,TCT,645.7,32.9,53.0,74.46,1.05,59.57,0.88,52.3,0.67
2025-06-22,10:00,Flat,62,TCT,676.2,33.1,54.0,74.14,1.1,59.31,0.92,54.6,0.67
2025-06-22,10:15,Flat,62,TCT,686.4,33.2,54.4,74.02,1.12,59.22,0.93,55.3,0.67
2025-06-22,10:30,Flat,62,TCT,696.6,33.4,54.8,73.9,1.13,59.12,0.95,56.1,0.67
2025-06-22,10:45,Flat,62,TCT,706.7,33.5,55.2,73.77,1.15,59.02,0.96,56.8,0.67
2025-06-22,11:00,Flat,62,TCT,716.9,33.6,55.6,73.65,1.17,58.92,0.98,57.6,0.67
2025-06-22,11:15,Flat,62,TCT,707.6,33.7,55.4,73.7,1.15,58.96,0.96,56.9,0.67
2025-06-22,11:30,Flat,62,TCT,698.3,33.8,55.2,73.76,1.14,59.01,0.95,56.1,0.67
2025-06-22,11:45,Flat,62,TCT,688.9,33.8,55.1,73.81,1.12,59.05,0.94,55.4,0.67
2025-06-22,12:00,Flat,62,TCT,679.6,33.9,54.9,73.87,1.11,59.09,0.93,54.7,0.67
2025-06-22,12:15,Flat,62,TCT,625.4,33.9,53.5,74.29,1.02,59.43,0.85,50.6,0.67
2025-06-22,12:30,Flat,62,TCT,571.2,33.9,52.2,74.71,0.93,59.77,0.78,46.4,0.67
2025-06-22,12:45,Flat,62,TCT,516.9,34.0,50.9,75.13,0.84,60.1,0.7,42.2,0.67
2025-06-22,13:00,Flat,62,TCT,462.7,34.0,49.6,75.55,0.75,60.44,0.63,37.9,0.67
2025-06-22,13:15,Flat,62,TCT,444.9,34.0,49.1,75.7,0.72,60.56,0.6,36.5,0.67
2025-06-22,13:30,Flat,62,TCT,427.0,33.9,48.6,75.85,0.69,60.68,0.58,35.1,0.67
2025-06-22,13:45,Flat,62,TCT,409.2,33.9,48.1,76.01,0.66,60.81,0.55,33.7,0.67
2025-06-22,14:00,Flat,62,TCT,391.4,33.9,47.6,76.16,0.63,60.93,0.53,32.3,0.67
2025-06-22,14:15,Flat,62,TCT,346.8,33.7,46.4,76.56,0.56,61.24,0.47,28.7,0.67
2025-06-22,14:30,Flat,62,TCT,302.3,33.6,45.1,76.95,0.49,61.56,0.41,25.1,0.67
2025-06-22,14:45,Flat,62,TCT,257.8,33.4,43.9,77.35,0.41,61.88,0.35,21.5,0.67
2025-06-22,15:00,Flat,62,TCT,213.3,33.3,42.6,77.75,0.34,62.2,0.29,17.9,0.67
2025-06-22,15:15,Flat,62,TCT,197.7,33.0,42.0,77.96,0.32,62.37,0.27,16.6,0.67
2025-06-22,15:30,Flat,62,TCT,182.2,32.8,41.3,78.17,0.29,62.53,0.24,15.3,0.67
2025-06-22,15:45,Flat,62,TCT,166.6,32.5,40.6,78.37,0.27,62.7,0.22,14.0,0.67
2025-06-22,16:00,Flat,62,TCT,151.0,32.2,40.0,78.58,0.24,62.86,0.2,12.7,0.67
2025-06-22,16:15,Flat,62,TCT,120.9,31.8,38.8,78.96,0.19,63.17,0.16,10.2,0.67
2025-06-22,16:30,Flat,62,TCT,90.7,31.3,37.6,79.35,0.15,63.48,0.12,7.7,0.67
2025-06-22,16:45,Flat,62,TCT,60.6,30.9,36.4,79.73,0.1,63.78,0.08,5.2,0.67
2025-06-22,17:00,Flat,62,TCT,30.4,30.4,35.2,80.11,0.05,64.09,0.04,2.6,0.67
2025-06-22,17:15,Flat,62,TCT,22.8,30.0,34.6,80.29,0.04,64.23,0.03,2.0,0.67
2025-06-22,17:30,Flat,62,TCT,15.2,29.6,34.0,80.47,0.02,64.38,0.02,1.3,0.67
2025-06-22,17:45,Flat,62,TCT,7.6,29.3,33.5,80.65,0.01,64.52,0.01,0.7,0.67
2025-06-23,05:15,Flat,62,TCT,21.8,25.6,30.2,81.69,0.03,65.36,0.03,1.9,0.67
2025-06-23,05:30,Flat,62,TCT,40.2,25.9,30.9,81.45,0.06,65.16,0.05,3.5,0.67
2025-06-23,05:45,Flat,62,TCT,58.6,26.2,31.7,81.21,0.09,64.97,0.08,5.1,0.67
2025-06-23,06:00,Flat,62,TCT,77.0,26.5,32.4,80.97,0.12,64.78,0.1,6.6,0.67
2025-06-23,06:15,Flat,62,TCT,104.5,27.0,33.6,80.61,0.17,64.49,0.14,9.0,0.67
2025-06-23,06:30,Flat,62,TCT,132.0,27.4,34.7,80.26,0.21,64.2,0.18,11.3,0.67
2025-06-23,06:45,Flat,62,TCT,159.5,27.8,35.8,79.9,0.25,63.92,0.21,13.6,0.67
2025-06-23,07:00,Flat,62,TCT,186.9,28.3,37.0,79.54,0.3,63.63,0.25,15.9,0.67
2025-06-23,07:15,Flat,62,TCT,216.3,28.8,38.2,79.14,0.35,63.31,0.29,18.4,0.67
2025-06-23,07:30,Flat,62,TCT,245.7,29.4,39.5,78.73,0.39,62.99,0.33,20.8,0.67
2025-06-23,07:45,Flat,62,TCT,275.1,29.9,40.8,78.33,0.44,62.67,0.37,23.2,0.67
2025-06-23,08:00,Flat,62,TCT,304.4,30.4,42.1,77.93,0.49,62.34,0.41,25.5,0.67
2025-06-23,08:15,Flat,62,TCT,337.5,30.9,43.3,77.52,0.54,62.02,0.45,28.2,0.67
2025-06-23,08:30,Flat,62,TCT,370.5,31.3,44.6,77.12,0.6,61.7,0.5,30.8,0.67
2025-06-23,08:45,Flat,62,TCT,403.5,31.8,45.9,76.72,0.65,61.37,0.54,33.4,0.67
2025-06-23,09:00,Flat,62,TCT,436.6,32.2,47.2,76.31,0.7,61.05,0.59,36.0,0.67
2025-06-23,09:15,Flat,62,TCT,461.9,32.6,48.1,76.01,0.75,60.81,0.63,38.0,0.67
2025-06-23,09:30,Flat,62,TCT,487.3,32.9,49.1,75.7,0.79,60.56,0.66,40.0,0.67
2025-06-23,09:45,Flat,62,TCT,512.6,33.2,50.0,75.4,0.83,60.32,0.7,41.9,0.67
2025-06-23,10:00,Flat,62,TCT,538.0,33.6,51.0,75.09,0.87,60.07,0.73,43.9,0.67
2025-06-23,10:15,Flat,62,TCT,539.5,33.8,51.3,74.99,0.87,59.99,0.73,43.9,0.67
2025-06-23,10:30,Flat,62,TCT,541.1,34.1,51.6,74.89,0.88,59.91,0.73,44.0,0.67
2025-06-23,10:45,Flat,62,TCT,542.6,34.4,52.0,74.79,0.88,59.84,0.74,44.1,0.67
2025-06-23,11:00,Flat,62,TCT,544.1,34.7,52.3,74.7,0.88,59.76,0.74,44.2,0.67
2025-06-23,11:15,Flat,62,TCT,562.6,34.8,52.9,74.5,0.91,59.6,0.76,45.6,0.67
2025-06-23,11:30,Flat,62,TCT,581.0,34.9,53.5,74.31,0.94,59.45,0.79,47.0,0.67
2025-06-23,11:45,Flat,62,TCT,599.4,35.1,54.1,74.12,0.97,59.3,0.82,48.4,0.67
2025-06-23,12:00,Flat,62,TCT,617.9,35.2,54.7,73.93,1.0,59.14,0.84,49.8,0.67
2025-06-23,12:15,Flat,62,TCT,573.6,35.2,53.6,74.28,0.93,59.42,0.78,46.4,0.67
2025-06-23,12:30,Flat,62,TCT,529.4,35.2,52.5,74.63,0.86,59.7,0.72,43.0,0.67
2025-06-23,12:45,Flat,62,TCT,485.2,35.2,51.4,74.98,0.79,59.98,0.66,39.5,0.67
2025-06-23,13:00,Flat,62,TCT,440.9,35.2,50.3,75.33,0.71,60.26,0.6,36.0,0.67
2025-06-23,13:15,Flat,62,TCT,406.3,35.1,49.3,75.64,0.66,60.51,0.55,33.3,0.67
2025-06-23,13:30,Flat,62,TCT,371.7,35.0,48.3,75.96,0.6,60.76,0.5,30.6,0.67
2025-06-23,13:45,Flat,62,TCT,337.1,34.9,47.3,76.27,0.54,61.02,0.46,27.8,0.67
2025-06-23,14:00,Flat,62,TCT,302.4,34.7,46.3,76.59,0.49,61.27,0.41,25.0,0.67
2025-06-23,14:15,Flat,62,TCT,285.6,34.4,45.6,76.81,0.46,61.45,0.39,23.7,0.67
2025-06-23,14:30,Flat,62,TCT,268.8,34.1,44.9,77.04,0.43,61.63,0.36,22.3,0.67
2025-06-23,14:45,Flat,62,TCT,252.0,33.9,44.2,77.26,0.41,61.81,0.34,21.0,0.67
2025-06-23,15:00,Flat,62,TCT,235.2,33.6,43.4,77.49,0.38,61.99,0.32,19.6,0.67
2025-06-23,15:15,Flat,62,TCT,214.8,33.2,42.6,77.76,0.35,62.21,0.29,18.0,0.67
2025-06-23,15:30,Flat,62,TCT,194.4,32.9,41.8,78.02,0.31,62.42,0.26,16.3,0.67
2025-06-23,15:45,Flat,62,TCT,174.0,32.6,40.9,78.29,0.28,62.63,0.23,14.6,0.67
2025-06-23,16:00,Flat,62,TCT,153.6,32.2,40.1,78.56,0.25,62.85,0.21,13.0,0.67
2025-06-23,16:15,Flat,62,TCT,124.2,31.8,38.9,78.94,0.2,63.15,0.17,10.5,0.67
2025-06-23,16:30,Flat,62,TCT,94.8,31.3,37.7,79.32,0.15,63.45,0.13,8.1,0.67
2025-06-23,16:45,Flat,62,TCT,65.4,30.8,36.5,79.69,0.1,63.76,0.09,5.6,0.67
2025-06-23,17:00,Flat,62,TCT,36.0,30.4,35.3,80.07,0.06,64.06,0.05,3.1,0.67
2025-06-23,17:15,Flat,62,TCT,27.0,29.9,34.6,80.29,0.04,64.23,0.04,2.3,0.67
2025-06-23,17:30,Flat,62,TCT,18.0,29.4,33.9,80.51,0.03,64.41,0.02,1.5,0.67
2025-06-23,17:45,Flat,62,TCT,9.0,29.0,33.2,80.73,0.01,64.58,0.01,0.8,0.67
2025-06-24,05:15,Flat,62,TCT,20.8,25.8,30.3,81.65,0.03,65.32,0.03,1.8,0.67
2025-06-24,05:30,Flat,62,TCT,37.6,26.2,31.1,81.4,0.06,65.12,0.05,3.3,0.67
2025-06-24,05:45,Flat,62,TCT,54.5,26.5,31.9,81.15,0.09,64.92,0.07,4.7,0.67
2025-06-24,06:00,Flat,62,TCT,71.3,26.9,32.7,80.9,0.11,64.72,0.1,6.2,0.67
2025-06-24,06:15,Flat,62,TCT,103.1,27.5,34.1,80.45,0.16,64.36,0.14,8.9,0.67
2025-06-24,06:30,Flat,62,TCT,134.9,28.1,35.5,80.0,0.22,64.0,0.18,11.5,0.67
2025-06-24,06:45,Flat,62,TCT,166.7,28.8,36.9,79.55,0.27,63.64,0.22,14.2,0.67
2025-06-24,07:00,Flat,62,TCT,198.5,29.4,38.3,79.1,0.32,63.28,0.27,16.8,0.67
2025-06-24,07:15,Flat,62,TCT,238.6,29.9,39.9,78.61,0.38,62.88,0.32,20.1,0.67
2025-06-24,07:30,Flat,62,TCT,278.7,30.5,41.5,78.11,0.45,62.49,0.37,23.4,0.67
2025-06-24,07:45,Flat,62,TCT,318.8,31.1,43.1,77.61,0.51,62.09,0.43,26.7,0.67
2025-06-24,08:00,Flat,62,TCT,358.9,31.6,44.6,77.11,0.58,61.69,0.48,29.9,0.67
2025-06-24,08:15,Flat,62,TCT,381.3,32.1,45.6,76.81,0.61,61.44,0.51,31.6,0.67
2025-06-24,08:30,Flat,62,TCT,403.7,32.5,46.6,76.5,0.65,61.2,0.55,33.4,0.67
2025-06-24,08:45,Flat,62,TCT,426.0,32.9,47.6,76.19,0.69,60.95,0.58,35.1,0.67
2025-06-24,09:00,Flat,62,TCT,448.4,33.3,48.5,75.88,0.72,60.7,0.61,36.9,0.67
2025-06-24,09:15,Flat,62,TCT,493.0,33.6,50.0,75.42,0.8,60.34,0.67,40.3,0.67
2025-06-24,09:30,Flat,62,TCT,537.6,34.0,51.4,74.97,0.87,59.97,0.73,43.8,0.67
2025-06-24,09:45,Flat,62,TCT,582.2,34.3,52.8,74.51,0.95,59.61,0.79,47.2,0.67
2025-06-24,10:00,Flat,62,TCT,626.9,34.6,54.3,74.06,1.02,59.24,0.85,50.6,0.67
2025-06-24,10:15,Flat,62,TCT,642.8,34.8,54.9,73.86,1.05,59.09,0.88,51.7,0.67
2025-06-24,10:30,Flat,62,TCT,658.8,35.1,55.5,73.66,1.07,58.93,0.9,52.9,0.67
2025-06-24,10:45,Flat,62,TCT,674.8,35.3,56.1,73.47,1.1,58.77,0.92,54.1,0.67
2025-06-24,11:00,Flat,62,TCT,690.8,35.5,56.8,73.27,1.13,58.61,0.94,55.3,0.67
2025-06-24,11:15,Flat,62,TCT,673.6,35.6,56.4,73.37,1.1,58.7,0.92,53.9,0.67
2025-06-24,11:30,Flat,62,TCT,656.4,35.7,56.1,73.47,1.07,58.78,0.9,52.6,0.67
2025-06-24,11:45,Flat,62,TCT,639.2,35.8,55.8,73.57,1.04,58.86,0.87,51.3,0.67
2025-06-24,12:00,Flat,62,TCT,622.0,35.9,55.5,73.68,1.01,58.94,0.85,50.0,0.67
2025-06-24,12:15,Flat,62,TCT,593.6,35.9,54.8,73.9,0.97,59.12,0.81,47.8,0.67
2025-06-24,12:30,Flat,62,TCT,565.1,35.9,54.1,74.13,0.92,59.3,0.77,45.6,0.67
2025-06-24,12:45,Flat,62,TCT,536.7,35.9,53.4,74.35,0.87,59.48,0.73,43.4,0.67
2025-06-24,13:00,Flat,62,TCT,508.3,35.9,52.6,74.57,0.82,59.66,0.69,41.2,0.67
2025-06-24,13:15,Flat,62,TCT,497.9,35.8,52.3,74.7,0.81,59.76,0.68,40.4,0.67
2025-06-24,13:30,Flat,62,TCT,487.6,35.7,51.9,74.82,0.79,59.86,0.66,39.6,0.67
2025-06-24,13:45,Flat,62,TCT,477.3,35.5,51.5,74.95,0.77,59.96,0.65,38.8,0.67
2025-06-24,14:00,Flat,62,TCT,466.9,35.4,51.1,75.07,0.76,60.06,0.63,38.1,0.67
2025-06-24,14:15,Flat,62,TCT,432.8,35.2,50.0,75.42,0.7,60.34,0.59,35.4,0.67
2025-06-24,14:30,Flat,62,TCT,398.6,34.9,48.9,75.77,0.64,60.62,0.54,32.7,0.67
2025-06-24,14:45,Flat,62,TCT,364.4,34.6,47.8,76.12,0.59,60.9,0.49,30.0,0.67
2025-06-24,15:00,Flat,62,TCT,330.2,34.4,46.6,76.47,0.53,61.18,0.45,27.3,0.67
2025-06-24,15:15,Flat,62,TCT,292.9,34.1,45.4,76.87,0.47,61.5,0.4,24.3,0.67
2025-06-24,15:30,Flat,62,TCT,255.5,33.7,44.1,77.27,0.41,61.82,0.34,21.3,0.67
2025-06-24,15:45,Flat,62,TCT,218.1,33.4,42.9,77.67,0.35,62.13,0.29,18.2,0.67
2025-06-24,16:00,Flat,62,TCT,180.7,33.1,41.6,78.07,0.29,62.45,0.24,15.2,0.67
2025-06-24,16:15,Flat,62,TCT,149.0,32.6,40.4,78.46,0.24,62.77,0.2,12.6,0.67
2025-06-24,16:30,Flat,62,TCT,117.4,32.2,39.1,78.86,0.19,63.09,0.16,9.9,0.67
2025-06-24,16:45,Flat,62,TCT,85.7,31.7,37.9,79.26,0.14,63.4,0.11,7.3,0.67
2025-06-24,17:00,Flat,62,TCT,54.0,31.3,36.6,79.65,0.09,63.72,0.07,4.6,0.67
2025-06-24,17:15,Flat,62,TCT,40.5,30.8,35.8,79.91,0.06,63.93,0.05,3.5,0.67
2025-06-24,17:30,Flat,62,TCT,27.0,30.3,35.0,80.18,0.04,64.14,0.04,2.3,0.67
2025-06-24,17:45,Flat,62,TCT,13.5,29.8,34.1,80.44,0.02,64.35,0.02,1.2,0.67
2025-06-25,05:15,Flat,62,TCT,24.2,26.6,31.2,81.36,0.04,65.09,0.03,2.1,0.67
2025-06-25,05:30,Flat,62,TCT,43.8,26.9,32.0,81.12,0.07,64.9,0.06,3.8,0.67
2025-06-25,05:45,Flat,62,TCT,63.4,27.1,32.7,80.89,0.1,64.71,0.08,5.5,0.67
2025-06-25,06:00,Flat,62,TCT,83.0,27.4,33.5,80.65,0.13,64.52,0.11,7.1,0.67
2025-06-25,06:15,Flat,62,TCT,119.3,27.7,34.7,80.26,0.19,64.21,0.16,10.2,0.67
2025-06-25,06:30,Flat,62,TCT,155.5,28.0,35.9,79.88,0.25,63.9,0.21,13.3,0.67
2025-06-25,06:45,Flat,62,TCT,191.8,28.3,37.1,79.49,0.31,63.59,0.26,16.3,0.67
2025-06-25,07:00,Flat,62,TCT,228.0,28.6,38.3,79.11,0.36,63.29,0.31,19.3,0.67
2025-06-25,07:15,Flat,62,TCT,272.5,29.0,39.8,78.64,0.44,62.91,0.37,23.0,0.67
2025-06-25,07:30,Flat,62,TCT,316.9,29.4,41.3,78.17,0.51,62.54,0.43,26.6,0.67
2025-06-25,07:45,Flat,62,TCT,361.4,29.7,42.8,77.7,0.58,62.16,0.49,30.2,0.67
2025-06-25,08:00,Flat,62,TCT,405.9,30.1,44.2,77.24,0.65,61.79,0.55,33.8,0.67
2025-06-25,08:15,Flat,62,TCT,427.1,30.4,45.1,76.96,0.69,61.57,0.58,35.5,0.67
2025-06-25,08:30,Flat,62,TCT,448.4,30.8,46.0,76.69,0.72,61.35,0.61,37.1,0.67
2025-06-25,08:45,Flat,62,TCT,469.7,31.1,46.8,76.41,0.76,61.13,0.63,38.8,0.67
2025-06-25,09:00,Flat,62,TCT,490.9,31.4,47.7,76.14,0.79,60.91,0.66,40.4,0.67
2025-06-25,09:15,Flat,62,TCT,502.8,31.7,48.3,75.95,0.81,60.76,0.68,41.4,0.67
2025-06-25,09:30,Flat,62,TCT,514.8,32.0,48.9,75.76,0.83,60.61,0.7,42.3,0.67
2025-06-25,09:45,Flat,62,TCT,526.7,32.3,49.5,75.57,0.85,60.46,0.71,43.1,0.67
2025-06-25,10:00,Flat,62,TCT,538.6,32.6,50.1,75.38,0.87,60.3,0.73,44.0,0.67
2025-06-25,10:15,Flat,62,TCT,556.9,32.9,50.8,75.15,0.9,60.12,0.76,45.4,0.67
2025-06-25,10:30,Flat,62,TCT,575.3,33.1,51.5,74.93,0.93,59.94,0.78,46.8,0.67
2025-06-25,10:45,Flat,62,TCT,593.7,33.4,52.2,74.7,0.96,59.76,0.81,48.2,0.67
2025-06-25,11:00,Flat,62,TCT,612.0,33.6,53.0,74.48,0.99,59.58,0.83,49.6,0.67
2025-06-25,11:15,Flat,62,TCT,609.5,33.8,53.0,74.45,0.99,59.56,0.83,49.4,0.67
2025-06-25,11:30,Flat,62,TCT,607.0,34.0,53.1,74.42,0.99,59.54,0.83,49.1,0.67
2025-06-25,11:45,Flat,62,TCT,604.4,34.1,53.2,74.39,0.98,59.51,0.82,48.9,0.67
2025-06-25,12:00,Flat,62,TCT,601.9,34.3,53.3,74.36,0.98,59.49,0.82,48.7,0.67
2025-06-25,12:15,Flat,62,TCT,591.1,34.2,53.0,74.46,0.96,59.56,0.8,47.9,0.67
2025-06-25,12:30,Flat,62,TCT,580.4,34.2,52.7,74.55,0.94,59.64,0.79,47.0,0.67
2025-06-25,12:45,Flat,62,TCT,569.6,34.2,52.4,74.64,0.92,59.71,0.77,46.2,0.67
2025-06-25,13:00,Flat,62,TCT,558.8,34.2,52.2,74.73,0.91,59.78,0.76,45.4,0.67
2025-06-25,13:15,Flat,62,TCT,499.1,34.1,50.5,75.24,0.81,60.19,0.68,40.8,0.67
2025-06-25,13:30,Flat,62,TCT,439.4,34.0,48.9,75.75,0.71,60.6,0.6,36.1,0.67
2025-06-25,13:45,Flat,62,TCT,379.7,33.8,47.3,76.26,0.61,61.01,0.51,31.3,0.67
2025-06-25,14:00,Flat,62,TCT,319.9,33.7,45.7,76.77,0.52,61.42,0.43,26.5,0.67
2025-06-25,14:15,Flat,62,TCT,291.7,33.5,44.8,77.05,0.47,61.64,0.39,24.3,0.67
2025-06-25,14:30,Flat,62,TCT,263.5,33.4,44.0,77.32,0.42,61.86,0.36,22.0,0.67
2025-06-25,14:45,Flat,62,TCT,235.3,33.2,43.1,77.6,0.38,62.08,0.32,19.7,0.67
2025-06-25,15:00,Flat,62,TCT,207.1,33.1,42.2,77.87,0.33,62.3,0.28,17.4,0.67
2025-06-25,15:15,Flat,62,TCT,183.1,32.8,41.4,78.13,0.29,62.5,0.25,15.4,0.67
2025-06-25,15:30,Flat,62,TCT,159.1,32.6,40.6,78.39,0.26,62.71,0.21,13.4,0.67
2025-06-25,15:45,Flat,62,TCT,135.1,32.4,39.8,78.65,0.22,62.92,0.18,11.4,0.67
2025-06-25,16:00,Flat,62,TCT,111.2,32.2,39.0,78.91,0.18,63.13,0.15,9.4,0.67
2025-06-25,16:15,Flat,62,TCT,91.1,31.8,38.1,79.19,0.15,63.35,0.12,7.7,0.67
2025-06-25,16:30,Flat,62,TCT,71.0,31.4,37.2,79.47,0.11,63.57,0.1,6.0,0.67
2025-06-25,16:45,Flat,62,TCT,50.9,31.0,36.3,79.75,0.08,63.8,0.07,4.3,0.67
2025-06-25,17:00,Flat,62,TCT,30.8,30.6,35.4,80.03,0.05,64.02,0.04,2.6,0.67
2025-06-25,17:15,Flat,62,TCT,23.1,30.3,34.9,80.21,0.04,64.17,0.03,2.0,0.67
2025-06-25,17:30,Flat,62,TCT,15.4,29.9,34.3,80.39,0.02,64.31,0.02,1.3,0.67
2025-06-25,17:45,Flat,62,TCT,7.7,29.5,33.7,80.57,0.01,64.46,0.01,0.7,0.67
2025-06-26,05:15,Flat,62,TCT,19.2,26.0,30.5,81.58,0.03,65.27,0.03,1.7,0.67
2025-06-26,05:30,Flat,62,TCT,35.4,26.2,31.1,81.4,0.06,65.12,0.05,3.1,0.67
2025-06-26,05:45,Flat,62,TCT,51.5,26.4,31.7,81.21,0.08,64.97,0.07,4.5,0.67
2025-06-26,06:00,Flat,62,TCT,67.6,26.6,32.3,81.02,0.11,64.82,0.09,5.8,0.67
2025-06-26,06:15,Flat,62,TCT,95.3,26.9,33.3,80.69,0.15,64.55,0.13,8.2,0.67
2025-06-26,06:30,Flat,62,TCT,123.0,27.3,34.4,80.36,0.2,64.29,0.16,10.6,0.67
2025-06-26,06:45,Flat,62,TCT,150.7,27.6,35.4,80.03,0.24,64.03,0.2,12.9,0.67
2025-06-26,07:00,Flat,62,TCT,178.4,28.0,36.4,79.7,0.28,63.76,0.24,15.2,0.67
2025-06-26,07:15,Flat,62,TCT,214.7,28.4,37.8,79.27,0.34,63.42,0.29,18.2,0.67
2025-06-26,07:30,Flat,62,TCT,251.0,28.9,39.2,78.84,0.4,63.07,0.34,21.2,0.67
2025-06-26,07:45,Flat,62,TCT,287.3,29.4,40.5,78.41,0.46,62.73,0.39,24.2,0.67
2025-06-26,08:00,Flat,62,TCT,323.6,29.8,41.9,77.98,0.52,62.38,0.44,27.1,0.67
2025-06-26,08:15,Flat,62,TCT,326.6,30.2,42.4,77.83,0.52,62.26,0.44,27.4,0.67
2025-06-26,08:30,Flat,62,TCT,329.6,30.6,42.8,77.68,0.53,62.15,0.44,27.6,0.67
2025-06-26,08:45,Flat,62,TCT,332.7,31.0,43.3,77.53,0.54,62.03,0.45,27.8,0.67
2025-06-26,09:00,Flat,62,TCT,335.8,31.4,43.8,77.39,0.54,61.91,0.45,28.0,0.67
2025-06-26,09:15,Flat,62,TCT,360.7,31.7,44.7,77.08,0.58,61.66,0.49,30.0,0.67
2025-06-26,09:30,Flat,62,TCT,385.6,32.1,45.7,76.77,0.62,61.42,0.52,32.0,0.67
2025-06-26,09:45,Flat,62,TCT,410.6,32.4,46.7,76.46,0.66,61.17,0.55,33.9,0.67
2025-06-26,10:00,Flat,62,TCT,435.5,32.8,47.7,76.15,0.7,60.92,0.59,35.9,0.67
2025-06-26,10:15,Flat,62,TCT,453.4,33.1,48.4,75.92,0.73,60.73,0.61,37.3,0.67
2025-06-26,10:30,Flat,62,TCT,471.3,33.4,49.2,75.68,0.76,60.54,0.64,38.7,0.67
2025-06-26,10:45,Flat,62,TCT,489.1,33.7,49.9,75.44,0.79,60.36,0.66,40.0,0.67
2025-06-26,11:00,Flat,62,TCT,507.0,34.0,50.6,75.21,0.82,60.17,0.69,41.4,0.67
2025-06-26,11:15,Flat,62,TCT,505.1,34.2,50.8,75.15,0.82,60.12,0.69,41.2,0.67
2025-06-26,11:30,Flat,62,TCT,503.2,34.5,51.0,75.08,0.82,60.07,0.68,41.0,0.67
2025-06-26,11:45,Flat,62,TCT,501.3,34.7,51.2,75.02,0.81,60.02,0.68,40.8,0.67
2025-06-26,12:00,Flat,62,TCT,499.4,34.9,51.4,74.96,0.81,59.97,0.68,40.7,0.67
2025-06-26,12:15,Flat,62,TCT,492.7,35.0,51.3,75.0,0.8,60.0,0.67,40.1,0.67
2025-06-26,12:30,Flat,62,TCT,485.9,35.0,51.2,75.05,0.79,60.04,0.66,39.6,0.67
2025-06-26,12:45,Flat,62,TCT,479.2,35.0,51.0,75.09,0.78,60.07,0.65,39.1,0.67
2025-06-26,13:00,Flat,62,TCT,472.4,35.1,50.9,75.13,0.77,60.1,0.64,38.5,0.67
2025-06-26,13:15,Flat,62,TCT,450.7,34.9,50.2,75.36,0.73,60.29,0.61,36.8,0.67
2025-06-26,13:30,Flat,62,TCT,429.0,34.7,49.4,75.59,0.69,60.48,0.58,35.1,0.67
2025-06-26,13:45,Flat,62,TCT,407.2,34.5,48.7,75.83,0.66,60.66,0.55,33.4,0.67
2025-06-26,14:00,Flat,62,TCT,385.5,34.3,48.0,76.06,0.62,60.85,0.52,31.7,0.67
2025-06-26,14:15,Flat,62,TCT,350.6,34.0,46.8,76.43,0.57,61.14,0.47,29.0,0.67
2025-06-26,14:30,Flat,62,TCT,315.8,33.7,45.6,76.79,0.51,61.44,0.43,26.2,0.67
2025-06-26,14:45,Flat,62,TCT,280.9,33.4,44.5,77.16,0.45,61.73,0.38,23.4,0.67
2025-06-26,15:00,Flat,62,TCT,246.0,33.2,43.3,77.53,0.4,62.02,0.33,20.6,0.67
2025-06-26,15:15,Flat,62,TCT,221.8,32.8,42.3,77.84,0.36,62.27,0.3,18.6,0.67
2025-06-26,15:30,Flat,62,TCT,197.6,32.4,41.4,78.15,0.32,62.52,0.27,16.6,0.67
2025-06-26,15:45,Flat,62,TCT,173.3,32.0,40.4,78.46,0.28,62.77,0.23,14.6,0.67
2025-06-26,16:00,Flat,62,TCT,149.1,31.7,39.4,78.77,0.24,63.02,0.2,12.6,0.67
2025-06-26,16:15,Flat,62,TCT,121.7,31.2,38.3,79.13,0.19,63.3,0.16,10.3,0.67
2025-06-26,16:30,Flat,62,TCT,94.2,30.8,37.1,79.48,0.15,63.59,0.13,8.0,0.67
2025-06-26,16:45,Flat,62,TCT,66.8,30.4,36.0,79.84,0.11,63.87,0.09,5.7,0.67
2025-06-26,17:00,Flat,62,TCT,39.3,29.9,34.9,80.2,0.06,64.16,0.05,3.4,0.67
2025-06-26,17:15,Flat,62,TCT,29.5,29.5,34.3,80.39,0.05,64.31,0.04,2.5,0.67
2025-06-26,17:30,Flat,62,TCT,19.7,29.2,33.7,80.59,0.03,64.47,0.03,1.7,0.67
2025-06-26,17:45,Flat,62,TCT,9.8,28.8,33.0,80.79,0.02,64.63,0.01,0.8,0.67
2025-06-27,05:15,Flat,62,TCT,21.5,25.1,29.6,81.87,0.03,65.49,0.03,1.9,0.67
2025-06-27,05:30,Flat,62,TCT,39.2,25.3,30.2,81.67,0.06,65.33,0.05,3.4,0.67
2025-06-27,05:45,Flat,62,TCT,56.8,25.5,30.9,81.47,0.09,65.17,0.08,4.9,0.67
2025-06-27,06:00,Flat,62,TCT,74.5,25.6,31.5,81.27,0.12,65.01,0.1,6.5,0.67
2025-06-27,06:15,Flat,62,TCT,111.0,26.0,32.8,80.86,0.18,64.69,0.15,9.6,0.67
2025-06-27,06:30,Flat,62,TCT,147.5,26.4,34.1,80.46,0.24,64.37,0.2,12.7,0.67
2025-06-27,06:45,Flat,62,TCT,184.0,26.7,35.3,80.06,0.29,64.05,0.25,15.7,0.67
2025-06-27,07:00,Flat,62,TCT,220.5,27.1,36.6,79.66,0.35,63.73,0.3,18.8,0.67
2025-06-27,07:15,Flat,62,TCT,263.4,27.5,38.1,79.17,0.42,63.34,0.35,22.4,0.67
2025-06-27,07:30,Flat,62,TCT,306.4,28.0,39.7,78.68,0.49,62.95,0.41,25.9,0.67
2025-06-27,07:45,Flat,62,TCT,349.3,28.5,41.2,78.2,0.56,62.56,0.47,29.4,0.67
2025-06-27,08:00,Flat,62,TCT,392.2,28.9,42.7,77.71,0.63,62.17,0.53,32.8,0.67
2025-06-27,08:15,Flat,62,TCT,445.6,29.4,44.5,77.15,0.72,61.72,0.6,37.1,0.67
2025-06-27,08:30,Flat,62,TCT,499.0,29.8,46.3,76.58,0.8,61.27,0.67,41.3,0.67
2025-06-27,08:45,Flat,62,TCT,552.4,30.3,48.1,76.02,0.89,60.82,0.75,45.5,0.67
2025-06-27,09:00,Flat,62,TCT,605.8,30.7,49.9,75.45,0.98,60.36,0.82,49.6,0.67
2025-06-27,09:15,Flat,62,TCT,640.1,31.1,51.1,75.05,1.04,60.04,0.87,52.2,0.67
2025-06-27,09:30,Flat,62,TCT,674.5,31.5,52.4,74.65,1.09,59.72,0.92,54.7,0.67
2025-06-27,09:45,Flat,62,TCT,708.8,31.9,53.7,74.25,1.15,59.4,0.96,57.3,0.67
2025-06-27,10:00,Flat,62,TCT,743.1,32.3,54.9,73.85,1.21,59.08,1.01,59.8,0.67
2025-06-27,10:15,Flat,62,TCT,726.3,32.7,54.8,73.88,1.18,59.1,0.99,58.5,0.67
2025-06-27,10:30,Flat,62,TCT,709.4,33.0,54.8,73.9,1.15,59.12,0.97,57.1,0.67
2025-06-27,10:45,Flat,62,TCT,692.5,33.4,54.7,73.92,1.13,59.14,0.94,55.8,0.67
2025-06-27,11:00,Flat,62,TCT,675.6,33.8,54.6,73.94,1.1,59.15,0.92,54.4,0.67
2025-06-27,11:15,Flat,62,TCT,680.8,34.0,55.1,73.81,1.11,59.05,0.93,54.8,0.67
2025-06-27,11:30,Flat,62,TCT,685.9,34.3,55.5,73.68,1.12,58.94,0.93,55.1,0.67
2025-06-27,11:45,Flat,62,TCT,691.0,34.6,55.9,73.55,1.13,58.84,0.94,55.4,0.67
2025-06-27,12:00,Flat,62,TCT,696.1,34.9,56.3,73.42,1.13,58.73,0.95,55.8,0.67
2025-06-27,12:15,Flat,62,TCT,686.6,35.1,56.2,73.44,1.12,58.75,0.94,55.0,0.67
2025-06-27,12:30,Flat,62,TCT,677.0,35.2,56.1,73.47,1.1,58.78,0.92,54.3,0.67
2025-06-27,12:45,Flat,62,TCT,667.4,35.4,56.1,73.5,1.09,58.8,0.91,53.5,0.67
2025-06-27,13:00,Flat,62,TCT,657.9,35.5,56.0,73.52,1.07,58.82,0.9,52.8,0.67
2025-06-27,13:15,Flat,62,TCT,634.5,35.6,55.4,73.7,1.03,58.96,0.86,51.0,0.67
2025-06-27,13:30,Flat,62,TCT,611.1,35.6,54.9,73.87,0.99,59.1,0.83,49.2,0.67
2025-06-27,13:45,Flat,62,TCT,587.8,35.6,54.3,74.04,0.96,59.24,0.8,47.4,0.67
2025-06-27,14:00,Flat,62,TCT,564.4,35.7,53.8,74.22,0.92,59.37,0.77,45.6,0.67
2025-06-27,14:15,Flat,62,TCT,518.3,35.6,52.5,74.61,0.84,59.69,0.7,42.0,0.67
2025-06-27,14:30,Flat,62,TCT,472.2,35.5,51.3,75.01,0.77,60.0,0.64,38.5,0.67
2025-06-27,14:45,Flat,62,TCT,426.2,35.4,50.0,75.4,0.69,60.32,0.58,34.9,0.67
2025-06-27,15:00,Flat,62,TCT,380.1,35.3,48.8,75.79,0.61,60.64,0.51,31.2,0.67
2025-06-27,15:15,Flat,62,TCT,336.1,35.0,47.4,76.22,0.54,60.98,0.45,27.7,0.67
2025-06-27,15:30,Flat,62,TCT,292.0,34.8,46.1,76.65,0.47,61.32,0.39,24.2,0.67
2025-06-27,15:45,Flat,62,TCT,248.0,34.6,44.8,77.07,0.4,61.66,0.33,20.6,0.67
2025-06-27,16:00,Flat,62,TCT,204.0,34.3,43.4,77.5,0.33,62.0,0.27,17.0,0.67
2025-06-27,16:15,Flat,62,TCT,167.0,33.8,41.9,77.96,0.27,62.37,0.22,14.0,0.67
2025-06-27,16:30,Flat,62,TCT,129.9,33.2,40.5,78.43,0.21,62.74,0.17,11.0,0.67
2025-06-27,16:45,Flat,62,TCT,92.9,32.7,39.0,78.9,0.15,63.12,0.12,7.9,0.67
2025-06-27,17:00,Flat,62,TCT,55.9,32.1,37.5,79.36,0.09,63.49,0.07,4.8,0.67
2025-06-27,17:15,Flat,62,TCT,41.9,31.5,36.6,79.67,0.07,63.73,0.06,3.6,0.67
2025-06-27,17:30,Flat,62,TCT,27.9,30.9,35.6,79.98,0.04,63.98,0.04,2.4,0.67
2025-06-27,17:45,Flat,62,TCT,14.0,30.3,34.6,80.28,0.02,64.23,0.02,1.2,0.67
2025-06-28,05:15,Flat,62,TCT,19.3,26.0,30.5,81.6,0.03,65.28,0.03,1.7,0.67
2025-06-28,05:30,Flat,62,TCT,35.0,26.1,31.0,81.43,0.06,65.15,0.05,3.0,0.67
2025-06-28,05:45,Flat,62,TCT,50.7,26.3,31.5,81.26,0.08,65.01,0.07,4.4,0.67
2025-06-28,06:00,Flat,62,TCT,66.5,26.4,32.1,81.1,0.11,64.88,0.09,5.7,0.67
2025-06-28,06:15,Flat,62,TCT,98.4,26.7,33.2,80.75,0.16,64.6,0.13,8.5,0.67
2025-06-28,06:30,Flat,62,TCT,130.3,27.0,34.3,80.4,0.21,64.32,0.17,11.2,0.67
2025-06-28,06:45,Flat,62,TCT,162.3,27.3,35.4,80.05,0.26,64.04,0.22,13.9,0.67
2025-06-28,07:00,Flat,62,TCT,194.2,27.6,36.5,79.7,0.31,63.76,0.26,16.6,0.67
2025-06-28,07:15,Flat,62,TCT,231.0,28.1,37.9,79.25,0.37,63.4,0.31,19.6,0.67
2025-06-28,07:30,Flat,62,TCT,267.7,28.6,39.3,78.79,0.43,63.04,0.36,22.6,0.67
2025-06-28,07:45,Flat,62,TCT,304.4,29.1,40.7,78.34,0.49,62.67,0.41,25.6,0.67
2025-06-28,08:00,Flat,62,TCT,341.1,29.6,42.2,77.89,0.55,62.31,0.46,28.6,0.67
2025-06-28,08:15,Flat,62,TCT,368.6,30.1,43.4,77.51,0.59,62.01,0.5,30.8,0.67
2025-06-28,08:30,Flat,62,TCT,396.1,30.7,44.6,77.13,0.64,61.71,0.53,33.0,0.67
2025-06-28,08:45,Flat,62,TCT,423.5,31.2,45.8,76.75,0.68,61.4,0.57,35.1,0.67
2025-06-28,09:00,Flat,62,TCT,451.0,31.7,47.0,76.38,0.73,61.1,0.61,37.2,0.67
2025-06-28,09:15,Flat,62,TCT,482.2,32.0,48.1,76.01,0.78,60.81,0.65,39.7,0.67
2025-06-28,09:30,Flat,62,TCT,513.4,32.4,49.2,75.65,0.83,60.52,0.7,42.1,0.67
2025-06-28,09:45,Flat,62,TCT,544.6,32.8,50.4,75.29,0.88,60.23,0.74,44.5,0.67
2025-06-28,10:00,Flat,62,TCT,575.8,33.1,51.5,74.93,0.93,59.94,0.78,46.9,0.67
2025-06-28,10:15,Flat,62,TCT,591.4,33.3,52.1,74.74,0.96,59.8,0.8,48.0,0.67
2025-06-28,10:30,Flat,62,TCT,607.1,33.5,52.7,74.56,0.99,59.65,0.83,49.2,0.67
2025-06-28,10:45,Flat,62,TCT,622.8,33.7,53.3,74.37,1.01,59.5,0.85,50.4,0.67
2025-06-28,11:00,Flat,62,TCT,638.5,33.9,53.9,74.19,1.04,59.35,0.87,51.6,0.67
2025-06-28,11:15,Flat,62,TCT,605.9,34.0,53.2,74.41,0.98,59.53,0.82,49.0,0.67
2025-06-28,11:30,Flat,62,TCT,573.4,34.1,52.5,74.63,0.93,59.7,0.78,46.5,0.67
2025-06-28,11:45,Flat,62,TCT,540.8,34.3,51.8,74.84,0.88,59.87,0.73,44.0,0.67
2025-06-28,12:00,Flat,62,TCT,508.2,34.4,51.1,75.06,0.82,60.05,0.69,41.4,0.67
2025-06-28,12:15,Flat,62,TCT,513.1,34.5,51.3,75.0,0.83,60.0,0.7,41.8,0.67
2025-06-28,12:30,Flat,62,TCT,518.0,34.5,51.5,74.95,0.84,59.96,0.7,42.2,0.67
2025-06-28,12:45,Flat,62,TCT,522.9,34.6,51.6,74.89,0.85,59.91,0.71,42.5,0.67
2025-06-28,13:00,Flat,62,TCT,527.8,34.6,51.8,74.83,0.86,59.87,0.72,42.9,0.67
2025-06-28,13:15,Flat,62,TCT,502.1,34.6,51.1,75.06,0.81,60.05,0.68,40.9,0.67
2025-06-28,13:30,Flat,62,TCT,476.4,34.5,50.4,75.28,0.77,60.23,0.65,38.9,0.67
2025-06-28,13:45,Flat,62,TCT,450.7,34.4,49.7,75.51,0.73,60.4,0.61,36.9,0.67
2025-06-28,14:00,Flat,62,TCT,425.0,34.4,49.0,75.73,0.69,60.58,0.58,34.9,0.67
2025-06-28,14:15,Flat,62,TCT,387.1,34.2,47.9,76.08,0.63,60.87,0.52,31.9,0.67
2025-06-28,14:30,Flat,62,TCT,349.2,34.0,46.8,76.44,0.56,61.15,0.47,28.9,0.67
2025-06-28,14:45,Flat,62,TCT,311.3,33.9,45.6,76.79,0.5,61.44,0.42,25.8,0.67
2025-06-28,15:00,Flat,62,TCT,273.4,33.7,44.5,77.15,0.44,61.72,0.37,22.8,0.67
2025-06-28,15:15,Flat,62,TCT,239.1,33.4,43.4,77.51,0.38,62.01,0.32,20.0,0.67
2025-06-28,15:30,Flat,62,TCT,204.9,33.1,42.2,77.87,0.33,62.3,0.28,17.2,0.67
2025-06-28,15:45,Flat,62,TCT,170.7,32.8,41.1,78.23,0.27,62.58,0.23,14.4,0.67
2025-06-28,16:00,Flat,62,TCT,136.5,32.5,40.0,78.59,0.22,62.87,0.18,11.5,0.67
2025-06-28,16:15,Flat,62,TCT,111.9,32.1,38.9,78.94,0.18,63.15,0.15,9.5,0.67
2025-06-28,16:30,Flat,62,TCT,87.2,31.6,37.8,79.28,0.14,63.43,0.12,7.4,0.67
2025-06-28,16:45,Flat,62,TCT,62.5,31.1,36.7,79.63,0.1,63.7,0.08,5.3,0.67
2025-06-28,17:00,Flat,62,TCT,37.9,30.6,35.6,79.98,0.06,63.98,0.05,3.2,0.67
2025-06-28,17:15,Flat,62,TCT,28.4,30.1,34.9,80.21,0.05,64.17,0.04,2.4,0.67
2025-06-28,17:30,Flat,62,TCT,18.9,29.6,34.1,80.44,0.03,64.35,0.03,1.6,0.67
2025-06-28,17:45,Flat,62,TCT,9.5,29.1,33.4,80.67,0.02,64.54,0.01,0.8,0.67
2025-06-29,05:15,Flat,62,TCT,22.6,26.0,30.6,81.57,0.04,65.25,0.03,2.0,0.67
2025-06-29,05:30,Flat,62,TCT,41.4,26.3,31.3,81.33,0.07,65.06,0.06,3.6,0.67
2025-06-29,05:45,Flat,62,TCT,60.2,26.6,32.1,81.09,0.1,64.87,0.08,5.2,0.67
2025-06-29,06:00,Flat,62,TCT,79.0,26.8,32.8,80.85,0.13,64.68,0.11,6.8,0.67
2025-06-29,06:15,Flat,62,TCT,110.3,27.3,34.0,80.47,0.18,64.38,0.15,9.5,0.67
2025-06-29,06:30,Flat,62,TCT,141.7,27.7,35.2,80.09,0.23,64.07,0.19,12.1,0.67
2025-06-29,06:45,Flat,62,TCT,173.0,28.1,36.4,79.71,0.28,63.77,0.23,14.8,0.67
2025-06-29,07:00,Flat,62,TCT,204.3,28.5,37.6,79.33,0.33,63.47,0.27,17.4,0.67
2025-06-29,07:15,Flat,62,TCT,239.7,29.0,39.0,78.89,0.38,63.11,0.32,20.3,0.67
2025-06-29,07:30,Flat,62,TCT,275.1,29.5,40.4,78.45,0.44,62.76,0.37,23.2,0.67
2025-06-29,07:45,Flat,62,TCT,310.4,30.0,41.8,78.01,0.5,62.41,0.42,26.1,0.67
2025-06-29,08:00,Flat,62,TCT,345.8,30.5,43.2,77.57,0.56,62.06,0.47,28.9,0.67
2025-06-29,08:15,Flat,62,TCT,369.4,31.0,44.2,77.25,0.59,61.8,0.5,30.8,0.67
2025-06-29,08:30,Flat,62,TCT,393.1,31.4,45.2,76.92,0.63,61.53,0.53,32.6,0.67
2025-06-29,08:45,Flat,62,TCT,416.8,31.9,46.3,76.59,0.67,61.27,0.56,34.5,0.67
2025-06-29,09:00,Flat,62,TCT,440.4,32.3,47.3,76.26,0.71,61.01,0.6,36.3,0.67
2025-06-29,09:15,Flat,62,TCT,469.0,32.6,48.4,75.93,0.76,60.75,0.63,38.6,0.67
2025-06-29,09:30,Flat,62,TCT,497.6,33.0,49.4,75.61,0.8,60.48,0.67,40.8,0.67
2025-06-29,09:45,Flat,62,TCT,526.1,33.3,50.4,75.28,0.85,60.22,0.71,43.0,0.67
2025-06-29,10:00,Flat,62,TCT,554.7,33.6,51.5,74.95,0.9,59.96,0.75,45.2,0.67
2025-06-29,10:15,Flat,62,TCT,587.7,33.9,52.6,74.6,0.95,59.68,0.8,47.7,0.67
2025-06-29,10:30,Flat,62,TCT,620.8,34.1,53.7,74.25,1.01,59.4,0.84,50.2,0.67
2025-06-29,10:45,Flat,62,TCT,653.9,34.4,54.7,73.91,1.06,59.13,0.89,52.7,0.67
2025-06-29,11:00,Flat,62,TCT,687.0,34.7,55.8,73.56,1.12,58.85,0.94,55.1,0.67
2025-06-29,11:15,Flat,62,TCT,677.5,34.9,55.8,73.57,1.1,58.86,0.92,54.4,0.67
2025-06-29,11:30,Flat,62,TCT,668.0,35.1,55.8,73.58,1.09,58.86,0.91,53.6,0.67
2025-06-29,11:45,Flat,62,TCT,658.5,35.3,55.8,73.59,1.07,58.87,0.9,52.9,0.67
2025-06-29,12:00,Flat,62,TCT,649.0,35.5,55.7,73.6,1.06,58.88,0.88,52.1,0.67
2025-06-29,12:15,Flat,62,TCT,619.1,35.6,55.1,73.8,1.01,59.04,0.84,49.8,0.67
2025-06-29,12:30,Flat,62,TCT,589.2,35.7,54.5,74.0,0.96,59.2,0.8,47.5,0.67
2025-06-29,12:45,Flat,62,TCT,559.3,35.8,53.8,74.2,0.91,59.36,0.76,45.2,0.67
2025-06-29,13:00,Flat,62,TCT,529.5,35.9,53.2,74.41,0.86,59.52,0.72,42.9,0.67
2025-06-29,13:15,Flat,62,TCT,497.4,35.9,52.4,74.67,0.81,59.73,0.68,40.4,0.67
2025-06-29,13:30,Flat,62,TCT,465.3,35.9,51.5,74.92,0.75,59.94,0.63,37.9,0.67
2025-06-29,13:45,Flat,62,TCT,433.2,35.9,50.7,75.18,0.7,60.15,0.59,35.4,0.67
2025-06-29,14:00,Flat,62,TCT,401.1,35.9,49.9,75.44,0.65,60.36,0.54,32.8,0.67
2025-06-29,14:15,Flat,62,TCT,366.7,35.7,48.8,75.78,0.59,60.62,0.5,30.1,0.67
2025-06-29,14:30,Flat,62,TCT,332.2,35.5,47.8,76.11,0.54,60.89,0.45,27.4,0.67
2025-06-29,14:45,Flat,62,TCT,297.8,35.3,46.7,76.45,0.48,61.16,0.4,24.6,0.67
2025-06-29,15:00,Flat,62,TCT,263.3,35.1,45.7,76.78,0.42,61.42,0.36,21.8,0.67
2025-06-29,15:15,Flat,62,TCT,234.3,34.7,44.5,77.14,0.38,61.71,0.32,19.5,0.67
2025-06-29,15:30,Flat,62,TCT,205.2,34.3,43.4,77.5,0.33,62.0,0.28,17.1,0.67
2025-06-29,15:45,Flat,62,TCT,176.1,33.9,42.3,77.86,0.28,62.29,0.24,14.8,0.67
2025-06-29,16:00,Flat,62,TCT,147.1,33.5,41.1,78.22,0.24,62.57,0.2,12.4,0.67
2025-06-29,16:15,Flat,62,TCT,121.9,32.9,39.9,78.6,0.2,62.88,0.16,10.3,0.67
2025-06-29,16:30,Flat,62,TCT,96.7,32.3,38.8,78.97,0.15,63.18,0.13,8.2,0.67
2025-06-29,16:45,Flat,62,TCT,71.5,31.8,37.6,79.35,0.11,63.48,0.1,6.1,0.67
2025-06-29,17:00,Flat,62,TCT,46.3,31.2,36.4,79.73,0.07,63.78,0.06,3.9,0.67
2025-06-29,17:15,Flat,62,TCT,34.7,30.8,35.7,79.94,0.06,63.95,0.05,3.0,0.67
2025-06-29,17:30,Flat,62,TCT,23.1,30.4,35.0,80.15,0.04,64.12,0.03,2.0,0.67
2025-06-29,17:45,Flat,62,TCT,11.6,30.1,34.4,80.37,0.02,64.29,0.02,1.0,0.67
2025-06-30,05:15,Flat,62,TCT,27.1,25.8,30.5,81.58,0.04,65.27,0.04,2.4,0.67
2025-06-30,05:30,Flat,62,TCT,49.2,26.0,31.3,81.35,0.08,65.08,0.07,4.3,0.67
2025-06-30,05:45,Flat,62,TCT,71.4,26.2,32.0,81.11,0.11,64.89,0.1,6.2,0.67
2025-06-30,06:00,Flat,62,TCT,93.5,26.4,32.8,80.87,0.15,64.7,0.12,8.1,0.67
2025-06-30,06:15,Flat,62,TCT,133.8,26.7,34.0,80.47,0.21,64.38,0.18,11.5,0.67
2025-06-30,06:30,Flat,62,TCT,174.1,26.9,35.3,80.07,0.28,64.05,0.23,14.9,0.67
2025-06-30,06:45,Flat,62,TCT,214.5,27.2,36.6,79.67,0.34,63.73,0.29,18.3,0.67
2025-06-30,07:00,Flat,62,TCT,254.8,27.5,37.8,79.27,0.41,63.41,0.34,21.6,0.67
2025-06-30,07:15,Flat,62,TCT,299.3,27.8,39.3,78.79,0.48,63.03,0.4,25.3,0.67
2025-06-30,07:30,Flat,62,TCT,343.9,28.2,40.8,78.32,0.55,62.65,0.46,28.9,0.67
2025-06-30,07:45,Flat,62,TCT,388.4,28.6,42.3,77.84,0.62,62.27,0.52,32.5,0.67
2025-06-30,08:00,Flat,62,TCT,433.0,29.0,43.8,77.37,0.7,61.89,0.58,36.1,0.67
2025-06-30,08:15,Flat,62,TCT,462.0,29.4,45.0,77.0,0.74,61.6,0.62,38.4,0.67
2025-06-30,08:30,Flat,62,TCT,491.0,29.8,46.1,76.64,0.79,61.31,0.66,40.7,0.67
2025-06-30,08:45,Flat,62,TCT,520.0,30.3,47.3,76.28,0.84,61.02,0.7,42.9,0.67
2025-06-30,09:00,Flat,62,TCT,549.0,30.7,48.4,75.92,0.89,60.73,0.74,45.1,0.67
2025-06-30,09:15,Flat,62,TCT,575.7,31.0,49.4,75.6,0.93,60.48,0.78,47.2,0.67
2025-06-30,09:30,Flat,62,TCT,602.4,31.4,50.4,75.28,0.98,60.22,0.82,49.2,0.67
2025-06-30,09:45,Flat,62,TCT,629.1,31.7,51.4,74.96,1.02,59.97,0.85,51.2,0.67
2025-06-30,10:00,Flat,62,TCT,655.8,32.0,52.4,74.64,1.06,59.71,0.89,53.2,0.67
2025-06-30,10:15,Flat,62,TCT,673.9,32.3,53.1,74.43,1.09,59.54,0.92,54.6,0.67
2025-06-30,10:30,Flat,62,TCT,692.0,32.5,53.8,74.22,1.12,59.38,0.94,55.9,0.67
2025-06-30,10:45,Flat,62,TCT,710.2,32.7,54.4,74.01,1.15,59.21,0.97,57.3,0.67
2025-06-30,11:00,Flat,62,TCT,728.3,32.9,55.1,73.8,1.18,59.04,0.99,58.6,0.67
2025-06-30,11:15,Flat,62,TCT,723.1,33.1,55.2,73.78,1.18,59.02,0.99,58.2,0.67
2025-06-30,11:30,Flat,62,TCT,717.9,33.3,55.2,73.76,1.17,59.01,0.98,57.7,0.67
2025-06-30,11:45,Flat,62,TCT,712.7,33.5,55.3,73.74,1.16,58.99,0.97,57.3,0.67
2025-06-30,12:00,Flat,62,TCT,707.5,33.6,55.3,73.72,1.15,58.98,0.96,56.9,0.67
2025-06-30,12:15,Flat,62,TCT,694.1,33.8,55.2,73.78,1.13,59.02,0.95,55.8,0.67
2025-06-30,12:30,Flat,62,TCT,680.8,34.0,55.0,73.83,1.11,59.07,0.93,54.8,0.67
2025-06-30,12:45,Flat,62,TCT,667.5,34.1,54.8,73.89,1.09,59.11,0.91,53.7,0.67
2025-06-30,13:00,Flat,62,TCT,654.2,34.3,54.6,73.95,1.06,59.16,0.89,52.7,0.67
2025-06-30,13:15,Flat,62,TCT,638.2,34.4,54.3,74.05,1.04,59.24,0.87,51.5,0.67
2025-06-30,13:30,Flat,62,TCT,622.1,34.4,54.0,74.15,1.01,59.32,0.85,50.2,0.67
2025-06-30,13:45,Flat,62,TCT,606.1,34.5,53.7,74.25,0.98,59.4,0.82,49.0,0.67
2025-06-30,14:00,Flat,62,TCT,590.1,34.6,53.4,74.35,0.96,59.48,0.8,47.7,0.67
2025-06-30,14:15,Flat,62,TCT,539.7,34.6,52.1,74.76,0.88,59.81,0.73,43.9,0.67
2025-06-30,14:30,Flat,62,TCT,489.4,34.5,50.7,75.18,0.79,60.14,0.66,39.9,0.67
2025-06-30,14:45,Flat,62,TCT,439.0,34.5,49.4,75.59,0.71,60.47,0.59,36.0,0.67
2025-06-30,15:00,Flat,62,TCT,388.6,34.4,48.1,76.01,0.63,60.8,0.53,32.0,0.67
2025-06-30,15:15,Flat,62,TCT,346.5,34.2,46.9,76.4,0.56,61.12,0.47,28.6,0.67
2025-06-30,15:30,Flat,62,TCT,304.5,34.0,45.6,76.8,0.49,61.44,0.41,25.3,0.67
2025-06-30,15:45,Flat,62,TCT,262.4,33.8,44.4,77.19,0.42,61.75,0.35,21.8,0.67
2025-06-30,16:00,Flat,62,TCT,220.3,33.6,43.1,77.58,0.35,62.07,0.3,18.4,0.67
2025-06-30,16:15,Flat,62,TCT,182.8,33.1,41.7,78.05,0.29,62.44,0.25,15.4,0.67
2025-06-30,16:30,Flat,62,TCT,145.3,32.5,40.2,78.52,0.23,62.82,0.2,12.3,0.67
2025-06-30,16:45,Flat,62,TCT,107.8,32.0,38.7,78.99,0.17,63.19,0.14,9.1,0.67
2025-06-30,17:00,Flat,62,TCT,70.3,31.5,37.2,79.46,0.11,63.57,0.09,6.0,0.67
2025-06-30,17:15,Flat,62,TCT,52.7,30.9,36.3,79.76,0.08,63.81,0.07,4.5,0.67
2025-06-30,17:30,Flat,62,TCT,35.2,30.4,35.3,80.07,0.06,64.05,0.05,3.0,0.67
2025-06-30,17:45,Flat,62,TCT,17.6,29.9,34.3,80.37,0.03,64.3,0.02,1.5,0.67
