Date,Time,Month,Season,Shape,Spacing_cm,Irradiation_Wm2,AmbientTemp_C,CellTemp_C,Voc_V,Isc_A,Vm_V,Im_A,Pm_W,FF
2024-09-01,06:00,September,Autumn,V-Shape,62,98.77,25.02,30.49,81.59,0.15,65.27,0.12,8.01,0.67
2024-09-01,06:15,September,Autumn,V-Shape,62,98.77,25.02,30.49,81.59,0.15,65.27,0.12,8.01,0.67
2024-09-01,06:30,September,Autumn,V-Shape,62,98.77,25.02,30.49,81.59,0.15,65.27,0.12,8.01,0.67
2024-09-01,06:45,September,Autumn,V-Shape,62,98.77,25.02,30.49,81.59,0.15,65.27,0.12,8.01,0.67
2024-09-01,07:00,September,Autumn,V-Shape,62,262.61,26.26,35.83,79.9,0.39,63.92,0.33,20.97,0.67
2024-09-01,07:15,September,Autumn,V-Shape,62,262.61,26.26,35.83,79.9,0.39,63.92,0.33,20.97,0.67
2024-09-01,07:30,September,Autumn,V-Shape,62,262.61,26.26,35.83,79.9,0.39,63.92,0.33,20.97,0.67
2024-09-01,07:45,September,Autumn,V-Shape,62,262.61,26.26,35.83,79.9,0.39,63.92,0.33,20.97,0.67
2024-09-01,08:00,September,Autumn,V-Shape,62,470.38,28.21,42.97,77.64,0.71,62.11,0.59,36.76,0.67
2024-09-01,08:15,September,Autumn,V-Shape,62,470.38,28.21,42.97,77.64,0.71,62.11,0.59,36.76,0.67
2024-09-01,08:30,September,Autumn,V-Shape,62,470.38,28.21,42.97,77.64,0.71,62.11,0.59,36.76,0.67
2024-09-01,08:45,September,Autumn,V-Shape,62,470.38,28.21,42.97,77.64,0.71,62.11,0.59,36.76,0.67
2024-09-01,09:00,September,Autumn,V-Shape,62,567.92,30.26,47.46,76.22,0.86,60.97,0.72,43.77,0.67
2024-09-01,09:15,September,Autumn,V-Shape,62,567.92,30.26,47.46,76.22,0.86,60.97,0.72,43.77,0.67
2024-09-01,09:30,September,Autumn,V-Shape,62,567.92,30.26,47.46,76.22,0.86,60.97,0.72,43.77,0.67
2024-09-01,09:45,September,Autumn,V-Shape,62,567.92,30.26,47.46,76.22,0.86,60.97,0.72,43.77,0.67
2024-09-01,10:00,September,Autumn,V-Shape,62,653.36,31.88,51.21,75.03,0.99,60.02,0.83,49.75,0.67
2024-09-01,10:15,September,Autumn,V-Shape,62,653.36,31.88,51.21,75.03,0.99,60.02,0.83,49.75,0.67
2024-09-01,10:30,September,Autumn,V-Shape,62,653.36,31.88,51.21,75.03,0.99,60.02,0.83,49.75,0.67
2024-09-01,10:45,September,Autumn,V-Shape,62,653.36,31.88,51.21,75.03,0.99,60.02,0.83,49.75,0.67
2024-09-01,11:00,September,Autumn,V-Shape,62,591.94,32.96,50.76,75.17,0.9,60.14,0.75,45.14,0.67
2024-09-01,11:15,September,Autumn,V-Shape,62,591.94,32.96,50.76,75.17,0.9,60.14,0.75,45.14,0.67
2024-09-01,11:30,September,Autumn,V-Shape,62,591.94,32.96,50.76,75.17,0.9,60.14,0.75,45.14,0.67
2024-09-01,11:45,September,Autumn,V-Shape,62,591.94,32.96,50.76,75.17,0.9,60.14,0.75,45.14,0.67
2024-09-01,12:00,September,Autumn,V-Shape,62,498.07,33.56,49.01,75.72,0.75,60.58,0.63,38.19,0.67
2024-09-01,12:15,September,Autumn,V-Shape,62,498.07,33.56,49.01,75.72,0.75,60.58,0.63,38.19,0.67
2024-09-01,12:30,September,Autumn,V-Shape,62,498.07,33.56,49.01,75.72,0.75,60.58,0.63,38.19,0.67
2024-09-01,12:45,September,Autumn,V-Shape,62,498.07,33.56,49.01,75.72,0.75,60.58,0.63,38.19,0.67
2024-09-01,13:00,September,Autumn,V-Shape,62,384.3,33.61,46.22,76.61,0.58,61.29,0.49,29.73,0.67
2024-09-01,13:15,September,Autumn,V-Shape,62,384.3,33.61,46.22,76.61,0.58,61.29,0.49,29.73,0.67
2024-09-01,13:30,September,Autumn,V-Shape,62,384.3,33.61,46.22,76.61,0.58,61.29,0.49,29.73,0.67
2024-09-01,13:45,September,Autumn,V-Shape,62,384.3,33.61,46.22,76.61,0.58,61.29,0.49,29.73,0.67
2024-09-01,14:00,September,Autumn,V-Shape,62,407.14,33.06,46.24,76.6,0.61,61.28,0.51,31.5,0.67
2024-09-01,14:15,September,Autumn,V-Shape,62,407.14,33.06,46.24,76.6,0.61,61.28,0.51,31.5,0.67
2024-09-01,14:30,September,Autumn,V-Shape,62,407.14,33.06,46.24,76.6,0.61,61.28,0.51,31.5,0.67
2024-09-01,14:45,September,Autumn,V-Shape,62,407.14,33.06,46.24,76.6,0.61,61.28,0.51,31.5,0.67
2024-09-01,15:00,September,Autumn,V-Shape,62,285.65,32.07,42.21,77.88,0.43,62.3,0.36,22.38,0.67
2024-09-01,15:15,September,Autumn,V-Shape,62,285.65,32.07,42.21,77.88,0.43,62.3,0.36,22.38,0.67
2024-09-01,15:30,September,Autumn,V-Shape,62,285.65,32.07,42.21,77.88,0.43,62.3,0.36,22.38,0.67
2024-09-01,15:45,September,Autumn,V-Shape,62,285.65,32.07,42.21,77.88,0.43,62.3,0.36,22.38,0.67
2024-09-01,16:00,September,Autumn,V-Shape,62,150.92,30.72,37.49,79.37,0.23,63.5,0.19,11.99,0.67
2024-09-01,16:15,September,Autumn,V-Shape,62,150.92,30.72,37.49,79.37,0.23,63.5,0.19,11.99,0.67
2024-09-01,16:30,September,Autumn,V-Shape,62,150.92,30.72,37.49,79.37,0.23,63.5,0.19,11.99,0.67
2024-09-01,16:45,September,Autumn,V-Shape,62,150.92,30.72,37.49,79.37,0.23,63.5,0.19,11.99,0.67
2024-09-01,17:00,September,Autumn,V-Shape,62,33.95,28.64,32.49,80.96,0.05,64.77,0.04,2.74,0.67
2024-09-01,17:15,September,Autumn,V-Shape,62,33.95,28.64,32.49,80.96,0.05,64.77,0.04,2.74,0.67
2024-09-01,17:30,September,Autumn,V-Shape,62,33.95,28.64,32.49,80.96,0.05,64.77,0.04,2.74,0.67
2024-09-01,17:45,September,Autumn,V-Shape,62,33.95,28.64,32.49,80.96,0.05,64.77,0.04,2.74,0.67
2024-09-02,06:00,September,Autumn,V-Shape,62,72.58,25.13,29.94,81.76,0.11,65.41,0.09,5.9,0.67
2024-09-02,06:15,September,Autumn,V-Shape,62,72.58,25.13,29.94,81.76,0.11,65.41,0.09,5.9,0.67
2024-09-02,06:30,September,Autumn,V-Shape,62,72.58,25.13,29.94,81.76,0.11,65.41,0.09,5.9,0.67
2024-09-02,06:45,September,Autumn,V-Shape,62,72.58,25.13,29.94,81.76,0.11,65.41,0.09,5.9,0.67
2024-09-02,07:00,September,Autumn,V-Shape,62,181.78,26.75,34.29,80.38,0.27,64.31,0.23,14.58,0.67
2024-09-02,07:15,September,Autumn,V-Shape,62,181.78,26.75,34.29,80.38,0.27,64.31,0.23,14.58,0.67
2024-09-02,07:30,September,Autumn,V-Shape,62,181.78,26.75,34.29,80.38,0.27,64.31,0.23,14.58,0.67
2024-09-02,07:45,September,Autumn,V-Shape,62,181.78,26.75,34.29,80.38,0.27,64.31,0.23,14.58,0.67
2024-09-02,08:00,September,Autumn,V-Shape,62,335.3,28.68,40.06,78.56,0.5,62.85,0.42,26.44,0.67
2024-09-02,08:15,September,Autumn,V-Shape,62,335.3,28.68,40.06,78.56,0.5,62.85,0.42,26.44,0.67
2024-09-02,08:30,September,Autumn,V-Shape,62,335.3,28.68,40.06,78.56,0.5,62.85,0.42,26.44,0.67
2024-09-02,08:45,September,Autumn,V-Shape,62,335.3,28.68,40.06,78.56,0.5,62.85,0.42,26.44,0.67
2024-09-02,09:00,September,Autumn,V-Shape,62,516.58,30.42,46.33,76.57,0.78,61.26,0.65,39.95,0.67
2024-09-02,09:15,September,Autumn,V-Shape,62,516.58,30.42,46.33,76.57,0.78,61.26,0.65,39.95,0.67
2024-09-02,09:30,September,Autumn,V-Shape,62,516.58,30.42,46.33,76.57,0.78,61.26,0.65,39.95,0.67
2024-09-02,09:45,September,Autumn,V-Shape,62,516.58,30.42,46.33,76.57,0.78,61.26,0.65,39.95,0.67
2024-09-02,10:00,September,Autumn,V-Shape,62,739.78,31.99,53.48,74.31,1.12,59.45,0.94,55.91,0.67
2024-09-02,10:15,September,Autumn,V-Shape,62,739.78,31.99,53.48,74.31,1.12,59.45,0.94,55.91,0.67
2024-09-02,10:30,September,Autumn,V-Shape,62,739.78,31.99,53.48,74.31,1.12,59.45,0.94,55.91,0.67
2024-09-02,10:45,September,Autumn,V-Shape,62,739.78,31.99,53.48,74.31,1.12,59.45,0.94,55.91,0.67
2024-09-02,11:00,September,Autumn,V-Shape,62,768.57,33.45,55.66,73.62,1.17,58.89,0.98,57.67,0.67
2024-09-02,11:15,September,Autumn,V-Shape,62,768.57,33.45,55.66,73.62,1.17,58.89,0.98,57.67,0.67
2024-09-02,11:30,September,Autumn,V-Shape,62,768.57,33.45,55.66,73.62,1.17,58.89,0.98,57.67,0.67
2024-09-02,11:45,September,Autumn,V-Shape,62,768.57,33.45,55.66,73.62,1.17,58.89,0.98,57.67,0.67
2024-09-02,12:00,September,Autumn,V-Shape,62,778.08,34.8,57.25,73.12,1.19,58.49,0.99,58.07,0.67
2024-09-02,12:15,September,Autumn,V-Shape,62,778.08,34.8,57.25,73.12,1.19,58.49,0.99,58.07,0.67
2024-09-02,12:30,September,Autumn,V-Shape,62,778.08,34.8,57.25,73.12,1.19,58.49,0.99,58.07,0.67
2024-09-02,12:45,September,Autumn,V-Shape,62,778.08,34.8,57.25,73.12,1.19,58.49,0.99,58.07,0.67
2024-09-02,13:00,September,Autumn,V-Shape,62,617.29,35.5,53.93,74.17,0.94,59.33,0.79,46.59,0.67
2024-09-02,13:15,September,Autumn,V-Shape,62,617.29,35.5,53.93,74.17,0.94,59.33,0.79,46.59,0.67
2024-09-02,13:30,September,Autumn,V-Shape,62,617.29,35.5,53.93,74.17,0.94,59.33,0.79,46.59,0.67
2024-09-02,13:45,September,Autumn,V-Shape,62,617.29,35.5,53.93,74.17,0.94,59.33,0.79,46.59,0.67
2024-09-02,14:00,September,Autumn,V-Shape,62,496.34,35.2,50.61,75.22,0.75,60.18,0.63,37.87,0.67
2024-09-02,14:15,September,Autumn,V-Shape,62,496.34,35.2,50.61,75.22,0.75,60.18,0.63,37.87,0.67
2024-09-02,14:30,September,Autumn,V-Shape,62,496.34,35.2,50.61,75.22,0.75,60.18,0.63,37.87,0.67
2024-09-02,14:45,September,Autumn,V-Shape,62,496.34,35.2,50.61,75.22,0.75,60.18,0.63,37.87,0.67
2024-09-02,15:00,September,Autumn,V-Shape,62,396.17,34.18,47.08,76.34,0.6,61.07,0.5,30.57,0.67
2024-09-02,15:15,September,Autumn,V-Shape,62,396.17,34.18,47.08,76.34,0.6,61.07,0.5,30.57,0.67
2024-09-02,15:30,September,Autumn,V-Shape,62,396.17,34.18,47.08,76.34,0.6,61.07,0.5,30.57,0.67
2024-09-02,15:45,September,Autumn,V-Shape,62,396.17,34.18,47.08,76.34,0.6,61.07,0.5,30.57,0.67
2024-09-02,16:00,September,Autumn,V-Shape,62,196.98,32.58,40.5,78.42,0.3,62.73,0.25,15.51,0.67
2024-09-02,16:15,September,Autumn,V-Shape,62,196.98,32.58,40.5,78.42,0.3,62.73,0.25,15.51,0.67
2024-09-02,16:30,September,Autumn,V-Shape,62,196.98,32.58,40.5,78.42,0.3,62.73,0.25,15.51,0.67
2024-09-02,16:45,September,Autumn,V-Shape,62,196.98,32.58,40.5,78.42,0.3,62.73,0.25,15.51,0.67
2024-09-02,17:00,September,Autumn,V-Shape,62,39.61,30.21,34.2,80.41,0.06,64.33,0.05,3.18,0.67
2024-09-02,17:15,September,Autumn,V-Shape,62,39.61,30.21,34.2,80.41,0.06,64.33,0.05,3.18,0.67
2024-09-02,17:30,September,Autumn,V-Shape,62,39.61,30.21,34.2,80.41,0.06,64.33,0.05,3.18,0.67
2024-09-02,17:45,September,Autumn,V-Shape,62,39.61,30.21,34.2,80.41,0.06,64.33,0.05,3.18,0.67
2024-09-03,06:00,September,Autumn,V-Shape,62,92.61,25.3,30.62,81.55,0.14,65.24,0.12,7.51,0.67
2024-09-03,06:15,September,Autumn,V-Shape,62,92.61,25.3,30.62,81.55,0.14,65.24,0.12,7.51,0.67
2024-09-03,06:30,September,Autumn,V-Shape,62,92.61,25.3,30.62,81.55,0.14,65.24,0.12,7.51,0.67
2024-09-03,06:45,September,Autumn,V-Shape,62,92.61,25.3,30.62,81.55,0.14,65.24,0.12,7.51,0.67
2024-09-03,07:00,September,Autumn,V-Shape,62,248.8,26.9,36.12,79.81,0.37,63.85,0.31,19.85,0.67
2024-09-03,07:15,September,Autumn,V-Shape,62,248.8,26.9,36.12,79.81,0.37,63.85,0.31,19.85,0.67
2024-09-03,07:30,September,Autumn,V-Shape,62,248.8,26.9,36.12,79.81,0.37,63.85,0.31,19.85,0.67
2024-09-03,07:45,September,Autumn,V-Shape,62,248.8,26.9,36.12,79.81,0.37,63.85,0.31,19.85,0.67
2024-09-03,08:00,September,Autumn,V-Shape,62,457.64,28.7,43.14,77.58,0.69,62.07,0.58,35.75,0.67
2024-09-03,08:15,September,Autumn,V-Shape,62,457.64,28.7,43.14,77.58,0.69,62.07,0.58,35.75,0.67
2024-09-03,08:30,September,Autumn,V-Shape,62,457.64,28.7,43.14,77.58,0.69,62.07,0.58,35.75,0.67
2024-09-03,08:45,September,Autumn,V-Shape,62,457.64,28.7,43.14,77.58,0.69,62.07,0.58,35.75,0.67
2024-09-03,09:00,September,Autumn,V-Shape,62,580.94,30.27,47.79,76.11,0.88,60.89,0.73,44.72,0.67
2024-09-03,09:15,September,Autumn,V-Shape,62,580.94,30.27,47.79,76.11,0.88,60.89,0.73,44.72,0.67
2024-09-03,09:30,September,Autumn,V-Shape,62,580.94,30.27,47.79,76.11,0.88,60.89,0.73,44.72,0.67
2024-09-03,09:45,September,Autumn,V-Shape,62,580.94,30.27,47.79,76.11,0.88,60.89,0.73,44.72,0.67
2024-09-03,10:00,September,Autumn,V-Shape,62,663.63,31.43,51.02,75.09,1.01,60.07,0.84,50.56,0.67
2024-09-03,10:15,September,Autumn,V-Shape,62,663.63,31.43,51.02,75.09,1.01,60.07,0.84,50.56,0.67
2024-09-03,10:30,September,Autumn,V-Shape,62,663.63,31.43,51.02,75.09,1.01,60.07,0.84,50.56,0.67
2024-09-03,10:45,September,Autumn,V-Shape,62,663.63,31.43,51.02,75.09,1.01,60.07,0.84,50.56,0.67
2024-09-03,11:00,September,Autumn,V-Shape,62,563.24,32.27,49.35,75.62,0.85,60.49,0.71,43.14,0.67
2024-09-03,11:15,September,Autumn,V-Shape,62,563.24,32.27,49.35,75.62,0.85,60.49,0.71,43.14,0.67
2024-09-03,11:30,September,Autumn,V-Shape,62,563.24,32.27,49.35,75.62,0.85,60.49,0.71,43.14,0.67
2024-09-03,11:45,September,Autumn,V-Shape,62,563.24,32.27,49.35,75.62,0.85,60.49,0.71,43.14,0.67
2024-09-03,12:00,September,Autumn,V-Shape,62,545.97,32.51,49.16,75.68,0.83,60.54,0.69,41.85,0.67
2024-09-03,12:15,September,Autumn,V-Shape,62,545.97,32.51,49.16,75.68,0.83,60.54,0.69,41.85,0.67
2024-09-03,12:30,September,Autumn,V-Shape,62,545.97,32.51,49.16,75.68,0.83,60.54,0.69,41.85,0.67
2024-09-03,12:45,September,Autumn,V-Shape,62,545.97,32.51,49.16,75.68,0.83,60.54,0.69,41.85,0.67
2024-09-03,13:00,September,Autumn,V-Shape,62,476.7,32.46,47.38,76.24,0.72,60.99,0.6,36.75,0.67
2024-09-03,13:15,September,Autumn,V-Shape,62,476.7,32.46,47.38,76.24,0.72,60.99,0.6,36.75,0.67
2024-09-03,13:30,September,Autumn,V-Shape,62,476.7,32.46,47.38,76.24,0.72,60.99,0.6,36.75,0.67
2024-09-03,13:45,September,Autumn,V-Shape,62,476.7,32.46,47.38,76.24,0.72,60.99,0.6,36.75,0.67
2024-09-03,14:00,September,Autumn,V-Shape,62,304.03,31.86,42.46,77.8,0.46,62.24,0.38,23.8,0.67
2024-09-03,14:15,September,Autumn,V-Shape,62,304.03,31.86,42.46,77.8,0.46,62.24,0.38,23.8,0.67
2024-09-03,14:30,September,Autumn,V-Shape,62,304.03,31.86,42.46,77.8,0.46,62.24,0.38,23.8,0.67
2024-09-03,14:45,September,Autumn,V-Shape,62,304.03,31.86,42.46,77.8,0.46,62.24,0.38,23.8,0.67
2024-09-03,15:00,September,Autumn,V-Shape,62,258.11,31.03,40.48,78.43,0.39,62.74,0.32,20.33,0.67
2024-09-03,15:15,September,Autumn,V-Shape,62,258.11,31.03,40.48,78.43,0.39,62.74,0.32,20.33,0.67
2024-09-03,15:30,September,Autumn,V-Shape,62,258.11,31.03,40.48,78.43,0.39,62.74,0.32,20.33,0.67
2024-09-03,15:45,September,Autumn,V-Shape,62,258.11,31.03,40.48,78.43,0.39,62.74,0.32,20.33,0.67
2024-09-03,16:00,September,Autumn,V-Shape,62,122.62,29.96,36.03,79.84,0.18,63.87,0.15,9.79,0.67
2024-09-03,16:15,September,Autumn,V-Shape,62,122.62,29.96,36.03,79.84,0.18,63.87,0.15,9.79,0.67
2024-09-03,16:30,September,Autumn,V-Shape,62,122.62,29.96,36.03,79.84,0.18,63.87,0.15,9.79,0.67
2024-09-03,16:45,September,Autumn,V-Shape,62,122.62,29.96,36.03,79.84,0.18,63.87,0.15,9.79,0.67
2024-09-03,17:00,September,Autumn,V-Shape,62,23.84,28.63,32.23,81.04,0.04,64.83,0.03,1.92,0.67
2024-09-03,17:15,September,Autumn,V-Shape,62,23.84,28.63,32.23,81.04,0.04,64.83,0.03,1.92,0.67
2024-09-03,17:30,September,Autumn,V-Shape,62,23.84,28.63,32.23,81.04,0.04,64.83,0.03,1.92,0.67
2024-09-03,17:45,September,Autumn,V-Shape,62,23.84,28.63,32.23,81.04,0.04,64.83,0.03,1.92,0.67
2024-09-04,06:00,September,Autumn,V-Shape,62,102.34,25.52,31.08,81.4,0.15,65.12,0.13,8.29,0.67
2024-09-04,06:15,September,Autumn,V-Shape,62,102.34,25.52,31.08,81.4,0.15,65.12,0.13,8.29,0.67
2024-09-04,06:30,September,Autumn,V-Shape,62,102.34,25.52,31.08,81.4,0.15,65.12,0.13,8.29,0.67
2024-09-04,06:45,September,Autumn,V-Shape,62,102.34,25.52,31.08,81.4,0.15,65.12,0.13,8.29,0.67
2024-09-04,07:00,September,Autumn,V-Shape,62,288.35,27.38,37.59,79.34,0.43,63.47,0.36,22.91,0.67
2024-09-04,07:15,September,Autumn,V-Shape,62,288.35,27.38,37.59,79.34,0.43,63.47,0.36,22.91,0.67
2024-09-04,07:30,September,Autumn,V-Shape,62,288.35,27.38,37.59,79.34,0.43,63.47,0.36,22.91,0.67
2024-09-04,07:45,September,Autumn,V-Shape,62,288.35,27.38,37.59,79.34,0.43,63.47,0.36,22.91,0.67
2024-09-04,08:00,September,Autumn,V-Shape,62,512.72,29.53,45.35,76.88,0.77,61.51,0.65,39.78,0.67
2024-09-04,08:15,September,Autumn,V-Shape,62,512.72,29.53,45.35,76.88,0.77,61.51,0.65,39.78,0.67
2024-09-04,08:30,September,Autumn,V-Shape,62,512.72,29.53,45.35,76.88,0.77,61.51,0.65,39.78,0.67
2024-09-04,08:45,September,Autumn,V-Shape,62,512.72,29.53,45.35,76.88,0.77,61.51,0.65,39.78,0.67
2024-09-04,09:00,September,Autumn,V-Shape,62,619.27,31.48,49.96,75.42,0.94,60.34,0.78,47.34,0.67
2024-09-04,09:15,September,Autumn,V-Shape,62,619.27,31.48,49.96,75.42,0.94,60.34,0.78,47.34,0.67
2024-09-04,09:30,September,Autumn,V-Shape,62,619.27,31.48,49.96,75.42,0.94,60.34,0.78,47.34,0.67
2024-09-04,09:45,September,Autumn,V-Shape,62,619.27,31.48,49.96,75.42,0.94,60.34,0.78,47.34,0.67
2024-09-04,10:00,September,Autumn,V-Shape,62,800.97,32.94,55.96,73.52,1.22,58.82,1.02,60.04,0.67
2024-09-04,10:15,September,Autumn,V-Shape,62,800.97,32.94,55.96,73.52,1.22,58.82,1.02,60.04,0.67
2024-09-04,10:30,September,Autumn,V-Shape,62,800.97,32.94,55.96,73.52,1.22,58.82,1.02,60.04,0.67
2024-09-04,10:45,September,Autumn,V-Shape,62,800.97,32.94,55.96,73.52,1.22,58.82,1.02,60.04,0.67
2024-09-04,11:00,September,Autumn,V-Shape,62,873.04,34.0,58.83,72.62,1.33,58.09,1.12,64.82,0.67
2024-09-04,11:15,September,Autumn,V-Shape,62,873.04,34.0,58.83,72.62,1.33,58.09,1.12,64.82,0.67
2024-09-04,11:30,September,Autumn,V-Shape,62,873.04,34.0,58.83,72.62,1.33,58.09,1.12,64.82,0.67
2024-09-04,11:45,September,Autumn,V-Shape,62,873.04,34.0,58.83,72.62,1.33,58.09,1.12,64.82,0.67
2024-09-04,12:00,September,Autumn,V-Shape,62,740.83,34.79,56.31,73.41,1.13,58.73,0.94,55.47,0.67
2024-09-04,12:15,September,Autumn,V-Shape,62,740.83,34.79,56.31,73.41,1.13,58.73,0.94,55.47,0.67
2024-09-04,12:30,September,Autumn,V-Shape,62,740.83,34.79,56.31,73.41,1.13,58.73,0.94,55.47,0.67
2024-09-04,12:45,September,Autumn,V-Shape,62,740.83,34.79,56.31,73.41,1.13,58.73,0.94,55.47,0.67
2024-09-04,13:00,September,Autumn,V-Shape,62,712.25,35.05,55.86,73.56,1.08,58.85,0.91,53.41,0.67
2024-09-04,13:15,September,Autumn,V-Shape,62,712.25,35.05,55.86,73.56,1.08,58.85,0.91,53.41,0.67
2024-09-04,13:30,September,Autumn,V-Shape,62,712.25,35.05,55.86,73.56,1.08,58.85,0.91,53.41,0.67
2024-09-04,13:45,September,Autumn,V-Shape,62,712.25,35.05,55.86,73.56,1.08,58.85,0.91,53.41,0.67
2024-09-04,14:00,September,Autumn,V-Shape,62,525.65,34.52,50.66,75.2,0.8,60.16,0.67,40.1,0.67
2024-09-04,14:15,September,Autumn,V-Shape,62,525.65,34.52,50.66,75.2,0.8,60.16,0.67,40.1,0.67
2024-09-04,14:30,September,Autumn,V-Shape,62,525.65,34.52,50.66,75.2,0.8,60.16,0.67,40.1,0.67
2024-09-04,14:45,September,Autumn,V-Shape,62,525.65,34.52,50.66,75.2,0.8,60.16,0.67,40.1,0.67
2024-09-04,15:00,September,Autumn,V-Shape,62,385.17,33.34,45.97,76.69,0.58,61.35,0.49,29.82,0.67
2024-09-04,15:15,September,Autumn,V-Shape,62,385.17,33.34,45.97,76.69,0.58,61.35,0.49,29.82,0.67
2024-09-04,15:30,September,Autumn,V-Shape,62,385.17,33.34,45.97,76.69,0.58,61.35,0.49,29.82,0.67
2024-09-04,15:45,September,Autumn,V-Shape,62,385.17,33.34,45.97,76.69,0.58,61.35,0.49,29.82,0.67
2024-09-04,16:00,September,Autumn,V-Shape,62,186.92,31.85,39.52,78.73,0.28,62.98,0.23,14.76,0.67
2024-09-04,16:15,September,Autumn,V-Shape,62,186.92,31.85,39.52,78.73,0.28,62.98,0.23,14.76,0.67
2024-09-04,16:30,September,Autumn,V-Shape,62,186.92,31.85,39.52,78.73,0.28,62.98,0.23,14.76,0.67
2024-09-04,16:45,September,Autumn,V-Shape,62,186.92,31.85,39.52,78.73,0.28,62.98,0.23,14.76,0.67
2024-09-04,17:00,September,Autumn,V-Shape,62,35.67,29.71,33.6,80.6,0.05,64.48,0.04,2.87,0.67
2024-09-04,17:15,September,Autumn,V-Shape,62,35.67,29.71,33.6,80.6,0.05,64.48,0.04,2.87,0.67
2024-09-04,17:30,September,Autumn,V-Shape,62,35.67,29.71,33.6,80.6,0.05,64.48,0.04,2.87,0.67
2024-09-04,17:45,September,Autumn,V-Shape,62,35.67,29.71,33.6,80.6,0.05,64.48,0.04,2.87,0.67
2024-09-05,06:00,September,Autumn,V-Shape,62,107.92,25.39,31.09,81.4,0.16,65.12,0.13,8.74,0.67
2024-09-05,06:15,September,Autumn,V-Shape,62,107.92,25.39,31.09,81.4,0.16,65.12,0.13,8.74,0.67
2024-09-05,06:30,September,Autumn,V-Shape,62,107.92,25.39,31.09,81.4,0.16,65.12,0.13,8.74,0.67
2024-09-05,06:45,September,Autumn,V-Shape,62,107.92,25.39,31.09,81.4,0.16,65.12,0.13,8.74,0.67
2024-09-05,07:00,September,Autumn,V-Shape,62,304.81,27.94,38.56,79.03,0.46,63.23,0.38,24.15,0.67
2024-09-05,07:15,September,Autumn,V-Shape,62,304.81,27.94,38.56,79.03,0.46,63.23,0.38,24.15,0.67
2024-09-05,07:30,September,Autumn,V-Shape,62,304.81,27.94,38.56,79.03,0.46,63.23,0.38,24.15,0.67
2024-09-05,07:45,September,Autumn,V-Shape,62,304.81,27.94,38.56,79.03,0.46,63.23,0.38,24.15,0.67
2024-09-05,08:00,September,Autumn,V-Shape,62,524.08,31.05,47.15,76.31,0.79,61.05,0.66,40.43,0.67
2024-09-05,08:15,September,Autumn,V-Shape,62,524.08,31.05,47.15,76.31,0.79,61.05,0.66,40.43,0.67
2024-09-05,08:30,September,Autumn,V-Shape,62,524.08,31.05,47.15,76.31,0.79,61.05,0.66,40.43,0.67
2024-09-05,08:45,September,Autumn,V-Shape,62,524.08,31.05,47.15,76.31,0.79,61.05,0.66,40.43,0.67
2024-09-05,09:00,September,Autumn,V-Shape,62,695.21,33.57,53.95,74.16,1.06,59.33,0.88,52.46,0.67
2024-09-05,09:15,September,Autumn,V-Shape,62,695.21,33.57,53.95,74.16,1.06,59.33,0.88,52.46,0.67
2024-09-05,09:30,September,Autumn,V-Shape,62,695.21,33.57,53.95,74.16,1.06,59.33,0.88,52.46,0.67
2024-09-05,09:45,September,Autumn,V-Shape,62,695.21,33.57,53.95,74.16,1.06,59.33,0.88,52.46,0.67
2024-09-05,10:00,September,Autumn,V-Shape,62,870.22,35.3,60.06,72.23,1.33,57.78,1.11,64.34,0.67
2024-09-05,10:15,September,Autumn,V-Shape,62,870.22,35.3,60.06,72.23,1.33,57.78,1.11,64.34,0.67
2024-09-05,10:30,September,Autumn,V-Shape,62,870.22,35.3,60.06,72.23,1.33,57.78,1.11,64.34,0.67
2024-09-05,10:45,September,Autumn,V-Shape,62,870.22,35.3,60.06,72.23,1.33,57.78,1.11,64.34,0.67
2024-09-05,11:00,September,Autumn,V-Shape,62,885.47,36.42,61.56,71.75,1.35,57.4,1.13,65.13,0.67
2024-09-05,11:15,September,Autumn,V-Shape,62,885.47,36.42,61.56,71.75,1.35,57.4,1.13,65.13,0.67
2024-09-05,11:30,September,Autumn,V-Shape,62,885.47,36.42,61.56,71.75,1.35,57.4,1.13,65.13,0.67
2024-09-05,11:45,September,Autumn,V-Shape,62,885.47,36.42,61.56,71.75,1.35,57.4,1.13,65.13,0.67
2024-09-05,12:00,September,Autumn,V-Shape,62,797.24,36.8,59.73,72.33,1.22,57.86,1.02,59.01,0.67
2024-09-05,12:15,September,Autumn,V-Shape,62,797.24,36.8,59.73,72.33,1.22,57.86,1.02,59.01,0.67
2024-09-05,12:30,September,Autumn,V-Shape,62,797.24,36.8,59.73,72.33,1.22,57.86,1.02,59.01,0.67
2024-09-05,12:45,September,Autumn,V-Shape,62,797.24,36.8,59.73,72.33,1.22,57.86,1.02,59.01,0.67
2024-09-05,13:00,September,Autumn,V-Shape,62,737.26,36.61,58.04,72.87,1.12,58.29,0.94,54.88,0.67
2024-09-05,13:15,September,Autumn,V-Shape,62,737.26,36.61,58.04,72.87,1.12,58.29,0.94,54.88,0.67
2024-09-05,13:30,September,Autumn,V-Shape,62,737.26,36.61,58.04,72.87,1.12,58.29,0.94,54.88,0.67
2024-09-05,13:45,September,Autumn,V-Shape,62,737.26,36.61,58.04,72.87,1.12,58.29,0.94,54.88,0.67
2024-09-05,14:00,September,Autumn,V-Shape,62,626.22,35.97,54.63,73.95,0.95,59.16,0.8,47.15,0.67
2024-09-05,14:15,September,Autumn,V-Shape,62,626.22,35.97,54.63,73.95,0.95,59.16,0.8,47.15,0.67
2024-09-05,14:30,September,Autumn,V-Shape,62,626.22,35.97,54.63,73.95,0.95,59.16,0.8,47.15,0.67
2024-09-05,14:45,September,Autumn,V-Shape,62,626.22,35.97,54.63,73.95,0.95,59.16,0.8,47.15,0.67
2024-09-05,15:00,September,Autumn,V-Shape,62,459.88,34.79,49.29,75.64,0.7,60.51,0.58,35.23,0.67
2024-09-05,15:15,September,Autumn,V-Shape,62,459.88,34.79,49.29,75.64,0.7,60.51,0.58,35.23,0.67
2024-09-05,15:30,September,Autumn,V-Shape,62,459.88,34.79,49.29,75.64,0.7,60.51,0.58,35.23,0.67
2024-09-05,15:45,September,Autumn,V-Shape,62,459.88,34.79,49.29,75.64,0.7,60.51,0.58,35.23,0.67
2024-09-05,16:00,September,Autumn,V-Shape,62,224.2,33.42,42.02,77.94,0.34,62.35,0.28,17.57,0.67
2024-09-05,16:15,September,Autumn,V-Shape,62,224.2,33.42,42.02,77.94,0.34,62.35,0.28,17.57,0.67
2024-09-05,16:30,September,Autumn,V-Shape,62,224.2,33.42,42.02,77.94,0.34,62.35,0.28,17.57,0.67
2024-09-05,16:45,September,Autumn,V-Shape,62,224.2,33.42,42.02,77.94,0.34,62.35,0.28,17.57,0.67
2024-09-05,17:00,September,Autumn,V-Shape,62,38.36,31.37,35.33,80.06,0.06,64.05,0.05,3.07,0.67
2024-09-05,17:15,September,Autumn,V-Shape,62,38.36,31.37,35.33,80.06,0.06,64.05,0.05,3.07,0.67
2024-09-05,17:30,September,Autumn,V-Shape,62,38.36,31.37,35.33,80.06,0.06,64.05,0.05,3.07,0.67
2024-09-05,17:45,September,Autumn,V-Shape,62,38.36,31.37,35.33,80.06,0.06,64.05,0.05,3.07,0.67
2024-09-06,06:00,September,Autumn,V-Shape,62,93.87,25.77,31.12,81.39,0.14,65.11,0.12,7.6,0.67
2024-09-06,06:15,September,Autumn,V-Shape,62,93.87,25.77,31.12,81.39,0.14,65.11,0.12,7.6,0.67
2024-09-06,06:30,September,Autumn,V-Shape,62,93.87,25.77,31.12,81.39,0.14,65.11,0.12,7.6,0.67
2024-09-06,06:45,September,Autumn,V-Shape,62,93.87,25.77,31.12,81.39,0.14,65.11,0.12,7.6,0.67
2024-09-06,07:00,September,Autumn,V-Shape,62,257.27,27.65,37.08,79.5,0.38,63.6,0.32,20.47,0.67
2024-09-06,07:15,September,Autumn,V-Shape,62,257.27,27.65,37.08,79.5,0.38,63.6,0.32,20.47,0.67
2024-09-06,07:30,September,Autumn,V-Shape,62,257.27,27.65,37.08,79.5,0.38,63.6,0.32,20.47,0.67
2024-09-06,07:45,September,Autumn,V-Shape,62,257.27,27.65,37.08,79.5,0.38,63.6,0.32,20.47,0.67
2024-09-06,08:00,September,Autumn,V-Shape,62,449.24,30.14,44.37,77.19,0.68,61.76,0.57,34.96,0.67
2024-09-06,08:15,September,Autumn,V-Shape,62,449.24,30.14,44.37,77.19,0.68,61.76,0.57,34.96,0.67
2024-09-06,08:30,September,Autumn,V-Shape,62,449.24,30.14,44.37,77.19,0.68,61.76,0.57,34.96,0.67
2024-09-06,08:45,September,Autumn,V-Shape,62,449.24,30.14,44.37,77.19,0.68,61.76,0.57,34.96,0.67
2024-09-06,09:00,September,Autumn,V-Shape,62,610.16,31.98,50.23,75.34,0.92,60.27,0.77,46.61,0.67
2024-09-06,09:15,September,Autumn,V-Shape,62,610.16,31.98,50.23,75.34,0.92,60.27,0.77,46.61,0.67
2024-09-06,09:30,September,Autumn,V-Shape,62,610.16,31.98,50.23,75.34,0.92,60.27,0.77,46.61,0.67
2024-09-06,09:45,September,Autumn,V-Shape,62,610.16,31.98,50.23,75.34,0.92,60.27,0.77,46.61,0.67
2024-09-06,10:00,September,Autumn,V-Shape,62,736.47,33.1,54.51,73.98,1.12,59.19,0.94,55.47,0.67
2024-09-06,10:15,September,Autumn,V-Shape,62,736.47,33.1,54.51,73.98,1.12,59.19,0.94,55.47,0.67
2024-09-06,10:30,September,Autumn,V-Shape,62,736.47,33.1,54.51,73.98,1.12,59.19,0.94,55.47,0.67
2024-09-06,10:45,September,Autumn,V-Shape,62,736.47,33.1,54.51,73.98,1.12,59.19,0.94,55.47,0.67
2024-09-06,11:00,September,Autumn,V-Shape,62,789.37,33.77,56.5,73.35,1.2,58.68,1.01,59.06,0.67
2024-09-06,11:15,September,Autumn,V-Shape,62,789.37,33.77,56.5,73.35,1.2,58.68,1.01,59.06,0.67
2024-09-06,11:30,September,Autumn,V-Shape,62,789.37,33.77,56.5,73.35,1.2,58.68,1.01,59.06,0.67
2024-09-06,11:45,September,Autumn,V-Shape,62,789.37,33.77,56.5,73.35,1.2,58.68,1.01,59.06,0.67
2024-09-06,12:00,September,Autumn,V-Shape,62,829.01,34.04,57.77,72.95,1.26,58.36,1.06,61.77,0.67
2024-09-06,12:15,September,Autumn,V-Shape,62,829.01,34.04,57.77,72.95,1.26,58.36,1.06,61.77,0.67
2024-09-06,12:30,September,Autumn,V-Shape,62,829.01,34.04,57.77,72.95,1.26,58.36,1.06,61.77,0.67
2024-09-06,12:45,September,Autumn,V-Shape,62,829.01,34.04,57.77,72.95,1.26,58.36,1.06,61.77,0.67
2024-09-06,13:00,September,Autumn,V-Shape,62,630.16,33.98,52.73,74.55,0.96,59.64,0.8,47.74,0.67
2024-09-06,13:15,September,Autumn,V-Shape,62,630.16,33.98,52.73,74.55,0.96,59.64,0.8,47.74,0.67
2024-09-06,13:30,September,Autumn,V-Shape,62,630.16,33.98,52.73,74.55,0.96,59.64,0.8,47.74,0.67
2024-09-06,13:45,September,Autumn,V-Shape,62,630.16,33.98,52.73,74.55,0.96,59.64,0.8,47.74,0.67
2024-09-06,14:00,September,Autumn,V-Shape,62,486.65,33.7,48.87,75.77,0.74,60.62,0.62,37.34,0.67
2024-09-06,14:15,September,Autumn,V-Shape,62,486.65,33.7,48.87,75.77,0.74,60.62,0.62,37.34,0.67
2024-09-06,14:30,September,Autumn,V-Shape,62,486.65,33.7,48.87,75.77,0.74,60.62,0.62,37.34,0.67
2024-09-06,14:45,September,Autumn,V-Shape,62,486.65,33.7,48.87,75.77,0.74,60.62,0.62,37.34,0.67
2024-09-06,15:00,September,Autumn,V-Shape,62,327.42,33.17,44.36,77.2,0.49,61.76,0.41,25.48,0.67
2024-09-06,15:15,September,Autumn,V-Shape,62,327.42,33.17,44.36,77.2,0.49,61.76,0.41,25.48,0.67
2024-09-06,15:30,September,Autumn,V-Shape,62,327.42,33.17,44.36,77.2,0.49,61.76,0.41,25.48,0.67
2024-09-06,15:45,September,Autumn,V-Shape,62,327.42,33.17,44.36,77.2,0.49,61.76,0.41,25.48,0.67
2024-09-06,16:00,September,Autumn,V-Shape,62,157.24,32.16,39.09,78.87,0.24,63.09,0.2,12.44,0.67
2024-09-06,16:15,September,Autumn,V-Shape,62,157.24,32.16,39.09,78.87,0.24,63.09,0.2,12.44,0.67
2024-09-06,16:30,September,Autumn,V-Shape,62,157.24,32.16,39.09,78.87,0.24,63.09,0.2,12.44,0.67
2024-09-06,16:45,September,Autumn,V-Shape,62,157.24,32.16,39.09,78.87,0.24,63.09,0.2,12.44,0.67
2024-09-06,17:00,September,Autumn,V-Shape,62,29.35,30.31,34.04,80.46,0.04,64.37,0.04,2.36,0.67
2024-09-06,17:15,September,Autumn,V-Shape,62,29.35,30.31,34.04,80.46,0.04,64.37,0.04,2.36,0.67
2024-09-06,17:30,September,Autumn,V-Shape,62,29.35,30.31,34.04,80.46,0.04,64.37,0.04,2.36,0.67
2024-09-06,17:45,September,Autumn,V-Shape,62,29.35,30.31,34.04,80.46,0.04,64.37,0.04,2.36,0.67
2024-09-07,06:00,September,Autumn,V-Shape,62,98.57,25.34,30.8,81.49,0.15,65.19,0.12,7.99,0.67
2024-09-07,06:15,September,Autumn,V-Shape,62,98.57,25.34,30.8,81.49,0.15,65.19,0.12,7.99,0.67
2024-09-07,06:30,September,Autumn,V-Shape,62,98.57,25.34,30.8,81.49,0.15,65.19,0.12,7.99,0.67
2024-09-07,06:45,September,Autumn,V-Shape,62,98.57,25.34,30.8,81.49,0.15,65.19,0.12,7.99,0.67
2024-09-07,07:00,September,Autumn,V-Shape,62,267.99,26.82,36.52,79.68,0.4,63.74,0.34,21.36,0.67
2024-09-07,07:15,September,Autumn,V-Shape,62,267.99,26.82,36.52,79.68,0.4,63.74,0.34,21.36,0.67
2024-09-07,07:30,September,Autumn,V-Shape,62,267.99,26.82,36.52,79.68,0.4,63.74,0.34,21.36,0.67
2024-09-07,07:45,September,Autumn,V-Shape,62,267.99,26.82,36.52,79.68,0.4,63.74,0.34,21.36,0.67
2024-09-07,08:00,September,Autumn,V-Shape,62,494.15,29.35,44.7,77.09,0.74,61.67,0.62,38.41,0.67
2024-09-07,08:15,September,Autumn,V-Shape,62,494.15,29.35,44.7,77.09,0.74,61.67,0.62,38.41,0.67
2024-09-07,08:30,September,Autumn,V-Shape,62,494.15,29.35,44.7,77.09,0.74,61.67,0.62,38.41,0.67
2024-09-07,08:45,September,Autumn,V-Shape,62,494.15,29.35,44.7,77.09,0.74,61.67,0.62,38.41,0.67
2024-09-07,09:00,September,Autumn,V-Shape,62,563.06,31.75,48.83,75.78,0.85,60.63,0.71,43.2,0.67
2024-09-07,09:15,September,Autumn,V-Shape,62,563.06,31.75,48.83,75.78,0.85,60.63,0.71,43.2,0.67
2024-09-07,09:30,September,Autumn,V-Shape,62,563.06,31.75,48.83,75.78,0.85,60.63,0.71,43.2,0.67
2024-09-07,09:45,September,Autumn,V-Shape,62,563.06,31.75,48.83,75.78,0.85,60.63,0.71,43.2,0.67
2024-09-07,10:00,September,Autumn,V-Shape,62,766.94,33.65,55.82,73.57,1.17,58.85,0.98,57.52,0.67
2024-09-07,10:15,September,Autumn,V-Shape,62,766.94,33.65,55.82,73.57,1.17,58.85,0.98,57.52,0.67
2024-09-07,10:30,September,Autumn,V-Shape,62,766.94,33.65,55.82,73.57,1.17,58.85,0.98,57.52,0.67
2024-09-07,10:45,September,Autumn,V-Shape,62,766.94,33.65,55.82,73.57,1.17,58.85,0.98,57.52,0.67
2024-09-07,11:00,September,Autumn,V-Shape,62,906.55,34.95,60.61,72.05,1.39,57.64,1.16,66.89,0.67
2024-09-07,11:15,September,Autumn,V-Shape,62,906.55,34.95,60.61,72.05,1.39,57.64,1.16,66.89,0.67
2024-09-07,11:30,September,Autumn,V-Shape,62,906.55,34.95,60.61,72.05,1.39,57.64,1.16,66.89,0.67
2024-09-07,11:45,September,Autumn,V-Shape,62,906.55,34.95,60.61,72.05,1.39,57.64,1.16,66.89,0.67
2024-09-07,12:00,September,Autumn,V-Shape,62,809.76,35.67,58.91,72.59,1.24,58.07,1.03,60.1,0.67
2024-09-07,12:15,September,Autumn,V-Shape,62,809.76,35.67,58.91,72.59,1.24,58.07,1.03,60.1,0.67
2024-09-07,12:30,September,Autumn,V-Shape,62,809.76,35.67,58.91,72.59,1.24,58.07,1.03,60.1,0.67
2024-09-07,12:45,September,Autumn,V-Shape,62,809.76,35.67,58.91,72.59,1.24,58.07,1.03,60.1,0.67
2024-09-07,13:00,September,Autumn,V-Shape,62,655.36,35.84,55.22,73.76,1.0,59.01,0.83,49.25,0.67
2024-09-07,13:15,September,Autumn,V-Shape,62,655.36,35.84,55.22,73.76,1.0,59.01,0.83,49.25,0.67
2024-09-07,13:30,September,Autumn,V-Shape,62,655.36,35.84,55.22,73.76,1.0,59.01,0.83,49.25,0.67
2024-09-07,13:45,September,Autumn,V-Shape,62,655.36,35.84,55.22,73.76,1.0,59.01,0.83,49.25,0.67
2024-09-07,14:00,September,Autumn,V-Shape,62,500.41,35.47,50.98,75.1,0.76,60.08,0.63,38.13,0.67
2024-09-07,14:15,September,Autumn,V-Shape,62,500.41,35.47,50.98,75.1,0.76,60.08,0.63,38.13,0.67
2024-09-07,14:30,September,Autumn,V-Shape,62,500.41,35.47,50.98,75.1,0.76,60.08,0.63,38.13,0.67
2024-09-07,14:45,September,Autumn,V-Shape,62,500.41,35.47,50.98,75.1,0.76,60.08,0.63,38.13,0.67
2024-09-07,15:00,September,Autumn,V-Shape,62,331.45,34.5,45.79,76.75,0.5,61.4,0.42,25.68,0.67
2024-09-07,15:15,September,Autumn,V-Shape,62,331.45,34.5,45.79,76.75,0.5,61.4,0.42,25.68,0.67
2024-09-07,15:30,September,Autumn,V-Shape,62,331.45,34.5,45.79,76.75,0.5,61.4,0.42,25.68,0.67
2024-09-07,15:45,September,Autumn,V-Shape,62,331.45,34.5,45.79,76.75,0.5,61.4,0.42,25.68,0.67
2024-09-07,16:00,September,Autumn,V-Shape,62,163.7,33.02,40.11,78.54,0.25,62.83,0.21,12.91,0.67
2024-09-07,16:15,September,Autumn,V-Shape,62,163.7,33.02,40.11,78.54,0.25,62.83,0.21,12.91,0.67
2024-09-07,16:30,September,Autumn,V-Shape,62,163.7,33.02,40.11,78.54,0.25,62.83,0.21,12.91,0.67
2024-09-07,16:45,September,Autumn,V-Shape,62,163.7,33.02,40.11,78.54,0.25,62.83,0.21,12.91,0.67
2024-09-07,17:00,September,Autumn,V-Shape,62,33.02,30.84,34.67,80.27,0.05,64.21,0.04,2.65,0.67
2024-09-07,17:15,September,Autumn,V-Shape,62,33.02,30.84,34.67,80.27,0.05,64.21,0.04,2.65,0.67
2024-09-07,17:30,September,Autumn,V-Shape,62,33.02,30.84,34.67,80.27,0.05,64.21,0.04,2.65,0.67
2024-09-07,17:45,September,Autumn,V-Shape,62,33.02,30.84,34.67,80.27,0.05,64.21,0.04,2.65,0.67
2024-09-08,06:00,September,Autumn,V-Shape,62,64.66,25.5,30.12,81.71,0.1,65.37,0.08,5.25,0.67
2024-09-08,06:15,September,Autumn,V-Shape,62,64.66,25.5,30.12,81.71,0.1,65.37,0.08,5.25,0.67
2024-09-08,06:30,September,Autumn,V-Shape,62,64.66,25.5,30.12,81.71,0.1,65.37,0.08,5.25,0.67
2024-09-08,06:45,September,Autumn,V-Shape,62,64.66,25.5,30.12,81.71,0.1,65.37,0.08,5.25,0.67
2024-09-08,07:00,September,Autumn,V-Shape,62,188.42,26.57,34.28,80.39,0.28,64.31,0.24,15.12,0.67
2024-09-08,07:15,September,Autumn,V-Shape,62,188.42,26.57,34.28,80.39,0.28,64.31,0.24,15.12,0.67
2024-09-08,07:30,September,Autumn,V-Shape,62,188.42,26.57,34.28,80.39,0.28,64.31,0.24,15.12,0.67
2024-09-08,07:45,September,Autumn,V-Shape,62,188.42,26.57,34.28,80.39,0.28,64.31,0.24,15.12,0.67
2024-09-08,08:00,September,Autumn,V-Shape,62,306.2,28.43,39.09,78.87,0.46,63.09,0.38,24.22,0.67
2024-09-08,08:15,September,Autumn,V-Shape,62,306.2,28.43,39.09,78.87,0.46,63.09,0.38,24.22,0.67
2024-09-08,08:30,September,Autumn,V-Shape,62,306.2,28.43,39.09,78.87,0.46,63.09,0.38,24.22,0.67
2024-09-08,08:45,September,Autumn,V-Shape,62,306.2,28.43,39.09,78.87,0.46,63.09,0.38,24.22,0.67
2024-09-08,09:00,September,Autumn,V-Shape,62,486.36,30.14,45.3,76.9,0.73,61.52,0.61,37.74,0.67
2024-09-08,09:15,September,Autumn,V-Shape,62,486.36,30.14,45.3,76.9,0.73,61.52,0.61,37.74,0.67
2024-09-08,09:30,September,Autumn,V-Shape,62,486.36,30.14,45.3,76.9,0.73,61.52,0.61,37.74,0.67
2024-09-08,09:45,September,Autumn,V-Shape,62,486.36,30.14,45.3,76.9,0.73,61.52,0.61,37.74,0.67
2024-09-08,10:00,September,Autumn,V-Shape,62,542.33,31.45,48.01,76.04,0.82,60.83,0.69,41.72,0.67
2024-09-08,10:15,September,Autumn,V-Shape,62,542.33,31.45,48.01,76.04,0.82,60.83,0.69,41.72,0.67
2024-09-08,10:30,September,Autumn,V-Shape,62,542.33,31.45,48.01,76.04,0.82,60.83,0.69,41.72,0.67
2024-09-08,10:45,September,Autumn,V-Shape,62,542.33,31.45,48.01,76.04,0.82,60.83,0.69,41.72,0.67
2024-09-08,11:00,September,Autumn,V-Shape,62,604.04,32.28,50.38,75.29,0.91,60.23,0.77,46.12,0.67
2024-09-08,11:15,September,Autumn,V-Shape,62,604.04,32.28,50.38,75.29,0.91,60.23,0.77,46.12,0.67
2024-09-08,11:30,September,Autumn,V-Shape,62,604.04,32.28,50.38,75.29,0.91,60.23,0.77,46.12,0.67
2024-09-08,11:45,September,Autumn,V-Shape,62,604.04,32.28,50.38,75.29,0.91,60.23,0.77,46.12,0.67
2024-09-08,12:00,September,Autumn,V-Shape,62,786.1,32.77,55.42,73.69,1.2,58.96,1.0,59.03,0.67
2024-09-08,12:15,September,Autumn,V-Shape,62,786.1,32.77,55.42,73.69,1.2,58.96,1.0,59.03,0.67
2024-09-08,12:30,September,Autumn,V-Shape,62,786.1,32.77,55.42,73.69,1.2,58.96,1.0,59.03,0.67
2024-09-08,12:45,September,Autumn,V-Shape,62,786.1,32.77,55.42,73.69,1.2,58.96,1.0,59.03,0.67
2024-09-08,13:00,September,Autumn,V-Shape,62,567.68,32.88,50.07,75.39,0.86,60.31,0.72,43.38,0.67
2024-09-08,13:15,September,Autumn,V-Shape,62,567.68,32.88,50.07,75.39,0.86,60.31,0.72,43.38,0.67
2024-09-08,13:30,September,Autumn,V-Shape,62,567.68,32.88,50.07,75.39,0.86,60.31,0.72,43.38,0.67
2024-09-08,13:45,September,Autumn,V-Shape,62,567.68,32.88,50.07,75.39,0.86,60.31,0.72,43.38,0.67
2024-09-08,14:00,September,Autumn,V-Shape,62,470.68,32.62,47.39,76.24,0.71,60.99,0.59,36.28,0.67
2024-09-08,14:15,September,Autumn,V-Shape,62,470.68,32.62,47.39,76.24,0.71,60.99,0.59,36.28,0.67
2024-09-08,14:30,September,Autumn,V-Shape,62,470.68,32.62,47.39,76.24,0.71,60.99,0.59,36.28,0.67
2024-09-08,14:45,September,Autumn,V-Shape,62,470.68,32.62,47.39,76.24,0.71,60.99,0.59,36.28,0.67
2024-09-08,15:00,September,Autumn,V-Shape,62,336.68,31.97,43.39,77.51,0.51,62.0,0.42,26.28,0.67
2024-09-08,15:15,September,Autumn,V-Shape,62,336.68,31.97,43.39,77.51,0.51,62.0,0.42,26.28,0.67
2024-09-08,15:30,September,Autumn,V-Shape,62,336.68,31.97,43.39,77.51,0.51,62.0,0.42,26.28,0.67
2024-09-08,15:45,September,Autumn,V-Shape,62,336.68,31.97,43.39,77.51,0.51,62.0,0.42,26.28,0.67
2024-09-08,16:00,September,Autumn,V-Shape,62,167.81,30.99,38.19,79.15,0.25,63.32,0.21,13.31,0.67
2024-09-08,16:15,September,Autumn,V-Shape,62,167.81,30.99,38.19,79.15,0.25,63.32,0.21,13.31,0.67
2024-09-08,16:30,September,Autumn,V-Shape,62,167.81,30.99,38.19,79.15,0.25,63.32,0.21,13.31,0.67
2024-09-08,16:45,September,Autumn,V-Shape,62,167.81,30.99,38.19,79.15,0.25,63.32,0.21,13.31,0.67
2024-09-08,17:00,September,Autumn,V-Shape,62,31.22,29.21,32.99,80.8,0.05,64.64,0.04,2.51,0.67
2024-09-08,17:15,September,Autumn,V-Shape,62,31.22,29.21,32.99,80.8,0.05,64.64,0.04,2.51,0.67
2024-09-08,17:30,September,Autumn,V-Shape,62,31.22,29.21,32.99,80.8,0.05,64.64,0.04,2.51,0.67
2024-09-08,17:45,September,Autumn,V-Shape,62,31.22,29.21,32.99,80.8,0.05,64.64,0.04,2.51,0.67
2024-09-09,06:00,September,Autumn,V-Shape,62,61.11,24.98,29.51,81.9,0.09,65.52,0.08,4.97,0.67
2024-09-09,06:15,September,Autumn,V-Shape,62,61.11,24.98,29.51,81.9,0.09,65.52,0.08,4.97,0.67
2024-09-09,06:30,September,Autumn,V-Shape,62,61.11,24.98,29.51,81.9,0.09,65.52,0.08,4.97,0.67
2024-09-09,06:45,September,Autumn,V-Shape,62,61.11,24.98,29.51,81.9,0.09,65.52,0.08,4.97,0.67
2024-09-09,07:00,September,Autumn,V-Shape,62,137.79,26.26,32.7,80.89,0.2,64.71,0.17,11.11,0.67
2024-09-09,07:15,September,Autumn,V-Shape,62,137.79,26.26,32.7,80.89,0.2,64.71,0.17,11.11,0.67
2024-09-09,07:30,September,Autumn,V-Shape,62,137.79,26.26,32.7,80.89,0.2,64.71,0.17,11.11,0.67
2024-09-09,07:45,September,Autumn,V-Shape,62,137.79,26.26,32.7,80.89,0.2,64.71,0.17,11.11,0.67
2024-09-09,08:00,September,Autumn,V-Shape,62,231.16,28.21,36.99,79.53,0.35,63.63,0.29,18.4,0.67
2024-09-09,08:15,September,Autumn,V-Shape,62,231.16,28.21,36.99,79.53,0.35,63.63,0.29,18.4,0.67
2024-09-09,08:30,September,Autumn,V-Shape,62,231.16,28.21,36.99,79.53,0.35,63.63,0.29,18.4,0.67
2024-09-09,08:45,September,Autumn,V-Shape,62,231.16,28.21,36.99,79.53,0.35,63.63,0.29,18.4,0.67
2024-09-09,09:00,September,Autumn,V-Shape,62,455.52,30.09,44.48,77.16,0.69,61.73,0.57,35.44,0.67
2024-09-09,09:15,September,Autumn,V-Shape,62,455.52,30.09,44.48,77.16,0.69,61.73,0.57,35.44,0.67
2024-09-09,09:30,September,Autumn,V-Shape,62,455.52,30.09,44.48,77.16,0.69,61.73,0.57,35.44,0.67
2024-09-09,09:45,September,Autumn,V-Shape,62,455.52,30.09,44.48,77.16,0.69,61.73,0.57,35.44,0.67
2024-09-09,10:00,September,Autumn,V-Shape,62,593.65,31.71,49.55,75.55,0.9,60.44,0.75,45.44,0.67
2024-09-09,10:15,September,Autumn,V-Shape,62,593.65,31.71,49.55,75.55,0.9,60.44,0.75,45.44,0.67
2024-09-09,10:30,September,Autumn,V-Shape,62,593.65,31.71,49.55,75.55,0.9,60.44,0.75,45.44,0.67
2024-09-09,10:45,September,Autumn,V-Shape,62,593.65,31.71,49.55,75.55,0.9,60.44,0.75,45.44,0.67
2024-09-09,11:00,September,Autumn,V-Shape,62,677.88,32.87,52.82,74.52,1.03,59.62,0.86,51.35,0.67
2024-09-09,11:15,September,Autumn,V-Shape,62,677.88,32.87,52.82,74.52,1.03,59.62,0.86,51.35,0.67
2024-09-09,11:30,September,Autumn,V-Shape,62,677.88,32.87,52.82,74.52,1.03,59.62,0.86,51.35,0.67
2024-09-09,11:45,September,Autumn,V-Shape,62,677.88,32.87,52.82,74.52,1.03,59.62,0.86,51.35,0.67
2024-09-09,12:00,September,Autumn,V-Shape,62,649.85,33.65,52.9,74.49,0.99,59.6,0.83,49.21,0.67
2024-09-09,12:15,September,Autumn,V-Shape,62,649.85,33.65,52.9,74.49,0.99,59.6,0.83,49.21,0.67
2024-09-09,12:30,September,Autumn,V-Shape,62,649.85,33.65,52.9,74.49,0.99,59.6,0.83,49.21,0.67
2024-09-09,12:45,September,Autumn,V-Shape,62,649.85,33.65,52.9,74.49,0.99,59.6,0.83,49.21,0.67
2024-09-09,13:00,September,Autumn,V-Shape,62,508.33,33.95,49.66,75.52,0.77,60.42,0.64,38.9,0.67
2024-09-09,13:15,September,Autumn,V-Shape,62,508.33,33.95,49.66,75.52,0.77,60.42,0.64,38.9,0.67
2024-09-09,13:30,September,Autumn,V-Shape,62,508.33,33.95,49.66,75.52,0.77,60.42,0.64,38.9,0.67
2024-09-09,13:45,September,Autumn,V-Shape,62,508.33,33.95,49.66,75.52,0.77,60.42,0.64,38.9,0.67
2024-09-09,14:00,September,Autumn,V-Shape,62,406.43,33.7,46.86,76.41,0.61,61.12,0.51,31.38,0.67
2024-09-09,14:15,September,Autumn,V-Shape,62,406.43,33.7,46.86,76.41,0.61,61.12,0.51,31.38,0.67
2024-09-09,14:30,September,Autumn,V-Shape,62,406.43,33.7,46.86,76.41,0.61,61.12,0.51,31.38,0.67
2024-09-09,14:45,September,Autumn,V-Shape,62,406.43,33.7,46.86,76.41,0.61,61.12,0.51,31.38,0.67
2024-09-09,15:00,September,Autumn,V-Shape,62,287.38,32.99,43.17,77.57,0.43,62.06,0.36,22.45,0.67
2024-09-09,15:15,September,Autumn,V-Shape,62,287.38,32.99,43.17,77.57,0.43,62.06,0.36,22.45,0.67
2024-09-09,15:30,September,Autumn,V-Shape,62,287.38,32.99,43.17,77.57,0.43,62.06,0.36,22.45,0.67
2024-09-09,15:45,September,Autumn,V-Shape,62,287.38,32.99,43.17,77.57,0.43,62.06,0.36,22.45,0.67
2024-09-09,16:00,September,Autumn,V-Shape,62,150.68,31.71,38.48,79.06,0.23,63.25,0.19,11.94,0.67
2024-09-09,16:15,September,Autumn,V-Shape,62,150.68,31.71,38.48,79.06,0.23,63.25,0.19,11.94,0.67
2024-09-09,16:30,September,Autumn,V-Shape,62,150.68,31.71,38.48,79.06,0.23,63.25,0.19,11.94,0.67
2024-09-09,16:45,September,Autumn,V-Shape,62,150.68,31.71,38.48,79.06,0.23,63.25,0.19,11.94,0.67
2024-09-09,17:00,September,Autumn,V-Shape,62,27.32,29.71,33.39,80.67,0.04,64.54,0.03,2.2,0.67
2024-09-09,17:15,September,Autumn,V-Shape,62,27.32,29.71,33.39,80.67,0.04,64.54,0.03,2.2,0.67
2024-09-09,17:30,September,Autumn,V-Shape,62,27.32,29.71,33.39,80.67,0.04,64.54,0.03,2.2,0.67
2024-09-09,17:45,September,Autumn,V-Shape,62,27.32,29.71,33.39,80.67,0.04,64.54,0.03,2.2,0.67
2024-09-10,06:00,September,Autumn,V-Shape,62,93.58,25.28,30.62,81.55,0.14,65.24,0.12,7.59,0.67
2024-09-10,06:15,September,Autumn,V-Shape,62,93.58,25.28,30.62,81.55,0.14,65.24,0.12,7.59,0.67
2024-09-10,06:30,September,Autumn,V-Shape,62,93.58,25.28,30.62,81.55,0.14,65.24,0.12,7.59,0.67
2024-09-10,06:45,September,Autumn,V-Shape,62,93.58,25.28,30.62,81.55,0.14,65.24,0.12,7.59,0.67
2024-09-10,07:00,September,Autumn,V-Shape,62,255.39,26.93,36.31,79.75,0.38,63.8,0.32,20.37,0.67
2024-09-10,07:15,September,Autumn,V-Shape,62,255.39,26.93,36.31,79.75,0.38,63.8,0.32,20.37,0.67
2024-09-10,07:30,September,Autumn,V-Shape,62,255.39,26.93,36.31,79.75,0.38,63.8,0.32,20.37,0.67
2024-09-10,07:45,September,Autumn,V-Shape,62,255.39,26.93,36.31,79.75,0.38,63.8,0.32,20.37,0.67
2024-09-10,08:00,September,Autumn,V-Shape,62,475.39,29.15,44.03,77.3,0.72,61.84,0.6,37.03,0.67
2024-09-10,08:15,September,Autumn,V-Shape,62,475.39,29.15,44.03,77.3,0.72,61.84,0.6,37.03,0.67
2024-09-10,08:30,September,Autumn,V-Shape,62,475.39,29.15,44.03,77.3,0.72,61.84,0.6,37.03,0.67
2024-09-10,08:45,September,Autumn,V-Shape,62,475.39,29.15,44.03,77.3,0.72,61.84,0.6,37.03,0.67
2024-09-10,09:00,September,Autumn,V-Shape,62,611.8,31.06,49.36,75.62,0.93,60.49,0.77,46.86,0.67
2024-09-10,09:15,September,Autumn,V-Shape,62,611.8,31.06,49.36,75.62,0.93,60.49,0.77,46.86,0.67
2024-09-10,09:30,September,Autumn,V-Shape,62,611.8,31.06,49.36,75.62,0.93,60.49,0.77,46.86,0.67
2024-09-10,09:45,September,Autumn,V-Shape,62,611.8,31.06,49.36,75.62,0.93,60.49,0.77,46.86,0.67
2024-09-10,10:00,September,Autumn,V-Shape,62,731.93,32.74,54.04,74.13,1.11,59.31,0.93,55.22,0.67
2024-09-10,10:15,September,Autumn,V-Shape,62,731.93,32.74,54.04,74.13,1.11,59.31,0.93,55.22,0.67
2024-09-10,10:30,September,Autumn,V-Shape,62,731.93,32.74,54.04,74.13,1.11,59.31,0.93,55.22,0.67
2024-09-10,10:45,September,Autumn,V-Shape,62,731.93,32.74,54.04,74.13,1.11,59.31,0.93,55.22,0.67
2024-09-10,11:00,September,Autumn,V-Shape,62,779.68,34.28,56.77,73.27,1.19,58.61,0.99,58.29,0.67
2024-09-10,11:15,September,Autumn,V-Shape,62,779.68,34.28,56.77,73.27,1.19,58.61,0.99,58.29,0.67
2024-09-10,11:30,September,Autumn,V-Shape,62,779.68,34.28,56.77,73.27,1.19,58.61,0.99,58.29,0.67
2024-09-10,11:45,September,Autumn,V-Shape,62,779.68,34.28,56.77,73.27,1.19,58.61,0.99,58.29,0.67
2024-09-10,12:00,September,Autumn,V-Shape,62,730.67,35.21,56.48,73.36,1.11,58.69,0.93,54.68,0.67
2024-09-10,12:15,September,Autumn,V-Shape,62,730.67,35.21,56.48,73.36,1.11,58.69,0.93,54.68,0.67
2024-09-10,12:30,September,Autumn,V-Shape,62,730.67,35.21,56.48,73.36,1.11,58.69,0.93,54.68,0.67
2024-09-10,12:45,September,Autumn,V-Shape,62,730.67,35.21,56.48,73.36,1.11,58.69,0.93,54.68,0.67
2024-09-10,13:00,September,Autumn,V-Shape,62,560.07,35.52,52.52,74.61,0.85,59.69,0.71,42.46,0.67
2024-09-10,13:15,September,Autumn,V-Shape,62,560.07,35.52,52.52,74.61,0.85,59.69,0.71,42.46,0.67
2024-09-10,13:30,September,Autumn,V-Shape,62,560.07,35.52,52.52,74.61,0.85,59.69,0.71,42.46,0.67
2024-09-10,13:45,September,Autumn,V-Shape,62,560.07,35.52,52.52,74.61,0.85,59.69,0.71,42.46,0.67
2024-09-10,14:00,September,Autumn,V-Shape,62,508.31,35.19,50.9,75.13,0.77,60.1,0.64,38.74,0.67
2024-09-10,14:15,September,Autumn,V-Shape,62,508.31,35.19,50.9,75.13,0.77,60.1,0.64,38.74,0.67
2024-09-10,14:30,September,Autumn,V-Shape,62,508.31,35.19,50.9,75.13,0.77,60.1,0.64,38.74,0.67
2024-09-10,14:45,September,Autumn,V-Shape,62,508.31,35.19,50.9,75.13,0.77,60.1,0.64,38.74,0.67
2024-09-10,15:00,September,Autumn,V-Shape,62,353.24,34.32,46.15,76.63,0.53,61.3,0.45,27.34,0.67
2024-09-10,15:15,September,Autumn,V-Shape,62,353.24,34.32,46.15,76.63,0.53,61.3,0.45,27.34,0.67
2024-09-10,15:30,September,Autumn,V-Shape,62,353.24,34.32,46.15,76.63,0.53,61.3,0.45,27.34,0.67
2024-09-10,15:45,September,Autumn,V-Shape,62,353.24,34.32,46.15,76.63,0.53,61.3,0.45,27.34,0.67
2024-09-10,16:00,September,Autumn,V-Shape,62,179.36,32.88,40.36,78.46,0.27,62.77,0.23,14.13,0.67
2024-09-10,16:15,September,Autumn,V-Shape,62,179.36,32.88,40.36,78.46,0.27,62.77,0.23,14.13,0.67
2024-09-10,16:30,September,Autumn,V-Shape,62,179.36,32.88,40.36,78.46,0.27,62.77,0.23,14.13,0.67
2024-09-10,16:45,September,Autumn,V-Shape,62,179.36,32.88,40.36,78.46,0.27,62.77,0.23,14.13,0.67
2024-09-10,17:00,September,Autumn,V-Shape,62,29.35,30.78,34.51,80.32,0.04,64.25,0.04,2.35,0.67
2024-09-10,17:15,September,Autumn,V-Shape,62,29.35,30.78,34.51,80.32,0.04,64.25,0.04,2.35,0.67
2024-09-10,17:30,September,Autumn,V-Shape,62,29.35,30.78,34.51,80.32,0.04,64.25,0.04,2.35,0.67
2024-09-10,17:45,September,Autumn,V-Shape,62,29.35,30.78,34.51,80.32,0.04,64.25,0.04,2.35,0.67
2024-09-11,06:00,September,Autumn,V-Shape,62,88.46,25.86,31.07,81.41,0.13,65.12,0.11,7.16,0.67
2024-09-11,06:15,September,Autumn,V-Shape,62,88.46,25.86,31.07,81.41,0.13,65.12,0.11,7.16,0.67
2024-09-11,06:30,September,Autumn,V-Shape,62,88.46,25.86,31.07,81.41,0.13,65.12,0.11,7.16,0.67
2024-09-11,06:45,September,Autumn,V-Shape,62,88.46,25.86,31.07,81.41,0.13,65.12,0.11,7.16,0.67
2024-09-11,07:00,September,Autumn,V-Shape,62,241.13,27.88,36.91,79.56,0.36,63.65,0.3,19.2,0.67
2024-09-11,07:15,September,Autumn,V-Shape,62,241.13,27.88,36.91,79.56,0.36,63.65,0.3,19.2,0.67
2024-09-11,07:30,September,Autumn,V-Shape,62,241.13,27.88,36.91,79.56,0.36,63.65,0.3,19.2,0.67
2024-09-11,07:45,September,Autumn,V-Shape,62,241.13,27.88,36.91,79.56,0.36,63.65,0.3,19.2,0.67
2024-09-11,08:00,September,Autumn,V-Shape,62,420.68,30.26,43.78,77.38,0.63,61.91,0.53,32.8,0.67
2024-09-11,08:15,September,Autumn,V-Shape,62,420.68,30.26,43.78,77.38,0.63,61.91,0.53,32.8,0.67
2024-09-11,08:30,September,Autumn,V-Shape,62,420.68,30.26,43.78,77.38,0.63,61.91,0.53,32.8,0.67
2024-09-11,08:45,September,Autumn,V-Shape,62,420.68,30.26,43.78,77.38,0.63,61.91,0.53,32.8,0.67
2024-09-11,09:00,September,Autumn,V-Shape,62,525.16,32.48,48.61,75.85,0.79,60.68,0.66,40.32,0.67
2024-09-11,09:15,September,Autumn,V-Shape,62,525.16,32.48,48.61,75.85,0.79,60.68,0.66,40.32,0.67
2024-09-11,09:30,September,Autumn,V-Shape,62,525.16,32.48,48.61,75.85,0.79,60.68,0.66,40.32,0.67
2024-09-11,09:45,September,Autumn,V-Shape,62,525.16,32.48,48.61,75.85,0.79,60.68,0.66,40.32,0.67
2024-09-11,10:00,September,Autumn,V-Shape,62,647.38,34.32,53.5,74.3,0.98,59.44,0.82,48.92,0.67
2024-09-11,10:15,September,Autumn,V-Shape,62,647.38,34.32,53.5,74.3,0.98,59.44,0.82,48.92,0.67
2024-09-11,10:30,September,Autumn,V-Shape,62,647.38,34.32,53.5,74.3,0.98,59.44,0.82,48.92,0.67
2024-09-11,10:45,September,Autumn,V-Shape,62,647.38,34.32,53.5,74.3,0.98,59.44,0.82,48.92,0.67
2024-09-11,11:00,September,Autumn,V-Shape,62,674.41,35.61,55.47,73.68,1.03,58.94,0.86,50.64,0.67
2024-09-11,11:15,September,Autumn,V-Shape,62,674.41,35.61,55.47,73.68,1.03,58.94,0.86,50.64,0.67
2024-09-11,11:30,September,Autumn,V-Shape,62,674.41,35.61,55.47,73.68,1.03,58.94,0.86,50.64,0.67
2024-09-11,11:45,September,Autumn,V-Shape,62,674.41,35.61,55.47,73.68,1.03,58.94,0.86,50.64,0.67
2024-09-11,12:00,September,Autumn,V-Shape,62,689.03,36.16,56.39,73.39,1.05,58.71,0.88,51.58,0.67
2024-09-11,12:15,September,Autumn,V-Shape,62,689.03,36.16,56.39,73.39,1.05,58.71,0.88,51.58,0.67
2024-09-11,12:30,September,Autumn,V-Shape,62,689.03,36.16,56.39,73.39,1.05,58.71,0.88,51.58,0.67
2024-09-11,12:45,September,Autumn,V-Shape,62,689.03,36.16,56.39,73.39,1.05,58.71,0.88,51.58,0.67
2024-09-11,13:00,September,Autumn,V-Shape,62,616.56,35.9,54.31,74.05,0.94,59.24,0.78,46.47,0.67
2024-09-11,13:15,September,Autumn,V-Shape,62,616.56,35.9,54.31,74.05,0.94,59.24,0.78,46.47,0.67
2024-09-11,13:30,September,Autumn,V-Shape,62,616.56,35.9,54.31,74.05,0.94,59.24,0.78,46.47,0.67
2024-09-11,13:45,September,Autumn,V-Shape,62,616.56,35.9,54.31,74.05,0.94,59.24,0.78,46.47,0.67
2024-09-11,14:00,September,Autumn,V-Shape,62,470.3,35.19,49.95,75.43,0.71,60.34,0.6,35.96,0.67
2024-09-11,14:15,September,Autumn,V-Shape,62,470.3,35.19,49.95,75.43,0.71,60.34,0.6,35.96,0.67
2024-09-11,14:30,September,Autumn,V-Shape,62,470.3,35.19,49.95,75.43,0.71,60.34,0.6,35.96,0.67
2024-09-11,14:45,September,Autumn,V-Shape,62,470.3,35.19,49.95,75.43,0.71,60.34,0.6,35.96,0.67
2024-09-11,15:00,September,Autumn,V-Shape,62,339.5,34.01,45.5,76.84,0.51,61.47,0.43,26.33,0.67
2024-09-11,15:15,September,Autumn,V-Shape,62,339.5,34.01,45.5,76.84,0.51,61.47,0.43,26.33,0.67
2024-09-11,15:30,September,Autumn,V-Shape,62,339.5,34.01,45.5,76.84,0.51,61.47,0.43,26.33,0.67
2024-09-11,15:45,September,Autumn,V-Shape,62,339.5,34.01,45.5,76.84,0.51,61.47,0.43,26.33,0.67
2024-09-11,16:00,September,Autumn,V-Shape,62,161.7,32.34,39.38,78.77,0.24,63.02,0.2,12.78,0.67
2024-09-11,16:15,September,Autumn,V-Shape,62,161.7,32.34,39.38,78.77,0.24,63.02,0.2,12.78,0.67
2024-09-11,16:30,September,Autumn,V-Shape,62,161.7,32.34,39.38,78.77,0.24,63.02,0.2,12.78,0.67
2024-09-11,16:45,September,Autumn,V-Shape,62,161.7,32.34,39.38,78.77,0.24,63.02,0.2,12.78,0.67
2024-09-11,17:00,September,Autumn,V-Shape,62,26.67,30.24,33.91,80.51,0.04,64.41,0.03,2.14,0.67
2024-09-11,17:15,September,Autumn,V-Shape,62,26.67,30.24,33.91,80.51,0.04,64.41,0.03,2.14,0.67
2024-09-11,17:30,September,Autumn,V-Shape,62,26.67,30.24,33.91,80.51,0.04,64.41,0.03,2.14,0.67
2024-09-11,17:45,September,Autumn,V-Shape,62,26.67,30.24,33.91,80.51,0.04,64.41,0.03,2.14,0.67
2024-09-12,06:00,September,Autumn,V-Shape,62,98.47,25.38,30.84,81.48,0.15,65.18,0.12,7.98,0.67
2024-09-12,06:15,September,Autumn,V-Shape,62,98.47,25.38,30.84,81.48,0.15,65.18,0.12,7.98,0.67
2024-09-12,06:30,September,Autumn,V-Shape,62,98.47,25.38,30.84,81.48,0.15,65.18,0.12,7.98,0.67
2024-09-12,06:45,September,Autumn,V-Shape,62,98.47,25.38,30.84,81.48,0.15,65.18,0.12,7.98,0.67
2024-09-12,07:00,September,Autumn,V-Shape,62,277.31,27.15,37.08,79.5,0.41,63.6,0.35,22.07,0.67
2024-09-12,07:15,September,Autumn,V-Shape,62,277.31,27.15,37.08,79.5,0.41,63.6,0.35,22.07,0.67
2024-09-12,07:30,September,Autumn,V-Shape,62,277.31,27.15,37.08,79.5,0.41,63.6,0.35,22.07,0.67
2024-09-12,07:45,September,Autumn,V-Shape,62,277.31,27.15,37.08,79.5,0.41,63.6,0.35,22.07,0.67
2024-09-12,08:00,September,Autumn,V-Shape,62,484.58,29.25,44.36,77.2,0.73,61.76,0.61,37.71,0.67
2024-09-12,08:15,September,Autumn,V-Shape,62,484.58,29.25,44.36,77.2,0.73,61.76,0.61,37.71,0.67
2024-09-12,08:30,September,Autumn,V-Shape,62,484.58,29.25,44.36,77.2,0.73,61.76,0.61,37.71,0.67
2024-09-12,08:45,September,Autumn,V-Shape,62,484.58,29.25,44.36,77.2,0.73,61.76,0.61,37.71,0.67
2024-09-12,09:00,September,Autumn,V-Shape,62,663.02,31.31,50.89,75.13,1.0,60.11,0.84,50.54,0.67
2024-09-12,09:15,September,Autumn,V-Shape,62,663.02,31.31,50.89,75.13,1.0,60.11,0.84,50.54,0.67
2024-09-12,09:30,September,Autumn,V-Shape,62,663.02,31.31,50.89,75.13,1.0,60.11,0.84,50.54,0.67
2024-09-12,09:45,September,Autumn,V-Shape,62,663.02,31.31,50.89,75.13,1.0,60.11,0.84,50.54,0.67
2024-09-12,10:00,September,Autumn,V-Shape,62,774.14,32.97,55.32,73.73,1.18,58.98,0.99,58.15,0.67
2024-09-12,10:15,September,Autumn,V-Shape,62,774.14,32.97,55.32,73.73,1.18,58.98,0.99,58.15,0.67
2024-09-12,10:30,September,Autumn,V-Shape,62,774.14,32.97,55.32,73.73,1.18,58.98,0.99,58.15,0.67
2024-09-12,10:45,September,Autumn,V-Shape,62,774.14,32.97,55.32,73.73,1.18,58.98,0.99,58.15,0.67
2024-09-12,11:00,September,Autumn,V-Shape,62,826.66,34.21,57.88,72.92,1.26,58.33,1.06,61.57,0.67
2024-09-12,11:15,September,Autumn,V-Shape,62,826.66,34.21,57.88,72.92,1.26,58.33,1.06,61.57,0.67
2024-09-12,11:30,September,Autumn,V-Shape,62,826.66,34.21,57.88,72.92,1.26,58.33,1.06,61.57,0.67
2024-09-12,11:45,September,Autumn,V-Shape,62,826.66,34.21,57.88,72.92,1.26,58.33,1.06,61.57,0.67
2024-09-12,12:00,September,Autumn,V-Shape,62,837.77,35.48,59.42,72.43,1.28,57.94,1.07,62.07,0.67
2024-09-12,12:15,September,Autumn,V-Shape,62,837.77,35.48,59.42,72.43,1.28,57.94,1.07,62.07,0.67
2024-09-12,12:30,September,Autumn,V-Shape,62,837.77,35.48,59.42,72.43,1.28,57.94,1.07,62.07,0.67
2024-09-12,12:45,September,Autumn,V-Shape,62,837.77,35.48,59.42,72.43,1.28,57.94,1.07,62.07,0.67
2024-09-12,13:00,September,Autumn,V-Shape,62,787.66,36.55,59.24,72.49,1.2,57.99,1.01,58.39,0.67
2024-09-12,13:15,September,Autumn,V-Shape,62,787.66,36.55,59.24,72.49,1.2,57.99,1.01,58.39,0.67
2024-09-12,13:30,September,Autumn,V-Shape,62,787.66,36.55,59.24,72.49,1.2,57.99,1.01,58.39,0.67
2024-09-12,13:45,September,Autumn,V-Shape,62,787.66,36.55,59.24,72.49,1.2,57.99,1.01,58.39,0.67
2024-09-12,14:00,September,Autumn,V-Shape,62,650.6,36.56,55.83,73.57,0.99,58.85,0.83,48.79,0.67
2024-09-12,14:15,September,Autumn,V-Shape,62,650.6,36.56,55.83,73.57,0.99,58.85,0.83,48.79,0.67
2024-09-12,14:30,September,Autumn,V-Shape,62,650.6,36.56,55.83,73.57,0.99,58.85,0.83,48.79,0.67
2024-09-12,14:45,September,Autumn,V-Shape,62,650.6,36.56,55.83,73.57,0.99,58.85,0.83,48.79,0.67
2024-09-12,15:00,September,Autumn,V-Shape,62,462.79,35.78,50.35,75.3,0.7,60.24,0.59,35.34,0.67
2024-09-12,15:15,September,Autumn,V-Shape,62,462.79,35.78,50.35,75.3,0.7,60.24,0.59,35.34,0.67
2024-09-12,15:30,September,Autumn,V-Shape,62,462.79,35.78,50.35,75.3,0.7,60.24,0.59,35.34,0.67
2024-09-12,15:45,September,Autumn,V-Shape,62,462.79,35.78,50.35,75.3,0.7,60.24,0.59,35.34,0.67
2024-09-12,16:00,September,Autumn,V-Shape,62,219.4,34.27,42.75,77.71,0.33,62.16,0.28,17.16,0.67
2024-09-12,16:15,September,Autumn,V-Shape,62,219.4,34.27,42.75,77.71,0.33,62.16,0.28,17.16,0.67
2024-09-12,16:30,September,Autumn,V-Shape,62,219.4,34.27,42.75,77.71,0.33,62.16,0.28,17.16,0.67
2024-09-12,16:45,September,Autumn,V-Shape,62,219.4,34.27,42.75,77.71,0.33,62.16,0.28,17.16,0.67
2024-09-12,17:00,September,Autumn,V-Shape,62,32.71,31.35,35.17,80.11,0.05,64.09,0.04,2.62,0.67
2024-09-12,17:15,September,Autumn,V-Shape,62,32.71,31.35,35.17,80.11,0.05,64.09,0.04,2.62,0.67
2024-09-12,17:30,September,Autumn,V-Shape,62,32.71,31.35,35.17,80.11,0.05,64.09,0.04,2.62,0.67
2024-09-12,17:45,September,Autumn,V-Shape,62,32.71,31.35,35.17,80.11,0.05,64.09,0.04,2.62,0.67
2024-09-13,06:00,September,Autumn,V-Shape,62,133.64,24.39,30.73,81.51,0.2,65.21,0.17,10.83,0.67
2024-09-13,06:15,September,Autumn,V-Shape,62,133.64,24.39,30.73,81.51,0.2,65.21,0.17,10.83,0.67
2024-09-13,06:30,September,Autumn,V-Shape,62,133.64,24.39,30.73,81.51,0.2,65.21,0.17,10.83,0.67
2024-09-13,06:45,September,Autumn,V-Shape,62,133.64,24.39,30.73,81.51,0.2,65.21,0.17,10.83,0.67
2024-09-13,07:00,September,Autumn,V-Shape,62,368.9,26.16,38.38,79.09,0.55,63.27,0.46,29.24,0.67
2024-09-13,07:15,September,Autumn,V-Shape,62,368.9,26.16,38.38,79.09,0.55,63.27,0.46,29.24,0.67
2024-09-13,07:30,September,Autumn,V-Shape,62,368.9,26.16,38.38,79.09,0.55,63.27,0.46,29.24,0.67
2024-09-13,07:45,September,Autumn,V-Shape,62,368.9,26.16,38.38,79.09,0.55,63.27,0.46,29.24,0.67
2024-09-13,08:00,September,Autumn,V-Shape,62,625.31,29.31,47.94,76.06,0.94,60.85,0.79,48.12,0.67
2024-09-13,08:15,September,Autumn,V-Shape,62,625.31,29.31,47.94,76.06,0.94,60.85,0.79,48.12,0.67
2024-09-13,08:30,September,Autumn,V-Shape,62,625.31,29.31,47.94,76.06,0.94,60.85,0.79,48.12,0.67
2024-09-13,08:45,September,Autumn,V-Shape,62,625.31,29.31,47.94,76.06,0.94,60.85,0.79,48.12,0.67
2024-09-13,09:00,September,Autumn,V-Shape,62,818.18,32.12,55.57,73.65,1.24,58.92,1.04,61.41,0.67
2024-09-13,09:15,September,Autumn,V-Shape,62,818.18,32.12,55.57,73.65,1.24,58.92,1.04,61.41,0.67
2024-09-13,09:30,September,Autumn,V-Shape,62,818.18,32.12,55.57,73.65,1.24,58.92,1.04,61.41,0.67
2024-09-13,09:45,September,Autumn,V-Shape,62,818.18,32.12,55.57,73.65,1.24,58.92,1.04,61.41,0.67
2024-09-13,10:00,September,Autumn,V-Shape,62,952.48,34.07,60.88,71.97,1.46,57.57,1.22,70.22,0.67
2024-09-13,10:15,September,Autumn,V-Shape,62,952.48,34.07,60.88,71.97,1.46,57.57,1.22,70.22,0.67
2024-09-13,10:30,September,Autumn,V-Shape,62,952.48,34.07,60.88,71.97,1.46,57.57,1.22,70.22,0.67
2024-09-13,10:45,September,Autumn,V-Shape,62,952.48,34.07,60.88,71.97,1.46,57.57,1.22,70.22,0.67
2024-09-13,11:00,September,Autumn,V-Shape,62,851.08,35.55,59.83,72.3,1.3,57.84,1.09,62.97,0.67
2024-09-13,11:15,September,Autumn,V-Shape,62,851.08,35.55,59.83,72.3,1.3,57.84,1.09,62.97,0.67
2024-09-13,11:30,September,Autumn,V-Shape,62,851.08,35.55,59.83,72.3,1.3,57.84,1.09,62.97,0.67
2024-09-13,11:45,September,Autumn,V-Shape,62,851.08,35.55,59.83,72.3,1.3,57.84,1.09,62.97,0.67
2024-09-13,12:00,September,Autumn,V-Shape,62,720.72,36.76,57.78,72.95,1.1,58.36,0.92,53.7,0.67
2024-09-13,12:15,September,Autumn,V-Shape,62,720.72,36.76,57.78,72.95,1.1,58.36,0.92,53.7,0.67
2024-09-13,12:30,September,Autumn,V-Shape,62,720.72,36.76,57.78,72.95,1.1,58.36,0.92,53.7,0.67
2024-09-13,12:45,September,Autumn,V-Shape,62,720.72,36.76,57.78,72.95,1.1,58.36,0.92,53.7,0.67
2024-09-13,13:00,September,Autumn,V-Shape,62,732.5,37.6,58.91,72.59,1.12,58.07,0.94,54.37,0.67
2024-09-13,13:15,September,Autumn,V-Shape,62,732.5,37.6,58.91,72.59,1.12,58.07,0.94,54.37,0.67
2024-09-13,13:30,September,Autumn,V-Shape,62,732.5,37.6,58.91,72.59,1.12,58.07,0.94,54.37,0.67
2024-09-13,13:45,September,Autumn,V-Shape,62,732.5,37.6,58.91,72.59,1.12,58.07,0.94,54.37,0.67
2024-09-13,14:00,September,Autumn,V-Shape,62,595.17,37.49,55.37,73.71,0.91,58.97,0.76,44.7,0.67
2024-09-13,14:15,September,Autumn,V-Shape,62,595.17,37.49,55.37,73.71,0.91,58.97,0.76,44.7,0.67
2024-09-13,14:30,September,Autumn,V-Shape,62,595.17,37.49,55.37,73.71,0.91,58.97,0.76,44.7,0.67
2024-09-13,14:45,September,Autumn,V-Shape,62,595.17,37.49,55.37,73.71,0.91,58.97,0.76,44.7,0.67
2024-09-13,15:00,September,Autumn,V-Shape,62,421.33,36.64,50.17,75.36,0.64,60.29,0.53,32.19,0.67
2024-09-13,15:15,September,Autumn,V-Shape,62,421.33,36.64,50.17,75.36,0.64,60.29,0.53,32.19,0.67
2024-09-13,15:30,September,Autumn,V-Shape,62,421.33,36.64,50.17,75.36,0.64,60.29,0.53,32.19,0.67
2024-09-13,15:45,September,Autumn,V-Shape,62,421.33,36.64,50.17,75.36,0.64,60.29,0.53,32.19,0.67
2024-09-13,16:00,September,Autumn,V-Shape,62,199.87,35.07,43.07,77.61,0.3,62.09,0.25,15.62,0.67
2024-09-13,16:15,September,Autumn,V-Shape,62,199.87,35.07,43.07,77.61,0.3,62.09,0.25,15.62,0.67
2024-09-13,16:30,September,Autumn,V-Shape,62,199.87,35.07,43.07,77.61,0.3,62.09,0.25,15.62,0.67
2024-09-13,16:45,September,Autumn,V-Shape,62,199.87,35.07,43.07,77.61,0.3,62.09,0.25,15.62,0.67
2024-09-13,17:00,September,Autumn,V-Shape,62,28.19,32.37,36.07,79.82,0.04,63.86,0.04,2.25,0.67
2024-09-13,17:15,September,Autumn,V-Shape,62,28.19,32.37,36.07,79.82,0.04,63.86,0.04,2.25,0.67
2024-09-13,17:30,September,Autumn,V-Shape,62,28.19,32.37,36.07,79.82,0.04,63.86,0.04,2.25,0.67
2024-09-13,17:45,September,Autumn,V-Shape,62,28.19,32.37,36.07,79.82,0.04,63.86,0.04,2.25,0.67
2024-09-14,06:00,September,Autumn,V-Shape,62,108.15,25.04,30.74,81.51,0.16,65.21,0.13,8.77,0.67
2024-09-14,06:15,September,Autumn,V-Shape,62,108.15,25.04,30.74,81.51,0.16,65.21,0.13,8.77,0.67
2024-09-14,06:30,September,Autumn,V-Shape,62,108.15,25.04,30.74,81.51,0.16,65.21,0.13,8.77,0.67
2024-09-14,06:45,September,Autumn,V-Shape,62,108.15,25.04,30.74,81.51,0.16,65.21,0.13,8.77,0.67
2024-09-14,07:00,September,Autumn,V-Shape,62,296.75,26.89,37.31,79.43,0.44,63.54,0.37,23.6,0.67
2024-09-14,07:15,September,Autumn,V-Shape,62,296.75,26.89,37.31,79.43,0.44,63.54,0.37,23.6,0.67
2024-09-14,07:30,September,Autumn,V-Shape,62,296.75,26.89,37.31,79.43,0.44,63.54,0.37,23.6,0.67
2024-09-14,07:45,September,Autumn,V-Shape,62,296.75,26.89,37.31,79.43,0.44,63.54,0.37,23.6,0.67
2024-09-14,08:00,September,Autumn,V-Shape,62,510.41,30.13,45.89,76.71,0.77,61.37,0.64,39.53,0.67
2024-09-14,08:15,September,Autumn,V-Shape,62,510.41,30.13,45.89,76.71,0.77,61.37,0.64,39.53,0.67
2024-09-14,08:30,September,Autumn,V-Shape,62,510.41,30.13,45.89,76.71,0.77,61.37,0.64,39.53,0.67
2024-09-14,08:45,September,Autumn,V-Shape,62,510.41,30.13,45.89,76.71,0.77,61.37,0.64,39.53,0.67
2024-09-14,09:00,September,Autumn,V-Shape,62,759.28,32.62,54.6,73.95,1.15,59.16,0.97,57.17,0.67
2024-09-14,09:15,September,Autumn,V-Shape,62,759.28,32.62,54.6,73.95,1.15,59.16,0.97,57.17,0.67
2024-09-14,09:30,September,Autumn,V-Shape,62,759.28,32.62,54.6,73.95,1.15,59.16,0.97,57.17,0.67
2024-09-14,09:45,September,Autumn,V-Shape,62,759.28,32.62,54.6,73.95,1.15,59.16,0.97,57.17,0.67
2024-09-14,10:00,September,Autumn,V-Shape,62,888.01,34.3,59.5,72.4,1.36,57.92,1.14,65.78,0.67
2024-09-14,10:15,September,Autumn,V-Shape,62,888.01,34.3,59.5,72.4,1.36,57.92,1.14,65.78,0.67
2024-09-14,10:30,September,Autumn,V-Shape,62,888.01,34.3,59.5,72.4,1.36,57.92,1.14,65.78,0.67
2024-09-14,10:45,September,Autumn,V-Shape,62,888.01,34.3,59.5,72.4,1.36,57.92,1.14,65.78,0.67
2024-09-14,11:00,September,Autumn,V-Shape,62,811.49,35.63,58.92,72.59,1.24,58.07,1.04,60.23,0.67
2024-09-14,11:15,September,Autumn,V-Shape,62,811.49,35.63,58.92,72.59,1.24,58.07,1.04,60.23,0.67
2024-09-14,11:30,September,Autumn,V-Shape,62,811.49,35.63,58.92,72.59,1.24,58.07,1.04,60.23,0.67
2024-09-14,11:45,September,Autumn,V-Shape,62,811.49,35.63,58.92,72.59,1.24,58.07,1.04,60.23,0.67
2024-09-14,12:00,September,Autumn,V-Shape,62,669.41,36.74,56.48,73.36,1.02,58.69,0.85,50.09,0.67
2024-09-14,12:15,September,Autumn,V-Shape,62,669.41,36.74,56.48,73.36,1.02,58.69,0.85,50.09,0.67
2024-09-14,12:30,September,Autumn,V-Shape,62,669.41,36.74,56.48,73.36,1.02,58.69,0.85,50.09,0.67
2024-09-14,12:45,September,Autumn,V-Shape,62,669.41,36.74,56.48,73.36,1.02,58.69,0.85,50.09,0.67
2024-09-14,13:00,September,Autumn,V-Shape,62,536.66,37.21,53.63,74.26,0.81,59.41,0.68,40.54,0.67
2024-09-14,13:15,September,Autumn,V-Shape,62,536.66,37.21,53.63,74.26,0.81,59.41,0.68,40.54,0.67
2024-09-14,13:30,September,Autumn,V-Shape,62,536.66,37.21,53.63,74.26,0.81,59.41,0.68,40.54,0.67
2024-09-14,13:45,September,Autumn,V-Shape,62,536.66,37.21,53.63,74.26,0.81,59.41,0.68,40.54,0.67
2024-09-14,14:00,September,Autumn,V-Shape,62,406.22,36.99,50.15,75.37,0.61,60.29,0.51,31.04,0.67
2024-09-14,14:15,September,Autumn,V-Shape,62,406.22,36.99,50.15,75.37,0.61,60.29,0.51,31.04,0.67
2024-09-14,14:30,September,Autumn,V-Shape,62,406.22,36.99,50.15,75.37,0.61,60.29,0.51,31.04,0.67
2024-09-14,14:45,September,Autumn,V-Shape,62,406.22,36.99,50.15,75.37,0.61,60.29,0.51,31.04,0.67
2024-09-14,15:00,September,Autumn,V-Shape,62,334.37,36.24,47.6,76.17,0.5,60.94,0.42,25.76,0.67
2024-09-14,15:15,September,Autumn,V-Shape,62,334.37,36.24,47.6,76.17,0.5,60.94,0.42,25.76,0.67
2024-09-14,15:30,September,Autumn,V-Shape,62,334.37,36.24,47.6,76.17,0.5,60.94,0.42,25.76,0.67
2024-09-14,15:45,September,Autumn,V-Shape,62,334.37,36.24,47.6,76.17,0.5,60.94,0.42,25.76,0.67
2024-09-14,16:00,September,Autumn,V-Shape,62,157.26,34.96,41.89,77.98,0.24,62.38,0.2,12.33,0.67
2024-09-14,16:15,September,Autumn,V-Shape,62,157.26,34.96,41.89,77.98,0.24,62.38,0.2,12.33,0.67
2024-09-14,16:30,September,Autumn,V-Shape,62,157.26,34.96,41.89,77.98,0.24,62.38,0.2,12.33,0.67
2024-09-14,16:45,September,Autumn,V-Shape,62,157.26,34.96,41.89,77.98,0.24,62.38,0.2,12.33,0.67
2024-09-14,17:00,September,Autumn,V-Shape,62,23.28,32.23,35.81,79.9,0.03,63.92,0.03,1.86,0.67
2024-09-14,17:15,September,Autumn,V-Shape,62,23.28,32.23,35.81,79.9,0.03,63.92,0.03,1.86,0.67
2024-09-14,17:30,September,Autumn,V-Shape,62,23.28,32.23,35.81,79.9,0.03,63.92,0.03,1.86,0.67
2024-09-14,17:45,September,Autumn,V-Shape,62,23.28,32.23,35.81,79.9,0.03,63.92,0.03,1.86,0.67
2024-09-15,06:00,September,Autumn,V-Shape,62,113.66,25.12,30.96,81.44,0.17,65.15,0.14,9.21,0.67
2024-09-15,06:15,September,Autumn,V-Shape,62,113.66,25.12,30.96,81.44,0.17,65.15,0.14,9.21,0.67
2024-09-15,06:30,September,Autumn,V-Shape,62,113.66,25.12,30.96,81.44,0.17,65.15,0.14,9.21,0.67
2024-09-15,06:45,September,Autumn,V-Shape,62,113.66,25.12,30.96,81.44,0.17,65.15,0.14,9.21,0.67
2024-09-15,07:00,September,Autumn,V-Shape,62,330.1,27.95,39.2,78.83,0.49,63.06,0.41,26.1,0.67
2024-09-15,07:15,September,Autumn,V-Shape,62,330.1,27.95,39.2,78.83,0.49,63.06,0.41,26.1,0.67
2024-09-15,07:30,September,Autumn,V-Shape,62,330.1,27.95,39.2,78.83,0.49,63.06,0.41,26.1,0.67
2024-09-15,07:45,September,Autumn,V-Shape,62,330.1,27.95,39.2,78.83,0.49,63.06,0.41,26.1,0.67
2024-09-15,08:00,September,Autumn,V-Shape,62,575.58,31.56,48.95,75.74,0.87,60.6,0.73,44.15,0.67
2024-09-15,08:15,September,Autumn,V-Shape,62,575.58,31.56,48.95,75.74,0.87,60.6,0.73,44.15,0.67
2024-09-15,08:30,September,Autumn,V-Shape,62,575.58,31.56,48.95,75.74,0.87,60.6,0.73,44.15,0.67
2024-09-15,08:45,September,Autumn,V-Shape,62,575.58,31.56,48.95,75.74,0.87,60.6,0.73,44.15,0.67
2024-09-15,09:00,September,Autumn,V-Shape,62,695.86,34.47,54.87,73.87,1.06,59.1,0.89,52.35,0.67
2024-09-15,09:15,September,Autumn,V-Shape,62,695.86,34.47,54.87,73.87,1.06,59.1,0.89,52.35,0.67
2024-09-15,09:30,September,Autumn,V-Shape,62,695.86,34.47,54.87,73.87,1.06,59.1,0.89,52.35,0.67
2024-09-15,09:45,September,Autumn,V-Shape,62,695.86,34.47,54.87,73.87,1.06,59.1,0.89,52.35,0.67
2024-09-15,10:00,September,Autumn,V-Shape,62,834.91,36.56,60.43,72.11,1.28,57.69,1.07,61.65,0.67
2024-09-15,10:15,September,Autumn,V-Shape,62,834.91,36.56,60.43,72.11,1.28,57.69,1.07,61.65,0.67
2024-09-15,10:30,September,Autumn,V-Shape,62,834.91,36.56,60.43,72.11,1.28,57.69,1.07,61.65,0.67
2024-09-15,10:45,September,Autumn,V-Shape,62,834.91,36.56,60.43,72.11,1.28,57.69,1.07,61.65,0.67
2024-09-15,11:00,September,Autumn,V-Shape,62,937.25,37.99,64.42,70.85,1.44,56.68,1.2,68.25,0.67
2024-09-15,11:15,September,Autumn,V-Shape,62,937.25,37.99,64.42,70.85,1.44,56.68,1.2,68.25,0.67
2024-09-15,11:30,September,Autumn,V-Shape,62,937.25,37.99,64.42,70.85,1.44,56.68,1.2,68.25,0.67
2024-09-15,11:45,September,Autumn,V-Shape,62,937.25,37.99,64.42,70.85,1.44,56.68,1.2,68.25,0.67
2024-09-15,12:00,September,Autumn,V-Shape,62,826.51,38.77,62.43,71.48,1.27,57.18,1.06,60.61,0.67
2024-09-15,12:15,September,Autumn,V-Shape,62,826.51,38.77,62.43,71.48,1.27,57.18,1.06,60.61,0.67
2024-09-15,12:30,September,Autumn,V-Shape,62,826.51,38.77,62.43,71.48,1.27,57.18,1.06,60.61,0.67
2024-09-15,12:45,September,Autumn,V-Shape,62,826.51,38.77,62.43,71.48,1.27,57.18,1.06,60.61,0.67
2024-09-15,13:00,September,Autumn,V-Shape,62,674.78,38.93,58.8,72.63,1.03,58.1,0.86,50.1,0.67
2024-09-15,13:15,September,Autumn,V-Shape,62,674.78,38.93,58.8,72.63,1.03,58.1,0.86,50.1,0.67
2024-09-15,13:30,September,Autumn,V-Shape,62,674.78,38.93,58.8,72.63,1.03,58.1,0.86,50.1,0.67
2024-09-15,13:45,September,Autumn,V-Shape,62,674.78,38.93,58.8,72.63,1.03,58.1,0.86,50.1,0.67
2024-09-15,14:00,September,Autumn,V-Shape,62,593.81,38.47,56.32,73.41,0.9,58.73,0.76,44.46,0.67
2024-09-15,14:15,September,Autumn,V-Shape,62,593.81,38.47,56.32,73.41,0.9,58.73,0.76,44.46,0.67
2024-09-15,14:30,September,Autumn,V-Shape,62,593.81,38.47,56.32,73.41,0.9,58.73,0.76,44.46,0.67
2024-09-15,14:45,September,Autumn,V-Shape,62,593.81,38.47,56.32,73.41,0.9,58.73,0.76,44.46,0.67
2024-09-15,15:00,September,Autumn,V-Shape,62,410.37,37.26,50.52,75.25,0.62,60.2,0.52,31.32,0.67
2024-09-15,15:15,September,Autumn,V-Shape,62,410.37,37.26,50.52,75.25,0.62,60.2,0.52,31.32,0.67
2024-09-15,15:30,September,Autumn,V-Shape,62,410.37,37.26,50.52,75.25,0.62,60.2,0.52,31.32,0.67
2024-09-15,15:45,September,Autumn,V-Shape,62,410.37,37.26,50.52,75.25,0.62,60.2,0.52,31.32,0.67
2024-09-15,16:00,September,Autumn,V-Shape,62,185.59,35.48,43.12,77.59,0.28,62.07,0.23,14.5,0.67
2024-09-15,16:15,September,Autumn,V-Shape,62,185.59,35.48,43.12,77.59,0.28,62.07,0.23,14.5,0.67
2024-09-15,16:30,September,Autumn,V-Shape,62,185.59,35.48,43.12,77.59,0.28,62.07,0.23,14.5,0.67
2024-09-15,16:45,September,Autumn,V-Shape,62,185.59,35.48,43.12,77.59,0.28,62.07,0.23,14.5,0.67
2024-09-15,17:00,September,Autumn,V-Shape,62,26.98,32.79,36.46,79.7,0.04,63.76,0.03,2.15,0.67
2024-09-15,17:15,September,Autumn,V-Shape,62,26.98,32.79,36.46,79.7,0.04,63.76,0.03,2.15,0.67
2024-09-15,17:30,September,Autumn,V-Shape,62,26.98,32.79,36.46,79.7,0.04,63.76,0.03,2.15,0.67
2024-09-15,17:45,September,Autumn,V-Shape,62,26.98,32.79,36.46,79.7,0.04,63.76,0.03,2.15,0.67
2024-09-16,06:00,September,Autumn,V-Shape,62,122.2,25.67,31.72,81.2,0.18,64.96,0.15,9.88,0.67
2024-09-16,06:15,September,Autumn,V-Shape,62,122.2,25.67,31.72,81.2,0.18,64.96,0.15,9.88,0.67
2024-09-16,06:30,September,Autumn,V-Shape,62,122.2,25.67,31.72,81.2,0.18,64.96,0.15,9.88,0.67
2024-09-16,06:45,September,Autumn,V-Shape,62,122.2,25.67,31.72,81.2,0.18,64.96,0.15,9.88,0.67
2024-09-16,07:00,September,Autumn,V-Shape,62,376.22,28.3,40.71,78.35,0.56,62.68,0.47,29.61,0.67
2024-09-16,07:15,September,Autumn,V-Shape,62,376.22,28.3,40.71,78.35,0.56,62.68,0.47,29.61,0.67
2024-09-16,07:30,September,Autumn,V-Shape,62,376.22,28.3,40.71,78.35,0.56,62.68,0.47,29.61,0.67
2024-09-16,07:45,September,Autumn,V-Shape,62,376.22,28.3,40.71,78.35,0.56,62.68,0.47,29.61,0.67
2024-09-16,08:00,September,Autumn,V-Shape,62,621.04,31.47,50.0,75.41,0.94,60.33,0.79,47.47,0.67
2024-09-16,08:15,September,Autumn,V-Shape,62,621.04,31.47,50.0,75.41,0.94,60.33,0.79,47.47,0.67
2024-09-16,08:30,September,Autumn,V-Shape,62,621.04,31.47,50.0,75.41,0.94,60.33,0.79,47.47,0.67
2024-09-16,08:45,September,Autumn,V-Shape,62,621.04,31.47,50.0,75.41,0.94,60.33,0.79,47.47,0.67
2024-09-16,09:00,September,Autumn,V-Shape,62,808.15,34.17,57.37,73.08,1.23,58.46,1.03,60.29,0.67
2024-09-16,09:15,September,Autumn,V-Shape,62,808.15,34.17,57.37,73.08,1.23,58.46,1.03,60.29,0.67
2024-09-16,09:30,September,Autumn,V-Shape,62,808.15,34.17,57.37,73.08,1.23,58.46,1.03,60.29,0.67
2024-09-16,09:45,September,Autumn,V-Shape,62,808.15,34.17,57.37,73.08,1.23,58.46,1.03,60.29,0.67
2024-09-16,10:00,September,Autumn,V-Shape,62,951.67,36.1,62.89,71.33,1.46,57.06,1.22,69.67,0.67
2024-09-16,10:15,September,Autumn,V-Shape,62,951.67,36.1,62.89,71.33,1.46,57.06,1.22,69.67,0.67
2024-09-16,10:30,September,Autumn,V-Shape,62,951.67,36.1,62.89,71.33,1.46,57.06,1.22,69.67,0.67
2024-09-16,10:45,September,Autumn,V-Shape,62,951.67,36.1,62.89,71.33,1.46,57.06,1.22,69.67,0.67
2024-09-16,11:00,September,Autumn,V-Shape,62,1015.25,37.43,65.81,70.41,1.56,56.32,1.31,73.57,0.67
2024-09-16,11:15,September,Autumn,V-Shape,62,1015.25,37.43,65.81,70.41,1.56,56.32,1.31,73.57,0.67
2024-09-16,11:30,September,Autumn,V-Shape,62,1015.25,37.43,65.81,70.41,1.56,56.32,1.31,73.57,0.67
2024-09-16,11:45,September,Autumn,V-Shape,62,1015.25,37.43,65.81,70.41,1.56,56.32,1.31,73.57,0.67
2024-09-16,12:00,September,Autumn,V-Shape,62,981.14,38.29,65.82,70.4,1.51,56.32,1.26,71.1,0.67
2024-09-16,12:15,September,Autumn,V-Shape,62,981.14,38.29,65.82,70.4,1.51,56.32,1.26,71.1,0.67
2024-09-16,12:30,September,Autumn,V-Shape,62,981.14,38.29,65.82,70.4,1.51,56.32,1.26,71.1,0.67
2024-09-16,12:45,September,Autumn,V-Shape,62,981.14,38.29,65.82,70.4,1.51,56.32,1.26,71.1,0.67
2024-09-16,13:00,September,Autumn,V-Shape,62,859.13,38.7,63.18,71.24,1.32,56.99,1.1,62.84,0.67
2024-09-16,13:15,September,Autumn,V-Shape,62,859.13,38.7,63.18,71.24,1.32,56.99,1.1,62.84,0.67
2024-09-16,13:30,September,Autumn,V-Shape,62,859.13,38.7,63.18,71.24,1.32,56.99,1.1,62.84,0.67
2024-09-16,13:45,September,Autumn,V-Shape,62,859.13,38.7,63.18,71.24,1.32,56.99,1.1,62.84,0.67
2024-09-16,14:00,September,Autumn,V-Shape,62,693.0,38.47,58.8,72.63,1.06,58.1,0.89,51.45,0.67
2024-09-16,14:15,September,Autumn,V-Shape,62,693.0,38.47,58.8,72.63,1.06,58.1,0.89,51.45,0.67
2024-09-16,14:30,September,Autumn,V-Shape,62,693.0,38.47,58.8,72.63,1.06,58.1,0.89,51.45,0.67
2024-09-16,14:45,September,Autumn,V-Shape,62,693.0,38.47,58.8,72.63,1.06,58.1,0.89,51.45,0.67
2024-09-16,15:00,September,Autumn,V-Shape,62,468.85,37.52,52.24,74.7,0.71,59.76,0.6,35.58,0.67
2024-09-16,15:15,September,Autumn,V-Shape,62,468.85,37.52,52.24,74.7,0.71,59.76,0.6,35.58,0.67
2024-09-16,15:30,September,Autumn,V-Shape,62,468.85,37.52,52.24,74.7,0.71,59.76,0.6,35.58,0.67
2024-09-16,15:45,September,Autumn,V-Shape,62,468.85,37.52,52.24,74.7,0.71,59.76,0.6,35.58,0.67
2024-09-16,16:00,September,Autumn,V-Shape,62,220.45,35.87,44.38,77.19,0.33,61.75,0.28,17.15,0.67
2024-09-16,16:15,September,Autumn,V-Shape,62,220.45,35.87,44.38,77.19,0.33,61.75,0.28,17.15,0.67
2024-09-16,16:30,September,Autumn,V-Shape,62,220.45,35.87,44.38,77.19,0.33,61.75,0.28,17.15,0.67
2024-09-16,16:45,September,Autumn,V-Shape,62,220.45,35.87,44.38,77.19,0.33,61.75,0.28,17.15,0.67
2024-09-16,17:00,September,Autumn,V-Shape,62,29.75,32.92,36.66,79.63,0.04,63.71,0.04,2.37,0.67
2024-09-16,17:15,September,Autumn,V-Shape,62,29.75,32.92,36.66,79.63,0.04,63.71,0.04,2.37,0.67
2024-09-16,17:30,September,Autumn,V-Shape,62,29.75,32.92,36.66,79.63,0.04,63.71,0.04,2.37,0.67
2024-09-16,17:45,September,Autumn,V-Shape,62,29.75,32.92,36.66,79.63,0.04,63.71,0.04,2.37,0.67
2024-09-17,06:00,September,Autumn,V-Shape,62,125.93,25.32,31.47,81.28,0.19,65.02,0.16,10.19,0.67
2024-09-17,06:15,September,Autumn,V-Shape,62,125.93,25.32,31.47,81.28,0.19,65.02,0.16,10.19,0.67
2024-09-17,06:30,September,Autumn,V-Shape,62,125.93,25.32,31.47,81.28,0.19,65.02,0.16,10.19,0.67
2024-09-17,06:45,September,Autumn,V-Shape,62,125.93,25.32,31.47,81.28,0.19,65.02,0.16,10.19,0.67
2024-09-17,07:00,September,Autumn,V-Shape,62,369.47,28.0,40.24,78.5,0.55,62.8,0.46,29.12,0.67
2024-09-17,07:15,September,Autumn,V-Shape,62,369.47,28.0,40.24,78.5,0.55,62.8,0.46,29.12,0.67
2024-09-17,07:30,September,Autumn,V-Shape,62,369.47,28.0,40.24,78.5,0.55,62.8,0.46,29.12,0.67
2024-09-17,07:45,September,Autumn,V-Shape,62,369.47,28.0,40.24,78.5,0.55,62.8,0.46,29.12,0.67
2024-09-17,08:00,September,Autumn,V-Shape,62,614.54,31.49,49.85,75.46,0.93,60.37,0.78,47.0,0.67
2024-09-17,08:15,September,Autumn,V-Shape,62,614.54,31.49,49.85,75.46,0.93,60.37,0.78,47.0,0.67
2024-09-17,08:30,September,Autumn,V-Shape,62,614.54,31.49,49.85,75.46,0.93,60.37,0.78,47.0,0.67
2024-09-17,08:45,September,Autumn,V-Shape,62,614.54,31.49,49.85,75.46,0.93,60.37,0.78,47.0,0.67
2024-09-17,09:00,September,Autumn,V-Shape,62,809.37,34.5,57.73,72.96,1.23,58.37,1.03,60.31,0.67
2024-09-17,09:15,September,Autumn,V-Shape,62,809.37,34.5,57.73,72.96,1.23,58.37,1.03,60.31,0.67
2024-09-17,09:30,September,Autumn,V-Shape,62,809.37,34.5,57.73,72.96,1.23,58.37,1.03,60.31,0.67
2024-09-17,09:45,September,Autumn,V-Shape,62,809.37,34.5,57.73,72.96,1.23,58.37,1.03,60.31,0.67
2024-09-17,10:00,September,Autumn,V-Shape,62,945.63,36.64,63.28,71.21,1.45,56.97,1.21,69.14,0.67
2024-09-17,10:15,September,Autumn,V-Shape,62,945.63,36.64,63.28,71.21,1.45,56.97,1.21,69.14,0.67
2024-09-17,10:30,September,Autumn,V-Shape,62,945.63,36.64,63.28,71.21,1.45,56.97,1.21,69.14,0.67
2024-09-17,10:45,September,Autumn,V-Shape,62,945.63,36.64,63.28,71.21,1.45,56.97,1.21,69.14,0.67
2024-09-17,11:00,September,Autumn,V-Shape,62,1017.27,38.1,66.53,70.18,1.56,56.14,1.31,73.53,0.67
2024-09-17,11:15,September,Autumn,V-Shape,62,1017.27,38.1,66.53,70.18,1.56,56.14,1.31,73.53,0.67
2024-09-17,11:30,September,Autumn,V-Shape,62,1017.27,38.1,66.53,70.18,1.56,56.14,1.31,73.53,0.67
2024-09-17,11:45,September,Autumn,V-Shape,62,1017.27,38.1,66.53,70.18,1.56,56.14,1.31,73.53,0.67
2024-09-17,12:00,September,Autumn,V-Shape,62,951.25,38.88,65.66,70.45,1.46,56.36,1.22,68.97,0.67
2024-09-17,12:15,September,Autumn,V-Shape,62,951.25,38.88,65.66,70.45,1.46,56.36,1.22,68.97,0.67
2024-09-17,12:30,September,Autumn,V-Shape,62,951.25,38.88,65.66,70.45,1.46,56.36,1.22,68.97,0.67
2024-09-17,12:45,September,Autumn,V-Shape,62,951.25,38.88,65.66,70.45,1.46,56.36,1.22,68.97,0.67
2024-09-17,13:00,September,Autumn,V-Shape,62,762.93,39.14,61.21,71.86,1.17,57.49,0.98,56.18,0.67
2024-09-17,13:15,September,Autumn,V-Shape,62,762.93,39.14,61.21,71.86,1.17,57.49,0.98,56.18,0.67
2024-09-17,13:30,September,Autumn,V-Shape,62,762.93,39.14,61.21,71.86,1.17,57.49,0.98,56.18,0.67
2024-09-17,13:45,September,Autumn,V-Shape,62,762.93,39.14,61.21,71.86,1.17,57.49,0.98,56.18,0.67
2024-09-17,14:00,September,Autumn,V-Shape,62,595.93,38.92,56.82,73.25,0.91,58.6,0.76,44.54,0.67
2024-09-17,14:15,September,Autumn,V-Shape,62,595.93,38.92,56.82,73.25,0.91,58.6,0.76,44.54,0.67
2024-09-17,14:30,September,Autumn,V-Shape,62,595.93,38.92,56.82,73.25,0.91,58.6,0.76,44.54,0.67
2024-09-17,14:45,September,Autumn,V-Shape,62,595.93,38.92,56.82,73.25,0.91,58.6,0.76,44.54,0.67
2024-09-17,15:00,September,Autumn,V-Shape,62,414.35,38.15,51.51,74.93,0.63,59.95,0.53,31.52,0.67
2024-09-17,15:15,September,Autumn,V-Shape,62,414.35,38.15,51.51,74.93,0.63,59.95,0.53,31.52,0.67
2024-09-17,15:30,September,Autumn,V-Shape,62,414.35,38.15,51.51,74.93,0.63,59.95,0.53,31.52,0.67
2024-09-17,15:45,September,Autumn,V-Shape,62,414.35,38.15,51.51,74.93,0.63,59.95,0.53,31.52,0.67
2024-09-17,16:00,September,Autumn,V-Shape,62,188.37,36.54,44.25,77.23,0.28,61.79,0.24,14.66,0.67
2024-09-17,16:15,September,Autumn,V-Shape,62,188.37,36.54,44.25,77.23,0.28,61.79,0.24,14.66,0.67
2024-09-17,16:30,September,Autumn,V-Shape,62,188.37,36.54,44.25,77.23,0.28,61.79,0.24,14.66,0.67
2024-09-17,16:45,September,Autumn,V-Shape,62,188.37,36.54,44.25,77.23,0.28,61.79,0.24,14.66,0.67
2024-09-17,17:00,September,Autumn,V-Shape,62,26.6,33.49,37.15,79.48,0.04,63.58,0.03,2.12,0.67
2024-09-17,17:15,September,Autumn,V-Shape,62,26.6,33.49,37.15,79.48,0.04,63.58,0.03,2.12,0.67
2024-09-17,17:30,September,Autumn,V-Shape,62,26.6,33.49,37.15,79.48,0.04,63.58,0.03,2.12,0.67
2024-09-17,17:45,September,Autumn,V-Shape,62,26.6,33.49,37.15,79.48,0.04,63.58,0.03,2.12,0.67
2024-09-18,06:00,September,Autumn,V-Shape,62,123.97,25.74,31.84,81.16,0.18,64.93,0.15,10.02,0.67
2024-09-18,06:15,September,Autumn,V-Shape,62,123.97,25.74,31.84,81.16,0.18,64.93,0.15,10.02,0.67
2024-09-18,06:30,September,Autumn,V-Shape,62,123.97,25.74,31.84,81.16,0.18,64.93,0.15,10.02,0.67
2024-09-18,06:45,September,Autumn,V-Shape,62,123.97,25.74,31.84,81.16,0.18,64.93,0.15,10.02,0.67
2024-09-18,07:00,September,Autumn,V-Shape,62,375.48,28.21,40.6,78.39,0.56,62.71,0.47,29.56,0.67
2024-09-18,07:15,September,Autumn,V-Shape,62,375.48,28.21,40.6,78.39,0.56,62.71,0.47,29.56,0.67
2024-09-18,07:30,September,Autumn,V-Shape,62,375.48,28.21,40.6,78.39,0.56,62.71,0.47,29.56,0.67
2024-09-18,07:45,September,Autumn,V-Shape,62,375.48,28.21,40.6,78.39,0.56,62.71,0.47,29.56,0.67
2024-09-18,08:00,September,Autumn,V-Shape,62,630.47,31.22,49.98,75.42,0.95,60.33,0.8,48.2,0.67
2024-09-18,08:15,September,Autumn,V-Shape,62,630.47,31.22,49.98,75.42,0.95,60.33,0.8,48.2,0.67
2024-09-18,08:30,September,Autumn,V-Shape,62,630.47,31.22,49.98,75.42,0.95,60.33,0.8,48.2,0.67
2024-09-18,08:45,September,Autumn,V-Shape,62,630.47,31.22,49.98,75.42,0.95,60.33,0.8,48.2,0.67
2024-09-18,09:00,September,Autumn,V-Shape,62,833.18,33.83,57.66,72.99,1.27,58.39,1.06,62.1,0.67
2024-09-18,09:15,September,Autumn,V-Shape,62,833.18,33.83,57.66,72.99,1.27,58.39,1.06,62.1,0.67
2024-09-18,09:30,September,Autumn,V-Shape,62,833.18,33.83,57.66,72.99,1.27,58.39,1.06,62.1,0.67
2024-09-18,09:45,September,Autumn,V-Shape,62,833.18,33.83,57.66,72.99,1.27,58.39,1.06,62.1,0.67
2024-09-18,10:00,September,Autumn,V-Shape,62,974.11,35.46,62.81,71.35,1.49,57.08,1.25,71.34,0.67
2024-09-18,10:15,September,Autumn,V-Shape,62,974.11,35.46,62.81,71.35,1.49,57.08,1.25,71.34,0.67
2024-09-18,10:30,September,Autumn,V-Shape,62,974.11,35.46,62.81,71.35,1.49,57.08,1.25,71.34,0.67
2024-09-18,10:45,September,Autumn,V-Shape,62,974.11,35.46,62.81,71.35,1.49,57.08,1.25,71.34,0.67
2024-09-18,11:00,September,Autumn,V-Shape,62,1050.61,36.35,65.62,70.47,1.61,56.37,1.35,76.19,0.67
2024-09-18,11:15,September,Autumn,V-Shape,62,1050.61,36.35,65.62,70.47,1.61,56.37,1.35,76.19,0.67
2024-09-18,11:30,September,Autumn,V-Shape,62,1050.61,36.35,65.62,70.47,1.61,56.37,1.35,76.19,0.67
2024-09-18,11:45,September,Autumn,V-Shape,62,1050.61,36.35,65.62,70.47,1.61,56.37,1.35,76.19,0.67
2024-09-18,12:00,September,Autumn,V-Shape,62,1011.64,36.72,65.01,70.66,1.55,56.53,1.3,73.52,0.67
2024-09-18,12:15,September,Autumn,V-Shape,62,1011.64,36.72,65.01,70.66,1.55,56.53,1.3,73.52,0.67
2024-09-18,12:30,September,Autumn,V-Shape,62,1011.64,36.72,65.01,70.66,1.55,56.53,1.3,73.52,0.67
2024-09-18,12:45,September,Autumn,V-Shape,62,1011.64,36.72,65.01,70.66,1.55,56.53,1.3,73.52,0.67
2024-09-18,13:00,September,Autumn,V-Shape,62,888.41,36.63,61.84,71.66,1.36,57.33,1.14,65.28,0.67
2024-09-18,13:15,September,Autumn,V-Shape,62,888.41,36.63,61.84,71.66,1.36,57.33,1.14,65.28,0.67
2024-09-18,13:30,September,Autumn,V-Shape,62,888.41,36.63,61.84,71.66,1.36,57.33,1.14,65.28,0.67
2024-09-18,13:45,September,Autumn,V-Shape,62,888.41,36.63,61.84,71.66,1.36,57.33,1.14,65.28,0.67
2024-09-18,14:00,September,Autumn,V-Shape,62,716.71,36.17,57.09,73.17,1.09,58.53,0.91,53.52,0.67
2024-09-18,14:15,September,Autumn,V-Shape,62,716.71,36.17,57.09,73.17,1.09,58.53,0.91,53.52,0.67
2024-09-18,14:30,September,Autumn,V-Shape,62,716.71,36.17,57.09,73.17,1.09,58.53,0.91,53.52,0.67
2024-09-18,14:45,September,Autumn,V-Shape,62,716.71,36.17,57.09,73.17,1.09,58.53,0.91,53.52,0.67
2024-09-18,15:00,September,Autumn,V-Shape,62,485.52,35.51,50.65,75.21,0.74,60.17,0.62,37.04,0.67
2024-09-18,15:15,September,Autumn,V-Shape,62,485.52,35.51,50.65,75.21,0.74,60.17,0.62,37.04,0.67
2024-09-18,15:30,September,Autumn,V-Shape,62,485.52,35.51,50.65,75.21,0.74,60.17,0.62,37.04,0.67
2024-09-18,15:45,September,Autumn,V-Shape,62,485.52,35.51,50.65,75.21,0.74,60.17,0.62,37.04,0.67
2024-09-18,16:00,September,Autumn,V-Shape,62,220.9,34.47,42.99,77.63,0.33,62.1,0.28,17.26,0.67
2024-09-18,16:15,September,Autumn,V-Shape,62,220.9,34.47,42.99,77.63,0.33,62.1,0.28,17.26,0.67
2024-09-18,16:30,September,Autumn,V-Shape,62,220.9,34.47,42.99,77.63,0.33,62.1,0.28,17.26,0.67
2024-09-18,16:45,September,Autumn,V-Shape,62,220.9,34.47,42.99,77.63,0.33,62.1,0.28,17.26,0.67
2024-09-18,17:00,September,Autumn,V-Shape,62,28.56,31.67,35.38,80.04,0.04,64.03,0.04,2.28,0.67
2024-09-18,17:15,September,Autumn,V-Shape,62,28.56,31.67,35.38,80.04,0.04,64.03,0.04,2.28,0.67
2024-09-18,17:30,September,Autumn,V-Shape,62,28.56,31.67,35.38,80.04,0.04,64.03,0.04,2.28,0.67
2024-09-18,17:45,September,Autumn,V-Shape,62,28.56,31.67,35.38,80.04,0.04,64.03,0.04,2.28,0.67
2024-09-19,06:00,September,Autumn,V-Shape,62,125.32,24.62,30.75,81.51,0.19,65.21,0.16,10.16,0.67
2024-09-19,06:15,September,Autumn,V-Shape,62,125.32,24.62,30.75,81.51,0.19,65.21,0.16,10.16,0.67
2024-09-19,06:30,September,Autumn,V-Shape,62,125.32,24.62,30.75,81.51,0.19,65.21,0.16,10.16,0.67
2024-09-19,06:45,September,Autumn,V-Shape,62,125.32,24.62,30.75,81.51,0.19,65.21,0.16,10.16,0.67
2024-09-19,07:00,September,Autumn,V-Shape,62,373.78,27.68,40.02,78.57,0.56,62.86,0.47,29.48,0.67
2024-09-19,07:15,September,Autumn,V-Shape,62,373.78,27.68,40.02,78.57,0.56,62.86,0.47,29.48,0.67
2024-09-19,07:30,September,Autumn,V-Shape,62,373.78,27.68,40.02,78.57,0.56,62.86,0.47,29.48,0.67
2024-09-19,07:45,September,Autumn,V-Shape,62,373.78,27.68,40.02,78.57,0.56,62.86,0.47,29.48,0.67
2024-09-19,08:00,September,Autumn,V-Shape,62,621.47,31.46,50.0,75.41,0.94,60.33,0.79,47.51,0.67
2024-09-19,08:15,September,Autumn,V-Shape,62,621.47,31.46,50.0,75.41,0.94,60.33,0.79,47.51,0.67
2024-09-19,08:30,September,Autumn,V-Shape,62,621.47,31.46,50.0,75.41,0.94,60.33,0.79,47.51,0.67
2024-09-19,08:45,September,Autumn,V-Shape,62,621.47,31.46,50.0,75.41,0.94,60.33,0.79,47.51,0.67
2024-09-19,09:00,September,Autumn,V-Shape,62,796.85,34.24,57.16,73.14,1.21,58.52,1.02,59.49,0.67
2024-09-19,09:15,September,Autumn,V-Shape,62,796.85,34.24,57.16,73.14,1.21,58.52,1.02,59.49,0.67
2024-09-19,09:30,September,Autumn,V-Shape,62,796.85,34.24,57.16,73.14,1.21,58.52,1.02,59.49,0.67
2024-09-19,09:45,September,Autumn,V-Shape,62,796.85,34.24,57.16,73.14,1.21,58.52,1.02,59.49,0.67
2024-09-19,10:00,September,Autumn,V-Shape,62,931.56,36.03,62.32,71.51,1.43,57.21,1.19,68.34,0.67
2024-09-19,10:15,September,Autumn,V-Shape,62,931.56,36.03,62.32,71.51,1.43,57.21,1.19,68.34,0.67
2024-09-19,10:30,September,Autumn,V-Shape,62,931.56,36.03,62.32,71.51,1.43,57.21,1.19,68.34,0.67
2024-09-19,10:45,September,Autumn,V-Shape,62,931.56,36.03,62.32,71.51,1.43,57.21,1.19,68.34,0.67
2024-09-19,11:00,September,Autumn,V-Shape,62,980.02,36.87,64.37,70.86,1.5,56.69,1.26,71.38,0.67
2024-09-19,11:15,September,Autumn,V-Shape,62,980.02,36.87,64.37,70.86,1.5,56.69,1.26,71.38,0.67
2024-09-19,11:30,September,Autumn,V-Shape,62,980.02,36.87,64.37,70.86,1.5,56.69,1.26,71.38,0.67
2024-09-19,11:45,September,Autumn,V-Shape,62,980.02,36.87,64.37,70.86,1.5,56.69,1.26,71.38,0.67
2024-09-19,12:00,September,Autumn,V-Shape,62,969.85,37.22,64.47,70.83,1.49,56.66,1.25,70.62,0.67
2024-09-19,12:15,September,Autumn,V-Shape,62,969.85,37.22,64.47,70.83,1.49,56.66,1.25,70.62,0.67
2024-09-19,12:30,September,Autumn,V-Shape,62,969.85,37.22,64.47,70.83,1.49,56.66,1.25,70.62,0.67
2024-09-19,12:45,September,Autumn,V-Shape,62,969.85,37.22,64.47,70.83,1.49,56.66,1.25,70.62,0.67
2024-09-19,13:00,September,Autumn,V-Shape,62,807.4,37.31,60.49,72.09,1.23,57.67,1.03,59.6,0.67
2024-09-19,13:15,September,Autumn,V-Shape,62,807.4,37.31,60.49,72.09,1.23,57.67,1.03,59.6,0.67
2024-09-19,13:30,September,Autumn,V-Shape,62,807.4,37.31,60.49,72.09,1.23,57.67,1.03,59.6,0.67
2024-09-19,13:45,September,Autumn,V-Shape,62,807.4,37.31,60.49,72.09,1.23,57.67,1.03,59.6,0.67
2024-09-19,14:00,September,Autumn,V-Shape,62,623.49,37.02,55.61,73.64,0.95,58.91,0.79,46.79,0.67
2024-09-19,14:15,September,Autumn,V-Shape,62,623.49,37.02,55.61,73.64,0.95,58.91,0.79,46.79,0.67
2024-09-19,14:30,September,Autumn,V-Shape,62,623.49,37.02,55.61,73.64,0.95,58.91,0.79,46.79,0.67
2024-09-19,14:45,September,Autumn,V-Shape,62,623.49,37.02,55.61,73.64,0.95,58.91,0.79,46.79,0.67
2024-09-19,15:00,September,Autumn,V-Shape,62,372.93,36.09,48.41,75.91,0.56,60.73,0.47,28.65,0.67
2024-09-19,15:15,September,Autumn,V-Shape,62,372.93,36.09,48.41,75.91,0.56,60.73,0.47,28.65,0.67
2024-09-19,15:30,September,Autumn,V-Shape,62,372.93,36.09,48.41,75.91,0.56,60.73,0.47,28.65,0.67
2024-09-19,15:45,September,Autumn,V-Shape,62,372.93,36.09,48.41,75.91,0.56,60.73,0.47,28.65,0.67
2024-09-19,16:00,September,Autumn,V-Shape,62,174.49,34.74,42.1,77.91,0.26,62.33,0.22,13.67,0.67
2024-09-19,16:15,September,Autumn,V-Shape,62,174.49,34.74,42.1,77.91,0.26,62.33,0.22,13.67,0.67
2024-09-19,16:30,September,Autumn,V-Shape,62,174.49,34.74,42.1,77.91,0.26,62.33,0.22,13.67,0.67
2024-09-19,16:45,September,Autumn,V-Shape,62,174.49,34.74,42.1,77.91,0.26,62.33,0.22,13.67,0.67
2024-09-19,17:00,September,Autumn,V-Shape,62,22.68,32.28,35.85,79.89,0.03,63.91,0.03,1.81,0.67
2024-09-19,17:15,September,Autumn,V-Shape,62,22.68,32.28,35.85,79.89,0.03,63.91,0.03,1.81,0.67
2024-09-19,17:30,September,Autumn,V-Shape,62,22.68,32.28,35.85,79.89,0.03,63.91,0.03,1.81,0.67
2024-09-19,17:45,September,Autumn,V-Shape,62,22.68,32.28,35.85,79.89,0.03,63.91,0.03,1.81,0.67
2024-09-20,06:00,September,Autumn,V-Shape,62,126.16,24.33,30.48,81.59,0.19,65.27,0.16,10.24,0.67
2024-09-20,06:15,September,Autumn,V-Shape,62,126.16,24.33,30.48,81.59,0.19,65.27,0.16,10.24,0.67
2024-09-20,06:30,September,Autumn,V-Shape,62,126.16,24.33,30.48,81.59,0.19,65.27,0.16,10.24,0.67
2024-09-20,06:45,September,Autumn,V-Shape,62,126.16,24.33,30.48,81.59,0.19,65.27,0.16,10.24,0.67
2024-09-20,07:00,September,Autumn,V-Shape,62,366.69,26.49,38.66,79.0,0.55,63.2,0.46,29.04,0.67
2024-09-20,07:15,September,Autumn,V-Shape,62,366.69,26.49,38.66,79.0,0.55,63.2,0.46,29.04,0.67
2024-09-20,07:30,September,Autumn,V-Shape,62,366.69,26.49,38.66,79.0,0.55,63.2,0.46,29.04,0.67
2024-09-20,07:45,September,Autumn,V-Shape,62,366.69,26.49,38.66,79.0,0.55,63.2,0.46,29.04,0.67
2024-09-20,08:00,September,Autumn,V-Shape,62,618.14,30.44,48.89,75.76,0.93,60.61,0.78,47.42,0.67
2024-09-20,08:15,September,Autumn,V-Shape,62,618.14,30.44,48.89,75.76,0.93,60.61,0.78,47.42,0.67
2024-09-20,08:30,September,Autumn,V-Shape,62,618.14,30.44,48.89,75.76,0.93,60.61,0.78,47.42,0.67
2024-09-20,08:45,September,Autumn,V-Shape,62,618.14,30.44,48.89,75.76,0.93,60.61,0.78,47.42,0.67
2024-09-20,09:00,September,Autumn,V-Shape,62,801.55,33.4,56.44,73.37,1.22,58.7,1.02,59.99,0.67
2024-09-20,09:15,September,Autumn,V-Shape,62,801.55,33.4,56.44,73.37,1.22,58.7,1.02,59.99,0.67
2024-09-20,09:30,September,Autumn,V-Shape,62,801.55,33.4,56.44,73.37,1.22,58.7,1.02,59.99,0.67
2024-09-20,09:45,September,Autumn,V-Shape,62,801.55,33.4,56.44,73.37,1.22,58.7,1.02,59.99,0.67
2024-09-20,10:00,September,Autumn,V-Shape,62,944.37,35.37,61.98,71.62,1.45,57.29,1.21,69.36,0.67
2024-09-20,10:15,September,Autumn,V-Shape,62,944.37,35.37,61.98,71.62,1.45,57.29,1.21,69.36,0.67
2024-09-20,10:30,September,Autumn,V-Shape,62,944.37,35.37,61.98,71.62,1.45,57.29,1.21,69.36,0.67
2024-09-20,10:45,September,Autumn,V-Shape,62,944.37,35.37,61.98,71.62,1.45,57.29,1.21,69.36,0.67
2024-09-20,11:00,September,Autumn,V-Shape,62,923.82,36.67,62.77,71.37,1.42,57.1,1.19,67.66,0.67
2024-09-20,11:15,September,Autumn,V-Shape,62,923.82,36.67,62.77,71.37,1.42,57.1,1.19,67.66,0.67
2024-09-20,11:30,September,Autumn,V-Shape,62,923.82,36.67,62.77,71.37,1.42,57.1,1.19,67.66,0.67
2024-09-20,11:45,September,Autumn,V-Shape,62,923.82,36.67,62.77,71.37,1.42,57.1,1.19,67.66,0.67
2024-09-20,12:00,September,Autumn,V-Shape,62,767.68,37.34,59.53,72.39,1.17,57.91,0.98,56.86,0.67
2024-09-20,12:15,September,Autumn,V-Shape,62,767.68,37.34,59.53,72.39,1.17,57.91,0.98,56.86,0.67
2024-09-20,12:30,September,Autumn,V-Shape,62,767.68,37.34,59.53,72.39,1.17,57.91,0.98,56.86,0.67
2024-09-20,12:45,September,Autumn,V-Shape,62,767.68,37.34,59.53,72.39,1.17,57.91,0.98,56.86,0.67
2024-09-20,13:00,September,Autumn,V-Shape,62,701.98,37.76,58.31,72.78,1.07,58.22,0.9,52.21,0.67
2024-09-20,13:15,September,Autumn,V-Shape,62,701.98,37.76,58.31,72.78,1.07,58.22,0.9,52.21,0.67
2024-09-20,13:30,September,Autumn,V-Shape,62,701.98,37.76,58.31,72.78,1.07,58.22,0.9,52.21,0.67
2024-09-20,13:45,September,Autumn,V-Shape,62,701.98,37.76,58.31,72.78,1.07,58.22,0.9,52.21,0.67
2024-09-20,14:00,September,Autumn,V-Shape,62,605.8,37.75,55.89,73.55,0.92,58.84,0.77,45.42,0.67
2024-09-20,14:15,September,Autumn,V-Shape,62,605.8,37.75,55.89,73.55,0.92,58.84,0.77,45.42,0.67
2024-09-20,14:30,September,Autumn,V-Shape,62,605.8,37.75,55.89,73.55,0.92,58.84,0.77,45.42,0.67
2024-09-20,14:45,September,Autumn,V-Shape,62,605.8,37.75,55.89,73.55,0.92,58.84,0.77,45.42,0.67
2024-09-20,15:00,September,Autumn,V-Shape,62,403.09,36.93,50.01,75.41,0.61,60.33,0.51,30.81,0.67
2024-09-20,15:15,September,Autumn,V-Shape,62,403.09,36.93,50.01,75.41,0.61,60.33,0.51,30.81,0.67
2024-09-20,15:30,September,Autumn,V-Shape,62,403.09,36.93,50.01,75.41,0.61,60.33,0.51,30.81,0.67
2024-09-20,15:45,September,Autumn,V-Shape,62,403.09,36.93,50.01,75.41,0.61,60.33,0.51,30.81,0.67
2024-09-20,16:00,September,Autumn,V-Shape,62,187.35,35.38,43.06,77.61,0.28,62.09,0.24,14.64,0.67
2024-09-20,16:15,September,Autumn,V-Shape,62,187.35,35.38,43.06,77.61,0.28,62.09,0.24,14.64,0.67
2024-09-20,16:30,September,Autumn,V-Shape,62,187.35,35.38,43.06,77.61,0.28,62.09,0.24,14.64,0.67
2024-09-20,16:45,September,Autumn,V-Shape,62,187.35,35.38,43.06,77.61,0.28,62.09,0.24,14.64,0.67
2024-09-20,17:00,September,Autumn,V-Shape,62,25.28,32.79,36.42,79.71,0.04,63.77,0.03,2.02,0.67
2024-09-20,17:15,September,Autumn,V-Shape,62,25.28,32.79,36.42,79.71,0.04,63.77,0.03,2.02,0.67
2024-09-20,17:30,September,Autumn,V-Shape,62,25.28,32.79,36.42,79.71,0.04,63.77,0.03,2.02,0.67
2024-09-20,17:45,September,Autumn,V-Shape,62,25.28,32.79,36.42,79.71,0.04,63.77,0.03,2.02,0.67
2024-09-21,06:00,September,Autumn,V-Shape,62,119.54,26.05,32.04,81.1,0.18,64.88,0.15,9.65,0.67
2024-09-21,06:15,September,Autumn,V-Shape,62,119.54,26.05,32.04,81.1,0.18,64.88,0.15,9.65,0.67
2024-09-21,06:30,September,Autumn,V-Shape,62,119.54,26.05,32.04,81.1,0.18,64.88,0.15,9.65,0.67
2024-09-21,06:45,September,Autumn,V-Shape,62,119.54,26.05,32.04,81.1,0.18,64.88,0.15,9.65,0.67
2024-09-21,07:00,September,Autumn,V-Shape,62,356.89,28.56,40.48,78.43,0.53,62.74,0.45,28.11,0.67
2024-09-21,07:15,September,Autumn,V-Shape,62,356.89,28.56,40.48,78.43,0.53,62.74,0.45,28.11,0.67
2024-09-21,07:30,September,Autumn,V-Shape,62,356.89,28.56,40.48,78.43,0.53,62.74,0.45,28.11,0.67
2024-09-21,07:45,September,Autumn,V-Shape,62,356.89,28.56,40.48,78.43,0.53,62.74,0.45,28.11,0.67
2024-09-21,08:00,September,Autumn,V-Shape,62,607.87,31.33,49.53,75.56,0.92,60.45,0.77,46.54,0.67
2024-09-21,08:15,September,Autumn,V-Shape,62,607.87,31.33,49.53,75.56,0.92,60.45,0.77,46.54,0.67
2024-09-21,08:30,September,Autumn,V-Shape,62,607.87,31.33,49.53,75.56,0.92,60.45,0.77,46.54,0.67
2024-09-21,08:45,September,Autumn,V-Shape,62,607.87,31.33,49.53,75.56,0.92,60.45,0.77,46.54,0.67
2024-09-21,09:00,September,Autumn,V-Shape,62,812.67,33.58,56.9,73.23,1.24,58.58,1.04,60.73,0.67
2024-09-21,09:15,September,Autumn,V-Shape,62,812.67,33.58,56.9,73.23,1.24,58.58,1.04,60.73,0.67
2024-09-21,09:30,September,Autumn,V-Shape,62,812.67,33.58,56.9,73.23,1.24,58.58,1.04,60.73,0.67
2024-09-21,09:45,September,Autumn,V-Shape,62,812.67,33.58,56.9,73.23,1.24,58.58,1.04,60.73,0.67
2024-09-21,10:00,September,Autumn,V-Shape,62,971.02,35.21,62.49,71.46,1.49,57.17,1.25,71.19,0.67
2024-09-21,10:15,September,Autumn,V-Shape,62,971.02,35.21,62.49,71.46,1.49,57.17,1.25,71.19,0.67
2024-09-21,10:30,September,Autumn,V-Shape,62,971.02,35.21,62.49,71.46,1.49,57.17,1.25,71.19,0.67
2024-09-21,10:45,September,Autumn,V-Shape,62,971.02,35.21,62.49,71.46,1.49,57.17,1.25,71.19,0.67
2024-09-21,11:00,September,Autumn,V-Shape,62,1040.13,36.1,65.1,70.63,1.6,56.5,1.34,75.56,0.67
2024-09-21,11:15,September,Autumn,V-Shape,62,1040.13,36.1,65.1,70.63,1.6,56.5,1.34,75.56,0.67
2024-09-21,11:30,September,Autumn,V-Shape,62,1040.13,36.1,65.1,70.63,1.6,56.5,1.34,75.56,0.67
2024-09-21,11:45,September,Autumn,V-Shape,62,1040.13,36.1,65.1,70.63,1.6,56.5,1.34,75.56,0.67
2024-09-21,12:00,September,Autumn,V-Shape,62,981.8,36.54,64.09,70.95,1.51,56.76,1.26,71.58,0.67
2024-09-21,12:15,September,Autumn,V-Shape,62,981.8,36.54,64.09,70.95,1.51,56.76,1.26,71.58,0.67
2024-09-21,12:30,September,Autumn,V-Shape,62,981.8,36.54,64.09,70.95,1.51,56.76,1.26,71.58,0.67
2024-09-21,12:45,September,Autumn,V-Shape,62,981.8,36.54,64.09,70.95,1.51,56.76,1.26,71.58,0.67
2024-09-21,13:00,September,Autumn,V-Shape,62,841.58,36.54,60.58,72.06,1.29,57.65,1.08,62.11,0.67
2024-09-21,13:15,September,Autumn,V-Shape,62,841.58,36.54,60.58,72.06,1.29,57.65,1.08,62.11,0.67
2024-09-21,13:30,September,Autumn,V-Shape,62,841.58,36.54,60.58,72.06,1.29,57.65,1.08,62.11,0.67
2024-09-21,13:45,September,Autumn,V-Shape,62,841.58,36.54,60.58,72.06,1.29,57.65,1.08,62.11,0.67
2024-09-21,14:00,September,Autumn,V-Shape,62,655.07,36.19,55.57,73.65,1.0,58.92,0.83,49.17,0.67
2024-09-21,14:15,September,Autumn,V-Shape,62,655.07,36.19,55.57,73.65,1.0,58.92,0.83,49.17,0.67
2024-09-21,14:30,September,Autumn,V-Shape,62,655.07,36.19,55.57,73.65,1.0,58.92,0.83,49.17,0.67
2024-09-21,14:45,September,Autumn,V-Shape,62,655.07,36.19,55.57,73.65,1.0,58.92,0.83,49.17,0.67
2024-09-21,15:00,September,Autumn,V-Shape,62,439.22,35.54,49.52,75.56,0.66,60.45,0.56,33.63,0.67
2024-09-21,15:15,September,Autumn,V-Shape,62,439.22,35.54,49.52,75.56,0.66,60.45,0.56,33.63,0.67
2024-09-21,15:30,September,Autumn,V-Shape,62,439.22,35.54,49.52,75.56,0.66,60.45,0.56,33.63,0.67
2024-09-21,15:45,September,Autumn,V-Shape,62,439.22,35.54,49.52,75.56,0.66,60.45,0.56,33.63,0.67
2024-09-21,16:00,September,Autumn,V-Shape,62,197.64,34.28,42.22,77.88,0.3,62.3,0.25,15.48,0.67
2024-09-21,16:15,September,Autumn,V-Shape,62,197.64,34.28,42.22,77.88,0.3,62.3,0.25,15.48,0.67
2024-09-21,16:30,September,Autumn,V-Shape,62,197.64,34.28,42.22,77.88,0.3,62.3,0.25,15.48,0.67
2024-09-21,16:45,September,Autumn,V-Shape,62,197.64,34.28,42.22,77.88,0.3,62.3,0.25,15.48,0.67
2024-09-21,17:00,September,Autumn,V-Shape,62,24.7,31.83,35.45,80.02,0.04,64.02,0.03,1.97,0.67
2024-09-21,17:15,September,Autumn,V-Shape,62,24.7,31.83,35.45,80.02,0.04,64.02,0.03,1.97,0.67
2024-09-21,17:30,September,Autumn,V-Shape,62,24.7,31.83,35.45,80.02,0.04,64.02,0.03,1.97,0.67
2024-09-21,17:45,September,Autumn,V-Shape,62,24.7,31.83,35.45,80.02,0.04,64.02,0.03,1.97,0.67
2024-09-22,06:00,September,Autumn,V-Shape,62,110.72,24.8,30.57,81.56,0.16,65.25,0.14,8.98,0.67
2024-09-22,06:15,September,Autumn,V-Shape,62,110.72,24.8,30.57,81.56,0.16,65.25,0.14,8.98,0.67
2024-09-22,06:30,September,Autumn,V-Shape,62,110.72,24.8,30.57,81.56,0.16,65.25,0.14,8.98,0.67
2024-09-22,06:45,September,Autumn,V-Shape,62,110.72,24.8,30.57,81.56,0.16,65.25,0.14,8.98,0.67
2024-09-22,07:00,September,Autumn,V-Shape,62,319.36,27.61,38.59,79.02,0.48,63.22,0.4,25.3,0.67
2024-09-22,07:15,September,Autumn,V-Shape,62,319.36,27.61,38.59,79.02,0.48,63.22,0.4,25.3,0.67
2024-09-22,07:30,September,Autumn,V-Shape,62,319.36,27.61,38.59,79.02,0.48,63.22,0.4,25.3,0.67
2024-09-22,07:45,September,Autumn,V-Shape,62,319.36,27.61,38.59,79.02,0.48,63.22,0.4,25.3,0.67
2024-09-22,08:00,September,Autumn,V-Shape,62,533.66,31.52,47.86,76.09,0.81,60.87,0.67,41.07,0.67
2024-09-22,08:15,September,Autumn,V-Shape,62,533.66,31.52,47.86,76.09,0.81,60.87,0.67,41.07,0.67
2024-09-22,08:30,September,Autumn,V-Shape,62,533.66,31.52,47.86,76.09,0.81,60.87,0.67,41.07,0.67
2024-09-22,08:45,September,Autumn,V-Shape,62,533.66,31.52,47.86,76.09,0.81,60.87,0.67,41.07,0.67
2024-09-22,09:00,September,Autumn,V-Shape,62,723.89,34.29,55.39,73.71,1.1,58.96,0.92,54.37,0.67
2024-09-22,09:15,September,Autumn,V-Shape,62,723.89,34.29,55.39,73.71,1.1,58.96,0.92,54.37,0.67
2024-09-22,09:30,September,Autumn,V-Shape,62,723.89,34.29,55.39,73.71,1.1,58.96,0.92,54.37,0.67
2024-09-22,09:45,September,Autumn,V-Shape,62,723.89,34.29,55.39,73.71,1.1,58.96,0.92,54.37,0.67
2024-09-22,10:00,September,Autumn,V-Shape,62,896.23,36.2,61.61,71.74,1.37,57.39,1.15,65.91,0.67
2024-09-22,10:15,September,Autumn,V-Shape,62,896.23,36.2,61.61,71.74,1.37,57.39,1.15,65.91,0.67
2024-09-22,10:30,September,Autumn,V-Shape,62,896.23,36.2,61.61,71.74,1.37,57.39,1.15,65.91,0.67
2024-09-22,10:45,September,Autumn,V-Shape,62,896.23,36.2,61.61,71.74,1.37,57.39,1.15,65.91,0.67
2024-09-22,11:00,September,Autumn,V-Shape,62,894.63,37.5,62.87,71.34,1.37,57.07,1.15,65.5,0.67
2024-09-22,11:15,September,Autumn,V-Shape,62,894.63,37.5,62.87,71.34,1.37,57.07,1.15,65.5,0.67
2024-09-22,11:30,September,Autumn,V-Shape,62,894.63,37.5,62.87,71.34,1.37,57.07,1.15,65.5,0.67
2024-09-22,11:45,September,Autumn,V-Shape,62,894.63,37.5,62.87,71.34,1.37,57.07,1.15,65.5,0.67
2024-09-22,12:00,September,Autumn,V-Shape,62,853.21,38.16,62.49,71.46,1.31,57.17,1.09,62.55,0.67
2024-09-22,12:15,September,Autumn,V-Shape,62,853.21,38.16,62.49,71.46,1.31,57.17,1.09,62.55,0.67
2024-09-22,12:30,September,Autumn,V-Shape,62,853.21,38.16,62.49,71.46,1.31,57.17,1.09,62.55,0.67
2024-09-22,12:45,September,Autumn,V-Shape,62,853.21,38.16,62.49,71.46,1.31,57.17,1.09,62.55,0.67
2024-09-22,13:00,September,Autumn,V-Shape,62,702.4,38.22,58.78,72.63,1.07,58.11,0.9,52.16,0.67
2024-09-22,13:15,September,Autumn,V-Shape,62,702.4,38.22,58.78,72.63,1.07,58.11,0.9,52.16,0.67
2024-09-22,13:30,September,Autumn,V-Shape,62,702.4,38.22,58.78,72.63,1.07,58.11,0.9,52.16,0.67
2024-09-22,13:45,September,Autumn,V-Shape,62,702.4,38.22,58.78,72.63,1.07,58.11,0.9,52.16,0.67
2024-09-22,14:00,September,Autumn,V-Shape,62,600.65,37.58,55.6,73.64,0.91,58.91,0.77,45.08,0.67
2024-09-22,14:15,September,Autumn,V-Shape,62,600.65,37.58,55.6,73.64,0.91,58.91,0.77,45.08,0.67
2024-09-22,14:30,September,Autumn,V-Shape,62,600.65,37.58,55.6,73.64,0.91,58.91,0.77,45.08,0.67
2024-09-22,14:45,September,Autumn,V-Shape,62,600.65,37.58,55.6,73.64,0.91,58.91,0.77,45.08,0.67
2024-09-22,15:00,September,Autumn,V-Shape,62,382.6,36.38,48.94,75.75,0.58,60.6,0.48,29.35,0.67
2024-09-22,15:15,September,Autumn,V-Shape,62,382.6,36.38,48.94,75.75,0.58,60.6,0.48,29.35,0.67
2024-09-22,15:30,September,Autumn,V-Shape,62,382.6,36.38,48.94,75.75,0.58,60.6,0.48,29.35,0.67
2024-09-22,15:45,September,Autumn,V-Shape,62,382.6,36.38,48.94,75.75,0.58,60.6,0.48,29.35,0.67
2024-09-22,16:00,September,Autumn,V-Shape,62,185.12,34.81,42.44,77.81,0.28,62.25,0.23,14.49,0.67
2024-09-22,16:15,September,Autumn,V-Shape,62,185.12,34.81,42.44,77.81,0.28,62.25,0.23,14.49,0.67
2024-09-22,16:30,September,Autumn,V-Shape,62,185.12,34.81,42.44,77.81,0.28,62.25,0.23,14.49,0.67
2024-09-22,16:45,September,Autumn,V-Shape,62,185.12,34.81,42.44,77.81,0.28,62.25,0.23,14.49,0.67
2024-09-22,17:00,September,Autumn,V-Shape,62,22.52,32.31,35.87,79.89,0.03,63.91,0.03,1.8,0.67
2024-09-22,17:15,September,Autumn,V-Shape,62,22.52,32.31,35.87,79.89,0.03,63.91,0.03,1.8,0.67
2024-09-22,17:30,September,Autumn,V-Shape,62,22.52,32.31,35.87,79.89,0.03,63.91,0.03,1.8,0.67
2024-09-22,17:45,September,Autumn,V-Shape,62,22.52,32.31,35.87,79.89,0.03,63.91,0.03,1.8,0.67
2024-09-23,06:00,September,Autumn,V-Shape,62,91.61,25.79,31.08,81.4,0.14,65.12,0.11,7.42,0.67
2024-09-23,06:15,September,Autumn,V-Shape,62,91.61,25.79,31.08,81.4,0.14,65.12,0.11,7.42,0.67
2024-09-23,06:30,September,Autumn,V-Shape,62,91.61,25.79,31.08,81.4,0.14,65.12,0.11,7.42,0.67
2024-09-23,06:45,September,Autumn,V-Shape,62,91.61,25.79,31.08,81.4,0.14,65.12,0.11,7.42,0.67
2024-09-23,07:00,September,Autumn,V-Shape,62,265.46,28.52,38.16,79.16,0.4,63.33,0.33,21.06,0.67
2024-09-23,07:15,September,Autumn,V-Shape,62,265.46,28.52,38.16,79.16,0.4,63.33,0.33,21.06,0.67
2024-09-23,07:30,September,Autumn,V-Shape,62,265.46,28.52,38.16,79.16,0.4,63.33,0.33,21.06,0.67
2024-09-23,07:45,September,Autumn,V-Shape,62,265.46,28.52,38.16,79.16,0.4,63.33,0.33,21.06,0.67
2024-09-23,08:00,September,Autumn,V-Shape,62,477.62,31.52,46.46,76.53,0.72,61.23,0.6,36.92,0.67
2024-09-23,08:15,September,Autumn,V-Shape,62,477.62,31.52,46.46,76.53,0.72,61.23,0.6,36.92,0.67
2024-09-23,08:30,September,Autumn,V-Shape,62,477.62,31.52,46.46,76.53,0.72,61.23,0.6,36.92,0.67
2024-09-23,08:45,September,Autumn,V-Shape,62,477.62,31.52,46.46,76.53,0.72,61.23,0.6,36.92,0.67
2024-09-23,09:00,September,Autumn,V-Shape,62,633.62,34.06,52.9,74.49,0.96,59.59,0.81,47.98,0.67
2024-09-23,09:15,September,Autumn,V-Shape,62,633.62,34.06,52.9,74.49,0.96,59.59,0.81,47.98,0.67
2024-09-23,09:30,September,Autumn,V-Shape,62,633.62,34.06,52.9,74.49,0.96,59.59,0.81,47.98,0.67
2024-09-23,09:45,September,Autumn,V-Shape,62,633.62,34.06,52.9,74.49,0.96,59.59,0.81,47.98,0.67
2024-09-23,10:00,September,Autumn,V-Shape,62,759.23,35.95,57.93,72.9,1.16,58.32,0.97,56.54,0.67
2024-09-23,10:15,September,Autumn,V-Shape,62,759.23,35.95,57.93,72.9,1.16,58.32,0.97,56.54,0.67
2024-09-23,10:30,September,Autumn,V-Shape,62,759.23,35.95,57.93,72.9,1.16,58.32,0.97,56.54,0.67
2024-09-23,10:45,September,Autumn,V-Shape,62,759.23,35.95,57.93,72.9,1.16,58.32,0.97,56.54,0.67
2024-09-23,11:00,September,Autumn,V-Shape,62,715.47,37.3,58.19,72.82,1.09,58.26,0.91,53.23,0.67
2024-09-23,11:15,September,Autumn,V-Shape,62,715.47,37.3,58.19,72.82,1.09,58.26,0.91,53.23,0.67
2024-09-23,11:30,September,Autumn,V-Shape,62,715.47,37.3,58.19,72.82,1.09,58.26,0.91,53.23,0.67
2024-09-23,11:45,September,Autumn,V-Shape,62,715.47,37.3,58.19,72.82,1.09,58.26,0.91,53.23,0.67
2024-09-23,12:00,September,Autumn,V-Shape,62,690.2,38.15,58.4,72.75,1.05,58.2,0.88,51.31,0.67
2024-09-23,12:15,September,Autumn,V-Shape,62,690.2,38.15,58.4,72.75,1.05,58.2,0.88,51.31,0.67
2024-09-23,12:30,September,Autumn,V-Shape,62,690.2,38.15,58.4,72.75,1.05,58.2,0.88,51.31,0.67
2024-09-23,12:45,September,Autumn,V-Shape,62,690.2,38.15,58.4,72.75,1.05,58.2,0.88,51.31,0.67
2024-09-23,13:00,September,Autumn,V-Shape,62,559.23,38.43,55.41,73.7,0.85,58.96,0.71,42.0,0.67
2024-09-23,13:15,September,Autumn,V-Shape,62,559.23,38.43,55.41,73.7,0.85,58.96,0.71,42.0,0.67
2024-09-23,13:30,September,Autumn,V-Shape,62,559.23,38.43,55.41,73.7,0.85,58.96,0.71,42.0,0.67
2024-09-23,13:45,September,Autumn,V-Shape,62,559.23,38.43,55.41,73.7,0.85,58.96,0.71,42.0,0.67
2024-09-23,14:00,September,Autumn,V-Shape,62,412.55,37.93,51.24,75.02,0.62,60.01,0.52,31.41,0.67
2024-09-23,14:15,September,Autumn,V-Shape,62,412.55,37.93,51.24,75.02,0.62,60.01,0.52,31.41,0.67
2024-09-23,14:30,September,Autumn,V-Shape,62,412.55,37.93,51.24,75.02,0.62,60.01,0.52,31.41,0.67
2024-09-23,14:45,September,Autumn,V-Shape,62,412.55,37.93,51.24,75.02,0.62,60.01,0.52,31.41,0.67
2024-09-23,15:00,September,Autumn,V-Shape,62,220.57,36.83,45.34,76.89,0.33,61.51,0.28,17.11,0.67
2024-09-23,15:15,September,Autumn,V-Shape,62,220.57,36.83,45.34,76.89,0.33,61.51,0.28,17.11,0.67
2024-09-23,15:30,September,Autumn,V-Shape,62,220.57,36.83,45.34,76.89,0.33,61.51,0.28,17.11,0.67
2024-09-23,15:45,September,Autumn,V-Shape,62,220.57,36.83,45.34,76.89,0.33,61.51,0.28,17.11,0.67
2024-09-23,16:00,September,Autumn,V-Shape,62,103.48,35.34,40.93,78.28,0.16,62.63,0.13,8.14,0.67
2024-09-23,16:15,September,Autumn,V-Shape,62,103.48,35.34,40.93,78.28,0.16,62.63,0.13,8.14,0.67
2024-09-23,16:30,September,Autumn,V-Shape,62,103.48,35.34,40.93,78.28,0.16,62.63,0.13,8.14,0.67
2024-09-23,16:45,September,Autumn,V-Shape,62,103.48,35.34,40.93,78.28,0.16,62.63,0.13,8.14,0.67
2024-09-23,17:00,September,Autumn,V-Shape,62,12.58,32.81,36.12,79.81,0.02,63.84,0.02,1.0,0.67
2024-09-23,17:15,September,Autumn,V-Shape,62,12.58,32.81,36.12,79.81,0.02,63.84,0.02,1.0,0.67
2024-09-23,17:30,September,Autumn,V-Shape,62,12.58,32.81,36.12,79.81,0.02,63.84,0.02,1.0,0.67
2024-09-23,17:45,September,Autumn,V-Shape,62,12.58,32.81,36.12,79.81,0.02,63.84,0.02,1.0,0.67
2024-09-24,06:00,September,Autumn,V-Shape,62,99.15,26.04,31.52,81.26,0.15,65.01,0.12,8.02,0.67
2024-09-24,06:15,September,Autumn,V-Shape,62,99.15,26.04,31.52,81.26,0.15,65.01,0.12,8.02,0.67
2024-09-24,06:30,September,Autumn,V-Shape,62,99.15,26.04,31.52,81.26,0.15,65.01,0.12,8.02,0.67
2024-09-24,06:45,September,Autumn,V-Shape,62,99.15,26.04,31.52,81.26,0.15,65.01,0.12,8.02,0.67
2024-09-24,07:00,September,Autumn,V-Shape,62,284.76,27.73,37.85,79.26,0.43,63.41,0.36,22.61,0.67
2024-09-24,07:15,September,Autumn,V-Shape,62,284.76,27.73,37.85,79.26,0.43,63.41,0.36,22.61,0.67
2024-09-24,07:30,September,Autumn,V-Shape,62,284.76,27.73,37.85,79.26,0.43,63.41,0.36,22.61,0.67
2024-09-24,07:45,September,Autumn,V-Shape,62,284.76,27.73,37.85,79.26,0.43,63.41,0.36,22.61,0.67
2024-09-24,08:00,September,Autumn,V-Shape,62,491.03,29.93,45.21,76.93,0.74,61.54,0.62,38.11,0.67
2024-09-24,08:15,September,Autumn,V-Shape,62,491.03,29.93,45.21,76.93,0.74,61.54,0.62,38.11,0.67
2024-09-24,08:30,September,Autumn,V-Shape,62,491.03,29.93,45.21,76.93,0.74,61.54,0.62,38.11,0.67
2024-09-24,08:45,September,Autumn,V-Shape,62,491.03,29.93,45.21,76.93,0.74,61.54,0.62,38.11,0.67
2024-09-24,09:00,September,Autumn,V-Shape,62,632.66,32.38,51.2,75.03,0.96,60.03,0.8,48.17,0.67
2024-09-24,09:15,September,Autumn,V-Shape,62,632.66,32.38,51.2,75.03,0.96,60.03,0.8,48.17,0.67
2024-09-24,09:30,September,Autumn,V-Shape,62,632.66,32.38,51.2,75.03,0.96,60.03,0.8,48.17,0.67
2024-09-24,09:45,September,Autumn,V-Shape,62,632.66,32.38,51.2,75.03,0.96,60.03,0.8,48.17,0.67
2024-09-24,10:00,September,Autumn,V-Shape,62,671.18,34.69,54.47,74.0,1.02,59.2,0.85,50.56,0.67
2024-09-24,10:15,September,Autumn,V-Shape,62,671.18,34.69,54.47,74.0,1.02,59.2,0.85,50.56,0.67
2024-09-24,10:30,September,Autumn,V-Shape,62,671.18,34.69,54.47,74.0,1.02,59.2,0.85,50.56,0.67
2024-09-24,10:45,September,Autumn,V-Shape,62,671.18,34.69,54.47,74.0,1.02,59.2,0.85,50.56,0.67
2024-09-24,11:00,September,Autumn,V-Shape,62,677.99,36.39,56.34,73.4,1.03,58.72,0.86,50.76,0.67
2024-09-24,11:15,September,Autumn,V-Shape,62,677.99,36.39,56.34,73.4,1.03,58.72,0.86,50.76,0.67
2024-09-24,11:30,September,Autumn,V-Shape,62,677.99,36.39,56.34,73.4,1.03,58.72,0.86,50.76,0.67
2024-09-24,11:45,September,Autumn,V-Shape,62,677.99,36.39,56.34,73.4,1.03,58.72,0.86,50.76,0.67
2024-09-24,12:00,September,Autumn,V-Shape,62,847.77,37.49,61.68,71.71,1.3,57.37,1.09,62.33,0.67
2024-09-24,12:15,September,Autumn,V-Shape,62,847.77,37.49,61.68,71.71,1.3,57.37,1.09,62.33,0.67
2024-09-24,12:30,September,Autumn,V-Shape,62,847.77,37.49,61.68,71.71,1.3,57.37,1.09,62.33,0.67
2024-09-24,12:45,September,Autumn,V-Shape,62,847.77,37.49,61.68,71.71,1.3,57.37,1.09,62.33,0.67
2024-09-24,13:00,September,Autumn,V-Shape,62,622.3,37.91,56.47,73.36,0.95,58.69,0.79,46.57,0.67
2024-09-24,13:15,September,Autumn,V-Shape,62,622.3,37.91,56.47,73.36,0.95,58.69,0.79,46.57,0.67
2024-09-24,13:30,September,Autumn,V-Shape,62,622.3,37.91,56.47,73.36,0.95,58.69,0.79,46.57,0.67
2024-09-24,13:45,September,Autumn,V-Shape,62,622.3,37.91,56.47,73.36,0.95,58.69,0.79,46.57,0.67
2024-09-24,14:00,September,Autumn,V-Shape,62,486.88,37.62,52.79,74.53,0.74,59.62,0.62,36.88,0.67
2024-09-24,14:15,September,Autumn,V-Shape,62,486.88,37.62,52.79,74.53,0.74,59.62,0.62,36.88,0.67
2024-09-24,14:30,September,Autumn,V-Shape,62,486.88,37.62,52.79,74.53,0.74,59.62,0.62,36.88,0.67
2024-09-24,14:45,September,Autumn,V-Shape,62,486.88,37.62,52.79,74.53,0.74,59.62,0.62,36.88,0.67
2024-09-24,15:00,September,Autumn,V-Shape,62,347.15,36.67,48.35,75.93,0.52,60.75,0.44,26.68,0.67
2024-09-24,15:15,September,Autumn,V-Shape,62,347.15,36.67,48.35,75.93,0.52,60.75,0.44,26.68,0.67
2024-09-24,15:30,September,Autumn,V-Shape,62,347.15,36.67,48.35,75.93,0.52,60.75,0.44,26.68,0.67
2024-09-24,15:45,September,Autumn,V-Shape,62,347.15,36.67,48.35,75.93,0.52,60.75,0.44,26.68,0.67
2024-09-24,16:00,September,Autumn,V-Shape,62,153.02,34.99,41.82,78.0,0.23,62.4,0.19,12.0,0.67
2024-09-24,16:15,September,Autumn,V-Shape,62,153.02,34.99,41.82,78.0,0.23,62.4,0.19,12.0,0.67
2024-09-24,16:30,September,Autumn,V-Shape,62,153.02,34.99,41.82,78.0,0.23,62.4,0.19,12.0,0.67
2024-09-24,16:45,September,Autumn,V-Shape,62,153.02,34.99,41.82,78.0,0.23,62.4,0.19,12.0,0.67
2024-09-24,17:00,September,Autumn,V-Shape,62,20.6,32.24,35.76,79.92,0.03,63.94,0.03,1.65,0.67
2024-09-24,17:15,September,Autumn,V-Shape,62,20.6,32.24,35.76,79.92,0.03,63.94,0.03,1.65,0.67
2024-09-24,17:30,September,Autumn,V-Shape,62,20.6,32.24,35.76,79.92,0.03,63.94,0.03,1.65,0.67
2024-09-24,17:45,September,Autumn,V-Shape,62,20.6,32.24,35.76,79.92,0.03,63.94,0.03,1.65,0.67
2024-09-25,06:00,September,Autumn,V-Shape,62,123.95,25.8,31.9,81.14,0.18,64.91,0.15,10.02,0.67
2024-09-25,06:15,September,Autumn,V-Shape,62,123.95,25.8,31.9,81.14,0.18,64.91,0.15,10.02,0.67
2024-09-25,06:30,September,Autumn,V-Shape,62,123.95,25.8,31.9,81.14,0.18,64.91,0.15,10.02,0.67
2024-09-25,06:45,September,Autumn,V-Shape,62,123.95,25.8,31.9,81.14,0.18,64.91,0.15,10.02,0.67
2024-09-25,07:00,September,Autumn,V-Shape,62,363.62,28.5,40.59,78.39,0.55,62.71,0.46,28.63,0.67
2024-09-25,07:15,September,Autumn,V-Shape,62,363.62,28.5,40.59,78.39,0.55,62.71,0.46,28.63,0.67
2024-09-25,07:30,September,Autumn,V-Shape,62,363.62,28.5,40.59,78.39,0.55,62.71,0.46,28.63,0.67
2024-09-25,07:45,September,Autumn,V-Shape,62,363.62,28.5,40.59,78.39,0.55,62.71,0.46,28.63,0.67
2024-09-25,08:00,September,Autumn,V-Shape,62,608.08,31.54,49.74,75.49,0.92,60.39,0.77,46.52,0.67
2024-09-25,08:15,September,Autumn,V-Shape,62,608.08,31.54,49.74,75.49,0.92,60.39,0.77,46.52,0.67
2024-09-25,08:30,September,Autumn,V-Shape,62,608.08,31.54,49.74,75.49,0.92,60.39,0.77,46.52,0.67
2024-09-25,08:45,September,Autumn,V-Shape,62,608.08,31.54,49.74,75.49,0.92,60.39,0.77,46.52,0.67
2024-09-25,09:00,September,Autumn,V-Shape,62,750.01,34.31,56.06,73.49,1.14,58.79,0.96,56.2,0.67
2024-09-25,09:15,September,Autumn,V-Shape,62,750.01,34.31,56.06,73.49,1.14,58.79,0.96,56.2,0.67
2024-09-25,09:30,September,Autumn,V-Shape,62,750.01,34.31,56.06,73.49,1.14,58.79,0.96,56.2,0.67
2024-09-25,09:45,September,Autumn,V-Shape,62,750.01,34.31,56.06,73.49,1.14,58.79,0.96,56.2,0.67
2024-09-25,10:00,September,Autumn,V-Shape,62,788.6,36.47,59.19,72.5,1.2,58.0,1.01,58.48,0.67
2024-09-25,10:15,September,Autumn,V-Shape,62,788.6,36.47,59.19,72.5,1.2,58.0,1.01,58.48,0.67
2024-09-25,10:30,September,Autumn,V-Shape,62,788.6,36.47,59.19,72.5,1.2,58.0,1.01,58.48,0.67
2024-09-25,10:45,September,Autumn,V-Shape,62,788.6,36.47,59.19,72.5,1.2,58.0,1.01,58.48,0.67
2024-09-25,11:00,September,Autumn,V-Shape,62,756.03,38.03,59.93,72.27,1.15,57.81,0.97,55.92,0.67
2024-09-25,11:15,September,Autumn,V-Shape,62,756.03,38.03,59.93,72.27,1.15,57.81,0.97,55.92,0.67
2024-09-25,11:30,September,Autumn,V-Shape,62,756.03,38.03,59.93,72.27,1.15,57.81,0.97,55.92,0.67
2024-09-25,11:45,September,Autumn,V-Shape,62,756.03,38.03,59.93,72.27,1.15,57.81,0.97,55.92,0.67
2024-09-25,12:00,September,Autumn,V-Shape,62,741.2,38.93,60.46,72.1,1.13,57.68,0.95,54.72,0.67
2024-09-25,12:15,September,Autumn,V-Shape,62,741.2,38.93,60.46,72.1,1.13,57.68,0.95,54.72,0.67
2024-09-25,12:30,September,Autumn,V-Shape,62,741.2,38.93,60.46,72.1,1.13,57.68,0.95,54.72,0.67
2024-09-25,12:45,September,Autumn,V-Shape,62,741.2,38.93,60.46,72.1,1.13,57.68,0.95,54.72,0.67
2024-09-25,13:00,September,Autumn,V-Shape,62,617.14,39.16,57.59,73.01,0.94,58.41,0.79,46.01,0.67
2024-09-25,13:15,September,Autumn,V-Shape,62,617.14,39.16,57.59,73.01,0.94,58.41,0.79,46.01,0.67
2024-09-25,13:30,September,Autumn,V-Shape,62,617.14,39.16,57.59,73.01,0.94,58.41,0.79,46.01,0.67
2024-09-25,13:45,September,Autumn,V-Shape,62,617.14,39.16,57.59,73.01,0.94,58.41,0.79,46.01,0.67
2024-09-25,14:00,September,Autumn,V-Shape,62,479.85,38.62,53.62,74.27,0.73,59.41,0.61,36.25,0.67
2024-09-25,14:15,September,Autumn,V-Shape,62,479.85,38.62,53.62,74.27,0.73,59.41,0.61,36.25,0.67
2024-09-25,14:30,September,Autumn,V-Shape,62,479.85,38.62,53.62,74.27,0.73,59.41,0.61,36.25,0.67
2024-09-25,14:45,September,Autumn,V-Shape,62,479.85,38.62,53.62,74.27,0.73,59.41,0.61,36.25,0.67
2024-09-25,15:00,September,Autumn,V-Shape,62,309.49,37.41,48.15,76.0,0.47,60.8,0.39,23.8,0.67
2024-09-25,15:15,September,Autumn,V-Shape,62,309.49,37.41,48.15,76.0,0.47,60.8,0.39,23.8,0.67
2024-09-25,15:30,September,Autumn,V-Shape,62,309.49,37.41,48.15,76.0,0.47,60.8,0.39,23.8,0.67
2024-09-25,15:45,September,Autumn,V-Shape,62,309.49,37.41,48.15,76.0,0.47,60.8,0.39,23.8,0.67
2024-09-25,16:00,September,Autumn,V-Shape,62,147.24,35.5,42.18,77.89,0.22,62.31,0.19,11.54,0.67
2024-09-25,16:15,September,Autumn,V-Shape,62,147.24,35.5,42.18,77.89,0.22,62.31,0.19,11.54,0.67
2024-09-25,16:30,September,Autumn,V-Shape,62,147.24,35.5,42.18,77.89,0.22,62.31,0.19,11.54,0.67
2024-09-25,16:45,September,Autumn,V-Shape,62,147.24,35.5,42.18,77.89,0.22,62.31,0.19,11.54,0.67
2024-09-25,17:00,September,Autumn,V-Shape,62,16.96,32.93,36.35,79.73,0.03,63.79,0.02,1.35,0.67
2024-09-25,17:15,September,Autumn,V-Shape,62,16.96,32.93,36.35,79.73,0.03,63.79,0.02,1.35,0.67
2024-09-25,17:30,September,Autumn,V-Shape,62,16.96,32.93,36.35,79.73,0.03,63.79,0.02,1.35,0.67
2024-09-25,17:45,September,Autumn,V-Shape,62,16.96,32.93,36.35,79.73,0.03,63.79,0.02,1.35,0.67
2024-09-26,06:00,September,Autumn,V-Shape,62,104.02,26.12,31.72,81.2,0.15,64.96,0.13,8.41,0.67
2024-09-26,06:15,September,Autumn,V-Shape,62,104.02,26.12,31.72,81.2,0.15,64.96,0.13,8.41,0.67
2024-09-26,06:30,September,Autumn,V-Shape,62,104.02,26.12,31.72,81.2,0.15,64.96,0.13,8.41,0.67
2024-09-26,06:45,September,Autumn,V-Shape,62,104.02,26.12,31.72,81.2,0.15,64.96,0.13,8.41,0.67
2024-09-26,07:00,September,Autumn,V-Shape,62,303.29,28.16,38.74,78.98,0.45,63.18,0.38,24.01,0.67
2024-09-26,07:15,September,Autumn,V-Shape,62,303.29,28.16,38.74,78.98,0.45,63.18,0.38,24.01,0.67
2024-09-26,07:30,September,Autumn,V-Shape,62,303.29,28.16,38.74,78.98,0.45,63.18,0.38,24.01,0.67
2024-09-26,07:45,September,Autumn,V-Shape,62,303.29,28.16,38.74,78.98,0.45,63.18,0.38,24.01,0.67
2024-09-26,08:00,September,Autumn,V-Shape,62,519.91,30.72,46.72,76.45,0.78,61.16,0.66,40.16,0.67
2024-09-26,08:15,September,Autumn,V-Shape,62,519.91,30.72,46.72,76.45,0.78,61.16,0.66,40.16,0.67
2024-09-26,08:30,September,Autumn,V-Shape,62,519.91,30.72,46.72,76.45,0.78,61.16,0.66,40.16,0.67
2024-09-26,08:45,September,Autumn,V-Shape,62,519.91,30.72,46.72,76.45,0.78,61.16,0.66,40.16,0.67
2024-09-26,09:00,September,Autumn,V-Shape,62,723.03,33.42,54.5,73.99,1.1,59.19,0.92,54.46,0.67
2024-09-26,09:15,September,Autumn,V-Shape,62,723.03,33.42,54.5,73.99,1.1,59.19,0.92,54.46,0.67
2024-09-26,09:30,September,Autumn,V-Shape,62,723.03,33.42,54.5,73.99,1.1,59.19,0.92,54.46,0.67
2024-09-26,09:45,September,Autumn,V-Shape,62,723.03,33.42,54.5,73.99,1.1,59.19,0.92,54.46,0.67
2024-09-26,10:00,September,Autumn,V-Shape,62,767.18,35.69,57.87,72.92,1.17,58.34,0.98,57.14,0.67
2024-09-26,10:15,September,Autumn,V-Shape,62,767.18,35.69,57.87,72.92,1.17,58.34,0.98,57.14,0.67
2024-09-26,10:30,September,Autumn,V-Shape,62,767.18,35.69,57.87,72.92,1.17,58.34,0.98,57.14,0.67
2024-09-26,10:45,September,Autumn,V-Shape,62,767.18,35.69,57.87,72.92,1.17,58.34,0.98,57.14,0.67
2024-09-26,11:00,September,Autumn,V-Shape,62,754.43,37.39,59.25,72.48,1.15,57.99,0.96,55.93,0.67
2024-09-26,11:15,September,Autumn,V-Shape,62,754.43,37.39,59.25,72.48,1.15,57.99,0.96,55.93,0.67
2024-09-26,11:30,September,Autumn,V-Shape,62,754.43,37.39,59.25,72.48,1.15,57.99,0.96,55.93,0.67
2024-09-26,11:45,September,Autumn,V-Shape,62,754.43,37.39,59.25,72.48,1.15,57.99,0.96,55.93,0.67
2024-09-26,12:00,September,Autumn,V-Shape,62,722.66,38.47,59.54,72.39,1.1,57.91,0.92,53.52,0.67
2024-09-26,12:15,September,Autumn,V-Shape,62,722.66,38.47,59.54,72.39,1.1,57.91,0.92,53.52,0.67
2024-09-26,12:30,September,Autumn,V-Shape,62,722.66,38.47,59.54,72.39,1.1,57.91,0.92,53.52,0.67
2024-09-26,12:45,September,Autumn,V-Shape,62,722.66,38.47,59.54,72.39,1.1,57.91,0.92,53.52,0.67
2024-09-26,13:00,September,Autumn,V-Shape,62,629.3,38.99,57.72,72.97,0.96,58.37,0.8,46.89,0.67
2024-09-26,13:15,September,Autumn,V-Shape,62,629.3,38.99,57.72,72.97,0.96,58.37,0.8,46.89,0.67
2024-09-26,13:30,September,Autumn,V-Shape,62,629.3,38.99,57.72,72.97,0.96,58.37,0.8,46.89,0.67
2024-09-26,13:45,September,Autumn,V-Shape,62,629.3,38.99,57.72,72.97,0.96,58.37,0.8,46.89,0.67
2024-09-26,14:00,September,Autumn,V-Shape,62,480.62,38.83,53.85,74.19,0.73,59.36,0.61,36.28,0.67
2024-09-26,14:15,September,Autumn,V-Shape,62,480.62,38.83,53.85,74.19,0.73,59.36,0.61,36.28,0.67
2024-09-26,14:30,September,Autumn,V-Shape,62,480.62,38.83,53.85,74.19,0.73,59.36,0.61,36.28,0.67
2024-09-26,14:45,September,Autumn,V-Shape,62,480.62,38.83,53.85,74.19,0.73,59.36,0.61,36.28,0.67
2024-09-26,15:00,September,Autumn,V-Shape,62,301.7,37.85,48.39,75.92,0.46,60.74,0.38,23.18,0.67
2024-09-26,15:15,September,Autumn,V-Shape,62,301.7,37.85,48.39,75.92,0.46,60.74,0.38,23.18,0.67
2024-09-26,15:30,September,Autumn,V-Shape,62,301.7,37.85,48.39,75.92,0.46,60.74,0.38,23.18,0.67
2024-09-26,15:45,September,Autumn,V-Shape,62,301.7,37.85,48.39,75.92,0.46,60.74,0.38,23.18,0.67
2024-09-26,16:00,September,Autumn,V-Shape,62,135.77,36.39,42.78,77.7,0.2,62.16,0.17,10.62,0.67
2024-09-26,16:15,September,Autumn,V-Shape,62,135.77,36.39,42.78,77.7,0.2,62.16,0.17,10.62,0.67
2024-09-26,16:30,September,Autumn,V-Shape,62,135.77,36.39,42.78,77.7,0.2,62.16,0.17,10.62,0.67
2024-09-26,16:45,September,Autumn,V-Shape,62,135.77,36.39,42.78,77.7,0.2,62.16,0.17,10.62,0.67
2024-09-26,17:00,September,Autumn,V-Shape,62,18.95,33.97,37.44,79.39,0.03,63.51,0.02,1.51,0.67
2024-09-26,17:15,September,Autumn,V-Shape,62,18.95,33.97,37.44,79.39,0.03,63.51,0.02,1.51,0.67
2024-09-26,17:30,September,Autumn,V-Shape,62,18.95,33.97,37.44,79.39,0.03,63.51,0.02,1.51,0.67
2024-09-26,17:45,September,Autumn,V-Shape,62,18.95,33.97,37.44,79.39,0.03,63.51,0.02,1.51,0.67
2024-09-27,06:00,September,Autumn,V-Shape,62,116.81,25.55,31.47,81.28,0.17,65.02,0.15,9.45,0.67
2024-09-27,06:15,September,Autumn,V-Shape,62,116.81,25.55,31.47,81.28,0.17,65.02,0.15,9.45,0.67
2024-09-27,06:30,September,Autumn,V-Shape,62,116.81,25.55,31.47,81.28,0.17,65.02,0.15,9.45,0.67
2024-09-27,06:45,September,Autumn,V-Shape,62,116.81,25.55,31.47,81.28,0.17,65.02,0.15,9.45,0.67
2024-09-27,07:00,September,Autumn,V-Shape,62,339.76,27.32,38.81,78.95,0.51,63.16,0.43,26.89,0.67
2024-09-27,07:15,September,Autumn,V-Shape,62,339.76,27.32,38.81,78.95,0.51,63.16,0.43,26.89,0.67
2024-09-27,07:30,September,Autumn,V-Shape,62,339.76,27.32,38.81,78.95,0.51,63.16,0.43,26.89,0.67
2024-09-27,07:45,September,Autumn,V-Shape,62,339.76,27.32,38.81,78.95,0.51,63.16,0.43,26.89,0.67
2024-09-27,08:00,September,Autumn,V-Shape,62,572.33,30.41,47.72,76.13,0.86,60.91,0.72,44.07,0.67
2024-09-27,08:15,September,Autumn,V-Shape,62,572.33,30.41,47.72,76.13,0.86,60.91,0.72,44.07,0.67
2024-09-27,08:30,September,Autumn,V-Shape,62,572.33,30.41,47.72,76.13,0.86,60.91,0.72,44.07,0.67
2024-09-27,08:45,September,Autumn,V-Shape,62,572.33,30.41,47.72,76.13,0.86,60.91,0.72,44.07,0.67
2024-09-27,09:00,September,Autumn,V-Shape,62,736.05,33.1,54.5,73.99,1.12,59.19,0.94,55.44,0.67
2024-09-27,09:15,September,Autumn,V-Shape,62,736.05,33.1,54.5,73.99,1.12,59.19,0.94,55.44,0.67
2024-09-27,09:30,September,Autumn,V-Shape,62,736.05,33.1,54.5,73.99,1.12,59.19,0.94,55.44,0.67
2024-09-27,09:45,September,Autumn,V-Shape,62,736.05,33.1,54.5,73.99,1.12,59.19,0.94,55.44,0.67
2024-09-27,10:00,September,Autumn,V-Shape,62,749.67,35.22,56.96,73.21,1.14,58.57,0.96,56.01,0.67
2024-09-27,10:15,September,Autumn,V-Shape,62,749.67,35.22,56.96,73.21,1.14,58.57,0.96,56.01,0.67
2024-09-27,10:30,September,Autumn,V-Shape,62,749.67,35.22,56.96,73.21,1.14,58.57,0.96,56.01,0.67
2024-09-27,10:45,September,Autumn,V-Shape,62,749.67,35.22,56.96,73.21,1.14,58.57,0.96,56.01,0.67
2024-09-27,11:00,September,Autumn,V-Shape,62,747.13,37.01,58.69,72.66,1.14,58.13,0.95,55.49,0.67
2024-09-27,11:15,September,Autumn,V-Shape,62,747.13,37.01,58.69,72.66,1.14,58.13,0.95,55.49,0.67
2024-09-27,11:30,September,Autumn,V-Shape,62,747.13,37.01,58.69,72.66,1.14,58.13,0.95,55.49,0.67
2024-09-27,11:45,September,Autumn,V-Shape,62,747.13,37.01,58.69,72.66,1.14,58.13,0.95,55.49,0.67
2024-09-27,12:00,September,Autumn,V-Shape,62,800.33,38.19,61.2,71.87,1.22,57.49,1.03,58.94,0.67
2024-09-27,12:15,September,Autumn,V-Shape,62,800.33,38.19,61.2,71.87,1.22,57.49,1.03,58.94,0.67
2024-09-27,12:30,September,Autumn,V-Shape,62,800.33,38.19,61.2,71.87,1.22,57.49,1.03,58.94,0.67
2024-09-27,12:45,September,Autumn,V-Shape,62,800.33,38.19,61.2,71.87,1.22,57.49,1.03,58.94,0.67
2024-09-27,13:00,September,Autumn,V-Shape,62,642.89,38.7,57.77,72.95,0.98,58.36,0.82,47.9,0.67
2024-09-27,13:15,September,Autumn,V-Shape,62,642.89,38.7,57.77,72.95,0.98,58.36,0.82,47.9,0.67
2024-09-27,13:30,September,Autumn,V-Shape,62,642.89,38.7,57.77,72.95,0.98,58.36,0.82,47.9,0.67
2024-09-27,13:45,September,Autumn,V-Shape,62,642.89,38.7,57.77,72.95,0.98,58.36,0.82,47.9,0.67
2024-09-27,14:00,September,Autumn,V-Shape,62,538.28,38.69,55.15,73.78,0.82,59.03,0.69,40.46,0.67
2024-09-27,14:15,September,Autumn,V-Shape,62,538.28,38.69,55.15,73.78,0.82,59.03,0.69,40.46,0.67
2024-09-27,14:30,September,Autumn,V-Shape,62,538.28,38.69,55.15,73.78,0.82,59.03,0.69,40.46,0.67
2024-09-27,14:45,September,Autumn,V-Shape,62,538.28,38.69,55.15,73.78,0.82,59.03,0.69,40.46,0.67
2024-09-27,15:00,September,Autumn,V-Shape,62,303.03,38.12,48.7,75.82,0.46,60.66,0.38,23.26,0.67
2024-09-27,15:15,September,Autumn,V-Shape,62,303.03,38.12,48.7,75.82,0.46,60.66,0.38,23.26,0.67
2024-09-27,15:30,September,Autumn,V-Shape,62,303.03,38.12,48.7,75.82,0.46,60.66,0.38,23.26,0.67
2024-09-27,15:45,September,Autumn,V-Shape,62,303.03,38.12,48.7,75.82,0.46,60.66,0.38,23.26,0.67
2024-09-27,16:00,September,Autumn,V-Shape,62,138.86,36.9,43.37,77.51,0.21,62.01,0.17,10.84,0.67
2024-09-27,16:15,September,Autumn,V-Shape,62,138.86,36.9,43.37,77.51,0.21,62.01,0.17,10.84,0.67
2024-09-27,16:30,September,Autumn,V-Shape,62,138.86,36.9,43.37,77.51,0.21,62.01,0.17,10.84,0.67
2024-09-27,16:45,September,Autumn,V-Shape,62,138.86,36.9,43.37,77.51,0.21,62.01,0.17,10.84,0.67
2024-09-27,17:00,September,Autumn,V-Shape,62,12.88,34.28,37.6,79.34,0.02,63.47,0.02,1.02,0.67
2024-09-27,17:15,September,Autumn,V-Shape,62,12.88,34.28,37.6,79.34,0.02,63.47,0.02,1.02,0.67
2024-09-27,17:30,September,Autumn,V-Shape,62,12.88,34.28,37.6,79.34,0.02,63.47,0.02,1.02,0.67
2024-09-27,17:45,September,Autumn,V-Shape,62,12.88,34.28,37.6,79.34,0.02,63.47,0.02,1.02,0.67
2024-09-28,06:00,September,Autumn,V-Shape,62,109.65,26.83,32.57,80.93,0.16,64.74,0.14,8.84,0.67
2024-09-28,06:15,September,Autumn,V-Shape,62,109.65,26.83,32.57,80.93,0.16,64.74,0.14,8.84,0.67
2024-09-28,06:30,September,Autumn,V-Shape,62,109.65,26.83,32.57,80.93,0.16,64.74,0.14,8.84,0.67
2024-09-28,06:45,September,Autumn,V-Shape,62,109.65,26.83,32.57,80.93,0.16,64.74,0.14,8.84,0.67
2024-09-28,07:00,September,Autumn,V-Shape,62,313.45,29.24,40.08,78.55,0.47,62.84,0.39,24.72,0.67
2024-09-28,07:15,September,Autumn,V-Shape,62,313.45,29.24,40.08,78.55,0.47,62.84,0.39,24.72,0.67
2024-09-28,07:30,September,Autumn,V-Shape,62,313.45,29.24,40.08,78.55,0.47,62.84,0.39,24.72,0.67
2024-09-28,07:45,September,Autumn,V-Shape,62,313.45,29.24,40.08,78.55,0.47,62.84,0.39,24.72,0.67
2024-09-28,08:00,September,Autumn,V-Shape,62,534.24,31.67,48.03,76.04,0.81,60.83,0.68,41.1,0.67
2024-09-28,08:15,September,Autumn,V-Shape,62,534.24,31.67,48.03,76.04,0.81,60.83,0.68,41.1,0.67
2024-09-28,08:30,September,Autumn,V-Shape,62,534.24,31.67,48.03,76.04,0.81,60.83,0.68,41.1,0.67
2024-09-28,08:45,September,Autumn,V-Shape,62,534.24,31.67,48.03,76.04,0.81,60.83,0.68,41.1,0.67
2024-09-28,09:00,September,Autumn,V-Shape,62,724.47,33.57,54.68,73.93,1.1,59.14,0.92,54.54,0.67
2024-09-28,09:15,September,Autumn,V-Shape,62,724.47,33.57,54.68,73.93,1.1,59.14,0.92,54.54,0.67
2024-09-28,09:30,September,Autumn,V-Shape,62,724.47,33.57,54.68,73.93,1.1,59.14,0.92,54.54,0.67
2024-09-28,09:45,September,Autumn,V-Shape,62,724.47,33.57,54.68,73.93,1.1,59.14,0.92,54.54,0.67
2024-09-28,10:00,September,Autumn,V-Shape,62,814.96,35.13,58.5,72.72,1.24,58.18,1.04,60.57,0.67
2024-09-28,10:15,September,Autumn,V-Shape,62,814.96,35.13,58.5,72.72,1.24,58.18,1.04,60.57,0.67
2024-09-28,10:30,September,Autumn,V-Shape,62,814.96,35.13,58.5,72.72,1.24,58.18,1.04,60.57,0.67
2024-09-28,10:45,September,Autumn,V-Shape,62,814.96,35.13,58.5,72.72,1.24,58.18,1.04,60.57,0.67
2024-09-28,11:00,September,Autumn,V-Shape,62,823.38,36.21,59.79,72.31,1.26,57.85,1.05,60.93,0.67
2024-09-28,11:15,September,Autumn,V-Shape,62,823.38,36.21,59.79,72.31,1.26,57.85,1.05,60.93,0.67
2024-09-28,11:30,September,Autumn,V-Shape,62,823.38,36.21,59.79,72.31,1.26,57.85,1.05,60.93,0.67
2024-09-28,11:45,September,Autumn,V-Shape,62,823.38,36.21,59.79,72.31,1.26,57.85,1.05,60.93,0.67
2024-09-28,12:00,September,Autumn,V-Shape,62,575.98,36.79,54.19,74.09,0.87,59.27,0.73,43.43,0.67
2024-09-28,12:15,September,Autumn,V-Shape,62,575.98,36.79,54.19,74.09,0.87,59.27,0.73,43.43,0.67
2024-09-28,12:30,September,Autumn,V-Shape,62,575.98,36.79,54.19,74.09,0.87,59.27,0.73,43.43,0.67
2024-09-28,12:45,September,Autumn,V-Shape,62,575.98,36.79,54.19,74.09,0.87,59.27,0.73,43.43,0.67
2024-09-28,13:00,September,Autumn,V-Shape,62,488.9,36.77,51.99,74.78,0.74,59.82,0.62,37.13,0.67
2024-09-28,13:15,September,Autumn,V-Shape,62,488.9,36.77,51.99,74.78,0.74,59.82,0.62,37.13,0.67
2024-09-28,13:30,September,Autumn,V-Shape,62,488.9,36.77,51.99,74.78,0.74,59.82,0.62,37.13,0.67
2024-09-28,13:45,September,Autumn,V-Shape,62,488.9,36.77,51.99,74.78,0.74,59.82,0.62,37.13,0.67
2024-09-28,14:00,September,Autumn,V-Shape,62,440.63,36.23,50.25,75.33,0.67,60.27,0.56,33.66,0.67
2024-09-28,14:15,September,Autumn,V-Shape,62,440.63,36.23,50.25,75.33,0.67,60.27,0.56,33.66,0.67
2024-09-28,14:30,September,Autumn,V-Shape,62,440.63,36.23,50.25,75.33,0.67,60.27,0.56,33.66,0.67
2024-09-28,14:45,September,Autumn,V-Shape,62,440.63,36.23,50.25,75.33,0.67,60.27,0.56,33.66,0.67
2024-09-28,15:00,September,Autumn,V-Shape,62,276.02,35.13,45.03,76.99,0.42,61.59,0.35,21.44,0.67
2024-09-28,15:15,September,Autumn,V-Shape,62,276.02,35.13,45.03,76.99,0.42,61.59,0.35,21.44,0.67
2024-09-28,15:30,September,Autumn,V-Shape,62,276.02,35.13,45.03,76.99,0.42,61.59,0.35,21.44,0.67
2024-09-28,15:45,September,Autumn,V-Shape,62,276.02,35.13,45.03,76.99,0.42,61.59,0.35,21.44,0.67
2024-09-28,16:00,September,Autumn,V-Shape,62,121.46,33.84,39.88,78.62,0.18,62.89,0.15,9.58,0.67
2024-09-28,16:15,September,Autumn,V-Shape,62,121.46,33.84,39.88,78.62,0.18,62.89,0.15,9.58,0.67
2024-09-28,16:30,September,Autumn,V-Shape,62,121.46,33.84,39.88,78.62,0.18,62.89,0.15,9.58,0.67
2024-09-28,16:45,September,Autumn,V-Shape,62,121.46,33.84,39.88,78.62,0.18,62.89,0.15,9.58,0.67
2024-09-28,17:00,September,Autumn,V-Shape,62,13.97,32.14,35.49,80.01,0.02,64.01,0.02,1.12,0.67
2024-09-28,17:15,September,Autumn,V-Shape,62,13.97,32.14,35.49,80.01,0.02,64.01,0.02,1.12,0.67
2024-09-28,17:30,September,Autumn,V-Shape,62,13.97,32.14,35.49,80.01,0.02,64.01,0.02,1.12,0.67
2024-09-28,17:45,September,Autumn,V-Shape,62,13.97,32.14,35.49,80.01,0.02,64.01,0.02,1.12,0.67
2024-09-29,06:00,September,Autumn,V-Shape,62,88.8,26.44,31.66,81.22,0.13,64.98,0.11,7.18,0.67
2024-09-29,06:15,September,Autumn,V-Shape,62,88.8,26.44,31.66,81.22,0.13,64.98,0.11,7.18,0.67
2024-09-29,06:30,September,Autumn,V-Shape,62,88.8,26.44,31.66,81.22,0.13,64.98,0.11,7.18,0.67
2024-09-29,06:45,September,Autumn,V-Shape,62,88.8,26.44,31.66,81.22,0.13,64.98,0.11,7.18,0.67
2024-09-29,07:00,September,Autumn,V-Shape,62,269.17,27.46,37.19,79.47,0.4,63.57,0.34,21.41,0.67
2024-09-29,07:15,September,Autumn,V-Shape,62,269.17,27.46,37.19,79.47,0.4,63.57,0.34,21.41,0.67
2024-09-29,07:30,September,Autumn,V-Shape,62,269.17,27.46,37.19,79.47,0.4,63.57,0.34,21.41,0.67
2024-09-29,07:45,September,Autumn,V-Shape,62,269.17,27.46,37.19,79.47,0.4,63.57,0.34,21.41,0.67
2024-09-29,08:00,September,Autumn,V-Shape,62,475.91,29.0,43.9,77.34,0.72,61.88,0.6,37.09,0.67
2024-09-29,08:15,September,Autumn,V-Shape,62,475.91,29.0,43.9,77.34,0.72,61.88,0.6,37.09,0.67
2024-09-29,08:30,September,Autumn,V-Shape,62,475.91,29.0,43.9,77.34,0.72,61.88,0.6,37.09,0.67
2024-09-29,08:45,September,Autumn,V-Shape,62,475.91,29.0,43.9,77.34,0.72,61.88,0.6,37.09,0.67
2024-09-29,09:00,September,Autumn,V-Shape,62,691.92,30.85,51.15,75.05,1.05,60.04,0.88,52.69,0.67
2024-09-29,09:15,September,Autumn,V-Shape,62,691.92,30.85,51.15,75.05,1.05,60.04,0.88,52.69,0.67
2024-09-29,09:30,September,Autumn,V-Shape,62,691.92,30.85,51.15,75.05,1.05,60.04,0.88,52.69,0.67
2024-09-29,09:45,September,Autumn,V-Shape,62,691.92,30.85,51.15,75.05,1.05,60.04,0.88,52.69,0.67
2024-09-29,10:00,September,Autumn,V-Shape,62,840.23,32.57,56.58,73.33,1.28,58.66,1.07,62.86,0.67
2024-09-29,10:15,September,Autumn,V-Shape,62,840.23,32.57,56.58,73.33,1.28,58.66,1.07,62.86,0.67
2024-09-29,10:30,September,Autumn,V-Shape,62,840.23,32.57,56.58,73.33,1.28,58.66,1.07,62.86,0.67
2024-09-29,10:45,September,Autumn,V-Shape,62,840.23,32.57,56.58,73.33,1.28,58.66,1.07,62.86,0.67
2024-09-29,11:00,September,Autumn,V-Shape,62,891.1,33.69,58.97,72.57,1.36,58.06,1.14,66.13,0.67
2024-09-29,11:15,September,Autumn,V-Shape,62,891.1,33.69,58.97,72.57,1.36,58.06,1.14,66.13,0.67
2024-09-29,11:30,September,Autumn,V-Shape,62,891.1,33.69,58.97,72.57,1.36,58.06,1.14,66.13,0.67
2024-09-29,11:45,September,Autumn,V-Shape,62,891.1,33.69,58.97,72.57,1.36,58.06,1.14,66.13,0.67
2024-09-29,12:00,September,Autumn,V-Shape,62,843.1,33.86,57.94,72.9,1.29,58.32,1.08,62.78,0.67
2024-09-29,12:15,September,Autumn,V-Shape,62,843.1,33.86,57.94,72.9,1.29,58.32,1.08,62.78,0.67
2024-09-29,12:30,September,Autumn,V-Shape,62,843.1,33.86,57.94,72.9,1.29,58.32,1.08,62.78,0.67
2024-09-29,12:45,September,Autumn,V-Shape,62,843.1,33.86,57.94,72.9,1.29,58.32,1.08,62.78,0.67
2024-09-29,13:00,September,Autumn,V-Shape,62,747.44,33.55,55.24,73.75,1.14,59.0,0.95,56.16,0.67
2024-09-29,13:15,September,Autumn,V-Shape,62,747.44,33.55,55.24,73.75,1.14,59.0,0.95,56.16,0.67
2024-09-29,13:30,September,Autumn,V-Shape,62,747.44,33.55,55.24,73.75,1.14,59.0,0.95,56.16,0.67
2024-09-29,13:45,September,Autumn,V-Shape,62,747.44,33.55,55.24,73.75,1.14,59.0,0.95,56.16,0.67
2024-09-29,14:00,September,Autumn,V-Shape,62,604.93,32.69,50.81,75.15,0.92,60.12,0.77,46.12,0.67
2024-09-29,14:15,September,Autumn,V-Shape,62,604.93,32.69,50.81,75.15,0.92,60.12,0.77,46.12,0.67
2024-09-29,14:30,September,Autumn,V-Shape,62,604.93,32.69,50.81,75.15,0.92,60.12,0.77,46.12,0.67
2024-09-29,14:45,September,Autumn,V-Shape,62,604.93,32.69,50.81,75.15,0.92,60.12,0.77,46.12,0.67
2024-09-29,15:00,September,Autumn,V-Shape,62,392.88,31.77,44.59,77.12,0.59,61.7,0.5,30.55,0.67
2024-09-29,15:15,September,Autumn,V-Shape,62,392.88,31.77,44.59,77.12,0.59,61.7,0.5,30.55,0.67
2024-09-29,15:30,September,Autumn,V-Shape,62,392.88,31.77,44.59,77.12,0.59,61.7,0.5,30.55,0.67
2024-09-29,15:45,September,Autumn,V-Shape,62,392.88,31.77,44.59,77.12,0.59,61.7,0.5,30.55,0.67
2024-09-29,16:00,September,Autumn,V-Shape,62,176.98,30.83,38.25,79.13,0.26,63.3,0.22,14.03,0.67
2024-09-29,16:15,September,Autumn,V-Shape,62,176.98,30.83,38.25,79.13,0.26,63.3,0.22,14.03,0.67
2024-09-29,16:30,September,Autumn,V-Shape,62,176.98,30.83,38.25,79.13,0.26,63.3,0.22,14.03,0.67
2024-09-29,16:45,September,Autumn,V-Shape,62,176.98,30.83,38.25,79.13,0.26,63.3,0.22,14.03,0.67
2024-09-29,17:00,September,Autumn,V-Shape,62,15.3,29.61,32.99,80.8,0.02,64.64,0.02,1.23,0.67
2024-09-29,17:15,September,Autumn,V-Shape,62,15.3,29.61,32.99,80.8,0.02,64.64,0.02,1.23,0.67
2024-09-29,17:30,September,Autumn,V-Shape,62,15.3,29.61,32.99,80.8,0.02,64.64,0.02,1.23,0.67
2024-09-29,17:45,September,Autumn,V-Shape,62,15.3,29.61,32.99,80.8,0.02,64.64,0.02,1.23,0.67
2024-09-30,06:00,September,Autumn,V-Shape,62,95.81,26.45,31.85,81.16,0.14,64.93,0.12,7.74,0.67
2024-09-30,06:15,September,Autumn,V-Shape,62,95.81,26.45,31.85,81.16,0.14,64.93,0.12,7.74,0.67
2024-09-30,06:30,September,Autumn,V-Shape,62,95.81,26.45,31.85,81.16,0.14,64.93,0.12,7.74,0.67
2024-09-30,06:45,September,Autumn,V-Shape,62,95.81,26.45,31.85,81.16,0.14,64.93,0.12,7.74,0.67
2024-09-30,07:00,September,Autumn,V-Shape,62,265.49,27.3,36.94,79.55,0.4,63.64,0.33,21.13,0.67
2024-09-30,07:15,September,Autumn,V-Shape,62,265.49,27.3,36.94,79.55,0.4,63.64,0.33,21.13,0.67
2024-09-30,07:30,September,Autumn,V-Shape,62,265.49,27.3,36.94,79.55,0.4,63.64,0.33,21.13,0.67
2024-09-30,07:45,September,Autumn,V-Shape,62,265.49,27.3,36.94,79.55,0.4,63.64,0.33,21.13,0.67
2024-09-30,08:00,September,Autumn,V-Shape,62,448.3,28.14,42.35,77.83,0.67,62.27,0.56,35.11,0.67
2024-09-30,08:15,September,Autumn,V-Shape,62,448.3,28.14,42.35,77.83,0.67,62.27,0.56,35.11,0.67
2024-09-30,08:30,September,Autumn,V-Shape,62,448.3,28.14,42.35,77.83,0.67,62.27,0.56,35.11,0.67
2024-09-30,08:45,September,Autumn,V-Shape,62,448.3,28.14,42.35,77.83,0.67,62.27,0.56,35.11,0.67
2024-09-30,09:00,September,Autumn,V-Shape,62,665.54,29.03,48.67,75.83,1.01,60.67,0.84,51.09,0.67
2024-09-30,09:15,September,Autumn,V-Shape,62,665.54,29.03,48.67,75.83,1.01,60.67,0.84,51.09,0.67
2024-09-30,09:30,September,Autumn,V-Shape,62,665.54,29.03,48.67,75.83,1.01,60.67,0.84,51.09,0.67
2024-09-30,09:45,September,Autumn,V-Shape,62,665.54,29.03,48.67,75.83,1.01,60.67,0.84,51.09,0.67
2024-09-30,10:00,September,Autumn,V-Shape,62,792.19,29.94,52.74,74.54,1.2,59.63,1.01,60.02,0.67
2024-09-30,10:15,September,Autumn,V-Shape,62,792.19,29.94,52.74,74.54,1.2,59.63,1.01,60.02,0.67
2024-09-30,10:30,September,Autumn,V-Shape,62,792.19,29.94,52.74,74.54,1.2,59.63,1.01,60.02,0.67
2024-09-30,10:45,September,Autumn,V-Shape,62,792.19,29.94,52.74,74.54,1.2,59.63,1.01,60.02,0.67
2024-09-30,11:00,September,Autumn,V-Shape,62,646.24,30.67,49.83,75.47,0.98,60.37,0.82,49.43,0.67
2024-09-30,11:15,September,Autumn,V-Shape,62,646.24,30.67,49.83,75.47,0.98,60.37,0.82,49.43,0.67
2024-09-30,11:30,September,Autumn,V-Shape,62,646.24,30.67,49.83,75.47,0.98,60.37,0.82,49.43,0.67
2024-09-30,11:45,September,Autumn,V-Shape,62,646.24,30.67,49.83,75.47,0.98,60.37,0.82,49.43,0.67
2024-09-30,12:00,September,Autumn,V-Shape,62,581.3,31.71,49.24,75.65,0.88,60.52,0.74,44.54,0.67
2024-09-30,12:15,September,Autumn,V-Shape,62,581.3,31.71,49.24,75.65,0.88,60.52,0.74,44.54,0.67
2024-09-30,12:30,September,Autumn,V-Shape,62,581.3,31.71,49.24,75.65,0.88,60.52,0.74,44.54,0.67
2024-09-30,12:45,September,Autumn,V-Shape,62,581.3,31.71,49.24,75.65,0.88,60.52,0.74,44.54,0.67
2024-09-30,13:00,September,Autumn,V-Shape,62,629.03,32.65,51.38,74.98,0.95,59.98,0.8,47.87,0.67
2024-09-30,13:15,September,Autumn,V-Shape,62,629.03,32.65,51.38,74.98,0.95,59.98,0.8,47.87,0.67
2024-09-30,13:30,September,Autumn,V-Shape,62,629.03,32.65,51.38,74.98,0.95,59.98,0.8,47.87,0.67
2024-09-30,13:45,September,Autumn,V-Shape,62,629.03,32.65,51.38,74.98,0.95,59.98,0.8,47.87,0.67
2024-09-30,14:00,September,Autumn,V-Shape,62,600.86,32.97,50.99,75.1,0.91,60.08,0.76,45.78,0.67
2024-09-30,14:15,September,Autumn,V-Shape,62,600.86,32.97,50.99,75.1,0.91,60.08,0.76,45.78,0.67
2024-09-30,14:30,September,Autumn,V-Shape,62,600.86,32.97,50.99,75.1,0.91,60.08,0.76,45.78,0.67
2024-09-30,14:45,September,Autumn,V-Shape,62,600.86,32.97,50.99,75.1,0.91,60.08,0.76,45.78,0.67
2024-09-30,15:00,September,Autumn,V-Shape,62,400.52,32.69,45.7,76.77,0.6,61.42,0.51,31.04,0.67
2024-09-30,15:15,September,Autumn,V-Shape,62,400.52,32.69,45.7,76.77,0.6,61.42,0.51,31.04,0.67
2024-09-30,15:30,September,Autumn,V-Shape,62,400.52,32.69,45.7,76.77,0.6,61.42,0.51,31.04,0.67
2024-09-30,15:45,September,Autumn,V-Shape,62,400.52,32.69,45.7,76.77,0.6,61.42,0.51,31.04,0.67
2024-09-30,16:00,September,Autumn,V-Shape,62,180.41,31.73,39.24,78.82,0.27,63.06,0.23,14.26,0.67
2024-09-30,16:15,September,Autumn,V-Shape,62,180.41,31.73,39.24,78.82,0.27,63.06,0.23,14.26,0.67
2024-09-30,16:30,September,Autumn,V-Shape,62,180.41,31.73,39.24,78.82,0.27,63.06,0.23,14.26,0.67
2024-09-30,16:45,September,Autumn,V-Shape,62,180.41,31.73,39.24,78.82,0.27,63.06,0.23,14.26,0.67
2024-09-30,17:00,September,Autumn,V-Shape,62,17.5,29.75,33.19,80.74,0.03,64.59,0.02,1.41,0.67
2024-09-30,17:15,September,Autumn,V-Shape,62,17.5,29.75,33.19,80.74,0.03,64.59,0.02,1.41,0.67
2024-09-30,17:30,September,Autumn,V-Shape,62,17.5,29.75,33.19,80.74,0.03,64.59,0.02,1.41,0.67
2024-09-30,17:45,September,Autumn,V-Shape,62,17.5,29.75,33.19,80.74,0.03,64.59,0.02,1.41,0.67
2024-10-01,06:00,October,Autumn,V-Shape,62,108.2,26.47,32.18,81.06,0.16,64.84,0.13,8.74,0.67
2024-10-01,06:15,October,Autumn,V-Shape,62,108.2,26.47,32.18,81.06,0.16,64.84,0.13,8.74,0.67
2024-10-01,06:30,October,Autumn,V-Shape,62,108.2,26.47,32.18,81.06,0.16,64.84,0.13,8.74,0.67
2024-10-01,06:45,October,Autumn,V-Shape,62,108.2,26.47,32.18,81.06,0.16,64.84,0.13,8.74,0.67
2024-10-01,07:00,October,Autumn,V-Shape,62,331.91,27.64,38.94,78.91,0.5,63.13,0.42,26.26,0.67
2024-10-01,07:15,October,Autumn,V-Shape,62,331.91,27.64,38.94,78.91,0.5,63.13,0.42,26.26,0.67
2024-10-01,07:30,October,Autumn,V-Shape,62,331.91,27.64,38.94,78.91,0.5,63.13,0.42,26.26,0.67
2024-10-01,07:45,October,Autumn,V-Shape,62,331.91,27.64,38.94,78.91,0.5,63.13,0.42,26.26,0.67
2024-10-01,08:00,October,Autumn,V-Shape,62,560.3,28.86,45.87,76.72,0.84,61.38,0.71,43.4,0.67
2024-10-01,08:15,October,Autumn,V-Shape,62,560.3,28.86,45.87,76.72,0.84,61.38,0.71,43.4,0.67
2024-10-01,08:30,October,Autumn,V-Shape,62,560.3,28.86,45.87,76.72,0.84,61.38,0.71,43.4,0.67
2024-10-01,08:45,October,Autumn,V-Shape,62,560.3,28.86,45.87,76.72,0.84,61.38,0.71,43.4,0.67
2024-10-01,09:00,October,Autumn,V-Shape,62,589.37,29.77,47.5,76.2,0.89,60.96,0.74,45.41,0.67
2024-10-01,09:15,October,Autumn,V-Shape,62,589.37,29.77,47.5,76.2,0.89,60.96,0.74,45.41,0.67
2024-10-01,09:30,October,Autumn,V-Shape,62,589.37,29.77,47.5,76.2,0.89,60.96,0.74,45.41,0.67
2024-10-01,09:45,October,Autumn,V-Shape,62,589.37,29.77,47.5,76.2,0.89,60.96,0.74,45.41,0.67
2024-10-01,10:00,October,Autumn,V-Shape,62,595.3,30.62,48.5,75.89,0.9,60.71,0.75,45.72,0.67
2024-10-01,10:15,October,Autumn,V-Shape,62,595.3,30.62,48.5,75.89,0.9,60.71,0.75,45.72,0.67
2024-10-01,10:30,October,Autumn,V-Shape,62,595.3,30.62,48.5,75.89,0.9,60.71,0.75,45.72,0.67
2024-10-01,10:45,October,Autumn,V-Shape,62,595.3,30.62,48.5,75.89,0.9,60.71,0.75,45.72,0.67
2024-10-01,11:00,October,Autumn,V-Shape,62,670.08,31.32,51.07,75.07,1.01,60.06,0.85,51.04,0.67
2024-10-01,11:15,October,Autumn,V-Shape,62,670.08,31.32,51.07,75.07,1.01,60.06,0.85,51.04,0.67
2024-10-01,11:30,October,Autumn,V-Shape,62,670.08,31.32,51.07,75.07,1.01,60.06,0.85,51.04,0.67
2024-10-01,11:45,October,Autumn,V-Shape,62,670.08,31.32,51.07,75.07,1.01,60.06,0.85,51.04,0.67
2024-10-01,12:00,October,Autumn,V-Shape,62,710.82,31.8,52.57,74.6,1.08,59.68,0.9,53.88,0.67
2024-10-01,12:15,October,Autumn,V-Shape,62,710.82,31.8,52.57,74.6,1.08,59.68,0.9,53.88,0.67
2024-10-01,12:30,October,Autumn,V-Shape,62,710.82,31.8,52.57,74.6,1.08,59.68,0.9,53.88,0.67
2024-10-01,12:45,October,Autumn,V-Shape,62,710.82,31.8,52.57,74.6,1.08,59.68,0.9,53.88,0.67
2024-10-01,13:00,October,Autumn,V-Shape,62,623.81,32.01,50.61,75.22,0.94,60.18,0.79,47.59,0.67
2024-10-01,13:15,October,Autumn,V-Shape,62,623.81,32.01,50.61,75.22,0.94,60.18,0.79,47.59,0.67
2024-10-01,13:30,October,Autumn,V-Shape,62,623.81,32.01,50.61,75.22,0.94,60.18,0.79,47.59,0.67
2024-10-01,13:45,October,Autumn,V-Shape,62,623.81,32.01,50.61,75.22,0.94,60.18,0.79,47.59,0.67
2024-10-01,14:00,October,Autumn,V-Shape,62,492.77,31.87,47.19,76.3,0.74,61.04,0.62,38.01,0.67
2024-10-01,14:15,October,Autumn,V-Shape,62,492.77,31.87,47.19,76.3,0.74,61.04,0.62,38.01,0.67
2024-10-01,14:30,October,Autumn,V-Shape,62,492.77,31.87,47.19,76.3,0.74,61.04,0.62,38.01,0.67
2024-10-01,14:45,October,Autumn,V-Shape,62,492.77,31.87,47.19,76.3,0.74,61.04,0.62,38.01,0.67
2024-10-01,15:00,October,Autumn,V-Shape,62,289.52,31.48,41.72,78.03,0.43,62.43,0.36,22.72,0.67
2024-10-01,15:15,October,Autumn,V-Shape,62,289.52,31.48,41.72,78.03,0.43,62.43,0.36,22.72,0.67
2024-10-01,15:30,October,Autumn,V-Shape,62,289.52,31.48,41.72,78.03,0.43,62.43,0.36,22.72,0.67
2024-10-01,15:45,October,Autumn,V-Shape,62,289.52,31.48,41.72,78.03,0.43,62.43,0.36,22.72,0.67
2024-10-01,16:00,October,Autumn,V-Shape,62,138.97,30.62,37.09,79.5,0.21,63.6,0.17,11.06,0.67
2024-10-01,16:15,October,Autumn,V-Shape,62,138.97,30.62,37.09,79.5,0.21,63.6,0.17,11.06,0.67
2024-10-01,16:30,October,Autumn,V-Shape,62,138.97,30.62,37.09,79.5,0.21,63.6,0.17,11.06,0.67
2024-10-01,16:45,October,Autumn,V-Shape,62,138.97,30.62,37.09,79.5,0.21,63.6,0.17,11.06,0.67
2024-10-01,17:00,October,Autumn,V-Shape,62,13.25,29.1,32.43,80.97,0.02,64.78,0.02,1.07,0.67
2024-10-01,17:15,October,Autumn,V-Shape,62,13.25,29.1,32.43,80.97,0.02,64.78,0.02,1.07,0.67
2024-10-01,17:30,October,Autumn,V-Shape,62,13.25,29.1,32.43,80.97,0.02,64.78,0.02,1.07,0.67
2024-10-01,17:45,October,Autumn,V-Shape,62,13.25,29.1,32.43,80.97,0.02,64.78,0.02,1.07,0.67
2024-10-02,06:00,October,Autumn,V-Shape,62,113.63,25.43,31.27,81.34,0.17,65.07,0.14,9.2,0.67
2024-10-02,06:15,October,Autumn,V-Shape,62,113.63,25.43,31.27,81.34,0.17,65.07,0.14,9.2,0.67
2024-10-02,06:30,October,Autumn,V-Shape,62,113.63,25.43,31.27,81.34,0.17,65.07,0.14,9.2,0.67
2024-10-02,06:45,October,Autumn,V-Shape,62,113.63,25.43,31.27,81.34,0.17,65.07,0.14,9.2,0.67
2024-10-02,07:00,October,Autumn,V-Shape,62,326.03,26.54,37.69,79.31,0.49,63.45,0.41,25.89,0.67
2024-10-02,07:15,October,Autumn,V-Shape,62,326.03,26.54,37.69,79.31,0.49,63.45,0.41,25.89,0.67
2024-10-02,07:30,October,Autumn,V-Shape,62,326.03,26.54,37.69,79.31,0.49,63.45,0.41,25.89,0.67
2024-10-02,07:45,October,Autumn,V-Shape,62,326.03,26.54,37.69,79.31,0.49,63.45,0.41,25.89,0.67
2024-10-02,08:00,October,Autumn,V-Shape,62,557.63,27.86,44.8,77.06,0.84,61.65,0.7,43.34,0.67
2024-10-02,08:15,October,Autumn,V-Shape,62,557.63,27.86,44.8,77.06,0.84,61.65,0.7,43.34,0.67
2024-10-02,08:30,October,Autumn,V-Shape,62,557.63,27.86,44.8,77.06,0.84,61.65,0.7,43.34,0.67
2024-10-02,08:45,October,Autumn,V-Shape,62,557.63,27.86,44.8,77.06,0.84,61.65,0.7,43.34,0.67
2024-10-02,09:00,October,Autumn,V-Shape,62,628.48,29.13,47.84,76.1,0.95,60.88,0.79,48.37,0.67
2024-10-02,09:15,October,Autumn,V-Shape,62,628.48,29.13,47.84,76.1,0.95,60.88,0.79,48.37,0.67
2024-10-02,09:30,October,Autumn,V-Shape,62,628.48,29.13,47.84,76.1,0.95,60.88,0.79,48.37,0.67
2024-10-02,09:45,October,Autumn,V-Shape,62,628.48,29.13,47.84,76.1,0.95,60.88,0.79,48.37,0.67
2024-10-02,10:00,October,Autumn,V-Shape,62,739.02,30.09,51.57,74.92,1.12,59.93,0.94,56.21,0.67
2024-10-02,10:15,October,Autumn,V-Shape,62,739.02,30.09,51.57,74.92,1.12,59.93,0.94,56.21,0.67
2024-10-02,10:30,October,Autumn,V-Shape,62,739.02,30.09,51.57,74.92,1.12,59.93,0.94,56.21,0.67
2024-10-02,10:45,October,Autumn,V-Shape,62,739.02,30.09,51.57,74.92,1.12,59.93,0.94,56.21,0.67
2024-10-02,11:00,October,Autumn,V-Shape,62,778.66,30.64,53.11,74.43,1.18,59.54,0.99,58.92,0.67
2024-10-02,11:15,October,Autumn,V-Shape,62,778.66,30.64,53.11,74.43,1.18,59.54,0.99,58.92,0.67
2024-10-02,11:30,October,Autumn,V-Shape,62,778.66,30.64,53.11,74.43,1.18,59.54,0.99,58.92,0.67
2024-10-02,11:45,October,Autumn,V-Shape,62,778.66,30.64,53.11,74.43,1.18,59.54,0.99,58.92,0.67
2024-10-02,12:00,October,Autumn,V-Shape,62,712.03,31.04,51.84,74.83,1.08,59.86,0.9,54.1,0.67
2024-10-02,12:15,October,Autumn,V-Shape,62,712.03,31.04,51.84,74.83,1.08,59.86,0.9,54.1,0.67
2024-10-02,12:30,October,Autumn,V-Shape,62,712.03,31.04,51.84,74.83,1.08,59.86,0.9,54.1,0.67
2024-10-02,12:45,October,Autumn,V-Shape,62,712.03,31.04,51.84,74.83,1.08,59.86,0.9,54.1,0.67
2024-10-02,13:00,October,Autumn,V-Shape,62,592.67,31.44,49.26,75.65,0.9,60.52,0.75,45.41,0.67
2024-10-02,13:15,October,Autumn,V-Shape,62,592.67,31.44,49.26,75.65,0.9,60.52,0.75,45.41,0.67
2024-10-02,13:30,October,Autumn,V-Shape,62,592.67,31.44,49.26,75.65,0.9,60.52,0.75,45.41,0.67
2024-10-02,13:45,October,Autumn,V-Shape,62,592.67,31.44,49.26,75.65,0.9,60.52,0.75,45.41,0.67
2024-10-02,14:00,October,Autumn,V-Shape,62,514.37,31.53,47.39,76.24,0.78,60.99,0.65,39.65,0.67
2024-10-02,14:15,October,Autumn,V-Shape,62,514.37,31.53,47.39,76.24,0.78,60.99,0.65,39.65,0.67
2024-10-02,14:30,October,Autumn,V-Shape,62,514.37,31.53,47.39,76.24,0.78,60.99,0.65,39.65,0.67
2024-10-02,14:45,October,Autumn,V-Shape,62,514.37,31.53,47.39,76.24,0.78,60.99,0.65,39.65,0.67
2024-10-02,15:00,October,Autumn,V-Shape,62,343.9,31.32,42.92,77.65,0.52,62.12,0.43,26.88,0.67
2024-10-02,15:15,October,Autumn,V-Shape,62,343.9,31.32,42.92,77.65,0.52,62.12,0.43,26.88,0.67
2024-10-02,15:30,October,Autumn,V-Shape,62,343.9,31.32,42.92,77.65,0.52,62.12,0.43,26.88,0.67
2024-10-02,15:45,October,Autumn,V-Shape,62,343.9,31.32,42.92,77.65,0.52,62.12,0.43,26.88,0.67
2024-10-02,16:00,October,Autumn,V-Shape,62,164.22,30.58,37.69,79.31,0.25,63.45,0.21,13.04,0.67
2024-10-02,16:15,October,Autumn,V-Shape,62,164.22,30.58,37.69,79.31,0.25,63.45,0.21,13.04,0.67
2024-10-02,16:30,October,Autumn,V-Shape,62,164.22,30.58,37.69,79.31,0.25,63.45,0.21,13.04,0.67
2024-10-02,16:45,October,Autumn,V-Shape,62,164.22,30.58,37.69,79.31,0.25,63.45,0.21,13.04,0.67
2024-10-02,17:00,October,Autumn,V-Shape,62,17.83,28.95,32.4,80.99,0.03,64.79,0.02,1.44,0.67
2024-10-02,17:15,October,Autumn,V-Shape,62,17.83,28.95,32.4,80.99,0.03,64.79,0.02,1.44,0.67
2024-10-02,17:30,October,Autumn,V-Shape,62,17.83,28.95,32.4,80.99,0.03,64.79,0.02,1.44,0.67
2024-10-02,17:45,October,Autumn,V-Shape,62,17.83,28.95,32.4,80.99,0.03,64.79,0.02,1.44,0.67
2024-10-03,06:00,October,Autumn,V-Shape,62,109.33,25.63,31.36,81.31,0.16,65.05,0.14,8.85,0.67
2024-10-03,06:15,October,Autumn,V-Shape,62,109.33,25.63,31.36,81.31,0.16,65.05,0.14,8.85,0.67
2024-10-03,06:30,October,Autumn,V-Shape,62,109.33,25.63,31.36,81.31,0.16,65.05,0.14,8.85,0.67
2024-10-03,06:45,October,Autumn,V-Shape,62,109.33,25.63,31.36,81.31,0.16,65.05,0.14,8.85,0.67
2024-10-03,07:00,October,Autumn,V-Shape,62,312.92,26.83,37.65,79.32,0.47,63.46,0.39,24.86,0.67
2024-10-03,07:15,October,Autumn,V-Shape,62,312.92,26.83,37.65,79.32,0.47,63.46,0.39,24.86,0.67
2024-10-03,07:30,October,Autumn,V-Shape,62,312.92,26.83,37.65,79.32,0.47,63.46,0.39,24.86,0.67
2024-10-03,07:45,October,Autumn,V-Shape,62,312.92,26.83,37.65,79.32,0.47,63.46,0.39,24.86,0.67
2024-10-03,08:00,October,Autumn,V-Shape,62,524.42,28.4,44.51,77.15,0.79,61.72,0.66,40.79,0.67
2024-10-03,08:15,October,Autumn,V-Shape,62,524.42,28.4,44.51,77.15,0.79,61.72,0.66,40.79,0.67
2024-10-03,08:30,October,Autumn,V-Shape,62,524.42,28.4,44.51,77.15,0.79,61.72,0.66,40.79,0.67
2024-10-03,08:45,October,Autumn,V-Shape,62,524.42,28.4,44.51,77.15,0.79,61.72,0.66,40.79,0.67
2024-10-03,09:00,October,Autumn,V-Shape,62,616.19,30.0,48.4,75.92,0.93,60.73,0.78,47.34,0.67
2024-10-03,09:15,October,Autumn,V-Shape,62,616.19,30.0,48.4,75.92,0.93,60.73,0.78,47.34,0.67
2024-10-03,09:30,October,Autumn,V-Shape,62,616.19,30.0,48.4,75.92,0.93,60.73,0.78,47.34,0.67
2024-10-03,09:45,October,Autumn,V-Shape,62,616.19,30.0,48.4,75.92,0.93,60.73,0.78,47.34,0.67
2024-10-03,10:00,October,Autumn,V-Shape,62,722.17,31.41,52.46,74.63,1.1,59.71,0.92,54.76,0.67
2024-10-03,10:15,October,Autumn,V-Shape,62,722.17,31.41,52.46,74.63,1.1,59.71,0.92,54.76,0.67
2024-10-03,10:30,October,Autumn,V-Shape,62,722.17,31.41,52.46,74.63,1.1,59.71,0.92,54.76,0.67
2024-10-03,10:45,October,Autumn,V-Shape,62,722.17,31.41,52.46,74.63,1.1,59.71,0.92,54.76,0.67
2024-10-03,11:00,October,Autumn,V-Shape,62,831.34,32.49,56.27,73.43,1.27,58.74,1.06,62.25,0.67
2024-10-03,11:15,October,Autumn,V-Shape,62,831.34,32.49,56.27,73.43,1.27,58.74,1.06,62.25,0.67
2024-10-03,11:30,October,Autumn,V-Shape,62,831.34,32.49,56.27,73.43,1.27,58.74,1.06,62.25,0.67
2024-10-03,11:45,October,Autumn,V-Shape,62,831.34,32.49,56.27,73.43,1.27,58.74,1.06,62.25,0.67
2024-10-03,12:00,October,Autumn,V-Shape,62,852.55,33.11,57.42,73.06,1.3,58.45,1.09,63.6,0.67
2024-10-03,12:15,October,Autumn,V-Shape,62,852.55,33.11,57.42,73.06,1.3,58.45,1.09,63.6,0.67
2024-10-03,12:30,October,Autumn,V-Shape,62,852.55,33.11,57.42,73.06,1.3,58.45,1.09,63.6,0.67
2024-10-03,12:45,October,Autumn,V-Shape,62,852.55,33.11,57.42,73.06,1.3,58.45,1.09,63.6,0.67
2024-10-03,13:00,October,Autumn,V-Shape,62,749.49,33.25,54.99,73.83,1.14,59.07,0.95,56.36,0.67
2024-10-03,13:15,October,Autumn,V-Shape,62,749.49,33.25,54.99,73.83,1.14,59.07,0.95,56.36,0.67
2024-10-03,13:30,October,Autumn,V-Shape,62,749.49,33.25,54.99,73.83,1.14,59.07,0.95,56.36,0.67
2024-10-03,13:45,October,Autumn,V-Shape,62,749.49,33.25,54.99,73.83,1.14,59.07,0.95,56.36,0.67
2024-10-03,14:00,October,Autumn,V-Shape,62,611.92,33.14,51.44,74.96,0.93,59.97,0.78,46.56,0.67
2024-10-03,14:15,October,Autumn,V-Shape,62,611.92,33.14,51.44,74.96,0.93,59.97,0.78,46.56,0.67
2024-10-03,14:30,October,Autumn,V-Shape,62,611.92,33.14,51.44,74.96,0.93,59.97,0.78,46.56,0.67
2024-10-03,14:45,October,Autumn,V-Shape,62,611.92,33.14,51.44,74.96,0.93,59.97,0.78,46.56,0.67
2024-10-03,15:00,October,Autumn,V-Shape,62,373.59,32.73,45.07,76.97,0.56,61.58,0.47,29.01,0.67
2024-10-03,15:15,October,Autumn,V-Shape,62,373.59,32.73,45.07,76.97,0.56,61.58,0.47,29.01,0.67
2024-10-03,15:30,October,Autumn,V-Shape,62,373.59,32.73,45.07,76.97,0.56,61.58,0.47,29.01,0.67
2024-10-03,15:45,October,Autumn,V-Shape,62,373.59,32.73,45.07,76.97,0.56,61.58,0.47,29.01,0.67
2024-10-03,16:00,October,Autumn,V-Shape,62,170.29,31.93,39.19,78.84,0.25,63.07,0.21,13.46,0.67
2024-10-03,16:15,October,Autumn,V-Shape,62,170.29,31.93,39.19,78.84,0.25,63.07,0.21,13.46,0.67
2024-10-03,16:30,October,Autumn,V-Shape,62,170.29,31.93,39.19,78.84,0.25,63.07,0.21,13.46,0.67
2024-10-03,16:45,October,Autumn,V-Shape,62,170.29,31.93,39.19,78.84,0.25,63.07,0.21,13.46,0.67
2024-10-03,17:00,October,Autumn,V-Shape,62,15.73,30.05,33.44,80.65,0.02,64.52,0.02,1.27,0.67
2024-10-03,17:15,October,Autumn,V-Shape,62,15.73,30.05,33.44,80.65,0.02,64.52,0.02,1.27,0.67
2024-10-03,17:30,October,Autumn,V-Shape,62,15.73,30.05,33.44,80.65,0.02,64.52,0.02,1.27,0.67
2024-10-03,17:45,October,Autumn,V-Shape,62,15.73,30.05,33.44,80.65,0.02,64.52,0.02,1.27,0.67
2024-10-04,06:00,October,Autumn,V-Shape,62,120.12,25.8,31.8,81.17,0.18,64.94,0.15,9.71,0.67
2024-10-04,06:15,October,Autumn,V-Shape,62,120.12,25.8,31.8,81.17,0.18,64.94,0.15,9.71,0.67
2024-10-04,06:30,October,Autumn,V-Shape,62,120.12,25.8,31.8,81.17,0.18,64.94,0.15,9.71,0.67
2024-10-04,06:45,October,Autumn,V-Shape,62,120.12,25.8,31.8,81.17,0.18,64.94,0.15,9.71,0.67
2024-10-04,07:00,October,Autumn,V-Shape,62,346.58,27.18,38.84,78.94,0.52,63.16,0.43,27.43,0.67
2024-10-04,07:15,October,Autumn,V-Shape,62,346.58,27.18,38.84,78.94,0.52,63.16,0.43,27.43,0.67
2024-10-04,07:30,October,Autumn,V-Shape,62,346.58,27.18,38.84,78.94,0.52,63.16,0.43,27.43,0.67
2024-10-04,07:45,October,Autumn,V-Shape,62,346.58,27.18,38.84,78.94,0.52,63.16,0.43,27.43,0.67
2024-10-04,08:00,October,Autumn,V-Shape,62,561.19,28.96,45.99,76.68,0.85,61.35,0.71,43.45,0.67
2024-10-04,08:15,October,Autumn,V-Shape,62,561.19,28.96,45.99,76.68,0.85,61.35,0.71,43.45,0.67
2024-10-04,08:30,October,Autumn,V-Shape,62,561.19,28.96,45.99,76.68,0.85,61.35,0.71,43.45,0.67
2024-10-04,08:45,October,Autumn,V-Shape,62,561.19,28.96,45.99,76.68,0.85,61.35,0.71,43.45,0.67
2024-10-04,09:00,October,Autumn,V-Shape,62,780.04,30.58,53.08,74.44,1.18,59.55,0.99,59.03,0.67
2024-10-04,09:15,October,Autumn,V-Shape,62,780.04,30.58,53.08,74.44,1.18,59.55,0.99,59.03,0.67
2024-10-04,09:30,October,Autumn,V-Shape,62,780.04,30.58,53.08,74.44,1.18,59.55,0.99,59.03,0.67
2024-10-04,09:45,October,Autumn,V-Shape,62,780.04,30.58,53.08,74.44,1.18,59.55,0.99,59.03,0.67
2024-10-04,10:00,October,Autumn,V-Shape,62,785.45,31.82,54.46,74.0,1.19,59.2,1.0,59.17,0.67
2024-10-04,10:15,October,Autumn,V-Shape,62,785.45,31.82,54.46,74.0,1.19,59.2,1.0,59.17,0.67
2024-10-04,10:30,October,Autumn,V-Shape,62,785.45,31.82,54.46,74.0,1.19,59.2,1.0,59.17,0.67
2024-10-04,10:45,October,Autumn,V-Shape,62,785.45,31.82,54.46,74.0,1.19,59.2,1.0,59.17,0.67
2024-10-04,11:00,October,Autumn,V-Shape,62,773.22,32.7,55.03,73.82,1.18,59.06,0.98,58.14,0.67
2024-10-04,11:15,October,Autumn,V-Shape,62,773.22,32.7,55.03,73.82,1.18,59.06,0.98,58.14,0.67
2024-10-04,11:30,October,Autumn,V-Shape,62,773.22,32.7,55.03,73.82,1.18,59.06,0.98,58.14,0.67
2024-10-04,11:45,October,Autumn,V-Shape,62,773.22,32.7,55.03,73.82,1.18,59.06,0.98,58.14,0.67
2024-10-04,12:00,October,Autumn,V-Shape,62,738.91,33.09,54.56,73.97,1.12,59.17,0.94,55.65,0.67
2024-10-04,12:15,October,Autumn,V-Shape,62,738.91,33.09,54.56,73.97,1.12,59.17,0.94,55.65,0.67
2024-10-04,12:30,October,Autumn,V-Shape,62,738.91,33.09,54.56,73.97,1.12,59.17,0.94,55.65,0.67
2024-10-04,12:45,October,Autumn,V-Shape,62,738.91,33.09,54.56,73.97,1.12,59.17,0.94,55.65,0.67
2024-10-04,13:00,October,Autumn,V-Shape,62,473.39,32.81,47.64,76.16,0.71,60.93,0.6,36.46,0.67
2024-10-04,13:15,October,Autumn,V-Shape,62,473.39,32.81,47.64,76.16,0.71,60.93,0.6,36.46,0.67
2024-10-04,13:30,October,Autumn,V-Shape,62,473.39,32.81,47.64,76.16,0.71,60.93,0.6,36.46,0.67
2024-10-04,13:45,October,Autumn,V-Shape,62,473.39,32.81,47.64,76.16,0.71,60.93,0.6,36.46,0.67
2024-10-04,14:00,October,Autumn,V-Shape,62,343.22,32.31,43.89,77.35,0.52,61.88,0.43,26.75,0.67
2024-10-04,14:15,October,Autumn,V-Shape,62,343.22,32.31,43.89,77.35,0.52,61.88,0.43,26.75,0.67
2024-10-04,14:30,October,Autumn,V-Shape,62,343.22,32.31,43.89,77.35,0.52,61.88,0.43,26.75,0.67
2024-10-04,14:45,October,Autumn,V-Shape,62,343.22,32.31,43.89,77.35,0.52,61.88,0.43,26.75,0.67
2024-10-04,15:00,October,Autumn,V-Shape,62,177.0,31.67,39.09,78.86,0.26,63.09,0.22,14.0,0.67
2024-10-04,15:15,October,Autumn,V-Shape,62,177.0,31.67,39.09,78.86,0.26,63.09,0.22,14.0,0.67
2024-10-04,15:30,October,Autumn,V-Shape,62,177.0,31.67,39.09,78.86,0.26,63.09,0.22,14.0,0.67
2024-10-04,15:45,October,Autumn,V-Shape,62,177.0,31.67,39.09,78.86,0.26,63.09,0.22,14.0,0.67
2024-10-04,16:00,October,Autumn,V-Shape,62,112.54,30.75,36.56,79.67,0.17,63.73,0.14,8.97,0.67
2024-10-04,16:15,October,Autumn,V-Shape,62,112.54,30.75,36.56,79.67,0.17,63.73,0.14,8.97,0.67
2024-10-04,16:30,October,Autumn,V-Shape,62,112.54,30.75,36.56,79.67,0.17,63.73,0.14,8.97,0.67
2024-10-04,16:45,October,Autumn,V-Shape,62,112.54,30.75,36.56,79.67,0.17,63.73,0.14,8.97,0.67
2024-10-04,17:00,October,Autumn,V-Shape,62,9.0,29.42,32.64,80.91,0.01,64.73,0.01,0.73,0.67
2024-10-04,17:15,October,Autumn,V-Shape,62,9.0,29.42,32.64,80.91,0.01,64.73,0.01,0.73,0.67
2024-10-04,17:30,October,Autumn,V-Shape,62,9.0,29.42,32.64,80.91,0.01,64.73,0.01,0.73,0.67
2024-10-04,17:45,October,Autumn,V-Shape,62,9.0,29.42,32.64,80.91,0.01,64.73,0.01,0.73,0.67
2024-10-05,06:00,October,Autumn,V-Shape,62,89.78,25.32,30.56,81.57,0.13,65.25,0.11,7.28,0.67
2024-10-05,06:15,October,Autumn,V-Shape,62,89.78,25.32,30.56,81.57,0.13,65.25,0.11,7.28,0.67
2024-10-05,06:30,October,Autumn,V-Shape,62,89.78,25.32,30.56,81.57,0.13,65.25,0.11,7.28,0.67
2024-10-05,06:45,October,Autumn,V-Shape,62,89.78,25.32,30.56,81.57,0.13,65.25,0.11,7.28,0.67
2024-10-05,07:00,October,Autumn,V-Shape,62,246.07,26.32,35.47,80.01,0.37,64.01,0.31,19.67,0.67
2024-10-05,07:15,October,Autumn,V-Shape,62,246.07,26.32,35.47,80.01,0.37,64.01,0.31,19.67,0.67
2024-10-05,07:30,October,Autumn,V-Shape,62,246.07,26.32,35.47,80.01,0.37,64.01,0.31,19.67,0.67
2024-10-05,07:45,October,Autumn,V-Shape,62,246.07,26.32,35.47,80.01,0.37,64.01,0.31,19.67,0.67
2024-10-05,08:00,October,Autumn,V-Shape,62,416.24,27.67,41.08,78.24,0.62,62.59,0.52,32.72,0.67
2024-10-05,08:15,October,Autumn,V-Shape,62,416.24,27.67,41.08,78.24,0.62,62.59,0.52,32.72,0.67
2024-10-05,08:30,October,Autumn,V-Shape,62,416.24,27.67,41.08,78.24,0.62,62.59,0.52,32.72,0.67
2024-10-05,08:45,October,Autumn,V-Shape,62,416.24,27.67,41.08,78.24,0.62,62.59,0.52,32.72,0.67
2024-10-05,09:00,October,Autumn,V-Shape,62,586.55,29.05,46.71,76.45,0.88,61.16,0.74,45.31,0.67
2024-10-05,09:15,October,Autumn,V-Shape,62,586.55,29.05,46.71,76.45,0.88,61.16,0.74,45.31,0.67
2024-10-05,09:30,October,Autumn,V-Shape,62,586.55,29.05,46.71,76.45,0.88,61.16,0.74,45.31,0.67
2024-10-05,09:45,October,Autumn,V-Shape,62,586.55,29.05,46.71,76.45,0.88,61.16,0.74,45.31,0.67
2024-10-05,10:00,October,Autumn,V-Shape,62,709.4,30.51,51.25,75.02,1.07,60.01,0.9,54.01,0.67
2024-10-05,10:15,October,Autumn,V-Shape,62,709.4,30.51,51.25,75.02,1.07,60.01,0.9,54.01,0.67
2024-10-05,10:30,October,Autumn,V-Shape,62,709.4,30.51,51.25,75.02,1.07,60.01,0.9,54.01,0.67
2024-10-05,10:45,October,Autumn,V-Shape,62,709.4,30.51,51.25,75.02,1.07,60.01,0.9,54.01,0.67
2024-10-05,11:00,October,Autumn,V-Shape,62,751.27,31.94,53.72,74.23,1.14,59.39,0.96,56.74,0.67
2024-10-05,11:15,October,Autumn,V-Shape,62,751.27,31.94,53.72,74.23,1.14,59.39,0.96,56.74,0.67
2024-10-05,11:30,October,Autumn,V-Shape,62,751.27,31.94,53.72,74.23,1.14,59.39,0.96,56.74,0.67
2024-10-05,11:45,October,Autumn,V-Shape,62,751.27,31.94,53.72,74.23,1.14,59.39,0.96,56.74,0.67
2024-10-05,12:00,October,Autumn,V-Shape,62,683.26,33.05,53.13,74.42,1.04,59.54,0.87,51.7,0.67
2024-10-05,12:15,October,Autumn,V-Shape,62,683.26,33.05,53.13,74.42,1.04,59.54,0.87,51.7,0.67
2024-10-05,12:30,October,Autumn,V-Shape,62,683.26,33.05,53.13,74.42,1.04,59.54,0.87,51.7,0.67
2024-10-05,12:45,October,Autumn,V-Shape,62,683.26,33.05,53.13,74.42,1.04,59.54,0.87,51.7,0.67
2024-10-05,13:00,October,Autumn,V-Shape,62,545.84,33.48,50.13,75.37,0.83,60.3,0.69,41.71,0.67
2024-10-05,13:15,October,Autumn,V-Shape,62,545.84,33.48,50.13,75.37,0.83,60.3,0.69,41.71,0.67
2024-10-05,13:30,October,Autumn,V-Shape,62,545.84,33.48,50.13,75.37,0.83,60.3,0.69,41.71,0.67
2024-10-05,13:45,October,Autumn,V-Shape,62,545.84,33.48,50.13,75.37,0.83,60.3,0.69,41.71,0.67
2024-10-05,14:00,October,Autumn,V-Shape,62,326.05,33.3,44.45,77.17,0.49,61.74,0.41,25.37,0.67
2024-10-05,14:15,October,Autumn,V-Shape,62,326.05,33.3,44.45,77.17,0.49,61.74,0.41,25.37,0.67
2024-10-05,14:30,October,Autumn,V-Shape,62,326.05,33.3,44.45,77.17,0.49,61.74,0.41,25.37,0.67
2024-10-05,14:45,October,Autumn,V-Shape,62,326.05,33.3,44.45,77.17,0.49,61.74,0.41,25.37,0.67
2024-10-05,15:00,October,Autumn,V-Shape,62,136.19,32.81,39.21,78.83,0.2,63.06,0.17,10.77,0.67
2024-10-05,15:15,October,Autumn,V-Shape,62,136.19,32.81,39.21,78.83,0.2,63.06,0.17,10.77,0.67
2024-10-05,15:30,October,Autumn,V-Shape,62,136.19,32.81,39.21,78.83,0.2,63.06,0.17,10.77,0.67
2024-10-05,15:45,October,Autumn,V-Shape,62,136.19,32.81,39.21,78.83,0.2,63.06,0.17,10.77,0.67
2024-10-05,16:00,October,Autumn,V-Shape,62,62.56,32.05,36.61,79.65,0.09,63.72,0.08,4.98,0.67
2024-10-05,16:15,October,Autumn,V-Shape,62,62.56,32.05,36.61,79.65,0.09,63.72,0.08,4.98,0.67
2024-10-05,16:30,October,Autumn,V-Shape,62,62.56,32.05,36.61,79.65,0.09,63.72,0.08,4.98,0.67
2024-10-05,16:45,October,Autumn,V-Shape,62,62.56,32.05,36.61,79.65,0.09,63.72,0.08,4.98,0.67
2024-10-06,06:00,October,Autumn,V-Shape,62,44.68,25.19,29.31,81.96,0.07,65.57,0.06,3.64,0.67
2024-10-06,06:15,October,Autumn,V-Shape,62,44.68,25.19,29.31,81.96,0.07,65.57,0.06,3.64,0.67
2024-10-06,06:30,October,Autumn,V-Shape,62,44.68,25.19,29.31,81.96,0.07,65.57,0.06,3.64,0.67
2024-10-06,06:45,October,Autumn,V-Shape,62,44.68,25.19,29.31,81.96,0.07,65.57,0.06,3.64,0.67
2024-10-06,07:00,October,Autumn,V-Shape,62,136.31,26.08,32.49,80.96,0.2,64.77,0.17,10.99,0.67
2024-10-06,07:15,October,Autumn,V-Shape,62,136.31,26.08,32.49,80.96,0.2,64.77,0.17,10.99,0.67
2024-10-06,07:30,October,Autumn,V-Shape,62,136.31,26.08,32.49,80.96,0.2,64.77,0.17,10.99,0.67
2024-10-06,07:45,October,Autumn,V-Shape,62,136.31,26.08,32.49,80.96,0.2,64.77,0.17,10.99,0.67
2024-10-06,08:00,October,Autumn,V-Shape,62,280.04,27.71,37.71,79.3,0.42,63.44,0.35,22.24,0.67
2024-10-06,08:15,October,Autumn,V-Shape,62,280.04,27.71,37.71,79.3,0.42,63.44,0.35,22.24,0.67
2024-10-06,08:30,October,Autumn,V-Shape,62,280.04,27.71,37.71,79.3,0.42,63.44,0.35,22.24,0.67
2024-10-06,08:45,October,Autumn,V-Shape,62,280.04,27.71,37.71,79.3,0.42,63.44,0.35,22.24,0.67
2024-10-06,09:00,October,Autumn,V-Shape,62,451.92,29.25,43.55,77.45,0.68,61.96,0.57,35.26,0.67
2024-10-06,09:15,October,Autumn,V-Shape,62,451.92,29.25,43.55,77.45,0.68,61.96,0.57,35.26,0.67
2024-10-06,09:30,October,Autumn,V-Shape,62,451.92,29.25,43.55,77.45,0.68,61.96,0.57,35.26,0.67
2024-10-06,09:45,October,Autumn,V-Shape,62,451.92,29.25,43.55,77.45,0.68,61.96,0.57,35.26,0.67
2024-10-06,10:00,October,Autumn,V-Shape,62,504.92,30.11,45.73,76.76,0.76,61.41,0.64,39.12,0.67
2024-10-06,10:15,October,Autumn,V-Shape,62,504.92,30.11,45.73,76.76,0.76,61.41,0.64,39.12,0.67
2024-10-06,10:30,October,Autumn,V-Shape,62,504.92,30.11,45.73,76.76,0.76,61.41,0.64,39.12,0.67
2024-10-06,10:45,October,Autumn,V-Shape,62,504.92,30.11,45.73,76.76,0.76,61.41,0.64,39.12,0.67
2024-10-06,11:00,October,Autumn,V-Shape,62,758.26,30.64,52.6,74.59,1.15,59.67,0.96,57.48,0.67
2024-10-06,11:15,October,Autumn,V-Shape,62,758.26,30.64,52.6,74.59,1.15,59.67,0.96,57.48,0.67
2024-10-06,11:30,October,Autumn,V-Shape,62,758.26,30.64,52.6,74.59,1.15,59.67,0.96,57.48,0.67
2024-10-06,11:45,October,Autumn,V-Shape,62,758.26,30.64,52.6,74.59,1.15,59.67,0.96,57.48,0.67
2024-10-06,12:00,October,Autumn,V-Shape,62,511.53,30.71,46.5,76.52,0.77,61.22,0.65,39.54,0.67
2024-10-06,12:15,October,Autumn,V-Shape,62,511.53,30.71,46.5,76.52,0.77,61.22,0.65,39.54,0.67
2024-10-06,12:30,October,Autumn,V-Shape,62,511.53,30.71,46.5,76.52,0.77,61.22,0.65,39.54,0.67
2024-10-06,12:45,October,Autumn,V-Shape,62,511.53,30.71,46.5,76.52,0.77,61.22,0.65,39.54,0.67
2024-10-06,13:00,October,Autumn,V-Shape,62,338.73,30.5,41.97,77.96,0.51,62.36,0.43,26.56,0.67
2024-10-06,13:15,October,Autumn,V-Shape,62,338.73,30.5,41.97,77.96,0.51,62.36,0.43,26.56,0.67
2024-10-06,13:30,October,Autumn,V-Shape,62,338.73,30.5,41.97,77.96,0.51,62.36,0.43,26.56,0.67
2024-10-06,13:45,October,Autumn,V-Shape,62,338.73,30.5,41.97,77.96,0.51,62.36,0.43,26.56,0.67
2024-10-06,14:00,October,Autumn,V-Shape,62,187.14,30.18,37.86,79.26,0.28,63.41,0.23,14.86,0.67
2024-10-06,14:15,October,Autumn,V-Shape,62,187.14,30.18,37.86,79.26,0.28,63.41,0.23,14.86,0.67
2024-10-06,14:30,October,Autumn,V-Shape,62,187.14,30.18,37.86,79.26,0.28,63.41,0.23,14.86,0.67
2024-10-06,14:45,October,Autumn,V-Shape,62,187.14,30.18,37.86,79.26,0.28,63.41,0.23,14.86,0.67
2024-10-06,15:00,October,Autumn,V-Shape,62,103.22,29.7,35.28,80.07,0.15,64.06,0.13,8.26,0.67
2024-10-06,15:15,October,Autumn,V-Shape,62,103.22,29.7,35.28,80.07,0.15,64.06,0.13,8.26,0.67
2024-10-06,15:30,October,Autumn,V-Shape,62,103.22,29.7,35.28,80.07,0.15,64.06,0.13,8.26,0.67
2024-10-06,15:45,October,Autumn,V-Shape,62,103.22,29.7,35.28,80.07,0.15,64.06,0.13,8.26,0.67
2024-10-06,16:00,October,Autumn,V-Shape,62,51.05,28.97,33.25,80.72,0.08,64.57,0.06,4.11,0.67
2024-10-06,16:15,October,Autumn,V-Shape,62,51.05,28.97,33.25,80.72,0.08,64.57,0.06,4.11,0.67
2024-10-06,16:30,October,Autumn,V-Shape,62,51.05,28.97,33.25,80.72,0.08,64.57,0.06,4.11,0.67
2024-10-06,16:45,October,Autumn,V-Shape,62,51.05,28.97,33.25,80.72,0.08,64.57,0.06,4.11,0.67
2024-10-06,17:00,October,Autumn,V-Shape,62,5.81,27.9,31.05,81.41,0.01,65.13,0.01,0.47,0.67
2024-10-06,17:15,October,Autumn,V-Shape,62,5.81,27.9,31.05,81.41,0.01,65.13,0.01,0.47,0.67
2024-10-06,17:30,October,Autumn,V-Shape,62,5.81,27.9,31.05,81.41,0.01,65.13,0.01,0.47,0.67
2024-10-06,17:45,October,Autumn,V-Shape,62,5.81,27.9,31.05,81.41,0.01,65.13,0.01,0.47,0.67
2024-10-07,06:00,October,Autumn,V-Shape,62,75.73,24.78,29.67,81.85,0.11,65.48,0.09,6.16,0.67
2024-10-07,06:15,October,Autumn,V-Shape,62,75.73,24.78,29.67,81.85,0.11,65.48,0.09,6.16,0.67
2024-10-07,06:30,October,Autumn,V-Shape,62,75.73,24.78,29.67,81.85,0.11,65.48,0.09,6.16,0.67
2024-10-07,06:45,October,Autumn,V-Shape,62,75.73,24.78,29.67,81.85,0.11,65.48,0.09,6.16,0.67
2024-10-07,07:00,October,Autumn,V-Shape,62,234.34,26.47,35.33,80.06,0.35,64.05,0.29,18.74,0.67
2024-10-07,07:15,October,Autumn,V-Shape,62,234.34,26.47,35.33,80.06,0.35,64.05,0.29,18.74,0.67
2024-10-07,07:30,October,Autumn,V-Shape,62,234.34,26.47,35.33,80.06,0.35,64.05,0.29,18.74,0.67
2024-10-07,07:45,October,Autumn,V-Shape,62,234.34,26.47,35.33,80.06,0.35,64.05,0.29,18.74,0.67
2024-10-07,08:00,October,Autumn,V-Shape,62,409.68,28.51,41.75,78.02,0.61,62.42,0.51,32.14,0.67
2024-10-07,08:15,October,Autumn,V-Shape,62,409.68,28.51,41.75,78.02,0.61,62.42,0.51,32.14,0.67
2024-10-07,08:30,October,Autumn,V-Shape,62,409.68,28.51,41.75,78.02,0.61,62.42,0.51,32.14,0.67
2024-10-07,08:45,October,Autumn,V-Shape,62,409.68,28.51,41.75,78.02,0.61,62.42,0.51,32.14,0.67
2024-10-07,09:00,October,Autumn,V-Shape,62,554.61,30.33,47.2,76.3,0.84,61.04,0.7,42.78,0.67
2024-10-07,09:15,October,Autumn,V-Shape,62,554.61,30.33,47.2,76.3,0.84,61.04,0.7,42.78,0.67
2024-10-07,09:30,October,Autumn,V-Shape,62,554.61,30.33,47.2,76.3,0.84,61.04,0.7,42.78,0.67
2024-10-07,09:45,October,Autumn,V-Shape,62,554.61,30.33,47.2,76.3,0.84,61.04,0.7,42.78,0.67
2024-10-07,10:00,October,Autumn,V-Shape,62,587.97,31.57,49.27,75.64,0.89,60.51,0.74,45.05,0.67
2024-10-07,10:15,October,Autumn,V-Shape,62,587.97,31.57,49.27,75.64,0.89,60.51,0.74,45.05,0.67
2024-10-07,10:30,October,Autumn,V-Shape,62,587.97,31.57,49.27,75.64,0.89,60.51,0.74,45.05,0.67
2024-10-07,10:45,October,Autumn,V-Shape,62,587.97,31.57,49.27,75.64,0.89,60.51,0.74,45.05,0.67
2024-10-07,11:00,October,Autumn,V-Shape,62,645.17,32.27,51.4,74.97,0.98,59.98,0.82,49.09,0.67
2024-10-07,11:15,October,Autumn,V-Shape,62,645.17,32.27,51.4,74.97,0.98,59.98,0.82,49.09,0.67
2024-10-07,11:30,October,Autumn,V-Shape,62,645.17,32.27,51.4,74.97,0.98,59.98,0.82,49.09,0.67
2024-10-07,11:45,October,Autumn,V-Shape,62,645.17,32.27,51.4,74.97,0.98,59.98,0.82,49.09,0.67
2024-10-07,12:00,October,Autumn,V-Shape,62,650.26,32.18,51.44,74.96,0.99,59.97,0.83,49.48,0.67
2024-10-07,12:15,October,Autumn,V-Shape,62,650.26,32.18,51.44,74.96,0.99,59.97,0.83,49.48,0.67
2024-10-07,12:30,October,Autumn,V-Shape,62,650.26,32.18,51.44,74.96,0.99,59.97,0.83,49.48,0.67
2024-10-07,12:45,October,Autumn,V-Shape,62,650.26,32.18,51.44,74.96,0.99,59.97,0.83,49.48,0.67
2024-10-07,13:00,October,Autumn,V-Shape,62,546.56,31.34,48.0,76.04,0.83,60.84,0.69,42.05,0.67
2024-10-07,13:15,October,Autumn,V-Shape,62,546.56,31.34,48.0,76.04,0.83,60.84,0.69,42.05,0.67
2024-10-07,13:30,October,Autumn,V-Shape,62,546.56,31.34,48.0,76.04,0.83,60.84,0.69,42.05,0.67
2024-10-07,13:45,October,Autumn,V-Shape,62,546.56,31.34,48.0,76.04,0.83,60.84,0.69,42.05,0.67
2024-10-07,14:00,October,Autumn,V-Shape,62,459.43,30.17,44.66,77.1,0.69,61.68,0.58,35.72,0.67
2024-10-07,14:15,October,Autumn,V-Shape,62,459.43,30.17,44.66,77.1,0.69,61.68,0.58,35.72,0.67
2024-10-07,14:30,October,Autumn,V-Shape,62,459.43,30.17,44.66,77.1,0.69,61.68,0.58,35.72,0.67
2024-10-07,14:45,October,Autumn,V-Shape,62,459.43,30.17,44.66,77.1,0.69,61.68,0.58,35.72,0.67
2024-10-07,15:00,October,Autumn,V-Shape,62,278.75,28.89,38.86,78.94,0.42,63.15,0.35,22.06,0.67
2024-10-07,15:15,October,Autumn,V-Shape,62,278.75,28.89,38.86,78.94,0.42,63.15,0.35,22.06,0.67
2024-10-07,15:30,October,Autumn,V-Shape,62,278.75,28.89,38.86,78.94,0.42,63.15,0.35,22.06,0.67
2024-10-07,15:45,October,Autumn,V-Shape,62,278.75,28.89,38.86,78.94,0.42,63.15,0.35,22.06,0.67
2024-10-07,16:00,October,Autumn,V-Shape,62,145.32,27.56,34.19,80.42,0.22,64.33,0.18,11.66,0.67
2024-10-07,16:15,October,Autumn,V-Shape,62,145.32,27.56,34.19,80.42,0.22,64.33,0.18,11.66,0.67
2024-10-07,16:30,October,Autumn,V-Shape,62,145.32,27.56,34.19,80.42,0.22,64.33,0.18,11.66,0.67
2024-10-07,16:45,October,Autumn,V-Shape,62,145.32,27.56,34.19,80.42,0.22,64.33,0.18,11.66,0.67
2024-10-07,17:00,October,Autumn,V-Shape,62,7.56,26.65,29.84,81.8,0.01,65.44,0.01,0.61,0.67
2024-10-07,17:15,October,Autumn,V-Shape,62,7.56,26.65,29.84,81.8,0.01,65.44,0.01,0.61,0.67
2024-10-07,17:30,October,Autumn,V-Shape,62,7.56,26.65,29.84,81.8,0.01,65.44,0.01,0.61,0.67
2024-10-07,17:45,October,Autumn,V-Shape,62,7.56,26.65,29.84,81.8,0.01,65.44,0.01,0.61,0.67
2024-10-08,06:00,October,Autumn,V-Shape,62,120.65,24.73,30.75,81.51,0.18,65.21,0.15,9.78,0.67
2024-10-08,06:15,October,Autumn,V-Shape,62,120.65,24.73,30.75,81.51,0.18,65.21,0.15,9.78,0.67
2024-10-08,06:30,October,Autumn,V-Shape,62,120.65,24.73,30.75,81.51,0.18,65.21,0.15,9.78,0.67
2024-10-08,06:45,October,Autumn,V-Shape,62,120.65,24.73,30.75,81.51,0.18,65.21,0.15,9.78,0.67
2024-10-08,07:00,October,Autumn,V-Shape,62,350.88,26.13,37.9,79.24,0.52,63.39,0.44,27.85,0.67
2024-10-08,07:15,October,Autumn,V-Shape,62,350.88,26.13,37.9,79.24,0.52,63.39,0.44,27.85,0.67
2024-10-08,07:30,October,Autumn,V-Shape,62,350.88,26.13,37.9,79.24,0.52,63.39,0.44,27.85,0.67
2024-10-08,07:45,October,Autumn,V-Shape,62,350.88,26.13,37.9,79.24,0.52,63.39,0.44,27.85,0.67
2024-10-08,08:00,October,Autumn,V-Shape,62,579.95,27.65,45.15,76.95,0.87,61.56,0.73,45.02,0.67
2024-10-08,08:15,October,Autumn,V-Shape,62,579.95,27.65,45.15,76.95,0.87,61.56,0.73,45.02,0.67
2024-10-08,08:30,October,Autumn,V-Shape,62,579.95,27.65,45.15,76.95,0.87,61.56,0.73,45.02,0.67
2024-10-08,08:45,October,Autumn,V-Shape,62,579.95,27.65,45.15,76.95,0.87,61.56,0.73,45.02,0.67
2024-10-08,09:00,October,Autumn,V-Shape,62,693.21,28.91,49.24,75.65,1.05,60.52,0.88,53.12,0.67
2024-10-08,09:15,October,Autumn,V-Shape,62,693.21,28.91,49.24,75.65,1.05,60.52,0.88,53.12,0.67
2024-10-08,09:30,October,Autumn,V-Shape,62,693.21,28.91,49.24,75.65,1.05,60.52,0.88,53.12,0.67
2024-10-08,09:45,October,Autumn,V-Shape,62,693.21,28.91,49.24,75.65,1.05,60.52,0.88,53.12,0.67
2024-10-08,10:00,October,Autumn,V-Shape,62,797.11,29.74,52.67,74.57,1.21,59.65,1.01,60.41,0.67
2024-10-08,10:15,October,Autumn,V-Shape,62,797.11,29.74,52.67,74.57,1.21,59.65,1.01,60.41,0.67
2024-10-08,10:30,October,Autumn,V-Shape,62,797.11,29.74,52.67,74.57,1.21,59.65,1.01,60.41,0.67
2024-10-08,10:45,October,Autumn,V-Shape,62,797.11,29.74,52.67,74.57,1.21,59.65,1.01,60.41,0.67
2024-10-08,11:00,October,Autumn,V-Shape,62,660.87,30.35,49.87,75.45,1.0,60.36,0.84,50.54,0.67
2024-10-08,11:15,October,Autumn,V-Shape,62,660.87,30.35,49.87,75.45,1.0,60.36,0.84,50.54,0.67
2024-10-08,11:30,October,Autumn,V-Shape,62,660.87,30.35,49.87,75.45,1.0,60.36,0.84,50.54,0.67
2024-10-08,11:45,October,Autumn,V-Shape,62,660.87,30.35,49.87,75.45,1.0,60.36,0.84,50.54,0.67
2024-10-08,12:00,October,Autumn,V-Shape,62,655.41,30.63,50.02,75.41,0.99,60.33,0.83,50.1,0.67
2024-10-08,12:15,October,Autumn,V-Shape,62,655.41,30.63,50.02,75.41,0.99,60.33,0.83,50.1,0.67
2024-10-08,12:30,October,Autumn,V-Shape,62,655.41,30.63,50.02,75.41,0.99,60.33,0.83,50.1,0.67
2024-10-08,12:45,October,Autumn,V-Shape,62,655.41,30.63,50.02,75.41,0.99,60.33,0.83,50.1,0.67
2024-10-08,13:00,October,Autumn,V-Shape,62,574.12,30.79,48.14,76.0,0.87,60.8,0.73,44.15,0.67
2024-10-08,13:15,October,Autumn,V-Shape,62,574.12,30.79,48.14,76.0,0.87,60.8,0.73,44.15,0.67
2024-10-08,13:30,October,Autumn,V-Shape,62,574.12,30.79,48.14,76.0,0.87,60.8,0.73,44.15,0.67
2024-10-08,13:45,October,Autumn,V-Shape,62,574.12,30.79,48.14,76.0,0.87,60.8,0.73,44.15,0.67
2024-10-08,14:00,October,Autumn,V-Shape,62,431.2,30.62,44.4,77.19,0.65,61.75,0.54,33.55,0.67
2024-10-08,14:15,October,Autumn,V-Shape,62,431.2,30.62,44.4,77.19,0.65,61.75,0.54,33.55,0.67
2024-10-08,14:30,October,Autumn,V-Shape,62,431.2,30.62,44.4,77.19,0.65,61.75,0.54,33.55,0.67
2024-10-08,14:45,October,Autumn,V-Shape,62,431.2,30.62,44.4,77.19,0.65,61.75,0.54,33.55,0.67
2024-10-08,15:00,October,Autumn,V-Shape,62,277.15,30.22,40.15,78.53,0.42,62.82,0.35,21.85,0.67
2024-10-08,15:15,October,Autumn,V-Shape,62,277.15,30.22,40.15,78.53,0.42,62.82,0.35,21.85,0.67
2024-10-08,15:30,October,Autumn,V-Shape,62,277.15,30.22,40.15,78.53,0.42,62.82,0.35,21.85,0.67
2024-10-08,15:45,October,Autumn,V-Shape,62,277.15,30.22,40.15,78.53,0.42,62.82,0.35,21.85,0.67
2024-10-08,16:00,October,Autumn,V-Shape,62,113.77,29.44,35.28,80.07,0.17,64.06,0.14,9.1,0.67
2024-10-08,16:15,October,Autumn,V-Shape,62,113.77,29.44,35.28,80.07,0.17,64.06,0.14,9.1,0.67
2024-10-08,16:30,October,Autumn,V-Shape,62,113.77,29.44,35.28,80.07,0.17,64.06,0.14,9.1,0.67
2024-10-08,16:45,October,Autumn,V-Shape,62,113.77,29.44,35.28,80.07,0.17,64.06,0.14,9.1,0.67
2024-10-08,17:00,October,Autumn,V-Shape,62,9.5,28.03,31.27,81.34,0.01,65.07,0.01,0.77,0.67
2024-10-08,17:15,October,Autumn,V-Shape,62,9.5,28.03,31.27,81.34,0.01,65.07,0.01,0.77,0.67
2024-10-08,17:30,October,Autumn,V-Shape,62,9.5,28.03,31.27,81.34,0.01,65.07,0.01,0.77,0.67
2024-10-08,17:45,October,Autumn,V-Shape,62,9.5,28.03,31.27,81.34,0.01,65.07,0.01,0.77,0.67
2024-10-09,06:00,October,Autumn,V-Shape,62,124.19,25.4,31.5,81.27,0.18,65.01,0.15,10.05,0.67
2024-10-09,06:15,October,Autumn,V-Shape,62,124.19,25.4,31.5,81.27,0.18,65.01,0.15,10.05,0.67
2024-10-09,06:30,October,Autumn,V-Shape,62,124.19,25.4,31.5,81.27,0.18,65.01,0.15,10.05,0.67
2024-10-09,06:45,October,Autumn,V-Shape,62,124.19,25.4,31.5,81.27,0.18,65.01,0.15,10.05,0.67
2024-10-09,07:00,October,Autumn,V-Shape,62,340.55,26.67,38.18,79.15,0.51,63.32,0.43,27.01,0.67
2024-10-09,07:15,October,Autumn,V-Shape,62,340.55,26.67,38.18,79.15,0.51,63.32,0.43,27.01,0.67
2024-10-09,07:30,October,Autumn,V-Shape,62,340.55,26.67,38.18,79.15,0.51,63.32,0.43,27.01,0.67
2024-10-09,07:45,October,Autumn,V-Shape,62,340.55,26.67,38.18,79.15,0.51,63.32,0.43,27.01,0.67
2024-10-09,08:00,October,Autumn,V-Shape,62,562.51,28.52,45.58,76.81,0.85,61.45,0.71,43.61,0.67
2024-10-09,08:15,October,Autumn,V-Shape,62,562.51,28.52,45.58,76.81,0.85,61.45,0.71,43.61,0.67
2024-10-09,08:30,October,Autumn,V-Shape,62,562.51,28.52,45.58,76.81,0.85,61.45,0.71,43.61,0.67
2024-10-09,08:45,October,Autumn,V-Shape,62,562.51,28.52,45.58,76.81,0.85,61.45,0.71,43.61,0.67
2024-10-09,09:00,October,Autumn,V-Shape,62,739.67,30.51,52.0,74.78,1.12,59.82,0.94,56.18,0.67
2024-10-09,09:15,October,Autumn,V-Shape,62,739.67,30.51,52.0,74.78,1.12,59.82,0.94,56.18,0.67
2024-10-09,09:30,October,Autumn,V-Shape,62,739.67,30.51,52.0,74.78,1.12,59.82,0.94,56.18,0.67
2024-10-09,09:45,October,Autumn,V-Shape,62,739.67,30.51,52.0,74.78,1.12,59.82,0.94,56.18,0.67
2024-10-09,10:00,October,Autumn,V-Shape,62,678.27,32.23,52.19,74.72,1.03,59.78,0.86,51.48,0.67
2024-10-09,10:15,October,Autumn,V-Shape,62,678.27,32.23,52.19,74.72,1.03,59.78,0.86,51.48,0.67
2024-10-09,10:30,October,Autumn,V-Shape,62,678.27,32.23,52.19,74.72,1.03,59.78,0.86,51.48,0.67
2024-10-09,10:45,October,Autumn,V-Shape,62,678.27,32.23,52.19,74.72,1.03,59.78,0.86,51.48,0.67
2024-10-09,11:00,October,Autumn,V-Shape,62,755.97,33.44,55.34,73.72,1.15,58.98,0.96,56.79,0.67
2024-10-09,11:15,October,Autumn,V-Shape,62,755.97,33.44,55.34,73.72,1.15,58.98,0.96,56.79,0.67
2024-10-09,11:30,October,Autumn,V-Shape,62,755.97,33.44,55.34,73.72,1.15,58.98,0.96,56.79,0.67
2024-10-09,11:45,October,Autumn,V-Shape,62,755.97,33.44,55.34,73.72,1.15,58.98,0.96,56.79,0.67
2024-10-09,12:00,October,Autumn,V-Shape,62,476.09,34.12,49.02,75.72,0.72,60.58,0.6,36.51,0.67
2024-10-09,12:15,October,Autumn,V-Shape,62,476.09,34.12,49.02,75.72,0.72,60.58,0.6,36.51,0.67
2024-10-09,12:30,October,Autumn,V-Shape,62,476.09,34.12,49.02,75.72,0.72,60.58,0.6,36.51,0.67
2024-10-09,12:45,October,Autumn,V-Shape,62,476.09,34.12,49.02,75.72,0.72,60.58,0.6,36.51,0.67
2024-10-09,13:00,October,Autumn,V-Shape,62,371.57,34.31,46.6,76.49,0.56,61.19,0.47,28.71,0.67
2024-10-09,13:15,October,Autumn,V-Shape,62,371.57,34.31,46.6,76.49,0.56,61.19,0.47,28.71,0.67
2024-10-09,13:30,October,Autumn,V-Shape,62,371.57,34.31,46.6,76.49,0.56,61.19,0.47,28.71,0.67
2024-10-09,13:45,October,Autumn,V-Shape,62,371.57,34.31,46.6,76.49,0.56,61.19,0.47,28.71,0.67
2024-10-09,14:00,October,Autumn,V-Shape,62,205.93,33.94,42.09,77.92,0.31,62.33,0.26,16.14,0.67
2024-10-09,14:15,October,Autumn,V-Shape,62,205.93,33.94,42.09,77.92,0.31,62.33,0.26,16.14,0.67
2024-10-09,14:30,October,Autumn,V-Shape,62,205.93,33.94,42.09,77.92,0.31,62.33,0.26,16.14,0.67
2024-10-09,14:45,October,Autumn,V-Shape,62,205.93,33.94,42.09,77.92,0.31,62.33,0.26,16.14,0.67
2024-10-09,15:00,October,Autumn,V-Shape,62,123.14,33.1,39.18,78.84,0.18,63.07,0.15,9.74,0.67
2024-10-09,15:15,October,Autumn,V-Shape,62,123.14,33.1,39.18,78.84,0.18,63.07,0.15,9.74,0.67
2024-10-09,15:30,October,Autumn,V-Shape,62,123.14,33.1,39.18,78.84,0.18,63.07,0.15,9.74,0.67
2024-10-09,15:45,October,Autumn,V-Shape,62,123.14,33.1,39.18,78.84,0.18,63.07,0.15,9.74,0.67
2024-10-09,16:00,October,Autumn,V-Shape,62,54.81,31.71,36.08,79.82,0.08,63.86,0.07,4.37,0.67
2024-10-09,16:15,October,Autumn,V-Shape,62,54.81,31.71,36.08,79.82,0.08,63.86,0.07,4.37,0.67
2024-10-09,16:30,October,Autumn,V-Shape,62,54.81,31.71,36.08,79.82,0.08,63.86,0.07,4.37,0.67
2024-10-09,16:45,October,Autumn,V-Shape,62,54.81,31.71,36.08,79.82,0.08,63.86,0.07,4.37,0.67
2024-10-10,06:00,October,Autumn,V-Shape,62,108.68,25.09,30.81,81.49,0.16,65.19,0.14,8.81,0.67
2024-10-10,06:15,October,Autumn,V-Shape,62,108.68,25.09,30.81,81.49,0.16,65.19,0.14,8.81,0.67
2024-10-10,06:30,October,Autumn,V-Shape,62,108.68,25.09,30.81,81.49,0.16,65.19,0.14,8.81,0.67
2024-10-10,06:45,October,Autumn,V-Shape,62,108.68,25.09,30.81,81.49,0.16,65.19,0.14,8.81,0.67
2024-10-10,07:00,October,Autumn,V-Shape,62,310.4,26.56,37.32,79.43,0.46,63.54,0.39,24.68,0.67
2024-10-10,07:15,October,Autumn,V-Shape,62,310.4,26.56,37.32,79.43,0.46,63.54,0.39,24.68,0.67
2024-10-10,07:30,October,Autumn,V-Shape,62,310.4,26.56,37.32,79.43,0.46,63.54,0.39,24.68,0.67
2024-10-10,07:45,October,Autumn,V-Shape,62,310.4,26.56,37.32,79.43,0.46,63.54,0.39,24.68,0.67
2024-10-10,08:00,October,Autumn,V-Shape,62,529.48,28.93,45.17,76.94,0.8,61.55,0.67,41.1,0.67
2024-10-10,08:15,October,Autumn,V-Shape,62,529.48,28.93,45.17,76.94,0.8,61.55,0.67,41.1,0.67
2024-10-10,08:30,October,Autumn,V-Shape,62,529.48,28.93,45.17,76.94,0.8,61.55,0.67,41.1,0.67
2024-10-10,08:45,October,Autumn,V-Shape,62,529.48,28.93,45.17,76.94,0.8,61.55,0.67,41.1,0.67
2024-10-10,09:00,October,Autumn,V-Shape,62,646.75,31.05,50.22,75.34,0.98,60.27,0.82,49.4,0.67
2024-10-10,09:15,October,Autumn,V-Shape,62,646.75,31.05,50.22,75.34,0.98,60.27,0.82,49.4,0.67
2024-10-10,09:30,October,Autumn,V-Shape,62,646.75,31.05,50.22,75.34,0.98,60.27,0.82,49.4,0.67
2024-10-10,09:45,October,Autumn,V-Shape,62,646.75,31.05,50.22,75.34,0.98,60.27,0.82,49.4,0.67
2024-10-10,10:00,October,Autumn,V-Shape,62,707.07,32.47,53.15,74.42,1.07,59.53,0.9,53.5,0.67
2024-10-10,10:15,October,Autumn,V-Shape,62,707.07,32.47,53.15,74.42,1.07,59.53,0.9,53.5,0.67
2024-10-10,10:30,October,Autumn,V-Shape,62,707.07,32.47,53.15,74.42,1.07,59.53,0.9,53.5,0.67
2024-10-10,10:45,October,Autumn,V-Shape,62,707.07,32.47,53.15,74.42,1.07,59.53,0.9,53.5,0.67
2024-10-10,11:00,October,Autumn,V-Shape,62,745.79,33.32,54.96,73.84,1.13,59.07,0.95,56.09,0.67
2024-10-10,11:15,October,Autumn,V-Shape,62,745.79,33.32,54.96,73.84,1.13,59.07,0.95,56.09,0.67
2024-10-10,11:30,October,Autumn,V-Shape,62,745.79,33.32,54.96,73.84,1.13,59.07,0.95,56.09,0.67
2024-10-10,11:45,October,Autumn,V-Shape,62,745.79,33.32,54.96,73.84,1.13,59.07,0.95,56.09,0.67
2024-10-10,12:00,October,Autumn,V-Shape,62,756.76,33.75,55.67,73.62,1.15,58.89,0.96,56.78,0.67
2024-10-10,12:15,October,Autumn,V-Shape,62,756.76,33.75,55.67,73.62,1.15,58.89,0.96,56.78,0.67
2024-10-10,12:30,October,Autumn,V-Shape,62,756.76,33.75,55.67,73.62,1.15,58.89,0.96,56.78,0.67
2024-10-10,12:45,October,Autumn,V-Shape,62,756.76,33.75,55.67,73.62,1.15,58.89,0.96,56.78,0.67
2024-10-10,13:00,October,Autumn,V-Shape,62,572.72,33.38,50.7,75.19,0.87,60.15,0.73,43.68,0.67
2024-10-10,13:15,October,Autumn,V-Shape,62,572.72,33.38,50.7,75.19,0.87,60.15,0.73,43.68,0.67
2024-10-10,13:30,October,Autumn,V-Shape,62,572.72,33.38,50.7,75.19,0.87,60.15,0.73,43.68,0.67
2024-10-10,13:45,October,Autumn,V-Shape,62,572.72,33.38,50.7,75.19,0.87,60.15,0.73,43.68,0.67
2024-10-10,14:00,October,Autumn,V-Shape,62,501.03,32.56,48.09,76.02,0.76,60.81,0.63,38.53,0.67
2024-10-10,14:15,October,Autumn,V-Shape,62,501.03,32.56,48.09,76.02,0.76,60.81,0.63,38.53,0.67
2024-10-10,14:30,October,Autumn,V-Shape,62,501.03,32.56,48.09,76.02,0.76,60.81,0.63,38.53,0.67
2024-10-10,14:45,October,Autumn,V-Shape,62,501.03,32.56,48.09,76.02,0.76,60.81,0.63,38.53,0.67
2024-10-10,15:00,October,Autumn,V-Shape,62,323.9,31.53,42.63,77.75,0.49,62.2,0.41,25.34,0.67
2024-10-10,15:15,October,Autumn,V-Shape,62,323.9,31.53,42.63,77.75,0.49,62.2,0.41,25.34,0.67
2024-10-10,15:30,October,Autumn,V-Shape,62,323.9,31.53,42.63,77.75,0.49,62.2,0.41,25.34,0.67
2024-10-10,15:45,October,Autumn,V-Shape,62,323.9,31.53,42.63,77.75,0.49,62.2,0.41,25.34,0.67
2024-10-10,16:00,October,Autumn,V-Shape,62,142.3,30.11,36.67,79.63,0.21,63.71,0.18,11.34,0.67
2024-10-10,16:15,October,Autumn,V-Shape,62,142.3,30.11,36.67,79.63,0.21,63.71,0.18,11.34,0.67
2024-10-10,16:30,October,Autumn,V-Shape,62,142.3,30.11,36.67,79.63,0.21,63.71,0.18,11.34,0.67
2024-10-10,16:45,October,Autumn,V-Shape,62,142.3,30.11,36.67,79.63,0.21,63.71,0.18,11.34,0.67
2024-10-10,17:00,October,Autumn,V-Shape,62,10.19,28.5,31.75,81.19,0.02,64.95,0.01,0.82,0.67
2024-10-10,17:15,October,Autumn,V-Shape,62,10.19,28.5,31.75,81.19,0.02,64.95,0.01,0.82,0.67
2024-10-10,17:30,October,Autumn,V-Shape,62,10.19,28.5,31.75,81.19,0.02,64.95,0.01,0.82,0.67
2024-10-10,17:45,October,Autumn,V-Shape,62,10.19,28.5,31.75,81.19,0.02,64.95,0.01,0.82,0.67
2024-10-11,06:00,October,Autumn,V-Shape,62,104.24,24.69,30.3,81.65,0.15,65.32,0.13,8.46,0.67
2024-10-11,06:15,October,Autumn,V-Shape,62,104.24,24.69,30.3,81.65,0.15,65.32,0.13,8.46,0.67
2024-10-11,06:30,October,Autumn,V-Shape,62,104.24,24.69,30.3,81.65,0.15,65.32,0.13,8.46,0.67
2024-10-11,06:45,October,Autumn,V-Shape,62,104.24,24.69,30.3,81.65,0.15,65.32,0.13,8.46,0.67
2024-10-11,07:00,October,Autumn,V-Shape,62,306.78,25.86,36.53,79.68,0.46,63.74,0.38,24.45,0.67
2024-10-11,07:15,October,Autumn,V-Shape,62,306.78,25.86,36.53,79.68,0.46,63.74,0.38,24.45,0.67
2024-10-11,07:30,October,Autumn,V-Shape,62,306.78,25.86,36.53,79.68,0.46,63.74,0.38,24.45,0.67
2024-10-11,07:45,October,Autumn,V-Shape,62,306.78,25.86,36.53,79.68,0.46,63.74,0.38,24.45,0.67
2024-10-11,08:00,October,Autumn,V-Shape,62,506.5,27.9,43.56,77.45,0.76,61.96,0.64,39.51,0.67
2024-10-11,08:15,October,Autumn,V-Shape,62,506.5,27.9,43.56,77.45,0.76,61.96,0.64,39.51,0.67
2024-10-11,08:30,October,Autumn,V-Shape,62,506.5,27.9,43.56,77.45,0.76,61.96,0.64,39.51,0.67
2024-10-11,08:45,October,Autumn,V-Shape,62,506.5,27.9,43.56,77.45,0.76,61.96,0.64,39.51,0.67
2024-10-11,09:00,October,Autumn,V-Shape,62,623.05,29.68,48.26,75.96,0.94,60.77,0.79,47.89,0.67
2024-10-11,09:15,October,Autumn,V-Shape,62,623.05,29.68,48.26,75.96,0.94,60.77,0.79,47.89,0.67
2024-10-11,09:30,October,Autumn,V-Shape,62,623.05,29.68,48.26,75.96,0.94,60.77,0.79,47.89,0.67
2024-10-11,09:45,October,Autumn,V-Shape,62,623.05,29.68,48.26,75.96,0.94,60.77,0.79,47.89,0.67
2024-10-11,10:00,October,Autumn,V-Shape,62,654.91,30.97,50.34,75.3,0.99,60.24,0.83,50.01,0.67
2024-10-11,10:15,October,Autumn,V-Shape,62,654.91,30.97,50.34,75.3,0.99,60.24,0.83,50.01,0.67
2024-10-11,10:30,October,Autumn,V-Shape,62,654.91,30.97,50.34,75.3,0.99,60.24,0.83,50.01,0.67
2024-10-11,10:45,October,Autumn,V-Shape,62,654.91,30.97,50.34,75.3,0.99,60.24,0.83,50.01,0.67
2024-10-11,11:00,October,Autumn,V-Shape,62,668.72,31.64,51.36,74.98,1.01,59.99,0.85,50.89,0.67
2024-10-11,11:15,October,Autumn,V-Shape,62,668.72,31.64,51.36,74.98,1.01,59.99,0.85,50.89,0.67
2024-10-11,11:30,October,Autumn,V-Shape,62,668.72,31.64,51.36,74.98,1.01,59.99,0.85,50.89,0.67
2024-10-11,11:45,October,Autumn,V-Shape,62,668.72,31.64,51.36,74.98,1.01,59.99,0.85,50.89,0.67
2024-10-11,12:00,October,Autumn,V-Shape,62,621.63,31.75,50.29,75.32,0.94,60.26,0.79,47.47,0.67
2024-10-11,12:15,October,Autumn,V-Shape,62,621.63,31.75,50.29,75.32,0.94,60.26,0.79,47.47,0.67
2024-10-11,12:30,October,Autumn,V-Shape,62,621.63,31.75,50.29,75.32,0.94,60.26,0.79,47.47,0.67
2024-10-11,12:45,October,Autumn,V-Shape,62,621.63,31.75,50.29,75.32,0.94,60.26,0.79,47.47,0.67
2024-10-11,13:00,October,Autumn,V-Shape,62,426.35,31.4,45.06,76.98,0.64,61.58,0.54,33.11,0.67
2024-10-11,13:15,October,Autumn,V-Shape,62,426.35,31.4,45.06,76.98,0.64,61.58,0.54,33.11,0.67
2024-10-11,13:30,October,Autumn,V-Shape,62,426.35,31.4,45.06,76.98,0.64,61.58,0.54,33.11,0.67
2024-10-11,13:45,October,Autumn,V-Shape,62,426.35,31.4,45.06,76.98,0.64,61.58,0.54,33.11,0.67
2024-10-11,14:00,October,Autumn,V-Shape,62,344.3,30.87,42.48,77.79,0.52,62.24,0.43,26.95,0.67
2024-10-11,14:15,October,Autumn,V-Shape,62,344.3,30.87,42.48,77.79,0.52,62.24,0.43,26.95,0.67
2024-10-11,14:30,October,Autumn,V-Shape,62,344.3,30.87,42.48,77.79,0.52,62.24,0.43,26.95,0.67
2024-10-11,14:45,October,Autumn,V-Shape,62,344.3,30.87,42.48,77.79,0.52,62.24,0.43,26.95,0.67
2024-10-11,15:00,October,Autumn,V-Shape,62,211.16,30.36,38.64,79.01,0.32,63.21,0.26,16.72,0.67
2024-10-11,15:15,October,Autumn,V-Shape,62,211.16,30.36,38.64,79.01,0.32,63.21,0.26,16.72,0.67
2024-10-11,15:30,October,Autumn,V-Shape,62,211.16,30.36,38.64,79.01,0.32,63.21,0.26,16.72,0.67
2024-10-11,15:45,October,Autumn,V-Shape,62,211.16,30.36,38.64,79.01,0.32,63.21,0.26,16.72,0.67
2024-10-11,16:00,October,Autumn,V-Shape,62,92.5,29.52,34.83,80.21,0.14,64.17,0.12,7.41,0.67
2024-10-11,16:15,October,Autumn,V-Shape,62,92.5,29.52,34.83,80.21,0.14,64.17,0.12,7.41,0.67
2024-10-11,16:30,October,Autumn,V-Shape,62,92.5,29.52,34.83,80.21,0.14,64.17,0.12,7.41,0.67
2024-10-11,16:45,October,Autumn,V-Shape,62,92.5,29.52,34.83,80.21,0.14,64.17,0.12,7.41,0.67
2024-10-11,17:00,October,Autumn,V-Shape,62,7.38,28.19,31.37,81.31,0.01,65.05,0.01,0.6,0.67
2024-10-11,17:15,October,Autumn,V-Shape,62,7.38,28.19,31.37,81.31,0.01,65.05,0.01,0.6,0.67
2024-10-11,17:30,October,Autumn,V-Shape,62,7.38,28.19,31.37,81.31,0.01,65.05,0.01,0.6,0.67
2024-10-11,17:45,October,Autumn,V-Shape,62,7.38,28.19,31.37,81.31,0.01,65.05,0.01,0.6,0.67
2024-10-12,06:00,October,Autumn,V-Shape,62,94.47,24.7,30.06,81.73,0.14,65.38,0.12,7.67,0.67
2024-10-12,06:15,October,Autumn,V-Shape,62,94.47,24.7,30.06,81.73,0.14,65.38,0.12,7.67,0.67
2024-10-12,06:30,October,Autumn,V-Shape,62,94.47,24.7,30.06,81.73,0.14,65.38,0.12,7.67,0.67
2024-10-12,06:45,October,Autumn,V-Shape,62,94.47,24.7,30.06,81.73,0.14,65.38,0.12,7.67,0.67
2024-10-12,07:00,October,Autumn,V-Shape,62,262.78,25.84,35.41,80.03,0.39,64.03,0.33,21.01,0.67
2024-10-12,07:15,October,Autumn,V-Shape,62,262.78,25.84,35.41,80.03,0.39,64.03,0.33,21.01,0.67
2024-10-12,07:30,October,Autumn,V-Shape,62,262.78,25.84,35.41,80.03,0.39,64.03,0.33,21.01,0.67
2024-10-12,07:45,October,Autumn,V-Shape,62,262.78,25.84,35.41,80.03,0.39,64.03,0.33,21.01,0.67
2024-10-12,08:00,October,Autumn,V-Shape,62,468.17,27.23,41.93,77.97,0.7,62.37,0.59,36.71,0.67
2024-10-12,08:15,October,Autumn,V-Shape,62,468.17,27.23,41.93,77.97,0.7,62.37,0.59,36.71,0.67
2024-10-12,08:30,October,Autumn,V-Shape,62,468.17,27.23,41.93,77.97,0.7,62.37,0.59,36.71,0.67
2024-10-12,08:45,October,Autumn,V-Shape,62,468.17,27.23,41.93,77.97,0.7,62.37,0.59,36.71,0.67
2024-10-12,09:00,October,Autumn,V-Shape,62,690.74,28.6,48.87,75.77,1.04,60.62,0.87,52.99,0.67
2024-10-12,09:15,October,Autumn,V-Shape,62,690.74,28.6,48.87,75.77,1.04,60.62,0.87,52.99,0.67
2024-10-12,09:30,October,Autumn,V-Shape,62,690.74,28.6,48.87,75.77,1.04,60.62,0.87,52.99,0.67
2024-10-12,09:45,October,Autumn,V-Shape,62,690.74,28.6,48.87,75.77,1.04,60.62,0.87,52.99,0.67
2024-10-12,10:00,October,Autumn,V-Shape,62,706.47,29.84,50.5,75.25,1.07,60.2,0.9,53.92,0.67
2024-10-12,10:15,October,Autumn,V-Shape,62,706.47,29.84,50.5,75.25,1.07,60.2,0.9,53.92,0.67
2024-10-12,10:30,October,Autumn,V-Shape,62,706.47,29.84,50.5,75.25,1.07,60.2,0.9,53.92,0.67
2024-10-12,10:45,October,Autumn,V-Shape,62,706.47,29.84,50.5,75.25,1.07,60.2,0.9,53.92,0.67
2024-10-12,11:00,October,Autumn,V-Shape,62,732.01,30.74,52.04,74.77,1.11,59.81,0.93,55.59,0.67
2024-10-12,11:15,October,Autumn,V-Shape,62,732.01,30.74,52.04,74.77,1.11,59.81,0.93,55.59,0.67
2024-10-12,11:30,October,Autumn,V-Shape,62,732.01,30.74,52.04,74.77,1.11,59.81,0.93,55.59,0.67
2024-10-12,11:45,October,Autumn,V-Shape,62,732.01,30.74,52.04,74.77,1.11,59.81,0.93,55.59,0.67
2024-10-12,12:00,October,Autumn,V-Shape,62,652.75,31.0,50.32,75.31,0.99,60.25,0.83,49.85,0.67
2024-10-12,12:15,October,Autumn,V-Shape,62,652.75,31.0,50.32,75.31,0.99,60.25,0.83,49.85,0.67
2024-10-12,12:30,October,Autumn,V-Shape,62,652.75,31.0,50.32,75.31,0.99,60.25,0.83,49.85,0.67
2024-10-12,12:45,October,Autumn,V-Shape,62,652.75,31.0,50.32,75.31,0.99,60.25,0.83,49.85,0.67
2024-10-12,13:00,October,Autumn,V-Shape,62,644.91,31.07,50.19,75.35,0.98,60.28,0.82,49.27,0.67
2024-10-12,13:15,October,Autumn,V-Shape,62,644.91,31.07,50.19,75.35,0.98,60.28,0.82,49.27,0.67
2024-10-12,13:30,October,Autumn,V-Shape,62,644.91,31.07,50.19,75.35,0.98,60.28,0.82,49.27,0.67
2024-10-12,13:45,October,Autumn,V-Shape,62,644.91,31.07,50.19,75.35,0.98,60.28,0.82,49.27,0.67
2024-10-12,14:00,October,Autumn,V-Shape,62,574.56,30.85,48.21,75.98,0.87,60.78,0.73,44.17,0.67
2024-10-12,14:15,October,Autumn,V-Shape,62,574.56,30.85,48.21,75.98,0.87,60.78,0.73,44.17,0.67
2024-10-12,14:30,October,Autumn,V-Shape,62,574.56,30.85,48.21,75.98,0.87,60.78,0.73,44.17,0.67
2024-10-12,14:45,October,Autumn,V-Shape,62,574.56,30.85,48.21,75.98,0.87,60.78,0.73,44.17,0.67
2024-10-12,15:00,October,Autumn,V-Shape,62,352.19,30.27,42.07,77.92,0.53,62.34,0.44,27.6,0.67
2024-10-12,15:15,October,Autumn,V-Shape,62,352.19,30.27,42.07,77.92,0.53,62.34,0.44,27.6,0.67
2024-10-12,15:30,October,Autumn,V-Shape,62,352.19,30.27,42.07,77.92,0.53,62.34,0.44,27.6,0.67
2024-10-12,15:45,October,Autumn,V-Shape,62,352.19,30.27,42.07,77.92,0.53,62.34,0.44,27.6,0.67
2024-10-12,16:00,October,Autumn,V-Shape,62,141.12,29.43,35.96,79.86,0.21,63.89,0.18,11.27,0.67
2024-10-12,16:15,October,Autumn,V-Shape,62,141.12,29.43,35.96,79.86,0.21,63.89,0.18,11.27,0.67
2024-10-12,16:30,October,Autumn,V-Shape,62,141.12,29.43,35.96,79.86,0.21,63.89,0.18,11.27,0.67
2024-10-12,16:45,October,Autumn,V-Shape,62,141.12,29.43,35.96,79.86,0.21,63.89,0.18,11.27,0.67
2024-10-12,17:00,October,Autumn,V-Shape,62,8.19,28.2,31.4,81.3,0.01,65.04,0.01,0.66,0.67
2024-10-12,17:15,October,Autumn,V-Shape,62,8.19,28.2,31.4,81.3,0.01,65.04,0.01,0.66,0.67
2024-10-12,17:30,October,Autumn,V-Shape,62,8.19,28.2,31.4,81.3,0.01,65.04,0.01,0.66,0.67
2024-10-12,17:45,October,Autumn,V-Shape,62,8.19,28.2,31.4,81.3,0.01,65.04,0.01,0.66,0.67
2024-10-13,06:00,October,Autumn,V-Shape,62,78.1,24.91,29.86,81.79,0.12,65.43,0.1,6.35,0.67
2024-10-13,06:15,October,Autumn,V-Shape,62,78.1,24.91,29.86,81.79,0.12,65.43,0.1,6.35,0.67
2024-10-13,06:30,October,Autumn,V-Shape,62,78.1,24.91,29.86,81.79,0.12,65.43,0.1,6.35,0.67
2024-10-13,06:45,October,Autumn,V-Shape,62,78.1,24.91,29.86,81.79,0.12,65.43,0.1,6.35,0.67
2024-10-13,07:00,October,Autumn,V-Shape,62,215.85,25.93,34.33,80.37,0.32,64.3,0.27,17.32,0.67
2024-10-13,07:15,October,Autumn,V-Shape,62,215.85,25.93,34.33,80.37,0.32,64.3,0.27,17.32,0.67
2024-10-13,07:30,October,Autumn,V-Shape,62,215.85,25.93,34.33,80.37,0.32,64.3,0.27,17.32,0.67
2024-10-13,07:45,October,Autumn,V-Shape,62,215.85,25.93,34.33,80.37,0.32,64.3,0.27,17.32,0.67
2024-10-13,08:00,October,Autumn,V-Shape,62,363.28,27.42,39.5,78.74,0.54,62.99,0.46,28.7,0.67
2024-10-13,08:15,October,Autumn,V-Shape,62,363.28,27.42,39.5,78.74,0.54,62.99,0.46,28.7,0.67
2024-10-13,08:30,October,Autumn,V-Shape,62,363.28,27.42,39.5,78.74,0.54,62.99,0.46,28.7,0.67
2024-10-13,08:45,October,Autumn,V-Shape,62,363.28,27.42,39.5,78.74,0.54,62.99,0.46,28.7,0.67
2024-10-13,09:00,October,Autumn,V-Shape,62,416.85,28.89,42.31,77.85,0.63,62.28,0.52,32.65,0.67
2024-10-13,09:15,October,Autumn,V-Shape,62,416.85,28.89,42.31,77.85,0.63,62.28,0.52,32.65,0.67
2024-10-13,09:30,October,Autumn,V-Shape,62,416.85,28.89,42.31,77.85,0.63,62.28,0.52,32.65,0.67
2024-10-13,09:45,October,Autumn,V-Shape,62,416.85,28.89,42.31,77.85,0.63,62.28,0.52,32.65,0.67
2024-10-13,10:00,October,Autumn,V-Shape,62,541.4,29.75,46.29,76.59,0.82,61.27,0.68,41.88,0.67
2024-10-13,10:15,October,Autumn,V-Shape,62,541.4,29.75,46.29,76.59,0.82,61.27,0.68,41.88,0.67
2024-10-13,10:30,October,Autumn,V-Shape,62,541.4,29.75,46.29,76.59,0.82,61.27,0.68,41.88,0.67
2024-10-13,10:45,October,Autumn,V-Shape,62,541.4,29.75,46.29,76.59,0.82,61.27,0.68,41.88,0.67
2024-10-13,11:00,October,Autumn,V-Shape,62,593.22,30.21,48.04,76.03,0.9,60.83,0.75,45.63,0.67
2024-10-13,11:15,October,Autumn,V-Shape,62,593.22,30.21,48.04,76.03,0.9,60.83,0.75,45.63,0.67
2024-10-13,11:30,October,Autumn,V-Shape,62,593.22,30.21,48.04,76.03,0.9,60.83,0.75,45.63,0.67
2024-10-13,11:45,October,Autumn,V-Shape,62,593.22,30.21,48.04,76.03,0.9,60.83,0.75,45.63,0.67
2024-10-13,12:00,October,Autumn,V-Shape,62,654.78,30.48,49.85,75.46,0.99,60.37,0.83,50.08,0.67
2024-10-13,12:15,October,Autumn,V-Shape,62,654.78,30.48,49.85,75.46,0.99,60.37,0.83,50.08,0.67
2024-10-13,12:30,October,Autumn,V-Shape,62,654.78,30.48,49.85,75.46,0.99,60.37,0.83,50.08,0.67
2024-10-13,12:45,October,Autumn,V-Shape,62,654.78,30.48,49.85,75.46,0.99,60.37,0.83,50.08,0.67
2024-10-13,13:00,October,Autumn,V-Shape,62,510.8,30.43,46.2,76.62,0.77,61.29,0.64,39.52,0.67
2024-10-13,13:15,October,Autumn,V-Shape,62,510.8,30.43,46.2,76.62,0.77,61.29,0.64,39.52,0.67
2024-10-13,13:30,October,Autumn,V-Shape,62,510.8,30.43,46.2,76.62,0.77,61.29,0.64,39.52,0.67
2024-10-13,13:45,October,Autumn,V-Shape,62,510.8,30.43,46.2,76.62,0.77,61.29,0.64,39.52,0.67
2024-10-13,14:00,October,Autumn,V-Shape,62,278.12,30.21,40.16,78.53,0.42,62.82,0.35,21.93,0.67
2024-10-13,14:15,October,Autumn,V-Shape,62,278.12,30.21,40.16,78.53,0.42,62.82,0.35,21.93,0.67
2024-10-13,14:30,October,Autumn,V-Shape,62,278.12,30.21,40.16,78.53,0.42,62.82,0.35,21.93,0.67
2024-10-13,14:45,October,Autumn,V-Shape,62,278.12,30.21,40.16,78.53,0.42,62.82,0.35,21.93,0.67
2024-10-13,15:00,October,Autumn,V-Shape,62,166.53,29.87,37.03,79.52,0.25,63.61,0.21,13.25,0.67
2024-10-13,15:15,October,Autumn,V-Shape,62,166.53,29.87,37.03,79.52,0.25,63.61,0.21,13.25,0.67
2024-10-13,15:30,October,Autumn,V-Shape,62,166.53,29.87,37.03,79.52,0.25,63.61,0.21,13.25,0.67
2024-10-13,15:45,October,Autumn,V-Shape,62,166.53,29.87,37.03,79.52,0.25,63.61,0.21,13.25,0.67
2024-10-13,16:00,October,Autumn,V-Shape,62,76.91,29.24,34.16,80.43,0.11,64.34,0.1,6.17,0.67
2024-10-13,16:15,October,Autumn,V-Shape,62,76.91,29.24,34.16,80.43,0.11,64.34,0.1,6.17,0.67
2024-10-13,16:30,October,Autumn,V-Shape,62,76.91,29.24,34.16,80.43,0.11,64.34,0.1,6.17,0.67
2024-10-13,16:45,October,Autumn,V-Shape,62,76.91,29.24,34.16,80.43,0.11,64.34,0.1,6.17,0.67
2024-10-13,17:00,October,Autumn,V-Shape,62,6.59,28.05,31.21,81.36,0.01,65.09,0.01,0.53,0.67
2024-10-13,17:15,October,Autumn,V-Shape,62,6.59,28.05,31.21,81.36,0.01,65.09,0.01,0.53,0.67
2024-10-13,17:30,October,Autumn,V-Shape,62,6.59,28.05,31.21,81.36,0.01,65.09,0.01,0.53,0.67
2024-10-13,17:45,October,Autumn,V-Shape,62,6.59,28.05,31.21,81.36,0.01,65.09,0.01,0.53,0.67
2024-10-14,06:00,October,Autumn,V-Shape,62,49.46,24.68,28.92,82.09,0.07,65.67,0.06,4.03,0.67
2024-10-14,06:15,October,Autumn,V-Shape,62,49.46,24.68,28.92,82.09,0.07,65.67,0.06,4.03,0.67
2024-10-14,06:30,October,Autumn,V-Shape,62,49.46,24.68,28.92,82.09,0.07,65.67,0.06,4.03,0.67
2024-10-14,06:45,October,Autumn,V-Shape,62,49.46,24.68,28.92,82.09,0.07,65.67,0.06,4.03,0.67
2024-10-14,07:00,October,Autumn,V-Shape,62,120.68,25.44,31.46,81.28,0.18,65.03,0.15,9.76,0.67
2024-10-14,07:15,October,Autumn,V-Shape,62,120.68,25.44,31.46,81.28,0.18,65.03,0.15,9.76,0.67
2024-10-14,07:30,October,Autumn,V-Shape,62,120.68,25.44,31.46,81.28,0.18,65.03,0.15,9.76,0.67
2024-10-14,07:45,October,Autumn,V-Shape,62,120.68,25.44,31.46,81.28,0.18,65.03,0.15,9.76,0.67
2024-10-14,08:00,October,Autumn,V-Shape,62,258.28,26.46,35.92,79.87,0.39,63.9,0.32,20.62,0.67
2024-10-14,08:15,October,Autumn,V-Shape,62,258.28,26.46,35.92,79.87,0.39,63.9,0.32,20.62,0.67
2024-10-14,08:30,October,Autumn,V-Shape,62,258.28,26.46,35.92,79.87,0.39,63.9,0.32,20.62,0.67
2024-10-14,08:45,October,Autumn,V-Shape,62,258.28,26.46,35.92,79.87,0.39,63.9,0.32,20.62,0.67
2024-10-14,09:00,October,Autumn,V-Shape,62,440.74,27.65,41.67,78.05,0.66,62.44,0.55,34.59,0.67
2024-10-14,09:15,October,Autumn,V-Shape,62,440.74,27.65,41.67,78.05,0.66,62.44,0.55,34.59,0.67
2024-10-14,09:30,October,Autumn,V-Shape,62,440.74,27.65,41.67,78.05,0.66,62.44,0.55,34.59,0.67
2024-10-14,09:45,October,Autumn,V-Shape,62,440.74,27.65,41.67,78.05,0.66,62.44,0.55,34.59,0.67
2024-10-14,10:00,October,Autumn,V-Shape,62,401.8,28.47,41.52,78.1,0.6,62.48,0.5,31.55,0.67
2024-10-14,10:15,October,Autumn,V-Shape,62,401.8,28.47,41.52,78.1,0.6,62.48,0.5,31.55,0.67
2024-10-14,10:30,October,Autumn,V-Shape,62,401.8,28.47,41.52,78.1,0.6,62.48,0.5,31.55,0.67
2024-10-14,10:45,October,Autumn,V-Shape,62,401.8,28.47,41.52,78.1,0.6,62.48,0.5,31.55,0.67
2024-10-14,11:00,October,Autumn,V-Shape,62,444.55,28.92,43.03,77.62,0.67,62.09,0.56,34.74,0.67
2024-10-14,11:15,October,Autumn,V-Shape,62,444.55,28.92,43.03,77.62,0.67,62.09,0.56,34.74,0.67
2024-10-14,11:30,October,Autumn,V-Shape,62,444.55,28.92,43.03,77.62,0.67,62.09,0.56,34.74,0.67
2024-10-14,11:45,October,Autumn,V-Shape,62,444.55,28.92,43.03,77.62,0.67,62.09,0.56,34.74,0.67
2024-10-14,12:00,October,Autumn,V-Shape,62,323.16,29.24,40.32,78.48,0.48,62.78,0.41,25.46,0.67
2024-10-14,12:15,October,Autumn,V-Shape,62,323.16,29.24,40.32,78.48,0.48,62.78,0.41,25.46,0.67
2024-10-14,12:30,October,Autumn,V-Shape,62,323.16,29.24,40.32,78.48,0.48,62.78,0.41,25.46,0.67
2024-10-14,12:45,October,Autumn,V-Shape,62,323.16,29.24,40.32,78.48,0.48,62.78,0.41,25.46,0.67
2024-10-14,13:00,October,Autumn,V-Shape,62,275.42,29.4,39.29,78.8,0.41,63.04,0.35,21.77,0.67
2024-10-14,13:15,October,Autumn,V-Shape,62,275.42,29.4,39.29,78.8,0.41,63.04,0.35,21.77,0.67
2024-10-14,13:30,October,Autumn,V-Shape,62,275.42,29.4,39.29,78.8,0.41,63.04,0.35,21.77,0.67
2024-10-14,13:45,October,Autumn,V-Shape,62,275.42,29.4,39.29,78.8,0.41,63.04,0.35,21.77,0.67
2024-10-14,14:00,October,Autumn,V-Shape,62,162.85,29.16,36.23,79.77,0.24,63.82,0.2,12.99,0.67
2024-10-14,14:15,October,Autumn,V-Shape,62,162.85,29.16,36.23,79.77,0.24,63.82,0.2,12.99,0.67
2024-10-14,14:30,October,Autumn,V-Shape,62,162.85,29.16,36.23,79.77,0.24,63.82,0.2,12.99,0.67
2024-10-14,14:45,October,Autumn,V-Shape,62,162.85,29.16,36.23,79.77,0.24,63.82,0.2,12.99,0.67
2024-10-14,15:00,October,Autumn,V-Shape,62,107.1,28.49,34.17,80.43,0.16,64.34,0.13,8.6,0.67
2024-10-14,15:15,October,Autumn,V-Shape,62,107.1,28.49,34.17,80.43,0.16,64.34,0.13,8.6,0.67
2024-10-14,15:30,October,Autumn,V-Shape,62,107.1,28.49,34.17,80.43,0.16,64.34,0.13,8.6,0.67
2024-10-14,15:45,October,Autumn,V-Shape,62,107.1,28.49,34.17,80.43,0.16,64.34,0.13,8.6,0.67
2024-10-14,16:00,October,Autumn,V-Shape,62,46.55,27.71,31.87,81.15,0.07,64.92,0.06,3.76,0.67
2024-10-14,16:15,October,Autumn,V-Shape,62,46.55,27.71,31.87,81.15,0.07,64.92,0.06,3.76,0.67
2024-10-14,16:30,October,Autumn,V-Shape,62,46.55,27.71,31.87,81.15,0.07,64.92,0.06,3.76,0.67
2024-10-14,16:45,October,Autumn,V-Shape,62,46.55,27.71,31.87,81.15,0.07,64.92,0.06,3.76,0.67
2024-10-15,06:00,October,Autumn,V-Shape,62,93.05,24.27,29.6,81.87,0.14,65.5,0.12,7.57,0.67
2024-10-15,06:15,October,Autumn,V-Shape,62,93.05,24.27,29.6,81.87,0.14,65.5,0.12,7.57,0.67
2024-10-15,06:30,October,Autumn,V-Shape,62,93.05,24.27,29.6,81.87,0.14,65.5,0.12,7.57,0.67
2024-10-15,06:45,October,Autumn,V-Shape,62,93.05,24.27,29.6,81.87,0.14,65.5,0.12,7.57,0.67
2024-10-15,07:00,October,Autumn,V-Shape,62,224.75,24.9,33.52,80.63,0.33,64.5,0.28,18.07,0.67
2024-10-15,07:15,October,Autumn,V-Shape,62,224.75,24.9,33.52,80.63,0.33,64.5,0.28,18.07,0.67
2024-10-15,07:30,October,Autumn,V-Shape,62,224.75,24.9,33.52,80.63,0.33,64.5,0.28,18.07,0.67
2024-10-15,07:45,October,Autumn,V-Shape,62,224.75,24.9,33.52,80.63,0.33,64.5,0.28,18.07,0.67
2024-10-15,08:00,October,Autumn,V-Shape,62,393.99,25.86,38.71,78.99,0.59,63.19,0.49,31.2,0.67
2024-10-15,08:15,October,Autumn,V-Shape,62,393.99,25.86,38.71,78.99,0.59,63.19,0.49,31.2,0.67
2024-10-15,08:30,October,Autumn,V-Shape,62,393.99,25.86,38.71,78.99,0.59,63.19,0.49,31.2,0.67
2024-10-15,08:45,October,Autumn,V-Shape,62,393.99,25.86,38.71,78.99,0.59,63.19,0.49,31.2,0.67
2024-10-15,09:00,October,Autumn,V-Shape,62,558.16,27.21,44.16,77.26,0.84,61.81,0.7,43.46,0.67
2024-10-15,09:15,October,Autumn,V-Shape,62,558.16,27.21,44.16,77.26,0.84,61.81,0.7,43.46,0.67
2024-10-15,09:30,October,Autumn,V-Shape,62,558.16,27.21,44.16,77.26,0.84,61.81,0.7,43.46,0.67
2024-10-15,09:45,October,Autumn,V-Shape,62,558.16,27.21,44.16,77.26,0.84,61.81,0.7,43.46,0.67
2024-10-15,10:00,October,Autumn,V-Shape,62,540.96,28.44,44.96,77.01,0.81,61.61,0.68,42.02,0.67
2024-10-15,10:15,October,Autumn,V-Shape,62,540.96,28.44,44.96,77.01,0.81,61.61,0.68,42.02,0.67
2024-10-15,10:30,October,Autumn,V-Shape,62,540.96,28.44,44.96,77.01,0.81,61.61,0.68,42.02,0.67
2024-10-15,10:45,October,Autumn,V-Shape,62,540.96,28.44,44.96,77.01,0.81,61.61,0.68,42.02,0.67
2024-10-15,11:00,October,Autumn,V-Shape,62,539.93,29.24,45.74,76.76,0.81,61.41,0.68,41.84,0.67
2024-10-15,11:15,October,Autumn,V-Shape,62,539.93,29.24,45.74,76.76,0.81,61.41,0.68,41.84,0.67
2024-10-15,11:30,October,Autumn,V-Shape,62,539.93,29.24,45.74,76.76,0.81,61.41,0.68,41.84,0.67
2024-10-15,11:45,October,Autumn,V-Shape,62,539.93,29.24,45.74,76.76,0.81,61.41,0.68,41.84,0.67
2024-10-15,12:00,October,Autumn,V-Shape,62,550.69,29.71,46.48,76.53,0.83,61.22,0.7,42.57,0.67
2024-10-15,12:15,October,Autumn,V-Shape,62,550.69,29.71,46.48,76.53,0.83,61.22,0.7,42.57,0.67
2024-10-15,12:30,October,Autumn,V-Shape,62,550.69,29.71,46.48,76.53,0.83,61.22,0.7,42.57,0.67
2024-10-15,12:45,October,Autumn,V-Shape,62,550.69,29.71,46.48,76.53,0.83,61.22,0.7,42.57,0.67
2024-10-15,13:00,October,Autumn,V-Shape,62,469.48,30.06,44.8,77.06,0.71,61.65,0.59,36.48,0.67
2024-10-15,13:15,October,Autumn,V-Shape,62,469.48,30.06,44.8,77.06,0.71,61.65,0.59,36.48,0.67
2024-10-15,13:30,October,Autumn,V-Shape,62,469.48,30.06,44.8,77.06,0.71,61.65,0.59,36.48,0.67
2024-10-15,13:45,October,Autumn,V-Shape,62,469.48,30.06,44.8,77.06,0.71,61.65,0.59,36.48,0.67
2024-10-15,14:00,October,Autumn,V-Shape,62,348.05,30.2,41.9,77.98,0.52,62.38,0.44,27.29,0.67
2024-10-15,14:15,October,Autumn,V-Shape,62,348.05,30.2,41.9,77.98,0.52,62.38,0.44,27.29,0.67
2024-10-15,14:30,October,Autumn,V-Shape,62,348.05,30.2,41.9,77.98,0.52,62.38,0.44,27.29,0.67
2024-10-15,14:45,October,Autumn,V-Shape,62,348.05,30.2,41.9,77.98,0.52,62.38,0.44,27.29,0.67
2024-10-15,15:00,October,Autumn,V-Shape,62,222.53,30.13,38.69,78.99,0.33,63.19,0.28,17.62,0.67
2024-10-15,15:15,October,Autumn,V-Shape,62,222.53,30.13,38.69,78.99,0.33,63.19,0.28,17.62,0.67
2024-10-15,15:30,October,Autumn,V-Shape,62,222.53,30.13,38.69,78.99,0.33,63.19,0.28,17.62,0.67
2024-10-15,15:45,October,Autumn,V-Shape,62,222.53,30.13,38.69,78.99,0.33,63.19,0.28,17.62,0.67
2024-10-15,16:00,October,Autumn,V-Shape,62,82.79,29.62,34.69,80.26,0.12,64.21,0.1,6.63,0.67
2024-10-15,16:15,October,Autumn,V-Shape,62,82.79,29.62,34.69,80.26,0.12,64.21,0.1,6.63,0.67
2024-10-15,16:30,October,Autumn,V-Shape,62,82.79,29.62,34.69,80.26,0.12,64.21,0.1,6.63,0.67
2024-10-15,16:45,October,Autumn,V-Shape,62,82.79,29.62,34.69,80.26,0.12,64.21,0.1,6.63,0.67
2024-10-15,17:00,October,Autumn,V-Shape,62,5.65,28.61,31.75,81.19,0.01,64.95,0.01,0.46,0.67
2024-10-15,17:15,October,Autumn,V-Shape,62,5.65,28.61,31.75,81.19,0.01,64.95,0.01,0.46,0.67
2024-10-15,17:30,October,Autumn,V-Shape,62,5.65,28.61,31.75,81.19,0.01,64.95,0.01,0.46,0.67
2024-10-15,17:45,October,Autumn,V-Shape,62,5.65,28.61,31.75,81.19,0.01,64.95,0.01,0.46,0.67
2024-10-16,06:00,October,Autumn,V-Shape,62,77.39,23.04,27.97,82.39,0.11,65.91,0.1,6.32,0.67
2024-10-16,06:15,October,Autumn,V-Shape,62,77.39,23.04,27.97,82.39,0.11,65.91,0.1,6.32,0.67
2024-10-16,06:30,October,Autumn,V-Shape,62,77.39,23.04,27.97,82.39,0.11,65.91,0.1,6.32,0.67
2024-10-16,06:45,October,Autumn,V-Shape,62,77.39,23.04,27.97,82.39,0.11,65.91,0.1,6.32,0.67
2024-10-16,07:00,October,Autumn,V-Shape,62,210.37,24.13,32.39,80.99,0.31,64.79,0.26,16.97,0.67
2024-10-16,07:15,October,Autumn,V-Shape,62,210.37,24.13,32.39,80.99,0.31,64.79,0.26,16.97,0.67
2024-10-16,07:30,October,Autumn,V-Shape,62,210.37,24.13,32.39,80.99,0.31,64.79,0.26,16.97,0.67
2024-10-16,07:45,October,Autumn,V-Shape,62,210.37,24.13,32.39,80.99,0.31,64.79,0.26,16.97,0.67
2024-10-16,08:00,October,Autumn,V-Shape,62,371.65,27.15,39.44,78.76,0.56,63.0,0.47,29.36,0.67
2024-10-16,08:15,October,Autumn,V-Shape,62,371.65,27.15,39.44,78.76,0.56,63.0,0.47,29.36,0.67
2024-10-16,08:30,October,Autumn,V-Shape,62,371.65,27.15,39.44,78.76,0.56,63.0,0.47,29.36,0.67
2024-10-16,08:45,October,Autumn,V-Shape,62,371.65,27.15,39.44,78.76,0.56,63.0,0.47,29.36,0.67
2024-10-16,09:00,October,Autumn,V-Shape,62,403.02,29.74,42.82,77.69,0.61,62.15,0.51,31.51,0.67
2024-10-16,09:15,October,Autumn,V-Shape,62,403.02,29.74,42.82,77.69,0.61,62.15,0.51,31.51,0.67
2024-10-16,09:30,October,Autumn,V-Shape,62,403.02,29.74,42.82,77.69,0.61,62.15,0.51,31.51,0.67
2024-10-16,09:45,October,Autumn,V-Shape,62,403.02,29.74,42.82,77.69,0.61,62.15,0.51,31.51,0.67
2024-10-16,10:00,October,Autumn,V-Shape,62,489.48,31.39,46.63,76.48,0.74,61.18,0.62,37.82,0.67
2024-10-16,10:15,October,Autumn,V-Shape,62,489.48,31.39,46.63,76.48,0.74,61.18,0.62,37.82,0.67
2024-10-16,10:30,October,Autumn,V-Shape,62,489.48,31.39,46.63,76.48,0.74,61.18,0.62,37.82,0.67
2024-10-16,10:45,October,Autumn,V-Shape,62,489.48,31.39,46.63,76.48,0.74,61.18,0.62,37.82,0.67
2024-10-16,11:00,October,Autumn,V-Shape,62,647.15,32.42,51.6,74.91,0.98,59.92,0.82,49.21,0.67
2024-10-16,11:15,October,Autumn,V-Shape,62,647.15,32.42,51.6,74.91,0.98,59.92,0.82,49.21,0.67
2024-10-16,11:30,October,Autumn,V-Shape,62,647.15,32.42,51.6,74.91,0.98,59.92,0.82,49.21,0.67
2024-10-16,11:45,October,Autumn,V-Shape,62,647.15,32.42,51.6,74.91,0.98,59.92,0.82,49.21,0.67
2024-10-16,12:00,October,Autumn,V-Shape,62,648.9,32.92,52.14,74.73,0.98,59.79,0.82,49.26,0.67
2024-10-16,12:15,October,Autumn,V-Shape,62,648.9,32.92,52.14,74.73,0.98,59.79,0.82,49.26,0.67
2024-10-16,12:30,October,Autumn,V-Shape,62,648.9,32.92,52.14,74.73,0.98,59.79,0.82,49.26,0.67
2024-10-16,12:45,October,Autumn,V-Shape,62,648.9,32.92,52.14,74.73,0.98,59.79,0.82,49.26,0.67
2024-10-16,13:00,October,Autumn,V-Shape,62,468.65,32.97,47.69,76.14,0.71,60.92,0.59,36.09,0.67
2024-10-16,13:15,October,Autumn,V-Shape,62,468.65,32.97,47.69,76.14,0.71,60.92,0.59,36.09,0.67
2024-10-16,13:30,October,Autumn,V-Shape,62,468.65,32.97,47.69,76.14,0.71,60.92,0.59,36.09,0.67
2024-10-16,13:45,October,Autumn,V-Shape,62,468.65,32.97,47.69,76.14,0.71,60.92,0.59,36.09,0.67
2024-10-16,14:00,October,Autumn,V-Shape,62,377.19,32.79,45.22,76.93,0.57,61.54,0.48,29.27,0.67
2024-10-16,14:15,October,Autumn,V-Shape,62,377.19,32.79,45.22,76.93,0.57,61.54,0.48,29.27,0.67
2024-10-16,14:30,October,Autumn,V-Shape,62,377.19,32.79,45.22,76.93,0.57,61.54,0.48,29.27,0.67
2024-10-16,14:45,October,Autumn,V-Shape,62,377.19,32.79,45.22,76.93,0.57,61.54,0.48,29.27,0.67
2024-10-16,15:00,October,Autumn,V-Shape,62,224.83,32.1,40.72,78.35,0.34,62.68,0.28,17.69,0.67
2024-10-16,15:15,October,Autumn,V-Shape,62,224.83,32.1,40.72,78.35,0.34,62.68,0.28,17.69,0.67
2024-10-16,15:30,October,Autumn,V-Shape,62,224.83,32.1,40.72,78.35,0.34,62.68,0.28,17.69,0.67
2024-10-16,15:45,October,Autumn,V-Shape,62,224.83,32.1,40.72,78.35,0.34,62.68,0.28,17.69,0.67
2024-10-16,16:00,October,Autumn,V-Shape,62,90.59,30.67,35.93,79.87,0.14,63.89,0.11,7.23,0.67
2024-10-16,16:15,October,Autumn,V-Shape,62,90.59,30.67,35.93,79.87,0.14,63.89,0.11,7.23,0.67
2024-10-16,16:30,October,Autumn,V-Shape,62,90.59,30.67,35.93,79.87,0.14,63.89,0.11,7.23,0.67
2024-10-16,16:45,October,Autumn,V-Shape,62,90.59,30.67,35.93,79.87,0.14,63.89,0.11,7.23,0.67
2024-10-16,17:00,October,Autumn,V-Shape,62,7.67,28.36,31.55,81.25,0.01,65.0,0.01,0.62,0.67
2024-10-16,17:15,October,Autumn,V-Shape,62,7.67,28.36,31.55,81.25,0.01,65.0,0.01,0.62,0.67
2024-10-16,17:30,October,Autumn,V-Shape,62,7.67,28.36,31.55,81.25,0.01,65.0,0.01,0.62,0.67
2024-10-16,17:45,October,Autumn,V-Shape,62,7.67,28.36,31.55,81.25,0.01,65.0,0.01,0.62,0.67
2024-10-17,06:00,October,Autumn,V-Shape,62,95.6,23.82,29.21,81.99,0.14,65.6,0.12,7.78,0.67
2024-10-17,06:15,October,Autumn,V-Shape,62,95.6,23.82,29.21,81.99,0.14,65.6,0.12,7.78,0.67
2024-10-17,06:30,October,Autumn,V-Shape,62,95.6,23.82,29.21,81.99,0.14,65.6,0.12,7.78,0.67
2024-10-17,06:45,October,Autumn,V-Shape,62,95.6,23.82,29.21,81.99,0.14,65.6,0.12,7.78,0.67
2024-10-17,07:00,October,Autumn,V-Shape,62,283.34,25.52,35.6,79.97,0.42,63.98,0.35,22.65,0.67
2024-10-17,07:15,October,Autumn,V-Shape,62,283.34,25.52,35.6,79.97,0.42,63.98,0.35,22.65,0.67
2024-10-17,07:30,October,Autumn,V-Shape,62,283.34,25.52,35.6,79.97,0.42,63.98,0.35,22.65,0.67
2024-10-17,07:45,October,Autumn,V-Shape,62,283.34,25.52,35.6,79.97,0.42,63.98,0.35,22.65,0.67
2024-10-17,08:00,October,Autumn,V-Shape,62,500.48,27.82,43.33,77.52,0.75,62.02,0.63,39.07,0.67
2024-10-17,08:15,October,Autumn,V-Shape,62,500.48,27.82,43.33,77.52,0.75,62.02,0.63,39.07,0.67
2024-10-17,08:30,October,Autumn,V-Shape,62,500.48,27.82,43.33,77.52,0.75,62.02,0.63,39.07,0.67
2024-10-17,08:45,October,Autumn,V-Shape,62,500.48,27.82,43.33,77.52,0.75,62.02,0.63,39.07,0.67
2024-10-17,09:00,October,Autumn,V-Shape,62,714.37,29.85,50.71,75.19,1.08,60.15,0.91,54.48,0.67
2024-10-17,09:15,October,Autumn,V-Shape,62,714.37,29.85,50.71,75.19,1.08,60.15,0.91,54.48,0.67
2024-10-17,09:30,October,Autumn,V-Shape,62,714.37,29.85,50.71,75.19,1.08,60.15,0.91,54.48,0.67
2024-10-17,09:45,October,Autumn,V-Shape,62,714.37,29.85,50.71,75.19,1.08,60.15,0.91,54.48,0.67
2024-10-17,10:00,October,Autumn,V-Shape,62,705.11,31.49,52.12,74.74,1.07,59.79,0.9,53.53,0.67
2024-10-17,10:15,October,Autumn,V-Shape,62,705.11,31.49,52.12,74.74,1.07,59.79,0.9,53.53,0.67
2024-10-17,10:30,October,Autumn,V-Shape,62,705.11,31.49,52.12,74.74,1.07,59.79,0.9,53.53,0.67
2024-10-17,10:45,October,Autumn,V-Shape,62,705.11,31.49,52.12,74.74,1.07,59.79,0.9,53.53,0.67
2024-10-17,11:00,October,Autumn,V-Shape,62,683.87,32.75,52.85,74.51,1.04,59.61,0.87,51.79,0.67
2024-10-17,11:15,October,Autumn,V-Shape,62,683.87,32.75,52.85,74.51,1.04,59.61,0.87,51.79,0.67
2024-10-17,11:30,October,Autumn,V-Shape,62,683.87,32.75,52.85,74.51,1.04,59.61,0.87,51.79,0.67
2024-10-17,11:45,October,Autumn,V-Shape,62,683.87,32.75,52.85,74.51,1.04,59.61,0.87,51.79,0.67
2024-10-17,12:00,October,Autumn,V-Shape,62,715.68,33.57,54.46,74.0,1.09,59.2,0.91,53.92,0.67
2024-10-17,12:15,October,Autumn,V-Shape,62,715.68,33.57,54.46,74.0,1.09,59.2,0.91,53.92,0.67
2024-10-17,12:30,October,Autumn,V-Shape,62,715.68,33.57,54.46,74.0,1.09,59.2,0.91,53.92,0.67
2024-10-17,12:45,October,Autumn,V-Shape,62,715.68,33.57,54.46,74.0,1.09,59.2,0.91,53.92,0.67
2024-10-17,13:00,October,Autumn,V-Shape,62,744.87,33.6,55.22,73.76,1.13,59.01,0.95,55.97,0.67
2024-10-17,13:15,October,Autumn,V-Shape,62,744.87,33.6,55.22,73.76,1.13,59.01,0.95,55.97,0.67
2024-10-17,13:30,October,Autumn,V-Shape,62,744.87,33.6,55.22,73.76,1.13,59.01,0.95,55.97,0.67
2024-10-17,13:45,October,Autumn,V-Shape,62,744.87,33.6,55.22,73.76,1.13,59.01,0.95,55.97,0.67
2024-10-17,14:00,October,Autumn,V-Shape,62,590.84,32.97,50.74,75.18,0.89,60.14,0.75,45.06,0.67
2024-10-17,14:15,October,Autumn,V-Shape,62,590.84,32.97,50.74,75.18,0.89,60.14,0.75,45.06,0.67
2024-10-17,14:30,October,Autumn,V-Shape,62,590.84,32.97,50.74,75.18,0.89,60.14,0.75,45.06,0.67
2024-10-17,14:45,October,Autumn,V-Shape,62,590.84,32.97,50.74,75.18,0.89,60.14,0.75,45.06,0.67
2024-10-17,15:00,October,Autumn,V-Shape,62,375.92,32.3,44.7,77.09,0.57,61.67,0.47,29.22,0.67
2024-10-17,15:15,October,Autumn,V-Shape,62,375.92,32.3,44.7,77.09,0.57,61.67,0.47,29.22,0.67
2024-10-17,15:30,October,Autumn,V-Shape,62,375.92,32.3,44.7,77.09,0.57,61.67,0.47,29.22,0.67
2024-10-17,15:45,October,Autumn,V-Shape,62,375.92,32.3,44.7,77.09,0.57,61.67,0.47,29.22,0.67
2024-10-17,16:00,October,Autumn,V-Shape,62,151.07,31.17,37.95,79.23,0.23,63.38,0.19,11.99,0.67
2024-10-17,16:15,October,Autumn,V-Shape,62,151.07,31.17,37.95,79.23,0.23,63.38,0.19,11.99,0.67
2024-10-17,16:30,October,Autumn,V-Shape,62,151.07,31.17,37.95,79.23,0.23,63.38,0.19,11.99,0.67
2024-10-17,16:45,October,Autumn,V-Shape,62,151.07,31.17,37.95,79.23,0.23,63.38,0.19,11.99,0.67
2024-10-17,17:00,October,Autumn,V-Shape,62,10.0,29.1,32.35,81.0,0.01,64.8,0.01,0.81,0.67
2024-10-17,17:15,October,Autumn,V-Shape,62,10.0,29.1,32.35,81.0,0.01,64.8,0.01,0.81,0.67
2024-10-17,17:30,October,Autumn,V-Shape,62,10.0,29.1,32.35,81.0,0.01,64.8,0.01,0.81,0.67
2024-10-17,17:45,October,Autumn,V-Shape,62,10.0,29.1,32.35,81.0,0.01,64.8,0.01,0.81,0.67
2024-10-18,06:00,October,Autumn,V-Shape,62,125.93,24.67,30.82,81.49,0.19,65.19,0.16,10.21,0.67
2024-10-18,06:15,October,Autumn,V-Shape,62,125.93,24.67,30.82,81.49,0.19,65.19,0.16,10.21,0.67
2024-10-18,06:30,October,Autumn,V-Shape,62,125.93,24.67,30.82,81.49,0.19,65.19,0.16,10.21,0.67
2024-10-18,06:45,October,Autumn,V-Shape,62,125.93,24.67,30.82,81.49,0.19,65.19,0.16,10.21,0.67
2024-10-18,07:00,October,Autumn,V-Shape,62,357.47,26.17,38.11,79.18,0.53,63.34,0.45,28.36,0.67
2024-10-18,07:15,October,Autumn,V-Shape,62,357.47,26.17,38.11,79.18,0.53,63.34,0.45,28.36,0.67
2024-10-18,07:30,October,Autumn,V-Shape,62,357.47,26.17,38.11,79.18,0.53,63.34,0.45,28.36,0.67
2024-10-18,07:45,October,Autumn,V-Shape,62,357.47,26.17,38.11,79.18,0.53,63.34,0.45,28.36,0.67
2024-10-18,08:00,October,Autumn,V-Shape,62,611.5,28.59,46.88,76.4,0.92,61.12,0.77,47.21,0.67
2024-10-18,08:15,October,Autumn,V-Shape,62,611.5,28.59,46.88,76.4,0.92,61.12,0.77,47.21,0.67
2024-10-18,08:30,October,Autumn,V-Shape,62,611.5,28.59,46.88,76.4,0.92,61.12,0.77,47.21,0.67
2024-10-18,08:45,October,Autumn,V-Shape,62,611.5,28.59,46.88,76.4,0.92,61.12,0.77,47.21,0.67
2024-10-18,09:00,October,Autumn,V-Shape,62,689.8,30.77,51.01,75.09,1.04,60.07,0.87,52.56,0.67
2024-10-18,09:15,October,Autumn,V-Shape,62,689.8,30.77,51.01,75.09,1.04,60.07,0.87,52.56,0.67
2024-10-18,09:30,October,Autumn,V-Shape,62,689.8,30.77,51.01,75.09,1.04,60.07,0.87,52.56,0.67
2024-10-18,09:45,October,Autumn,V-Shape,62,689.8,30.77,51.01,75.09,1.04,60.07,0.87,52.56,0.67
2024-10-18,10:00,October,Autumn,V-Shape,62,765.8,32.26,54.4,74.02,1.16,59.21,0.97,57.7,0.67
2024-10-18,10:15,October,Autumn,V-Shape,62,765.8,32.26,54.4,74.02,1.16,59.21,0.97,57.7,0.67
2024-10-18,10:30,October,Autumn,V-Shape,62,765.8,32.26,54.4,74.02,1.16,59.21,0.97,57.7,0.67
2024-10-18,10:45,October,Autumn,V-Shape,62,765.8,32.26,54.4,74.02,1.16,59.21,0.97,57.7,0.67
2024-10-18,11:00,October,Autumn,V-Shape,62,766.24,33.18,55.34,73.72,1.17,58.98,0.98,57.56,0.67
2024-10-18,11:15,October,Autumn,V-Shape,62,766.24,33.18,55.34,73.72,1.17,58.98,0.98,57.56,0.67
2024-10-18,11:30,October,Autumn,V-Shape,62,766.24,33.18,55.34,73.72,1.17,58.98,0.98,57.56,0.67
2024-10-18,11:45,October,Autumn,V-Shape,62,766.24,33.18,55.34,73.72,1.17,58.98,0.98,57.56,0.67
2024-10-18,12:00,October,Autumn,V-Shape,62,673.92,33.65,53.5,74.3,1.02,59.44,0.86,50.93,0.67
2024-10-18,12:15,October,Autumn,V-Shape,62,673.92,33.65,53.5,74.3,1.02,59.44,0.86,50.93,0.67
2024-10-18,12:30,October,Autumn,V-Shape,62,673.92,33.65,53.5,74.3,1.02,59.44,0.86,50.93,0.67
2024-10-18,12:45,October,Autumn,V-Shape,62,673.92,33.65,53.5,74.3,1.02,59.44,0.86,50.93,0.67
2024-10-18,13:00,October,Autumn,V-Shape,62,608.56,33.68,51.89,74.81,0.92,59.85,0.77,46.23,0.67
2024-10-18,13:15,October,Autumn,V-Shape,62,608.56,33.68,51.89,74.81,0.92,59.85,0.77,46.23,0.67
2024-10-18,13:30,October,Autumn,V-Shape,62,608.56,33.68,51.89,74.81,0.92,59.85,0.77,46.23,0.67
2024-10-18,13:45,October,Autumn,V-Shape,62,608.56,33.68,51.89,74.81,0.92,59.85,0.77,46.23,0.67
2024-10-18,14:00,October,Autumn,V-Shape,62,486.5,33.27,48.43,75.91,0.73,60.73,0.62,37.38,0.67
2024-10-18,14:15,October,Autumn,V-Shape,62,486.5,33.27,48.43,75.91,0.73,60.73,0.62,37.38,0.67
2024-10-18,14:30,October,Autumn,V-Shape,62,486.5,33.27,48.43,75.91,0.73,60.73,0.62,37.38,0.67
2024-10-18,14:45,October,Autumn,V-Shape,62,486.5,33.27,48.43,75.91,0.73,60.73,0.62,37.38,0.67
2024-10-18,15:00,October,Autumn,V-Shape,62,317.0,32.49,43.41,77.5,0.48,62.0,0.4,24.74,0.67
2024-10-18,15:15,October,Autumn,V-Shape,62,317.0,32.49,43.41,77.5,0.48,62.0,0.4,24.74,0.67
2024-10-18,15:30,October,Autumn,V-Shape,62,317.0,32.49,43.41,77.5,0.48,62.0,0.4,24.74,0.67
2024-10-18,15:45,October,Autumn,V-Shape,62,317.0,32.49,43.41,77.5,0.48,62.0,0.4,24.74,0.67
2024-10-18,16:00,October,Autumn,V-Shape,62,128.7,31.16,37.38,79.41,0.19,63.53,0.16,10.23,0.67
2024-10-18,16:15,October,Autumn,V-Shape,62,128.7,31.16,37.38,79.41,0.19,63.53,0.16,10.23,0.67
2024-10-18,16:30,October,Autumn,V-Shape,62,128.7,31.16,37.38,79.41,0.19,63.53,0.16,10.23,0.67
2024-10-18,16:45,October,Autumn,V-Shape,62,128.7,31.16,37.38,79.41,0.19,63.53,0.16,10.23,0.67
2024-10-18,17:00,October,Autumn,V-Shape,62,8.35,29.3,32.51,80.95,0.01,64.76,0.01,0.67,0.67
2024-10-18,17:15,October,Autumn,V-Shape,62,8.35,29.3,32.51,80.95,0.01,64.76,0.01,0.67,0.67
2024-10-18,17:30,October,Autumn,V-Shape,62,8.35,29.3,32.51,80.95,0.01,64.76,0.01,0.67,0.67
2024-10-18,17:45,October,Autumn,V-Shape,62,8.35,29.3,32.51,80.95,0.01,64.76,0.01,0.67,0.67
2024-10-19,06:00,October,Autumn,V-Shape,62,88.54,25.34,30.55,81.57,0.13,65.26,0.11,7.18,0.67
2024-10-19,06:15,October,Autumn,V-Shape,62,88.54,25.34,30.55,81.57,0.13,65.26,0.11,7.18,0.67
2024-10-19,06:30,October,Autumn,V-Shape,62,88.54,25.34,30.55,81.57,0.13,65.26,0.11,7.18,0.67
2024-10-19,06:45,October,Autumn,V-Shape,62,88.54,25.34,30.55,81.57,0.13,65.26,0.11,7.18,0.67
2024-10-19,07:00,October,Autumn,V-Shape,62,226.07,25.92,34.57,80.3,0.34,64.24,0.28,18.12,0.67
2024-10-19,07:15,October,Autumn,V-Shape,62,226.07,25.92,34.57,80.3,0.34,64.24,0.28,18.12,0.67
2024-10-19,07:30,October,Autumn,V-Shape,62,226.07,25.92,34.57,80.3,0.34,64.24,0.28,18.12,0.67
2024-10-19,07:45,October,Autumn,V-Shape,62,226.07,25.92,34.57,80.3,0.34,64.24,0.28,18.12,0.67
2024-10-19,08:00,October,Autumn,V-Shape,62,377.32,26.73,39.16,78.84,0.56,63.07,0.47,29.84,0.67
2024-10-19,08:15,October,Autumn,V-Shape,62,377.32,26.73,39.16,78.84,0.56,63.07,0.47,29.84,0.67
2024-10-19,08:30,October,Autumn,V-Shape,62,377.32,26.73,39.16,78.84,0.56,63.07,0.47,29.84,0.67
2024-10-19,08:45,October,Autumn,V-Shape,62,377.32,26.73,39.16,78.84,0.56,63.07,0.47,29.84,0.67
2024-10-19,09:00,October,Autumn,V-Shape,62,529.44,27.38,43.62,77.43,0.8,61.95,0.67,41.3,0.67
2024-10-19,09:15,October,Autumn,V-Shape,62,529.44,27.38,43.62,77.43,0.8,61.95,0.67,41.3,0.67
2024-10-19,09:30,October,Autumn,V-Shape,62,529.44,27.38,43.62,77.43,0.8,61.95,0.67,41.3,0.67
2024-10-19,09:45,October,Autumn,V-Shape,62,529.44,27.38,43.62,77.43,0.8,61.95,0.67,41.3,0.67
2024-10-19,10:00,October,Autumn,V-Shape,62,668.03,27.98,47.68,76.15,1.01,60.92,0.84,51.45,0.67
2024-10-19,10:15,October,Autumn,V-Shape,62,668.03,27.98,47.68,76.15,1.01,60.92,0.84,51.45,0.67
2024-10-19,10:30,October,Autumn,V-Shape,62,668.03,27.98,47.68,76.15,1.01,60.92,0.84,51.45,0.67
2024-10-19,10:45,October,Autumn,V-Shape,62,668.03,27.98,47.68,76.15,1.01,60.92,0.84,51.45,0.67
2024-10-19,11:00,October,Autumn,V-Shape,62,664.34,28.52,48.13,76.0,1.0,60.8,0.84,51.09,0.67
2024-10-19,11:15,October,Autumn,V-Shape,62,664.34,28.52,48.13,76.0,1.0,60.8,0.84,51.09,0.67
2024-10-19,11:30,October,Autumn,V-Shape,62,664.34,28.52,48.13,76.0,1.0,60.8,0.84,51.09,0.67
2024-10-19,11:45,October,Autumn,V-Shape,62,664.34,28.52,48.13,76.0,1.0,60.8,0.84,51.09,0.67
2024-10-19,12:00,October,Autumn,V-Shape,62,626.33,28.98,47.64,76.16,0.95,60.93,0.79,48.24,0.67
2024-10-19,12:15,October,Autumn,V-Shape,62,626.33,28.98,47.64,76.16,0.95,60.93,0.79,48.24,0.67
2024-10-19,12:30,October,Autumn,V-Shape,62,626.33,28.98,47.64,76.16,0.95,60.93,0.79,48.24,0.67
2024-10-19,12:45,October,Autumn,V-Shape,62,626.33,28.98,47.64,76.16,0.95,60.93,0.79,48.24,0.67
2024-10-19,13:00,October,Autumn,V-Shape,62,530.65,29.27,45.54,76.83,0.8,61.46,0.67,41.14,0.67
2024-10-19,13:15,October,Autumn,V-Shape,62,530.65,29.27,45.54,76.83,0.8,61.46,0.67,41.14,0.67
2024-10-19,13:30,October,Autumn,V-Shape,62,530.65,29.27,45.54,76.83,0.8,61.46,0.67,41.14,0.67
2024-10-19,13:45,October,Autumn,V-Shape,62,530.65,29.27,45.54,76.83,0.8,61.46,0.67,41.14,0.67
2024-10-19,14:00,October,Autumn,V-Shape,62,493.29,29.43,44.76,77.07,0.74,61.66,0.62,38.34,0.67
2024-10-19,14:15,October,Autumn,V-Shape,62,493.29,29.43,44.76,77.07,0.74,61.66,0.62,38.34,0.67
2024-10-19,14:30,October,Autumn,V-Shape,62,493.29,29.43,44.76,77.07,0.74,61.66,0.62,38.34,0.67
2024-10-19,14:45,October,Autumn,V-Shape,62,493.29,29.43,44.76,77.07,0.74,61.66,0.62,38.34,0.67
2024-10-19,15:00,October,Autumn,V-Shape,62,302.38,29.5,40.06,78.56,0.45,62.85,0.38,23.85,0.67
2024-10-19,15:15,October,Autumn,V-Shape,62,302.38,29.5,40.06,78.56,0.45,62.85,0.38,23.85,0.67
2024-10-19,15:30,October,Autumn,V-Shape,62,302.38,29.5,40.06,78.56,0.45,62.85,0.38,23.85,0.67
2024-10-19,15:45,October,Autumn,V-Shape,62,302.38,29.5,40.06,78.56,0.45,62.85,0.38,23.85,0.67
2024-10-19,16:00,October,Autumn,V-Shape,62,127.94,29.33,35.53,79.99,0.19,64.0,0.16,10.23,0.67
2024-10-19,16:15,October,Autumn,V-Shape,62,127.94,29.33,35.53,79.99,0.19,64.0,0.16,10.23,0.67
2024-10-19,16:30,October,Autumn,V-Shape,62,127.94,29.33,35.53,79.99,0.19,64.0,0.16,10.23,0.67
2024-10-19,16:45,October,Autumn,V-Shape,62,127.94,29.33,35.53,79.99,0.19,64.0,0.16,10.23,0.67
2024-10-19,17:00,October,Autumn,V-Shape,62,7.95,28.69,31.89,81.15,0.01,64.92,0.01,0.64,0.67
2024-10-19,17:15,October,Autumn,V-Shape,62,7.95,28.69,31.89,81.15,0.01,64.92,0.01,0.64,0.67
2024-10-19,17:30,October,Autumn,V-Shape,62,7.95,28.69,31.89,81.15,0.01,64.92,0.01,0.64,0.67
2024-10-19,17:45,October,Autumn,V-Shape,62,7.95,28.69,31.89,81.15,0.01,64.92,0.01,0.64,0.67
2024-10-20,06:00,October,Autumn,V-Shape,62,73.63,25.03,29.87,81.79,0.11,65.43,0.09,5.98,0.67
2024-10-20,06:15,October,Autumn,V-Shape,62,73.63,25.03,29.87,81.79,0.11,65.43,0.09,5.98,0.67
2024-10-20,06:30,October,Autumn,V-Shape,62,73.63,25.03,29.87,81.79,0.11,65.43,0.09,5.98,0.67
2024-10-20,06:45,October,Autumn,V-Shape,62,73.63,25.03,29.87,81.79,0.11,65.43,0.09,5.98,0.67
2024-10-20,07:00,October,Autumn,V-Shape,62,226.78,26.23,34.9,80.19,0.34,64.15,0.28,18.16,0.67
2024-10-20,07:15,October,Autumn,V-Shape,62,226.78,26.23,34.9,80.19,0.34,64.15,0.28,18.16,0.67
2024-10-20,07:30,October,Autumn,V-Shape,62,226.78,26.23,34.9,80.19,0.34,64.15,0.28,18.16,0.67
2024-10-20,07:45,October,Autumn,V-Shape,62,226.78,26.23,34.9,80.19,0.34,64.15,0.28,18.16,0.67
2024-10-20,08:00,October,Autumn,V-Shape,62,405.74,28.4,41.54,78.09,0.61,62.47,0.51,31.85,0.67
2024-10-20,08:15,October,Autumn,V-Shape,62,405.74,28.4,41.54,78.09,0.61,62.47,0.51,31.85,0.67
2024-10-20,08:30,October,Autumn,V-Shape,62,405.74,28.4,41.54,78.09,0.61,62.47,0.51,31.85,0.67
2024-10-20,08:45,October,Autumn,V-Shape,62,405.74,28.4,41.54,78.09,0.61,62.47,0.51,31.85,0.67
2024-10-20,09:00,October,Autumn,V-Shape,62,618.37,29.84,48.3,75.95,0.93,60.76,0.78,47.53,0.67
2024-10-20,09:15,October,Autumn,V-Shape,62,618.37,29.84,48.3,75.95,0.93,60.76,0.78,47.53,0.67
2024-10-20,09:30,October,Autumn,V-Shape,62,618.37,29.84,48.3,75.95,0.93,60.76,0.78,47.53,0.67
2024-10-20,09:45,October,Autumn,V-Shape,62,618.37,29.84,48.3,75.95,0.93,60.76,0.78,47.53,0.67
2024-10-20,10:00,October,Autumn,V-Shape,62,686.81,30.65,50.82,75.15,1.04,60.12,0.87,52.36,0.67
2024-10-20,10:15,October,Autumn,V-Shape,62,686.81,30.65,50.82,75.15,1.04,60.12,0.87,52.36,0.67
2024-10-20,10:30,October,Autumn,V-Shape,62,686.81,30.65,50.82,75.15,1.04,60.12,0.87,52.36,0.67
2024-10-20,10:45,October,Autumn,V-Shape,62,686.81,30.65,50.82,75.15,1.04,60.12,0.87,52.36,0.67
2024-10-20,11:00,October,Autumn,V-Shape,62,730.38,31.25,52.51,74.62,1.11,59.69,0.93,55.38,0.67
2024-10-20,11:15,October,Autumn,V-Shape,62,730.38,31.25,52.51,74.62,1.11,59.69,0.93,55.38,0.67
2024-10-20,11:30,October,Autumn,V-Shape,62,730.38,31.25,52.51,74.62,1.11,59.69,0.93,55.38,0.67
2024-10-20,11:45,October,Autumn,V-Shape,62,730.38,31.25,52.51,74.62,1.11,59.69,0.93,55.38,0.67
2024-10-20,12:00,October,Autumn,V-Shape,62,692.13,31.58,51.88,74.82,1.05,59.85,0.88,52.58,0.67
2024-10-20,12:15,October,Autumn,V-Shape,62,692.13,31.58,51.88,74.82,1.05,59.85,0.88,52.58,0.67
2024-10-20,12:30,October,Autumn,V-Shape,62,692.13,31.58,51.88,74.82,1.05,59.85,0.88,52.58,0.67
2024-10-20,12:45,October,Autumn,V-Shape,62,692.13,31.58,51.88,74.82,1.05,59.85,0.88,52.58,0.67
2024-10-20,13:00,October,Autumn,V-Shape,62,588.16,31.62,49.32,75.63,0.89,60.5,0.74,45.06,0.67
2024-10-20,13:15,October,Autumn,V-Shape,62,588.16,31.62,49.32,75.63,0.89,60.5,0.74,45.06,0.67
2024-10-20,13:30,October,Autumn,V-Shape,62,588.16,31.62,49.32,75.63,0.89,60.5,0.74,45.06,0.67
2024-10-20,13:45,October,Autumn,V-Shape,62,588.16,31.62,49.32,75.63,0.89,60.5,0.74,45.06,0.67
2024-10-20,14:00,October,Autumn,V-Shape,62,435.99,31.33,45.23,76.92,0.66,61.54,0.55,33.84,0.67
2024-10-20,14:15,October,Autumn,V-Shape,62,435.99,31.33,45.23,76.92,0.66,61.54,0.55,33.84,0.67
2024-10-20,14:30,October,Autumn,V-Shape,62,435.99,31.33,45.23,76.92,0.66,61.54,0.55,33.84,0.67
2024-10-20,14:45,October,Autumn,V-Shape,62,435.99,31.33,45.23,76.92,0.66,61.54,0.55,33.84,0.67
2024-10-20,15:00,October,Autumn,V-Shape,62,266.89,30.83,40.5,78.42,0.4,62.74,0.34,21.02,0.67
2024-10-20,15:15,October,Autumn,V-Shape,62,266.89,30.83,40.5,78.42,0.4,62.74,0.34,21.02,0.67
2024-10-20,15:30,October,Autumn,V-Shape,62,266.89,30.83,40.5,78.42,0.4,62.74,0.34,21.02,0.67
2024-10-20,15:45,October,Autumn,V-Shape,62,266.89,30.83,40.5,78.42,0.4,62.74,0.34,21.02,0.67
2024-10-20,16:00,October,Autumn,V-Shape,62,114.52,30.12,35.98,79.85,0.17,63.88,0.14,9.14,0.67
2024-10-20,16:15,October,Autumn,V-Shape,62,114.52,30.12,35.98,79.85,0.17,63.88,0.14,9.14,0.67
2024-10-20,16:30,October,Autumn,V-Shape,62,114.52,30.12,35.98,79.85,0.17,63.88,0.14,9.14,0.67
2024-10-20,16:45,October,Autumn,V-Shape,62,114.52,30.12,35.98,79.85,0.17,63.88,0.14,9.14,0.67
2024-10-20,17:00,October,Autumn,V-Shape,62,6.27,28.78,31.94,81.13,0.01,64.91,0.01,0.51,0.67
2024-10-20,17:15,October,Autumn,V-Shape,62,6.27,28.78,31.94,81.13,0.01,64.91,0.01,0.51,0.67
2024-10-20,17:30,October,Autumn,V-Shape,62,6.27,28.78,31.94,81.13,0.01,64.91,0.01,0.51,0.67
2024-10-20,17:45,October,Autumn,V-Shape,62,6.27,28.78,31.94,81.13,0.01,64.91,0.01,0.51,0.67
2024-10-21,06:00,October,Autumn,V-Shape,62,58.06,25.77,30.22,81.67,0.09,65.34,0.07,4.71,0.67
2024-10-21,06:15,October,Autumn,V-Shape,62,58.06,25.77,30.22,81.67,0.09,65.34,0.07,4.71,0.67
2024-10-21,06:30,October,Autumn,V-Shape,62,58.06,25.77,30.22,81.67,0.09,65.34,0.07,4.71,0.67
2024-10-21,06:45,October,Autumn,V-Shape,62,58.06,25.77,30.22,81.67,0.09,65.34,0.07,4.71,0.67
2024-10-21,07:00,October,Autumn,V-Shape,62,180.02,26.87,34.37,80.36,0.27,64.29,0.22,14.44,0.67
2024-10-21,07:15,October,Autumn,V-Shape,62,180.02,26.87,34.37,80.36,0.27,64.29,0.22,14.44,0.67
2024-10-21,07:30,October,Autumn,V-Shape,62,180.02,26.87,34.37,80.36,0.27,64.29,0.22,14.44,0.67
2024-10-21,07:45,October,Autumn,V-Shape,62,180.02,26.87,34.37,80.36,0.27,64.29,0.22,14.44,0.67
2024-10-21,08:00,October,Autumn,V-Shape,62,309.62,28.33,39.07,78.87,0.46,63.1,0.39,24.49,0.67
2024-10-21,08:15,October,Autumn,V-Shape,62,309.62,28.33,39.07,78.87,0.46,63.1,0.39,24.49,0.67
2024-10-21,08:30,October,Autumn,V-Shape,62,309.62,28.33,39.07,78.87,0.46,63.1,0.39,24.49,0.67
2024-10-21,08:45,October,Autumn,V-Shape,62,309.62,28.33,39.07,78.87,0.46,63.1,0.39,24.49,0.67
2024-10-21,09:00,October,Autumn,V-Shape,62,500.22,29.61,45.12,76.96,0.75,61.57,0.63,38.84,0.67
2024-10-21,09:15,October,Autumn,V-Shape,62,500.22,29.61,45.12,76.96,0.75,61.57,0.63,38.84,0.67
2024-10-21,09:30,October,Autumn,V-Shape,62,500.22,29.61,45.12,76.96,0.75,61.57,0.63,38.84,0.67
2024-10-21,09:45,October,Autumn,V-Shape,62,500.22,29.61,45.12,76.96,0.75,61.57,0.63,38.84,0.67
2024-10-21,10:00,October,Autumn,V-Shape,62,601.02,30.2,48.23,75.97,0.91,60.78,0.76,46.2,0.67
2024-10-21,10:15,October,Autumn,V-Shape,62,601.02,30.2,48.23,75.97,0.91,60.78,0.76,46.2,0.67
2024-10-21,10:30,October,Autumn,V-Shape,62,601.02,30.2,48.23,75.97,0.91,60.78,0.76,46.2,0.67
2024-10-21,10:45,October,Autumn,V-Shape,62,601.02,30.2,48.23,75.97,0.91,60.78,0.76,46.2,0.67
2024-10-21,11:00,October,Autumn,V-Shape,62,671.0,30.61,50.39,75.29,1.02,60.23,0.85,51.23,0.67
2024-10-21,11:15,October,Autumn,V-Shape,62,671.0,30.61,50.39,75.29,1.02,60.23,0.85,51.23,0.67
2024-10-21,11:30,October,Autumn,V-Shape,62,671.0,30.61,50.39,75.29,1.02,60.23,0.85,51.23,0.67
2024-10-21,11:45,October,Autumn,V-Shape,62,671.0,30.61,50.39,75.29,1.02,60.23,0.85,51.23,0.67
2024-10-21,12:00,October,Autumn,V-Shape,62,639.19,30.84,49.82,75.47,0.97,60.38,0.81,48.89,0.67
2024-10-21,12:15,October,Autumn,V-Shape,62,639.19,30.84,49.82,75.47,0.97,60.38,0.81,48.89,0.67
2024-10-21,12:30,October,Autumn,V-Shape,62,639.19,30.84,49.82,75.47,0.97,60.38,0.81,48.89,0.67
2024-10-21,12:45,October,Autumn,V-Shape,62,639.19,30.84,49.82,75.47,0.97,60.38,0.81,48.89,0.67
2024-10-21,13:00,October,Autumn,V-Shape,62,515.79,30.89,46.78,76.43,0.78,61.14,0.65,39.83,0.67
2024-10-21,13:15,October,Autumn,V-Shape,62,515.79,30.89,46.78,76.43,0.78,61.14,0.65,39.83,0.67
2024-10-21,13:30,October,Autumn,V-Shape,62,515.79,30.89,46.78,76.43,0.78,61.14,0.65,39.83,0.67
2024-10-21,13:45,October,Autumn,V-Shape,62,515.79,30.89,46.78,76.43,0.78,61.14,0.65,39.83,0.67
2024-10-21,14:00,October,Autumn,V-Shape,62,415.28,30.68,44.06,77.29,0.62,61.83,0.52,32.35,0.67
2024-10-21,14:15,October,Autumn,V-Shape,62,415.28,30.68,44.06,77.29,0.62,61.83,0.52,32.35,0.67
2024-10-21,14:30,October,Autumn,V-Shape,62,415.28,30.68,44.06,77.29,0.62,61.83,0.52,32.35,0.67
2024-10-21,14:45,October,Autumn,V-Shape,62,415.28,30.68,44.06,77.29,0.62,61.83,0.52,32.35,0.67
2024-10-21,15:00,October,Autumn,V-Shape,62,254.03,30.38,39.73,78.66,0.38,62.93,0.32,20.05,0.67
2024-10-21,15:15,October,Autumn,V-Shape,62,254.03,30.38,39.73,78.66,0.38,62.93,0.32,20.05,0.67
2024-10-21,15:30,October,Autumn,V-Shape,62,254.03,30.38,39.73,78.66,0.38,62.93,0.32,20.05,0.67
2024-10-21,15:45,October,Autumn,V-Shape,62,254.03,30.38,39.73,78.66,0.38,62.93,0.32,20.05,0.67
2024-10-21,16:00,October,Autumn,V-Shape,62,105.79,29.88,35.52,80.0,0.16,64.0,0.13,8.46,0.67
2024-10-21,16:15,October,Autumn,V-Shape,62,105.79,29.88,35.52,80.0,0.16,64.0,0.13,8.46,0.67
2024-10-21,16:30,October,Autumn,V-Shape,62,105.79,29.88,35.52,80.0,0.16,64.0,0.13,8.46,0.67
2024-10-21,16:45,October,Autumn,V-Shape,62,105.79,29.88,35.52,80.0,0.16,64.0,0.13,8.46,0.67
2024-10-21,17:00,October,Autumn,V-Shape,62,7.35,28.67,31.85,81.16,0.01,64.93,0.01,0.59,0.67
2024-10-21,17:15,October,Autumn,V-Shape,62,7.35,28.67,31.85,81.16,0.01,64.93,0.01,0.59,0.67
2024-10-21,17:30,October,Autumn,V-Shape,62,7.35,28.67,31.85,81.16,0.01,64.93,0.01,0.59,0.67
2024-10-21,17:45,October,Autumn,V-Shape,62,7.35,28.67,31.85,81.16,0.01,64.93,0.01,0.59,0.67
2024-10-22,06:00,October,Autumn,V-Shape,62,101.25,25.55,31.08,81.4,0.15,65.12,0.13,8.2,0.67
2024-10-22,06:15,October,Autumn,V-Shape,62,101.25,25.55,31.08,81.4,0.15,65.12,0.13,8.2,0.67
2024-10-22,06:30,October,Autumn,V-Shape,62,101.25,25.55,31.08,81.4,0.15,65.12,0.13,8.2,0.67
2024-10-22,06:45,October,Autumn,V-Shape,62,101.25,25.55,31.08,81.4,0.15,65.12,0.13,8.2,0.67
2024-10-22,07:00,October,Autumn,V-Shape,62,300.98,26.79,37.31,79.43,0.45,63.54,0.38,23.93,0.67
2024-10-22,07:15,October,Autumn,V-Shape,62,300.98,26.79,37.31,79.43,0.45,63.54,0.38,23.93,0.67
2024-10-22,07:30,October,Autumn,V-Shape,62,300.98,26.79,37.31,79.43,0.45,63.54,0.38,23.93,0.67
2024-10-22,07:45,October,Autumn,V-Shape,62,300.98,26.79,37.31,79.43,0.45,63.54,0.38,23.93,0.67
2024-10-22,08:00,October,Autumn,V-Shape,62,504.94,28.36,43.98,77.32,0.76,61.85,0.64,39.34,0.67
2024-10-22,08:15,October,Autumn,V-Shape,62,504.94,28.36,43.98,77.32,0.76,61.85,0.64,39.34,0.67
2024-10-22,08:30,October,Autumn,V-Shape,62,504.94,28.36,43.98,77.32,0.76,61.85,0.64,39.34,0.67
2024-10-22,08:45,October,Autumn,V-Shape,62,504.94,28.36,43.98,77.32,0.76,61.85,0.64,39.34,0.67
2024-10-22,09:00,October,Autumn,V-Shape,62,544.51,29.85,46.46,76.53,0.82,61.23,0.69,42.1,0.67
2024-10-22,09:15,October,Autumn,V-Shape,62,544.51,29.85,46.46,76.53,0.82,61.23,0.69,42.1,0.67
2024-10-22,09:30,October,Autumn,V-Shape,62,544.51,29.85,46.46,76.53,0.82,61.23,0.69,42.1,0.67
2024-10-22,09:45,October,Autumn,V-Shape,62,544.51,29.85,46.46,76.53,0.82,61.23,0.69,42.1,0.67
2024-10-22,10:00,October,Autumn,V-Shape,62,492.08,31.06,46.36,76.56,0.74,61.25,0.62,38.05,0.67
2024-10-22,10:15,October,Autumn,V-Shape,62,492.08,31.06,46.36,76.56,0.74,61.25,0.62,38.05,0.67
2024-10-22,10:30,October,Autumn,V-Shape,62,492.08,31.06,46.36,76.56,0.74,61.25,0.62,38.05,0.67
2024-10-22,10:45,October,Autumn,V-Shape,62,492.08,31.06,46.36,76.56,0.74,61.25,0.62,38.05,0.67
2024-10-22,11:00,October,Autumn,V-Shape,62,412.21,32.02,45.33,76.89,0.62,61.51,0.52,31.98,0.67
2024-10-22,11:15,October,Autumn,V-Shape,62,412.21,32.02,45.33,76.89,0.62,61.51,0.52,31.98,0.67
2024-10-22,11:30,October,Autumn,V-Shape,62,412.21,32.02,45.33,76.89,0.62,61.51,0.52,31.98,0.67
2024-10-22,11:45,October,Autumn,V-Shape,62,412.21,32.02,45.33,76.89,0.62,61.51,0.52,31.98,0.67
2024-10-22,12:00,October,Autumn,V-Shape,62,478.75,32.49,47.46,76.22,0.72,60.97,0.61,36.89,0.67
2024-10-22,12:15,October,Autumn,V-Shape,62,478.75,32.49,47.46,76.22,0.72,60.97,0.61,36.89,0.67
2024-10-22,12:30,October,Autumn,V-Shape,62,478.75,32.49,47.46,76.22,0.72,60.97,0.61,36.89,0.67
2024-10-22,12:45,October,Autumn,V-Shape,62,478.75,32.49,47.46,76.22,0.72,60.97,0.61,36.89,0.67
2024-10-22,13:00,October,Autumn,V-Shape,62,555.68,32.54,49.43,75.59,0.84,60.47,0.7,42.55,0.67
2024-10-22,13:15,October,Autumn,V-Shape,62,555.68,32.54,49.43,75.59,0.84,60.47,0.7,42.55,0.67
2024-10-22,13:30,October,Autumn,V-Shape,62,555.68,32.54,49.43,75.59,0.84,60.47,0.7,42.55,0.67
2024-10-22,13:45,October,Autumn,V-Shape,62,555.68,32.54,49.43,75.59,0.84,60.47,0.7,42.55,0.67
2024-10-22,14:00,October,Autumn,V-Shape,62,488.57,32.27,47.48,76.21,0.74,60.97,0.62,37.65,0.67
2024-10-22,14:15,October,Autumn,V-Shape,62,488.57,32.27,47.48,76.21,0.74,60.97,0.62,37.65,0.67
2024-10-22,14:30,October,Autumn,V-Shape,62,488.57,32.27,47.48,76.21,0.74,60.97,0.62,37.65,0.67
2024-10-22,14:45,October,Autumn,V-Shape,62,488.57,32.27,47.48,76.21,0.74,60.97,0.62,37.65,0.67
2024-10-22,15:00,October,Autumn,V-Shape,62,292.3,31.86,42.17,77.89,0.44,62.31,0.37,22.9,0.67
2024-10-22,15:15,October,Autumn,V-Shape,62,292.3,31.86,42.17,77.89,0.44,62.31,0.37,22.9,0.67
2024-10-22,15:30,October,Autumn,V-Shape,62,292.3,31.86,42.17,77.89,0.44,62.31,0.37,22.9,0.67
2024-10-22,15:45,October,Autumn,V-Shape,62,292.3,31.86,42.17,77.89,0.44,62.31,0.37,22.9,0.67
2024-10-22,16:00,October,Autumn,V-Shape,62,107.94,31.23,36.93,79.55,0.16,63.64,0.14,8.59,0.67
2024-10-22,16:15,October,Autumn,V-Shape,62,107.94,31.23,36.93,79.55,0.16,63.64,0.14,8.59,0.67
2024-10-22,16:30,October,Autumn,V-Shape,62,107.94,31.23,36.93,79.55,0.16,63.64,0.14,8.59,0.67
2024-10-22,16:45,October,Autumn,V-Shape,62,107.94,31.23,36.93,79.55,0.16,63.64,0.14,8.59,0.67
2024-10-22,17:00,October,Autumn,V-Shape,62,6.01,29.63,32.78,80.86,0.01,64.69,0.01,0.48,0.67
2024-10-22,17:15,October,Autumn,V-Shape,62,6.01,29.63,32.78,80.86,0.01,64.69,0.01,0.48,0.67
2024-10-22,17:30,October,Autumn,V-Shape,62,6.01,29.63,32.78,80.86,0.01,64.69,0.01,0.48,0.67
2024-10-22,17:45,October,Autumn,V-Shape,62,6.01,29.63,32.78,80.86,0.01,64.69,0.01,0.48,0.67
2024-10-23,06:00,October,Autumn,V-Shape,62,85.7,25.23,30.37,81.63,0.13,65.3,0.11,6.96,0.67
2024-10-23,06:15,October,Autumn,V-Shape,62,85.7,25.23,30.37,81.63,0.13,65.3,0.11,6.96,0.67
2024-10-23,06:30,October,Autumn,V-Shape,62,85.7,25.23,30.37,81.63,0.13,65.3,0.11,6.96,0.67
2024-10-23,06:45,October,Autumn,V-Shape,62,85.7,25.23,30.37,81.63,0.13,65.3,0.11,6.96,0.67
2024-10-23,07:00,October,Autumn,V-Shape,62,273.92,26.96,36.81,79.59,0.41,63.67,0.34,21.81,0.67
2024-10-23,07:15,October,Autumn,V-Shape,62,273.92,26.96,36.81,79.59,0.41,63.67,0.34,21.81,0.67
2024-10-23,07:30,October,Autumn,V-Shape,62,273.92,26.96,36.81,79.59,0.41,63.67,0.34,21.81,0.67
2024-10-23,07:45,October,Autumn,V-Shape,62,273.92,26.96,36.81,79.59,0.41,63.67,0.34,21.81,0.67
2024-10-23,08:00,October,Autumn,V-Shape,62,476.46,29.58,44.49,77.16,0.72,61.72,0.6,37.06,0.67
2024-10-23,08:15,October,Autumn,V-Shape,62,476.46,29.58,44.49,77.16,0.72,61.72,0.6,37.06,0.67
2024-10-23,08:30,October,Autumn,V-Shape,62,476.46,29.58,44.49,77.16,0.72,61.72,0.6,37.06,0.67
2024-10-23,08:45,October,Autumn,V-Shape,62,476.46,29.58,44.49,77.16,0.72,61.72,0.6,37.06,0.67
2024-10-23,09:00,October,Autumn,V-Shape,62,651.84,31.04,50.34,75.31,0.99,60.24,0.83,49.77,0.67
2024-10-23,09:15,October,Autumn,V-Shape,62,651.84,31.04,50.34,75.31,0.99,60.24,0.83,49.77,0.67
2024-10-23,09:30,October,Autumn,V-Shape,62,651.84,31.04,50.34,75.31,0.99,60.24,0.83,49.77,0.67
2024-10-23,09:45,October,Autumn,V-Shape,62,651.84,31.04,50.34,75.31,0.99,60.24,0.83,49.77,0.67
2024-10-23,10:00,October,Autumn,V-Shape,62,719.6,31.83,52.82,74.52,1.09,59.62,0.91,54.5,0.67
2024-10-23,10:15,October,Autumn,V-Shape,62,719.6,31.83,52.82,74.52,1.09,59.62,0.91,54.5,0.67
2024-10-23,10:30,October,Autumn,V-Shape,62,719.6,31.83,52.82,74.52,1.09,59.62,0.91,54.5,0.67
2024-10-23,10:45,October,Autumn,V-Shape,62,719.6,31.83,52.82,74.52,1.09,59.62,0.91,54.5,0.67
2024-10-23,11:00,October,Autumn,V-Shape,62,799.73,32.25,55.24,73.75,1.22,59.0,1.02,60.09,0.67
2024-10-23,11:15,October,Autumn,V-Shape,62,799.73,32.25,55.24,73.75,1.22,59.0,1.02,60.09,0.67
2024-10-23,11:30,October,Autumn,V-Shape,62,799.73,32.25,55.24,73.75,1.22,59.0,1.02,60.09,0.67
2024-10-23,11:45,October,Autumn,V-Shape,62,799.73,32.25,55.24,73.75,1.22,59.0,1.02,60.09,0.67
2024-10-23,12:00,October,Autumn,V-Shape,62,748.16,32.08,53.78,74.21,1.14,59.37,0.95,56.49,0.67
2024-10-23,12:15,October,Autumn,V-Shape,62,748.16,32.08,53.78,74.21,1.14,59.37,0.95,56.49,0.67
2024-10-23,12:30,October,Autumn,V-Shape,62,748.16,32.08,53.78,74.21,1.14,59.37,0.95,56.49,0.67
2024-10-23,12:45,October,Autumn,V-Shape,62,748.16,32.08,53.78,74.21,1.14,59.37,0.95,56.49,0.67
2024-10-23,13:00,October,Autumn,V-Shape,62,644.3,31.65,50.76,75.17,0.98,60.14,0.82,49.13,0.67
2024-10-23,13:15,October,Autumn,V-Shape,62,644.3,31.65,50.76,75.17,0.98,60.14,0.82,49.13,0.67
2024-10-23,13:30,October,Autumn,V-Shape,62,644.3,31.65,50.76,75.17,0.98,60.14,0.82,49.13,0.67
2024-10-23,13:45,October,Autumn,V-Shape,62,644.3,31.65,50.76,75.17,0.98,60.14,0.82,49.13,0.67
2024-10-23,14:00,October,Autumn,V-Shape,62,318.13,31.16,42.11,77.91,0.48,62.33,0.4,24.93,0.67
2024-10-23,14:15,October,Autumn,V-Shape,62,318.13,31.16,42.11,77.91,0.48,62.33,0.4,24.93,0.67
2024-10-23,14:30,October,Autumn,V-Shape,62,318.13,31.16,42.11,77.91,0.48,62.33,0.4,24.93,0.67
2024-10-23,14:45,October,Autumn,V-Shape,62,318.13,31.16,42.11,77.91,0.48,62.33,0.4,24.93,0.67
2024-10-23,15:00,October,Autumn,V-Shape,62,196.28,30.53,38.44,79.07,0.29,63.26,0.25,15.55,0.67
2024-10-23,15:15,October,Autumn,V-Shape,62,196.28,30.53,38.44,79.07,0.29,63.26,0.25,15.55,0.67
2024-10-23,15:30,October,Autumn,V-Shape,62,196.28,30.53,38.44,79.07,0.29,63.26,0.25,15.55,0.67
2024-10-23,15:45,October,Autumn,V-Shape,62,196.28,30.53,38.44,79.07,0.29,63.26,0.25,15.55,0.67
2024-10-23,16:00,October,Autumn,V-Shape,62,74.55,29.52,34.38,80.36,0.11,64.29,0.09,5.98,0.67
2024-10-23,16:15,October,Autumn,V-Shape,62,74.55,29.52,34.38,80.36,0.11,64.29,0.09,5.98,0.67
2024-10-23,16:30,October,Autumn,V-Shape,62,74.55,29.52,34.38,80.36,0.11,64.29,0.09,5.98,0.67
2024-10-23,16:45,October,Autumn,V-Shape,62,74.55,29.52,34.38,80.36,0.11,64.29,0.09,5.98,0.67
2024-10-24,06:00,October,Autumn,V-Shape,62,89.67,24.71,29.95,81.76,0.13,65.41,0.11,7.29,0.67
2024-10-24,06:15,October,Autumn,V-Shape,62,89.67,24.71,29.95,81.76,0.13,65.41,0.11,7.29,0.67
2024-10-24,06:30,October,Autumn,V-Shape,62,89.67,24.71,29.95,81.76,0.13,65.41,0.11,7.29,0.67
2024-10-24,06:45,October,Autumn,V-Shape,62,89.67,24.71,29.95,81.76,0.13,65.41,0.11,7.29,0.67
2024-10-24,07:00,October,Autumn,V-Shape,62,241.16,25.68,34.71,80.25,0.36,64.2,0.3,19.33,0.67
2024-10-24,07:15,October,Autumn,V-Shape,62,241.16,25.68,34.71,80.25,0.36,64.2,0.3,19.33,0.67
2024-10-24,07:30,October,Autumn,V-Shape,62,241.16,25.68,34.71,80.25,0.36,64.2,0.3,19.33,0.67
2024-10-24,07:45,October,Autumn,V-Shape,62,241.16,25.68,34.71,80.25,0.36,64.2,0.3,19.33,0.67
2024-10-24,08:00,October,Autumn,V-Shape,62,424.38,27.28,40.89,78.3,0.64,62.64,0.53,33.38,0.67
2024-10-24,08:15,October,Autumn,V-Shape,62,424.38,27.28,40.89,78.3,0.64,62.64,0.53,33.38,0.67
2024-10-24,08:30,October,Autumn,V-Shape,62,424.38,27.28,40.89,78.3,0.64,62.64,0.53,33.38,0.67
2024-10-24,08:45,October,Autumn,V-Shape,62,424.38,27.28,40.89,78.3,0.64,62.64,0.53,33.38,0.67
2024-10-24,09:00,October,Autumn,V-Shape,62,505.1,28.7,44.33,77.21,0.76,61.77,0.64,39.31,0.67
2024-10-24,09:15,October,Autumn,V-Shape,62,505.1,28.7,44.33,77.21,0.76,61.77,0.64,39.31,0.67
2024-10-24,09:30,October,Autumn,V-Shape,62,505.1,28.7,44.33,77.21,0.76,61.77,0.64,39.31,0.67
2024-10-24,09:45,October,Autumn,V-Shape,62,505.1,28.7,44.33,77.21,0.76,61.77,0.64,39.31,0.67
2024-10-24,10:00,October,Autumn,V-Shape,62,544.11,29.66,46.26,76.6,0.82,61.28,0.69,42.09,0.67
2024-10-24,10:15,October,Autumn,V-Shape,62,544.11,29.66,46.26,76.6,0.82,61.28,0.69,42.09,0.67
2024-10-24,10:30,October,Autumn,V-Shape,62,544.11,29.66,46.26,76.6,0.82,61.28,0.69,42.09,0.67
2024-10-24,10:45,October,Autumn,V-Shape,62,544.11,29.66,46.26,76.6,0.82,61.28,0.69,42.09,0.67
2024-10-24,11:00,October,Autumn,V-Shape,62,655.99,30.31,49.71,75.5,0.99,60.4,0.83,50.19,0.67
2024-10-24,11:15,October,Autumn,V-Shape,62,655.99,30.31,49.71,75.5,0.99,60.4,0.83,50.19,0.67
2024-10-24,11:30,October,Autumn,V-Shape,62,655.99,30.31,49.71,75.5,0.99,60.4,0.83,50.19,0.67
2024-10-24,11:45,October,Autumn,V-Shape,62,655.99,30.31,49.71,75.5,0.99,60.4,0.83,50.19,0.67
2024-10-24,12:00,October,Autumn,V-Shape,62,755.82,30.62,52.52,74.62,1.15,59.69,0.96,57.31,0.67
2024-10-24,12:15,October,Autumn,V-Shape,62,755.82,30.62,52.52,74.62,1.15,59.69,0.96,57.31,0.67
2024-10-24,12:30,October,Autumn,V-Shape,62,755.82,30.62,52.52,74.62,1.15,59.69,0.96,57.31,0.67
2024-10-24,12:45,October,Autumn,V-Shape,62,755.82,30.62,52.52,74.62,1.15,59.69,0.96,57.31,0.67
2024-10-24,13:00,October,Autumn,V-Shape,62,661.9,30.57,50.12,75.37,1.0,60.3,0.84,50.58,0.67
2024-10-24,13:15,October,Autumn,V-Shape,62,661.9,30.57,50.12,75.37,1.0,60.3,0.84,50.58,0.67
2024-10-24,13:30,October,Autumn,V-Shape,62,661.9,30.57,50.12,75.37,1.0,60.3,0.84,50.58,0.67
2024-10-24,13:45,October,Autumn,V-Shape,62,661.9,30.57,50.12,75.37,1.0,60.3,0.84,50.58,0.67
2024-10-24,14:00,October,Autumn,V-Shape,62,512.72,30.29,46.11,76.64,0.77,61.32,0.65,39.68,0.67
2024-10-24,14:15,October,Autumn,V-Shape,62,512.72,30.29,46.11,76.64,0.77,61.32,0.65,39.68,0.67
2024-10-24,14:30,October,Autumn,V-Shape,62,512.72,30.29,46.11,76.64,0.77,61.32,0.65,39.68,0.67
2024-10-24,14:45,October,Autumn,V-Shape,62,512.72,30.29,46.11,76.64,0.77,61.32,0.65,39.68,0.67
2024-10-24,15:00,October,Autumn,V-Shape,62,313.03,29.95,40.78,78.33,0.47,62.67,0.39,24.63,0.67
2024-10-24,15:15,October,Autumn,V-Shape,62,313.03,29.95,40.78,78.33,0.47,62.67,0.39,24.63,0.67
2024-10-24,15:30,October,Autumn,V-Shape,62,313.03,29.95,40.78,78.33,0.47,62.67,0.39,24.63,0.67
2024-10-24,15:45,October,Autumn,V-Shape,62,313.03,29.95,40.78,78.33,0.47,62.67,0.39,24.63,0.67
2024-10-24,16:00,October,Autumn,V-Shape,62,121.93,29.12,35.17,80.11,0.18,64.09,0.15,9.76,0.67
2024-10-24,16:15,October,Autumn,V-Shape,62,121.93,29.12,35.17,80.11,0.18,64.09,0.15,9.76,0.67
2024-10-24,16:30,October,Autumn,V-Shape,62,121.93,29.12,35.17,80.11,0.18,64.09,0.15,9.76,0.67
2024-10-24,16:45,October,Autumn,V-Shape,62,121.93,29.12,35.17,80.11,0.18,64.09,0.15,9.76,0.67
2024-10-24,17:00,October,Autumn,V-Shape,62,7.09,27.76,30.94,81.45,0.01,65.16,0.01,0.57,0.67
2024-10-24,17:15,October,Autumn,V-Shape,62,7.09,27.76,30.94,81.45,0.01,65.16,0.01,0.57,0.67
2024-10-24,17:30,October,Autumn,V-Shape,62,7.09,27.76,30.94,81.45,0.01,65.16,0.01,0.57,0.67
2024-10-24,17:45,October,Autumn,V-Shape,62,7.09,27.76,30.94,81.45,0.01,65.16,0.01,0.57,0.67
2024-10-25,06:00,October,Autumn,V-Shape,62,94.19,24.84,30.19,81.68,0.14,65.35,0.12,7.65,0.67
2024-10-25,06:15,October,Autumn,V-Shape,62,94.19,24.84,30.19,81.68,0.14,65.35,0.12,7.65,0.67
2024-10-25,06:30,October,Autumn,V-Shape,62,94.19,24.84,30.19,81.68,0.14,65.35,0.12,7.65,0.67
2024-10-25,06:45,October,Autumn,V-Shape,62,94.19,24.84,30.19,81.68,0.14,65.35,0.12,7.65,0.67
2024-10-25,07:00,October,Autumn,V-Shape,62,269.61,27.03,36.77,79.6,0.4,63.68,0.34,21.47,0.67
2024-10-25,07:15,October,Autumn,V-Shape,62,269.61,27.03,36.77,79.6,0.4,63.68,0.34,21.47,0.67
2024-10-25,07:30,October,Autumn,V-Shape,62,269.61,27.03,36.77,79.6,0.4,63.68,0.34,21.47,0.67
2024-10-25,07:45,October,Autumn,V-Shape,62,269.61,27.03,36.77,79.6,0.4,63.68,0.34,21.47,0.67
2024-10-25,08:00,October,Autumn,V-Shape,62,467.51,28.86,43.55,77.45,0.7,61.96,0.59,36.47,0.67
2024-10-25,08:15,October,Autumn,V-Shape,62,467.51,28.86,43.55,77.45,0.7,61.96,0.59,36.47,0.67
2024-10-25,08:30,October,Autumn,V-Shape,62,467.51,28.86,43.55,77.45,0.7,61.96,0.59,36.47,0.67
2024-10-25,08:45,October,Autumn,V-Shape,62,467.51,28.86,43.55,77.45,0.7,61.96,0.59,36.47,0.67
2024-10-25,09:00,October,Autumn,V-Shape,62,562.24,29.68,46.74,76.45,0.85,61.16,0.71,43.43,0.67
2024-10-25,09:15,October,Autumn,V-Shape,62,562.24,29.68,46.74,76.45,0.85,61.16,0.71,43.43,0.67
2024-10-25,09:30,October,Autumn,V-Shape,62,562.24,29.68,46.74,76.45,0.85,61.16,0.71,43.43,0.67
2024-10-25,09:45,October,Autumn,V-Shape,62,562.24,29.68,46.74,76.45,0.85,61.16,0.71,43.43,0.67
2024-10-25,10:00,October,Autumn,V-Shape,62,637.4,30.45,49.39,75.61,0.96,60.49,0.81,48.82,0.67
2024-10-25,10:15,October,Autumn,V-Shape,62,637.4,30.45,49.39,75.61,0.96,60.49,0.81,48.82,0.67
2024-10-25,10:30,October,Autumn,V-Shape,62,637.4,30.45,49.39,75.61,0.96,60.49,0.81,48.82,0.67
2024-10-25,10:45,October,Autumn,V-Shape,62,637.4,30.45,49.39,75.61,0.96,60.49,0.81,48.82,0.67
2024-10-25,11:00,October,Autumn,V-Shape,62,604.7,30.71,48.83,75.78,0.91,60.63,0.77,46.4,0.67
2024-10-25,11:15,October,Autumn,V-Shape,62,604.7,30.71,48.83,75.78,0.91,60.63,0.77,46.4,0.67
2024-10-25,11:30,October,Autumn,V-Shape,62,604.7,30.71,48.83,75.78,0.91,60.63,0.77,46.4,0.67
2024-10-25,11:45,October,Autumn,V-Shape,62,604.7,30.71,48.83,75.78,0.91,60.63,0.77,46.4,0.67
2024-10-25,12:00,October,Autumn,V-Shape,62,461.42,30.84,45.38,76.88,0.69,61.5,0.58,35.79,0.67
2024-10-25,12:15,October,Autumn,V-Shape,62,461.42,30.84,45.38,76.88,0.69,61.5,0.58,35.79,0.67
2024-10-25,12:30,October,Autumn,V-Shape,62,461.42,30.84,45.38,76.88,0.69,61.5,0.58,35.79,0.67
2024-10-25,12:45,October,Autumn,V-Shape,62,461.42,30.84,45.38,76.88,0.69,61.5,0.58,35.79,0.67
2024-10-25,13:00,October,Autumn,V-Shape,62,126.07,30.45,36.6,79.65,0.19,63.72,0.16,10.05,0.67
2024-10-25,13:15,October,Autumn,V-Shape,62,126.07,30.45,36.6,79.65,0.19,63.72,0.16,10.05,0.67
2024-10-25,13:30,October,Autumn,V-Shape,62,126.07,30.45,36.6,79.65,0.19,63.72,0.16,10.05,0.67
2024-10-25,13:45,October,Autumn,V-Shape,62,126.07,30.45,36.6,79.65,0.19,63.72,0.16,10.05,0.67
2024-10-25,14:00,October,Autumn,V-Shape,62,93.42,29.88,35.22,80.09,0.14,64.07,0.12,7.47,0.67
2024-10-25,14:15,October,Autumn,V-Shape,62,93.42,29.88,35.22,80.09,0.14,64.07,0.12,7.47,0.67
2024-10-25,14:30,October,Autumn,V-Shape,62,93.42,29.88,35.22,80.09,0.14,64.07,0.12,7.47,0.67
2024-10-25,14:45,October,Autumn,V-Shape,62,93.42,29.88,35.22,80.09,0.14,64.07,0.12,7.47,0.67
2024-10-25,15:00,October,Autumn,V-Shape,62,74.68,29.05,33.92,80.5,0.11,64.4,0.09,6.0,0.67
2024-10-25,15:15,October,Autumn,V-Shape,62,74.68,29.05,33.92,80.5,0.11,64.4,0.09,6.0,0.67
2024-10-25,15:30,October,Autumn,V-Shape,62,74.68,29.05,33.92,80.5,0.11,64.4,0.09,6.0,0.67
2024-10-25,15:45,October,Autumn,V-Shape,62,74.68,29.05,33.92,80.5,0.11,64.4,0.09,6.0,0.67
2024-10-25,16:00,October,Autumn,V-Shape,62,33.95,28.18,32.03,81.1,0.05,64.88,0.04,2.74,0.67
2024-10-25,16:15,October,Autumn,V-Shape,62,33.95,28.18,32.03,81.1,0.05,64.88,0.04,2.74,0.67
2024-10-25,16:30,October,Autumn,V-Shape,62,33.95,28.18,32.03,81.1,0.05,64.88,0.04,2.74,0.67
2024-10-25,16:45,October,Autumn,V-Shape,62,33.95,28.18,32.03,81.1,0.05,64.88,0.04,2.74,0.67
2024-10-26,06:00,October,Autumn,V-Shape,62,119.89,24.25,30.25,81.67,0.18,65.33,0.15,9.73,0.67
2024-10-26,06:15,October,Autumn,V-Shape,62,119.89,24.25,30.25,81.67,0.18,65.33,0.15,9.73,0.67
2024-10-26,06:30,October,Autumn,V-Shape,62,119.89,24.25,30.25,81.67,0.18,65.33,0.15,9.73,0.67
2024-10-26,06:45,October,Autumn,V-Shape,62,119.89,24.25,30.25,81.67,0.18,65.33,0.15,9.73,0.67
2024-10-26,07:00,October,Autumn,V-Shape,62,345.4,25.78,37.41,79.4,0.52,63.52,0.43,27.46,0.67
2024-10-26,07:15,October,Autumn,V-Shape,62,345.4,25.78,37.41,79.4,0.52,63.52,0.43,27.46,0.67
2024-10-26,07:30,October,Autumn,V-Shape,62,345.4,25.78,37.41,79.4,0.52,63.52,0.43,27.46,0.67
2024-10-26,07:45,October,Autumn,V-Shape,62,345.4,25.78,37.41,79.4,0.52,63.52,0.43,27.46,0.67
2024-10-26,08:00,October,Autumn,V-Shape,62,588.56,28.18,45.89,76.71,0.89,61.37,0.74,45.58,0.67
2024-10-26,08:15,October,Autumn,V-Shape,62,588.56,28.18,45.89,76.71,0.89,61.37,0.74,45.58,0.67
2024-10-26,08:30,October,Autumn,V-Shape,62,588.56,28.18,45.89,76.71,0.89,61.37,0.74,45.58,0.67
2024-10-26,08:45,October,Autumn,V-Shape,62,588.56,28.18,45.89,76.71,0.89,61.37,0.74,45.58,0.67
2024-10-26,09:00,October,Autumn,V-Shape,62,749.18,29.97,51.7,74.87,1.14,59.9,0.95,56.95,0.67
2024-10-26,09:15,October,Autumn,V-Shape,62,749.18,29.97,51.7,74.87,1.14,59.9,0.95,56.95,0.67
2024-10-26,09:30,October,Autumn,V-Shape,62,749.18,29.97,51.7,74.87,1.14,59.9,0.95,56.95,0.67
2024-10-26,09:45,October,Autumn,V-Shape,62,749.18,29.97,51.7,74.87,1.14,59.9,0.95,56.95,0.67
2024-10-26,10:00,October,Autumn,V-Shape,62,806.32,31.16,54.32,74.04,1.23,59.24,1.03,60.77,0.67
2024-10-26,10:15,October,Autumn,V-Shape,62,806.32,31.16,54.32,74.04,1.23,59.24,1.03,60.77,0.67
2024-10-26,10:30,October,Autumn,V-Shape,62,806.32,31.16,54.32,74.04,1.23,59.24,1.03,60.77,0.67
2024-10-26,10:45,October,Autumn,V-Shape,62,806.32,31.16,54.32,74.04,1.23,59.24,1.03,60.77,0.67
2024-10-26,11:00,October,Autumn,V-Shape,62,627.22,31.83,50.51,75.25,0.95,60.2,0.8,47.87,0.67
2024-10-26,11:15,October,Autumn,V-Shape,62,627.22,31.83,50.51,75.25,0.95,60.2,0.8,47.87,0.67
2024-10-26,11:30,October,Autumn,V-Shape,62,627.22,31.83,50.51,75.25,0.95,60.2,0.8,47.87,0.67
2024-10-26,11:45,October,Autumn,V-Shape,62,627.22,31.83,50.51,75.25,0.95,60.2,0.8,47.87,0.67
2024-10-26,12:00,October,Autumn,V-Shape,62,714.26,32.04,52.9,74.49,1.08,59.6,0.91,54.09,0.67
2024-10-26,12:15,October,Autumn,V-Shape,62,714.26,32.04,52.9,74.49,1.08,59.6,0.91,54.09,0.67
2024-10-26,12:30,October,Autumn,V-Shape,62,714.26,32.04,52.9,74.49,1.08,59.6,0.91,54.09,0.67
2024-10-26,12:45,October,Autumn,V-Shape,62,714.26,32.04,52.9,74.49,1.08,59.6,0.91,54.09,0.67
2024-10-26,13:00,October,Autumn,V-Shape,62,470.42,31.96,46.72,76.45,0.71,61.16,0.59,36.34,0.67
2024-10-26,13:15,October,Autumn,V-Shape,62,470.42,31.96,46.72,76.45,0.71,61.16,0.59,36.34,0.67
2024-10-26,13:30,October,Autumn,V-Shape,62,470.42,31.96,46.72,76.45,0.71,61.16,0.59,36.34,0.67
2024-10-26,13:45,October,Autumn,V-Shape,62,470.42,31.96,46.72,76.45,0.71,61.16,0.59,36.34,0.67
2024-10-26,14:00,October,Autumn,V-Shape,62,392.81,31.79,44.61,77.12,0.59,61.69,0.5,30.54,0.67
2024-10-26,14:15,October,Autumn,V-Shape,62,392.81,31.79,44.61,77.12,0.59,61.69,0.5,30.54,0.67
2024-10-26,14:30,October,Autumn,V-Shape,62,392.81,31.79,44.61,77.12,0.59,61.69,0.5,30.54,0.67
2024-10-26,14:45,October,Autumn,V-Shape,62,392.81,31.79,44.61,77.12,0.59,61.69,0.5,30.54,0.67
2024-10-26,15:00,October,Autumn,V-Shape,62,242.53,31.23,40.29,78.49,0.36,62.79,0.3,19.11,0.67
2024-10-26,15:15,October,Autumn,V-Shape,62,242.53,31.23,40.29,78.49,0.36,62.79,0.3,19.11,0.67
2024-10-26,15:30,October,Autumn,V-Shape,62,242.53,31.23,40.29,78.49,0.36,62.79,0.3,19.11,0.67
2024-10-26,15:45,October,Autumn,V-Shape,62,242.53,31.23,40.29,78.49,0.36,62.79,0.3,19.11,0.67
2024-10-26,16:00,October,Autumn,V-Shape,62,95.89,30.27,35.67,79.95,0.14,63.96,0.12,7.66,0.67
2024-10-26,16:15,October,Autumn,V-Shape,62,95.89,30.27,35.67,79.95,0.14,63.96,0.12,7.66,0.67
2024-10-26,16:30,October,Autumn,V-Shape,62,95.89,30.27,35.67,79.95,0.14,63.96,0.12,7.66,0.67
2024-10-26,16:45,October,Autumn,V-Shape,62,95.89,30.27,35.67,79.95,0.14,63.96,0.12,7.66,0.67
2024-10-26,17:00,October,Autumn,V-Shape,62,5.44,28.51,31.65,81.22,0.01,64.98,0.01,0.44,0.67
2024-10-26,17:15,October,Autumn,V-Shape,62,5.44,28.51,31.65,81.22,0.01,64.98,0.01,0.44,0.67
2024-10-26,17:30,October,Autumn,V-Shape,62,5.44,28.51,31.65,81.22,0.01,64.98,0.01,0.44,0.67
2024-10-26,17:45,October,Autumn,V-Shape,62,5.44,28.51,31.65,81.22,0.01,64.98,0.01,0.44,0.67
2024-10-27,06:00,October,Autumn,V-Shape,62,105.13,24.6,30.23,81.67,0.16,65.34,0.13,8.54,0.67
2024-10-27,06:15,October,Autumn,V-Shape,62,105.13,24.6,30.23,81.67,0.16,65.34,0.13,8.54,0.67
2024-10-27,06:30,October,Autumn,V-Shape,62,105.13,24.6,30.23,81.67,0.16,65.34,0.13,8.54,0.67
2024-10-27,06:45,October,Autumn,V-Shape,62,105.13,24.6,30.23,81.67,0.16,65.34,0.13,8.54,0.67
2024-10-27,07:00,October,Autumn,V-Shape,62,315.47,25.63,36.52,79.68,0.47,63.74,0.39,25.15,0.67
2024-10-27,07:15,October,Autumn,V-Shape,62,315.47,25.63,36.52,79.68,0.47,63.74,0.39,25.15,0.67
2024-10-27,07:30,October,Autumn,V-Shape,62,315.47,25.63,36.52,79.68,0.47,63.74,0.39,25.15,0.67
2024-10-27,07:45,October,Autumn,V-Shape,62,315.47,25.63,36.52,79.68,0.47,63.74,0.39,25.15,0.67
2024-10-27,08:00,October,Autumn,V-Shape,62,562.91,27.25,44.32,77.21,0.85,61.77,0.71,43.81,0.67
2024-10-27,08:15,October,Autumn,V-Shape,62,562.91,27.25,44.32,77.21,0.85,61.77,0.71,43.81,0.67
2024-10-27,08:30,October,Autumn,V-Shape,62,562.91,27.25,44.32,77.21,0.85,61.77,0.71,43.81,0.67
2024-10-27,08:45,October,Autumn,V-Shape,62,562.91,27.25,44.32,77.21,0.85,61.77,0.71,43.81,0.67
2024-10-27,09:00,October,Autumn,V-Shape,62,770.49,28.86,51.12,75.06,1.17,60.05,0.98,58.68,0.67
2024-10-27,09:15,October,Autumn,V-Shape,62,770.49,28.86,51.12,75.06,1.17,60.05,0.98,58.68,0.67
2024-10-27,09:30,October,Autumn,V-Shape,62,770.49,28.86,51.12,75.06,1.17,60.05,0.98,58.68,0.67
2024-10-27,09:45,October,Autumn,V-Shape,62,770.49,28.86,51.12,75.06,1.17,60.05,0.98,58.68,0.67
2024-10-27,10:00,October,Autumn,V-Shape,62,769.44,29.64,51.88,74.82,1.17,59.85,0.98,58.46,0.67
2024-10-27,10:15,October,Autumn,V-Shape,62,769.44,29.64,51.88,74.82,1.17,59.85,0.98,58.46,0.67
2024-10-27,10:30,October,Autumn,V-Shape,62,769.44,29.64,51.88,74.82,1.17,59.85,0.98,58.46,0.67
2024-10-27,10:45,October,Autumn,V-Shape,62,769.44,29.64,51.88,74.82,1.17,59.85,0.98,58.46,0.67
2024-10-27,11:00,October,Autumn,V-Shape,62,798.4,29.98,52.94,74.48,1.21,59.58,1.01,60.45,0.67
2024-10-27,11:15,October,Autumn,V-Shape,62,798.4,29.98,52.94,74.48,1.21,59.58,1.01,60.45,0.67
2024-10-27,11:30,October,Autumn,V-Shape,62,798.4,29.98,52.94,74.48,1.21,59.58,1.01,60.45,0.67
2024-10-27,11:45,October,Autumn,V-Shape,62,798.4,29.98,52.94,74.48,1.21,59.58,1.01,60.45,0.67
2024-10-27,12:00,October,Autumn,V-Shape,62,648.67,30.09,49.31,75.63,0.98,60.51,0.82,49.7,0.67
2024-10-27,12:15,October,Autumn,V-Shape,62,648.67,30.09,49.31,75.63,0.98,60.51,0.82,49.7,0.67
2024-10-27,12:30,October,Autumn,V-Shape,62,648.67,30.09,49.31,75.63,0.98,60.51,0.82,49.7,0.67
2024-10-27,12:45,October,Autumn,V-Shape,62,648.67,30.09,49.31,75.63,0.98,60.51,0.82,49.7,0.67
2024-10-27,13:00,October,Autumn,V-Shape,62,506.1,30.07,45.72,76.77,0.76,61.41,0.64,39.22,0.67
2024-10-27,13:15,October,Autumn,V-Shape,62,506.1,30.07,45.72,76.77,0.76,61.41,0.64,39.22,0.67
2024-10-27,13:30,October,Autumn,V-Shape,62,506.1,30.07,45.72,76.77,0.76,61.41,0.64,39.22,0.67
2024-10-27,13:45,October,Autumn,V-Shape,62,506.1,30.07,45.72,76.77,0.76,61.41,0.64,39.22,0.67
2024-10-27,14:00,October,Autumn,V-Shape,62,380.36,29.74,42.25,77.87,0.57,62.29,0.48,29.79,0.67
2024-10-27,14:15,October,Autumn,V-Shape,62,380.36,29.74,42.25,77.87,0.57,62.29,0.48,29.79,0.67
2024-10-27,14:30,October,Autumn,V-Shape,62,380.36,29.74,42.25,77.87,0.57,62.29,0.48,29.79,0.67
2024-10-27,14:45,October,Autumn,V-Shape,62,380.36,29.74,42.25,77.87,0.57,62.29,0.48,29.79,0.67
2024-10-27,15:00,October,Autumn,V-Shape,62,233.12,29.18,38.01,79.21,0.35,63.37,0.29,18.5,0.67
2024-10-27,15:15,October,Autumn,V-Shape,62,233.12,29.18,38.01,79.21,0.35,63.37,0.29,18.5,0.67
2024-10-27,15:30,October,Autumn,V-Shape,62,233.12,29.18,38.01,79.21,0.35,63.37,0.29,18.5,0.67
2024-10-27,15:45,October,Autumn,V-Shape,62,233.12,29.18,38.01,79.21,0.35,63.37,0.29,18.5,0.67
2024-10-27,16:00,October,Autumn,V-Shape,62,98.63,28.29,33.76,80.56,0.15,64.44,0.12,7.93,0.67
2024-10-27,16:15,October,Autumn,V-Shape,62,98.63,28.29,33.76,80.56,0.15,64.44,0.12,7.93,0.67
2024-10-27,16:30,October,Autumn,V-Shape,62,98.63,28.29,33.76,80.56,0.15,64.44,0.12,7.93,0.67
2024-10-27,16:45,October,Autumn,V-Shape,62,98.63,28.29,33.76,80.56,0.15,64.44,0.12,7.93,0.67
2024-10-27,17:00,October,Autumn,V-Shape,62,6.25,26.94,30.1,81.71,0.01,65.37,0.01,0.51,0.67
2024-10-27,17:15,October,Autumn,V-Shape,62,6.25,26.94,30.1,81.71,0.01,65.37,0.01,0.51,0.67
2024-10-27,17:30,October,Autumn,V-Shape,62,6.25,26.94,30.1,81.71,0.01,65.37,0.01,0.51,0.67
2024-10-27,17:45,October,Autumn,V-Shape,62,6.25,26.94,30.1,81.71,0.01,65.37,0.01,0.51,0.67
2024-10-28,06:00,October,Autumn,V-Shape,62,112.72,24.32,30.14,81.7,0.17,65.36,0.14,9.15,0.67
2024-10-28,06:15,October,Autumn,V-Shape,62,112.72,24.32,30.14,81.7,0.17,65.36,0.14,9.15,0.67
2024-10-28,06:30,October,Autumn,V-Shape,62,112.72,24.32,30.14,81.7,0.17,65.36,0.14,9.15,0.67
2024-10-28,06:45,October,Autumn,V-Shape,62,112.72,24.32,30.14,81.7,0.17,65.36,0.14,9.15,0.67
2024-10-28,07:00,October,Autumn,V-Shape,62,328.83,25.88,37.1,79.5,0.49,63.6,0.41,26.16,0.67
2024-10-28,07:15,October,Autumn,V-Shape,62,328.83,25.88,37.1,79.5,0.49,63.6,0.41,26.16,0.67
2024-10-28,07:30,October,Autumn,V-Shape,62,328.83,25.88,37.1,79.5,0.49,63.6,0.41,26.16,0.67
2024-10-28,07:45,October,Autumn,V-Shape,62,328.83,25.88,37.1,79.5,0.49,63.6,0.41,26.16,0.67
2024-10-28,08:00,October,Autumn,V-Shape,62,561.98,28.29,45.34,76.89,0.85,61.51,0.71,43.6,0.67
2024-10-28,08:15,October,Autumn,V-Shape,62,561.98,28.29,45.34,76.89,0.85,61.51,0.71,43.6,0.67
2024-10-28,08:30,October,Autumn,V-Shape,62,561.98,28.29,45.34,76.89,0.85,61.51,0.71,43.6,0.67
2024-10-28,08:45,October,Autumn,V-Shape,62,561.98,28.29,45.34,76.89,0.85,61.51,0.71,43.6,0.67
2024-10-28,09:00,October,Autumn,V-Shape,62,737.92,30.21,51.66,74.89,1.12,59.91,0.94,56.1,0.67
2024-10-28,09:15,October,Autumn,V-Shape,62,737.92,30.21,51.66,74.89,1.12,59.91,0.94,56.1,0.67
2024-10-28,09:30,October,Autumn,V-Shape,62,737.92,30.21,51.66,74.89,1.12,59.91,0.94,56.1,0.67
2024-10-28,09:45,October,Autumn,V-Shape,62,737.92,30.21,51.66,74.89,1.12,59.91,0.94,56.1,0.67
2024-10-28,10:00,October,Autumn,V-Shape,62,760.38,31.39,53.4,74.34,1.15,59.47,0.97,57.48,0.67
2024-10-28,10:15,October,Autumn,V-Shape,62,760.38,31.39,53.4,74.34,1.15,59.47,0.97,57.48,0.67
2024-10-28,10:30,October,Autumn,V-Shape,62,760.38,31.39,53.4,74.34,1.15,59.47,0.97,57.48,0.67
2024-10-28,10:45,October,Autumn,V-Shape,62,760.38,31.39,53.4,74.34,1.15,59.47,0.97,57.48,0.67
2024-10-28,11:00,October,Autumn,V-Shape,62,728.02,32.11,53.31,74.36,1.1,59.49,0.93,55.05,0.67
2024-10-28,11:15,October,Autumn,V-Shape,62,728.02,32.11,53.31,74.36,1.1,59.49,0.93,55.05,0.67
2024-10-28,11:30,October,Autumn,V-Shape,62,728.02,32.11,53.31,74.36,1.1,59.49,0.93,55.05,0.67
2024-10-28,11:45,October,Autumn,V-Shape,62,728.02,32.11,53.31,74.36,1.1,59.49,0.93,55.05,0.67
2024-10-28,12:00,October,Autumn,V-Shape,62,683.34,32.41,52.49,74.62,1.04,59.7,0.87,51.81,0.67
2024-10-28,12:15,October,Autumn,V-Shape,62,683.34,32.41,52.49,74.62,1.04,59.7,0.87,51.81,0.67
2024-10-28,12:30,October,Autumn,V-Shape,62,683.34,32.41,52.49,74.62,1.04,59.7,0.87,51.81,0.67
2024-10-28,12:45,October,Autumn,V-Shape,62,683.34,32.41,52.49,74.62,1.04,59.7,0.87,51.81,0.67
2024-10-28,13:00,October,Autumn,V-Shape,62,656.02,32.37,51.77,74.85,0.99,59.88,0.83,49.86,0.67
2024-10-28,13:15,October,Autumn,V-Shape,62,656.02,32.37,51.77,74.85,0.99,59.88,0.83,49.86,0.67
2024-10-28,13:30,October,Autumn,V-Shape,62,656.02,32.37,51.77,74.85,0.99,59.88,0.83,49.86,0.67
2024-10-28,13:45,October,Autumn,V-Shape,62,656.02,32.37,51.77,74.85,0.99,59.88,0.83,49.86,0.67
2024-10-28,14:00,October,Autumn,V-Shape,62,579.76,32.08,49.57,75.55,0.88,60.44,0.73,44.38,0.67
2024-10-28,14:15,October,Autumn,V-Shape,62,579.76,32.08,49.57,75.55,0.88,60.44,0.73,44.38,0.67
2024-10-28,14:30,October,Autumn,V-Shape,62,579.76,32.08,49.57,75.55,0.88,60.44,0.73,44.38,0.67
2024-10-28,14:45,October,Autumn,V-Shape,62,579.76,32.08,49.57,75.55,0.88,60.44,0.73,44.38,0.67
2024-10-28,15:00,October,Autumn,V-Shape,62,334.08,31.5,42.85,77.68,0.5,62.14,0.42,26.12,0.67
2024-10-28,15:15,October,Autumn,V-Shape,62,334.08,31.5,42.85,77.68,0.5,62.14,0.42,26.12,0.67
2024-10-28,15:30,October,Autumn,V-Shape,62,334.08,31.5,42.85,77.68,0.5,62.14,0.42,26.12,0.67
2024-10-28,15:45,October,Autumn,V-Shape,62,334.08,31.5,42.85,77.68,0.5,62.14,0.42,26.12,0.67
2024-10-28,16:00,October,Autumn,V-Shape,62,129.97,30.43,36.68,79.63,0.19,63.7,0.16,10.35,0.67
2024-10-28,16:15,October,Autumn,V-Shape,62,129.97,30.43,36.68,79.63,0.19,63.7,0.16,10.35,0.67
2024-10-28,16:30,October,Autumn,V-Shape,62,129.97,30.43,36.68,79.63,0.19,63.7,0.16,10.35,0.67
2024-10-28,16:45,October,Autumn,V-Shape,62,129.97,30.43,36.68,79.63,0.19,63.7,0.16,10.35,0.67
2024-10-28,17:00,October,Autumn,V-Shape,62,6.3,28.54,31.7,81.21,0.01,64.97,0.01,0.51,0.67
2024-10-28,17:15,October,Autumn,V-Shape,62,6.3,28.54,31.7,81.21,0.01,64.97,0.01,0.51,0.67
2024-10-28,17:30,October,Autumn,V-Shape,62,6.3,28.54,31.7,81.21,0.01,64.97,0.01,0.51,0.67
2024-10-28,17:45,October,Autumn,V-Shape,62,6.3,28.54,31.7,81.21,0.01,64.97,0.01,0.51,0.67
2024-10-29,06:00,October,Autumn,V-Shape,62,88.13,24.85,30.05,81.73,0.13,65.38,0.11,7.16,0.67
2024-10-29,06:15,October,Autumn,V-Shape,62,88.13,24.85,30.05,81.73,0.13,65.38,0.11,7.16,0.67
2024-10-29,06:30,October,Autumn,V-Shape,62,88.13,24.85,30.05,81.73,0.13,65.38,0.11,7.16,0.67
2024-10-29,06:45,October,Autumn,V-Shape,62,88.13,24.85,30.05,81.73,0.13,65.38,0.11,7.16,0.67
2024-10-29,07:00,October,Autumn,V-Shape,62,268.09,25.97,35.67,79.95,0.4,63.96,0.33,21.42,0.67
2024-10-29,07:15,October,Autumn,V-Shape,62,268.09,25.97,35.67,79.95,0.4,63.96,0.33,21.42,0.67
2024-10-29,07:30,October,Autumn,V-Shape,62,268.09,25.97,35.67,79.95,0.4,63.96,0.33,21.42,0.67
2024-10-29,07:45,October,Autumn,V-Shape,62,268.09,25.97,35.67,79.95,0.4,63.96,0.33,21.42,0.67
2024-10-29,08:00,October,Autumn,V-Shape,62,467.01,28.03,42.71,77.72,0.7,62.18,0.59,36.53,0.67
2024-10-29,08:15,October,Autumn,V-Shape,62,467.01,28.03,42.71,77.72,0.7,62.18,0.59,36.53,0.67
2024-10-29,08:30,October,Autumn,V-Shape,62,467.01,28.03,42.71,77.72,0.7,62.18,0.59,36.53,0.67
2024-10-29,08:45,October,Autumn,V-Shape,62,467.01,28.03,42.71,77.72,0.7,62.18,0.59,36.53,0.67
2024-10-29,09:00,October,Autumn,V-Shape,62,525.58,30.25,46.39,76.56,0.79,61.24,0.66,40.64,0.67
2024-10-29,09:15,October,Autumn,V-Shape,62,525.58,30.25,46.39,76.56,0.79,61.24,0.66,40.64,0.67
2024-10-29,09:30,October,Autumn,V-Shape,62,525.58,30.25,46.39,76.56,0.79,61.24,0.66,40.64,0.67
2024-10-29,09:45,October,Autumn,V-Shape,62,525.58,30.25,46.39,76.56,0.79,61.24,0.66,40.64,0.67
2024-10-29,10:00,October,Autumn,V-Shape,62,686.44,31.55,51.71,74.87,1.04,59.9,0.87,52.18,0.67
2024-10-29,10:15,October,Autumn,V-Shape,62,686.44,31.55,51.71,74.87,1.04,59.9,0.87,52.18,0.67
2024-10-29,10:30,October,Autumn,V-Shape,62,686.44,31.55,51.71,74.87,1.04,59.9,0.87,52.18,0.67
2024-10-29,10:45,October,Autumn,V-Shape,62,686.44,31.55,51.71,74.87,1.04,59.9,0.87,52.18,0.67
2024-10-29,11:00,October,Autumn,V-Shape,62,751.06,32.21,53.99,74.15,1.14,59.32,0.96,56.67,0.67
2024-10-29,11:15,October,Autumn,V-Shape,62,751.06,32.21,53.99,74.15,1.14,59.32,0.96,56.67,0.67
2024-10-29,11:30,October,Autumn,V-Shape,62,751.06,32.21,53.99,74.15,1.14,59.32,0.96,56.67,0.67
2024-10-29,11:45,October,Autumn,V-Shape,62,751.06,32.21,53.99,74.15,1.14,59.32,0.96,56.67,0.67
2024-10-29,12:00,October,Autumn,V-Shape,62,724.9,32.5,53.62,74.26,1.1,59.41,0.92,54.76,0.67
2024-10-29,12:15,October,Autumn,V-Shape,62,724.9,32.5,53.62,74.26,1.1,59.41,0.92,54.76,0.67
2024-10-29,12:30,October,Autumn,V-Shape,62,724.9,32.5,53.62,74.26,1.1,59.41,0.92,54.76,0.67
2024-10-29,12:45,October,Autumn,V-Shape,62,724.9,32.5,53.62,74.26,1.1,59.41,0.92,54.76,0.67
2024-10-29,13:00,October,Autumn,V-Shape,62,643.09,32.62,51.7,74.87,0.97,59.9,0.82,48.89,0.67
2024-10-29,13:15,October,Autumn,V-Shape,62,643.09,32.62,51.7,74.87,0.97,59.9,0.82,48.89,0.67
2024-10-29,13:30,October,Autumn,V-Shape,62,643.09,32.62,51.7,74.87,0.97,59.9,0.82,48.89,0.67
2024-10-29,13:45,October,Autumn,V-Shape,62,643.09,32.62,51.7,74.87,0.97,59.9,0.82,48.89,0.67
2024-10-29,14:00,October,Autumn,V-Shape,62,570.2,32.59,49.85,75.46,0.86,60.37,0.72,43.61,0.67
2024-10-29,14:15,October,Autumn,V-Shape,62,570.2,32.59,49.85,75.46,0.86,60.37,0.72,43.61,0.67
2024-10-29,14:30,October,Autumn,V-Shape,62,570.2,32.59,49.85,75.46,0.86,60.37,0.72,43.61,0.67
2024-10-29,14:45,October,Autumn,V-Shape,62,570.2,32.59,49.85,75.46,0.86,60.37,0.72,43.61,0.67
2024-10-29,15:00,October,Autumn,V-Shape,62,363.09,32.17,44.25,77.23,0.55,61.79,0.46,28.27,0.67
2024-10-29,15:15,October,Autumn,V-Shape,62,363.09,32.17,44.25,77.23,0.55,61.79,0.46,28.27,0.67
2024-10-29,15:30,October,Autumn,V-Shape,62,363.09,32.17,44.25,77.23,0.55,61.79,0.46,28.27,0.67
2024-10-29,15:45,October,Autumn,V-Shape,62,363.09,32.17,44.25,77.23,0.55,61.79,0.46,28.27,0.67
2024-10-29,16:00,October,Autumn,V-Shape,62,138.73,31.63,38.1,79.18,0.21,63.34,0.17,11.0,0.67
2024-10-29,16:15,October,Autumn,V-Shape,62,138.73,31.63,38.1,79.18,0.21,63.34,0.17,11.0,0.67
2024-10-29,16:30,October,Autumn,V-Shape,62,138.73,31.63,38.1,79.18,0.21,63.34,0.17,11.0,0.67
2024-10-29,16:45,October,Autumn,V-Shape,62,138.73,31.63,38.1,79.18,0.21,63.34,0.17,11.0,0.67
2024-10-29,17:00,October,Autumn,V-Shape,62,6.72,29.69,32.86,80.84,0.01,64.67,0.01,0.54,0.67
2024-10-29,17:15,October,Autumn,V-Shape,62,6.72,29.69,32.86,80.84,0.01,64.67,0.01,0.54,0.67
2024-10-29,17:30,October,Autumn,V-Shape,62,6.72,29.69,32.86,80.84,0.01,64.67,0.01,0.54,0.67
2024-10-29,17:45,October,Autumn,V-Shape,62,6.72,29.69,32.86,80.84,0.01,64.67,0.01,0.54,0.67
2024-10-30,06:00,October,Autumn,V-Shape,62,124.16,25.09,31.19,81.37,0.18,65.09,0.15,10.05,0.67
2024-10-30,06:15,October,Autumn,V-Shape,62,124.16,25.09,31.19,81.37,0.18,65.09,0.15,10.05,0.67
2024-10-30,06:30,October,Autumn,V-Shape,62,124.16,25.09,31.19,81.37,0.18,65.09,0.15,10.05,0.67
2024-10-30,06:45,October,Autumn,V-Shape,62,124.16,25.09,31.19,81.37,0.18,65.09,0.15,10.05,0.67
2024-10-30,07:00,October,Autumn,V-Shape,62,340.94,26.41,37.93,79.23,0.51,63.39,0.43,27.06,0.67
2024-10-30,07:15,October,Autumn,V-Shape,62,340.94,26.41,37.93,79.23,0.51,63.39,0.43,27.06,0.67
2024-10-30,07:30,October,Autumn,V-Shape,62,340.94,26.41,37.93,79.23,0.51,63.39,0.43,27.06,0.67
2024-10-30,07:45,October,Autumn,V-Shape,62,340.94,26.41,37.93,79.23,0.51,63.39,0.43,27.06,0.67
2024-10-30,08:00,October,Autumn,V-Shape,62,578.73,28.56,46.03,76.67,0.87,61.34,0.73,44.8,0.67
2024-10-30,08:15,October,Autumn,V-Shape,62,578.73,28.56,46.03,76.67,0.87,61.34,0.73,44.8,0.67
2024-10-30,08:30,October,Autumn,V-Shape,62,578.73,28.56,46.03,76.67,0.87,61.34,0.73,44.8,0.67
2024-10-30,08:45,October,Autumn,V-Shape,62,578.73,28.56,46.03,76.67,0.87,61.34,0.73,44.8,0.67
2024-10-30,09:00,October,Autumn,V-Shape,62,762.01,30.37,52.42,74.65,1.16,59.72,0.97,57.79,0.67
2024-10-30,09:15,October,Autumn,V-Shape,62,762.01,30.37,52.42,74.65,1.16,59.72,0.97,57.79,0.67
2024-10-30,09:30,October,Autumn,V-Shape,62,762.01,30.37,52.42,74.65,1.16,59.72,0.97,57.79,0.67
2024-10-30,09:45,October,Autumn,V-Shape,62,762.01,30.37,52.42,74.65,1.16,59.72,0.97,57.79,0.67
2024-10-30,10:00,October,Autumn,V-Shape,62,874.0,31.42,56.27,73.43,1.33,58.74,1.11,65.45,0.67
2024-10-30,10:15,October,Autumn,V-Shape,62,874.0,31.42,56.27,73.43,1.33,58.74,1.11,65.45,0.67
2024-10-30,10:30,October,Autumn,V-Shape,62,874.0,31.42,56.27,73.43,1.33,58.74,1.11,65.45,0.67
2024-10-30,10:45,October,Autumn,V-Shape,62,874.0,31.42,56.27,73.43,1.33,58.74,1.11,65.45,0.67
2024-10-30,11:00,October,Autumn,V-Shape,62,903.7,31.9,57.49,73.04,1.38,58.43,1.15,67.4,0.67
2024-10-30,11:15,October,Autumn,V-Shape,62,903.7,31.9,57.49,73.04,1.38,58.43,1.15,67.4,0.67
2024-10-30,11:30,October,Autumn,V-Shape,62,903.7,31.9,57.49,73.04,1.38,58.43,1.15,67.4,0.67
2024-10-30,11:45,October,Autumn,V-Shape,62,903.7,31.9,57.49,73.04,1.38,58.43,1.15,67.4,0.67
2024-10-30,12:00,October,Autumn,V-Shape,62,808.5,32.1,55.31,73.73,1.23,58.98,1.03,60.74,0.67
2024-10-30,12:15,October,Autumn,V-Shape,62,808.5,32.1,55.31,73.73,1.23,58.98,1.03,60.74,0.67
2024-10-30,12:30,October,Autumn,V-Shape,62,808.5,32.1,55.31,73.73,1.23,58.98,1.03,60.74,0.67
2024-10-30,12:45,October,Autumn,V-Shape,62,808.5,32.1,55.31,73.73,1.23,58.98,1.03,60.74,0.67
2024-10-30,13:00,October,Autumn,V-Shape,62,652.52,32.06,51.37,74.98,0.99,59.98,0.83,49.66,0.67
2024-10-30,13:15,October,Autumn,V-Shape,62,652.52,32.06,51.37,74.98,0.99,59.98,0.83,49.66,0.67
2024-10-30,13:30,October,Autumn,V-Shape,62,652.52,32.06,51.37,74.98,0.99,59.98,0.83,49.66,0.67
2024-10-30,13:45,October,Autumn,V-Shape,62,652.52,32.06,51.37,74.98,0.99,59.98,0.83,49.66,0.67
2024-10-30,14:00,October,Autumn,V-Shape,62,465.13,31.86,46.49,76.52,0.7,61.22,0.59,35.96,0.67
2024-10-30,14:15,October,Autumn,V-Shape,62,465.13,31.86,46.49,76.52,0.7,61.22,0.59,35.96,0.67
2024-10-30,14:30,October,Autumn,V-Shape,62,465.13,31.86,46.49,76.52,0.7,61.22,0.59,35.96,0.67
2024-10-30,14:45,October,Autumn,V-Shape,62,465.13,31.86,46.49,76.52,0.7,61.22,0.59,35.96,0.67
2024-10-30,15:00,October,Autumn,V-Shape,62,282.71,31.48,41.55,78.09,0.42,62.47,0.36,22.19,0.67
2024-10-30,15:15,October,Autumn,V-Shape,62,282.71,31.48,41.55,78.09,0.42,62.47,0.36,22.19,0.67
2024-10-30,15:30,October,Autumn,V-Shape,62,282.71,31.48,41.55,78.09,0.42,62.47,0.36,22.19,0.67
2024-10-30,15:45,October,Autumn,V-Shape,62,282.71,31.48,41.55,78.09,0.42,62.47,0.36,22.19,0.67
2024-10-30,16:00,October,Autumn,V-Shape,62,102.56,30.71,36.27,79.76,0.15,63.81,0.13,8.18,0.67
2024-10-30,16:15,October,Autumn,V-Shape,62,102.56,30.71,36.27,79.76,0.15,63.81,0.13,8.18,0.67
2024-10-30,16:30,October,Autumn,V-Shape,62,102.56,30.71,36.27,79.76,0.15,63.81,0.13,8.18,0.67
2024-10-30,16:45,October,Autumn,V-Shape,62,102.56,30.71,36.27,79.76,0.15,63.81,0.13,8.18,0.67
2024-10-31,06:00,October,Autumn,V-Shape,62,90.35,25.12,30.38,81.62,0.13,65.3,0.11,7.33,0.67
2024-10-31,06:15,October,Autumn,V-Shape,62,90.35,25.12,30.38,81.62,0.13,65.3,0.11,7.33,0.67
2024-10-31,06:30,October,Autumn,V-Shape,62,90.35,25.12,30.38,81.62,0.13,65.3,0.11,7.33,0.67
2024-10-31,06:45,October,Autumn,V-Shape,62,90.35,25.12,30.38,81.62,0.13,65.3,0.11,7.33,0.67
2024-10-31,07:00,October,Autumn,V-Shape,62,257.46,26.74,36.18,79.79,0.38,63.83,0.32,20.54,0.67
2024-10-31,07:15,October,Autumn,V-Shape,62,257.46,26.74,36.18,79.79,0.38,63.83,0.32,20.54,0.67
2024-10-31,07:30,October,Autumn,V-Shape,62,257.46,26.74,36.18,79.79,0.38,63.83,0.32,20.54,0.67
2024-10-31,07:45,October,Autumn,V-Shape,62,257.46,26.74,36.18,79.79,0.38,63.83,0.32,20.54,0.67
2024-10-31,08:00,October,Autumn,V-Shape,62,491.14,28.5,43.78,77.38,0.74,61.91,0.62,38.29,0.67
2024-10-31,08:15,October,Autumn,V-Shape,62,491.14,28.5,43.78,77.38,0.74,61.91,0.62,38.29,0.67
2024-10-31,08:30,October,Autumn,V-Shape,62,491.14,28.5,43.78,77.38,0.74,61.91,0.62,38.29,0.67
2024-10-31,08:45,October,Autumn,V-Shape,62,491.14,28.5,43.78,77.38,0.74,61.91,0.62,38.29,0.67
2024-10-31,09:00,October,Autumn,V-Shape,62,683.2,29.96,50.04,75.4,1.03,60.32,0.87,52.22,0.67
2024-10-31,09:15,October,Autumn,V-Shape,62,683.2,29.96,50.04,75.4,1.03,60.32,0.87,52.22,0.67
2024-10-31,09:30,October,Autumn,V-Shape,62,683.2,29.96,50.04,75.4,1.03,60.32,0.87,52.22,0.67
2024-10-31,09:45,October,Autumn,V-Shape,62,683.2,29.96,50.04,75.4,1.03,60.32,0.87,52.22,0.67
2024-10-31,10:00,October,Autumn,V-Shape,62,810.2,30.91,54.17,74.09,1.23,59.27,1.03,61.1,0.67
2024-10-31,10:15,October,Autumn,V-Shape,62,810.2,30.91,54.17,74.09,1.23,59.27,1.03,61.1,0.67
2024-10-31,10:30,October,Autumn,V-Shape,62,810.2,30.91,54.17,74.09,1.23,59.27,1.03,61.1,0.67
2024-10-31,10:45,October,Autumn,V-Shape,62,810.2,30.91,54.17,74.09,1.23,59.27,1.03,61.1,0.67
2024-10-31,11:00,October,Autumn,V-Shape,62,847.77,31.5,55.69,73.61,1.29,58.89,1.08,63.61,0.67
2024-10-31,11:15,October,Autumn,V-Shape,62,847.77,31.5,55.69,73.61,1.29,58.89,1.08,63.61,0.67
2024-10-31,11:30,October,Autumn,V-Shape,62,847.77,31.5,55.69,73.61,1.29,58.89,1.08,63.61,0.67
2024-10-31,11:45,October,Autumn,V-Shape,62,847.77,31.5,55.69,73.61,1.29,58.89,1.08,63.61,0.67
2024-10-31,12:00,October,Autumn,V-Shape,62,786.37,31.8,54.46,74.0,1.19,59.2,1.0,59.24,0.67
2024-10-31,12:15,October,Autumn,V-Shape,62,786.37,31.8,54.46,74.0,1.19,59.2,1.0,59.24,0.67
2024-10-31,12:30,October,Autumn,V-Shape,62,786.37,31.8,54.46,74.0,1.19,59.2,1.0,59.24,0.67
2024-10-31,12:45,October,Autumn,V-Shape,62,786.37,31.8,54.46,74.0,1.19,59.2,1.0,59.24,0.67
2024-10-31,13:00,October,Autumn,V-Shape,62,641.34,31.7,50.73,75.18,0.97,60.14,0.81,48.91,0.67
2024-10-31,13:15,October,Autumn,V-Shape,62,641.34,31.7,50.73,75.18,0.97,60.14,0.81,48.91,0.67
2024-10-31,13:30,October,Autumn,V-Shape,62,641.34,31.7,50.73,75.18,0.97,60.14,0.81,48.91,0.67
2024-10-31,13:45,October,Autumn,V-Shape,62,641.34,31.7,50.73,75.18,0.97,60.14,0.81,48.91,0.67
2024-10-31,14:00,October,Autumn,V-Shape,62,411.23,31.38,44.66,77.1,0.62,61.68,0.52,31.97,0.67
2024-10-31,14:15,October,Autumn,V-Shape,62,411.23,31.38,44.66,77.1,0.62,61.68,0.52,31.97,0.67
2024-10-31,14:30,October,Autumn,V-Shape,62,411.23,31.38,44.66,77.1,0.62,61.68,0.52,31.97,0.67
2024-10-31,14:45,October,Autumn,V-Shape,62,411.23,31.38,44.66,77.1,0.62,61.68,0.52,31.97,0.67
2024-10-31,15:00,October,Autumn,V-Shape,62,240.56,30.87,39.88,78.62,0.36,62.89,0.3,18.98,0.67
2024-10-31,15:15,October,Autumn,V-Shape,62,240.56,30.87,39.88,78.62,0.36,62.89,0.3,18.98,0.67
2024-10-31,15:30,October,Autumn,V-Shape,62,240.56,30.87,39.88,78.62,0.36,62.89,0.3,18.98,0.67
2024-10-31,15:45,October,Autumn,V-Shape,62,240.56,30.87,39.88,78.62,0.36,62.89,0.3,18.98,0.67
2024-10-31,16:00,October,Autumn,V-Shape,62,81.43,30.02,35.06,80.14,0.12,64.12,0.1,6.52,0.67
2024-10-31,16:15,October,Autumn,V-Shape,62,81.43,30.02,35.06,80.14,0.12,64.12,0.1,6.52,0.67
2024-10-31,16:30,October,Autumn,V-Shape,62,81.43,30.02,35.06,80.14,0.12,64.12,0.1,6.52,0.67
2024-10-31,16:45,October,Autumn,V-Shape,62,81.43,30.02,35.06,80.14,0.12,64.12,0.1,6.52,0.67
