Date,Time,Shape,Spacing_cm,Connection,Season,Irradiation_Wm2,AmbientTemp_C,CellTemp_C,Voc_V,Isc_A,Vm_V,Im_A,Pm_W,FF
2025-09-01,05:15,Flat,62,TSSC,Autumn,17.7,25.9,30.3,81.64,0.03,65.31,0.02,1.5,0.67
2025-09-01,05:30,Flat,62,TSSC,Autumn,35.5,26.2,31.1,81.41,0.06,65.13,0.05,3.0,0.67
2025-09-01,05:45,Flat,62,TSSC,Autumn,53.2,26.4,31.8,81.19,0.08,64.95,0.07,4.5,0.67
2025-09-01,06:00,Flat,62,TSSC,Autumn,70.9,26.7,32.5,80.97,0.11,64.77,0.09,6.0,0.67
2025-09-01,06:15,Flat,62,TSSC,Autumn,104.7,27.2,33.8,80.55,0.16,64.44,0.14,8.8,0.67
2025-09-01,06:30,Flat,62,TSSC,Autumn,138.5,27.6,35.1,80.13,0.22,64.11,0.18,11.6,0.67
2025-09-01,06:45,Flat,62,TSSC,Autumn,172.3,28.1,36.4,79.72,0.27,63.77,0.23,14.4,0.67
2025-09-01,07:00,Flat,62,TSSC,Autumn,206.1,28.6,37.7,79.3,0.32,63.44,0.27,17.2,0.67
2025-09-01,07:15,Flat,62,TSSC,Autumn,242.1,29.1,39.1,78.85,0.38,63.08,0.32,20.1,0.67
2025-09-01,07:30,Flat,62,TSSC,Autumn,278.1,29.6,40.5,78.41,0.44,62.73,0.37,23.0,0.67
2025-09-01,07:45,Flat,62,TSSC,Autumn,314.1,30.1,41.9,77.96,0.5,62.37,0.41,25.9,0.67
2025-09-01,08:00,Flat,62,TSSC,Autumn,350.1,30.6,43.4,77.52,0.55,62.01,0.46,28.7,0.67
2025-09-01,08:15,Flat,62,TSSC,Autumn,392.7,31.0,44.9,77.04,0.62,61.63,0.52,32.0,0.67
2025-09-01,08:30,Flat,62,TSSC,Autumn,435.3,31.5,46.4,76.56,0.69,61.25,0.58,35.3,0.67
2025-09-01,08:45,Flat,62,TSSC,Autumn,477.9,31.9,47.9,76.09,0.76,60.87,0.63,38.6,0.67
2025-09-01,09:00,Flat,62,TSSC,Autumn,520.5,32.4,49.4,75.61,0.83,60.49,0.69,41.9,0.67
2025-09-01,09:15,Flat,62,TSSC,Autumn,545.2,32.7,50.4,75.3,0.87,60.24,0.73,43.7,0.67
2025-09-01,09:30,Flat,62,TSSC,Autumn,569.9,33.1,51.4,74.98,0.91,59.99,0.76,45.5,0.67
2025-09-01,09:45,Flat,62,TSSC,Autumn,594.6,33.5,52.3,74.67,0.95,59.73,0.79,47.4,0.67
2025-09-01,10:00,Flat,62,TSSC,Autumn,619.3,33.9,53.3,74.35,0.99,59.48,0.83,49.2,0.67
2025-09-01,10:15,Flat,62,TSSC,Autumn,624.6,34.1,53.8,74.22,1.0,59.38,0.83,49.5,0.67
2025-09-01,10:30,Flat,62,TSSC,Autumn,629.9,34.4,54.2,74.09,1.0,59.27,0.84,49.9,0.67
2025-09-01,10:45,Flat,62,TSSC,Autumn,635.1,34.7,54.6,73.95,1.01,59.16,0.85,50.2,0.67
2025-09-01,11:00,Flat,62,TSSC,Autumn,640.4,35.0,55.0,73.82,1.02,59.06,0.86,50.6,0.67
2025-09-01,11:15,Flat,62,TSSC,Autumn,625.4,35.1,54.8,73.9,1.0,59.12,0.84,49.4,0.67
2025-09-01,11:30,Flat,62,TSSC,Autumn,610.4,35.3,54.5,73.97,0.97,59.18,0.82,48.3,0.67
2025-09-01,11:45,Flat,62,TSSC,Autumn,595.4,35.4,54.3,74.05,0.95,59.24,0.8,47.1,0.67
2025-09-01,12:00,Flat,62,TSSC,Autumn,580.4,35.6,54.1,74.12,0.93,59.3,0.78,46.0,0.67
2025-09-01,12:15,Flat,62,TSSC,Autumn,580.4,35.6,54.1,74.11,0.93,59.29,0.78,46.0,0.67
2025-09-01,12:30,Flat,62,TSSC,Autumn,580.4,35.7,54.2,74.09,0.93,59.27,0.78,46.0,0.67
2025-09-01,12:45,Flat,62,TSSC,Autumn,580.4,35.7,54.2,74.08,0.93,59.26,0.78,46.0,0.67
2025-09-01,13:00,Flat,62,TSSC,Autumn,580.5,35.8,54.3,74.06,0.93,59.25,0.78,45.9,0.67
2025-09-01,13:15,Flat,62,TSSC,Autumn,556.5,35.7,53.6,74.27,0.89,59.41,0.74,44.1,0.67
2025-09-01,13:30,Flat,62,TSSC,Autumn,532.6,35.6,53.0,74.47,0.85,59.58,0.71,42.3,0.67
2025-09-01,13:45,Flat,62,TSSC,Autumn,508.6,35.6,52.3,74.68,0.81,59.74,0.68,40.5,0.67
2025-09-01,14:00,Flat,62,TSSC,Autumn,484.6,35.5,51.7,74.89,0.77,59.91,0.65,38.7,0.67
2025-09-01,14:15,Flat,62,TSSC,Autumn,446.0,35.4,50.5,75.25,0.71,60.2,0.59,35.7,0.67
2025-09-01,14:30,Flat,62,TSSC,Autumn,407.4,35.2,49.4,75.61,0.65,60.48,0.54,32.8,0.67
2025-09-01,14:45,Flat,62,TSSC,Autumn,368.8,35.0,48.3,75.96,0.58,60.77,0.49,29.8,0.67
2025-09-01,15:00,Flat,62,TSSC,Autumn,330.1,34.9,47.1,76.32,0.52,61.06,0.44,26.7,0.67
2025-09-01,15:15,Flat,62,TSSC,Autumn,288.2,34.6,45.8,76.75,0.46,61.4,0.38,23.4,0.67
2025-09-01,15:30,Flat,62,TSSC,Autumn,246.3,34.3,44.4,77.18,0.39,61.74,0.33,20.1,0.67
2025-09-01,15:45,Flat,62,TSSC,Autumn,204.4,34.0,43.1,77.61,0.32,62.09,0.27,16.8,0.67
2025-09-01,16:00,Flat,62,TSSC,Autumn,162.5,33.6,41.7,78.04,0.26,62.43,0.21,13.4,0.67
2025-09-01,16:15,Flat,62,TSSC,Autumn,130.3,33.1,40.3,78.47,0.21,62.78,0.17,10.8,0.67
2025-09-01,16:30,Flat,62,TSSC,Autumn,98.1,32.5,39.0,78.9,0.15,63.12,0.13,8.2,0.67
2025-09-01,16:45,Flat,62,TSSC,Autumn,66.0,31.9,37.6,79.34,0.1,63.47,0.09,5.5,0.67
2025-09-01,17:00,Flat,62,TSSC,Autumn,33.8,31.4,36.2,79.77,0.05,63.82,0.04,2.8,0.67
2025-09-01,17:15,Flat,62,TSSC,Autumn,25.3,30.9,35.5,80.0,0.04,64.0,0.03,2.1,0.67
2025-09-01,17:30,Flat,62,TSSC,Autumn,16.9,30.4,34.8,80.22,0.03,64.17,0.02,1.4,0.67
2025-09-01,17:45,Flat,62,TSSC,Autumn,8.4,29.9,34.1,80.44,0.01,64.35,0.01,0.7,0.67
2025-09-02,05:15,Flat,62,TSSC,Autumn,21.7,25.4,30.0,81.75,0.03,65.4,0.03,1.9,0.67
2025-09-02,05:30,Flat,62,TSSC,Autumn,43.4,25.7,30.8,81.49,0.07,65.19,0.06,3.7,0.67
2025-09-02,05:45,Flat,62,TSSC,Autumn,65.2,26.0,31.6,81.23,0.1,64.99,0.09,5.5,0.67
2025-09-02,06:00,Flat,62,TSSC,Autumn,86.9,26.3,32.4,80.97,0.14,64.78,0.11,7.4,0.67
2025-09-02,06:15,Flat,62,TSSC,Autumn,128.8,26.8,34.0,80.48,0.2,64.38,0.17,10.9,0.67
2025-09-02,06:30,Flat,62,TSSC,Autumn,170.8,27.3,35.6,79.99,0.27,63.99,0.22,14.3,0.67
2025-09-02,06:45,Flat,62,TSSC,Autumn,212.8,27.8,37.1,79.5,0.33,63.6,0.28,17.8,0.67
2025-09-02,07:00,Flat,62,TSSC,Autumn,254.8,28.3,38.7,79.0,0.4,63.2,0.34,21.2,0.67
2025-09-02,07:15,Flat,62,TSSC,Autumn,298.6,28.9,40.4,78.45,0.47,62.76,0.39,24.7,0.67
2025-09-02,07:30,Flat,62,TSSC,Autumn,342.4,29.6,42.2,77.9,0.54,62.32,0.45,28.2,0.67
2025-09-02,07:45,Flat,62,TSSC,Autumn,386.3,30.2,43.9,77.34,0.61,61.87,0.51,31.6,0.67
2025-09-02,08:00,Flat,62,TSSC,Autumn,430.1,30.9,45.7,76.79,0.68,61.43,0.57,35.0,0.67
2025-09-02,08:15,Flat,62,TSSC,Autumn,459.6,31.5,47.0,76.37,0.73,61.09,0.61,37.3,0.67
2025-09-02,08:30,Flat,62,TSSC,Autumn,489.2,32.1,48.3,75.95,0.78,60.76,0.65,39.5,0.67
2025-09-02,08:45,Flat,62,TSSC,Autumn,518.8,32.7,49.6,75.53,0.82,60.42,0.69,41.7,0.67
2025-09-02,09:00,Flat,62,TSSC,Autumn,548.3,33.3,51.0,75.11,0.87,60.08,0.73,43.9,0.67
2025-09-02,09:15,Flat,62,TSSC,Autumn,578.4,33.7,52.2,74.71,0.92,59.77,0.77,46.1,0.67
2025-09-02,09:30,Flat,62,TSSC,Autumn,608.6,34.2,53.4,74.32,0.97,59.46,0.81,48.3,0.67
2025-09-02,09:45,Flat,62,TSSC,Autumn,638.8,34.7,54.7,73.93,1.02,59.14,0.85,50.5,0.67
2025-09-02,10:00,Flat,62,TSSC,Autumn,668.9,35.2,55.9,73.54,1.07,58.83,0.9,52.7,0.67
2025-09-02,10:15,Flat,62,TSSC,Autumn,674.9,35.6,56.5,73.37,1.08,58.69,0.9,53.0,0.67
2025-09-02,10:30,Flat,62,TSSC,Autumn,680.8,36.0,57.0,73.19,1.09,58.56,0.91,53.4,0.67
2025-09-02,10:45,Flat,62,TSSC,Autumn,686.8,36.4,57.5,73.02,1.1,58.42,0.92,53.8,0.67
2025-09-02,11:00,Flat,62,TSSC,Autumn,692.8,36.8,58.1,72.85,1.11,58.28,0.93,54.1,0.67
2025-09-02,11:15,Flat,62,TSSC,Autumn,716.2,37.0,58.9,72.6,1.15,58.08,0.96,55.8,0.67
2025-09-02,11:30,Flat,62,TSSC,Autumn,739.5,37.2,59.7,72.35,1.19,57.88,0.99,57.5,0.67
2025-09-02,11:45,Flat,62,TSSC,Autumn,762.9,37.4,60.5,72.1,1.22,57.68,1.03,59.1,0.67
2025-09-02,12:00,Flat,62,TSSC,Autumn,786.2,37.6,61.3,71.84,1.26,57.48,1.06,60.8,0.67
2025-09-02,12:15,Flat,62,TSSC,Autumn,762.1,37.6,60.7,72.03,1.22,57.62,1.02,59.0,0.67
2025-09-02,12:30,Flat,62,TSSC,Autumn,738.1,37.7,60.1,72.21,1.18,57.77,0.99,57.3,0.67
2025-09-02,12:45,Flat,62,TSSC,Autumn,714.0,37.7,59.5,72.39,1.14,57.91,0.96,55.5,0.67
2025-09-02,13:00,Flat,62,TSSC,Autumn,689.9,37.7,59.0,72.57,1.11,58.06,0.93,53.8,0.67
2025-09-02,13:15,Flat,62,TSSC,Autumn,646.6,37.6,57.7,72.96,1.03,58.37,0.87,50.6,0.67
2025-09-02,13:30,Flat,62,TSSC,Autumn,603.4,37.4,56.5,73.35,0.96,58.68,0.81,47.4,0.67
2025-09-02,13:45,Flat,62,TSSC,Autumn,560.1,37.3,55.3,73.74,0.89,59.0,0.75,44.2,0.67
2025-09-02,14:00,Flat,62,TSSC,Autumn,516.8,37.1,54.0,74.14,0.82,59.31,0.69,40.9,0.67
2025-09-02,14:15,Flat,62,TSSC,Autumn,478.1,36.8,52.8,74.53,0.76,59.62,0.64,38.0,0.67
2025-09-02,14:30,Flat,62,TSSC,Autumn,439.4,36.6,51.6,74.92,0.7,59.93,0.59,35.1,0.67
2025-09-02,14:45,Flat,62,TSSC,Autumn,400.7,36.3,50.3,75.31,0.64,60.25,0.53,32.1,0.67
2025-09-02,15:00,Flat,62,TSSC,Autumn,362.0,36.0,49.1,75.7,0.57,60.56,0.48,29.1,0.67
2025-09-02,15:15,Flat,62,TSSC,Autumn,316.8,35.7,47.6,76.18,0.5,60.94,0.42,25.6,0.67
2025-09-02,15:30,Flat,62,TSSC,Autumn,271.6,35.3,46.1,76.66,0.43,61.33,0.36,22.1,0.67
2025-09-02,15:45,Flat,62,TSSC,Autumn,226.4,34.9,44.5,77.14,0.36,61.71,0.3,18.5,0.67
2025-09-02,16:00,Flat,62,TSSC,Autumn,181.2,34.5,43.0,77.63,0.29,62.1,0.24,14.9,0.67
2025-09-02,16:15,Flat,62,TSSC,Autumn,144.2,33.9,41.5,78.1,0.23,62.48,0.19,11.9,0.67
2025-09-02,16:30,Flat,62,TSSC,Autumn,107.3,33.3,40.0,78.58,0.17,62.86,0.14,8.9,0.67
2025-09-02,16:45,Flat,62,TSSC,Autumn,70.4,32.7,38.5,79.05,0.11,63.24,0.09,5.9,0.67
2025-09-02,17:00,Flat,62,TSSC,Autumn,33.5,32.2,37.0,79.53,0.05,63.62,0.04,2.8,0.67
2025-09-02,17:15,Flat,62,TSSC,Autumn,25.2,31.6,36.3,79.76,0.04,63.81,0.03,2.1,0.67
2025-09-02,17:30,Flat,62,TSSC,Autumn,16.8,31.1,35.5,80.0,0.03,64.0,0.02,1.4,0.67
2025-09-02,17:45,Flat,62,TSSC,Autumn,8.4,30.5,34.8,80.24,0.01,64.19,0.01,0.7,0.67
2025-09-03,05:15,Flat,62,TSSC,Autumn,19.8,25.2,29.7,81.85,0.03,65.48,0.03,1.7,0.67
2025-09-03,05:30,Flat,62,TSSC,Autumn,39.6,25.4,30.4,81.61,0.06,65.29,0.05,3.4,0.67
2025-09-03,05:45,Flat,62,TSSC,Autumn,59.4,25.7,31.2,81.37,0.09,65.1,0.08,5.0,0.67
2025-09-03,06:00,Flat,62,TSSC,Autumn,79.2,26.0,31.9,81.13,0.12,64.9,0.1,6.7,0.67
2025-09-03,06:15,Flat,62,TSSC,Autumn,114.2,26.4,33.3,80.7,0.18,64.56,0.15,9.6,0.67
2025-09-03,06:30,Flat,62,TSSC,Autumn,149.1,26.9,34.7,80.27,0.23,64.22,0.2,12.5,0.67
2025-09-03,06:45,Flat,62,TSSC,Autumn,184.1,27.4,36.0,79.84,0.29,63.87,0.24,15.4,0.67
2025-09-03,07:00,Flat,62,TSSC,Autumn,219.0,27.9,37.4,79.41,0.34,63.53,0.29,18.3,0.67
2025-09-03,07:15,Flat,62,TSSC,Autumn,261.9,28.5,39.1,78.87,0.41,63.1,0.34,21.8,0.67
2025-09-03,07:30,Flat,62,TSSC,Autumn,304.9,29.1,40.8,78.34,0.48,62.67,0.4,25.2,0.67
2025-09-03,07:45,Flat,62,TSSC,Autumn,347.8,29.8,42.5,77.8,0.55,62.24,0.46,28.6,0.67
2025-09-03,08:00,Flat,62,TSSC,Autumn,390.7,30.4,44.2,77.26,0.62,61.81,0.52,31.9,0.67
2025-09-03,08:15,Flat,62,TSSC,Autumn,442.7,30.9,45.9,76.7,0.7,61.36,0.59,36.0,0.67
2025-09-03,08:30,Flat,62,TSSC,Autumn,494.7,31.3,47.7,76.14,0.78,60.91,0.66,40.0,0.67
2025-09-03,08:45,Flat,62,TSSC,Autumn,546.6,31.8,49.5,75.58,0.87,60.46,0.73,44.0,0.67
2025-09-03,09:00,Flat,62,TSSC,Autumn,598.6,32.3,51.2,75.02,0.95,60.02,0.8,47.9,0.67
2025-09-03,09:15,Flat,62,TSSC,Autumn,632.9,32.6,52.4,74.64,1.01,59.71,0.84,50.4,0.67
2025-09-03,09:30,Flat,62,TSSC,Autumn,667.1,32.9,53.6,74.26,1.06,59.41,0.89,52.9,0.67
2025-09-03,09:45,Flat,62,TSSC,Autumn,701.4,33.3,54.8,73.89,1.12,59.11,0.94,55.4,0.67
2025-09-03,10:00,Flat,62,TSSC,Autumn,735.6,33.6,56.0,73.51,1.18,58.81,0.98,57.9,0.67
2025-09-03,10:15,Flat,62,TSSC,Autumn,742.4,33.9,56.4,73.38,1.19,58.7,0.99,58.3,0.67
2025-09-03,10:30,Flat,62,TSSC,Autumn,749.2,34.1,56.8,73.25,1.2,58.6,1.0,58.8,0.67
2025-09-03,10:45,Flat,62,TSSC,Autumn,756.0,34.4,57.3,73.11,1.21,58.49,1.01,59.2,0.67
2025-09-03,11:00,Flat,62,TSSC,Autumn,762.7,34.6,57.7,72.98,1.22,58.39,1.02,59.7,0.67
2025-09-03,11:15,Flat,62,TSSC,Autumn,745.4,34.7,57.4,73.08,1.19,58.47,1.0,58.4,0.67
2025-09-03,11:30,Flat,62,TSSC,Autumn,728.2,34.8,57.0,73.18,1.16,58.54,0.98,57.1,0.67
2025-09-03,11:45,Flat,62,TSSC,Autumn,710.9,35.0,56.7,73.28,1.14,58.62,0.95,55.8,0.67
2025-09-03,12:00,Flat,62,TSSC,Autumn,693.6,35.1,56.4,73.38,1.11,58.7,0.93,54.5,0.67
2025-09-03,12:15,Flat,62,TSSC,Autumn,674.6,35.0,55.8,73.56,1.08,58.85,0.9,53.1,0.67
2025-09-03,12:30,Flat,62,TSSC,Autumn,655.6,34.9,55.3,73.75,1.05,59.0,0.88,51.7,0.67
2025-09-03,12:45,Flat,62,TSSC,Autumn,636.6,34.7,54.7,73.94,1.02,59.15,0.85,50.3,0.67
2025-09-03,13:00,Flat,62,TSSC,Autumn,617.7,34.6,54.1,74.12,0.99,59.3,0.83,48.9,0.67
2025-09-03,13:15,Flat,62,TSSC,Autumn,580.2,34.4,52.9,74.5,0.92,59.6,0.77,46.1,0.67
2025-09-03,13:30,Flat,62,TSSC,Autumn,542.8,34.1,51.7,74.88,0.86,59.9,0.72,43.3,0.67
2025-09-03,13:45,Flat,62,TSSC,Autumn,505.3,33.9,50.5,75.25,0.8,60.2,0.67,40.5,0.67
2025-09-03,14:00,Flat,62,TSSC,Autumn,467.9,33.6,49.3,75.63,0.74,60.5,0.62,37.6,0.67
2025-09-03,14:15,Flat,62,TSSC,Autumn,424.6,33.4,48.0,76.04,0.67,60.83,0.56,34.3,0.67
2025-09-03,14:30,Flat,62,TSSC,Autumn,381.4,33.2,46.7,76.45,0.6,61.16,0.51,30.9,0.67
2025-09-03,14:45,Flat,62,TSSC,Autumn,338.1,33.0,45.4,76.86,0.53,61.49,0.45,27.5,0.67
2025-09-03,15:00,Flat,62,TSSC,Autumn,294.8,32.8,44.1,77.27,0.47,61.82,0.39,24.1,0.67
2025-09-03,15:15,Flat,62,TSSC,Autumn,256.1,32.5,42.9,77.66,0.4,62.13,0.34,21.0,0.67
2025-09-03,15:30,Flat,62,TSSC,Autumn,217.3,32.2,41.7,78.05,0.34,62.44,0.29,17.9,0.67
2025-09-03,15:45,Flat,62,TSSC,Autumn,178.5,32.0,40.4,78.44,0.28,62.75,0.24,14.8,0.67
2025-09-03,16:00,Flat,62,TSSC,Autumn,139.7,31.7,39.2,78.83,0.22,63.06,0.18,11.6,0.67
2025-09-03,16:15,Flat,62,TSSC,Autumn,112.1,31.3,38.1,79.17,0.18,63.34,0.15,9.3,0.67
2025-09-03,16:30,Flat,62,TSSC,Autumn,84.4,30.9,37.0,79.51,0.13,63.61,0.11,7.1,0.67
2025-09-03,16:45,Flat,62,TSSC,Autumn,56.7,30.5,36.0,79.86,0.09,63.88,0.07,4.8,0.67
2025-09-03,17:00,Flat,62,TSSC,Autumn,29.0,30.2,34.9,80.2,0.05,64.16,0.04,2.4,0.67
2025-09-03,17:15,Flat,62,TSSC,Autumn,21.8,29.8,34.4,80.36,0.03,64.29,0.03,1.8,0.67
2025-09-03,17:30,Flat,62,TSSC,Autumn,14.5,29.5,33.8,80.53,0.02,64.42,0.02,1.2,0.67
2025-09-03,17:45,Flat,62,TSSC,Autumn,7.3,29.1,33.3,80.69,0.01,64.55,0.01,0.6,0.67
2025-09-04,05:15,Flat,62,TSSC,Autumn,17.6,25.6,30.0,81.74,0.03,65.39,0.02,1.5,0.67
2025-09-04,05:30,Flat,62,TSSC,Autumn,35.3,25.8,30.7,81.53,0.06,65.22,0.05,3.0,0.67
2025-09-04,05:45,Flat,62,TSSC,Autumn,52.9,26.0,31.3,81.32,0.08,65.06,0.07,4.5,0.67
2025-09-04,06:00,Flat,62,TSSC,Autumn,70.6,26.2,32.0,81.11,0.11,64.89,0.09,6.0,0.67
2025-09-04,06:15,Flat,62,TSSC,Autumn,108.9,26.7,33.4,80.65,0.17,64.52,0.14,9.2,0.67
2025-09-04,06:30,Flat,62,TSSC,Autumn,147.2,27.2,34.9,80.19,0.23,64.15,0.19,12.4,0.67
2025-09-04,06:45,Flat,62,TSSC,Autumn,185.5,27.7,36.4,79.73,0.29,63.79,0.24,15.5,0.67
2025-09-04,07:00,Flat,62,TSSC,Autumn,223.8,28.2,37.8,79.27,0.35,63.42,0.29,18.7,0.67
2025-09-04,07:15,Flat,62,TSSC,Autumn,268.2,28.8,39.5,78.73,0.42,62.99,0.35,22.2,0.67
2025-09-04,07:30,Flat,62,TSSC,Autumn,312.7,29.4,41.2,78.19,0.49,62.55,0.41,25.8,0.67
2025-09-04,07:45,Flat,62,TSSC,Autumn,357.2,30.0,42.9,77.65,0.56,62.12,0.47,29.3,0.67
2025-09-04,08:00,Flat,62,TSSC,Autumn,401.7,30.6,44.6,77.11,0.63,61.69,0.53,32.8,0.67
2025-09-04,08:15,Flat,62,TSSC,Autumn,438.2,31.2,46.1,76.64,0.69,61.31,0.58,35.6,0.67
2025-09-04,08:30,Flat,62,TSSC,Autumn,474.6,31.7,47.6,76.18,0.75,60.94,0.63,38.4,0.67
2025-09-04,08:45,Flat,62,TSSC,Autumn,511.1,32.3,49.0,75.71,0.81,60.57,0.68,41.1,0.67
2025-09-04,09:00,Flat,62,TSSC,Autumn,547.5,32.8,50.5,75.25,0.87,60.2,0.73,43.9,0.67
2025-09-04,09:15,Flat,62,TSSC,Autumn,597.2,33.3,52.2,74.71,0.95,59.77,0.8,47.6,0.67
2025-09-04,09:30,Flat,62,TSSC,Autumn,646.8,33.8,53.9,74.17,1.03,59.34,0.86,51.3,0.67
2025-09-04,09:45,Flat,62,TSSC,Autumn,696.5,34.2,55.6,73.63,1.11,58.9,0.93,54.9,0.67
2025-09-04,10:00,Flat,62,TSSC,Autumn,746.1,34.7,57.3,73.09,1.19,58.47,1.0,58.5,0.67
2025-09-04,10:15,Flat,62,TSSC,Autumn,747.2,35.1,57.7,72.96,1.2,58.37,1.0,58.5,0.67
2025-09-04,10:30,Flat,62,TSSC,Autumn,748.2,35.4,58.1,72.84,1.2,58.27,1.0,58.5,0.67
2025-09-04,10:45,Flat,62,TSSC,Autumn,749.2,35.8,58.5,72.71,1.2,58.17,1.01,58.5,0.67
2025-09-04,11:00,Flat,62,TSSC,Autumn,750.2,36.2,58.9,72.59,1.2,58.07,1.01,58.5,0.67
2025-09-04,11:15,Flat,62,TSSC,Autumn,761.5,36.4,59.5,72.41,1.22,57.93,1.02,59.2,0.67
2025-09-04,11:30,Flat,62,TSSC,Autumn,772.9,36.7,60.0,72.24,1.24,57.79,1.04,60.0,0.67
2025-09-04,11:45,Flat,62,TSSC,Autumn,784.2,37.0,60.6,72.07,1.26,57.65,1.05,60.8,0.67
2025-09-04,12:00,Flat,62,TSSC,Autumn,795.5,37.2,61.1,71.89,1.28,57.52,1.07,61.5,0.67
2025-09-04,12:15,Flat,62,TSSC,Autumn,759.0,37.3,60.2,72.17,1.22,57.74,1.02,58.9,0.67
2025-09-04,12:30,Flat,62,TSSC,Autumn,722.4,37.3,59.4,72.44,1.16,57.95,0.97,56.2,0.67
2025-09-04,12:45,Flat,62,TSSC,Autumn,685.8,37.4,58.5,72.72,1.1,58.17,0.92,53.5,0.67
2025-09-04,13:00,Flat,62,TSSC,Autumn,649.3,37.4,57.6,72.99,1.04,58.39,0.87,50.8,0.67
2025-09-04,13:15,Flat,62,TSSC,Autumn,624.3,37.3,56.9,73.23,1.0,58.59,0.84,49.0,0.67
2025-09-04,13:30,Flat,62,TSSC,Autumn,599.3,37.1,56.1,73.47,0.96,58.78,0.8,47.1,0.67
2025-09-04,13:45,Flat,62,TSSC,Autumn,574.3,37.0,55.4,73.71,0.92,58.97,0.77,45.3,0.67
2025-09-04,14:00,Flat,62,TSSC,Autumn,549.3,36.9,54.6,73.95,0.88,59.16,0.73,43.4,0.67
2025-09-04,14:15,Flat,62,TSSC,Autumn,509.1,36.6,53.3,74.35,0.81,59.48,0.68,40.4,0.67
2025-09-04,14:30,Flat,62,TSSC,Autumn,468.9,36.3,52.1,74.76,0.75,59.81,0.63,37.4,0.67
2025-09-04,14:45,Flat,62,TSSC,Autumn,428.7,36.1,50.8,75.16,0.68,60.13,0.57,34.3,0.67
2025-09-04,15:00,Flat,62,TSSC,Autumn,388.5,35.8,49.5,75.56,0.62,60.45,0.52,31.2,0.67
2025-09-04,15:15,Flat,62,TSSC,Autumn,339.8,35.5,48.0,76.05,0.54,60.84,0.45,27.4,0.67
2025-09-04,15:30,Flat,62,TSSC,Autumn,291.0,35.2,46.4,76.54,0.46,61.23,0.39,23.6,0.67
2025-09-04,15:45,Flat,62,TSSC,Autumn,242.2,34.8,44.9,77.03,0.38,61.62,0.32,19.8,0.67
2025-09-04,16:00,Flat,62,TSSC,Autumn,193.5,34.5,43.4,77.52,0.31,62.01,0.26,15.9,0.67
2025-09-04,16:15,Flat,62,TSSC,Autumn,153.0,34.0,41.8,78.01,0.24,62.41,0.2,12.6,0.67
2025-09-04,16:30,Flat,62,TSSC,Autumn,112.5,33.4,40.2,78.51,0.18,62.81,0.15,9.3,0.67
2025-09-04,16:45,Flat,62,TSSC,Autumn,72.1,32.8,38.6,79.01,0.11,63.21,0.09,6.0,0.67
2025-09-04,17:00,Flat,62,TSSC,Autumn,31.6,32.3,37.1,79.51,0.05,63.61,0.04,2.6,0.67
2025-09-04,17:15,Flat,62,TSSC,Autumn,23.7,31.7,36.3,79.75,0.04,63.8,0.03,2.0,0.67
2025-09-04,17:30,Flat,62,TSSC,Autumn,15.8,31.2,35.6,79.98,0.02,63.99,0.02,1.3,0.67
2025-09-04,17:45,Flat,62,TSSC,Autumn,7.9,30.6,34.8,80.22,0.01,64.18,0.01,0.7,0.67
2025-09-05,05:15,Flat,62,TSSC,Autumn,19.5,24.9,29.4,81.94,0.03,65.55,0.03,1.7,0.67
2025-09-05,05:30,Flat,62,TSSC,Autumn,39.1,25.2,30.2,81.67,0.06,65.34,0.05,3.3,0.67
2025-09-05,05:45,Flat,62,TSSC,Autumn,58.6,25.6,31.1,81.41,0.09,65.13,0.08,5.0,0.67
2025-09-05,06:00,Flat,62,TSSC,Autumn,78.1,25.9,31.9,81.15,0.12,64.92,0.1,6.6,0.67
2025-09-05,06:15,Flat,62,TSSC,Autumn,111.3,26.7,33.5,80.65,0.17,64.52,0.15,9.4,0.67
2025-09-05,06:30,Flat,62,TSSC,Autumn,144.6,27.4,35.0,80.15,0.23,64.12,0.19,12.2,0.67
2025-09-05,06:45,Flat,62,TSSC,Autumn,177.8,28.2,36.6,79.65,0.28,63.72,0.23,14.9,0.67
2025-09-05,07:00,Flat,62,TSSC,Autumn,211.0,28.9,38.2,79.15,0.33,63.32,0.28,17.6,0.67
2025-09-05,07:15,Flat,62,TSSC,Autumn,250.8,29.7,40.0,78.59,0.39,62.87,0.33,20.8,0.67
2025-09-05,07:30,Flat,62,TSSC,Autumn,290.6,30.5,41.7,78.03,0.46,62.42,0.38,23.9,0.67
2025-09-05,07:45,Flat,62,TSSC,Autumn,330.5,31.2,43.5,77.47,0.52,61.97,0.44,27.1,0.67
2025-09-05,08:00,Flat,62,TSSC,Autumn,370.3,32.0,45.3,76.9,0.59,61.52,0.49,30.2,0.67
2025-09-05,08:15,Flat,62,TSSC,Autumn,401.6,32.6,46.7,76.46,0.64,61.17,0.53,32.6,0.67
2025-09-05,08:30,Flat,62,TSSC,Autumn,432.9,33.2,48.1,76.02,0.69,60.82,0.57,35.0,0.67
2025-09-05,08:45,Flat,62,TSSC,Autumn,464.2,33.9,49.5,75.58,0.74,60.47,0.62,37.3,0.67
2025-09-05,09:00,Flat,62,TSSC,Autumn,495.6,34.5,50.8,75.14,0.79,60.11,0.66,39.7,0.67
2025-09-05,09:15,Flat,62,TSSC,Autumn,531.0,34.9,52.1,74.73,0.85,59.79,0.71,42.3,0.67
2025-09-05,09:30,Flat,62,TSSC,Autumn,566.4,35.3,53.4,74.33,0.9,59.46,0.76,45.0,0.67
2025-09-05,09:45,Flat,62,TSSC,Autumn,601.9,35.7,54.7,73.92,0.96,59.13,0.8,47.6,0.67
2025-09-05,10:00,Flat,62,TSSC,Autumn,637.3,36.1,56.0,73.51,1.02,58.81,0.85,50.2,0.67
2025-09-05,10:15,Flat,62,TSSC,Autumn,651.9,36.4,56.7,73.29,1.04,58.63,0.87,51.2,0.67
2025-09-05,10:30,Flat,62,TSSC,Autumn,666.5,36.7,57.4,73.08,1.07,58.46,0.89,52.2,0.67
2025-09-05,10:45,Flat,62,TSSC,Autumn,681.0,37.0,58.0,72.87,1.09,58.29,0.91,53.2,0.67
2025-09-05,11:00,Flat,62,TSSC,Autumn,695.6,37.3,58.7,72.65,1.11,58.12,0.93,54.2,0.67
2025-09-05,11:15,Flat,62,TSSC,Autumn,672.9,37.5,58.3,72.78,1.08,58.22,0.9,52.6,0.67
2025-09-05,11:30,Flat,62,TSSC,Autumn,650.3,37.6,57.9,72.91,1.04,58.33,0.87,50.9,0.67
2025-09-05,11:45,Flat,62,TSSC,Autumn,627.6,37.8,57.5,73.04,1.0,58.43,0.84,49.1,0.67
2025-09-05,12:00,Flat,62,TSSC,Autumn,605.0,38.0,57.1,73.17,0.97,58.54,0.81,47.4,0.67
2025-09-05,12:15,Flat,62,TSSC,Autumn,598.9,37.9,56.8,73.24,0.96,58.6,0.8,47.0,0.67
2025-09-05,12:30,Flat,62,TSSC,Autumn,592.9,37.8,56.6,73.32,0.95,58.65,0.79,46.6,0.67
2025-09-05,12:45,Flat,62,TSSC,Autumn,586.8,37.7,56.4,73.39,0.94,58.71,0.79,46.1,0.67
2025-09-05,13:00,Flat,62,TSSC,Autumn,580.8,37.6,56.2,73.46,0.93,58.77,0.78,45.7,0.67
2025-09-05,13:15,Flat,62,TSSC,Autumn,548.6,37.4,55.1,73.79,0.88,59.03,0.73,43.3,0.67
2025-09-05,13:30,Flat,62,TSSC,Autumn,516.4,37.2,54.1,74.12,0.82,59.3,0.69,40.9,0.67
2025-09-05,13:45,Flat,62,TSSC,Autumn,484.1,36.9,53.0,74.45,0.77,59.56,0.65,38.5,0.67
2025-09-05,14:00,Flat,62,TSSC,Autumn,451.9,36.7,52.0,74.78,0.72,59.83,0.6,36.0,0.67
2025-09-05,14:15,Flat,62,TSSC,Autumn,417.1,36.3,50.8,75.17,0.66,60.13,0.56,33.4,0.67
2025-09-05,14:30,Flat,62,TSSC,Autumn,382.3,36.0,49.6,75.55,0.61,60.44,0.51,30.7,0.67
2025-09-05,14:45,Flat,62,TSSC,Autumn,347.5,35.7,48.4,75.93,0.55,60.75,0.46,28.0,0.67
2025-09-05,15:00,Flat,62,TSSC,Autumn,312.7,35.3,47.1,76.32,0.5,61.05,0.41,25.3,0.67
2025-09-05,15:15,Flat,62,TSSC,Autumn,271.2,35.0,45.7,76.76,0.43,61.41,0.36,22.1,0.67
2025-09-05,15:30,Flat,62,TSSC,Autumn,229.8,34.6,44.3,77.21,0.36,61.76,0.3,18.8,0.67
2025-09-05,15:45,Flat,62,TSSC,Autumn,188.3,34.2,42.9,77.65,0.3,62.12,0.25,15.5,0.67
2025-09-05,16:00,Flat,62,TSSC,Autumn,146.8,33.9,41.5,78.09,0.23,62.47,0.19,12.1,0.67
2025-09-05,16:15,Flat,62,TSSC,Autumn,116.9,33.4,40.4,78.47,0.18,62.77,0.15,9.7,0.67
2025-09-05,16:30,Flat,62,TSSC,Autumn,86.9,33.0,39.2,78.84,0.14,63.07,0.11,7.2,0.67
2025-09-05,16:45,Flat,62,TSSC,Autumn,56.9,32.6,38.0,79.21,0.09,63.37,0.07,4.7,0.67
2025-09-05,17:00,Flat,62,TSSC,Autumn,26.9,32.1,36.8,79.58,0.04,63.67,0.04,2.3,0.67
2025-09-05,17:15,Flat,62,TSSC,Autumn,20.2,31.8,36.3,79.74,0.03,63.8,0.03,1.7,0.67
2025-09-05,17:30,Flat,62,TSSC,Autumn,13.5,31.5,35.8,79.9,0.02,63.92,0.02,1.1,0.67
2025-09-05,17:45,Flat,62,TSSC,Autumn,6.7,31.1,35.3,80.06,0.01,64.05,0.01,0.6,0.67
2025-09-06,05:15,Flat,62,TSSC,Autumn,24.1,25.8,30.5,81.6,0.04,65.28,0.03,2.1,0.67
2025-09-06,05:30,Flat,62,TSSC,Autumn,48.3,26.1,31.3,81.34,0.08,65.07,0.06,4.1,0.67
2025-09-06,05:45,Flat,62,TSSC,Autumn,72.4,26.3,32.1,81.07,0.11,64.86,0.09,6.1,0.67
2025-09-06,06:00,Flat,62,TSSC,Autumn,96.5,26.6,33.0,80.8,0.15,64.64,0.13,8.2,0.67
2025-09-06,06:15,Flat,62,TSSC,Autumn,140.4,27.2,34.7,80.27,0.22,64.21,0.18,11.8,0.67
2025-09-06,06:30,Flat,62,TSSC,Autumn,184.3,27.7,36.4,79.73,0.29,63.79,0.24,15.4,0.67
2025-09-06,06:45,Flat,62,TSSC,Autumn,228.1,28.3,38.0,79.2,0.36,63.36,0.3,19.0,0.67
2025-09-06,07:00,Flat,62,TSSC,Autumn,272.0,28.9,39.7,78.66,0.43,62.93,0.36,22.5,0.67
2025-09-06,07:15,Flat,62,TSSC,Autumn,318.7,29.7,41.6,78.06,0.5,62.45,0.42,26.3,0.67
2025-09-06,07:30,Flat,62,TSSC,Autumn,365.4,30.4,43.6,77.45,0.58,61.96,0.48,29.9,0.67
2025-09-06,07:45,Flat,62,TSSC,Autumn,412.1,31.2,45.5,76.85,0.65,61.48,0.55,33.6,0.67
2025-09-06,08:00,Flat,62,TSSC,Autumn,458.9,31.9,47.4,76.24,0.73,61.0,0.61,37.1,0.67
2025-09-06,08:15,Flat,62,TSSC,Autumn,488.2,32.6,48.8,75.8,0.77,60.64,0.65,39.3,0.67
2025-09-06,08:30,Flat,62,TSSC,Autumn,517.6,33.2,50.1,75.37,0.82,60.29,0.69,41.5,0.67
2025-09-06,08:45,Flat,62,TSSC,Autumn,547.0,33.9,51.5,74.93,0.87,59.94,0.73,43.7,0.67
2025-09-06,09:00,Flat,62,TSSC,Autumn,576.4,34.5,52.9,74.49,0.92,59.59,0.77,45.8,0.67
2025-09-06,09:15,Flat,62,TSSC,Autumn,603.1,35.0,54.0,74.13,0.96,59.3,0.81,47.8,0.67
2025-09-06,09:30,Flat,62,TSSC,Autumn,629.9,35.4,55.2,73.77,1.01,59.02,0.84,49.7,0.67
2025-09-06,09:45,Flat,62,TSSC,Autumn,656.6,35.9,56.3,73.42,1.05,58.73,0.88,51.6,0.67
2025-09-06,10:00,Flat,62,TSSC,Autumn,683.4,36.3,57.4,73.06,1.09,58.45,0.92,53.5,0.67
2025-09-06,10:15,Flat,62,TSSC,Autumn,685.1,36.7,57.8,72.95,1.1,58.36,0.92,53.6,0.67
2025-09-06,10:30,Flat,62,TSSC,Autumn,686.9,37.0,58.1,72.84,1.1,58.27,0.92,53.7,0.67
2025-09-06,10:45,Flat,62,TSSC,Autumn,688.7,37.3,58.5,72.72,1.1,58.18,0.92,53.7,0.67
2025-09-06,11:00,Flat,62,TSSC,Autumn,690.5,37.6,58.9,72.61,1.11,58.09,0.93,53.8,0.67
2025-09-06,11:15,Flat,62,TSSC,Autumn,685.0,37.8,58.9,72.6,1.1,58.08,0.92,53.4,0.67
2025-09-06,11:30,Flat,62,TSSC,Autumn,679.6,37.9,58.9,72.59,1.09,58.07,0.91,53.0,0.67
2025-09-06,11:45,Flat,62,TSSC,Autumn,674.2,38.1,58.9,72.58,1.08,58.06,0.9,52.5,0.67
2025-09-06,12:00,Flat,62,TSSC,Autumn,668.8,38.2,59.0,72.57,1.07,58.06,0.9,52.1,0.67
2025-09-06,12:15,Flat,62,TSSC,Autumn,631.6,38.3,58.1,72.85,1.01,58.28,0.85,49.4,0.67
2025-09-06,12:30,Flat,62,TSSC,Autumn,594.5,38.3,57.2,73.14,0.95,58.51,0.8,46.6,0.67
2025-09-06,12:45,Flat,62,TSSC,Autumn,557.4,38.4,56.3,73.42,0.89,58.73,0.75,43.8,0.67
2025-09-06,13:00,Flat,62,TSSC,Autumn,520.3,38.4,55.4,73.7,0.83,58.96,0.7,41.0,0.67
2025-09-06,13:15,Flat,62,TSSC,Autumn,511.8,38.3,55.1,73.8,0.82,59.04,0.68,40.4,0.67
2025-09-06,13:30,Flat,62,TSSC,Autumn,503.4,38.2,54.8,73.9,0.8,59.12,0.67,39.8,0.67
2025-09-06,13:45,Flat,62,TSSC,Autumn,494.9,38.1,54.5,74.0,0.79,59.2,0.66,39.1,0.67
2025-09-06,14:00,Flat,62,TSSC,Autumn,486.4,38.0,54.2,74.09,0.78,59.28,0.65,38.5,0.67
2025-09-06,14:15,Flat,62,TSSC,Autumn,450.7,37.6,52.9,74.49,0.72,59.59,0.6,35.8,0.67
2025-09-06,14:30,Flat,62,TSSC,Autumn,415.0,37.3,51.7,74.88,0.66,59.9,0.55,33.1,0.67
2025-09-06,14:45,Flat,62,TSSC,Autumn,379.3,37.0,50.4,75.27,0.6,60.22,0.5,30.4,0.67
2025-09-06,15:00,Flat,62,TSSC,Autumn,343.6,36.6,49.2,75.67,0.55,60.53,0.46,27.7,0.67
2025-09-06,15:15,Flat,62,TSSC,Autumn,298.6,36.2,47.7,76.14,0.47,60.91,0.4,24.1,0.67
2025-09-06,15:30,Flat,62,TSSC,Autumn,253.6,35.9,46.2,76.61,0.4,61.29,0.34,20.6,0.67
2025-09-06,15:45,Flat,62,TSSC,Autumn,208.5,35.5,44.7,77.08,0.33,61.66,0.28,17.0,0.67
2025-09-06,16:00,Flat,62,TSSC,Autumn,163.5,35.2,43.3,77.55,0.26,62.04,0.22,13.4,0.67
2025-09-06,16:15,Flat,62,TSSC,Autumn,129.4,34.7,42.0,77.96,0.2,62.37,0.17,10.7,0.67
2025-09-06,16:30,Flat,62,TSSC,Autumn,95.3,34.3,40.7,78.37,0.15,62.69,0.13,7.9,0.67
2025-09-06,16:45,Flat,62,TSSC,Autumn,61.3,33.8,39.4,78.78,0.1,63.02,0.08,5.1,0.67
2025-09-06,17:00,Flat,62,TSSC,Autumn,27.2,33.4,38.1,79.19,0.04,63.35,0.04,2.3,0.67
2025-09-06,17:15,Flat,62,TSSC,Autumn,20.4,33.0,37.5,79.37,0.03,63.5,0.03,1.7,0.67
2025-09-06,17:30,Flat,62,TSSC,Autumn,13.6,32.6,36.9,79.55,0.02,63.64,0.02,1.1,0.67
2025-09-06,17:45,Flat,62,TSSC,Autumn,6.8,32.2,36.4,79.73,0.01,63.78,0.01,0.6,0.67
2025-09-07,05:15,Flat,62,TSSC,Autumn,26.5,26.9,31.6,81.25,0.04,65.0,0.03,2.2,0.67
2025-09-07,05:30,Flat,62,TSSC,Autumn,52.9,27.0,32.4,80.99,0.08,64.79,0.07,4.5,0.67
2025-09-07,05:45,Flat,62,TSSC,Autumn,79.4,27.2,33.2,80.73,0.12,64.59,0.1,6.7,0.67
2025-09-07,06:00,Flat,62,TSSC,Autumn,105.8,27.4,34.0,80.48,0.17,64.38,0.14,8.9,0.67
2025-09-07,06:15,Flat,62,TSSC,Autumn,156.1,27.7,35.6,79.96,0.24,63.97,0.2,13.1,0.67
2025-09-07,06:30,Flat,62,TSSC,Autumn,206.4,28.1,37.3,79.44,0.32,63.55,0.27,17.2,0.67
2025-09-07,06:45,Flat,62,TSSC,Autumn,256.7,28.5,38.9,78.92,0.4,63.14,0.34,21.3,0.67
2025-09-07,07:00,Flat,62,TSSC,Autumn,306.9,28.9,40.6,78.4,0.48,62.72,0.4,25.4,0.67
2025-09-07,07:15,Flat,62,TSSC,Autumn,365.2,29.4,42.5,77.79,0.58,62.23,0.48,30.0,0.67
2025-09-07,07:30,Flat,62,TSSC,Autumn,423.4,29.8,44.4,77.18,0.67,61.75,0.56,34.6,0.67
2025-09-07,07:45,Flat,62,TSSC,Autumn,481.6,30.3,46.3,76.58,0.76,61.26,0.64,39.1,0.67
2025-09-07,08:00,Flat,62,TSSC,Autumn,539.8,30.8,48.2,75.97,0.86,60.77,0.72,43.6,0.67
2025-09-07,08:15,Flat,62,TSSC,Autumn,579.2,31.1,49.6,75.54,0.92,60.43,0.77,46.5,0.67
2025-09-07,08:30,Flat,62,TSSC,Autumn,618.5,31.5,51.0,75.11,0.98,60.09,0.82,49.5,0.67
2025-09-07,08:45,Flat,62,TSSC,Autumn,657.9,31.9,52.3,74.68,1.05,59.74,0.88,52.4,0.67
2025-09-07,09:00,Flat,62,TSSC,Autumn,697.3,32.2,53.7,74.25,1.11,59.4,0.93,55.3,0.67
2025-09-07,09:15,Flat,62,TSSC,Autumn,709.2,32.6,54.3,74.05,1.13,59.24,0.95,56.1,0.67
2025-09-07,09:30,Flat,62,TSSC,Autumn,721.0,32.9,55.0,73.84,1.15,59.08,0.96,56.9,0.67
2025-09-07,09:45,Flat,62,TSSC,Autumn,732.9,33.3,55.6,73.64,1.17,58.91,0.98,57.8,0.67
2025-09-07,10:00,Flat,62,TSSC,Autumn,744.8,33.6,56.2,73.44,1.19,58.75,1.0,58.6,0.67
2025-09-07,10:15,Flat,62,TSSC,Autumn,752.3,33.9,56.7,73.29,1.2,58.63,1.01,59.1,0.67
2025-09-07,10:30,Flat,62,TSSC,Autumn,759.9,34.2,57.2,73.14,1.22,58.51,1.02,59.6,0.67
2025-09-07,10:45,Flat,62,TSSC,Autumn,767.5,34.4,57.6,72.99,1.23,58.4,1.03,60.1,0.67
2025-09-07,11:00,Flat,62,TSSC,Autumn,775.1,34.7,58.1,72.85,1.24,58.28,1.04,60.6,0.67
2025-09-07,11:15,Flat,62,TSSC,Autumn,759.9,34.8,57.8,72.93,1.22,58.35,1.02,59.4,0.67
2025-09-07,11:30,Flat,62,TSSC,Autumn,744.7,34.9,57.6,73.02,1.19,58.42,1.0,58.3,0.67
2025-09-07,11:45,Flat,62,TSSC,Autumn,729.5,35.0,57.3,73.11,1.17,58.49,0.98,57.2,0.67
2025-09-07,12:00,Flat,62,TSSC,Autumn,714.3,35.1,57.0,73.19,1.14,58.55,0.96,56.0,0.67
2025-09-07,12:15,Flat,62,TSSC,Autumn,666.1,35.1,55.8,73.58,1.06,58.86,0.89,52.5,0.67
2025-09-07,12:30,Flat,62,TSSC,Autumn,618.0,35.1,54.6,73.96,0.99,59.17,0.83,48.9,0.67
2025-09-07,12:45,Flat,62,TSSC,Autumn,569.8,35.1,53.4,74.35,0.91,59.48,0.76,45.2,0.67
2025-09-07,13:00,Flat,62,TSSC,Autumn,521.6,35.1,52.2,74.73,0.83,59.78,0.7,41.6,0.67
2025-09-07,13:15,Flat,62,TSSC,Autumn,517.9,35.0,52.0,74.79,0.82,59.83,0.69,41.3,0.67
2025-09-07,13:30,Flat,62,TSSC,Autumn,514.2,34.9,51.8,74.85,0.82,59.88,0.69,41.0,0.67
2025-09-07,13:45,Flat,62,TSSC,Autumn,510.4,34.8,51.6,74.91,0.81,59.93,0.68,40.8,0.67
2025-09-07,14:00,Flat,62,TSSC,Autumn,506.7,34.7,51.4,74.97,0.81,59.98,0.68,40.5,0.67
2025-09-07,14:15,Flat,62,TSSC,Autumn,436.0,34.6,49.5,75.57,0.69,60.46,0.58,35.1,0.67
2025-09-07,14:30,Flat,62,TSSC,Autumn,365.4,34.5,47.6,76.17,0.58,60.94,0.48,29.6,0.67
2025-09-07,14:45,Flat,62,TSSC,Autumn,294.8,34.3,45.7,76.77,0.47,61.42,0.39,24.0,0.67
2025-09-07,15:00,Flat,62,TSSC,Autumn,224.1,34.2,43.8,77.37,0.35,61.9,0.3,18.3,0.67
2025-09-07,15:15,Flat,62,TSSC,Autumn,192.0,34.0,42.8,77.69,0.3,62.15,0.25,15.8,0.67
2025-09-07,15:30,Flat,62,TSSC,Autumn,159.8,33.8,41.8,78.0,0.25,62.4,0.21,13.2,0.67
2025-09-07,15:45,Flat,62,TSSC,Autumn,127.7,33.6,40.8,78.32,0.2,62.65,0.17,10.5,0.67
2025-09-07,16:00,Flat,62,TSSC,Autumn,95.6,33.5,39.8,78.63,0.15,62.9,0.13,7.9,0.67
2025-09-07,16:15,Flat,62,TSSC,Autumn,74.7,33.2,39.1,78.87,0.12,63.1,0.1,6.2,0.67
2025-09-07,16:30,Flat,62,TSSC,Autumn,53.8,33.0,38.3,79.11,0.08,63.29,0.07,4.5,0.67
2025-09-07,16:45,Flat,62,TSSC,Autumn,33.0,32.7,37.6,79.35,0.05,63.48,0.04,2.8,0.67
2025-09-07,17:00,Flat,62,TSSC,Autumn,12.1,32.5,36.8,79.59,0.02,63.67,0.02,1.0,0.67
2025-09-07,17:15,Flat,62,TSSC,Autumn,9.1,32.3,36.5,79.69,0.01,63.75,0.01,0.8,0.67
2025-09-07,17:30,Flat,62,TSSC,Autumn,6.1,32.0,36.2,79.78,0.01,63.83,0.01,0.5,0.67
2025-09-08,05:15,Flat,62,TSSC,Autumn,23.5,25.9,30.4,81.6,0.04,65.28,0.03,2.0,0.67
2025-09-08,05:30,Flat,62,TSSC,Autumn,47.0,26.0,31.1,81.39,0.07,65.11,0.06,4.0,0.67
2025-09-08,05:45,Flat,62,TSSC,Autumn,70.6,26.1,31.8,81.17,0.11,64.93,0.09,6.0,0.67
2025-09-08,06:00,Flat,62,TSSC,Autumn,94.1,26.2,32.5,80.95,0.15,64.76,0.12,8.0,0.67
2025-09-08,06:15,Flat,62,TSSC,Autumn,141.7,26.4,34.0,80.49,0.22,64.39,0.19,12.0,0.67
2025-09-08,06:30,Flat,62,TSSC,Autumn,189.4,26.7,35.4,80.03,0.3,64.02,0.25,15.9,0.67
2025-09-08,06:45,Flat,62,TSSC,Autumn,237.1,27.0,36.9,79.56,0.37,63.65,0.31,19.8,0.67
2025-09-08,07:00,Flat,62,TSSC,Autumn,284.8,27.2,38.3,79.1,0.45,63.28,0.37,23.7,0.67
2025-09-08,07:15,Flat,62,TSSC,Autumn,340.1,27.8,40.3,78.49,0.54,62.79,0.45,28.1,0.67
2025-09-08,07:30,Flat,62,TSSC,Autumn,395.5,28.3,42.2,77.88,0.62,62.31,0.52,32.5,0.67
2025-09-08,07:45,Flat,62,TSSC,Autumn,450.8,28.9,44.1,77.27,0.71,61.82,0.6,36.9,0.67
2025-09-08,08:00,Flat,62,TSSC,Autumn,506.1,29.4,46.0,76.66,0.8,61.33,0.67,41.1,0.67
2025-09-08,08:15,Flat,62,TSSC,Autumn,556.1,30.0,47.9,76.09,0.88,60.87,0.74,44.9,0.67
2025-09-08,08:30,Flat,62,TSSC,Autumn,606.1,30.5,49.7,75.51,0.96,60.41,0.81,48.7,0.67
2025-09-08,08:45,Flat,62,TSSC,Autumn,656.1,31.1,51.5,74.94,1.04,59.95,0.87,52.4,0.67
2025-09-08,09:00,Flat,62,TSSC,Autumn,706.1,31.7,53.3,74.36,1.13,59.49,0.94,56.1,0.67
2025-09-08,09:15,Flat,62,TSSC,Autumn,717.6,32.2,54.1,74.12,1.14,59.29,0.96,56.8,0.67
2025-09-08,09:30,Flat,62,TSSC,Autumn,729.2,32.6,54.9,73.87,1.16,59.1,0.97,57.6,0.67
2025-09-08,09:45,Flat,62,TSSC,Autumn,740.8,33.1,55.6,73.63,1.18,58.9,0.99,58.4,0.67
2025-09-08,10:00,Flat,62,TSSC,Autumn,752.3,33.6,56.4,73.38,1.2,58.71,1.01,59.1,0.67
2025-09-08,10:15,Flat,62,TSSC,Autumn,757.8,34.0,56.9,73.21,1.21,58.57,1.02,59.5,0.67
2025-09-08,10:30,Flat,62,TSSC,Autumn,763.3,34.4,57.5,73.04,1.22,58.43,1.02,59.8,0.67
2025-09-08,10:45,Flat,62,TSSC,Autumn,768.8,34.8,58.0,72.87,1.23,58.3,1.03,60.1,0.67
2025-09-08,11:00,Flat,62,TSSC,Autumn,774.3,35.2,58.6,72.7,1.24,58.16,1.04,60.4,0.67
2025-09-08,11:15,Flat,62,TSSC,Autumn,761.6,35.5,58.6,72.7,1.22,58.16,1.02,59.4,0.67
2025-09-08,11:30,Flat,62,TSSC,Autumn,748.9,35.8,58.5,72.71,1.2,58.17,1.0,58.4,0.67
2025-09-08,11:45,Flat,62,TSSC,Autumn,736.2,36.1,58.5,72.71,1.18,58.17,0.99,57.4,0.67
2025-09-08,12:00,Flat,62,TSSC,Autumn,723.5,36.4,58.5,72.71,1.16,58.17,0.97,56.5,0.67
2025-09-08,12:15,Flat,62,TSSC,Autumn,698.8,36.6,58.1,72.85,1.12,58.28,0.94,54.6,0.67
2025-09-08,12:30,Flat,62,TSSC,Autumn,674.2,36.8,57.6,72.99,1.08,58.39,0.9,52.8,0.67
2025-09-08,12:45,Flat,62,TSSC,Autumn,649.6,37.0,57.2,73.13,1.04,58.5,0.87,50.9,0.67
2025-09-08,13:00,Flat,62,TSSC,Autumn,625.0,37.1,56.8,73.27,1.0,58.62,0.84,49.1,0.67
2025-09-08,13:15,Flat,62,TSSC,Autumn,575.0,37.2,55.6,73.65,0.92,58.92,0.77,45.3,0.67
2025-09-08,13:30,Flat,62,TSSC,Autumn,525.0,37.2,54.4,74.03,0.84,59.23,0.7,41.5,0.67
2025-09-08,13:45,Flat,62,TSSC,Autumn,475.0,37.3,53.2,74.41,0.76,59.53,0.63,37.7,0.67
2025-09-08,14:00,Flat,62,TSSC,Autumn,425.0,37.3,52.0,74.79,0.68,59.83,0.57,33.9,0.67
2025-09-08,14:15,Flat,62,TSSC,Autumn,386.9,37.2,50.9,75.13,0.62,60.1,0.52,31.0,0.67
2025-09-08,14:30,Flat,62,TSSC,Autumn,348.9,37.1,49.9,75.46,0.55,60.37,0.46,28.0,0.67
2025-09-08,14:45,Flat,62,TSSC,Autumn,310.9,37.0,48.8,75.79,0.49,60.63,0.41,25.0,0.67
2025-09-08,15:00,Flat,62,TSSC,Autumn,272.9,36.9,47.8,76.12,0.43,60.9,0.36,22.1,0.67
2025-09-08,15:15,Flat,62,TSSC,Autumn,239.7,36.6,46.6,76.49,0.38,61.2,0.32,19.5,0.67
2025-09-08,15:30,Flat,62,TSSC,Autumn,206.6,36.2,45.4,76.86,0.33,61.49,0.27,16.8,0.67
2025-09-08,15:45,Flat,62,TSSC,Autumn,173.4,35.9,44.2,77.23,0.27,61.79,0.23,14.2,0.67
2025-09-08,16:00,Flat,62,TSSC,Autumn,140.3,35.6,43.1,77.6,0.22,62.08,0.19,11.5,0.67
2025-09-08,16:15,Flat,62,TSSC,Autumn,111.8,35.0,41.8,78.02,0.18,62.42,0.15,9.2,0.67
2025-09-08,16:30,Flat,62,TSSC,Autumn,83.3,34.4,40.5,78.44,0.13,62.75,0.11,6.9,0.67
2025-09-08,16:45,Flat,62,TSSC,Autumn,54.8,33.8,39.1,78.85,0.09,63.08,0.07,4.6,0.67
2025-09-08,17:00,Flat,62,TSSC,Autumn,26.3,33.2,37.8,79.27,0.04,63.41,0.03,2.2,0.67
2025-09-08,17:15,Flat,62,TSSC,Autumn,19.7,32.7,37.2,79.48,0.03,63.58,0.03,1.6,0.67
2025-09-08,17:30,Flat,62,TSSC,Autumn,13.2,32.2,36.5,79.69,0.02,63.75,0.02,1.1,0.67
2025-09-08,17:45,Flat,62,TSSC,Autumn,6.6,31.7,35.8,79.9,0.01,63.92,0.01,0.6,0.67
2025-09-09,05:15,Flat,62,TSSC,Autumn,26.2,26.7,31.3,81.33,0.04,65.06,0.03,2.2,0.67
2025-09-09,05:30,Flat,62,TSSC,Autumn,52.5,26.9,32.2,81.05,0.08,64.84,0.07,4.4,0.67
2025-09-09,05:45,Flat,62,TSSC,Autumn,78.7,27.1,33.1,80.77,0.12,64.61,0.1,6.7,0.67
2025-09-09,06:00,Flat,62,TSSC,Autumn,104.9,27.4,34.0,80.49,0.16,64.39,0.14,8.8,0.67
2025-09-09,06:15,Flat,62,TSSC,Autumn,157.5,27.8,35.8,79.91,0.25,63.93,0.21,13.2,0.67
2025-09-09,06:30,Flat,62,TSSC,Autumn,210.2,28.3,37.6,79.34,0.33,63.47,0.28,17.5,0.67
2025-09-09,06:45,Flat,62,TSSC,Autumn,262.8,28.8,39.4,78.77,0.41,63.01,0.35,21.8,0.67
2025-09-09,07:00,Flat,62,TSSC,Autumn,315.4,29.3,41.2,78.19,0.5,62.55,0.42,26.0,0.67
2025-09-09,07:15,Flat,62,TSSC,Autumn,373.0,29.9,43.2,77.57,0.59,62.06,0.49,30.6,0.67
2025-09-09,07:30,Flat,62,TSSC,Autumn,430.5,30.4,45.1,76.95,0.68,61.56,0.57,35.1,0.67
2025-09-09,07:45,Flat,62,TSSC,Autumn,488.1,30.9,47.1,76.33,0.77,61.06,0.65,39.5,0.67
2025-09-09,08:00,Flat,62,TSSC,Autumn,545.6,31.4,49.1,75.7,0.87,60.56,0.73,43.9,0.67
2025-09-09,08:15,Flat,62,TSSC,Autumn,595.1,31.7,50.6,75.23,0.95,60.19,0.79,47.7,0.67
2025-09-09,08:30,Flat,62,TSSC,Autumn,644.6,31.9,52.0,74.77,1.03,59.81,0.86,51.4,0.67
2025-09-09,08:45,Flat,62,TSSC,Autumn,694.1,32.2,53.5,74.3,1.11,59.44,0.93,55.1,0.67
2025-09-09,09:00,Flat,62,TSSC,Autumn,743.6,32.4,55.0,73.83,1.19,59.06,0.99,58.7,0.67
2025-09-09,09:15,Flat,62,TSSC,Autumn,736.5,32.5,55.0,73.84,1.18,59.07,0.98,58.2,0.67
2025-09-09,09:30,Flat,62,TSSC,Autumn,729.4,32.7,54.9,73.86,1.16,59.09,0.98,57.6,0.67
2025-09-09,09:45,Flat,62,TSSC,Autumn,722.3,32.8,54.9,73.87,1.15,59.1,0.97,57.1,0.67
2025-09-09,10:00,Flat,62,TSSC,Autumn,715.2,32.9,54.8,73.89,1.14,59.11,0.96,56.5,0.67
2025-09-09,10:15,Flat,62,TSSC,Autumn,710.7,33.0,54.8,73.89,1.13,59.11,0.95,56.2,0.67
2025-09-09,10:30,Flat,62,TSSC,Autumn,706.3,33.1,54.8,73.89,1.13,59.11,0.94,55.8,0.67
2025-09-09,10:45,Flat,62,TSSC,Autumn,701.9,33.2,54.8,73.9,1.12,59.12,0.94,55.5,0.67
2025-09-09,11:00,Flat,62,TSSC,Autumn,697.5,33.3,54.8,73.9,1.11,59.12,0.93,55.1,0.67
2025-09-09,11:15,Flat,62,TSSC,Autumn,656.7,33.4,53.8,74.2,1.05,59.36,0.88,52.1,0.67
2025-09-09,11:30,Flat,62,TSSC,Autumn,615.9,33.5,52.9,74.5,0.98,59.6,0.82,49.0,0.67
2025-09-09,11:45,Flat,62,TSSC,Autumn,575.1,33.5,51.9,74.81,0.92,59.85,0.77,45.9,0.67
2025-09-09,12:00,Flat,62,TSSC,Autumn,534.3,33.6,51.0,75.11,0.85,60.09,0.71,42.8,0.67
2025-09-09,12:15,Flat,62,TSSC,Autumn,530.1,33.7,50.9,75.12,0.84,60.1,0.71,42.4,0.67
2025-09-09,12:30,Flat,62,TSSC,Autumn,525.9,33.7,50.9,75.14,0.84,60.11,0.7,42.1,0.67
2025-09-09,12:45,Flat,62,TSSC,Autumn,521.8,33.8,50.8,75.16,0.83,60.12,0.69,41.8,0.67
2025-09-09,13:00,Flat,62,TSSC,Autumn,517.6,33.8,50.8,75.17,0.82,60.14,0.69,41.4,0.67
2025-09-09,13:15,Flat,62,TSSC,Autumn,482.1,33.8,49.9,75.45,0.77,60.36,0.64,38.7,0.67
2025-09-09,13:30,Flat,62,TSSC,Autumn,446.7,33.9,49.0,75.72,0.71,60.58,0.59,36.0,0.67
2025-09-09,13:45,Flat,62,TSSC,Autumn,411.2,33.9,48.2,76.0,0.65,60.8,0.55,33.2,0.67
2025-09-09,14:00,Flat,62,TSSC,Autumn,375.7,33.9,47.3,76.27,0.6,61.02,0.5,30.4,0.67
2025-09-09,14:15,Flat,62,TSSC,Autumn,343.3,33.8,46.4,76.55,0.54,61.24,0.46,27.9,0.67
2025-09-09,14:30,Flat,62,TSSC,Autumn,310.8,33.8,45.5,76.83,0.49,61.46,0.41,25.3,0.67
2025-09-09,14:45,Flat,62,TSSC,Autumn,278.3,33.7,44.7,77.1,0.44,61.68,0.37,22.7,0.67
2025-09-09,15:00,Flat,62,TSSC,Autumn,245.8,33.6,43.8,77.38,0.39,61.9,0.33,20.1,0.67
2025-09-09,15:15,Flat,62,TSSC,Autumn,215.5,33.4,42.8,77.69,0.34,62.15,0.28,17.7,0.67
2025-09-09,15:30,Flat,62,TSSC,Autumn,185.1,33.2,41.8,78.0,0.29,62.4,0.24,15.2,0.67
2025-09-09,15:45,Flat,62,TSSC,Autumn,154.7,33.0,40.9,78.3,0.24,62.64,0.2,12.8,0.67
2025-09-09,16:00,Flat,62,TSSC,Autumn,124.3,32.8,39.9,78.61,0.2,62.89,0.16,10.3,0.67
2025-09-09,16:15,Flat,62,TSSC,Autumn,99.4,32.4,38.9,78.93,0.16,63.14,0.13,8.3,0.67
2025-09-09,16:30,Flat,62,TSSC,Autumn,74.4,32.0,37.9,79.25,0.12,63.4,0.1,6.2,0.67
2025-09-09,16:45,Flat,62,TSSC,Autumn,49.4,31.7,36.9,79.56,0.08,63.65,0.06,4.1,0.67
2025-09-09,17:00,Flat,62,TSSC,Autumn,24.4,31.3,35.9,79.88,0.04,63.9,0.03,2.0,0.67
2025-09-09,17:15,Flat,62,TSSC,Autumn,18.3,30.9,35.4,80.04,0.03,64.03,0.02,1.5,0.67
2025-09-09,17:30,Flat,62,TSSC,Autumn,12.2,30.6,34.9,80.2,0.02,64.16,0.02,1.0,0.67
2025-09-09,17:45,Flat,62,TSSC,Autumn,6.1,30.2,34.4,80.36,0.01,64.29,0.01,0.5,0.67
2025-09-10,05:15,Flat,62,TSSC,Autumn,21.7,26.1,30.6,81.55,0.03,65.24,0.03,1.9,0.67
2025-09-10,05:30,Flat,62,TSSC,Autumn,43.5,26.2,31.3,81.33,0.07,65.06,0.06,3.7,0.67
2025-09-10,05:45,Flat,62,TSSC,Autumn,65.2,26.4,32.0,81.11,0.1,64.89,0.09,5.5,0.67
2025-09-10,06:00,Flat,62,TSSC,Autumn,87.0,26.5,32.7,80.89,0.14,64.71,0.11,7.4,0.67
2025-09-10,06:15,Flat,62,TSSC,Autumn,134.1,26.8,34.2,80.43,0.21,64.34,0.18,11.3,0.67
2025-09-10,06:30,Flat,62,TSSC,Autumn,181.3,27.1,35.6,79.97,0.28,63.98,0.24,15.2,0.67
2025-09-10,06:45,Flat,62,TSSC,Autumn,228.5,27.3,37.0,79.52,0.36,63.61,0.3,19.1,0.67
2025-09-10,07:00,Flat,62,TSSC,Autumn,275.7,27.6,38.5,79.06,0.43,63.25,0.36,22.9,0.67
2025-09-10,07:15,Flat,62,TSSC,Autumn,337.5,28.0,40.4,78.45,0.53,62.76,0.44,27.9,0.67
2025-09-10,07:30,Flat,62,TSSC,Autumn,399.4,28.4,42.3,77.84,0.63,62.27,0.53,32.8,0.67
2025-09-10,07:45,Flat,62,TSSC,Autumn,461.2,28.8,44.3,77.22,0.73,61.78,0.61,37.7,0.67
2025-09-10,08:00,Flat,62,TSSC,Autumn,523.0,29.1,46.2,76.61,0.83,61.29,0.69,42.5,0.67
2025-09-10,08:15,Flat,62,TSSC,Autumn,565.9,29.5,47.7,76.15,0.9,60.92,0.75,45.8,0.67
2025-09-10,08:30,Flat,62,TSSC,Autumn,608.9,29.9,49.1,75.69,0.97,60.55,0.81,49.0,0.67
2025-09-10,08:45,Flat,62,TSSC,Autumn,651.8,30.3,50.6,75.22,1.04,60.18,0.87,52.2,0.67
2025-09-10,09:00,Flat,62,TSSC,Autumn,694.8,30.7,52.1,74.76,1.11,59.81,0.93,55.4,0.67
2025-09-10,09:15,Flat,62,TSSC,Autumn,725.4,31.1,53.2,74.4,1.16,59.52,0.97,57.6,0.67
2025-09-10,09:30,Flat,62,TSSC,Autumn,755.9,31.4,54.3,74.04,1.21,59.23,1.01,59.8,0.67
2025-09-10,09:45,Flat,62,TSSC,Autumn,786.5,31.8,55.5,73.67,1.26,58.94,1.05,62.0,0.67
2025-09-10,10:00,Flat,62,TSSC,Autumn,817.1,32.2,56.6,73.31,1.31,58.65,1.09,64.2,0.67
2025-09-10,10:15,Flat,62,TSSC,Autumn,784.0,32.4,56.0,73.51,1.25,58.81,1.05,61.7,0.67
2025-09-10,10:30,Flat,62,TSSC,Autumn,750.8,32.6,55.4,73.71,1.2,58.97,1.0,59.2,0.67
2025-09-10,10:45,Flat,62,TSSC,Autumn,717.7,32.8,54.7,73.91,1.15,59.13,0.96,56.7,0.67
2025-09-10,11:00,Flat,62,TSSC,Autumn,684.5,33.0,54.1,74.11,1.09,59.29,0.91,54.2,0.67
2025-09-10,11:15,Flat,62,TSSC,Autumn,683.1,33.1,54.1,74.1,1.09,59.28,0.91,54.1,0.67
2025-09-10,11:30,Flat,62,TSSC,Autumn,681.7,33.1,54.2,74.09,1.09,59.27,0.91,54.0,0.67
2025-09-10,11:45,Flat,62,TSSC,Autumn,680.3,33.2,54.2,74.07,1.09,59.26,0.91,53.9,0.67
2025-09-10,12:00,Flat,62,TSSC,Autumn,678.9,33.3,54.3,74.06,1.08,59.25,0.91,53.7,0.67
2025-09-10,12:15,Flat,62,TSSC,Autumn,607.8,33.3,52.5,74.63,0.97,59.7,0.81,48.4,0.67
2025-09-10,12:30,Flat,62,TSSC,Autumn,536.8,33.3,50.7,75.2,0.85,60.16,0.71,43.0,0.67
2025-09-10,12:45,Flat,62,TSSC,Autumn,465.7,33.2,48.9,75.76,0.74,60.61,0.62,37.5,0.67
2025-09-10,13:00,Flat,62,TSSC,Autumn,394.6,33.2,47.1,76.33,0.63,61.07,0.52,32.0,0.67
2025-09-10,13:15,Flat,62,TSSC,Autumn,323.9,33.1,45.2,76.92,0.51,61.53,0.43,26.4,0.67
2025-09-10,13:30,Flat,62,TSSC,Autumn,253.2,33.1,43.4,77.5,0.4,62.0,0.33,20.7,0.67
2025-09-10,13:45,Flat,62,TSSC,Autumn,182.4,33.0,41.6,78.09,0.29,62.47,0.24,15.0,0.67
2025-09-10,14:00,Flat,62,TSSC,Autumn,111.7,32.9,39.7,78.67,0.18,62.94,0.15,9.3,0.67
2025-09-10,14:15,Flat,62,TSSC,Autumn,99.8,32.8,39.3,78.8,0.16,63.04,0.13,8.3,0.67
2025-09-10,14:30,Flat,62,TSSC,Autumn,87.8,32.7,38.9,78.93,0.14,63.14,0.12,7.3,0.67
2025-09-10,14:45,Flat,62,TSSC,Autumn,75.9,32.6,38.5,79.06,0.12,63.24,0.1,6.3,0.67
2025-09-10,15:00,Flat,62,TSSC,Autumn,64.0,32.5,38.1,79.18,0.1,63.35,0.08,5.3,0.67
2025-09-10,15:15,Flat,62,TSSC,Autumn,56.9,32.4,37.8,79.28,0.09,63.43,0.07,4.7,0.67
2025-09-10,15:30,Flat,62,TSSC,Autumn,49.8,32.2,37.5,79.38,0.08,63.5,0.07,4.2,0.67
2025-09-10,15:45,Flat,62,TSSC,Autumn,42.8,32.1,37.2,79.48,0.07,63.58,0.06,3.6,0.67
2025-09-10,16:00,Flat,62,TSSC,Autumn,35.7,31.9,36.8,79.58,0.06,63.66,0.05,3.0,0.67
2025-09-10,16:15,Flat,62,TSSC,Autumn,28.9,31.6,36.3,79.76,0.05,63.81,0.04,2.4,0.67
2025-09-10,16:30,Flat,62,TSSC,Autumn,22.1,31.1,35.7,79.94,0.03,63.95,0.03,1.9,0.67
2025-09-10,16:45,Flat,62,TSSC,Autumn,15.3,30.8,35.1,80.12,0.02,64.1,0.02,1.3,0.67
2025-09-10,17:00,Flat,62,TSSC,Autumn,8.5,30.4,34.6,80.3,0.01,64.24,0.01,0.7,0.67
2025-09-10,17:15,Flat,62,TSSC,Autumn,6.4,30.0,34.1,80.44,0.01,64.35,0.01,0.5,0.67
2025-09-11,05:15,Flat,62,TSSC,Autumn,26.4,25.2,29.9,81.79,0.04,65.43,0.03,2.3,0.67
2025-09-11,05:30,Flat,62,TSSC,Autumn,52.8,25.4,30.7,81.52,0.08,65.22,0.07,4.5,0.67
2025-09-11,05:45,Flat,62,TSSC,Autumn,79.3,25.6,31.6,81.25,0.12,65.0,0.1,6.7,0.67
2025-09-11,06:00,Flat,62,TSSC,Autumn,105.7,25.8,32.4,80.99,0.16,64.79,0.14,9.0,0.67
2025-09-11,06:15,Flat,62,TSSC,Autumn,154.9,26.1,33.9,80.5,0.24,64.4,0.2,13.1,0.67
2025-09-11,06:30,Flat,62,TSSC,Autumn,204.2,26.4,35.5,80.01,0.32,64.0,0.27,17.1,0.67
2025-09-11,06:45,Flat,62,TSSC,Autumn,253.4,26.7,37.0,79.51,0.4,63.61,0.33,21.2,0.67
2025-09-11,07:00,Flat,62,TSSC,Autumn,302.6,27.0,38.6,79.02,0.48,63.22,0.4,25.2,0.67
2025-09-11,07:15,Flat,62,TSSC,Autumn,360.8,27.6,40.6,78.38,0.57,62.7,0.48,29.8,0.67
2025-09-11,07:30,Flat,62,TSSC,Autumn,418.9,28.2,42.7,77.74,0.66,62.19,0.55,34.4,0.67
2025-09-11,07:45,Flat,62,TSSC,Autumn,477.0,28.8,44.7,77.09,0.75,61.67,0.63,38.9,0.67
2025-09-11,08:00,Flat,62,TSSC,Autumn,535.1,29.4,46.7,76.45,0.85,61.16,0.71,43.4,0.67
2025-09-11,08:15,Flat,62,TSSC,Autumn,575.1,29.9,48.3,75.95,0.91,60.76,0.76,46.4,0.67
2025-09-11,08:30,Flat,62,TSSC,Autumn,615.1,30.5,49.9,75.46,0.98,60.36,0.82,49.4,0.67
2025-09-11,08:45,Flat,62,TSSC,Autumn,655.1,31.1,51.4,74.96,1.04,59.97,0.87,52.3,0.67
2025-09-11,09:00,Flat,62,TSSC,Autumn,695.1,31.6,53.0,74.46,1.11,59.57,0.93,55.3,0.67
2025-09-11,09:15,Flat,62,TSSC,Autumn,719.2,32.0,54.0,74.14,1.15,59.31,0.96,57.0,0.67
2025-09-11,09:30,Flat,62,TSSC,Autumn,743.4,32.5,55.0,73.81,1.19,59.05,0.99,58.7,0.67
2025-09-11,09:45,Flat,62,TSSC,Autumn,767.5,32.9,56.1,73.49,1.23,58.79,1.03,60.4,0.67
2025-09-11,10:00,Flat,62,TSSC,Autumn,791.6,33.3,57.1,73.17,1.27,58.53,1.06,62.1,0.67
2025-09-11,10:15,Flat,62,TSSC,Autumn,779.0,33.6,57.1,73.18,1.25,58.54,1.04,61.1,0.67
2025-09-11,10:30,Flat,62,TSSC,Autumn,766.4,33.9,57.0,73.19,1.23,58.55,1.03,60.1,0.67
2025-09-11,10:45,Flat,62,TSSC,Autumn,753.7,34.1,57.0,73.2,1.21,58.56,1.01,59.1,0.67
2025-09-11,11:00,Flat,62,TSSC,Autumn,741.1,34.4,56.9,73.22,1.19,58.57,0.99,58.1,0.67
2025-09-11,11:15,Flat,62,TSSC,Autumn,742.1,34.6,57.1,73.16,1.19,58.53,0.99,58.2,0.67
2025-09-11,11:30,Flat,62,TSSC,Autumn,743.0,34.7,57.3,73.1,1.19,58.48,1.0,58.2,0.67
2025-09-11,11:45,Flat,62,TSSC,Autumn,744.0,34.9,57.5,73.05,1.19,58.44,1.0,58.3,0.67
2025-09-11,12:00,Flat,62,TSSC,Autumn,745.0,35.0,57.7,72.99,1.19,58.39,1.0,58.3,0.67
2025-09-11,12:15,Flat,62,TSSC,Autumn,721.2,35.1,57.1,73.16,1.15,58.52,0.97,56.5,0.67
2025-09-11,12:30,Flat,62,TSSC,Autumn,697.5,35.2,56.6,73.32,1.12,58.66,0.93,54.8,0.67
2025-09-11,12:45,Flat,62,TSSC,Autumn,673.7,35.2,56.1,73.49,1.08,58.79,0.9,53.0,0.67
2025-09-11,13:00,Flat,62,TSSC,Autumn,650.0,35.3,55.5,73.66,1.04,58.93,0.87,51.2,0.67
2025-09-11,13:15,Flat,62,TSSC,Autumn,574.4,35.2,53.6,74.28,0.92,59.42,0.77,45.6,0.67
2025-09-11,13:30,Flat,62,TSSC,Autumn,498.8,35.1,51.6,74.9,0.79,59.92,0.66,39.8,0.67
2025-09-11,13:45,Flat,62,TSSC,Autumn,423.2,35.1,49.7,75.52,0.67,60.42,0.56,34.0,0.67
2025-09-11,14:00,Flat,62,TSSC,Autumn,347.7,35.0,47.7,76.14,0.55,60.91,0.46,28.1,0.67
2025-09-11,14:15,Flat,62,TSSC,Autumn,307.7,34.8,46.5,76.52,0.49,61.21,0.41,25.0,0.67
2025-09-11,14:30,Flat,62,TSSC,Autumn,267.8,34.6,45.3,76.89,0.42,61.52,0.35,21.8,0.67
2025-09-11,14:45,Flat,62,TSSC,Autumn,227.8,34.4,44.1,77.27,0.36,61.82,0.3,18.6,0.67
2025-09-11,15:00,Flat,62,TSSC,Autumn,187.9,34.2,42.9,77.65,0.3,62.12,0.25,15.4,0.67
2025-09-11,15:15,Flat,62,TSSC,Autumn,173.5,34.0,42.3,77.85,0.27,62.28,0.23,14.3,0.67
2025-09-11,15:30,Flat,62,TSSC,Autumn,159.0,33.7,41.6,78.06,0.25,62.45,0.21,13.1,0.67
2025-09-11,15:45,Flat,62,TSSC,Autumn,144.6,33.4,41.0,78.26,0.23,62.61,0.19,11.9,0.67
2025-09-11,16:00,Flat,62,TSSC,Autumn,130.2,33.1,40.3,78.47,0.2,62.78,0.17,10.8,0.67
2025-09-11,16:15,Flat,62,TSSC,Autumn,103.7,32.6,39.2,78.83,0.16,63.06,0.14,8.6,0.67
2025-09-11,16:30,Flat,62,TSSC,Autumn,77.2,32.2,38.1,79.18,0.12,63.35,0.1,6.4,0.67
2025-09-11,16:45,Flat,62,TSSC,Autumn,50.8,31.7,37.0,79.54,0.08,63.63,0.07,4.2,0.67
2025-09-11,17:00,Flat,62,TSSC,Autumn,24.3,31.2,35.8,79.9,0.04,63.92,0.03,2.0,0.67
2025-09-11,17:15,Flat,62,TSSC,Autumn,18.2,30.9,35.3,80.06,0.03,64.04,0.02,1.5,0.67
2025-09-11,17:30,Flat,62,TSSC,Autumn,12.2,30.5,34.8,80.22,0.02,64.17,0.02,1.0,0.67
2025-09-11,17:45,Flat,62,TSSC,Autumn,6.1,30.2,34.3,80.38,0.01,64.3,0.01,0.5,0.67
2025-09-12,05:15,Flat,62,TSSC,Autumn,22.1,25.9,30.5,81.59,0.03,65.28,0.03,1.9,0.67
2025-09-12,05:30,Flat,62,TSSC,Autumn,44.3,26.0,31.1,81.39,0.07,65.11,0.06,3.8,0.67
2025-09-12,05:45,Flat,62,TSSC,Autumn,66.4,26.1,31.8,81.18,0.1,64.95,0.09,5.6,0.67
2025-09-12,06:00,Flat,62,TSSC,Autumn,88.6,26.2,32.4,80.98,0.14,64.78,0.12,7.5,0.67
2025-09-12,06:15,Flat,62,TSSC,Autumn,129.7,26.4,33.7,80.58,0.2,64.46,0.17,10.9,0.67
2025-09-12,06:30,Flat,62,TSSC,Autumn,170.7,26.7,35.0,80.17,0.27,64.14,0.22,14.4,0.67
2025-09-12,06:45,Flat,62,TSSC,Autumn,211.8,26.9,36.2,79.77,0.33,63.81,0.28,17.7,0.67
2025-09-12,07:00,Flat,62,TSSC,Autumn,252.8,27.2,37.5,79.36,0.4,63.49,0.33,21.1,0.67
2025-09-12,07:15,Flat,62,TSSC,Autumn,293.8,27.5,38.9,78.93,0.46,63.14,0.39,24.4,0.67
2025-09-12,07:30,Flat,62,TSSC,Autumn,334.8,27.9,40.3,78.49,0.53,62.8,0.44,27.7,0.67
2025-09-12,07:45,Flat,62,TSSC,Autumn,375.7,28.2,41.6,78.06,0.59,62.45,0.5,31.0,0.67
2025-09-12,08:00,Flat,62,TSSC,Autumn,416.7,28.6,43.0,77.63,0.66,62.1,0.55,34.2,0.67
2025-09-12,08:15,Flat,62,TSSC,Autumn,464.5,29.0,44.6,77.12,0.73,61.7,0.61,37.9,0.67
2025-09-12,08:30,Flat,62,TSSC,Autumn,512.2,29.4,46.2,76.61,0.81,61.29,0.68,41.6,0.67
2025-09-12,08:45,Flat,62,TSSC,Autumn,560.0,29.8,47.8,76.1,0.89,60.88,0.74,45.3,0.67
2025-09-12,09:00,Flat,62,TSSC,Autumn,607.8,30.2,49.4,75.6,0.96,60.48,0.81,48.9,0.67
2025-09-12,09:15,Flat,62,TSSC,Autumn,642.3,30.5,50.6,75.23,1.02,60.19,0.85,51.5,0.67
2025-09-12,09:30,Flat,62,TSSC,Autumn,676.8,30.8,51.7,74.87,1.08,59.9,0.9,54.0,0.67
2025-09-12,09:45,Flat,62,TSSC,Autumn,711.3,31.1,52.8,74.51,1.13,59.61,0.95,56.6,0.67
2025-09-12,10:00,Flat,62,TSSC,Autumn,745.8,31.4,54.0,74.15,1.19,59.32,1.0,59.1,0.67
2025-09-12,10:15,Flat,62,TSSC,Autumn,750.5,31.6,54.3,74.05,1.2,59.24,1.0,59.4,0.67
2025-09-12,10:30,Flat,62,TSSC,Autumn,755.2,31.8,54.6,73.94,1.21,59.16,1.01,59.7,0.67
2025-09-12,10:45,Flat,62,TSSC,Autumn,760.0,32.0,55.0,73.84,1.21,59.07,1.02,60.0,0.67
2025-09-12,11:00,Flat,62,TSSC,Autumn,764.7,32.2,55.3,73.74,1.22,58.99,1.02,60.3,0.67
2025-09-12,11:15,Flat,62,TSSC,Autumn,766.7,32.3,55.4,73.69,1.22,58.95,1.03,60.4,0.67
2025-09-12,11:30,Flat,62,TSSC,Autumn,768.6,32.4,55.6,73.64,1.23,58.91,1.03,60.6,0.67
2025-09-12,11:45,Flat,62,TSSC,Autumn,770.6,32.5,55.8,73.59,1.23,58.87,1.03,60.7,0.67
2025-09-12,12:00,Flat,62,TSSC,Autumn,772.6,32.6,55.9,73.54,1.23,58.83,1.03,60.8,0.67
2025-09-12,12:15,Flat,62,TSSC,Autumn,769.6,32.7,55.9,73.54,1.23,58.83,1.03,60.6,0.67
2025-09-12,12:30,Flat,62,TSSC,Autumn,766.6,32.7,55.9,73.55,1.22,58.84,1.03,60.4,0.67
2025-09-12,12:45,Flat,62,TSSC,Autumn,763.6,32.8,55.9,73.55,1.22,58.84,1.02,60.1,0.67
2025-09-12,13:00,Flat,62,TSSC,Autumn,760.6,32.8,55.9,73.56,1.22,58.85,1.02,59.9,0.67
2025-09-12,13:15,Flat,62,TSSC,Autumn,738.7,32.8,55.3,73.74,1.18,58.99,0.99,58.3,0.67
2025-09-12,13:30,Flat,62,TSSC,Autumn,716.8,32.8,54.7,73.92,1.14,59.13,0.96,56.6,0.67
2025-09-12,13:45,Flat,62,TSSC,Autumn,694.8,32.8,54.2,74.1,1.11,59.28,0.93,55.0,0.67
2025-09-12,14:00,Flat,62,TSSC,Autumn,672.9,32.8,53.6,74.28,1.07,59.42,0.9,53.4,0.67
2025-09-12,14:15,Flat,62,TSSC,Autumn,615.7,32.7,52.0,74.76,0.98,59.81,0.82,49.1,0.67
2025-09-12,14:30,Flat,62,TSSC,Autumn,558.6,32.5,50.5,75.25,0.89,60.2,0.74,44.8,0.67
2025-09-12,14:45,Flat,62,TSSC,Autumn,501.4,32.4,49.0,75.74,0.8,60.59,0.67,40.4,0.67
2025-09-12,15:00,Flat,62,TSSC,Autumn,444.2,32.3,47.4,76.22,0.7,60.98,0.59,35.9,0.67
2025-09-12,15:15,Flat,62,TSSC,Autumn,387.1,32.2,45.8,76.73,0.61,61.38,0.51,31.5,0.67
2025-09-12,15:30,Flat,62,TSSC,Autumn,330.1,32.0,44.3,77.23,0.52,61.79,0.44,27.0,0.67
2025-09-12,15:45,Flat,62,TSSC,Autumn,273.0,31.8,42.7,77.74,0.43,62.19,0.36,22.4,0.67
2025-09-12,16:00,Flat,62,TSSC,Autumn,215.9,31.7,41.1,78.24,0.34,62.59,0.28,17.8,0.67
2025-09-12,16:15,Flat,62,TSSC,Autumn,169.7,31.4,39.7,78.69,0.27,62.95,0.22,14.1,0.67
2025-09-12,16:30,Flat,62,TSSC,Autumn,123.5,31.2,38.3,79.13,0.19,63.3,0.16,10.3,0.67
2025-09-12,16:45,Flat,62,TSSC,Autumn,77.4,30.9,36.9,79.57,0.12,63.66,0.1,6.5,0.67
2025-09-12,17:00,Flat,62,TSSC,Autumn,31.2,30.7,35.4,80.02,0.05,64.02,0.04,2.6,0.67
2025-09-12,17:15,Flat,62,TSSC,Autumn,23.4,30.5,35.0,80.15,0.04,64.12,0.03,2.0,0.67
2025-09-12,17:30,Flat,62,TSSC,Autumn,15.6,30.2,34.6,80.28,0.02,64.22,0.02,1.3,0.67
2025-09-12,17:45,Flat,62,TSSC,Autumn,7.8,30.0,34.2,80.41,0.01,64.33,0.01,0.7,0.67
2025-09-13,05:15,Flat,62,TSSC,Autumn,27.1,25.5,30.2,81.68,0.04,65.35,0.04,2.3,0.67
2025-09-13,05:30,Flat,62,TSSC,Autumn,54.1,25.7,31.1,81.41,0.08,65.12,0.07,4.6,0.67
2025-09-13,05:45,Flat,62,TSSC,Autumn,81.2,25.9,31.9,81.13,0.13,64.9,0.11,6.9,0.67
2025-09-13,06:00,Flat,62,TSSC,Autumn,108.2,26.1,32.8,80.85,0.17,64.68,0.14,9.2,0.67
2025-09-13,06:15,Flat,62,TSSC,Autumn,159.7,26.5,34.5,80.33,0.25,64.27,0.21,13.4,0.67
2025-09-13,06:30,Flat,62,TSSC,Autumn,211.2,26.8,36.1,79.81,0.33,63.85,0.28,17.7,0.67
2025-09-13,06:45,Flat,62,TSSC,Autumn,262.6,27.2,37.7,79.3,0.41,63.44,0.35,21.9,0.67
2025-09-13,07:00,Flat,62,TSSC,Autumn,314.1,27.5,39.4,78.78,0.49,63.02,0.41,26.1,0.67
2025-09-13,07:15,Flat,62,TSSC,Autumn,369.3,28.0,41.3,78.18,0.58,62.54,0.49,30.5,0.67
2025-09-13,07:30,Flat,62,TSSC,Autumn,424.4,28.6,43.2,77.58,0.67,62.06,0.56,34.8,0.67
2025-09-13,07:45,Flat,62,TSSC,Autumn,479.6,29.1,45.1,76.98,0.76,61.58,0.63,39.1,0.67
2025-09-13,08:00,Flat,62,TSSC,Autumn,534.8,29.6,47.0,76.37,0.85,61.1,0.71,43.3,0.67
2025-09-13,08:15,Flat,62,TSSC,Autumn,592.7,30.1,48.9,75.77,0.94,60.61,0.79,47.7,0.67
2025-09-13,08:30,Flat,62,TSSC,Autumn,650.6,30.5,50.8,75.16,1.03,60.13,0.87,52.1,0.67
2025-09-13,08:45,Flat,62,TSSC,Autumn,708.6,31.0,52.7,74.55,1.13,59.64,0.95,56.4,0.67
2025-09-13,09:00,Flat,62,TSSC,Autumn,766.5,31.5,54.6,73.94,1.22,59.15,1.02,60.6,0.67
2025-09-13,09:15,Flat,62,TSSC,Autumn,802.2,31.8,55.9,73.55,1.28,58.84,1.07,63.2,0.67
2025-09-13,09:30,Flat,62,TSSC,Autumn,837.8,32.2,57.1,73.16,1.34,58.53,1.12,65.7,0.67
2025-09-13,09:45,Flat,62,TSSC,Autumn,873.5,32.5,58.3,72.77,1.4,58.22,1.17,68.2,0.67
2025-09-13,10:00,Flat,62,TSSC,Autumn,909.1,32.8,59.6,72.38,1.46,57.91,1.22,70.7,0.67
2025-09-13,10:15,Flat,62,TSSC,Autumn,907.0,33.1,59.8,72.32,1.45,57.86,1.22,70.5,0.67
2025-09-13,10:30,Flat,62,TSSC,Autumn,904.9,33.3,59.9,72.26,1.45,57.81,1.22,70.3,0.67
2025-09-13,10:45,Flat,62,TSSC,Autumn,902.8,33.6,60.1,72.2,1.45,57.76,1.21,70.1,0.67
2025-09-13,11:00,Flat,62,TSSC,Autumn,900.6,33.8,60.3,72.15,1.45,57.72,1.21,69.9,0.67
2025-09-13,11:15,Flat,62,TSSC,Autumn,870.3,33.9,59.7,72.34,1.4,57.87,1.17,67.6,0.67
2025-09-13,11:30,Flat,62,TSSC,Autumn,839.9,34.1,59.1,72.53,1.35,58.03,1.13,65.4,0.67
2025-09-13,11:45,Flat,62,TSSC,Autumn,809.5,34.2,58.5,72.72,1.3,58.18,1.09,63.2,0.67
2025-09-13,12:00,Flat,62,TSSC,Autumn,779.1,34.4,57.9,72.92,1.25,58.33,1.04,60.9,0.67
2025-09-13,12:15,Flat,62,TSSC,Autumn,752.5,34.5,57.3,73.11,1.2,58.49,1.01,59.0,0.67
2025-09-13,12:30,Flat,62,TSSC,Autumn,725.9,34.5,56.7,73.3,1.16,58.64,0.97,57.0,0.67
2025-09-13,12:45,Flat,62,TSSC,Autumn,699.3,34.6,56.1,73.48,1.12,58.79,0.94,55.0,0.67
2025-09-13,13:00,Flat,62,TSSC,Autumn,672.8,34.7,55.5,73.67,1.07,58.94,0.9,53.0,0.67
2025-09-13,13:15,Flat,62,TSSC,Autumn,655.9,34.7,55.0,73.81,1.05,59.05,0.88,51.8,0.67
2025-09-13,13:30,Flat,62,TSSC,Autumn,639.0,34.6,54.6,73.95,1.02,59.16,0.85,50.5,0.67
2025-09-13,13:45,Flat,62,TSSC,Autumn,622.1,34.6,54.2,74.09,0.99,59.27,0.83,49.3,0.67
2025-09-13,14:00,Flat,62,TSSC,Autumn,605.2,34.6,53.7,74.23,0.96,59.38,0.81,48.0,0.67
2025-09-13,14:15,Flat,62,TSSC,Autumn,559.8,34.5,52.5,74.62,0.89,59.7,0.75,44.6,0.67
2025-09-13,14:30,Flat,62,TSSC,Autumn,514.4,34.4,51.3,75.01,0.82,60.01,0.69,41.1,0.67
2025-09-13,14:45,Flat,62,TSSC,Autumn,468.9,34.3,50.0,75.4,0.74,60.32,0.62,37.6,0.67
2025-09-13,15:00,Flat,62,TSSC,Autumn,423.5,34.2,48.8,75.8,0.67,60.64,0.56,34.1,0.67
2025-09-13,15:15,Flat,62,TSSC,Autumn,369.8,34.0,47.2,76.29,0.59,61.03,0.49,29.9,0.67
2025-09-13,15:30,Flat,62,TSSC,Autumn,316.1,33.8,45.7,76.78,0.5,61.42,0.42,25.7,0.67
2025-09-13,15:45,Flat,62,TSSC,Autumn,262.4,33.6,44.1,77.27,0.41,61.81,0.35,21.5,0.67
2025-09-13,16:00,Flat,62,TSSC,Autumn,208.7,33.4,42.6,77.76,0.33,62.21,0.28,17.1,0.67
2025-09-13,16:15,Flat,62,TSSC,Autumn,164.1,32.8,40.9,78.28,0.26,62.63,0.22,13.5,0.67
2025-09-13,16:30,Flat,62,TSSC,Autumn,119.4,32.3,39.3,78.8,0.19,63.04,0.16,9.9,0.67
2025-09-13,16:45,Flat,62,TSSC,Autumn,74.7,31.8,37.6,79.33,0.12,63.46,0.1,6.2,0.67
2025-09-13,17:00,Flat,62,TSSC,Autumn,30.0,31.2,36.0,79.85,0.05,63.88,0.04,2.5,0.67
2025-09-13,17:15,Flat,62,TSSC,Autumn,22.5,30.8,35.3,80.05,0.04,64.04,0.03,1.9,0.67
2025-09-13,17:30,Flat,62,TSSC,Autumn,15.0,30.3,34.7,80.26,0.02,64.21,0.02,1.3,0.67
2025-09-13,17:45,Flat,62,TSSC,Autumn,7.5,29.9,34.1,80.46,0.01,64.37,0.01,0.6,0.67
2025-09-14,05:15,Flat,62,TSSC,Autumn,27.6,24.1,28.8,82.11,0.04,65.69,0.04,2.4,0.67
2025-09-14,05:30,Flat,62,TSSC,Autumn,55.3,24.5,29.8,81.79,0.09,65.43,0.07,4.7,0.67
2025-09-14,05:45,Flat,62,TSSC,Autumn,82.9,24.8,30.9,81.47,0.13,65.18,0.11,7.1,0.67
2025-09-14,06:00,Flat,62,TSSC,Autumn,110.5,25.1,31.9,81.15,0.17,64.92,0.14,9.4,0.67
2025-09-14,06:15,Flat,62,TSSC,Autumn,164.5,25.7,33.8,80.55,0.26,64.44,0.22,13.9,0.67
2025-09-14,06:30,Flat,62,TSSC,Autumn,218.4,26.3,35.7,79.94,0.34,63.95,0.29,18.3,0.67
2025-09-14,06:45,Flat,62,TSSC,Autumn,272.3,26.8,37.6,79.33,0.43,63.46,0.36,22.7,0.67
2025-09-14,07:00,Flat,62,TSSC,Autumn,326.2,27.4,39.6,78.72,0.51,62.97,0.43,27.1,0.67
2025-09-14,07:15,Flat,62,TSSC,Autumn,384.7,28.2,41.8,78.02,0.61,62.41,0.51,31.7,0.67
2025-09-14,07:30,Flat,62,TSSC,Autumn,443.2,28.9,44.0,77.32,0.7,61.86,0.59,36.3,0.67
2025-09-14,07:45,Flat,62,TSSC,Autumn,501.7,29.6,46.2,76.62,0.79,61.3,0.67,40.8,0.67
2025-09-14,08:00,Flat,62,TSSC,Autumn,560.2,30.4,48.4,75.92,0.89,60.74,0.74,45.2,0.67
2025-09-14,08:15,Flat,62,TSSC,Autumn,610.9,31.0,50.2,75.33,0.97,60.27,0.81,49.0,0.67
2025-09-14,08:30,Flat,62,TSSC,Autumn,661.5,31.6,52.1,74.74,1.05,59.8,0.88,52.7,0.67
2025-09-14,08:45,Flat,62,TSSC,Autumn,712.1,32.2,54.0,74.16,1.14,59.32,0.95,56.4,0.67
2025-09-14,09:00,Flat,62,TSSC,Autumn,762.7,32.8,55.8,73.57,1.22,58.85,1.02,60.1,0.67
2025-09-14,09:15,Flat,62,TSSC,Autumn,792.3,33.2,57.0,73.2,1.27,58.56,1.06,62.1,0.67
2025-09-14,09:30,Flat,62,TSSC,Autumn,821.8,33.6,58.2,72.83,1.32,58.26,1.1,64.2,0.67
2025-09-14,09:45,Flat,62,TSSC,Autumn,851.3,34.0,59.3,72.46,1.36,57.97,1.14,66.3,0.67
2025-09-14,10:00,Flat,62,TSSC,Autumn,880.9,34.5,60.5,72.09,1.41,57.67,1.18,68.3,0.67
2025-09-14,10:15,Flat,62,TSSC,Autumn,894.9,34.8,61.1,71.88,1.44,57.51,1.2,69.2,0.67
2025-09-14,10:30,Flat,62,TSSC,Autumn,908.9,35.1,61.8,71.67,1.46,57.34,1.22,70.1,0.67
2025-09-14,10:45,Flat,62,TSSC,Autumn,922.9,35.4,62.5,71.47,1.48,57.17,1.24,71.1,0.67
2025-09-14,11:00,Flat,62,TSSC,Autumn,936.9,35.7,63.1,71.26,1.51,57.01,1.26,72.0,0.67
2025-09-14,11:15,Flat,62,TSSC,Autumn,918.6,35.9,62.9,71.33,1.48,57.06,1.24,70.6,0.67
2025-09-14,11:30,Flat,62,TSSC,Autumn,900.2,36.2,62.7,71.4,1.45,57.12,1.21,69.3,0.67
2025-09-14,11:45,Flat,62,TSSC,Autumn,881.9,36.4,62.5,71.47,1.42,57.17,1.19,67.9,0.67
2025-09-14,12:00,Flat,62,TSSC,Autumn,863.5,36.6,62.2,71.54,1.39,57.23,1.16,66.5,0.67
2025-09-14,12:15,Flat,62,TSSC,Autumn,818.8,36.8,61.3,71.84,1.31,57.47,1.1,63.3,0.67
2025-09-14,12:30,Flat,62,TSSC,Autumn,774.0,37.0,60.3,72.14,1.24,57.71,1.04,60.0,0.67
2025-09-14,12:45,Flat,62,TSSC,Autumn,729.2,37.1,59.4,72.44,1.17,57.95,0.98,56.7,0.67
2025-09-14,13:00,Flat,62,TSSC,Autumn,684.5,37.3,58.4,72.75,1.1,58.2,0.92,53.4,0.67
2025-09-14,13:15,Flat,62,TSSC,Autumn,627.2,37.3,57.0,73.19,1.0,58.55,0.84,49.2,0.67
2025-09-14,13:30,Flat,62,TSSC,Autumn,570.0,37.4,55.6,73.64,0.91,58.91,0.76,44.9,0.67
2025-09-14,13:45,Flat,62,TSSC,Autumn,512.7,37.4,54.2,74.08,0.82,59.26,0.68,40.6,0.67
2025-09-14,14:00,Flat,62,TSSC,Autumn,455.5,37.4,52.8,74.53,0.73,59.62,0.61,36.2,0.67
2025-09-14,14:15,Flat,62,TSSC,Autumn,415.8,37.2,51.6,74.89,0.66,59.91,0.55,33.2,0.67
2025-09-14,14:30,Flat,62,TSSC,Autumn,376.1,37.1,50.5,75.26,0.6,60.2,0.5,30.1,0.67
2025-09-14,14:45,Flat,62,TSSC,Autumn,336.3,36.9,49.3,75.62,0.53,60.5,0.45,27.1,0.67
2025-09-14,15:00,Flat,62,TSSC,Autumn,296.6,36.8,48.2,75.99,0.47,60.79,0.39,23.9,0.67
2025-09-14,15:15,Flat,62,TSSC,Autumn,256.3,36.3,46.8,76.44,0.41,61.15,0.34,20.8,0.67
2025-09-14,15:30,Flat,62,TSSC,Autumn,216.0,35.9,45.3,76.9,0.34,61.52,0.29,17.6,0.67
2025-09-14,15:45,Flat,62,TSSC,Autumn,175.7,35.5,43.9,77.35,0.28,61.88,0.23,14.4,0.67
2025-09-14,16:00,Flat,62,TSSC,Autumn,135.4,35.1,42.4,77.8,0.21,62.24,0.18,11.1,0.67
2025-09-14,16:15,Flat,62,TSSC,Autumn,107.8,34.4,41.1,78.23,0.17,62.58,0.14,8.9,0.67
2025-09-14,16:30,Flat,62,TSSC,Autumn,80.2,33.8,39.8,78.66,0.13,62.92,0.11,6.6,0.67
2025-09-14,16:45,Flat,62,TSSC,Autumn,52.6,33.1,38.4,79.08,0.08,63.27,0.07,4.4,0.67
2025-09-14,17:00,Flat,62,TSSC,Autumn,25.0,32.4,37.1,79.51,0.04,63.61,0.03,2.1,0.67
2025-09-14,17:15,Flat,62,TSSC,Autumn,18.7,32.0,36.4,79.71,0.03,63.77,0.02,1.6,0.67
2025-09-14,17:30,Flat,62,TSSC,Autumn,12.5,31.5,35.8,79.91,0.02,63.92,0.02,1.0,0.67
2025-09-14,17:45,Flat,62,TSSC,Autumn,6.2,31.0,35.2,80.1,0.01,64.08,0.01,0.5,0.67
2025-09-15,05:15,Flat,62,TSSC,Autumn,24.5,25.2,29.8,81.81,0.04,65.45,0.03,2.1,0.67
2025-09-15,05:30,Flat,62,TSSC,Autumn,46.2,25.4,30.6,81.57,0.07,65.26,0.06,3.9,0.67
2025-09-15,05:45,Flat,62,TSSC,Autumn,68.0,25.6,31.3,81.33,0.11,65.06,0.09,5.8,0.67
2025-09-15,06:00,Flat,62,TSSC,Autumn,89.7,25.8,32.1,81.09,0.14,64.87,0.12,7.6,0.67
2025-09-15,06:15,Flat,62,TSSC,Autumn,137.2,26.3,33.7,80.58,0.21,64.46,0.18,11.6,0.67
2025-09-15,06:30,Flat,62,TSSC,Autumn,184.7,26.7,35.3,80.06,0.29,64.05,0.24,15.5,0.67
2025-09-15,06:45,Flat,62,TSSC,Autumn,232.1,27.1,37.0,79.54,0.36,63.64,0.3,19.4,0.67
2025-09-15,07:00,Flat,62,TSSC,Autumn,279.6,27.6,38.6,79.03,0.44,63.22,0.37,23.3,0.67
2025-09-15,07:15,Flat,62,TSSC,Autumn,329.8,28.2,40.5,78.43,0.52,62.74,0.43,27.3,0.67
2025-09-15,07:30,Flat,62,TSSC,Autumn,379.9,28.9,42.4,77.83,0.6,62.26,0.5,31.2,0.67
2025-09-15,07:45,Flat,62,TSSC,Autumn,430.1,29.5,44.3,77.23,0.68,61.79,0.57,35.2,0.67
2025-09-15,08:00,Flat,62,TSSC,Autumn,480.2,30.1,46.1,76.63,0.76,61.31,0.64,39.0,0.67
2025-09-15,08:15,Flat,62,TSSC,Autumn,521.0,30.7,47.7,76.13,0.83,60.91,0.69,42.1,0.67
2025-09-15,08:30,Flat,62,TSSC,Autumn,561.7,31.2,49.3,75.64,0.89,60.51,0.75,45.2,0.67
2025-09-15,08:45,Flat,62,TSSC,Autumn,602.5,31.8,50.9,75.14,0.96,60.11,0.8,48.2,0.67
2025-09-15,09:00,Flat,62,TSSC,Autumn,643.2,32.4,52.4,74.64,1.02,59.71,0.86,51.2,0.67
2025-09-15,09:15,Flat,62,TSSC,Autumn,673.1,32.8,53.6,74.27,1.07,59.42,0.9,53.4,0.67
2025-09-15,09:30,Flat,62,TSSC,Autumn,703.0,33.2,54.8,73.9,1.12,59.12,0.94,55.6,0.67
2025-09-15,09:45,Flat,62,TSSC,Autumn,732.8,33.6,55.9,73.54,1.17,58.83,0.98,57.7,0.67
2025-09-15,10:00,Flat,62,TSSC,Autumn,762.7,34.0,57.1,73.17,1.22,58.53,1.02,59.8,0.67
2025-09-15,10:15,Flat,62,TSSC,Autumn,750.2,34.3,57.0,73.18,1.2,58.55,1.0,58.8,0.67
2025-09-15,10:30,Flat,62,TSSC,Autumn,737.7,34.5,57.0,73.2,1.18,58.56,0.99,57.9,0.67
2025-09-15,10:45,Flat,62,TSSC,Autumn,725.2,34.8,56.9,73.21,1.16,58.57,0.97,56.9,0.67
2025-09-15,11:00,Flat,62,TSSC,Autumn,712.8,35.1,56.9,73.23,1.14,58.58,0.95,55.9,0.67
2025-09-15,11:15,Flat,62,TSSC,Autumn,693.9,35.3,56.6,73.32,1.11,58.65,0.93,54.5,0.67
2025-09-15,11:30,Flat,62,TSSC,Autumn,675.1,35.4,56.3,73.41,1.08,58.73,0.9,53.1,0.67
2025-09-15,11:45,Flat,62,TSSC,Autumn,656.3,35.6,56.0,73.5,1.05,58.8,0.88,51.6,0.67
2025-09-15,12:00,Flat,62,TSSC,Autumn,637.5,35.8,55.7,73.59,1.02,58.87,0.85,50.2,0.67
2025-09-15,12:15,Flat,62,TSSC,Autumn,609.7,35.9,55.1,73.78,0.97,59.03,0.82,48.1,0.67
2025-09-15,12:30,Flat,62,TSSC,Autumn,581.9,36.0,54.5,73.98,0.93,59.18,0.78,46.0,0.67
2025-09-15,12:45,Flat,62,TSSC,Autumn,554.0,36.1,53.9,74.17,0.88,59.33,0.74,43.9,0.67
2025-09-15,13:00,Flat,62,TSSC,Autumn,526.2,36.2,53.3,74.36,0.84,59.49,0.7,41.8,0.67
2025-09-15,13:15,Flat,62,TSSC,Autumn,527.2,36.0,53.2,74.41,0.84,59.52,0.7,41.9,0.67
2025-09-15,13:30,Flat,62,TSSC,Autumn,528.2,35.8,53.0,74.45,0.84,59.56,0.7,42.0,0.67
2025-09-15,13:45,Flat,62,TSSC,Autumn,529.2,35.7,52.9,74.5,0.84,59.6,0.71,42.1,0.67
2025-09-15,14:00,Flat,62,TSSC,Autumn,530.2,35.5,52.7,74.55,0.84,59.64,0.71,42.2,0.67
2025-09-15,14:15,Flat,62,TSSC,Autumn,486.8,35.2,51.4,74.97,0.77,59.97,0.65,38.9,0.67
2025-09-15,14:30,Flat,62,TSSC,Autumn,443.5,35.0,50.1,75.38,0.7,60.31,0.59,35.6,0.67
2025-09-15,14:45,Flat,62,TSSC,Autumn,400.2,34.8,48.8,75.8,0.63,60.64,0.53,32.2,0.67
2025-09-15,15:00,Flat,62,TSSC,Autumn,356.9,34.5,47.4,76.22,0.57,60.98,0.47,28.9,0.67
2025-09-15,15:15,Flat,62,TSSC,Autumn,312.0,34.2,46.0,76.67,0.49,61.34,0.41,25.4,0.67
2025-09-15,15:30,Flat,62,TSSC,Autumn,267.1,33.9,44.6,77.13,0.42,61.7,0.35,21.8,0.67
2025-09-15,15:45,Flat,62,TSSC,Autumn,222.2,33.6,43.2,77.58,0.35,62.06,0.29,18.2,0.67
2025-09-15,16:00,Flat,62,TSSC,Autumn,177.4,33.3,41.7,78.03,0.28,62.42,0.23,14.6,0.67
2025-09-15,16:15,Flat,62,TSSC,Autumn,138.9,32.8,40.3,78.49,0.22,62.8,0.18,11.5,0.67
2025-09-15,16:30,Flat,62,TSSC,Autumn,100.5,32.3,38.8,78.96,0.16,63.17,0.13,8.4,0.67
2025-09-15,16:45,Flat,62,TSSC,Autumn,62.1,31.8,37.3,79.42,0.1,63.54,0.08,5.2,0.67
2025-09-15,17:00,Flat,62,TSSC,Autumn,23.6,31.3,35.9,79.89,0.04,63.91,0.03,2.0,0.67
2025-09-15,17:15,Flat,62,TSSC,Autumn,17.7,30.9,35.3,80.06,0.03,64.05,0.02,1.5,0.67
2025-09-15,17:30,Flat,62,TSSC,Autumn,11.8,30.5,34.8,80.24,0.02,64.19,0.02,1.0,0.67
2025-09-15,17:45,Flat,62,TSSC,Autumn,5.9,30.0,34.2,80.42,0.01,64.33,0.01,0.5,0.67
2025-09-16,05:15,Flat,62,TSSC,Autumn,24.2,25.8,30.4,81.61,0.04,65.28,0.03,2.1,0.67
2025-09-16,05:30,Flat,62,TSSC,Autumn,45.7,25.9,31.1,81.4,0.07,65.12,0.06,3.9,0.67
2025-09-16,05:45,Flat,62,TSSC,Autumn,67.2,26.1,31.7,81.19,0.1,64.95,0.09,5.7,0.67
2025-09-16,06:00,Flat,62,TSSC,Autumn,88.8,26.2,32.4,80.98,0.14,64.79,0.12,7.5,0.67
2025-09-16,06:15,Flat,62,TSSC,Autumn,137.0,26.4,33.9,80.52,0.21,64.42,0.18,11.6,0.67
2025-09-16,06:30,Flat,62,TSSC,Autumn,185.1,26.7,35.3,80.06,0.29,64.05,0.24,15.5,0.67
2025-09-16,06:45,Flat,62,TSSC,Autumn,233.3,27.0,36.8,79.6,0.37,63.68,0.31,19.5,0.67
2025-09-16,07:00,Flat,62,TSSC,Autumn,281.5,27.2,38.2,79.13,0.44,63.31,0.37,23.4,0.67
2025-09-16,07:15,Flat,62,TSSC,Autumn,333.4,27.6,39.9,78.6,0.52,62.88,0.44,27.6,0.67
2025-09-16,07:30,Flat,62,TSSC,Autumn,385.2,28.0,41.6,78.08,0.61,62.46,0.51,31.8,0.67
2025-09-16,07:45,Flat,62,TSSC,Autumn,437.1,28.3,43.3,77.55,0.69,62.04,0.58,35.8,0.67
2025-09-16,08:00,Flat,62,TSSC,Autumn,489.0,28.7,44.9,77.02,0.77,61.62,0.65,39.9,0.67
2025-09-16,08:15,Flat,62,TSSC,Autumn,529.1,29.3,46.5,76.52,0.84,61.22,0.7,42.9,0.67
2025-09-16,08:30,Flat,62,TSSC,Autumn,569.2,29.8,48.1,76.03,0.9,60.82,0.76,46.0,0.67
2025-09-16,08:45,Flat,62,TSSC,Autumn,609.4,30.4,49.6,75.53,0.97,60.43,0.81,49.0,0.67
2025-09-16,09:00,Flat,62,TSSC,Autumn,649.5,30.9,51.2,75.04,1.03,60.03,0.87,51.9,0.67
2025-09-16,09:15,Flat,62,TSSC,Autumn,664.8,31.4,52.1,74.76,1.06,59.81,0.89,53.0,0.67
2025-09-16,09:30,Flat,62,TSSC,Autumn,680.0,31.9,52.9,74.48,1.08,59.59,0.91,54.1,0.67
2025-09-16,09:45,Flat,62,TSSC,Autumn,695.3,32.4,53.8,74.2,1.11,59.36,0.93,55.1,0.67
2025-09-16,10:00,Flat,62,TSSC,Autumn,710.6,32.9,54.7,73.93,1.13,59.14,0.95,56.2,0.67
2025-09-16,10:15,Flat,62,TSSC,Autumn,684.0,33.2,54.3,74.04,1.09,59.23,0.91,54.1,0.67
2025-09-16,10:30,Flat,62,TSSC,Autumn,657.5,33.5,54.0,74.15,1.05,59.32,0.88,52.1,0.67
2025-09-16,10:45,Flat,62,TSSC,Autumn,630.9,33.8,53.6,74.27,1.01,59.41,0.84,50.0,0.67
2025-09-16,11:00,Flat,62,TSSC,Autumn,604.3,34.1,53.3,74.38,0.96,59.5,0.81,48.0,0.67
2025-09-16,11:15,Flat,62,TSSC,Autumn,590.8,34.3,53.1,74.44,0.94,59.55,0.79,46.9,0.67
2025-09-16,11:30,Flat,62,TSSC,Autumn,577.3,34.5,52.9,74.49,0.92,59.59,0.77,45.9,0.67
2025-09-16,11:45,Flat,62,TSSC,Autumn,563.8,34.6,52.7,74.55,0.9,59.64,0.75,44.9,0.67
2025-09-16,12:00,Flat,62,TSSC,Autumn,550.2,34.8,52.5,74.61,0.88,59.68,0.73,43.8,0.67
2025-09-16,12:15,Flat,62,TSSC,Autumn,509.3,34.8,51.5,74.92,0.81,59.94,0.68,40.7,0.67
2025-09-16,12:30,Flat,62,TSSC,Autumn,468.3,34.8,50.5,75.24,0.74,60.19,0.62,37.5,0.67
2025-09-16,12:45,Flat,62,TSSC,Autumn,427.3,34.8,49.5,75.56,0.68,60.45,0.57,34.3,0.67
2025-09-16,13:00,Flat,62,TSSC,Autumn,386.3,34.9,48.5,75.88,0.61,60.7,0.51,31.2,0.67
2025-09-16,13:15,Flat,62,TSSC,Autumn,340.2,34.8,47.3,76.26,0.54,61.01,0.45,27.5,0.67
2025-09-16,13:30,Flat,62,TSSC,Autumn,294.2,34.7,46.1,76.65,0.47,61.32,0.39,23.9,0.67
2025-09-16,13:45,Flat,62,TSSC,Autumn,248.2,34.7,44.9,77.03,0.39,61.62,0.33,20.2,0.67
2025-09-16,14:00,Flat,62,TSSC,Autumn,202.1,34.6,43.7,77.42,0.32,61.93,0.27,16.5,0.67
2025-09-16,14:15,Flat,62,TSSC,Autumn,171.7,34.4,42.7,77.72,0.27,62.18,0.23,14.1,0.67
2025-09-16,14:30,Flat,62,TSSC,Autumn,141.3,34.2,41.7,78.03,0.22,62.42,0.19,11.6,0.67
2025-09-16,14:45,Flat,62,TSSC,Autumn,110.9,34.0,40.8,78.33,0.17,62.67,0.15,9.2,0.67
2025-09-16,15:00,Flat,62,TSSC,Autumn,80.5,33.8,39.8,78.64,0.13,62.91,0.11,6.7,0.67
2025-09-16,15:15,Flat,62,TSSC,Autumn,89.2,33.5,39.8,78.66,0.14,62.93,0.12,7.4,0.67
2025-09-16,15:30,Flat,62,TSSC,Autumn,97.9,33.2,39.7,78.68,0.15,62.94,0.13,8.1,0.67
2025-09-16,15:45,Flat,62,TSSC,Autumn,106.6,33.0,39.6,78.7,0.17,62.96,0.14,8.8,0.67
2025-09-16,16:00,Flat,62,TSSC,Autumn,115.2,32.7,39.6,78.72,0.18,62.97,0.15,9.6,0.67
2025-09-16,16:15,Flat,62,TSSC,Autumn,91.5,32.3,38.6,79.03,0.14,63.23,0.12,7.6,0.67
2025-09-16,16:30,Flat,62,TSSC,Autumn,67.8,31.9,37.6,79.35,0.11,63.48,0.09,5.7,0.67
2025-09-16,16:45,Flat,62,TSSC,Autumn,44.1,31.5,36.6,79.67,0.07,63.73,0.06,3.7,0.67
2025-09-16,17:00,Flat,62,TSSC,Autumn,20.4,31.1,35.6,79.98,0.03,63.98,0.03,1.7,0.67
2025-09-16,17:15,Flat,62,TSSC,Autumn,15.3,30.7,35.1,80.13,0.02,64.1,0.02,1.3,0.67
2025-09-16,17:30,Flat,62,TSSC,Autumn,10.2,30.4,34.6,80.27,0.02,64.22,0.01,0.9,0.67
2025-09-16,17:45,Flat,62,TSSC,Autumn,5.1,30.1,34.2,80.42,0.01,64.34,0.01,0.4,0.67
2025-09-17,05:15,Flat,62,TSSC,Autumn,22.8,25.9,30.4,81.61,0.04,65.29,0.03,1.9,0.67
2025-09-17,05:30,Flat,62,TSSC,Autumn,43.1,26.0,31.1,81.4,0.07,65.12,0.06,3.7,0.67
2025-09-17,05:45,Flat,62,TSSC,Autumn,63.4,26.2,31.7,81.19,0.1,64.95,0.08,5.4,0.67
2025-09-17,06:00,Flat,62,TSSC,Autumn,83.6,26.3,32.4,80.98,0.13,64.79,0.11,7.1,0.67
2025-09-17,06:15,Flat,62,TSSC,Autumn,125.8,26.6,33.7,80.57,0.2,64.45,0.16,10.6,0.67
2025-09-17,06:30,Flat,62,TSSC,Autumn,168.0,26.8,35.0,80.15,0.26,64.12,0.22,14.1,0.67
2025-09-17,06:45,Flat,62,TSSC,Autumn,210.2,27.1,36.3,79.74,0.33,63.79,0.28,17.6,0.67
2025-09-17,07:00,Flat,62,TSSC,Autumn,252.3,27.3,37.6,79.33,0.4,63.46,0.33,21.0,0.67
2025-09-17,07:15,Flat,62,TSSC,Autumn,298.8,27.7,39.1,78.85,0.47,63.08,0.39,24.8,0.67
2025-09-17,07:30,Flat,62,TSSC,Autumn,345.2,28.0,40.6,78.38,0.54,62.7,0.46,28.5,0.67
2025-09-17,07:45,Flat,62,TSSC,Autumn,391.6,28.3,42.1,77.91,0.62,62.32,0.52,32.2,0.67
2025-09-17,08:00,Flat,62,TSSC,Autumn,438.0,28.7,43.6,77.43,0.69,61.95,0.58,35.9,0.67
2025-09-17,08:15,Flat,62,TSSC,Autumn,488.0,29.0,45.2,76.93,0.77,61.54,0.65,39.8,0.67
2025-09-17,08:30,Flat,62,TSSC,Autumn,538.1,29.4,46.8,76.42,0.85,61.14,0.71,43.6,0.67
2025-09-17,08:45,Flat,62,TSSC,Autumn,588.1,29.7,48.4,75.91,0.93,60.73,0.78,47.4,0.67
2025-09-17,09:00,Flat,62,TSSC,Autumn,638.2,30.1,50.0,75.41,1.01,60.33,0.85,51.2,0.67
2025-09-17,09:15,Flat,62,TSSC,Autumn,639.3,30.3,50.3,75.31,1.02,60.25,0.85,51.3,0.67
2025-09-17,09:30,Flat,62,TSSC,Autumn,640.4,30.6,50.6,75.21,1.02,60.17,0.85,51.3,0.67
2025-09-17,09:45,Flat,62,TSSC,Autumn,641.5,30.9,51.0,75.11,1.02,60.09,0.85,51.3,0.67
2025-09-17,10:00,Flat,62,TSSC,Autumn,642.6,31.2,51.3,75.01,1.02,60.01,0.86,51.4,0.67
2025-09-17,10:15,Flat,62,TSSC,Autumn,639.4,31.3,51.3,74.99,1.02,60.0,0.85,51.1,0.67
2025-09-17,10:30,Flat,62,TSSC,Autumn,636.2,31.5,51.4,74.98,1.01,59.98,0.85,50.8,0.67
2025-09-17,10:45,Flat,62,TSSC,Autumn,632.9,31.6,51.4,74.96,1.01,59.97,0.84,50.6,0.67
2025-09-17,11:00,Flat,62,TSSC,Autumn,629.7,31.7,51.5,74.95,1.0,59.96,0.84,50.3,0.67
2025-09-17,11:15,Flat,62,TSSC,Autumn,602.1,31.8,50.8,75.15,0.96,60.12,0.8,48.2,0.67
2025-09-17,11:30,Flat,62,TSSC,Autumn,574.5,31.8,50.2,75.36,0.91,60.29,0.76,46.1,0.67
2025-09-17,11:45,Flat,62,TSSC,Autumn,546.8,31.9,49.5,75.56,0.87,60.45,0.73,44.0,0.67
2025-09-17,12:00,Flat,62,TSSC,Autumn,519.2,31.9,48.9,75.77,0.82,60.62,0.69,41.8,0.67
2025-09-17,12:15,Flat,62,TSSC,Autumn,473.4,31.9,47.7,76.14,0.75,60.91,0.63,38.3,0.67
2025-09-17,12:30,Flat,62,TSSC,Autumn,427.6,31.8,46.5,76.52,0.68,61.21,0.57,34.7,0.67
2025-09-17,12:45,Flat,62,TSSC,Autumn,381.7,31.8,45.3,76.89,0.6,61.51,0.51,31.1,0.67
2025-09-17,13:00,Flat,62,TSSC,Autumn,335.9,31.8,44.2,77.26,0.53,61.81,0.44,27.5,0.67
2025-09-17,13:15,Flat,62,TSSC,Autumn,311.3,31.7,43.5,77.48,0.49,61.98,0.41,25.5,0.67
2025-09-17,13:30,Flat,62,TSSC,Autumn,286.7,31.6,42.8,77.69,0.45,62.15,0.38,23.5,0.67
2025-09-17,13:45,Flat,62,TSSC,Autumn,262.1,31.6,42.1,77.91,0.41,62.33,0.35,21.6,0.67
2025-09-17,14:00,Flat,62,TSSC,Autumn,237.4,31.5,41.4,78.12,0.37,62.5,0.31,19.6,0.67
2025-09-17,14:15,Flat,62,TSSC,Autumn,195.9,31.4,40.3,78.49,0.31,62.79,0.26,16.2,0.67
2025-09-17,14:30,Flat,62,TSSC,Autumn,154.4,31.3,39.1,78.85,0.24,63.08,0.2,12.8,0.67
2025-09-17,14:45,Flat,62,TSSC,Autumn,112.8,31.2,38.0,79.21,0.18,63.37,0.15,9.4,0.67
2025-09-17,15:00,Flat,62,TSSC,Autumn,71.3,31.1,36.9,79.58,0.11,63.66,0.09,6.0,0.67
2025-09-17,15:15,Flat,62,TSSC,Autumn,63.1,30.9,36.5,79.7,0.1,63.76,0.08,5.3,0.67
2025-09-17,15:30,Flat,62,TSSC,Autumn,54.8,30.7,36.1,79.82,0.09,63.86,0.07,4.6,0.67
2025-09-17,15:45,Flat,62,TSSC,Autumn,46.6,30.5,35.7,79.94,0.07,63.95,0.06,3.9,0.67
2025-09-17,16:00,Flat,62,TSSC,Autumn,38.4,30.4,35.3,80.06,0.06,64.05,0.05,3.2,0.67
2025-09-17,16:15,Flat,62,TSSC,Autumn,30.6,30.0,34.8,80.23,0.05,64.18,0.04,2.6,0.67
2025-09-17,16:30,Flat,62,TSSC,Autumn,22.8,29.7,34.3,80.4,0.04,64.32,0.03,1.9,0.67
2025-09-17,16:45,Flat,62,TSSC,Autumn,15.0,29.4,33.7,80.56,0.02,64.45,0.02,1.3,0.67
2025-09-17,17:00,Flat,62,TSSC,Autumn,7.2,29.0,33.2,80.73,0.01,64.59,0.01,0.6,0.67
2025-09-17,17:15,Flat,62,TSSC,Autumn,5.4,28.8,32.9,80.83,0.01,64.66,0.01,0.5,0.67
2025-09-18,05:15,Flat,62,TSSC,Autumn,21.1,24.9,29.4,81.93,0.03,65.55,0.03,1.8,0.67
2025-09-18,05:30,Flat,62,TSSC,Autumn,40.1,25.1,30.1,81.72,0.06,65.38,0.05,3.4,0.67
2025-09-18,05:45,Flat,62,TSSC,Autumn,59.1,25.3,30.8,81.51,0.09,65.2,0.08,5.0,0.67
2025-09-18,06:00,Flat,62,TSSC,Autumn,78.0,25.5,31.4,81.29,0.12,65.03,0.1,6.6,0.67
2025-09-18,06:15,Flat,62,TSSC,Autumn,113.2,25.8,32.6,80.92,0.18,64.74,0.15,9.6,0.67
2025-09-18,06:30,Flat,62,TSSC,Autumn,148.4,26.1,33.8,80.55,0.23,64.44,0.19,12.5,0.67
2025-09-18,06:45,Flat,62,TSSC,Autumn,183.5,26.4,35.0,80.17,0.29,64.14,0.24,15.4,0.67
2025-09-18,07:00,Flat,62,TSSC,Autumn,218.7,26.7,36.1,79.8,0.34,63.84,0.29,18.3,0.67
2025-09-18,07:15,Flat,62,TSSC,Autumn,262.5,27.1,37.7,79.31,0.41,63.44,0.35,21.9,0.67
2025-09-18,07:30,Flat,62,TSSC,Autumn,306.3,27.6,39.3,78.81,0.48,63.05,0.4,25.4,0.67
2025-09-18,07:45,Flat,62,TSSC,Autumn,350.1,28.1,40.8,78.31,0.55,62.65,0.46,28.9,0.67
2025-09-18,08:00,Flat,62,TSSC,Autumn,393.9,28.6,42.4,77.82,0.62,62.25,0.52,32.4,0.67
2025-09-18,08:15,Flat,62,TSSC,Autumn,440.3,29.0,44.0,77.3,0.7,61.84,0.58,36.0,0.67
2025-09-18,08:30,Flat,62,TSSC,Autumn,486.8,29.5,45.6,76.79,0.77,61.43,0.64,39.6,0.67
2025-09-18,08:45,Flat,62,TSSC,Autumn,533.3,29.9,47.3,76.28,0.84,61.02,0.71,43.2,0.67
2025-09-18,09:00,Flat,62,TSSC,Autumn,579.7,30.4,48.9,75.76,0.92,60.61,0.77,46.7,0.67
2025-09-18,09:15,Flat,62,TSSC,Autumn,593.4,30.7,49.5,75.56,0.94,60.45,0.79,47.7,0.67
2025-09-18,09:30,Flat,62,TSSC,Autumn,607.2,31.0,50.2,75.36,0.96,60.28,0.81,48.7,0.67
2025-09-18,09:45,Flat,62,TSSC,Autumn,620.9,31.3,50.8,75.15,0.99,60.12,0.83,49.7,0.67
2025-09-18,10:00,Flat,62,TSSC,Autumn,634.6,31.6,51.5,74.95,1.01,59.96,0.85,50.7,0.67
2025-09-18,10:15,Flat,62,TSSC,Autumn,649.9,31.7,52.0,74.79,1.03,59.83,0.87,51.8,0.67
2025-09-18,10:30,Flat,62,TSSC,Autumn,665.2,31.9,52.5,74.62,1.06,59.7,0.89,53.0,0.67
2025-09-18,10:45,Flat,62,TSSC,Autumn,680.4,32.0,53.0,74.46,1.08,59.57,0.91,54.1,0.67
2025-09-18,11:00,Flat,62,TSSC,Autumn,695.7,32.1,53.5,74.3,1.11,59.44,0.93,55.2,0.67
2025-09-18,11:15,Flat,62,TSSC,Autumn,684.0,32.2,53.3,74.37,1.09,59.5,0.91,54.3,0.67
2025-09-18,11:30,Flat,62,TSSC,Autumn,672.4,32.2,53.1,74.44,1.07,59.55,0.9,53.4,0.67
2025-09-18,11:45,Flat,62,TSSC,Autumn,660.7,32.3,52.8,74.51,1.05,59.61,0.88,52.5,0.67
2025-09-18,12:00,Flat,62,TSSC,Autumn,649.0,32.4,52.6,74.59,1.03,59.67,0.87,51.7,0.67
2025-09-18,12:15,Flat,62,TSSC,Autumn,639.8,32.4,52.4,74.65,1.02,59.72,0.85,51.0,0.67
2025-09-18,12:30,Flat,62,TSSC,Autumn,630.5,32.4,52.2,74.72,1.0,59.78,0.84,50.3,0.67
2025-09-18,12:45,Flat,62,TSSC,Autumn,621.3,32.4,52.0,74.78,0.99,59.83,0.83,49.5,0.67
2025-09-18,13:00,Flat,62,TSSC,Autumn,612.0,32.5,51.8,74.85,0.97,59.88,0.82,48.8,0.67
2025-09-18,13:15,Flat,62,TSSC,Autumn,567.6,32.4,50.6,75.21,0.9,60.17,0.76,45.5,0.67
2025-09-18,13:30,Flat,62,TSSC,Autumn,523.1,32.4,49.5,75.58,0.83,60.46,0.7,42.1,0.67
2025-09-18,13:45,Flat,62,TSSC,Autumn,478.7,32.4,48.3,75.94,0.76,60.75,0.64,38.6,0.67
2025-09-18,14:00,Flat,62,TSSC,Autumn,434.2,32.3,47.2,76.31,0.69,61.04,0.58,35.2,0.67
2025-09-18,14:15,Flat,62,TSSC,Autumn,389.7,32.2,46.0,76.69,0.62,61.35,0.52,31.7,0.67
2025-09-18,14:30,Flat,62,TSSC,Autumn,345.1,32.1,44.7,77.08,0.55,61.66,0.46,28.2,0.67
2025-09-18,14:45,Flat,62,TSSC,Autumn,300.5,32.0,43.5,77.46,0.47,61.97,0.4,24.6,0.67
2025-09-18,15:00,Flat,62,TSSC,Autumn,255.9,31.9,42.3,77.85,0.4,62.28,0.34,21.0,0.67
2025-09-18,15:15,Flat,62,TSSC,Autumn,225.6,31.7,41.3,78.16,0.36,62.53,0.3,18.6,0.67
2025-09-18,15:30,Flat,62,TSSC,Autumn,195.3,31.4,40.3,78.47,0.31,62.78,0.26,16.2,0.67
2025-09-18,15:45,Flat,62,TSSC,Autumn,165.0,31.2,39.3,78.79,0.26,63.03,0.22,13.7,0.67
2025-09-18,16:00,Flat,62,TSSC,Autumn,134.7,31.0,38.4,79.1,0.21,63.28,0.18,11.2,0.67
2025-09-18,16:15,Flat,62,TSSC,Autumn,106.4,30.5,37.2,79.46,0.17,63.57,0.14,8.9,0.67
2025-09-18,16:30,Flat,62,TSSC,Autumn,78.1,30.1,36.1,79.83,0.12,63.86,0.1,6.5,0.67
2025-09-18,16:45,Flat,62,TSSC,Autumn,49.7,29.7,34.9,80.19,0.08,64.15,0.07,4.2,0.67
2025-09-18,17:00,Flat,62,TSSC,Autumn,21.4,29.2,33.8,80.55,0.03,64.44,0.03,1.8,0.67
2025-09-18,17:15,Flat,62,TSSC,Autumn,16.0,28.9,33.3,80.71,0.03,64.57,0.02,1.4,0.67
2025-09-18,17:30,Flat,62,TSSC,Autumn,10.7,28.5,32.7,80.87,0.02,64.7,0.01,0.9,0.67
2025-09-18,17:45,Flat,62,TSSC,Autumn,5.4,28.1,32.2,81.04,0.01,64.83,0.01,0.5,0.67
2025-09-19,05:15,Flat,62,TSSC,Autumn,17.2,24.9,29.3,81.97,0.03,65.57,0.02,1.5,0.67
2025-09-19,05:30,Flat,62,TSSC,Autumn,32.5,25.1,29.9,81.79,0.05,65.43,0.04,2.8,0.67
2025-09-19,05:45,Flat,62,TSSC,Autumn,47.8,25.2,30.4,81.61,0.07,65.28,0.06,4.1,0.67
2025-09-19,06:00,Flat,62,TSSC,Autumn,63.2,25.4,31.0,81.43,0.1,65.14,0.08,5.4,0.67
2025-09-19,06:15,Flat,62,TSSC,Autumn,93.9,25.8,32.2,81.06,0.15,64.84,0.12,8.0,0.67
2025-09-19,06:30,Flat,62,TSSC,Autumn,124.6,26.2,33.3,80.69,0.19,64.55,0.16,10.5,0.67
2025-09-19,06:45,Flat,62,TSSC,Autumn,155.4,26.6,34.5,80.32,0.24,64.25,0.2,13.1,0.67
2025-09-19,07:00,Flat,62,TSSC,Autumn,186.1,27.0,35.7,79.95,0.29,63.96,0.24,15.6,0.67
2025-09-19,07:15,Flat,62,TSSC,Autumn,221.2,27.5,37.1,79.51,0.35,63.61,0.29,18.5,0.67
2025-09-19,07:30,Flat,62,TSSC,Autumn,256.4,28.0,38.5,79.07,0.4,63.25,0.34,21.3,0.67
2025-09-19,07:45,Flat,62,TSSC,Autumn,291.5,28.6,39.9,78.62,0.46,62.9,0.38,24.2,0.67
2025-09-19,08:00,Flat,62,TSSC,Autumn,326.7,29.1,41.2,78.18,0.51,62.55,0.43,27.0,0.67
2025-09-19,08:15,Flat,62,TSSC,Autumn,349.3,29.5,42.2,77.87,0.55,62.29,0.46,28.7,0.67
2025-09-19,08:30,Flat,62,TSSC,Autumn,372.0,29.9,43.2,77.55,0.59,62.04,0.49,30.5,0.67
2025-09-19,08:45,Flat,62,TSSC,Autumn,394.6,30.4,44.2,77.24,0.62,61.79,0.52,32.3,0.67
2025-09-19,09:00,Flat,62,TSSC,Autumn,417.2,30.8,45.2,76.92,0.66,61.54,0.55,34.0,0.67
2025-09-19,09:15,Flat,62,TSSC,Autumn,453.1,31.1,46.5,76.53,0.72,61.22,0.6,36.8,0.67
2025-09-19,09:30,Flat,62,TSSC,Autumn,488.9,31.5,47.7,76.13,0.77,60.91,0.65,39.5,0.67
2025-09-19,09:45,Flat,62,TSSC,Autumn,524.7,31.8,49.0,75.74,0.83,60.59,0.7,42.3,0.67
2025-09-19,10:00,Flat,62,TSSC,Autumn,560.5,32.2,50.2,75.35,0.89,60.28,0.75,45.0,0.67
2025-09-19,10:15,Flat,62,TSSC,Autumn,591.8,32.5,51.3,75.01,0.94,60.01,0.79,47.3,0.67
2025-09-19,10:30,Flat,62,TSSC,Autumn,623.1,32.8,52.3,74.67,0.99,59.73,0.83,49.6,0.67
2025-09-19,10:45,Flat,62,TSSC,Autumn,654.4,33.1,53.4,74.33,1.04,59.46,0.87,51.9,0.67
2025-09-19,11:00,Flat,62,TSSC,Autumn,685.7,33.4,54.5,73.99,1.09,59.19,0.92,54.2,0.67
2025-09-19,11:15,Flat,62,TSSC,Autumn,685.7,33.5,54.7,73.93,1.09,59.15,0.92,54.2,0.67
2025-09-19,11:30,Flat,62,TSSC,Autumn,685.8,33.7,54.8,73.88,1.09,59.1,0.92,54.2,0.67
2025-09-19,11:45,Flat,62,TSSC,Autumn,685.8,33.9,55.0,73.82,1.09,59.06,0.92,54.1,0.67
2025-09-19,12:00,Flat,62,TSSC,Autumn,685.8,34.0,55.2,73.77,1.09,59.01,0.92,54.1,0.67
2025-09-19,12:15,Flat,62,TSSC,Autumn,658.2,34.1,54.6,73.97,1.05,59.18,0.88,52.1,0.67
2025-09-19,12:30,Flat,62,TSSC,Autumn,630.6,34.1,53.9,74.18,1.01,59.34,0.84,50.0,0.67
2025-09-19,12:45,Flat,62,TSSC,Autumn,603.0,34.2,53.3,74.38,0.96,59.5,0.8,47.9,0.67
2025-09-19,13:00,Flat,62,TSSC,Autumn,575.5,34.2,52.6,74.58,0.92,59.67,0.77,45.8,0.67
2025-09-19,13:15,Flat,62,TSSC,Autumn,547.7,34.2,51.9,74.82,0.87,59.86,0.73,43.7,0.67
2025-09-19,13:30,Flat,62,TSSC,Autumn,520.0,34.1,51.1,75.07,0.83,60.05,0.69,41.6,0.67
2025-09-19,13:45,Flat,62,TSSC,Autumn,492.3,34.0,50.3,75.31,0.78,60.24,0.66,39.5,0.67
2025-09-19,14:00,Flat,62,TSSC,Autumn,464.6,34.0,49.6,75.55,0.74,60.44,0.62,37.3,0.67
2025-09-19,14:15,Flat,62,TSSC,Autumn,428.1,33.8,48.5,75.88,0.68,60.7,0.57,34.5,0.67
2025-09-19,14:30,Flat,62,TSSC,Autumn,391.7,33.7,47.5,76.21,0.62,60.96,0.52,31.7,0.67
2025-09-19,14:45,Flat,62,TSSC,Autumn,355.3,33.6,46.5,76.53,0.56,61.23,0.47,28.8,0.67
2025-09-19,15:00,Flat,62,TSSC,Autumn,318.9,33.4,45.4,76.86,0.5,61.49,0.42,26.0,0.67
2025-09-19,15:15,Flat,62,TSSC,Autumn,276.4,33.2,44.1,77.28,0.44,61.83,0.37,22.6,0.67
2025-09-19,15:30,Flat,62,TSSC,Autumn,233.9,32.9,42.8,77.7,0.37,62.16,0.31,19.2,0.67
2025-09-19,15:45,Flat,62,TSSC,Autumn,191.3,32.7,41.4,78.12,0.3,62.5,0.25,15.8,0.67
2025-09-19,16:00,Flat,62,TSSC,Autumn,148.8,32.4,40.1,78.54,0.23,62.83,0.2,12.3,0.67
2025-09-19,16:15,Flat,62,TSSC,Autumn,117.2,31.8,38.8,78.97,0.18,63.18,0.15,9.7,0.67
2025-09-19,16:30,Flat,62,TSSC,Autumn,85.6,31.2,37.4,79.4,0.13,63.52,0.11,7.1,0.67
2025-09-19,16:45,Flat,62,TSSC,Autumn,54.0,30.7,36.0,79.84,0.08,63.87,0.07,4.5,0.67
2025-09-19,17:00,Flat,62,TSSC,Autumn,22.4,30.1,34.7,80.27,0.03,64.22,0.03,1.9,0.67
2025-09-19,17:15,Flat,62,TSSC,Autumn,16.8,29.7,34.2,80.43,0.03,64.34,0.02,1.4,0.67
2025-09-19,17:30,Flat,62,TSSC,Autumn,11.2,29.4,33.6,80.59,0.02,64.47,0.01,0.9,0.67
2025-09-19,17:45,Flat,62,TSSC,Autumn,5.6,29.0,33.1,80.75,0.01,64.6,0.01,0.5,0.67
2025-09-20,05:15,Flat,62,TSSC,Autumn,24.2,23.9,28.5,82.21,0.04,65.77,0.03,2.1,0.67
2025-09-20,05:30,Flat,62,TSSC,Autumn,45.7,24.2,29.3,81.96,0.07,65.57,0.06,3.9,0.67
2025-09-20,05:45,Flat,62,TSSC,Autumn,67.2,24.4,30.1,81.71,0.1,65.37,0.09,5.7,0.67
2025-09-20,06:00,Flat,62,TSSC,Autumn,88.7,24.7,30.9,81.47,0.14,65.17,0.12,7.5,0.67
2025-09-20,06:15,Flat,62,TSSC,Autumn,135.4,25.0,32.4,80.99,0.21,64.79,0.18,11.5,0.67
2025-09-20,06:30,Flat,62,TSSC,Autumn,182.1,25.4,33.9,80.51,0.28,64.41,0.24,15.4,0.67
2025-09-20,06:45,Flat,62,TSSC,Autumn,228.8,25.7,35.4,80.03,0.36,64.02,0.3,19.2,0.67
2025-09-20,07:00,Flat,62,TSSC,Autumn,275.5,26.0,36.9,79.55,0.43,63.64,0.36,23.0,0.67
2025-09-20,07:15,Flat,62,TSSC,Autumn,326.8,26.6,38.8,78.96,0.51,63.17,0.43,27.2,0.67
2025-09-20,07:30,Flat,62,TSSC,Autumn,378.1,27.2,40.6,78.38,0.6,62.7,0.5,31.3,0.67
2025-09-20,07:45,Flat,62,TSSC,Autumn,429.4,27.8,42.5,77.79,0.68,62.23,0.57,35.3,0.67
2025-09-20,08:00,Flat,62,TSSC,Autumn,480.7,28.3,44.3,77.2,0.76,61.76,0.64,39.3,0.67
2025-09-20,08:15,Flat,62,TSSC,Autumn,525.4,28.9,46.0,76.66,0.83,61.33,0.7,42.7,0.67
2025-09-20,08:30,Flat,62,TSSC,Autumn,570.1,29.5,47.7,76.13,0.9,60.9,0.76,46.1,0.67
2025-09-20,08:45,Flat,62,TSSC,Autumn,614.8,30.1,49.4,75.59,0.98,60.47,0.82,49.4,0.67
2025-09-20,09:00,Flat,62,TSSC,Autumn,659.5,30.6,51.1,75.05,1.05,60.04,0.88,52.7,0.67
2025-09-20,09:15,Flat,62,TSSC,Autumn,687.7,31.1,52.2,74.7,1.09,59.76,0.92,54.8,0.67
2025-09-20,09:30,Flat,62,TSSC,Autumn,715.8,31.5,53.4,74.34,1.14,59.48,0.96,56.8,0.67
2025-09-20,09:45,Flat,62,TSSC,Autumn,743.9,31.9,54.5,73.99,1.19,59.19,0.99,58.8,0.67
2025-09-20,10:00,Flat,62,TSSC,Autumn,772.0,32.3,55.6,73.64,1.23,58.91,1.03,60.8,0.67
2025-09-20,10:15,Flat,62,TSSC,Autumn,752.5,32.6,55.4,73.7,1.2,58.96,1.01,59.3,0.67
2025-09-20,10:30,Flat,62,TSSC,Autumn,733.0,32.9,55.2,73.76,1.17,59.01,0.98,57.8,0.67
2025-09-20,10:45,Flat,62,TSSC,Autumn,713.5,33.2,55.0,73.83,1.14,59.06,0.95,56.3,0.67
2025-09-20,11:00,Flat,62,TSSC,Autumn,694.0,33.5,54.8,73.89,1.11,59.11,0.93,54.8,0.67
2025-09-20,11:15,Flat,62,TSSC,Autumn,690.7,33.6,54.9,73.86,1.1,59.09,0.92,54.6,0.67
2025-09-20,11:30,Flat,62,TSSC,Autumn,687.5,33.8,55.0,73.83,1.1,59.06,0.92,54.3,0.67
2025-09-20,11:45,Flat,62,TSSC,Autumn,684.3,34.0,55.1,73.79,1.09,59.04,0.91,54.0,0.67
2025-09-20,12:00,Flat,62,TSSC,Autumn,681.1,34.2,55.2,73.76,1.09,59.01,0.91,53.7,0.67
2025-09-20,12:15,Flat,62,TSSC,Autumn,658.3,34.3,54.7,73.91,1.05,59.13,0.88,52.0,0.67
2025-09-20,12:30,Flat,62,TSSC,Autumn,635.4,34.4,54.3,74.07,1.01,59.25,0.85,50.3,0.67
2025-09-20,12:45,Flat,62,TSSC,Autumn,612.6,34.5,53.8,74.22,0.98,59.37,0.82,48.6,0.67
2025-09-20,13:00,Flat,62,TSSC,Autumn,589.7,34.5,53.3,74.37,0.94,59.5,0.79,46.8,0.67
2025-09-20,13:15,Flat,62,TSSC,Autumn,570.1,34.6,52.8,74.52,0.91,59.61,0.76,45.3,0.67
2025-09-20,13:30,Flat,62,TSSC,Autumn,550.4,34.6,52.4,74.66,0.88,59.73,0.73,43.8,0.67
2025-09-20,13:45,Flat,62,TSSC,Autumn,530.8,34.6,51.9,74.81,0.84,59.85,0.71,42.3,0.67
2025-09-20,14:00,Flat,62,TSSC,Autumn,511.1,34.7,51.4,74.96,0.81,59.97,0.68,40.8,0.67
2025-09-20,14:15,Flat,62,TSSC,Autumn,467.1,34.6,50.3,75.33,0.74,60.26,0.62,37.5,0.67
2025-09-20,14:30,Flat,62,TSSC,Autumn,423.1,34.5,49.1,75.7,0.67,60.56,0.56,34.1,0.67
2025-09-20,14:45,Flat,62,TSSC,Autumn,379.1,34.5,47.9,76.07,0.6,60.85,0.5,30.6,0.67
2025-09-20,15:00,Flat,62,TSSC,Autumn,335.1,34.4,46.8,76.44,0.53,61.15,0.44,27.2,0.67
2025-09-20,15:15,Flat,62,TSSC,Autumn,290.6,34.1,45.4,76.87,0.46,61.5,0.38,23.7,0.67
2025-09-20,15:30,Flat,62,TSSC,Autumn,246.1,33.9,44.0,77.3,0.39,61.84,0.33,20.1,0.67
2025-09-20,15:45,Flat,62,TSSC,Autumn,201.6,33.6,42.7,77.74,0.32,62.19,0.27,16.6,0.67
2025-09-20,16:00,Flat,62,TSSC,Autumn,157.1,33.4,41.3,78.17,0.25,62.53,0.21,13.0,0.67
2025-09-20,16:15,Flat,62,TSSC,Autumn,123.5,32.7,39.8,78.65,0.19,62.92,0.16,10.2,0.67
2025-09-20,16:30,Flat,62,TSSC,Autumn,89.9,32.0,38.2,79.14,0.14,63.31,0.12,7.5,0.67
2025-09-20,16:45,Flat,62,TSSC,Autumn,56.3,31.3,36.7,79.63,0.09,63.7,0.07,4.7,0.67
2025-09-20,17:00,Flat,62,TSSC,Autumn,22.7,30.6,35.1,80.11,0.04,64.09,0.03,1.9,0.67
2025-09-20,17:15,Flat,62,TSSC,Autumn,17.0,30.1,34.5,80.32,0.03,64.25,0.02,1.4,0.67
2025-09-20,17:30,Flat,62,TSSC,Autumn,11.3,29.6,33.9,80.52,0.02,64.41,0.01,1.0,0.67
2025-09-20,17:45,Flat,62,TSSC,Autumn,5.7,29.1,33.2,80.72,0.01,64.58,0.01,0.5,0.67
2025-09-21,05:15,Flat,62,TSSC,Autumn,22.4,24.6,29.2,82.0,0.03,65.6,0.03,1.9,0.67
2025-09-21,05:30,Flat,62,TSSC,Autumn,41.8,24.8,29.9,81.78,0.07,65.42,0.05,3.6,0.67
2025-09-21,05:45,Flat,62,TSSC,Autumn,61.1,25.1,30.6,81.56,0.1,65.25,0.08,5.2,0.67
2025-09-21,06:00,Flat,62,TSSC,Autumn,80.4,25.3,31.3,81.34,0.13,65.07,0.11,6.8,0.67
2025-09-21,06:15,Flat,62,TSSC,Autumn,116.0,25.7,32.6,80.92,0.18,64.74,0.15,9.8,0.67
2025-09-21,06:30,Flat,62,TSSC,Autumn,151.5,26.1,33.9,80.5,0.24,64.4,0.2,12.8,0.67
2025-09-21,06:45,Flat,62,TSSC,Autumn,187.0,26.6,35.2,80.08,0.29,64.07,0.25,15.7,0.67
2025-09-21,07:00,Flat,62,TSSC,Autumn,222.6,27.0,36.6,79.67,0.35,63.73,0.29,18.6,0.67
2025-09-21,07:15,Flat,62,TSSC,Autumn,262.9,27.6,38.2,79.15,0.41,63.32,0.35,21.9,0.67
2025-09-21,07:30,Flat,62,TSSC,Autumn,303.2,28.2,39.8,78.64,0.48,62.91,0.4,25.1,0.67
2025-09-21,07:45,Flat,62,TSSC,Autumn,343.6,28.9,41.4,78.12,0.54,62.5,0.45,28.3,0.67
2025-09-21,08:00,Flat,62,TSSC,Autumn,383.9,29.5,43.1,77.6,0.61,62.08,0.51,31.5,0.67
2025-09-21,08:15,Flat,62,TSSC,Autumn,426.8,30.1,44.8,77.07,0.67,61.66,0.56,34.8,0.67
2025-09-21,08:30,Flat,62,TSSC,Autumn,469.7,30.7,46.5,76.54,0.74,61.23,0.62,38.1,0.67
2025-09-21,08:45,Flat,62,TSSC,Autumn,512.6,31.3,48.1,76.0,0.81,60.8,0.68,41.4,0.67
2025-09-21,09:00,Flat,62,TSSC,Autumn,555.5,31.9,49.8,75.47,0.88,60.37,0.74,44.6,0.67
2025-09-21,09:15,Flat,62,TSSC,Autumn,585.2,32.5,51.1,75.06,0.93,60.05,0.78,46.8,0.67
2025-09-21,09:30,Flat,62,TSSC,Autumn,614.9,33.0,52.4,74.66,0.98,59.73,0.82,49.0,0.67
2025-09-21,09:45,Flat,62,TSSC,Autumn,644.6,33.5,53.6,74.26,1.03,59.41,0.86,51.1,0.67
2025-09-21,10:00,Flat,62,TSSC,Autumn,674.3,34.0,54.9,73.86,1.08,59.09,0.9,53.3,0.67
2025-09-21,10:15,Flat,62,TSSC,Autumn,680.0,34.4,55.4,73.7,1.09,58.96,0.91,53.6,0.67
2025-09-21,10:30,Flat,62,TSSC,Autumn,685.7,34.8,55.9,73.53,1.1,58.83,0.92,54.0,0.67
2025-09-21,10:45,Flat,62,TSSC,Autumn,691.4,35.2,56.4,73.37,1.11,58.7,0.93,54.3,0.67
2025-09-21,11:00,Flat,62,TSSC,Autumn,697.1,35.5,57.0,73.21,1.11,58.57,0.93,54.7,0.67
2025-09-21,11:15,Flat,62,TSSC,Autumn,702.2,35.7,57.3,73.11,1.12,58.49,0.94,55.0,0.67
2025-09-21,11:30,Flat,62,TSSC,Autumn,707.4,35.9,57.6,73.01,1.13,58.41,0.95,55.4,0.67
2025-09-21,11:45,Flat,62,TSSC,Autumn,712.6,36.1,57.9,72.91,1.14,58.33,0.96,55.7,0.67
2025-09-21,12:00,Flat,62,TSSC,Autumn,717.7,36.3,58.2,72.81,1.15,58.25,0.96,56.1,0.67
2025-09-21,12:15,Flat,62,TSSC,Autumn,698.9,36.3,57.8,72.94,1.12,58.35,0.94,54.7,0.67
2025-09-21,12:30,Flat,62,TSSC,Autumn,680.0,36.4,57.4,73.07,1.09,58.46,0.91,53.3,0.67
2025-09-21,12:45,Flat,62,TSSC,Autumn,661.1,36.4,57.0,73.2,1.06,58.56,0.89,51.9,0.67
2025-09-21,13:00,Flat,62,TSSC,Autumn,642.3,36.5,56.6,73.34,1.03,58.67,0.86,50.5,0.67
2025-09-21,13:15,Flat,62,TSSC,Autumn,597.9,36.5,55.4,73.7,0.95,58.96,0.8,47.1,0.67
2025-09-21,13:30,Flat,62,TSSC,Autumn,553.5,36.4,54.3,74.06,0.88,59.25,0.74,43.8,0.67
2025-09-21,13:45,Flat,62,TSSC,Autumn,509.0,36.4,53.1,74.42,0.81,59.54,0.68,40.4,0.67
2025-09-21,14:00,Flat,62,TSSC,Autumn,464.6,36.4,52.0,74.78,0.74,59.82,0.62,37.1,0.67
2025-09-21,14:15,Flat,62,TSSC,Autumn,417.2,36.1,50.5,75.24,0.66,60.19,0.56,33.4,0.67
2025-09-21,14:30,Flat,62,TSSC,Autumn,369.7,35.8,49.1,75.71,0.59,60.57,0.49,29.8,0.67
2025-09-21,14:45,Flat,62,TSSC,Autumn,322.3,35.5,47.6,76.17,0.51,60.94,0.43,26.1,0.67
2025-09-21,15:00,Flat,62,TSSC,Autumn,274.9,35.3,46.1,76.63,0.43,61.31,0.36,22.3,0.67
2025-09-21,15:15,Flat,62,TSSC,Autumn,236.9,34.9,44.8,77.05,0.37,61.64,0.31,19.3,0.67
2025-09-21,15:30,Flat,62,TSSC,Autumn,199.0,34.5,43.5,77.47,0.31,61.98,0.26,16.3,0.67
2025-09-21,15:45,Flat,62,TSSC,Autumn,161.1,34.1,42.2,77.9,0.25,62.32,0.21,13.3,0.67
2025-09-21,16:00,Flat,62,TSSC,Autumn,123.2,33.8,40.8,78.32,0.19,62.65,0.16,10.2,0.67
2025-09-21,16:15,Flat,62,TSSC,Autumn,96.5,33.2,39.6,78.71,0.15,62.97,0.13,8.0,0.67
2025-09-21,16:30,Flat,62,TSSC,Autumn,69.9,32.6,38.3,79.11,0.11,63.28,0.09,5.8,0.67
2025-09-21,16:45,Flat,62,TSSC,Autumn,43.2,32.0,37.1,79.5,0.07,63.6,0.06,3.6,0.67
2025-09-21,17:00,Flat,62,TSSC,Autumn,16.6,31.4,35.8,79.89,0.03,63.92,0.02,1.4,0.67
2025-09-21,17:15,Flat,62,TSSC,Autumn,12.4,31.0,35.3,80.05,0.02,64.04,0.02,1.0,0.67
2025-09-21,17:30,Flat,62,TSSC,Autumn,8.3,30.6,34.8,80.21,0.01,64.17,0.01,0.7,0.67
2025-09-22,05:15,Flat,62,TSSC,Autumn,24.5,25.3,29.9,81.78,0.04,65.42,0.03,2.1,0.67
2025-09-22,05:30,Flat,62,TSSC,Autumn,46.2,25.5,30.6,81.55,0.07,65.24,0.06,3.9,0.67
2025-09-22,05:45,Flat,62,TSSC,Autumn,67.8,25.6,31.3,81.33,0.11,65.06,0.09,5.8,0.67
2025-09-22,06:00,Flat,62,TSSC,Autumn,89.5,25.8,32.0,81.1,0.14,64.88,0.12,7.6,0.67
2025-09-22,06:15,Flat,62,TSSC,Autumn,137.0,26.2,33.6,80.6,0.21,64.48,0.18,11.6,0.67
2025-09-22,06:30,Flat,62,TSSC,Autumn,184.5,26.6,35.2,80.1,0.29,64.08,0.24,15.5,0.67
2025-09-22,06:45,Flat,62,TSSC,Autumn,232.0,27.0,36.8,79.6,0.36,63.68,0.3,19.4,0.67
2025-09-22,07:00,Flat,62,TSSC,Autumn,279.6,27.4,38.3,79.1,0.44,63.28,0.37,23.3,0.67
2025-09-22,07:15,Flat,62,TSSC,Autumn,326.0,27.9,40.0,78.57,0.51,62.85,0.43,27.0,0.67
2025-09-22,07:30,Flat,62,TSSC,Autumn,372.5,28.4,41.7,78.03,0.59,62.42,0.49,30.7,0.67
2025-09-22,07:45,Flat,62,TSSC,Autumn,419.0,29.0,43.4,77.49,0.66,61.99,0.55,34.3,0.67
2025-09-22,08:00,Flat,62,TSSC,Autumn,465.4,29.5,45.1,76.95,0.74,61.56,0.62,37.9,0.67
2025-09-22,08:15,Flat,62,TSSC,Autumn,495.3,30.1,46.5,76.53,0.78,61.22,0.66,40.2,0.67
2025-09-22,08:30,Flat,62,TSSC,Autumn,525.2,30.7,47.8,76.11,0.83,60.89,0.7,42.5,0.67
2025-09-22,08:45,Flat,62,TSSC,Autumn,555.1,31.2,49.1,75.69,0.88,60.55,0.74,44.7,0.67
2025-09-22,09:00,Flat,62,TSSC,Autumn,585.0,31.8,50.5,75.27,0.93,60.21,0.78,46.9,0.67
2025-09-22,09:15,Flat,62,TSSC,Autumn,605.6,32.3,51.5,74.95,0.96,59.96,0.81,48.4,0.67
2025-09-22,09:30,Flat,62,TSSC,Autumn,626.2,32.8,52.5,74.63,1.0,59.7,0.84,49.9,0.67
2025-09-22,09:45,Flat,62,TSSC,Autumn,646.8,33.3,53.5,74.31,1.03,59.45,0.86,51.3,0.67
2025-09-22,10:00,Flat,62,TSSC,Autumn,667.4,33.8,54.5,73.99,1.06,59.19,0.89,52.8,0.67
2025-09-22,10:15,Flat,62,TSSC,Autumn,679.3,34.2,55.1,73.78,1.08,59.03,0.91,53.6,0.67
2025-09-22,10:30,Flat,62,TSSC,Autumn,691.3,34.5,55.8,73.58,1.1,58.86,0.92,54.4,0.67
2025-09-22,10:45,Flat,62,TSSC,Autumn,703.3,34.9,56.4,73.37,1.12,58.7,0.94,55.3,0.67
2025-09-22,11:00,Flat,62,TSSC,Autumn,715.3,35.2,57.1,73.16,1.14,58.53,0.96,56.1,0.67
2025-09-22,11:15,Flat,62,TSSC,Autumn,715.1,35.5,57.3,73.09,1.14,58.47,0.96,56.0,0.67
2025-09-22,11:30,Flat,62,TSSC,Autumn,714.9,35.7,57.6,73.02,1.14,58.42,0.96,56.0,0.67
2025-09-22,11:45,Flat,62,TSSC,Autumn,714.7,35.9,57.8,72.95,1.14,58.36,0.96,55.9,0.67
2025-09-22,12:00,Flat,62,TSSC,Autumn,714.5,36.1,58.0,72.87,1.14,58.3,0.96,55.9,0.67
2025-09-22,12:15,Flat,62,TSSC,Autumn,691.9,36.2,57.5,73.02,1.11,58.42,0.93,54.2,0.67
2025-09-22,12:30,Flat,62,TSSC,Autumn,669.4,36.3,57.1,73.18,1.07,58.54,0.9,52.5,0.67
2025-09-22,12:45,Flat,62,TSSC,Autumn,646.8,36.4,56.6,73.33,1.03,58.66,0.87,50.8,0.67
2025-09-22,13:00,Flat,62,TSSC,Autumn,624.2,36.5,56.1,73.48,1.0,58.78,0.84,49.1,0.67
2025-09-22,13:15,Flat,62,TSSC,Autumn,616.0,36.5,55.9,73.55,0.98,58.84,0.82,48.5,0.67
2025-09-22,13:30,Flat,62,TSSC,Autumn,607.7,36.4,55.6,73.63,0.97,58.9,0.81,47.9,0.67
2025-09-22,13:45,Flat,62,TSSC,Autumn,599.5,36.4,55.4,73.71,0.96,58.97,0.8,47.3,0.67
2025-09-22,14:00,Flat,62,TSSC,Autumn,591.2,36.4,55.1,73.78,0.94,59.03,0.79,46.7,0.67
2025-09-22,14:15,Flat,62,TSSC,Autumn,543.0,36.2,53.7,74.23,0.87,59.38,0.72,43.1,0.67
2025-09-22,14:30,Flat,62,TSSC,Autumn,494.7,36.0,52.3,74.67,0.79,59.73,0.66,39.4,0.67
2025-09-22,14:45,Flat,62,TSSC,Autumn,446.4,35.8,50.9,75.11,0.71,60.09,0.59,35.7,0.67
2025-09-22,15:00,Flat,62,TSSC,Autumn,398.1,35.6,49.6,75.55,0.63,60.44,0.53,32.0,0.67
2025-09-22,15:15,Flat,62,TSSC,Autumn,343.7,35.3,47.9,76.09,0.54,60.87,0.46,27.8,0.67
2025-09-22,15:30,Flat,62,TSSC,Autumn,289.3,34.9,46.1,76.63,0.46,61.31,0.38,23.5,0.67
2025-09-22,15:45,Flat,62,TSSC,Autumn,234.9,34.6,44.4,77.17,0.37,61.74,0.31,19.2,0.67
2025-09-22,16:00,Flat,62,TSSC,Autumn,180.5,34.2,42.7,77.71,0.28,62.17,0.24,14.8,0.67
2025-09-22,16:15,Flat,62,TSSC,Autumn,140.6,33.7,41.2,78.19,0.22,62.56,0.19,11.6,0.67
2025-09-22,16:30,Flat,62,TSSC,Autumn,100.7,33.2,39.7,78.68,0.16,62.94,0.13,8.3,0.67
2025-09-22,16:45,Flat,62,TSSC,Autumn,60.8,32.6,38.2,79.16,0.1,63.33,0.08,5.1,0.67
2025-09-22,17:00,Flat,62,TSSC,Autumn,20.9,32.1,36.6,79.65,0.03,63.72,0.03,1.7,0.67
2025-09-22,17:15,Flat,62,TSSC,Autumn,15.7,31.7,36.1,79.81,0.02,63.85,0.02,1.3,0.67
2025-09-22,17:30,Flat,62,TSSC,Autumn,10.4,31.3,35.6,79.98,0.02,63.98,0.01,0.9,0.67
2025-09-22,17:45,Flat,62,TSSC,Autumn,5.2,30.9,35.1,80.14,0.01,64.11,0.01,0.4,0.67
2025-09-23,05:15,Flat,62,TSSC,Autumn,23.4,25.4,30.0,81.74,0.04,65.4,0.03,2.0,0.67
2025-09-23,05:30,Flat,62,TSSC,Autumn,43.8,25.6,30.7,81.53,0.07,65.22,0.06,3.7,0.67
2025-09-23,05:45,Flat,62,TSSC,Autumn,64.1,25.8,31.4,81.32,0.1,65.05,0.08,5.5,0.67
2025-09-23,06:00,Flat,62,TSSC,Autumn,84.5,25.9,32.0,81.1,0.13,64.88,0.11,7.2,0.67
2025-09-23,06:15,Flat,62,TSSC,Autumn,127.3,26.3,33.5,80.63,0.2,64.5,0.17,10.7,0.67
2025-09-23,06:30,Flat,62,TSSC,Autumn,170.0,26.8,35.0,80.16,0.27,64.13,0.22,14.3,0.67
2025-09-23,06:45,Flat,62,TSSC,Autumn,212.7,27.2,36.5,79.69,0.33,63.75,0.28,17.8,0.67
2025-09-23,07:00,Flat,62,TSSC,Autumn,255.4,27.6,38.0,79.22,0.4,63.37,0.34,21.3,0.67
2025-09-23,07:15,Flat,62,TSSC,Autumn,301.2,28.1,39.7,78.69,0.47,62.95,0.4,25.0,0.67
2025-09-23,07:30,Flat,62,TSSC,Autumn,347.0,28.6,41.3,78.16,0.55,62.53,0.46,28.6,0.67
2025-09-23,07:45,Flat,62,TSSC,Autumn,392.8,29.2,43.0,77.64,0.62,62.11,0.52,32.2,0.67
2025-09-23,08:00,Flat,62,TSSC,Autumn,438.5,29.7,44.6,77.11,0.69,61.69,0.58,35.8,0.67
2025-09-23,08:15,Flat,62,TSSC,Autumn,477.2,30.1,46.0,76.67,0.76,61.33,0.63,38.8,0.67
2025-09-23,08:30,Flat,62,TSSC,Autumn,516.0,30.5,47.4,76.22,0.82,60.98,0.68,41.8,0.67
2025-09-23,08:45,Flat,62,TSSC,Autumn,554.7,31.0,48.8,75.78,0.88,60.63,0.74,44.7,0.67
2025-09-23,09:00,Flat,62,TSSC,Autumn,593.4,31.4,50.2,75.34,0.94,60.27,0.79,47.6,0.67
2025-09-23,09:15,Flat,62,TSSC,Autumn,613.5,31.7,51.1,75.07,0.98,60.06,0.82,49.1,0.67
2025-09-23,09:30,Flat,62,TSSC,Autumn,633.5,32.1,51.9,74.8,1.01,59.84,0.84,50.5,0.67
2025-09-23,09:45,Flat,62,TSSC,Autumn,653.6,32.4,52.8,74.53,1.04,59.62,0.87,52.0,0.67
2025-09-23,10:00,Flat,62,TSSC,Autumn,673.7,32.8,53.6,74.26,1.07,59.41,0.9,53.4,0.67
2025-09-23,10:15,Flat,62,TSSC,Autumn,677.9,33.1,54.0,74.13,1.08,59.31,0.91,53.7,0.67
2025-09-23,10:30,Flat,62,TSSC,Autumn,682.2,33.4,54.4,74.01,1.09,59.21,0.91,54.0,0.67
2025-09-23,10:45,Flat,62,TSSC,Autumn,686.4,33.7,54.8,73.88,1.1,59.11,0.92,54.2,0.67
2025-09-23,11:00,Flat,62,TSSC,Autumn,690.6,34.0,55.2,73.76,1.1,59.01,0.92,54.5,0.67
2025-09-23,11:15,Flat,62,TSSC,Autumn,696.0,34.0,55.4,73.69,1.11,58.95,0.93,54.9,0.67
2025-09-23,11:30,Flat,62,TSSC,Autumn,701.3,34.1,55.6,73.62,1.12,58.9,0.94,55.3,0.67
2025-09-23,11:45,Flat,62,TSSC,Autumn,706.6,34.2,55.9,73.56,1.13,58.84,0.95,55.6,0.67
2025-09-23,12:00,Flat,62,TSSC,Autumn,712.0,34.3,56.1,73.49,1.14,58.79,0.95,56.0,0.67
2025-09-23,12:15,Flat,62,TSSC,Autumn,685.6,34.3,55.4,73.69,1.09,58.95,0.92,54.1,0.67
2025-09-23,12:30,Flat,62,TSSC,Autumn,659.2,34.3,54.8,73.9,1.05,59.12,0.88,52.1,0.67
2025-09-23,12:45,Flat,62,TSSC,Autumn,632.9,34.3,54.1,74.11,1.01,59.28,0.85,50.1,0.67
2025-09-23,13:00,Flat,62,TSSC,Autumn,606.5,34.3,53.5,74.31,0.97,59.45,0.81,48.1,0.67
2025-09-23,13:15,Flat,62,TSSC,Autumn,570.0,34.2,52.5,74.63,0.91,59.7,0.76,45.4,0.67
2025-09-23,13:30,Flat,62,TSSC,Autumn,533.5,34.1,51.5,74.95,0.85,59.96,0.71,42.6,0.67
2025-09-23,13:45,Flat,62,TSSC,Autumn,496.9,34.0,50.5,75.27,0.79,60.21,0.66,39.8,0.67
2025-09-23,14:00,Flat,62,TSSC,Autumn,460.4,33.9,49.5,75.59,0.73,60.47,0.61,37.0,0.67
2025-09-23,14:15,Flat,62,TSSC,Autumn,418.1,33.8,48.2,75.97,0.66,60.78,0.56,33.7,0.67
2025-09-23,14:30,Flat,62,TSSC,Autumn,375.7,33.6,47.0,76.36,0.6,61.09,0.5,30.4,0.67
2025-09-23,14:45,Flat,62,TSSC,Autumn,333.4,33.4,45.8,76.75,0.53,61.4,0.44,27.1,0.67
2025-09-23,15:00,Flat,62,TSSC,Autumn,291.1,33.3,44.5,77.14,0.46,61.71,0.39,23.8,0.67
2025-09-23,15:15,Flat,62,TSSC,Autumn,253.6,33.0,43.4,77.51,0.4,62.01,0.34,20.8,0.67
2025-09-23,15:30,Flat,62,TSSC,Autumn,216.2,32.8,42.2,77.88,0.34,62.31,0.29,17.8,0.67
2025-09-23,15:45,Flat,62,TSSC,Autumn,178.7,32.6,41.0,78.26,0.28,62.6,0.24,14.8,0.67
2025-09-23,16:00,Flat,62,TSSC,Autumn,141.3,32.3,39.8,78.63,0.22,62.9,0.19,11.7,0.67
2025-09-23,16:15,Flat,62,TSSC,Autumn,110.6,31.8,38.6,79.02,0.17,63.22,0.15,9.2,0.67
2025-09-23,16:30,Flat,62,TSSC,Autumn,79.8,31.4,37.4,79.42,0.13,63.53,0.1,6.7,0.67
2025-09-23,16:45,Flat,62,TSSC,Autumn,49.0,30.9,36.1,79.81,0.08,63.85,0.06,4.1,0.67
2025-09-23,17:00,Flat,62,TSSC,Autumn,18.3,30.4,34.9,80.2,0.03,64.16,0.02,1.5,0.67
2025-09-23,17:15,Flat,62,TSSC,Autumn,13.7,30.1,34.4,80.35,0.02,64.28,0.02,1.2,0.67
2025-09-23,17:30,Flat,62,TSSC,Autumn,9.2,29.7,33.9,80.5,0.01,64.4,0.01,0.8,0.67
2025-09-24,05:15,Flat,62,TSSC,Autumn,18.1,25.4,29.8,81.8,0.03,65.44,0.02,1.5,0.67
2025-09-24,05:30,Flat,62,TSSC,Autumn,33.8,25.6,30.4,81.62,0.05,65.29,0.04,2.9,0.67
2025-09-24,05:45,Flat,62,TSSC,Autumn,49.5,25.8,31.0,81.43,0.08,65.14,0.06,4.2,0.67
2025-09-24,06:00,Flat,62,TSSC,Autumn,65.2,25.9,31.6,81.24,0.1,65.0,0.09,5.5,0.67
2025-09-24,06:15,Flat,62,TSSC,Autumn,95.6,26.3,32.7,80.89,0.15,64.71,0.13,8.1,0.67
2025-09-24,06:30,Flat,62,TSSC,Autumn,126.1,26.7,33.8,80.53,0.2,64.43,0.17,10.6,0.67
2025-09-24,06:45,Flat,62,TSSC,Autumn,156.5,27.0,34.9,80.18,0.24,64.14,0.21,13.2,0.67
2025-09-24,07:00,Flat,62,TSSC,Autumn,187.0,27.4,36.1,79.82,0.29,63.86,0.25,15.7,0.67
2025-09-24,07:15,Flat,62,TSSC,Autumn,232.3,27.9,37.7,79.31,0.36,63.45,0.31,19.4,0.67
2025-09-24,07:30,Flat,62,TSSC,Autumn,277.6,28.4,39.3,78.8,0.44,63.04,0.37,23.0,0.67
2025-09-24,07:45,Flat,62,TSSC,Autumn,322.9,28.8,40.9,78.29,0.51,62.63,0.43,26.7,0.67
2025-09-24,08:00,Flat,62,TSSC,Autumn,368.3,29.3,42.5,77.78,0.58,62.22,0.49,30.3,0.67
2025-09-24,08:15,Flat,62,TSSC,Autumn,380.7,29.8,43.3,77.53,0.6,62.02,0.5,31.2,0.67
2025-09-24,08:30,Flat,62,TSSC,Autumn,393.1,30.3,44.1,77.28,0.62,61.82,0.52,32.1,0.67
2025-09-24,08:45,Flat,62,TSSC,Autumn,405.5,30.8,44.9,77.03,0.64,61.62,0.54,33.1,0.67
2025-09-24,09:00,Flat,62,TSSC,Autumn,417.9,31.2,45.7,76.77,0.66,61.42,0.55,34.0,0.67
2025-09-24,09:15,Flat,62,TSSC,Autumn,431.7,31.7,46.4,76.54,0.68,61.23,0.57,35.0,0.67
2025-09-24,09:30,Flat,62,TSSC,Autumn,445.6,32.1,47.2,76.3,0.71,61.04,0.59,36.1,0.67
2025-09-24,09:45,Flat,62,TSSC,Autumn,459.4,32.5,48.0,76.06,0.73,60.85,0.61,37.1,0.67
2025-09-24,10:00,Flat,62,TSSC,Autumn,473.2,32.9,48.7,75.82,0.75,60.66,0.63,38.1,0.67
2025-09-24,10:15,Flat,62,TSSC,Autumn,486.1,33.1,49.3,75.64,0.77,60.51,0.65,39.1,0.67
2025-09-24,10:30,Flat,62,TSSC,Autumn,498.9,33.4,49.9,75.45,0.79,60.36,0.66,40.1,0.67
2025-09-24,10:45,Flat,62,TSSC,Autumn,511.8,33.7,50.5,75.27,0.81,60.21,0.68,41.0,0.67
2025-09-24,11:00,Flat,62,TSSC,Autumn,524.6,33.9,51.0,75.08,0.83,60.06,0.7,42.0,0.67
2025-09-24,11:15,Flat,62,TSSC,Autumn,537.8,34.1,51.6,74.91,0.86,59.93,0.72,42.9,0.67
2025-09-24,11:30,Flat,62,TSSC,Autumn,551.1,34.3,52.1,74.74,0.88,59.79,0.73,43.9,0.67
2025-09-24,11:45,Flat,62,TSSC,Autumn,564.3,34.5,52.6,74.57,0.9,59.66,0.75,44.9,0.67
2025-09-24,12:00,Flat,62,TSSC,Autumn,577.5,34.7,53.2,74.41,0.92,59.52,0.77,45.9,0.67
2025-09-24,12:15,Flat,62,TSSC,Autumn,561.8,34.8,52.9,74.51,0.89,59.61,0.75,44.7,0.67
2025-09-24,12:30,Flat,62,TSSC,Autumn,546.0,34.9,52.5,74.61,0.87,59.69,0.73,43.5,0.67
2025-09-24,12:45,Flat,62,TSSC,Autumn,530.2,35.0,52.2,74.71,0.84,59.77,0.71,42.3,0.67
2025-09-24,13:00,Flat,62,TSSC,Autumn,514.5,35.0,51.9,74.81,0.82,59.85,0.69,41.0,0.67
2025-09-24,13:15,Flat,62,TSSC,Autumn,502.6,35.0,51.5,74.93,0.8,59.94,0.67,40.1,0.67
2025-09-24,13:30,Flat,62,TSSC,Autumn,490.7,34.9,51.2,75.04,0.78,60.04,0.65,39.2,0.67
2025-09-24,13:45,Flat,62,TSSC,Autumn,478.8,34.8,50.8,75.16,0.76,60.13,0.64,38.3,0.67
2025-09-24,14:00,Flat,62,TSSC,Autumn,466.9,34.8,50.4,75.28,0.74,60.22,0.62,37.4,0.67
2025-09-24,14:15,Flat,62,TSSC,Autumn,417.2,34.6,49.0,75.72,0.66,60.58,0.55,33.6,0.67
2025-09-24,14:30,Flat,62,TSSC,Autumn,367.5,34.4,47.6,76.17,0.58,60.94,0.49,29.7,0.67
2025-09-24,14:45,Flat,62,TSSC,Autumn,317.8,34.2,46.2,76.62,0.5,61.29,0.42,25.8,0.67
2025-09-24,15:00,Flat,62,TSSC,Autumn,268.2,34.1,44.8,77.06,0.42,61.65,0.35,21.9,0.67
2025-09-24,15:15,Flat,62,TSSC,Autumn,231.5,33.8,43.6,77.45,0.37,61.96,0.31,19.0,0.67
2025-09-24,15:30,Flat,62,TSSC,Autumn,194.8,33.5,42.3,77.84,0.31,62.27,0.26,16.0,0.67
2025-09-24,15:45,Flat,62,TSSC,Autumn,158.1,33.2,41.1,78.22,0.25,62.58,0.21,13.0,0.67
2025-09-24,16:00,Flat,62,TSSC,Autumn,121.3,32.9,39.9,78.61,0.19,62.89,0.16,10.1,0.67
2025-09-24,16:15,Flat,62,TSSC,Autumn,95.5,32.3,38.7,78.99,0.15,63.19,0.13,7.9,0.67
2025-09-24,16:30,Flat,62,TSSC,Autumn,69.6,31.8,37.5,79.37,0.11,63.49,0.09,5.8,0.67
2025-09-24,16:45,Flat,62,TSSC,Autumn,43.8,31.2,36.3,79.74,0.07,63.79,0.06,3.7,0.67
2025-09-24,17:00,Flat,62,TSSC,Autumn,17.9,30.7,35.1,80.12,0.03,64.1,0.02,1.5,0.67
2025-09-24,17:15,Flat,62,TSSC,Autumn,13.4,30.3,34.6,80.28,0.02,64.22,0.02,1.1,0.67
2025-09-24,17:30,Flat,62,TSSC,Autumn,9.0,29.9,34.1,80.44,0.01,64.35,0.01,0.8,0.67
2025-09-25,05:15,Flat,62,TSSC,Autumn,25.1,25.0,29.6,81.87,0.04,65.49,0.03,2.1,0.67
2025-09-25,05:30,Flat,62,TSSC,Autumn,47.3,25.2,30.4,81.63,0.07,65.3,0.06,4.0,0.67
2025-09-25,05:45,Flat,62,TSSC,Autumn,69.6,25.4,31.1,81.39,0.11,65.11,0.09,5.9,0.67
2025-09-25,06:00,Flat,62,TSSC,Autumn,91.8,25.6,31.9,81.15,0.14,64.92,0.12,7.8,0.67
2025-09-25,06:15,Flat,62,TSSC,Autumn,136.9,26.0,33.4,80.65,0.21,64.52,0.18,11.6,0.67
2025-09-25,06:30,Flat,62,TSSC,Autumn,182.0,26.5,35.0,80.16,0.28,64.13,0.24,15.3,0.67
2025-09-25,06:45,Flat,62,TSSC,Autumn,227.1,26.9,36.6,79.67,0.36,63.73,0.3,19.0,0.67
2025-09-25,07:00,Flat,62,TSSC,Autumn,272.2,27.3,38.1,79.17,0.43,63.34,0.36,22.7,0.67
2025-09-25,07:15,Flat,62,TSSC,Autumn,326.6,27.8,39.9,78.59,0.51,62.88,0.43,27.1,0.67
2025-09-25,07:30,Flat,62,TSSC,Autumn,381.1,28.2,41.8,78.02,0.6,62.41,0.5,31.4,0.67
2025-09-25,07:45,Flat,62,TSSC,Autumn,435.5,28.7,43.6,77.44,0.69,61.95,0.58,35.7,0.67
2025-09-25,08:00,Flat,62,TSSC,Autumn,489.9,29.2,45.4,76.86,0.77,61.49,0.65,39.9,0.67
2025-09-25,08:15,Flat,62,TSSC,Autumn,507.4,29.5,46.2,76.62,0.8,61.3,0.67,41.2,0.67
2025-09-25,08:30,Flat,62,TSSC,Autumn,524.9,29.8,46.9,76.38,0.83,61.11,0.7,42.5,0.67
2025-09-25,08:45,Flat,62,TSSC,Autumn,542.4,30.1,47.7,76.14,0.86,60.91,0.72,43.9,0.67
2025-09-25,09:00,Flat,62,TSSC,Autumn,559.9,30.5,48.5,75.9,0.89,60.72,0.74,45.2,0.67
2025-09-25,09:15,Flat,62,TSSC,Autumn,573.1,30.7,49.1,75.71,0.91,60.56,0.76,46.1,0.67
2025-09-25,09:30,Flat,62,TSSC,Autumn,586.4,31.0,49.7,75.51,0.93,60.41,0.78,47.1,0.67
2025-09-25,09:45,Flat,62,TSSC,Autumn,599.6,31.3,50.3,75.32,0.95,60.25,0.8,48.1,0.67
2025-09-25,10:00,Flat,62,TSSC,Autumn,612.9,31.6,50.9,75.12,0.97,60.1,0.82,49.0,0.67
2025-09-25,10:15,Flat,62,TSSC,Autumn,599.2,31.8,50.8,75.15,0.95,60.12,0.8,48.0,0.67
2025-09-25,10:30,Flat,62,TSSC,Autumn,585.5,32.1,50.7,75.18,0.93,60.15,0.78,46.9,0.67
2025-09-25,10:45,Flat,62,TSSC,Autumn,571.9,32.3,50.6,75.22,0.91,60.17,0.76,45.8,0.67
2025-09-25,11:00,Flat,62,TSSC,Autumn,558.2,32.6,50.5,75.25,0.89,60.2,0.74,44.7,0.67
2025-09-25,11:15,Flat,62,TSSC,Autumn,546.6,32.7,50.4,75.29,0.87,60.24,0.73,43.8,0.67
2025-09-25,11:30,Flat,62,TSSC,Autumn,535.0,32.9,50.2,75.34,0.85,60.27,0.71,42.9,0.67
2025-09-25,11:45,Flat,62,TSSC,Autumn,523.3,33.0,50.1,75.38,0.83,60.31,0.7,42.0,0.67
2025-09-25,12:00,Flat,62,TSSC,Autumn,511.7,33.1,49.9,75.43,0.81,60.34,0.68,41.1,0.67
2025-09-25,12:15,Flat,62,TSSC,Autumn,484.6,33.2,49.3,75.63,0.77,60.5,0.64,39.0,0.67
2025-09-25,12:30,Flat,62,TSSC,Autumn,457.6,33.3,48.7,75.82,0.73,60.66,0.61,36.9,0.67
2025-09-25,12:45,Flat,62,TSSC,Autumn,430.5,33.3,48.1,76.02,0.68,60.81,0.57,34.8,0.67
2025-09-25,13:00,Flat,62,TSSC,Autumn,403.4,33.4,47.5,76.21,0.64,60.97,0.54,32.6,0.67
2025-09-25,13:15,Flat,62,TSSC,Autumn,384.1,33.3,46.9,76.38,0.61,61.1,0.51,31.1,0.67
2025-09-25,13:30,Flat,62,TSSC,Autumn,364.8,33.3,46.4,76.55,0.58,61.24,0.48,29.6,0.67
2025-09-25,13:45,Flat,62,TSSC,Autumn,345.5,33.2,45.9,76.72,0.55,61.38,0.46,28.1,0.67
2025-09-25,14:00,Flat,62,TSSC,Autumn,326.1,33.2,45.3,76.89,0.52,61.51,0.43,26.6,0.67
2025-09-25,14:15,Flat,62,TSSC,Autumn,287.8,33.0,44.2,77.26,0.45,61.8,0.38,23.5,0.67
2025-09-25,14:30,Flat,62,TSSC,Autumn,249.4,32.8,43.0,77.62,0.39,62.1,0.33,20.5,0.67
2025-09-25,14:45,Flat,62,TSSC,Autumn,211.1,32.6,41.9,77.99,0.33,62.39,0.28,17.4,0.67
2025-09-25,15:00,Flat,62,TSSC,Autumn,172.7,32.4,40.7,78.35,0.27,62.68,0.23,14.3,0.67
2025-09-25,15:15,Flat,62,TSSC,Autumn,147.4,32.0,39.7,78.67,0.23,62.93,0.19,12.2,0.67
2025-09-25,15:30,Flat,62,TSSC,Autumn,122.0,31.7,38.7,78.98,0.19,63.19,0.16,10.1,0.67
2025-09-25,15:45,Flat,62,TSSC,Autumn,96.7,31.3,37.7,79.3,0.15,63.44,0.13,8.1,0.67
2025-09-25,16:00,Flat,62,TSSC,Autumn,71.3,30.9,36.7,79.61,0.11,63.69,0.09,6.0,0.67
2025-09-25,16:15,Flat,62,TSSC,Autumn,55.7,30.4,35.8,79.91,0.09,63.93,0.07,4.7,0.67
2025-09-25,16:30,Flat,62,TSSC,Autumn,40.0,29.9,34.9,80.21,0.06,64.16,0.05,3.4,0.67
2025-09-25,16:45,Flat,62,TSSC,Autumn,24.3,29.3,33.9,80.5,0.04,64.4,0.03,2.1,0.67
2025-09-25,17:00,Flat,62,TSSC,Autumn,8.7,28.8,33.0,80.8,0.01,64.64,0.01,0.7,0.67
2025-09-25,17:15,Flat,62,TSSC,Autumn,6.5,28.4,32.5,80.94,0.01,64.75,0.01,0.6,0.67
2025-09-26,05:15,Flat,62,TSSC,Autumn,17.7,24.2,28.6,82.19,0.03,65.75,0.02,1.5,0.67
2025-09-26,05:30,Flat,62,TSSC,Autumn,32.8,24.3,29.1,82.03,0.05,65.62,0.04,2.8,0.67
2025-09-26,05:45,Flat,62,TSSC,Autumn,47.9,24.4,29.6,81.87,0.07,65.5,0.06,4.1,0.67
2025-09-26,06:00,Flat,62,TSSC,Autumn,63.0,24.5,30.1,81.71,0.1,65.37,0.08,5.4,0.67
2025-09-26,06:15,Flat,62,TSSC,Autumn,91.2,24.8,31.1,81.41,0.14,65.13,0.12,7.8,0.67
2025-09-26,06:30,Flat,62,TSSC,Autumn,119.6,25.0,32.0,81.1,0.19,64.88,0.16,10.1,0.67
2025-09-26,06:45,Flat,62,TSSC,Autumn,147.9,25.3,33.0,80.8,0.23,64.64,0.19,12.5,0.67
2025-09-26,07:00,Flat,62,TSSC,Autumn,176.2,25.6,34.0,80.49,0.28,64.39,0.23,14.9,0.67
2025-09-26,07:15,Flat,62,TSSC,Autumn,209.2,26.1,35.3,80.06,0.33,64.05,0.27,17.6,0.67
2025-09-26,07:30,Flat,62,TSSC,Autumn,242.3,26.6,36.7,79.63,0.38,63.7,0.32,20.3,0.67
2025-09-26,07:45,Flat,62,TSSC,Autumn,275.3,27.2,38.1,79.19,0.43,63.36,0.36,22.9,0.67
2025-09-26,08:00,Flat,62,TSSC,Autumn,308.4,27.7,39.4,78.76,0.48,63.01,0.41,25.6,0.67
2025-09-26,08:15,Flat,62,TSSC,Autumn,337.6,28.3,40.7,78.34,0.53,62.67,0.45,27.9,0.67
2025-09-26,08:30,Flat,62,TSSC,Autumn,366.9,28.9,42.1,77.92,0.58,62.34,0.48,30.2,0.67
2025-09-26,08:45,Flat,62,TSSC,Autumn,396.1,29.5,43.4,77.5,0.63,62.0,0.52,32.5,0.67
2025-09-26,09:00,Flat,62,TSSC,Autumn,425.4,30.1,44.7,77.08,0.67,61.66,0.56,34.7,0.67
2025-09-26,09:15,Flat,62,TSSC,Autumn,452.7,30.6,45.9,76.71,0.72,61.37,0.6,36.8,0.67
2025-09-26,09:30,Flat,62,TSSC,Autumn,479.9,31.1,47.1,76.34,0.76,61.07,0.64,38.9,0.67
2025-09-26,09:45,Flat,62,TSSC,Autumn,507.2,31.5,48.2,75.97,0.8,60.78,0.67,40.9,0.67
2025-09-26,10:00,Flat,62,TSSC,Autumn,534.5,32.0,49.4,75.6,0.85,60.48,0.71,43.0,0.67
2025-09-26,10:15,Flat,62,TSSC,Autumn,529.8,32.4,49.6,75.54,0.84,60.43,0.7,42.6,0.67
2025-09-26,10:30,Flat,62,TSSC,Autumn,525.1,32.7,49.8,75.47,0.83,60.38,0.7,42.2,0.67
2025-09-26,10:45,Flat,62,TSSC,Autumn,520.4,33.0,50.0,75.41,0.83,60.33,0.69,41.8,0.67
2025-09-26,11:00,Flat,62,TSSC,Autumn,515.7,33.3,50.2,75.34,0.82,60.28,0.69,41.4,0.67
2025-09-26,11:15,Flat,62,TSSC,Autumn,526.6,33.5,50.7,75.2,0.84,60.16,0.7,42.2,0.67
2025-09-26,11:30,Flat,62,TSSC,Autumn,537.4,33.7,51.1,75.05,0.85,60.04,0.72,43.0,0.67
2025-09-26,11:45,Flat,62,TSSC,Autumn,548.3,33.9,51.6,74.91,0.87,59.92,0.73,43.8,0.67
2025-09-26,12:00,Flat,62,TSSC,Autumn,559.1,34.1,52.1,74.76,0.89,59.81,0.75,44.6,0.67
2025-09-26,12:15,Flat,62,TSSC,Autumn,550.2,34.1,51.9,74.81,0.88,59.85,0.73,43.9,0.67
2025-09-26,12:30,Flat,62,TSSC,Autumn,541.2,34.2,51.7,74.86,0.86,59.89,0.72,43.2,0.67
2025-09-26,12:45,Flat,62,TSSC,Autumn,532.3,34.3,51.6,74.91,0.85,59.93,0.71,42.5,0.67
2025-09-26,13:00,Flat,62,TSSC,Autumn,523.3,34.3,51.4,74.96,0.83,59.97,0.7,41.8,0.67
2025-09-26,13:15,Flat,62,TSSC,Autumn,483.4,34.2,50.3,75.32,0.77,60.25,0.64,38.8,0.67
2025-09-26,13:30,Flat,62,TSSC,Autumn,443.5,34.1,49.2,75.67,0.7,60.53,0.59,35.7,0.67
2025-09-26,13:45,Flat,62,TSSC,Autumn,403.5,34.0,48.1,76.02,0.64,60.82,0.54,32.6,0.67
2025-09-26,14:00,Flat,62,TSSC,Autumn,363.6,33.9,47.0,76.37,0.58,61.1,0.48,29.5,0.67
2025-09-26,14:15,Flat,62,TSSC,Autumn,317.8,33.6,45.6,76.81,0.5,61.45,0.42,25.9,0.67
2025-09-26,14:30,Flat,62,TSSC,Autumn,272.0,33.4,44.2,77.25,0.43,61.8,0.36,22.2,0.67
2025-09-26,14:45,Flat,62,TSSC,Autumn,226.2,33.2,42.8,77.69,0.36,62.15,0.3,18.6,0.67
2025-09-26,15:00,Flat,62,TSSC,Autumn,180.4,32.9,41.4,78.13,0.28,62.5,0.24,14.9,0.67
2025-09-26,15:15,Flat,62,TSSC,Autumn,155.9,32.5,40.4,78.44,0.25,62.75,0.21,12.9,0.67
2025-09-26,15:30,Flat,62,TSSC,Autumn,131.4,32.2,39.4,78.76,0.21,63.0,0.17,10.9,0.67
2025-09-26,15:45,Flat,62,TSSC,Autumn,106.9,31.8,38.4,79.07,0.17,63.26,0.14,8.9,0.67
2025-09-26,16:00,Flat,62,TSSC,Autumn,82.4,31.4,37.5,79.38,0.13,63.51,0.11,6.9,0.67
2025-09-26,16:15,Flat,62,TSSC,Autumn,64.0,30.9,36.5,79.7,0.1,63.76,0.08,5.4,0.67
2025-09-26,16:30,Flat,62,TSSC,Autumn,45.5,30.3,35.5,80.01,0.07,64.01,0.06,3.8,0.67
2025-09-26,16:45,Flat,62,TSSC,Autumn,27.1,29.8,34.5,80.33,0.04,64.26,0.04,2.3,0.67
2025-09-26,17:00,Flat,62,TSSC,Autumn,8.7,29.3,33.5,80.64,0.01,64.51,0.01,0.7,0.67
2025-09-26,17:15,Flat,62,TSSC,Autumn,6.5,28.9,33.0,80.79,0.01,64.63,0.01,0.6,0.67
2025-09-27,05:15,Flat,62,TSSC,Autumn,25.6,23.8,28.4,82.24,0.04,65.8,0.03,2.2,0.67
2025-09-27,05:30,Flat,62,TSSC,Autumn,48.3,24.1,29.3,81.97,0.08,65.57,0.06,4.1,0.67
2025-09-27,05:45,Flat,62,TSSC,Autumn,71.0,24.4,30.2,81.69,0.11,65.35,0.09,6.1,0.67
2025-09-27,06:00,Flat,62,TSSC,Autumn,93.8,24.7,31.1,81.41,0.15,65.13,0.12,8.0,0.67
2025-09-27,06:15,Flat,62,TSSC,Autumn,134.9,25.2,32.6,80.92,0.21,64.74,0.18,11.4,0.67
2025-09-27,06:30,Flat,62,TSSC,Autumn,176.2,25.7,34.1,80.44,0.28,64.35,0.23,14.8,0.67
2025-09-27,06:45,Flat,62,TSSC,Autumn,217.4,26.2,35.7,79.95,0.34,63.96,0.29,18.2,0.67
2025-09-27,07:00,Flat,62,TSSC,Autumn,258.6,26.7,37.2,79.46,0.41,63.57,0.34,21.6,0.67
2025-09-27,07:15,Flat,62,TSSC,Autumn,313.4,27.4,39.2,78.82,0.49,63.06,0.41,26.0,0.67
2025-09-27,07:30,Flat,62,TSSC,Autumn,368.1,28.0,41.2,78.19,0.58,62.55,0.49,30.4,0.67
2025-09-27,07:45,Flat,62,TSSC,Autumn,422.9,28.7,43.3,77.55,0.67,62.04,0.56,34.7,0.67
2025-09-27,08:00,Flat,62,TSSC,Autumn,477.8,29.3,45.3,76.91,0.76,61.53,0.63,38.9,0.67
2025-09-27,08:15,Flat,62,TSSC,Autumn,519.2,29.9,46.9,76.4,0.82,61.12,0.69,42.1,0.67
2025-09-27,08:30,Flat,62,TSSC,Autumn,560.7,30.5,48.5,75.89,0.89,60.71,0.74,45.2,0.67
2025-09-27,08:45,Flat,62,TSSC,Autumn,602.2,31.0,50.1,75.38,0.96,60.31,0.8,48.3,0.67
2025-09-27,09:00,Flat,62,TSSC,Autumn,643.7,31.6,51.7,74.88,1.02,59.9,0.86,51.4,0.67
2025-09-27,09:15,Flat,62,TSSC,Autumn,651.5,32.0,52.3,74.68,1.04,59.74,0.87,51.9,0.67
2025-09-27,09:30,Flat,62,TSSC,Autumn,659.4,32.5,53.0,74.47,1.05,59.58,0.88,52.4,0.67
2025-09-27,09:45,Flat,62,TSSC,Autumn,667.2,32.9,53.6,74.27,1.06,59.42,0.89,52.9,0.67
2025-09-27,10:00,Flat,62,TSSC,Autumn,675.0,33.4,54.2,74.07,1.08,59.26,0.9,53.4,0.67
2025-09-27,10:15,Flat,62,TSSC,Autumn,647.7,33.6,53.8,74.2,1.03,59.36,0.86,51.3,0.67
2025-09-27,10:30,Flat,62,TSSC,Autumn,620.5,33.9,53.4,74.32,0.99,59.46,0.83,49.2,0.67
2025-09-27,10:45,Flat,62,TSSC,Autumn,593.2,34.2,53.1,74.44,0.95,59.56,0.79,47.1,0.67
2025-09-27,11:00,Flat,62,TSSC,Autumn,565.9,34.5,52.7,74.57,0.9,59.65,0.75,45.0,0.67
2025-09-27,11:15,Flat,62,TSSC,Autumn,580.6,34.7,53.2,74.41,0.93,59.53,0.77,46.1,0.67
2025-09-27,11:30,Flat,62,TSSC,Autumn,595.2,34.8,53.7,74.25,0.95,59.4,0.79,47.2,0.67
2025-09-27,11:45,Flat,62,TSSC,Autumn,609.9,34.9,54.2,74.1,0.97,59.28,0.81,48.3,0.67
2025-09-27,12:00,Flat,62,TSSC,Autumn,624.5,35.0,54.7,73.94,1.0,59.15,0.83,49.4,0.67
2025-09-27,12:15,Flat,62,TSSC,Autumn,582.4,35.0,53.6,74.28,0.93,59.42,0.78,46.2,0.67
2025-09-27,12:30,Flat,62,TSSC,Autumn,540.3,35.0,52.5,74.61,0.86,59.69,0.72,43.0,0.67
2025-09-27,12:45,Flat,62,TSSC,Autumn,498.2,35.0,51.5,74.95,0.79,59.96,0.66,39.8,0.67
2025-09-27,13:00,Flat,62,TSSC,Autumn,456.1,35.0,50.4,75.29,0.72,60.23,0.61,36.6,0.67
2025-09-27,13:15,Flat,62,TSSC,Autumn,437.3,34.8,49.7,75.49,0.69,60.39,0.58,35.1,0.67
2025-09-27,13:30,Flat,62,TSSC,Autumn,418.4,34.6,49.1,75.7,0.66,60.56,0.56,33.7,0.67
2025-09-27,13:45,Flat,62,TSSC,Autumn,399.6,34.5,48.4,75.91,0.63,60.72,0.53,32.2,0.67
2025-09-27,14:00,Flat,62,TSSC,Autumn,380.8,34.3,47.8,76.11,0.6,60.89,0.51,30.8,0.67
2025-09-27,14:15,Flat,62,TSSC,Autumn,348.9,33.9,46.7,76.47,0.55,61.18,0.46,28.3,0.67
2025-09-27,14:30,Flat,62,TSSC,Autumn,316.9,33.6,45.5,76.83,0.5,61.46,0.42,25.8,0.67
2025-09-27,14:45,Flat,62,TSSC,Autumn,285.0,33.3,44.4,77.18,0.45,61.75,0.38,23.3,0.67
2025-09-27,15:00,Flat,62,TSSC,Autumn,253.0,33.0,43.3,77.54,0.4,62.03,0.33,20.7,0.67
2025-09-27,15:15,Flat,62,TSSC,Autumn,217.8,32.5,42.0,77.95,0.34,62.36,0.29,17.9,0.67
2025-09-27,15:30,Flat,62,TSSC,Autumn,182.6,32.1,40.7,78.36,0.29,62.69,0.24,15.1,0.67
2025-09-27,15:45,Flat,62,TSSC,Autumn,147.4,31.7,39.4,78.78,0.23,63.02,0.19,12.2,0.67
2025-09-27,16:00,Flat,62,TSSC,Autumn,112.2,31.3,38.1,79.19,0.18,63.35,0.15,9.4,0.67
2025-09-27,16:15,Flat,62,TSSC,Autumn,87.5,30.7,36.9,79.55,0.14,63.64,0.11,7.3,0.67
2025-09-27,16:30,Flat,62,TSSC,Autumn,62.7,30.2,35.8,79.91,0.1,63.93,0.08,5.3,0.67
2025-09-27,16:45,Flat,62,TSSC,Autumn,37.9,29.7,34.6,80.27,0.06,64.22,0.05,3.2,0.67
2025-09-27,17:00,Flat,62,TSSC,Autumn,13.2,29.2,33.5,80.64,0.02,64.51,0.02,1.1,0.67
2025-09-27,17:15,Flat,62,TSSC,Autumn,9.9,28.8,33.0,80.78,0.02,64.63,0.01,0.8,0.67
2025-09-27,17:30,Flat,62,TSSC,Autumn,6.6,28.4,32.6,80.93,0.01,64.75,0.01,0.6,0.67
2025-09-28,05:15,Flat,62,TSSC,Autumn,24.2,24.0,28.6,82.19,0.04,65.75,0.03,2.1,0.67
2025-09-28,05:30,Flat,62,TSSC,Autumn,45.1,24.2,29.4,81.94,0.07,65.56,0.06,3.9,0.67
2025-09-28,05:45,Flat,62,TSSC,Autumn,66.1,24.5,30.1,81.7,0.1,65.36,0.09,5.6,0.67
2025-09-28,06:00,Flat,62,TSSC,Autumn,87.0,24.7,30.9,81.46,0.14,65.17,0.11,7.4,0.67
2025-09-28,06:15,Flat,62,TSSC,Autumn,130.6,25.2,32.4,80.98,0.2,64.78,0.17,11.1,0.67
2025-09-28,06:30,Flat,62,TSSC,Autumn,174.1,25.6,34.0,80.49,0.27,64.39,0.23,14.7,0.67
2025-09-28,06:45,Flat,62,TSSC,Autumn,217.6,26.1,35.5,80.0,0.34,64.0,0.29,18.3,0.67
2025-09-28,07:00,Flat,62,TSSC,Autumn,261.2,26.5,37.0,79.52,0.41,63.62,0.34,21.8,0.67
2025-09-28,07:15,Flat,62,TSSC,Autumn,303.8,27.1,38.7,78.99,0.48,63.19,0.4,25.3,0.67
2025-09-28,07:30,Flat,62,TSSC,Autumn,346.5,27.7,40.4,78.46,0.55,62.77,0.46,28.7,0.67
2025-09-28,07:45,Flat,62,TSSC,Autumn,389.2,28.3,42.0,77.93,0.61,62.35,0.51,32.0,0.67
2025-09-28,08:00,Flat,62,TSSC,Autumn,431.8,28.9,43.7,77.4,0.68,61.92,0.57,35.4,0.67
2025-09-28,08:15,Flat,62,TSSC,Autumn,444.5,29.4,44.5,77.16,0.7,61.73,0.59,36.3,0.67
2025-09-28,08:30,Flat,62,TSSC,Autumn,457.1,29.8,45.2,76.92,0.72,61.54,0.61,37.2,0.67
2025-09-28,08:45,Flat,62,TSSC,Autumn,469.7,30.2,46.0,76.68,0.74,61.35,0.62,38.2,0.67
2025-09-28,09:00,Flat,62,TSSC,Autumn,482.3,30.7,46.7,76.44,0.76,61.16,0.64,39.1,0.67
2025-09-28,09:15,Flat,62,TSSC,Autumn,487.5,30.9,47.1,76.32,0.77,61.05,0.65,39.5,0.67
2025-09-28,09:30,Flat,62,TSSC,Autumn,492.7,31.2,47.5,76.19,0.78,60.95,0.65,39.9,0.67
2025-09-28,09:45,Flat,62,TSSC,Autumn,497.9,31.5,47.9,76.06,0.79,60.85,0.66,40.2,0.67
2025-09-28,10:00,Flat,62,TSSC,Autumn,503.1,31.8,48.3,75.94,0.8,60.75,0.67,40.6,0.67
2025-09-28,10:15,Flat,62,TSSC,Autumn,531.0,32.0,49.2,75.65,0.84,60.52,0.71,42.7,0.67
2025-09-28,10:30,Flat,62,TSSC,Autumn,558.9,32.2,50.1,75.37,0.89,60.29,0.74,44.8,0.67
2025-09-28,10:45,Flat,62,TSSC,Autumn,586.8,32.4,51.0,75.08,0.93,60.06,0.78,46.9,0.67
2025-09-28,11:00,Flat,62,TSSC,Autumn,614.7,32.6,51.9,74.8,0.98,59.84,0.82,49.0,0.67
2025-09-28,11:15,Flat,62,TSSC,Autumn,604.2,32.7,51.8,74.85,0.96,59.88,0.81,48.2,0.67
2025-09-28,11:30,Flat,62,TSSC,Autumn,593.7,32.8,51.6,74.9,0.94,59.92,0.79,47.4,0.67
2025-09-28,11:45,Flat,62,TSSC,Autumn,583.2,32.9,51.5,74.95,0.93,59.96,0.78,46.6,0.67
2025-09-28,12:00,Flat,62,TSSC,Autumn,572.8,33.0,51.3,75.0,0.91,60.0,0.76,45.8,0.67
2025-09-28,12:15,Flat,62,TSSC,Autumn,572.0,33.0,51.3,75.01,0.91,60.01,0.76,45.7,0.67
2025-09-28,12:30,Flat,62,TSSC,Autumn,571.2,32.9,51.2,75.02,0.91,60.02,0.76,45.7,0.67
2025-09-28,12:45,Flat,62,TSSC,Autumn,570.4,32.9,51.2,75.04,0.91,60.03,0.76,45.6,0.67
2025-09-28,13:00,Flat,62,TSSC,Autumn,569.6,32.9,51.1,75.05,0.91,60.04,0.76,45.6,0.67
2025-09-28,13:15,Flat,62,TSSC,Autumn,543.3,32.8,50.3,75.3,0.86,60.24,0.72,43.6,0.67
2025-09-28,13:30,Flat,62,TSSC,Autumn,517.0,32.6,49.5,75.56,0.82,60.45,0.69,41.6,0.67
2025-09-28,13:45,Flat,62,TSSC,Autumn,490.7,32.5,48.7,75.81,0.78,60.65,0.65,39.5,0.67
2025-09-28,14:00,Flat,62,TSSC,Autumn,464.4,32.3,47.9,76.07,0.74,60.85,0.62,37.5,0.67
2025-09-28,14:15,Flat,62,TSSC,Autumn,424.6,32.1,46.7,76.46,0.67,61.17,0.56,34.4,0.67
2025-09-28,14:30,Flat,62,TSSC,Autumn,384.9,31.8,45.4,76.86,0.61,61.49,0.51,31.3,0.67
2025-09-28,14:45,Flat,62,TSSC,Autumn,345.2,31.6,44.2,77.25,0.55,61.8,0.46,28.2,0.67
2025-09-28,15:00,Flat,62,TSSC,Autumn,305.5,31.3,42.9,77.64,0.48,62.12,0.4,25.1,0.67
2025-09-28,15:15,Flat,62,TSSC,Autumn,260.1,31.0,41.5,78.11,0.41,62.49,0.34,21.4,0.67
2025-09-28,15:30,Flat,62,TSSC,Autumn,214.7,30.7,40.0,78.57,0.34,62.86,0.28,17.8,0.67
2025-09-28,15:45,Flat,62,TSSC,Autumn,169.3,30.3,38.6,79.03,0.27,63.23,0.22,14.1,0.67
2025-09-28,16:00,Flat,62,TSSC,Autumn,123.9,30.0,37.1,79.5,0.19,63.6,0.16,10.4,0.67
2025-09-28,16:15,Flat,62,TSSC,Autumn,96.4,29.6,36.0,79.86,0.15,63.88,0.13,8.1,0.67
2025-09-28,16:30,Flat,62,TSSC,Autumn,69.0,29.1,34.8,80.21,0.11,64.17,0.09,5.8,0.67
2025-09-28,16:45,Flat,62,TSSC,Autumn,41.5,28.7,33.7,80.57,0.06,64.46,0.05,3.5,0.67
2025-09-28,17:00,Flat,62,TSSC,Autumn,14.0,28.2,32.6,80.93,0.02,64.74,0.02,1.2,0.67
2025-09-28,17:15,Flat,62,TSSC,Autumn,10.5,27.9,32.2,81.05,0.02,64.84,0.01,0.9,0.67
2025-09-28,17:30,Flat,62,TSSC,Autumn,7.0,27.6,31.8,81.17,0.01,64.94,0.01,0.6,0.67
2025-09-29,05:15,Flat,62,TSSC,Autumn,18.7,24.5,29.0,82.07,0.03,65.66,0.02,1.6,0.67
2025-09-29,05:30,Flat,62,TSSC,Autumn,35.0,24.7,29.6,81.88,0.05,65.5,0.05,3.0,0.67
2025-09-29,05:45,Flat,62,TSSC,Autumn,51.2,24.9,30.2,81.68,0.08,65.34,0.07,4.4,0.67
2025-09-29,06:00,Flat,62,TSSC,Autumn,67.4,25.1,30.8,81.48,0.11,65.18,0.09,5.7,0.67
2025-09-29,06:15,Flat,62,TSSC,Autumn,100.7,25.6,32.2,81.06,0.16,64.85,0.13,8.5,0.67
2025-09-29,06:30,Flat,62,TSSC,Autumn,134.1,26.1,33.5,80.64,0.21,64.52,0.18,11.3,0.67
2025-09-29,06:45,Flat,62,TSSC,Autumn,167.4,26.6,34.8,80.23,0.26,64.18,0.22,14.1,0.67
2025-09-29,07:00,Flat,62,TSSC,Autumn,200.8,27.1,36.1,79.81,0.31,63.85,0.26,16.8,0.67
2025-09-29,07:15,Flat,62,TSSC,Autumn,243.7,27.7,37.8,79.28,0.38,63.42,0.32,20.3,0.67
2025-09-29,07:30,Flat,62,TSSC,Autumn,286.7,28.3,39.5,78.75,0.45,63.0,0.38,23.8,0.67
2025-09-29,07:45,Flat,62,TSSC,Autumn,329.7,28.9,41.1,78.22,0.52,62.58,0.43,27.2,0.67
2025-09-29,08:00,Flat,62,TSSC,Autumn,372.6,29.5,42.8,77.7,0.59,62.16,0.49,30.6,0.67
2025-09-29,08:15,Flat,62,TSSC,Autumn,426.1,29.9,44.6,77.13,0.67,61.7,0.56,34.8,0.67
2025-09-29,08:30,Flat,62,TSSC,Autumn,479.6,30.4,46.4,76.56,0.76,61.25,0.64,38.9,0.67
2025-09-29,08:45,Flat,62,TSSC,Autumn,533.1,30.9,48.2,75.99,0.85,60.79,0.71,43.0,0.67
2025-09-29,09:00,Flat,62,TSSC,Autumn,586.6,31.3,50.0,75.42,0.93,60.33,0.78,47.1,0.67
2025-09-29,09:15,Flat,62,TSSC,Autumn,617.9,31.7,51.1,75.06,0.98,60.04,0.82,49.4,0.67
2025-09-29,09:30,Flat,62,TSSC,Autumn,649.3,32.0,52.3,74.69,1.03,59.76,0.87,51.7,0.67
2025-09-29,09:45,Flat,62,TSSC,Autumn,680.6,32.4,53.4,74.33,1.08,59.47,0.91,54.0,0.67
2025-09-29,10:00,Flat,62,TSSC,Autumn,712.0,32.8,54.5,73.97,1.14,59.18,0.95,56.3,0.67
2025-09-29,10:15,Flat,62,TSSC,Autumn,721.4,33.0,55.0,73.82,1.15,59.06,0.96,57.0,0.67
2025-09-29,10:30,Flat,62,TSSC,Autumn,730.8,33.2,55.5,73.67,1.17,58.93,0.98,57.6,0.67
2025-09-29,10:45,Flat,62,TSSC,Autumn,740.2,33.5,56.0,73.52,1.18,58.81,0.99,58.3,0.67
2025-09-29,11:00,Flat,62,TSSC,Autumn,749.6,33.7,56.5,73.37,1.2,58.69,1.0,58.9,0.67
2025-09-29,11:15,Flat,62,TSSC,Autumn,718.1,33.8,55.8,73.59,1.15,58.87,0.96,56.6,0.67
2025-09-29,11:30,Flat,62,TSSC,Autumn,686.5,33.9,55.1,73.81,1.1,59.05,0.92,54.2,0.67
2025-09-29,11:45,Flat,62,TSSC,Autumn,655.0,34.0,54.4,74.03,1.04,59.23,0.88,51.8,0.67
2025-09-29,12:00,Flat,62,TSSC,Autumn,623.4,34.1,53.7,74.25,0.99,59.4,0.83,49.4,0.67
2025-09-29,12:15,Flat,62,TSSC,Autumn,609.0,34.1,53.3,74.37,0.97,59.5,0.81,48.4,0.67
2025-09-29,12:30,Flat,62,TSSC,Autumn,594.6,34.0,52.9,74.49,0.95,59.59,0.79,47.3,0.67
2025-09-29,12:45,Flat,62,TSSC,Autumn,580.2,34.0,52.5,74.61,0.92,59.68,0.77,46.2,0.67
2025-09-29,13:00,Flat,62,TSSC,Autumn,565.8,34.0,52.2,74.72,0.9,59.78,0.75,45.1,0.67
2025-09-29,13:15,Flat,62,TSSC,Autumn,547.6,33.9,51.6,74.91,0.87,59.93,0.73,43.7,0.67
2025-09-29,13:30,Flat,62,TSSC,Autumn,529.3,33.8,51.0,75.09,0.84,60.07,0.7,42.3,0.67
2025-09-29,13:45,Flat,62,TSSC,Autumn,511.1,33.7,50.4,75.27,0.81,60.22,0.68,41.0,0.67
2025-09-29,14:00,Flat,62,TSSC,Autumn,492.8,33.5,49.9,75.46,0.78,60.36,0.66,39.6,0.67
2025-09-29,14:15,Flat,62,TSSC,Autumn,444.9,33.3,48.5,75.9,0.71,60.72,0.59,35.9,0.67
2025-09-29,14:30,Flat,62,TSSC,Autumn,396.9,33.1,47.1,76.34,0.63,61.07,0.53,32.2,0.67
2025-09-29,14:45,Flat,62,TSSC,Autumn,348.9,32.9,45.7,76.79,0.55,61.43,0.46,28.4,0.67
2025-09-29,15:00,Flat,62,TSSC,Autumn,300.9,32.7,44.3,77.23,0.48,61.78,0.4,24.6,0.67
2025-09-29,15:15,Flat,62,TSSC,Autumn,258.2,32.5,42.9,77.65,0.41,62.12,0.34,21.2,0.67
2025-09-29,15:30,Flat,62,TSSC,Autumn,215.5,32.2,41.6,78.08,0.34,62.46,0.28,17.8,0.67
2025-09-29,15:45,Flat,62,TSSC,Autumn,172.7,31.9,40.2,78.5,0.27,62.8,0.23,14.3,0.67
2025-09-29,16:00,Flat,62,TSSC,Autumn,130.0,31.6,38.9,78.93,0.2,63.14,0.17,10.8,0.67
2025-09-29,16:15,Flat,62,TSSC,Autumn,101.1,31.2,37.7,79.31,0.16,63.45,0.13,8.4,0.67
2025-09-29,16:30,Flat,62,TSSC,Autumn,72.3,30.7,36.5,79.7,0.11,63.76,0.09,6.1,0.67
2025-09-29,16:45,Flat,62,TSSC,Autumn,43.5,30.2,35.3,80.08,0.07,64.07,0.06,3.7,0.67
2025-09-29,17:00,Flat,62,TSSC,Autumn,14.7,29.7,34.0,80.47,0.02,64.37,0.02,1.2,0.67
2025-09-29,17:15,Flat,62,TSSC,Autumn,11.0,29.3,33.6,80.6,0.02,64.48,0.01,0.9,0.67
2025-09-29,17:30,Flat,62,TSSC,Autumn,7.3,29.0,33.2,80.74,0.01,64.59,0.01,0.6,0.67
